carrier_id,carrier_name,carrier_type,average_rating,fleet_size,years_of_service,headquarters
cedba817-bbfa-4736-96d3-6588736ea61d,Maersk 1,Air,4.08,1635,19,Netherlands
d51fc65d-d904-429b-ad01-c4389fb57abc,Maersk 2,Sea,4.72,448,28,Singapore
46c573c6-02da-43eb-b821-734e57e0e6f2,FedEx 3,Air,3.88,3921,10,Germany
a41fe4fa-d110-4753-9e72-9030704f7d43,Kuehne Nagel 4,Road,4.88,3017,3,United States
183d0c1f-f482-4942-b5db-279610bd5be3,DB Schenker 5,Rail,3.89,2059,23,Japan
1fbbce56-0adc-4d2a-823c-4a3e8ed0230a,CMA CGM 6,Sea,3.13,4125,20,United States
f653e461-6afa-46de-b002-587e2f1a4aa5,Emirates SkyCargo 7,Rail,4.48,1132,37,UAE
99174ec4-cedb-4d45-beb8-cdbfc79fa9f4,Maersk 8,Sea,3.48,1076,12,Japan
ffaa50f2-9f27-4bda-b383-2454ae193cc3,DB Schenker 9,Sea,4.48,650,9,South Korea
e32ef0cd-98c5-424c-a963-81a0d3ce8bc2,Emirates SkyCargo 10,Sea,4.17,1338,30,United States
dd4af99f-2fa1-4811-b52f-b7c6efdbf5ad,CMA CGM 11,Road,4.02,2225,10,India
ac190559-b261-489d-9f2d-d49523ab42c3,Blue Dart 12,Road,4.38,3089,8,India
436aaf2c-7146-4ce5-a2df-9d853d6315a6,Hapag-Lloyd 13,Sea,3.97,4144,24,United States
cea57dae-223b-4529-8105-a75038d99ee8,FedEx 14,Sea,3.88,2124,24,Germany
2fc838f8-ebc0-4648-a111-b23bb12d90b4,MSC 15,Air,3.55,1577,26,China
09457fe9-147a-4e5c-8af0-3068218a84eb,DP World Logistics 16,Sea,4.79,3855,14,China
588f651e-da02-4c9c-b1d5-7f7727e38925,Hapag-Lloyd 17,Air,3.13,1221,15,China
dd42b96e-e452-4664-9d09-60843dbf9dd1,Kuehne Nagel 18,Sea,4.4,2821,22,Germany
f7c1c72f-99da-4efb-a375-3a6e50509d8c,DHL 19,Road,4.55,762,24,India
c7122cde-d4a8-486c-9846-a5d14acde1e5,DHL 20,Sea,4.09,236,12,UAE
cdec912c-8e5e-4dd6-9654-ccee8c2fd4b3,Blue Dart 21,Sea,4.62,2411,13,China
281b7868-82d9-47b8-9b24-6f216583361c,Maersk 22,Sea,4.78,837,15,United States
576d54ad-707b-44d6-a400-0069658be197,FedEx 23,Road,3.69,813,6,Germany
c2becd38-fc1a-4d5d-adab-25fab286c098,Hapag-Lloyd 24,Air,4.18,1316,19,South Korea
f38c2a4d-ec76-4b66-a637-3de44aabf7b1,Maersk 25,Sea,3.57,2210,20,Germany
2d7d6c1f-fbe0-4602-9ea1-9aacd4559932,DHL 26,Sea,3.27,4033,36,United States
45b63db3-f315-4de3-bf8d-3dc7dbe65402,FedEx 27,Sea,3.24,3777,24,Germany
7fd92d1e-4a2f-4505-9bf2-728e6586406a,DB Schenker 28,Sea,3.43,1554,9,Singapore
9905b4ee-a999-4362-b648-a6432f908d4e,Allcargo Express 29,Air,3.58,742,9,United States
1d9ea0ab-2b22-4453-8a3a-ae8e6bc413d0,Allcargo Express 30,Rail,3.69,2549,28,Japan
d54f1cfd-5e51-4fd1-ba8b-e244f8e5bd1e,MSC 31,Sea,3.8,3735,29,United States
8e397fbb-1db9-460a-9011-55fcc4961174,CMA CGM 32,Rail,4.37,3355,29,United States
a6fee5cc-9a5b-49b6-8d1a-e4f5eadba5bd,DHL 33,Rail,4.65,3708,36,India
310a9526-a3c6-4a96-a4d7-f4fbe2231d68,Emirates SkyCargo 34,Air,3.61,1488,30,South Korea
b81b40bd-eca8-451b-8cb2-ba718e7323df,Kuehne Nagel 35,Sea,4.39,2202,28,China
7b22389f-a34b-4358-adff-cd3baca6815f,Maersk 36,Road,4.49,862,5,Japan
283c7d34-bd8d-4240-8a0b-dfd2bc4531fa,FedEx 37,Road,4.75,2587,8,UAE
a3adc6c8-7ccf-448d-8504-a1f9eefcb14f,DB Schenker 38,Sea,3.29,408,15,India
e3c3699f-7f1f-48ab-8643-c6cc1a6ecb9b,Emirates SkyCargo 39,Sea,3.88,454,37,Singapore
827e3ade-dc69-4173-a9f0-80c7da890981,DP World Logistics 40,Sea,4.53,1340,30,United Kingdom
e3b60b40-ec7f-4663-bc74-41ad8203284e,Kuehne Nagel 41,Sea,4.55,2357,9,South Korea
97d261ac-b658-4ccb-a9ef-e2ab66ac7060,DB Schenker 42,Road,3.31,2292,32,UAE
b2fc5956-30bb-416a-b3e1-059214854688,Kuehne Nagel 43,Sea,3.39,1919,3,China
4128f913-b5cd-4444-b885-23b49798dda0,Kuehne Nagel 44,Sea,4.64,1486,30,China
d03a5c16-cc52-4a69-abe0-55bfddc27e67,MSC 45,Road,4.5,3289,30,Singapore
2552b925-fdad-4662-9c1d-14360c05ae64,FedEx 46,Sea,4.67,2011,10,UAE
33a13863-7efa-4e92-8f8e-2762fa12deed,FedEx 47,Road,3.31,462,26,Germany
d9b6f2cb-9232-4520-ab86-f3e109b74b23,CMA CGM 48,Air,3.81,205,16,India
a2bedee9-c446-48e6-a0aa-9162559620aa,DP World Logistics 49,Sea,4.51,116,37,India
9dad58ad-74f7-4f43-a195-56102aa17d5f,FedEx 50,Air,3.32,495,37,Netherlands
2caec3a5-1b1b-4f22-bd8a-abdd08c58bc4,DHL 51,Sea,3.98,3011,31,South Korea
dddf7755-6105-4d1e-b86f-75a766ff582a,Blue Dart 52,Rail,4.38,764,14,United States
4e8b4190-c818-4734-9e04-4ff4c95f1423,DP World Logistics 53,Road,3.6,2264,6,Singapore
60a9d1a8-6754-41a7-baf6-1d84b2a69c96,Blue Dart 54,Road,4.79,1722,12,United States
ba667d36-95a5-49cf-8686-9d8e864c55a8,Emirates SkyCargo 55,Sea,4.02,1574,18,Germany
dec64907-f49a-4cc6-8ea6-abc4d602b1ef,FedEx 56,Rail,4.55,2462,30,United Kingdom
f23db8e7-88d5-468c-81d9-ffca0c267e30,DP World Logistics 57,Sea,4.35,1363,14,Germany
8390df49-6b31-40f6-b42d-7e98f68d44d3,Maersk 58,Sea,3.19,1451,12,United Kingdom
96f800cd-bafd-45d6-b311-aa6f1fb75bc5,Maersk 59,Sea,3.57,3625,28,South Korea
ae59e535-34bb-4867-8c5d-ee4a7161d72a,Allcargo Express 60,Sea,4.22,3085,4,Netherlands
d05169a4-df20-453f-a218-c0fc6e2eab7b,Kuehne Nagel 61,Sea,4.12,3713,23,UAE
5883f652-0982-442e-9458-9294246b22cb,Emirates SkyCargo 62,Sea,3.61,2115,16,Germany
fbad1ee4-fc69-48d4-a9e5-ccf0c65f39e7,Emirates SkyCargo 63,Sea,3.1,2109,30,India
b70d4aa0-856b-4e88-82fe-44ba950ac53b,Maersk 64,Sea,4.57,3663,25,United States
1d946a69-b250-4655-b7f9-b5b59d3bf32b,MSC 65,Sea,4.87,1136,29,Germany
17ea2133-291c-43f1-a4b2-e5c041072fa6,CMA CGM 66,Sea,3.4,1158,10,United Kingdom
c6a1e273-9310-4bba-b993-8013a69c737d,FedEx 67,Air,4.74,55,19,Netherlands
75db2156-cc37-481d-939c-4d491717e162,FedEx 68,Air,4.51,3532,14,South Korea
ab27376e-6314-4c94-9710-37ddb462752a,DB Schenker 69,Road,3.13,438,25,UAE
37e2f60f-67aa-454a-a468-fafd661c1399,Emirates SkyCargo 70,Rail,4.73,1521,8,UAE
34cf2a38-6cf6-4100-969e-5bbd04372180,FedEx 71,Road,3.67,3684,10,United States
666b5f81-de31-4810-802e-5b7265cffc95,Maersk 72,Road,3.35,3855,8,China
5c3674ae-931f-4bf6-89ea-0ef9f8783fa3,CMA CGM 73,Sea,3.17,3783,33,Netherlands
85bc847a-bf82-4a46-9866-9d9cec570470,Hapag-Lloyd 74,Sea,3.63,1100,6,UAE
9e7d0ba2-11ee-41c3-af77-1d501f2383d3,Kuehne Nagel 75,Road,4.82,2303,32,Netherlands
11aef38f-e488-4b07-9762-0dc3865db352,DP World Logistics 76,Road,4.4,344,28,United States
93cd36d2-fab6-4892-ae60-4cea2bf577f6,Emirates SkyCargo 77,Air,4.84,253,29,South Korea
4ef3b3b1-eec7-4246-b1ea-41bd0934b82c,Hapag-Lloyd 78,Air,4.84,3103,14,South Korea
3e594a3e-7aa5-4459-bbc5-ebf8255191b9,DB Schenker 79,Sea,4.17,3485,33,Germany
4a26fed7-f769-4152-8ee2-152fafca3f86,DB Schenker 80,Road,3.74,165,24,Germany
5a00d64b-4276-4cef-b524-314c997c8a4e,DB Schenker 81,Air,3.2,2089,35,South Korea
0d704bf5-c9aa-4a74-92a8-e645a8efa271,MSC 82,Sea,3.42,378,6,Singapore
0050fc32-84b6-4841-b64d-6c3ec65e6d38,Blue Dart 83,Road,3.64,1577,24,Netherlands
8d6b5d1a-8f1f-4a49-b69b-33b66e1580f2,Hapag-Lloyd 84,Rail,3.78,764,6,Germany
6ccc85de-0137-42ab-a6b4-80d047c37bf6,Blue Dart 85,Road,4.47,3898,25,UAE
e517e27b-4f9f-4f95-8926-f7e6effe1f3f,Maersk 86,Air,4.74,3343,20,China
5a5c8692-432d-4679-8e07-a6d65640bc73,FedEx 87,Air,4.06,2411,35,South Korea
b2b04e4f-fcf9-42a6-a0c8-58fa0a00f454,Hapag-Lloyd 88,Road,3.39,1621,27,South Korea
0ef2a0d3-cc50-48f9-a6f7-61bc75d4910e,DP World Logistics 89,Sea,4.06,2086,9,United States
785a76fc-3979-4629-ae0e-685a269b5065,CMA CGM 90,Road,3.17,2991,27,South Korea
f1b6bc0e-0d54-4bf5-b5cc-cc871d5d8745,DP World Logistics 91,Air,4.84,2689,5,Japan
fb0d3fba-8851-42ee-b43e-64563bfbdb4e,Hapag-Lloyd 92,Road,3.33,4103,4,Singapore
26768ae9-66dd-4d27-96a6-1a04f219b4e1,FedEx 93,Road,4.07,2924,33,Germany
d4ea7e90-a061-4ef9-8118-f2aac181148a,Allcargo Express 94,Road,3.99,3569,9,Singapore
c7c0f774-dd86-43e9-9b8e-1d19f253016c,Kuehne Nagel 95,Road,3.63,2152,38,Netherlands
02bae24f-6a30-46cb-bda1-a410293ea830,DHL 96,Air,3.75,717,12,United Kingdom
9059ba55-674f-40ce-86c2-6ea04a1969b2,CMA CGM 97,Air,4.69,3035,25,United States
42b1cb44-f844-4a7b-9020-92c8743a307f,Allcargo Express 98,Rail,3.75,3785,27,Germany
1637058b-0d8c-416b-8c17-5c7eac544bbb,Allcargo Express 99,Air,4.03,1966,28,China
ee30b9ff-a3ef-4a0d-ad75-7d99faa8f156,Emirates SkyCargo 100,Sea,3.11,2636,9,United States
7cfefd12-41f6-449c-b0f8-c93c6db23d9e,DB Schenker 101,Air,3.11,1672,31,United Kingdom
5a0ac6af-ddd3-49cd-9e0c-d497f47d0a5b,MSC 102,Road,3.35,367,33,Japan
7dae2089-152e-4bd5-905d-995c4ce65d09,DHL 103,Rail,3.87,2872,11,India
d902ea57-03eb-47b7-b367-5229df52886c,DB Schenker 104,Sea,3.32,816,28,China
ee8c8ab3-86d7-4ac5-bd52-3605c76ccfde,Maersk 105,Air,4.3,487,17,United Kingdom
3a248cfc-0c36-44e2-8662-159451cf84cb,Maersk 106,Road,4.66,3489,16,Singapore
74520192-6735-4b47-982a-35fc7fa29bdd,Maersk 107,Road,3.88,3020,14,South Korea
5ce29e15-2573-4aac-8596-20c06b8e6a91,DP World Logistics 108,Sea,3.19,1169,11,Germany
9b911731-b5ce-4e3c-af5e-37d5c2acc102,MSC 109,Air,3.45,2362,6,United Kingdom
830d0bc0-3303-4413-8d1f-44ffcbd72938,Emirates SkyCargo 110,Road,3.17,3840,20,United Kingdom
a0f5ae14-c572-479a-ac5a-2976b306c770,Maersk 111,Sea,3.66,3961,22,South Korea
8ad0658c-3064-47b5-ad86-850c56a5db28,Allcargo Express 112,Sea,3.64,2334,12,Netherlands
d1f2231d-c16f-42d9-a2f3-122d0c4c236d,DP World Logistics 113,Road,4.37,540,32,South Korea
85c1c9fd-7748-4358-977a-a393bc75edd7,Hapag-Lloyd 114,Air,3.11,3742,30,UAE
6e5a8b32-f8a1-4f7e-bf74-83da542d6a8f,Maersk 115,Sea,4.2,1582,38,UAE
8de737b0-2a64-408b-af59-6339f4db9eb3,Allcargo Express 116,Road,3.49,1613,16,Germany
edcd3820-52d4-4697-944d-a06e66def40b,DP World Logistics 117,Rail,4.67,1986,25,China
7251be46-12ed-4363-9c0f-163eab2f6a95,Maersk 118,Sea,3.33,163,10,India
b5e8111b-12eb-4bd9-9eb1-04d2604fa093,Hapag-Lloyd 119,Rail,4.3,625,5,China
553fbd87-274f-4df3-a3f1-acaf4ce5642f,DP World Logistics 120,Road,3.86,3485,23,Netherlands
4b33433f-c0d2-476b-9dda-a00e716229f4,DB Schenker 121,Road,3.29,2058,6,United Kingdom
794a37af-67b3-4466-8c01-30701152860b,Maersk 122,Rail,3.61,3714,37,Netherlands
490cb96e-7dd5-478e-9174-f24c02c4dc8d,Maersk 123,Road,4.12,3973,3,UAE
e374f9c9-8a7c-4f3d-b064-ea6a5036fe6e,DB Schenker 124,Road,3.34,3274,18,Singapore
ae90cfa4-0824-4947-97db-31dbad400f17,Emirates SkyCargo 125,Road,4.61,3807,29,United Kingdom
28ceba12-ba55-4d4e-b657-15e3b752d493,Emirates SkyCargo 126,Air,4.08,3152,28,Japan
de377bf8-bcf8-4d3b-92ae-e09b6d713dc1,Blue Dart 127,Sea,4.49,1793,29,UAE
84d1b4e9-9c4c-4340-8f10-00443070542d,DB Schenker 128,Air,4.02,3964,6,India
bcf41679-6894-4a13-9c01-d7d193caf341,Hapag-Lloyd 129,Sea,3.26,1142,36,United States
c9a735df-8ba5-4046-987e-6dbd9fecc259,Blue Dart 130,Sea,3.53,1468,18,Singapore
3f6e31e7-01f7-4744-8f51-f08072ed7abb,MSC 131,Road,4.0,967,7,Japan
59a1af58-0fca-493b-b732-252eeb662c12,DP World Logistics 132,Rail,4.68,1720,32,Singapore
10ea5830-ca52-45f3-a307-5aa06a9b34c7,Maersk 133,Road,4.64,2067,23,China
170ae1e2-f2bc-4433-96d7-7e3f224cf9c4,DP World Logistics 134,Sea,4.47,47,9,United Kingdom
9c503c64-433f-4c1b-88a4-17f3731c5abc,DB Schenker 135,Road,3.29,2448,27,United Kingdom
6b3988ff-e9fe-484d-b093-2c7d9111653a,DB Schenker 136,Sea,3.28,2723,26,China
a6785649-319a-422c-ad09-ccaeef43277f,Maersk 137,Road,3.58,2309,19,Japan
0f97a90c-e870-48f9-b927-27e2872acb52,DHL 138,Air,4.8,367,19,UAE
d0b02d8c-8c98-494c-9dc5-962f9e0d68d8,Maersk 139,Sea,3.15,2163,12,United States
c29d3e57-84fc-452c-87cf-c317267650d2,DP World Logistics 140,Road,3.67,1260,11,UAE
10eb2967-aee1-48d8-8614-dd7a514de567,Allcargo Express 141,Sea,4.23,1774,30,Netherlands
c40ef00f-b2e4-45ec-9e73-a70e228cc6df,Blue Dart 142,Air,3.24,2076,37,Singapore
f5e4771e-f510-4faf-900d-f789fde3272d,Allcargo Express 143,Sea,3.21,522,29,United Kingdom
b8a8b604-9f4c-4057-bbe7-22e5f58876ff,Blue Dart 144,Air,4.04,1679,26,Japan
36e75f7e-a863-4119-af0a-17f7f537e663,FedEx 145,Road,3.93,3739,26,UAE
c7d69234-a6e2-42df-b8b5-aedbb05967ae,CMA CGM 146,Road,4.19,2695,37,South Korea
39d147aa-0a66-4a47-9c81-4e3fc065b68b,MSC 147,Sea,3.37,159,10,Germany
d9b3e864-0894-4ef5-af83-4dd1e63010c7,MSC 148,Sea,3.12,3457,29,Netherlands
7fa9d391-970b-430e-af2e-e1b9031e9563,MSC 149,Road,3.7,3498,32,Netherlands
b9f8a8c0-50e2-4d8f-b11b-98fd93e42767,Hapag-Lloyd 150,Road,4.1,3750,26,Netherlands
7a03bd2e-4fa1-4243-8653-c8252b3b84b6,CMA CGM 151,Sea,3.3,434,19,Japan
5ba02bc7-b4d8-4a0f-b348-77234e1183a0,Emirates SkyCargo 152,Road,4.73,4005,11,South Korea
50c5ac4e-5e6f-4dd6-87a9-cc727f9afa43,DB Schenker 153,Air,3.83,2810,16,Netherlands
d04413b6-274d-4f9f-aa26-8a72e8ca9f87,DHL 154,Rail,3.22,3270,3,India
5a9eaf78-b9be-475d-8044-2d76256eebed,Allcargo Express 155,Sea,4.0,3159,12,United Kingdom
8f0093f7-8417-4321-a61f-eae9bef367cf,FedEx 156,Sea,3.56,1650,8,China
7c874ed7-bf9d-4dcd-8ee5-56d718d55e4b,MSC 157,Air,4.0,3452,22,Singapore
0ec81157-3df5-4966-962e-ca7ac528498b,Maersk 158,Rail,3.8,2597,4,Germany
245a55ce-8ad8-4f48-b26a-df3bcdb01d11,DP World Logistics 159,Sea,4.81,3874,4,South Korea
ea8f4df7-bbf9-4e48-9b5e-131f27e84a1d,MSC 160,Rail,4.23,4057,15,Singapore
3528e31f-d15f-4ffd-a22d-6c496ba7c710,DHL 161,Air,3.81,192,19,Germany
da247946-d847-46da-b685-b0b7d90ccc96,DB Schenker 162,Road,4.56,273,33,Japan
07929e4f-794b-43b2-a826-4bfc5deed1a5,Maersk 163,Road,3.32,1502,25,South Korea
be5290fb-8a81-4761-b9f8-285d1cd12289,Hapag-Lloyd 164,Sea,4.43,4126,23,Germany
b87670cd-53fa-4220-91c9-3afe158baab8,DP World Logistics 165,Sea,3.13,2283,26,United Kingdom
e729b70d-e55f-4b87-a219-131e6c8ad145,Kuehne Nagel 166,Rail,3.35,1527,6,Germany
213e072c-2ea4-4a8d-87c2-58b1961d402e,Allcargo Express 167,Air,4.87,3984,13,Singapore
c1639286-83ea-4d34-9f13-4fa10e561b7a,FedEx 168,Sea,4.07,2866,12,Germany
2449ad41-2778-415c-a693-2f5093086848,DHL 169,Rail,3.84,2842,24,South Korea
12117098-45d2-46ee-9f28-46d4cf9fb2dd,Allcargo Express 170,Sea,3.67,2059,38,United Kingdom
986d8ed8-16e2-460b-8530-c7a405e3479c,Maersk 171,Road,3.62,643,16,UAE
d72d0cf1-27dc-4b45-b55e-be71b6cca108,Allcargo Express 172,Air,4.22,339,35,Singapore
67a1dffe-59a6-4c60-80a9-967622b8b897,Hapag-Lloyd 173,Road,3.25,472,21,United States
376b9f3d-1e08-402d-8a7d-b418b8a533cf,Blue Dart 174,Sea,4.71,4185,28,UAE
023ce628-75f9-417e-943b-feff4345ae97,DP World Logistics 175,Sea,3.56,1417,32,UAE
045cddb5-ecde-4f4a-bc69-75d298445e1a,DB Schenker 176,Sea,4.25,1282,25,United States
151fe59e-ee14-417e-9231-2064c50a5189,Kuehne Nagel 177,Air,4.87,3164,37,Germany
ab3d5e9f-2968-4991-930c-99204eda8d4e,Hapag-Lloyd 178,Sea,3.2,2946,31,UAE
e00856a9-c163-40f1-b95d-f396ff9d62c4,DHL 179,Road,4.16,2072,34,Singapore
d80bd7af-200c-4be3-bcf4-59f2cbec57c4,Kuehne Nagel 180,Sea,3.37,1898,37,Germany
9b11888a-9431-4445-90aa-0bdaa43dd334,FedEx 181,Sea,3.9,3654,31,Germany
8b28f482-76ff-42f0-9f69-ede77e735000,CMA CGM 182,Sea,3.93,3349,38,China
21f182c3-2142-401f-b438-040b53dfcd5e,Maersk 183,Sea,4.01,1504,6,Germany
f798d41d-73ca-4a3f-aa43-30c160e32bb6,DB Schenker 184,Rail,4.19,3335,4,UAE
392d879b-e658-4157-a366-c549970e236a,FedEx 185,Sea,4.2,4143,16,Japan
28084f50-307b-45f5-b00d-3d014cd58b89,Blue Dart 186,Sea,3.87,687,38,Netherlands
6be47b0b-188c-4235-9487-4e5b18697c46,Maersk 187,Rail,4.52,1280,19,United States
37f825e8-3af7-4b96-a61a-170808d929db,Kuehne Nagel 188,Sea,4.81,1483,13,United Kingdom
28e44baa-0f03-4001-816f-d9babb9e6e14,FedEx 189,Sea,4.67,2816,36,China
2c7c9716-c14a-4f6b-8637-e48b754f8f1e,DP World Logistics 190,Rail,3.26,250,28,South Korea
09603831-28e7-4919-a5a2-e00de1d718d8,Kuehne Nagel 191,Air,4.62,2163,4,United States
4d997203-b9c8-40b3-8eba-27e57c3ee95a,Allcargo Express 192,Sea,4.87,4067,9,India
e094a6ec-8e7b-4770-9a6a-b6310988e28d,Emirates SkyCargo 193,Sea,4.6,4014,9,South Korea
0a818749-fbfd-4af6-be46-9adf72473aad,Kuehne Nagel 194,Sea,3.59,775,11,Japan
e5a97516-93a0-4b3d-b56d-2c3d0ee73089,MSC 195,Air,3.6,4107,10,Netherlands
b37d1bdd-8163-48b4-b90d-0622b10246b7,FedEx 196,Road,3.69,2374,22,Japan
23772b64-a257-486f-a026-e11d6eeb0ddb,Kuehne Nagel 197,Road,4.72,2330,16,Japan
b0fe66fb-fa53-4f3b-87e1-cd626e3d9d9b,Blue Dart 198,Road,4.72,2702,11,Japan
1170b000-7343-4c13-a7f5-82c6a8fd85af,FedEx 199,Sea,3.25,229,20,United Kingdom
261ffea9-f0a8-4af6-a042-8ca494335da6,Kuehne Nagel 200,Road,3.45,906,28,Singapore
1b1933fa-1b0d-4549-83da-dfe2f8353e62,Maersk 201,Rail,4.85,2402,28,Germany
3996d2d9-e572-452d-9943-609c4a3df92b,FedEx 202,Road,3.24,1443,23,South Korea
ea5196c9-b3e4-4937-b001-83fea974d482,Emirates SkyCargo 203,Air,4.03,1351,10,Germany
713977eb-2be7-4259-b8ba-2627fd5fc1af,DB Schenker 204,Air,3.41,1455,29,South Korea
a256ccd7-f9d0-4947-8af6-873e2afc5bf5,Hapag-Lloyd 205,Road,3.32,390,9,UAE
a8105cf8-5cc6-4b54-afef-e6f3bc1a227d,DHL 206,Sea,4.81,2968,13,United Kingdom
d7fb30df-5912-421c-befa-becd4fffb683,FedEx 207,Sea,4.59,2687,26,China
85e00807-dae1-47c7-a565-dd0b4c32b08d,Maersk 208,Air,4.78,3345,33,China
70b2049a-f349-4fae-9700-43ecc3ac8cd8,Kuehne Nagel 209,Road,4.43,3798,35,UAE
060e7ea3-7c3b-4281-ae63-73803684a462,Maersk 210,Rail,4.8,4160,36,Netherlands
090a9c44-e24a-44f7-ad72-b9bc963daabd,Emirates SkyCargo 211,Road,4.8,387,4,Japan
008e038d-6c72-4d2c-8237-728ec253271e,DHL 212,Sea,4.56,3889,22,Singapore
322c6456-96b0-41ad-aab6-22e61520c935,Hapag-Lloyd 213,Sea,3.46,858,29,India
0ac7f243-a59f-4de3-99e2-ed2b7c3a5f51,Maersk 214,Road,3.18,680,37,Netherlands
770e9fba-43f6-41a5-bac6-06d39eaf4b86,Blue Dart 215,Air,3.26,2623,17,United States
df487654-438b-4f9e-93d9-6b5bf5682cf8,DP World Logistics 216,Sea,3.26,2566,18,United States
39859048-03a2-4836-903d-52ebd9771fdc,MSC 217,Sea,3.75,713,33,Singapore
00f693a4-7819-4dec-a530-8aeef8b7114e,Emirates SkyCargo 218,Road,3.85,1520,28,South Korea
9810202b-d8e1-4387-b121-40e706b283b2,Maersk 219,Road,4.15,2415,25,United Kingdom
dd4a08fd-c7ad-421d-b6b9-d0f9fa46f891,Emirates SkyCargo 220,Road,4.38,3600,17,India
707ccbaa-a472-436b-ab95-e123de0d325e,Emirates SkyCargo 221,Road,4.73,490,4,South Korea
6b141564-ac04-4007-998d-65ef785ee68f,FedEx 222,Air,3.44,2503,34,Japan
a9e8d8d7-ff3e-4de5-88aa-fc1edf584c5f,Kuehne Nagel 223,Road,3.87,2558,32,United States
46768129-c7d6-427d-98b9-d91cca2594a2,Hapag-Lloyd 224,Road,3.59,3265,16,Netherlands
6172258b-9be0-4ac0-8e65-d7381ec2b971,DB Schenker 225,Road,3.63,174,15,Japan
398eb64e-cdba-4804-8e1c-8f29bf5c77b1,DB Schenker 226,Air,4.05,3099,35,United Kingdom
89364697-6e9c-4071-92ba-7ca5f1e1b9de,Kuehne Nagel 227,Sea,3.95,2822,17,United Kingdom
32a141bd-fddf-43ba-b4a8-5947bbf00578,FedEx 228,Air,4.09,3850,21,Germany
36fc726d-049c-4dcb-8dac-c696ba1bd45b,CMA CGM 229,Sea,4.54,924,13,South Korea
bf4bf590-3c00-45b7-ab5f-5e51a1d6942d,FedEx 230,Sea,4.5,1938,19,Netherlands
587bb536-1f31-45c3-9fe4-e26540518a9e,DHL 231,Sea,4.82,2695,38,South Korea
4434014e-f82d-4fff-9671-bc4152a19eab,MSC 232,Sea,4.54,2651,9,Netherlands
c20d80f2-c4bf-44bb-a122-6afa7c55cf97,DHL 233,Road,4.34,3869,37,United States
a1f5accd-dbe1-48ab-80e4-7d564a967300,Emirates SkyCargo 234,Sea,4.37,1424,21,Germany
870b8e74-6d57-48fc-abb8-e938c279a88b,MSC 235,Sea,4.28,1307,31,Germany
5f9bc3c7-7fba-49ad-933c-69e05c9cc0ed,MSC 236,Sea,3.54,3245,32,Netherlands
e15c6e02-550a-465e-bdd0-0e94eab95ad6,DHL 237,Sea,3.4,2080,7,Singapore
8a9d86cb-5355-4758-94b2-4043370b38fe,Emirates SkyCargo 238,Sea,3.48,3664,29,UAE
098b7d51-61be-4f7f-87fb-ad35737d9dc9,CMA CGM 239,Sea,4.45,1274,24,United States
9d09190f-d318-4afa-af02-833d170bae76,Allcargo Express 240,Road,4.32,3764,22,UAE
3353e9fc-3f1c-4542-b7e0-e99a9bcff62b,Maersk 241,Sea,3.93,2949,9,UAE
f7c3ad1a-c082-4909-8af3-4e2288ba8bfc,Allcargo Express 242,Road,4.15,3725,30,United Kingdom
f1032810-c58c-4a20-975c-fe01e18f342e,Hapag-Lloyd 243,Air,4.48,2146,20,South Korea
c75c8b86-41a6-4843-afc9-997e36fa4cea,DP World Logistics 244,Air,3.74,575,13,Singapore
11739c4e-8c46-4cf8-8aa2-223b9a7f932e,DB Schenker 245,Sea,3.99,3858,8,China
ef148f8c-c7de-4565-9c80-6a94b38e89ad,Kuehne Nagel 246,Road,3.42,2486,10,China
3134180c-d9e4-4246-861b-ec45d003b233,Allcargo Express 247,Sea,3.76,899,10,UAE
59672f80-8ddf-4c94-b8c4-7dab04ba4e65,DB Schenker 248,Sea,3.96,2729,35,Singapore
ebefa261-8484-4c36-9c62-73a7dd247a81,DB Schenker 249,Road,4.8,1983,22,Singapore
65516330-050f-4f09-8cf6-33be415b61de,FedEx 250,Sea,3.87,1392,6,United Kingdom
f187cc85-503c-4353-9315-724e8376616b,Hapag-Lloyd 251,Sea,4.51,486,36,Netherlands
a18f310a-b69b-4c5d-8fd9-78de57f49985,Emirates SkyCargo 252,Sea,4.36,905,16,UAE
c5a87920-8163-4bcd-9bd1-c8948bae99a0,CMA CGM 253,Road,4.36,2108,38,Germany
86c480f9-b7c0-4c12-b8b1-ef665f3114a6,FedEx 254,Air,4.77,1208,6,India
800b3079-3432-45c3-b461-90d359484782,DHL 255,Sea,4.47,4023,27,China
8d93ce9f-fc74-4c77-9dd8-35d0fbc5bd40,DP World Logistics 256,Road,4.8,1317,9,China
b96375ea-9810-4746-ab8b-53ab284a56d6,Hapag-Lloyd 257,Rail,3.73,1644,17,South Korea
e381f504-fa51-47a3-98d6-e397a9ac4d8b,CMA CGM 258,Sea,3.46,3052,34,United States
e4736f73-32a3-4e8c-8f46-4985bb637906,Allcargo Express 259,Sea,3.61,3328,23,Japan
4384e3f7-c91f-4593-bea2-b162d87c6d16,Blue Dart 260,Rail,3.54,1144,14,UAE
3b3abfd6-1b93-43e9-a8c9-b0e5184e70a7,MSC 261,Air,4.38,4148,21,Netherlands
4243dfb5-a7b6-4a36-96d1-20101dbb241d,FedEx 262,Air,4.7,392,20,Germany
9001207e-02b1-47c5-83b4-92120a464212,Maersk 263,Rail,4.01,4131,14,United States
8596ab1f-dc35-49be-ab37-72d687fae1f9,Hapag-Lloyd 264,Road,3.77,2887,20,Singapore
c3980a13-68cd-4661-84a1-710fb5c783c8,Blue Dart 265,Air,4.62,3648,15,Singapore
d8ded0cd-ec90-456a-82d2-8f465dc9d17c,FedEx 266,Sea,3.83,801,30,UAE
3b2dee8f-8020-43c3-8f52-05d0110db107,FedEx 267,Air,3.13,3970,35,Netherlands
e6b4ccfd-70fd-4068-8b5a-935e0e6d181e,MSC 268,Rail,3.14,916,10,United States
5e890291-bd97-4202-9c8c-a7bffba70fbf,FedEx 269,Rail,4.8,4089,31,United States
1b609d06-6af9-425f-a05b-410f75bafae3,Kuehne Nagel 270,Road,3.27,1310,3,Netherlands
6c73d4f0-1646-4976-920f-45c27ae47933,CMA CGM 271,Air,3.71,1916,23,India
506cb219-1d6e-4b05-8a7a-8ec91e7e0e54,MSC 272,Sea,4.9,1707,38,Germany
03dc4765-ed43-473c-bec4-df069d8986c5,FedEx 273,Rail,3.41,1312,3,South Korea
5b358872-8c40-4d25-a5a4-6babe77dc281,Hapag-Lloyd 274,Road,3.78,526,6,India
b92f4963-67d8-4468-85c0-37d4fe6db323,Blue Dart 275,Road,4.82,896,23,Singapore
f357c4de-aa6f-4751-a8d0-cda07f6518ba,Blue Dart 276,Sea,4.27,2629,14,Netherlands
700af2e7-7bd8-4cae-b123-cf0e37ce474d,MSC 277,Road,3.54,2036,19,United States
a3dcdc40-735e-47fe-9000-aab52b2140db,DHL 278,Road,4.46,2966,12,United Kingdom
5270e7ed-1f87-40ce-ba82-b3bee9f67d6a,Kuehne Nagel 279,Road,4.73,1471,17,South Korea
1de48217-dbff-4181-87e6-36b4e701fb63,Maersk 280,Road,4.47,1033,22,South Korea
15147e58-c0be-44e3-a5bc-0eec437472b1,DP World Logistics 281,Air,3.61,521,33,India
41fc0dee-686d-402a-87a6-6b77953696f2,DP World Logistics 282,Sea,4.61,3829,31,Netherlands
f7b1cd2b-c7ff-4e14-a513-cdaf35956217,DP World Logistics 283,Rail,3.71,3539,29,United Kingdom
f2a7e835-805c-4b2e-a232-3ec0bcee7545,DHL 284,Road,4.47,1750,13,India
9b0570f9-f7ff-4407-bfe5-6a065d6ca0b7,FedEx 285,Sea,4.02,369,22,China
79e2d169-7fa2-4fa6-ad2b-f15494787ffe,Maersk 286,Sea,4.6,3470,28,UAE
c4ec2210-100d-4176-b465-e12426833f7e,Emirates SkyCargo 287,Road,4.52,1564,15,Germany
86fb96cc-1a7f-4176-8595-78e441bc04e9,MSC 288,Sea,4.7,3329,20,United Kingdom
c53b0906-d92c-4b84-b40e-e0d319bea7ed,Kuehne Nagel 289,Rail,3.96,3871,18,India
562d0a55-6b9f-442b-a825-d632b526cd8a,Hapag-Lloyd 290,Rail,4.36,3461,34,South Korea
11a36530-d10a-49ec-b3dd-c93f1198891f,DHL 291,Road,4.83,238,15,Netherlands
faa55b28-95bf-4e3a-9b5b-d468d5bd17d4,DHL 292,Rail,3.43,1457,33,Germany
727fe0d4-0c20-4e3c-8f7c-4d315709d176,DHL 293,Rail,3.96,329,30,South Korea
d6551812-b3dd-49d4-ad3d-d26b31b1296b,DHL 294,Road,4.05,2284,23,United States
c0dabe2f-2b54-4918-8564-f9b04d44b846,FedEx 295,Air,3.43,2876,27,United States
02af6f6b-cfac-4ec6-9da0-a1148315a366,Emirates SkyCargo 296,Road,3.55,4003,26,China
8302dbe8-3dc4-4638-bbc7-d1a2c009f8d5,Emirates SkyCargo 297,Sea,4.14,1582,14,India
db427879-fb46-4d1c-bce4-ddc36e153a22,DB Schenker 298,Air,4.27,3933,20,Japan
f67c9ddd-606d-4a08-8343-b698b197fc69,Blue Dart 299,Road,3.97,611,35,Netherlands
fe143a10-51dd-426f-a53e-87326d3a52e3,FedEx 300,Road,3.64,2063,36,South Korea
2fb451bf-456e-4b83-b752-89081da77e4a,Hapag-Lloyd 301,Sea,4.72,2878,15,UAE
4cbb42ea-b610-46d6-b197-234e2d8ef292,Maersk 302,Sea,3.28,983,36,United States
91a7169c-65ce-4d88-b059-618b5b7f174b,Hapag-Lloyd 303,Sea,4.45,3693,25,Japan
43639ad8-226c-4a9e-8588-4855b1d3baf1,DP World Logistics 304,Air,4.77,1094,27,United Kingdom
6da95037-af74-4772-8783-e3193b4ab5d5,DB Schenker 305,Road,3.23,124,29,India
8d1e10a6-b5ff-450c-8c9c-c0bc95ce0d22,DB Schenker 306,Road,4.33,4124,12,Japan
6dcf73cb-6dfc-4d9e-bfc4-5903c8c033a2,Maersk 307,Road,3.72,3738,13,Singapore
1c9cf382-a833-4247-bedc-572596da7244,MSC 308,Road,4.16,1192,37,India
204fff51-4c66-44ef-97db-eb1615e9d4c8,FedEx 309,Rail,3.51,2374,33,Singapore
50158fdf-e9eb-4ac9-b7b2-9dfeb52a574b,Allcargo Express 310,Sea,3.84,3716,8,South Korea
515d57b2-f921-4fdc-921f-4d4033ac49e8,Hapag-Lloyd 311,Sea,3.88,3200,21,United Kingdom
66970e3b-dfc6-43e9-b347-833d0cf85c8a,Blue Dart 312,Sea,4.84,682,17,UAE
c6cf8cfa-7928-460a-8959-d99ccac4333e,Blue Dart 313,Sea,4.75,3391,18,United States
38f58993-ffcf-43e7-a56d-382d75b8c3b8,Allcargo Express 314,Air,4.87,1363,5,Singapore
c2e00d57-0486-4b64-97a3-ba0dd322ffb5,Kuehne Nagel 315,Sea,3.19,1007,30,India
120736e3-9924-4a85-a69e-09b6b0325e8c,Emirates SkyCargo 316,Sea,3.12,218,27,UAE
cdbf655c-04e4-4cfc-95eb-f29c23b9367b,CMA CGM 317,Road,4.55,2612,12,India
8deae75a-13d0-4b74-aa82-315c5360671c,Allcargo Express 318,Sea,4.54,1574,4,United States
125952ff-efc5-43ae-904c-9b01ae84786f,FedEx 319,Road,4.59,4135,31,United Kingdom
aff400e4-00c5-43a6-ac89-28bd81d9986c,CMA CGM 320,Sea,4.84,1624,16,India
d8404a63-43f2-42d2-9e3a-a8c35a7f0d97,FedEx 321,Road,4.16,37,18,Singapore
3ed876f4-49e9-4f15-b695-c0c9ddf6a715,DB Schenker 322,Rail,3.43,3881,15,Singapore
f324b69b-224a-41e6-a880-ec0318aee5fe,Hapag-Lloyd 323,Air,3.71,1664,16,China
8774ff53-414c-440e-bc8a-10a3e6f51a2e,CMA CGM 324,Sea,4.79,345,17,Germany
7860f8cf-f67e-43e6-8d36-0497b36ef259,Hapag-Lloyd 325,Sea,3.58,3409,26,Singapore
cb11312b-3ac6-4d7e-a8cd-c6988c09f812,DHL 326,Sea,3.64,4081,20,South Korea
0a81d0be-0b4c-4704-9944-bf762d654fd0,DHL 327,Air,4.01,2768,22,United Kingdom
741337e0-1b26-4616-a24a-54e085541ad7,Blue Dart 328,Sea,4.7,1918,38,Netherlands
7d484212-8d28-4f2e-84c2-4832055f7fef,Hapag-Lloyd 329,Sea,3.52,85,4,South Korea
2e3e860c-1b95-4556-a87c-edda996afff0,Emirates SkyCargo 330,Air,4.09,854,23,Germany
0767d4c3-4dee-48ec-a65c-ac9d2b16c770,Maersk 331,Rail,4.74,1340,22,China
83a51edf-8454-44f6-bfcc-a0447a9cd090,Hapag-Lloyd 332,Air,4.86,2291,13,United Kingdom
d1575c46-631b-425f-82ea-f74bbd9d9b8d,FedEx 333,Sea,3.75,2869,27,China
891ea071-5a44-40f6-9024-ab5d43d0edd5,Maersk 334,Sea,3.13,3730,37,Netherlands
d3192b44-9241-4227-8df2-57b11c0b3e9e,Kuehne Nagel 335,Road,4.72,2408,32,United States
ddc5ef8d-2c8f-41d2-a281-cdf92b7bed4f,FedEx 336,Air,3.4,1791,34,Netherlands
f4d542d8-fb65-4177-9ce9-07452f264a33,Blue Dart 337,Air,4.39,956,30,United States
8cb35336-c2c9-4fc2-98ef-32e6becf7021,FedEx 338,Air,3.11,4113,11,India
67b66fc7-3843-4f21-b3d8-36b893c61625,FedEx 339,Sea,3.58,1515,31,Japan
64faa118-6012-4123-a84a-be0d5cdd04f0,DHL 340,Sea,3.17,3355,38,United States
132f528d-df81-41f0-aefa-c9694b643764,FedEx 341,Sea,3.73,247,12,Germany
a0728e3d-5dfd-45ae-90d2-d3bd50978940,Maersk 342,Sea,4.63,2455,6,United States
16f2b6be-87bc-4dc8-b942-358c95a06d3b,DHL 343,Sea,4.6,3827,35,Netherlands
aef76524-abce-48e2-901f-d6003a92e637,DP World Logistics 344,Road,4.45,1757,37,Japan
9e0d2422-d940-4e9e-a0d2-c7f161b5696c,CMA CGM 345,Air,3.49,1477,16,Japan
4b95fa4a-8058-4ca7-b4c3-0afa8deda0b5,FedEx 346,Road,3.95,3771,10,Netherlands
1ea2f757-460e-4937-9a7d-e3ba377b923c,FedEx 347,Air,4.71,310,27,Netherlands
813fd162-73c6-44de-88c9-176b13b1db52,DHL 348,Sea,3.21,1904,15,India
203a9407-ba91-4c5c-913f-96466d1407fd,CMA CGM 349,Sea,3.78,1919,37,Netherlands
f7a8f0dd-3966-4a32-ac8a-c3840f6c85f4,Blue Dart 350,Road,3.34,2834,7,United Kingdom
429c3b4d-05f0-4f4b-9e51-7064e944e146,Allcargo Express 351,Road,3.23,3637,21,China
d65f276c-235e-4f73-88b2-4c4e9ba19dab,DB Schenker 352,Road,3.8,2671,15,UAE
93fac0a7-8825-4b3f-b102-09447c06a9a0,CMA CGM 353,Sea,3.42,971,9,South Korea
d536cbbc-ddb3-4389-8fba-c7f2478d28fb,DP World Logistics 354,Road,3.83,709,32,Japan
3dc53b52-8c7c-47ee-8618-2cf1b70c9a15,Kuehne Nagel 355,Sea,3.95,2200,28,United States
c4617e9f-4557-4a5e-a89c-bbbc3c590774,Kuehne Nagel 356,Road,4.41,2736,28,United Kingdom
74d4568c-2c48-4108-b319-7f217c2dd6c7,Hapag-Lloyd 357,Sea,3.14,1911,30,United States
c8e87a03-d8f9-450e-9cbe-b24a9f1a4b09,DB Schenker 358,Sea,4.16,3473,4,India
100b51cf-8d56-4f1a-b0d2-97e7f53a8953,CMA CGM 359,Sea,4.39,455,32,Singapore
2e0cb6aa-4f2c-4eb1-9e85-66a6f5173eb4,DP World Logistics 360,Sea,4.45,254,10,South Korea
9c1221e2-38f6-481f-a594-c571f90dd9ae,Allcargo Express 361,Sea,3.47,2042,11,China
52b62f45-6b5c-42d1-af6a-fc7df2ac7d5a,MSC 362,Rail,4.26,3862,28,Netherlands
804ec30f-1a3b-4e15-b819-79f3c0b9fd25,Kuehne Nagel 363,Air,3.77,1231,16,South Korea
8a118154-1f2a-4336-a2a5-fd7e362cee2b,Blue Dart 364,Road,4.41,2983,19,China
e91c8638-b339-4b56-97c4-5b90a55e11ef,Emirates SkyCargo 365,Air,4.81,3248,32,Japan
af8b47f3-ae49-4f7e-b62a-75222ded8fef,FedEx 366,Sea,3.75,2962,31,South Korea
2fb98dc9-a562-4562-a22d-4d48b1c05fb6,Hapag-Lloyd 367,Road,3.51,413,13,Germany
f414fe9b-dd58-47ee-938a-050f02c03516,Kuehne Nagel 368,Air,4.89,2340,30,UAE
9868db24-cb60-43ce-aa41-b60e77f474fd,DP World Logistics 369,Road,4.63,3770,13,United Kingdom
817b65b0-bc2f-40a5-be1c-ed7734214e71,Emirates SkyCargo 370,Road,4.4,3436,8,South Korea
397d55bf-38b3-4fb3-9d60-a6a736511366,Blue Dart 371,Sea,3.33,3158,38,Germany
a0c2beb9-b2d5-4747-9288-2e131b70c293,Hapag-Lloyd 372,Road,4.38,711,38,United States
88425e80-c011-4b39-a091-0bfa4a640011,Maersk 373,Sea,4.6,2122,12,China
1dd888a2-b613-4f27-82b6-6e483a08e37a,Allcargo Express 374,Rail,4.24,233,6,Japan
a232b86d-ff7c-449d-9660-852d121135d8,Maersk 375,Sea,4.57,2138,13,India
d4333565-b728-42cb-b503-208996c24121,DHL 376,Sea,3.23,2827,22,UAE
e2802238-08da-432d-a0a4-b47c818420a9,Allcargo Express 377,Road,4.74,501,15,Singapore
263c81b1-fe10-45f9-b0a9-98ebcd1722e9,DHL 378,Air,3.21,3275,36,Japan
71be5dfd-8b75-484c-bb14-8df56caa8335,CMA CGM 379,Sea,4.18,2189,23,South Korea
b5bcee54-b564-4424-8996-74ce9813351c,DP World Logistics 380,Rail,4.73,2205,15,Germany
4746c19b-800e-4ed4-bcb4-385131b4ed92,Hapag-Lloyd 381,Road,3.27,2704,3,United States
db79cace-c393-4e8e-a0b3-550ceb0b3393,MSC 382,Sea,3.83,3193,21,Singapore
379699ac-2afb-4faa-9b13-701a9404dd22,Kuehne Nagel 383,Sea,3.11,1394,7,China
0664aad5-764b-452a-a499-3edba1471aa9,DP World Logistics 384,Road,3.41,1687,28,Japan
ffea2a31-d975-431e-a376-02984835bd6e,Allcargo Express 385,Rail,4.43,191,13,Netherlands
ecdc5e91-5bbd-4f8a-9308-cc6e6c7ff378,MSC 386,Sea,4.77,2325,9,Netherlands
c9813ee6-08ec-444c-8c80-604a90392558,Emirates SkyCargo 387,Sea,3.55,1677,6,Singapore
93f055e1-5e04-4182-a4db-8f62ae698559,DB Schenker 388,Road,4.4,1989,8,China
1fabb18e-fea4-480a-a6cb-704881c65e9d,Allcargo Express 389,Sea,4.8,391,21,United Kingdom
ba8b1696-880e-4c93-bd03-8b60352c0801,CMA CGM 390,Road,3.58,2142,32,Singapore
ed0330f1-3e5a-418b-bb0c-682ae34cddd8,Blue Dart 391,Road,4.79,1111,33,Germany
1452239e-d716-4ee0-8c9c-7c1b213bbd25,Allcargo Express 392,Sea,4.64,3456,14,Japan
c834bd74-3a92-47e0-bc7e-6c94ea1c101b,Emirates SkyCargo 393,Sea,3.32,2558,17,United Kingdom
892bed33-8f15-4fba-a9e3-ef4d09f2401b,Hapag-Lloyd 394,Sea,4.2,947,3,United Kingdom
83054d76-5641-47a5-aeb3-dc70feaa408d,DHL 395,Rail,3.54,1880,4,Japan
d7a27e50-3010-4385-af60-5e6cbb1e8a04,DB Schenker 396,Sea,4.25,2170,37,Japan
17758cde-b907-4572-9a46-ce2f3cc5192e,DB Schenker 397,Sea,4.08,656,22,United Kingdom
caf950ae-effd-4613-ac85-2716469f64c4,Kuehne Nagel 398,Sea,4.38,3117,38,China
eaeb448c-7faa-410e-a5e8-0ec0fcfc8219,Hapag-Lloyd 399,Air,4.47,2211,32,United States
d63ae011-18a1-47c7-bf8e-48833c8da864,DB Schenker 400,Sea,4.72,1070,19,United States
addc5610-41c2-4696-a92d-d7e0e8d66462,Kuehne Nagel 401,Road,3.31,812,37,South Korea
364a8267-55ba-4662-a9f7-82fc1a710400,FedEx 402,Sea,3.72,1666,6,United States
0bffdf7c-8952-48bd-bc6c-76b57b3be85c,MSC 403,Rail,3.56,30,25,China
df0057cd-9872-4f36-9388-e68322b2346f,DB Schenker 404,Sea,4.72,913,33,United States
81a2bc1a-dd70-48ef-8014-f2e9ec48bda7,Emirates SkyCargo 405,Sea,3.88,4133,24,Germany
9b0618c4-b33a-4b7d-9362-154b51d92830,Kuehne Nagel 406,Sea,4.62,1853,8,United Kingdom
a1634d5e-eafa-41f9-8ab1-c44c3a9b99eb,DB Schenker 407,Air,4.46,2598,20,United Kingdom
1fc74a5e-ab25-4ed0-8e14-5be0d4a93d27,Hapag-Lloyd 408,Air,4.08,1549,17,United States
f95b068b-001f-41c2-b92a-98871b815d9a,Maersk 409,Sea,4.72,2028,12,Japan
ae64659b-6c6e-4430-b5c1-4642c8095204,DB Schenker 410,Road,4.27,1292,25,United Kingdom
72cbd8c7-6892-4a2d-ba6b-32c711b21d9e,DP World Logistics 411,Road,3.56,268,29,South Korea
47fa5115-e805-4d86-aeb8-6c034d709eb7,MSC 412,Sea,4.21,567,37,Japan
9403ebc9-f764-41a0-8b11-0e3f8c3140a0,DHL 413,Sea,3.86,394,28,Netherlands
e11c8dd3-83e0-4112-ae3b-ee1973e72529,FedEx 414,Sea,3.59,3739,24,UAE
a5b9d598-446a-482e-9f07-4e3daa239694,FedEx 415,Air,4.79,1135,30,Germany
c15ea9a4-dce7-4d6d-83b3-d43dacc63984,CMA CGM 416,Sea,4.62,3787,4,Netherlands
2c0894a0-d25e-4a40-98b2-7a59780f0826,Maersk 417,Road,3.34,594,4,South Korea
bf19186a-04cf-4c2a-960e-1de6638fd0a7,Blue Dart 418,Sea,4.74,2125,14,United States
d64629a0-188a-4639-a3f5-9dac9bc26da7,Hapag-Lloyd 419,Sea,4.89,408,27,Germany
8a8b5430-e1d1-49cb-aaf6-3d7082fe75e8,DB Schenker 420,Air,4.58,3619,20,South Korea
3b32a36b-7061-4999-a720-529ee25cad5a,Emirates SkyCargo 421,Air,3.99,1001,19,United States
8fd15d92-6601-4a07-b33d-27e9ae67226d,Kuehne Nagel 422,Road,3.31,3085,7,China
d84d212e-ab4e-454c-8dbe-344b9c637517,Kuehne Nagel 423,Sea,3.97,3749,23,China
87006002-a4cb-4c9a-93e8-2919663e5f45,Hapag-Lloyd 424,Road,3.28,3747,22,United Kingdom
0ccea1b9-9bf0-4a1d-9a5f-6e501eec1502,Hapag-Lloyd 425,Road,4.58,977,7,Germany
ab2bdf09-70b7-40a8-a7b8-fc931c3eb893,MSC 426,Rail,3.7,694,36,Germany
1b36b3dc-cc96-486a-ab3e-783c7ed95c97,MSC 427,Air,4.42,3331,6,India
dfcc1e57-f2fd-4811-ac04-98bf26fa9b62,Emirates SkyCargo 428,Sea,3.58,49,35,Germany
721285c7-212c-462d-bf2a-50b5a57ca850,Maersk 429,Sea,4.63,2652,15,Germany
a5e8a718-afbf-4a97-91b7-0e8529dc0070,CMA CGM 430,Sea,3.44,3606,34,Netherlands
c8a12981-07bb-493b-8c43-983678e47a9e,MSC 431,Road,4.35,329,31,Netherlands
d52e6380-3d9b-4ab7-b168-5ac064be7862,DHL 432,Air,4.38,1606,20,Netherlands
830f0ca7-1ca4-413b-a4bf-7d2d543b1263,Kuehne Nagel 433,Road,4.23,4055,29,Germany
e0d50635-8809-468c-8842-c252c93d75d7,Emirates SkyCargo 434,Road,4.26,4199,6,India
7294c7d0-010b-4076-bbcb-da1b1f3efca8,DP World Logistics 435,Sea,3.18,3951,28,China
487ef9ba-1c0e-4ba1-a21a-5cef655861e0,Emirates SkyCargo 436,Road,4.66,3776,6,Japan
f0385aa7-6d8c-41a2-87ad-20c7d5624456,CMA CGM 437,Road,4.07,3860,20,United States
fe5314fc-80db-4d08-98cf-440d9110c203,Hapag-Lloyd 438,Air,4.09,2809,20,UAE
759f28a4-6685-4806-b944-d0c6008ed3a8,DHL 439,Sea,3.76,225,34,UAE
404cff60-3c68-45ee-bda1-b18a1acb0540,CMA CGM 440,Air,3.43,2875,7,Germany
8ed316de-d944-4926-9c26-6c56dc755a44,Kuehne Nagel 441,Road,3.33,2997,33,United Kingdom
dc2f770f-ebdc-4366-b80b-4fc608ddafd5,Blue Dart 442,Sea,4.01,4113,22,Japan
7e92469a-243f-4d42-9aff-f18394a1c761,Emirates SkyCargo 443,Sea,3.75,1786,4,China
42dca433-665a-4f40-ba0a-219544fb714f,Allcargo Express 444,Sea,3.85,4190,21,United Kingdom
725f9690-ac19-4261-8ec5-ed7f86ba85d1,Kuehne Nagel 445,Sea,4.11,2827,9,South Korea
c3bceb7a-0d9f-46e7-b3cb-9d26dc553904,Maersk 446,Sea,3.57,957,8,Netherlands
b54b7896-5ea3-4ca6-9529-e74b3b15f462,DB Schenker 447,Road,3.68,560,10,Netherlands
89ed7853-5f63-49b6-b8f1-ff19b3f7bba4,Emirates SkyCargo 448,Rail,4.64,1624,4,United Kingdom
9989d6f9-e2f5-4f88-bde7-ace995829943,Emirates SkyCargo 449,Sea,4.76,1234,19,UAE
2f98dd07-0999-48bb-ae51-a74b4501ca56,Blue Dart 450,Air,4.38,2448,19,Germany
17f0002c-dfaa-451e-abcf-4ec8c5e12c39,Allcargo Express 451,Road,4.32,3790,33,United States
cd5130c8-80e4-434d-9dd0-edc2978ae4e8,Emirates SkyCargo 452,Road,4.74,2436,22,UAE
8ed6e1ec-9b8e-4251-80eb-5c014ed91235,CMA CGM 453,Sea,4.71,1959,33,Japan
d9ba2fba-4c1f-41c6-bda2-08b4045dc34f,DP World Logistics 454,Road,3.73,3013,26,India
54e82f6e-f54e-45fc-b0eb-387c0d6b2979,Blue Dart 455,Sea,3.51,1292,30,China
c79fd992-7b0a-4453-81df-7411aaf890ed,DHL 456,Rail,4.58,2486,38,UAE
16ee5f20-96ac-48ee-93ca-6babe94ccf8c,DB Schenker 457,Sea,3.22,750,35,Germany
5d746e5c-2e6d-42e6-914b-c92f440e1399,DHL 458,Sea,4.37,228,36,Japan
c8d2dd77-967f-415f-abd2-d6ddce76eb59,Blue Dart 459,Sea,4.08,2379,5,Germany
e5740316-b1b6-433b-8b97-a58afbc40ba6,Kuehne Nagel 460,Sea,3.69,2978,18,Japan
3105aee2-8074-43bc-a4c9-14cbbf4e8cc5,Maersk 461,Sea,4.54,3521,36,Singapore
fefd3d56-4ecf-41ee-913e-5b54ec4ad341,DP World Logistics 462,Rail,4.08,2154,26,Netherlands
12407426-87a5-45ef-9912-ebfe9291292d,Emirates SkyCargo 463,Road,4.01,417,12,UAE
ab0de908-e1ec-429d-93e4-55e107fb75b2,DHL 464,Rail,3.69,3889,24,Netherlands
49677231-c44c-4d18-b439-d475b8b71001,Kuehne Nagel 465,Air,4.5,1015,20,UAE
57a09cbc-ba09-4143-a027-3fb996396a21,CMA CGM 466,Road,4.65,1810,13,Japan
c9e6ce94-f651-44d7-b342-708f229dde40,MSC 467,Air,3.84,2125,35,Singapore
6b6830ea-a548-4731-8b45-645839e102e1,DP World Logistics 468,Air,3.59,782,25,Netherlands
fd03794a-4cd2-4c33-8572-932b774a9961,DP World Logistics 469,Road,4.5,1309,11,Japan
a90a9be6-b67e-40ac-b695-c8e837cc7b73,DP World Logistics 470,Road,3.21,1836,22,Japan
4a276c54-672b-49d3-8ffc-7b91b9c78119,FedEx 471,Air,4.21,627,20,Germany
aabd8004-8252-45aa-8a4d-a43344f17472,CMA CGM 472,Rail,3.13,2178,26,South Korea
78209d6f-9077-4564-889a-04d75a6ea922,FedEx 473,Sea,3.74,1442,7,China
ba65b5f2-9bc4-422f-be93-ac992c8b02f6,Hapag-Lloyd 474,Sea,4.81,2097,31,China
23455e01-6668-49a8-97be-e479810dafac,Blue Dart 475,Air,4.78,248,5,China
a362a5f4-90c5-4222-a90d-65db4a128cd6,MSC 476,Road,4.59,2338,29,UAE
5edaaf33-f709-44ba-af74-a60de2c9d257,Maersk 477,Rail,3.3,897,15,Netherlands
3ef428c7-fe49-457b-ab95-5ba790f27209,DB Schenker 478,Road,3.33,2291,37,United Kingdom
71d27804-9db4-488a-a153-1c672cdbb6ae,DB Schenker 479,Air,4.82,345,7,United Kingdom
0b14193d-a753-4d44-b621-620607e9d1b3,DP World Logistics 480,Sea,3.22,2990,29,UAE
376fae98-049c-4ec2-8bd6-5423eb7a388f,DP World Logistics 481,Sea,4.0,3998,16,UAE
bd71536f-ddef-40a4-847f-32433d996c22,FedEx 482,Road,3.81,441,33,South Korea
c25bb9fe-789f-472a-8475-85f540860c4b,CMA CGM 483,Rail,3.56,1568,16,Germany
9e29baec-823c-4a98-9fd6-486127919a3b,MSC 484,Sea,3.51,4107,30,UAE
f9964156-ba2b-4c19-8e1d-f18cb89dcaa6,DHL 485,Road,4.5,2997,29,UAE
6eddbe41-be2f-4d83-8d68-ae831acd9f97,FedEx 486,Sea,3.19,147,25,Singapore
ab6df2cb-64c6-477b-b83a-ff11698fce5b,Emirates SkyCargo 487,Sea,4.43,717,12,Japan
9657e6ec-0f61-423e-8c43-9c7826bd9211,CMA CGM 488,Sea,3.21,3398,23,China
77b10088-b3a1-448b-8312-364213442016,Hapag-Lloyd 489,Air,3.65,122,11,United Kingdom
97df72a5-e44e-4881-b244-e9e4c248de68,Allcargo Express 490,Sea,4.54,2517,20,South Korea
553e9468-3fb6-4047-b116-ed019c43a79f,DB Schenker 491,Sea,3.19,1964,32,Netherlands
05728614-0a2b-48e6-943f-7ffdc97e90fe,DP World Logistics 492,Air,3.96,1963,34,Germany
3b0dd03f-8287-424b-91f2-472961322115,MSC 493,Air,4.51,3795,3,United Kingdom
24b56dcc-a315-4080-b93b-247936b5e5cf,FedEx 494,Air,3.63,3339,33,Germany
30a0ffff-fe64-4922-9ba0-4d970f4aca05,Emirates SkyCargo 495,Road,3.25,380,12,UAE
5724ece1-ac07-4817-8195-afdbdf547505,FedEx 496,Sea,4.65,710,14,UAE
9718892d-93b3-434b-9027-bd7cab11b433,DB Schenker 497,Sea,4.38,2962,20,China
ba40f104-7c05-464c-83ae-6d1ecafd223d,MSC 498,Road,3.33,4037,17,UAE
3b1c57f7-57ac-48f9-a867-bad57a67d5f1,DB Schenker 499,Road,3.57,3062,12,UAE
017d3c0f-49e7-435e-a8d9-4b213010a5cd,DB Schenker 500,Road,4.75,3902,14,South Korea
9b0c0d9c-c742-4ac4-bd7f-436f5710bafa,Emirates SkyCargo 501,Road,4.3,2085,4,Germany
d41e187a-d0df-4c30-9669-4e9061b0fb6d,DB Schenker 502,Sea,4.4,2143,14,Singapore
a4439a55-2899-47de-ab62-4b3b43b91f4c,FedEx 503,Road,3.15,2698,24,India
45d3d60e-cebb-4bf5-9d49-5332257b0fa8,Hapag-Lloyd 504,Sea,3.44,4137,38,United Kingdom
a54579be-70e5-4225-8c86-918749a4a593,MSC 505,Air,4.01,1804,14,Netherlands
c19b93fd-8d2b-42c7-934a-4d8fea1a4c9a,DB Schenker 506,Road,4.18,1272,34,China
2d74fd9f-29de-42a3-8d4d-26de65b3c797,CMA CGM 507,Air,4.24,1040,32,United Kingdom
c8078061-229a-4c8a-a69a-8f09bbc425c5,DHL 508,Road,3.7,3893,13,Japan
846d7fca-f095-4ef4-9001-97b07620a4d6,DP World Logistics 509,Air,3.29,1603,10,Singapore
5c941b88-1e97-4f78-9b78-35fd43060443,MSC 510,Road,4.59,3518,21,Singapore
a559a0f5-86ea-4dba-a899-39cb2e33a764,Hapag-Lloyd 511,Road,4.51,2479,12,UAE
7f70ff90-414f-4804-8ae2-c5a251e34137,CMA CGM 512,Sea,4.89,1463,17,India
af311bfc-e56e-40ea-a24d-e951b838d410,Hapag-Lloyd 513,Road,3.98,3238,13,Japan
7e70ac75-f09d-480f-80f0-c6b1adc4bd5d,DHL 514,Road,3.19,824,34,Netherlands
f78fe4ce-e7f1-40e2-83d7-be1c3a54da96,Blue Dart 515,Sea,4.06,2768,23,United States
6d4dc811-de68-44f3-8a58-8cda51482ca9,Allcargo Express 516,Road,4.82,2314,37,Japan
b1f25b78-8c40-43dd-9db1-5e26844536e8,Kuehne Nagel 517,Sea,3.7,377,6,United Kingdom
ce95bfdc-39c7-4ca8-ab11-be7df686cb98,DB Schenker 518,Road,4.29,2619,16,Singapore
2a501059-9ce3-47cb-8657-b6e99133d9fa,CMA CGM 519,Road,3.17,320,20,Japan
dc29e8a8-5d15-49f5-a490-24cf6580488d,DHL 520,Rail,3.73,970,6,UAE
38bef06d-78c6-40da-ad2a-23fa40f9a552,DB Schenker 521,Sea,3.34,205,33,South Korea
510c9508-2100-4c2e-95c4-531b770566a4,CMA CGM 522,Road,3.22,4139,30,United States
2b29e738-ad90-4ca5-80fb-6f61c7eb734a,Hapag-Lloyd 523,Sea,3.2,289,23,South Korea
afef4584-a0bb-442c-9528-aa1799ada7bb,Maersk 524,Road,4.24,2679,14,United States
9849c354-60b8-4308-9b3d-c723dacc9602,DB Schenker 525,Road,4.35,787,7,South Korea
c2e75501-47c6-4620-ab19-467e1f7cba83,Allcargo Express 526,Sea,4.24,3911,23,United Kingdom
bf00e184-f98f-485b-8e62-3337fdf29310,Allcargo Express 527,Road,4.33,3882,29,United Kingdom
ceb813ef-5c75-4d03-b133-bfc6de2a3a29,DP World Logistics 528,Rail,4.88,3760,32,Germany
e3c36fc5-ad89-413f-ae1c-63481c496111,CMA CGM 529,Sea,3.23,3066,22,India
4e6ee9de-4d7a-491a-a5dd-4c80f4090aa5,Allcargo Express 530,Sea,4.77,1208,30,Japan
614a419b-9cd8-4b7e-bdf8-1859a92fe0d3,CMA CGM 531,Sea,3.82,527,24,Germany
f9abec15-9afe-40fb-919d-724d2dfe675a,DB Schenker 532,Rail,4.07,3160,25,Netherlands
be49bb71-567d-45cd-96ee-d4af0e74de2b,Kuehne Nagel 533,Sea,4.81,2192,32,United States
c907ea3c-885e-4eb5-ad21-7a690f505100,CMA CGM 534,Sea,3.77,112,21,Singapore
392a273f-507a-48e4-8e60-0e67c5f1c14c,Emirates SkyCargo 535,Air,4.63,3260,9,United States
ab91c42b-5305-47a5-aefe-af6b039e1ba5,DHL 536,Air,4.26,205,3,UAE
b3fe50cc-be88-40f8-a1ec-42dc07582c58,Blue Dart 537,Sea,3.71,346,30,India
18148e53-7657-4f52-9593-5a7195ba4eec,CMA CGM 538,Sea,3.91,392,8,UAE
713d7ac8-c857-4c60-8a55-81935fc3d402,Emirates SkyCargo 539,Road,3.48,287,21,China
7df351b8-440d-45e9-9543-abdadc2d2c8a,DP World Logistics 540,Road,4.21,1932,32,Germany
89168c41-99eb-4be1-8176-66d8b44ca9df,Allcargo Express 541,Air,4.07,1316,15,UAE
63c62852-0072-457d-af35-70c347646087,Maersk 542,Road,3.41,1043,18,United States
b32d83b8-359d-445a-a010-a5848e0f2a7b,Blue Dart 543,Road,3.46,2392,29,China
f2d80090-378a-4150-ae92-9a27f19f9e7c,DHL 544,Rail,3.93,281,18,UAE
605702ec-4ba5-4d57-a3f5-60eacd694d04,DB Schenker 545,Road,4.51,1334,31,South Korea
b9917bda-6e39-4071-b3ad-3c157d615f21,Kuehne Nagel 546,Sea,4.69,300,11,Japan
0d687aae-09ef-4fed-af72-68e012f02b62,Emirates SkyCargo 547,Road,4.31,2236,33,India
ebecf8bd-7eff-4c52-adf2-75d2b977c4c7,DP World Logistics 548,Air,4.16,2391,24,UAE
f156b5f6-c283-44b2-96e3-2df6cb01a14c,Blue Dart 549,Rail,4.06,957,27,Singapore
756fdf8c-7373-4c16-aebe-f2688dfaac1d,Kuehne Nagel 550,Air,3.12,2137,30,Japan
84119f70-486a-40b0-afee-019c22bd1819,DB Schenker 551,Air,3.98,2277,15,Japan
efefff34-1213-40f4-93fa-f06b08413a82,CMA CGM 552,Rail,3.82,1724,12,Netherlands
d5287b04-810f-49a9-9650-176b8ebc7f26,MSC 553,Road,4.25,538,16,United Kingdom
22a40a33-de2b-4e64-a434-3237d3c504ad,Maersk 554,Road,3.77,2843,18,Japan
ae54003a-444e-4628-b90b-15452f1c7b5e,Hapag-Lloyd 555,Rail,3.83,2026,26,United States
5ae51dd2-2d58-41f9-8bd9-7008e37e20bd,Hapag-Lloyd 556,Sea,3.61,3251,8,India
dddc8664-91db-4887-8da6-7120ce075f0b,Allcargo Express 557,Air,4.62,2102,8,Netherlands
00767909-727f-4edc-b061-9a0c2cc88aed,Allcargo Express 558,Sea,4.9,3814,16,UAE
a12a9b33-64bd-48e7-81ab-ac6b696e78c4,Kuehne Nagel 559,Rail,3.42,2598,16,China
5a19e263-052c-431f-a51e-e658eae32be4,Blue Dart 560,Sea,3.14,760,26,South Korea
c505aee4-7e5b-44f8-a6f9-f5a325d976bb,MSC 561,Road,3.13,2113,20,South Korea
53327fd7-2aee-4ca7-b945-5faf7bc487fd,Maersk 562,Sea,4.56,1636,38,China
37fb88ed-2b4c-4c24-9c37-d9265222a46f,Emirates SkyCargo 563,Air,4.54,631,22,South Korea
2c556264-de21-4f98-ad86-2cba6aef1778,DP World Logistics 564,Sea,4.53,2317,34,Japan
342d5f6c-5b5f-4534-af9d-ce9ae8e92f84,MSC 565,Sea,3.15,4186,8,United Kingdom
eef57356-6ed8-4437-8c00-5e10d45e3e60,Emirates SkyCargo 566,Air,4.03,214,12,Netherlands
7ec49c31-4005-40b9-83ff-1b2164d24340,FedEx 567,Sea,4.24,3496,4,UAE
94f60db5-47f3-4fd4-ad6d-9a1e30985f52,DB Schenker 568,Road,4.73,1247,9,India
a62bfd39-ba90-4513-b283-ccfc18db56c9,CMA CGM 569,Sea,3.41,1369,18,South Korea
55a737aa-adf3-43b1-9357-0e28389925fb,DHL 570,Sea,3.15,3941,35,Germany
b6c102d5-f5a2-4d6e-a79b-53615e3c0e6b,Allcargo Express 571,Sea,4.44,1123,34,United Kingdom
132c3821-c68b-494c-bd42-e1154764a81a,Blue Dart 572,Rail,3.44,3759,4,Singapore
f6b4f769-a727-45ee-badf-9ac3c0229afc,DP World Logistics 573,Air,4.22,664,10,UAE
492b12ad-8ee6-4d39-8876-5021111a6f74,DP World Logistics 574,Road,3.88,3010,9,United Kingdom
084ba48a-3752-408a-b18d-10c9ac15b39b,DHL 575,Road,4.07,2048,32,South Korea
7a3205e3-675a-4db6-b3d1-15b0151b76ed,FedEx 576,Air,4.02,3859,25,Netherlands
abba0e42-5445-4eb6-acc6-fad65038de57,DHL 577,Sea,4.67,3116,35,United Kingdom
01c19f50-33d0-4e61-8937-74fdbde79cb7,FedEx 578,Air,3.36,2777,9,United Kingdom
07972c93-fe19-4db9-95d9-8b09655e84b9,DB Schenker 579,Air,3.99,3304,27,UAE
9eea6097-dfc9-47f2-b342-e5c65eb69d69,Allcargo Express 580,Rail,4.73,1341,34,Japan
c6e764bc-db4c-4b09-96e9-60d1446beacb,Maersk 581,Sea,3.68,2805,5,Singapore
c17c1d63-01ec-4438-b9a8-229c70e12d05,Emirates SkyCargo 582,Road,3.99,1518,8,South Korea
6dd8dc76-696c-466f-a45a-d6f2a8b4cc4e,MSC 583,Sea,3.76,737,35,China
c86d730a-74db-4a1d-92d9-47b1223063ff,Blue Dart 584,Sea,4.28,2951,8,Netherlands
206b7024-bc2c-4bb7-88f4-90d41bdbf710,Hapag-Lloyd 585,Road,3.83,3327,5,India
0e7dba7c-7bc5-4220-b01e-1fba009b6184,FedEx 586,Rail,4.9,2250,6,Germany
0a20b8f6-3574-4504-8303-8701ba0db64d,Emirates SkyCargo 587,Sea,3.65,451,22,Singapore
92c63d15-1621-4e65-92af-49463228a52b,Allcargo Express 588,Rail,4.39,2399,18,Singapore
22e73939-9901-4a95-a188-9f38445913df,CMA CGM 589,Sea,4.75,1562,24,Netherlands
b32427be-6cad-4ca6-b079-e705f7cec66c,DP World Logistics 590,Road,4.56,1936,34,South Korea
18232bc5-94a9-439c-b133-233dbf9b3ca1,DP World Logistics 591,Road,3.53,1950,23,China
bc8b0ad8-dca7-4e28-b692-9d51e8103966,Kuehne Nagel 592,Sea,3.17,787,10,Germany
a5e3f312-ad54-4176-8e88-6a4dc5f2a7b4,Maersk 593,Sea,3.74,2052,15,China
824a97ac-5567-456a-98e6-3e90aa4df573,Kuehne Nagel 594,Air,4.18,1867,9,India
1fcc547b-8df5-4aed-b443-6c4231819d1c,DHL 595,Road,4.79,4178,22,United Kingdom
4d7aab13-c2ad-4d4b-9cea-38bcc8ebb40d,DB Schenker 596,Rail,4.41,2732,22,UAE
61b26346-4049-44cf-865c-fa018a9745ed,Hapag-Lloyd 597,Sea,3.16,436,38,Netherlands
74ed6983-a29b-49dd-bf18-6ce658c47202,MSC 598,Air,4.81,1272,8,India
69148768-024b-43c2-b01b-b3a7ecb766a6,Emirates SkyCargo 599,Sea,3.36,2079,4,UAE
a3fb357a-d6fc-4804-a0df-10765b56ab9b,MSC 600,Sea,3.82,3415,4,India
d3186b5d-e1a2-456f-8657-c6011782594c,FedEx 601,Sea,3.51,3345,10,India
a8cd592d-40a1-4bd9-98b5-960f57eeefd3,DHL 602,Sea,3.89,1760,17,Singapore
2204ffab-0e93-4aa6-8fc3-7eab0da3bcaf,DB Schenker 603,Sea,4.65,1034,18,South Korea
7c0d80ae-3c7d-4439-963f-a896a7f0c980,MSC 604,Road,3.76,1644,9,China
601618a2-88c9-48ae-815d-c74d36a00411,DB Schenker 605,Air,3.21,2165,5,India
67319947-8feb-463e-adac-a12fe8710dea,DHL 606,Air,4.26,695,7,Singapore
3e27b8fb-355d-46b6-a7fa-4d988d669e99,MSC 607,Road,4.55,89,36,Singapore
f3ad220e-e89b-4fde-a22f-8c33891e6c2e,Maersk 608,Road,3.62,3471,18,South Korea
ce4328f6-239f-422a-9ea9-e8bbcc481030,DP World Logistics 609,Air,4.34,2648,12,South Korea
e0f5d6eb-9d34-4d10-a531-504b31cd0c59,CMA CGM 610,Sea,3.62,986,4,UAE
8064d41d-7bea-48f0-9f87-a03438ca934d,DHL 611,Air,3.59,2856,27,China
a229a2a7-708a-43b1-8188-a0b0d732a641,CMA CGM 612,Sea,4.55,2722,18,Germany
6aea0fcb-275c-4bff-950c-eae82ff85ca3,Kuehne Nagel 613,Sea,3.13,2319,34,Netherlands
32a15851-f06f-4559-a1b3-bfbc21a35a75,DHL 614,Air,4.0,685,3,United States
b92ef94a-0800-4412-b3ea-72c9664ae782,DHL 615,Sea,3.72,3985,7,United Kingdom
aa5bf215-10b7-4535-b067-c0e543e76e76,MSC 616,Air,4.37,2533,32,Japan
0a4421d2-38c9-4de7-bb97-f2aa49ccdf53,MSC 617,Sea,4.4,349,38,Netherlands
fa66f72d-4369-435e-b217-a766908529c1,DHL 618,Air,3.34,45,26,United States
4589d288-7929-488f-85f0-db275eecb98c,DB Schenker 619,Air,4.9,174,10,United Kingdom
9dd131d8-c9c1-48c8-8be6-99fc7307be8c,Emirates SkyCargo 620,Air,4.05,258,34,Netherlands
299673d9-53ca-4352-86cd-943e71407630,DHL 621,Air,4.47,2876,18,Singapore
0c5281bb-c1f6-4c43-b4e5-110fe77da8c5,DB Schenker 622,Road,4.1,2702,23,United Kingdom
a0b00a91-607c-4abe-a22c-ee8fc1319af0,Maersk 623,Road,4.32,3670,24,UAE
3fdd853b-2c52-4387-84a5-4361de45a0b3,Kuehne Nagel 624,Road,4.87,2335,11,Japan
bbb5c430-096a-44ca-a6ab-e8605517c5c7,CMA CGM 625,Road,4.53,3986,8,UAE
86cc9116-7116-4783-8a61-0a09908c2b1f,Hapag-Lloyd 626,Road,4.39,2620,21,China
73ceda89-3ace-41aa-b099-3e26321164f7,Emirates SkyCargo 627,Air,3.63,3584,24,UAE
a80b5ba9-1b2b-45c2-b80e-0ee548c43f70,FedEx 628,Road,4.75,93,15,China
a3ca097f-54d0-4d4b-a208-f4d4d1f8a886,MSC 629,Road,4.42,2694,19,Germany
70e2f362-4a35-43b2-b76b-c7062025f8f8,Hapag-Lloyd 630,Sea,3.45,2222,21,China
3fa64d99-c693-4fed-a44f-1eecb4a7bfc9,Emirates SkyCargo 631,Rail,3.64,598,22,Singapore
dcf3a179-b908-466d-9283-bfbbe5a41185,Maersk 632,Air,4.22,591,24,United Kingdom
36a1dfec-e78b-4371-9e68-c60d4246ab8b,Hapag-Lloyd 633,Sea,4.84,3258,17,South Korea
1ab0cade-6326-4d61-a1bb-b5ccc32c2875,MSC 634,Sea,4.56,2013,10,Singapore
8f1fad9e-012d-4ba5-be6a-da9e4bf37f36,DB Schenker 635,Sea,4.69,3527,36,Singapore
24c32e44-d587-4ab0-9eb9-3b264f9f1afd,Hapag-Lloyd 636,Sea,3.65,1691,21,Japan
dedd727b-94b0-49e8-a05e-6af878c188bf,Blue Dart 637,Road,3.61,3525,26,Netherlands
d8b38637-0c95-48b1-9117-20e5284f500d,Maersk 638,Sea,3.83,3545,28,United States
a91a5970-59c3-4ec2-85f6-028f5d2522f6,DHL 639,Road,3.77,946,22,Singapore
f022eb64-7b73-44b3-84c9-3339ceaff86f,Kuehne Nagel 640,Sea,4.15,2940,23,China
19d93cee-2f19-4706-8537-9014ea1083c3,Hapag-Lloyd 641,Sea,4.64,1203,27,UAE
5536cdf9-0480-4813-b5d6-753ae46dca17,MSC 642,Rail,3.65,2025,16,United States
3c2f9eb3-2e63-485f-b975-8d792736b2b9,Allcargo Express 643,Sea,3.73,2207,30,Singapore
68b7aa7d-f9db-44d0-bf56-bed1035df1eb,MSC 644,Road,3.18,1257,19,United Kingdom
14fd1cfc-406d-470d-ae27-8bd1a00f9d37,DP World Logistics 645,Road,4.81,642,8,United Kingdom
a44a6d3c-7659-4c0c-b824-9abcfc47bd7d,DB Schenker 646,Road,3.38,3681,9,United Kingdom
03a810a0-f947-4350-8ee5-e96f987ada57,Allcargo Express 647,Sea,4.4,1255,7,India
80763bd8-abba-4641-992a-82b40ab65b41,Maersk 648,Road,3.14,3687,20,Singapore
c4254009-4f9b-4f3e-9313-4b339a7f8bed,FedEx 649,Sea,3.35,1417,10,United Kingdom
41d3b762-eeb4-4011-9238-ca80223a42e2,MSC 650,Sea,3.51,3956,16,Japan
df4bf80b-05d1-4376-b780-aa1602796183,Blue Dart 651,Road,4.01,1467,33,Germany
e0325da9-8ff2-4120-a6c6-cfb7eb4aa87e,CMA CGM 652,Sea,3.15,3645,17,UAE
ddb88a24-dab3-4912-8af1-2e238f25adc1,MSC 653,Air,4.73,4140,14,Netherlands
6996c785-0278-44b2-9c58-c52998ae3ce1,Blue Dart 654,Air,3.31,3358,33,United States
7ab7981b-c80f-46e4-8035-0f1c3f174463,Maersk 655,Air,4.4,2786,26,China
fea00ab4-d9b9-41ec-bf66-bb0488c13398,MSC 656,Sea,4.08,3728,4,United Kingdom
bfd54d28-909a-4fd5-b869-4afad06d44e7,Hapag-Lloyd 657,Road,4.35,2599,33,United States
ca0b4c4e-c563-4547-8bb3-46b3d6b70097,Blue Dart 658,Sea,3.14,3847,9,Singapore
26571d97-b85f-4637-a230-95222768c3c9,DB Schenker 659,Sea,4.02,43,5,Germany
ddb6fb03-e3c9-4cc7-af2d-b8ed07c0be46,Emirates SkyCargo 660,Rail,3.6,1021,24,Germany
76ba1793-986f-41d8-b995-ec314d8856e3,Blue Dart 661,Sea,3.6,1972,8,India
e19b2130-399f-4625-a133-c123151c3961,Emirates SkyCargo 662,Air,3.91,2277,35,UAE
0e053f29-6b4b-4706-9067-ac232638c9cf,DB Schenker 663,Sea,4.49,1261,34,United Kingdom
4f7d5545-02ba-4fd4-ba73-d629780ea9c0,Maersk 664,Road,4.88,899,3,UAE
88c746a6-4a6f-4552-9d3a-5ad2c6c955e2,Emirates SkyCargo 665,Sea,4.62,3303,23,United Kingdom
bf16d16a-2892-4da1-9ebf-ddcf774d4d9b,DHL 666,Sea,4.13,3573,24,Netherlands
093154e0-8dc0-4205-aaf0-3bc2c3058846,DHL 667,Sea,4.84,4041,25,China
dc67b170-5593-4a7f-a891-06fc549d21b4,DP World Logistics 668,Sea,4.7,944,32,United States
4a43c3bf-2805-4afa-96d5-ae07f804bc00,CMA CGM 669,Road,3.73,342,24,Germany
841aaafc-2951-439f-ba6f-db23b24f41c3,Maersk 670,Sea,3.99,2390,10,United Kingdom
e2e7ec8a-d395-4bd7-9bc4-e24754c5b370,Maersk 671,Sea,3.84,2397,36,China
8292c0a9-45e5-45ac-a320-6b39c8b67ba7,Blue Dart 672,Road,4.52,3737,35,India
40e42049-fd23-435d-8672-4ca046912ca9,Allcargo Express 673,Sea,4.18,3135,20,Japan
ed40f452-47ff-4d5e-b3f9-4c59db7ff98f,DHL 674,Sea,3.25,4091,31,South Korea
dafd203f-2dcb-43ed-bc37-f25e9185bfef,Emirates SkyCargo 675,Sea,3.63,1829,17,India
cd58db38-51b7-4fd4-9944-b455980b3fa7,Kuehne Nagel 676,Air,3.65,78,34,South Korea
4171b1b6-ef15-408a-949a-d3ac4e05e48e,Emirates SkyCargo 677,Sea,3.63,2108,38,South Korea
f14d9134-9102-410b-9455-43d2c5da7478,DB Schenker 678,Sea,4.66,2721,13,United Kingdom
2cb717ab-a6ee-46e0-9dec-cf5287cffce2,Emirates SkyCargo 679,Road,3.99,2356,6,United Kingdom
b8411c11-922f-4029-9148-b2f546aebb56,Allcargo Express 680,Road,4.63,374,37,Japan
3a8254e0-d35f-4c27-9ed7-d28e6bdd30f6,Allcargo Express 681,Sea,3.92,3877,29,Netherlands
dd92d24e-88ea-4300-bbbe-636542e767ec,Blue Dart 682,Sea,3.99,1837,18,Netherlands
b5142558-4bda-4bc1-ad87-d3629916dca5,Kuehne Nagel 683,Sea,3.88,2023,12,India
fa9579ba-0fd3-44e3-b22d-4ebf25731274,Kuehne Nagel 684,Sea,3.41,1504,31,Germany
9e3ab32a-4da7-4704-8d69-dff8ab9ddff7,Allcargo Express 685,Air,4.39,2397,32,South Korea
7997eb6f-9237-4681-9af1-4bb13a715830,DB Schenker 686,Sea,4.27,550,31,United States
e231e26a-5f9b-4e4f-aeb6-74033808ba8e,Kuehne Nagel 687,Sea,4.63,452,23,Germany
74874054-4f80-45d7-87b4-0d0291acb29a,DHL 688,Sea,3.33,3471,11,India
531a75a7-48d2-4bc1-aae9-9522ecefe4d3,DB Schenker 689,Sea,4.23,2945,29,Japan
6ce3cbc4-41a5-404a-952b-f4a17452b87c,CMA CGM 690,Sea,3.26,1310,18,UAE
06c2036b-6d00-4408-8685-240e4c9ddcbf,Allcargo Express 691,Road,3.37,2975,32,South Korea
a3b419e1-df8b-4e8f-9c65-6b4498f8f15e,Hapag-Lloyd 692,Sea,3.84,2438,5,China
13bd930e-5643-40be-95db-f1f40681c955,DB Schenker 693,Road,3.43,1571,38,Singapore
4cc22ae8-e112-440a-9e48-41c7f37c41b6,DB Schenker 694,Sea,4.86,2761,30,UAE
60069017-3686-48f3-9a3e-6c89306928d8,MSC 695,Sea,3.26,2824,13,United States
4b739aef-fe96-4158-8023-73e1d26aaa47,CMA CGM 696,Road,4.27,374,22,Netherlands
c5cc9cd3-285c-4caf-9ee2-6186a53c64ac,DB Schenker 697,Road,3.39,656,10,Germany
27e92c04-8c39-45c1-8c07-11224e6f7a05,Maersk 698,Road,3.72,3144,36,China
3cd1abc2-f1d8-4d8c-823b-22c2677fb75b,MSC 699,Air,4.42,808,5,India
b5955118-daae-4d58-8a28-e7eade6b2a92,CMA CGM 700,Sea,3.52,1896,13,United States
442cfb61-0d4f-47b7-800b-6e17ed202923,Hapag-Lloyd 701,Sea,4.05,2697,13,China
c04d0c24-ae02-48df-ad89-71f6c25edf6d,Maersk 702,Sea,4.16,1288,11,UAE
3eb1e4fa-8819-47fc-8d85-443e106af747,Emirates SkyCargo 703,Air,3.49,989,25,Singapore
d50dd7f5-705e-4138-9691-6000cc85d507,DB Schenker 704,Air,3.47,1196,8,Netherlands
2dc8b613-727e-4b52-8209-6c0e53b71a3c,Maersk 705,Sea,3.56,1038,22,Singapore
f8b95027-0113-464b-a7d0-ecad0e92e65c,FedEx 706,Road,4.88,149,26,China
5a0bb314-fb7e-46c9-9efb-3fa602985619,Kuehne Nagel 707,Sea,4.16,1624,12,Singapore
50c4ab30-3af9-460e-8628-30472b3033fd,Blue Dart 708,Road,3.81,718,9,Singapore
0b3aa9c0-7857-42eb-9cac-fa6d32ba7e85,Kuehne Nagel 709,Rail,3.75,1752,5,Japan
62d856f1-2d09-4de1-85c7-16fd4f8ecc19,Emirates SkyCargo 710,Sea,3.21,1934,17,United Kingdom
61e8f9c2-1fba-4df6-8261-eeb83dcb1f74,Allcargo Express 711,Road,4.87,614,16,Singapore
c340d81e-e7c0-421e-91bb-336c2fe25c39,DP World Logistics 712,Sea,4.49,3027,17,Netherlands
a03e8473-0e29-42cd-877b-a2b64873bd6a,Maersk 713,Sea,4.55,2617,5,India
5d4328b7-3c6f-4c56-bb9b-6173b95c67d3,Blue Dart 714,Road,3.31,2319,14,UAE
5c053073-e4e3-41f0-9619-3649ec2929f5,Maersk 715,Sea,3.35,369,4,Singapore
df3a74b6-fb99-4463-b4d7-19c9da4d75a3,DHL 716,Air,4.8,2930,5,United Kingdom
36b85da8-71cf-448d-8d37-123003ecf8e0,Kuehne Nagel 717,Rail,3.17,2244,6,UAE
168bbb8d-8f64-4040-b409-d885eab9d5fe,FedEx 718,Rail,3.32,4104,3,China
bff1ae76-e620-46a1-97f4-3e1150f1e0cb,Blue Dart 719,Road,4.5,2500,22,UAE
1e3291f9-2a88-4080-8f3a-6f86306bf283,Kuehne Nagel 720,Air,4.56,3249,22,Singapore
e2b338ee-c0f0-4522-baa8-24c53ee43a4d,DHL 721,Air,3.59,1426,16,China
83df2bf8-6a34-4682-a17c-f03df965a9b2,DB Schenker 722,Road,3.86,1372,24,Netherlands
aa2f374d-1712-40bd-a089-39f6c9fcfe43,Maersk 723,Sea,3.7,1388,37,Netherlands
fb9fe4c3-4c0b-4583-bc21-96aef90c2e2f,MSC 724,Road,3.37,3887,9,Netherlands
c3ea6579-05f3-4415-86fc-4eb3b0d11512,DB Schenker 725,Sea,3.88,27,6,South Korea
91dea126-4fb0-432b-b06c-8a60f1e04f01,DP World Logistics 726,Sea,3.2,3484,36,Germany
cf1556f6-e8b0-4697-9b4f-992f39657811,MSC 727,Air,3.32,1200,20,Netherlands
bc3e7f26-ca21-4c9b-86a0-8bcfd9db3654,Kuehne Nagel 728,Sea,4.27,3383,15,Netherlands
643cac71-410b-4b2d-b957-4f915e556c4f,Blue Dart 729,Rail,3.91,1515,36,Singapore
32e9e75c-745a-449e-b4dc-7a1e0d83f9dc,Emirates SkyCargo 730,Road,3.88,1567,30,United States
b76266e9-56b9-499f-a5e9-ac1dd24e77d5,DHL 731,Air,3.72,2860,9,India
a26b1501-2a75-4932-a756-24e94a6d7f13,DP World Logistics 732,Road,4.36,2155,3,Japan
e8b90cc2-edf4-4b8e-896b-2dce9c4da934,Blue Dart 733,Road,4.3,2273,24,Singapore
8cd958ff-10ec-4b68-8462-874acd392452,CMA CGM 734,Road,4.35,3349,12,UAE
a1d258fa-6239-47e1-88ad-7da9b7bd3a09,CMA CGM 735,Road,3.35,3743,14,United States
2080ad71-3a66-47a3-84bf-6de6d4ea2933,Kuehne Nagel 736,Sea,4.64,2624,16,Japan
7a060a48-274d-45e1-a6b2-87f29b618329,Blue Dart 737,Sea,4.01,550,23,UAE
8a357b42-4071-4032-aef0-b5850893495a,CMA CGM 738,Sea,3.28,227,23,South Korea
e94839ef-53fb-492d-b1e3-55eaa95201e8,Hapag-Lloyd 739,Air,3.31,366,32,Netherlands
0624bde2-4063-449b-a384-043eccb06d3d,CMA CGM 740,Rail,3.48,1882,8,China
c98fda7d-e9a0-4b17-89e6-8fc4cfb2efe3,Blue Dart 741,Road,4.3,963,7,UAE
68cf010a-29a9-4ff2-890e-bca5b920bc48,MSC 742,Sea,4.35,4148,19,Japan
84c23d9d-23de-4709-bec3-ae2c2e1ebc27,Blue Dart 743,Sea,4.27,2142,32,UAE
3bcc3cee-b6b6-471c-a7ef-6725ff7b0d29,Kuehne Nagel 744,Road,3.53,2152,26,Netherlands
c8bd38ea-9403-4c26-9c30-88846d4f54a7,Emirates SkyCargo 745,Rail,4.82,3593,18,Netherlands
9328dbd3-43ec-42a2-9270-d956f920632e,CMA CGM 746,Rail,4.89,2643,27,India
1b467cf7-be44-459c-9fd6-093d2901c4cc,Maersk 747,Sea,3.77,795,25,Singapore
9c837abd-3319-4cd6-99ff-d4720a1221be,Hapag-Lloyd 748,Sea,4.46,2738,20,Singapore
d5784c9e-9ba8-4cc1-b608-9520dbdc0cf9,Allcargo Express 749,Road,4.57,613,31,South Korea
8bc40819-2c96-4df8-9499-c908e7f05e70,DB Schenker 750,Sea,3.72,1384,9,Germany
e5575d0d-155d-4005-98f9-d0faf4c18d78,FedEx 751,Sea,4.61,4195,20,Japan
0d677ffb-235f-4857-8c65-b8e59df9f510,FedEx 752,Air,3.12,2600,5,United Kingdom
de143bfe-3878-4044-8b37-0f11936f182a,Maersk 753,Sea,3.53,3760,8,China
0271ce0f-6162-4640-a265-3136256d20c8,MSC 754,Air,3.29,1894,18,UAE
5e2b2208-0387-4cf6-a66f-ea9a66b5841b,MSC 755,Sea,4.23,771,17,Netherlands
b2bf10bd-3375-4577-87fb-0dc54eac02fb,Hapag-Lloyd 756,Sea,4.8,220,4,United Kingdom
1733c356-5e37-4d2b-9904-3b524b3805e1,MSC 757,Road,3.72,1293,6,Germany
9546566a-b166-4788-b050-c1c22c0e2ddc,DP World Logistics 758,Sea,4.22,3859,4,South Korea
6ce34171-8497-4920-b05d-a6f3dc38d98a,Hapag-Lloyd 759,Road,4.16,3526,26,United States
5449ea45-96b5-4869-963c-ddcd890e3c11,CMA CGM 760,Road,4.18,2728,8,Netherlands
209db2e4-daef-4c03-9693-bb280ebdb8ff,FedEx 761,Sea,4.6,1057,29,Japan
154ef335-7175-4b77-aea3-499aa19074b1,Kuehne Nagel 762,Sea,4.02,528,20,Japan
017564ff-f457-45ec-83c6-23a79437c956,Hapag-Lloyd 763,Sea,3.5,2758,33,Japan
82d2b5ba-0e82-464f-a7f9-5285683e8d14,Blue Dart 764,Road,3.9,3683,38,UAE
eebcc786-b91b-4d5c-98b0-ca80f756880b,DB Schenker 765,Road,4.36,2612,36,India
c2870615-efa7-4911-bf6f-ad92442867d3,Maersk 766,Air,3.76,1642,7,Netherlands
8b5e8a44-e208-4815-a8dc-3bc682642bcf,DB Schenker 767,Air,4.73,3581,15,Netherlands
17368ff1-0bb5-46e9-aa04-4b8a4ffbfc6b,DB Schenker 768,Road,4.65,175,34,Singapore
d0aa7ec9-85ad-45a2-aea8-78a16a4c18d1,CMA CGM 769,Road,4.27,3793,25,Japan
89c6ac3c-b304-4b82-8e34-cbf04683a592,MSC 770,Sea,4.38,380,34,United Kingdom
4366ff3c-0b37-4a21-8643-c8f4ccec30c8,DHL 771,Road,4.67,1996,28,United Kingdom
99fa751c-a97c-4512-b3f1-ceef6ebd759e,Hapag-Lloyd 772,Road,4.16,4156,16,UAE
b6576bd7-d022-45a2-a0f5-c764e735050b,DB Schenker 773,Air,3.43,766,27,United States
a424e2b2-659b-4ea1-8ce8-c67e26b31645,FedEx 774,Road,4.12,2007,10,Singapore
f1600687-f322-4d22-897d-ae98d8173c2c,FedEx 775,Road,3.75,3109,17,Singapore
1827eb0f-92c0-4c82-9dd5-84bcf94de402,DHL 776,Road,3.33,1532,4,United States
32494401-017d-4d19-99c1-1a645c56f491,Maersk 777,Sea,4.04,442,5,Japan
7560dda2-ab0a-4509-908f-e0dd23262cfa,Maersk 778,Sea,4.46,3327,24,United Kingdom
cdba4480-5926-4542-a037-82cff35940a5,CMA CGM 779,Rail,3.52,671,7,United States
a2a8f3e8-331a-4bfd-be19-9ee398c00e59,Blue Dart 780,Sea,3.22,1935,15,Singapore
5598e28d-3a7d-42ac-8813-6a038cc5a069,DP World Logistics 781,Road,4.63,3675,18,Netherlands
645e0d01-ab30-47a8-93b0-fa98cb4bfcf8,Hapag-Lloyd 782,Sea,4.42,2347,34,India
9f9940b6-cb45-4be9-b110-231d3dad7717,Maersk 783,Road,3.8,3267,24,South Korea
49f0321e-5966-43d5-a775-77f28303f7c8,Blue Dart 784,Sea,3.37,145,37,Japan
8ce9c630-a051-49ca-8b7b-894c48146df9,DP World Logistics 785,Sea,4.08,3937,22,China
117dc55c-417b-4072-b425-607265182349,Hapag-Lloyd 786,Air,4.07,2515,12,Netherlands
56f3dc4f-b2d9-4aab-bbb9-6991002f37e9,DHL 787,Rail,3.92,427,5,United Kingdom
56945962-164b-461c-a6c1-f5a2723b1bb5,Hapag-Lloyd 788,Sea,4.61,2620,25,South Korea
469682ac-3e16-44c6-a291-6bb8a788f3c9,DP World Logistics 789,Sea,4.7,3230,25,South Korea
aaf31b2f-d16a-4bdb-9c6f-71c390425b61,DP World Logistics 790,Road,4.28,3199,26,United Kingdom
2cd83a0e-2675-47e0-9be1-4ff009b0ab71,Kuehne Nagel 791,Road,3.39,1048,20,UAE
5003005b-ba7d-4a1d-aa71-1d315100dc42,DP World Logistics 792,Sea,4.0,3664,16,UAE
77aaeace-2490-48b9-844d-ca7bbf875d01,Hapag-Lloyd 793,Road,3.6,2339,28,Japan
726fc977-a099-4bf7-b5cb-de581ca7b37e,FedEx 794,Sea,4.24,2272,21,Singapore
d100a149-8051-4aef-816a-72c316e1b5be,Kuehne Nagel 795,Sea,3.88,960,25,Germany
1c289ac7-4d83-40db-a3d5-58cda15c2e08,Allcargo Express 796,Sea,3.43,931,19,Germany
95569261-8548-4fef-9001-14edcffcdca8,Hapag-Lloyd 797,Air,4.13,2225,17,Japan
5b32d173-585c-4f35-bee8-a9e8deac8177,CMA CGM 798,Air,3.13,2600,33,Netherlands
1a634079-519e-4c6e-9b54-7b4bacce0ff4,Emirates SkyCargo 799,Sea,4.65,164,34,Singapore
fb8779e0-cfba-4e7b-b4f5-d0352912f3c0,CMA CGM 800,Sea,4.46,2127,30,United States
35ba0733-20fa-41a5-b034-fd055a8c49d3,Blue Dart 801,Road,3.3,2117,29,United States
74111f34-8504-49f6-aae2-7ffc4816abf4,DHL 802,Sea,3.42,3048,14,Germany
581dc3cd-c051-4ad4-bacf-1516d73fec69,DB Schenker 803,Sea,3.26,458,29,Netherlands
4bab8b59-3f37-4418-854d-8b1c529702ec,Blue Dart 804,Sea,4.16,1156,17,South Korea
8bedad17-9246-4630-9f27-c42f7593df51,Allcargo Express 805,Road,3.34,3079,3,UAE
f5482702-bdce-4581-a4c3-01956be96c65,Allcargo Express 806,Air,4.38,2799,36,United States
889df694-c0ca-475b-bf6d-31e9a57717c3,Kuehne Nagel 807,Sea,4.81,201,16,Japan
eec7378a-b35c-4e54-9fc7-5d5e2cb0df2f,Blue Dart 808,Air,4.73,3615,37,United Kingdom
1735e380-9f01-491a-b733-28571f3d9fae,Kuehne Nagel 809,Rail,3.84,3493,36,Japan
1d5addc8-b296-480a-8c30-6ad8bba76484,Blue Dart 810,Road,4.76,3438,13,UAE
87abde9e-b6ca-4b58-a732-01f3860d7820,MSC 811,Sea,4.73,1847,32,United Kingdom
d8ea3d0b-c8c1-43e0-aee1-1bca1750f105,Maersk 812,Sea,4.45,3086,32,South Korea
e23c13b3-85fc-47ee-a340-d75bab240d7e,Hapag-Lloyd 813,Sea,3.11,1449,27,South Korea
ec207ab8-e934-48e6-a261-7682a47e5178,FedEx 814,Road,3.8,3101,19,Germany
2c0af5bb-ee97-4c88-af75-3b48a91d8afb,DB Schenker 815,Sea,3.58,3757,38,UAE
678125b9-11b2-4aec-aae8-5487d9841662,Maersk 816,Rail,3.42,1721,5,China
d8b442ca-2ecd-4d9a-b06c-93e9ea18bb8d,Maersk 817,Road,4.2,431,31,India
6838f7d1-bdb8-407e-867e-56a23a6f5ec5,CMA CGM 818,Air,3.12,2747,30,United Kingdom
457918c2-d2bb-4f72-b435-4e6754313ce3,CMA CGM 819,Road,4.74,2144,30,Germany
16d589bc-09a1-4f16-af1f-a712da07e43a,DP World Logistics 820,Air,4.42,3507,13,South Korea
c45e595c-9ec0-424e-b0fa-19c8b87776e3,Maersk 821,Air,4.02,1230,31,Singapore
ca704f0b-6527-4507-8f7b-c94afc015286,Kuehne Nagel 822,Sea,4.71,2353,28,India
8df8ff5e-ee8d-462d-af5c-531959a53ffe,DP World Logistics 823,Road,4.46,184,36,United Kingdom
1b8e50ec-df14-4f7f-92a7-8412667806fe,MSC 824,Air,3.81,1785,30,South Korea
8adbe84d-2281-4a37-8e90-ba895d691c2f,Blue Dart 825,Sea,3.61,3962,7,Japan
ede36502-321d-400b-8e54-19492fbd109a,CMA CGM 826,Sea,4.44,2531,22,UAE
928385d2-fea9-456c-b5fe-43c60b20ea43,DP World Logistics 827,Sea,3.95,1413,34,Japan
c18aaaaf-1375-42c4-984a-a56b58275adf,Maersk 828,Road,4.0,1041,20,Germany
e4744611-b069-4a2f-b0f3-b8957bc008f2,DP World Logistics 829,Sea,4.76,3461,35,Japan
95e1a1af-6b9b-48d1-9559-753db57b5187,Blue Dart 830,Sea,3.6,1655,27,UAE
abd7e682-12a7-40b1-8b12-9210715a6e35,DHL 831,Air,3.13,612,15,South Korea
39b99ebf-cc78-432a-a133-4fbba2dec655,DHL 832,Sea,3.65,2914,32,South Korea
b453946a-2496-4161-99e0-c0f35e7bcfe8,MSC 833,Rail,3.35,808,17,Singapore
63dd5a91-f022-471f-80ad-60b7422349b3,Maersk 834,Sea,4.02,1531,35,Netherlands
1c3dbfba-8a3c-4773-b05f-02fc79f762d6,Allcargo Express 835,Sea,3.56,211,6,UAE
ad73acb2-e2f5-4887-b880-0cd7270f55df,Allcargo Express 836,Road,4.19,3486,34,United Kingdom
90357d59-c439-42a1-aa4a-ceeb077303f9,Kuehne Nagel 837,Sea,3.6,3196,5,Netherlands
eb2b4389-7e7f-4953-a79c-993fde10f57f,Blue Dart 838,Sea,3.68,1974,15,China
9824700f-c200-4801-904e-bf1e497e232d,Allcargo Express 839,Sea,4.09,3995,34,UAE
4f71e834-db19-44dd-aa46-a7665ad3f856,CMA CGM 840,Road,3.36,1810,20,United States
cdcfad39-d74b-4c92-8027-feff5a2d8580,Hapag-Lloyd 841,Sea,4.02,1616,29,Singapore
53e93a61-3f41-48dc-87d7-9fd4b34d6075,Blue Dart 842,Sea,3.58,35,37,United States
a64f1b4c-f01b-4262-ab3c-af21c56ef743,DP World Logistics 843,Sea,3.53,3608,10,Netherlands
d538c65c-cf56-4c65-b888-b06f3c8a7e3c,Maersk 844,Rail,3.83,2985,28,Germany
c7d0c37a-5209-441c-a772-dd1355d9dba8,Hapag-Lloyd 845,Sea,3.22,3698,19,China
20c2bb31-8927-40ed-987b-26749f316eac,Allcargo Express 846,Sea,4.64,2232,37,China
dd2600ea-69e7-4f0e-a316-3c703d574bba,Blue Dart 847,Sea,4.45,3069,8,United States
f33c330a-56bf-4176-b2f1-93ccf10785de,Maersk 848,Road,4.7,2008,38,UAE
58143ae7-1a04-4d78-bca0-25d4ad79cb14,Emirates SkyCargo 849,Road,3.42,2020,19,Singapore
f4f26ce0-fe26-46ba-a5e5-cb41fa29f89b,Blue Dart 850,Road,3.32,754,33,Singapore
9fa0764a-a618-4e51-8583-134f2fae2c14,DHL 851,Sea,4.47,2195,10,Germany
62dd6303-c03f-4a9b-969f-30be62f65b3a,Allcargo Express 852,Sea,3.34,1257,23,Netherlands
9f3e3b4a-f560-49e7-8e98-714d6c442824,FedEx 853,Road,4.2,612,20,Netherlands
2557e220-a580-4ce5-ac15-892ed55ed018,Kuehne Nagel 854,Sea,3.37,3300,22,Netherlands
a1633000-c65d-4148-8444-3453f0182f6e,Emirates SkyCargo 855,Sea,3.11,4058,10,UAE
4bc05c62-6cde-45fc-9c6c-588263f1c6d4,Emirates SkyCargo 856,Sea,4.06,881,25,Japan
d161d0e9-e637-4785-b6f2-d2119ecd825e,CMA CGM 857,Road,3.55,3946,25,Singapore
d0b8d4db-3062-4ed6-a221-0a11344f9a16,Emirates SkyCargo 858,Road,4.02,1529,35,China
827466b4-c5de-48f7-9c29-d8e6461b845a,Kuehne Nagel 859,Sea,4.19,1395,11,South Korea
03d6f08d-a3b3-4333-aee7-5c5846d1cbff,MSC 860,Sea,4.39,3935,26,Singapore
8cc71bda-75d1-4633-be7b-8a50432c7e21,Kuehne Nagel 861,Sea,3.29,195,16,India
773ff0c2-48dc-4bb5-942b-050d697e8906,FedEx 862,Road,3.72,258,9,Japan
9245e103-f056-4762-932d-09e04cb64965,MSC 863,Sea,4.83,388,7,Singapore
2f5290ba-ebb2-4757-9ef9-a586bc116033,Kuehne Nagel 864,Rail,3.73,3464,6,United States
eced8837-1edc-4c0d-ba19-ef1b74b0df94,MSC 865,Sea,4.79,4048,10,United States
a7844d5f-09c9-4225-869a-26776a4670e4,DHL 866,Sea,3.26,2951,32,United Kingdom
65f79ec5-a3c5-4a54-a9b9-d7af82fbce6e,CMA CGM 867,Rail,4.01,978,9,India
05c6ecfc-d56e-4db8-884e-bd804a373fb4,DP World Logistics 868,Sea,4.77,2590,26,UAE
c9fd2977-8203-4294-a6a1-b7ee19d7aa89,MSC 869,Sea,4.29,2163,34,Singapore
8c0d5046-3e2d-4e9a-9155-ae90c7051db0,Allcargo Express 870,Air,3.78,2729,9,Japan
7b11b9a9-e94e-4b9d-98b7-c91b9e38302b,DP World Logistics 871,Rail,4.3,1149,4,South Korea
3021c191-41d2-4b3d-804c-66ed08865dc5,MSC 872,Sea,4.9,2239,8,Singapore
396a5a88-b376-49ff-9765-3e793dc08e5b,FedEx 873,Rail,3.23,4031,31,United Kingdom
3168b1c0-4e7e-4628-9b9d-5ad404bfee1f,Emirates SkyCargo 874,Sea,3.57,829,16,China
672daab8-9567-43a8-bce4-b2c29a0eb7f6,DB Schenker 875,Sea,3.28,1027,35,Germany
a98e42f3-9d40-4d20-afe0-2f6c530fe6f2,FedEx 876,Road,4.76,3677,22,United States
a0d27578-5070-464f-99b1-7ea6a36783bf,FedEx 877,Sea,3.53,3151,3,Japan
2d9386e2-057c-4e9e-9744-d93bc8a33697,DB Schenker 878,Road,3.96,2438,3,South Korea
2e0e9a35-f5c6-4d97-914d-f074353105f0,DHL 879,Sea,4.26,2352,26,United Kingdom
c3eda40a-e5cb-4410-8b28-ba7590fe5f70,FedEx 880,Road,4.27,2444,28,Japan
c22ed009-56a8-4a76-b193-54da26dc6ba3,MSC 881,Air,4.34,2425,23,UAE
83f7dbed-0021-4475-bf56-ff5583c4d3fd,Maersk 882,Sea,4.23,2474,23,Netherlands
0619bd94-51e0-45e3-b891-25e79887f2fa,MSC 883,Road,4.55,3103,20,China
ecebaf23-3f7d-451b-8098-60ca077f3e03,Kuehne Nagel 884,Sea,4.66,1309,9,China
1991cc4a-3a2c-4a4a-a4b6-432c0bcd6762,Blue Dart 885,Sea,3.3,51,5,Singapore
a41e603a-2d37-48fc-8153-63fe21f2dd58,DB Schenker 886,Air,3.25,262,11,United Kingdom
a1433403-9cb4-4f5d-a10a-bc2acd3f021a,Allcargo Express 887,Sea,3.66,719,38,United Kingdom
d9844be8-ff50-4983-af00-dafce162efec,CMA CGM 888,Sea,3.19,1036,35,United Kingdom
930b9946-713e-4d04-8aa8-0814e36df0d6,Allcargo Express 889,Road,4.33,810,38,UAE
9ae54817-c5e8-4458-8e0d-a63ef5a41a12,Blue Dart 890,Road,4.48,2101,16,China
782034aa-fa3a-43aa-8b9e-daed1e419819,DHL 891,Sea,4.3,215,34,United Kingdom
5f4793f2-d958-4b2f-8b8d-395078d0491a,Kuehne Nagel 892,Air,3.22,2952,34,China
48695967-e5df-465a-9151-eac2cb856989,Maersk 893,Air,4.27,4097,17,South Korea
00adecc0-92cc-4d99-a93f-0eec0d84d33e,Hapag-Lloyd 894,Sea,3.88,920,8,Netherlands
1ea3130b-354c-4dca-a26e-13c820ebb8fb,CMA CGM 895,Sea,3.84,3460,33,Netherlands
8719742a-43ef-4c3a-801f-d21e15efccb0,Maersk 896,Rail,4.84,3709,33,India
15b1e194-d7dd-4a23-94dc-ca40660095f0,CMA CGM 897,Air,4.89,4164,36,UAE
d21b27bf-0dda-4958-b1c7-9b8efe07c231,DB Schenker 898,Sea,4.57,3155,10,China
6b977896-a37a-4cbb-90d1-9529c0bcbc33,DP World Logistics 899,Road,4.43,1261,12,Germany
fc3438db-bb4c-4eea-89a4-cbd7515ae996,Allcargo Express 900,Road,3.52,3370,19,India
f844a462-6de7-4546-840b-f0b5e7785a71,Allcargo Express 901,Sea,4.23,3365,6,UAE
1bc0ec60-86b0-404a-af02-a4b98a6b7ced,Allcargo Express 902,Air,4.27,3806,8,South Korea
b3327e8f-06e0-4e5e-927a-48b7d5c3a083,Maersk 903,Rail,4.77,3743,18,United States
0ce1f4da-63c2-46c0-9e0b-ca3c969983e3,Blue Dart 904,Air,4.12,1660,9,United Kingdom
a6a67e7a-9529-4e34-b5a3-123c77df4db7,Maersk 905,Sea,3.7,2172,14,UAE
c60cf289-cda6-410f-810e-acec39945524,MSC 906,Air,3.85,3371,12,Singapore
be558aba-0935-46a5-9c37-86149ae44dcf,DP World Logistics 907,Air,4.62,3719,19,UAE
18a724a6-b8e5-450b-be1a-b50ff1966175,FedEx 908,Road,4.48,2290,34,Netherlands
da958b05-19a6-4936-bb44-bd07fa7ac781,DB Schenker 909,Sea,3.7,2303,25,China
67309f80-102e-454b-b3fa-f56cb2911e71,FedEx 910,Sea,4.37,3054,7,India
8b57f72b-dd6e-43af-b2b2-3c2ab6c6ae4b,DP World Logistics 911,Rail,3.26,2405,38,Germany
90acea90-f8ec-4282-a930-5e4c1b4ddc2c,Kuehne Nagel 912,Rail,3.16,675,18,Japan
831babc9-3eaf-47a8-abd3-22720c00b6b7,DB Schenker 913,Rail,4.83,799,15,India
c7abf46e-9d09-4edd-9bea-c586309c4bdc,MSC 914,Road,4.71,1118,37,Germany
d3eb8ef7-6d93-42d4-ace0-f237a08305f0,DP World Logistics 915,Sea,3.81,3097,36,UAE
cc9c3c88-e51b-41ff-90f5-e0ab5a8aef6b,MSC 916,Road,4.51,943,36,South Korea
0c3de3db-55e3-4426-bf72-614b4d931d43,Blue Dart 917,Road,4.23,171,13,South Korea
38cc4312-4533-43a0-8f60-816935ae9c17,DHL 918,Road,4.89,351,13,Japan
715b9f04-597f-4ee3-8e93-91f3a97ddb51,DHL 919,Air,3.79,3742,15,United States
76eec458-e4df-4bb3-a2fb-cc5d48d331c5,Blue Dart 920,Sea,4.56,144,27,United States
bce893ca-5c16-43f5-b9f8-edb6c5e85bef,Hapag-Lloyd 921,Road,3.17,271,24,Japan
13fde2af-4173-4f19-b09d-20a272f0daa2,Hapag-Lloyd 922,Air,3.32,151,18,United Kingdom
aac7ce9f-b136-4d4d-a77b-8ee75258a5e5,DB Schenker 923,Road,4.89,1159,8,UAE
404f8a47-8dd3-4ee4-951b-f1324c0e78d4,Maersk 924,Air,4.25,2432,22,South Korea
f11e5f3f-b60d-46f2-a74c-282e217cd159,Hapag-Lloyd 925,Road,4.84,632,5,India
4eddd82a-acbe-4135-9845-b3f6a800e87d,FedEx 926,Rail,3.72,4137,23,Singapore
2fc5cb5d-b286-446d-bed1-f36750c0652c,DP World Logistics 927,Air,4.13,3384,31,UAE
a4df5215-3f35-4ceb-a0a7-a85018941a29,Kuehne Nagel 928,Road,4.39,1061,29,UAE
2ba60ea4-0a75-4d5f-ba62-7e49134137e6,CMA CGM 929,Air,3.75,147,29,UAE
c805de16-da64-42ae-b9b5-f79d2b9e20f3,Emirates SkyCargo 930,Road,3.25,3895,4,Germany
b52e45f2-2011-47f7-a3b1-cf1b90c41fcb,Emirates SkyCargo 931,Sea,3.52,3427,38,China
aa33ddad-1385-4ed6-a95f-6acf399048b9,Kuehne Nagel 932,Air,3.34,1496,34,UAE
e312a44f-2041-4889-abd7-4fc3507fb537,DP World Logistics 933,Air,4.59,2849,26,China
d69f1d1a-d651-4561-aabe-52b526d81113,DB Schenker 934,Air,3.74,3866,26,Japan
88453775-2edc-40a7-a7c0-ccf12e912067,DP World Logistics 935,Road,3.96,1984,26,United States
974542df-94c6-4a06-9213-a2dc795145c4,MSC 936,Rail,3.9,3795,20,Japan
16f07f7e-6986-467b-97bf-7f78bf136f37,Blue Dart 937,Sea,4.6,3958,14,South Korea
713f7382-b2db-4068-afc9-8339458a9c53,DB Schenker 938,Air,3.46,1970,7,United Kingdom
d3996349-0e5d-4c42-b4a5-6a5295783c37,MSC 939,Road,3.32,2670,6,Germany
0afd5a05-1970-4425-87a0-6f803eb6ccbd,Kuehne Nagel 940,Road,4.38,688,35,United States
c7d7b1cb-5338-4a81-97af-2f8b3797cb8f,DHL 941,Air,3.37,3502,28,Germany
0eafd6b2-c782-4a75-9205-67e6c40791ea,DB Schenker 942,Sea,4.44,1584,24,Netherlands
d7662347-1b4c-4c87-a1ba-5ee115efed34,Kuehne Nagel 943,Sea,4.53,652,20,UAE
9df0fc55-02e8-4721-9962-6144a976379d,Emirates SkyCargo 944,Sea,4.38,4038,27,Japan
1a5019b6-1cb1-41be-8c86-e3670f20ebc5,DP World Logistics 945,Air,4.36,4063,8,Germany
ca1bd3cf-3249-46b2-85a5-664cd0f99970,Emirates SkyCargo 946,Sea,4.86,1548,36,United Kingdom
fe534e84-f211-40bd-b331-bf38b88555f8,Emirates SkyCargo 947,Sea,4.86,3624,27,South Korea
536e452d-5ae3-4aa0-90c9-3454c22b0b73,CMA CGM 948,Sea,4.28,2630,36,UAE
7fef777f-a5f6-42b1-9b52-5a0109ae7626,DP World Logistics 949,Sea,4.44,2829,4,Netherlands
21f679a5-27fa-476c-840f-d0977bd8d06e,Maersk 950,Road,3.32,3789,33,India
11376572-4354-4e9b-812b-a5b71505a54d,Blue Dart 951,Sea,4.53,1108,19,United Kingdom
b3353862-7c51-40c5-b963-5c2cb2ed47e1,CMA CGM 952,Rail,3.17,2712,37,Japan
7f42ab77-e833-46cb-a831-53df32dd3488,FedEx 953,Sea,4.17,2309,37,Netherlands
ded1a04f-d2d2-42e5-babe-5bbaf15b7600,FedEx 954,Road,3.7,1763,19,Singapore
90e5797d-5b89-4f03-8989-63fb6544a697,DP World Logistics 955,Sea,4.47,3152,35,South Korea
b4a8d958-e89e-4877-be22-79930c8bf2cc,DHL 956,Air,4.43,1707,20,Netherlands
32e1ca9f-bc63-4c43-a5c3-1d4e61996c1a,Blue Dart 957,Sea,4.14,1333,22,Netherlands
6cbc9bec-189b-441c-a89d-54118bbb77b8,DHL 958,Road,3.43,3030,27,Germany
6a4e5cbc-71ca-4243-a521-56005d26e82c,Maersk 959,Sea,4.42,696,29,Singapore
fdc84f58-44f5-4d42-8ec7-8e41f3ab96a5,Blue Dart 960,Road,3.35,905,27,South Korea
cc45350a-0464-4208-8985-1365be50fe6c,Hapag-Lloyd 961,Sea,3.33,115,24,Netherlands
16dfa11e-c424-4f1a-a7b4-fe9f06af77a1,Hapag-Lloyd 962,Sea,4.33,2270,20,United States
75a4ce03-2272-43c9-862d-c712991c13e4,Allcargo Express 963,Road,4.48,116,36,Japan
34bb01e4-3662-4c90-b72c-723aa5a40481,Emirates SkyCargo 964,Air,3.21,1771,35,UAE
c8cb9bec-e09f-4fec-9e8d-81d251fb4d45,Allcargo Express 965,Air,3.98,1332,31,Netherlands
13e00e84-886b-48f2-9966-7011f103cf37,CMA CGM 966,Sea,4.69,1804,8,UAE
ce9ce068-6589-4ce4-bc07-4563ec84e9ca,MSC 967,Sea,3.6,434,38,United Kingdom
719776cd-5d06-4f02-8284-1b2ab28f79c6,Emirates SkyCargo 968,Road,4.27,346,28,Singapore
b4aa2bfa-e898-49b5-852f-4b02092f1b33,Kuehne Nagel 969,Sea,3.99,3440,5,United States
c6058962-1fb2-4bf7-ac8e-8574a9a29b90,Maersk 970,Sea,3.91,3291,5,United States
2ca4b88a-a56d-4f3a-9362-0ddddeb2c6ed,Allcargo Express 971,Rail,3.77,407,33,United States
3369bfc2-fcae-4a00-b00a-1ec934927112,Blue Dart 972,Road,3.54,4017,34,United Kingdom
3a5ca239-2535-4915-8060-dc804fb1fea2,FedEx 973,Air,3.44,3976,33,South Korea
be619b1d-bc24-4324-bc18-cab80914b88c,DB Schenker 974,Air,4.68,764,38,China
b63ac893-b48c-454f-86a8-80b076c8eee5,DB Schenker 975,Air,4.53,322,33,South Korea
869b0201-f3fe-45f2-b083-cc2f1c24b615,DP World Logistics 976,Road,4.41,3846,37,UAE
c012f553-15e3-42ee-834b-a8d25df0b282,Allcargo Express 977,Rail,4.27,964,34,United States
f336df2a-e650-400d-a260-68c34b9e573b,Emirates SkyCargo 978,Sea,3.76,2207,3,India
fd4db7da-c604-4f8b-b971-388c1f409020,DP World Logistics 979,Sea,3.59,393,28,UAE
5e1789e1-efc6-472b-bf34-91f980705c12,Emirates SkyCargo 980,Air,4.18,3634,27,Netherlands
dde03a0f-ea04-43b6-8217-2ea96dfe97e5,Maersk 981,Air,3.17,3881,6,Germany
f099cb05-9113-4229-9a50-6fb1312c2ecb,Kuehne Nagel 982,Road,3.28,4048,4,Singapore
8cc9f445-1731-4348-a8f2-1f4049b57e8b,Kuehne Nagel 983,Air,3.98,486,24,China
18a1c727-e249-4d44-95cd-39a04ca45127,DHL 984,Sea,3.54,4168,24,Singapore
37156f26-bc53-474b-b668-870a37e241c6,Maersk 985,Sea,4.25,3285,29,Singapore
7a423c12-67f2-4c40-bf3a-702ca8427efa,DB Schenker 986,Air,3.52,1331,27,Singapore
bbe69323-d278-448a-be75-ee2f3af63ff3,CMA CGM 987,Road,3.24,2662,12,Japan
39ec0cf0-2666-46dc-8c9c-05bf6a51995b,Hapag-Lloyd 988,Sea,3.27,593,38,UAE
96f85bfd-2c8d-47e4-a6f5-cde98b5e8119,Allcargo Express 989,Rail,3.12,4031,33,United Kingdom
68f4f92e-09b9-43e5-ab7c-136a86bb2de2,Hapag-Lloyd 990,Sea,4.68,2478,28,United States
d287b9f0-5f6f-4eb0-a929-59181ab258ee,DHL 991,Rail,3.21,1453,8,Germany
6b4e1d07-400d-47c7-a129-fc1656f7dd26,Hapag-Lloyd 992,Air,3.24,3754,31,United Kingdom
816e012e-b262-4f4e-819e-284d4ff79a3b,DB Schenker 993,Road,4.41,1077,37,India
eead0860-93e3-47c1-878d-47a36487f176,Hapag-Lloyd 994,Sea,4.72,914,5,India
b952feb9-7031-48ec-9539-e14b82e3a8c9,DB Schenker 995,Rail,4.33,2820,36,UAE
daecaf24-6a07-4f39-916b-cdc677f940c9,Maersk 996,Sea,3.12,3043,13,Japan
1901bf0e-b99a-42f9-a941-f46a77ad22c5,Emirates SkyCargo 997,Sea,4.67,1068,5,Netherlands
247acbb0-31dc-4826-ae46-5a8f5f62407d,DB Schenker 998,Road,4.07,3381,5,China
d5fa037f-4111-49f6-859d-049c2d0762aa,DHL 999,Road,3.15,4130,29,India
890db8f7-d29d-4f4b-b593-bb6eb1dc4f7b,FedEx 1000,Sea,3.15,1937,32,Germany
02bfdfc7-03cb-4d25-8f54-1988ed12f38d,Blue Dart 1001,Air,3.4,2859,23,Germany
9b1dbe39-6431-46d8-b2bf-cdac01e90e2d,DB Schenker 1002,Air,3.26,93,15,United Kingdom
76308d96-efeb-4482-bb76-3cf7495af933,Blue Dart 1003,Sea,3.72,3559,25,United States
cc851f88-52b0-486b-9a09-c56c6fac1f7a,Allcargo Express 1004,Road,4.73,4004,22,Germany
c20247b7-b58a-49c3-8e08-38ee4b499478,FedEx 1005,Sea,4.05,600,29,South Korea
2c96db7a-63e2-45cd-b30c-e5e9cadc6099,Kuehne Nagel 1006,Sea,4.49,1057,31,United States
317124e4-a22d-4c40-af8b-29179b615159,Blue Dart 1007,Sea,3.95,2377,3,Germany
5e640d89-466e-4da2-9ea5-9eea71781ebe,Hapag-Lloyd 1008,Sea,4.12,2181,13,Germany
a8fff72d-15e6-4e5c-8d2b-d8a205dba145,Maersk 1009,Sea,4.53,2371,38,Singapore
6c24c452-0444-46f7-a309-37dbbe5add5c,Emirates SkyCargo 1010,Road,4.28,2494,20,United Kingdom
2a02de07-8f8a-4899-87af-46a2fb4fcb39,Hapag-Lloyd 1011,Sea,4.36,1372,13,United Kingdom
920e5418-88a6-4827-8b48-2d651848570d,Kuehne Nagel 1012,Road,3.25,3947,22,Netherlands
f32e6989-b74c-4bd5-a568-d0c116f9cc91,FedEx 1013,Sea,4.81,1979,23,India
836a3aea-d804-480e-b76d-d07dfe416cd4,Allcargo Express 1014,Sea,3.98,3659,30,UAE
51dac32f-ee3a-4319-bb4a-006a23f7c90e,Kuehne Nagel 1015,Air,3.51,1856,30,Germany
3df1d5d4-177c-4716-bf1c-11284403e26e,MSC 1016,Air,3.34,2112,37,Singapore
617beef8-c66c-456f-a042-1dc11531687e,DP World Logistics 1017,Rail,4.27,2351,29,Germany
04e3ed27-bd33-4b7e-9be8-78259b52d69e,MSC 1018,Air,4.72,3143,34,Germany
628da4a7-b8d6-4e01-ab2b-b7aeeb941fdd,CMA CGM 1019,Sea,3.55,2360,18,Netherlands
17570971-814a-4642-bc1a-dab44f4255eb,DHL 1020,Sea,4.49,845,8,Japan
96017729-6b99-4583-a302-42cad9b5fd48,MSC 1021,Road,4.72,3243,8,Singapore
f4e69b2e-97eb-445d-a781-35708842333d,DHL 1022,Road,4.32,243,37,China
3b9fb45c-5bcb-4558-aa38-afbdbdf65ca4,Hapag-Lloyd 1023,Road,3.92,3356,6,Netherlands
228796a2-b118-4e77-9327-c6232ca0dc97,MSC 1024,Sea,3.83,2626,4,United Kingdom
ea6bc171-4abc-49e8-a66e-639e3cc5ea6b,FedEx 1025,Road,4.32,1846,33,Netherlands
61e8f526-54ee-4083-ad27-0e95b1339853,Hapag-Lloyd 1026,Sea,4.26,3880,13,United Kingdom
8b58cca2-0c59-413b-bd44-5612e83e6bc9,Maersk 1027,Sea,4.2,3572,16,Netherlands
40fcc3cf-5ffe-425f-bb7e-166674c38322,Hapag-Lloyd 1028,Air,4.02,2565,26,South Korea
207c19b8-fce1-470d-bd66-4534c4f6d9c4,DHL 1029,Air,4.15,2106,14,United Kingdom
e514d384-f3fb-4dee-9bc6-b41fcb3e6da4,FedEx 1030,Road,4.36,1168,16,China
a85965e3-d41e-4773-b1d3-3ff81ef9ff1d,FedEx 1031,Road,3.43,3761,18,Netherlands
282c3671-70eb-4a1e-8859-851bf0a6ddd0,Kuehne Nagel 1032,Sea,3.9,2295,28,United Kingdom
f146c7b4-7ea4-43c0-8bc8-cb0f4abfe890,DB Schenker 1033,Road,4.27,1303,16,United Kingdom
21ddbbc8-d562-46c9-bfd4-dd366775f273,DP World Logistics 1034,Road,3.93,466,30,Netherlands
56c84f30-cef0-4a97-ac38-d7ad4da691d7,DHL 1035,Air,4.5,1599,37,South Korea
623c8f19-b80b-4e90-992d-a3eb35008622,DP World Logistics 1036,Air,3.34,1793,35,UAE
9cc3a1e7-57d7-4067-a2f5-3215a5a0556d,Blue Dart 1037,Rail,3.27,481,12,Singapore
de2bb7ae-9a6c-4ae6-90f5-5f19fd7be605,Blue Dart 1038,Road,3.96,1155,6,UAE
b5930aee-f60e-4305-916e-d1bf182518a3,Hapag-Lloyd 1039,Air,3.55,2141,37,Germany
5fa14075-fc6b-40d2-886a-e81188157fa6,Allcargo Express 1040,Sea,4.48,3528,24,Germany
8ce8d839-6ea7-45ff-a432-6449fe0bfb1e,DB Schenker 1041,Sea,4.4,112,30,United States
e4673704-15de-4946-ba84-43cc3865de19,DHL 1042,Sea,4.04,1875,9,United States
18e78853-b2bb-4852-88c2-911cfa96dfb5,Emirates SkyCargo 1043,Rail,3.16,3208,7,India
171f56ae-fd5e-4347-aa8d-86428e4da7c4,DHL 1044,Rail,3.4,393,8,China
f06488b8-7719-465d-b0fb-a9b342d882c6,MSC 1045,Rail,3.82,2988,17,India
2955ea74-e101-414d-875e-bc4bbee328d8,FedEx 1046,Road,3.83,1718,30,South Korea
acf2a89c-0a4b-4d8f-b7a4-fc70d308823b,Allcargo Express 1047,Sea,4.4,2164,34,Singapore
b5058edb-1d4d-4821-b9f9-94b7e267e394,Hapag-Lloyd 1048,Sea,3.43,628,3,Netherlands
944e7266-a0d9-48e1-8a40-1db2a3c9f8bb,Kuehne Nagel 1049,Sea,3.68,1839,20,Germany
d86172a3-7484-4add-b5ab-ec2a983ed881,DP World Logistics 1050,Sea,3.58,2449,18,United Kingdom
9e5d0cc1-c261-4a23-8526-4b9083a182f5,DP World Logistics 1051,Air,3.4,900,36,South Korea
1e10159a-e9ef-40e1-a2a0-7c0c23379370,Blue Dart 1052,Sea,4.23,2027,34,Germany
14a1aaf6-712a-4af6-b5e3-163b2bcf3e44,Allcargo Express 1053,Road,3.46,1374,27,United States
75e8cdc1-16fb-4aba-b3d5-5e7b80aa8996,Allcargo Express 1054,Sea,3.62,2317,30,Japan
181e32f4-e7e3-4811-ac1c-66f82368f018,DHL 1055,Sea,3.24,947,35,United States
ed72986c-3d36-4519-b0ed-2914a8227293,Allcargo Express 1056,Air,4.75,1900,4,South Korea
99972bcf-02d9-4f15-9871-f31f453809fc,Blue Dart 1057,Air,4.75,2062,35,United States
6dd3775f-01f4-4754-83b2-fd8a991d1131,Hapag-Lloyd 1058,Air,4.65,3514,14,South Korea
bcabec44-84c2-43aa-94f0-323bbb2a8a4a,Emirates SkyCargo 1059,Sea,4.88,844,22,South Korea
c030c6ed-b639-42d1-be8d-a81a64fa410c,FedEx 1060,Sea,3.63,3111,20,Japan
e3270b64-f25d-4bab-a5c9-2db8dcc0bbf1,DHL 1061,Road,3.36,3570,30,China
622bd302-7373-49a2-afc3-021962fa5884,Emirates SkyCargo 1062,Air,3.61,2517,16,Germany
726f30ba-ed65-4ff2-9eb8-81d338c3e072,Maersk 1063,Rail,4.78,1145,18,South Korea
24b5764a-f8f3-4fd8-9d12-87e7c6ff9d90,Kuehne Nagel 1064,Sea,3.28,3136,15,Netherlands
c42b677f-b0fe-4e69-80fa-486a51679790,DHL 1065,Sea,3.88,1650,14,China
4946bd44-b91b-4ba4-a5a2-4f42bba38087,DP World Logistics 1066,Road,4.14,1442,12,South Korea
5ef793e3-5c8d-436a-b40b-f01bc9fdcd10,CMA CGM 1067,Road,3.23,73,28,India
ed048b8f-3c9d-4ae2-9ae3-f78016c0305e,Allcargo Express 1068,Road,3.88,1818,37,Japan
452b23d2-3fff-4ea6-b588-ac7a109871d3,CMA CGM 1069,Sea,3.35,296,3,Japan
b53ac050-f532-4cf5-999d-66fe4da3a10f,Maersk 1070,Air,4.27,3839,37,Germany
12c936a2-9e62-464b-84c4-59c55b72b9dd,Maersk 1071,Road,4.0,3833,23,UAE
623fc52f-e2b3-40f5-bf15-fd5a30beaa46,MSC 1072,Sea,3.54,756,23,United Kingdom
d5f40358-7847-477b-8746-fd35b9700259,Maersk 1073,Sea,4.55,2162,31,United Kingdom
7e6f9f0d-8310-4f18-b1b0-50fc94c4db85,DP World Logistics 1074,Sea,3.52,2916,5,United States
ede67e1e-19cd-4ea4-b2f8-43acf5515a91,DP World Logistics 1075,Road,3.59,2276,10,South Korea
db7cb5ee-24f7-4153-886c-7c83e0ab3f60,DB Schenker 1076,Sea,3.3,3685,3,Japan
65921541-1217-438a-a184-a12500b52303,Blue Dart 1077,Air,3.81,564,16,UAE
2a8a79f5-4a74-4d36-bf0a-1070aac1e792,Hapag-Lloyd 1078,Sea,3.49,1173,36,China
4eb5373e-d44a-4266-ab46-65f45321bfcc,Kuehne Nagel 1079,Sea,4.61,1257,10,South Korea
87969fae-538c-4853-99ab-c639dab00f9f,DB Schenker 1080,Road,3.16,3061,34,UAE
ece5a6b4-2003-4e7d-9c38-e40cad54cb30,Blue Dart 1081,Sea,3.21,1075,15,Singapore
4a6ec48c-c7b4-496b-816b-1d70e3582913,Maersk 1082,Road,4.31,351,16,South Korea
fa7bad48-71d7-4651-b000-9635ad39b77d,Allcargo Express 1083,Road,4.4,2354,17,China
602e4418-393a-4045-b4fd-d3d254b719f8,DP World Logistics 1084,Sea,3.26,2147,26,United Kingdom
983822a3-288c-4127-b865-f6e3d270ad55,FedEx 1085,Air,3.95,2804,37,Singapore
dc5924b7-1834-440e-a88d-05a969af9cf5,DB Schenker 1086,Air,4.68,3702,19,United Kingdom
bbf953bc-0458-4049-9e60-65a4311ffe81,Kuehne Nagel 1087,Rail,3.22,1017,10,China
7ee90047-b375-4dbe-8154-1511fbd5426f,Emirates SkyCargo 1088,Rail,3.69,3494,29,Singapore
9c5bd4a1-2ac6-44f6-9213-3e0fafa263e4,Maersk 1089,Air,4.51,718,4,India
69cce236-2f5d-4187-bd19-ee76a22e702c,MSC 1090,Road,4.6,1789,36,China
7d43b094-c838-4ae9-8b62-e2fc38d12f00,Maersk 1091,Road,4.6,3601,13,Netherlands
e205e048-205f-48be-b4c7-f3389914d703,Hapag-Lloyd 1092,Sea,4.09,2912,3,United States
efcf2903-460c-4df8-a74d-d304149625be,Allcargo Express 1093,Road,3.2,3141,24,United States
21f1528d-8c2a-484f-b4b6-196d79cf1633,Blue Dart 1094,Sea,3.4,3016,17,Japan
7c5e4b9e-134b-41f9-9420-e19333151777,DHL 1095,Sea,4.8,1554,26,United States
e90802ee-729f-4968-b842-cdf5cdb0acf2,FedEx 1096,Air,3.66,1411,7,UAE
f6d85003-b40d-4b2f-acc6-b4924a284d06,Hapag-Lloyd 1097,Air,4.88,1143,9,United Kingdom
b40d024a-9080-49e1-8a2c-38ae1b5a3134,FedEx 1098,Sea,3.97,3535,32,Singapore
20de425b-1062-4647-89c6-fcc1531af545,MSC 1099,Road,3.89,997,19,Netherlands
95afa473-ac66-4af2-bb6c-8ad8dfb425c1,Blue Dart 1100,Road,4.38,2229,37,Netherlands
e93afe2c-d895-4eb1-9efa-eff9880c8b06,CMA CGM 1101,Sea,3.27,1790,24,China
4fab0e2c-ba70-45ba-99f8-1b370fd86bd8,Hapag-Lloyd 1102,Air,4.38,3463,9,Singapore
d3f1a55e-39af-43e2-a706-dbbe998b690c,FedEx 1103,Sea,4.16,2359,25,United States
e4fceee1-783a-4ce8-9294-10461d0bf2fc,FedEx 1104,Rail,3.53,2522,18,UAE
79fa5028-3663-40db-b64e-3d71cbfb9299,DHL 1105,Air,4.68,2142,4,Netherlands
abf614e3-f6d2-41e6-a225-7fd8ad1a6cd1,DHL 1106,Sea,4.57,3258,23,Singapore
7bccc9a0-2274-4465-b2fb-9cf4dbc1713e,Emirates SkyCargo 1107,Sea,3.45,2692,14,United Kingdom
28923bbb-3185-4eff-9520-dda2a2f563bf,FedEx 1108,Road,4.29,1266,35,United States
3b45e213-f97c-45b5-8a11-053e1a166f66,DHL 1109,Road,3.19,3956,38,Japan
b3e8cda0-8dce-4249-bcf1-2586ca0c8162,DB Schenker 1110,Rail,4.81,1984,31,Japan
20be2837-f036-46b7-9cac-538c25685222,Emirates SkyCargo 1111,Sea,4.16,3376,36,Japan
17751d25-b068-4c9a-b6e5-797b9998b97e,FedEx 1112,Rail,3.16,2033,4,United States
e859896e-4a3d-4f8a-8e3d-84c48bde745f,Allcargo Express 1113,Air,3.18,754,7,UAE
5b4fddef-e243-4fd5-aef4-07dc702e395c,DP World Logistics 1114,Road,3.95,784,23,United Kingdom
baaa5e08-f5b8-4d8d-b352-be357510a5cc,Blue Dart 1115,Road,4.51,2358,37,United Kingdom
cb10c831-fc8a-4362-a1f4-450b2add7315,Maersk 1116,Sea,4.32,859,11,Germany
6455782a-644a-4579-9e13-a61fe61dfa3d,Allcargo Express 1117,Road,3.39,594,24,South Korea
1c68bada-9ae8-4afe-93ab-1b8dbaa03943,DP World Logistics 1118,Rail,3.96,3695,28,Germany
9b0bc1af-92f3-4d4e-8775-0705b9a4a3fa,DB Schenker 1119,Sea,3.82,1253,14,Japan
9ad5cb90-9d32-4ac4-8c49-55609c8b4f21,FedEx 1120,Sea,3.75,437,33,South Korea
bf3af2f0-d3ae-4efd-852a-cf83dc77a09d,MSC 1121,Air,3.93,1298,12,Germany
76db0ad9-0c00-4a07-9989-b51e15950b82,FedEx 1122,Sea,3.93,4172,25,UAE
43f5d332-6b95-427c-868c-e462000406b4,Blue Dart 1123,Air,4.04,1129,29,Germany
c49024b2-5a2e-4e51-a50a-ec0c8135b016,FedEx 1124,Rail,3.31,53,24,Singapore
4d02e11c-b253-4a89-bfb7-0a73feb3854b,DB Schenker 1125,Road,4.62,2651,14,Singapore
e2bdc2db-fb64-4be0-9cd0-6038b7c197ed,Allcargo Express 1126,Air,3.95,2536,33,Japan
4ae16081-eb9d-45aa-b156-6dbf629be17e,Maersk 1127,Road,3.68,2128,10,Netherlands
b5aaf552-ed53-443c-b4be-a3a38904d3bd,FedEx 1128,Road,3.54,875,19,Japan
c91275e6-c06f-437e-8c52-684d057c520d,Kuehne Nagel 1129,Air,3.56,2880,26,China
e556e48d-e8e9-4ba3-853e-5276d4fb8cc2,MSC 1130,Air,3.44,1569,16,India
0591eaf1-e335-4238-9ee9-017b9d18cd25,FedEx 1131,Air,4.83,2266,38,Germany
c42a9222-e750-4e1a-8359-d5382d4caec6,Maersk 1132,Road,3.12,2528,35,United States
a94c2f85-70c4-4604-a700-e177bbdf5025,Emirates SkyCargo 1133,Sea,3.33,3962,33,Singapore
3851bcbc-6e18-44c0-917b-763ea1608816,DHL 1134,Air,4.84,1834,11,Germany
e5f59b13-b2af-4217-808f-0bd1ab1713c1,MSC 1135,Air,3.42,3446,13,Germany
1b4a0800-afd8-4c2a-a190-2febc4f9f68b,CMA CGM 1136,Road,4.14,3619,17,India
a6bde4ae-0a9e-474c-886f-d2a6af8459bb,FedEx 1137,Sea,3.77,2845,10,China
eb091b01-1205-489a-bfe1-18ddc7d399f6,Emirates SkyCargo 1138,Road,3.6,3620,3,South Korea
e94e575f-dade-4c7e-bffd-e53237094b8c,DB Schenker 1139,Sea,3.77,3655,5,Netherlands
e7f9e577-da7b-45e3-be37-7e51e1eebc30,Hapag-Lloyd 1140,Sea,4.75,921,24,Germany
9ab3b0f7-f3a6-4c8c-acfe-39621d00489d,Emirates SkyCargo 1141,Rail,3.15,3630,22,United Kingdom
8feb49f4-ab95-41bd-8e17-3359c7113e39,Allcargo Express 1142,Rail,3.15,809,5,China
a2dd67c8-8301-4572-9191-f855dc61ef47,CMA CGM 1143,Sea,4.58,2410,20,United States
4413fdd4-4be7-4e5e-b7d1-dd426302d344,CMA CGM 1144,Sea,3.9,2719,33,India
5f080451-546b-4428-9251-8bcaf7b985c7,MSC 1145,Sea,3.5,260,29,United Kingdom
ba17141d-913c-4d7f-a1f7-be17b27272f6,DP World Logistics 1146,Road,4.4,4117,33,Singapore
2ed3ec7b-0b3b-4008-b14b-439f40f03758,FedEx 1147,Road,3.84,1829,30,Germany
3a2fe73a-cd36-4656-b456-1e4503408bb8,DB Schenker 1148,Road,3.43,1899,23,UAE
43009511-38bf-46d5-8d9f-3f24735fe099,Emirates SkyCargo 1149,Air,3.16,3823,18,Germany
070d8ef1-e21e-4858-9328-f5cdfebabd92,FedEx 1150,Air,4.62,558,18,India
0567627f-5159-4a45-bae5-cee34ef60db9,DP World Logistics 1151,Sea,3.98,2819,27,Netherlands
3026b309-5c47-4ad7-824d-9613d77270fa,Kuehne Nagel 1152,Sea,3.33,3861,38,Germany
6ca2a75e-6cea-4a41-ac13-229040b32b7d,MSC 1153,Sea,4.35,1851,8,UAE
f8076c60-2463-4227-b26d-b401a44c95a7,Blue Dart 1154,Road,3.61,3065,21,Japan
6f8d4e38-691a-4738-a51f-86ba612e98b0,Kuehne Nagel 1155,Sea,4.57,3426,4,United States
a5938aa6-557b-4a95-b528-14d28a4a5871,Emirates SkyCargo 1156,Sea,4.68,91,24,Germany
fcbd40fc-420c-4495-8a2b-606118b2d8ef,DHL 1157,Sea,4.31,380,3,United Kingdom
16cb14d1-bc31-43f7-9dfb-0d4c52a636f5,CMA CGM 1158,Sea,4.13,3898,16,United Kingdom
87bccfbc-88ff-4908-b37c-296be26d77be,DP World Logistics 1159,Sea,3.87,762,36,United States
17ecd7c8-f462-4f68-bfa9-aa791ab715ae,DP World Logistics 1160,Air,4.68,3247,34,Germany
ffa7f4c8-3aff-4e08-b062-d24fe327f577,DHL 1161,Sea,3.63,167,18,UAE
60a0276c-b804-4862-8a90-88ef7835bffb,Emirates SkyCargo 1162,Air,3.86,3253,9,China
7971ec71-76a5-4a1e-bce8-e675916ccbd7,Blue Dart 1163,Road,4.72,97,28,China
db6ade39-4fa4-4223-aaa4-7f3c38af645a,Emirates SkyCargo 1164,Road,4.18,265,6,UAE
5000e743-50e6-4199-953b-4594d5e3efac,DP World Logistics 1165,Sea,4.17,173,14,Singapore
8b3825f1-8315-4df6-9df0-c8e159e785c4,Maersk 1166,Sea,3.76,2825,27,UAE
c29eba25-9410-4da9-ad38-56a22524c315,DHL 1167,Road,3.15,1853,22,United States
4173f36c-62fb-4296-97a4-02d86a1bf7e0,FedEx 1168,Sea,4.76,2781,21,Netherlands
2109a592-b1a9-4453-8af0-8204107ad09d,Maersk 1169,Road,4.34,3482,16,Singapore
99d2273a-06a0-45ca-b282-d8284c6f70f8,Blue Dart 1170,Road,3.51,700,14,China
1db6519d-a1a7-4aef-a9cb-723e3a391c35,Maersk 1171,Road,3.88,1584,31,Japan
4a0e67c7-26b5-4919-9952-d30f0c97a396,Blue Dart 1172,Road,3.11,3124,25,Singapore
81c942a3-c36a-47e1-8045-898b8ba1fe73,MSC 1173,Road,4.08,3169,14,China
194fde97-f8e6-4c87-b0dc-c4e0447feef9,DHL 1174,Sea,3.69,3291,16,India
eacb22b3-2df1-4f78-8862-d5dcc2807490,Hapag-Lloyd 1175,Air,4.18,3674,6,Germany
adabfdeb-6f24-4729-b8fe-be57775aeca6,Emirates SkyCargo 1176,Road,4.76,1298,8,United States
457bcb02-12fc-4858-a855-637fd1985313,Blue Dart 1177,Air,4.09,2900,10,Japan
0b64aa07-a3ae-43e2-b7d3-3fe425297268,DP World Logistics 1178,Sea,4.34,1229,9,United States
33f9f1f3-88dd-4d74-8a19-fecb609aad87,MSC 1179,Sea,4.17,3776,22,United Kingdom
488a33c1-584a-4506-baff-43c5c9ff1293,Maersk 1180,Sea,3.77,1284,15,Singapore
5ef45b37-7cf7-4d7a-9dad-e2bd53cc368b,MSC 1181,Sea,3.83,1801,12,Germany
9ae5eae1-ea53-44e0-bb64-4af6be849755,Emirates SkyCargo 1182,Sea,4.49,1375,20,South Korea
64657552-06cb-4b06-9afb-ea8cb4c68992,DHL 1183,Air,3.85,1175,32,United States
201e9b1c-6652-4e52-9bb0-ae89ca024966,CMA CGM 1184,Sea,4.39,1781,26,Singapore
247d0342-e7f9-4a5c-a627-3a7f5521687c,DB Schenker 1185,Sea,4.61,3999,16,Singapore
33a1a1a4-2fe5-4480-ad60-d64d842686b5,DP World Logistics 1186,Sea,3.47,3230,38,India
2988dbbe-c329-4573-a94b-b1c0f9ca0a85,Maersk 1187,Sea,4.12,1792,29,Singapore
d580c60e-d6ac-4c07-9aa1-32bea0b4ec97,Maersk 1188,Road,3.31,2012,37,South Korea
a718c317-5360-4fa2-b955-a3d4b0b71662,FedEx 1189,Road,3.78,3315,21,United Kingdom
becb57d4-ce6e-41f1-9554-c89fe430080a,Blue Dart 1190,Rail,3.83,3224,7,South Korea
bf521a35-f3ac-4f0f-8524-ef4519e9a4e9,Kuehne Nagel 1191,Sea,4.74,2110,25,Germany
2a58766a-3651-4ecf-8e90-33f578297d5c,Blue Dart 1192,Rail,3.19,3328,25,China
08499111-a0a2-490b-8c54-87428d9a477a,DP World Logistics 1193,Air,3.23,1010,29,United Kingdom
498ca7ff-1393-4580-84ac-53d376884700,MSC 1194,Road,4.52,1220,31,Germany
9cc96a81-96b6-4ac2-aa54-5d1034546eb9,DP World Logistics 1195,Road,3.66,2718,26,UAE
1d918985-d202-47b3-9ef5-0d5c0a33d3d7,MSC 1196,Rail,4.26,1948,15,South Korea
12aeb4b2-7e17-4379-88d9-2b0fbaef64a6,DB Schenker 1197,Air,4.8,3586,37,Germany
09cde429-dec4-4d4a-befd-9b18b4d89017,Kuehne Nagel 1198,Sea,4.03,3982,18,United Kingdom
81464aa1-8703-4f7a-b270-98d68ca5f30d,DP World Logistics 1199,Road,4.66,1404,29,South Korea
3930c3a6-ead4-42da-9c5c-f9470f2d24c0,MSC 1200,Road,4.5,2436,14,South Korea
b051530f-fcf4-4aed-9a60-7a2798db8f48,MSC 1201,Air,4.65,1055,25,Germany
eb9443f0-34dc-4a04-941e-ca19e070d0a1,DP World Logistics 1202,Sea,4.71,795,23,Netherlands
378a847a-85a6-4673-97d7-8f6c9f657d9f,DB Schenker 1203,Air,4.32,2500,19,United Kingdom
d790ec3b-0cb3-4609-ab2a-57a4163f9265,Blue Dart 1204,Sea,4.15,2919,36,Japan
33a29ebf-67fa-4701-865e-76ea7aff0641,DB Schenker 1205,Sea,3.68,4090,37,Netherlands
c81a0562-e015-4761-9bca-50dc9a50faab,DP World Logistics 1206,Air,4.49,4085,33,Netherlands
8b44de12-1e2a-4fa5-90ae-721f6db8c0d3,Blue Dart 1207,Sea,3.21,2254,20,Japan
95476d89-cabb-465f-bb9b-14f925e89920,Maersk 1208,Road,3.55,457,29,United Kingdom
09c1999e-3d66-481a-8c81-299f8bff3a92,Emirates SkyCargo 1209,Road,3.32,1303,14,South Korea
0af360b6-e3ba-4a50-9229-245dbee60fcb,DB Schenker 1210,Road,4.8,3598,27,Germany
939c3a3a-8865-4349-b420-e6c27ac1d4bb,DP World Logistics 1211,Road,4.36,888,5,India
005a76da-3f0a-4725-8c6f-31d2fa49bfa9,Allcargo Express 1212,Sea,3.7,361,34,UAE
19ef4233-6642-4065-8aee-0d059d130046,DHL 1213,Sea,3.67,3365,30,UAE
f185ad8a-713f-4047-ac07-831267c2a33c,DB Schenker 1214,Sea,4.35,3869,14,Germany
7382b015-c786-427a-aac0-50da95a17513,Hapag-Lloyd 1215,Road,4.36,250,34,China
9ab58456-6ebb-4a2b-bfee-9cf7fb305f12,DP World Logistics 1216,Road,4.1,2971,37,Japan
1753ca13-4b34-4b80-ae39-7ffe494fa322,Allcargo Express 1217,Air,3.81,1399,20,UAE
e2593cf5-84eb-4412-a6b5-77abb7e9d194,MSC 1218,Air,3.91,31,19,United States
bc1ee29d-5313-42c4-82d4-d4ea9e4eccb7,Hapag-Lloyd 1219,Sea,3.96,4019,37,South Korea
de43a21b-9528-45fc-8bdb-12f446fddb9d,Maersk 1220,Sea,4.5,3342,5,United States
214fe649-f299-40df-a082-670f10a134fa,Maersk 1221,Sea,3.5,2493,20,Germany
8c365a86-2ba6-4abc-8a39-5dab7299d0bd,CMA CGM 1222,Sea,4.55,1472,38,Netherlands
06dcacde-50a0-4d99-8651-dd9359698af6,Allcargo Express 1223,Rail,3.28,3533,3,United States
dfba88ac-5c0d-479a-b410-b8116f134fef,Kuehne Nagel 1224,Road,3.12,1993,18,Japan
f80a113b-f0be-4985-a2aa-1a58ee90dfd3,Emirates SkyCargo 1225,Sea,4.5,3258,31,United Kingdom
307e9bed-e3f1-45d0-bf3a-3b78c81f97e1,DB Schenker 1226,Sea,3.76,2597,14,Netherlands
100ba6d9-e94a-4378-92f8-67902d850ed9,FedEx 1227,Air,4.59,1777,3,India
4d4c5812-b19d-4e33-9b68-e3615849e9df,Allcargo Express 1228,Sea,3.75,1810,11,China
aba4a267-248b-4e5b-bf55-461645f06aa8,MSC 1229,Sea,4.09,2881,20,India
f6260e9d-99f4-4d1d-a0f3-8b796b388f4d,DP World Logistics 1230,Sea,3.37,47,17,Japan
3f8bf486-d1df-4756-bfa3-3bacac167b6c,Maersk 1231,Air,4.42,1832,10,United States
befcd7db-590b-4423-9fe8-d8e4c8ee0994,FedEx 1232,Sea,4.73,1618,12,South Korea
9d397eec-46e2-4645-b04c-0da6abe4627d,Allcargo Express 1233,Road,4.44,2312,36,South Korea
3e2db4d6-4665-418b-952f-8f395eb68ac6,Kuehne Nagel 1234,Road,3.25,3264,7,United Kingdom
df1e3bd3-56dc-47a6-a374-72c0ea27b151,Blue Dart 1235,Sea,3.51,2055,33,United States
50f4f8d6-2f0c-4528-a380-7fbda9ffc6dc,CMA CGM 1236,Road,3.59,3561,18,Singapore
b6877da1-5cd4-49b5-84f6-988a94cadc9c,Hapag-Lloyd 1237,Air,4.74,2030,23,South Korea
ed4f5b2a-ce53-4e5f-9f95-01cbcb83930e,DB Schenker 1238,Rail,4.74,3518,7,India
35751f2a-3479-4a2c-a009-c0867564a715,Kuehne Nagel 1239,Sea,4.18,1410,3,Germany
793430d9-3b72-4d50-9a52-989e8b518640,Maersk 1240,Sea,3.59,3016,38,Singapore
e3d3eb51-be7a-4a20-b8ae-d9429a51ac1a,Hapag-Lloyd 1241,Air,4.67,3433,5,United Kingdom
cd1ae363-cc2f-42ef-9a3a-ef0656c3ea01,Hapag-Lloyd 1242,Air,4.1,3656,4,Netherlands
f10a6dfd-f58e-42aa-90f7-dc08206488b3,Emirates SkyCargo 1243,Sea,3.61,1598,33,Singapore
6033e415-79e2-4b5a-93ae-8c8dd45b3015,Maersk 1244,Road,4.84,260,21,United Kingdom
57c5c16d-1136-4577-bf10-e49e076a7b67,Emirates SkyCargo 1245,Air,3.58,2239,14,Germany
3cca501a-3278-4561-a88d-9f554401ab84,Maersk 1246,Road,3.74,2959,37,India
fecdff0e-6c88-4a3b-8dfb-0d411f02be35,Emirates SkyCargo 1247,Air,4.78,569,28,India
3f3ac883-5e24-4c99-9b79-2d427bb60a74,Maersk 1248,Sea,4.55,2128,20,UAE
e8f52c59-5217-41d9-b8ff-22786645ed6d,DB Schenker 1249,Air,4.0,589,36,United States
6aea3854-05c2-4ec2-b141-4f1dd6d8fc9f,DP World Logistics 1250,Sea,4.61,1507,10,South Korea
5eacefc0-5f5e-4f2f-a481-e3e02dde7940,Maersk 1251,Sea,3.97,34,29,India
cb756966-928b-4aa2-a3cd-157d5cc3f500,Hapag-Lloyd 1252,Sea,4.11,3263,33,Netherlands
78695e4a-a33c-49e6-8937-5e036077faec,Hapag-Lloyd 1253,Air,3.3,83,27,United States
76c9c67b-7958-4877-a2d1-5bc741cd9fce,Hapag-Lloyd 1254,Sea,4.03,1546,30,China
006f9f62-4802-42df-ade1-5e413e1920ce,DP World Logistics 1255,Sea,3.15,3928,27,United States
07dd020d-b9ae-4936-8614-e269432275b4,Blue Dart 1256,Rail,3.68,2807,18,Germany
ecfd3d74-a174-49e9-b1c0-9c4e600d3b38,Kuehne Nagel 1257,Road,3.26,4114,31,South Korea
2f4ef03a-c84c-41b7-bcda-3229f2b84b81,FedEx 1258,Road,4.3,2307,14,Singapore
6dd36dd5-b631-482a-be19-b2cc49db640a,Maersk 1259,Sea,4.01,3620,18,UAE
d9168b02-4cf8-48b5-91e8-5f8c3a1ad99a,CMA CGM 1260,Sea,3.87,1882,15,Germany
5570acd1-123d-48ba-962c-91d6d0afbc90,Blue Dart 1261,Sea,3.79,2994,33,Japan
f0a80dbd-b450-48af-abdf-14063a9e6bda,DP World Logistics 1262,Road,4.65,3358,8,Netherlands
2eb6b109-5f4c-4447-ba8f-9460a71c48a9,MSC 1263,Road,4.33,230,32,India
a3212b53-ac26-49c2-a30e-16f8d42f7662,MSC 1264,Road,4.55,3638,35,Singapore
212854a7-10b1-43c7-bd56-b3e4ee6c765d,FedEx 1265,Road,3.95,2102,20,Singapore
aa8e2b58-828c-4c1a-ab88-65cfa31681e9,DHL 1266,Road,3.66,3883,19,Netherlands
b0fa4a81-5c70-44c2-ae48-ea32d345cd61,Allcargo Express 1267,Sea,4.73,3062,26,United States
5be1c2b8-8800-47c9-98ba-061e752a6614,Maersk 1268,Sea,4.76,3512,8,Singapore
323c579f-e8fe-4e44-8e89-74348a971800,Allcargo Express 1269,Sea,3.77,1465,17,Germany
87811bb6-5070-425c-8ca9-e4009d10fafa,DHL 1270,Sea,3.57,3115,3,Singapore
531b56fe-1056-4280-9f93-f3afb107af93,DB Schenker 1271,Sea,3.57,3745,17,UAE
f53229a8-6494-45c3-84f9-bb68a0632707,Maersk 1272,Sea,4.41,1397,20,United Kingdom
6ea76ef8-a939-4d8a-b331-281c91ea4426,DHL 1273,Air,3.15,1281,8,Japan
8450a981-9335-4ee0-ae8a-a00a921d14ea,Hapag-Lloyd 1274,Road,3.27,2919,17,United Kingdom
1e03fe26-2272-4405-a202-eaa666e1f71c,Hapag-Lloyd 1275,Road,3.95,700,26,South Korea
c3e8f2c6-1630-4a25-aa82-e26a8559bd7f,Maersk 1276,Sea,3.64,1878,12,China
6024426e-706b-4551-9064-51ece329b20e,Maersk 1277,Road,4.73,321,4,Netherlands
903f8878-709d-44b5-813f-57487cec7bbc,Hapag-Lloyd 1278,Sea,4.76,1577,28,UAE
f356d296-9aa6-4c49-9d8b-a68150061849,DP World Logistics 1279,Sea,4.05,3802,8,UAE
68e7017e-4cb9-456a-bc59-663803fb63ab,CMA CGM 1280,Sea,4.08,2201,16,Germany
ad2e6b6c-7e98-4da7-a89f-e93a0a2278dc,Hapag-Lloyd 1281,Road,3.96,1943,29,China
a1be0dd3-ef89-43ca-9841-e701bf4139a6,DB Schenker 1282,Sea,4.75,2213,24,South Korea
47f41b57-ff19-424b-8fa1-d9f27f648c66,CMA CGM 1283,Sea,4.06,4014,15,China
81d38fe5-0413-4d2b-bde4-f690db179875,FedEx 1284,Sea,3.31,2225,25,United States
317f9b5f-259d-4424-b747-ec2939dfb096,Maersk 1285,Rail,4.35,1194,17,Germany
fbd5c1d4-8238-4f38-9d1e-9dfecaaf6831,DB Schenker 1286,Rail,4.66,4193,13,Singapore
71cc7344-5ac5-48c2-8448-fc3279b2baf4,Emirates SkyCargo 1287,Road,3.92,2158,23,United Kingdom
601a03c5-2123-478f-adb4-5f951d3b918c,MSC 1288,Sea,4.54,1015,26,United States
ae032c63-cc14-4f79-85f6-1c06ce395c49,Maersk 1289,Rail,3.84,3339,33,India
131b338f-af5a-4417-8e65-77ec49af1920,DB Schenker 1290,Sea,3.59,2858,31,UAE
8cc90dbc-d546-40be-b347-32d3145a11db,Maersk 1291,Air,4.88,2661,10,Singapore
2eb8097b-b51e-45a2-9d4b-514c8091a3f8,Allcargo Express 1292,Sea,3.86,2671,6,India
e853fb73-d868-4e49-846c-38359cb1b343,CMA CGM 1293,Road,3.26,1582,20,Japan
86d0bf67-29e1-49e9-a7ab-da76651a5058,Kuehne Nagel 1294,Sea,4.7,3053,29,Germany
ddd22eb9-c5fd-47f1-9ec2-fd2a5b469c28,Blue Dart 1295,Sea,4.15,3638,31,India
bae58a01-2e31-4597-a833-3144d581a1fd,Maersk 1296,Sea,3.69,1575,9,India
8d7c4f95-63aa-4e29-896b-e36281068cdd,Maersk 1297,Sea,3.14,2182,31,Japan
feae86c2-cba6-4134-88b5-aed86e5e8ee8,DHL 1298,Sea,4.57,2586,10,United Kingdom
48823972-35e8-4059-942c-e5fcdf89282b,MSC 1299,Sea,3.24,2218,12,Singapore
765faa37-5a87-4bd3-91ec-095c1889cd79,Allcargo Express 1300,Road,4.26,4012,10,UAE
b3af43fc-2402-43c4-8b8c-fc22f4a21500,Maersk 1301,Sea,3.26,3221,26,United Kingdom
4c7ffbe9-3f6c-4422-97e4-cb112fceef74,Emirates SkyCargo 1302,Road,4.05,2940,16,South Korea
fdf80cd2-2ffd-4c7a-92f9-fdee63ab91a1,Allcargo Express 1303,Sea,4.2,3646,20,Germany
7ba44350-9287-422c-a621-cc2cd646e9b9,Hapag-Lloyd 1304,Road,4.55,2182,38,South Korea
401d71f0-d6ab-4012-a252-987c89f9c2e4,Allcargo Express 1305,Road,3.75,2573,14,UAE
f7c852ec-e1d0-47f9-be15-2e3a4acd818d,Emirates SkyCargo 1306,Rail,3.96,1245,14,UAE
ed346d3f-8db0-47a6-8288-f69c5d71790e,Blue Dart 1307,Road,4.18,1528,33,Singapore
f5903fe0-cafd-476e-b4cb-4d85302b5f1d,DHL 1308,Road,3.4,1391,5,UAE
c8391729-bce7-4ca9-a3bc-38b9dc7969a8,Hapag-Lloyd 1309,Rail,4.61,3881,4,Germany
c967950f-3643-4634-af33-61f179c8bc2e,Maersk 1310,Air,3.69,2805,29,UAE
d8880d7d-9691-4550-8992-3506de8efd1d,CMA CGM 1311,Road,4.37,630,28,South Korea
a74c7076-b100-45a0-87c2-5208ed299252,DHL 1312,Rail,3.21,634,7,United Kingdom
f7869fe7-c676-4a39-8052-b4eed95259fa,Maersk 1313,Air,4.61,1686,23,India
1b2ca4a6-a1dc-43f2-a349-1c432136abfb,DHL 1314,Air,3.76,43,23,Japan
3941e8b3-00d4-495c-8930-29e0fce6b334,Blue Dart 1315,Sea,4.82,676,6,Germany
f41a45d4-9768-409a-a728-d0bd2aa6b3d4,DHL 1316,Sea,3.17,2398,6,United States
35f28c8b-d797-487d-b689-9d0b311cd884,Hapag-Lloyd 1317,Road,4.22,2476,27,China
bca1d11c-e483-417e-b8ab-287f27860ffd,DHL 1318,Road,4.57,3097,34,Germany
e59625bb-eb7b-4a56-8b6a-eff3473ccf84,CMA CGM 1319,Sea,4.13,857,17,China
87542e09-a6de-4bae-bec0-b98d741a13a9,DP World Logistics 1320,Sea,3.77,2063,25,UAE
f985e8e5-9156-4e89-a63c-18f7c7039897,CMA CGM 1321,Sea,3.21,130,30,India
e89e7e8e-6cf4-4b79-a4ff-67258ace4e23,DB Schenker 1322,Road,4.24,4151,35,UAE
f55c1fe5-0faf-487b-84be-a3d114734d7f,Maersk 1323,Air,4.39,2944,8,Japan
36bda21b-f6b1-4296-b09f-bc33cc0a68df,Kuehne Nagel 1324,Sea,4.87,2410,37,Germany
b07ea8ae-a4dd-4e4f-9277-5b70eef9752b,Blue Dart 1325,Road,3.64,2397,38,Japan
c378d7a2-f427-43f9-ba32-9706f8f0c302,Maersk 1326,Rail,4.17,2574,34,UAE
afef3738-c636-4879-a482-0c3487d1b169,Hapag-Lloyd 1327,Road,4.58,884,15,United Kingdom
210e22f5-f3fc-485c-b565-46458e0ee7ea,Kuehne Nagel 1328,Sea,3.73,3910,11,UAE
6fe63165-0e62-46b4-a291-acd659c7ad0e,Hapag-Lloyd 1329,Sea,4.32,2275,35,Singapore
9055bc1a-ab18-4bf1-afc3-a326665e54aa,DHL 1330,Sea,4.83,902,4,UAE
45232176-0fa9-4fbd-8e8d-4d06deb1cd83,CMA CGM 1331,Sea,3.41,1416,37,South Korea
0d0fc290-681c-4f53-99c3-994d89176a91,Kuehne Nagel 1332,Road,3.72,156,12,UAE
dfae526c-2647-48dd-afb6-35287df125e6,MSC 1333,Sea,4.71,574,34,United States
b474ffb0-937e-49ce-9cfa-ee80476d3485,Emirates SkyCargo 1334,Sea,3.88,684,10,Germany
d7b480f4-6f4d-48bc-b768-da4a955ae8ed,Kuehne Nagel 1335,Air,4.26,1178,17,Japan
f64932eb-80da-4d51-9b10-c0b382c2718b,Emirates SkyCargo 1336,Sea,3.89,3829,25,Singapore
f01b8e87-d406-4ac8-a6d9-e12b2e5e2d1c,Kuehne Nagel 1337,Rail,4.57,1057,24,India
b41f1b19-3b9e-4880-adb4-a0d2811f6c17,Kuehne Nagel 1338,Sea,4.65,28,33,China
6e3d9efd-cb59-480e-9918-8e55c849b348,Hapag-Lloyd 1339,Sea,4.25,1050,6,United States
5669246c-1346-4c81-bd92-3005f7b8b464,CMA CGM 1340,Rail,4.26,3841,31,Netherlands
c5fa1473-67be-4ed1-adbf-37068ae1df75,FedEx 1341,Sea,4.09,2588,28,South Korea
7cf452fb-ceb5-4479-a793-ba4ac1a5da45,Blue Dart 1342,Air,3.16,3221,7,Netherlands
3c507ef2-e47e-460a-ba9d-98e2366ea280,Allcargo Express 1343,Sea,3.68,4123,29,Germany
b5ce0783-8cbe-43e8-98dc-464a834ab9b5,DHL 1344,Road,4.63,3636,31,Japan
34267436-2615-4ebf-a16a-71f3760c34de,Allcargo Express 1345,Air,4.87,199,37,Germany
231557a0-55c6-4544-bf5b-1d0575078bdb,Emirates SkyCargo 1346,Rail,4.04,168,20,India
513136cd-58fc-4ee0-bccb-c918b2ea47e0,Kuehne Nagel 1347,Road,4.35,417,19,India
bff13e2c-061c-4503-9bdc-edc71522d367,Emirates SkyCargo 1348,Sea,3.62,518,31,South Korea
6e29c113-5be1-4190-a237-7890f8e593bb,Hapag-Lloyd 1349,Sea,3.34,3873,3,UAE
df475595-e70b-44fc-bbc2-31495458aedd,DHL 1350,Sea,3.62,428,29,Netherlands
91346091-7a39-4fa1-92cd-6dfcf2a8006e,DP World Logistics 1351,Sea,4.06,794,36,Netherlands
74203264-5705-4a7b-aeab-66715d5839c7,Emirates SkyCargo 1352,Road,3.64,3970,24,Germany
c8cfb7f7-c724-464c-ac48-9000e5e58df1,Blue Dart 1353,Sea,4.29,2896,35,Singapore
e8662bbf-1eea-4080-bc69-e80f04f54b05,Kuehne Nagel 1354,Sea,3.31,2645,8,Japan
b0364779-180e-4515-b921-952f0006db88,Emirates SkyCargo 1355,Rail,3.5,3106,26,Japan
8234f5e9-8ce0-407d-a3db-a6602d43c46a,MSC 1356,Road,3.44,966,16,Netherlands
64c4220a-8d87-4bdb-ba5a-f17829a018b8,Hapag-Lloyd 1357,Sea,3.56,3871,8,China
6460f2e8-a9b3-4626-80a8-fec5386d18f9,Blue Dart 1358,Sea,3.35,4158,10,Japan
ba84e454-dd61-4bc9-952b-adcdd69c4a2e,Maersk 1359,Road,4.35,1362,5,India
77fa572d-4bbf-429b-b6be-5b67172a2c32,Allcargo Express 1360,Air,4.69,3794,23,United States
cf952a62-8df3-47b2-b971-f3da8e2e52cb,Blue Dart 1361,Road,3.2,206,18,Singapore
23843bc6-e0aa-41bc-a816-4ef91df1854d,DP World Logistics 1362,Road,4.3,2185,22,South Korea
045b73a2-f257-4e23-b298-6903141806a8,DB Schenker 1363,Sea,3.69,2628,21,Netherlands
05f88d96-3798-497c-88e5-a5c4daa49ce8,CMA CGM 1364,Sea,4.21,1614,32,South Korea
853fb804-4df7-4dcc-ab30-9bfec753dca9,DP World Logistics 1365,Road,4.63,837,5,Japan
dbbf2368-1571-4b09-a9b6-eb6a5298bd5a,Hapag-Lloyd 1366,Road,3.86,4134,25,Germany
280fac08-9a51-46ea-82fe-750bd94390d4,Emirates SkyCargo 1367,Air,3.11,2744,7,United Kingdom
d2b5c2a8-f38f-4b85-a64a-d9ad2ad63fba,Allcargo Express 1368,Rail,3.89,1904,7,South Korea
94a7f553-9a95-4afb-8d3f-033081bf7273,DHL 1369,Road,3.74,385,18,Germany
be52dc23-91d3-4a2a-833c-b1ad43588673,FedEx 1370,Rail,4.12,3352,6,Japan
ac996784-cc77-4a2a-9fb0-b54a27ab4ad0,DP World Logistics 1371,Road,3.69,3933,20,Singapore
5d6fb6fa-4883-49d2-8772-d1a99afb5a75,DP World Logistics 1372,Sea,4.12,971,19,Singapore
04f93264-57eb-45c8-992b-a8ec347dfd52,MSC 1373,Air,4.1,2282,27,Singapore
a118bd09-5896-4372-9aef-7b93fc586b49,Maersk 1374,Road,3.91,2435,36,South Korea
7972f517-c144-4da6-947c-fa9c3e1459d1,Hapag-Lloyd 1375,Road,3.36,2521,22,China
3178c3af-5bf0-4aac-a327-7e9251339622,DB Schenker 1376,Sea,4.88,2333,38,United States
31e07215-cc6a-46a0-98c7-24cac6c0bc9d,DHL 1377,Sea,4.28,959,17,China
adf1fe7e-3405-4015-b816-c170828087de,DB Schenker 1378,Air,3.9,3390,33,Singapore
36775494-4d52-4e2c-bb8a-975f84cc1c91,MSC 1379,Air,4.8,769,29,Germany
4f9c2977-83bd-4bcc-8d1c-76a5991c36b9,DP World Logistics 1380,Road,4.3,4164,25,Singapore
29aafce9-99b4-4568-a568-cb9aa401a329,Emirates SkyCargo 1381,Sea,4.19,2919,25,Singapore
b19021bb-e1ff-43ce-9d54-885188cf1f29,DP World Logistics 1382,Sea,4.11,1159,9,South Korea
7c12fdc0-331b-4f2e-825e-077be940210d,Kuehne Nagel 1383,Road,3.81,635,18,South Korea
9e737720-4bea-4e63-b840-1d5659a62760,Hapag-Lloyd 1384,Sea,3.35,658,32,UAE
397aad80-3e78-47fc-be9e-334baf265bb4,DB Schenker 1385,Road,3.38,1080,24,UAE
eec69070-eead-4dde-a1b3-198d0d8ed2ea,Hapag-Lloyd 1386,Air,4.81,2155,38,UAE
91dd61b6-6eed-4b4a-8a1b-c9c51936e801,DHL 1387,Air,4.59,1814,17,Germany
3c32741a-a0ec-4985-af16-dd006687f4fe,Emirates SkyCargo 1388,Air,3.66,1255,5,Germany
575e0e4f-2657-4a60-bb48-68895accc05c,DP World Logistics 1389,Road,3.16,1340,11,Netherlands
7722bee2-c4d2-4e18-a6d2-3076c4152fb2,Allcargo Express 1390,Air,4.57,1569,10,Netherlands
c7142ac5-1ec9-4bfb-9e45-a74c91f94998,Blue Dart 1391,Rail,4.75,494,28,United Kingdom
fcf6cb42-1ad5-42e7-8715-8f41e570ad4b,MSC 1392,Sea,3.4,643,10,Germany
9a184d08-e000-474d-8b5c-ec133d9c4f9d,MSC 1393,Rail,3.87,2031,16,China
dd8acf06-cfc2-4bb2-a21e-4b0954149d09,MSC 1394,Road,3.13,3374,22,China
2dae0f5e-6fca-4bf5-a2ae-14fe393e9c05,Emirates SkyCargo 1395,Road,4.13,965,36,Netherlands
2ba553b2-7417-4fba-90f7-768e5c20bbc7,MSC 1396,Sea,4.33,849,32,Japan
7a0ce7be-da50-4a06-a97d-f4ac8392c7cc,MSC 1397,Sea,4.52,967,9,Singapore
5cceb40a-899d-4b6a-9a33-2850e77180f1,FedEx 1398,Air,3.93,732,7,Singapore
86a4a54e-18d6-4176-bc3d-5dcbaf183226,Blue Dart 1399,Sea,4.37,3854,28,South Korea
b4e016e0-4734-4cdf-8d05-07dbe69b9714,Maersk 1400,Sea,4.79,2133,16,United States
5c086f60-6c03-4b8b-a2b0-d83f1c7a2856,DHL 1401,Sea,3.27,2771,25,China
410e315e-b49c-49c4-9fe1-376c4a81caac,Blue Dart 1402,Sea,3.95,2771,6,United States
79c4d8b2-e43b-4ffb-ac74-c12af0faefbe,Blue Dart 1403,Sea,4.06,1387,4,Singapore
93092436-ca69-419e-9a76-71ac38532fca,DP World Logistics 1404,Sea,4.33,980,11,UAE
5accf66b-da19-42af-bbf8-2c48ff493cca,Emirates SkyCargo 1405,Road,4.48,1276,24,UAE
949fab78-8570-445f-8e4b-c62c56657fcc,Emirates SkyCargo 1406,Air,4.1,1594,13,Singapore
36f5f398-742c-459d-b560-dee3ad7ee89e,CMA CGM 1407,Road,4.62,2210,36,Japan
a67127d8-d4ef-4580-ab06-1afa401de6e9,Emirates SkyCargo 1408,Road,4.37,3149,16,UAE
95567e9e-f777-4fcb-a2cf-a87f5aba9de2,Emirates SkyCargo 1409,Road,3.41,2638,26,India
3acdfe00-d7d7-4590-82ac-fba0c838345f,Maersk 1410,Air,3.73,2848,5,UAE
fcd9cf24-9047-470d-beae-b9db894f07e7,CMA CGM 1411,Sea,3.52,4052,31,Japan
933623bc-819c-43f2-8eca-ba8f46b7d23d,Emirates SkyCargo 1412,Sea,3.52,786,15,Germany
9b3e400e-1d1e-43f9-a793-5efb05d1ea11,Allcargo Express 1413,Sea,3.56,3434,17,United Kingdom
c7cb693b-48b7-499d-8db7-5f5143e6e8d2,DHL 1414,Air,4.48,3728,14,India
453cbb16-031e-4cf7-946b-a9e4fc6278a5,Blue Dart 1415,Road,3.77,3448,33,Germany
b3f88060-9ebe-4feb-8977-f04f089e6df3,Maersk 1416,Rail,3.46,1105,6,Singapore
6f2e094e-0cc3-423d-b07e-2b0af639d67b,Blue Dart 1417,Rail,3.4,2470,27,Netherlands
055a8f56-03b9-4580-ba50-2cba89c3246e,Allcargo Express 1418,Sea,4.34,3095,27,South Korea
891d078f-1ca7-4baa-a0ce-5377d2a36e96,MSC 1419,Sea,4.2,185,8,Japan
12eb0275-fb6b-4a83-b45e-4bad67388c6c,FedEx 1420,Sea,3.65,1781,14,Germany
35e51414-8512-46da-85f5-0afd4a1fcc23,DB Schenker 1421,Sea,4.5,1911,12,Singapore
33d72ba6-29f9-4275-8dd4-347facfce6e6,Emirates SkyCargo 1422,Sea,3.82,923,10,Singapore
ec3b7451-41c6-4834-aa01-3cf87d86ec24,Blue Dart 1423,Road,4.49,1241,19,Singapore
43cae666-4f27-45e0-8911-65901beb41bf,Maersk 1424,Air,3.7,2056,3,Netherlands
5637ba03-e9d9-4fa2-ae2a-829ae60d034b,Kuehne Nagel 1425,Road,4.4,3173,6,United States
f479b7ff-e315-4a98-91c7-d0b7592b83a4,Blue Dart 1426,Road,4.69,3931,27,South Korea
973d1dad-e952-4bba-980e-d7d9d7a64439,Hapag-Lloyd 1427,Air,3.25,609,5,China
556226e2-a1de-4bac-9e27-9b90131b6958,Maersk 1428,Sea,4.87,617,5,Singapore
f96bd6cb-3de7-42f0-9912-2f255d72be5f,MSC 1429,Air,4.84,1802,3,China
f4c9f159-5508-4575-b0d5-7bb0a535c7b5,DP World Logistics 1430,Road,3.81,1458,16,United States
b545fad4-f5e0-4804-917e-ff8dc3bedc62,MSC 1431,Air,4.48,3186,7,Singapore
621b6e29-2698-446c-9c65-a3c3f807115f,DP World Logistics 1432,Sea,4.8,283,36,India
95451a80-aaae-48bd-a8a0-07c21a4bdf56,Blue Dart 1433,Sea,3.72,1467,32,Germany
5d1025ee-5dd1-447e-97ce-2f1b94ab1e70,MSC 1434,Air,4.47,3956,6,United States
96f4cf0f-6022-4347-af74-83eda42675e2,Kuehne Nagel 1435,Road,4.25,639,22,UAE
42817356-5ae9-4565-be41-ec95a4b805f3,CMA CGM 1436,Sea,3.23,1357,12,South Korea
c6d66431-e96d-466f-b990-b2ad91170165,Hapag-Lloyd 1437,Road,4.01,1675,4,Japan
a2829a81-69aa-4d0d-bf15-d26d6e2fda7a,DHL 1438,Sea,4.36,538,32,Singapore
4aa5795c-36a1-4b44-ad61-13c107672959,Kuehne Nagel 1439,Sea,3.38,4123,31,South Korea
335b4a9a-9e85-4c19-b027-bb2374549208,Maersk 1440,Air,3.98,515,27,Japan
7e7f905a-024b-44e8-ae2a-1958bb6295f0,DP World Logistics 1441,Sea,3.53,2299,20,Netherlands
56f38465-6b13-4e90-85bb-a53d9f040268,MSC 1442,Sea,4.41,925,23,Germany
d6e17d67-b7e3-4aae-bbf2-d6f84a093289,FedEx 1443,Sea,4.36,2742,12,India
9f94b1e5-41a8-4e75-b9ae-e3b11690e072,MSC 1444,Road,3.87,2514,15,China
dad223dc-aac2-4499-b192-bb2f4a8da74c,FedEx 1445,Air,4.18,3768,20,United Kingdom
1dd47833-80f2-4f4d-ad69-aac4c4db0427,Allcargo Express 1446,Road,4.31,3369,29,Singapore
39011d08-12b0-49dd-bd2d-11a2ac990bc8,CMA CGM 1447,Sea,4.57,3152,20,Germany
67aed985-3ad3-4a1d-82c6-06e8ff18393b,MSC 1448,Road,3.5,1447,31,India
9eb7ae92-4e9c-4e5f-b8cf-54d4cfbae2d5,Kuehne Nagel 1449,Air,3.6,3524,10,South Korea
21c69ab7-ed9d-48b0-9f1a-c539ca655a86,Emirates SkyCargo 1450,Rail,4.73,2692,13,South Korea
5dc1c431-abfd-4d9e-90c5-2e36dabf5b14,Hapag-Lloyd 1451,Road,4.17,4196,27,Germany
4e1f3a8e-6a3b-4e52-9904-19454f495792,Maersk 1452,Rail,4.73,3533,35,Singapore
89e27924-3835-4c95-b829-839741eaf180,CMA CGM 1453,Air,4.49,2982,22,UAE
86d9f865-6cb8-4530-a407-a76da5033abb,Allcargo Express 1454,Air,3.87,2122,7,UAE
c3918f40-c839-4cca-a023-3086cc8ffe30,DB Schenker 1455,Rail,3.18,3768,22,China
29af36b6-0970-44e9-8fac-3b8f831f8af8,Allcargo Express 1456,Sea,3.99,2429,15,United States
77c6d3e9-26ba-4813-91ff-20a8457096e7,Allcargo Express 1457,Sea,4.85,406,33,China
a9f36cae-5b85-4baf-96bd-c2e5b6b04909,CMA CGM 1458,Air,3.14,3917,37,United States
f1b02190-2576-4904-aa1e-7a6ee1d56c43,MSC 1459,Road,4.41,3086,10,South Korea
a963bbdf-c31d-44a9-9b6a-4a9692545de7,Maersk 1460,Sea,3.93,573,19,Netherlands
1de6affb-42ce-49f8-95f0-5de803f2d8be,Blue Dart 1461,Rail,3.74,2290,32,Germany
2ba81e5f-da07-407a-b0d7-8c279a05c8b2,DB Schenker 1462,Road,3.48,33,8,Japan
8f7a9b59-5ac8-44bb-81c2-ab3c7242ba4b,Allcargo Express 1463,Rail,4.86,3551,33,Netherlands
d53974eb-d4de-47e2-add5-9d4790e5f4cb,DB Schenker 1464,Air,4.59,2937,14,Singapore
b438121b-6aa8-48bd-b1a9-36c454cab167,Maersk 1465,Rail,4.63,1503,26,UAE
58974baf-8ea9-4efb-8978-c0e8e2fec339,FedEx 1466,Road,3.31,161,10,Singapore
17d56906-e6f1-4393-90aa-856005cda7a4,Allcargo Express 1467,Road,3.9,694,21,United Kingdom
9b95229f-00ca-4b71-af25-390661c5b692,FedEx 1468,Sea,3.77,1941,24,Singapore
460b3e3b-7bd9-44d3-94e1-bdc507019872,Kuehne Nagel 1469,Sea,4.31,394,25,Singapore
8c83f056-d1fc-425e-be66-a6fa0906d9f8,FedEx 1470,Road,3.89,2791,6,Singapore
3724c812-a84a-4287-8b68-088c3dda1aaf,FedEx 1471,Air,3.78,2263,22,Netherlands
466f3d07-af55-4f3d-a5c6-f86c23b1ee80,Emirates SkyCargo 1472,Sea,3.58,1620,4,United States
d0f0534d-87b8-47fc-bb80-85f262f92451,Kuehne Nagel 1473,Road,3.55,1130,15,Singapore
20cdb82f-4829-459d-9ebd-03956aa36e5c,Hapag-Lloyd 1474,Air,3.15,1567,17,Netherlands
fc5a2939-2a26-471d-a0b2-da240f50f245,FedEx 1475,Air,3.69,1842,5,United Kingdom
6bccea9f-193e-47a4-b55e-c6880cda5949,Emirates SkyCargo 1476,Air,3.14,1275,8,Netherlands
02c9001c-cee1-49e3-8e20-e39497d8f278,DB Schenker 1477,Sea,4.2,543,14,Singapore
dd4ab905-74e8-4c20-8b67-b6dff9243128,Maersk 1478,Road,3.29,3097,21,Singapore
9fb0aba3-3590-4ca6-bf49-6fa9b2708f5f,Maersk 1479,Road,4.34,3629,27,India
dea5dc80-0253-4348-8fb7-9c1a0412e1c3,Kuehne Nagel 1480,Road,4.1,3054,25,South Korea
40bfe39e-494b-4d62-a4f3-c5aa495324a3,Emirates SkyCargo 1481,Road,3.48,1589,33,Germany
7c40977f-6688-4b3b-b7db-e6ae13dc9c38,Maersk 1482,Sea,3.21,3282,5,China
29aba8f6-3bcd-457c-b7b1-11598aa5602e,FedEx 1483,Road,3.78,151,33,United States
fc631238-c434-4ecc-addd-1e9e0df147bd,DP World Logistics 1484,Air,3.37,3272,11,United Kingdom
45952198-917c-4b98-a99a-b5e9720ff91e,DB Schenker 1485,Sea,4.51,908,33,United Kingdom
837470a5-d3a6-44b3-8511-da984e18ce17,DP World Logistics 1486,Rail,3.31,3112,23,United Kingdom
d82e6c23-f2ea-450b-82e4-9a9cbbbf06bb,MSC 1487,Road,4.79,40,35,India
f9fba15c-0d0d-486f-9ac2-511b4767b4d1,CMA CGM 1488,Sea,3.78,3188,9,United Kingdom
0a5809e9-cff1-4f42-8bf5-5d911637726f,Blue Dart 1489,Sea,4.48,3684,10,Singapore
2fa8a6f3-19d7-4276-8cca-d98d0b052833,Blue Dart 1490,Rail,4.83,335,13,Japan
3d934c9b-67d6-48e4-b276-5aca9b1ad4ed,Emirates SkyCargo 1491,Sea,4.85,1365,34,Netherlands
389a496d-eb24-49b7-add6-7c19ddbbcd43,DP World Logistics 1492,Sea,4.07,3574,9,China
4694c7ca-73ed-4de6-bd9f-1512cd9019be,CMA CGM 1493,Sea,3.36,3271,8,Germany
e34da5b2-f99b-4c9c-854d-1be2fa401ed5,FedEx 1494,Road,3.38,1006,35,Germany
47c7ec51-0511-4b01-be83-b3a71c8f5aef,Hapag-Lloyd 1495,Air,4.63,1189,9,Japan
c345a7fc-3909-4f9f-a047-f5a65752c168,Blue Dart 1496,Sea,3.4,329,5,South Korea
72c061bb-b824-4ca1-bf86-f5b0a2adc091,FedEx 1497,Sea,4.47,3635,29,United States
eaa6221a-8a66-4c50-bda6-ccdd7937029c,Maersk 1498,Air,4.17,3498,25,China
088d18fa-330b-4d87-a1dc-971f188a0454,Hapag-Lloyd 1499,Road,4.68,886,15,China
ef7ef6b0-1ad1-4e7b-a4c4-be5030c5f281,DHL 1500,Sea,4.76,875,35,India
d4aae4b2-ad43-478b-81c9-93dda6c3f4e0,Emirates SkyCargo 1501,Road,4.3,3798,33,United Kingdom
2a4ce373-ace2-46eb-af10-aa4eb9598c35,FedEx 1502,Sea,3.36,975,38,United States
874951d7-c7b4-43d1-a485-413869ba0afe,DP World Logistics 1503,Sea,4.23,2060,6,Japan
1e11faf1-8cb8-45da-af58-cc938775ef5b,DP World Logistics 1504,Road,3.17,2893,32,South Korea
29a1fcec-e064-429d-92c3-6efccd391d0d,Maersk 1505,Sea,3.44,1325,30,Japan
f7277fe1-888f-41d1-a631-8798f27fb1ff,DB Schenker 1506,Air,4.38,1287,3,China
46685039-e480-4f15-88be-0930123f7343,DP World Logistics 1507,Sea,4.54,1144,13,India
b889a5d9-947d-49eb-8c34-cf532b64e65a,Kuehne Nagel 1508,Air,3.16,1113,22,India
6a9ca813-0505-40cf-b12f-a69c31bd845c,Blue Dart 1509,Air,3.91,508,15,China
f6ca7022-0360-4e57-8c92-ada3d821f8d0,CMA CGM 1510,Rail,4.21,3847,7,Germany
d3a47c7e-0d3e-42a1-a745-de4c9f4e43ce,MSC 1511,Sea,3.45,1136,25,China
d2816b70-b3bd-4fa5-a329-85f46a9a48c6,DP World Logistics 1512,Air,4.63,4044,23,UAE
23714a4a-95bd-4b43-b3be-42bb6400c362,FedEx 1513,Road,4.17,1430,5,Singapore
02abca61-921c-431b-bf58-3d1c7d3cd213,Emirates SkyCargo 1514,Air,4.45,2744,12,UAE
a55744a8-6337-4009-a314-3bb7511a0b5a,Blue Dart 1515,Sea,3.46,1158,5,United Kingdom
12f3e5e1-27d7-49d5-8866-88beed4a3b18,Emirates SkyCargo 1516,Sea,4.53,1668,30,United Kingdom
3dd58cfb-37ad-4094-9387-a2fc982dd251,Blue Dart 1517,Sea,3.19,3702,16,UAE
1607fdca-ee99-40e7-8bbe-ce0750def2f1,CMA CGM 1518,Air,3.96,2010,9,UAE
024044a2-b004-4079-a472-66f3745d3b9a,Blue Dart 1519,Rail,4.3,3414,16,Japan
c06f16e1-6e95-489c-94ff-2ea8633e8c81,Emirates SkyCargo 1520,Road,3.66,1639,17,Netherlands
705361f7-394e-4b79-b7ab-b56c283758ba,CMA CGM 1521,Air,3.53,3899,22,UAE
5675a8da-6794-4f5a-a071-a4a6cdb69d15,DB Schenker 1522,Air,3.29,2122,20,Netherlands
c19db983-99d4-4d05-91a3-c9de7bf74876,Hapag-Lloyd 1523,Sea,4.82,1026,38,India
bf25d1f3-0bd7-47b3-91ed-73007fb8381e,MSC 1524,Rail,3.57,3692,23,Netherlands
16f1562d-addf-491d-8b20-39d21787c348,FedEx 1525,Air,3.42,1748,3,United Kingdom
c20fead0-4a13-49f6-954d-9e0c4076b5e3,CMA CGM 1526,Road,4.72,1150,11,UAE
e4c32b3c-ddc8-42eb-bf23-1a3534bc159c,Maersk 1527,Air,4.65,2919,9,Netherlands
c4cc4735-efe0-4752-a890-7cb263ad3617,Blue Dart 1528,Road,3.62,1029,37,Germany
3623905c-7aa4-49fc-9f0a-be493b1d097e,CMA CGM 1529,Sea,4.78,299,17,United Kingdom
e5967ad5-ed96-4a5b-8694-81b7c6af2535,Emirates SkyCargo 1530,Rail,3.65,855,18,South Korea
1899f20e-4ffa-477c-a270-0fe04abf063f,Allcargo Express 1531,Sea,3.71,3303,13,Germany
9d8c66a6-b98f-4aef-a5f4-4b701fd9656c,DHL 1532,Road,3.89,3184,7,United Kingdom
82544e7b-1bc6-4d9b-9e39-0ebf302a9cff,Allcargo Express 1533,Sea,4.71,3794,18,Germany
38617826-4622-475e-b4fa-d5f71af9d258,Kuehne Nagel 1534,Air,4.81,3175,10,South Korea
4f478b45-0bee-42b9-8382-b0c134b9dcce,Kuehne Nagel 1535,Sea,3.78,3763,32,Singapore
b17468bb-e016-468a-bb0a-af9be6501560,Allcargo Express 1536,Road,3.39,3287,33,India
3786c161-6c0b-4c79-952f-66b59f91ea04,Blue Dart 1537,Sea,4.78,2932,11,Singapore
d32cb0d5-55b5-4b19-b1b6-42f398a44d6d,DP World Logistics 1538,Road,3.77,496,23,United Kingdom
67329ebf-b968-42fe-910e-226ce784bc39,DB Schenker 1539,Sea,3.69,1561,37,United States
0e99737b-a8d6-454c-ba2e-2f9039c22a3a,FedEx 1540,Sea,3.49,1545,28,United Kingdom
b6335197-93da-40bc-a996-228da97d68ee,DHL 1541,Sea,3.78,1962,22,Singapore
d621f350-360e-46f8-9dd9-c099a0a6b317,Kuehne Nagel 1542,Road,4.4,1236,10,Netherlands
8af9711a-f37f-4809-8fc3-9bba57c6e930,Hapag-Lloyd 1543,Road,3.27,3507,38,United States
89e10103-c6f9-4550-9dad-31f248757480,FedEx 1544,Air,3.7,886,27,Germany
9f6c0ce3-4e89-46e2-adcc-0b3a463468e3,Allcargo Express 1545,Sea,4.76,3840,12,Japan
0ffb3d0d-ed1b-4cd5-9f22-cf124dcb8dea,DB Schenker 1546,Road,4.55,3552,7,United Kingdom
2453b674-8520-4ddc-97fc-ca34e9b2069e,MSC 1547,Sea,4.4,1237,21,Japan
6866e4b8-0e38-4d52-be21-0d2db6774ed2,Blue Dart 1548,Sea,4.24,3505,33,Japan
da2e5106-4f43-4fd4-8545-c072db7df106,Allcargo Express 1549,Air,4.11,3301,18,China
74027e61-55c4-4931-9ad6-32b946516cff,Allcargo Express 1550,Sea,4.5,631,30,Germany
cfcf7fc3-ad1d-499d-8918-0a7cc94e40d3,CMA CGM 1551,Road,3.76,2725,19,United Kingdom
341c635b-58fc-4b85-95e7-87bffbb8d9b4,Allcargo Express 1552,Sea,3.17,905,12,China
ecfaf4c3-3c75-435d-9b34-bdb5beaea45f,MSC 1553,Road,3.82,2236,33,China
f8f3bb83-785e-4fd8-ba02-2eaf2af395ac,Allcargo Express 1554,Sea,4.07,3567,3,China
f87b1930-53f4-4bc1-a38c-61abc617d6c0,Emirates SkyCargo 1555,Rail,3.58,2244,33,South Korea
a7d3cc18-a5a0-4f0a-b5d1-aa05385f221c,Allcargo Express 1556,Road,4.9,3844,35,Netherlands
7a9058c2-5e30-4c9e-8f19-31e9ff96ba22,Hapag-Lloyd 1557,Sea,3.46,483,18,Japan
c3e486bc-c0ec-4168-b101-6a5a607feedc,Maersk 1558,Sea,3.86,2014,24,Singapore
7c235e1e-d32a-4cf0-891a-8684ba6fa071,DB Schenker 1559,Air,4.75,2385,8,Singapore
c61d8acf-1da9-4f3e-bd03-c8d2a5638198,Allcargo Express 1560,Sea,3.81,3933,19,Singapore
a9903322-8cc9-4f00-8560-114d2feac751,DP World Logistics 1561,Sea,4.64,3857,36,China
d48aedcb-f71c-4d7d-bd6e-99a55d248b57,DP World Logistics 1562,Sea,3.61,789,21,United Kingdom
e5cc98e4-2370-4916-afb9-4d0a19077418,DHL 1563,Sea,3.11,191,15,Singapore
871412de-397e-4ce1-9fb4-5dfc610ab654,Maersk 1564,Road,4.39,2127,11,United Kingdom
5632a6ec-01be-4a2a-b7f7-e66fe470c645,DP World Logistics 1565,Air,4.74,91,17,Germany
5b129b26-2550-489b-aece-bb79d8d95419,DP World Logistics 1566,Road,3.16,2387,24,Germany
b2077291-1cba-4c3f-862e-0a96b5643752,Maersk 1567,Sea,4.1,3619,5,United States
dba0b7a0-33ab-41ba-bdd0-b759fcf42c60,DB Schenker 1568,Air,3.6,2273,16,Singapore
8ab1a3a0-f6e8-431e-abfc-8657c6900135,DHL 1569,Road,3.96,979,4,Netherlands
cd018aad-1c1a-4728-be6e-f1e7b03ae118,FedEx 1570,Sea,4.75,3270,15,South Korea
bac2df49-43ab-410a-8f07-86b1aee3da30,DB Schenker 1571,Air,3.2,2198,34,South Korea
c32e82d9-4994-46ad-882d-9682a738bd1a,Emirates SkyCargo 1572,Sea,4.85,666,9,Netherlands
28a6e868-6d53-4cce-a0fa-4d4060eed025,DB Schenker 1573,Road,4.59,3310,6,China
b515d12a-ba2a-4455-8953-e3b50cd6348d,Kuehne Nagel 1574,Sea,3.9,3305,13,South Korea
cf5ad828-9ee1-4520-8f49-d7e7c802c455,Kuehne Nagel 1575,Air,3.19,4060,4,Netherlands
ae86c6eb-4de3-4521-9f43-49600ee24978,FedEx 1576,Sea,3.92,1383,27,United Kingdom
06a2bf8b-76aa-4fc2-91c9-15a32fbad0a2,Kuehne Nagel 1577,Sea,3.74,2945,13,Netherlands
2cdd98dd-fb05-44fe-bff9-618965186cc3,CMA CGM 1578,Sea,3.74,3490,31,UAE
c9041d11-30d4-4b62-8155-8cea3000aaa8,Allcargo Express 1579,Road,4.8,1873,10,South Korea
09b14c09-ea3c-4e26-b8b6-a200b7f77ca1,MSC 1580,Air,3.56,2963,8,Netherlands
d4b9dfe0-5629-435f-bf3c-4bd99c62ffba,Hapag-Lloyd 1581,Air,3.46,550,16,United States
33efe481-e7a9-4fe3-bcdb-001509fc49e0,Kuehne Nagel 1582,Sea,3.28,4081,28,India
a4a0425d-da02-4c42-98a8-2eda784bb8e2,DB Schenker 1583,Sea,4.24,3273,28,United Kingdom
9e2f4193-5b37-4871-b578-f09852be25f5,Hapag-Lloyd 1584,Sea,3.45,765,21,South Korea
318caebe-5110-40a5-b6d4-4a94772fe1a7,Kuehne Nagel 1585,Road,3.11,799,36,Japan
7d2ae41e-6d48-4ecd-8da3-595f6ed95722,DP World Logistics 1586,Air,3.12,1725,20,UAE
ba990a4c-abbb-4c3d-90bc-2b31dd7d0730,Allcargo Express 1587,Sea,3.25,3558,18,Singapore
3a5b5454-d424-4035-b00c-c22ea1122e3a,DHL 1588,Sea,3.18,3996,9,Germany
672d15d0-b573-4463-b138-73812513b712,Kuehne Nagel 1589,Air,3.42,2085,31,Germany
637b86e5-6c59-44a7-b0da-45c8bc0e4fc6,Kuehne Nagel 1590,Sea,3.77,2569,30,Singapore
fd209089-c545-47a2-b681-32b005d4ff1c,Allcargo Express 1591,Road,4.72,4177,24,Japan
6b1575e0-3bb6-4536-953b-1b6a8087835b,Emirates SkyCargo 1592,Air,4.59,3322,6,United States
f2dbb66d-503d-4a71-9665-c79f717d9818,Blue Dart 1593,Sea,4.37,1272,14,United Kingdom
88c1ce5d-05a7-4ad0-ac36-73637663df08,DHL 1594,Sea,4.82,794,37,China
026abb8f-ffc5-4209-9e58-92c9f1834aa0,CMA CGM 1595,Road,4.32,1613,15,Singapore
089a1fc4-c78c-47d6-9a48-9181afb816fb,Emirates SkyCargo 1596,Air,3.46,968,19,India
cefc4f58-4502-4d9b-96e3-051f42a06618,Emirates SkyCargo 1597,Sea,4.76,2630,36,United Kingdom
36ebf6d4-2601-486d-936c-dbdbfaf7d922,DP World Logistics 1598,Sea,3.76,2321,5,United Kingdom
411f540f-b1e4-4bf7-b85e-93398c1d6111,Kuehne Nagel 1599,Rail,3.27,4056,32,United Kingdom
aa117a42-2af8-461b-9410-9b876e00b2c3,Maersk 1600,Rail,4.12,3327,38,United Kingdom
f54b400d-6f54-475f-8173-a2b38e15f008,DB Schenker 1601,Sea,3.51,1100,35,India
81aef702-0a59-4b26-8bd3-fb67aae1b0c5,Kuehne Nagel 1602,Road,4.37,3901,25,Germany
d35fe0c8-b07e-4d5c-9d84-78c008597393,Emirates SkyCargo 1603,Road,4.38,2995,7,United States
107112d6-cfbf-42be-8ec5-8a799e1be9c6,Kuehne Nagel 1604,Sea,4.0,1376,28,UAE
adc16be3-ac17-41a1-823c-0155e7bd31bc,FedEx 1605,Sea,4.53,4065,20,South Korea
6a54fbe3-b72d-4a7d-b5f2-26e5d6c6b4dc,Hapag-Lloyd 1606,Air,4.05,2902,5,UAE
5a8ddada-4cf6-49f2-8d8f-52ecb7a7cc38,DB Schenker 1607,Road,3.58,1916,12,China
1a63f79c-6e7a-4f82-be09-2b1306f9f558,DB Schenker 1608,Air,4.64,4154,20,Germany
22cfa1f6-db84-41b7-b844-693725227685,DB Schenker 1609,Road,4.63,4032,3,China
725c6015-4690-4e06-9f22-ee20f98fbc67,Blue Dart 1610,Air,3.67,785,31,Singapore
8d8436cd-47f4-4f55-8ef6-21bbc7eb49a4,Allcargo Express 1611,Road,3.58,2664,18,Germany
882c2071-1e0e-4f50-bf1a-6f661d8cb929,Emirates SkyCargo 1612,Rail,3.45,156,12,United States
3ea05e0b-f75a-4984-b07e-8dcad0cffcaa,Hapag-Lloyd 1613,Air,3.49,533,12,United States
88b3febd-564c-4d64-a639-31ddb242bd26,DHL 1614,Air,3.68,1621,16,South Korea
efdb2ff4-3062-48e9-8523-00a1a141f9c6,Blue Dart 1615,Road,3.32,3653,3,Japan
78eeae0b-d25c-4495-a6f5-6ea9dda3af89,CMA CGM 1616,Sea,3.18,1873,35,UAE
fa457b8b-c4f7-440b-a5c5-6a27f65bf7ab,Kuehne Nagel 1617,Road,3.92,1569,34,United Kingdom
9f90f464-76de-448d-bdae-bdc30bb624db,MSC 1618,Sea,3.53,913,37,Netherlands
5ca59697-b610-478f-bb0e-17d27aa9d74c,DHL 1619,Sea,4.61,3059,18,Netherlands
81f85b6c-d43a-4e2a-9096-bb4a6165c5a1,DP World Logistics 1620,Air,4.32,1106,13,Japan
838e1ddd-1996-49e2-8c2e-558974658087,Maersk 1621,Road,4.34,1597,27,Japan
98d3bf5b-db88-42a5-a4ba-7daa035e8fc6,Kuehne Nagel 1622,Sea,4.9,2917,4,Netherlands
d0d8261b-9cef-445f-8a31-8a8b7896b2de,Kuehne Nagel 1623,Road,4.54,2907,4,UAE
b4f03850-193e-4960-a9ef-050830ae9ee7,Maersk 1624,Air,3.96,519,4,Germany
d1a97df0-17f9-454e-9dfd-de98263e233f,FedEx 1625,Rail,3.81,180,17,China
399aaa60-8ed9-4e5c-be39-f203312e4de5,Blue Dart 1626,Road,4.87,2086,14,China
029fd333-e1d1-4ad8-b692-fef57d3c76e5,FedEx 1627,Road,3.13,392,6,India
26f41b5c-0596-4325-af03-939567dff230,Allcargo Express 1628,Rail,4.35,1499,8,India
5b83cb20-a97e-47db-b891-2c85a8a7a9ea,FedEx 1629,Road,3.97,1622,26,Japan
8ad24190-b214-4c2a-aa96-3e6a0f91c40b,Hapag-Lloyd 1630,Sea,4.53,3957,17,United Kingdom
d903d5d7-8a95-46e9-816d-cd1409c5ff50,CMA CGM 1631,Road,3.51,1684,17,Netherlands
44314252-b5cb-40bb-9a7c-da64183d745f,Allcargo Express 1632,Rail,3.5,2217,31,UAE
a96ed4e6-4baf-4535-b851-50b0a74e90b0,Allcargo Express 1633,Road,3.61,286,18,Germany
405504ea-e5d5-4df2-9b9b-17a646814b6d,Kuehne Nagel 1634,Road,4.64,3338,36,Japan
e77fd17d-edc0-4fcb-954f-0ac67bc1a03a,DP World Logistics 1635,Sea,3.29,1376,15,United States
42afe493-f7b4-43ff-9b0c-adb05b15de3e,Allcargo Express 1636,Road,4.3,441,3,UAE
4ba06fd3-56c8-4b3c-83cc-dce5be7944b7,Blue Dart 1637,Sea,3.39,3131,16,United States
d15cba43-bcca-4c56-a1b9-16ce042a8293,MSC 1638,Air,3.17,30,11,India
f340708a-ae4d-4464-b46d-0f4a67afb7e0,MSC 1639,Sea,4.52,2920,36,United States
b2d27ac9-d8b3-486f-8271-ee57833304e7,Emirates SkyCargo 1640,Sea,4.53,3401,37,South Korea
491da427-eaea-4032-96e3-7a38e29f72e3,MSC 1641,Sea,4.39,1640,31,Japan
b4c4e642-f714-49c2-947a-46b78d7b477d,DP World Logistics 1642,Sea,3.75,2861,14,Singapore
7d78ac27-af58-4050-851e-a51207821f7a,MSC 1643,Sea,3.69,524,19,Netherlands
c3a9b3f4-8a40-437c-a6c8-6c236d2c7238,DP World Logistics 1644,Road,3.88,3404,35,United Kingdom
5e2b5fad-5f71-49f9-83f5-12b203d316c7,Emirates SkyCargo 1645,Sea,4.37,691,21,Japan
6c297716-0879-47db-b8a4-3bfe2f12ba6b,MSC 1646,Road,3.94,3025,33,China
b0369f96-ad73-4347-9a8c-b18f37d3d8f0,CMA CGM 1647,Road,3.82,758,5,United States
936568a3-0fe8-41c6-ab32-3e51581ce71f,CMA CGM 1648,Rail,4.66,2016,33,India
533c5bee-8751-4816-bef2-7bab00b7760d,MSC 1649,Road,3.17,2925,4,United States
a1ebc734-4782-448a-be8b-6248250d0b7d,DHL 1650,Road,3.87,1570,19,India
742b2f47-7b31-4a37-8e36-77f4ac738aa6,MSC 1651,Sea,4.01,3055,3,United Kingdom
edb6e26a-3e4e-47f3-919b-d2b79f1e7ebd,Allcargo Express 1652,Rail,3.28,1192,5,United Kingdom
935d71ff-1c3d-4e81-9334-28a316d4084e,Allcargo Express 1653,Sea,3.78,1038,10,Netherlands
0d6bede1-9f61-4459-bb5c-32013d10e53b,MSC 1654,Sea,3.15,32,18,United States
6fc091e7-0041-44c3-ab12-9cd367fde5ec,MSC 1655,Rail,4.56,1871,29,China
ae8dc201-75e6-4373-a7e9-a1a5da45aa19,DP World Logistics 1656,Sea,3.47,2731,35,United Kingdom
cdf45c15-6f02-49ec-922f-ac838a4e2209,Allcargo Express 1657,Sea,4.78,553,6,Japan
ce1a4de0-7ca7-47e9-94cc-31aed24e9362,DHL 1658,Sea,4.62,4019,37,Netherlands
f6d97ef1-6a1f-40d8-a36a-5d4ce3fc0fbf,Maersk 1659,Sea,3.44,862,14,UAE
ea365442-65e0-4e89-804f-e5477abe562a,Emirates SkyCargo 1660,Sea,3.15,3825,31,United States
267d9d45-96aa-4256-a137-9eb83befe951,Hapag-Lloyd 1661,Air,3.73,197,29,Singapore
a6876a9e-f3db-4e17-a3aa-85473d140525,Hapag-Lloyd 1662,Sea,4.18,1523,35,Netherlands
077c6fb8-9d91-4510-83d4-f4d444925eeb,DHL 1663,Road,3.22,651,28,United Kingdom
1a41f4a6-4cb1-4766-8eda-ae631677d527,Hapag-Lloyd 1664,Sea,4.39,1321,4,Japan
419064f7-c089-49b6-a380-3b7fb01b80cd,DHL 1665,Sea,4.09,1370,24,Germany
02d42574-e6d2-4da5-b1c0-a0d2db654d91,CMA CGM 1666,Sea,4.67,2195,33,United Kingdom
e38a09d5-761c-42f3-81d2-cd9601d681b5,CMA CGM 1667,Road,4.17,2243,26,UAE
56a5cfee-c57d-4212-ae3a-6831266fd9a8,Kuehne Nagel 1668,Road,4.81,3376,8,China
c341f369-79af-4289-9936-fc45ade21149,CMA CGM 1669,Road,4.28,1673,7,South Korea
b1ce9779-b695-4dfa-867e-2096b9976b72,Hapag-Lloyd 1670,Road,3.73,2771,6,Netherlands
eca7703e-7a90-4d7d-8b2b-4b85687afb3c,Emirates SkyCargo 1671,Air,3.89,2218,12,Singapore
e8c762c9-751c-4317-8860-abdb9a7dc2b7,CMA CGM 1672,Sea,4.75,254,23,Netherlands
84ec5434-7b35-4d8a-b305-2ab8e504c966,Blue Dart 1673,Sea,4.78,3237,23,Germany
90da5900-aa74-41ef-aa9e-89fb46506b3a,Maersk 1674,Sea,4.54,472,22,United Kingdom
61d3fb7d-1b5f-44c0-a2f4-ccf345e8a4a4,Allcargo Express 1675,Sea,3.74,1680,6,UAE
91506f9a-cb7e-4bee-aa88-7558271d29c3,Kuehne Nagel 1676,Road,3.38,216,15,UAE
27fc2f87-f031-40eb-a2c4-8bf7928ebc9d,Emirates SkyCargo 1677,Road,4.16,685,3,Japan
f2611e6c-f60c-49d2-ba4b-b02c60c6f07f,Kuehne Nagel 1678,Sea,4.5,2951,9,United Kingdom
e714e712-e2f1-42c3-99c8-6d0babe7fd13,DHL 1679,Sea,4.09,3032,15,United States
ab8bc262-a136-4bf6-bf06-9f6cf06ddf5b,DP World Logistics 1680,Air,3.77,1164,25,Japan
f62386d7-c2c8-4880-bd3f-533c7801a2ed,CMA CGM 1681,Sea,4.64,3592,22,Singapore
38db87b3-c642-421f-9235-090dc9d37936,MSC 1682,Rail,4.65,3709,23,Japan
525fc91e-16e2-4d87-a5c5-5e96bf37ada5,Hapag-Lloyd 1683,Rail,4.38,1213,26,UAE
c51edba1-ec5c-4403-8ee2-ba1b6ca02315,FedEx 1684,Air,3.48,284,24,Japan
9652c85a-253e-475f-8221-53a72ab2266b,Allcargo Express 1685,Sea,3.24,4008,17,Germany
3d0e9476-3b05-41fd-959b-3fbb3be89105,DB Schenker 1686,Sea,3.91,726,27,South Korea
29a7aefd-4d16-4567-b6b1-bb894f867116,FedEx 1687,Road,4.56,138,30,China
12568d1e-01aa-4335-800a-1b9a16fdf040,Allcargo Express 1688,Road,3.63,2591,21,Netherlands
6ebaec8a-b965-4a69-aa4c-943a7ed71b21,DB Schenker 1689,Road,4.48,890,20,Singapore
92371777-ab77-41e2-83cf-2b275b6cc20b,DHL 1690,Sea,3.61,550,37,United Kingdom
7a30c90b-c94b-4990-ab17-03d55258ced7,Kuehne Nagel 1691,Sea,3.77,3824,3,Germany
491b886c-1c24-4dfc-ad25-26c4bff5557e,FedEx 1692,Road,4.54,2873,9,China
b5ad26c3-a6d5-456d-aa17-47b9c64cf22a,Blue Dart 1693,Sea,3.91,2306,8,Singapore
48f42f17-7522-444f-af42-950c4da594b8,CMA CGM 1694,Sea,3.2,276,20,China
093051a8-bea3-46dc-aa35-e3fddeeeec88,Hapag-Lloyd 1695,Rail,3.15,2058,17,South Korea
5a945fff-d123-4793-b425-73bcb8261e96,DB Schenker 1696,Rail,4.01,3310,8,Japan
feba9224-ac00-4440-9746-2b188cec4034,Blue Dart 1697,Air,4.7,3793,7,United States
3a006306-806b-4433-8edd-76a39ba92826,DHL 1698,Rail,3.83,3035,15,Japan
c9ddc990-611a-481e-b3fa-4185fcc7c8fc,DHL 1699,Sea,3.51,60,37,Germany
05e947dd-0549-4c7c-af68-8d799c51edff,CMA CGM 1700,Sea,3.5,1205,11,Japan
4be3ad86-69d5-4794-8e12-d5a9e939003d,Blue Dart 1701,Road,4.23,3816,19,United States
563418ad-0925-44eb-b191-aad922786474,CMA CGM 1702,Road,3.86,4070,10,Singapore
c2615a65-60d8-44ca-b166-03859c9f2833,Kuehne Nagel 1703,Road,4.53,2502,7,Singapore
eab0a2b5-f7fb-43c4-8d8f-9ae5c6779d5e,Allcargo Express 1704,Road,4.11,1055,9,United States
442a827a-a59a-424d-bcda-227adc1560f2,DHL 1705,Sea,3.58,4014,38,India
ea481ad4-edaf-4599-a98e-dd0a11a930ed,DHL 1706,Rail,3.78,51,13,United Kingdom
cd9a0ade-c8f2-480b-abd9-71e3df319777,Allcargo Express 1707,Road,4.75,4068,27,Germany
d40b9a97-dd39-47a0-ab10-1299df47fcd1,Allcargo Express 1708,Sea,4.26,3938,8,United States
72b8f7cd-c0bf-40c3-a0f7-0c7b8012ab44,FedEx 1709,Air,4.65,1952,23,United States
4735926f-cfbd-45cb-b894-96868703fad5,MSC 1710,Rail,4.31,2663,12,United Kingdom
d48e2495-13ff-455b-9673-f33eca081b98,Emirates SkyCargo 1711,Rail,3.3,3906,10,United Kingdom
5fa878ec-584d-4af2-99db-c7a4cee5bda5,Kuehne Nagel 1712,Sea,3.44,1423,17,Germany
e2c77a39-abe2-46a1-ab03-45bd5c2b3256,CMA CGM 1713,Sea,3.64,2302,20,India
6492ef45-bc4e-441b-b238-0242eb887f41,DHL 1714,Road,3.47,1146,17,United Kingdom
3d77c288-a6a3-4c8d-b03b-a21e0130ff52,Blue Dart 1715,Sea,3.94,1689,28,Singapore
ae9c2382-a3fe-4fc3-9785-027875214d07,Kuehne Nagel 1716,Sea,4.48,759,11,United Kingdom
a1035c55-11f7-4507-b2f3-e782c82b5d27,Kuehne Nagel 1717,Road,4.15,1315,4,Germany
4a7287e3-1b3f-4988-b7a5-a4265fe5fd71,MSC 1718,Air,4.88,2942,36,China
2830ed44-5ea7-42b1-9f4f-2bc1c4f43ac4,Maersk 1719,Air,3.83,526,17,Germany
d59a5bbd-f1a2-40d3-ab56-bf903fe76bfb,FedEx 1720,Sea,4.7,3212,15,United States
3c9c2f06-ed8d-4b3d-ba8b-916ea0809352,CMA CGM 1721,Road,4.62,2079,7,South Korea
a3bea812-752d-42da-b37e-2994ced1685c,Allcargo Express 1722,Sea,4.89,3972,34,India
57569048-b2e6-427f-b248-95c25f1532a5,DHL 1723,Sea,3.77,3608,25,China
1b6b059d-e32f-4624-acc0-78716800d9c8,DHL 1724,Sea,3.18,3303,38,South Korea
6d64d36c-92f2-4f2c-9cac-56ae1e11c4b3,Blue Dart 1725,Road,4.64,4167,22,United States
f56836c4-856f-4000-ad60-ac3c1eb933b7,MSC 1726,Sea,4.39,3708,12,China
b0a6ef20-77a4-4be0-a67c-a568c7fa9834,MSC 1727,Road,3.16,172,5,Japan
4acc2091-65c8-4913-943a-4a7fb080930e,DHL 1728,Air,3.23,2019,10,China
14a4f901-8e09-4bce-b440-48dbcfaf6ffa,Maersk 1729,Sea,4.62,577,8,UAE
a412d086-44d3-4d7b-9580-a599d3adad7d,DP World Logistics 1730,Rail,3.28,3651,15,United States
10542b2d-f1cc-4e2c-8de4-5fe39d25674c,DP World Logistics 1731,Rail,3.39,512,5,Netherlands
cc85b714-563b-4c76-a31c-d7eea38684b3,FedEx 1732,Road,4.18,813,20,Singapore
fe119b1c-92e9-4561-a8eb-822d08ce9bdc,Maersk 1733,Air,4.37,2076,13,United States
aacd5deb-b126-4ee7-8a9f-f6b89b356fd0,Kuehne Nagel 1734,Road,3.35,3809,12,Japan
096461fb-d4de-4fdf-a5f9-a1047b41322d,Kuehne Nagel 1735,Sea,3.14,2221,30,Singapore
a27ff538-b79f-42b7-b7c1-366c95dbbc7e,DB Schenker 1736,Rail,3.59,2219,9,Netherlands
06541de5-79e8-4d78-8ea0-3f74de355249,Blue Dart 1737,Road,4.43,4150,31,United Kingdom
64385169-fa77-40b4-9d71-632567525f4a,CMA CGM 1738,Sea,3.98,3343,15,Netherlands
a26d53b8-0c3a-4e15-a957-26bf56b70775,Maersk 1739,Sea,3.6,3439,22,United Kingdom
11229155-7548-4052-8c2f-f4a283a79d99,MSC 1740,Rail,4.41,547,21,India
79a22a76-9780-4666-91ba-17aa1122c61c,Allcargo Express 1741,Sea,4.19,3611,24,Netherlands
3b2d507f-bafb-443d-b479-97c7e955fa09,Allcargo Express 1742,Sea,3.2,851,38,UAE
e2f5830e-7cf8-426d-a2ee-ced27c3457ff,Blue Dart 1743,Sea,3.14,1519,25,United States
cef488b5-6baf-44cc-bdf7-75126857d404,Emirates SkyCargo 1744,Sea,3.39,1887,17,Germany
76102f0b-0375-452a-9bbb-a712140a99b3,MSC 1745,Rail,4.7,4047,29,China
b34a2209-0912-485b-b4d6-e411ae68db33,Blue Dart 1746,Sea,4.44,1402,30,India
45194902-9649-440e-9372-f28d8edc86a4,DB Schenker 1747,Rail,3.78,2709,4,India
6998c1a1-7d2c-41ee-927e-cf10dd83a375,FedEx 1748,Sea,3.67,3108,20,Japan
d170244e-5f54-4d6f-9051-a21f7c740b80,Maersk 1749,Sea,4.9,2233,20,Germany
4dfd819a-31f6-4e84-8874-5e4db21f5ae6,Allcargo Express 1750,Sea,3.34,1653,23,Singapore
e9fbe1f2-da4a-4a41-a704-e63f85f16127,FedEx 1751,Sea,3.3,3710,25,South Korea
b9d4cb9d-87cb-437b-8a4f-eaffe38dcfa6,DB Schenker 1752,Sea,3.88,1166,17,UAE
75c220d8-b4c1-44f9-8177-650f11502fd2,DB Schenker 1753,Road,4.24,1178,16,South Korea
5db914e8-06e5-4536-b43e-89b1ec70c393,Kuehne Nagel 1754,Rail,4.89,3490,33,China
be7acd6f-fcd6-4f05-816d-feeff1b40216,Maersk 1755,Sea,4.62,1247,16,India
bcc34a20-ee86-4d75-ac68-d14d5207ba80,Hapag-Lloyd 1756,Road,3.97,3789,11,South Korea
233e37e9-b41f-4ffb-be82-e0644f8a4af3,CMA CGM 1757,Sea,4.07,2586,13,United States
23c06617-fe05-41f7-9999-e5ea22fe7565,FedEx 1758,Road,3.29,565,37,South Korea
96f1934d-1dc9-482f-9cd4-55adb91962e6,FedEx 1759,Sea,3.74,4108,31,Singapore
42120b78-4bdb-4922-95a6-58bad65d3a49,DB Schenker 1760,Sea,3.12,2549,13,South Korea
27860c96-899c-48d9-8377-fa6de87e8990,Emirates SkyCargo 1761,Air,3.51,1629,25,Germany
c99746af-baaf-464e-a0d1-33cdd3db9183,Allcargo Express 1762,Sea,4.82,3313,12,South Korea
aec47b69-79c8-4058-a211-cfde99442761,Blue Dart 1763,Sea,3.66,532,36,United Kingdom
3f480e2a-f1ab-458b-b651-840b9cca0385,Kuehne Nagel 1764,Road,3.83,166,13,Singapore
f41eff3b-0645-4795-a7dd-42a7c86b23dc,CMA CGM 1765,Sea,3.3,3422,4,Singapore
9a8ceccc-f66d-4124-a383-74489dd7cdab,Hapag-Lloyd 1766,Air,4.52,4098,36,Germany
687da7cc-cac3-4438-b1c7-ac7582ec3b3b,DB Schenker 1767,Rail,4.79,2802,17,United Kingdom
2198bc40-eb59-4716-9961-65cc2ba43ede,Emirates SkyCargo 1768,Sea,4.21,3135,33,Japan
2b90690c-ec09-4de2-864e-a759cb71f784,Kuehne Nagel 1769,Sea,3.33,3016,11,India
12c763b1-4020-41e9-80ce-28c4245fce76,MSC 1770,Rail,3.67,326,28,UAE
d38c3e9c-ce32-44ff-9d3e-636b9fdda0a8,DB Schenker 1771,Sea,3.66,4070,23,Germany
eeedb2cd-589d-4c0d-8f6a-68ef1bc324f9,DHL 1772,Road,3.72,2330,28,Netherlands
7eddc2c8-34c4-41ab-a174-a851d77dde03,Allcargo Express 1773,Road,4.43,2786,28,India
bac9f6b0-58ce-4ca9-a48f-971cef1d046d,MSC 1774,Road,4.77,4095,37,Germany
b11ca157-4978-4b8a-b217-3301f6231c83,Blue Dart 1775,Sea,4.04,974,21,Japan
832ed7c1-8952-4aa1-9753-380faa845c52,Blue Dart 1776,Sea,4.3,2419,38,Netherlands
1a2ee105-b317-40ca-ae3f-80fcb951b353,Kuehne Nagel 1777,Sea,3.16,2610,21,South Korea
93ecdf2d-6c1c-4b2f-b231-282148d70356,Maersk 1778,Rail,3.39,3187,6,Netherlands
958ce433-f7d5-4abd-b5d2-c81ce2015bd1,MSC 1779,Sea,4.16,2404,12,South Korea
e8bb9402-3e54-4023-89eb-5ed2c5b39db1,MSC 1780,Air,4.06,621,14,Singapore
40d26f74-9ef1-4c23-9ac1-63d1a589c77b,DHL 1781,Rail,4.36,2575,34,Netherlands
0b421982-ffa8-4721-a579-86e7f4e8926b,Allcargo Express 1782,Road,3.58,498,29,Japan
f5269dff-242c-4229-aee5-ff620ad17c21,Blue Dart 1783,Rail,4.42,631,36,Japan
ecce2609-83fc-4d71-be49-edff226af4b5,DP World Logistics 1784,Sea,4.87,2479,21,UAE
75b60f98-e3b5-4b39-960b-9b154e34ebd5,Emirates SkyCargo 1785,Air,3.94,857,12,South Korea
c8fce0a3-2e0b-4d40-85af-66c97a20eba4,Emirates SkyCargo 1786,Sea,4.33,1489,37,Singapore
a6181e09-1c0e-4813-935f-a99d076229c7,Allcargo Express 1787,Sea,3.15,2197,16,Germany
1700fa8c-ae1c-426d-adc5-a257677bee26,CMA CGM 1788,Sea,3.39,493,8,South Korea
25e91580-7da3-4075-a559-46b411435793,Hapag-Lloyd 1789,Road,4.31,1819,30,Singapore
4641ecf0-70cc-4f06-959a-6d450b67fae5,CMA CGM 1790,Air,4.49,3264,36,Singapore
d4b90111-5ef7-4958-bbeb-b93d770b9a04,FedEx 1791,Air,3.36,2514,15,China
aa352e7d-01ec-46c7-b629-a12205b026d7,FedEx 1792,Rail,3.8,2590,3,United States
5c4f8690-18af-488d-8aff-edf62dd76687,Hapag-Lloyd 1793,Road,4.78,1370,11,United States
c4a86952-090b-46e8-ac1a-c9f21123a341,Hapag-Lloyd 1794,Road,3.59,1451,20,Japan
f8838b7a-e614-420c-93fb-318961efbc10,FedEx 1795,Road,3.36,2923,13,Germany
ee01d1a4-5004-4fc5-9a11-df60a0d4e4fb,Maersk 1796,Rail,3.75,3147,11,Germany
509467b0-1c00-4ef1-8465-93e712735636,DB Schenker 1797,Sea,4.38,2127,30,South Korea
175ea102-6b00-4530-b669-34c108db6779,CMA CGM 1798,Sea,3.72,1083,5,China
76c3c520-9440-4fe6-8dca-f9ce4ea330af,Hapag-Lloyd 1799,Road,4.08,1239,7,Netherlands
f088b6f9-3503-4cf8-b7d9-fad67342269b,Emirates SkyCargo 1800,Sea,3.26,151,6,Singapore
92e6c9c8-4415-4bbd-b648-6b04a324fa26,Maersk 1801,Sea,3.13,298,22,Netherlands
810f856e-2b2f-427d-8275-0ec9e807a9d6,CMA CGM 1802,Sea,3.76,4162,30,Japan
bb0189d8-9982-43b0-9ef2-d9a5bebf0569,DB Schenker 1803,Sea,3.83,2453,16,China
38137e16-642a-4836-b2d0-794b653f56d8,Emirates SkyCargo 1804,Road,4.36,4116,10,Japan
31ca27ac-4eb6-4307-81cf-84a1ca2cfdfc,Blue Dart 1805,Sea,4.05,3877,11,Netherlands
55614db5-b477-4129-9ff8-e054f6fe5323,FedEx 1806,Road,3.56,3187,33,India
b3081ac2-c3ef-4e7e-92ea-a8c7808d2b95,DHL 1807,Sea,4.13,2866,7,Singapore
85af72b0-d383-4188-a7da-7e0d9dbc36b5,Allcargo Express 1808,Sea,4.4,2400,28,Singapore
5b300f57-f6a2-4fdc-9fba-4839d5f2a51c,FedEx 1809,Rail,4.44,2543,32,United Kingdom
bc83e7ba-c1d3-48d0-92fa-f64f15774e96,MSC 1810,Air,3.21,1010,10,Japan
c1e21cc3-a407-416a-82df-696b1937fa0d,Hapag-Lloyd 1811,Road,3.51,2449,20,Netherlands
6161202c-8c4d-43b0-b76f-846f61efd1ea,Hapag-Lloyd 1812,Rail,4.9,3971,12,India
a7b74fd6-8eee-486d-b407-6e9924df7641,FedEx 1813,Road,4.23,3511,17,Singapore
7530d248-3814-4beb-80eb-c83865082833,Kuehne Nagel 1814,Road,3.31,3239,17,Japan
b87799a6-da3b-425d-a064-a856c4352f45,FedEx 1815,Rail,3.95,3227,4,Netherlands
dab098d0-54f5-4345-ac16-8df7872d5d0c,CMA CGM 1816,Sea,3.26,2675,36,United States
1083ffdd-886a-4ae5-ae11-a764c3b5cd97,Emirates SkyCargo 1817,Road,3.59,2519,8,Japan
46aa6819-35b9-47e5-9258-3e480328f605,DHL 1818,Sea,3.84,1807,35,Netherlands
ecb22eb0-24b3-497b-bb3a-bd1d5790c834,Emirates SkyCargo 1819,Rail,3.87,2695,14,China
1be8d51e-5907-483f-955f-0363181a6b8d,Maersk 1820,Road,3.31,1273,23,Germany
6199adff-2fb3-48d7-9084-8e21a8150cb3,Kuehne Nagel 1821,Road,4.72,2153,27,United States
7f5f9ab9-818b-44c6-ae56-6249c0ec5d5d,Blue Dart 1822,Sea,4.35,901,25,South Korea
b380e72f-a60e-4347-be4f-88b16600fae5,FedEx 1823,Sea,4.8,391,8,Singapore
712da351-a7cc-4772-9267-1bf6d4964bc5,Kuehne Nagel 1824,Road,3.82,2280,38,UAE
cda01ae3-71b1-4014-8609-f94073393af7,Blue Dart 1825,Sea,3.22,2233,25,Japan
1797b0a6-dff2-4cba-b18c-7625ee29b967,Emirates SkyCargo 1826,Sea,3.31,158,25,United Kingdom
b81101cd-f2ee-4afb-90f7-370115680b81,DHL 1827,Air,3.21,4041,28,UAE
94186b5e-92cc-41b4-9137-023f4d903ca5,MSC 1828,Road,3.32,2780,6,United Kingdom
6d363070-94a6-4a99-961e-c27968d4a77b,Hapag-Lloyd 1829,Road,4.4,969,32,India
0076e539-bae9-4d89-af05-2ff3043a0799,Blue Dart 1830,Sea,3.89,437,21,China
5de6f4ef-c204-4dcc-a820-53837d21d365,FedEx 1831,Sea,4.75,1114,26,UAE
d784a39b-e20c-4bbe-b6bf-da5a1855c44f,Allcargo Express 1832,Sea,4.57,1219,18,Japan
09255d1d-1790-4744-86e4-bd75816364f5,MSC 1833,Sea,4.68,1134,8,Singapore
0d75452c-79cf-4cc1-ba48-0643a446e3bb,MSC 1834,Road,4.2,291,30,United Kingdom
0539c370-4aef-4169-b44f-0535cddbfa5b,DHL 1835,Air,4.28,3088,30,United Kingdom
ec969f34-86d7-40bb-aa78-a35161976ce0,Kuehne Nagel 1836,Sea,3.62,2120,15,UAE
43d6e5c9-eccb-4f0a-a2f8-d48bab71f79c,Kuehne Nagel 1837,Sea,3.66,2849,18,Singapore
891fe5cc-e1ee-41a2-adcc-ae0d076aaeda,Emirates SkyCargo 1838,Sea,3.23,1448,31,United States
d1615572-2898-44f6-8b15-6075e3cb0754,Blue Dart 1839,Rail,3.87,2380,16,India
523966f3-7c9a-4df5-a53d-10fbb2819f29,DHL 1840,Sea,3.31,3417,9,India
44995362-d110-442f-9ad5-6d43128a7ec4,Emirates SkyCargo 1841,Road,3.57,1645,12,Singapore
532d5663-f446-480e-a355-8677c598cb68,Maersk 1842,Road,4.57,3797,19,South Korea
e5352443-a2a7-4df4-b774-da2add1af6bd,Kuehne Nagel 1843,Sea,4.0,1710,27,UAE
43bf763d-91f7-49b0-8f0b-e9b2486286c5,Kuehne Nagel 1844,Sea,3.49,2468,20,India
9f952305-55a7-46c7-9e57-a972ebc7db94,Maersk 1845,Sea,4.86,312,19,India
ed9c41bb-efac-47c2-84b2-50bcddc6eefa,Emirates SkyCargo 1846,Road,4.67,3767,24,Netherlands
c4b12be9-e9a5-4c82-982f-08fa2c0e936a,CMA CGM 1847,Rail,3.24,2630,32,China
b0533fbd-7c6f-44e3-ac97-8d6e422ea015,Maersk 1848,Air,4.64,3362,22,Netherlands
249884d1-1a83-4fd4-8a16-7c43e70cef6f,CMA CGM 1849,Sea,4.52,480,9,Netherlands
9c5c2022-6c60-4daa-ab05-e67308a0895c,Hapag-Lloyd 1850,Sea,3.54,481,13,Netherlands
bc55f0ff-bb0a-42d5-95d6-b8e96b283b37,Allcargo Express 1851,Air,3.34,3704,5,Germany
a8f8b67a-16af-436a-be15-e6612840a961,Allcargo Express 1852,Air,3.22,1093,16,India
1b40155f-13d5-496b-8409-359f36977d65,Hapag-Lloyd 1853,Sea,3.18,389,26,India
eda4caef-64af-46e1-acfb-2cb4b63cab78,Kuehne Nagel 1854,Road,4.52,3220,5,China
b71fa27b-2e3f-4a9a-8403-8d634363684c,DHL 1855,Road,4.65,2172,38,South Korea
1bd3f0f2-735a-473a-b606-8b525ba376a2,Kuehne Nagel 1856,Rail,3.7,4003,21,United Kingdom
a7ec5ca1-f20e-4904-a895-a69908a5a9eb,Kuehne Nagel 1857,Road,4.29,3320,36,Netherlands
4b318a68-accb-4443-8f6a-4031609b2d51,Kuehne Nagel 1858,Sea,3.91,1705,11,UAE
015eaa41-8926-49a3-97d9-0de3b520d0e2,DP World Logistics 1859,Air,4.42,1119,16,Netherlands
6286a011-7e66-4d1f-b09f-b99404e65316,Kuehne Nagel 1860,Sea,4.23,1362,38,Singapore
e6a31162-17d3-4ad3-bd0c-28520b87b69d,Hapag-Lloyd 1861,Sea,3.64,1885,33,South Korea
12378be9-2cdc-4575-b664-622cb8de9885,DP World Logistics 1862,Sea,3.85,1802,15,China
09f291ec-e81a-47c4-b5b6-0b8f209b91a9,Hapag-Lloyd 1863,Road,4.09,1674,33,Netherlands
441b600b-745a-4db5-8004-da544e6dd019,MSC 1864,Road,3.74,1667,32,UAE
65a72f41-d0e0-4376-96bb-8b79801e01f7,Hapag-Lloyd 1865,Sea,3.93,3981,34,South Korea
fc714ee3-8acd-465d-83e0-48f685e7aaf2,Blue Dart 1866,Rail,4.65,1384,26,Germany
d3d3f7ff-77e3-4652-8728-77f2ab8deeb2,CMA CGM 1867,Road,3.97,3794,28,Japan
01cf65fe-437d-424b-9eef-e86aa253fb8f,CMA CGM 1868,Sea,3.9,990,9,China
b880c939-9333-43f2-a6f5-46f0ad049d16,Maersk 1869,Rail,3.43,2669,6,China
23dc6021-4700-477c-9a6a-f4f5cf4cab82,DP World Logistics 1870,Air,3.14,322,9,Netherlands
d1d44478-76a0-4f42-894b-3b037727554a,Blue Dart 1871,Sea,3.65,2721,22,Germany
a194f020-4ed2-4a15-92dd-96cca5426e1a,Blue Dart 1872,Road,4.52,508,22,United States
e2aa7885-d64e-41a1-a1fa-a3bc9fff9e9e,DB Schenker 1873,Air,3.59,1939,38,Singapore
4aaf656a-12cf-4e99-98ed-62f50fa409fb,CMA CGM 1874,Sea,4.01,1253,35,United Kingdom
9863b3cc-f0cf-4e57-b290-efae460e77ea,FedEx 1875,Air,4.38,263,14,China
4d539c26-0a18-4547-aea9-9372bf5255b5,Emirates SkyCargo 1876,Road,3.53,648,34,United States
b83c3bbf-0738-41e5-9355-11745e63668f,Blue Dart 1877,Sea,4.7,1761,18,United Kingdom
dcaedcd1-0863-443b-ad92-b6eb9be4e682,MSC 1878,Sea,3.41,3128,4,South Korea
59da7b25-f79a-4b61-8be2-7e1b94bac08b,FedEx 1879,Sea,3.83,3165,14,Japan
9a36c72c-1106-4555-a393-0fc1575c0f20,FedEx 1880,Air,3.29,4063,14,United States
394a65c4-d87b-4c3c-8f05-eadd486f7386,CMA CGM 1881,Road,4.73,3653,32,South Korea
26024215-7321-4d0e-bb1b-785093fc0486,Blue Dart 1882,Road,3.71,2127,8,UAE
dfb7a0c5-375a-4bbc-a849-618abc6f8b75,FedEx 1883,Sea,4.84,1640,9,Japan
bec8d79e-73d1-42b1-9656-ffbdaa12557d,Kuehne Nagel 1884,Sea,3.79,886,12,UAE
999b6014-275f-4aeb-9bc8-08057ad37e29,CMA CGM 1885,Sea,4.16,769,9,UAE
2405c845-d134-4d88-8c4c-159abed61bde,DB Schenker 1886,Road,4.33,450,28,Japan
ae203d4c-4e74-4af7-ad61-f1f340e06e5d,Emirates SkyCargo 1887,Sea,4.53,930,21,Germany
65ffb9a4-72ab-4cad-94db-e21d5526b8ba,DHL 1888,Air,3.82,1399,13,Germany
fb14bef4-514a-4e0e-b2d6-1ca150a152b8,CMA CGM 1889,Rail,3.22,2426,31,China
5fcab83c-60a9-4fb4-ad41-913167e4e7b0,DB Schenker 1890,Road,4.31,3384,27,United Kingdom
a4ad1747-4002-406a-affb-5736c6e9a62c,Hapag-Lloyd 1891,Road,3.39,59,28,Japan
24576086-25f9-49da-a8f9-42d55eb05200,Emirates SkyCargo 1892,Sea,3.93,2117,16,United Kingdom
f5841f92-8274-4810-83f3-e5c011198aee,DHL 1893,Road,4.59,2574,5,Germany
8f026388-445c-4986-ad2c-045555a8e459,Emirates SkyCargo 1894,Road,3.78,1542,19,Germany
a6b48eac-8ee2-4f22-9b14-8ceff7a98bcc,Allcargo Express 1895,Rail,3.52,1685,18,Japan
63ec34e8-91cf-4182-b339-22199a8b8b2e,Emirates SkyCargo 1896,Sea,3.77,3092,15,India
74d3757d-871e-44b5-acfa-168074fba260,Kuehne Nagel 1897,Rail,4.81,3672,35,India
765d9f57-a9dd-4cd1-9227-f82208636491,Emirates SkyCargo 1898,Sea,3.24,3314,19,India
dcc86764-aedd-45df-a18e-a5f2263bbf58,Allcargo Express 1899,Road,3.16,3531,5,Germany
84c61df3-c59e-47a1-b79f-c9d086a46fea,Emirates SkyCargo 1900,Rail,4.72,759,12,United States
c794abb2-efb4-4381-ab13-2c83e7a3bd97,Maersk 1901,Sea,4.23,342,28,Netherlands
a43e55f0-3961-4dcf-b501-42b444a55a8a,Hapag-Lloyd 1902,Road,3.95,203,30,South Korea
072373ab-86e1-484d-a066-2e7a2167e394,Allcargo Express 1903,Rail,4.87,1318,12,China
23b03f58-fda6-49ca-959b-adfdb132ff5f,Hapag-Lloyd 1904,Air,3.87,2197,24,India
c358ea4c-3f05-436d-bfcd-10f1d7afce75,Blue Dart 1905,Rail,3.29,494,13,Singapore
92a190f9-e179-45c8-85d9-5e156ddd8cbd,Blue Dart 1906,Sea,3.3,1843,28,UAE
0e68bcb8-f56a-4ad1-b979-359ca0c89824,FedEx 1907,Sea,4.46,3952,13,Netherlands
2484552e-bbe5-451b-bd75-969bd7dd5523,Blue Dart 1908,Sea,4.87,563,27,United States
18a463ba-0608-4c55-97d2-e0c121907b14,DP World Logistics 1909,Sea,4.07,3282,27,China
ce8e469d-2dd2-4135-b2ba-171922cd314c,DHL 1910,Sea,3.4,1457,19,China
a140da09-6b35-4ea2-bcb9-7dc74992350e,DP World Logistics 1911,Sea,3.97,1861,14,Netherlands
dc1584bc-a680-4284-9e02-b2502146cd83,CMA CGM 1912,Sea,4.47,1508,13,Netherlands
e91d1188-10ff-49ad-803b-22102fc24e55,Maersk 1913,Sea,4.52,84,23,United Kingdom
5bd025b1-a9f2-4f1e-86eb-f728dc7d7924,CMA CGM 1914,Road,4.09,31,14,Germany
1e4ff43d-9df2-4c22-96b0-9bf9c7ab9f24,CMA CGM 1915,Road,4.16,1164,19,China
e6e8bebd-bc64-4d13-a50f-5ab4a7740064,FedEx 1916,Road,4.72,1232,10,United States
e4ad178e-e7df-425d-9a8e-8a20c101d7a7,Hapag-Lloyd 1917,Road,4.1,116,17,India
891d5726-2113-40a3-833b-8f16d7199c9d,Emirates SkyCargo 1918,Sea,3.48,2214,10,India
c88fbf9f-013d-4d37-a5fe-fd27e1c2a6eb,CMA CGM 1919,Air,4.81,2878,14,India
f422e8b2-db5e-46c8-afd0-93ea37ef2b50,MSC 1920,Sea,3.2,3735,28,Germany
6dd501b7-5663-4011-a8ab-f6b04445f86a,Blue Dart 1921,Road,4.14,4086,19,Japan
cb09de05-e018-4189-89e0-a9e9f065e21b,Maersk 1922,Road,4.8,2295,27,Germany
0cf8a5d7-943e-4510-9198-4187a4944324,CMA CGM 1923,Sea,4.21,2460,16,United States
6064ef31-8bb8-45d9-ae5e-a3a7d235cc50,Blue Dart 1924,Road,4.34,978,23,India
6476753d-894d-4937-9750-7825b8df94c3,Blue Dart 1925,Road,3.17,103,7,South Korea
e3b1872b-f3f8-4cd7-9029-36d3f89beb5f,Maersk 1926,Rail,3.11,3765,3,UAE
0037d78b-6c5f-4aec-9d30-7a192e35b1ed,MSC 1927,Road,3.21,3837,4,Germany
6051b2c8-a4d4-432a-b30c-7f75458d8c3d,DP World Logistics 1928,Air,4.28,382,10,India
2ca2dece-e9d3-4659-aff5-251f4b829d18,Kuehne Nagel 1929,Sea,3.57,3519,21,India
7c10abae-b8c4-49d4-986e-7fff0f176272,FedEx 1930,Sea,4.13,3516,27,United Kingdom
daafbc36-2d2f-4b64-810a-7e52ca4feee9,Emirates SkyCargo 1931,Road,4.82,2032,27,China
31d2f608-d5ce-4304-af27-099c87ea5b59,Kuehne Nagel 1932,Sea,3.73,3549,18,Germany
cf9c888c-76d2-49ce-a1fd-dff77f47e597,Kuehne Nagel 1933,Sea,3.11,1715,34,UAE
d34e3449-f39e-4d85-bfcc-ffebc20d1b13,Kuehne Nagel 1934,Rail,4.69,3911,13,United States
9280c13b-3caa-491e-bfd9-7a688ef819b9,DP World Logistics 1935,Rail,4.03,1723,15,United States
4bb6eae2-d341-4e8b-be89-b7a343e853bf,Emirates SkyCargo 1936,Road,3.55,1974,7,Japan
a518c49e-4100-464c-9a35-9b1c02b2d6cb,Hapag-Lloyd 1937,Sea,3.93,1777,23,South Korea
40e703d9-1789-434b-be88-840619af1d4f,Maersk 1938,Rail,4.62,1059,24,United States
84c55372-f200-4c38-84c1-80f9df995d21,DB Schenker 1939,Sea,3.22,631,29,United States
47a41d18-e95e-4613-8fd4-49b7a091d4dd,FedEx 1940,Sea,4.12,3769,36,UAE
86c50be2-6fdd-4b76-b3cc-d8a1d372d733,Kuehne Nagel 1941,Road,3.92,3046,19,South Korea
cdbdbd25-f884-4ad9-8159-cdebaeaf99c5,DHL 1942,Sea,4.12,828,30,Netherlands
e7aa35af-85d2-4646-844a-9569a67682c9,DHL 1943,Air,4.64,3170,37,Singapore
3de87206-1def-4f55-a90f-7078d83c35ed,DB Schenker 1944,Road,3.74,1286,33,Germany
6173c9fd-6251-445b-8227-ae6d1ff3d173,Maersk 1945,Road,4.27,3789,7,UAE
e51f1f77-0c10-48aa-9ba5-f4334d9cd91a,Emirates SkyCargo 1946,Rail,3.92,1328,17,Singapore
d09b84ba-aea3-48a2-9f5e-6a226a78c48c,Kuehne Nagel 1947,Rail,3.53,59,5,Germany
3c929f56-235f-4c3b-8274-2d0153192f1b,MSC 1948,Sea,3.51,2557,29,Singapore
4d51c8a2-0180-4200-99c0-ebad89e253ad,DB Schenker 1949,Air,4.07,2036,24,China
7eb118dc-2879-4cb8-a9f6-a013d6565b8f,DB Schenker 1950,Sea,4.69,1318,15,India
82e80581-a68f-4ac2-8cf2-1a0c340fc971,Maersk 1951,Air,4.09,2274,30,Singapore
faaaff31-1900-44d2-bd77-514615287a70,MSC 1952,Road,4.32,3832,35,India
87a69177-5df8-4533-a7e4-da1a1b904761,DB Schenker 1953,Road,4.42,1433,32,Germany
05618ead-1112-47e9-a422-810ce12d7d04,Allcargo Express 1954,Air,3.73,3659,31,UAE
ff4bac7a-e342-437e-a93d-0cf8e8cb7aed,Blue Dart 1955,Air,4.38,4166,17,UAE
0ecbe431-b84e-4078-80a3-4ad6c1a884bc,Kuehne Nagel 1956,Road,4.81,3357,3,UAE
8661408a-740c-4960-b23d-428c7135a593,Allcargo Express 1957,Air,3.93,2399,22,Japan
408d6d00-b5a3-4383-a764-096121d8b087,Emirates SkyCargo 1958,Sea,4.31,205,38,Germany
f423e8a4-190f-482f-8b87-77bed0cf2131,Emirates SkyCargo 1959,Sea,3.63,3058,13,Japan
fa03cb94-8adc-4cde-9a89-54a456bc16bd,MSC 1960,Rail,3.33,3662,25,India
77d4f845-997d-4517-8c0b-7b0912851cb4,Allcargo Express 1961,Air,3.19,3210,36,China
08cc4765-e10c-4d6f-a927-d0948e6618af,Hapag-Lloyd 1962,Road,4.12,706,23,South Korea
8456155b-07e4-4987-82a6-5796e9f60a61,Allcargo Express 1963,Rail,4.72,252,11,India
d64a6bb6-7e29-40f4-adbb-a49d10d6534d,DB Schenker 1964,Sea,4.18,4169,33,UAE
a82e3ed4-0df6-441f-bac2-4e4ac980356d,MSC 1965,Air,3.84,840,12,Germany
ad4bca78-dfbe-4d7d-995b-3a1e5bd5f445,Emirates SkyCargo 1966,Sea,3.5,123,23,United States
5b796b3f-24a1-4fb3-9c5b-f90b2c6d1e76,Emirates SkyCargo 1967,Sea,3.97,1670,36,Japan
6569fa69-daf7-445d-8a0e-80bdd29283b7,MSC 1968,Air,3.75,2730,13,Germany
34443fbb-3447-48aa-a737-2bab2b5165fe,MSC 1969,Sea,4.36,486,11,United Kingdom
ae707196-d20f-4d80-8d18-a71f61db06f5,MSC 1970,Sea,4.61,1628,3,India
cc108526-8650-445f-907f-8f846a03bd5f,CMA CGM 1971,Road,4.82,2071,28,United States
67f13b2e-7a66-4b3b-9984-3f798c86a8a5,CMA CGM 1972,Sea,3.47,3345,30,UAE
1f5b3e68-1185-4cb7-b59b-2a1a31ad7935,Hapag-Lloyd 1973,Road,4.16,3305,10,United Kingdom
58185148-e299-4452-9f4f-6bd9b513624e,Allcargo Express 1974,Sea,4.02,187,10,Singapore
576ca146-6f73-43b2-bc03-57eb7795487c,DP World Logistics 1975,Road,4.39,858,12,Germany
8c23af17-3ffa-499e-9b96-5792d2c3bc7c,DP World Logistics 1976,Sea,4.65,1872,3,United States
20ec777d-203f-4222-b868-78b31b23563e,Hapag-Lloyd 1977,Sea,4.2,2975,5,UAE
bb263a86-4add-4277-8875-bad511de16a8,Allcargo Express 1978,Road,3.1,1520,36,Netherlands
bb47403f-dc8c-411a-83fd-74911c41ca70,FedEx 1979,Sea,4.81,3563,38,India
d05364c5-cb58-40a7-a713-34f9f9f1b884,DB Schenker 1980,Road,4.07,2425,11,Singapore
4cd89aac-9c54-494e-bbc4-c15baefb2622,Maersk 1981,Sea,4.14,699,32,Netherlands
88732432-199f-4a6e-a5df-499d8e3b76b1,Allcargo Express 1982,Road,3.28,1355,30,Japan
be28ae41-2f26-4754-b120-0588f4d4a1ae,Hapag-Lloyd 1983,Road,3.49,2042,7,China
40895e93-479d-45d5-b10f-b55876371d4d,DP World Logistics 1984,Rail,4.21,2082,36,Singapore
ba2e4514-c300-43e1-bfaa-597cb521976d,FedEx 1985,Road,3.66,54,27,United Kingdom
0e0336e5-9eac-4df6-8f4e-865526f493da,MSC 1986,Road,3.46,1545,23,Japan
a0c32d9f-9a47-43eb-821a-a610f9efa2dd,Maersk 1987,Rail,3.13,1758,15,United States
2a0a70ba-f709-47bc-962a-e8ea7fcf6a42,Kuehne Nagel 1988,Road,4.16,2407,29,Germany
50e2ce77-37ea-4e3f-b09d-5e7a17348ad7,CMA CGM 1989,Rail,3.85,756,15,Japan
489546ca-39f5-400d-bb55-4f434c1e1c70,Allcargo Express 1990,Sea,3.45,648,27,South Korea
c755993c-3eed-4639-87cf-4590a1dc5c25,Allcargo Express 1991,Sea,4.6,1714,5,China
82d9dd98-ac7e-4bde-aebb-159f97a90787,DHL 1992,Sea,3.71,939,22,Germany
810edcff-e9e4-4e46-b85e-1506fa532132,Allcargo Express 1993,Sea,3.33,3871,26,China
d873359b-bba5-4f3c-9330-d17a315f531d,MSC 1994,Sea,4.72,233,17,Germany
9e0862cf-99bf-4f0b-a9bf-89fabcfc80f3,Hapag-Lloyd 1995,Air,4.85,3069,4,Germany
b7206d59-5e30-434f-b7c2-431db2c84747,Hapag-Lloyd 1996,Road,4.65,3249,28,United States
f433aee9-4a1a-46e5-8f2b-c1d5350f2597,Maersk 1997,Air,4.09,3080,25,Netherlands
86ce7e21-e59a-4e48-bbbc-bad83f5d350b,Emirates SkyCargo 1998,Road,3.26,1051,18,China
a8d63367-43f0-4494-a785-db219fee2303,Hapag-Lloyd 1999,Sea,3.26,2902,26,Singapore
afce5532-89fb-470e-847f-e30698afce1b,Emirates SkyCargo 2000,Sea,4.42,808,24,India
ad56fb14-b027-4105-b791-8ca7c4fab2ad,CMA CGM 2001,Road,3.81,98,12,India
5c22e1aa-db02-4c25-a142-c7c7dd88785a,MSC 2002,Road,3.89,3458,16,Japan
f26a5e4f-f278-4a0c-818c-061ac57e28fa,DHL 2003,Rail,3.44,307,17,Netherlands
ba479381-9c37-4adf-b9b7-f91e96942091,Allcargo Express 2004,Sea,3.17,258,18,Singapore
de3c97bc-bc85-4cf4-9645-9711fe8a8ff9,Maersk 2005,Air,3.57,420,16,Germany
d47f7467-af7b-49dc-9919-2002f7267e1a,Emirates SkyCargo 2006,Sea,3.4,154,6,Japan
9e93de0a-237d-4e2e-9f51-bc199a084171,Allcargo Express 2007,Sea,3.94,1759,28,Germany
0b8870bb-654c-473c-b2b6-af1bde9bc9a3,Maersk 2008,Road,4.82,3833,6,Germany
58868d29-fa89-495b-a34a-a988c282c454,MSC 2009,Road,3.16,2639,14,Japan
f0ddc7a2-2d8f-48a5-9348-f6f49494060a,DHL 2010,Sea,4.39,636,10,Germany
0b554c84-5da7-4253-ad73-ce18e007d568,Hapag-Lloyd 2011,Sea,3.25,452,27,South Korea
d83d1d9e-5ee8-47f6-bacd-9dd4a957bc75,Maersk 2012,Rail,4.3,3748,17,China
caa96649-8372-4e76-92e2-6a2f479b2bb9,DB Schenker 2013,Sea,3.58,190,8,United States
b856c984-beb7-445d-b029-778c1832c095,CMA CGM 2014,Sea,4.66,3748,38,United Kingdom
69ecb6fd-2756-475a-902d-f46cc93fa0ea,Emirates SkyCargo 2015,Air,4.65,3629,23,Japan
d51cb947-3d20-452e-84ff-28c7893e0a50,Allcargo Express 2016,Air,4.62,2242,9,Japan
2952618d-6d38-4466-a15a-a8bd7c370202,DB Schenker 2017,Sea,3.31,1207,20,China
4982a7a6-d8d0-4f35-bdfd-8e4db89f9d2d,DB Schenker 2018,Sea,3.15,671,5,Netherlands
0b582f35-f317-4344-b1b3-189ad798c8ab,Emirates SkyCargo 2019,Sea,3.74,2231,23,Singapore
912f2591-14d5-41c1-8f47-56890c0330ee,Hapag-Lloyd 2020,Sea,3.96,1386,17,Germany
a34bc4fa-8dd0-4bc7-8d21-41de89759e70,Maersk 2021,Sea,3.33,3475,34,South Korea
54b7e529-935a-43ae-ad9c-c9295f9effe4,Kuehne Nagel 2022,Road,3.58,3894,27,Singapore
0f00c011-782a-437d-ab45-7d835c9c03d6,DB Schenker 2023,Road,3.65,1331,36,South Korea
abd1199f-910a-4a44-b110-8b6377bad3a6,DHL 2024,Air,3.96,899,37,United States
211f07d1-ce5b-4fea-8da7-ef489822b035,Kuehne Nagel 2025,Sea,3.1,3076,5,UAE
034f1bc9-6d1d-4569-aabb-8a21e5de941b,Maersk 2026,Sea,3.29,1540,8,Singapore
adadeec4-dfe6-438c-bddf-e2960f30406a,Hapag-Lloyd 2027,Sea,4.41,1687,9,Netherlands
0de6ba94-49ff-4172-864d-376eacfcffb4,Maersk 2028,Sea,3.56,499,25,India
c866dead-f3ce-4132-9bc7-314026d2d1b0,Emirates SkyCargo 2029,Rail,4.56,3115,25,India
d4c6979a-085a-4ea2-8edc-65680ba7ce8e,Hapag-Lloyd 2030,Air,3.51,679,13,Netherlands
fc1246cb-b8d3-4b6f-9025-27fb36985dda,DB Schenker 2031,Road,4.68,2925,22,Japan
162d034f-b8e9-4436-8098-bd3c23b036a6,Allcargo Express 2032,Sea,3.63,3176,11,Japan
be8d3c5e-c4d1-457a-85cb-fbc52c3e4cb9,Kuehne Nagel 2033,Sea,3.65,389,24,Netherlands
c1995062-553c-4f97-9d4f-55a94e3ec75c,Blue Dart 2034,Air,4.09,731,38,Netherlands
eb6ecd4e-042b-4a61-aaf5-e338445a7428,DP World Logistics 2035,Road,3.78,1491,29,China
437e3819-2e48-4b93-946c-ce55db821bde,Maersk 2036,Road,4.84,3931,21,United States
0053f525-8ebe-4a1b-aa8c-083467ce0749,DP World Logistics 2037,Rail,3.26,3381,37,China
42058132-2369-48de-802f-94f0b09ecc50,Kuehne Nagel 2038,Sea,3.11,3969,7,UAE
01eb43a9-354c-4493-82be-7bf9c00436a0,DHL 2039,Sea,4.12,3830,12,Germany
33c228ba-ce90-4a0b-8bb6-01712d2a10c1,Hapag-Lloyd 2040,Sea,4.44,2534,36,United States
e726c002-e890-40f2-b52e-e10d58184d04,DP World Logistics 2041,Road,3.26,1231,6,Singapore
b7cb9e3f-c8e6-4d57-9faf-fc00d34c321d,FedEx 2042,Road,4.83,3293,4,Japan
4e5131a3-09c2-460d-9cb1-44eab7aafba8,MSC 2043,Road,4.55,1451,10,UAE
1ee4a0ec-e4ce-4d2c-901c-0909b876a491,Allcargo Express 2044,Rail,3.94,193,25,China
251c3e7f-9877-4872-8ffd-432150b50d46,Allcargo Express 2045,Rail,4.55,1327,25,United States
08d413b2-cacb-49ea-87b5-d4d6331bc4df,Blue Dart 2046,Sea,4.79,3289,19,Japan
50311a52-8eb1-4e72-8071-3e828f7f85c4,Emirates SkyCargo 2047,Road,3.45,75,26,United Kingdom
16726a20-1a26-4e5f-869a-852031a5073d,FedEx 2048,Sea,3.6,2167,29,United States
96e4d62d-a0f8-4daf-b41d-c90378a917d8,DHL 2049,Sea,4.61,3966,18,India
a01c6bd1-57d0-470c-ab67-004b1c0dbd70,Blue Dart 2050,Road,4.27,4199,23,United Kingdom
f2a11310-3e5e-4dab-bb84-bffe685312f9,Hapag-Lloyd 2051,Sea,3.62,1296,17,Singapore
1c7d40f3-077e-4b55-a936-f41b46be151c,FedEx 2052,Road,4.13,2695,14,United Kingdom
efe42646-6bca-4cfe-b6ff-d35f6ee4ba4b,Hapag-Lloyd 2053,Sea,4.39,3580,26,India
8f068e50-53e6-470e-98d9-ef919b4a88e4,FedEx 2054,Road,3.88,2804,4,United Kingdom
da944b67-c687-49a3-99c8-68194960d398,Hapag-Lloyd 2055,Sea,4.72,3556,32,United States
e006a605-dc3f-423d-9187-a80f1d592f98,Emirates SkyCargo 2056,Sea,4.42,1738,24,Germany
54604066-41c1-40d2-aafa-ea627ba6f5ae,CMA CGM 2057,Sea,4.15,3798,5,UAE
a0c66f1d-3df5-43bf-9c96-bb427efdedea,FedEx 2058,Road,4.14,1310,18,Netherlands
fe97e4e8-962c-446e-b115-3cf495f49e60,MSC 2059,Sea,4.03,2857,11,UAE
32f29ea9-3b0d-41ba-b038-386138d958a9,Allcargo Express 2060,Air,3.7,96,8,Singapore
792dace5-5657-4890-8ad6-2955e63290c6,Emirates SkyCargo 2061,Sea,4.64,502,35,Netherlands
9fbf2973-dad5-4513-b733-b1c9641ec86c,Maersk 2062,Road,3.13,4065,36,Japan
298a4886-43cc-44ca-851f-ebe3b5ce75b2,Hapag-Lloyd 2063,Sea,3.52,3795,4,South Korea
c718383e-e4aa-483b-bf80-31e319c5f570,Allcargo Express 2064,Rail,4.26,1740,19,India
29df24bb-8ebb-47bf-b6f6-753f70b29349,CMA CGM 2065,Air,3.78,1916,37,Netherlands
810fa4ed-66bb-4112-931a-fffcd54a90bc,Emirates SkyCargo 2066,Air,4.6,204,3,United Kingdom
007dcdc1-2edd-463d-9420-233ce9569918,Emirates SkyCargo 2067,Road,4.34,3441,30,Netherlands
4f63c352-fe6c-4aae-ada0-b66d53c7dbb8,Blue Dart 2068,Sea,4.03,82,10,India
1bdb60cb-6b05-4850-ba19-9fdf58bc105a,DHL 2069,Sea,3.97,487,16,Germany
ccd93eb1-9fad-4ce9-86f5-141045aaadc5,Emirates SkyCargo 2070,Sea,3.88,2640,14,China
54730c72-70f1-4119-a981-f8ab4516d8b2,DHL 2071,Road,3.51,62,27,Germany
d583cf76-8dda-476b-ab70-f8b54aa8cb8a,Maersk 2072,Sea,4.51,3917,31,Germany
f820d436-c489-4800-8ef2-9536c56d5661,Blue Dart 2073,Road,4.84,322,21,India
362799f0-8941-4afb-8783-02dac2543fbc,DB Schenker 2074,Sea,4.53,1458,38,Japan
ce63cb02-adce-4d22-9aa0-1e6ef788ab2a,Allcargo Express 2075,Sea,3.42,2923,27,Germany
82bbfa5e-96d4-4896-97a4-769e57570cb3,Allcargo Express 2076,Air,3.84,407,7,United States
283a4cb5-2938-486a-9ff4-0098bae2cfc9,Maersk 2077,Air,3.7,2518,26,United States
cdb5a82e-c7e6-4e8e-a112-bf00e9f111af,Maersk 2078,Sea,4.84,2053,27,Netherlands
456203bd-1bc5-40ec-8ada-40191ebdb39e,MSC 2079,Road,3.79,4019,14,Singapore
c4332bf3-06ac-466b-9b86-bb8e96531f0a,Maersk 2080,Air,3.22,339,10,UAE
a34b4cc5-49c6-4078-8b77-268a816d4d01,Hapag-Lloyd 2081,Road,3.31,3914,8,Japan
34670a15-65cd-4a7b-98fa-a83633944c3c,Kuehne Nagel 2082,Air,3.78,3829,34,Japan
a00046bd-7c29-4315-8712-0666367d14ab,CMA CGM 2083,Air,3.82,325,28,Germany
b77949cc-179e-465f-bdea-79a99fb260e2,Blue Dart 2084,Sea,3.95,568,15,Netherlands
eff6c376-37d8-44b0-bf45-781ed08b16ef,DP World Logistics 2085,Air,3.21,3748,30,China
2e0b5927-2826-4dc1-9735-fea3b091ef68,Allcargo Express 2086,Road,4.21,1628,17,China
548a1134-38bd-432e-9c8a-a7c6a45aef71,Maersk 2087,Road,4.75,2241,3,United Kingdom
fa136fc7-7546-4b41-a67c-dced8eec0b36,Blue Dart 2088,Air,3.92,4040,19,United Kingdom
33cbc850-b8ae-4eb8-a1b6-e4612ec9d408,Hapag-Lloyd 2089,Road,3.48,4010,21,Netherlands
5f625e3a-0ca3-4611-8742-cdd89be36a75,MSC 2090,Air,3.32,1712,36,India
5e062f05-3f03-453f-bd6b-54214a79064b,CMA CGM 2091,Air,3.36,201,10,United Kingdom
5054c36b-d623-4891-aa68-a3939a519c86,DP World Logistics 2092,Road,4.61,1511,28,Netherlands
94a8b268-0bef-48b9-bcfa-99974af8e155,DB Schenker 2093,Road,3.12,2825,22,Germany
fd4277ed-700b-4399-aad0-32e538f56ccd,FedEx 2094,Air,3.75,2591,37,South Korea
1c068d7d-72e2-4a8f-9dc8-825adb0928b3,DHL 2095,Air,4.44,899,6,China
b0f6dd96-c9c3-41e4-9419-85ca07841df8,DP World Logistics 2096,Road,4.83,2099,24,India
c3a9be11-5fdc-4745-9343-8049807d21ff,Emirates SkyCargo 2097,Road,3.3,3838,33,Singapore
ace15fb5-fddc-4dc6-b9ff-1599d8750a80,DP World Logistics 2098,Air,4.01,1504,29,UAE
12da0f30-ca81-4efe-80b5-fdfc779d827f,CMA CGM 2099,Air,4.38,960,9,Singapore
1b036c3b-b63f-49bb-998e-24504963eef6,FedEx 2100,Sea,4.7,1414,7,UAE
cbe08160-fc40-4094-84e2-31fc377f8025,Emirates SkyCargo 2101,Road,3.46,3567,23,Netherlands
a865e2f9-50c7-4e82-a76a-b1846c5e8ab7,CMA CGM 2102,Air,4.28,3681,34,South Korea
ada80bac-edc5-4e7d-83cc-ac19508da8d0,Emirates SkyCargo 2103,Road,4.87,1097,11,Netherlands
9107f7da-1b65-4b99-82ae-a632f3649a7c,Emirates SkyCargo 2104,Air,3.41,4114,17,United Kingdom
a5af02ac-a4cf-44a8-b148-3d2f015e83a0,CMA CGM 2105,Sea,4.7,649,30,China
1b6c41df-e568-434b-b451-8bf92657c939,DP World Logistics 2106,Sea,3.85,2782,18,Netherlands
5a036801-3330-415f-8eca-990beffa1925,DB Schenker 2107,Sea,4.85,2291,21,United States
a69037c0-3641-43da-b8fd-6e320f5e5a1c,MSC 2108,Sea,4.01,1994,16,China
7fb7be7c-6933-49b5-be89-5ea8c5f59286,MSC 2109,Rail,3.21,2161,21,India
0f4cc386-a27f-4167-b236-1fcd10d08b43,Maersk 2110,Sea,4.2,2624,4,Germany
5a84d5bd-4ada-4c4a-a597-05096e88495c,DP World Logistics 2111,Road,4.07,1826,38,Singapore
9537ba3a-2e00-4556-adc1-fefdfa8228c8,CMA CGM 2112,Sea,4.15,559,5,Netherlands
258ff1f5-5d8b-4af8-a105-6727300d6fdb,MSC 2113,Road,4.78,2797,36,China
e47c6f40-5299-4c3e-a2c7-7968b2ab4711,DHL 2114,Road,4.45,2396,21,Japan
a0f5cb7b-6405-45aa-9e0d-57f7e9a6b72c,MSC 2115,Road,4.45,2197,13,Singapore
6419edd7-9ffb-4dc3-8b90-ddb8aea34319,MSC 2116,Road,3.76,1590,3,India
d2379532-8342-4900-9b91-868ff4784cb3,Blue Dart 2117,Rail,3.88,2951,36,India
1c18187f-d5b8-468c-b572-cba2ecc2ff69,FedEx 2118,Air,3.69,626,33,UAE
c6a587f8-3473-4bc0-a1e0-b74b20e81208,Emirates SkyCargo 2119,Sea,4.84,435,7,Singapore
b456f223-1544-4442-bce5-7fcf1752f531,Emirates SkyCargo 2120,Air,3.52,2389,5,Germany
bb4ad233-8988-4e35-9406-1efb76f1ac98,MSC 2121,Sea,3.19,3157,3,India
4f2d22f8-e5bc-486f-8fa6-455e87945fef,DHL 2122,Sea,4.59,446,7,India
c7bc8533-ac15-4c16-adf1-e16eeeebe416,DP World Logistics 2123,Air,4.31,2474,12,South Korea
b12193aa-e478-422c-a684-4e786f745ff0,MSC 2124,Sea,4.89,3497,26,South Korea
426b1eae-c87b-4a01-922f-25208ae64c08,MSC 2125,Sea,4.43,1308,27,United Kingdom
8e1d96a0-a5e2-42ce-a28b-fa0c30a735b9,Kuehne Nagel 2126,Rail,3.63,3003,38,China
3bf39ac9-9956-489c-a5f6-b84d47b80485,Hapag-Lloyd 2127,Road,4.29,1732,24,China
022da412-8eaf-4719-b4d8-c93e14e282da,Maersk 2128,Road,4.61,1325,28,United Kingdom
9f3df391-96cb-49d5-aa89-0b206a1dd750,DHL 2129,Sea,3.18,3397,31,United Kingdom
0089f681-8a2e-4021-9c21-a770ced506a1,Maersk 2130,Rail,4.49,4095,33,Japan
1bfb0b62-8a24-4158-9d93-c8b4f406d731,Blue Dart 2131,Rail,4.31,885,3,India
6fc2706f-5708-42e7-acb1-48c98d2c9596,Kuehne Nagel 2132,Sea,4.12,1905,38,UAE
4d01c2ef-2cf2-425b-8736-3263846ea64e,Maersk 2133,Sea,4.28,2513,9,Singapore
c035482c-2540-4643-8e26-4886617075c5,Blue Dart 2134,Sea,3.98,1633,20,South Korea
4eb4c2d9-0098-400f-94a0-f2907e31d3aa,DHL 2135,Road,3.65,3455,16,Singapore
9f162015-fc1c-4abd-a191-d753f7aa69cd,Allcargo Express 2136,Sea,3.44,1421,21,Netherlands
fcbc0391-af84-43e9-88b0-217967067cef,MSC 2137,Road,4.36,3796,5,China
36c8fe95-735a-4ab6-9020-e27b5df9fafb,MSC 2138,Air,4.65,3878,17,Netherlands
f96d0851-7cae-4723-826e-ce23927c05f1,DB Schenker 2139,Sea,3.85,1718,6,United Kingdom
d5080887-8f5c-4057-a13d-1519e1c284fa,FedEx 2140,Air,3.64,1981,37,India
93dbcda4-f947-4e2a-8585-6742baab1ce8,DP World Logistics 2141,Road,4.27,1070,38,South Korea
cf9e53ef-e64e-4f06-a529-1d6852ea4fd1,DB Schenker 2142,Sea,4.75,2532,3,Japan
0202c25c-da79-4393-9382-b9e189db6c6f,DB Schenker 2143,Road,3.5,2624,18,India
6ca0f6b3-6bb1-4dd2-b6fa-c88a52c41066,Maersk 2144,Road,3.66,3462,18,UAE
6071498e-6381-4d37-9214-2fe58ce3b3bb,Hapag-Lloyd 2145,Road,3.45,1389,13,Singapore
77046fce-ed1b-45c5-a7bc-fcc4e0c3e5c2,Blue Dart 2146,Sea,3.9,3583,37,UAE
88091245-b1ca-46ee-8a09-066ce297745a,Maersk 2147,Road,3.92,2665,29,Netherlands
70f2cfa0-ce42-4cb9-9d25-3ebd815b4525,Emirates SkyCargo 2148,Sea,4.73,1012,30,India
2b061413-89f3-472b-804d-d871a89e7b78,Kuehne Nagel 2149,Sea,4.71,181,15,China
be5585ea-accd-434c-b91b-1210ab28757b,CMA CGM 2150,Air,4.86,3509,5,UAE
bdd7a384-e9e0-4d5b-a77c-cc8d4e160b98,Emirates SkyCargo 2151,Sea,4.55,2749,19,Japan
f1dc98df-b4a2-4434-a19e-8d75153e8ced,DHL 2152,Sea,3.43,2885,29,Germany
c25b1379-0907-4f7d-8025-a38fa3cf2b91,Allcargo Express 2153,Rail,3.97,3628,3,India
ab5d946f-ea5a-4dbf-85be-884cca2dfdce,Maersk 2154,Sea,4.62,938,12,Japan
522d55a9-9a53-4460-99aa-0081b7c55668,Allcargo Express 2155,Sea,3.21,875,7,UAE
4fd54812-8d40-47be-860c-1bb55026b589,FedEx 2156,Sea,4.78,3541,16,India
9b653aa4-9ad1-43f4-88ae-31b853b99b69,Emirates SkyCargo 2157,Air,3.97,3271,13,Netherlands
08beb0b9-3dd3-4e2f-b03d-590aa2da3535,Blue Dart 2158,Road,3.92,935,20,Singapore
f96fb51d-38bc-4283-9b19-76cd5914e248,FedEx 2159,Rail,3.26,3138,26,UAE
4c2a288b-8363-414d-b4f8-b2e75094eaac,DP World Logistics 2160,Road,4.74,2301,23,South Korea
f9cb70de-619a-427d-a38e-35f64799b67b,CMA CGM 2161,Sea,4.48,665,32,India
30d1c9b2-c35c-4f36-8e9c-481314e6113b,Allcargo Express 2162,Road,3.11,517,33,South Korea
f99fffeb-615b-4577-a935-4984d2455cbc,FedEx 2163,Air,4.57,2314,28,China
0fcbde26-49ee-4963-acfe-c579833ea86f,Emirates SkyCargo 2164,Rail,4.88,3187,16,India
7fd7da58-4b10-4b92-9863-538a5e861925,Kuehne Nagel 2165,Sea,3.97,3279,18,South Korea
d1e274ce-c1d2-433a-ac4c-84e0d7c16f99,Maersk 2166,Sea,3.57,3585,34,Netherlands
b583f6ec-e034-4d00-a1aa-c3bce250e400,Blue Dart 2167,Air,3.37,2488,31,South Korea
0d715e5a-cc00-4084-8df6-9b4b78d8a611,Blue Dart 2168,Sea,3.47,3231,10,United States
46dd9235-61ce-4c4e-a1c4-335f4ed9d4fb,Allcargo Express 2169,Air,4.5,2663,16,South Korea
372a086f-a820-40de-a189-3e32b23c1477,CMA CGM 2170,Air,3.18,229,37,China
5cccad41-4452-4e8b-b12a-315c0c051bfb,FedEx 2171,Sea,3.43,773,24,India
1412921d-ac6c-4fbb-880d-a313ada553ab,DP World Logistics 2172,Road,3.71,141,28,Germany
d2f54714-c73d-42f2-bc0e-364d80cfb0f3,Allcargo Express 2173,Road,3.81,3867,17,India
d4e3c076-5f6f-4742-a911-ae1b6b1e3a60,DHL 2174,Road,3.23,3000,9,United Kingdom
d550bbf8-35e3-4c08-be0d-e6f5d2faa9cd,Emirates SkyCargo 2175,Sea,4.59,1443,30,United States
0230a7db-3b21-42cd-b2f0-8b910d02cd09,FedEx 2176,Rail,4.04,3334,20,India
64fb7a9a-15e1-4ee4-a8ab-d7135a98b95e,Hapag-Lloyd 2177,Road,4.42,3739,31,India
cbf947b6-7625-47eb-bd56-c9a8ddecb331,Allcargo Express 2178,Sea,3.59,3939,29,United Kingdom
217b1e20-f55e-4400-a0b8-061b75c91643,Kuehne Nagel 2179,Sea,3.23,3425,27,United States
ce4b3c29-ce15-432a-a9d6-ff9877be1bc1,Blue Dart 2180,Sea,3.3,1490,3,Singapore
56c7b39b-e38b-4dad-abfb-cea3fd4ec40e,Maersk 2181,Road,3.74,2176,21,Japan
28263b49-224d-40b6-bf1e-79c67ee07750,DHL 2182,Air,3.9,1409,4,India
29ff4bcd-db40-4a4a-8fdd-5fd5548f5b8f,DB Schenker 2183,Sea,4.83,619,33,South Korea
bc693e02-51ca-48ee-8bec-82fdd3bff6b0,CMA CGM 2184,Sea,3.37,1483,29,United Kingdom
1f8ea841-9773-44e3-93fa-66e9eebd094e,DHL 2185,Sea,3.4,33,19,India
6452b44b-382e-4df3-8b31-2ed3d37d292f,DP World Logistics 2186,Air,3.85,4176,11,Netherlands
55f34f27-5c1b-4a6e-bdf4-6726474065f0,DHL 2187,Sea,3.34,1219,6,UAE
343c79dc-0d3d-4a04-baa6-55efc9405b73,Maersk 2188,Air,3.48,2273,18,Japan
7b30b96a-0aa9-4d2a-9585-121329752ef0,Blue Dart 2189,Sea,3.47,1308,23,United States
7f892e9f-d050-4610-aec1-9e4284100502,DP World Logistics 2190,Air,4.68,504,14,China
4c04733b-e08b-49c2-ab47-849caad9a4a6,Kuehne Nagel 2191,Sea,3.97,2847,25,United States
4ee4480f-cddc-4247-877a-b9ba1707b056,DP World Logistics 2192,Sea,3.8,2896,6,China
d252b9d8-2eeb-4394-be01-76de74c93f40,MSC 2193,Air,3.31,775,35,Singapore
38761f8d-8a37-430d-96f2-23636f9fca4c,DHL 2194,Rail,3.99,2198,7,UAE
a197dd18-47a7-4579-92da-fb6ed9a4a75f,Kuehne Nagel 2195,Road,3.6,2870,18,China
fea08097-c405-414c-a3d5-58d4c66261fd,Kuehne Nagel 2196,Rail,3.44,3428,10,Singapore
e5059418-8f45-4e10-8278-055abe7448d7,Kuehne Nagel 2197,Sea,4.11,1359,26,China
70953ae0-0587-4c27-8cd5-7eb48a05a700,FedEx 2198,Sea,3.49,522,21,United States
cde8d286-97a1-4d53-95bf-2a39e9aa3465,Emirates SkyCargo 2199,Sea,3.34,2908,19,China
e0bb41a0-43e7-40af-a428-d5040fc3bead,DHL 2200,Sea,4.26,797,15,Netherlands
72c166d6-2f08-483e-abcf-c1c8a03470f9,Blue Dart 2201,Road,3.49,3707,33,United Kingdom
8e293a0f-f6c6-48cf-9915-e88eecd089ff,DB Schenker 2202,Road,3.26,3964,14,South Korea
e506c439-f83a-4cda-b4f7-97dfa6d401a1,CMA CGM 2203,Road,4.54,4082,6,Netherlands
24181169-63c8-4818-acee-f43a55359d2f,Allcargo Express 2204,Sea,4.29,3740,25,UAE
9dbd59f1-c9b2-4796-ad52-3f2d947e8c17,Blue Dart 2205,Air,3.35,1784,21,South Korea
4c625b24-a96b-4011-957e-4f3293a08ddd,Emirates SkyCargo 2206,Air,4.06,2391,12,United States
a29bd522-942d-4a1f-8038-a5020757a27d,Emirates SkyCargo 2207,Sea,3.17,238,10,UAE
26842338-6cfe-4454-9d50-1ee8f3920fda,Maersk 2208,Rail,3.75,3410,25,UAE
eb7df4ff-4402-4239-b197-77173d1b04f0,Allcargo Express 2209,Sea,4.34,3128,6,Singapore
826e0c23-3c16-4c01-b119-bbb30d7ee645,MSC 2210,Sea,3.45,3904,3,Netherlands
5404fa58-1c46-4bdd-aa0f-2fdfc26e825f,CMA CGM 2211,Sea,3.98,1324,24,United States
0b73498d-382f-4213-adbb-a9679003ec50,Allcargo Express 2212,Sea,4.04,3161,23,Japan
fcc1133c-eb9f-46e6-be97-fdb0787b417c,Maersk 2213,Sea,3.26,2389,26,Germany
b4e6f1a0-1b7f-49d7-a0a0-038594a2a510,DHL 2214,Air,3.93,1800,14,India
0726a4b4-f6d2-44bb-91eb-c80abbaed262,DP World Logistics 2215,Rail,4.77,2010,20,Japan
b688f0d6-e3c5-468f-b09a-778568bbc500,FedEx 2216,Air,3.12,396,38,India
e6d35220-4c1b-4a8b-8bd9-139056b22f84,FedEx 2217,Air,4.05,1843,7,Germany
39326b52-38a6-4609-85b9-bd7018bb69f3,FedEx 2218,Sea,3.82,699,32,Japan
772a68cd-7e39-4929-b761-45a34b078763,DB Schenker 2219,Sea,4.33,72,17,China
1a012a00-b3e5-441c-bda4-2a9550bc48ba,DP World Logistics 2220,Sea,3.68,1924,28,United Kingdom
a0ee6b75-b952-487f-93c6-8e16d05fecdd,Hapag-Lloyd 2221,Sea,3.87,856,27,Japan
9e36e5ba-100a-4f41-9e00-611864e5560c,Kuehne Nagel 2222,Road,3.93,2490,6,Germany
c5415c25-9f85-4f6e-9a16-ed9ff239055d,DB Schenker 2223,Air,4.22,4155,13,South Korea
fc5417bc-c16a-4094-aeb7-fc233d48981d,DHL 2224,Air,4.1,2281,13,UAE
1d500dd3-8d75-4af9-8c39-c15fd6027ee0,FedEx 2225,Road,4.51,1415,32,India
b6ab8126-7112-4633-9a94-9480a19856d7,Kuehne Nagel 2226,Sea,3.6,3898,14,UAE
d757031c-758d-49fd-a9ce-6c36426b3858,DB Schenker 2227,Air,4.55,4005,5,Netherlands
ad48d7b7-5443-45b3-80cc-2be59bfc8a33,MSC 2228,Road,3.75,1475,3,UAE
af0c36d8-675b-4cc0-83e6-da97f51f50a8,Allcargo Express 2229,Road,4.19,3243,6,China
ea5fddac-f1ce-4a91-bc4c-e5da1482e3b6,MSC 2230,Sea,3.4,2061,3,China
1e4623cf-e3cd-4e8e-b99b-31f81704fb9a,DP World Logistics 2231,Air,3.24,1117,19,Singapore
a1914e6e-1cf7-4886-8f55-8667ac4b8294,CMA CGM 2232,Sea,4.34,2893,16,United States
8e9d0bf3-8582-4e7d-a48b-7c5813a80c6d,DHL 2233,Sea,4.2,2008,25,India
e68ab564-cb3e-4c3d-8620-3a697984902e,Blue Dart 2234,Sea,3.88,3870,6,United Kingdom
4d6a8130-7154-4325-946c-b89e7cf987ff,MSC 2235,Air,4.27,1160,22,Netherlands
3ec37004-e133-486b-9e77-d483b672f08e,CMA CGM 2236,Road,3.72,129,4,Netherlands
7ddf980a-7474-47c4-8e5b-7f6c90fa56ce,FedEx 2237,Air,3.45,2717,14,United Kingdom
a522ecff-7dc5-4859-aab4-5936946e5b24,Allcargo Express 2238,Air,3.39,558,30,Japan
1224dae1-0d34-4480-808a-14c33e9dafe9,DHL 2239,Sea,3.97,928,28,South Korea
79475001-11d1-41ef-85a1-07a933b40e42,MSC 2240,Air,4.05,2230,26,Netherlands
2333103a-50d4-4b21-9c72-a7cc8be9d59a,DP World Logistics 2241,Sea,3.22,1751,26,United States
f93d1ba2-496e-4745-b864-776537884ffe,Allcargo Express 2242,Sea,3.69,1019,7,Japan
976a4154-e761-4e7c-ab5f-fa6981d9f074,CMA CGM 2243,Sea,4.68,4142,36,Singapore
63c64d28-103f-4126-a578-ddee18180fc9,Hapag-Lloyd 2244,Road,3.78,379,6,Singapore
29c42d13-aa73-4ce4-a35f-a3995898a070,MSC 2245,Road,4.44,57,14,Singapore
c38819b5-2a1a-4179-b894-cb75b4c3fc7c,DB Schenker 2246,Road,4.43,4066,28,South Korea
01430563-16a0-411d-90ae-271a09ac81d2,FedEx 2247,Road,3.11,251,13,South Korea
6209f404-36de-40ed-ae3e-cbcd1c772356,Maersk 2248,Rail,3.26,769,14,UAE
93cc372f-4f7a-4894-bd87-12c3747d51fd,Kuehne Nagel 2249,Road,4.06,3067,21,Singapore
8572ad05-b76c-414e-ab42-7fbfee6716c2,FedEx 2250,Sea,4.32,2441,31,Germany
c2d3f1b7-4bf5-49eb-9055-6e22e30e3da3,Allcargo Express 2251,Sea,3.24,2409,29,India
3a2ee8e0-5152-40c3-8f45-6a3b67190cb0,Blue Dart 2252,Road,4.52,3202,33,Germany
429bed41-c58e-40b8-b149-32a12f97c99a,DB Schenker 2253,Rail,4.24,1671,11,Singapore
e5d18fe1-0618-4bca-aaf3-708008f7625a,Allcargo Express 2254,Air,3.24,2241,34,India
480202d4-0b3e-49ba-a6e7-3df8c8da4365,DP World Logistics 2255,Rail,3.29,2682,29,UAE
30a70910-307f-4e51-933e-d01daeeea9ed,FedEx 2256,Road,4.85,832,20,India
ec03e028-9683-461a-9df1-0c45e5aa4fee,DB Schenker 2257,Sea,3.16,1222,22,Singapore
f2036e29-7ee9-4157-bfde-c43233e4197b,Kuehne Nagel 2258,Sea,4.78,1581,12,Germany
ca4a4a12-f627-40ae-9ae9-67101c528e3c,Hapag-Lloyd 2259,Road,4.71,4189,28,India
11ca3af1-f354-4e17-a978-f1eaa673a8f5,Maersk 2260,Air,3.65,941,22,United States
46c8d176-d58a-4b3a-bb7f-30b4b90dfbe5,Allcargo Express 2261,Road,3.89,3128,27,Singapore
fc3764d7-f76f-45a5-b6a4-a1d01e88eebb,Allcargo Express 2262,Road,4.61,361,38,India
adece1ee-b1a1-478d-9a25-ea90857e0373,FedEx 2263,Sea,4.02,3310,33,Netherlands
89c48aea-1b9b-479e-a39d-3d80d6f3b49f,CMA CGM 2264,Road,3.24,1661,16,United States
73c0fc93-fce6-4563-9069-1d264538b3c7,Blue Dart 2265,Sea,3.32,3578,18,UAE
67a5adda-39ae-49c4-bf63-e69a3666b389,Blue Dart 2266,Sea,4.61,1010,32,India
659ecac7-9584-4934-9e67-9c2a838e5c40,DHL 2267,Sea,3.99,2346,23,Singapore
643ebc60-3718-45e5-8a76-53565dd68ec6,FedEx 2268,Sea,4.03,4047,17,UAE
b982a58e-cf90-4176-850f-11ee143b31d5,Hapag-Lloyd 2269,Road,4.47,2009,5,United States
8c8bb676-0a0a-4924-be8d-604981c14cb8,MSC 2270,Sea,4.19,2145,28,Netherlands
fe3be9eb-0e3d-4377-9b97-fb2794ac2019,Hapag-Lloyd 2271,Air,3.78,1207,30,Singapore
f5972e05-01b1-4b74-a261-c8d295509e29,Allcargo Express 2272,Air,3.76,1059,35,Japan
ca619075-32d1-47ed-a041-15ef6f3ba9cd,Maersk 2273,Road,3.14,2012,21,Germany
ad614637-6709-47a1-a2a0-e66f67898b8a,Maersk 2274,Road,4.47,2339,32,UAE
954f7f7a-301c-4fee-bcb7-3b48cf53afb8,Hapag-Lloyd 2275,Sea,4.45,893,21,United Kingdom
e0cab799-68fd-4115-be48-4c7ed1e32728,MSC 2276,Sea,3.93,1976,35,United Kingdom
b5e5d23f-1098-4f61-a0b7-47ebfde57309,Emirates SkyCargo 2277,Air,4.61,1184,5,India
6c38eddc-743c-42d0-843d-b0a16e8769e8,DHL 2278,Road,3.53,2525,19,India
a77db636-9ecd-4537-b9c0-0a35cb067e0b,Emirates SkyCargo 2279,Sea,3.79,1381,34,India
39431ec1-e25a-4284-b2a0-d49d9106cdb7,MSC 2280,Road,3.94,578,22,Japan
94649fa1-41f8-45a8-beac-a542f70dd3e9,DP World Logistics 2281,Sea,4.81,3084,12,Netherlands
80efa2d7-7c6b-4fba-9ad1-d79b563e7835,DHL 2282,Air,4.14,575,34,South Korea
5df6d5fa-2bf7-4a55-83d4-4d40a52373bf,MSC 2283,Road,4.47,2068,12,India
b33591d2-fdf5-431f-b03e-a236f91fe890,Blue Dart 2284,Sea,3.53,2495,18,United Kingdom
b265ace4-3c3e-4fb3-bb85-58281db26f9a,MSC 2285,Sea,4.87,2773,34,Singapore
3e8e96df-0b86-42d8-beba-c238a170a937,Maersk 2286,Sea,4.45,2683,10,United States
1b9a229c-06d2-4dd1-b6c1-c71ade50dc4e,Maersk 2287,Air,4.5,113,26,Netherlands
4253415f-059d-4b87-aae0-b18a40df9023,DB Schenker 2288,Sea,3.2,2594,16,United States
c317234c-97b0-49e1-a557-06cc6da05282,Blue Dart 2289,Rail,4.41,1301,7,Netherlands
40bba49f-777c-45a0-afed-40df8ec1cf8d,MSC 2290,Road,4.41,3040,27,Singapore
3950fd1e-9a2f-4bce-92c7-4eb846d5d1a4,FedEx 2291,Air,4.79,3680,26,India
7270285c-f2ac-42df-a61c-5087f2acf825,DHL 2292,Air,4.46,3212,7,Singapore
b54d8892-f442-424a-8244-bc482516d557,Allcargo Express 2293,Road,3.45,459,20,China
2bfe47b4-e43b-494f-9a8e-7b7e555081b2,Kuehne Nagel 2294,Sea,3.74,729,33,United Kingdom
65f743cc-13a5-465b-abb6-d4a09d3af2b2,Maersk 2295,Road,4.75,3987,31,United Kingdom
9b2a8f62-648f-4194-b4e2-17def3a753b3,DP World Logistics 2296,Air,3.2,2876,10,China
dde53cd0-c4f8-4fd0-98a0-7d147215266b,Blue Dart 2297,Road,3.41,2920,9,China
2df3d0a4-2e05-45e3-a587-0b08e9e80f91,Maersk 2298,Air,4.29,3539,18,Singapore
408a842c-015c-463b-b659-12e35d1d50eb,FedEx 2299,Sea,3.15,1137,3,UAE
e062082b-7ca0-48b7-b3a9-3b3e0abc2e15,Kuehne Nagel 2300,Sea,4.6,388,31,Germany
7499e432-1998-498f-9f67-2a2129ffa4a2,Kuehne Nagel 2301,Air,4.76,3679,27,Japan
017069b2-8cbf-4494-a63d-a13f0db71408,Maersk 2302,Road,4.2,3923,23,Japan
f7329b6a-c8a0-44a3-87e0-3f791218f5cc,DHL 2303,Road,4.07,167,23,Japan
d2bad8da-7def-4420-bf31-3a106ccff0ac,Allcargo Express 2304,Air,4.67,3466,17,Germany
f9a598e8-fd19-4469-8eba-ca2f5871a80c,Hapag-Lloyd 2305,Air,3.78,1588,7,India
547a1b77-3917-4490-b1d9-6283bc0f0d31,Hapag-Lloyd 2306,Road,3.46,2454,11,China
fbe0020c-2099-4a42-be04-d2c268e593a4,DP World Logistics 2307,Air,4.74,3762,34,Japan
78d582ae-428f-407a-b06b-b7a57faca5db,CMA CGM 2308,Sea,4.25,85,31,United States
c42d6bec-06b1-4445-8adf-c699d986f204,DHL 2309,Sea,3.27,180,25,Singapore
27789791-99cc-4fdb-a754-507dc352a0d7,DP World Logistics 2310,Rail,4.3,4022,22,China
8c32add4-4399-4493-a558-1a60b888e090,Hapag-Lloyd 2311,Road,3.38,4155,14,UAE
3026d4ba-6abf-4761-93ac-2fcc95d21b16,DHL 2312,Sea,3.86,2122,15,Netherlands
4f3f57c2-0265-450d-9969-62a52373ec28,FedEx 2313,Air,3.18,738,7,Japan
9484949d-5155-4fc1-b586-6abc0fbce7bf,Maersk 2314,Rail,4.24,1014,30,UAE
f062f44a-7b91-4c42-bf9c-2aa91dfcd7df,CMA CGM 2315,Sea,4.32,1436,11,South Korea
067714a0-b37e-45f0-bb08-a5e59ccdbc22,CMA CGM 2316,Road,4.74,2900,22,South Korea
d6d37db2-04a9-40f2-ad47-0e016fe899a1,Kuehne Nagel 2317,Sea,3.77,1171,10,United States
c206fa6a-e330-4009-bc13-ce5e08363f25,DB Schenker 2318,Sea,4.48,3862,11,India
748c4fae-e494-4755-a2db-de9dbb0d2c70,DP World Logistics 2319,Rail,3.63,1984,22,Germany
ff5ce10d-15fa-4e8d-a966-0149c3b49598,DP World Logistics 2320,Road,3.35,2422,20,United States
61d47c1f-1471-4618-a66c-e524fb66ff12,Hapag-Lloyd 2321,Road,4.52,727,25,UAE
8dadaa4c-6ca1-4d42-8ee4-e74a2bcdf425,Hapag-Lloyd 2322,Road,4.14,2865,32,Germany
59e2c069-3fb6-4026-9684-d448fab06f8f,Emirates SkyCargo 2323,Road,4.81,2411,20,South Korea
56c7d86a-c8a3-4d96-939e-2082a6eb03d4,Blue Dart 2324,Air,3.11,3586,9,South Korea
09631d56-e428-4667-b3e7-26ab6875039c,Kuehne Nagel 2325,Road,3.33,409,19,South Korea
3ccdee8e-85f5-492f-b583-5d8f8fef9d64,DB Schenker 2326,Rail,4.17,2649,23,China
e3a87451-9abe-425f-b9ad-7ce77595a1ce,DHL 2327,Sea,3.41,547,3,India
4e1c0c56-3258-4e66-81e7-c2985c99a40f,DP World Logistics 2328,Air,3.52,1904,34,China
76814358-a7b2-43c4-81d6-d18c3dc450a2,MSC 2329,Sea,4.39,1378,21,United States
588ca677-9b63-4ec0-9a9e-7fb1a59da0e7,Blue Dart 2330,Sea,4.23,1920,6,Germany
a3ee695f-7c6b-4401-9067-fdb68dce1bc3,Hapag-Lloyd 2331,Sea,3.15,787,12,United States
519e18f0-ab42-450a-95e5-6289b4a2215d,DP World Logistics 2332,Road,3.92,3904,30,India
b28a6d67-9dc9-492b-9007-9bb802954870,Kuehne Nagel 2333,Sea,3.49,3570,30,South Korea
dcd8e350-02aa-42be-b95e-efbfbee8415f,Kuehne Nagel 2334,Road,4.36,565,7,Japan
c8a6b131-534d-47d6-a5de-9ae0cdfe66b6,Allcargo Express 2335,Sea,4.58,1737,23,UAE
94d4e646-3ee8-49ef-b69c-fccd781511b5,Hapag-Lloyd 2336,Sea,4.24,156,13,United States
f64dde01-6e52-4360-89de-b4e4fb0be0b9,DB Schenker 2337,Sea,4.05,2460,24,United States
473f0d30-d439-4d55-89fe-e0b7cc573886,FedEx 2338,Sea,4.73,3531,6,Netherlands
6f864681-b632-4776-8076-83ea607db218,Maersk 2339,Sea,3.44,155,17,Japan
5a06a9ed-46e7-4546-a5ba-802f745a033b,DB Schenker 2340,Road,4.08,549,20,South Korea
dee18f49-87c5-4146-ad9e-e592ffce0952,Blue Dart 2341,Sea,3.44,4168,34,Japan
28759552-94cc-44ae-9cd3-c4d55beed5b8,Emirates SkyCargo 2342,Rail,4.28,2318,17,United States
241ea3c5-7b9e-4e9b-b396-0dd48e013262,DB Schenker 2343,Air,4.47,1958,33,Netherlands
cb209806-e9bb-4d94-bf82-451bb965ed02,Emirates SkyCargo 2344,Sea,4.51,3621,10,South Korea
6fe6cb73-4473-46df-ab32-4ac1a9ad3234,DHL 2345,Sea,4.38,4018,10,United States
50e304cc-9ece-40fd-bd10-89b4bd57879b,Maersk 2346,Sea,3.44,1956,36,India
d55c676e-b7e3-4ca4-b402-0808c3cae39b,Blue Dart 2347,Sea,3.76,1865,29,UAE
58e50330-aeed-4b0f-bb95-c23c2d5c412f,Allcargo Express 2348,Road,4.31,2781,18,Japan
8c38d268-03b8-4fe5-ae0a-2e334584a653,CMA CGM 2349,Air,4.0,229,8,South Korea
6565c084-753c-4fb5-9c41-c7b6ebe67309,Blue Dart 2350,Road,4.26,2551,18,UAE
3e1a7c9a-77d4-4cd2-bc0e-16e18519d97b,Maersk 2351,Rail,4.22,1492,34,Germany
adf4183c-7581-444c-8fc6-ea73773761ec,DB Schenker 2352,Air,3.93,2814,37,Netherlands
a7fdf485-0dca-4da7-ae45-aa681eb131e2,MSC 2353,Road,4.78,1683,27,Netherlands
f951c587-7fb9-456b-8f97-d3bf65232740,Maersk 2354,Rail,4.27,738,21,United States
c56f306d-a251-471b-911b-2942d7d0463a,Emirates SkyCargo 2355,Air,3.72,2310,29,Singapore
479f3c7f-3c81-416d-8d46-18ab8a637869,DB Schenker 2356,Road,4.53,1563,15,UAE
8e5270d7-4379-4889-9037-e640a60134ec,Maersk 2357,Air,3.81,2977,22,United States
83d5b64d-f968-4781-8581-18d3ee9c674f,Kuehne Nagel 2358,Sea,3.18,3329,35,South Korea
8a9b6e48-9d75-4f7a-b84a-748aca57b73d,DP World Logistics 2359,Sea,4.79,1778,29,Germany
b8372efa-b8d4-45e1-8dec-757c7587f65b,MSC 2360,Road,4.16,3481,37,United States
34c50385-ee29-42e3-afcc-8c99ddea4704,Emirates SkyCargo 2361,Sea,3.84,2865,21,Netherlands
5742cd63-f0dc-4f2a-947f-9904a20e3ad8,Blue Dart 2362,Road,4.07,2583,25,Singapore
d97472b0-c1ca-4589-b2a7-52bcfbdc947e,Emirates SkyCargo 2363,Sea,4.02,3241,12,South Korea
5dd13400-2a65-484c-b1ed-6b6be3d085b2,Blue Dart 2364,Sea,3.79,926,27,UAE
25aa0491-b79b-4bb9-8e41-51d5ba9b8e4a,Kuehne Nagel 2365,Sea,4.35,1544,8,Netherlands
9e4efff9-579f-463b-a219-0463624726a5,Hapag-Lloyd 2366,Road,4.73,2031,5,Japan
7b1e9162-1263-4ba3-a247-eefe593d07e6,Maersk 2367,Air,3.78,2034,27,India
f01af703-eb9e-4894-a16b-4e0bcc75d964,DP World Logistics 2368,Air,3.83,83,4,India
4a9c1cb9-4a56-470f-8eef-2094b6374bfc,Allcargo Express 2369,Sea,3.75,2117,30,United Kingdom
1dec603d-6bb1-4523-8391-8f717622a883,CMA CGM 2370,Road,3.96,1117,17,Singapore
71c19a4c-6862-44b5-a684-2e7db39b441c,MSC 2371,Road,3.43,4084,25,Singapore
92aaff77-bb3a-4089-8ef8-6b75c72707f3,Allcargo Express 2372,Sea,3.16,2796,21,UAE
cd5f5ba5-ce1b-4a1a-ab5d-9b9677b7f666,Blue Dart 2373,Road,3.49,2544,36,Netherlands
1af8bbcd-6183-43bc-bbf6-3589f04440aa,CMA CGM 2374,Sea,4.07,3218,29,Germany
3b53d18a-0723-4ad2-9bc4-c0100ccef794,Hapag-Lloyd 2375,Sea,4.61,1587,32,United States
0be36106-4a8e-4173-91d6-955777fe94f5,CMA CGM 2376,Sea,3.23,302,35,Singapore
27e0ce6c-c78a-4227-80e8-b98a107961df,Emirates SkyCargo 2377,Air,3.53,662,7,Singapore
0dda9b0a-e6c8-449c-a05d-01505dba3664,DP World Logistics 2378,Sea,3.66,759,11,Singapore
7ff1799a-5bb6-455a-9a7c-715ee205487a,Blue Dart 2379,Sea,4.73,1648,6,Germany
34b5af67-6665-4914-a858-4fe48e10d07d,CMA CGM 2380,Sea,3.57,3362,25,United Kingdom
5b56aa9e-848c-49d5-afd1-f25d206e805d,DB Schenker 2381,Sea,4.58,2103,32,Netherlands
7ec65f33-79d6-47bd-af79-792da1e615de,DB Schenker 2382,Rail,4.8,1019,29,UAE
03a8e339-dd9c-4df4-a6ea-2586cb7eeca0,DB Schenker 2383,Sea,4.22,1524,18,UAE
fff4c919-4f04-4b7e-ba0e-0befe76b037e,Allcargo Express 2384,Rail,4.42,900,12,Germany
c614f608-b3a1-485e-b78b-3cfb47610723,Hapag-Lloyd 2385,Rail,3.38,3563,16,United States
dbcbbe40-e8ee-496e-8402-bd0150b378af,Hapag-Lloyd 2386,Sea,4.6,3745,38,Netherlands
6f4f8619-caa7-4742-97c3-e806acbefef3,Kuehne Nagel 2387,Sea,4.03,2310,7,Netherlands
2c07ee1f-4251-425e-a421-0689ccba2cd6,Maersk 2388,Road,4.36,188,6,South Korea
1b2cc005-fe99-4ae7-88bc-cc2b812de410,DP World Logistics 2389,Road,4.26,2600,17,Netherlands
0ffd6296-559c-4a4d-bc94-2276a775e704,CMA CGM 2390,Sea,3.33,4002,26,United States
8b0bb9aa-b413-4edd-b90c-b6b86a267347,Blue Dart 2391,Sea,3.22,3267,33,United States
19e7c5eb-54d8-4085-885f-0068cc7a23bb,MSC 2392,Sea,4.14,598,35,China
af83d255-b542-45e5-8415-b9cc0d7deb14,DB Schenker 2393,Sea,3.68,3417,24,South Korea
a8f8c3dc-702b-4f85-abbc-4dadeaec6033,MSC 2394,Air,3.79,1316,36,China
58aa9a82-c1ca-4907-80a3-a1a45c80b095,CMA CGM 2395,Road,4.86,4045,36,UAE
a412424f-f8dd-4098-b8ac-c46bda2c2455,Kuehne Nagel 2396,Air,4.22,1721,16,Singapore
f91d03c2-c42e-4f67-8749-647e09ec0e62,DHL 2397,Road,3.86,1129,12,United Kingdom
7ea0bc5d-cbc8-45b7-9e7c-a7a26268ac9f,Maersk 2398,Sea,4.11,1937,3,Netherlands
8177ddaf-daf3-4aa6-b521-88de2188eca8,CMA CGM 2399,Air,3.7,2065,14,Netherlands
0e7d0bb1-8701-4a55-b472-aff92a993945,DHL 2400,Air,3.79,655,33,Netherlands
f64e1edb-09cd-48aa-bbc9-e441ee2d80ca,DP World Logistics 2401,Sea,3.29,1306,33,United States
fd0ea45a-03bb-49f4-b019-6cd54b6d2dd2,Hapag-Lloyd 2402,Sea,4.21,324,26,India
30244643-8283-463e-be5e-7476f753fe0c,Allcargo Express 2403,Road,4.51,1900,31,Netherlands
81005162-0161-4564-84e0-3a5168b5d647,DB Schenker 2404,Rail,3.33,2605,24,Netherlands
4af25e43-69a6-4e7a-bc96-ba9d4ff5246c,Maersk 2405,Air,3.38,3826,3,United States
04cb978b-de1c-4850-9dc5-388925f089df,Maersk 2406,Air,4.51,891,16,South Korea
c4b47b3f-e8d5-4429-881d-ff56e44437c7,Blue Dart 2407,Sea,4.0,1435,16,Germany
04aa9cf7-9707-40b1-872b-526d92a24a50,Emirates SkyCargo 2408,Sea,4.49,3963,26,India
787d395e-87b2-4c5b-9601-a4cd013e3155,MSC 2409,Sea,4.61,493,4,Netherlands
d7ef4aec-c574-4fca-ac03-b8cda3867f8f,DP World Logistics 2410,Road,4.41,4056,21,China
f6051486-f94e-4014-81d3-cc86753561e5,DP World Logistics 2411,Air,4.35,2316,21,Singapore
35c2adf7-d431-4977-af54-8aebdfb449c0,Emirates SkyCargo 2412,Road,4.12,4199,13,UAE
632c1154-a2b0-4b58-88cb-17c3ae493cc9,Maersk 2413,Road,4.32,668,12,Singapore
797264ba-011e-4fc4-86ac-f7eaa3c261a5,CMA CGM 2414,Air,3.91,2261,21,China
fc425e97-a9c7-4ed8-91e1-0fe65cfdcc6e,Maersk 2415,Road,3.55,273,29,UAE
08e9f047-bb1f-4618-a037-b99be9dea444,MSC 2416,Road,3.25,2155,26,Germany
a582a8a6-0321-44f1-b108-559abd60d27a,Emirates SkyCargo 2417,Sea,3.77,851,36,China
817b791a-6ec5-4d70-b04e-f90d7c50c381,Blue Dart 2418,Rail,4.09,962,9,UAE
d816815f-7a99-4d3e-960f-f1b1fded7712,Kuehne Nagel 2419,Road,4.75,2602,28,Singapore
4c959b6b-7095-498f-be83-89e0faabc741,Maersk 2420,Road,4.6,447,30,Japan
5c0059f2-35c8-405d-b1e3-4dc87b8be8df,Allcargo Express 2421,Air,4.08,411,13,UAE
bcd2c83d-7645-43aa-8675-98f6d66d1422,MSC 2422,Sea,4.37,4119,24,Netherlands
397fd910-562b-49be-add2-b470b34b61f5,Hapag-Lloyd 2423,Road,4.68,2154,18,Singapore
15029139-6277-4a1e-bc46-d14931d2395b,Allcargo Express 2424,Rail,3.99,1120,27,China
7838fdb4-f46e-49e1-ba01-1c6a003a9ab5,MSC 2425,Rail,3.26,3024,23,United States
0242a1fa-a31f-4085-8bbd-1542a34dfc9a,Blue Dart 2426,Sea,4.02,1027,20,China
56d66600-3f77-448a-94de-a555a87aed2d,Hapag-Lloyd 2427,Road,4.29,129,32,China
e562eef1-b767-4222-bf06-7b865c8cdcba,Hapag-Lloyd 2428,Sea,4.22,2164,30,United States
6d8de192-a3e7-4ee9-bf42-231c3e289b46,FedEx 2429,Air,4.13,2279,33,Germany
6bd9f46c-6c98-40b8-9020-e31f8aeef0d7,Hapag-Lloyd 2430,Road,3.59,596,20,United States
c1ed57e9-5680-4a2c-97d5-25440961d240,DP World Logistics 2431,Road,4.19,1183,17,India
5368f4c3-b9ec-4f62-8efa-38a729a2ebe8,Blue Dart 2432,Air,3.44,1101,28,South Korea
055625ee-ebd9-447d-b21b-3ce2cec1ea35,DHL 2433,Sea,4.03,2027,25,Japan
06badeef-15b5-4a64-ab6b-dd86b6976155,MSC 2434,Sea,3.47,1577,13,South Korea
691f1998-9a9b-4c20-886c-2de459775e7b,Blue Dart 2435,Sea,4.7,3274,35,Germany
d396bedc-ad08-4de5-bbf4-b4b7459df8ca,Kuehne Nagel 2436,Rail,4.59,420,4,United Kingdom
7172ce23-de50-444d-94e8-6060b56bd672,Hapag-Lloyd 2437,Road,3.92,2545,36,India
59f69cc2-ae67-4a41-8000-55f113cc9091,Maersk 2438,Road,4.28,4141,22,South Korea
cf26cde2-dd92-4b28-8a5b-6e940c39da54,Emirates SkyCargo 2439,Sea,3.5,2167,5,Netherlands
3eb311af-9d00-4dfe-92ca-69d89c066b4e,Kuehne Nagel 2440,Sea,4.43,791,17,Japan
2d65ac85-b446-4172-9913-4caa2e236f66,FedEx 2441,Sea,4.36,121,5,South Korea
0ddb8eef-e5a7-4d89-ba17-04372c230ae5,DP World Logistics 2442,Road,4.0,3610,8,Singapore
a08fd702-3558-4019-b86f-26bb51fb3e9d,MSC 2443,Sea,3.23,1855,30,Netherlands
c1296f48-42ee-4ba2-b4e0-dcb061d0d822,Blue Dart 2444,Air,3.84,4038,10,Japan
f55d588d-a427-45bd-b8ef-9646053ea0e5,DB Schenker 2445,Road,4.41,670,33,South Korea
bc7e593d-3919-4dd5-a2e6-d3f03de13043,Hapag-Lloyd 2446,Rail,3.51,689,6,India
814bd8f7-15ce-41ee-8bd0-2399feb37636,Allcargo Express 2447,Sea,4.7,2954,29,South Korea
a8fac0f9-01ad-44df-849a-96a5ce3c4adb,Kuehne Nagel 2448,Sea,4.53,3271,14,Japan
2e9531d2-142f-43c3-9039-a4f4fc08247e,Kuehne Nagel 2449,Road,3.15,1141,32,Singapore
6857f544-b4dd-4d17-8267-22aa791622a0,Maersk 2450,Road,3.86,230,36,South Korea
501d0540-683f-4e76-a4f4-bca74e8653d8,Kuehne Nagel 2451,Sea,3.94,768,30,Germany
7102311d-b252-4d8a-b241-8f9d08037803,Maersk 2452,Sea,4.46,1477,11,China
773588aa-c3a9-4a4d-b2a3-2cf5d8d27f58,MSC 2453,Sea,4.71,1387,33,United Kingdom
dcc31cfe-7595-4abe-83dd-0ab42248d760,MSC 2454,Sea,3.95,1091,23,South Korea
b27890e6-446d-421c-9b01-249a07af440d,CMA CGM 2455,Sea,3.23,3651,15,UAE
51383779-7d3b-44ea-a891-bfeb0001f067,Kuehne Nagel 2456,Road,3.79,1623,32,UAE
cb424bf5-6741-4cd6-9fbe-7561d3411906,MSC 2457,Road,3.11,3365,17,Netherlands
5fc65ee5-cc2b-43f7-98d4-9bf9c3389357,DP World Logistics 2458,Sea,4.08,2152,5,India
61a42656-5734-40d0-a496-b57c5d5b571e,DB Schenker 2459,Road,4.6,1701,11,China
716b4602-e712-40f0-86f8-500a404cd396,Blue Dart 2460,Air,3.76,44,19,South Korea
408de414-f3ce-43cf-8cff-c6380d1825ab,DB Schenker 2461,Air,3.96,2741,14,Germany
e518b3db-640f-49e7-a981-2beafdf80e30,Hapag-Lloyd 2462,Road,3.65,3895,11,Netherlands
d92a34ad-f52c-410a-b941-a966ee67b6ec,Maersk 2463,Road,4.65,2608,24,Japan
c9d4a00f-8010-4839-bb85-2ffd3319b314,Maersk 2464,Rail,4.02,1888,32,United Kingdom
05aa73d8-990e-4404-ac28-fc005859538a,Maersk 2465,Sea,4.36,3826,28,Germany
386852d0-f042-42a0-bdfd-cbcf8cc733cb,Maersk 2466,Sea,4.34,2848,29,United States
133d3d10-26cf-4e8d-a4e7-e83b76ca6a7f,Allcargo Express 2467,Sea,3.89,2297,36,Japan
8dd2b287-f7dc-44eb-9984-3e6fade40cb0,DP World Logistics 2468,Air,3.76,616,10,China
d4a2994e-7de4-48be-89e2-8b9d02905edb,DB Schenker 2469,Rail,3.63,4009,27,Germany
75490e08-f355-4e50-8bc3-8ae2da715ae5,Allcargo Express 2470,Sea,4.31,3018,38,Singapore
cc7915ec-5661-4b06-8412-ede909577069,Hapag-Lloyd 2471,Road,3.97,669,14,United States
2ecc1995-1be2-4938-9b4f-9854c75398e3,DB Schenker 2472,Rail,4.3,2968,36,United Kingdom
832b96ff-cf4a-43d8-87c5-f183675bece6,DP World Logistics 2473,Road,4.4,918,13,South Korea
7ed02ec2-06bd-4708-84cc-aacd64d81039,MSC 2474,Rail,3.81,1361,10,China
974d36cc-b4d0-4528-a2c5-587f266af52f,Hapag-Lloyd 2475,Road,3.52,190,34,Germany
90b3e424-b11b-431c-b2a0-9c7602433393,MSC 2476,Sea,4.25,208,9,Netherlands
724fff11-06d8-46b2-978f-6536f2b44c5a,CMA CGM 2477,Sea,3.9,953,29,United States
4f460e6a-3d96-47b9-9e7d-cefec895405f,DP World Logistics 2478,Sea,3.25,3501,8,Japan
d6eed669-aa86-4f8c-8f96-daa346cda7d0,CMA CGM 2479,Road,3.8,3505,18,Japan
58dabe7f-cbe0-49b3-94d5-62819604cdcc,Maersk 2480,Air,4.79,2779,31,UAE
4c807edf-a9ce-4832-b1b0-0666643a38d6,Hapag-Lloyd 2481,Road,4.67,920,24,India
f3753870-8d06-41f6-89b2-78241dadce9e,Emirates SkyCargo 2482,Rail,4.18,1221,25,United Kingdom
a43906b5-60fb-4118-8c7a-c47d0c95c0e1,Allcargo Express 2483,Air,4.78,1435,3,Japan
4bb729f8-56db-44a5-9a40-0b97637d9391,Emirates SkyCargo 2484,Sea,3.52,1295,8,Japan
39e29630-6e80-4a8d-a887-165bc37ddbff,DP World Logistics 2485,Sea,4.35,3887,28,South Korea
85fa5b63-b6b1-4150-87cf-27ff0345a6db,Kuehne Nagel 2486,Sea,3.31,1335,7,India
370bfa2d-620d-4d7a-96c1-694d11b98bcd,FedEx 2487,Air,3.29,3756,30,United Kingdom
7ec981fe-7aac-4711-9101-ce3cf3052042,MSC 2488,Sea,3.57,2655,8,Netherlands
2297afed-276a-427a-8e53-807729469d62,Emirates SkyCargo 2489,Sea,4.45,887,9,India
fb6d300d-1704-4bbd-8763-dd2ca9e85dd9,Emirates SkyCargo 2490,Road,4.88,2953,19,Japan
fc5cc1a7-7393-4315-a233-1c75766a7f3e,Hapag-Lloyd 2491,Air,4.28,4171,24,UAE
986b3c6d-d9da-4451-9c8e-bf514dc6bd24,MSC 2492,Road,3.27,88,7,Japan
19d84e31-9079-408a-90ff-ed206dc40978,FedEx 2493,Air,3.8,91,9,Netherlands
6606607a-896a-4e49-9a56-7ce458e08bbd,Allcargo Express 2494,Road,4.4,3650,31,Germany
453565f5-930f-4dd6-953f-c4744078ba2d,DHL 2495,Road,4.49,1964,15,United States
139c9da5-ff1e-40b9-873b-c6ca75754c8d,Hapag-Lloyd 2496,Sea,3.31,1187,3,South Korea
1f447aad-84d6-4ef3-8a84-c4429e33e0f8,Emirates SkyCargo 2497,Sea,3.33,57,14,United States
9fe8535e-7d61-4920-ac10-b59d5d9ef9f3,DP World Logistics 2498,Sea,3.84,1003,33,Netherlands
b76f66d2-7ff4-485a-8dc6-2e21fd0cec2e,FedEx 2499,Road,3.35,3540,8,UAE
62573aa8-b325-4814-bb3b-2f901c93022d,DHL 2500,Sea,4.1,2079,7,Netherlands
b11f4c79-a9b0-4e2d-a2dd-71ab67fb5e21,MSC 2501,Road,3.97,602,15,Germany
60b0feda-d8ff-4e99-a6aa-8f02ab61d8bf,Allcargo Express 2502,Sea,3.82,3510,6,South Korea
b4e2c9d1-c511-4e4d-94c9-3cae8cf7701f,Maersk 2503,Sea,4.47,1691,22,Netherlands
5628f377-5ed6-44c2-ac63-6d1113282e3e,Blue Dart 2504,Sea,3.96,1009,11,Netherlands
03637f3c-613b-4175-91d4-06f833b0d272,Kuehne Nagel 2505,Road,3.83,3275,23,Singapore
414a7e49-7b7e-4633-b591-29ccbb8726b9,FedEx 2506,Sea,4.33,3955,28,Netherlands
7b69ecd2-88b6-49f7-a742-481d7643beec,DP World Logistics 2507,Rail,4.09,3508,35,Germany
386914a0-ee83-4877-9b91-fdbef0d68d08,Hapag-Lloyd 2508,Road,3.18,271,15,China
302d90db-cbfe-478f-960f-1952a19ff5bb,Kuehne Nagel 2509,Rail,3.11,454,10,United Kingdom
9f87b6d2-1928-4881-94d6-083e980ad1a6,Blue Dart 2510,Sea,3.76,3275,30,Netherlands
ab687938-d694-4372-947d-27395354f841,Hapag-Lloyd 2511,Rail,4.12,2295,7,Netherlands
4b548ac7-8e6f-47f2-bbf6-12e93c6b55fe,Kuehne Nagel 2512,Air,3.11,3532,7,Netherlands
f2adcbbe-9a0e-4d41-8a31-fd2f334efc7f,MSC 2513,Road,3.48,144,8,Germany
837c9ef1-4e08-4ae4-9d70-98288abe272f,DHL 2514,Road,3.81,3897,8,Singapore
cad8e920-1713-46e7-9380-214948c5251e,CMA CGM 2515,Air,3.56,2364,26,South Korea
d0aea12a-3f42-4e7e-af7c-8a5bcf6aa5bc,FedEx 2516,Road,3.43,733,12,United Kingdom
a5a503c4-7a46-48a9-8012-b55104cc540c,DB Schenker 2517,Sea,4.17,3449,21,India
015ef554-d814-4e1d-94b5-9dbcb96e2cfb,Blue Dart 2518,Road,3.53,1104,31,United States
4c725c1f-d364-48b6-8c13-84b5198356dc,Kuehne Nagel 2519,Air,4.12,2631,27,India
403b0d79-2cc8-4e65-a6d4-388fcd6939bc,DB Schenker 2520,Sea,4.86,1303,17,United States
d239b90b-641e-4f42-afb7-8969dd33ead4,Blue Dart 2521,Road,4.75,1498,14,UAE
992b72b1-c462-4a0e-b65e-434574f77c36,Emirates SkyCargo 2522,Sea,3.24,2343,6,South Korea
f7e70259-8289-44a0-8ddb-ff35b4d5d77f,FedEx 2523,Rail,3.73,3197,22,South Korea
84a3e663-dd9f-42fc-80c5-b08ddc95cbef,Blue Dart 2524,Rail,4.86,2338,30,Netherlands
6e4a99f7-7f3f-4814-9eb9-623a8a1edbf9,MSC 2525,Sea,3.7,3963,18,Singapore
78e5b405-3fee-4fc6-bbc1-edd0bd9ff072,Maersk 2526,Sea,4.26,688,10,India
4164810b-0522-42d3-a1b7-0ee151e512b5,Allcargo Express 2527,Sea,4.59,2782,31,Germany
dca1b69c-d804-4a1c-a3e5-606c190839cd,Blue Dart 2528,Road,3.77,3551,19,Japan
cad61596-4556-4165-9eef-af407f3084c4,Hapag-Lloyd 2529,Sea,4.84,1267,6,South Korea
a1c8edca-4886-458c-97aa-16da5e851250,DB Schenker 2530,Road,3.77,1670,34,Germany
009ea179-6758-4b26-8e5d-fe88ab0c1edd,DHL 2531,Air,4.54,1977,16,UAE
76d0de55-cab6-45ef-aed9-a511d7ff65ba,DHL 2532,Sea,3.16,3063,4,China
97e5c31b-b06a-473e-be2e-b53e424beff6,DP World Logistics 2533,Road,4.9,228,12,Singapore
057f1dd0-ccca-4214-a4b2-670dd7884de6,Blue Dart 2534,Air,4.67,1971,13,Germany
6eedaf54-155e-4c03-b333-63649ccfccc8,Allcargo Express 2535,Sea,3.66,1171,11,Singapore
0b62d1bd-95ea-496c-84f9-3d9bdc618100,Allcargo Express 2536,Air,4.77,3531,5,UAE
13b7836f-03fd-40a1-a2d8-3f18b334f686,DB Schenker 2537,Air,4.19,623,13,Singapore
c0ccdc06-84d2-43c9-b6b8-b70805fb58ce,Blue Dart 2538,Rail,3.68,425,35,South Korea
6fc6fe89-8178-4dc3-b8cd-95e9fd2ebd53,DHL 2539,Road,4.03,3634,16,Germany
88bc5177-b025-4563-b016-1f4054daa989,DB Schenker 2540,Road,3.22,1224,5,Japan
2e45510d-6b11-4b94-9591-ce0bf5fdd26b,Allcargo Express 2541,Sea,4.79,4007,3,China
7bb10dbe-d0f1-457a-9675-fbddb763265f,DHL 2542,Sea,3.92,1417,10,India
b442c565-7bac-44d6-9c43-4a42c404bc9c,Allcargo Express 2543,Sea,3.31,886,37,Germany
dec5b687-cd14-4246-9e6d-932303e5e834,Emirates SkyCargo 2544,Air,4.83,613,19,Japan
f4adba0b-1b37-401a-b525-cef06e3b0fae,Blue Dart 2545,Rail,4.72,1182,14,Japan
ef8bb867-989b-409a-b570-bbfd5fcaab0d,DHL 2546,Sea,3.15,2306,24,India
52b848aa-106c-4c87-b995-19f60de8e5fc,MSC 2547,Air,3.4,3535,15,China
09fcaed2-0cad-44f7-b2a6-3aed187591bc,Kuehne Nagel 2548,Air,4.56,813,33,Netherlands
66029fcf-b2aa-4651-8b4a-e30a98de6672,CMA CGM 2549,Road,3.48,3651,23,United States
0d91c00d-7111-4354-9058-a8c8225ccbb5,DB Schenker 2550,Sea,3.77,1148,34,China
ce9da25b-b5bc-44ac-8bda-f36c0dcc7e08,DHL 2551,Rail,4.13,1455,14,UAE
efa9dc40-cae0-4872-b884-5dd841e026c1,Maersk 2552,Road,4.62,2901,29,Netherlands
cd512862-18ed-444d-8b0d-5acd091da866,Allcargo Express 2553,Road,3.89,933,38,India
3b72834c-8640-4a80-b6d4-5896a65c694f,Maersk 2554,Air,3.59,3343,32,Japan
a36afa52-b4dc-4013-84d2-20df2065fddb,DB Schenker 2555,Sea,4.16,1009,32,Japan
4b0a8167-ae8c-4eb4-bc3b-d1e4e3def801,Emirates SkyCargo 2556,Sea,4.51,813,24,United Kingdom
c03b849f-b091-49d9-a697-376a3902ce99,MSC 2557,Sea,3.22,1195,25,United States
8b683abf-f528-4560-8b1f-d7801c905e01,DHL 2558,Sea,3.35,3256,21,Japan
c7a8401c-ea73-4d09-b5ea-d09335b23a74,Allcargo Express 2559,Road,3.54,2467,26,United Kingdom
49de7ecd-60dd-4193-914b-ff7d0486e2b4,DP World Logistics 2560,Rail,3.67,3294,24,United Kingdom
e188b10d-62a3-4709-854c-da65b874d4ce,DHL 2561,Road,4.02,4073,31,Netherlands
7742d5c3-6633-487c-bc1a-d9bef4da577e,DP World Logistics 2562,Sea,4.36,50,35,United Kingdom
151590aa-6a9f-4903-ad93-bef5a00ddf63,CMA CGM 2563,Air,3.71,3320,37,Netherlands
be74de00-387f-4c39-b558-2cfe85c3ed2e,Kuehne Nagel 2564,Sea,3.99,2915,8,Singapore
64140d12-153a-47d2-b82f-85ed053e68fe,Hapag-Lloyd 2565,Road,3.78,1219,32,Singapore
981ac63a-843c-475a-9f0f-f24290e8352e,Maersk 2566,Road,3.68,549,26,Germany
8a48d094-9056-428e-b4ba-77b96685ac3f,Emirates SkyCargo 2567,Sea,3.77,1039,8,India
a442bda0-18f4-4f99-a745-9d0d5c42f913,CMA CGM 2568,Sea,3.75,3700,30,United Kingdom
2bd80256-ae7c-447d-8015-65c143ec7918,Maersk 2569,Road,3.85,1969,29,United States
d5425f67-5180-4c31-9e45-b6539436591a,CMA CGM 2570,Air,3.44,3842,23,Germany
bc2bdeef-2c00-4584-8c18-9d2b0897de36,Emirates SkyCargo 2571,Sea,4.57,1606,17,China
40b667a5-2904-460a-b58c-56a7db521646,DP World Logistics 2572,Air,3.67,1263,36,United States
dcbaeb42-7234-4798-8078-1ffa696ce934,FedEx 2573,Road,4.86,1372,17,Germany
8fe73d70-89d1-436e-86e3-0010daf02137,Blue Dart 2574,Sea,4.9,1404,24,India
04523409-3a02-4549-834b-aa4af42a4d9f,Maersk 2575,Air,3.83,3187,3,Germany
066f024b-cb17-4534-8c5b-11630a59dce1,Allcargo Express 2576,Road,3.99,827,15,UAE
94b1108a-b941-4e09-a167-6456c95f5e93,Hapag-Lloyd 2577,Rail,4.11,1900,15,Germany
d159ce74-18a1-4ef4-b495-4258bc83eab6,Allcargo Express 2578,Sea,4.32,1222,26,Japan
8fa3337a-6a9e-4fb4-880a-06ca16816ead,Kuehne Nagel 2579,Sea,4.47,3118,18,United Kingdom
617a5991-d75d-429e-b5bb-ff67e05f397f,DHL 2580,Road,3.32,2849,21,India
26a7b915-df19-4012-a73a-7aeea12e2ea9,Maersk 2581,Road,4.8,3732,3,China
66094f4b-6ec8-4abf-b6b4-0b3f84e1c7e6,MSC 2582,Sea,4.06,3909,8,South Korea
22904fdf-fd4b-4c6f-978a-b5a1ddc77b70,Blue Dart 2583,Air,3.87,3423,12,United Kingdom
3c7122f4-b146-4aaa-a6cc-b9a5a7597e84,Emirates SkyCargo 2584,Sea,3.29,2756,20,United States
976b0104-dcde-4a64-b1fd-172e9bd1f9bc,Blue Dart 2585,Rail,3.84,4036,16,UAE
2840d0b9-c2f4-4c13-ac13-d6a6c46afe93,MSC 2586,Road,4.73,138,4,China
874fb5c0-fecf-4cb3-a52c-16ce1de6d323,Maersk 2587,Air,4.25,3242,9,Germany
3e319840-4b76-45ec-a730-49472e7e4d26,DP World Logistics 2588,Sea,4.1,2956,24,UAE
f90277b1-cdc1-4c45-8ded-f90184a6b42b,DHL 2589,Rail,3.67,975,36,Germany
3a79bbeb-a59a-421b-a2ff-89d0b053ae1e,Maersk 2590,Sea,3.78,639,32,China
e765d9f0-d3fe-4965-b674-54a30f29e918,DB Schenker 2591,Air,4.22,3269,33,South Korea
6275171b-2f0c-4253-80a4-a5ad619af655,Maersk 2592,Road,3.26,1134,29,Netherlands
2fc793ff-0b6e-4fc3-9615-bbe580320113,CMA CGM 2593,Road,3.25,42,22,Netherlands
d8afa5a7-8dfa-414b-9574-7ce41aac52ce,Emirates SkyCargo 2594,Sea,3.11,1647,26,United States
2e1aee9a-abda-4c2f-9427-ab393af9bdad,Kuehne Nagel 2595,Sea,4.79,164,7,China
b137f283-227d-44aa-be57-734cdb643730,Hapag-Lloyd 2596,Air,4.73,134,4,Japan
5cf75db2-9654-4505-a6fd-0b5dd47b4276,Hapag-Lloyd 2597,Air,4.89,3941,5,India
4b3c04df-3c2f-466f-bd9d-f6a8d4f187fa,DHL 2598,Rail,4.36,2251,21,United Kingdom
0ee0b53d-3350-462f-8982-510822d56d39,DB Schenker 2599,Road,4.07,1520,24,Germany
7f382d29-f7b3-437e-b56c-ab5e4b7cde92,Emirates SkyCargo 2600,Road,4.85,804,6,United Kingdom
4fe67cf4-c19a-4c23-be9b-85759ff96b32,CMA CGM 2601,Road,4.51,268,4,Netherlands
e1140cff-f68d-4d71-b5ce-2f993fed401b,DHL 2602,Air,4.36,1187,17,Singapore
2944d229-7b0b-4f1b-99f7-ffa1a1f04894,Emirates SkyCargo 2603,Air,3.2,3482,32,Netherlands
d11f8a6d-ba31-45a9-a74e-7ff3fb48c53f,Hapag-Lloyd 2604,Road,4.03,463,4,South Korea
87461ea6-9dbb-42f5-9cea-cd2d7da6c41b,MSC 2605,Air,4.35,1503,37,Japan
1d463beb-a39c-4b8e-aee5-54dcda4a7049,DHL 2606,Road,4.5,2109,30,UAE
6489c69e-8c74-4c2a-8fb0-b02f1b4f671c,MSC 2607,Road,4.37,3904,5,Singapore
45a17f29-b2c5-4e6d-bd17-ab616c7cf237,Kuehne Nagel 2608,Road,3.38,939,34,Singapore
b416851d-d249-436c-9eac-f6499dc228e4,Emirates SkyCargo 2609,Rail,3.64,3032,26,Netherlands
ffbe0588-62c8-4c68-8acd-69796e22e592,DHL 2610,Road,4.34,4100,37,United States
7cd86605-73a0-43a4-973d-81f2229cd248,Maersk 2611,Air,4.24,2420,4,United States
beb88470-57d0-4093-9ddd-16e80ff0e3fb,DB Schenker 2612,Sea,3.42,1291,37,Japan
7cc3f27b-f710-4916-a8e0-8080023b8a9a,Kuehne Nagel 2613,Road,3.9,571,12,Germany
a9e76c13-7c3f-4c03-9b45-6bef3e931a22,Maersk 2614,Sea,3.13,1753,13,Germany
f2efffe1-a25d-44e7-a7dd-da3cc050be27,DB Schenker 2615,Road,3.44,1699,31,Netherlands
e93a783b-2bbc-4bfa-a699-c50cdf39b4bc,DHL 2616,Sea,3.24,2024,12,Netherlands
3375f5ca-e140-468c-9a18-bb0c419304ff,Blue Dart 2617,Rail,4.28,1098,32,Netherlands
19ccf6ec-be5d-490a-a04e-429acb84d01c,FedEx 2618,Sea,4.09,3850,29,UAE
1c5ca450-20fa-48de-8f4f-8cfc1e9ff549,DHL 2619,Road,3.8,1052,9,China
bb607de6-e19f-4e0d-ae14-8fc81c9c09b4,Maersk 2620,Air,4.51,1900,7,UAE
5856cd4a-3624-4b08-b721-5c30d39807eb,FedEx 2621,Road,3.46,2935,13,China
95bf81f3-fa1c-42df-b03d-125890d16d22,DB Schenker 2622,Road,3.71,2747,13,India
ee16a29f-27f1-4d35-bfe8-3240bded18c9,Allcargo Express 2623,Road,3.43,2485,16,Germany
99eb762d-a5fd-4b9d-8f64-fe17558a25cb,CMA CGM 2624,Sea,4.0,2029,8,UAE
704e619a-2ca2-4d82-a056-04f98b961732,Allcargo Express 2625,Road,3.43,360,36,Singapore
1670feed-5e87-468c-8475-7ed110d26f22,Emirates SkyCargo 2626,Road,4.08,1906,33,Singapore
0fd4b4db-2f38-4177-af9d-939ff16c08d7,DP World Logistics 2627,Rail,4.18,1090,27,South Korea
57e41e20-243a-48f7-b660-8d656eceab4d,FedEx 2628,Road,3.45,368,11,China
37961bfb-54c9-439a-a4ee-5a6de8b99d2d,Blue Dart 2629,Road,4.0,2379,34,China
2d96edac-5ae9-43de-bff4-e84c20369a30,Hapag-Lloyd 2630,Air,4.8,233,14,Japan
db6ec06f-901e-45a7-b05b-941b411fcde0,Allcargo Express 2631,Road,4.54,3337,22,Japan
aea32067-5c6d-4ea4-a1dc-61478955ec40,Kuehne Nagel 2632,Road,3.63,1866,32,Singapore
9a9910dd-0fa8-4f8b-8583-a766183b102c,DHL 2633,Rail,4.78,1921,25,China
5c951627-d15f-48fd-8b52-cfb1e5bf2f77,DB Schenker 2634,Sea,3.46,1677,35,Netherlands
f9555595-5323-4a87-8596-f615cd223d65,FedEx 2635,Sea,3.3,3851,36,India
c390c89c-8d34-424c-b6fc-23c59b7ac4a8,FedEx 2636,Air,4.42,3375,29,Netherlands
104bb38a-0339-41d5-ad09-7e1100ff0eb8,DP World Logistics 2637,Sea,4.75,2188,23,Netherlands
f8690667-f0e0-4850-acb4-947725569497,Hapag-Lloyd 2638,Road,4.18,1344,22,United States
980d1f63-e067-4e69-9476-8644b41cbf0c,Emirates SkyCargo 2639,Air,4.78,2449,8,Japan
3ac5b618-f7a8-484f-9115-eb2c28f00e32,Hapag-Lloyd 2640,Air,4.28,2827,34,Singapore
61c0a4f6-054d-4be4-8355-7a18a708fe65,Allcargo Express 2641,Air,4.09,2524,7,China
63e463bf-7997-4caf-9d04-0853f9ac087e,FedEx 2642,Road,3.44,3716,21,United States
eac566c3-1c6e-4804-90df-aeabfce1dca9,Kuehne Nagel 2643,Sea,4.09,266,15,United Kingdom
f3226d90-c415-4e5e-bb74-4be819b7e5d7,Blue Dart 2644,Road,3.51,3959,36,United States
114f298b-62f6-4b99-b649-daf19e2fe7b5,Blue Dart 2645,Sea,4.86,2100,4,Singapore
dd44db92-0f0f-4275-ac51-2504e2ac0739,Allcargo Express 2646,Air,3.42,576,26,Singapore
86ecead4-84fa-4c8e-8e96-8a25b1ae14c3,CMA CGM 2647,Sea,4.15,924,21,Japan
f83dc381-368c-4ff8-aec1-bcbfe0bcaf16,Maersk 2648,Rail,4.58,1587,15,United States
5abe5deb-50e8-4a21-a137-0e21f4e77150,CMA CGM 2649,Sea,3.15,1783,32,Germany
ad9c5617-a474-42b9-a8b6-2dae22d2c659,Emirates SkyCargo 2650,Sea,3.85,3702,9,China
fad4bed6-3ba1-43a5-a1e0-4ff4cead244a,DHL 2651,Rail,4.43,3653,32,Netherlands
da68a928-e52b-45a9-aa58-a33dbcbd59c9,Blue Dart 2652,Rail,3.94,887,30,United Kingdom
5859fccc-fc9e-48d6-85a7-8b6d05fba655,Blue Dart 2653,Rail,4.19,3535,19,UAE
1229e496-7812-4c1a-be98-ef794a8e8ec4,Blue Dart 2654,Road,3.94,584,25,South Korea
b86d98ed-08de-4e82-9dcf-9292ac9763a8,DHL 2655,Sea,3.9,187,27,Netherlands
5299e400-ebf9-45f3-9946-c7caac8181f7,FedEx 2656,Road,4.63,1477,10,Netherlands
6bee914c-ec09-4bea-b2a8-29b209d5074e,DB Schenker 2657,Sea,4.05,3901,35,United States
11ddb394-c20e-4368-90c9-91eaa3b24ed1,Maersk 2658,Air,4.29,2530,38,Netherlands
8116a89a-33d4-4495-8746-a392959acede,Maersk 2659,Sea,3.72,709,3,South Korea
84a1f59a-cdc3-4434-8f07-53ae0c622a2b,Hapag-Lloyd 2660,Sea,3.31,753,30,United Kingdom
3626ee4b-7e57-4860-9df1-9ae64f2887ff,Hapag-Lloyd 2661,Sea,4.34,2319,7,Germany
2e95604c-45c3-4bf5-92dd-c33eea307c19,Emirates SkyCargo 2662,Sea,4.3,2104,6,Netherlands
3befc360-e32f-4794-927f-96f32fbf3d90,FedEx 2663,Road,4.64,2819,14,Japan
b19171e2-9688-48bc-b100-34e349af7844,Emirates SkyCargo 2664,Sea,3.5,3300,12,UAE
3b0bda80-5463-43cd-933a-f4925529a99b,Maersk 2665,Rail,3.34,1191,15,Germany
ef15ca87-cc3a-40df-a8d1-16991cdeb8cf,Hapag-Lloyd 2666,Air,3.67,3211,21,United Kingdom
ef597890-6594-4a71-a0c0-7966d88ad91f,DB Schenker 2667,Sea,3.99,1633,6,United States
82831438-520c-4d3c-a8b5-ef501b681c8b,Blue Dart 2668,Air,4.3,3538,36,Germany
9e6f07fc-6d5a-451c-a502-a2254cfafe74,Allcargo Express 2669,Road,3.85,899,10,Germany
02e92d30-b99d-431c-b67c-d4766a3360da,Blue Dart 2670,Sea,4.73,2761,7,Japan
20224ef6-a52f-4115-90c0-3a8f233919b9,MSC 2671,Sea,4.25,324,34,Singapore
18bbcec6-ce75-42c2-a44d-2e55a079d89d,Maersk 2672,Road,3.41,967,22,Japan
1caa39f8-7d34-493a-9812-97b3b9f03a00,MSC 2673,Air,3.41,3964,23,United Kingdom
e1f0202a-6dae-4ad1-a994-4a0f966af962,Kuehne Nagel 2674,Sea,3.16,3214,9,India
2537e687-90ed-4f95-a0a5-a90ac22cff94,DHL 2675,Sea,3.69,78,7,India
e21552f1-2dda-43df-9f41-3931b2b619c3,DP World Logistics 2676,Air,3.12,3993,7,United Kingdom
a477c24e-2796-4ac1-81ef-621b33e6afcd,FedEx 2677,Road,4.17,1574,4,Japan
ce31a758-856d-4bc6-b8a1-f86b9658a14b,Blue Dart 2678,Sea,3.98,3283,31,UAE
35f55807-d6c2-41e5-8eae-3620c0a13f7a,Allcargo Express 2679,Road,4.68,3322,28,Japan
b64c9b12-d881-41f3-a480-947a0896cb6d,Maersk 2680,Air,3.62,3450,18,China
1dc90c9f-f90c-43d7-b99a-b83de1e4a60e,MSC 2681,Sea,3.26,2442,27,Singapore
015a6b5c-ebdf-4d3e-84f8-335c8dc1cfad,Hapag-Lloyd 2682,Sea,4.15,2402,15,China
ba178307-8805-4cfb-9ae5-c4d294e01d48,Maersk 2683,Sea,3.35,2978,32,UAE
00db4e56-9a3b-4c89-943f-ee4d4efa4d77,Hapag-Lloyd 2684,Rail,3.66,2065,12,Netherlands
8910e78b-c868-4703-9ebe-f474e20c7122,Allcargo Express 2685,Air,3.84,249,38,South Korea
040a348a-4084-468c-a994-f6d5ac2c56a9,Allcargo Express 2686,Sea,4.49,1510,35,China
9ad687bf-31ba-40e0-9566-15df6bc11ee5,MSC 2687,Road,3.73,3695,25,South Korea
1d55e704-4ea9-4761-bf25-a8faab33af5e,CMA CGM 2688,Sea,4.68,3259,24,China
f21e37fa-a2f1-48c5-83dd-af5ce1a7aa9b,CMA CGM 2689,Road,3.97,1701,21,Germany
07de5230-fa5e-46c1-bbdf-50475e2f82a1,Maersk 2690,Sea,3.11,1819,5,United States
7df3fdfe-bdfb-4886-beeb-e1300da1fda1,MSC 2691,Air,4.19,117,24,United States
8f60be57-4c5c-4e18-8dd9-9471e4aad8e1,MSC 2692,Air,4.05,3679,6,United States
1a963277-3c35-48ec-a111-988624a084a1,CMA CGM 2693,Road,3.74,164,28,Japan
e839cbc6-7967-40f9-ae77-872cad8f284b,DHL 2694,Sea,4.09,2720,12,UAE
28969726-2bc7-478b-b496-891f76fe933f,Allcargo Express 2695,Road,4.24,1901,35,Netherlands
969d1c36-0abf-46b3-bf09-4dc45ded0771,Emirates SkyCargo 2696,Sea,4.13,1005,20,China
ca3ea81b-8323-4d0c-bbbf-2e14c6a57e09,Kuehne Nagel 2697,Sea,3.34,1062,9,Netherlands
817c0cf1-674c-4234-9f5c-06358e7fc1c7,Blue Dart 2698,Sea,4.37,3360,28,Singapore
e0a27367-fbcf-458d-9911-b35284219f66,Kuehne Nagel 2699,Air,3.41,353,11,India
8dbc98d6-56a4-45fd-bb99-377d5a11615a,DP World Logistics 2700,Sea,3.58,1527,38,Singapore
d71a885b-b199-4460-86a8-e87eaae3976b,DB Schenker 2701,Sea,4.27,1137,28,Netherlands
cf7025af-d142-4299-b5aa-bf30d67290b2,DHL 2702,Sea,4.72,1108,17,India
7fa2dbca-245c-40c6-a381-47cc50ea2c60,DB Schenker 2703,Sea,3.82,3623,16,Germany
ee80071a-1d37-4b5b-810f-5930026a0c5f,DP World Logistics 2704,Sea,4.28,2848,22,Singapore
33c29e0a-af77-40af-b71e-99125bf22981,Hapag-Lloyd 2705,Air,3.81,110,28,Singapore
ad74f8f6-55e2-4c68-b184-2521fe2d1e68,FedEx 2706,Road,3.5,1395,33,China
2bbe429d-1aed-454c-9408-1342178fdbb1,DHL 2707,Air,3.49,726,4,Singapore
0e86b5d2-4387-45cb-a5ac-b442db67b16a,Maersk 2708,Road,3.64,1706,3,Netherlands
0583d17f-b473-4aa2-985a-8c287b56fa02,FedEx 2709,Sea,3.75,4086,13,Singapore
55ca81a0-b164-4086-af1f-efebf0f85003,DB Schenker 2710,Rail,3.97,3259,10,South Korea
30aadee5-c0d1-425b-9c76-427ea43d93cf,CMA CGM 2711,Road,4.85,938,25,Singapore
265a13f3-f68f-4d4e-9aae-5c016a01b589,Emirates SkyCargo 2712,Sea,4.05,3388,38,South Korea
7a96a19b-cca6-4d6e-bdd8-fc0d3a3df7e9,FedEx 2713,Sea,4.17,2051,16,Singapore
299884f6-1679-422b-be66-64c35040938b,Emirates SkyCargo 2714,Air,3.45,2429,3,China
903312a9-2c43-4411-9df4-1b26d69458f9,Emirates SkyCargo 2715,Sea,3.12,2100,17,Netherlands
d2120b24-df17-4a2a-8e7e-4c3b8e41d3a1,Emirates SkyCargo 2716,Road,4.76,1899,22,India
c459e8c8-b1bf-440b-a628-869376c66b27,Hapag-Lloyd 2717,Sea,4.08,939,13,Singapore
a6e2988c-55ae-4d41-93a0-d30ed49428d8,Hapag-Lloyd 2718,Sea,3.31,2359,30,Japan
4d059ea1-ec61-4730-98e1-09c1104b6198,FedEx 2719,Sea,3.82,1096,36,South Korea
99a8af18-d151-47d1-b19b-399484b64222,Maersk 2720,Sea,4.05,3002,5,India
6f6d1d4d-2009-42fa-a554-5837547d17a6,Blue Dart 2721,Sea,4.5,645,11,India
8e168139-3b13-47eb-a4cb-da864ce4b0f5,DB Schenker 2722,Sea,3.75,126,12,Singapore
474015a7-506c-49f7-9f0a-413b819228d7,DP World Logistics 2723,Air,3.23,848,9,Japan
d5a49aa3-6bbb-4556-964f-43ed8c901677,DP World Logistics 2724,Sea,4.36,4059,34,China
2f9c8584-9eb1-4591-9945-3dccf6f4c3c4,CMA CGM 2725,Sea,4.08,1086,29,Germany
e3d9a547-5532-4e5a-80ed-77b287d1e8bd,DP World Logistics 2726,Sea,4.16,3084,29,Germany
9e56b7e0-3565-4392-8d0e-101c4d117e01,DHL 2727,Rail,4.29,145,18,Germany
9d3d6803-ef7c-453a-8b71-a846c8b75f62,Allcargo Express 2728,Sea,3.2,786,11,Japan
ef83642b-016a-4c23-961c-89bea91d0620,Kuehne Nagel 2729,Sea,4.07,416,7,China
95de5309-3b46-4f7c-89ad-48088943a39e,Maersk 2730,Sea,3.32,3312,37,UAE
71d98183-f54b-455e-b268-260d2eef77cc,FedEx 2731,Road,3.92,3359,19,India
a557317a-bace-4ee4-ba82-af298ce96928,Kuehne Nagel 2732,Sea,3.34,3407,5,Japan
336914d0-481a-4d5f-92d4-c2889f7c23c4,Emirates SkyCargo 2733,Road,3.76,4070,34,Germany
715c5504-e865-46f7-8326-a9efe4727739,Blue Dart 2734,Air,4.16,3947,34,United Kingdom
e4b199be-26f5-480f-bce6-d74bc5549dbc,Maersk 2735,Road,3.33,3015,9,UAE
6dd7a4e5-d830-4dc1-8a0e-4e3d47e0657f,Hapag-Lloyd 2736,Road,3.71,673,9,United States
9f27e2a6-1dea-4570-a684-6974451ebc8c,Blue Dart 2737,Road,4.19,4046,19,Netherlands
3e517b12-1423-408b-b8f6-d22ca69a7fed,MSC 2738,Rail,3.12,922,34,South Korea
6b9c134b-a425-4311-a909-5d559ba1baff,Emirates SkyCargo 2739,Sea,4.22,788,21,Japan
3afa7cd3-02b0-4bdd-9697-9a7c0ddbfcd4,CMA CGM 2740,Sea,3.54,1836,27,Singapore
30734e21-e32f-4e69-936b-6038fda2b4c8,MSC 2741,Road,3.12,2432,33,UAE
f1b161d5-92b8-4501-bb6c-019bf6f958ea,DB Schenker 2742,Sea,4.82,4197,12,Netherlands
7898e1ea-ec69-47ee-aadb-427f36cdc571,DHL 2743,Road,3.36,1037,28,China
a3556e82-7380-4ad7-a068-7cc92a11f810,FedEx 2744,Road,3.77,356,38,South Korea
c7b395c8-67cc-43ea-bdd7-db5ec3eb23e7,Kuehne Nagel 2745,Air,3.14,3472,19,China
f489a543-26d6-4c6b-aa82-938ab4bd4379,FedEx 2746,Road,3.99,2844,17,United States
535866cd-f853-49cb-9311-11b887ce5c7b,DP World Logistics 2747,Road,3.37,536,4,United States
b092bd24-acfa-4fd0-9336-70f07527721b,DHL 2748,Road,3.48,1397,9,Netherlands
2a9bbea3-82de-4324-910c-aa9114cc73c1,Allcargo Express 2749,Rail,3.23,2240,24,Germany
4d5d71b9-d794-46a5-acce-46403222750b,Kuehne Nagel 2750,Road,4.35,1926,25,United Kingdom
eeb0c947-61cb-4cb5-954a-c8efa3183bf2,MSC 2751,Road,4.78,2300,16,India
4578e36f-16da-41e5-8e32-5247ac6400dd,DP World Logistics 2752,Sea,3.86,2525,38,United Kingdom
338b9168-c42e-45d0-8268-7048a2bd4bee,Kuehne Nagel 2753,Sea,3.5,3121,37,Singapore
bb6dbe48-08b1-49eb-9b39-ac4a3c382a7b,Blue Dart 2754,Road,3.42,3233,18,United States
2c8dd4ad-8784-48ea-9049-cd9940f73fa6,FedEx 2755,Road,4.2,1945,19,Japan
41423b72-963b-43d9-9f62-8ea7dc0aab17,Maersk 2756,Air,3.65,1500,35,Japan
79030028-d6c7-4c5f-ac25-4d5909f3e3cc,Maersk 2757,Road,4.45,1320,26,Japan
e74c3dae-7411-4e7c-9e36-51d0acfca711,MSC 2758,Road,3.49,1984,28,Netherlands
ba686df0-33a2-469f-b32c-2a63fb57c7a0,Maersk 2759,Sea,4.34,2503,12,India
7e6b2d83-2ce4-4d89-962e-d879c2382b7b,DHL 2760,Air,4.61,2481,6,India
26550308-24d1-4edd-870c-99b3133ac831,MSC 2761,Air,3.86,4181,27,United States
6e994888-e33d-4fca-8e94-e88ed4a1f096,Allcargo Express 2762,Sea,4.33,606,31,Netherlands
5aa8a371-cbd5-4ff7-9bd0-9a3a8f59e12f,DHL 2763,Sea,3.77,1496,20,Japan
eb307e81-9bf6-4f69-8229-94b033e961a2,DHL 2764,Sea,4.45,4000,14,Netherlands
a9f0e744-565f-4e9f-bf95-f14e25f07ac3,FedEx 2765,Road,4.6,1808,24,Germany
769d3db2-82ad-4e7e-aafb-eb53fd0d5a6d,FedEx 2766,Road,4.02,600,17,Germany
4b33e547-4121-42bf-a5d2-46cada6ce51b,CMA CGM 2767,Road,4.66,2942,9,China
7280447f-7122-4b9b-90cc-333d3568e19f,Kuehne Nagel 2768,Road,3.42,524,3,China
53e36fa8-aab3-4c35-8df5-2debacb90267,Hapag-Lloyd 2769,Sea,3.23,3939,27,Germany
ade8121a-fc44-4204-a862-340d1765b495,DP World Logistics 2770,Sea,3.12,1196,15,China
c6f0e9bd-d2f0-4df8-862a-ae8db2489bef,CMA CGM 2771,Road,3.87,1797,11,UAE
715a21b8-a053-49fb-a8be-ad6f782dcd20,CMA CGM 2772,Road,3.84,709,9,Singapore
194eea57-3e28-4318-9ed9-167a9959644e,DHL 2773,Sea,4.11,1435,12,Germany
a2bfe78e-c542-49fa-9fdd-cac5a67133ff,Hapag-Lloyd 2774,Road,4.2,681,12,United States
fe940adc-404a-41c0-bf76-f9bdaf90e3e0,Kuehne Nagel 2775,Sea,3.54,3180,32,United Kingdom
4d8bb2b9-ed59-4685-92a4-b2b2a0439117,CMA CGM 2776,Rail,3.6,3205,36,Germany
b160871a-953b-4b72-bd20-8a0e32de2c2e,Kuehne Nagel 2777,Sea,4.85,2461,26,Netherlands
40cb0921-b17c-4308-9695-9e1f81d6ebf3,Blue Dart 2778,Sea,4.35,833,11,Germany
91654339-b3a8-4c1b-8bbd-f4008eff06e6,DP World Logistics 2779,Air,3.42,3255,37,India
81d627b3-07a2-47de-8d7a-0743aa4d591d,CMA CGM 2780,Sea,4.25,2374,36,United Kingdom
9cd3237e-5a01-4b09-b8eb-f76455a56baa,Hapag-Lloyd 2781,Air,4.17,1267,6,Netherlands
9723e8b1-a253-48b5-939d-64463751dda9,Allcargo Express 2782,Sea,3.74,986,21,South Korea
cdbcdaf4-786f-47af-a1f0-ac6f9b3c8a5b,DB Schenker 2783,Sea,3.19,4022,29,United States
4bf59db4-4428-4a43-9325-4a41dabfeec7,CMA CGM 2784,Sea,3.25,2123,14,Germany
0f0cb1bc-2193-45a8-b4ac-819e4e6cac21,FedEx 2785,Road,3.62,726,30,UAE
114a2459-c26a-4dd5-b4a0-ced434512d38,MSC 2786,Sea,3.17,2761,33,Singapore
33fa7cc1-c6a0-4c3e-867d-a45ef2e73aec,DP World Logistics 2787,Sea,4.72,1469,21,Germany
53b4e47c-0c9a-4f90-82f6-b3f706f8b82b,Allcargo Express 2788,Road,3.99,1041,6,Singapore
c704fa32-0c01-40d9-ab21-20df5634503b,MSC 2789,Air,3.2,3344,8,South Korea
391e806b-2437-4906-852b-534f2553df1f,Emirates SkyCargo 2790,Sea,3.77,971,38,Germany
9ebda2cd-7716-4b62-926e-58c2f20f1846,FedEx 2791,Sea,3.52,1102,6,China
ef13fb1b-a929-465c-b3ee-1aebde69e416,DB Schenker 2792,Sea,3.22,1759,22,UAE
fca5dac2-ddb1-4885-ad96-aab5f4486845,Emirates SkyCargo 2793,Sea,3.66,1864,14,India
08e39aa5-132a-4858-a80d-82b8c9f61b6e,CMA CGM 2794,Road,3.66,3447,7,South Korea
f4af39b4-71ce-479d-acc5-39ae6e75e9ac,DHL 2795,Sea,4.13,1523,7,Japan
763b33a6-eea7-4348-8d13-cce503320b7b,Kuehne Nagel 2796,Sea,4.5,2715,25,United Kingdom
19cfb790-42d5-4955-9c70-db72a8bc8f6e,DP World Logistics 2797,Air,3.53,1635,22,United Kingdom
f256560b-5104-426d-8393-935885e97c6b,FedEx 2798,Sea,4.1,271,29,South Korea
a4847bab-2171-4171-9199-fef61fdcd4cc,Maersk 2799,Sea,3.74,275,25,Netherlands
746679c9-22e8-4424-a90c-f72df28b75d4,DP World Logistics 2800,Sea,3.46,3504,37,Germany
49de525c-e8ce-4eb2-aaca-bcb90b6508cb,Emirates SkyCargo 2801,Sea,3.89,818,24,UAE
0c3209e5-db2f-4e26-82dc-3275b4467d27,Blue Dart 2802,Sea,4.09,3103,33,Singapore
81b4188c-80f9-418a-bab5-546c07fe8dff,Blue Dart 2803,Sea,3.81,2707,37,China
45743806-c6cc-40ae-a32d-128628579a96,FedEx 2804,Sea,3.87,1460,15,China
5ad39289-604b-43a8-9323-fbe73705bf90,CMA CGM 2805,Sea,4.53,3908,30,Singapore
fe687590-70bb-4d13-9559-51f0ec9e3e10,Hapag-Lloyd 2806,Sea,4.58,2243,28,United States
59f5d49b-1b73-42cc-b99d-79af67bc3e2a,DP World Logistics 2807,Sea,4.61,2089,14,South Korea
b1122533-7cb3-47a7-a091-3f9fe0c04ee7,FedEx 2808,Air,4.19,1587,29,India
b6b927f4-0d7a-4a01-bea5-61e41227312f,Blue Dart 2809,Sea,3.82,3275,33,Germany
e052eaa7-5628-4d62-85d8-5a6bea435b3d,FedEx 2810,Sea,4.38,3009,16,United Kingdom
7dcdacd0-b0c8-41fd-8d9d-a1cad8fa8b0d,Maersk 2811,Sea,3.9,2409,23,Netherlands
1d73a7f5-9ee4-43e1-bffe-5bf60a78b66f,Hapag-Lloyd 2812,Road,4.57,2072,11,South Korea
ef8727f1-5639-4898-b5e3-38642890d59b,Blue Dart 2813,Air,4.54,2130,32,China
c58bde6f-e556-4b92-95dd-41ca530d1644,DP World Logistics 2814,Sea,4.49,4075,6,Germany
f912aca8-bd6b-465f-84fa-a6d26e702e2c,Emirates SkyCargo 2815,Sea,4.56,2395,35,Germany
0cd488cd-f7d6-4ee8-822f-ac39f258cec5,MSC 2816,Road,3.3,2820,14,United Kingdom
cc8fadc6-c74b-4037-9f87-45439b3ac16d,MSC 2817,Air,3.93,87,19,China
3894a82e-b013-41eb-a54c-0112ca649444,DHL 2818,Road,3.79,2228,26,South Korea
ef49d24f-6e3e-4dc3-b864-4d9180baffdd,Maersk 2819,Air,4.83,3451,9,India
4a02d956-6358-49ae-ba5e-be6b7769920b,DHL 2820,Sea,4.51,3624,28,Germany
2d78155a-8ffd-4dda-9772-d5e9944f9a52,Allcargo Express 2821,Road,3.69,2501,17,India
453cf721-297d-423c-8766-b157ab7ee283,DP World Logistics 2822,Sea,3.51,4188,19,China
e9ee13c2-404b-4907-857e-de1ca013c385,Allcargo Express 2823,Road,3.52,977,33,United Kingdom
79e44fc1-655d-4aa3-a0a1-b0ed3b5ed79b,DB Schenker 2824,Road,4.46,172,7,UAE
2ddcde4b-b1e1-44dc-9def-7431c6fd600b,Emirates SkyCargo 2825,Air,3.7,699,34,Japan
b1400e6d-d4e0-4089-9405-e98ff49e345c,DHL 2826,Sea,4.46,3797,8,Germany
ab7b61b3-f354-4b30-9cd3-6bf6a7dd4243,MSC 2827,Sea,3.15,1616,33,Singapore
6fbcd830-05e6-4151-b4d7-0f72a974f60a,Blue Dart 2828,Sea,4.53,2388,10,Japan
a1babacd-1c36-48d8-9fd2-9c70120e76ad,Allcargo Express 2829,Sea,3.41,2239,3,China
de5a9c57-edbd-4e38-934c-1c851d3e8d7f,CMA CGM 2830,Rail,3.12,1636,26,United Kingdom
8c2ad7c9-e594-471c-a396-269115fb0411,FedEx 2831,Air,4.14,2923,25,China
8551d090-0606-437d-828e-f7a5c4abefe3,Emirates SkyCargo 2832,Sea,3.12,2379,24,Singapore
fee72efd-50ea-4f38-9842-69f03ad344be,Blue Dart 2833,Rail,4.15,2142,19,Japan
a7e1a84c-d856-4ed6-a20b-64dea045cf53,Kuehne Nagel 2834,Rail,3.51,724,25,United Kingdom
c64e0852-8807-42ba-9473-a7642ced39c4,FedEx 2835,Air,4.43,576,30,United States
1394ef2f-6a50-4a5f-9a33-1a7bca586c13,Hapag-Lloyd 2836,Air,4.19,1267,7,Singapore
e0d03d23-215d-48c2-b36e-904edddc921a,DB Schenker 2837,Air,4.18,2919,17,UAE
73edce2a-6f2c-4d2c-8ca9-4fc86b650ad6,DP World Logistics 2838,Air,3.84,394,5,United States
01d653ec-795c-4227-8830-ff8eaab1ff2a,Kuehne Nagel 2839,Sea,3.27,2556,28,South Korea
ba3cf361-e09e-47f9-a455-a8af6f9058a4,FedEx 2840,Sea,3.48,1382,14,Germany
b14c7a8c-f23c-44c2-a3bd-64e0afd2b037,DP World Logistics 2841,Air,3.38,3225,22,China
1f1f2d8c-3045-4106-8536-1e564cde2436,Emirates SkyCargo 2842,Road,4.76,2652,26,South Korea
81837f10-1b3e-4d76-920f-94f5ec3faedc,CMA CGM 2843,Air,3.32,2029,9,Japan
d8cf856e-f1ee-49e2-b727-2718c9f8adc0,Emirates SkyCargo 2844,Air,3.42,1696,29,South Korea
59f5f7bb-a60c-4c94-a703-6312f0cfee31,DP World Logistics 2845,Road,4.3,1231,5,India
09b1ab3b-dc33-4052-a7c9-4479047a5196,Hapag-Lloyd 2846,Road,4.08,4080,30,Germany
350c5871-95f3-4394-831b-566046581c8b,DHL 2847,Road,3.11,2924,27,UAE
b2e71e6a-b401-4bde-af82-a9dca6e66579,FedEx 2848,Sea,4.12,3786,36,South Korea
2a7ef1db-3a0b-454a-9430-4030c7bd3147,DP World Logistics 2849,Sea,3.54,4152,8,China
714e802c-a168-43a7-8497-10fbaa747ad7,Allcargo Express 2850,Air,4.3,804,19,Singapore
13c0e081-6102-4bbb-8931-a203d4874bf1,Blue Dart 2851,Road,3.62,3190,16,Japan
adb3f5f7-0eec-430c-bfd9-15c71c3a4245,FedEx 2852,Road,3.24,2065,32,United Kingdom
62e57f6e-5353-4af1-9dab-983753026813,CMA CGM 2853,Air,3.63,3311,8,United Kingdom
0660b5be-0110-4511-bd6b-e4bf70f159ae,DP World Logistics 2854,Road,3.78,837,26,United States
9e1eab9a-c997-4ca7-a437-b0f6fb7aa459,Maersk 2855,Rail,4.55,2511,20,South Korea
866ea1c5-0f37-4b3c-852f-b6d33000cf96,MSC 2856,Sea,3.43,2634,33,India
cdd7d8dc-d5cc-43ca-8334-a19bd2c3994b,CMA CGM 2857,Road,3.28,2710,31,Singapore
afd88f76-f8ff-41ee-bd3b-bf7a4b548ec1,Emirates SkyCargo 2858,Sea,3.97,1467,30,Germany
c7569b66-d30f-471d-97c5-030853120274,FedEx 2859,Sea,3.88,319,13,China
ac0d4ae2-6307-4dfe-b126-3d3e2cd7544c,DP World Logistics 2860,Road,4.12,1030,33,UAE
789014e7-b640-42b2-bc17-c3147ed024f0,Hapag-Lloyd 2861,Air,4.1,758,4,United Kingdom
fc7d5c9a-002f-4d97-8031-ffd6c6f47853,Kuehne Nagel 2862,Air,4.66,1501,25,United States
a847b464-bcb1-464e-a2b3-b87aeefdbccf,CMA CGM 2863,Sea,4.0,849,12,Germany
347b36ef-5276-4b89-95f5-03a5cbf082aa,Hapag-Lloyd 2864,Sea,3.54,2808,17,China
caab5e29-ff56-4d2c-b917-b58e18e8a22f,MSC 2865,Sea,4.66,182,36,India
059460d0-c3d5-4901-8f03-6136b2fdcada,Allcargo Express 2866,Air,4.32,4083,20,India
c9486184-c0f2-4994-87d4-e3a6875983c5,DHL 2867,Air,3.83,3422,38,India
0cf59507-b3ea-4af5-ab1c-8310e1fcf165,MSC 2868,Sea,4.26,1288,34,Japan
5f4aeca6-3310-48ee-874f-8c52d4674915,Blue Dart 2869,Road,3.57,1823,12,Japan
0e3cb1ab-64f1-445d-961d-1bd04d584e24,DB Schenker 2870,Road,3.8,1200,9,South Korea
d47ff6cb-6ddd-4140-9804-c203f8eb81fa,FedEx 2871,Road,4.63,2497,10,Singapore
dd8c5a0d-02d0-4e9e-a275-687c26d9b871,DHL 2872,Sea,4.41,3058,38,UAE
3e3e1304-91ed-41a1-b9dc-74fa4dbc71f6,MSC 2873,Sea,3.44,523,30,UAE
5cff566d-f446-4ded-b014-461fa941aa38,Kuehne Nagel 2874,Sea,3.6,1296,17,Japan
8c2533bb-121f-48a2-af9f-b1f482ff8cde,Maersk 2875,Sea,4.89,823,34,United States
ff7bc23b-cea3-479c-99e2-53043ab821c1,CMA CGM 2876,Air,3.57,1975,38,United States
357a1ef6-0a9a-474b-a307-337484991397,Hapag-Lloyd 2877,Air,4.66,1879,22,Japan
9a1d276b-b5a6-4aad-8ab8-b8d6bc76a0a5,Kuehne Nagel 2878,Road,4.78,1298,8,United Kingdom
43064d4d-3138-48d4-aeef-ec918ee74417,Maersk 2879,Sea,4.27,657,3,South Korea
62a51b77-4486-4ea3-86f3-6502dd87fb01,MSC 2880,Sea,4.07,1814,5,South Korea
4e85736e-bbdc-4d69-a8aa-635e05b73336,Emirates SkyCargo 2881,Road,3.8,3149,27,United Kingdom
ca4f277b-87e6-4864-b7c8-d9d37709e2ef,DHL 2882,Air,4.26,660,10,Singapore
3ac86a19-ebfa-484d-b60b-630fec86c0fe,Kuehne Nagel 2883,Air,4.67,2038,38,China
c492e56f-bcc2-4547-9454-18e62c09018c,DHL 2884,Sea,4.12,766,3,India
672d18d0-e41e-4e36-bca2-83066bf9dfa8,DB Schenker 2885,Sea,3.12,466,6,South Korea
85fc4e70-55d3-4096-a63c-b42b35818bd3,MSC 2886,Road,4.02,462,16,United States
d15199ee-15bf-463c-811a-1162b4bb14a5,CMA CGM 2887,Road,4.75,1760,23,Germany
39ce2e91-c480-4fa4-a2f4-eb16feac8fb3,FedEx 2888,Sea,3.78,1634,26,South Korea
5df066c7-8315-40f9-b0c9-90cf5d29d913,Hapag-Lloyd 2889,Sea,4.26,409,4,South Korea
2cade5ac-3c84-402f-8493-d69334dce395,DP World Logistics 2890,Rail,3.29,1192,11,China
3f0c86b7-b9bb-45c0-a751-a853d641a97b,Emirates SkyCargo 2891,Rail,4.01,1312,38,United States
a7fa4ffb-d415-4f7f-84a5-49ec447026a1,DHL 2892,Road,3.73,2713,29,Germany
494f86a2-e00c-48de-b386-eacb59f34c5e,Hapag-Lloyd 2893,Road,4.79,2459,11,China
c4da7f4e-dcb2-4145-b14b-5cc9347e8fbd,Kuehne Nagel 2894,Road,3.59,2512,19,China
3685f289-daf8-4bcb-bd93-3568a68808ae,Kuehne Nagel 2895,Sea,4.19,3894,33,Singapore
9ac0db30-9f19-4d7d-a002-118f0b8f5a44,Kuehne Nagel 2896,Air,3.91,506,28,United States
865a4a6b-e37e-40b1-9962-e2ccf3bbe421,Hapag-Lloyd 2897,Road,3.59,1941,5,UAE
12e3b486-c5cf-48c6-9f9e-955e4ffc9b83,Hapag-Lloyd 2898,Sea,3.62,1562,25,United States
296ba638-1095-42e4-8cf8-1a64aa3e58a9,Emirates SkyCargo 2899,Road,3.23,3209,12,China
12d6f10a-ce93-4229-978e-f7cb79348baf,FedEx 2900,Rail,4.19,3370,19,Japan
73bbefc8-92dd-4a92-ab48-5e26ce8203e6,Kuehne Nagel 2901,Rail,3.8,3386,12,Netherlands
f039bb5d-39f9-4b7f-b942-0879c2265777,Kuehne Nagel 2902,Sea,4.47,1450,7,UAE
344e9ffe-101d-4d08-8ab5-4a388e89bbbb,DP World Logistics 2903,Road,3.8,134,31,China
81784d04-1967-458b-8cea-9e5308bf8e5b,DHL 2904,Sea,4.65,2420,17,Netherlands
60499b2a-0194-45dd-a179-3c0dfa237d98,DB Schenker 2905,Road,4.02,2678,27,Netherlands
5e24ef58-3b0b-4c3c-9dd1-18fe3a7c3e24,CMA CGM 2906,Sea,4.89,4158,27,India
ad3649f6-1e33-4068-abe7-e3c0a7b9d4de,DHL 2907,Sea,3.52,3189,4,Germany
d28e0c02-d9ac-4363-8623-c17e165b7221,DHL 2908,Rail,4.9,915,34,United States
c600cf10-c629-47a7-8adb-318606385c69,CMA CGM 2909,Air,4.5,3694,35,United Kingdom
10a0bca1-995e-42ff-80e9-a1c61693a2eb,FedEx 2910,Sea,3.9,2436,37,Netherlands
062dce81-bef0-4ce0-98c5-2848c8aeddaf,Hapag-Lloyd 2911,Road,4.14,3656,24,South Korea
2ec21844-b67d-470c-8d4a-72ef6dcaecdf,DHL 2912,Road,4.43,4096,4,United States
066a06ca-f0c3-47ce-a89e-89b41c1c643f,Kuehne Nagel 2913,Road,3.31,3481,15,United States
9377c16f-5f25-4657-b4a3-3ee92be0c335,Emirates SkyCargo 2914,Road,4.67,1487,15,United Kingdom
e2655beb-46df-4b47-bb0d-1cfac8e605e7,Maersk 2915,Road,3.87,3834,27,United States
73c33337-95da-42f8-af2d-e04b320e0b60,DP World Logistics 2916,Sea,3.55,3373,31,South Korea
b104ed0d-5000-445b-8046-6db73aba6e4e,Emirates SkyCargo 2917,Air,4.23,534,14,Japan
ca044044-9ec2-4336-8923-7ccfb0a0ebfa,Hapag-Lloyd 2918,Road,4.43,838,24,Japan
5eef0c65-d9ff-4a53-b29c-9b0f43f547a9,Kuehne Nagel 2919,Road,4.14,3440,5,India
907ffd46-cbf5-4552-8912-020876754179,DB Schenker 2920,Sea,3.66,1963,3,UAE
99a22511-2d4c-4c56-965a-52a02f8d2c8c,Hapag-Lloyd 2921,Air,3.14,1208,32,Germany
d7f5aa05-f85a-4567-8475-490fa910591f,DHL 2922,Rail,4.88,2614,37,United States
6e9119b4-eba1-4825-b0d0-a6506d40f40a,Blue Dart 2923,Sea,4.66,3559,20,South Korea
df597536-cbcb-4ba9-a9a3-6dc7cb80b7d0,DP World Logistics 2924,Sea,3.39,2779,19,Netherlands
01ba9272-5984-4b64-8bba-1196017265f3,DB Schenker 2925,Road,4.85,1965,22,South Korea
dc1fe947-ff2e-435b-959f-8dedb96dede9,Hapag-Lloyd 2926,Air,3.35,295,30,Netherlands
793994b2-db30-4932-8b58-9cedac872f05,DP World Logistics 2927,Air,3.76,1024,9,United States
744e51f6-d1df-43f4-95f1-c3b706184668,CMA CGM 2928,Sea,3.76,1523,20,China
18fbb69a-b4bf-4f30-9a5e-56d8c0abe1dd,MSC 2929,Road,3.5,272,16,Netherlands
62adb9ac-9850-4816-b1c4-0f459a0fa185,CMA CGM 2930,Sea,4.48,1686,16,Singapore
1b31aca8-102b-49ce-bd51-70d527fc123f,Kuehne Nagel 2931,Road,3.95,1270,23,United Kingdom
e088af36-ce6f-4c6a-ad45-b14d82794f55,DB Schenker 2932,Rail,4.48,68,18,UAE
56e0e54e-03d2-4107-9679-ee09beaba4d8,Blue Dart 2933,Rail,4.24,2776,4,United Kingdom
804aa4e7-9479-464a-9c70-ebb8e1c75029,DB Schenker 2934,Sea,3.62,4001,31,UAE
59e6585a-8104-4e65-9f36-25d4cc8108b7,Hapag-Lloyd 2935,Rail,3.82,3498,27,India
a33fee9f-6852-4c47-9746-b5750e9d89eb,CMA CGM 2936,Sea,4.86,294,28,Japan
61c3d48a-a7a4-4c03-9611-13376c5c7a65,Hapag-Lloyd 2937,Air,4.55,4178,18,South Korea
9847d9cb-98d4-4f48-a9b2-285805450262,Allcargo Express 2938,Rail,3.38,1620,17,UAE
c7d96498-86f7-41b3-9c59-9f7f24765612,Maersk 2939,Rail,4.85,1766,23,Japan
91919cf8-01a5-4d85-a123-7c1d95faa185,Maersk 2940,Sea,4.49,3666,21,China
e1b4f435-a1b5-45ce-b32b-543a4281290f,Maersk 2941,Sea,4.79,1241,31,Germany
b48716f5-51fb-43ba-8c90-4c1e75004480,Emirates SkyCargo 2942,Rail,3.14,957,14,India
7a60ce73-da9b-40d2-ac69-0228d55737d8,DP World Logistics 2943,Sea,3.74,3098,21,South Korea
82c5f397-0629-41a3-9197-5073c8c136bd,Hapag-Lloyd 2944,Road,3.42,3200,28,Singapore
a3df63af-35ce-4de5-beae-4fb7fb0758a7,DP World Logistics 2945,Sea,4.13,62,14,United Kingdom
d5e5bb71-2fb2-44d7-afaa-4c380019d850,Kuehne Nagel 2946,Road,3.88,635,21,Germany
a81edd56-6b4b-44ad-81f7-1924eb1fbd9e,Kuehne Nagel 2947,Sea,3.86,1105,8,United Kingdom
d186b88e-a1c8-403c-9319-371f779c4666,FedEx 2948,Rail,3.49,1257,33,South Korea
2d982008-32c8-4ab4-b7bd-02b6fc903fa7,Hapag-Lloyd 2949,Air,4.66,933,36,Germany
4070c36a-1208-430d-beef-1be45a4eb1e5,Maersk 2950,Air,4.56,2062,29,Japan
57d6e078-88dc-447e-b22e-f77f9f2a4dad,CMA CGM 2951,Sea,3.42,912,23,Japan
1dd9eec4-b94b-4e85-a10e-940469c0c8cd,DP World Logistics 2952,Air,4.46,2478,23,China
00101023-e8d7-48aa-955c-9bbdb1db3d16,Blue Dart 2953,Road,4.88,1420,23,Germany
a516f1be-fd76-441f-aef6-ad8109e5dfe5,Allcargo Express 2954,Air,3.83,3029,29,United States
b62a828e-9942-47df-a346-76ae22c47faa,MSC 2955,Sea,3.59,751,30,Netherlands
0d7e6ed9-f482-4804-a70d-42f5d6a58597,Maersk 2956,Sea,3.37,2365,28,Singapore
807f8069-b6d0-4cf9-8e82-8611a60afc24,MSC 2957,Air,3.36,2059,4,Japan
ad26d85c-ae9e-4584-8334-217bbef5bdf7,Emirates SkyCargo 2958,Air,4.86,2972,29,Japan
70d387d9-00bb-42af-829e-9b962e4e32c3,FedEx 2959,Road,3.54,3381,36,China
2592eb7b-e711-41e0-af98-f16c7d0b3390,MSC 2960,Sea,4.47,1794,12,South Korea
a529b7e4-6a1a-4c9c-abb2-76a810a3a830,Kuehne Nagel 2961,Rail,4.74,1146,10,Singapore
20403387-c476-461b-8a7a-4da1d82d8ca1,Allcargo Express 2962,Sea,3.66,59,10,South Korea
6a651e5e-909d-403d-8ea1-272d7519550a,FedEx 2963,Air,4.63,3638,15,United States
a158ba37-d016-4bb9-a9a6-dc77c68a74a1,MSC 2964,Road,3.7,2499,23,Singapore
dfea9a22-a0ac-45fb-ade4-4b6a0f1d02ea,MSC 2965,Sea,3.34,2376,8,United States
2826565a-dd24-4beb-8cad-6337fb0b2bcb,Blue Dart 2966,Road,3.66,925,9,South Korea
efdafc49-edd1-47b5-b2da-33214ce2dd1b,Hapag-Lloyd 2967,Road,4.61,3138,31,Germany
df59e141-2952-4198-9f11-f25b8dfd2d42,FedEx 2968,Rail,3.35,3781,31,UAE
ab119a5c-f462-4cfb-900d-038ce515b491,FedEx 2969,Road,4.79,3490,22,Singapore
4fdf8586-a65c-4452-8025-4510b789c0fb,Maersk 2970,Air,3.57,2969,25,South Korea
c043d6c4-a62a-4de2-93df-e6f89a9d229b,DHL 2971,Sea,4.13,2471,6,UAE
60aa56ac-2e2d-48ed-a0fe-79eb0d02c774,MSC 2972,Sea,4.48,4142,26,India
7229b407-4546-4ee9-9570-c4f3a7570e8e,DHL 2973,Road,4.49,2536,15,Singapore
de75bc69-0b1a-41c8-b27b-b848e7293949,CMA CGM 2974,Sea,3.14,2812,38,Japan
df5bc634-4da7-462b-8a7b-87893b1d6e02,FedEx 2975,Road,3.34,2832,28,South Korea
bc6e7492-304f-4767-b539-53b1a8f80c0b,Emirates SkyCargo 2976,Sea,4.18,442,6,China
9968de1d-58e3-4187-831f-9b8896b4c7bd,DB Schenker 2977,Rail,4.06,307,12,Germany
c101ec4a-bb21-4673-9b79-fe25ccd29f5f,Emirates SkyCargo 2978,Air,4.65,4075,31,UAE
e22996a1-6c21-408c-b90e-731eb59e1a99,Kuehne Nagel 2979,Sea,4.34,690,27,United Kingdom
85236301-352f-45f1-9c27-23c9dcbd5469,DB Schenker 2980,Sea,4.34,2838,7,South Korea
43fd5101-5e6f-4b63-92fe-c35aa698b367,Hapag-Lloyd 2981,Road,3.27,3299,24,China
58a73c7d-17cc-4a86-92f9-591d5ac92c16,Allcargo Express 2982,Sea,4.47,1434,36,Japan
2f734b33-90f3-49cd-9f03-f52aee6316f4,CMA CGM 2983,Sea,4.4,1104,16,Netherlands
6154d288-f081-42d0-b4c7-69207e6ebade,Allcargo Express 2984,Sea,4.75,160,29,Japan
31aaa678-c50a-40b9-a8fe-23b8cfe84e72,Blue Dart 2985,Air,3.1,436,6,South Korea
4ddbfd6b-b4f8-437b-aa77-328e528f0109,MSC 2986,Air,4.32,879,10,Germany
08f76359-01e7-496d-8a68-622b1954818e,Kuehne Nagel 2987,Air,4.28,2351,21,United Kingdom
2b1c3b7f-85a5-4e08-a29d-a4ffb7635c14,Emirates SkyCargo 2988,Sea,4.41,2777,14,United States
58ecd398-63c1-446c-a9f3-26e88d231c52,Allcargo Express 2989,Sea,4.68,3924,30,India
a1347162-cf59-4688-9e8e-6b4627ac393e,Allcargo Express 2990,Rail,4.34,4113,10,United Kingdom
0025c000-cd85-4f08-a57d-cdd45d1a322b,FedEx 2991,Sea,4.29,3985,19,South Korea
2b0cf3a3-2124-49ce-a516-7c79f1d9c1a5,Allcargo Express 2992,Sea,4.43,2563,36,Germany
03a53544-d58b-4051-8614-aeb6e0b95921,Maersk 2993,Air,3.97,664,34,Germany
66b89443-bd23-451f-8334-4a439c58efd8,Kuehne Nagel 2994,Road,3.54,2685,27,Germany
de32a4ac-3b3d-44e3-8ea9-5e58ad02b187,DHL 2995,Road,4.1,42,35,United States
b91f3718-73af-4e52-93dd-01aac036fe0f,Hapag-Lloyd 2996,Road,3.22,2598,37,Japan
e88c862d-b9e5-4e75-99e2-5c7ed7c3f671,CMA CGM 2997,Sea,4.29,2288,12,India
8117e920-3e25-4971-965d-b210ca2feebb,Maersk 2998,Road,3.37,1845,11,South Korea
31fb165c-367f-4f1d-96fa-8a5b394a0d6c,Maersk 2999,Sea,3.97,2025,18,Germany
cf9a728c-2b36-466a-af21-3c6154225d6e,Allcargo Express 3000,Air,3.28,3820,20,China
124761ee-f0c7-4f65-bfe8-2dde1c577eac,MSC 3001,Road,3.92,3627,7,UAE
93f64cf0-98ef-4b38-9cf8-6de353f3f181,Maersk 3002,Air,3.46,309,12,India
ee7367da-1d37-4c78-8e16-de7aa2d51f96,Maersk 3003,Sea,3.61,3867,18,UAE
01aa0c15-6a30-4eb7-9a4e-87d554c38a1f,DP World Logistics 3004,Sea,4.6,993,15,United Kingdom
538813ef-79a2-4ffd-b918-27339eefb422,Blue Dart 3005,Road,3.52,3339,14,Germany
be71c55b-0f1d-4db4-a6fc-96da17009ce3,Allcargo Express 3006,Air,3.13,3572,27,India
2bb3c739-2402-4440-8a7c-ea760aac7cad,DP World Logistics 3007,Air,4.75,3086,38,South Korea
e0cf578a-fe19-4640-adbf-3c5871a9ceab,MSC 3008,Rail,3.66,3630,34,India
8f4c6b3b-24d1-47f4-9c8e-3a0fcaf7d229,Kuehne Nagel 3009,Road,3.14,2918,5,United Kingdom
04822fba-8163-45e9-ac0b-32bbcb11ad7f,MSC 3010,Sea,3.64,119,30,South Korea
b5cb4058-1aa4-46be-85fc-2cf4ca669c8c,FedEx 3011,Road,3.42,153,24,Germany
9b9c6157-c1c7-4fc5-b45c-08bda20e1219,DHL 3012,Sea,3.42,3059,7,United Kingdom
576e40c8-4231-4781-9586-69add594864a,Allcargo Express 3013,Sea,4.44,3014,25,Netherlands
cd1acc23-61e3-4d7f-99fb-be9c0bb4c371,Hapag-Lloyd 3014,Road,3.26,3767,18,United Kingdom
bffe7bdd-2c49-4cd0-8530-0230263e33c2,Hapag-Lloyd 3015,Sea,3.28,1205,5,Germany
271e7ddb-d652-4080-842e-748176f9b706,CMA CGM 3016,Sea,3.33,597,27,United Kingdom
e330b8e9-7e1b-4f62-a72b-25ff8af33147,DB Schenker 3017,Air,4.62,3188,7,Japan
7957fafb-6881-405e-bce0-67b56fd94d11,Hapag-Lloyd 3018,Road,4.63,3271,12,Germany
0e7e663c-6850-468d-813d-da1372b7b407,DHL 3019,Road,4.62,1674,10,Netherlands
9aa3abb4-58db-423a-84ed-aad84cf0bec7,CMA CGM 3020,Sea,4.42,748,18,Singapore
f1b7e330-2246-4a27-a658-ae364fe96654,CMA CGM 3021,Rail,3.49,301,14,India
290eaf30-1a91-4414-9170-51ba67ffb94d,Allcargo Express 3022,Sea,3.58,2498,28,China
ad44cab9-6e9b-436d-aa40-2539e81587d9,Kuehne Nagel 3023,Rail,4.47,2129,17,South Korea
077a2250-9644-4293-b4f9-65e6bae0adeb,Emirates SkyCargo 3024,Road,3.19,890,20,UAE
bab1a634-7649-40f5-ab13-e33b39793c21,Maersk 3025,Rail,4.67,1555,28,India
9d678b9d-0f97-425c-874e-aa6c0810dd15,Allcargo Express 3026,Air,4.23,1518,33,India
92734bd8-e9c7-48a4-ae83-d3068c1e1166,Blue Dart 3027,Road,4.5,332,15,India
2fe41d1f-bc43-47c2-bae1-7c030a78cb8b,Allcargo Express 3028,Sea,4.14,3839,34,United States
c03f19fe-37be-4459-bd3b-ea740c8d9d00,DHL 3029,Sea,4.58,2633,7,United Kingdom
382efad0-b035-4921-a3c7-82c15de65282,Emirates SkyCargo 3030,Rail,4.31,967,6,Japan
9563ef4d-5332-4bc9-ba76-573b9b0f24a8,FedEx 3031,Sea,3.56,37,31,Germany
9e71f8b1-3fef-42f1-ad6c-4374da87b504,DB Schenker 3032,Road,3.77,2821,31,UAE
2106cb1f-6874-47a3-971c-4309dfb1c20f,DP World Logistics 3033,Road,4.62,880,36,United Kingdom
d7534893-8b00-47b4-821a-d53ec6de5a4a,MSC 3034,Road,3.26,2205,38,Germany
73e14eed-ebef-4635-a7dd-02ac909ca11d,Allcargo Express 3035,Sea,3.72,303,34,United States
a8e66426-b25e-4a58-a8a6-664037dd3c3b,Blue Dart 3036,Road,3.79,1490,35,Germany
89d0af99-9903-4a0d-a1b2-8bcb06507f95,MSC 3037,Road,4.65,776,14,Singapore
42ff1ed5-7e4c-4400-84a1-8a61e341b38b,DP World Logistics 3038,Sea,3.58,3015,9,Germany
c4fa7977-673e-4779-8435-d7de82cbba5b,Maersk 3039,Rail,3.35,1185,32,South Korea
8c534c49-4924-4970-bf53-4c9fd8a21169,Blue Dart 3040,Sea,4.32,2089,28,United Kingdom
661dd26c-a29f-4dd5-b6f9-57d4f0548b28,Maersk 3041,Road,3.49,1583,7,Japan
227df29f-d90b-4a7d-90a6-beffb3cb926b,MSC 3042,Road,4.4,1601,3,Netherlands
3f609d12-2459-419e-8eb1-a1f42f59f2b3,Hapag-Lloyd 3043,Sea,4.77,2553,22,China
3f448a25-9122-4b3f-994a-682e0ca8eaac,Allcargo Express 3044,Road,3.4,724,8,UAE
b48304f9-d35d-4e82-a8ab-64db5d5e3f5c,Hapag-Lloyd 3045,Sea,3.38,4030,10,South Korea
4804fcde-b01a-4b3c-8e22-c7a780e7cfa7,Allcargo Express 3046,Road,3.15,234,8,UAE
233f8aed-6e55-49c7-9161-cc1137d3ceaa,DB Schenker 3047,Sea,3.14,245,37,China
1cb0e477-5777-435c-bb30-caae3ee905d9,FedEx 3048,Air,4.48,1784,26,South Korea
83bc9ab0-f3ae-4eed-aabc-a89b6f1c0fed,DHL 3049,Sea,3.45,1871,29,Germany
175db7ae-4e69-4ba4-90bc-c736e7e3b3fe,Maersk 3050,Sea,4.56,812,23,India
7ab1c10e-87e7-4619-b217-c9b1618874d4,MSC 3051,Rail,3.59,2655,11,India
91e6eb95-5ce1-4e18-9cd2-456a3f513582,MSC 3052,Sea,4.17,244,18,India
f24aa39a-52cb-4dc4-ac0c-60e62a8a0214,Maersk 3053,Sea,3.94,2829,24,South Korea
062281ea-6385-422f-8fcc-881158fe1ab2,CMA CGM 3054,Sea,4.17,2939,15,UAE
637562e3-1f88-4ff7-a813-35441c240312,Hapag-Lloyd 3055,Sea,4.54,3900,15,UAE
e927a6fb-0df0-49d3-bb31-c7e6435ef8e4,Hapag-Lloyd 3056,Road,3.41,529,18,UAE
7a76b673-74b4-466e-8b83-6ee278c4806b,DHL 3057,Sea,3.37,1100,30,South Korea
2b2a4ad5-13c7-4b5c-9396-eb1de2815694,DB Schenker 3058,Sea,4.25,2876,33,China
79bb28e3-1885-45af-83d4-4251515da89f,Kuehne Nagel 3059,Road,3.33,1981,14,Singapore
f5d2ca2d-0cd3-4e19-b497-9f6149b478ae,Allcargo Express 3060,Road,4.53,1405,25,China
7233862f-f274-4786-9a8a-097df68d8538,FedEx 3061,Air,4.03,4051,14,South Korea
3cd22f6e-f567-4d34-ba2c-d69efb0d2519,Kuehne Nagel 3062,Road,4.51,3882,26,Japan
068f3ad9-db0c-493d-b20e-fac6a7935712,DB Schenker 3063,Sea,4.8,1298,19,UAE
ee55edf3-4b0e-4834-900d-df74d1345a7b,DHL 3064,Sea,3.58,2114,33,UAE
a9845b4c-ff93-4b67-9887-01cc70bf7089,DHL 3065,Road,4.31,2523,36,India
0cf981bd-a8f5-4550-b497-7dc2deb76369,Maersk 3066,Rail,4.11,1583,14,Japan
088f9815-bd51-4f1e-a750-a36bf95e3a52,MSC 3067,Sea,4.32,1393,31,United States
6cfcdada-b8a2-4c4f-8e88-20a5fb941a70,Emirates SkyCargo 3068,Sea,3.95,1300,21,United Kingdom
97812d17-5237-4e94-8fe9-2ec0a0322d6f,DP World Logistics 3069,Sea,4.49,924,15,Japan
c9111c85-160d-4466-ada1-e040e7873843,Emirates SkyCargo 3070,Air,4.47,3090,37,South Korea
74fb9e8a-23fb-41a3-be1c-3eadb2e6162b,FedEx 3071,Road,4.72,1248,29,Germany
e3bc4f7b-9cae-45ee-aa8b-7a8fb0e49032,Allcargo Express 3072,Road,3.76,732,17,China
5737b0b5-4d7f-47ed-ade9-20ae0c917ec0,Blue Dart 3073,Sea,4.13,276,32,South Korea
9cdf3f44-aa8b-4194-87bd-b056c6352d82,CMA CGM 3074,Sea,3.97,2825,24,United States
a41c28ae-9b88-4365-9234-486c3597b54e,MSC 3075,Sea,4.33,3107,26,India
3df75411-6400-4ff1-87be-3c95067a9a90,Hapag-Lloyd 3076,Sea,3.74,3750,4,UAE
55071c13-b00e-4bc6-963f-27ff0724b1fb,DHL 3077,Air,3.49,2332,37,South Korea
6b72ea7a-c1ea-4763-b5dd-6476cacbf474,Allcargo Express 3078,Road,3.87,3339,32,United Kingdom
b405cb97-9777-4bba-a62e-ecf5204f48e0,Kuehne Nagel 3079,Sea,4.1,3344,20,Singapore
acf10f5b-31bc-4699-ae98-25c1bef3853e,DP World Logistics 3080,Rail,3.68,820,35,India
62ded60f-7f9e-4697-9204-81c5f6ef7844,CMA CGM 3081,Air,3.64,2669,22,Netherlands
ca07f0a0-46c8-4944-9ca2-61107c2db53e,FedEx 3082,Rail,3.65,1118,34,UAE
ee33d942-4d23-4b26-9a95-de5b339fea2c,Kuehne Nagel 3083,Road,3.91,1695,33,Netherlands
349de2e9-677d-464b-94b7-928db9d3eed0,FedEx 3084,Rail,4.31,1921,33,Japan
167387ac-95ed-4a74-b931-2d887a37afca,Emirates SkyCargo 3085,Rail,4.19,1651,6,Germany
53211293-3b8f-4436-a2d7-ee0375a66c42,Maersk 3086,Sea,3.38,2578,23,India
926cb5de-7b42-4c75-9136-6e756fc3892a,Maersk 3087,Road,3.83,2909,7,India
6b42003d-6435-41eb-822e-eacad25f5651,Kuehne Nagel 3088,Rail,3.55,1407,35,Germany
37951397-9372-4a04-966e-4a8eabb66079,DB Schenker 3089,Sea,3.35,394,11,Singapore
59be4f11-c7dc-41d5-8cf1-6619a4ba2a85,DP World Logistics 3090,Sea,4.87,3006,36,South Korea
c2a5c0c4-e455-4d8f-be6a-445bde5ec4bd,DP World Logistics 3091,Air,3.98,455,24,China
0e9ef55c-097e-4ec3-99e1-71f4e88accf2,DP World Logistics 3092,Air,3.84,3999,10,China
a044726b-a0bf-4040-8891-f39f8f8cacde,Blue Dart 3093,Sea,4.43,1297,14,United Kingdom
6a692729-69a4-49ea-876f-2f662a124a1d,Blue Dart 3094,Air,3.36,3642,9,Germany
0915ef30-1df9-4961-9fbb-0bf3d4d418e7,FedEx 3095,Road,4.32,2135,5,Japan
3d9dd98f-4a95-46ec-922b-db4c39f28097,MSC 3096,Road,3.39,3530,11,India
b7bb53d4-0789-45c2-a789-ffe35213d2fd,Emirates SkyCargo 3097,Rail,4.58,2397,24,Germany
dcace0f8-a784-4334-974f-1f1aa94a70f0,Emirates SkyCargo 3098,Rail,4.53,34,33,United Kingdom
fe3a0a0d-8f77-4a5e-86d5-b033321f3e4c,Allcargo Express 3099,Rail,3.89,1071,22,Germany
614f8043-8cfe-4f39-b6cd-aa8fc864d73d,FedEx 3100,Rail,3.33,682,25,Netherlands
0b8f51aa-2820-46de-a600-5da8b9c1802b,MSC 3101,Sea,3.74,3574,14,China
ec40189d-3352-4bac-bb25-76eb42ca022a,DP World Logistics 3102,Sea,3.87,51,31,Netherlands
30bd246c-cb30-4667-9186-899d6e97e26f,DHL 3103,Sea,4.88,482,4,United Kingdom
3e4a8a87-3cff-483f-aaa5-294413c5ec03,Hapag-Lloyd 3104,Road,4.1,1421,28,United States
b9513ae4-c007-46b2-b862-38580ceba860,DB Schenker 3105,Sea,4.04,2628,21,United States
7dd64519-c590-4bda-ae54-ab523d2b925f,DB Schenker 3106,Sea,3.51,1551,4,United Kingdom
22be4af7-e5b8-4d32-9f0f-49ea54006396,DHL 3107,Air,3.12,3804,24,South Korea
aece39b3-54af-4433-9280-7de9653f8063,FedEx 3108,Air,4.17,3215,20,United Kingdom
801a5158-c192-4b35-9602-4c85f1c08d1b,Emirates SkyCargo 3109,Road,3.9,3113,9,India
394c1964-3844-46b5-8f96-fe6fa489912b,DB Schenker 3110,Air,4.89,1932,17,China
e9f733e7-5c73-4228-a219-274a8793a5ea,MSC 3111,Sea,4.55,3716,38,Netherlands
f1801307-a17d-4fd7-8d9e-180e550a5497,FedEx 3112,Air,4.79,3146,28,Singapore
b4dbef40-e23d-4f6a-8b13-597aea93f025,Hapag-Lloyd 3113,Sea,3.55,3908,32,South Korea
29845397-57d9-4c9c-a8ff-c51eef4296b3,Allcargo Express 3114,Sea,4.17,2267,13,India
d5b68ede-65cd-4ea7-b868-5d87f28f654e,Kuehne Nagel 3115,Rail,4.27,2463,27,India
0d54b38a-39b5-452f-b1fa-6ae7bc8b3a29,MSC 3116,Road,3.3,800,16,Singapore
486d8c52-ae64-4f70-b443-d0d59251faee,Allcargo Express 3117,Sea,3.79,437,4,United States
25640b04-e109-411d-80e2-5c57ed16352e,DP World Logistics 3118,Road,3.53,1942,31,China
eede78ef-55b2-4331-8af3-6edcc8252d21,Kuehne Nagel 3119,Air,3.54,2071,17,Germany
3030f1f9-df0b-49a5-a1e1-6690fadd9ac5,Allcargo Express 3120,Sea,4.0,1059,32,South Korea
76d918fe-0f1d-4b67-b0b8-3cf7cb24d327,DHL 3121,Sea,3.61,184,32,UAE
7e726ff5-f318-4de2-b112-0b97b97db84b,DB Schenker 3122,Air,3.67,3570,33,Japan
715dd2d5-3cba-461e-9986-08260daefe83,CMA CGM 3123,Road,3.67,3137,23,India
a1b73035-1874-4ade-9991-d400990c8400,DP World Logistics 3124,Road,4.65,118,26,United States
b768051b-f19a-4564-ae73-30635f135660,Kuehne Nagel 3125,Sea,4.05,4147,3,UAE
083b04cd-462c-49e4-8161-bf0a04fe6d54,DB Schenker 3126,Sea,3.75,1943,38,UAE
ae28d887-8434-426e-9736-a9a53e01dbba,Allcargo Express 3127,Sea,3.12,2435,18,India
2573ba3d-73e3-428f-97ad-f30d46bab135,DHL 3128,Sea,3.69,3659,28,India
617e7461-6925-441d-b0e8-d33316d29033,Kuehne Nagel 3129,Sea,4.09,2907,37,South Korea
ecdb3594-ff5b-455d-a8b6-cf15b7af8b52,DB Schenker 3130,Sea,3.54,3384,14,Singapore
8c9234eb-8aaf-40aa-a1a3-48cc3f4744de,Hapag-Lloyd 3131,Sea,3.65,3169,5,China
38e8c963-d945-41df-8fdb-10cacd9ef65d,Allcargo Express 3132,Road,3.49,2002,28,Singapore
29280b69-9cb4-4139-bf39-42a5a7869224,Allcargo Express 3133,Sea,3.71,453,22,Singapore
dc4b2d06-5a50-4119-908d-85de762a7f0c,FedEx 3134,Road,3.94,3984,14,Germany
4690d5ca-b5b5-4806-ad08-1dbfca5c8f73,DHL 3135,Sea,3.7,3750,3,Singapore
852951fb-b0e2-4db3-9e81-0d4728d58b0f,FedEx 3136,Road,4.76,2506,32,Germany
96e8222c-a9d7-470b-a7a1-08b62b1db485,Allcargo Express 3137,Rail,4.02,547,5,Japan
a4e7c6cf-1f2a-4999-a7c2-327e1ee6c802,CMA CGM 3138,Sea,4.18,413,11,United Kingdom
c4dbbafd-eb47-40c4-8dad-d9beb3909af0,Blue Dart 3139,Sea,3.84,1408,21,South Korea
50e92881-b18a-4ab5-987c-cc6834ee7e91,DP World Logistics 3140,Rail,3.26,2156,20,UAE
448313d4-0877-4703-bb8c-c2f88b14852f,Emirates SkyCargo 3141,Sea,3.67,908,4,Netherlands
a3efa7b8-9adb-4b40-85ca-461b431d1f50,DP World Logistics 3142,Sea,4.48,1303,9,UAE
5a766641-3a5a-40cb-ac9f-06f7628de1e7,MSC 3143,Sea,3.66,3691,16,UAE
1dc5a668-6cd6-49a4-9a5a-553335a71a10,FedEx 3144,Sea,4.35,285,14,United States
7101857e-164e-4d5a-b40b-8cb8c7272637,CMA CGM 3145,Air,3.11,1198,35,Netherlands
17f61b89-a0e4-42e7-9239-cf4b37be4ab3,FedEx 3146,Road,4.51,1540,34,South Korea
8d1ca803-de52-4c0e-8cbc-e4d686f987d0,Allcargo Express 3147,Sea,3.55,1005,12,Netherlands
dbdfc283-878a-4aee-980f-64db3911f434,Allcargo Express 3148,Sea,3.68,218,21,Netherlands
a092f504-a40c-4b16-93bc-14c55623bc9f,DB Schenker 3149,Road,3.37,626,16,United States
41dc56e9-6040-4ccb-b5ec-4a1a44461a45,Allcargo Express 3150,Road,4.63,2031,18,Germany
27566b80-b651-4e21-8732-f36547f1ffb0,Maersk 3151,Sea,3.16,2042,31,Singapore
456aa94d-9f3a-487e-99ed-a675d1db0160,CMA CGM 3152,Rail,4.02,1451,29,China
583863a5-1e40-4ba1-b017-0670b4c917d2,Hapag-Lloyd 3153,Road,4.8,193,38,Singapore
5cb27d71-ab0f-4e6d-a7a6-997b5c1b8bc0,MSC 3154,Air,4.8,2181,3,Netherlands
123c6c19-1d43-4fc3-97fe-f1e87939db0d,Blue Dart 3155,Road,4.16,1101,29,Netherlands
725deea8-6372-420c-bd26-f239b4304e9d,CMA CGM 3156,Road,3.34,2411,3,United Kingdom
3f64b515-ece9-42d0-b13d-293b719362f9,DP World Logistics 3157,Rail,4.6,566,13,United Kingdom
90b20813-1193-4962-8d5c-33de86b80358,DB Schenker 3158,Sea,4.22,3573,37,Singapore
5331365a-9d0b-431d-9aec-da462f888ba0,Hapag-Lloyd 3159,Road,3.16,2494,35,UAE
541624b6-c292-496b-99f2-f5cce37c3e2e,CMA CGM 3160,Sea,3.49,313,38,India
45316208-25ee-448f-9061-0db11b102d3c,MSC 3161,Rail,3.12,1115,24,India
82807e1c-dd36-4b8d-af61-ad16e133a3eb,MSC 3162,Road,4.55,3588,38,United Kingdom
427a76e4-57ce-4923-a3d4-b0ec91949142,DHL 3163,Air,3.98,1033,19,United States
a575659f-233c-4faf-a59f-df0b231513dd,Blue Dart 3164,Road,4.79,3253,7,Germany
a23c5686-41a7-4f5b-aae5-b647f5c06d91,Emirates SkyCargo 3165,Road,4.49,2723,26,South Korea
3859339d-56e3-4a0b-b310-c6b943e0a241,Emirates SkyCargo 3166,Road,4.16,3749,21,South Korea
6143ed66-6dd3-4286-bebf-cd0999806be9,Allcargo Express 3167,Sea,3.86,624,15,South Korea
3e5906d9-12b9-4c4e-8005-fbd33eebe85c,DB Schenker 3168,Rail,3.61,3298,4,South Korea
868c8247-4cce-467f-a5f7-cb9df8bbca2d,DP World Logistics 3169,Road,3.68,3698,22,South Korea
bce5c0f0-d887-4a5f-9cc2-ed69663299f7,Blue Dart 3170,Road,4.31,1876,27,Japan
d6d1f6a8-d48d-447d-82c9-7da49ee764f7,Kuehne Nagel 3171,Sea,3.83,3532,36,United Kingdom
c70da8bc-f806-464b-8cc5-5863cad07c5e,Allcargo Express 3172,Road,4.36,2573,5,Singapore
038fec78-4901-4089-bcde-bf31d0cb4c82,FedEx 3173,Rail,3.79,1617,9,India
a1bbbbf8-7ed4-464d-bdfe-f365b26aa120,FedEx 3174,Road,4.76,1595,3,UAE
1827461b-ecd5-456a-bdfd-ccf035bc17e1,Emirates SkyCargo 3175,Sea,4.18,1268,16,China
be564ece-9b49-475e-ba27-44a1088f13a1,MSC 3176,Air,3.65,991,10,Germany
abd67f57-91ca-4317-9a4d-1b0f603126c8,Hapag-Lloyd 3177,Sea,3.6,1717,25,United Kingdom
13277d4a-6aa7-4a97-bb69-788558d0489d,DP World Logistics 3178,Sea,3.13,589,21,Singapore
de353c9d-d1a8-434c-8b97-aee054532af5,Emirates SkyCargo 3179,Sea,3.29,2755,4,Singapore
33ac94e6-f86d-4777-a482-583ce9090c49,Hapag-Lloyd 3180,Sea,3.23,3113,34,UAE
d128eddd-f7e0-4a52-afea-d16f026fb68a,DP World Logistics 3181,Sea,3.7,3207,36,Singapore
58f9a395-3ff7-421f-b5e7-2876c2981984,Emirates SkyCargo 3182,Sea,4.48,964,36,United Kingdom
8ad0a6c7-d674-47cc-9918-dbca5435a31e,Maersk 3183,Road,4.01,3422,37,China
7122ea1b-9a98-46e5-9ba9-d48700e4df1a,Kuehne Nagel 3184,Road,4.3,3269,29,China
0cf9dfd5-6ede-499d-9ebc-2bb42ef10729,Hapag-Lloyd 3185,Sea,3.31,3530,34,Singapore
0bc4359a-9052-4087-880b-8babf86c0d94,Kuehne Nagel 3186,Air,4.79,426,22,Netherlands
e8bafe8b-f935-412a-98aa-9a7e1c453de7,DP World Logistics 3187,Road,4.17,1672,4,India
42f3ef4c-59b9-4252-829b-860987356ace,Allcargo Express 3188,Air,3.74,2910,32,Singapore
e7fadb99-33d8-4787-9027-69942cfa82fd,Blue Dart 3189,Sea,3.18,3317,27,Japan
5f6d5d30-786e-4e5c-86a5-ec0489f86718,Blue Dart 3190,Rail,3.73,113,19,China
baa0cea2-3732-4cbc-a7cb-cbb2040f8838,MSC 3191,Road,4.38,3786,27,United States
c60aab07-6ca6-4628-8819-91e00d157f50,CMA CGM 3192,Road,3.77,3464,29,United Kingdom
61ea7e8a-d072-43fb-9d2d-654f7a2e8aec,MSC 3193,Air,3.85,1245,25,China
ac956652-8297-48d3-ba39-76ca96ff4784,DB Schenker 3194,Road,4.32,579,9,United Kingdom
73afc46f-6713-4ca5-a242-2066943da539,Kuehne Nagel 3195,Sea,3.2,3683,17,China
f7ce4bdb-5112-4d03-8a18-6dea2c118c07,MSC 3196,Road,3.51,194,17,UAE
070ef57e-47de-4bb5-ac7e-daf7729583be,Hapag-Lloyd 3197,Sea,4.6,1192,23,South Korea
6508d1a0-d597-4024-91aa-4f7e96716319,DHL 3198,Sea,3.34,823,7,South Korea
2f2a45dc-97e6-4117-802c-45c313bfdb69,DP World Logistics 3199,Sea,4.58,2451,20,UAE
9725a7cf-d8d9-42e5-8ec4-f09b559f5477,DP World Logistics 3200,Rail,4.28,1563,3,Netherlands
b188e972-fb7d-4e18-8d62-84c972b276bc,Maersk 3201,Road,3.65,3742,22,Japan
ed22a433-28b3-4734-b971-fc6f131e83bd,DHL 3202,Sea,4.22,1302,35,UAE
6249e52d-b8fd-4a8b-9ab0-6ded84ee4a80,Blue Dart 3203,Road,3.31,1847,35,Germany
30279bff-afb3-4ca5-b870-e9373e049c09,FedEx 3204,Sea,3.27,3405,30,Germany
08eccaf5-c4c9-487e-aaa5-9bdb4888cb2e,Allcargo Express 3205,Sea,4.73,70,35,Singapore
1357809c-273f-4bfa-a384-18df68745c92,Kuehne Nagel 3206,Sea,3.27,563,14,China
272f7dfa-a9cb-4dfe-aa6e-80331d3bce74,Emirates SkyCargo 3207,Road,3.28,1865,30,India
b182441d-8484-4a81-b994-ce7724978007,Blue Dart 3208,Road,3.51,3457,32,Germany
e3e56ea5-fe23-4011-9eaf-94276afe1451,Maersk 3209,Sea,3.47,2229,33,Singapore
1f03ab9b-31af-40f6-b565-7788e60ac77c,FedEx 3210,Air,3.43,226,13,United States
3ba7fb07-5b1c-4617-b5d6-0677919dc9f8,CMA CGM 3211,Sea,4.15,2210,7,South Korea
7dda13ab-c213-4350-b9f3-6ee6f1acc09b,FedEx 3212,Rail,3.69,4184,30,Germany
373fc9c4-2a61-43e3-ad8b-905897399ba7,Hapag-Lloyd 3213,Road,4.77,2035,16,China
c3d5c383-0bf9-4fc9-b108-3110e926952b,Maersk 3214,Road,4.21,1633,15,South Korea
27c5fa6c-873c-4084-8360-abdf2c38d502,DP World Logistics 3215,Sea,4.37,111,33,South Korea
a9f981a1-a537-4cd4-a2d5-57fb5a36e5db,Kuehne Nagel 3216,Road,4.51,1183,4,Netherlands
c03b84d1-7ef1-4a8e-b8a6-ab6bbb3d160e,Emirates SkyCargo 3217,Air,4.66,2222,5,UAE
a8d7499b-9356-4934-8f00-addbd0fdb122,DHL 3218,Sea,3.5,1995,11,India
061cf557-ace0-4cbb-897f-cf1168d07531,FedEx 3219,Rail,4.69,728,37,UAE
2d03254d-4cac-487c-940c-566796c11c24,DP World Logistics 3220,Air,3.65,1605,30,Netherlands
6e97835a-9096-4dc1-9891-38a49633182b,DHL 3221,Air,4.8,1470,8,Japan
b9cf32fe-d152-485a-ba1c-13123d3e5222,FedEx 3222,Sea,4.61,3679,7,Netherlands
5b0af665-537f-42ed-b129-4979d99bf86a,DP World Logistics 3223,Sea,3.31,3042,35,Singapore
e872219b-0ae3-493b-adec-83b5e5d61bf8,Emirates SkyCargo 3224,Sea,3.68,1747,15,United States
b636b5a9-9891-49d2-ac69-71468fcd8207,Emirates SkyCargo 3225,Road,4.08,3067,37,United Kingdom
52932ef9-33aa-4c63-b474-6773a0a9ccca,DHL 3226,Sea,4.29,3370,31,United Kingdom
43047883-e5f7-46d9-9e08-789f96c11cfc,MSC 3227,Sea,4.68,1599,8,China
960fdabd-5e03-41a9-9364-917bfdc51efe,Hapag-Lloyd 3228,Sea,3.39,203,21,United Kingdom
63a9d723-b508-408b-bebf-798c8f625a83,DHL 3229,Air,4.68,3235,9,Germany
366480da-84f3-4bc0-b800-2234d3638b74,FedEx 3230,Rail,4.68,2679,32,South Korea
b3987ae1-e8a9-4715-8d51-6b299be343ee,DP World Logistics 3231,Road,3.88,4195,37,Netherlands
b7bdc4d1-c363-4d0e-92d7-bf5b4ffe1bb9,Allcargo Express 3232,Road,4.82,3161,38,Netherlands
0d09fcf9-44c6-488c-8519-245785f76351,Emirates SkyCargo 3233,Sea,3.94,2546,29,China
5f80462f-e54b-49c2-b5b6-d2be6ae271b4,Hapag-Lloyd 3234,Road,4.32,1226,9,UAE
8e25ea8b-3660-4412-98a5-8a2039240ced,Blue Dart 3235,Road,3.25,2443,24,United Kingdom
bf76d04d-91a6-4ad9-aa77-ab2b244483b6,DP World Logistics 3236,Air,3.91,1836,37,South Korea
31880444-ffb8-4d50-abf6-d7da86727961,FedEx 3237,Road,3.39,3758,4,Netherlands
0047071e-c1cd-412f-90e1-3ced9dbfaa01,Allcargo Express 3238,Sea,4.53,3102,30,Germany
f1b826ec-2dc4-4cf4-8f82-cd72900e6a38,Emirates SkyCargo 3239,Sea,3.28,2087,25,Netherlands
326d6ef7-392d-4402-99ad-4368dbc16ee3,DP World Logistics 3240,Air,3.35,211,21,UAE
9d6f0a15-a794-42e2-a2d1-70de596d688c,DHL 3241,Sea,4.46,3612,20,Germany
773855bc-c3a7-47e4-b9d4-c071e7a53553,Kuehne Nagel 3242,Road,4.0,1253,17,Japan
aa13f83d-aff1-417d-a816-24f47a2a1bfc,Allcargo Express 3243,Sea,3.85,2580,5,South Korea
e84dfd5b-c83d-416f-9a98-a1ba5eaf03bb,FedEx 3244,Sea,3.2,3296,36,Netherlands
5bb6f033-58b7-4248-afbe-667e3b18b4da,Kuehne Nagel 3245,Air,3.32,237,21,United Kingdom
ded025f0-762e-400f-9dff-618ef6aa0411,Kuehne Nagel 3246,Road,4.09,3840,26,Germany
73091983-dfd6-4d5d-a4d9-f578717e8d8a,Hapag-Lloyd 3247,Sea,3.83,2743,4,United States
9544f2f8-1da3-4ba1-a0e7-a1624e590423,FedEx 3248,Air,3.82,1415,15,Netherlands
9c5b23d7-2442-4971-8991-c5894f9334ce,FedEx 3249,Sea,3.15,2163,33,Japan
117b068d-92f7-41f3-ab58-4a4517b8d294,Hapag-Lloyd 3250,Sea,3.14,285,17,UAE
fd873d1f-2a57-4c4f-b567-8ff5ffd0a6e4,Emirates SkyCargo 3251,Road,4.42,3033,21,India
08bdc641-2180-456d-9434-41f21b18ba91,Maersk 3252,Sea,4.41,1677,36,Netherlands
0e8ba79b-e73a-43df-b056-587980a942ac,Hapag-Lloyd 3253,Rail,4.02,1626,19,Germany
189f6ae1-c5de-4475-b7c9-171bd925b1b6,CMA CGM 3254,Road,3.21,1612,19,South Korea
49aa10c8-2d47-49cd-a621-ff3a2c049866,Allcargo Express 3255,Road,4.57,818,5,United States
2ca96851-0623-4b7e-b32e-3f5116096c4c,Blue Dart 3256,Sea,3.35,3531,32,United States
9d6fe1aa-43bd-4394-ab3f-9aa656cbe1f3,Hapag-Lloyd 3257,Sea,3.61,3779,35,UAE
c39eb101-fc2f-4f0b-abd2-9eaaad9e9790,Hapag-Lloyd 3258,Road,4.57,2234,9,United States
b948c65e-3083-428d-925b-443af8153945,DB Schenker 3259,Sea,3.18,131,5,Germany
36099f20-09dc-47ef-a6eb-a992a8544c53,FedEx 3260,Sea,3.29,360,30,United Kingdom
a2c60655-56ab-495d-a289-62a75f3486fb,MSC 3261,Sea,3.19,2389,21,Singapore
9fff4ee6-163d-49ef-bff8-c8afe93d018c,Maersk 3262,Air,4.21,1387,36,Japan
472c1922-687f-49e2-8c4b-31397702c8bf,Maersk 3263,Air,4.05,1895,37,Germany
4346dcf1-6314-4e40-ad60-573f59186d27,Emirates SkyCargo 3264,Sea,3.85,1179,5,China
c53599ad-3563-43c3-b9c2-79378147aa2c,MSC 3265,Road,3.15,3513,11,South Korea
241ea6bd-729b-4e30-babf-2319486097c7,FedEx 3266,Air,3.93,1879,5,South Korea
dea96d01-eee1-4d5e-9bba-72ba71867366,DB Schenker 3267,Sea,4.24,943,14,Germany
675659bd-ca5a-41b4-bb2b-40810e06e997,FedEx 3268,Sea,3.14,2501,21,Japan
44a0694e-28a6-4f13-8c7f-2d542e04af00,Allcargo Express 3269,Sea,3.29,1696,29,United Kingdom
0b52a969-3bac-4912-9dd6-e195aba1ad54,Hapag-Lloyd 3270,Air,3.37,1013,24,UAE
ad41e241-ab39-495d-bb5f-ea7de50128ef,MSC 3271,Road,4.54,2639,17,United States
7b6060c5-9792-4f9f-993f-f2e658183a53,Hapag-Lloyd 3272,Sea,3.18,3970,28,Germany
96bf990a-7b52-4df6-8576-7f7db7960d1d,DB Schenker 3273,Sea,4.6,2875,23,United Kingdom
5f302f57-8f15-4c46-a72d-9a01699ffdff,DHL 3274,Rail,3.5,2847,37,United States
ce2bf79c-cb7f-4946-825f-ee8f15bff956,CMA CGM 3275,Road,4.44,3447,31,China
b37435ff-7314-47de-9f29-7c2919382da6,DHL 3276,Sea,4.51,4178,32,Japan
6ec55ff9-de6b-4828-8df0-d218ad16e0e3,DP World Logistics 3277,Road,3.94,675,12,United Kingdom
3b72163a-9bda-47e5-ba64-1c779b7ba4b4,Kuehne Nagel 3278,Road,4.47,807,25,Germany
3bc87084-df42-48cb-860f-5465e160be1a,FedEx 3279,Air,3.98,769,36,Japan
c0cdbd51-0c4c-4630-9d87-0823f7801989,Emirates SkyCargo 3280,Road,3.6,699,33,United Kingdom
6cb32015-6d7d-4a7b-ba9b-68265a6ff7f1,FedEx 3281,Air,4.55,477,14,Japan
a2ef095e-49b0-429b-9b5b-ff433333267d,CMA CGM 3282,Sea,3.59,3245,3,Japan
02c17658-bd76-4d58-bc3c-5b5a59ed9084,FedEx 3283,Sea,3.61,262,22,South Korea
c568bdf2-00df-49f1-8102-bbdff52472b3,Blue Dart 3284,Road,3.23,3968,37,United States
42d26635-5440-4631-9e14-cd6353fc59f7,FedEx 3285,Road,3.72,3283,29,Germany
d1df8410-bed1-4790-9cf9-4c5a96a8c671,MSC 3286,Air,3.73,121,18,UAE
19b29f11-74a6-47b3-bd1e-a7704684bfd6,Allcargo Express 3287,Sea,3.71,742,13,United States
dcc3e3bc-b36d-4d30-856a-e3691c93d612,MSC 3288,Road,4.14,273,10,Germany
bb61dbd1-5e31-404c-9d1c-39182e359928,DB Schenker 3289,Air,3.97,2988,30,India
2070845c-7fcb-424b-bcc8-927899dd19b2,Emirates SkyCargo 3290,Air,4.51,3714,8,China
1cc54b10-c74a-4eb8-828c-b6677589e038,FedEx 3291,Air,3.82,4013,30,China
289c851a-fbdf-4e9e-b0b3-efb22b35685e,FedEx 3292,Sea,3.64,3273,31,Germany
fcafde21-103c-40ac-8c10-e4784213cead,Hapag-Lloyd 3293,Road,4.37,3390,18,UAE
85837fd0-9238-480b-8bf2-b73272c212c0,MSC 3294,Air,3.42,3914,12,United States
ea6317bb-41f3-4a01-9c6f-e34ecf5df45b,FedEx 3295,Sea,4.16,2437,17,United Kingdom
862ad7a0-5fe2-4896-bbe9-a336e55a1934,DB Schenker 3296,Sea,4.13,2588,29,Singapore
4b6b3671-1835-4f3a-ad88-97d787338842,Allcargo Express 3297,Sea,4.67,2123,37,Singapore
606459af-65ee-413c-890c-6aa3599e38d2,Kuehne Nagel 3298,Sea,3.68,3809,6,India
b2e1c47a-2962-4005-936e-d66612f29ad7,Emirates SkyCargo 3299,Sea,4.47,2262,8,UAE
305c725a-4350-4091-aa3b-b79d4e5bf82a,DHL 3300,Sea,4.13,4079,3,United Kingdom
5b2efb51-54ae-4c41-9c1c-c5b80c512c75,CMA CGM 3301,Air,4.42,299,7,Netherlands
114d83f9-064d-44a8-afbb-10d21c197c51,DHL 3302,Rail,3.21,2864,35,India
368d7b2e-f7de-4f21-8e8e-9b13a73f8ebe,DB Schenker 3303,Rail,4.27,2306,24,UAE
449dfc62-dd64-48d2-8951-e3f3723dcfe8,DB Schenker 3304,Road,3.3,128,36,United Kingdom
730311ff-11f8-4443-b85a-af66159a204a,Allcargo Express 3305,Road,4.48,1341,28,Singapore
f3aa197d-2b4a-43ce-963e-fe592212f094,Kuehne Nagel 3306,Sea,4.44,1714,12,United States
c65e1d81-d298-40a3-8955-a9c55b9d4b09,Blue Dart 3307,Sea,4.39,3598,9,South Korea
197aa68c-cac4-4d70-8df5-bf901ef69724,Blue Dart 3308,Sea,3.55,4129,26,United Kingdom
d0297177-0ff5-4982-ba22-f3a50cae64ca,Kuehne Nagel 3309,Sea,3.92,1256,35,Netherlands
f0a4164e-5122-484d-a6e4-d5ed7b3479f6,DP World Logistics 3310,Air,4.46,899,33,China
4729e247-1519-48ec-85c5-44fdea7c3aca,Blue Dart 3311,Rail,4.35,1585,37,United Kingdom
17112c08-0ed6-4972-b91b-34128e4ba44b,Kuehne Nagel 3312,Sea,3.16,3249,36,India
21ac5c48-c377-4d82-ba6b-2d4deba6fd07,Hapag-Lloyd 3313,Air,4.56,3134,14,South Korea
30107f9f-04d9-40d0-9e30-2e59d272f600,DP World Logistics 3314,Road,4.31,152,26,United States
2ed84370-3b3c-4120-b240-329a2415de64,Allcargo Express 3315,Sea,4.56,3805,21,China
53a97c97-709a-4064-8f0b-b9a884486bbb,Blue Dart 3316,Rail,4.03,2985,8,South Korea
f43f83bd-0cc0-4aba-833c-58d05210e958,Hapag-Lloyd 3317,Rail,4.51,440,16,United States
345739d1-d66b-49bf-9b55-0fcf27dd9400,Emirates SkyCargo 3318,Road,3.97,3008,27,Netherlands
86091c5b-c61a-484d-8cc7-2373d3f0f8dc,Allcargo Express 3319,Air,4.84,2896,37,UAE
7d0afb98-6df2-4a08-8425-0b6072b0ce7a,MSC 3320,Sea,4.88,1192,38,UAE
a259ef15-c135-4ffb-bf13-f67387d9302d,DB Schenker 3321,Air,4.56,1338,17,India
d9f4a39e-7106-486a-871e-abc489dcea7c,FedEx 3322,Sea,3.17,1747,6,Germany
ec531f4f-e49e-4162-8b75-129f53078fb3,MSC 3323,Sea,4.38,4169,28,UAE
d5e07725-cd84-45f1-9abe-97106011286d,Kuehne Nagel 3324,Road,4.48,1767,31,Germany
884d0ef3-f838-4eb7-8131-f866f73dc436,Allcargo Express 3325,Sea,4.87,3840,5,Japan
d7505480-0ef1-441e-a7a4-61d8be61cef9,Emirates SkyCargo 3326,Air,4.38,1233,35,UAE
a44aee24-d436-488a-982e-685c89a7635f,Kuehne Nagel 3327,Air,4.51,1892,13,United States
108080a8-1067-416c-b9f1-11c50896e17b,Kuehne Nagel 3328,Road,3.9,820,8,China
1e76fef2-b61f-42ad-937e-1c44945e9e32,Emirates SkyCargo 3329,Sea,4.43,146,31,China
f2a604dd-21c9-448d-9920-8f0897f9f999,Hapag-Lloyd 3330,Sea,3.49,2515,24,China
0d6bc3a6-2ef8-465c-87d1-2bb7875eefbb,DP World Logistics 3331,Road,3.82,206,12,India
9bdb862c-645b-4d74-b9ba-e7eb5977f7e1,Blue Dart 3332,Sea,4.84,2457,38,South Korea
ebaff18d-757f-4982-bae6-d8f5ea3e0c75,DHL 3333,Rail,3.19,758,20,Netherlands
7898a848-91d1-4a8a-9bd7-af2f30ead90d,DP World Logistics 3334,Sea,4.45,500,27,Singapore
f1b359e8-38ae-4306-843f-a71861300dbb,CMA CGM 3335,Sea,4.22,3515,3,India
2be88369-dd33-407f-b7a5-8472e6d8b6a5,DHL 3336,Rail,3.44,80,35,UAE
2acc3cf8-69fd-45e2-b169-d5d679bd7262,Kuehne Nagel 3337,Sea,3.49,509,4,China
8d28e4c1-4a2b-4f46-b716-dae4f4a2e934,FedEx 3338,Sea,4.76,2884,3,China
ecfc09ac-5a87-4ee9-8331-fc073ecc9aa0,Allcargo Express 3339,Sea,4.56,4055,30,United Kingdom
38853294-6e27-4fe7-be3d-ee9c240ac594,Emirates SkyCargo 3340,Sea,3.5,1612,4,Japan
29bf3445-f15c-4de1-9d89-7875ea1f1297,CMA CGM 3341,Road,4.34,1591,20,Singapore
265e6501-31da-4307-b605-a554dabe192f,DB Schenker 3342,Sea,4.1,1286,33,Germany
3aa429d6-dfe5-4891-b492-b32ae0d2e036,DP World Logistics 3343,Road,4.49,3252,19,UAE
39856631-a4fd-4702-9953-ce0ee0c61861,DP World Logistics 3344,Road,3.82,1112,10,United Kingdom
7a87786d-0062-4755-bd4e-370690d9520b,CMA CGM 3345,Road,3.65,1334,27,Japan
d86498ef-999b-4006-8605-869a667fa3ba,Kuehne Nagel 3346,Sea,4.38,953,20,Japan
2bf6929f-0821-45f0-a4c3-3908eacb37f9,CMA CGM 3347,Sea,4.0,3267,25,Japan
25f38c91-784f-497c-a8c8-3f13ed81853e,FedEx 3348,Air,3.31,3534,5,South Korea
ebd5d4e8-f873-456a-9c4a-bfd87e45fc5c,Kuehne Nagel 3349,Road,4.7,143,10,India
f90664e6-8032-4157-ad84-e4b8a3a62f79,Blue Dart 3350,Sea,4.25,4099,29,Singapore
9d6979d7-0bbe-46a4-8c3e-098e31ff3cf9,Kuehne Nagel 3351,Sea,3.5,1507,27,Germany
3367e241-326c-4ad4-91a0-1004ff8b8cc0,DP World Logistics 3352,Rail,3.21,217,14,Japan
3d957c06-a48f-4c1f-8214-ad776659325d,DHL 3353,Air,3.25,2828,9,Germany
7582ecc5-e5cd-479e-930e-2f248f206c07,Hapag-Lloyd 3354,Sea,3.68,60,13,Netherlands
f8edc75f-173c-49c6-aab7-e6fa03b24bd5,DHL 3355,Air,4.15,369,8,China
e84ace47-4d95-480f-9963-5c1c5adceff1,Blue Dart 3356,Air,4.23,1603,29,Germany
5c1c735a-a63c-480c-878a-cfd492d38717,Kuehne Nagel 3357,Sea,4.28,3781,19,India
6e4ee3c6-365e-4761-9e0f-afbf82749f39,Hapag-Lloyd 3358,Air,3.24,3631,30,United Kingdom
6e1a2b49-880e-4310-b639-d7114c70929f,DHL 3359,Sea,3.3,1173,30,United Kingdom
7bc73c90-2436-4750-871e-5e93219558f4,MSC 3360,Road,4.58,1819,32,Netherlands
e9d65ec4-f436-4e90-ac91-4babd7b06576,FedEx 3361,Road,3.35,2531,28,UAE
3c870919-4a26-4597-9dd0-7096b688bcdf,DB Schenker 3362,Road,4.8,1646,9,Japan
af17f5d3-1a78-4fca-8580-3cdd2af79004,Blue Dart 3363,Road,3.87,1502,11,United States
c20981b0-6b08-459d-b12b-a093e2975098,FedEx 3364,Sea,4.01,448,17,United Kingdom
fa95af91-c6b3-410b-a58e-d50540a635f6,FedEx 3365,Road,3.31,2840,3,South Korea
1cf05b03-4193-4a47-9402-8bebf4ccb0b2,Hapag-Lloyd 3366,Road,4.16,958,37,United States
09d999de-3589-4567-aba8-945b0665c1ff,Maersk 3367,Road,3.47,430,8,South Korea
3658f174-96c1-4ed3-a958-eddb5fa413d2,Kuehne Nagel 3368,Rail,3.23,2512,21,China
b4d3ebf6-08bb-450a-8251-df1ec7c29414,MSC 3369,Sea,4.72,1292,21,Singapore
7cbba734-7822-4464-82b7-2910aa55b4c3,Hapag-Lloyd 3370,Rail,4.08,3326,29,UAE
4134ae4f-8fbf-4df2-9800-1ed30d6d75da,DHL 3371,Sea,4.77,2558,22,Netherlands
8ed648e9-8aa3-415a-b966-04f9df088cd3,Emirates SkyCargo 3372,Road,4.22,1655,19,China
3619006f-5e0d-4328-be38-35614f57e8c4,MSC 3373,Sea,4.68,3820,33,Netherlands
18622768-8cdb-4f4d-94d3-a0be1d3a9197,DHL 3374,Sea,4.71,4097,29,Singapore
b7af8bf4-2ca2-444f-8462-aa05a4acea6b,Kuehne Nagel 3375,Road,4.8,2181,7,Germany
6d0ed308-96ab-478b-b21d-5572c52662ad,Blue Dart 3376,Road,4.69,1030,3,Singapore
d1289555-1ff7-4ac2-bf69-89f3a243c498,Maersk 3377,Road,4.27,172,16,United States
1bd7ed71-a1e4-464d-818c-5f922dd285c4,Hapag-Lloyd 3378,Air,3.53,3312,25,Netherlands
fd2272f0-676f-4c31-8457-de6a6c91dc3d,Hapag-Lloyd 3379,Road,3.4,1285,17,Japan
1209dd6c-19cf-4805-ad19-11ea87d05ca8,Maersk 3380,Air,4.24,3314,18,Japan
14d95056-e5c4-47dd-8574-dd1bbcbfe48b,FedEx 3381,Rail,4.37,3141,34,India
a3413e35-c602-412a-ae39-b8b7e37447b6,Blue Dart 3382,Road,4.75,2935,21,United States
75c1cbca-8877-4a6b-ab34-49914beb8842,MSC 3383,Rail,3.5,3611,12,Germany
7e2bcbed-6876-4746-a026-b97e62ece62f,Maersk 3384,Road,3.84,3405,32,India
304fb815-eb5d-4ac0-bacc-a126ddf11672,Allcargo Express 3385,Sea,3.22,1640,20,UAE
1f5e9ced-dd70-4b15-8185-f87c0d1ffa9a,DHL 3386,Sea,4.56,81,31,South Korea
fbed7bae-90c4-42b8-ac09-c4619caa8ad3,Kuehne Nagel 3387,Sea,4.27,2762,18,Singapore
07e67390-d01a-4f35-92aa-8982bad3fd8e,Hapag-Lloyd 3388,Sea,4.39,3419,36,Singapore
9a7cb7a8-00a8-44fb-90f6-6488dee71af5,FedEx 3389,Rail,4.32,2778,27,Germany
53dd1a05-90a1-4b45-87f4-7e2e53a865a7,Blue Dart 3390,Air,4.34,3604,4,South Korea
17422514-522f-4b85-8997-e29b7434eda2,DB Schenker 3391,Air,4.83,1181,36,Germany
d6a65566-454a-48eb-9292-77403e2f8b9f,Blue Dart 3392,Sea,3.66,1294,22,Germany
720830c4-8b13-41d2-b63c-450eb88784c9,Emirates SkyCargo 3393,Road,4.13,2433,4,South Korea
75ada97b-a858-4b72-8299-2073f443fa23,Hapag-Lloyd 3394,Road,4.67,720,12,South Korea
b4443d50-c859-4f33-9752-699ff76ad0dd,Emirates SkyCargo 3395,Sea,3.96,542,37,UAE
9814f48d-93c8-45e3-8b44-5a192d101bb1,DP World Logistics 3396,Sea,3.45,1902,22,Netherlands
0d548d43-9ea9-4e33-8a27-a29a1edd1730,Blue Dart 3397,Road,3.36,1020,13,South Korea
8eb457e3-6e9a-4c79-80f2-94c68acddcd3,DP World Logistics 3398,Sea,3.23,4019,16,India
b5b17f15-94a1-4dad-99d2-b9d14c6e5180,CMA CGM 3399,Rail,4.22,2370,23,South Korea
42c65e70-f9dc-40f4-8573-3f11f2ab1b9d,CMA CGM 3400,Sea,4.15,3267,8,Singapore
d3432358-fae2-4c79-94c8-69201653ecc3,MSC 3401,Sea,3.79,3324,5,South Korea
02fc2317-73db-4034-bf47-469320717f95,DP World Logistics 3402,Road,4.18,4065,21,China
ca82a05c-5ff4-47ed-a1e4-5df873388fa0,DHL 3403,Road,4.32,1983,25,India
6b95bfbd-cca8-41b5-b1d9-c4d22257b597,MSC 3404,Air,3.98,3162,15,United Kingdom
987bc5a6-4e56-4191-9615-372c729c6ffc,CMA CGM 3405,Sea,3.31,2691,32,China
33d51e56-9c31-4ebe-847b-ab29d3c32b02,DHL 3406,Sea,3.22,2535,27,Netherlands
be12cf48-8f6b-473c-9d54-fa25e5091205,Allcargo Express 3407,Rail,4.33,2372,13,United States
32db25bf-2427-452c-ae55-92ca9db3f97a,DHL 3408,Sea,4.36,2480,21,Japan
49f2852c-41c2-449e-ae16-6c27ec46b8b8,DB Schenker 3409,Rail,4.49,4134,17,Singapore
4e8d90f9-942a-42b0-86e0-623c24b1a31b,DP World Logistics 3410,Sea,3.57,1332,21,China
9f7a790e-68bc-44fe-bf61-dab72c63bf63,Blue Dart 3411,Sea,4.29,932,5,Germany
e61e80a7-d49b-4bc2-9e37-2e5e451a0ead,Maersk 3412,Sea,3.65,124,5,Netherlands
1ff9f534-6154-4b70-9479-74570b12ee6e,Blue Dart 3413,Sea,3.17,2439,18,India
2f8efb6a-4989-4142-8079-28e5a5968422,FedEx 3414,Air,4.33,1973,20,Germany
24105614-fc0b-481d-9754-bb62a992efd3,Emirates SkyCargo 3415,Road,3.15,1768,35,Netherlands
a5bc5199-e1c4-4caf-9658-9a3fbd69a95e,Blue Dart 3416,Sea,3.56,2300,18,Singapore
40e3f62f-a0d4-42df-81fc-ef277efb3a9b,Blue Dart 3417,Road,4.59,3597,24,Germany
c515e1b4-1553-4533-8318-6f83aed2a292,Blue Dart 3418,Sea,4.27,983,10,China
1afeeaa5-d95e-47ef-8160-2807b41ff5f1,CMA CGM 3419,Road,4.66,1457,20,South Korea
1a1f75cf-c627-47c6-9f83-bd655f47c217,Maersk 3420,Air,3.45,602,34,Netherlands
1fc0cef2-7519-4797-a495-e831384c6b5d,Blue Dart 3421,Sea,4.12,1607,35,China
b1cf86e1-69c7-4161-91e3-3616afc7c12e,MSC 3422,Sea,3.93,2246,38,UAE
ba1cf8db-059e-4ddd-a4b9-96f1d3803b4e,MSC 3423,Sea,4.54,983,31,Netherlands
bcd7ab12-1bc4-4c03-afb2-2328f50b36c5,DP World Logistics 3424,Sea,3.27,3480,11,China
b251debb-b0ae-4f31-a306-2c87fd88dda0,FedEx 3425,Sea,4.09,3446,33,South Korea
2cc70385-9067-4d63-a380-b6e57326835d,CMA CGM 3426,Sea,3.16,2940,23,Netherlands
8b14a930-123e-4865-b5bb-a59a91d7d7e6,MSC 3427,Road,4.5,1970,33,India
3d17f151-08a8-4f18-ba74-ef37f877535e,Hapag-Lloyd 3428,Sea,4.7,1341,7,Japan
492fc1a5-0ee3-4002-b2f1-ea31175aa6e0,DP World Logistics 3429,Sea,3.97,4119,35,United States
454bbab4-63bf-4c07-9ca6-a0a6e74fdfe0,Allcargo Express 3430,Sea,3.77,1913,38,United Kingdom
61b8052f-4826-4905-83d6-723dea88175b,Blue Dart 3431,Air,4.5,401,4,Japan
28213214-11e3-4f30-8e49-ff6da300a117,Emirates SkyCargo 3432,Sea,3.48,591,27,Japan
54e2781b-2837-4edf-9538-d660441f86a6,DB Schenker 3433,Air,3.15,3881,12,South Korea
4d4dcf2a-c2c5-44d3-b9d8-75203550010f,DHL 3434,Road,4.35,792,38,Singapore
4cbedb30-dc0d-4f4c-8587-f71e1a490f75,DHL 3435,Road,4.21,964,27,United Kingdom
9ba42d7c-8586-463d-9a6d-b3058ab22909,DB Schenker 3436,Rail,3.16,2934,37,Germany
6f7b72c6-ca3d-48c9-967d-5debc5c74f14,Allcargo Express 3437,Sea,3.27,1485,19,India
e0cbfc84-5024-4daf-bbb1-638077cb08ba,Blue Dart 3438,Air,3.18,1823,4,Japan
92debfcd-3af8-44e3-992e-b4c57e2ca7ce,Emirates SkyCargo 3439,Sea,3.36,1678,34,Netherlands
6ef8a2e4-e6a7-4ef4-9132-b8d2854eaf97,MSC 3440,Sea,3.88,2802,15,United Kingdom
c491f7e6-5d27-4d84-8412-489b7e9b4ac6,DHL 3441,Sea,4.46,377,26,UAE
7699dafa-67b5-4e08-b95e-6230d608e95e,Kuehne Nagel 3442,Air,4.18,1807,22,Japan
5c09e2eb-8b6e-4bf4-b2b0-0c28e2f99323,Allcargo Express 3443,Sea,4.77,1145,18,India
b6ab9da7-360e-4058-9364-589404af1abc,FedEx 3444,Air,4.33,122,36,South Korea
77a0e5f6-3989-49ab-9617-89244c72599a,Blue Dart 3445,Road,4.7,512,10,China
ec7f12ed-1b84-4aa2-9c97-d80994927769,DP World Logistics 3446,Air,4.85,3838,16,Netherlands
75c551fe-e25a-4189-884a-1d86709acfcd,Blue Dart 3447,Road,4.1,1375,27,UAE
0531e740-eb69-4311-b2b3-4466f65933da,Kuehne Nagel 3448,Road,3.78,925,29,Germany
55cd4f79-2008-41c3-a40b-02430239bb82,DP World Logistics 3449,Rail,4.15,240,16,Singapore
8efcab84-0c5a-4420-8c2d-97f12802abc4,CMA CGM 3450,Sea,4.08,3209,9,India
8af5dd6b-3fbe-4cdc-b0c6-09da7257e326,DB Schenker 3451,Road,3.25,1154,3,India
44cce623-7fc5-42c9-9e6c-5461c38ec606,MSC 3452,Sea,4.89,1385,21,Germany
80210a65-2bbc-472d-9b08-88ca1bb05444,MSC 3453,Sea,4.37,3245,23,United Kingdom
0de94ae3-d5a8-41e4-85e8-1175a1fa6cff,CMA CGM 3454,Road,4.7,2035,14,Germany
af84b254-8e0d-4894-a0e3-8a7b7222ece6,CMA CGM 3455,Sea,3.78,1539,10,South Korea
3098eb9a-e00d-4c06-8037-75b2bfcac809,DHL 3456,Sea,4.67,3111,32,India
dc08b150-d003-4495-9470-60888c9330a1,Allcargo Express 3457,Sea,3.88,2933,7,United Kingdom
b3cc2032-e40a-4232-ae69-d21d3e687dac,Emirates SkyCargo 3458,Rail,3.5,1422,12,Japan
467eef42-7333-4a9a-b573-45027ee09a8e,Blue Dart 3459,Sea,3.51,862,27,United States
bc3f1ffd-a927-4196-91e4-235927ec7cf8,Maersk 3460,Road,3.41,2200,12,United States
09978808-7975-41fb-bdd2-eb5568317924,DB Schenker 3461,Road,4.18,2044,20,United States
4fe30900-919c-4cb8-85f7-651318d9d310,Kuehne Nagel 3462,Road,4.5,2827,25,South Korea
e3fcac6a-adc5-4be5-8e85-b94683a03495,CMA CGM 3463,Air,3.44,3561,38,South Korea
3a092edd-2ca9-4139-b3e8-de0d72de2122,MSC 3464,Sea,4.62,2372,18,Singapore
cd11708b-047f-4e47-b23b-a93f81772e0c,Kuehne Nagel 3465,Air,4.18,839,37,United Kingdom
1e3dd919-6810-4e92-b752-d9e8a2272e91,Allcargo Express 3466,Sea,4.34,1042,29,United States
64301abd-6b5b-47bb-be9e-f58ef3396597,Maersk 3467,Air,3.82,2410,22,Netherlands
a3d364bb-3c95-4013-b14d-619b9c105710,Kuehne Nagel 3468,Sea,4.04,67,8,United States
e077de9f-da3e-4414-8b92-a0fe86422f3d,DB Schenker 3469,Rail,4.18,3066,38,Germany
c9ebc82a-b04a-422c-9d35-c47f672713ad,Emirates SkyCargo 3470,Rail,4.48,1504,9,UAE
b892bd69-56a0-47ca-b158-295d59bb8f44,Blue Dart 3471,Rail,3.53,1423,18,Japan
4c3238bb-def8-4f23-8f7c-d71cbd61e80e,FedEx 3472,Sea,4.54,400,35,Japan
a708b7b5-65b8-443f-a1ea-7d0c51e1a401,Maersk 3473,Air,4.37,954,31,India
5b725b53-8b54-4cbe-9422-bd6bec871a62,DHL 3474,Sea,4.28,1232,8,Japan
7fe819af-b4cc-482a-8d56-5573ad4facc9,FedEx 3475,Sea,4.75,3084,28,China
e29f5928-d596-470e-bf33-a74bd58538cf,DP World Logistics 3476,Sea,4.21,2752,20,India
47d8f52f-b546-42e7-822b-2431162789ff,DHL 3477,Rail,3.99,1957,10,India
1428f603-8d15-4e2b-b8af-5c1daab0e15b,DP World Logistics 3478,Sea,4.65,2457,16,UAE
e846774b-8b00-4a6c-a59a-8e904f612f9f,MSC 3479,Road,4.53,54,28,United States
065324c0-63f4-4b4f-b02a-a30446d166ec,DHL 3480,Road,4.07,619,4,United Kingdom
e06a4137-783b-4fac-8281-941b09e4ddc0,Allcargo Express 3481,Sea,4.0,1799,8,UAE
af4128a3-1cbe-4c83-b506-1b60c199193b,Kuehne Nagel 3482,Air,4.39,1655,32,South Korea
21a6c17c-8635-483f-b5d0-862fed209765,FedEx 3483,Rail,4.3,3463,28,China
59edcd19-ad6b-4954-8828-d8987f1b6d38,Blue Dart 3484,Road,4.07,3769,37,China
2bea9382-7ace-4644-830c-7175b77e1b9c,Emirates SkyCargo 3485,Rail,4.34,3922,13,India
5f151be6-5a07-45df-80b5-24b334a33cc2,Emirates SkyCargo 3486,Rail,3.52,448,24,Netherlands
7d887571-13e4-4343-b12a-1d51df94aa43,Hapag-Lloyd 3487,Rail,3.9,3351,9,United Kingdom
03f2b8b7-3e6e-46c9-9927-4ddef0810df3,Maersk 3488,Sea,3.34,1264,17,United Kingdom
c97ef7c4-5370-482e-b578-695eabf8ab3c,Blue Dart 3489,Rail,4.56,1356,21,Japan
3d85ca7b-94bc-4037-ad1d-25375776e819,DP World Logistics 3490,Sea,3.67,83,20,UAE
9daa8098-7c1e-4f53-b794-471fe743d469,Hapag-Lloyd 3491,Sea,3.84,1535,14,China
aab4fb28-d853-46ff-b374-82c85984b120,DP World Logistics 3492,Sea,3.69,426,25,United Kingdom
149b9d03-9cc0-43d0-a004-e363a604cac5,CMA CGM 3493,Air,4.06,3675,27,Japan
42becf40-4d8f-48d4-aaa2-1c874d429b28,CMA CGM 3494,Sea,4.42,2438,13,Singapore
66829f2c-e691-4716-97f0-2ec125b2edea,Maersk 3495,Road,4.05,1764,5,UAE
b81c3832-3419-4fe2-8656-86df8238deeb,Kuehne Nagel 3496,Road,3.85,1022,6,India
0f296760-e638-4e05-b69a-5d6c45c72a4c,FedEx 3497,Road,4.87,3659,37,China
2f4cab77-c0a9-4e58-b6aa-a9d222da04a8,MSC 3498,Road,4.88,326,26,Singapore
3a42c33a-c71c-4940-a249-07d92f85df0b,CMA CGM 3499,Road,4.06,368,26,United States
8d1bdfd9-8a00-436c-8d17-ff1a1d12b326,Emirates SkyCargo 3500,Road,4.18,194,37,China
89f413a2-642f-464c-87d7-e789506d7796,CMA CGM 3501,Air,4.11,404,22,Japan
92d1aad2-8e1c-472f-8e74-19f1e66230ff,Maersk 3502,Air,4.39,1735,30,Netherlands
7e0b8a6d-7111-4842-b3be-7abde3e77b86,Allcargo Express 3503,Road,4.67,3195,33,United Kingdom
eb800621-c7df-4952-9c7d-4e822b4e1218,CMA CGM 3504,Sea,3.23,1705,25,Japan
b27fdc8e-7d1f-46bd-b978-b74c29b53d04,Blue Dart 3505,Sea,3.4,1181,3,Germany
c5077183-5532-4fa8-a79c-e1f1387c9900,FedEx 3506,Sea,3.32,2793,13,Netherlands
0de7055f-a119-478c-ad1a-b262a8095503,DP World Logistics 3507,Sea,3.93,956,5,China
5e6b3957-0e46-41ec-869e-4e0d9b553c47,Hapag-Lloyd 3508,Sea,3.18,1025,31,UAE
be557ef5-c029-4301-abb1-8ff0e657f287,Allcargo Express 3509,Sea,4.51,2399,4,India
463a02d9-b974-4ffb-8753-4bc228380c79,MSC 3510,Sea,4.81,1627,21,United Kingdom
69b7438b-f3ff-4348-a192-f4a4dbb498cc,Hapag-Lloyd 3511,Air,4.8,1285,23,Japan
601aab7b-69c8-4eff-abd1-d37e3b629390,Maersk 3512,Sea,3.63,2224,22,Germany
0df7b4b0-cd68-4cae-8745-5607ac70e102,FedEx 3513,Air,4.49,45,7,Singapore
6857f353-a4ac-48de-83d6-0cb9ecdd2798,MSC 3514,Air,3.61,2607,35,Germany
d9b32ac2-cdd9-4a14-ad68-67a00cb6b996,DB Schenker 3515,Road,3.84,189,28,Singapore
a73e44b8-28a2-40f3-b5ed-b8ff1b19b903,DB Schenker 3516,Air,3.9,863,17,Netherlands
c24e94c9-9237-4811-8c8d-552019aa97e4,DHL 3517,Road,4.5,3791,9,China
34a8ec9f-37c4-46c6-9263-58246225dfb5,FedEx 3518,Air,4.27,3693,5,India
a3b0ee49-e47e-4a04-bc19-dff2085439cd,Hapag-Lloyd 3519,Sea,4.81,2260,23,United States
45171331-af92-4daf-b2b1-a13b475e6814,DB Schenker 3520,Road,3.65,1478,24,China
a44d6cba-1cb0-4a2d-ba19-333e05a31c26,Hapag-Lloyd 3521,Sea,4.39,447,3,South Korea
38c50d53-1997-4ec6-b441-3f854473eb13,Maersk 3522,Sea,4.18,1058,7,United Kingdom
43377cdf-b92c-43e6-803c-b22fe113eb54,MSC 3523,Air,4.51,4166,37,United Kingdom
3712b96c-f306-4f88-8106-12ad213e36ee,DB Schenker 3524,Sea,3.75,932,35,UAE
13ab5a02-2fe2-41a2-b7f3-b099f855c09f,DB Schenker 3525,Air,3.7,3219,12,Netherlands
3b45812a-a08b-4fb2-b3a8-988c3f93dc50,DP World Logistics 3526,Road,4.26,1603,26,United Kingdom
8a222705-99be-4e05-b621-0970b5308b15,CMA CGM 3527,Air,4.27,2156,35,Germany
432ff52c-c99e-4455-be1b-4c405ee6304f,Blue Dart 3528,Sea,4.28,2699,16,United States
d8911b69-6bb5-40c0-b26a-8262e0d5fcfb,DB Schenker 3529,Sea,4.01,2316,10,China
7bd5cc5c-1430-4918-b225-4b770d15bd97,DP World Logistics 3530,Rail,4.66,3739,34,Germany
121bc7a4-a2e8-4047-82fd-17598e51be1a,Maersk 3531,Road,3.44,2105,20,China
d5553520-813c-42ae-8e8e-9e7d57c5a5c5,Emirates SkyCargo 3532,Road,4.44,1772,15,UAE
9592a2d7-10dc-4467-b6dd-3fa790d0c9f4,Allcargo Express 3533,Air,4.05,3709,32,South Korea
27205903-d588-4812-9913-484ab5d7a7d1,Kuehne Nagel 3534,Road,4.64,2063,26,Japan
20e63d8c-6ae6-4466-a1e7-6c2de188bc0d,Kuehne Nagel 3535,Sea,4.71,973,22,South Korea
ba98ba78-e508-4d41-b22d-db9273667091,Hapag-Lloyd 3536,Road,3.49,1902,15,South Korea
77f1202c-23a5-4366-b17f-5b14941cce8a,Blue Dart 3537,Sea,4.16,4035,29,Japan
82e821e7-0b30-4b1a-ae4c-beadd4893810,DHL 3538,Air,3.82,552,25,Netherlands
f7020455-3eb4-49db-9fa2-7ef10c8d5a07,Hapag-Lloyd 3539,Sea,4.53,3419,11,South Korea
711d3808-b74e-436b-8e53-da3e71e95836,Blue Dart 3540,Air,4.89,793,11,Singapore
85fea91f-b196-4d99-a874-0570367fa5f5,Blue Dart 3541,Road,3.76,1798,33,UAE
f4c4c3a8-3065-417f-bb44-d5eff173f797,Hapag-Lloyd 3542,Sea,3.11,3199,3,China
4be991d4-5466-4596-bbc6-188f10604df0,Hapag-Lloyd 3543,Air,4.78,3752,28,United Kingdom
20ce7ece-878c-4f86-9f37-081d8bc363e4,Allcargo Express 3544,Sea,3.51,831,16,UAE
3e9556d0-b60b-41e4-930c-f4204e856232,Emirates SkyCargo 3545,Sea,4.4,3725,26,India
b635988b-317e-487c-aad3-e063d1687964,Emirates SkyCargo 3546,Road,4.86,2141,28,United States
dd5dec1e-0713-43b7-ab6e-a5d8627cb8fa,Allcargo Express 3547,Road,3.23,842,28,China
5907e8a0-bb33-4c1e-a2bc-0cea92463ba0,FedEx 3548,Rail,3.52,2182,20,Netherlands
5a7812ae-28b3-45f4-b25e-b5f6fffa9d43,Allcargo Express 3549,Rail,4.15,3449,9,Japan
76e451a9-de46-4a07-82f0-7a6f75ce2a15,Blue Dart 3550,Air,4.7,3648,24,India
7726e5ad-8402-41a3-9d0e-ee55c5b484a0,Kuehne Nagel 3551,Rail,4.2,2694,12,United Kingdom
86efe1d8-ab1f-4f64-8d17-3fe18d57fb04,Maersk 3552,Rail,4.19,969,25,South Korea
b242ccc7-c660-4e18-a8ed-ab86b131bf3c,Blue Dart 3553,Air,4.67,2875,12,United States
455f1a0a-8f97-43b3-af65-ecee408cfeaa,MSC 3554,Road,3.13,2340,35,China
57e6480d-ef9f-4d57-b838-be669bf7cfa4,Hapag-Lloyd 3555,Road,3.48,2032,8,Netherlands
fabfda41-f602-4797-a78b-33319b69fc6d,Hapag-Lloyd 3556,Sea,3.69,1306,12,India
1506287f-0466-46bd-9394-3a29481ea527,FedEx 3557,Road,4.51,4106,15,India
695a2153-b1fb-422c-9fa0-1e0e1c89ff36,Blue Dart 3558,Air,4.26,2741,33,Netherlands
0a46423b-2eed-4b0c-83cb-1cf65b1a2031,FedEx 3559,Air,3.26,1296,14,India
3057a98d-0f56-4515-800f-8fcfaee2e8b1,DB Schenker 3560,Road,3.54,1268,5,India
7b113f29-9eed-45ae-9a49-07405345fd99,DP World Logistics 3561,Sea,3.67,3699,32,Singapore
9ac2918d-527d-4559-927e-2178b2dc843d,CMA CGM 3562,Sea,4.87,1635,35,Singapore
19ed0cb4-abb0-47ff-a2ec-98fa861cb47f,MSC 3563,Road,3.55,1622,27,United States
8d9cfdef-c0a6-4eeb-adb4-d12540004fbf,DHL 3564,Sea,3.79,2800,30,South Korea
f8a04f26-ea20-455e-aec8-6c97237c3719,CMA CGM 3565,Air,3.64,2395,17,United Kingdom
879fe0de-a277-49f7-b644-773f0e79fffc,Maersk 3566,Sea,4.14,3990,22,China
0c973f19-e346-4037-92c4-d0af37dbc1f1,Emirates SkyCargo 3567,Sea,3.61,2836,35,India
b8dba7d9-c72c-43b6-af56-ccb2afa4f5b8,DHL 3568,Sea,4.07,1026,36,Germany
adc90e5f-99dd-4155-ae5d-26819f06d947,Hapag-Lloyd 3569,Rail,3.39,1101,36,United Kingdom
7fe3566a-c662-423a-bd0b-564fac689671,FedEx 3570,Sea,3.51,3124,19,South Korea
fcb7d067-7cbc-4dc6-90f4-8c907d397c7a,DP World Logistics 3571,Sea,4.08,206,21,United States
3b34765a-e9cd-484a-acf1-39bf5ceefeaa,Emirates SkyCargo 3572,Sea,3.14,2939,12,India
d3780358-bfc3-4daa-bcce-ff92d1b5920b,Emirates SkyCargo 3573,Sea,3.48,3434,4,Singapore
1def2e93-beec-459b-a688-84c724e45418,Hapag-Lloyd 3574,Sea,4.76,954,35,Netherlands
92595b7d-70b7-4d2c-b8dd-273c78dd08b7,DHL 3575,Sea,3.77,595,15,United States
09e0ad32-f028-4b65-ba3e-cb2fcde60890,FedEx 3576,Sea,3.59,3761,27,UAE
c0c526b4-c309-40c4-a856-e19e54f4f0c3,Allcargo Express 3577,Sea,4.7,1393,35,Netherlands
e65e3bb4-17ba-4f71-ae67-c7505fcb9f2d,DHL 3578,Sea,4.79,3244,12,Netherlands
25e69baa-11a1-46b0-8c80-b819e6924736,CMA CGM 3579,Sea,3.72,3374,34,Germany
f97f1e2b-f4d0-4625-945e-5aac56f29348,FedEx 3580,Sea,3.95,2207,5,China
b1dd0e4a-5712-4e0f-a33b-6b884b91e035,Hapag-Lloyd 3581,Air,4.28,488,19,Germany
405c2390-a780-48c9-ba96-560c47bab199,Kuehne Nagel 3582,Sea,3.49,2962,12,India
d9ab9756-b2bb-4c33-84b8-041ab6a97125,DP World Logistics 3583,Sea,4.04,3716,21,Netherlands
d3878f9c-c432-4306-8f03-07e4a835c1d7,Hapag-Lloyd 3584,Air,4.29,984,18,Japan
3689b322-0ebf-4b5c-97df-f7e6f1feb9b5,Blue Dart 3585,Road,4.4,336,24,India
02b33066-0fc9-4686-9a29-b8403eb9de79,Allcargo Express 3586,Road,3.35,2498,7,Netherlands
35136a98-4d6d-4792-ae6f-8ef79aebdd13,Blue Dart 3587,Road,3.49,1643,10,Germany
9eb291cf-027e-45e0-8426-852ac3578156,Hapag-Lloyd 3588,Air,3.55,155,36,South Korea
560841f6-b1c2-4a07-9251-b2d2b5955e78,CMA CGM 3589,Sea,3.12,1313,4,India
69cc6a58-d9fa-4502-ae74-06aafd726fb1,MSC 3590,Sea,4.77,1490,14,Germany
4fb0f516-c6c0-499d-a290-73afe39aefc8,DHL 3591,Road,3.73,47,15,South Korea
067385ee-133a-40b1-b540-15975dbbcbba,DHL 3592,Sea,3.49,3827,27,China
0f14e405-3a0e-40c8-a097-2f4412a79ba7,Kuehne Nagel 3593,Air,3.72,2828,26,United Kingdom
9dfd2602-1eb6-4e04-98d7-0a66320d278a,Allcargo Express 3594,Rail,4.22,1284,19,Germany
14f62b74-88bd-459f-8a8f-5f4281c33e49,DHL 3595,Air,4.43,2982,32,Germany
5ebc6e76-0d31-48c1-9546-69718ce1be26,Allcargo Express 3596,Rail,4.03,1555,12,Japan
a1b87516-7ce7-4228-98da-8c9409551f3f,Emirates SkyCargo 3597,Air,3.86,2028,3,United Kingdom
834391b5-98a9-4a92-bbbb-4cce3f297847,DHL 3598,Road,4.42,3279,36,Japan
000b5222-6c3e-4467-b7bc-6efcc9def8d6,Allcargo Express 3599,Road,4.15,29,11,Japan
adf67ffb-1f00-4991-b585-4f3a6d099909,Kuehne Nagel 3600,Rail,4.53,2582,5,India
a331fb1a-2942-4771-a389-97f8b6822973,DHL 3601,Rail,4.0,2289,8,China
fe65dfda-fa2b-46ec-aaa0-a0eaf1bfe50c,Blue Dart 3602,Road,4.49,1201,9,United States
69aed01b-2824-4b8a-ba9d-a27c4b8d2fac,CMA CGM 3603,Sea,3.99,1977,6,India
15fed48a-df26-491a-98bb-c64e7640bf24,Kuehne Nagel 3604,Rail,4.78,2802,12,Germany
73a5084c-7efc-4760-8b21-fcf5ebac6685,Blue Dart 3605,Road,3.14,3865,37,India
33e087a5-a3b5-4822-ab80-e0c08b802ef2,DHL 3606,Air,4.32,1033,34,Japan
2d8bc53e-9579-405b-ba8d-a382287d3fdd,Emirates SkyCargo 3607,Air,3.21,2650,6,India
4aecb32d-715d-47c9-98c7-1775e1e0a9c0,Emirates SkyCargo 3608,Air,3.52,1135,38,United Kingdom
455fe963-221a-491f-88db-2683c48b8ea1,DHL 3609,Sea,4.71,1229,17,Germany
3f7f9446-b16a-4614-a981-ead188cad47f,MSC 3610,Sea,3.75,749,9,India
0db5b8fc-5c9f-4310-90b3-bb88a6e806d9,DB Schenker 3611,Sea,4.21,241,33,Singapore
7a9679fa-bad1-46f1-b619-e41f20f0d9c6,DP World Logistics 3612,Sea,4.36,2362,12,India
d1530c8a-2e5a-4923-8984-9d4984622407,Blue Dart 3613,Sea,4.01,2260,31,United Kingdom
c7b45c79-04f3-46a9-937a-89287b6beb9d,Blue Dart 3614,Sea,4.28,1272,17,India
bec94cae-1fa9-4b60-beca-8ab309f795bc,FedEx 3615,Rail,3.97,2118,4,UAE
98372c49-ac66-4ca7-8289-2d48fe9bbde2,Hapag-Lloyd 3616,Sea,3.19,271,36,Japan
a056d3cd-57c5-41e6-a9bd-997050904a5b,DHL 3617,Sea,4.36,2242,10,UAE
bdc55489-3f72-4bd9-b57b-e931510b8c52,Emirates SkyCargo 3618,Road,3.94,1877,26,United States
aa74ea50-3cfd-4a55-bdd5-6607b2c3ebda,Emirates SkyCargo 3619,Road,3.35,320,6,United States
1985fbde-ee84-4c8e-becf-d705d34569c5,Allcargo Express 3620,Sea,3.58,2281,33,Germany
83dba908-5341-47d8-b3fe-4225bab6d556,DB Schenker 3621,Road,4.04,815,21,Singapore
514c415e-9624-41fe-a618-092ba3906e83,Emirates SkyCargo 3622,Road,4.56,1992,21,China
ad89901b-8818-4f99-b8f5-0d2389784a42,Hapag-Lloyd 3623,Sea,3.78,2472,5,UAE
41efd980-9af2-4801-a54e-e7daf8fcbcd4,Emirates SkyCargo 3624,Sea,3.87,1363,27,UAE
106bd293-a1b7-4fb2-bb45-74101debdeb0,Blue Dart 3625,Road,4.71,2244,29,China
f63332ce-ea11-400d-95d8-0d5d96356f60,FedEx 3626,Sea,4.18,2405,29,South Korea
e7b13271-d6c5-4950-99d7-dfe03dedb0da,DP World Logistics 3627,Air,3.26,342,10,Japan
e8068a3b-85ce-4ab9-9f0a-66788187ae61,DHL 3628,Sea,4.18,2892,37,United Kingdom
9c4d53f5-41ab-4216-96af-ed6abf3f0a3b,CMA CGM 3629,Road,4.45,934,34,UAE
fe522cc6-30f3-4337-8a3e-f7fcd42fc8d7,FedEx 3630,Road,3.52,178,28,South Korea
0f92a21a-3dd2-4f1f-8a89-1380f7987d34,Maersk 3631,Road,3.29,1243,13,Singapore
17e7ff6b-7452-4c6d-a13c-7bc6cf2b93ca,Allcargo Express 3632,Sea,4.56,1620,18,United States
e87e31be-ee84-42e3-a9cd-c29f2d8173b0,MSC 3633,Road,3.38,3254,20,United Kingdom
f30e7170-fa60-4bb7-929a-c037dd6a8179,Maersk 3634,Sea,4.07,1202,30,China
e64cb4c3-9be4-4423-a4fb-d54920200032,MSC 3635,Air,4.37,4034,33,United States
03d67eee-992a-46b6-a10a-55a9bcb9d5da,Blue Dart 3636,Rail,3.52,2932,14,Singapore
a9be17f2-1ad5-4710-8a71-db8fcba8cb9e,CMA CGM 3637,Air,4.59,3197,25,United States
19bf00da-9065-4590-b628-269517fb234d,FedEx 3638,Road,4.76,2873,23,Japan
fe458def-13bb-49e7-ae87-d3fa5691c1b4,Allcargo Express 3639,Sea,4.71,68,35,Germany
1a3ed21a-fbc9-463d-a8cf-7262cd868d6e,MSC 3640,Rail,3.59,2798,14,China
9d8f49fa-d226-45bc-aa46-7d41c7662901,Emirates SkyCargo 3641,Air,4.09,1382,33,United Kingdom
df5d6089-221d-4af8-8d82-84407549c685,DB Schenker 3642,Rail,4.87,4061,16,Japan
ce4924cf-c40a-42bf-be5a-02c83270ca14,Kuehne Nagel 3643,Sea,3.9,2581,13,UAE
ff609900-c5a2-4c3a-bfc9-567200a41a70,CMA CGM 3644,Air,3.61,186,29,China
2db4601c-a62c-4553-b309-a19f13c5d943,Allcargo Express 3645,Road,3.29,100,8,United States
cfc2dba1-2e44-4004-920f-e7468c095691,CMA CGM 3646,Road,3.65,40,34,United States
a1aa1498-8665-46cc-a083-8e70bf623f90,CMA CGM 3647,Sea,4.62,34,31,Singapore
a129b3f5-6e4b-4892-9f86-45d84b5ac691,DHL 3648,Air,4.85,239,3,UAE
c357ef56-9dcc-45d1-98b9-394694110ad0,Allcargo Express 3649,Road,4.89,518,24,Germany
dc2e80fc-4029-41b8-8acb-bdf3baba198c,Kuehne Nagel 3650,Sea,4.0,3783,14,South Korea
19972672-2116-42b2-8977-011aa75d4a3c,Kuehne Nagel 3651,Air,4.08,1285,16,Germany
6a2fc75c-86d7-4fa8-a3c8-257163909b3e,DB Schenker 3652,Sea,4.15,3211,28,India
fe25734f-3fed-41e1-904b-7735ceb1c61c,Maersk 3653,Sea,4.23,3390,7,Germany
a791fddf-b6df-4919-9621-dc61e914503a,Emirates SkyCargo 3654,Road,3.71,2554,26,Germany
813375ac-a667-4c1f-9a8b-c5657280e581,DB Schenker 3655,Road,4.71,3222,29,Japan
747548ed-469e-465e-ab45-e92b3cd38899,DP World Logistics 3656,Sea,3.65,3652,33,Japan
0e661c34-837b-4864-8f8e-1e2a4c1e4312,Maersk 3657,Sea,3.56,3529,4,Netherlands
53d4add9-535b-400f-bc18-5327d034a5db,MSC 3658,Road,4.35,2429,29,China
caa0f9cc-5d4f-45cf-83bb-2955419e2612,FedEx 3659,Sea,3.23,3010,34,Singapore
950141d0-dc5f-48b5-9283-b42a9d3946d8,MSC 3660,Sea,3.15,2758,14,United States
de822365-6e90-46ac-bb53-095584ec05fa,DP World Logistics 3661,Sea,3.98,2580,26,South Korea
7754cb37-3467-45b5-a902-1ac28209da0c,FedEx 3662,Air,4.68,3628,32,Japan
5fd0f5d5-ec33-4a6c-9b18-04cc82550ade,DP World Logistics 3663,Air,3.25,1430,25,Germany
4580bdf0-d249-4177-b7dc-da96eaf064b5,DP World Logistics 3664,Rail,4.23,1922,28,United States
43d25742-a980-447b-86e3-98f49d616c47,Allcargo Express 3665,Sea,3.66,1349,28,United States
617681ae-3744-484f-890f-e5d5b25af0ff,DHL 3666,Road,3.4,1282,12,Singapore
6b0095e5-4930-4669-acd4-6e41f2307703,MSC 3667,Road,3.34,525,32,Netherlands
587b8f10-6fee-4ccf-bb00-9dde693f580e,DB Schenker 3668,Air,4.13,3375,15,United States
af2e450a-112d-44c0-b2a6-74f916d3921e,DHL 3669,Sea,3.83,1942,34,South Korea
90687b53-f135-4892-a323-6c1af63b32d8,MSC 3670,Air,3.71,3519,21,Singapore
ca57eedf-684a-4f96-b615-1143f8389298,Emirates SkyCargo 3671,Rail,3.52,3255,22,Japan
bdd4de0b-32c7-42e7-b68c-51354163f1c0,MSC 3672,Sea,4.48,2117,26,Japan
ea6d7bf2-9a7e-4f6b-bb9f-1a2835fa3ed2,Blue Dart 3673,Air,3.78,484,28,Japan
999ef316-02ca-40da-95a4-edcd5007badd,Kuehne Nagel 3674,Sea,3.29,3031,15,Singapore
ddb6e442-10a6-4bf9-b98e-d59b62703224,CMA CGM 3675,Sea,4.72,3548,15,United States
66baf92a-0e7b-445b-bfa5-9c6dabb64171,Allcargo Express 3676,Sea,4.56,3302,38,Japan
1a7c016e-88fb-40f7-aa96-5db331ea6f43,DP World Logistics 3677,Road,3.61,2210,31,UAE
7829429e-6538-459e-b0a0-d139608f7ac2,Allcargo Express 3678,Sea,3.89,508,33,Singapore
63caeb05-c4be-492b-824c-8572fa5a81a7,CMA CGM 3679,Road,3.43,1185,31,Japan
78d05d42-131c-4924-b48c-812b43208162,Hapag-Lloyd 3680,Rail,3.9,2092,10,Germany
0c41c7bb-2f92-4dc0-a83f-a3eddb64b260,Blue Dart 3681,Road,4.03,3708,35,China
77949769-9789-4d97-bd95-0b00995fe672,MSC 3682,Air,4.34,4186,31,Netherlands
d331d608-7625-49cd-8224-d9db7c0ac1b7,FedEx 3683,Sea,4.35,2143,4,UAE
ffe94433-58d4-46dc-87ae-f50ba0ccf719,DB Schenker 3684,Sea,4.61,776,3,South Korea
a3053730-f605-400a-bd7b-b040551a27ef,DHL 3685,Sea,4.16,3446,21,Singapore
b0f45172-2e32-42d7-8c25-134eefdc45a6,DP World Logistics 3686,Road,3.86,148,8,United Kingdom
facf2a3c-b41e-4162-97d8-3eebfa29a4fe,Blue Dart 3687,Sea,3.94,3762,11,UAE
414e145f-6568-4c47-8d11-775caefbcac9,Maersk 3688,Rail,3.87,3604,20,Japan
02e9401a-42a1-48e4-a255-c4dde1eda815,CMA CGM 3689,Road,4.61,1354,11,United Kingdom
063e435c-ccfc-4341-8091-ca67a1e6c240,Kuehne Nagel 3690,Air,4.7,2329,22,UAE
ba37a5f1-3091-4bee-be25-1b13b26007e8,DB Schenker 3691,Sea,4.54,1314,21,United States
a8bd274b-30b7-465b-a296-50db6c1ed08d,DP World Logistics 3692,Road,4.4,2140,35,United Kingdom
6cc99e14-830d-4211-881c-85575a210fea,Maersk 3693,Sea,3.79,3122,9,United States
7342c4ae-825c-4c2b-afe0-c0cc9ded04e5,DB Schenker 3694,Road,4.01,3714,20,China
50dadc71-a780-47a1-a275-08d0d09eae21,Blue Dart 3695,Sea,3.96,377,17,Singapore
5cc58aa6-5555-404e-9280-d60bfed0f3eb,Blue Dart 3696,Sea,4.61,1134,18,Japan
34924b2d-6b1b-4e74-8131-b8bc7cdae473,FedEx 3697,Sea,3.29,561,17,United Kingdom
e7c5acad-34ef-4925-8cbf-29338362c7e2,Emirates SkyCargo 3698,Road,4.77,1987,21,UAE
fe8b4a0e-fcb6-4b1e-9dfd-3aef6264a5d8,DB Schenker 3699,Road,3.61,3183,19,Singapore
49bf49dc-b646-457b-9283-cd37dc421804,DB Schenker 3700,Sea,3.15,3783,37,United States
faafdfd3-60a0-4f7c-80bc-da2501d3d370,DB Schenker 3701,Air,3.92,1812,4,Singapore
bd103003-c7ed-4b00-b92f-bac3dfb34b54,Emirates SkyCargo 3702,Road,4.36,423,21,Japan
bf0ee0ce-2c36-4c73-b7bd-449f56b2cb4f,MSC 3703,Sea,3.67,2861,25,United Kingdom
8991f709-434a-4c8a-8f82-d0752fa8ca83,Hapag-Lloyd 3704,Sea,3.65,1551,6,United States
d60c7a48-122c-49dd-8fd4-d823ea1edda8,Hapag-Lloyd 3705,Road,4.58,4072,19,Japan
81f94845-4daf-4651-bb2f-a3b5eda3bb03,DHL 3706,Road,3.67,1268,9,Singapore
47ce877d-d29b-45f5-927b-2feb49111789,Allcargo Express 3707,Sea,4.07,1000,9,UAE
71f2ccd3-90d3-4a69-9e02-cc0387731adf,MSC 3708,Road,4.28,1909,16,United Kingdom
31598fe1-6439-4844-a33f-ba1f80cb20a3,CMA CGM 3709,Sea,4.4,1247,16,India
eb43bfff-846d-47fe-bc88-102e929903b4,Maersk 3710,Road,3.97,3851,12,China
1940fc2c-a47e-4d84-a016-824ec0a9ce65,Maersk 3711,Air,4.77,4034,14,South Korea
b7f99caa-f54e-46b2-90ce-169afe2faf61,Allcargo Express 3712,Air,4.65,2663,20,Netherlands
7aba3244-9626-407c-8dcc-29d7f4975bf5,Hapag-Lloyd 3713,Rail,3.65,1138,7,South Korea
17fd0f92-c188-4848-beab-e0da93e964cf,Hapag-Lloyd 3714,Sea,4.78,2274,35,UAE
b6488af3-a340-484c-81bb-5cadf07d4221,Allcargo Express 3715,Road,3.65,1755,5,UAE
53ccb793-3fa7-45a1-ab38-54c36552f718,DB Schenker 3716,Road,3.17,2717,11,UAE
3120e30c-4065-42cb-a831-22c4899c266e,MSC 3717,Air,3.25,2256,5,India
dfb6ed70-7438-480d-a9c2-40be02ec6086,Allcargo Express 3718,Rail,3.58,1542,20,Netherlands
51c53c88-7085-4787-abd7-81c038553f9c,Maersk 3719,Road,3.95,2293,9,United States
903f1017-9b30-43b8-af4e-ea57eb40aa55,MSC 3720,Air,4.47,752,37,United States
6e3504ee-c2f0-4c5e-aeea-f7786838aa5e,Emirates SkyCargo 3721,Sea,4.02,3942,35,Japan
1cdb830c-c3c9-492d-8b27-36832c9d289e,CMA CGM 3722,Air,3.22,3579,7,UAE
b59e11a3-a0d5-44c5-b44c-a20fea2ec23d,Allcargo Express 3723,Sea,3.72,2723,26,Japan
b8f6b50c-8c17-4158-8054-95855805ed8c,DP World Logistics 3724,Air,4.06,3773,19,United Kingdom
4c9d57ba-3414-4091-8d9b-f09451a1b27a,Hapag-Lloyd 3725,Sea,4.07,3446,15,UAE
f54faa7d-4182-4c86-94d2-a772bc1929ea,DB Schenker 3726,Road,3.11,628,19,Netherlands
0677b6e7-2959-4f57-b71d-5ddeb5ced608,Hapag-Lloyd 3727,Sea,3.31,685,8,UAE
db220220-8ec1-420f-b55c-5cc4d1fcfdda,Allcargo Express 3728,Road,4.22,557,5,Netherlands
ce7afa1c-57b9-458f-807b-e3f33d53a8c1,Blue Dart 3729,Sea,4.88,3515,30,India
86539086-e216-40a7-9421-b58b81db30b7,DP World Logistics 3730,Sea,3.77,1027,21,China
9165c8dd-7d0f-4276-a995-a1680a5c1775,CMA CGM 3731,Air,3.63,3894,30,South Korea
ca7f9f1f-f786-4b24-8863-bbeb47664df6,Maersk 3732,Sea,4.01,1457,3,Japan
ac16cefd-d75d-4a1a-b89c-8d0839093f36,FedEx 3733,Road,3.9,3031,37,South Korea
227ab564-f684-4e03-98a7-8957b409cd39,DP World Logistics 3734,Road,4.78,2925,34,UAE
100e2807-588d-426a-b360-2e31a713c221,Maersk 3735,Sea,3.2,2346,12,United States
d38524ab-15ab-4481-b8cd-b6397b2414c0,Hapag-Lloyd 3736,Road,4.62,2857,16,United States
231e9c8b-14b8-4136-89fe-cbc29a896b96,Hapag-Lloyd 3737,Road,4.46,3965,32,United States
4519f827-f726-4480-87fb-9717a12af9ca,DP World Logistics 3738,Air,3.97,3919,27,China
a3247f11-a998-47f9-a3d9-4ff2641344d6,CMA CGM 3739,Sea,4.45,1139,27,Singapore
8f75b3fb-b9bd-4386-a9d0-3f06e5ab3c9b,DP World Logistics 3740,Sea,4.64,1945,24,China
7ceb0d16-32ab-4cec-bb0a-4a75ef13c0cf,CMA CGM 3741,Sea,4.12,1813,6,United States
ea9967b0-c716-4f37-b09e-249b5b158d3a,Maersk 3742,Road,4.44,585,30,South Korea
73810875-9b04-4f5e-8661-56c6ee9e5e8d,Blue Dart 3743,Road,4.68,1490,31,South Korea
1c9093bd-93d0-4f41-904b-fd104d27c667,DB Schenker 3744,Road,3.97,1551,9,South Korea
8e84c33a-5651-4e21-a49c-333dd13c4f32,Kuehne Nagel 3745,Sea,4.55,2745,7,Singapore
0e399a87-54ec-4d3a-a1cc-a21f6321058e,FedEx 3746,Sea,3.42,2752,12,India
e4009f6c-9c0c-4e43-aba7-79ef5482aa83,MSC 3747,Sea,4.38,1553,32,India
3820c627-7894-456d-843e-190dde2f4f50,Maersk 3748,Road,3.61,168,16,China
269b3e85-24f9-4689-8805-6522612d4361,Emirates SkyCargo 3749,Sea,4.0,2395,17,Germany
21b36a06-d837-456e-8934-15e0a976e0a0,Maersk 3750,Sea,4.37,2861,31,UAE
ccfe29b6-54ba-4717-ab9b-4b0d4a2b122a,Emirates SkyCargo 3751,Road,4.51,2603,21,India
a6421af8-7a8d-4d73-9180-9fead9b404a1,DB Schenker 3752,Sea,4.65,1048,29,India
ded82473-14f5-4d26-b590-f8b358801573,DB Schenker 3753,Air,3.29,586,10,Singapore
4a501a11-6f7e-4fbf-9c8a-74d38bfeccde,Kuehne Nagel 3754,Sea,4.25,3956,31,Netherlands
4dec60d0-3cec-44c3-8490-bb779a9b5d14,CMA CGM 3755,Air,4.41,2951,23,China
2bc32f1f-26e8-4d6c-9541-a9419a3b2548,Kuehne Nagel 3756,Rail,3.48,3116,4,United States
aed482c9-5f4f-4194-9f06-5ddeed1e20a9,Maersk 3757,Sea,4.2,928,17,Netherlands
96f2158a-83f5-4966-8719-20598d0c5ab5,DHL 3758,Sea,4.5,778,33,UAE
2d8372a9-d1a6-4e29-bd99-aa4812cf0231,FedEx 3759,Air,3.6,3227,13,UAE
539975cc-bee9-43c0-afae-8ab79273e1ce,DB Schenker 3760,Road,4.28,3919,18,Singapore
4fb8526b-096b-468a-a38f-e818aec3950d,CMA CGM 3761,Air,4.67,1728,13,China
53cf77d7-4256-416c-b931-3ffe76f2e4a8,Kuehne Nagel 3762,Road,3.83,3121,15,Germany
197c4550-c323-4c1a-b831-b14833beb94f,Hapag-Lloyd 3763,Sea,3.44,1142,23,UAE
a9f433c1-828d-4b14-9400-72bcd917239f,DP World Logistics 3764,Sea,3.34,2047,21,Singapore
1ea0fbb6-d431-45a7-87a6-504b19c366a2,DB Schenker 3765,Sea,4.9,952,10,Japan
7ea65223-2333-4641-bf4a-5e466879b0aa,Kuehne Nagel 3766,Sea,4.28,345,23,Germany
b047c0df-0352-4360-a9ab-4e36f15190d5,Blue Dart 3767,Road,4.68,4143,37,United Kingdom
46baf615-314a-4b02-aefe-b638195a7a83,Kuehne Nagel 3768,Air,4.79,3352,37,UAE
c1296376-4de2-4ed1-b279-f678097c7885,Emirates SkyCargo 3769,Air,3.27,1677,3,United Kingdom
a69625a3-1912-46f2-8e18-3b7cf92a0b52,DHL 3770,Sea,4.19,546,6,United Kingdom
6128a75e-38e3-401d-8cd2-58872f756394,DP World Logistics 3771,Road,4.52,1534,36,Netherlands
0b9cf5de-6e4f-4c0a-b561-0dc2dd9d9390,Emirates SkyCargo 3772,Sea,3.46,2560,32,United States
c94e35d5-31a9-427a-9fba-75f58b9d4ef3,MSC 3773,Sea,3.97,1372,7,South Korea
fbd71af4-4d63-4151-866b-bebc436552bd,MSC 3774,Sea,4.88,573,12,China
be620df5-8f44-4c6d-8af0-3d925fecbdb8,Blue Dart 3775,Sea,4.4,286,4,Germany
933a8bda-89aa-49e1-97c0-54cfbaf8f966,DHL 3776,Road,4.57,2817,18,India
e4cf48b2-b473-41b9-a46a-9ed0f15346c0,DHL 3777,Air,4.19,1394,6,UAE
5cc35f55-ddc4-45e5-b335-03f8b36bd408,Blue Dart 3778,Sea,3.87,537,8,United States
b396d319-0cc2-4df8-b040-b07bffaa2fcb,Blue Dart 3779,Sea,4.28,969,8,United Kingdom
f9dccb5a-4668-4857-a0f6-eae19a20c9f0,DHL 3780,Air,4.42,1485,11,Singapore
5b69f225-ecf3-48ed-b01b-c2550c559193,DB Schenker 3781,Road,3.94,3448,20,Japan
ba4eafd0-a5d2-4f48-86f0-24a078893f33,DB Schenker 3782,Sea,4.33,2051,30,Japan
7086c778-97f7-474b-8c6b-5369f73ce8d4,Hapag-Lloyd 3783,Air,4.11,1179,14,Japan
401d3b00-6994-4fe4-8386-4306e5266db0,Hapag-Lloyd 3784,Sea,3.91,3457,23,Japan
6a3e3cbd-9369-4110-822b-fa5cbf72d87c,MSC 3785,Sea,4.62,978,23,India
1cd73f7d-be85-476c-b5f5-e17dbc6ee276,MSC 3786,Road,4.8,2361,34,China
0c575b4d-3b86-4a9b-b53d-1c0d5ace2827,DHL 3787,Rail,4.42,131,36,Germany
b6af851d-ce2a-4094-b1f2-216f7205ac2f,CMA CGM 3788,Road,3.76,1395,21,Japan
d8343d6c-640b-4652-8945-9143f93dd299,Kuehne Nagel 3789,Road,3.44,1286,17,Germany
65a50db3-5744-4db7-b2ed-03a6c20aadf0,MSC 3790,Air,3.51,3519,10,UAE
a9758cf9-1e0b-4a67-8bf5-98513436e595,Allcargo Express 3791,Air,3.55,2796,12,Singapore
5fa07b59-68bd-478e-b016-c41995465bd8,Maersk 3792,Road,4.43,174,33,China
aafa80b5-361f-4c28-aba4-3ef93c33b04e,Emirates SkyCargo 3793,Rail,3.2,512,5,India
c70b7f48-3e70-4909-b62d-81b9c4e6c4f1,Maersk 3794,Sea,3.87,1444,5,Germany
48629a96-0f4c-437d-a054-ecf0b5cf4d45,Emirates SkyCargo 3795,Sea,3.52,2236,27,United Kingdom
d60bd9eb-184d-4225-aef7-d1f562877a9a,DP World Logistics 3796,Road,4.44,3297,13,India
ca0e8494-7806-49a7-9289-e0b9acb154d7,FedEx 3797,Air,3.48,2163,18,United Kingdom
2e72a0bd-cfdb-47ba-8347-7f3c898d5fe8,Emirates SkyCargo 3798,Road,3.46,2577,33,India
6205b20b-c3c5-4793-8e46-c541c5afb6ca,Allcargo Express 3799,Road,4.0,2965,32,United Kingdom
05aa017a-6f65-484c-8fd7-3feabcb616db,Kuehne Nagel 3800,Sea,3.31,1409,26,South Korea
89a9d40f-e636-456f-b1fe-84f1a5dca237,DP World Logistics 3801,Sea,4.6,1449,34,Japan
76ad65fd-c3f8-4726-9823-988e64d84d18,DB Schenker 3802,Sea,3.95,3457,4,UAE
d2db0bb0-b3a7-4774-a5e1-e2c5d51568b7,Blue Dart 3803,Sea,4.04,3216,9,Singapore
23cfb3f5-5295-4307-a25b-f1e5ec618786,DP World Logistics 3804,Rail,3.52,2903,31,Japan
3a8b777a-cba0-4ee8-bcea-c7e51f268e01,Allcargo Express 3805,Sea,3.73,1720,6,United States
8e3e737b-1a25-48e7-b2fe-fd279a1b0432,FedEx 3806,Sea,3.22,3372,12,South Korea
484ff839-e08c-4068-a144-055509ed636b,Hapag-Lloyd 3807,Rail,3.83,386,6,China
06343ec9-caa9-40f1-a001-08cf10a96e42,CMA CGM 3808,Air,3.22,3961,17,Netherlands
9aebd7ac-31ed-43b5-b97c-84a9655b6f5e,Blue Dart 3809,Road,4.83,3803,35,United States
5817ec24-7c00-4c06-a3fe-9d49f854fc25,Allcargo Express 3810,Road,3.92,3230,21,United Kingdom
90c25486-61c5-45b9-8521-80b29ad164db,Allcargo Express 3811,Sea,3.12,3534,28,United States
53c275b7-a775-4851-a845-9f6c2a091327,MSC 3812,Sea,4.77,1914,7,South Korea
e2d11cf0-1517-44e7-8936-e333c901e048,Hapag-Lloyd 3813,Road,3.11,3974,5,Singapore
8e74bbaa-4802-41e9-bc5c-ff8ad463fc34,MSC 3814,Sea,3.68,2901,33,Netherlands
c839d459-9f7c-4c2a-a1d2-2027adae3e5f,Blue Dart 3815,Air,3.74,2550,21,UAE
b4a54d43-5514-4072-9747-c54ea9a51f3a,DB Schenker 3816,Rail,4.43,2878,29,United States
bbc78a7d-59e1-47d5-90d7-100b93b5168f,Hapag-Lloyd 3817,Sea,4.87,2235,38,South Korea
cbfe914d-ea56-4123-9591-ec06c8eda1fd,Allcargo Express 3818,Air,4.7,1208,31,India
ef912779-156b-49bd-b57c-ab072adc7954,Hapag-Lloyd 3819,Air,3.17,2465,23,Germany
94a146ae-5e5a-4791-8757-f2104461c3d9,CMA CGM 3820,Air,3.8,3860,6,United States
50e5fbb9-80f0-4f96-91f0-e763a58f9f2c,DP World Logistics 3821,Sea,3.29,132,15,UAE
12d6fba2-9f0c-4e45-bf23-75dad11113fd,Hapag-Lloyd 3822,Air,3.48,672,16,China
d4c9737c-5221-4c88-8c3e-e8b63c980bfd,Blue Dart 3823,Air,3.53,3504,20,South Korea
a0c7b831-032d-4c5a-a056-183f3ff3bce1,CMA CGM 3824,Air,4.76,489,28,Japan
14aace31-149b-41a6-aac7-61e842660911,CMA CGM 3825,Sea,4.89,1636,16,Japan
a63d6f6a-eeaf-4bb3-b9c6-05c74b067dd9,MSC 3826,Road,4.78,4195,15,United Kingdom
f9c63aa4-d1b4-4a66-be1e-c23d35d8a229,FedEx 3827,Sea,3.33,3508,28,Japan
95884464-9b01-4705-b01b-dad2cceae7a4,Maersk 3828,Sea,4.14,3387,14,India
067c0afa-b929-4b7c-8e04-8ddb04e566f5,FedEx 3829,Sea,3.23,1201,7,United Kingdom
cf78843d-166b-4b19-b658-81bd269071c7,DB Schenker 3830,Rail,4.84,74,29,UAE
2f499bd6-610e-4c86-a552-4e5608c82080,Maersk 3831,Road,4.88,3053,8,China
d43f011c-293f-4e6d-85ec-21d444d4e65b,CMA CGM 3832,Sea,3.25,410,30,United Kingdom
ddb7cf55-3513-4f66-aabd-2ae68dd3c020,Kuehne Nagel 3833,Sea,4.73,1837,9,United Kingdom
1ed1e22e-8f7d-471f-8791-4b5faf9ab08e,Blue Dart 3834,Sea,3.93,2197,37,Germany
5f2e5602-26d3-45b0-9880-59752ecddadc,DB Schenker 3835,Road,4.77,2847,12,Netherlands
4e94d389-186c-4ab8-8029-49aec6e3f1e5,FedEx 3836,Sea,3.26,1002,6,United States
e903d37d-2a25-4d04-93f6-b71b7e71cbe2,DHL 3837,Rail,4.56,2282,29,Japan
e1011539-8104-4cb0-bf82-f952f949d1ae,Blue Dart 3838,Sea,3.76,1733,34,Singapore
b1777c85-45db-466c-ada9-f3d925350963,Emirates SkyCargo 3839,Sea,4.51,4125,26,United Kingdom
dea8e0fc-bf4a-46e6-82ef-24620ebf1bb7,Maersk 3840,Road,4.05,3442,37,United States
9f698f42-7ff4-4588-9c49-af7a3674f70e,DHL 3841,Sea,3.97,3437,32,Japan
f3415c85-cd94-4f89-ae43-fc835d635724,FedEx 3842,Road,3.58,3608,12,Netherlands
6ef06a79-29e0-4384-9414-80811de40fa9,Kuehne Nagel 3843,Road,4.17,2155,20,India
215770f2-8553-4528-8e0d-58e2ded17d8c,Kuehne Nagel 3844,Rail,4.22,3810,34,South Korea
350ede0d-c5fc-4593-ada1-106dd8afc7f9,Maersk 3845,Road,4.65,1772,10,South Korea
1f039eea-88be-4f9b-9b53-a49f2c8b5c29,DHL 3846,Rail,3.35,2180,32,United Kingdom
0908f72a-451f-47de-9357-73e23f76b7c7,Allcargo Express 3847,Sea,3.31,1381,7,United Kingdom
f0dba01e-54f6-4834-b5d7-9e18deafea81,DHL 3848,Sea,4.41,1256,6,Netherlands
2a21effd-cfd1-4a6d-8454-849b69c1bc5a,Emirates SkyCargo 3849,Air,4.46,1598,33,Germany
bbed9380-61b1-4179-a072-104199202e61,Allcargo Express 3850,Sea,4.02,2179,4,Japan
5d153a39-6be4-4ddc-bf9a-bf96f1410625,Kuehne Nagel 3851,Sea,3.47,4190,11,India
1da674e8-e6dd-42b7-a029-d92628164e38,DHL 3852,Sea,3.69,2278,12,South Korea
38543489-a9cf-4d23-b965-96e079e90961,Emirates SkyCargo 3853,Road,3.67,577,30,Singapore
2504cfae-6f05-4374-9977-dfcdfaf9ece9,DHL 3854,Sea,4.18,2023,7,Netherlands
9a45b0de-2101-4441-9768-3c2739ad9381,Emirates SkyCargo 3855,Road,4.39,2289,27,Germany
d9843f94-a2b7-4ff2-bf6d-97b5d3c74272,Blue Dart 3856,Air,3.43,3961,17,China
7f0ce7fa-be06-4a7b-a8af-7b88ac36ceed,CMA CGM 3857,Road,4.13,2377,21,Netherlands
e271be7d-6513-4019-84f9-9a88ac17a9b8,DP World Logistics 3858,Air,4.39,2179,12,United Kingdom
f1b3faa1-20d0-40d5-9f49-9b4bc1c44df9,Emirates SkyCargo 3859,Sea,3.84,1411,37,India
af59e107-b63e-4edb-9673-cbcf1dab4281,DHL 3860,Road,3.27,3734,37,Germany
4dd99ad6-370e-4189-960c-e484d8b92141,DB Schenker 3861,Air,3.65,3781,7,UAE
713cb75b-2df8-4af8-8091-9838bb9ea157,FedEx 3862,Road,3.97,1541,30,China
a144b7a4-c68f-403e-b40c-2eb5b7155744,Hapag-Lloyd 3863,Road,4.12,3954,30,UAE
56b80254-fa73-4185-a905-6aa2f324359d,DP World Logistics 3864,Air,3.78,3340,11,United States
f2950ec2-4713-4ed0-a3fa-1e8d41e70845,CMA CGM 3865,Road,3.26,1062,29,China
fda06306-8b71-4c6a-a7b1-9e8f2f127792,Blue Dart 3866,Rail,4.27,1997,7,Japan
72579933-46d5-446d-b06a-b43a240283b2,Emirates SkyCargo 3867,Road,4.42,376,26,Netherlands
5f377445-3806-4cd1-814b-581de109a955,DP World Logistics 3868,Sea,3.52,2769,4,Germany
241a5283-83db-4cc0-a0c1-549521527cf2,DHL 3869,Sea,4.65,1651,38,United States
2e4359a7-8946-46d8-a3ec-9d1eae15c384,Blue Dart 3870,Sea,4.8,576,22,Japan
1d64fa4d-881f-4376-b8bf-afec52923bce,DB Schenker 3871,Sea,3.59,195,5,United States
4956723f-3ce2-409f-94f1-a7dc1c14c2c8,Kuehne Nagel 3872,Road,4.54,1953,4,Germany
49a5e27f-dc52-4d95-b1e6-91939c7539ad,DHL 3873,Road,3.56,1638,36,China
1c93ae63-b550-43c1-a82e-705931679920,DP World Logistics 3874,Sea,3.88,2087,36,China
9b7f4b2c-b051-4e84-9c4e-8220b2d8041e,Kuehne Nagel 3875,Sea,4.71,2072,37,Netherlands
d95e2804-6d75-4132-a0df-0109bed8566b,DB Schenker 3876,Air,3.97,3714,22,UAE
d31d0c06-54e6-495a-a4ef-6b395de06bb6,Hapag-Lloyd 3877,Air,3.25,4150,36,Germany
4a454187-49e5-4dab-a6a9-554c67f22e83,Kuehne Nagel 3878,Sea,4.77,2778,12,South Korea
ff0f4123-d21d-4b6e-baaa-cdd1f4c1749d,Hapag-Lloyd 3879,Sea,4.52,3770,18,Germany
1c95cac6-518d-415f-ab45-4fb2f85e9cce,Maersk 3880,Sea,4.56,791,32,UAE
cb0ff152-4ea3-4c60-aa59-a034bbe3b45f,DHL 3881,Air,4.47,78,31,Germany
f580dc26-8106-4380-ab0c-f2d7137ccb92,MSC 3882,Sea,3.92,1932,14,Japan
904a119d-d74e-4501-a217-dadea73273eb,Kuehne Nagel 3883,Road,4.38,3173,31,China
dd7f1f51-b7cf-4d4f-a596-84b61ad11c6b,FedEx 3884,Road,4.42,1819,7,India
c1316b63-fa13-467b-9f44-5487609b5eb9,MSC 3885,Air,4.6,1156,21,UAE
e9118446-5264-4371-ab89-7481308a3d0c,FedEx 3886,Road,4.76,653,19,UAE
12d0fc31-c485-45ed-b488-314f5e5dce9f,Blue Dart 3887,Sea,4.67,3796,19,Singapore
557d26ce-1bd0-48de-a3e7-835aaa29fe9c,FedEx 3888,Sea,4.52,2898,13,India
2271d38d-d906-40fa-947c-7abcae15a821,Blue Dart 3889,Road,4.75,1868,5,China
8ba434e3-4901-4401-a069-cfe1a31f7256,Maersk 3890,Sea,3.74,1858,15,Japan
a6e136c1-35fb-4579-bb64-354edf2bb418,Kuehne Nagel 3891,Sea,3.35,3867,13,Singapore
d2fa36be-e4ed-46be-ac3b-2d91acf90770,CMA CGM 3892,Sea,3.88,1015,12,India
54cd7f52-27a9-49a5-8d90-78459d6318f6,Hapag-Lloyd 3893,Rail,4.52,444,9,Japan
ba141379-22e6-4701-b490-071cfd510bc8,Kuehne Nagel 3894,Sea,4.35,1459,31,India
a9e35af3-a884-42e6-bc49-dba4b1c31e73,DP World Logistics 3895,Road,4.8,817,24,South Korea
1e2937b2-2b20-4fec-a87a-7eced9d53f1c,CMA CGM 3896,Air,4.71,2886,38,India
826e0dcc-c678-4d98-96e7-45977424bda2,Emirates SkyCargo 3897,Sea,4.53,896,19,Japan
6bfc68fc-4a96-4d76-9710-c04ace714664,Hapag-Lloyd 3898,Road,4.0,2101,33,United States
843ea74a-63ba-4fb7-82ce-f9a23c74c05e,Hapag-Lloyd 3899,Road,4.15,372,23,United States
79aae2ca-a3d5-432f-9cca-1f7fd0eaa4df,Kuehne Nagel 3900,Sea,4.09,2107,33,Singapore
72fbc534-0c5c-47e9-ad25-4408e0013b3b,DHL 3901,Sea,4.02,2846,28,Singapore
dbc4a8be-1dfc-4823-9aac-06b9551645e0,DB Schenker 3902,Road,3.64,1604,33,China
a9c0b810-c6b5-40bd-a836-f6679bc7d9de,Allcargo Express 3903,Road,4.23,3263,32,United Kingdom
9977a86a-cf92-4a0b-a720-b051ed580cb7,DHL 3904,Sea,3.22,1497,22,UAE
16843d50-6658-4cbf-a79e-4ac4a54ba2dc,Hapag-Lloyd 3905,Sea,4.83,3322,32,United Kingdom
63cf602d-0f75-495b-a7ad-3c789f6cd3b6,Blue Dart 3906,Sea,3.46,118,35,China
b71fed5e-4453-4e31-8fcd-73acf6db78c4,DP World Logistics 3907,Rail,4.9,2536,4,United States
4beb887a-0d67-4ea9-946c-fad6fd74f45d,Emirates SkyCargo 3908,Sea,4.42,395,24,India
61969369-db35-446e-8be4-568e98d365f8,DB Schenker 3909,Sea,3.26,926,26,UAE
4eba1ca6-9430-4058-adaa-3b6af919b08a,DP World Logistics 3910,Sea,3.33,4021,30,China
83f3978e-1985-45cb-8ff8-ff583bd2496e,Kuehne Nagel 3911,Rail,4.07,2019,8,Japan
c7e4c20f-6038-4035-a978-68449a2a6b15,Allcargo Express 3912,Road,3.23,4006,32,Singapore
cec6b249-5018-4455-9be0-d2adfcc3d45d,DP World Logistics 3913,Road,3.73,981,25,Singapore
5d728a05-13e6-45c8-b74a-9218a1e3cc8c,Maersk 3914,Sea,4.68,2716,15,UAE
e1deb598-0587-4446-ac1c-c7efb53505e3,Kuehne Nagel 3915,Sea,3.61,220,19,Germany
3e165c12-cf60-4025-b4ee-f2b309861eca,Maersk 3916,Air,3.2,241,4,China
8ffbbce4-631b-40d9-bb54-dd1abd6990a5,Hapag-Lloyd 3917,Sea,4.39,3215,31,South Korea
39af01a2-7866-4be5-ae59-05fa4233627e,Allcargo Express 3918,Rail,4.78,3394,38,India
49c27587-a5c6-40dc-a634-6625a59dbe5d,DB Schenker 3919,Road,4.61,2767,17,Germany
7963831e-b75a-4857-b8a2-e21f61991e58,Emirates SkyCargo 3920,Road,4.22,433,11,India
d9530697-0a2f-4771-b9e5-c16ff732d1b6,Emirates SkyCargo 3921,Air,3.35,1462,20,China
775230a8-5aca-4c6b-922a-cf3fee4f64da,Kuehne Nagel 3922,Sea,3.43,2615,26,Japan
576cc24a-a8e7-486d-8bee-4b56a7e774ea,Allcargo Express 3923,Road,3.13,2478,23,Netherlands
df3dba3b-83a3-4b3b-9462-41c13fa85f89,MSC 3924,Sea,4.57,3181,23,China
72900f93-8e0e-436b-b4cd-792888e96de2,Allcargo Express 3925,Sea,3.41,2403,7,UAE
4f3ef495-be40-4faa-a028-55c265750484,MSC 3926,Sea,4.29,2829,32,Singapore
ec947032-1096-4aa8-8149-271a497afee0,Emirates SkyCargo 3927,Road,4.69,1627,27,India
34af717a-33e4-49f3-9e6f-6cbd3858312a,Blue Dart 3928,Air,3.84,1040,21,Netherlands
bb608fda-c19c-4e7e-9635-6f4c95e07644,Blue Dart 3929,Sea,4.15,1004,15,Germany
df994d33-cecf-4672-a915-f5dd5000ff35,Kuehne Nagel 3930,Road,3.47,4174,34,China
0e548703-5831-47b9-b377-990fc60444ac,Kuehne Nagel 3931,Sea,4.86,1775,25,United States
fa6bd857-011a-4169-bee6-563728a2ddcd,Allcargo Express 3932,Road,4.4,3606,12,Japan
0006ec07-b25e-4fb2-b76b-40a5f3da815a,Allcargo Express 3933,Rail,3.18,1456,23,United Kingdom
73c8810f-f90d-47fa-9dda-08fc978e6495,Maersk 3934,Rail,4.62,2947,10,United Kingdom
20653076-8ea2-463d-98af-406c18fa29bc,Kuehne Nagel 3935,Sea,3.42,632,24,South Korea
be2244bc-1b78-42d3-ab46-a0d67ec11a80,CMA CGM 3936,Road,4.41,3164,38,Singapore
d5bc0625-769a-41af-b888-eda618b148a8,Kuehne Nagel 3937,Sea,3.21,988,23,China
6ec9ee1f-7af5-4f7b-a562-af8b742c2d6e,CMA CGM 3938,Sea,3.54,174,16,Netherlands
626a1bf5-14f1-4e21-bd7e-e12e748ede84,DHL 3939,Sea,3.34,2481,10,India
35bf25e6-a4e1-4b13-a36c-ae101ab03211,DP World Logistics 3940,Sea,4.77,628,31,South Korea
54fc8600-f47c-4a4d-b9e6-cb5d866ff623,Hapag-Lloyd 3941,Air,4.14,2374,26,South Korea
155af59f-c20f-41a4-a095-0c746f4a331b,Kuehne Nagel 3942,Sea,3.35,1777,34,Japan
c6f68388-e010-443f-9f21-c40ace536d1b,CMA CGM 3943,Sea,3.49,2079,28,United States
94a32aa9-3dfe-46e8-82a0-f25e4076ea24,DB Schenker 3944,Sea,3.25,3031,23,China
2fe7e8c1-5b90-4cef-a7eb-1f4934bc7461,DP World Logistics 3945,Road,4.16,3335,16,China
4079374e-3f87-4787-99e3-430116c0d9e9,Hapag-Lloyd 3946,Sea,3.27,1158,38,United Kingdom
a4012a1b-62be-42aa-b85d-02eead7be724,Allcargo Express 3947,Sea,3.48,1986,28,India
f8628b06-cd02-4670-bc21-6cbb5d60e999,DHL 3948,Road,3.73,2556,28,Japan
2551143c-e5ff-424f-a4ee-7a1821d0a971,Emirates SkyCargo 3949,Road,3.92,2494,29,United States
31ecb149-83fb-424b-b76d-a20fa2af7fc2,Kuehne Nagel 3950,Sea,3.25,2905,15,Germany
1bffdc5a-319b-4247-a7be-b6fa7e329eb9,CMA CGM 3951,Road,4.45,1529,35,United Kingdom
75b225e2-f096-4e9b-b730-7fbf982c0c70,Emirates SkyCargo 3952,Road,4.87,103,9,United States
73679afe-c985-466a-9fe7-2221dcd375b8,Hapag-Lloyd 3953,Road,4.84,2239,13,India
23ece684-3d56-4974-83f9-366674c27f9d,Blue Dart 3954,Air,4.17,3929,38,United States
18f7ade9-4a5e-4ff8-90d7-1911d10e90ad,CMA CGM 3955,Sea,3.53,1924,32,Japan
32b50f30-597c-4c21-9e30-e07dff3909c0,FedEx 3956,Sea,4.85,1441,37,India
2fb5457e-c099-40ac-90b5-a7514405ae2f,Blue Dart 3957,Sea,4.26,598,31,United States
519dd57c-ee72-4a39-88f8-312ab9056785,DP World Logistics 3958,Sea,4.81,2547,14,China
90484f4d-00e2-4fdc-9262-528a580bd66d,Blue Dart 3959,Road,3.85,706,14,Singapore
6fdd4606-efe2-4828-9d0b-14aa79aa3349,Hapag-Lloyd 3960,Sea,4.03,2087,24,India
f06d76fb-45ef-40ae-bb2c-948aa51e0f21,Kuehne Nagel 3961,Road,4.01,3532,14,Singapore
65804106-fefe-4ffe-a45e-c2ca22b0d3c2,DB Schenker 3962,Sea,3.62,2369,10,UAE
502a1ebe-f856-48df-a69b-c12e38f8247b,Maersk 3963,Air,4.61,3103,27,United States
43acafd8-081c-43fe-971c-8b1d1de1e7e2,Kuehne Nagel 3964,Road,4.11,535,5,United States
e2cdf91c-077d-429c-a910-9f021b3003e2,Blue Dart 3965,Road,3.71,774,31,China
eb2393a8-444f-4d75-b6c8-75d65190ced5,Maersk 3966,Sea,3.29,832,15,China
031a4720-307a-47dc-aadb-a7cbba889825,DP World Logistics 3967,Sea,4.1,3242,29,Japan
62a49bbe-a0a4-4f4a-8602-0648f7b257a6,DHL 3968,Road,3.79,2535,12,China
7825a1a5-4614-47d8-98c0-9544ebb49820,DP World Logistics 3969,Road,3.26,3700,31,India
83cc0431-8af7-4341-b40d-4dbfb9136c51,FedEx 3970,Road,4.82,2645,35,Japan
6a6d19c6-0fe4-407d-8fdc-621ca50ebab9,Kuehne Nagel 3971,Road,4.75,1549,10,China
6c80a881-137a-4dfd-b474-07852524ad46,DP World Logistics 3972,Rail,4.5,4037,15,Netherlands
028f8727-9b43-4b68-b465-8ae8bf9e2db5,Allcargo Express 3973,Sea,4.67,2670,10,Singapore
d836e2eb-20cb-4104-8ae9-2b9f42e5e96e,FedEx 3974,Road,3.81,2317,36,Netherlands
03cf8a43-c707-47c4-b7c1-4f775d4c0b39,Allcargo Express 3975,Road,3.21,3177,13,Japan
d154e9df-7e1c-48d4-8324-2a86b7d186d6,FedEx 3976,Road,3.68,1196,16,Germany
6fb637df-3c11-4d7b-ae4e-61da39f9f7c3,Hapag-Lloyd 3977,Sea,4.12,3838,18,India
c8b78081-c094-42ae-bba3-8dada0dd2ea6,Allcargo Express 3978,Road,3.95,2310,11,South Korea
673dd65c-f050-4083-a5be-9abbf1facc1f,DP World Logistics 3979,Rail,3.46,3943,37,Japan
7099100f-7bb1-4031-a127-78a410523147,Emirates SkyCargo 3980,Road,3.88,914,18,South Korea
fadfae1f-155e-4c5d-a20d-281e0ca05ff9,DP World Logistics 3981,Road,3.89,1100,17,Netherlands
6d6bcf1e-7f48-404a-9980-eb92b2a66773,DB Schenker 3982,Road,4.0,2966,19,China
1e10ad23-8e69-49c7-a9e1-667740b19404,MSC 3983,Air,4.61,3773,12,Singapore
b16c1596-fc35-44d6-8e2d-5fa4f685cbdb,FedEx 3984,Air,3.88,2233,29,South Korea
eb18a7da-3613-4b25-9272-ad0bd9dfec2b,DHL 3985,Road,4.5,3645,34,Netherlands
4ca6c3b5-d675-46f7-bb13-4455d88b7dff,MSC 3986,Rail,3.86,1701,20,UAE
28ee0e19-542d-46fe-93dc-7ee389d4584f,DHL 3987,Sea,3.54,3043,9,UAE
85511911-6665-4587-ab81-c39f69030c1a,DB Schenker 3988,Road,3.38,3371,15,India
c8a6805b-6d8c-40e9-93a2-f9fc8211e47d,MSC 3989,Sea,4.12,2959,6,Germany
f9e92476-e293-4d8e-a390-5ad8284899ac,DHL 3990,Sea,4.15,1676,22,United States
c0fa0063-305d-4891-8627-16f20279b31c,DHL 3991,Sea,4.71,3120,30,South Korea
f56d74c6-e298-4e36-93a8-2b2d30017d6c,Maersk 3992,Rail,4.08,1277,20,Germany
369d59ac-8e46-445f-a668-5fe67ca79bf3,DB Schenker 3993,Sea,3.37,3351,4,Singapore
5cb4494d-665f-4b9a-857b-21c07a477cad,FedEx 3994,Air,3.61,1524,27,Netherlands
5cacc2bb-184c-4a8f-b207-1c4fa4853af9,DB Schenker 3995,Sea,3.37,275,19,United Kingdom
315226d4-16de-42c4-905c-25807d4d2629,Hapag-Lloyd 3996,Sea,3.43,3892,15,Singapore
13980036-f021-4630-8244-b11883db261d,Kuehne Nagel 3997,Air,3.24,1337,10,Singapore
4154a503-53e1-4020-93bc-ed6f9bc85373,MSC 3998,Rail,3.72,589,27,South Korea
d5223040-538c-4867-a95d-a6fa8f19f8d7,Allcargo Express 3999,Air,3.81,3208,33,India
71fd0f56-abc2-4aaa-8096-e06161c759fb,Blue Dart 4000,Sea,3.39,3715,5,Netherlands
9273e5c1-3d48-4b59-a473-90e3975b262b,Emirates SkyCargo 4001,Sea,4.85,1951,35,South Korea
4bf20b04-cf0e-459d-98e6-ac219c167955,Hapag-Lloyd 4002,Air,3.47,3212,28,South Korea
845ace7a-c991-4240-954d-d3e335f93629,Blue Dart 4003,Air,3.95,3131,14,United States
3b69b8f1-e579-43c5-8430-e0fbf1f492ab,Kuehne Nagel 4004,Road,3.65,3522,34,Germany
9af01cd5-a4be-4141-bb5f-d10aa55804bb,Blue Dart 4005,Air,3.97,135,15,Singapore
6ee9bc72-cac4-4a7e-9b1a-e6d801d43f93,Maersk 4006,Sea,4.67,2522,23,Japan
546fcd77-075e-4dc1-bc76-5c759e5041e4,CMA CGM 4007,Air,3.21,392,7,United Kingdom
652bf63f-aaf2-417e-b1a0-3f7783b80630,Emirates SkyCargo 4008,Road,4.73,3897,19,Japan
41629b4b-37b3-437e-a6a8-a369c4b1ac5e,Emirates SkyCargo 4009,Sea,4.21,858,31,Singapore
746e9744-a260-4770-b700-c6977a8ba173,Emirates SkyCargo 4010,Sea,4.47,3856,10,China
27988e96-be9a-421e-8dc5-68ee2ff5f758,Emirates SkyCargo 4011,Road,4.24,3106,13,United Kingdom
30fd7e08-5712-4a82-b4f4-d9cb24ba587d,MSC 4012,Road,4.29,3566,14,India
d82e65a8-7d50-44ea-bdde-36e98a87c6cf,FedEx 4013,Sea,4.45,2131,13,Singapore
a501be19-2074-4836-abd3-a265ae310f84,MSC 4014,Air,4.16,961,4,Japan
da24b25c-6a84-46af-b9c2-23bf2d370eda,Emirates SkyCargo 4015,Road,3.93,3124,29,Singapore
5b80d54b-7f25-4d2e-8a90-fe6c125c5c62,DP World Logistics 4016,Sea,3.39,2683,33,Netherlands
058a5423-12a8-40cc-9fbd-54365f5715e7,Hapag-Lloyd 4017,Sea,3.97,313,4,United Kingdom
f0164a50-2379-49c6-a13c-fe3b43a25314,DP World Logistics 4018,Air,4.07,1741,19,India
01f3c4aa-2b4f-4ca8-abd8-799173b7ea80,Emirates SkyCargo 4019,Road,4.34,3485,24,China
b9af1522-9cbd-4d14-8887-7e7387ca3456,FedEx 4020,Road,3.77,3381,11,United Kingdom
f8d9a015-cd10-485b-a7bd-69cf3989b009,DHL 4021,Rail,3.24,321,30,Japan
39e8023f-7017-4b5c-9590-a763933ab784,Emirates SkyCargo 4022,Sea,3.13,3992,17,United States
53e784c3-968e-45d6-b333-20a6bbc09fa7,DB Schenker 4023,Sea,4.39,2228,10,South Korea
e639eabd-ca0b-4205-bda4-945ca8fdb0a4,DHL 4024,Sea,4.27,3585,10,Singapore
05b9e028-95b8-44ab-a8f3-2538a7b375ae,DP World Logistics 4025,Sea,3.7,468,34,Germany
82899105-14d0-45e0-bf91-fc0e415a2553,FedEx 4026,Air,4.4,3810,6,India
6acd1a91-0af9-4734-aa2c-e1e3475b5399,Emirates SkyCargo 4027,Road,4.75,3900,36,India
6e77ecd5-6994-451c-a995-d5f29829faf8,Allcargo Express 4028,Road,4.57,1478,21,Singapore
c90f3ee6-3c6e-424e-9a6e-565634479cb2,Hapag-Lloyd 4029,Sea,4.82,1557,27,United Kingdom
4830a9f7-d684-4e19-8202-293ad5bdfdaa,Emirates SkyCargo 4030,Sea,4.07,257,37,Netherlands
19f88309-50a9-4814-89b0-0478e0a83424,DHL 4031,Sea,3.73,3246,11,United States
298c696e-dd1a-4524-8608-22385b0602cd,DP World Logistics 4032,Road,4.18,3965,14,UAE
e515709b-0b98-4996-a800-392a22ed867b,DB Schenker 4033,Road,3.32,1785,5,Netherlands
c49f86e9-eca7-4c39-b748-c5a97320fdb8,MSC 4034,Sea,4.64,3398,7,Germany
eadf9bfe-5931-4b54-a3d1-2da616ced8cd,Hapag-Lloyd 4035,Road,4.39,3761,38,South Korea
976c6e1f-bc6e-4a0a-ab22-0708b8953325,Blue Dart 4036,Air,4.86,3869,27,Japan
0afeb1a6-a93e-4ded-b83a-3c0c35a62c91,MSC 4037,Air,4.19,3251,7,India
296389ca-c00c-4391-964e-8f28d2e330db,DHL 4038,Rail,4.61,3023,7,United Kingdom
b77fdf76-4e78-4ba7-9818-a10519307b6e,Kuehne Nagel 4039,Sea,4.9,447,6,Netherlands
2a9d06f3-f2d4-4feb-9913-b88d6ebaa83e,FedEx 4040,Road,4.14,4030,8,China
402fe0e8-6741-47b9-82d3-abc8719d0a9e,Maersk 4041,Road,3.82,921,9,Netherlands
a08d97c6-4309-4e9b-8de7-706c1e57da83,DB Schenker 4042,Road,3.46,875,14,Singapore
37ec20c6-0afc-4dfc-b8d7-36193eec22d5,CMA CGM 4043,Air,3.76,2390,36,China
5378d36f-633e-4634-891b-bc4356224771,FedEx 4044,Road,3.71,1763,23,Singapore
84edbaa5-ac23-486e-87bb-fe9cc27b05c3,DB Schenker 4045,Sea,4.5,1422,16,United Kingdom
a06450ba-3e54-4dda-9fb1-1238374547fd,Hapag-Lloyd 4046,Sea,3.16,918,35,Netherlands
4b31fb20-a861-4200-b1cd-4c33d8af8b82,Hapag-Lloyd 4047,Road,3.9,2132,20,United States
a1e75eb9-c325-405e-b38c-8263e05ca45e,MSC 4048,Rail,3.35,1734,31,UAE
0b35c026-c927-4662-9884-8fc248133f88,Kuehne Nagel 4049,Sea,4.28,1320,22,China
9315f688-a707-4ee2-8527-c9a426731669,Hapag-Lloyd 4050,Sea,3.22,516,19,Japan
f2e6718d-6d58-4316-9e99-4620c3b1fdc8,CMA CGM 4051,Rail,3.15,2949,21,Germany
9b96f2b3-9954-4ed5-a53c-c3407c084acf,Kuehne Nagel 4052,Sea,4.11,1902,15,Netherlands
1b9e3825-6c1f-4e0e-abcf-aeeac4fcbe5d,Emirates SkyCargo 4053,Air,4.0,3170,4,United Kingdom
1d4d8940-cd0a-44c4-8b58-af0a3b4beda2,DB Schenker 4054,Rail,4.51,1207,16,Singapore
986b03f1-42b1-4bd2-95e7-c070846d2ba9,Allcargo Express 4055,Road,3.35,3674,37,South Korea
63d9445a-1a23-46c8-9ed4-cf04dca3728f,Kuehne Nagel 4056,Air,3.7,1335,21,Singapore
5f6d0914-8242-4366-b5f7-32472ea4bf78,DB Schenker 4057,Air,4.21,3047,24,Singapore
1ef99f66-f92d-40c3-bce5-49b98484c06d,FedEx 4058,Sea,4.78,2311,9,Japan
3b9c63e8-90d1-4ac7-8326-fa9f6bce8f4c,Kuehne Nagel 4059,Road,4.42,1788,32,Singapore
39a43b8e-9aef-4efd-9f4c-04cec769a4be,Hapag-Lloyd 4060,Rail,4.7,2757,8,Germany
8ce2799f-270b-4536-a130-a340281ffbf0,Blue Dart 4061,Rail,3.62,3773,24,India
9becc6bf-c0d5-4cd2-8df2-15b7a5b6f661,Maersk 4062,Sea,3.13,2565,14,United States
fb73502e-c2ce-4264-9fca-a3aa12e13cab,Hapag-Lloyd 4063,Air,3.15,2016,7,United States
8eecb5c6-15fd-4e84-882b-c4bfea947b7b,Hapag-Lloyd 4064,Sea,3.71,3881,37,Germany
03703478-9887-41cd-ab4e-11d15889db92,Maersk 4065,Sea,4.53,2094,23,Singapore
e5bc5497-0d19-4eb1-a121-598afcaf1b3a,FedEx 4066,Sea,3.53,3522,3,UAE
9204607a-d7a4-48d9-adc9-484397997f3e,Emirates SkyCargo 4067,Sea,3.52,2969,21,United States
fd77ada4-6783-42d0-87ca-6ac179170646,DHL 4068,Sea,4.22,3428,4,Germany
7d7ca57a-e164-40f1-85a1-6f028c81edb2,Maersk 4069,Sea,4.23,3351,30,China
566166bf-533a-4713-920a-465ab9a9ed56,DHL 4070,Sea,3.86,3738,9,United Kingdom
2a9d7883-f4ec-45aa-96c9-44ffc0db9aa5,DB Schenker 4071,Sea,4.83,334,23,South Korea
737efe8d-a58a-41ff-90af-d34e3ba3108c,Emirates SkyCargo 4072,Rail,3.91,1940,3,Netherlands
43f3b5cd-1cb9-4528-9a4b-e948e656fe75,Emirates SkyCargo 4073,Sea,4.72,3874,5,Japan
8e6bb96f-3021-48ce-b221-6ff2b0311e74,Maersk 4074,Sea,3.95,2163,15,UAE
9fa3fd45-7804-41c1-a515-50819c614479,CMA CGM 4075,Road,3.14,1577,6,Germany
dc416894-da94-4931-b3fc-280be6d06c9a,Allcargo Express 4076,Air,4.43,211,19,South Korea
59ecca09-5d06-43dd-a364-a024e95a3854,FedEx 4077,Air,3.44,164,12,United Kingdom
624720f5-d0cc-4b23-b37d-16ca66bb4eca,MSC 4078,Air,3.79,1230,13,Netherlands
4f3b4609-428f-4af1-a856-c974ea76de07,DHL 4079,Rail,3.62,1412,37,United Kingdom
c6fb9f26-3ee2-496e-a7db-a12c74289858,Kuehne Nagel 4080,Road,4.39,3477,31,India
b7824904-1aa8-48da-9536-0e5aab74c734,Emirates SkyCargo 4081,Rail,4.76,2504,25,United Kingdom
ec9e3165-a19f-4e32-9d29-a6d7cd779583,FedEx 4082,Sea,4.0,1495,37,Singapore
679155ae-65d4-40a5-aeac-fe854830886e,DP World Logistics 4083,Road,4.9,502,37,Japan
9a9ae6de-1e7e-43c0-982c-bca44add1928,Allcargo Express 4084,Sea,4.32,1236,11,UAE
caf8b395-b1f6-401f-b041-9540d7ca16d2,FedEx 4085,Sea,3.78,2558,24,China
020731b3-b4e4-4052-8bd0-c834c4b9f644,DP World Logistics 4086,Air,4.8,351,28,Netherlands
97d1727a-c02f-4122-8a8b-f526d229a0a8,DB Schenker 4087,Air,4.68,3799,28,Germany
4e0109b7-f905-4235-bfda-ba8c0abae5e5,Kuehne Nagel 4088,Road,3.11,3398,25,China
a437e221-c7d7-4c65-9d59-ac47df011588,DHL 4089,Road,3.43,2878,38,South Korea
02917c7a-2064-41da-a2c2-69ea025613bb,MSC 4090,Road,3.77,3045,31,China
e4658061-0b3c-47e0-8d4a-fd0f7f818bbc,DHL 4091,Rail,4.59,1682,31,Singapore
30f201a5-3dc1-467f-9062-22f349d04224,DB Schenker 4092,Rail,4.51,2916,27,Netherlands
ce3e0fe4-1e07-4162-855e-43516610a6d5,Hapag-Lloyd 4093,Air,4.06,3261,11,South Korea
81a93dfe-53c5-49a4-ad47-c86385c4d121,Hapag-Lloyd 4094,Sea,3.7,4064,12,Netherlands
27880ba5-98f8-4212-ba6e-41e5c6b5519e,Emirates SkyCargo 4095,Sea,3.53,489,13,China
8d0a8adc-f4f4-4dda-b0f5-92478bb1ac95,MSC 4096,Sea,4.52,1680,35,United Kingdom
61fb86b9-03df-4d20-b22e-b739199ba24c,Hapag-Lloyd 4097,Sea,3.5,3272,18,Netherlands
6c118119-bf7c-4cf0-9d36-94623975f7f7,Maersk 4098,Road,4.52,778,35,United Kingdom
d8840627-60b1-44a5-b0d1-31cf2c2f7eda,CMA CGM 4099,Road,4.34,1333,36,Germany
2f2c3d2e-543e-4ba5-862b-fd4922e96032,Allcargo Express 4100,Road,4.36,3153,34,Netherlands
b0672af8-7bf9-4673-b1c1-a377b8a6cf33,Emirates SkyCargo 4101,Sea,3.46,1523,16,Singapore
71e3e472-dcfd-44d5-a541-8b94a68f58aa,DB Schenker 4102,Road,4.29,111,33,Singapore
2ea90035-0215-44ec-9a8e-0483aad3dd69,FedEx 4103,Air,4.47,3671,22,Japan
4b68c039-7427-4ebf-b283-3e52ed74926c,FedEx 4104,Sea,4.85,2034,38,India
94d857be-0525-4ff8-b341-9943a7eeae08,DHL 4105,Road,3.88,400,8,UAE
e68d0870-2f54-4f5e-97a3-4f449b1fc361,CMA CGM 4106,Road,4.41,137,36,United States
b5b1309a-af09-48f9-9923-c6e1b3e59286,Blue Dart 4107,Rail,4.33,1106,30,Germany
7f447129-e969-4039-957b-37593a8328c5,CMA CGM 4108,Rail,4.58,712,30,Germany
c5e75057-92af-4aeb-a992-c382c8776d91,Hapag-Lloyd 4109,Road,3.88,2888,31,United States
c217a03f-df1d-4cb1-8fd3-193458275623,DB Schenker 4110,Sea,4.79,3826,26,South Korea
ecb365f3-7cf1-44b8-9657-1066005b02c3,DHL 4111,Air,3.81,2002,10,UAE
e390d1ca-5e31-48a6-815e-c5214ac67c16,Emirates SkyCargo 4112,Road,4.39,3198,5,Netherlands
b41040f1-3c44-4910-8c2c-eb5c7dcbe669,DHL 4113,Sea,3.24,3372,27,Germany
7b38c470-3364-4577-be9a-8e4abc13dca1,DB Schenker 4114,Road,3.8,3367,13,Japan
7d616e88-073d-49c5-b454-2d59eb5b47c6,Blue Dart 4115,Sea,3.78,1478,38,Netherlands
ff564504-8d55-40ab-a234-ca580474424e,Blue Dart 4116,Air,3.22,3652,20,South Korea
e75582b8-ef98-46a0-95e7-2fdca41ee9cc,DHL 4117,Road,3.43,1487,27,Germany
0561c0a7-27f2-4c29-b499-985b6d817d61,MSC 4118,Rail,4.09,1284,33,Germany
a08f2a6e-486c-47b1-b091-87a6be383e54,Kuehne Nagel 4119,Air,3.13,1411,27,Japan
452e14e3-5847-410c-a432-a30e181f9d8b,Blue Dart 4120,Sea,4.78,3292,35,India
31ee235d-2ff3-47a9-bb4c-5642b8339736,Kuehne Nagel 4121,Air,4.03,2856,31,Japan
e37c8a29-87f9-4ad1-ba9a-54975fe51bdf,Kuehne Nagel 4122,Road,4.22,3869,18,South Korea
05243545-b51a-49c7-9769-8b56b4e268a1,Allcargo Express 4123,Rail,3.94,2349,21,Japan
06c74e65-afcc-4002-b460-8696eec25974,DP World Logistics 4124,Sea,4.87,3826,6,Germany
7c635030-ae84-462b-851b-dca9f8768286,Blue Dart 4125,Sea,4.29,1418,28,Japan
7aeb48c6-d3cd-4d45-adce-967c8522cbce,Maersk 4126,Road,4.89,3335,20,China
0ce193da-8d29-42b1-b5fc-5979441d2bce,DB Schenker 4127,Sea,4.74,746,4,Singapore
7e30484d-0bea-42e8-aaf0-d5a8f31f8d7c,Hapag-Lloyd 4128,Road,4.61,600,37,China
60e6fecf-498f-4a5d-be2f-32e6c7c8b881,Allcargo Express 4129,Sea,3.51,2033,36,Germany
8f337445-f0e8-4436-b37a-1af9283fa636,DB Schenker 4130,Road,3.48,3081,21,United States
96478375-e86c-451d-a922-d696c29ef2eb,Blue Dart 4131,Sea,3.26,816,14,Germany
d77becb6-7622-4955-b911-63a4f4abbde9,Hapag-Lloyd 4132,Road,3.48,3225,5,United Kingdom
e28ed139-ae1c-4a4e-b48a-0cf8e5a078f6,Hapag-Lloyd 4133,Sea,3.37,2542,28,United States
77b7364d-9bd7-4d47-88cc-6c4458cfacbc,DB Schenker 4134,Road,4.52,202,15,India
9cb226f4-132c-48ed-afa2-8f954e3a7f06,Maersk 4135,Road,4.6,1717,15,UAE
85677d10-1c86-417e-bc7b-5e0049040dbc,Emirates SkyCargo 4136,Sea,4.74,1681,26,China
eadbf487-0815-40fd-84a0-d49af07af281,Blue Dart 4137,Road,3.13,341,33,India
385c2b32-60e8-4d87-8cdb-11739de32b6c,Blue Dart 4138,Road,3.9,3205,11,Germany
b3a96781-e038-4794-b22a-6ec495a4c7d7,Kuehne Nagel 4139,Sea,4.19,2816,27,United Kingdom
c1ea006d-6150-4f7b-a35a-4605b0d219cd,FedEx 4140,Air,3.89,2931,35,UAE
c8a83095-f77e-4e2b-a00f-59ae8b6da7c9,DHL 4141,Road,3.86,1856,25,Germany
e8571533-490d-4d62-b288-ace819463556,DB Schenker 4142,Rail,4.43,1844,38,Singapore
549a0450-66e0-413b-96be-4dfb80a4258d,MSC 4143,Road,4.8,2325,19,India
7372ebe2-5f01-4259-ba55-caff8ce3e235,DB Schenker 4144,Sea,4.68,2297,10,Japan
586a5b47-ad5c-4296-81e8-8bbc9bf11758,DB Schenker 4145,Air,4.75,1574,25,United Kingdom
e7a2bc1c-45fa-4e5c-b2ce-1840a56abf42,MSC 4146,Road,3.2,747,30,Japan
8d54da64-599b-491e-b6b1-8c5dd77308d0,DB Schenker 4147,Rail,4.7,3621,33,South Korea
6b13a43b-2190-43e7-aaaa-ce2aaab6c3a4,Maersk 4148,Air,4.76,980,9,UAE
d4d67d9f-412b-4fc3-9bdc-70fcb20c1943,MSC 4149,Road,4.08,2907,15,UAE
9f1b8dc8-96cd-4127-b63a-1cdc7053edb6,Allcargo Express 4150,Rail,4.55,2024,8,UAE
df533fd2-73bb-4435-b10a-a5b7f7503576,DHL 4151,Air,3.45,2913,14,Germany
c15abdb3-90c5-457c-8b19-beba7fcf1d3d,Blue Dart 4152,Road,3.24,3069,10,United Kingdom
35eb87c3-a540-4494-bd50-dce6a956bac9,DP World Logistics 4153,Sea,4.62,597,11,United Kingdom
30c2297e-0e49-406c-921c-59c0a28d3b70,FedEx 4154,Sea,4.33,3239,17,China
254b5969-8530-4f0a-b281-1e40ca7c2238,Kuehne Nagel 4155,Rail,4.34,603,35,Singapore
382b7664-7151-4753-845d-517c2e95293a,Allcargo Express 4156,Sea,3.93,3570,9,Singapore
d9f86177-265a-4dac-bae7-2ebe652a7d5c,CMA CGM 4157,Air,3.36,3693,8,China
1bb6e860-9770-4544-9d6d-6c7fa31606f8,Kuehne Nagel 4158,Air,4.1,1084,29,Japan
daad8257-937b-4e21-b982-e1a21fdd1ed2,Allcargo Express 4159,Road,3.98,4135,28,UAE
3e58af42-8b0f-4849-9117-0ad242ca09d2,DHL 4160,Sea,3.41,74,30,India
d865c76e-b10b-4b56-966e-eab93d5a9ecf,Blue Dart 4161,Sea,3.23,1352,28,Germany
0af727b7-aba0-4673-a005-6af32842851f,Hapag-Lloyd 4162,Sea,4.9,3040,15,Japan
81f34db6-95c2-4378-9cc8-922b2729d7e1,Maersk 4163,Sea,3.67,449,10,UAE
df419581-cc00-43bf-97f1-18f91df7d620,DHL 4164,Sea,4.46,2277,31,United States
9c4e1a89-9818-4e8d-a454-e623fd9041e4,DB Schenker 4165,Road,3.68,3744,14,United Kingdom
7158d1b8-ae48-4bc0-80e4-c166e025d841,MSC 4166,Air,4.66,2081,34,India
f5e34aa7-062d-4c39-a55d-ea4afc8dba24,Hapag-Lloyd 4167,Road,3.64,1951,12,India
2e0ab009-a4d6-4c23-a965-327b61891551,DP World Logistics 4168,Sea,4.75,2155,12,United Kingdom
f84e87eb-6af6-4acf-be6a-8b63c3a60a78,DB Schenker 4169,Sea,4.41,4027,25,Singapore
bd4562c8-6bda-4b3c-8bce-5c41b7534a4f,DHL 4170,Road,3.23,3553,11,Netherlands
506f0ca6-4b66-4684-8184-e5a546055bb2,Maersk 4171,Road,3.85,3188,15,Netherlands
eceb9af9-2e6b-4462-9077-e6eb4b23d125,Hapag-Lloyd 4172,Sea,4.58,3892,23,United States
dc785d82-764f-4217-bc91-68e28787830b,CMA CGM 4173,Road,4.81,2877,4,Germany
d3dc4f22-e997-4640-abab-0b5b3bbe9a36,Allcargo Express 4174,Rail,4.4,474,24,Japan
b7f6c1a5-a0ff-44e3-89fe-f8316bad4e0e,Allcargo Express 4175,Air,4.2,3884,17,India
ca33a59a-f90b-452b-802e-ddde41f0fe77,Blue Dart 4176,Sea,4.06,4147,16,UAE
40b8bc4b-fc2e-4ed5-8586-65b24d4a0f79,DHL 4177,Sea,3.98,3652,33,United States
21804468-7312-4dfe-8602-f1536f480be4,Maersk 4178,Road,3.2,3740,3,Japan
0d97dfe7-96d6-4e39-b7d9-8dc25fc47186,Hapag-Lloyd 4179,Air,3.22,165,22,UAE
b4ef0a5b-0f1b-4bf4-82d1-5c2c592c8c8a,DP World Logistics 4180,Sea,4.79,3171,32,Germany
733ef3cd-12b9-41a6-8ecd-4274ae8a470a,FedEx 4181,Sea,4.29,3434,38,China
08bec44f-4695-47de-9850-fa084cfa2a0f,CMA CGM 4182,Rail,3.16,1277,32,India
daab1fc4-d4cb-4a18-a374-0ecbee4fc0c0,Emirates SkyCargo 4183,Rail,4.4,2301,35,India
65004706-e97f-47a7-9b0f-3e41c97291dd,DB Schenker 4184,Road,3.55,966,28,Japan
70a873e2-a1d0-4698-b2fd-1720cb5f060e,MSC 4185,Air,3.48,1801,11,India
815c85b9-4c76-4028-aa58-7bf1c53bf049,MSC 4186,Road,3.63,1879,27,United Kingdom
2c2c9cde-5eb1-465a-ae86-04d4a43c353c,Hapag-Lloyd 4187,Road,4.38,2063,26,China
241e9e07-3656-42e3-a4f8-5da3f25cf567,MSC 4188,Air,4.81,1885,19,Singapore
30371b67-0d8a-4734-9cb0-7f1618b9ab0a,DB Schenker 4189,Rail,4.33,4021,15,United Kingdom
7d024a7c-4f20-4b61-920e-621800f8a08e,MSC 4190,Air,3.74,3231,29,South Korea
6498a3c9-8a59-4e17-856e-6bfaeb36c455,FedEx 4191,Sea,3.98,2374,14,India
640b5fab-7b5b-40c9-be02-3c6097fa9838,MSC 4192,Road,4.77,1822,10,Netherlands
098c9dba-fd6c-4213-a337-b199cb284edd,DP World Logistics 4193,Sea,4.66,2473,13,United States
440a3582-228c-4982-b5aa-eb8e0765ebe6,Allcargo Express 4194,Sea,3.8,677,6,India
41ce5d5e-0872-42d0-8cc8-d4abbe4b831e,DB Schenker 4195,Sea,4.65,3381,20,Japan
60ee4768-ce69-41ad-aa85-6a61339d3cc4,FedEx 4196,Rail,3.53,952,9,China
19b18618-d0b9-4823-8ecb-c1bb297090ef,Blue Dart 4197,Air,3.12,911,17,India
4d0b270d-f96b-4ca3-9d18-3c8fffc8ceb1,MSC 4198,Air,3.99,2686,34,Japan
8fea2b5f-f30c-4266-b678-487c418821a2,Kuehne Nagel 4199,Rail,4.64,4095,31,United Kingdom
b4f7dc39-2f27-49ab-822d-3f469e6cda22,Hapag-Lloyd 4200,Rail,4.47,2439,28,China
32810ac6-6409-4ba3-974a-cabf2d809725,Maersk 4201,Air,3.26,2585,3,Japan
5c930e1f-d080-438e-839c-7da7d67425f6,Emirates SkyCargo 4202,Sea,4.45,696,30,UAE
01aa5674-ed86-43fb-93f5-7c467478c7cd,Kuehne Nagel 4203,Rail,4.28,3598,10,South Korea
c75f1c32-e86f-4257-adc6-5e11eba0069e,CMA CGM 4204,Road,4.1,2423,24,UAE
23c91d58-37b3-4ae5-8615-253729bd27ac,DB Schenker 4205,Sea,3.42,1077,4,Netherlands
34ff1c41-f923-4450-a35b-2de98e897b52,Blue Dart 4206,Road,3.57,2087,24,China
ee644f59-31e1-4595-b5af-0159636056de,DP World Logistics 4207,Air,4.16,2680,8,Germany
d5bf82eb-cc86-4e47-be41-22d7f21ad0b4,Blue Dart 4208,Sea,3.74,1506,5,UAE
ea8b6b92-9ce3-44d4-a38b-72c4687784e0,Hapag-Lloyd 4209,Sea,3.49,1518,12,Japan
621a58e7-a1e0-40f3-9537-50f979f4ff05,Emirates SkyCargo 4210,Road,4.23,3558,20,United States
4be628bc-a234-4dbc-8f1f-30773d68420d,FedEx 4211,Rail,4.15,547,8,United States
3ce47c90-ea4b-48cb-ae64-75a4317b6c80,DP World Logistics 4212,Road,4.77,407,31,United States
f4fb82a8-4eac-469c-b270-a226ccc40ad0,Emirates SkyCargo 4213,Road,3.98,2056,7,South Korea
b33b6f0e-9b3e-4403-93b3-9952117537bb,Blue Dart 4214,Sea,3.67,2262,10,United Kingdom
b3efaee6-0b32-43d0-a18f-840673de991f,Blue Dart 4215,Road,4.09,182,12,United States
d4c833af-cc18-4113-99b9-55b06b9113b3,DB Schenker 4216,Road,4.49,766,26,Germany
14b73ad5-db8b-49ee-84d7-19809abfd16e,Emirates SkyCargo 4217,Sea,4.36,1760,22,Netherlands
a11c43a0-d9fb-4726-9bc5-2871128220e6,Maersk 4218,Sea,3.54,779,16,United Kingdom
30ee2ac4-962c-4e26-a7c0-caf4ee35906d,Maersk 4219,Road,4.11,2860,14,Singapore
4f97b4ba-09a6-4443-b26e-8b575b47f2f2,Maersk 4220,Air,3.89,3394,6,Japan
cee45edf-f57f-4729-b314-28ecf762549c,MSC 4221,Sea,3.62,531,19,UAE
b0f54007-f4ed-4b77-a2e5-7a7315286b56,Hapag-Lloyd 4222,Rail,4.43,1549,32,China
f2ddd0e9-6beb-4774-a75f-2f77fc96f2a0,Blue Dart 4223,Sea,3.6,2470,32,Netherlands
71f1de5e-d8c3-4544-81d6-056b09f3c404,Blue Dart 4224,Rail,3.11,3052,18,United States
135f9f6f-48a7-4523-8217-e5001aa4567d,DP World Logistics 4225,Rail,3.28,610,29,South Korea
5eaa1e59-fe87-459f-bb93-ab9ce604bf50,DP World Logistics 4226,Road,3.65,2005,26,Singapore
9f0896e0-77d0-4084-8afd-ff3d5d9fd3f9,Emirates SkyCargo 4227,Sea,4.67,2613,37,Singapore
0e7d962f-c860-44ef-bda7-689fc742219f,MSC 4228,Road,3.58,3478,17,South Korea
31d49010-c7ac-493f-834c-ba023a019e5f,FedEx 4229,Sea,4.32,528,33,Japan
99ac31a4-c539-4f8b-9938-005d1535260c,MSC 4230,Sea,3.5,1031,28,India
a9de9f84-17e5-475c-8306-c34221642cd3,DHL 4231,Sea,3.6,2004,12,Germany
157312b1-39d5-4f6a-a4ad-1076c30371fc,DHL 4232,Sea,3.71,642,7,Germany
ccda42ae-9e3c-4b9f-8f0a-868c50ebe839,Allcargo Express 4233,Sea,3.12,1839,25,Singapore
f6611ceb-8979-49f4-868e-82461eef6c53,CMA CGM 4234,Sea,4.84,241,34,Japan
7fa3ac9d-d2d8-4934-a3d9-57ead0c87d71,Hapag-Lloyd 4235,Road,3.17,3332,3,UAE
637f6b62-4494-423d-917b-b0b915984e88,Hapag-Lloyd 4236,Sea,3.75,3139,4,United States
b4b2e4f0-7764-4e64-9823-7712a3ea46f6,Kuehne Nagel 4237,Road,4.18,1619,25,South Korea
2cd07b07-484c-40fb-9f5c-94ac86961e67,DHL 4238,Sea,3.71,2104,18,India
8599b367-d5fe-42dd-bfdf-2ea3c197346b,FedEx 4239,Road,4.01,726,3,UAE
9c80ef02-e31b-4f62-b287-b01053dd7fb4,DP World Logistics 4240,Road,4.4,270,6,Singapore
898a6ae7-010b-4c1a-87ab-521808d2edf2,MSC 4241,Road,3.13,3510,28,India
7919f81f-61e0-492d-ad72-f61c611fa285,FedEx 4242,Rail,4.62,407,5,United Kingdom
31ffb60e-a4c1-44a7-821f-57bff81f338e,Blue Dart 4243,Air,4.53,304,36,China
884c5160-db73-48bd-94c4-16cfae11be9e,Kuehne Nagel 4244,Sea,4.03,3651,12,Netherlands
d25a5ce0-f158-4a97-9d87-88c4fbf344c8,Kuehne Nagel 4245,Sea,4.34,1606,27,UAE
24e82237-99fc-48ff-9aee-1e92035ff6ed,DHL 4246,Sea,3.83,1873,34,United Kingdom
d3069250-8bc2-480a-9397-365dcc7499b0,Allcargo Express 4247,Road,3.71,3070,23,UAE
94af6b43-24da-4e20-b686-e9573eebf29c,DP World Logistics 4248,Sea,4.66,3757,3,Germany
798af7c4-7f87-4141-82db-a40914decb47,Kuehne Nagel 4249,Road,4.86,3132,9,India
6262a5b5-43a0-4a68-a96e-a757e2cf6614,DB Schenker 4250,Rail,3.66,3919,8,China
48c5d0cb-2a4e-4711-b75b-c55d0443ee6e,Kuehne Nagel 4251,Road,3.29,2091,5,Japan
03d23db0-4332-44fa-9d11-d76eb92172bf,DP World Logistics 4252,Road,3.52,3490,20,United Kingdom
e71622db-6e4b-4895-9c4e-c0ac92519ce6,CMA CGM 4253,Sea,3.38,3698,25,United States
ce3d32e5-59f2-4c49-b7c8-e4ba577a6eb7,Kuehne Nagel 4254,Rail,4.55,69,29,Singapore
c13b0717-a08d-4e86-8f79-1d8f66f46ead,DHL 4255,Rail,4.42,338,11,Singapore
5118c513-c510-4af9-9b70-841660340b95,DP World Logistics 4256,Sea,4.72,3298,3,India
ede0800b-7c04-4e8e-9419-d61c484d8b7b,Maersk 4257,Sea,4.84,390,3,United States
4e850874-8ff6-4ace-989b-3340861c607d,DHL 4258,Air,3.78,206,35,India
da2e2d64-61d0-4680-93cd-75975bfe2329,MSC 4259,Rail,3.62,905,12,United States
2098b318-788c-443c-af60-4c4a7d7738fd,Blue Dart 4260,Sea,3.81,897,3,India
34140c80-dd27-4a94-adda-ca3bd02b3343,DHL 4261,Sea,4.58,2971,35,Netherlands
1f03f4b1-19f3-4b4b-984e-9fc32e217c4a,FedEx 4262,Sea,3.3,890,12,South Korea
96bc4417-48a0-4a4f-beaa-e0d409fae6d0,Hapag-Lloyd 4263,Sea,3.82,1300,22,UAE
5cf542aa-69b3-4937-bb24-966a10a8d41f,CMA CGM 4264,Road,4.35,1573,18,Netherlands
7d771a84-de69-4369-a370-92c01473fc85,MSC 4265,Rail,3.3,903,6,South Korea
520353e9-1826-4aeb-9903-6b45f8e60a7f,DP World Logistics 4266,Sea,3.52,3629,5,United States
24310f7e-f045-4f6e-bfba-663948f33550,Emirates SkyCargo 4267,Road,4.22,3397,16,United Kingdom
af3af6fe-4b57-453c-bba6-6d304460e795,Kuehne Nagel 4268,Sea,3.93,2721,31,United States
ef19b479-4baf-4239-b957-ca03659b884f,Blue Dart 4269,Sea,3.89,3750,36,India
589818f7-3f17-4db0-8afb-f1c2025e04d6,Kuehne Nagel 4270,Road,4.53,563,29,UAE
b71a81c8-8cda-4756-8f16-390969338364,DP World Logistics 4271,Air,3.49,494,24,Japan
6c94cb01-3b44-4c18-80d0-8c79512e66fc,DB Schenker 4272,Road,4.83,3161,37,India
965917a8-2e0c-4075-9232-00428064572c,Emirates SkyCargo 4273,Sea,3.22,2296,15,United Kingdom
8de1c089-47b2-47a6-9324-aaf90a485528,DP World Logistics 4274,Sea,4.48,2113,37,UAE
f1192f6b-1c35-4202-93bf-c6d413418afc,Maersk 4275,Sea,3.48,376,20,Singapore
736db146-e7fb-4e89-9b8e-9c82b111334d,FedEx 4276,Road,3.63,3551,15,UAE
249b3484-5934-414f-97d3-947a4fd7d4fa,DP World Logistics 4277,Sea,3.35,2403,24,Singapore
fc9b03c3-24dd-4927-81b3-dc82cbe1f7be,DHL 4278,Road,3.7,1209,38,United States
fe5f2ff5-c03b-4f41-beb8-34833d7fbeb1,MSC 4279,Sea,4.08,185,28,Singapore
eaa3c0c0-dbef-4056-a771-543d347a3ac3,Maersk 4280,Rail,4.55,2568,16,South Korea
c2d3f052-0543-4915-8b8d-232a059f65b2,Blue Dart 4281,Road,4.46,2678,31,Japan
77f5675b-edca-43eb-a3ec-72c3dd8ffd9b,Emirates SkyCargo 4282,Sea,3.42,1884,26,Singapore
62008fb2-cd2f-4279-9d8a-d1985362e45f,DHL 4283,Sea,4.21,2144,10,Japan
1df644a3-65e3-470a-9cc5-eeca6136fc52,Kuehne Nagel 4284,Road,4.5,485,12,UAE
6f0c93db-922d-4fd3-8a70-dcc4f501baec,Emirates SkyCargo 4285,Sea,4.53,3963,22,United States
82300805-df5e-4fa8-811a-555eb1001856,Allcargo Express 4286,Air,3.83,3408,4,UAE
4c400b41-fd51-4f9c-b266-8f84839908b5,Blue Dart 4287,Road,3.65,3031,6,Singapore
360d75e7-6d57-49c3-a8bf-5b9de287d354,DHL 4288,Road,3.85,3196,13,United Kingdom
21b267e0-c562-48ce-8330-6be1b1544a83,DB Schenker 4289,Sea,3.13,59,13,South Korea
0d931485-77be-4101-bccc-e050d03afb00,DB Schenker 4290,Sea,4.45,3245,15,India
4a17db5f-f979-4d41-91cd-0ea653f0e3b4,DHL 4291,Sea,3.78,75,12,China
b69b4a87-8c6a-4c39-9629-32676140d0d3,FedEx 4292,Air,3.34,3528,22,Germany
e375ed64-69ee-4ff6-bba0-f2c5b7e5fbe2,DB Schenker 4293,Air,3.66,1150,36,United States
ec3647b7-a194-4b08-b5ea-b68fe2a32f50,Allcargo Express 4294,Sea,4.61,590,13,United States
230e82ce-a2e2-47e5-bca5-298c81e0f30c,Maersk 4295,Road,3.25,3526,30,UAE
4c5f357b-5dcb-4968-8bcd-94f2bcc2968b,Kuehne Nagel 4296,Air,4.15,3455,8,China
5bc21101-b5f5-4b1e-811e-48912c536434,Kuehne Nagel 4297,Road,4.87,1647,37,Japan
a57805b9-9237-433c-bdb5-ed703d45d138,FedEx 4298,Sea,4.8,2481,6,Japan
972d2d0d-95f6-4b65-967d-c500ce775353,MSC 4299,Air,3.91,3096,12,United States
87d4f27b-1cb6-4dbd-9871-0a05613c2334,DB Schenker 4300,Road,3.35,3320,23,India
06e1f4fc-afa7-4b75-b733-cfc3c7f4d227,DP World Logistics 4301,Sea,4.44,3429,22,Singapore
63ae5a57-8201-4f7f-aa08-7c5419a84b86,CMA CGM 4302,Sea,3.96,470,28,Germany
b5c5e455-16f3-41a6-832e-6679892faaa3,Kuehne Nagel 4303,Sea,4.69,65,9,UAE
0366ea44-61c0-407e-a019-b7cd0f0195bd,DHL 4304,Air,3.5,2658,4,United States
30ce6d77-d7fd-48b4-ab37-aff7e4f86964,DHL 4305,Road,4.44,2250,33,Singapore
57bab7a5-8b96-42f9-a26c-410991ae2ff9,Blue Dart 4306,Road,3.8,2515,15,Japan
386c0489-b020-4b71-845b-b75471a15fbb,DP World Logistics 4307,Rail,4.55,1048,24,UAE
f5b76b2f-188c-48a4-92e5-73f2c2147767,Kuehne Nagel 4308,Sea,4.15,961,33,South Korea
daa3fd97-4e9e-48f3-91c4-edc4db0f2eb8,CMA CGM 4309,Air,3.36,846,17,United Kingdom
a8efb22c-f294-477f-bb15-b4f62daed07c,DP World Logistics 4310,Sea,4.75,2875,24,UAE
def42d7d-9de6-4722-85f7-4c3fce860715,Maersk 4311,Sea,3.33,1521,33,Germany
de6166be-1d66-4c8e-89d9-cf5fc0587e47,Emirates SkyCargo 4312,Road,3.55,2142,12,Germany
1c11151b-f3dc-472b-b37d-bb397b031391,Blue Dart 4313,Air,4.85,869,11,China
b947466c-4d6f-44db-8213-1060aae38707,DB Schenker 4314,Sea,4.57,1973,28,South Korea
75ccd261-c05b-441e-8f25-aac370b26f02,CMA CGM 4315,Road,4.76,3626,17,United States
46e89fb9-043d-4caa-9ca5-9ce1573b1a98,MSC 4316,Sea,3.35,3974,28,United Kingdom
bcdf645a-cf8c-42be-a82e-6e41c8ff5f65,FedEx 4317,Sea,3.82,987,33,United States
565fa8a6-a64b-4075-897c-9cc1f047072b,Emirates SkyCargo 4318,Air,4.74,2849,13,Singapore
9a1c1a39-b561-480c-9866-dd443eabd69b,DB Schenker 4319,Road,3.84,2661,6,UAE
efccf11c-47b1-4006-ae8d-04905ba214c4,DB Schenker 4320,Air,4.46,2604,30,Germany
d1e5d82d-57fc-48c0-803a-f7cb6d0b651d,Blue Dart 4321,Road,3.52,981,20,South Korea
e2b9b06e-0581-4181-b6e9-b14a3536e211,MSC 4322,Road,4.08,346,28,United Kingdom
c1412483-da38-443f-a06f-5faec171abe1,DHL 4323,Sea,4.4,4067,20,Japan
4b3cc247-b5de-4bbb-a12e-0ce73db6a0d8,DHL 4324,Air,4.21,952,3,Germany
7fe3e46a-89a6-4529-ad0a-df88dde0ca33,Allcargo Express 4325,Sea,4.16,149,29,Japan
97ab1dd0-dc42-4ee4-a6ad-9a5a029d5b26,MSC 4326,Road,4.02,3440,18,United States
d1ae8ea1-a276-4854-8ec6-f7465fd6e5b1,DP World Logistics 4327,Sea,3.27,1631,19,Germany
7c7e7fc2-8942-4fb3-bd67-9f8a22ebc93d,DHL 4328,Sea,3.92,2750,3,United Kingdom
f19fe6c5-3bd5-41bb-b73d-e54c93de7296,DP World Logistics 4329,Road,3.56,1956,11,China
4d8d7e88-4c4a-4464-8393-e9b2330e60aa,Blue Dart 4330,Sea,3.69,3509,13,Netherlands
9002e393-d2e4-42b7-8e66-1b9de9e3fdb4,MSC 4331,Road,4.43,3845,38,Singapore
a8987080-c78a-4bda-b309-c1c773c90c20,Blue Dart 4332,Rail,4.17,1843,28,Singapore
a9fba257-431c-4a42-8262-51fd121eb2db,MSC 4333,Sea,4.65,234,13,Netherlands
3edd464a-391d-47c0-b04c-a5adf420af40,Hapag-Lloyd 4334,Sea,3.56,428,24,United Kingdom
6851b99a-81c9-4a63-b58c-e56e4ad68d2e,DP World Logistics 4335,Rail,3.43,3530,19,Netherlands
925697fd-d424-4506-942d-c460f00335dd,DB Schenker 4336,Air,4.67,2942,31,UAE
7eb59561-5bac-4167-a1a9-9a0cfac81ada,Hapag-Lloyd 4337,Air,4.48,2634,29,United States
b00c8967-d2e0-419d-be82-c39b0870bffa,DHL 4338,Air,4.61,2780,20,Netherlands
9b20aee4-3357-4a4d-a729-32efd8fb6bad,Kuehne Nagel 4339,Sea,4.04,3333,3,UAE
ac3e7051-a73f-4b8e-8609-753836a3dfa8,DB Schenker 4340,Road,4.89,4187,32,United States
ad354861-6b82-408a-820c-779db465403d,DHL 4341,Sea,4.52,1410,23,United States
4ade02e4-6f04-4a7d-9712-fa3b06cc2da8,DP World Logistics 4342,Sea,3.95,4165,9,United Kingdom
0be29cad-7840-4d0a-a0e2-9ca7d65ba8eb,Blue Dart 4343,Road,4.06,4016,11,Netherlands
b089175a-eb99-4864-9f51-1cb4b4013a2b,MSC 4344,Sea,3.58,3922,26,India
ce817715-7076-4400-aec9-8641f98e1b78,CMA CGM 4345,Rail,3.64,1487,9,South Korea
96d1f0d8-df34-41c3-a475-b2ac8317c2bf,DP World Logistics 4346,Road,3.84,418,32,Netherlands
237ccc40-58b9-449b-a29f-816cacb64b86,DHL 4347,Air,3.72,1041,11,Germany
3f6cf47a-5761-45d6-adaa-bd091e45041b,Maersk 4348,Sea,3.81,1053,26,United States
e2c0a4ba-0efc-43be-a4f8-98b87e9b885a,FedEx 4349,Air,4.14,782,23,China
c997fe1e-d647-4993-9548-f9e789ceea83,Allcargo Express 4350,Sea,4.1,829,29,India
9fcbdf96-4836-4fe4-9bb2-fe3da72f099c,Maersk 4351,Road,3.14,1105,37,China
89e9d1d9-1fb6-4a4f-89d7-16dba402a2d5,Allcargo Express 4352,Road,4.38,750,20,China
49a2ad73-f3c8-4dbc-bd76-044bb81b2354,Emirates SkyCargo 4353,Sea,3.82,1061,23,China
9d9084c4-0c64-4771-812e-e40aefd1e672,Emirates SkyCargo 4354,Rail,4.78,3020,33,United Kingdom
7168190a-b181-42f9-b992-1554d81cf7c5,Hapag-Lloyd 4355,Road,3.73,439,11,Netherlands
5ade23c7-01e7-41b9-b216-8d8f640707ad,Hapag-Lloyd 4356,Sea,4.19,3621,8,UAE
9c3f22b7-f9d8-4e1b-8e60-850a9d5cb3cd,Emirates SkyCargo 4357,Road,4.47,2577,5,China
7cc8cc34-f891-4c5e-b8ce-f17931320963,DP World Logistics 4358,Sea,3.7,992,29,Japan
dc43cf79-6b07-4877-9fdf-f55a7dd7ca0f,Emirates SkyCargo 4359,Road,3.96,1521,11,Japan
c2de9ffc-567b-4bdd-bf64-92197736bc24,Kuehne Nagel 4360,Sea,3.53,2804,28,India
d167a137-41ca-4ee8-836c-af60d7c31efb,Maersk 4361,Sea,4.64,3436,14,Germany
f9dede6c-8ef0-4721-b03a-5e7de528795a,MSC 4362,Sea,3.34,2555,15,Germany
04790e14-f6ad-4a48-9de5-68f5c9dc3c13,Emirates SkyCargo 4363,Sea,4.16,145,3,Japan
9beff13f-b511-4a58-a594-c4d1cf0ddc30,Hapag-Lloyd 4364,Road,4.06,552,22,Singapore
701c6bec-8f26-4129-b579-fa65f5bb3a29,MSC 4365,Sea,4.86,4082,28,Netherlands
52a28cf4-09c5-4803-8a24-a9018e2d6bac,Maersk 4366,Rail,3.32,1450,31,Germany
4f4f075e-8956-4921-98ac-123bd1f2e38c,DP World Logistics 4367,Road,3.61,640,18,India
e59751e0-8725-4bef-9e92-a774e57be29f,CMA CGM 4368,Road,4.74,1134,31,Netherlands
d3d12697-845e-4318-b252-ed41beac6bac,Blue Dart 4369,Rail,4.65,2233,10,India
9c90a1e8-a320-4ef2-87ed-b74026fe6f7f,Kuehne Nagel 4370,Air,4.42,91,14,Germany
db05d6d4-5357-4a5e-b656-72ade33382dd,Blue Dart 4371,Road,3.26,1368,16,Germany
e0e4bb73-d3ca-4fee-9d7b-6bbbdd4a454c,DB Schenker 4372,Road,3.66,3552,27,South Korea
aa7025e5-80cb-4975-b6ab-e359f9163203,Hapag-Lloyd 4373,Sea,3.37,3792,24,South Korea
02da0d91-148b-46f8-af68-665c4f89ed91,Kuehne Nagel 4374,Road,4.35,81,11,Singapore
ddce0739-c868-46e3-9450-d62d9b250f81,Allcargo Express 4375,Road,4.26,1983,27,Singapore
099dcec9-e075-47eb-ba09-6c0272b286bd,Maersk 4376,Air,4.47,3669,5,Netherlands
9ffac881-6dd7-40d5-a256-011c6e98a259,Emirates SkyCargo 4377,Air,3.63,2358,28,Japan
1e8361cd-57e6-4f3c-bad5-6f2adea59224,Emirates SkyCargo 4378,Road,3.35,1629,8,Singapore
fd167637-4e21-482e-9541-52be1f56f02d,DP World Logistics 4379,Sea,4.39,3749,5,South Korea
182bb189-0d84-4464-a67e-5eb1e2c7995f,DB Schenker 4380,Sea,3.23,626,25,United States
68ad224b-7a7a-40de-b37b-030595cdd5d1,Maersk 4381,Sea,4.45,2829,32,Germany
2f9fb2d5-bbb7-461a-96b5-a7287e8d5f51,Blue Dart 4382,Sea,4.54,2251,10,Netherlands
908c3f3f-5e88-471e-afa3-d3ba910ffe62,DB Schenker 4383,Sea,4.21,1381,27,South Korea
11ff2c32-364c-4681-95da-8f48e3773109,DP World Logistics 4384,Air,4.56,2281,9,South Korea
23c0cc77-82eb-4132-bd28-2f663bfa7df4,Hapag-Lloyd 4385,Sea,3.22,2249,36,China
0d109dae-6024-4653-abe6-8a1df96c066a,Emirates SkyCargo 4386,Road,3.73,3605,17,India
6934f0c8-943d-4d50-b9db-a46377ea26cd,Emirates SkyCargo 4387,Sea,3.37,3844,37,United States
9f8b974b-6366-40ff-a41e-4573beac8542,FedEx 4388,Sea,4.39,2639,15,United States
8d65e1e5-640e-4f7d-b020-7bb54115222c,DHL 4389,Sea,3.42,2151,11,UAE
d06a353b-cfba-44d8-a9cd-c14dc2744f51,Emirates SkyCargo 4390,Air,4.44,2693,5,Germany
42a432b7-8473-4b91-a183-bd9a460ac7d5,Emirates SkyCargo 4391,Rail,3.18,1211,4,India
95f42497-c09b-4dcf-9442-676e1dd2f2ad,DHL 4392,Sea,3.37,4110,21,Japan
ce74300d-3a76-4e7f-a0f9-86b89e997d41,FedEx 4393,Sea,3.3,1438,33,Singapore
ff6302c1-a666-470d-9313-72abe256f885,Allcargo Express 4394,Sea,3.36,3883,23,UAE
36040e69-96c7-4607-bc6f-75a118d46a29,Emirates SkyCargo 4395,Sea,4.36,416,9,Netherlands
f6d9d688-5f5a-49f8-a5f5-1ba537b49167,Kuehne Nagel 4396,Road,3.2,2160,8,Singapore
36155120-f5d7-48c6-8c1f-ad03f158d12c,CMA CGM 4397,Air,4.44,994,21,South Korea
f136025a-49dc-40c5-9830-c38dca4a2f0b,DHL 4398,Air,4.71,2360,32,China
13b1d063-5089-4d3f-9e43-58a42ec2e999,Kuehne Nagel 4399,Road,4.26,497,22,China
dffc913e-c926-469d-9acf-46e766c48f45,Hapag-Lloyd 4400,Sea,4.22,4085,3,Singapore
215a6692-e85a-468a-99c7-ba16b86d7978,Hapag-Lloyd 4401,Sea,4.39,934,10,Germany
78b317f1-7598-4a24-9988-40c7d0ecf57e,Blue Dart 4402,Sea,4.72,2995,21,Netherlands
59a6e5df-a136-43f4-94e6-ac2c19f308d3,CMA CGM 4403,Sea,3.52,2066,10,Netherlands
60bee55f-43de-4ddf-9274-712d655867a3,Hapag-Lloyd 4404,Sea,4.13,2237,25,China
3a0fa717-e002-41c6-827a-d7fbbd67ab1f,Blue Dart 4405,Road,3.42,1614,24,China
863d806c-1a06-454c-b762-568c93d46c66,Maersk 4406,Road,3.22,3519,18,Singapore
8a7b85a4-842a-4b72-b02c-902b76a93d16,DB Schenker 4407,Sea,3.78,2364,22,Singapore
8f30221c-5ca3-4695-a2c7-2af8ab60336b,Hapag-Lloyd 4408,Road,4.5,493,30,United States
c87f77eb-42d6-4fba-9751-e52505a31c80,DHL 4409,Rail,4.4,1828,4,Germany
73473fc5-2ed5-4789-a2a4-c95f9fcd3ed8,DB Schenker 4410,Sea,3.35,3999,7,China
fddcd5b6-049f-4799-8b94-158aa075941a,DP World Logistics 4411,Road,4.51,2458,9,Japan
560dc34a-f6fd-4011-a1bf-43f65a5a2fe8,Kuehne Nagel 4412,Rail,4.21,2806,3,Germany
f486e858-771b-445a-b457-b1424b4b3503,Blue Dart 4413,Sea,4.54,622,4,Japan
64de0e90-ea49-474e-89a2-48727c26c5e2,Blue Dart 4414,Sea,3.4,807,32,Japan
93541e82-4df9-4624-b76f-86c7b1fd6886,FedEx 4415,Sea,4.47,3236,19,Singapore
546526d8-4277-4a03-8323-e6bc9944b0b1,CMA CGM 4416,Road,3.32,2627,17,South Korea
a3aae4a8-1680-4785-b991-5b2c7f0a55c4,CMA CGM 4417,Sea,4.1,1384,22,Germany
e770cf20-e641-492c-9535-933cdb284723,DP World Logistics 4418,Rail,4.35,3253,18,United States
7cd43d45-c0c7-4814-9e35-33d671df06f6,Allcargo Express 4419,Sea,3.9,3188,32,South Korea
514d1980-a8eb-4799-8dc6-cdbaa675640c,Blue Dart 4420,Air,3.86,418,5,Netherlands
3c9a0fb3-4a34-428b-a2b8-4e6cc4e2692f,Emirates SkyCargo 4421,Air,3.65,1788,17,United Kingdom
aab3c4b5-444e-4754-9601-540d6e82bce3,MSC 4422,Sea,4.54,324,12,Germany
059c3365-758a-4129-9029-e0cf210f163c,Allcargo Express 4423,Road,3.5,98,28,South Korea
76fcd669-c4e7-4dd8-a4f8-000fe63a3884,Allcargo Express 4424,Sea,4.61,3870,12,Germany
5a4b2871-5331-456c-b091-98dc4fb88dd1,Emirates SkyCargo 4425,Air,3.7,3961,27,Germany
d1812afb-5c05-4165-992e-96fe2c5bddd1,FedEx 4426,Air,4.02,138,16,South Korea
c0c544f2-b2a6-4a6d-834f-e1d2ec67e346,Allcargo Express 4427,Rail,4.71,1078,23,United Kingdom
42f91ccb-09b7-42a2-a48a-5ad861d2753a,DB Schenker 4428,Sea,3.69,974,10,India
c48e812e-fead-43d4-a000-92320ebcb714,Hapag-Lloyd 4429,Sea,3.81,572,15,Netherlands
7721b478-f088-4882-bce0-6d8f514acd2c,FedEx 4430,Road,3.83,4004,28,Japan
2fc241fb-2e99-4259-90dd-4c90636228fe,Emirates SkyCargo 4431,Sea,3.27,35,15,China
70b4e17a-fca7-452d-bf3c-6c555e8c33ae,Blue Dart 4432,Sea,4.38,2622,22,Netherlands
9225974e-9987-4f0d-a42c-c14da5a815cd,Allcargo Express 4433,Road,4.21,3003,30,United Kingdom
5a9050fb-f714-433e-9635-40488a28cf95,Emirates SkyCargo 4434,Sea,4.02,2930,30,United Kingdom
89b2caa8-2ee4-4327-816f-5023d6249752,MSC 4435,Sea,3.72,589,27,South Korea
54657786-0c71-4821-b70e-2b1ccb000573,CMA CGM 4436,Road,4.38,2750,26,United States
0dd383c0-0bd2-4ae7-a9be-c995430f91a8,DP World Logistics 4437,Air,4.13,334,6,South Korea
c52d91e3-82f1-40d5-936d-01b48a1bc512,CMA CGM 4438,Road,3.19,3843,13,Germany
62aa534c-55b6-4e17-8542-9aa529fdf014,DB Schenker 4439,Sea,4.21,2148,9,Japan
dd81ca5a-6fc5-4793-bc52-9a050c0c6f7c,FedEx 4440,Sea,4.85,2969,29,India
6e60e5d6-f9e7-42e1-a908-9ea2ae19efe1,Emirates SkyCargo 4441,Road,4.87,3669,20,UAE
f98f250f-a91d-4406-a044-b1714a574e3e,Maersk 4442,Air,4.79,2170,20,Germany
bd9d6f13-7130-45cb-97b8-f5365ab1bb9f,Kuehne Nagel 4443,Road,4.77,3584,38,United States
78c1257d-0c2b-429a-ab7d-8d7a6c75aee9,Hapag-Lloyd 4444,Road,3.14,4097,3,United Kingdom
ea9f5b2e-2cd1-43f9-b67e-5c480d9a76a9,FedEx 4445,Sea,3.5,2585,19,United Kingdom
71933430-4077-4fea-bc0c-72335093eb29,Kuehne Nagel 4446,Sea,4.8,2125,6,Netherlands
3624c08a-54cc-4fa6-a53d-74cce99e3523,Kuehne Nagel 4447,Rail,4.23,3692,5,Japan
dac55859-29b8-4b54-b9c4-bef1d7acc583,FedEx 4448,Sea,4.58,3072,3,China
dec5a8f7-5120-4cc0-9010-7af9e0dc161d,Emirates SkyCargo 4449,Sea,4.73,3722,3,UAE
9e4fdec4-778e-47d1-9197-272010a383e6,DB Schenker 4450,Road,3.13,2879,5,Netherlands
c46a3815-0276-4c21-8168-68de2f8eba09,FedEx 4451,Rail,4.18,1161,17,Germany
9414dd3d-7ee0-41a1-8f8f-c2391bc04d5c,DP World Logistics 4452,Sea,4.14,3810,16,United States
eba15e7b-172f-4184-9907-d663d767b68e,Blue Dart 4453,Road,4.1,2340,9,China
d3f4ead3-21a7-4d79-9fba-825dc5baf696,Allcargo Express 4454,Sea,4.42,1957,6,Netherlands
0090d8f8-43e2-4fae-9f44-996846f8b3b0,FedEx 4455,Road,3.86,1559,9,Singapore
75af83a9-39aa-43fe-8a80-331cc893a410,CMA CGM 4456,Road,4.7,3620,13,United States
12da1341-9f70-4513-8398-3af656751740,MSC 4457,Air,3.19,3700,25,South Korea
befdd683-8228-43e9-bc79-b83c8953ffe3,Emirates SkyCargo 4458,Air,3.74,3338,31,Japan
a637a007-a077-426f-91d4-1ed05749cf57,DP World Logistics 4459,Air,4.26,1391,31,UAE
a8caa475-0546-4674-9335-765ef1bca095,Blue Dart 4460,Sea,3.77,2803,14,Germany
39e79e5f-aee8-47cd-ae6d-92c3136bceb1,FedEx 4461,Road,3.98,3483,4,Germany
693d421b-9cc3-463f-bed8-a48997416168,Hapag-Lloyd 4462,Air,3.76,1270,5,United Kingdom
7eeeb55a-407a-4609-982c-0e1caea00214,DP World Logistics 4463,Sea,3.54,3662,11,Germany
52d63f85-9068-4299-9cbb-5d221f48652c,MSC 4464,Road,4.88,1960,17,India
e771e5c9-9b73-450a-b4ad-16dbc6191295,Blue Dart 4465,Air,4.74,414,22,Netherlands
a7ff105f-cb84-48de-979a-54aa60c2e779,Kuehne Nagel 4466,Sea,3.36,3679,18,China
4e39c6a9-1bff-454b-a472-a51e27bb4675,Allcargo Express 4467,Sea,4.25,2532,8,Germany
e7cc72ea-4177-4bde-b30c-690324fdaa7f,Blue Dart 4468,Air,3.24,3771,20,Netherlands
73b4c704-14ea-4d2e-b787-0be21c06413b,CMA CGM 4469,Sea,3.32,1675,20,India
41369cc4-c790-4280-a7ef-667966b21be0,MSC 4470,Sea,3.73,84,29,Japan
80edc7ac-3606-47a9-ab4d-1e841da13e8b,Allcargo Express 4471,Rail,3.52,1111,8,United States
177c1139-5077-4946-a817-563fa65a1130,DP World Logistics 4472,Sea,3.14,2205,24,United States
4cfe452e-b908-46eb-951a-821e1a81ac0e,FedEx 4473,Sea,4.63,1864,33,UAE
0b0471d7-8713-4dc1-a296-c30d73bb12e5,CMA CGM 4474,Sea,3.94,2863,14,United States
1bcf9cfc-5015-4b2c-816d-ef1e918df47c,Maersk 4475,Road,3.59,308,24,Netherlands
145fd5dc-3e33-4e51-8f35-33d480d96baa,Allcargo Express 4476,Road,4.84,1774,24,Singapore
a3ae1f8f-e421-4b11-b96b-c5cae07bbbaf,Kuehne Nagel 4477,Sea,4.44,3411,29,United Kingdom
d6cbb624-3dcb-4fe8-b177-4cfefccba084,CMA CGM 4478,Road,3.71,1646,6,Netherlands
84f4444d-2ce8-4c88-ade6-4c8226ee179d,CMA CGM 4479,Sea,4.22,2303,10,UAE
12a51256-ba63-4efa-a2f6-60863589bb94,Blue Dart 4480,Air,3.47,48,22,Germany
3c82b941-c1ff-4801-9ca4-fad42d94a016,Kuehne Nagel 4481,Road,3.28,2518,25,South Korea
cce24346-6790-4485-b838-a5ee26c7408c,Kuehne Nagel 4482,Rail,4.65,3731,27,Germany
d5d5c255-d10b-467d-8b6c-45e705624ff5,MSC 4483,Sea,4.31,1426,11,Singapore
c087624d-75c5-4422-905c-afe7b01a7c55,Blue Dart 4484,Sea,4.77,4105,34,China
9d0f08a2-df65-4641-9957-17336ccff0ab,Emirates SkyCargo 4485,Sea,3.36,2401,20,Japan
9b1e9671-1848-4453-b7b7-f0d19a58b56a,CMA CGM 4486,Air,3.96,1617,33,United Kingdom
c57f863d-8cde-48b7-9606-7e2bf815e926,MSC 4487,Rail,4.84,3148,36,India
e4280f5c-640f-4bde-84cf-4944453350a6,Emirates SkyCargo 4488,Road,4.74,1693,9,United Kingdom
297c114c-4017-4d65-ab3a-e436ed6c9f68,Maersk 4489,Road,3.78,4056,29,United States
73d20b5a-f1a1-4dc6-9adb-594585ec6e88,Hapag-Lloyd 4490,Road,4.12,2534,20,United Kingdom
50101893-efb0-4450-99c2-a1de9eba3d9c,Maersk 4491,Sea,3.67,1871,21,UAE
1d0d91be-c133-4a45-822d-43ff368b4f1e,Allcargo Express 4492,Sea,3.55,458,26,United Kingdom
9bc8d3b8-1312-4b91-a73b-c34bfaa73a6f,DP World Logistics 4493,Sea,4.39,3141,15,Japan
ae34dbd9-d710-42be-9e2a-5622bb943597,Allcargo Express 4494,Sea,3.35,254,30,South Korea
42925460-b848-4f1e-af92-1d8c9e5b3764,CMA CGM 4495,Road,3.79,2209,22,India
32d5ef34-5272-41d2-b131-ee3511a8aa56,FedEx 4496,Sea,3.94,3842,29,South Korea
86cf6f26-35ee-4e7e-8652-f0fd0521d315,Blue Dart 4497,Road,4.49,3686,20,Germany
a21ea33a-96c9-4a4c-a651-3e95b8aaec5c,MSC 4498,Air,4.62,1834,19,South Korea
cede9c7e-b52c-4b88-b42f-c92c3fa8e28a,DB Schenker 4499,Sea,4.02,4038,7,Singapore
8694f84d-4e2e-47b1-9cf7-3eb1f1fec720,Emirates SkyCargo 4500,Sea,4.31,428,38,Germany
16659654-7b50-451a-a8d3-40f57fcd7fad,Hapag-Lloyd 4501,Sea,4.0,1661,14,Netherlands
5c5254b0-932f-4591-bfe1-1303ba31b5fd,CMA CGM 4502,Road,3.45,1297,5,Japan
e3448625-78f5-4707-8876-a28f0dabb20b,Maersk 4503,Air,3.97,1803,13,Germany
dd1db75a-495c-4cbc-a91e-b277d23d6d47,MSC 4504,Air,3.32,126,38,Japan
12f92750-03bb-4129-9fe6-c36302aae6c3,DP World Logistics 4505,Air,3.87,2344,11,South Korea
7ccb547e-b52c-467e-bc4b-fdb58d47212f,DB Schenker 4506,Road,4.57,747,32,Germany
e029d0cf-bf49-47ea-853a-c9e2f67fff72,Blue Dart 4507,Sea,4.7,3132,34,South Korea
b79bd9c9-491e-4480-8cfe-4d047a1d0899,CMA CGM 4508,Road,4.58,941,25,UAE
d302904a-dc59-403a-b95e-5b386dec4d41,Kuehne Nagel 4509,Sea,4.31,2902,19,United Kingdom
843bc99c-961a-434d-9037-828b54373dd9,Emirates SkyCargo 4510,Road,4.21,3817,7,UAE
09363509-9158-4fd4-af2c-62a8e0d6d042,MSC 4511,Sea,4.27,3316,7,Netherlands
5fb3c695-2e0d-4277-beb1-0fd06f17e247,Kuehne Nagel 4512,Air,4.37,3639,31,Japan
23d1d791-53cf-419d-a47c-b2358322ab25,Blue Dart 4513,Air,3.16,1237,22,United Kingdom
15d1c63a-c4fa-49b0-bb97-838d96751ec8,Emirates SkyCargo 4514,Air,4.05,3349,6,South Korea
7bd11ac7-555e-4034-a820-f5625d82490e,Emirates SkyCargo 4515,Air,4.36,2900,16,United Kingdom
c5f098c7-17c6-4d41-ab37-c6edd971cbeb,DP World Logistics 4516,Road,3.53,804,6,China
7bbce0dc-599e-4fb1-9875-80c81173cbe8,DHL 4517,Sea,4.05,3529,13,Singapore
e45ef052-7c8c-4544-a110-3d1ca2858ece,Kuehne Nagel 4518,Sea,3.83,2962,12,Netherlands
50affccc-0d3f-4544-bafb-590ffede19ee,MSC 4519,Sea,3.81,2873,18,Singapore
cc6c2cdd-c6cb-4c2a-a834-06c65e9fc255,CMA CGM 4520,Road,4.4,3151,20,UAE
dc7e7263-3ad7-43a4-b7eb-cb95b5dee58d,DB Schenker 4521,Rail,3.63,1157,38,Japan
c42710c7-b0d9-4e90-8e69-75ad53b74297,Hapag-Lloyd 4522,Sea,4.69,1563,24,Japan
d2bb1f15-dc96-4898-a832-cf0c40a2ff87,Emirates SkyCargo 4523,Road,3.25,717,3,South Korea
857f3386-2135-487e-a5e0-e0fc350f1078,Maersk 4524,Sea,3.76,2264,30,United States
85c985dc-0de0-45fb-9da7-8bdafa6553b5,Kuehne Nagel 4525,Air,3.25,3357,34,United Kingdom
9a2e9362-000d-41dc-b608-2e98fd6df991,Allcargo Express 4526,Air,4.88,2490,34,Netherlands
4c774e40-91fd-4ec7-a93b-d45900d8a407,Allcargo Express 4527,Rail,3.52,2253,11,South Korea
17aaeb1c-6f08-4c2d-af84-14fa0020ea68,CMA CGM 4528,Road,3.97,2154,13,Japan
a3ea3ccb-a8ab-45e2-839c-3bcd1a7bb514,FedEx 4529,Sea,4.32,1932,27,India
81297497-5095-4e40-ace8-42f0e4a7d5d1,Allcargo Express 4530,Sea,3.68,1656,30,Japan
7c445a4a-6786-43c2-86e2-f57a5bcf7aca,Blue Dart 4531,Road,4.24,2766,30,United States
20ad3914-6157-4234-a392-c8bf418d95c4,DB Schenker 4532,Air,3.66,2392,4,Netherlands
65dd123f-463a-4faa-be60-26fcb04427e8,Kuehne Nagel 4533,Road,3.4,458,38,Germany
1be12dfe-f017-4158-9174-fe2e7d168bcd,FedEx 4534,Road,4.19,144,3,Netherlands
4077d050-e36e-4c70-95b5-4aa560544099,Blue Dart 4535,Sea,4.44,3275,7,Germany
a7243b43-454b-4959-a386-a26fb27cca41,Allcargo Express 4536,Rail,4.78,1526,26,Germany
6d38d5f1-0d1b-4b2b-90ba-bce152f5969a,Kuehne Nagel 4537,Sea,3.52,515,33,United States
81043723-6c4c-433a-9b2e-3940ab9878b7,CMA CGM 4538,Road,4.38,515,8,India
96f2fa68-9023-45f1-90e6-050db42450a6,MSC 4539,Sea,4.16,756,24,Singapore
8175f750-27b5-4217-9173-94b2b424c9b2,DP World Logistics 4540,Sea,4.42,1995,5,United Kingdom
cc6771bb-9764-4425-9e7a-047cb10efc06,Emirates SkyCargo 4541,Rail,4.8,1506,36,Netherlands
4e7eac7a-0a6a-4118-b67a-42fb7ee4986f,DHL 4542,Sea,4.48,3406,38,Japan
602e06c3-4572-4850-9965-a8fdb362f1e7,Hapag-Lloyd 4543,Sea,3.54,676,5,India
8c1ef9de-129f-4abf-b8b3-373f0018ce3d,Emirates SkyCargo 4544,Rail,3.3,1305,37,United Kingdom
1a100faf-c79a-4542-a218-eb5bd0e87d08,DB Schenker 4545,Air,4.42,2153,19,Singapore
43c068c5-fcf2-44ed-82ff-6775a1a1469e,FedEx 4546,Rail,3.65,195,14,South Korea
fc79dcb1-7b38-44f8-832f-eeeb790497a0,CMA CGM 4547,Road,4.42,2672,5,Japan
fb188af4-7e20-4f1f-aeaa-eea47babc066,Maersk 4548,Sea,3.64,3348,27,United States
11a1c86e-d81e-4f62-b28c-5d88ef0125b4,Allcargo Express 4549,Sea,3.89,2915,34,United States
76e82418-1e0c-477e-a137-380e83752755,Hapag-Lloyd 4550,Rail,3.96,3401,28,Singapore
f534c7b7-02e9-466d-9be9-bac8bd206b8f,DP World Logistics 4551,Sea,3.54,2471,11,China
6c168f1c-a058-49bc-a862-0ff851c2136c,DB Schenker 4552,Sea,3.56,2513,38,Germany
c3517ab4-89de-4e48-84b0-6f1fafcbc410,Blue Dart 4553,Road,4.82,268,20,Singapore
11fad6a8-ba74-4b57-a341-0af24a44a48c,DP World Logistics 4554,Road,4.27,2593,14,United Kingdom
931a3f61-15e6-48d9-b62b-9d9f00cbc58e,DB Schenker 4555,Air,3.18,2283,35,United States
ca3b914f-15a3-4c5c-8472-c66fab85f838,Blue Dart 4556,Air,4.83,1079,13,Germany
e6336fc0-0323-4c39-85ea-8724de15212a,Maersk 4557,Air,4.51,1154,31,United States
9adb5044-5150-4b56-b9f3-31b5e376f34f,CMA CGM 4558,Sea,4.31,3148,32,China
9695f6ea-9889-4fbb-970c-5dcc1ba544d1,Hapag-Lloyd 4559,Air,3.57,182,20,China
4ae80e9c-0fe8-4f5f-8843-bfc5ec7aaea4,Kuehne Nagel 4560,Road,4.61,914,25,South Korea
fa2bbc89-237b-40fa-a00e-034477429013,CMA CGM 4561,Rail,3.3,1556,15,Singapore
7e0ae923-e0dd-483f-a3f9-91030bdc6e03,Blue Dart 4562,Sea,4.21,1520,9,United States
80079267-48bd-45ca-aacc-a07ea1579da9,Blue Dart 4563,Rail,3.8,266,35,Germany
fe780e3d-d276-490f-91d5-c56f3909c1df,MSC 4564,Road,3.45,1130,12,United Kingdom
523b2223-6f1e-4f62-a90e-8e673865304b,DP World Logistics 4565,Sea,4.15,2271,34,Netherlands
8f9df4dd-3ff8-4d73-abc2-1b1b9d39695f,DHL 4566,Sea,3.4,1845,26,Netherlands
61a8b82a-fa7b-4b62-acf8-db85119a145f,Kuehne Nagel 4567,Road,4.48,1913,24,Japan
0b1c9fe5-1600-4476-82f5-5b8275f386cf,DHL 4568,Air,3.61,2837,6,India
298b795f-1fa7-4eb4-8e59-0c62af02e672,Allcargo Express 4569,Sea,3.54,3523,9,India
3774332a-cffb-4f1d-a931-ac14552aa173,Allcargo Express 4570,Sea,3.38,4173,14,UAE
0566d53e-9753-449a-9bda-9b4eb7734037,DB Schenker 4571,Road,3.31,2532,31,China
0730e97f-7af6-4e37-9c0a-e0c605c88551,FedEx 4572,Rail,4.17,3329,5,Japan
c0e97573-060e-45b6-9634-13b1136f568f,Blue Dart 4573,Road,4.26,67,26,China
bece5def-f32b-4b31-ae1f-e387e78a4399,MSC 4574,Sea,3.14,2145,25,UAE
0ccaca96-00a8-435e-a5ec-7070dfc911db,CMA CGM 4575,Sea,4.21,2050,24,Germany
4f3d6e60-de7b-4aeb-9a06-0aed92f3868d,Kuehne Nagel 4576,Sea,4.2,380,30,China
0452aa0c-e41c-48ef-8105-1d6e51fef31f,MSC 4577,Air,4.46,2299,17,Netherlands
e84755ab-aaf9-4f85-957d-50853949e621,Allcargo Express 4578,Sea,3.16,777,27,Japan
32ddf0ad-5af5-417e-8779-8642d5df3647,Blue Dart 4579,Air,3.48,2025,31,Japan
755a88b5-e914-43f6-bec2-73986beb28ea,FedEx 4580,Road,4.67,2410,17,India
deed1288-8cb9-4c79-944e-e390fe049c6d,Emirates SkyCargo 4581,Sea,4.85,2824,18,Singapore
14577088-1378-40a8-96fe-81ecb88bd494,DHL 4582,Road,4.34,2151,19,UAE
bd73360f-2f80-41fc-ab27-9f2342a95378,Blue Dart 4583,Sea,3.49,4042,13,UAE
378fd779-ff43-4671-ad50-ef8c67667744,CMA CGM 4584,Road,4.18,318,15,United States
e03d0809-f7af-4bf1-a6c1-2596ec7d4847,Allcargo Express 4585,Sea,4.01,1025,13,UAE
f280d665-2296-40f6-902e-8e07efcc65b4,Allcargo Express 4586,Sea,4.86,667,3,India
8abc16bc-26ba-460c-8a45-dce1907ccb1d,DHL 4587,Sea,4.37,2608,16,United States
55b07967-f14b-4ddc-92e8-a931d6c4d889,DP World Logistics 4588,Road,3.48,357,25,China
7d986705-5f8b-446b-a587-19ede2d9bf9e,Maersk 4589,Sea,4.08,2044,29,UAE
cfc3cb27-6786-4a74-90d5-ad63a85f4f19,Hapag-Lloyd 4590,Sea,3.6,1056,8,United Kingdom
4d5dd376-e8eb-4b9f-9942-d9badabb90fd,DP World Logistics 4591,Air,3.73,1289,24,United Kingdom
4a6a73c9-bb63-44ad-a533-52e0d16cfbfd,MSC 4592,Air,3.15,2326,33,Germany
4b0835c1-2ec7-4eab-a48e-1bb4583cbc15,FedEx 4593,Rail,3.11,1165,9,India
8f3f6141-2291-445c-a368-cccdea076026,Emirates SkyCargo 4594,Sea,4.6,1843,8,United Kingdom
da983c6d-8dbb-4fa2-8dae-28e64dd38520,Maersk 4595,Sea,4.26,44,30,United Kingdom
8ba31087-1c07-4a40-bde7-3796071e088b,MSC 4596,Sea,4.76,3754,7,Japan
e3224114-18f2-4676-8de5-9db296aecde5,Blue Dart 4597,Sea,4.08,1224,32,UAE
a67c4875-2c31-4842-bb90-a62b5c6686f8,Emirates SkyCargo 4598,Sea,4.71,1089,30,South Korea
6daecd39-ce47-4808-a969-c9055769a83b,FedEx 4599,Sea,3.82,521,6,China
e03d7b2f-c78d-4c9a-b8fa-2e5891f5631c,Allcargo Express 4600,Air,3.27,624,34,China
a11b0c0e-a29d-424e-aa18-81eaa4a7d41d,Kuehne Nagel 4601,Air,3.75,1578,26,Japan
9bc15f16-f556-476f-bdda-b52a94b085f6,Blue Dart 4602,Road,4.6,2892,32,United Kingdom
b0d6bec0-7601-4df8-94fa-f2410b750588,Hapag-Lloyd 4603,Sea,3.84,2991,36,India
16f88206-3251-4d05-81e5-1e392d8c149e,Hapag-Lloyd 4604,Sea,4.53,901,32,United Kingdom
afcde157-140a-4c32-84cc-f313df7039e3,DP World Logistics 4605,Sea,4.12,1303,16,China
185572e8-ad88-4039-80e1-05d383746cef,DP World Logistics 4606,Road,3.41,3038,12,China
4d608a0e-6096-4f34-8df7-922ae5d6bb63,DHL 4607,Road,3.77,3142,26,Netherlands
dceb3231-6fd8-46b4-884d-7f8f040261e7,Blue Dart 4608,Road,3.38,1600,17,United Kingdom
451c7aaf-3dc1-46cc-8152-f32e6a9e5310,Allcargo Express 4609,Sea,4.43,3590,26,South Korea
37d7e3aa-a2f1-4785-9946-18ed5ba1a15a,FedEx 4610,Sea,4.09,849,11,India
3fc300c3-9bbe-40d6-8c48-bbc20d3fdc38,Hapag-Lloyd 4611,Road,4.75,1495,21,United Kingdom
a336fd0e-8606-4836-85c7-473b2c6bb68d,Kuehne Nagel 4612,Air,3.38,1193,4,UAE
1f17e552-d10b-4d4a-b3a3-4c7a657de875,FedEx 4613,Sea,4.01,153,28,United Kingdom
94c565fe-d282-4262-99de-ce15a5887bce,FedEx 4614,Air,4.69,378,27,Netherlands
d0706c3d-7db1-478b-b4d2-6acacd489c91,Blue Dart 4615,Road,4.44,844,31,Singapore
4262a355-0310-4cd8-8faf-a7c3e6c5d529,Hapag-Lloyd 4616,Air,4.39,4053,37,Netherlands
1b994843-52ea-45df-a95d-0b22f53347fe,DP World Logistics 4617,Sea,4.21,656,8,South Korea
1c53a489-2e53-4de0-b8ec-746609c69d92,Hapag-Lloyd 4618,Road,4.89,3974,7,UAE
3ee1ed15-58a6-483a-b1be-3dc612d53d10,Emirates SkyCargo 4619,Road,4.77,1691,28,South Korea
38bd2d8f-2988-46a0-a7be-a2be05ee3e6e,FedEx 4620,Air,3.6,2351,11,China
6242fd0a-222e-4767-aa4d-73b55b1e0a97,CMA CGM 4621,Air,3.4,2853,21,South Korea
2cb5be5f-e18c-4642-9869-4feae21d2b92,DP World Logistics 4622,Sea,4.9,4097,15,Japan
8352cc84-e29d-49ab-8d17-7e71a094292b,CMA CGM 4623,Road,4.78,3451,17,Germany
41b4b0e0-c7f9-4523-8110-d2535d2a15e9,Kuehne Nagel 4624,Rail,4.85,398,25,United Kingdom
d44f600a-45d8-4d0d-926c-cf00b9a7b956,Emirates SkyCargo 4625,Rail,4.78,530,8,Singapore
3fc624bd-f9dc-4a75-996a-ae686d76d55b,MSC 4626,Sea,4.5,795,20,Germany
461b2574-3d5d-4c93-ad86-ce04fc44aeb2,Blue Dart 4627,Road,3.83,2492,16,South Korea
cc23387a-aad3-41ac-bd8b-c9c9b6e6ddf1,Emirates SkyCargo 4628,Rail,3.24,245,16,South Korea
76f51fb5-f12d-4619-942e-9eb2cedd3f2f,Maersk 4629,Sea,4.15,3651,13,India
9d76fd05-0658-4949-ae25-b1c9261b0977,Kuehne Nagel 4630,Sea,4.8,1653,16,Netherlands
d7b89aa9-891a-4fb5-8c6b-0c1f68ed44ed,DHL 4631,Road,4.18,3468,6,Singapore
257126a4-344e-4510-9507-ac75ac90644c,DP World Logistics 4632,Air,4.24,1710,16,Singapore
751e036e-61da-4ba1-b142-4079832e0f8b,MSC 4633,Air,4.51,403,6,China
de8736aa-f668-475a-9558-31797f77adde,Kuehne Nagel 4634,Air,4.33,3082,38,United States
e456ef71-0c72-4543-8c18-3bc7d63ca759,Allcargo Express 4635,Sea,4.01,786,20,India
8af9c7ed-eeed-40ba-9598-4a61151f7730,Hapag-Lloyd 4636,Road,3.42,4129,7,Germany
917b4506-f136-4559-8fb1-10dd709d4fb8,Maersk 4637,Sea,3.58,457,5,Germany
f75c7912-f18e-414d-bc0e-e591a0ae0eb0,DP World Logistics 4638,Sea,4.76,787,34,South Korea
155769ab-c8be-47b5-96cc-7438e6441d93,Maersk 4639,Sea,4.78,3205,7,Japan
d8813e5a-28bd-4182-adb5-0934821bbee6,Hapag-Lloyd 4640,Sea,4.02,2237,15,Singapore
ca9a68c6-ca72-4f8f-9cb3-56a6124b8ec5,DHL 4641,Air,3.39,165,4,United Kingdom
04338bc5-90d4-49a3-9b95-c3fede1e3be3,DHL 4642,Sea,4.08,1726,12,Singapore
be816146-500b-4c47-98bc-acd6d77cb7aa,DB Schenker 4643,Road,3.7,2201,30,India
09b9c01b-b09d-4d37-bded-afe77220fb55,Blue Dart 4644,Sea,3.8,4044,33,Japan
c4fdffec-cccb-4614-b8fd-7a1991f12b6b,FedEx 4645,Road,4.51,3515,9,Singapore
7e21c061-4c7f-49d6-83b2-7406345133af,Allcargo Express 4646,Sea,4.13,4106,27,India
72b98a65-4fc4-4d6c-994f-01a9b945213f,DHL 4647,Sea,4.0,1063,26,Netherlands
ee56c265-a614-4e11-bfb9-d2ada62bf805,Maersk 4648,Sea,4.86,1019,31,UAE
5104879a-92ce-49e0-8c17-d0e7dfad2620,Kuehne Nagel 4649,Sea,3.82,3729,13,South Korea
5ac8138e-2517-47be-a3a3-2cee19373a07,DP World Logistics 4650,Sea,3.58,578,28,China
204f18fc-0c87-4c27-9e4f-e4e27d51f9d8,Hapag-Lloyd 4651,Road,4.14,1088,22,China
6adabc32-3f5a-4180-bc5c-a3638094f8b1,Hapag-Lloyd 4652,Air,4.11,3286,27,China
72a0eee7-0b4a-49c7-a8c0-90f9872a0a2f,Kuehne Nagel 4653,Air,4.86,2162,4,South Korea
58197fa4-67a9-4145-9b26-a0d71097af55,Hapag-Lloyd 4654,Sea,3.64,3058,5,United States
4e313f0f-1d62-49c6-9798-5cb5ab929fec,Allcargo Express 4655,Air,3.12,182,6,United Kingdom
12d3f3e5-3ad3-4d8a-b4d6-b0f27120fe94,DP World Logistics 4656,Air,3.44,3548,5,Singapore
f9283f07-fd78-4c36-9041-b7ed06cf8252,DP World Logistics 4657,Road,4.24,2585,9,Germany
30e72387-a0a3-4dbc-9c06-fa88e8ef11dc,FedEx 4658,Air,3.5,1554,21,Netherlands
e190cc31-3bce-4f30-b572-08e1b5735978,DB Schenker 4659,Road,3.62,3981,25,India
b421f144-a8ec-439a-a2c8-3c99bb12c62a,Blue Dart 4660,Road,4.88,700,4,China
c4464bcf-d948-4d17-b65f-e6e1f192e0a7,MSC 4661,Rail,4.76,3691,27,Singapore
2793adc6-b7d8-4ad8-baea-f310259a5625,CMA CGM 4662,Rail,3.49,814,22,Germany
8e6e8620-9896-4947-97bd-4bf940f6f838,CMA CGM 4663,Sea,4.65,1685,36,United States
924b487d-1584-49fa-924f-71dac70d2188,CMA CGM 4664,Road,4.85,2567,17,India
0e20b09b-71e0-4263-85e3-e296b73b947e,MSC 4665,Sea,4.66,2262,6,United States
e614dc96-fd90-409e-b2a6-68784baa9337,MSC 4666,Rail,4.89,3211,9,India
a1b9bf57-1fff-4944-9c09-ceb39196a7e2,DHL 4667,Sea,4.9,3117,13,India
15dd4ee1-858c-4781-8d73-fe9d684a2aa5,DP World Logistics 4668,Road,3.36,1397,13,Japan
d6f359d9-98fc-42de-9d45-2a89039ce933,DP World Logistics 4669,Road,4.82,2804,18,United Kingdom
35bfa56c-9208-4132-a7d3-699c0acda771,MSC 4670,Road,4.83,3850,32,United States
d21f069e-efcd-42f6-a55f-5a496d964572,Maersk 4671,Air,4.3,2805,29,Japan
22f3ba95-c1e6-49db-b4c6-88b5923bab6a,CMA CGM 4672,Air,4.06,3440,16,UAE
2bde9c0b-ff70-4558-966b-ec04c4fa3b17,Hapag-Lloyd 4673,Sea,4.19,3609,26,South Korea
8b47eec6-99f9-4391-b476-6ebc7caaa735,FedEx 4674,Air,3.19,3141,27,Netherlands
76746f7c-b388-4a35-9c62-339b36d7435c,Kuehne Nagel 4675,Sea,3.14,1485,21,India
2bc46747-d897-4727-bf27-ade0d967f185,DP World Logistics 4676,Rail,4.65,591,32,South Korea
d6e22540-0e64-4a3e-a88f-0935a55f5eb6,Emirates SkyCargo 4677,Sea,4.15,3866,15,South Korea
a3db8caf-b303-44a7-b832-067cdc6e0acc,Hapag-Lloyd 4678,Road,3.44,172,30,United Kingdom
4f68599a-df8d-4a59-b10f-c4eb094239a5,DP World Logistics 4679,Sea,4.09,2872,20,Singapore
6bc49d95-6045-4e18-9f77-6068f9ba159c,Allcargo Express 4680,Road,3.78,3613,11,Netherlands
07b7e6f2-a63b-49bf-8394-456f390f69bd,DB Schenker 4681,Sea,3.78,2718,22,China
5ab9bd26-fd9e-4a2d-b325-ac19ea6b8b70,DP World Logistics 4682,Sea,3.1,1721,18,UAE
6bd0e8eb-95be-48b7-a4d5-f75f052f3382,DB Schenker 4683,Road,4.36,433,4,Japan
52856c96-b893-484b-992c-881825b33e94,Hapag-Lloyd 4684,Sea,3.38,2855,27,Singapore
0a89c56b-ad21-421e-9d8e-116b54ab0234,MSC 4685,Sea,3.38,2607,8,Germany
b7c5dbd5-8a81-45eb-a55b-f2e1dfe826ef,DB Schenker 4686,Road,3.65,2673,35,United Kingdom
752618e9-3e81-4f2a-8a04-e427cf9d87bb,Maersk 4687,Air,3.34,1522,20,Singapore
d60abffb-7ebd-4819-861a-0766629fd1f5,MSC 4688,Road,4.44,232,12,China
fe69a056-d409-4687-94e6-8e28a4530771,Emirates SkyCargo 4689,Sea,3.5,3110,35,India
7e54315e-1304-498e-8220-e8ecd70aba62,Emirates SkyCargo 4690,Sea,4.41,221,29,Japan
1f018a77-130d-45ea-b627-767db0ba79f0,DB Schenker 4691,Sea,3.79,1914,28,Singapore
1a0ef1bf-394f-4982-b72f-db999a151bf6,DP World Logistics 4692,Sea,3.99,4037,5,United Kingdom
6a57da7e-2dcc-40c6-ad9a-547818e3f139,Maersk 4693,Road,4.02,4154,35,Japan
71efd5f1-3423-4566-8d7d-438996d83e87,DP World Logistics 4694,Sea,4.72,3271,34,Netherlands
68693dc4-8411-4190-b7b5-f59bd188d168,MSC 4695,Air,4.85,1631,10,South Korea
a8b809c5-6255-4698-8536-54e3855d2464,MSC 4696,Road,3.84,4085,26,Netherlands
0b745b23-6d02-4b08-b174-17d87da35cf5,DB Schenker 4697,Air,3.88,3298,13,United Kingdom
3a7d3e85-836e-4708-aee7-9a34a7776628,MSC 4698,Air,4.55,1937,36,Japan
20e22a79-4a9e-4242-8bfc-b2e10a15c46b,Maersk 4699,Sea,3.22,2810,26,United Kingdom
68b6185d-6f32-47b5-a624-b0e802dd723c,CMA CGM 4700,Sea,3.96,1569,31,Japan
284b722a-a477-4c95-9ff8-931ff995df09,Emirates SkyCargo 4701,Road,3.3,1878,21,South Korea
ef582038-6236-4c86-8a73-be2c5a6b7cca,Blue Dart 4702,Rail,3.63,2570,15,United States
c89d2a16-7094-4752-8ddb-89c2788b1fee,DHL 4703,Road,3.52,2936,22,China
434fb165-596b-43fa-864f-5cbc8813a120,Allcargo Express 4704,Sea,4.89,3729,12,Japan
3c7f8c8b-f1e7-4a78-8fc6-f3b5db687e6a,Blue Dart 4705,Sea,4.21,2447,9,Netherlands
dabd06ff-a2df-4e0d-bb89-3fb18d57ff05,Allcargo Express 4706,Sea,3.13,1976,3,Germany
aa38a825-33fd-4a05-9d5e-7a58179f212f,FedEx 4707,Air,4.32,3699,30,India
e2502f99-0f32-44d2-82a7-5423e3c1c01a,Kuehne Nagel 4708,Sea,3.28,3689,11,UAE
80983a0c-f2e5-4759-a847-8540807082f0,CMA CGM 4709,Sea,4.27,2453,38,Netherlands
7c8caa09-f082-4177-a622-96cd5d483a66,MSC 4710,Sea,4.86,943,24,South Korea
319ed086-d1ef-4e86-8b20-fded6da418c9,CMA CGM 4711,Sea,4.89,550,22,UAE
4956079b-8657-4258-9a29-67e094e8a582,Emirates SkyCargo 4712,Sea,3.77,1492,19,Japan
579742e6-83dc-490e-878c-76774c0ee9bc,Maersk 4713,Air,4.44,50,10,United Kingdom
838b60f6-1c7c-47fd-b4cd-e93d40208c9c,DP World Logistics 4714,Air,3.15,870,23,Japan
f7563966-b5fd-47fd-a316-8075f28c5fe7,DP World Logistics 4715,Sea,3.54,3892,38,UAE
b6ad24a3-66b8-4c75-b23b-a3983e0498f1,Kuehne Nagel 4716,Road,3.35,1361,14,United States
77b5044f-3168-4560-a05c-07f4f6019f0d,Allcargo Express 4717,Road,4.57,1212,38,Netherlands
793ace25-9ab5-4c1d-848a-d4f23f3468df,Kuehne Nagel 4718,Road,4.77,1564,30,United States
ea0f870e-fccd-4ef4-a52c-9878c205d60e,Allcargo Express 4719,Road,3.24,2431,24,Germany
549777e7-34f3-4880-a3ef-f66e2fbf50e3,Blue Dart 4720,Road,4.67,2377,15,China
570f46e3-f28d-48a3-9d50-996219f9bbed,Blue Dart 4721,Sea,3.6,399,15,Japan
edac5d5a-57a2-4933-aeaf-7b34f6a8980d,FedEx 4722,Road,3.27,3099,30,China
9ae228e1-3edb-406a-bc80-e012bedc5c60,CMA CGM 4723,Road,3.56,1840,4,India
c347a1c1-c528-4d34-9bb7-cb81b12eb035,DP World Logistics 4724,Road,4.32,3644,3,United States
62b38e49-5c8a-4cb3-9e2a-1e2caae14900,FedEx 4725,Road,4.21,3816,4,Netherlands
8c1ab354-51f6-48cc-90f3-451531a90117,Kuehne Nagel 4726,Air,4.5,2654,29,Germany
e76fc277-89fd-4138-a666-382e0dcb7252,MSC 4727,Air,4.59,2036,18,Netherlands
af51c5a0-b34a-420c-92e9-817fb0883749,DHL 4728,Road,4.25,2788,38,United States
128bdc2a-a76a-4d7b-97dd-75dfeaf49d6d,CMA CGM 4729,Road,4.76,3983,8,United States
28a234c5-1ffb-4ea9-93d7-a5789d5df490,DB Schenker 4730,Air,4.42,976,11,Singapore
a349ab2d-50c8-4e13-9a2b-b5f07e4d86aa,Blue Dart 4731,Sea,4.47,323,35,United Kingdom
c82ad142-2802-4fd5-b433-e7a27c48cc4e,Maersk 4732,Sea,4.38,3549,5,China
fa5684f9-fafb-4c53-a60f-0264976cf352,DP World Logistics 4733,Rail,3.89,28,6,UAE
002bd134-65a2-41fd-8847-c67b300f7d34,CMA CGM 4734,Air,4.84,537,14,Singapore
28cea47f-a037-4de0-99e3-14b81b01fbe5,DHL 4735,Air,3.59,592,21,India
5cc36084-c8a9-499b-8a34-35a61b352a0c,Emirates SkyCargo 4736,Sea,4.18,2673,26,China
5eba7b54-9ebf-4a51-b7bb-45d1c2b27599,Maersk 4737,Road,4.01,4036,16,Netherlands
08732ec4-0354-41ad-a9a3-7c47f5efb6bd,CMA CGM 4738,Air,4.67,1014,9,China
5702ae49-38bc-4763-bfce-ba759aa6572b,Blue Dart 4739,Road,4.69,2532,23,UAE
b43946df-b73f-41de-bcf0-9fb8cbe8a232,DP World Logistics 4740,Air,4.49,2829,28,United States
b9d56fe7-1f6d-4a46-955d-48560403703b,FedEx 4741,Road,4.46,1448,38,United States
334a48b7-eb10-4f66-945a-869105482392,Blue Dart 4742,Road,3.71,4060,9,UAE
cdf5238e-7dce-443f-b8ba-be43cc834da8,CMA CGM 4743,Sea,3.17,3188,3,Netherlands
510993de-e81a-4340-8e0d-0fc1c1e26c6b,Allcargo Express 4744,Sea,3.9,1270,13,South Korea
fba3e4d1-01b5-49e0-ae97-e29991e5b327,Allcargo Express 4745,Sea,4.39,4188,35,South Korea
55139eaa-dd52-444f-a4d4-9d17858cdf51,DHL 4746,Road,3.68,66,4,United Kingdom
b04f18bb-751a-491c-a6ff-2fa0422533b2,DP World Logistics 4747,Sea,3.66,3354,21,India
c1b4925f-c975-48ee-b0a1-434794f282f1,Emirates SkyCargo 4748,Sea,3.92,1363,22,India
4eb0036a-5b74-4e78-babc-a4f721a642db,Blue Dart 4749,Rail,4.0,1617,32,United States
854307b0-fb68-486d-9180-d15343fd6730,DB Schenker 4750,Rail,4.6,2023,6,United States
baad4c8d-4911-4a00-8208-3915fe1f4b57,CMA CGM 4751,Air,3.3,542,23,United States
f347a4a8-3fed-4d40-9ded-b361c44e96f8,Blue Dart 4752,Road,4.88,1849,5,Netherlands
f5be207f-1719-4434-bea1-c7be2b540a3c,Emirates SkyCargo 4753,Road,3.33,2318,6,United States
1b428f4a-d779-4912-b158-faae40b723b9,DP World Logistics 4754,Sea,4.65,1418,38,South Korea
4ff42fa8-8e4c-4d4f-a67f-0d0b598bf377,CMA CGM 4755,Air,3.55,3192,33,United States
3e2a1895-a01c-44b5-afa2-c74f96366a49,Allcargo Express 4756,Sea,3.21,2272,12,United Kingdom
c6b58d77-2465-48d6-9e7e-78e8f20091f1,DP World Logistics 4757,Sea,4.79,1700,21,Japan
357bea4e-9722-4231-9d17-de49bf672c08,CMA CGM 4758,Road,4.82,604,14,India
19f522f9-c66a-484f-94c3-765317e9c295,Blue Dart 4759,Rail,3.7,3551,11,UAE
206125b6-5a29-4dcd-96aa-7ce59636e2f9,Maersk 4760,Road,4.35,3424,19,India
4ad4b74c-dd80-46d2-8bfe-5cca0bf5561d,Hapag-Lloyd 4761,Road,3.45,2322,37,Netherlands
128e2bbf-cb2d-47f7-a84d-39f8fcb0f7eb,DHL 4762,Road,4.75,2224,19,Netherlands
0861818c-167f-4b88-b607-7ccd9c072610,DP World Logistics 4763,Air,4.9,3398,11,Singapore
9f1a94d2-d54f-4bcb-af80-aed58fb08056,Maersk 4764,Air,3.78,533,31,Singapore
fa81fbee-ab9b-498b-8db6-866e73a7e23d,CMA CGM 4765,Sea,3.35,2824,36,Netherlands
739d76a7-919c-41b9-b7f3-7e3fe713453e,DP World Logistics 4766,Sea,4.34,3333,28,Japan
a46a2134-c582-4e00-811a-fc23f2335c9a,FedEx 4767,Sea,3.22,3950,18,Singapore
fcac5807-1f16-4650-a47c-e5bf4b09c0d8,MSC 4768,Sea,4.09,3731,24,Netherlands
71995f9c-af8b-48c7-b11b-57578337d7f0,DB Schenker 4769,Sea,4.83,1786,38,South Korea
581fc896-75d1-4acb-bfcc-85f9f1cd137d,Hapag-Lloyd 4770,Road,3.47,1175,25,Singapore
a52c561f-2378-4a60-829a-22954aa864c3,Maersk 4771,Road,3.25,2894,12,Netherlands
8d59cf09-8d67-4542-bc05-d544ed90b359,Kuehne Nagel 4772,Sea,4.85,1013,3,Singapore
666cf59b-7cde-45b2-bca6-5b17d1ff26b8,Kuehne Nagel 4773,Road,4.29,2246,27,United States
12aae562-066b-4b42-8e52-89c513a73119,Blue Dart 4774,Sea,3.77,1005,22,China
863740fc-14f5-4659-83c1-538a95a25a81,CMA CGM 4775,Sea,4.19,3476,21,Japan
ad6e9aa7-dee3-4412-93fb-563c87eb38c5,MSC 4776,Air,4.03,916,22,United Kingdom
0b51ffb2-3162-4b95-b408-cea92bf520db,Emirates SkyCargo 4777,Sea,4.0,3363,20,Singapore
56cdcf75-422c-4d39-bf0a-cdd6cb02822e,DP World Logistics 4778,Rail,3.21,1615,8,Japan
2b5370a7-6ef7-4675-b7c0-0df93bd042dc,DB Schenker 4779,Rail,4.49,2883,36,Netherlands
b7416582-86f8-4676-9440-92ee296a122c,Emirates SkyCargo 4780,Sea,3.87,1730,16,Netherlands
2c7d127c-dd10-4fa4-9ead-d79a32d14623,Emirates SkyCargo 4781,Sea,4.69,2887,37,Singapore
48befa66-7960-49b3-ad94-1ce71df154f8,DP World Logistics 4782,Sea,3.56,2096,9,China
db835268-f384-4b3f-92f9-7d18b5a3159b,CMA CGM 4783,Sea,4.47,1668,17,UAE
6f6b09a9-14cb-4fdf-b7b1-06d98a5e988e,CMA CGM 4784,Road,3.87,880,7,Netherlands
19f7599a-1c4f-4974-bad0-66dc34afb319,CMA CGM 4785,Sea,4.33,2856,26,Singapore
f8ccf81d-afeb-49e6-be9e-c6b822788017,CMA CGM 4786,Air,4.04,2395,37,China
23ce48c7-db94-4cb4-a991-3a3232454d8c,Kuehne Nagel 4787,Sea,4.56,1235,36,United Kingdom
780b1f9b-4aae-4b30-8083-9ff5d5697ceb,Kuehne Nagel 4788,Sea,4.06,2990,28,UAE
6e566ab5-329e-41f4-ac98-7621e3cfeb56,CMA CGM 4789,Sea,4.61,3640,34,United Kingdom
19aa7c9e-8d6f-47a3-91c7-670d2d3ab010,DP World Logistics 4790,Sea,4.34,378,13,China
94a01c11-e84e-46c3-a08e-a1bc1f935817,FedEx 4791,Road,3.3,158,11,Netherlands
ca8d0e65-1e3c-4d7b-b7d0-348df7500e50,DP World Logistics 4792,Rail,4.63,880,31,South Korea
ec299319-eb85-4b67-b405-0a69392857bb,Maersk 4793,Sea,3.24,80,29,United States
6544e1b0-391f-43c7-939d-916c5f1efe27,MSC 4794,Air,4.55,733,18,South Korea
98fc9f35-12c1-49e6-ada3-1482e48e29fc,Maersk 4795,Sea,4.26,1074,29,United Kingdom
1f51b449-7556-4982-be98-c8eb1296f6c3,Emirates SkyCargo 4796,Road,3.63,1512,12,United Kingdom
297c8db4-7a86-4099-8875-924c9f2a8b49,CMA CGM 4797,Sea,4.51,4038,27,United States
5a0aed11-86e8-4e6d-b5e4-670d3a4db17d,Hapag-Lloyd 4798,Sea,4.27,1556,30,United States
1e54c8b1-ce83-4d1c-946e-80aadc589969,MSC 4799,Road,3.75,332,26,Germany
f5192d90-5f95-40a5-84c4-f4969886a92c,DB Schenker 4800,Rail,4.05,1327,8,Singapore
27cfda97-9bb2-4650-9b63-5bff807b0645,Kuehne Nagel 4801,Sea,3.68,1114,7,Germany
59cb9ae6-4a60-4ffe-ab45-f803f6d8b749,Kuehne Nagel 4802,Sea,4.07,140,24,Netherlands
c9e65232-d74c-41e5-b588-eedd43de9740,DB Schenker 4803,Road,4.59,2431,35,UAE
6b1fa112-8da4-4b81-996b-e4147206163e,Kuehne Nagel 4804,Sea,3.56,3185,3,Netherlands
fa2b036a-5bf1-42e4-8f66-081ca0b11f61,Blue Dart 4805,Air,4.49,4114,4,Japan
2e865446-59f8-44e5-8c5b-2e1666e07d42,Maersk 4806,Road,3.66,1483,35,India
f273aeec-dfce-473b-bd26-2263fc3320e5,DP World Logistics 4807,Road,3.4,2649,22,China
b5f90097-72c0-42a7-99b3-c297aedd2e0e,DB Schenker 4808,Sea,4.05,2599,37,UAE
032eba02-1e2b-4cad-a1ba-dee54255529a,Blue Dart 4809,Road,4.35,1095,28,India
b7a8cc24-39c7-4907-a331-5c1bc2f3bb93,FedEx 4810,Sea,4.33,981,33,Japan
56616f48-fff9-41e5-9957-f63dbbef0062,MSC 4811,Road,4.34,2015,26,South Korea
359a3713-4e1f-44ab-be18-d9538ba2f137,DHL 4812,Road,3.35,2920,16,India
d5cefb65-f31c-471b-92f1-23b880a83c96,DP World Logistics 4813,Sea,4.44,3858,19,Germany
783bc113-f247-4aed-84c2-61bed55c28cd,Blue Dart 4814,Rail,4.73,1507,17,China
188efa6d-aec6-4ad4-a79f-eca2122edf1c,DHL 4815,Road,3.45,1619,23,China
b7e310d3-3fc5-469e-a14b-351dc960ffd9,DHL 4816,Road,3.53,290,22,UAE
3206e9c6-a1f0-4756-be92-fc0ebf61612a,FedEx 4817,Road,4.84,1402,19,Japan
6b16e13f-6ba4-4002-aaac-7e7b381b0755,Allcargo Express 4818,Road,4.68,1278,11,China
b78ae521-facb-4850-9725-b4f50b9b42af,DHL 4819,Rail,4.79,3015,3,United States
ff63d066-65da-4215-9beb-be46a01a7635,Allcargo Express 4820,Sea,3.26,83,36,South Korea
8664b885-98ad-4c96-b3da-d7f7c0168263,Allcargo Express 4821,Road,3.53,1522,30,United States
039dea87-7314-42db-bb72-27c052a0f407,Kuehne Nagel 4822,Road,4.52,2011,20,Japan
21be11e8-7dea-4829-80a5-79e094829790,DP World Logistics 4823,Road,4.21,3307,33,UAE
25eda4f4-9a5d-4892-b45e-d99a44f586ff,Hapag-Lloyd 4824,Sea,4.27,3585,25,China
2a97b0b1-b88b-476e-896b-c11e60c179ff,Emirates SkyCargo 4825,Sea,3.72,897,16,Germany
b100e58e-bf33-4a48-9f2f-cd8735206cfb,DB Schenker 4826,Sea,3.98,3691,36,Germany
31c81cb4-f3c0-4242-81f4-9d1f5bc45c8b,CMA CGM 4827,Sea,4.09,1085,17,UAE
c2f52b17-e990-49a9-b1b2-5241ac17efd9,Kuehne Nagel 4828,Rail,3.84,3874,5,UAE
2d9e9d69-04ab-42ed-badf-1e37414c3d85,Emirates SkyCargo 4829,Road,3.75,2508,8,United States
6b3fdf6b-dc85-47bd-aa18-efd80158e7e1,Allcargo Express 4830,Air,3.81,1534,36,Germany
d83f570c-4f64-41d0-9d21-741c6faaf846,MSC 4831,Air,4.19,3695,37,Singapore
669cf213-8a1b-4464-ba51-67d234623ca0,Kuehne Nagel 4832,Rail,3.81,247,31,China
60a4e3c6-f42b-4358-8af5-65ef1f0f418a,Blue Dart 4833,Sea,3.45,1938,34,Japan
a07e1d62-7a55-428b-bf74-a83bace6c5fd,Blue Dart 4834,Sea,4.51,1247,10,South Korea
37f81ea8-3ef8-4c16-bae7-9494b9f597f9,Kuehne Nagel 4835,Rail,3.3,3761,13,United Kingdom
570fb277-fa62-4ab2-afa4-8b67733be68d,FedEx 4836,Road,3.17,2397,29,Netherlands
4eb2852d-3d91-49ef-8137-ac0805c3a1db,Emirates SkyCargo 4837,Sea,3.65,1939,11,UAE
ba7da469-0b05-4c2f-8e45-c5f9e01fc66d,Blue Dart 4838,Sea,4.2,2911,7,United Kingdom
eff6b017-797a-499c-8969-e107b4fc4ed5,MSC 4839,Road,4.34,3698,21,China
5f4d13c2-c8bb-4177-8abe-391922c2bc3f,Allcargo Express 4840,Sea,3.48,2083,17,India
d7deb836-947e-47e2-8d7a-160b92c5025c,FedEx 4841,Sea,4.44,1968,13,Germany
58b85c85-834e-423c-b837-060314aff2b6,DB Schenker 4842,Road,4.17,3254,18,South Korea
fbb4cff0-1d56-43c9-8d97-d3363b99d341,Kuehne Nagel 4843,Rail,4.49,2382,10,China
e72cf2b5-4069-44cb-b500-f7817d6d7e62,Emirates SkyCargo 4844,Sea,4.25,4097,17,Singapore
437e2ecc-9f55-490d-8039-4186b3419a65,Blue Dart 4845,Road,3.54,713,31,Netherlands
65938d3b-5039-407b-80b7-8271b1d03c62,Blue Dart 4846,Sea,4.25,212,7,United States
9c46a910-1c19-4bb3-b831-a848415ca752,CMA CGM 4847,Air,3.68,3657,11,South Korea
3786ffee-df2f-46d8-a114-6f2a6c8dc0cb,CMA CGM 4848,Air,4.32,2832,22,Japan
ffe85af5-3203-4a46-a2a1-76e7549a0809,MSC 4849,Sea,4.34,3515,17,United Kingdom
83b00889-7ce5-4e5a-8411-c5735b5ef792,Blue Dart 4850,Road,3.58,401,19,Singapore
63ba010d-1b36-4369-97a3-befd65e45588,Maersk 4851,Sea,3.33,1118,34,Japan
8e083a7e-6c57-4ed7-80b4-a6f789db0872,FedEx 4852,Road,4.0,1199,11,Germany
64221dd2-5d30-4a47-af9c-451d1ff78432,Kuehne Nagel 4853,Sea,4.45,3872,22,Germany
1f0d22c8-8d31-4445-8934-6074bfe7ab8e,Blue Dart 4854,Sea,3.29,3974,27,Singapore
11d57bf4-16c3-4beb-afa1-2762bf7b145e,DP World Logistics 4855,Sea,4.26,2107,36,UAE
e98e676c-6da0-4a01-ba6a-0a4291521760,CMA CGM 4856,Sea,4.22,2653,14,South Korea
c0ce214c-329e-44ca-af79-82f875748fc4,DHL 4857,Air,4.71,2262,9,South Korea
e65e1128-a0c6-4e02-a3bc-1d1a3667b983,Hapag-Lloyd 4858,Road,4.54,2303,35,China
8f2033fa-624a-4412-86a6-34d9ac614d1f,Allcargo Express 4859,Road,4.42,703,24,Netherlands
df1ede15-fd1f-4391-b358-bfddd62c5389,CMA CGM 4860,Rail,3.76,2282,28,United States
d17d41bb-a910-4ec6-a711-de59c9e15201,CMA CGM 4861,Sea,3.23,1013,26,India
46e0b5e8-1862-4930-8749-ccba67455bdc,Kuehne Nagel 4862,Sea,3.58,1684,8,China
dbdc0c31-9691-482f-aa50-c8df129ef8c8,Kuehne Nagel 4863,Road,4.78,1501,10,India
bdc900d2-7329-431d-81af-ad0a34ac8ce2,MSC 4864,Air,4.28,1674,4,UAE
6f572beb-7b32-4825-8a5e-68e44bd428ab,Kuehne Nagel 4865,Road,3.57,188,7,South Korea
f7c592c9-52e5-4418-9964-cfa9b47b952e,FedEx 4866,Road,4.23,3843,11,India
4ffadc13-e189-416c-a92d-011020cc3493,Allcargo Express 4867,Sea,3.83,1784,7,Singapore
02c002f0-301e-4533-90d8-90df93feacaf,Blue Dart 4868,Road,4.85,2579,30,Germany
00e46813-d61d-4d7c-be51-8e40a222d00f,Maersk 4869,Sea,3.69,3391,17,United States
c4c3b4c9-30f2-40a5-9aab-9276572ae8e0,DB Schenker 4870,Road,3.17,1569,4,United Kingdom
75cbe49e-00c8-4e62-8590-35bb1ec784cc,Maersk 4871,Rail,3.91,2699,5,Netherlands
c3d5ec27-da9d-4581-815d-0dc00f454d4e,Maersk 4872,Sea,3.93,601,10,China
7602a77b-2283-40b9-9db6-4f669b4cc36a,Kuehne Nagel 4873,Air,4.63,1123,7,UAE
dedde8b0-5bc4-4844-b441-98a4e5849f16,Blue Dart 4874,Sea,3.72,2203,30,Netherlands
71cdacaf-f5c5-4868-a0d7-5c7585b643e7,DB Schenker 4875,Sea,3.17,2550,25,China
64de3434-13fe-4433-92bf-aa1ea4eb3d96,DP World Logistics 4876,Sea,3.65,205,8,Singapore
35ea29a6-265d-4058-8a70-38f9569a6105,DHL 4877,Sea,3.39,3863,33,Netherlands
45be5ebb-f5df-4a08-859e-c6bc0bbe83b5,CMA CGM 4878,Rail,4.03,2415,5,South Korea
12b37151-c202-47e2-a127-9d0ddc259544,Emirates SkyCargo 4879,Sea,3.21,399,16,UAE
9c49915d-e677-4055-aab5-900c76d06857,Allcargo Express 4880,Sea,3.46,3817,15,United States
06ea57cb-06c9-4a9a-9610-e774ac263db3,Kuehne Nagel 4881,Air,3.64,1981,24,South Korea
6d653e1f-def9-48c2-bb86-619a265b82bd,DHL 4882,Sea,3.41,1990,38,China
9720e4ca-0688-40b8-afcc-20ddbc98e2b7,Allcargo Express 4883,Air,3.72,2350,27,South Korea
b44c5fa2-d2e6-4bcb-b869-bf8e7644e80e,Kuehne Nagel 4884,Rail,4.41,2751,34,India
ab3bfd8b-d3d2-46ba-80d1-73bd4f2b016d,CMA CGM 4885,Sea,3.64,215,18,Singapore
6e70bf47-2db6-4850-b32f-9bdc3cc02618,Kuehne Nagel 4886,Road,3.97,2219,10,United Kingdom
2b5a0c33-e695-4c76-a94b-72e74a74c3a0,Allcargo Express 4887,Road,4.44,3826,6,Netherlands
e45a42d8-2401-48b0-b1ab-27fc294dd04e,MSC 4888,Sea,4.71,3306,10,India
1a553f93-bd82-4054-a579-6910a3f32a4b,Kuehne Nagel 4889,Sea,4.74,1720,10,Singapore
fd873b50-fbef-4ccd-a7be-605398e93a4a,DHL 4890,Sea,4.39,848,17,Netherlands
3f8ef2af-19c2-49df-a25f-fb3e197999cc,Emirates SkyCargo 4891,Road,4.08,897,19,Germany
b57adada-30ac-4577-9889-30cc67f0bb28,Allcargo Express 4892,Sea,3.11,2292,4,United Kingdom
71e0ee72-0230-4211-bc77-1e02645c0f80,CMA CGM 4893,Road,3.57,61,7,Germany
5bd47705-36aa-4bda-9fa8-88341afb9793,Emirates SkyCargo 4894,Air,3.77,3995,29,Germany
540fab6e-32d9-4646-b37f-5acc318e8858,Kuehne Nagel 4895,Road,3.57,1459,29,Japan
309c8e01-d9cd-4f28-9bc9-a5d28b8354a2,DHL 4896,Rail,4.83,2316,8,Singapore
58a5c400-8baa-48a9-9d8b-4a0785ecda68,MSC 4897,Air,4.72,2400,35,Germany
e1d6b8f3-e3a5-45a1-ad9d-98c1c75967bc,DHL 4898,Rail,3.48,4082,32,Germany
9c771572-b0b2-490b-88ce-ef513e70523a,CMA CGM 4899,Air,3.29,640,28,Netherlands
18b40fba-53ec-47f3-8810-c5823f458354,DB Schenker 4900,Sea,3.89,3636,28,UAE
9d8cf028-ad0d-4244-9500-916dad3b74ad,MSC 4901,Sea,4.25,1438,38,South Korea
26a6aa24-17d0-47c8-ae5d-60a473506775,Maersk 4902,Road,4.75,1506,5,Germany
3db4cc19-7002-430e-a791-4fdc4a2a3397,DHL 4903,Rail,3.41,4153,36,China
4e96a96c-cf38-4178-bf48-d94df02cc30e,Blue Dart 4904,Air,3.99,1265,38,United States
bea2b893-0fc4-4e8b-8aaf-bfdf754c1b5c,MSC 4905,Road,4.74,436,23,China
a0916d11-cdd6-43db-a558-3dd3656c0e9d,Emirates SkyCargo 4906,Road,4.86,3967,12,India
8f91fb6c-66c9-45c6-aed6-508d7ce9de4f,Maersk 4907,Rail,3.82,539,22,South Korea
01da5192-4d44-4d8b-a2c2-e76a383a6c52,DP World Logistics 4908,Sea,3.87,1454,28,Germany
4f0f22c3-13f3-4daa-a9b3-a0fae6021ae3,Kuehne Nagel 4909,Sea,3.34,1051,14,United States
33c43412-78b4-46b3-b648-29665d9806a5,MSC 4910,Road,3.24,1952,29,South Korea
93e5e1ef-dd4c-4741-9787-34c3313ce7a0,MSC 4911,Road,4.62,1869,15,UAE
015e06c6-0f69-4c46-9e21-6fbfebd139e4,DB Schenker 4912,Sea,3.59,3326,38,Singapore
b61f810a-ca41-40c1-bfd6-f8589cc8ab17,DB Schenker 4913,Sea,4.45,3157,25,United States
72fc5e28-5272-4450-a110-f21e2bb54a28,DHL 4914,Air,3.47,3039,10,UAE
101d8a57-c83a-4a04-99b5-c23fc41d51bd,DHL 4915,Road,3.31,3760,32,UAE
154deca5-a535-4bda-9367-b490cfdb0823,Blue Dart 4916,Air,3.92,1594,25,South Korea
2416a9a9-17d7-4276-b5b6-460ff10f07e4,Maersk 4917,Air,3.95,3409,27,UAE
31694914-b49a-45e1-b919-c2223d31b00e,Allcargo Express 4918,Road,3.14,2195,27,China
b306f39a-547d-407e-bfbd-c1f03f0533fe,Kuehne Nagel 4919,Sea,4.22,1270,30,Netherlands
638adf2d-da0b-4788-baac-a3b32ff86356,CMA CGM 4920,Road,4.56,4179,24,Japan
9a7e250d-a3fd-433f-b77c-cc3d78b9170c,FedEx 4921,Sea,4.79,1451,31,UAE
67b9570e-d22e-4010-b5f3-3874945153e8,Kuehne Nagel 4922,Sea,4.01,3354,5,India
faa73a88-4eaf-4427-9b13-e36ff1bd285a,Blue Dart 4923,Rail,4.82,967,38,Germany
2b781aad-72a0-4130-86c4-62bdacd76307,Emirates SkyCargo 4924,Rail,4.09,3675,13,Japan
1d7621a4-5cd0-444f-97f9-fc0b7ba7bdf6,CMA CGM 4925,Road,4.13,2713,7,Singapore
3bef8c18-97c5-4f79-9aba-851c8ad178c7,FedEx 4926,Sea,4.67,1277,33,India
42120808-0694-4f09-b667-cda149a55a66,Blue Dart 4927,Sea,3.14,526,34,Japan
69c6a99b-4dd5-46ae-b812-b295acab8f32,DP World Logistics 4928,Road,3.91,3198,37,Germany
3f8b4ea3-e27e-434c-94fd-b21453cc0e03,MSC 4929,Air,4.22,3163,8,United States
fe10746a-5733-4221-a2ba-db19d750d791,DP World Logistics 4930,Sea,4.03,3225,33,Germany
30f6f785-86ea-4c4a-8271-1ded2213169f,Kuehne Nagel 4931,Rail,4.35,2117,13,Germany
3dd31112-f37e-4e4e-91b7-ca650802da7b,CMA CGM 4932,Air,3.74,1589,3,Netherlands
e4c01034-bf16-4d76-b0b2-ed27ebfa1941,Hapag-Lloyd 4933,Road,4.27,2555,36,Netherlands
f213396b-4750-4c33-96ba-38287f580ef6,Hapag-Lloyd 4934,Road,4.03,1011,14,UAE
99486511-071e-49c9-83bf-2b9475822bc7,Blue Dart 4935,Sea,3.69,3470,26,China
a177eff7-d5f4-4cec-b98c-586f448d0f04,Blue Dart 4936,Air,4.12,196,29,Netherlands
c9477170-3b84-4c52-b3f1-933ead399a16,Hapag-Lloyd 4937,Sea,4.61,1979,38,South Korea
1cf0d575-9505-4cc2-9e82-8ce83ebb5625,Allcargo Express 4938,Sea,4.06,3983,22,Singapore
e45be9f8-85a7-4554-a813-103ffc82843a,Maersk 4939,Air,3.25,1629,38,Netherlands
536392f7-8ded-4489-8206-fa0378aaf301,DB Schenker 4940,Road,3.15,460,15,Singapore
112542ef-31b2-4998-8af1-50a02753b20c,Allcargo Express 4941,Road,4.6,3172,7,United Kingdom
5ceac9ad-935d-4947-a29e-bdd92cb8a702,Hapag-Lloyd 4942,Road,3.9,2911,19,UAE
f84e9e6c-6c28-4b2a-80e0-361129ea3362,FedEx 4943,Sea,4.36,1228,36,Netherlands
05246752-4bff-4fad-a7c6-d4e4dd81bfcb,Maersk 4944,Sea,3.72,1886,12,Japan
c7d708fc-0e95-4f1e-9e21-74e3dd7cc83f,FedEx 4945,Air,4.6,2280,24,UAE
e4aee91d-d3fa-4991-963c-5e63aaedc4b8,Blue Dart 4946,Sea,3.24,1228,6,Japan
1579386f-91e2-41a2-9d0b-43289dbf0419,Maersk 4947,Sea,4.18,443,16,UAE
9a683b76-c319-49e0-8995-9ac96432eff4,MSC 4948,Sea,3.92,848,23,India
5d9053ab-f961-4212-a63a-0c5590b0a4b5,Maersk 4949,Sea,4.12,2525,34,China
b0a96baa-ea21-43a4-8f99-37140a475a99,MSC 4950,Road,3.57,1104,27,South Korea
f7e02953-3d9f-4aea-b467-fe407501b3ff,DP World Logistics 4951,Road,3.83,2006,11,China
2afe231b-85b7-447e-ac90-791221a0b6c9,Allcargo Express 4952,Road,3.32,2051,3,Japan
15e2dccb-1c11-4f66-a5eb-fd24def12823,MSC 4953,Air,4.11,503,17,China
c8f9df65-c43c-4d15-b556-b6cb53050cd5,Kuehne Nagel 4954,Sea,4.73,1991,31,Netherlands
cc6a697c-41d6-44d8-a970-5de13cfc2a0e,CMA CGM 4955,Sea,3.69,515,8,South Korea
d8c60c32-66bf-42a1-a54b-60d6953d6b7a,Maersk 4956,Sea,4.62,3433,26,Singapore
d9d42055-8754-40a4-9626-3f96fc389996,DHL 4957,Sea,4.78,1755,26,United States
f430aad3-7873-4ab8-ae4b-53fc2e5cf965,Emirates SkyCargo 4958,Sea,3.63,1375,23,United Kingdom
cd5455c6-3dd8-4764-98a2-5cd1af654b0e,Emirates SkyCargo 4959,Rail,3.35,2534,36,Singapore
170f2e99-78e0-42e1-98e6-5fde24690f7b,Kuehne Nagel 4960,Road,3.78,3885,4,Japan
8c0ffcb6-cb03-4544-8ca5-13f1b2bb6715,MSC 4961,Sea,4.69,727,10,China
5fef5ae3-bdf0-49b2-ad18-2f6e9f927f2a,Hapag-Lloyd 4962,Sea,3.48,3528,4,Germany
aae3c852-ca2a-4cfa-ba08-8c9db8a25a81,Emirates SkyCargo 4963,Road,3.42,2305,22,United States
4ecbd348-326e-483b-95e1-5e19ab437fcc,CMA CGM 4964,Road,4.63,4018,22,Germany
1937de0f-dac1-4cc2-9f76-3ff2642e0f2b,MSC 4965,Air,4.71,2842,32,Germany
66160f63-ef0a-483f-8c64-89e404e11515,MSC 4966,Air,4.72,4019,17,UAE
11dd49a1-f2e0-4131-b50a-688c6dffb908,Allcargo Express 4967,Road,3.37,2702,16,India
ba60b082-723f-4146-9667-c64450ce9a28,FedEx 4968,Road,4.48,2637,20,South Korea
c8118c92-2853-44e4-80e0-1f29daf136ff,Hapag-Lloyd 4969,Sea,4.75,2195,36,UAE
3ce224de-5200-4532-9738-4097c88e7c2b,DB Schenker 4970,Air,3.32,2221,38,India
a9fa7a18-a34f-43bc-8d56-f5a1b9aac974,Blue Dart 4971,Air,4.08,2294,38,Japan
6d36ed4e-9fde-4a14-9aad-09d4312b16ad,CMA CGM 4972,Sea,4.38,3996,5,Germany
11d1700d-c035-45b9-a547-5b6261edd618,Emirates SkyCargo 4973,Sea,3.4,3008,24,India
edd3ab5e-db46-43b1-994e-96c66f19ee53,CMA CGM 4974,Air,4.03,1465,23,Netherlands
de935158-cade-47eb-b79b-e93cb2eb4fdb,DB Schenker 4975,Sea,3.55,3987,31,South Korea
d601042a-2b0f-40ab-9f43-471973ce48f8,MSC 4976,Road,4.52,3957,14,Netherlands
47b5c0ac-7543-4f09-a505-a30ac97b96bb,Allcargo Express 4977,Rail,4.58,1690,20,South Korea
ec39f106-33af-4107-b240-57c099550315,Blue Dart 4978,Air,3.77,2274,23,India
5a417d3b-9c84-4d05-b4f0-9c7f287ffb2b,DB Schenker 4979,Road,4.05,3719,24,Germany
ab22357d-378e-4e10-9773-a5278003d09c,Emirates SkyCargo 4980,Air,3.64,3857,3,Singapore
7928f92d-39e4-48c5-af07-87284fcce146,Maersk 4981,Sea,4.45,1985,24,United States
d4b0d403-9ee7-4e4f-9413-6e191b53b116,DB Schenker 4982,Sea,3.42,3031,9,United Kingdom
650b6fb4-19da-41ce-b46e-84d308e6c52b,Emirates SkyCargo 4983,Road,4.11,2499,26,United States
0be712ae-4cec-40d8-ab5d-7e04a0b84ce5,Blue Dart 4984,Sea,4.35,2892,9,United Kingdom
14f686a0-22d0-4a5a-962e-6934aecf205a,DP World Logistics 4985,Air,4.31,4079,29,South Korea
e38826ad-62ca-4632-96f3-8948e905be70,CMA CGM 4986,Air,3.14,1860,31,Japan
ad08b03c-4ec2-49fd-b309-ababf6d064c1,Hapag-Lloyd 4987,Sea,4.75,2650,13,India
0537001e-59d0-46f8-8614-13b79398af95,DP World Logistics 4988,Road,3.28,4136,10,Singapore
270c4e6e-6e82-4cf0-a35a-e1b62feed175,DB Schenker 4989,Sea,3.55,63,38,Japan
8987e4de-331c-4339-a276-09c843b4f4aa,Blue Dart 4990,Road,4.23,672,12,Netherlands
3386b9fb-29cb-4389-95c3-3ce50ea29587,Hapag-Lloyd 4991,Sea,4.53,498,33,China
92d46eff-73a5-4223-a17d-5cccad4c4f4b,Kuehne Nagel 4992,Sea,3.35,2183,15,United States
9e87f404-5d19-4239-b811-23e893c68d45,MSC 4993,Road,3.79,1187,10,South Korea
644aadbe-521b-4179-bc3f-d133653d43b0,CMA CGM 4994,Air,4.32,2046,38,China
3752d1b3-b137-4510-abae-51140eacc087,FedEx 4995,Sea,4.13,1249,3,Singapore
608f2051-baac-43a7-b33e-50da1dc7e954,CMA CGM 4996,Sea,3.88,1948,37,China
9b602f1f-2d95-4ab2-934f-e3bec4c1aebb,MSC 4997,Rail,4.11,402,21,Netherlands
50cb4f6a-1450-4fff-b5f4-562b403d741d,DHL 4998,Road,4.17,326,26,Germany
b4aa4235-b8cb-45f3-9992-d7ce770b2c09,FedEx 4999,Sea,4.32,386,18,Japan
049f4f04-5bae-4372-938f-0f2821c62405,DB Schenker 5000,Rail,3.14,1467,21,United States
