customer_id,customer_name,customer_type,industry,city,state,country,registration_date,customer_status
3e3907f0-68db-4a45-b8fc-8069a3f0fd73,Trident Logistics 1,Business,E-commerce,Singapore,Singapore,Singapore,2019-04-07,Active
7fe1c22f-ce09-437d-9ac7-0b61fe2ffa70,Global Industries 2,Business,Industrial Machinery,Manchester,Manchester,United Kingdom,2018-04-10,Active
20b1a594-7bdb-46ae-b163-6addd765b2bc,Vertex Exports 3,Business,Automotive,Singapore,Singapore,Singapore,2023-05-23,Inactive
dbcf8c1e-5e32-40a5-bb2c-8088c0391a11,Vertex Industries 4,Business,Retail,Hamburg,Hamburg,Germany,2019-06-22,Active
dbeca693-c10b-4723-90b9-61c758e17c69,Prime Retail 5,Business,E-commerce,Sharjah,Sharjah,UAE,2021-03-14,Active
51d520ba-bcc4-46a2-af21-c902577c7b5e,Apex Exports 6,Business,Retail,Yokohama,Yokohama,Japan,2020-01-31,Active
6853461b-7630-493f-9c31-fee59db87ab4,Omni Trading 7,Business,Industrial Machinery,Amsterdam,Amsterdam,Netherlands,2021-05-31,Active
1b3b9699-a95b-4957-90d9-f60c5ee8e9bf,Prime Imports 8,Business,Pharma,Singapore,Singapore,Singapore,2018-10-18,Active
16f073df-4006-4726-bc20-3fa21937fb98,Global Imports 9,Business,Pharma,Sharjah,Sharjah,UAE,2025-05-15,Active
bc49d6ea-de3d-484b-89fd-6d0d57e6853d,Omni Retail 10,Business,Pharma,Busan,Busan,South Korea,2021-08-04,Active
2a3582c1-4a77-4230-949b-653dcc06dc31,Apex Exports 11,Business,E-commerce,Seoul,Seoul,South Korea,2023-02-05,Active
92282010-ac7b-4697-a546-2f60d022c4e2,Apex Imports 12,Business,Electronics,Shenzhen,Shenzhen,China,2020-04-06,Active
4861d283-34f4-4118-9cbf-423c5fa76578,Omni Imports 13,Business,Retail,Busan,Busan,South Korea,2018-03-04,Active
f708f584-b859-4dd1-a39c-6e2db7b08183,Prime Imports 14,Business,Textiles,Osaka,Osaka,Japan,2021-06-03,Active
79a7918d-0b78-4b11-834a-84f66a8f7ae6,Omni Industries 15,Business,FMCG,Incheon,Incheon,South Korea,2022-01-09,Active
d8b51b0e-baa7-4713-9d1d-2b7e8feb6bb9,Prime Trading 16,Business,Industrial Machinery,Singapore,Singapore,Singapore,2024-04-07,Active
b849ab7a-d0ae-44d2-a491-b8b7b717ae7f,Zenith Retail 17,Business,Pharma,Amsterdam,Amsterdam,Netherlands,2022-12-25,Active
4ef9e369-dab2-4c83-9b02-c3c8bb0e7635,Nexa Retail 18,Business,Automotive,Chicago,Chicago,United States,2020-09-17,Active
8289e9ca-66e7-493e-ac67-894fa029ceb2,Nexa Logistics 19,Business,Electronics,Guangzhou,Guangzhou,China,2023-05-06,Active
beef7ee3-bf30-4513-a061-a9fbbc7a2c1e,Prime Trading 20,Business,Textiles,Shanghai,Shanghai,China,2021-06-27,Active
d6c39992-bcb5-4c75-9523-ef2ccac34136,Global Retail 21,Business,Retail,Rotterdam,Rotterdam,Netherlands,2018-11-28,Inactive
2f4d1de8-6e48-4d74-b267-e760defdd4f1,Trident Trading 22,Business,Pharma,Sharjah,Sharjah,UAE,2018-03-02,Active
eab28b87-fc4f-4a9f-8356-93391156562d,Omni Trading 23,Business,Automotive,Manchester,Manchester,United Kingdom,2023-09-12,Active
f63e18c8-2efe-4b85-a25a-c4a0043dc050,Trident Industries 24,Business,Electronics,London,London,United Kingdom,2020-11-02,Active
16f6edb1-5c2d-4693-826c-114c53e93226,Prime Trading 25,Business,Industrial Machinery,Rotterdam,Rotterdam,Netherlands,2018-06-28,Active
f6466357-52e2-42f7-8e52-ccf83cedf34f,Apex Industries 26,Individual,Pharma,Mumbai,West Bengal,India,2022-12-13,Active
327bc5d2-c375-4cb3-902e-3e882ba64b98,Vertex Trading 27,Business,Retail,Felixstowe,Felixstowe,United Kingdom,2021-04-24,Active
f3c559d9-584e-48e5-b7bc-d75f34bc8d6d,Prime Imports 28,Business,Textiles,Hamburg,Hamburg,Germany,2025-03-16,Active
6462f8b8-de74-4ac1-a0f3-afa72a037ed8,Omni Logistics 29,Business,Food Processing,Amsterdam,Amsterdam,Netherlands,2018-10-02,Active
dcbde161-3836-4da5-87f7-2d628566d7f1,Prime Trading 30,Business,Pharma,Tokyo,Tokyo,Japan,2023-02-08,Active
352f45db-c7df-41ff-847b-bce260abfa28,Omni Logistics 31,Business,Electronics,London,London,United Kingdom,2022-07-08,Active
a2e2a9fe-5581-4d30-b291-dace50d5a33d,Zenith Retail 32,Business,Chemicals,Hamburg,Hamburg,Germany,2021-09-16,Active
f278e7f1-ffbd-46c5-8bb6-8fc2d37c3170,Apex Industries 33,Business,Textiles,Busan,Busan,South Korea,2022-08-29,Active
664c6799-1c90-4df0-9c86-3b4a2319bb1f,Prime Trading 34,Business,Food Processing,Dubai,Dubai,UAE,2025-10-31,Active
84fab1ec-caa4-4067-8d1e-918bfa013bd4,Nexa Exports 35,Individual,Industrial Machinery,Sharjah,Sharjah,UAE,2018-04-19,Active
28646c75-9c4d-443c-ba82-48bee9e00aa9,Trident Trading 36,Business,FMCG,Seoul,Seoul,South Korea,2018-05-29,Active
ffeec304-5bb1-4524-9bee-5136178240bf,Apex Trading 37,Business,Food Processing,Singapore,Singapore,Singapore,2019-11-08,Inactive
8e5c450f-7d24-4577-831b-04e1eb1bff29,Omni Exports 38,Business,Pharma,New York,New York,United States,2022-04-22,Active
c913f27d-1d73-42e9-a795-713a3f1fea92,Nexa Retail 39,Individual,Textiles,Los Angeles,Los Angeles,United States,2025-03-29,Active
10d2a166-165d-4f0d-ad58-89e25810ce91,Zenith Exports 40,Business,Retail,Busan,Busan,South Korea,2024-10-14,Inactive
c5c33e0a-b7f2-46c1-98be-67e331c1bfad,Omni Logistics 41,Business,FMCG,Manchester,Manchester,United Kingdom,2021-11-16,Active
c095389b-f6f9-4def-b2f0-8bb8951469f4,Omni Trading 42,Business,Textiles,New York,New York,United States,2018-04-06,Active
3f5017c1-4874-4f54-b946-c846be8eb0e1,Prime Industries 43,Business,Textiles,Mumbai,Delhi,India,2023-06-06,Active
bdc1927f-a801-4e2a-92be-7eaf4b378d7a,Apex Industries 44,Individual,FMCG,Rotterdam,Rotterdam,Netherlands,2020-03-02,Active
cf4455ca-40b3-4656-913a-d6c60bacb23d,Nexa Logistics 45,Business,Automotive,Felixstowe,Felixstowe,United Kingdom,2023-02-12,Active
f3f3fdba-6281-4b2f-9d17-88e50e5e6042,Nexa Exports 46,Business,Industrial Machinery,Shenzhen,Shenzhen,China,2018-09-19,Active
283a2b41-9465-41e2-864c-07a7a1cd08ce,Omni Exports 47,Business,Chemicals,New York,New York,United States,2021-06-22,Active
841d69d7-2c2a-4e68-889a-82fa36f10e63,Trident Exports 48,Individual,Automotive,Ningbo,Ningbo,China,2021-01-28,Active
8329f788-9357-4a66-b08e-9d79efb458e3,Global Retail 49,Business,Retail,Tokyo,Tokyo,Japan,2025-06-25,Active
6efa0792-433f-4c60-a7de-b7310a4f2448,Zenith Imports 50,Business,Electronics,Busan,Busan,South Korea,2018-08-11,Active
d5822985-1455-429e-9db8-abb15ed1edfe,Nexa Logistics 51,Business,E-commerce,Felixstowe,Felixstowe,United Kingdom,2019-04-14,Active
1a8c7145-9e74-4abe-bd3c-fcd14d904017,Trident Retail 52,Business,E-commerce,London,London,United Kingdom,2018-03-25,Active
a3f46cde-983d-4d21-a089-0d28cb1c3eea,Omni Exports 53,Business,E-commerce,Sharjah,Sharjah,UAE,2021-08-05,Active
7821b971-2a15-4006-bce3-b73c5ff76bc4,Global Imports 54,Individual,Food Processing,Osaka,Osaka,Japan,2019-09-23,Active
43262084-0fdb-4729-a016-1f493d3c7e44,Vertex Exports 55,Business,FMCG,Amsterdam,Amsterdam,Netherlands,2022-12-28,Active
8b131f37-bb0c-460f-acb6-e9fa6869e3e1,Vertex Logistics 56,Business,Industrial Machinery,Chennai,Telangana,India,2022-06-19,Active
5f8526fd-7902-467a-9765-825689e8573b,Apex Logistics 57,Business,Industrial Machinery,Seoul,Seoul,South Korea,2023-03-05,Active
f048271c-2095-4bcd-b897-6aa7ddeb61a3,Omni Imports 58,Business,Electronics,Abu Dhabi,Abu Dhabi,UAE,2018-04-23,Active
89e4fcf8-a131-4ee5-a3a8-cabd0dc9f142,Vertex Exports 59,Business,Electronics,Osaka,Osaka,Japan,2023-02-19,Active
a2a26f94-1d9e-4ce0-825d-2048ec41548e,Apex Imports 60,Business,Industrial Machinery,Bremen,Bremen,Germany,2019-04-11,Active
3c6749c0-e6fa-454a-a33f-6ccf4c182a56,Global Imports 61,Business,Industrial Machinery,Incheon,Incheon,South Korea,2022-09-01,Active
d1b71d8e-53e8-4421-a041-712cd922b89c,Prime Trading 62,Business,Retail,Shenzhen,Shenzhen,China,2019-03-14,Active
f54748e0-4bc2-47c9-aa2b-26b9a16e73ab,Prime Trading 63,Business,Automotive,Felixstowe,Felixstowe,United Kingdom,2023-03-21,Active
2c89079c-1056-4d8c-a12e-f4b7b05c20dc,Prime Imports 64,Business,Electronics,Shenzhen,Shenzhen,China,2020-03-18,Active
928267a5-fb1c-437a-82d2-b18f9c3c18ac,Apex Logistics 65,Business,Industrial Machinery,Chennai,Telangana,India,2020-07-28,Active
6f5d6c6b-9973-4a99-b8db-a3148422e3c9,Prime Industries 66,Business,Automotive,Seoul,Seoul,South Korea,2018-10-20,Active
ca66d40d-bc64-4aa5-ac9b-eb16f9a78ffd,Vertex Exports 67,Business,E-commerce,Busan,Busan,South Korea,2021-10-14,Active
b9c382e9-b56e-4fb4-96f3-1a7efde78973,Vertex Exports 68,Business,FMCG,Dubai,Dubai,UAE,2021-04-14,Active
b240e4ed-ab85-4fac-b555-93fa06af98d4,Vertex Retail 69,Individual,Electronics,Busan,Busan,South Korea,2020-10-17,Active
ce74df4e-b589-4659-b723-585c53408b2a,Trident Logistics 70,Business,FMCG,Busan,Busan,South Korea,2025-02-03,Active
4d6428ab-dc1a-4a45-af66-e5f8885c5b83,Trident Retail 71,Individual,Industrial Machinery,Manchester,Manchester,United Kingdom,2021-11-20,Active
7c202950-8d76-4679-8bc0-d2678ef24294,Trident Trading 72,Business,E-commerce,Singapore,Singapore,Singapore,2018-07-31,Active
01dbd13c-cc7b-4b74-960f-566b44d30ae7,Trident Exports 73,Business,Automotive,Osaka,Osaka,Japan,2018-10-01,Active
bf60fd51-30a6-4e0f-b688-8be9c5a9799e,Trident Exports 74,Business,Chemicals,Guangzhou,Guangzhou,China,2023-05-23,Inactive
51a380ec-b1d6-4cc3-b00c-a9c15bee60e3,Omni Logistics 75,Individual,E-commerce,Manchester,Manchester,United Kingdom,2020-04-28,Active
f949fa88-88df-4341-8660-979e4ac7e103,Zenith Industries 76,Business,Food Processing,Manchester,Manchester,United Kingdom,2025-02-09,Active
ef24516b-b8fc-4371-97e3-b2e2351d1017,Prime Imports 77,Business,Pharma,Seoul,Seoul,South Korea,2018-04-05,Active
1fad66f9-8bff-406c-b1bd-59ed909e11a3,Global Exports 78,Business,Industrial Machinery,Shanghai,Shanghai,China,2022-12-29,Active
6f4fb620-496c-4b3f-a9a3-08a914cd3872,Nexa Logistics 79,Business,Automotive,Shenzhen,Shenzhen,China,2021-07-12,Active
9acc1782-58d7-45ec-9164-6391e2b396dd,Nexa Trading 80,Business,Electronics,Bremen,Bremen,Germany,2022-05-30,Active
b7dff028-52ea-4c9b-a2a5-669865b9d641,Apex Trading 81,Business,Chemicals,Bengaluru,Telangana,India,2023-05-15,Active
d2f47baf-eddf-40b1-9e5a-a9685d7b572a,Global Trading 82,Business,Retail,Frankfurt,Frankfurt,Germany,2018-03-31,Active
1338c0a2-953a-4d67-8592-97c34dbb2aca,Apex Industries 83,Business,Retail,Rotterdam,Rotterdam,Netherlands,2022-04-13,Active
53856697-d09f-4bfd-801e-ce7734329291,Global Logistics 84,Individual,FMCG,Houston,Houston,United States,2025-07-01,Active
5ae738a1-f46c-4562-a7c5-7022cb6fe1b2,Nexa Exports 85,Business,Textiles,Shanghai,Shanghai,China,2025-09-17,Active
45e4b9b1-0630-493f-a616-33b87b37766d,Zenith Industries 86,Business,Electronics,Manchester,Manchester,United Kingdom,2022-05-29,Active
8c828798-5ed8-44e6-b844-95d8af40ea38,Omni Retail 87,Business,Food Processing,Frankfurt,Frankfurt,Germany,2021-06-15,Active
9bfc43c3-cc95-483d-9961-306091b76518,Zenith Logistics 88,Business,Textiles,Hamburg,Hamburg,Germany,2020-12-03,Active
898d672f-386d-457c-b340-56548fe3df83,Vertex Trading 89,Individual,Textiles,Kolkata,Delhi,India,2025-09-16,Active
9818e74d-19dd-4f37-96ad-ae4883b417ff,Global Trading 90,Individual,Chemicals,Ningbo,Ningbo,China,2024-12-30,Active
81b108d2-c689-405d-ae6e-c52058405120,Nexa Trading 91,Business,Food Processing,Singapore,Singapore,Singapore,2025-09-04,Active
b36056c3-21cf-4e62-8f3f-ad9f07da63bc,Omni Logistics 92,Business,Chemicals,Felixstowe,Felixstowe,United Kingdom,2019-05-23,Active
d7268a79-a23a-449b-ba60-649fa052cbba,Omni Exports 93,Individual,Textiles,Shenzhen,Shenzhen,China,2023-08-14,Inactive
2940d517-28b2-472b-9658-1c5f38656394,Nexa Retail 94,Business,Food Processing,New York,New York,United States,2021-01-15,Active
b8850b8b-71a1-46a2-9ca5-a191f43fe385,Trident Industries 95,Business,Retail,Yokohama,Yokohama,Japan,2020-04-26,Active
ad804505-dfec-46fc-a24f-55d7435300e7,Apex Logistics 96,Business,Food Processing,Abu Dhabi,Abu Dhabi,UAE,2020-02-16,Active
47b3d470-43b4-4b40-bce3-2351cdd3a641,Zenith Logistics 97,Business,E-commerce,Rotterdam,Rotterdam,Netherlands,2022-11-09,Active
e93ce671-98a8-4e00-bc60-bddce9591b9a,Prime Logistics 98,Business,Chemicals,Guangzhou,Guangzhou,China,2023-12-06,Active
1f7b50e6-724d-4a2e-9915-6f37ec67c78f,Omni Trading 99,Business,Textiles,Rotterdam,Rotterdam,Netherlands,2021-02-15,Inactive
1bff4929-d5c0-47cd-8ac6-c35fd7aeecbe,Vertex Industries 100,Individual,E-commerce,Shanghai,Shanghai,China,2018-08-05,Active
5e9d5bce-7546-4b9b-8427-07e9307daec0,Prime Imports 101,Business,FMCG,Shenzhen,Shenzhen,China,2024-06-16,Active
67851839-158c-4af1-8cb0-578078dbe5ed,Omni Exports 102,Business,FMCG,Shanghai,Shanghai,China,2025-02-19,Active
7c91ba13-bd81-46de-b613-ffb29d981118,Apex Trading 103,Business,Retail,New York,New York,United States,2020-02-10,Active
dd8738e0-1a3b-4d89-a0cf-3be86c0eae53,Global Imports 104,Business,Retail,Ahmedabad,Gujarat,India,2023-09-09,Active
9480a16f-eb6f-4c06-aad1-cc17037b50fb,Apex Industries 105,Business,FMCG,New York,New York,United States,2023-07-10,Active
bb329006-5023-4599-b571-c106df5028ac,Nexa Retail 106,Business,Industrial Machinery,Rotterdam,Rotterdam,Netherlands,2024-05-17,Active
84c6cbb5-08b5-4317-b0d8-914756b96b3a,Prime Logistics 107,Business,Retail,Ningbo,Ningbo,China,2018-12-27,Active
71f9738e-d3a5-4da0-81ba-20978c70229c,Omni Logistics 108,Business,Electronics,Manchester,Manchester,United Kingdom,2020-05-10,Active
00306ebc-4db1-4e76-9d3f-2eb94af21d74,Global Industries 109,Business,E-commerce,Bremen,Bremen,Germany,2025-08-30,Active
84ead67b-1bb9-4248-8ce9-e8c647bfbd46,Nexa Exports 110,Business,Pharma,Ningbo,Ningbo,China,2021-05-19,Inactive
29b3002f-7add-41a5-8701-af7db94aeca3,Nexa Trading 111,Business,Chemicals,Sharjah,Sharjah,UAE,2019-02-09,Active
40f35e78-0796-4801-a6f7-fa28f6686d10,Global Industries 112,Business,Retail,Bremen,Bremen,Germany,2024-04-04,Active
91b23ba2-4085-42a9-bcda-d91f2b294072,Apex Logistics 113,Business,Electronics,Busan,Busan,South Korea,2019-01-10,Active
43abc0a5-eac5-4030-b804-6308bdf36e4b,Omni Imports 114,Business,Retail,Abu Dhabi,Abu Dhabi,UAE,2018-12-28,Active
d8635c18-aba1-401f-baa1-fb295ae4b167,Nexa Retail 115,Business,Automotive,Chicago,Chicago,United States,2022-11-24,Active
2704ca5a-2aa6-4291-8073-cc155b7a83d7,Nexa Retail 116,Business,FMCG,Hamburg,Hamburg,Germany,2018-02-21,Active
1cac02f1-b22e-4757-9768-0dfe1de37397,Trident Trading 117,Individual,Retail,Guangzhou,Guangzhou,China,2024-01-17,Active
f50990fa-a681-4d97-8072-79088d353c18,Nexa Imports 118,Business,Retail,Hamburg,Hamburg,Germany,2024-02-17,Active
c1cfe6ff-48c4-428c-a5f9-9f7b2aeca86e,Omni Logistics 119,Business,Electronics,Manchester,Manchester,United Kingdom,2025-10-18,Active
50eb7d4f-e910-4a96-a685-7bf556cb0a44,Trident Imports 120,Individual,Food Processing,Hamburg,Hamburg,Germany,2018-04-02,Active
ffd14c0c-8eaf-468e-ae25-5150b558bf59,Global Exports 121,Business,Industrial Machinery,Rotterdam,Rotterdam,Netherlands,2018-07-05,Active
51f05d57-cc06-4fc4-bbf5-3bbe8d292983,Global Imports 122,Individual,Pharma,Felixstowe,Felixstowe,United Kingdom,2019-06-07,Active
b2fc7a3c-d8b2-464c-89df-7965b18b973a,Prime Logistics 123,Business,FMCG,Bremen,Bremen,Germany,2025-03-14,Inactive
7b36517b-45fd-44ef-95f7-d865d9ffa7ca,Vertex Exports 124,Individual,Retail,Frankfurt,Frankfurt,Germany,2024-04-03,Active
5fd6add8-ca4b-40c6-80fb-0c7c3a015b0f,Apex Retail 125,Business,Food Processing,Osaka,Osaka,Japan,2019-09-11,Active
f014ee55-8450-4827-9cac-18db3f091aca,Omni Retail 126,Business,FMCG,Hamburg,Hamburg,Germany,2020-01-08,Active
2d9dc845-2883-4830-8f30-822b6008261d,Trident Retail 127,Business,Food Processing,Tokyo,Tokyo,Japan,2018-11-04,Active
898ad6e4-40e6-4805-a43c-8cd74c3dc54d,Zenith Logistics 128,Business,FMCG,Singapore,Singapore,Singapore,2021-01-27,Active
fc179ada-afb4-4a0b-a7a2-899de6cd7365,Nexa Logistics 129,Business,FMCG,New York,New York,United States,2025-05-05,Active
fb7bdf1a-991b-4458-be46-7ea983377230,Global Imports 130,Business,Textiles,Frankfurt,Frankfurt,Germany,2020-04-15,Active
a44bd1f7-c176-4ea4-9fde-9300c319a0e5,Trident Trading 131,Business,Chemicals,Osaka,Osaka,Japan,2025-09-27,Active
1df57cc3-736d-489a-8f23-f4bc74fc4cc3,Omni Industries 132,Business,Retail,Hyderabad,West Bengal,India,2022-06-28,Active
c9ddcb83-8fef-45c6-b3c9-9afbcf22a376,Vertex Industries 133,Individual,Pharma,Rotterdam,Rotterdam,Netherlands,2019-12-16,Active
0436a08a-f249-476a-ae96-4618fbdf9f5f,Prime Imports 134,Business,Retail,Rotterdam,Rotterdam,Netherlands,2019-01-06,Active
34282238-83ac-4b5c-9937-08f1f58a2458,Trident Industries 135,Business,FMCG,Dubai,Dubai,UAE,2022-12-04,Active
a35b83cc-829c-4779-8314-2195c044bbe0,Trident Trading 136,Business,Retail,Bremen,Bremen,Germany,2021-06-29,Inactive
d9fc634a-1540-43b1-bac8-d5023918237a,Nexa Logistics 137,Individual,Chemicals,Shanghai,Shanghai,China,2018-12-17,Active
e11a9f1a-2dac-4865-8d57-c7c458954003,Prime Exports 138,Business,Textiles,Sharjah,Sharjah,UAE,2018-07-19,Active
780bc0f9-fd2c-45f2-b246-5768fdf76ac5,Prime Retail 139,Business,Textiles,Mumbai,Maharashtra,India,2023-06-17,Active
3b576465-9b9b-44d0-9279-32b896c78d21,Global Logistics 140,Individual,Electronics,Kolkata,Karnataka,India,2020-11-01,Active
c5da6ef9-020f-46c1-b0f6-5d2792d90e0f,Omni Retail 141,Individual,Industrial Machinery,Ningbo,Ningbo,China,2020-03-09,Active
8e0bb7ca-57a5-4420-9acc-7ca6ae843495,Zenith Logistics 142,Business,Electronics,Singapore,Singapore,Singapore,2025-08-13,Active
70e2e3dc-ceb6-4882-aba2-8c220fb8da34,Zenith Retail 143,Business,Retail,Singapore,Singapore,Singapore,2021-03-23,Active
a4b01a61-987f-44be-8a70-4af66ab43c21,Omni Logistics 144,Business,Chemicals,Hyderabad,Delhi,India,2024-09-12,Active
a55f736f-8496-4b45-b630-46cbbd6537c7,Apex Industries 145,Business,Food Processing,Ahmedabad,Tamil Nadu,India,2024-10-03,Active
77c7f151-ab30-4fba-b9a2-7eff3c2a7012,Apex Logistics 146,Business,Pharma,Amsterdam,Amsterdam,Netherlands,2025-06-29,Active
0a9123b4-055d-40e1-a46f-a4cde4c15845,Omni Trading 147,Business,Electronics,Bremen,Bremen,Germany,2022-06-02,Active
2e12c999-ca2f-42b4-ade3-d56cf2f733f6,Global Retail 148,Business,FMCG,Abu Dhabi,Abu Dhabi,UAE,2023-02-26,Inactive
1051cb98-f138-4daa-85a0-0c5e02bf381d,Zenith Exports 149,Business,Electronics,Los Angeles,Los Angeles,United States,2023-04-08,Active
629da3a5-a518-4cc9-b254-93c82e15650d,Prime Logistics 150,Business,Automotive,Dubai,Dubai,UAE,2025-12-02,Active
2a4b97b5-c8ed-4797-92a4-f7f60b658185,Vertex Exports 151,Business,Pharma,Busan,Busan,South Korea,2025-10-31,Active
b166d862-16e2-40cb-8795-de81d0ba1196,Zenith Imports 152,Individual,Retail,Singapore,Singapore,Singapore,2025-01-09,Active
a2667b46-9d0f-4054-9dfa-a932b4babae3,Global Retail 153,Business,Chemicals,Chennai,Karnataka,India,2020-09-04,Active
2562d280-9650-4a3a-a3fb-9b25c27e1c5c,Trident Retail 154,Business,Pharma,Chennai,Maharashtra,India,2025-01-14,Active
37f07830-5f41-43c9-ab75-4325af89f558,Apex Trading 155,Business,Pharma,Singapore,Singapore,Singapore,2021-06-22,Active
2a8dc0df-8523-4bd7-b9cf-67c8d6b57bd8,Nexa Exports 156,Business,Pharma,Ningbo,Ningbo,China,2018-01-09,Active
1f95491e-06ef-4d53-be8f-c2d6db8d1925,Trident Exports 157,Business,Automotive,Rotterdam,Rotterdam,Netherlands,2025-06-07,Active
ad0d55f2-8501-44ef-a1bf-cbbaf4031051,Global Logistics 158,Business,Automotive,Sharjah,Sharjah,UAE,2020-11-22,Active
5c83fe37-ba9d-45b9-aa5b-c42523b08579,Nexa Logistics 159,Business,Pharma,Los Angeles,Los Angeles,United States,2018-03-07,Active
a5a85bfe-bf7e-4978-b2b1-6f5e7808cc03,Prime Industries 160,Business,Retail,Guangzhou,Guangzhou,China,2025-02-05,Active
edcf0a8f-f6de-4ebe-b30c-a5939f0480bd,Nexa Retail 161,Business,Chemicals,Ningbo,Ningbo,China,2019-05-20,Active
28586fc9-b440-40e4-84b3-8ce2147a86a3,Trident Industries 162,Business,Retail,Yokohama,Yokohama,Japan,2019-10-01,Active
4c36f003-2a83-4855-a0d0-7b41b6708d8d,Omni Exports 163,Business,Electronics,Rotterdam,Rotterdam,Netherlands,2019-01-29,Active
42dfb72f-0b08-4e92-98f0-009eba3f1e99,Trident Imports 164,Business,Textiles,Hamburg,Hamburg,Germany,2025-12-12,Active
83e30778-8865-4594-92c5-8bf9ff29d9f2,Vertex Trading 165,Business,Food Processing,Incheon,Incheon,South Korea,2018-10-04,Active
8cd2278e-ba0c-43af-a02a-b50d81510a05,Zenith Industries 166,Business,E-commerce,Tokyo,Tokyo,Japan,2018-04-13,Active
ab8b97c6-e7bd-4de3-a87f-1df72a479999,Omni Imports 167,Business,Retail,Rotterdam,Rotterdam,Netherlands,2018-05-14,Active
897d7a4a-885b-46be-a8d6-2009b431b60e,Zenith Trading 168,Individual,Industrial Machinery,Hamburg,Hamburg,Germany,2018-05-25,Active
c0176cdd-05e6-4478-a06e-26825e1d6425,Trident Imports 169,Business,E-commerce,Frankfurt,Frankfurt,Germany,2024-12-17,Active
46255fc3-6c6a-4cbd-905e-d253bf7f4a01,Omni Imports 170,Individual,Retail,Amsterdam,Amsterdam,Netherlands,2023-03-17,Active
b36288cc-e2cd-419f-b1e0-cb0ce6b928c2,Prime Industries 171,Business,FMCG,Abu Dhabi,Abu Dhabi,UAE,2019-05-10,Active
6a0af7e4-c743-444e-a959-afd5ea8a520d,Prime Industries 172,Business,Food Processing,Los Angeles,Los Angeles,United States,2024-05-01,Active
2f352afe-e741-4b38-a22c-4279277ec2a8,Global Retail 173,Individual,Industrial Machinery,Bremen,Bremen,Germany,2022-03-21,Active
be22bc54-9221-488c-93b0-058044dec8b2,Omni Trading 174,Business,Automotive,Manchester,Manchester,United Kingdom,2019-10-06,Active
80e67d8f-0c53-4f98-9f4c-847cad5ef56c,Trident Retail 175,Business,Food Processing,Yokohama,Yokohama,Japan,2020-08-20,Active
5bd8e4a2-b269-489b-a35b-c0efe6410462,Trident Trading 176,Business,FMCG,Osaka,Osaka,Japan,2025-01-21,Active
121a411e-1eb7-4bfd-96b3-176fca6b0ff0,Global Industries 177,Business,Pharma,Dubai,Dubai,UAE,2023-07-12,Active
fdc4e582-e94a-409a-b47e-1e002ab260a1,Zenith Retail 178,Individual,E-commerce,Guangzhou,Guangzhou,China,2018-11-02,Active
98eb17d5-4480-42f1-b03e-89e45d04307f,Omni Trading 179,Business,E-commerce,Chicago,Chicago,United States,2023-02-18,Active
897deee1-2d8d-4de6-9eae-8fe560f71cbd,Omni Trading 180,Business,Textiles,Los Angeles,Los Angeles,United States,2018-03-09,Active
c2a6a36d-8d5a-4526-b423-aa4c712b5fc7,Prime Retail 181,Business,Automotive,Hamburg,Hamburg,Germany,2022-07-04,Active
5d7b26af-fc72-4dc8-b261-4d443857579c,Omni Retail 182,Business,Chemicals,Chennai,Tamil Nadu,India,2022-05-09,Active
cdb758a0-4d02-4e56-a4c3-27cb53fe9e63,Global Imports 183,Business,Chemicals,Houston,Houston,United States,2022-01-21,Active
e90ec893-e705-40ec-b50d-a0d15d2e4242,Vertex Exports 184,Business,Retail,Rotterdam,Rotterdam,Netherlands,2021-08-07,Inactive
451c4a27-de81-45ea-b8e3-261d58d7df6c,Global Retail 185,Business,Electronics,Ahmedabad,Karnataka,India,2018-07-29,Inactive
635e7199-f0e8-4aa0-b548-c7d4a94c7e13,Global Imports 186,Individual,FMCG,Rotterdam,Rotterdam,Netherlands,2021-12-11,Active
607b0e3a-e3f7-4bae-bdb1-941f13d559ef,Apex Imports 187,Business,Pharma,Singapore,Singapore,Singapore,2018-03-07,Inactive
9d55c595-4b4f-438e-b9d0-eec082ab84f1,Nexa Retail 188,Business,Textiles,Tokyo,Tokyo,Japan,2023-08-11,Active
62b07b29-16f4-4267-ae7b-46b69e16a359,Omni Trading 189,Business,Industrial Machinery,Rotterdam,Rotterdam,Netherlands,2025-07-28,Active
4377d206-6edc-4164-9ef8-3c5bcac4f05e,Omni Industries 190,Individual,Automotive,Amsterdam,Amsterdam,Netherlands,2023-05-11,Active
dd2b7b67-6653-45ee-a90a-164de2e2fb95,Nexa Retail 191,Business,Textiles,Manchester,Manchester,United Kingdom,2019-03-23,Active
8e1798d1-90e0-4857-bc4c-62a055d925c1,Global Retail 192,Business,Industrial Machinery,Amsterdam,Amsterdam,Netherlands,2022-01-23,Inactive
1d75d17c-ee52-44e2-9698-6c05573ca573,Nexa Exports 193,Business,FMCG,Amsterdam,Amsterdam,Netherlands,2019-12-17,Active
2749b62a-de0b-41ba-80f4-51a7ce198e14,Omni Industries 194,Business,Automotive,Rotterdam,Rotterdam,Netherlands,2021-12-12,Active
72ff1413-eca3-4bbb-b809-3762890e92b7,Nexa Imports 195,Business,Electronics,Abu Dhabi,Abu Dhabi,UAE,2022-03-13,Active
625f11d6-dbcf-408f-99dd-98c3c5d66e94,Nexa Imports 196,Business,Retail,Chicago,Chicago,United States,2023-02-21,Active
1b074908-7ac6-40a8-bb7a-2a027f07a04e,Trident Retail 197,Business,Retail,Chennai,Karnataka,India,2022-05-29,Active
ffe91e30-8387-4810-a103-c018664d84b0,Nexa Retail 198,Business,FMCG,Houston,Houston,United States,2024-06-12,Inactive
b6b559bc-0617-42ee-a570-6e2bcd24b985,Omni Retail 199,Business,FMCG,Guangzhou,Guangzhou,China,2022-07-30,Active
e40d6854-41f6-4a5a-b315-05db9ee66c49,Apex Imports 200,Business,Retail,Hamburg,Hamburg,Germany,2019-06-10,Active
50a4f592-db07-4824-aa81-4392f22c6dea,Apex Logistics 201,Business,Retail,Ningbo,Ningbo,China,2019-07-28,Active
f8917e6a-02b9-4be7-8a22-cb177f07aa84,Vertex Trading 202,Individual,Industrial Machinery,Shenzhen,Shenzhen,China,2023-08-22,Active
f390f950-57c5-4042-b8b1-a94a44cfdfed,Nexa Exports 203,Business,Chemicals,London,London,United Kingdom,2019-09-05,Active
f30aaa46-6c98-424c-ba22-779d2aed5155,Omni Industries 204,Business,E-commerce,London,London,United Kingdom,2021-02-03,Active
05f79dfd-8cef-4906-bfe0-2c1848687af9,Global Exports 205,Business,Automotive,Tokyo,Tokyo,Japan,2020-04-30,Active
3b6e9da8-0434-424d-ac09-8759d14978ef,Omni Trading 206,Business,E-commerce,Rotterdam,Rotterdam,Netherlands,2018-10-05,Active
1d69820f-d717-4c4d-87e4-c5e49a7c38e5,Nexa Exports 207,Business,Chemicals,Singapore,Singapore,Singapore,2021-12-02,Active
bed1f98b-0e2c-470d-aae9-ecba4af59fde,Vertex Imports 208,Business,Retail,Incheon,Incheon,South Korea,2025-04-04,Active
7fc860c3-2ab0-4dbe-bf2c-ae71a0529598,Nexa Industries 209,Business,Textiles,Seoul,Seoul,South Korea,2022-09-21,Active
86a76a40-9c91-4e27-8882-7ca887b7cffa,Vertex Logistics 210,Business,Pharma,Shanghai,Shanghai,China,2023-02-01,Active
370a357b-e53e-4019-9f19-75639a72492c,Omni Exports 211,Business,Automotive,New York,New York,United States,2018-06-25,Active
7e0bd4ca-741e-4bfa-bd68-bb9656fb716c,Nexa Logistics 212,Business,Industrial Machinery,Felixstowe,Felixstowe,United Kingdom,2022-06-20,Active
b719cd64-476a-463e-823d-d96d817f9b63,Zenith Retail 213,Business,Chemicals,London,London,United Kingdom,2024-07-27,Active
4593c6b7-3a49-44c1-9106-669ba9350438,Apex Retail 214,Business,Industrial Machinery,Kolkata,Delhi,India,2024-02-27,Active
507411aa-d329-4552-b31e-4984d38f45ee,Zenith Trading 215,Business,Electronics,Singapore,Singapore,Singapore,2022-01-03,Active
6674011a-2a4b-4775-ab36-992c57386acd,Vertex Industries 216,Business,Chemicals,Singapore,Singapore,Singapore,2024-01-12,Active
2e6a37f1-6a3f-4306-8bd5-a09b265266e2,Vertex Exports 217,Business,Industrial Machinery,Shenzhen,Shenzhen,China,2022-12-15,Active
90cb6cae-e843-4b6c-9ee0-fa2f1d82fa0d,Trident Industries 218,Business,Retail,Chennai,Gujarat,India,2022-01-20,Active
d3761269-9c4a-404a-be18-a5a4897d6b7e,Vertex Logistics 219,Business,Electronics,Felixstowe,Felixstowe,United Kingdom,2019-11-01,Active
711907b2-0b5c-4980-9d51-ac2a867145b9,Global Retail 220,Business,Industrial Machinery,Hamburg,Hamburg,Germany,2020-09-12,Active
721b91d1-de17-489d-84a6-b56d0b27b48d,Trident Industries 221,Individual,Electronics,Incheon,Incheon,South Korea,2022-02-27,Inactive
bc5fca6e-695d-42c4-b9e9-e3349362d5b8,Prime Exports 222,Individual,Electronics,Singapore,Singapore,Singapore,2023-11-05,Active
0b56e125-5af7-40ec-8189-e90bb123f83b,Vertex Retail 223,Business,Chemicals,Singapore,Singapore,Singapore,2022-01-02,Active
07d1a2fb-a344-43d5-8989-7c1485a297e8,Omni Exports 224,Business,Pharma,Houston,Houston,United States,2021-06-09,Active
596969a5-4d9e-4046-89b5-13cd5242fd1d,Apex Trading 225,Business,Chemicals,Ningbo,Ningbo,China,2018-07-09,Active
14396b64-582e-4566-b170-904e40fd22c5,Vertex Imports 226,Business,Food Processing,New York,New York,United States,2022-11-02,Active
97721058-f064-490e-aac4-06d9118cd9a3,Vertex Logistics 227,Business,FMCG,Dubai,Dubai,UAE,2024-05-23,Active
b58d9dbc-c43b-4458-b944-6de783c618f9,Apex Industries 228,Business,Automotive,Houston,Houston,United States,2023-05-22,Active
70718417-bc6e-4680-abae-ad52ab093602,Omni Trading 229,Business,FMCG,Singapore,Singapore,Singapore,2022-12-29,Active
ac8a9770-c464-47ca-94f6-5582e9dda535,Omni Trading 230,Business,Electronics,Hamburg,Hamburg,Germany,2021-06-06,Active
cae1b7c2-078f-4898-a2c3-33b9463ef9f7,Zenith Retail 231,Business,Textiles,Dubai,Dubai,UAE,2022-04-13,Active
3e9bde27-ac8b-48bf-930d-770c2c9c8e7d,Vertex Industries 232,Business,Textiles,Yokohama,Yokohama,Japan,2022-10-19,Active
39a18a5a-b51e-4bc5-8d0d-2cbfd6bcdbfb,Vertex Retail 233,Business,Industrial Machinery,Mumbai,Karnataka,India,2019-08-30,Active
a1bd64be-4141-461e-8522-5b8ee36b2e6a,Apex Retail 234,Business,Pharma,Busan,Busan,South Korea,2024-05-02,Active
9bb4682f-7c84-4185-ad1d-3932980ecc61,Trident Industries 235,Business,Pharma,Yokohama,Yokohama,Japan,2022-07-21,Active
c0e69760-f974-4fef-a977-625c811c99f1,Apex Retail 236,Individual,Pharma,Sharjah,Sharjah,UAE,2024-10-27,Active
eb26bce2-54a5-482d-857f-85a935c32f0f,Prime Exports 237,Business,Chemicals,Chicago,Chicago,United States,2023-07-17,Active
1d024105-684c-4e93-9b9e-65433e43495f,Vertex Logistics 238,Business,Food Processing,Bengaluru,Delhi,India,2019-10-30,Active
7789ccdb-e99a-4e5c-8ee5-4c0f4a4426e1,Apex Imports 239,Individual,Pharma,Guangzhou,Guangzhou,China,2022-11-04,Active
d81b1b75-2335-4179-bb40-c3ae5d13b654,Apex Imports 240,Business,Electronics,Chicago,Chicago,United States,2020-07-10,Active
196a8721-bf53-49a6-aa67-e6bfabe3d912,Global Trading 241,Business,Food Processing,Abu Dhabi,Abu Dhabi,UAE,2021-04-24,Active
98a95add-a33d-41c4-b05b-83da25d17d65,Global Exports 242,Individual,Automotive,London,London,United Kingdom,2024-04-17,Inactive
357c0f9f-14ed-46d3-ba91-b2d6560c67d7,Apex Retail 243,Business,Automotive,Abu Dhabi,Abu Dhabi,UAE,2020-07-17,Active
fc3050aa-c397-479f-a555-11158d167f3e,Nexa Industries 244,Business,Food Processing,Osaka,Osaka,Japan,2018-11-09,Active
a8ce6662-e11b-4f1c-9844-0a2c3e2ab7ce,Nexa Retail 245,Business,Industrial Machinery,Shanghai,Shanghai,China,2019-08-01,Active
eba53228-e338-4121-a0ae-65896cdb3934,Nexa Exports 246,Individual,Retail,Felixstowe,Felixstowe,United Kingdom,2021-02-27,Active
cd5ca1b6-b09b-4413-b359-98d2302c7764,Global Imports 247,Individual,Pharma,Manchester,Manchester,United Kingdom,2024-03-13,Active
08640e10-666a-472f-b1db-7a9fb755f531,Omni Industries 248,Individual,Chemicals,London,London,United Kingdom,2025-02-08,Active
07d95c0d-b1ff-46ef-9ce7-c8849a6c43d9,Global Logistics 249,Business,Food Processing,Seoul,Seoul,South Korea,2025-07-19,Active
aef9e95f-24a0-41d6-8ee5-92d650558da1,Trident Logistics 250,Business,Pharma,Tokyo,Tokyo,Japan,2018-03-29,Active
4c5512cf-356e-4648-9f84-d6685d2ce173,Omni Trading 251,Business,Pharma,Ningbo,Ningbo,China,2023-04-01,Active
ed2845e7-aa44-4444-b84b-561957dbfcb3,Vertex Industries 252,Business,Industrial Machinery,London,London,United Kingdom,2022-01-20,Inactive
4a9cb763-5e68-4b68-bf43-3eda0239b479,Trident Exports 253,Business,Food Processing,Busan,Busan,South Korea,2018-12-14,Active
7f230e21-1398-4a13-a33f-3695be4b9e92,Zenith Imports 254,Business,Retail,Felixstowe,Felixstowe,United Kingdom,2019-11-21,Active
b1af90a4-9913-4ad1-a8f2-9e3992fa6ccd,Nexa Exports 255,Business,FMCG,Rotterdam,Rotterdam,Netherlands,2024-04-16,Active
620a3b54-8f10-470f-82b4-f4f9915f5b8d,Trident Imports 256,Business,Chemicals,Frankfurt,Frankfurt,Germany,2022-11-29,Active
fcb48dc9-25cd-4a59-881e-b219f56c06e4,Nexa Imports 257,Business,Electronics,Felixstowe,Felixstowe,United Kingdom,2021-04-30,Active
637821f3-7372-4b29-af17-26570509d296,Vertex Exports 258,Business,Pharma,Incheon,Incheon,South Korea,2018-01-22,Active
7f2cd99c-0ece-4278-8572-61391ebdb353,Prime Retail 259,Business,Electronics,Singapore,Singapore,Singapore,2024-11-20,Active
60dfe908-58c2-47ec-aebd-e9bc1ff27e1b,Vertex Trading 260,Business,Pharma,Busan,Busan,South Korea,2022-04-30,Active
c100e109-aeac-4668-9d42-859e2fd52d8e,Prime Logistics 261,Business,E-commerce,Chennai,Delhi,India,2018-06-29,Active
c2c864a7-ca24-4959-bfdf-d33ef8a8b29d,Omni Logistics 262,Business,Electronics,Singapore,Singapore,Singapore,2021-06-25,Active
2685798d-5647-4fa6-ad99-ed75b0287d50,Omni Industries 263,Business,Electronics,Hyderabad,Tamil Nadu,India,2024-11-13,Active
ec474b8b-9ece-439a-97b4-e3aaeddc2651,Trident Logistics 264,Business,Electronics,Felixstowe,Felixstowe,United Kingdom,2019-04-07,Active
239df1a4-cf29-4b25-9b05-e05ab5e04f4a,Omni Retail 265,Business,Industrial Machinery,Singapore,Singapore,Singapore,2021-01-01,Active
d80c8559-824c-443c-9aab-194e3bfe8a35,Prime Trading 266,Business,Industrial Machinery,Seoul,Seoul,South Korea,2020-03-12,Active
b9374a86-2db5-491d-81c4-7768482af3ac,Omni Retail 267,Business,Automotive,Amsterdam,Amsterdam,Netherlands,2025-10-31,Active
92692808-be31-47fb-88c9-220ced4e2663,Zenith Exports 268,Business,Chemicals,Busan,Busan,South Korea,2023-06-23,Active
1fcb1307-8d53-47c3-97ff-33e92abda322,Zenith Industries 269,Individual,Industrial Machinery,Amsterdam,Amsterdam,Netherlands,2019-08-28,Active
ad0d67e2-ae77-4a32-b269-bc02b9af0c7e,Trident Industries 270,Business,Electronics,Amsterdam,Amsterdam,Netherlands,2024-11-10,Active
4a6fced8-40e7-4256-b2d9-9b20e95f6ad7,Global Industries 271,Business,Food Processing,Incheon,Incheon,South Korea,2023-06-14,Active
97719f4d-aaf7-4b84-84cb-d84e26a519a8,Prime Trading 272,Business,Chemicals,Dubai,Dubai,UAE,2022-04-11,Active
49110954-33d1-4b0b-8098-29a74109cffb,Global Logistics 273,Business,E-commerce,Rotterdam,Rotterdam,Netherlands,2018-12-31,Active
7aa64522-5380-4269-879a-d4a61cbc263a,Omni Logistics 274,Business,Food Processing,Busan,Busan,South Korea,2023-10-16,Inactive
40b8ff7d-553c-4872-8e40-39706bb35b9c,Trident Exports 275,Individual,Retail,Delhi,Maharashtra,India,2020-08-28,Active
eac28111-beb6-49f9-a66a-b5d42da27858,Zenith Retail 276,Business,Pharma,Yokohama,Yokohama,Japan,2018-02-28,Active
f23bcf3d-6e14-410e-a810-d9a28f1d3c67,Nexa Exports 277,Business,Pharma,Rotterdam,Rotterdam,Netherlands,2020-06-10,Active
d412d5d7-0749-41e0-8e1c-55c92825274f,Global Trading 278,Business,FMCG,Manchester,Manchester,United Kingdom,2023-09-27,Active
42668ce9-2729-462a-97d2-f22a26c7d06c,Omni Logistics 279,Business,E-commerce,Osaka,Osaka,Japan,2021-09-27,Active
9957b5b3-8de0-467b-b29b-c3f5a66c3391,Prime Industries 280,Business,Food Processing,Singapore,Singapore,Singapore,2025-01-05,Active
d4248a1a-e963-4930-aa9d-e8e0b6051036,Global Industries 281,Individual,Textiles,Yokohama,Yokohama,Japan,2021-12-07,Active
e35d8da3-2c6e-4bc7-8f5b-ec34168572ba,Vertex Retail 282,Individual,Automotive,Hamburg,Hamburg,Germany,2024-09-08,Active
01793051-824e-497b-8dc2-a41284733f67,Nexa Exports 283,Business,Textiles,Manchester,Manchester,United Kingdom,2023-04-08,Active
7cf144ed-0943-4940-9502-32c8b59b87ac,Omni Retail 284,Business,Food Processing,Delhi,Gujarat,India,2022-01-17,Active
6e82243e-1009-49c5-adf3-18345e20ddd6,Trident Exports 285,Business,FMCG,Dubai,Dubai,UAE,2020-03-05,Active
e94d5594-065b-4afe-9757-aacedc9a187d,Prime Logistics 286,Business,Textiles,Incheon,Incheon,South Korea,2021-06-20,Active
976b172a-d905-4602-9a94-d6a5b8eea94b,Vertex Imports 287,Business,Industrial Machinery,Incheon,Incheon,South Korea,2023-11-18,Active
70a5626c-d45f-4955-a922-ac537222536a,Nexa Logistics 288,Business,Automotive,Houston,Houston,United States,2022-02-25,Active
c1135602-8c04-4fb5-a5ab-12dcf3f35e9b,Global Exports 289,Business,Chemicals,Manchester,Manchester,United Kingdom,2023-04-06,Active
02173cfa-4fbb-4ac3-b63b-223ac8a76b02,Nexa Trading 290,Business,Pharma,Dubai,Dubai,UAE,2019-08-25,Active
9ca2c4cd-4c8b-4e1a-998f-5d53efb86cda,Nexa Retail 291,Business,Automotive,Hamburg,Hamburg,Germany,2022-10-17,Active
1974b253-dedb-4cfe-85e7-58680ad8982b,Global Imports 292,Business,Food Processing,Dubai,Dubai,UAE,2018-02-20,Active
b9ae5bc9-2cde-4638-8793-9149cc2d5ce9,Nexa Trading 293,Individual,Automotive,Osaka,Osaka,Japan,2019-01-23,Active
324f32ab-d606-402c-b835-ba05f164d5a7,Zenith Retail 294,Business,Pharma,Dubai,Dubai,UAE,2025-05-26,Active
1dd8bb61-39c1-4a55-9fb5-2ea19cabe6ae,Prime Imports 295,Business,FMCG,Yokohama,Yokohama,Japan,2025-11-08,Active
c62dbd09-17c7-4aef-b7b3-8d3a5c78c1f4,Global Imports 296,Business,Electronics,Abu Dhabi,Abu Dhabi,UAE,2024-02-17,Active
4691c3a2-bee5-4ed0-87fb-9fe622a5cb79,Trident Imports 297,Business,Textiles,Mumbai,Tamil Nadu,India,2019-10-04,Active
7d4a9f0e-6255-4f2a-b242-60afe64d7e83,Prime Logistics 298,Business,E-commerce,Chicago,Chicago,United States,2025-10-13,Active
75d2cc75-3a2c-48c7-9a9f-65be45547208,Zenith Exports 299,Business,E-commerce,Chicago,Chicago,United States,2019-02-15,Active
7340dde3-5f33-4b2b-9011-4d00f2375a44,Vertex Trading 300,Business,Pharma,Abu Dhabi,Abu Dhabi,UAE,2021-09-10,Active
619aee53-252d-4bb4-bcd8-a3e97db04eaa,Omni Trading 301,Business,Automotive,Hamburg,Hamburg,Germany,2023-10-03,Active
2386d891-97c7-40fa-a44e-61f32464d298,Omni Trading 302,Business,Retail,Shanghai,Shanghai,China,2024-01-07,Active
c5c11ede-845b-425e-ae04-ef312438e311,Trident Imports 303,Business,Food Processing,Ahmedabad,Tamil Nadu,India,2018-05-21,Active
b268312c-1f7d-440f-bb37-1278a54e9857,Zenith Imports 304,Individual,Textiles,Ningbo,Ningbo,China,2021-12-07,Inactive
c16078b4-3f10-4c35-9ac6-677408aa5a07,Trident Logistics 305,Business,Automotive,Seoul,Seoul,South Korea,2018-03-28,Active
8d340ca1-8542-490c-b73b-73af0a38dfa9,Nexa Imports 306,Business,Food Processing,Delhi,Delhi,India,2023-01-25,Active
815a43d5-c2a1-4696-80a6-d67db5710e83,Trident Trading 307,Business,Industrial Machinery,Rotterdam,Rotterdam,Netherlands,2021-09-19,Active
2b3913b0-b80d-4972-a103-898fb56fd6fc,Prime Industries 308,Individual,Retail,Frankfurt,Frankfurt,Germany,2021-06-24,Active
8a7da920-5c71-4378-bb5d-59f2c0f74595,Trident Trading 309,Business,Pharma,Singapore,Singapore,Singapore,2020-02-15,Active
4764cee3-bb22-41fd-9d25-3d9eba51fb29,Vertex Imports 310,Business,Retail,Hamburg,Hamburg,Germany,2019-08-06,Active
5a11a684-b315-4fe2-b194-c3c4fb631371,Prime Imports 311,Business,Automotive,Rotterdam,Rotterdam,Netherlands,2018-09-27,Active
35b59b98-b83e-4edf-8631-92f472035667,Global Logistics 312,Business,FMCG,Seoul,Seoul,South Korea,2021-05-11,Active
e50b096e-8f12-49c8-b192-91a2e3c69382,Nexa Retail 313,Individual,Retail,Chicago,Chicago,United States,2021-05-31,Active
88571189-0e29-4dc4-9c9c-19afcc512e11,Nexa Logistics 314,Business,Automotive,Osaka,Osaka,Japan,2018-11-15,Active
f6d28f11-d9a9-4881-8da4-4548eb8e420b,Zenith Imports 315,Business,Electronics,Osaka,Osaka,Japan,2025-08-13,Active
f25373e9-44c7-49bf-9b35-a5e4a46b5b72,Apex Imports 316,Business,Automotive,Bremen,Bremen,Germany,2019-12-09,Active
e1dcc574-2d0c-40b0-9295-4beffd9db988,Trident Exports 317,Business,Food Processing,Ningbo,Ningbo,China,2019-07-05,Active
531c8549-d1d0-41f4-9aa7-cc733afe95b4,Prime Exports 318,Individual,Textiles,Frankfurt,Frankfurt,Germany,2019-04-23,Active
577cd3b5-c226-4596-bcd1-29ae5993bbf5,Global Retail 319,Business,Textiles,Sharjah,Sharjah,UAE,2021-07-17,Active
a8175161-ddc3-4dec-9523-270d559815cb,Trident Exports 320,Business,FMCG,Abu Dhabi,Abu Dhabi,UAE,2022-12-20,Inactive
a311f7ec-dc11-49de-819c-17eb5c446a77,Prime Retail 321,Business,Pharma,Rotterdam,Rotterdam,Netherlands,2025-07-07,Active
e55de7a3-fc32-41b3-905f-e8782fcbf940,Prime Retail 322,Business,Food Processing,Sharjah,Sharjah,UAE,2021-02-17,Active
e272bb73-a34c-48b0-9afa-263bb57bb405,Vertex Logistics 323,Business,Chemicals,Guangzhou,Guangzhou,China,2022-11-20,Active
74f5ece4-910e-4cc3-a115-dd270e873127,Global Retail 324,Business,Chemicals,Shanghai,Shanghai,China,2023-02-13,Active
7ddff573-7bbf-4034-b892-7a77d1b08191,Zenith Trading 325,Business,E-commerce,Houston,Houston,United States,2021-01-09,Active
9a95e41d-0594-4a4e-a6ae-fe55d9d0578c,Global Imports 326,Business,Retail,Singapore,Singapore,Singapore,2022-04-09,Inactive
c3991c05-7f5b-4444-a071-33ef0624d50a,Apex Retail 327,Business,Textiles,Chicago,Chicago,United States,2023-12-05,Inactive
340a8145-dbfd-467a-9d9b-8c6a06d5d005,Omni Industries 328,Business,Textiles,Singapore,Singapore,Singapore,2024-01-01,Active
7441700d-66a3-452c-a810-84df170ebf24,Omni Retail 329,Business,Textiles,Tokyo,Tokyo,Japan,2021-10-14,Active
d378eef2-afe6-4abc-bfc4-2ef2156c81c6,Nexa Imports 330,Business,Pharma,Bremen,Bremen,Germany,2021-05-25,Active
b9d0b136-bb0e-405e-830d-d076553e5eeb,Nexa Retail 331,Individual,Electronics,Incheon,Incheon,South Korea,2018-01-02,Active
c15009a8-ce1b-45be-a599-035d02e3351f,Vertex Trading 332,Individual,Food Processing,Rotterdam,Rotterdam,Netherlands,2021-12-13,Active
beec0619-5a71-4c17-b860-b992fdee232f,Zenith Logistics 333,Business,E-commerce,Sharjah,Sharjah,UAE,2022-05-21,Active
b40dfdd9-5e14-453b-9725-ac7c0c362162,Trident Trading 334,Business,FMCG,Sharjah,Sharjah,UAE,2023-08-02,Active
c00d4655-e91a-4574-9bc4-dbffde8822bd,Nexa Trading 335,Business,Chemicals,Frankfurt,Frankfurt,Germany,2024-05-15,Active
e34b7a7d-7cf9-43f3-a355-fd8d6c819ed1,Prime Trading 336,Business,Automotive,Hamburg,Hamburg,Germany,2018-06-29,Active
e88421ba-9ba1-4f6e-8a6c-0542b20d6685,Apex Logistics 337,Business,Industrial Machinery,Incheon,Incheon,South Korea,2021-08-14,Active
11b0adc4-68f6-4abc-9b47-b6df943a77c0,Vertex Industries 338,Business,FMCG,Singapore,Singapore,Singapore,2025-10-23,Active
6c560126-f71f-44ea-846b-1ed33094bef5,Vertex Trading 339,Business,Chemicals,Tokyo,Tokyo,Japan,2022-07-09,Active
d2e0ef6d-3e35-43d4-84cd-a02b0fcf1e6e,Zenith Trading 340,Business,E-commerce,New York,New York,United States,2020-03-11,Inactive
7cb6a694-2b95-4681-be16-85c1bd077d14,Omni Exports 341,Business,Automotive,Amsterdam,Amsterdam,Netherlands,2023-01-23,Active
50a4d8f1-d1d8-488f-9518-4f7c6d37cc17,Omni Logistics 342,Business,FMCG,Singapore,Singapore,Singapore,2021-12-02,Active
c4b6fd0b-f78e-4ee3-b122-d96ab42a59ee,Nexa Industries 343,Business,Industrial Machinery,Chicago,Chicago,United States,2024-05-07,Active
e0b69c26-9d83-465b-8ae2-991a69fe05e6,Zenith Trading 344,Individual,Industrial Machinery,Shenzhen,Shenzhen,China,2018-07-10,Inactive
eeedbfc4-98c2-49f9-a26a-cdac78d78118,Trident Industries 345,Individual,Food Processing,Houston,Houston,United States,2018-02-26,Active
c5bfefe4-7dc0-415e-ba61-bb7817c9e140,Trident Trading 346,Business,Pharma,Ahmedabad,Delhi,India,2020-06-12,Active
118daa2e-468e-4e3d-99cb-2db147c03694,Vertex Logistics 347,Business,Retail,Sharjah,Sharjah,UAE,2024-06-05,Active
067f5fa1-de0f-4f42-b8ec-5fffbc11e339,Apex Retail 348,Business,FMCG,Singapore,Singapore,Singapore,2018-02-10,Active
f4f0fcc0-0e1e-4fe9-8f16-4db7c16b4716,Apex Exports 349,Business,Industrial Machinery,Singapore,Singapore,Singapore,2024-04-06,Active
ab5ded8f-4737-415e-ae0b-44154346054d,Trident Logistics 350,Business,Pharma,Seoul,Seoul,South Korea,2020-10-23,Active
1fb88833-cbbd-4875-a816-96840c2bc0da,Vertex Logistics 351,Individual,Food Processing,Amsterdam,Amsterdam,Netherlands,2019-02-22,Active
d4504907-6767-4390-8f51-eccfb3c6d844,Vertex Exports 352,Business,E-commerce,Sharjah,Sharjah,UAE,2023-02-22,Active
2cc0abc0-8750-4dc3-8e64-4c6c37cafc49,Nexa Industries 353,Business,Textiles,Amsterdam,Amsterdam,Netherlands,2023-02-10,Active
a46a12b5-7640-4346-abff-c2cf7f2ad275,Global Retail 354,Business,Chemicals,Chennai,Telangana,India,2020-03-22,Active
ae64624c-fe0e-4627-a8eb-433f82e50859,Trident Imports 355,Business,E-commerce,Manchester,Manchester,United Kingdom,2020-12-01,Active
a275f8e5-37c5-4876-b184-7ca866cd1f18,Omni Trading 356,Individual,Automotive,Rotterdam,Rotterdam,Netherlands,2019-01-23,Active
df04be43-449f-4b6b-abbc-79d17fd65cfd,Global Logistics 357,Business,Electronics,Shanghai,Shanghai,China,2018-04-17,Active
cddd2924-1aba-4e5d-b38d-c3f931ed8b92,Zenith Trading 358,Business,FMCG,Abu Dhabi,Abu Dhabi,UAE,2022-02-09,Inactive
b4c59dd5-d065-45cf-8920-e85cb62cac84,Zenith Industries 359,Business,Automotive,Bremen,Bremen,Germany,2023-07-13,Active
5e12eb61-95e7-4749-9ad0-a2ec4f30009a,Apex Exports 360,Business,Textiles,Abu Dhabi,Abu Dhabi,UAE,2023-04-14,Active
0e1e2dfd-98dd-458b-a6d6-bf3b7a49ea9a,Nexa Logistics 361,Business,E-commerce,Hamburg,Hamburg,Germany,2019-08-31,Active
76e6629e-3fed-4921-95c2-73f4ea00c1eb,Zenith Retail 362,Business,Chemicals,London,London,United Kingdom,2022-05-31,Active
420563d1-f2b4-4004-9fb7-fb98981c128b,Omni Logistics 363,Business,FMCG,Rotterdam,Rotterdam,Netherlands,2022-12-19,Active
05e99ad6-0e47-4fec-a491-52f71bafe964,Omni Industries 364,Individual,Industrial Machinery,Guangzhou,Guangzhou,China,2022-05-23,Active
7dcd1806-9906-4258-a0a0-6c78d812f8ee,Global Retail 365,Business,Retail,Singapore,Singapore,Singapore,2025-08-24,Active
b11e763b-7135-4976-811f-43dba89cee24,Vertex Exports 366,Business,Automotive,Chicago,Chicago,United States,2019-11-20,Active
6fd4ab24-0122-4beb-ae75-6154b2208617,Zenith Trading 367,Business,Industrial Machinery,Seoul,Seoul,South Korea,2021-03-14,Active
fa89dc0c-4fc2-4a76-a283-cd9222fe7aad,Trident Imports 368,Business,FMCG,Singapore,Singapore,Singapore,2019-02-01,Active
c2fde2ef-dc27-4eed-a06a-26150958a09c,Prime Imports 369,Business,FMCG,Ningbo,Ningbo,China,2021-02-08,Active
0c5289e4-a342-40b1-b7e3-c3ddedff30c4,Prime Logistics 370,Business,Pharma,Singapore,Singapore,Singapore,2019-08-31,Active
11fe5307-3814-4e8a-bf6a-15230635313e,Nexa Retail 371,Individual,E-commerce,Rotterdam,Rotterdam,Netherlands,2020-02-10,Active
d9085933-69c0-4e8b-90d6-07751b2f34c2,Nexa Exports 372,Business,E-commerce,Rotterdam,Rotterdam,Netherlands,2024-11-21,Active
eb4c60b1-5163-472e-b51c-ed25998b4e65,Global Imports 373,Individual,Textiles,Dubai,Dubai,UAE,2021-03-31,Active
806955ab-0373-4604-80db-2857aaec5635,Prime Imports 374,Business,Pharma,Bremen,Bremen,Germany,2018-04-11,Active
210b4206-983e-4d88-816c-6e653553aab9,Global Trading 375,Business,Chemicals,Incheon,Incheon,South Korea,2020-02-24,Active
8db58df7-6c1d-4e99-9795-b47a44f01da9,Omni Logistics 376,Business,Food Processing,Frankfurt,Frankfurt,Germany,2020-05-02,Active
f4278e9b-5ccd-4844-a98a-e8ef882e5dc0,Trident Logistics 377,Business,FMCG,Singapore,Singapore,Singapore,2020-03-09,Active
7e4f34b6-24cc-4ff2-b53d-9d161b05c63e,Omni Industries 378,Business,E-commerce,Kolkata,Telangana,India,2021-02-13,Active
2e556a3a-89b7-4755-a53c-52dcd420b77a,Omni Imports 379,Business,FMCG,Singapore,Singapore,Singapore,2019-05-03,Active
9a92b0c6-9255-4b9d-bedf-cde1bcb57221,Apex Imports 380,Business,Chemicals,Hyderabad,West Bengal,India,2021-11-27,Active
8a62c9ec-1712-4afb-8a9a-894f9df448fb,Apex Exports 381,Individual,Textiles,London,London,United Kingdom,2019-02-17,Active
47c7b975-407f-48b3-b063-a061a4c06498,Omni Industries 382,Individual,FMCG,Chicago,Chicago,United States,2024-11-24,Inactive
93c60ecb-5e41-483c-b453-fc2380fa4706,Trident Retail 383,Business,Pharma,Incheon,Incheon,South Korea,2023-06-16,Active
b8306df6-8a0a-45ea-a3b1-ed902905ca52,Apex Exports 384,Business,Chemicals,New York,New York,United States,2023-10-09,Active
dc4f1d9e-2201-464f-9187-a09c6e9cfc35,Omni Logistics 385,Individual,Automotive,Ningbo,Ningbo,China,2018-03-05,Active
f31df307-6728-48e0-9192-a45aedc1f803,Omni Imports 386,Individual,Automotive,Guangzhou,Guangzhou,China,2023-07-14,Active
caecb247-ceff-47ff-9aef-0ddcf6dc6c41,Zenith Exports 387,Business,FMCG,Singapore,Singapore,Singapore,2024-02-01,Active
601cffb2-e186-4e43-8c8f-30587b6194c9,Zenith Trading 388,Individual,FMCG,New York,New York,United States,2025-08-24,Active
dff9cecf-9284-43d3-a35b-d28c5b81560f,Trident Retail 389,Individual,Pharma,Houston,Houston,United States,2022-11-25,Active
0ee64497-a83f-4896-8be8-6a2236215fe0,Apex Exports 390,Business,Retail,Incheon,Incheon,South Korea,2019-09-24,Active
c96f2a2d-e7dc-497c-9625-f2a466978f3b,Global Trading 391,Business,Automotive,Manchester,Manchester,United Kingdom,2018-08-15,Active
9bc7f241-53ae-41d4-808f-a77198f45ab2,Apex Imports 392,Business,Industrial Machinery,Seoul,Seoul,South Korea,2021-03-20,Active
005b56a6-4653-41f9-a8ec-b8a1717b933c,Global Trading 393,Business,Automotive,Singapore,Singapore,Singapore,2018-02-09,Active
14804dd1-47c9-437b-a0f4-e97356912d16,Nexa Retail 394,Business,Pharma,Guangzhou,Guangzhou,China,2018-04-18,Active
a3c00499-3df7-4b0b-adfb-ab5ea9680f2a,Global Logistics 395,Individual,Textiles,Singapore,Singapore,Singapore,2020-12-16,Active
925cd69f-5ae8-4b1a-bf4d-994a39bb95cd,Trident Industries 396,Business,E-commerce,Chicago,Chicago,United States,2025-06-28,Active
9d8340f4-1b71-4a32-960f-8d2c641b268b,Vertex Trading 397,Business,E-commerce,Tokyo,Tokyo,Japan,2024-02-05,Active
a66fb1b7-9fd7-438e-ac6c-2254bd9cd8d8,Zenith Exports 398,Business,E-commerce,Hamburg,Hamburg,Germany,2021-02-20,Active
1510ebc8-448b-49be-ac27-890bb73899d7,Nexa Trading 399,Business,E-commerce,Abu Dhabi,Abu Dhabi,UAE,2023-07-07,Active
c256645b-d246-4142-820e-0a2c8e344d8a,Vertex Retail 400,Business,Textiles,Sharjah,Sharjah,UAE,2022-07-05,Active
213d4ffb-9744-4a60-b2e6-2e26c6b32443,Zenith Exports 401,Individual,Pharma,Singapore,Singapore,Singapore,2025-02-16,Active
6cca0481-1f6d-43e9-a192-8a00892c365c,Nexa Exports 402,Individual,Automotive,Los Angeles,Los Angeles,United States,2022-07-17,Active
31d08c9d-4cca-4a73-9525-ca7475e95093,Trident Retail 403,Business,E-commerce,Seoul,Seoul,South Korea,2025-08-08,Active
76adeb51-00a1-4557-9584-585f49726110,Nexa Exports 404,Business,Electronics,Singapore,Singapore,Singapore,2022-04-21,Active
d058ef08-ddc9-4d67-be68-93319e5cb0b8,Vertex Imports 405,Business,Retail,Chicago,Chicago,United States,2019-04-10,Active
a7f1972e-881e-4537-ada0-df19e34b9a3c,Apex Logistics 406,Business,Retail,Yokohama,Yokohama,Japan,2020-11-02,Active
7175005b-90d8-4ea8-bee0-c9d5cb2bc228,Zenith Trading 407,Business,E-commerce,Abu Dhabi,Abu Dhabi,UAE,2025-07-10,Active
ea39d564-2cac-4951-9ec0-52298395174c,Zenith Exports 408,Business,Chemicals,Chicago,Chicago,United States,2025-09-07,Active
123819c4-3765-4b25-8240-b28943a6f374,Apex Exports 409,Individual,Retail,Ahmedabad,Gujarat,India,2022-11-11,Active
5291fee2-b130-4296-94c0-db13490dca89,Omni Logistics 410,Business,Textiles,Manchester,Manchester,United Kingdom,2024-05-16,Active
1354a962-bbb7-4719-999e-68dd57cfc7f0,Global Trading 411,Business,FMCG,Incheon,Incheon,South Korea,2023-07-09,Active
458dda2b-617e-4875-94dd-a49523c03219,Zenith Retail 412,Business,Textiles,Busan,Busan,South Korea,2025-08-01,Active
8bb2f8ce-65dd-4d2e-b06c-7b1ac27a38c7,Omni Logistics 413,Business,Automotive,New York,New York,United States,2025-08-10,Active
5ea85769-800b-4185-8885-26340e240840,Nexa Trading 414,Business,Electronics,Shenzhen,Shenzhen,China,2023-05-27,Active
eab4252a-4c54-4a04-b26f-992e36ffd4a3,Global Trading 415,Business,Retail,Ningbo,Ningbo,China,2024-05-22,Active
60deb546-b4a3-4f3e-81e9-4612b52d8e98,Omni Exports 416,Business,E-commerce,Abu Dhabi,Abu Dhabi,UAE,2020-07-21,Active
d3cc9d3c-a697-4474-b65d-e3ce01ae4158,Prime Logistics 417,Individual,Chemicals,Abu Dhabi,Abu Dhabi,UAE,2020-06-27,Active
87f01680-8416-47c7-8ab7-9d7ce4418620,Global Logistics 418,Business,Retail,Bremen,Bremen,Germany,2019-09-19,Active
b405f55b-1e94-4fdb-9e7f-9689704bd876,Prime Imports 419,Individual,Retail,Amsterdam,Amsterdam,Netherlands,2024-08-02,Active
1a49abb1-dc6c-4da0-b521-822f2cf6b094,Nexa Imports 420,Business,FMCG,Rotterdam,Rotterdam,Netherlands,2024-05-10,Active
66263ba0-84ae-4091-ac34-546395c4e5ad,Vertex Trading 421,Business,Industrial Machinery,Abu Dhabi,Abu Dhabi,UAE,2018-12-03,Active
d8232390-334f-44f3-b6fe-65479826b398,Apex Imports 422,Business,FMCG,Incheon,Incheon,South Korea,2024-08-14,Active
c38f54ce-0147-4ee0-a37e-7588804130dd,Nexa Retail 423,Business,Automotive,Amsterdam,Amsterdam,Netherlands,2024-06-10,Active
d36f92ce-69be-497a-8f80-ca0e5b132a72,Global Exports 424,Business,Chemicals,Rotterdam,Rotterdam,Netherlands,2022-06-11,Active
1cf7bcff-0479-4413-a489-52aba9fa2c16,Prime Imports 425,Business,Industrial Machinery,Singapore,Singapore,Singapore,2023-05-05,Active
593506e2-92d0-4415-a57a-dd698a0c9516,Zenith Trading 426,Business,Automotive,Incheon,Incheon,South Korea,2019-08-04,Active
3d87ef11-c602-455b-b2b9-5ed3536f25b8,Trident Retail 427,Individual,Electronics,Sharjah,Sharjah,UAE,2019-11-06,Inactive
69f279d0-9ba5-4d58-9439-5a0f11f18a15,Global Logistics 428,Business,FMCG,Sharjah,Sharjah,UAE,2022-10-31,Active
9010d848-4706-404c-8482-0d202d51872b,Global Logistics 429,Individual,Food Processing,Frankfurt,Frankfurt,Germany,2023-03-13,Active
c225a963-dcc7-43b5-8311-88daf6330426,Vertex Imports 430,Business,Retail,Felixstowe,Felixstowe,United Kingdom,2022-10-02,Active
d11cfeeb-b6ab-4d78-b954-a668dd05ebd9,Zenith Retail 431,Business,Chemicals,Bremen,Bremen,Germany,2019-05-27,Active
77bd0fc3-3691-4c77-8ae9-0681c1757cdd,Nexa Industries 432,Business,Textiles,Los Angeles,Los Angeles,United States,2022-10-28,Active
c6393eaf-a129-4095-8b4a-1f13c37de0fe,Trident Imports 433,Business,Pharma,Busan,Busan,South Korea,2019-07-21,Active
8930ce3d-8e26-4bec-9345-38817fcd8c5f,Trident Trading 434,Business,Automotive,Chicago,Chicago,United States,2019-08-17,Inactive
8e8db1dd-050a-4779-b190-e5e1638b0872,Zenith Industries 435,Business,Electronics,Delhi,West Bengal,India,2022-12-02,Active
e742a0f8-0207-49bc-be70-2299308d2620,Vertex Industries 436,Business,E-commerce,Los Angeles,Los Angeles,United States,2019-05-16,Active
e39da9d3-9239-4346-91c7-ed018afddf32,Prime Trading 437,Business,Textiles,Felixstowe,Felixstowe,United Kingdom,2022-06-25,Active
035b5329-114a-4026-8368-8315a828faf0,Omni Logistics 438,Business,FMCG,Seoul,Seoul,South Korea,2021-07-28,Active
83aab961-e582-4a15-9010-49ef81da2982,Vertex Imports 439,Individual,E-commerce,Amsterdam,Amsterdam,Netherlands,2019-11-24,Active
a543c185-6782-49d5-93da-f013eaafeb42,Omni Imports 440,Business,Pharma,Ningbo,Ningbo,China,2022-10-17,Inactive
69afcdd0-9309-43f8-b2f6-f99108b4c5f3,Trident Exports 441,Business,E-commerce,New York,New York,United States,2023-06-11,Active
cd679472-28fc-4d97-a06f-7a5108b74892,Prime Imports 442,Business,Electronics,Amsterdam,Amsterdam,Netherlands,2020-01-20,Active
d1aaa064-3503-4ccd-b25f-475d234c723f,Prime Trading 443,Business,Textiles,Hyderabad,Gujarat,India,2021-08-23,Active
5f5a52c2-7fe6-49d7-ac50-220ca9d044e9,Zenith Industries 444,Business,Food Processing,Ningbo,Ningbo,China,2019-10-15,Inactive
28d1620e-4f96-4f9a-9392-f43aa211d58a,Apex Retail 445,Business,Retail,Felixstowe,Felixstowe,United Kingdom,2021-10-02,Active
df83c5d4-6298-4cfb-a0c1-24e48a6c286e,Nexa Retail 446,Business,Industrial Machinery,Singapore,Singapore,Singapore,2021-03-15,Active
8dde2195-5c31-4950-95e3-f0598876b796,Trident Logistics 447,Individual,FMCG,Rotterdam,Rotterdam,Netherlands,2025-09-23,Active
5cef9323-5563-4a03-8739-589234d0cb6f,Global Retail 448,Business,E-commerce,Rotterdam,Rotterdam,Netherlands,2021-10-26,Active
b5fd8c33-3067-4dbc-b363-dcf69f9dfe9d,Nexa Retail 449,Business,Pharma,Los Angeles,Los Angeles,United States,2023-04-29,Active
a2d896a2-3651-4c0d-9486-89caa61afd09,Vertex Retail 450,Business,Electronics,Osaka,Osaka,Japan,2023-08-23,Active
89e0d6b5-399c-4cc1-b7ac-8af8b90b9fdb,Global Imports 451,Business,FMCG,Shanghai,Shanghai,China,2023-11-09,Active
a637d0a6-3983-4055-960c-a5ad4aa8d39e,Vertex Industries 452,Business,Textiles,Houston,Houston,United States,2018-06-30,Active
820017a1-ed37-4e02-978a-6850fb5fec34,Global Retail 453,Business,E-commerce,Shenzhen,Shenzhen,China,2019-03-07,Active
c966a20f-107e-4fae-b73d-50e1bf0cff2c,Zenith Imports 454,Business,E-commerce,Frankfurt,Frankfurt,Germany,2021-08-13,Active
dd507780-6528-4ba9-b482-05b85a5c15ed,Global Logistics 455,Business,Pharma,Osaka,Osaka,Japan,2021-01-29,Active
9b5cfa1c-3604-44ca-8819-a5a9eb8f3a58,Prime Industries 456,Business,Electronics,Singapore,Singapore,Singapore,2020-03-02,Active
db465f60-4086-4d69-a8f0-d8b161efc583,Prime Industries 457,Business,Industrial Machinery,Sharjah,Sharjah,UAE,2025-06-25,Active
82d132b1-8bfe-488a-b2d9-77bca0477c5f,Omni Logistics 458,Business,Automotive,Felixstowe,Felixstowe,United Kingdom,2020-06-08,Active
7f571d58-bed6-4a55-8270-45dfb023e265,Nexa Retail 459,Business,E-commerce,Busan,Busan,South Korea,2021-05-17,Active
2857fb32-1b99-4c6e-8e8e-5f77122855a0,Omni Imports 460,Individual,Textiles,Rotterdam,Rotterdam,Netherlands,2019-10-26,Active
12d0c881-423c-4c25-b8cb-5015c967b554,Omni Logistics 461,Business,Food Processing,Yokohama,Yokohama,Japan,2022-07-10,Inactive
7a6f0af0-e052-435f-9cd1-8856269b29db,Apex Imports 462,Business,Food Processing,Abu Dhabi,Abu Dhabi,UAE,2024-05-04,Active
db3ba608-0428-432f-8490-e5639118ad8a,Nexa Logistics 463,Business,Chemicals,Mumbai,Karnataka,India,2019-12-21,Active
20e7fb6b-1b26-49ae-8612-a3e5cf05817e,Trident Exports 464,Business,Automotive,Ahmedabad,Gujarat,India,2019-08-22,Active
cf34eede-21ae-4786-b0ea-5657373ec769,Zenith Industries 465,Business,Industrial Machinery,Chicago,Chicago,United States,2022-03-03,Active
14a7d722-d546-4a03-9feb-7e999bdba8f9,Zenith Logistics 466,Business,E-commerce,Abu Dhabi,Abu Dhabi,UAE,2018-09-27,Active
a3975b47-2fea-4b8f-9ba0-a6040cb4f0d5,Zenith Retail 467,Business,FMCG,Tokyo,Tokyo,Japan,2025-11-22,Active
c903ee5d-f607-433a-8451-465331b0eeb8,Nexa Imports 468,Business,Electronics,Rotterdam,Rotterdam,Netherlands,2019-05-15,Active
9dd10421-0f40-4f5d-afab-60e33c01d5d1,Global Retail 469,Business,Pharma,Osaka,Osaka,Japan,2018-08-27,Active
9c06d1b3-06db-42b4-9c76-63493b2fd9f9,Vertex Logistics 470,Business,Chemicals,Dubai,Dubai,UAE,2025-04-17,Active
2d5dfaca-4030-4387-bd3a-c6b9af722545,Omni Trading 471,Business,Pharma,Abu Dhabi,Abu Dhabi,UAE,2019-06-16,Active
afc9c8f8-cd64-4dd0-95e3-2c9bfc4f17b1,Vertex Industries 472,Business,Chemicals,Amsterdam,Amsterdam,Netherlands,2021-01-24,Active
5e13528b-75e8-43d6-bac0-4d9130a18e65,Trident Trading 473,Business,Automotive,Busan,Busan,South Korea,2021-10-25,Active
ff2747b0-d75a-446a-91a1-ea7e6872d6dd,Apex Logistics 474,Business,Electronics,London,London,United Kingdom,2019-03-31,Active
966b05b9-db05-46ac-a146-88779ad41c6f,Zenith Retail 475,Individual,Textiles,Singapore,Singapore,Singapore,2020-12-13,Active
83249f39-8664-46c6-aba6-6f993189f074,Zenith Trading 476,Business,Food Processing,Singapore,Singapore,Singapore,2021-06-14,Inactive
01610694-973b-4752-83c6-c49ea120d3a4,Prime Retail 477,Individual,Industrial Machinery,New York,New York,United States,2020-08-10,Active
011b6fb1-7a99-4b15-9824-8f79d293d3b3,Apex Imports 478,Business,Pharma,Osaka,Osaka,Japan,2021-04-14,Active
c95a4127-94d5-46b9-9b86-eb008eb7257a,Global Retail 479,Business,Pharma,Bengaluru,Delhi,India,2021-08-25,Active
9512ebb9-8a94-4148-9490-13814589cf54,Trident Industries 480,Business,Textiles,London,London,United Kingdom,2024-03-08,Active
6e62ab68-52a9-4621-b1d1-a52c4f867bc6,Zenith Industries 481,Business,Automotive,Rotterdam,Rotterdam,Netherlands,2025-08-06,Active
0b54b32e-3073-49db-98f4-228b639a4f43,Prime Industries 482,Business,Textiles,Singapore,Singapore,Singapore,2023-10-10,Active
5113fb0c-7d51-4b0f-8c16-f4ea831fe273,Global Exports 483,Business,Industrial Machinery,Sharjah,Sharjah,UAE,2018-02-06,Active
de379037-e93a-4300-bd00-ea3339c662fd,Prime Exports 484,Individual,Electronics,Singapore,Singapore,Singapore,2018-10-04,Active
84261756-26e7-40a4-9570-39a881638fed,Apex Retail 485,Business,Retail,Frankfurt,Frankfurt,Germany,2023-03-12,Active
925999d9-2732-41be-a830-77ba8c230a17,Apex Industries 486,Individual,E-commerce,Los Angeles,Los Angeles,United States,2019-12-14,Active
413bceca-a80e-4c92-87e5-ddff86162720,Zenith Imports 487,Business,FMCG,Bremen,Bremen,Germany,2024-01-10,Inactive
9b64d8d7-fa7c-4d83-be54-5798e4fd3306,Omni Imports 488,Business,Food Processing,Dubai,Dubai,UAE,2019-11-26,Active
73491788-e291-429e-aa20-7899dd66e916,Vertex Industries 489,Business,Electronics,Ningbo,Ningbo,China,2019-08-11,Active
2fdd5d3b-8406-43f6-974d-5727b789d4fc,Nexa Logistics 490,Business,Retail,Shenzhen,Shenzhen,China,2020-01-20,Active
66061f7a-38c1-441d-8489-cf92fbb68c98,Prime Retail 491,Business,Retail,Felixstowe,Felixstowe,United Kingdom,2024-08-12,Active
10bff147-7e53-4382-a5af-8fee08c06501,Vertex Logistics 492,Business,Textiles,Shanghai,Shanghai,China,2020-11-28,Active
9b996b4a-1ca3-4bbf-9a20-c7605dd3b782,Global Industries 493,Business,Textiles,Osaka,Osaka,Japan,2019-02-19,Active
6d172780-7e24-4818-b75e-3538c0826422,Omni Imports 494,Business,Retail,Bremen,Bremen,Germany,2020-12-04,Active
105ee1ec-ea0e-4a21-b513-ab8966a728cc,Global Industries 495,Business,Pharma,Yokohama,Yokohama,Japan,2018-04-18,Active
d19af8b3-ee5e-4ea5-a766-bc0911527c13,Trident Exports 496,Business,FMCG,Singapore,Singapore,Singapore,2018-06-21,Active
82da2e07-8ad2-4bdc-968f-2ed0f7f561b5,Omni Retail 497,Business,Industrial Machinery,Los Angeles,Los Angeles,United States,2019-04-30,Inactive
d7984701-511f-45cb-a341-be2a61ce03ad,Apex Trading 498,Business,Automotive,Amsterdam,Amsterdam,Netherlands,2023-02-26,Active
4f943169-054a-4fb9-8d75-4a6d50bfb488,Vertex Trading 499,Business,FMCG,Busan,Busan,South Korea,2025-08-24,Active
4222aae6-da72-41c0-aca5-37d006a2a08c,Nexa Retail 500,Business,Pharma,Sharjah,Sharjah,UAE,2022-12-11,Active
4dfe4308-5e6c-4c7f-9b6e-6679bdee0dcb,Apex Logistics 501,Business,Electronics,Incheon,Incheon,South Korea,2022-01-04,Active
a640293f-8356-4d6a-bdd6-3a6dd360187d,Zenith Imports 502,Business,Automotive,Singapore,Singapore,Singapore,2021-06-25,Inactive
b576ade5-ef61-4a85-ae63-9832e20fe7df,Nexa Imports 503,Business,Pharma,Rotterdam,Rotterdam,Netherlands,2022-10-25,Active
3dea545d-15d4-4d30-8afd-2d16d52c6bda,Prime Industries 504,Business,Chemicals,Frankfurt,Frankfurt,Germany,2022-07-22,Active
a1b7b63e-e0c2-4316-9e1b-4ec2993d8fc1,Vertex Industries 505,Business,Pharma,Singapore,Singapore,Singapore,2019-06-07,Active
cb35b34c-5ed7-4221-82f3-4a533c00f76e,Prime Logistics 506,Business,Automotive,Yokohama,Yokohama,Japan,2021-03-23,Inactive
4125d2a7-3cf9-4b34-9836-944b89b81115,Vertex Imports 507,Business,Textiles,Osaka,Osaka,Japan,2025-09-07,Active
5f25c248-2cb1-4c3c-b92a-edc8b04629b5,Trident Industries 508,Business,FMCG,Frankfurt,Frankfurt,Germany,2018-08-03,Active
129fb7fe-2a89-4e44-8092-4fada9399c68,Trident Retail 509,Business,Food Processing,Manchester,Manchester,United Kingdom,2018-07-09,Active
4ffc7346-966b-42d4-82ca-97b8dd705b4b,Omni Retail 510,Business,Textiles,Dubai,Dubai,UAE,2018-05-28,Active
586b08d7-10f0-46a2-8b0b-57071e97dba5,Nexa Logistics 511,Business,E-commerce,Tokyo,Tokyo,Japan,2020-09-15,Active
65ce7de2-45aa-4b45-85fa-5a26cab8f5f8,Trident Logistics 512,Individual,Electronics,Rotterdam,Rotterdam,Netherlands,2023-09-19,Active
dad6fd18-b031-4a34-b78f-858d91d373df,Nexa Industries 513,Business,Electronics,Seoul,Seoul,South Korea,2021-06-20,Active
1c235476-b292-4880-872e-e73a7007754d,Trident Exports 514,Business,Retail,Rotterdam,Rotterdam,Netherlands,2022-11-15,Active
7149a2dc-8526-4545-96d3-d73a27c6c511,Prime Trading 515,Business,Food Processing,Osaka,Osaka,Japan,2021-02-14,Active
a378e7ce-df87-4d15-b277-2f5e024a4739,Prime Retail 516,Individual,Pharma,Chicago,Chicago,United States,2021-02-24,Active
5856e2c9-91d0-48ae-a029-9041740cceab,Zenith Industries 517,Business,Textiles,Hamburg,Hamburg,Germany,2021-12-05,Active
2751fdbd-9a53-4011-b0da-775df78f8965,Vertex Trading 518,Business,Retail,Houston,Houston,United States,2023-05-20,Inactive
e8710395-a056-4024-865a-103161f0fb5c,Nexa Exports 519,Individual,Textiles,Dubai,Dubai,UAE,2025-10-22,Active
8a8cafae-cd5b-40ac-acdf-73820a36e132,Apex Imports 520,Business,Automotive,Manchester,Manchester,United Kingdom,2025-12-03,Active
5bf33859-ada1-4ec6-bf6b-28a0919b6a3f,Prime Retail 521,Business,FMCG,Seoul,Seoul,South Korea,2020-07-06,Active
059b7f3f-131a-4369-b240-a41b4e1fa534,Prime Exports 522,Individual,Food Processing,Rotterdam,Rotterdam,Netherlands,2018-03-07,Active
60f35ca9-a0ea-477b-9096-6d7a87da9b65,Nexa Trading 523,Individual,Retail,Shanghai,Shanghai,China,2019-03-14,Active
810f2c5c-471b-4f1f-aae9-c32adee4d52f,Global Logistics 524,Business,Chemicals,Ningbo,Ningbo,China,2021-11-14,Active
275c89f9-989f-43b0-a869-922c32910107,Vertex Logistics 525,Business,Automotive,Ningbo,Ningbo,China,2019-01-08,Active
9120e654-057c-4252-bf5f-a78c81ffa004,Global Imports 526,Individual,Food Processing,Singapore,Singapore,Singapore,2022-09-02,Active
ed8e5b65-4ae7-4271-b8a5-bef39bfa1960,Vertex Logistics 527,Business,Electronics,Osaka,Osaka,Japan,2021-03-26,Active
405f3d02-ffcf-4c02-87d4-667c2f505f25,Global Imports 528,Business,Pharma,New York,New York,United States,2025-02-02,Active
3c9bd5d1-5a42-4055-848a-02515a7aad20,Omni Logistics 529,Business,Textiles,Sharjah,Sharjah,UAE,2020-03-30,Active
7bcb078d-08f0-4091-8821-1e5e4796bafe,Prime Trading 530,Business,Pharma,London,London,United Kingdom,2022-04-09,Active
4ddb939a-f9f3-4de0-bf05-5e8bc5534bbf,Global Exports 531,Business,E-commerce,London,London,United Kingdom,2024-10-29,Inactive
2e2206b6-3d39-4fd8-abbc-e2e7b156485f,Prime Logistics 532,Business,E-commerce,Singapore,Singapore,Singapore,2023-07-12,Active
d34893d1-c136-4c2d-967f-5c933f9ac6a8,Apex Trading 533,Business,Food Processing,Singapore,Singapore,Singapore,2022-01-13,Inactive
7580d24c-229f-4162-afd4-0ab9fab90419,Vertex Trading 534,Business,Textiles,Singapore,Singapore,Singapore,2018-07-10,Active
8223a54d-085a-4b8e-b4cb-c7b9514d955b,Prime Retail 535,Business,Industrial Machinery,Yokohama,Yokohama,Japan,2019-02-22,Active
00550712-75d4-42ee-a5db-38f03dbf2388,Zenith Trading 536,Business,Electronics,Hamburg,Hamburg,Germany,2025-04-09,Active
a7f1bda0-4c28-495c-be3f-4d6a34c7c509,Apex Logistics 537,Business,Textiles,Los Angeles,Los Angeles,United States,2023-04-24,Active
e0f12422-cfbd-400a-87e5-5a7dd6eb68ad,Zenith Trading 538,Business,Electronics,Sharjah,Sharjah,UAE,2024-07-04,Active
e95b393b-2582-4ad0-ab2f-39a4faea6076,Trident Retail 539,Business,Pharma,Chicago,Chicago,United States,2021-04-28,Inactive
45f1b94c-f247-42a7-af19-bcc559be7ca4,Zenith Trading 540,Business,Automotive,Rotterdam,Rotterdam,Netherlands,2018-11-05,Active
048aff07-35c3-4590-8f97-e0243b9ed9f7,Global Retail 541,Business,Pharma,Guangzhou,Guangzhou,China,2022-11-21,Active
5d20c37b-d158-4efb-b9a4-c92b097a8cb0,Global Trading 542,Business,Pharma,Felixstowe,Felixstowe,United Kingdom,2018-04-06,Active
17479675-c86b-4b4b-802f-69027e07231a,Omni Exports 543,Business,E-commerce,Rotterdam,Rotterdam,Netherlands,2023-02-28,Active
c97293b4-125c-4c87-8698-31c0237e8421,Zenith Exports 544,Business,Chemicals,Rotterdam,Rotterdam,Netherlands,2019-03-12,Active
de7e1509-c690-4f0d-bdbb-93d1724237f3,Vertex Imports 545,Business,Automotive,Manchester,Manchester,United Kingdom,2018-06-18,Active
dc011d65-cf1a-4c2f-9d3a-f5c7673133b0,Omni Logistics 546,Individual,E-commerce,Chennai,Gujarat,India,2021-03-08,Active
55506039-7b36-40cc-8191-1bc29dff19cc,Global Exports 547,Business,Electronics,Chennai,Telangana,India,2022-04-18,Active
becf7ad5-d71d-4e0d-b6d0-587fab7c79f4,Zenith Retail 548,Business,E-commerce,Sharjah,Sharjah,UAE,2025-05-13,Active
00810e24-7df2-45d7-af8c-837309115447,Omni Logistics 549,Business,Electronics,Shenzhen,Shenzhen,China,2018-04-07,Active
12008d04-7c24-4191-99a9-0a14be799e0d,Trident Retail 550,Business,Chemicals,Yokohama,Yokohama,Japan,2021-10-04,Active
1a1ee48e-c5d5-4ffb-a0d3-c9fd32a93b66,Prime Exports 551,Business,E-commerce,Dubai,Dubai,UAE,2022-04-24,Active
344978cf-7433-4068-b541-c33496c92261,Global Logistics 552,Business,Pharma,Amsterdam,Amsterdam,Netherlands,2023-01-04,Active
1409f957-5cc2-4957-9829-ed4bf635b548,Global Exports 553,Business,Industrial Machinery,Sharjah,Sharjah,UAE,2023-12-09,Active
1d3afcc5-fab0-41d3-b59e-efe82836bf2c,Omni Industries 554,Business,E-commerce,Sharjah,Sharjah,UAE,2022-02-25,Active
adac722f-56b0-4297-a65e-8f7a69b5f795,Trident Trading 555,Business,Industrial Machinery,Guangzhou,Guangzhou,China,2023-09-06,Active
4715a7bb-2542-45b0-89e7-0bdf2726a3db,Prime Industries 556,Business,Retail,Shenzhen,Shenzhen,China,2020-06-13,Active
051039fb-e13b-4897-98c7-5fcafd678fd9,Nexa Exports 557,Business,E-commerce,Bengaluru,Gujarat,India,2024-05-03,Active
a48e0ab0-7e63-43ac-ba34-062f0ba9dcc8,Omni Trading 558,Business,FMCG,Seoul,Seoul,South Korea,2025-12-26,Inactive
68173191-017e-463f-be93-70d523f0a547,Nexa Exports 559,Business,Retail,New York,New York,United States,2018-11-11,Active
791fcdf3-74ab-418e-93d4-ef0cbc28f34b,Zenith Retail 560,Individual,Industrial Machinery,Abu Dhabi,Abu Dhabi,UAE,2018-05-27,Active
288c2d3a-c841-4eca-b5c7-f37a16f335da,Zenith Trading 561,Business,Food Processing,Chicago,Chicago,United States,2021-02-22,Inactive
eec95484-ee25-4e05-a8a7-f2d6677a773e,Global Imports 562,Business,Pharma,Seoul,Seoul,South Korea,2022-04-05,Active
500014c1-b118-43f8-b8d5-e6c82b445e97,Nexa Retail 563,Business,E-commerce,Delhi,Tamil Nadu,India,2020-12-28,Active
4842b302-7c3c-483c-be7f-db6cb851f107,Global Logistics 564,Business,Textiles,Rotterdam,Rotterdam,Netherlands,2024-01-30,Active
d7366652-2e41-4174-b056-1a0f996c01e2,Apex Trading 565,Business,Electronics,London,London,United Kingdom,2025-01-06,Active
9edadfcf-0367-4498-9bee-e2ff7cd4ea6c,Omni Trading 566,Individual,Textiles,Hyderabad,Telangana,India,2019-12-18,Active
3dc1206a-d183-488f-b998-676dbbab69b7,Omni Logistics 567,Individual,FMCG,Tokyo,Tokyo,Japan,2019-10-26,Active
58832ca8-edb9-4696-b24e-f234157aef3c,Vertex Exports 568,Business,E-commerce,Manchester,Manchester,United Kingdom,2025-09-15,Inactive
43228d43-b155-49b7-b55f-f30c12600143,Omni Exports 569,Business,FMCG,Singapore,Singapore,Singapore,2023-02-19,Active
ee4fc30c-d362-41cf-b304-9a0ac198d430,Zenith Industries 570,Business,Automotive,Seoul,Seoul,South Korea,2018-11-04,Active
04312793-1a49-4e13-bd64-0d5057fb6725,Zenith Trading 571,Business,Chemicals,Singapore,Singapore,Singapore,2020-07-15,Active
f61f84cf-57ab-4289-b4c7-17959a886324,Nexa Industries 572,Business,Textiles,Bremen,Bremen,Germany,2024-05-27,Active
44139414-2f82-40c7-88b6-69ca44ae566b,Nexa Industries 573,Business,Chemicals,Amsterdam,Amsterdam,Netherlands,2025-08-25,Active
429383a7-8404-43dd-8b99-f4a6091b056f,Zenith Imports 574,Business,E-commerce,Ahmedabad,Gujarat,India,2024-09-24,Active
f769a226-b746-446c-bb3f-0ac8c7b2e73a,Apex Exports 575,Business,E-commerce,Singapore,Singapore,Singapore,2023-02-09,Active
413ebb5f-975b-422c-9e05-67f1b09f2549,Omni Imports 576,Business,Food Processing,Rotterdam,Rotterdam,Netherlands,2022-06-12,Active
1a2ad115-1590-40b9-92fc-0584ceea9c53,Nexa Exports 577,Business,E-commerce,Abu Dhabi,Abu Dhabi,UAE,2020-12-24,Active
d9e63457-3ee0-4cd7-96a3-35665ac5b789,Zenith Imports 578,Business,Industrial Machinery,Ahmedabad,West Bengal,India,2020-04-07,Active
715e6258-0720-43da-9944-c4fa57fe8425,Prime Exports 579,Business,FMCG,Guangzhou,Guangzhou,China,2021-03-17,Active
afbd7f5e-50ae-4e80-ae6a-66a103fa95f4,Zenith Exports 580,Business,Retail,Dubai,Dubai,UAE,2022-12-21,Active
dd4be30f-c60b-4c9e-9ccc-2529cd3e9083,Prime Retail 581,Business,Retail,Seoul,Seoul,South Korea,2018-12-29,Active
7ff1cf87-9b5e-438d-b33f-8ed040e3c22b,Apex Exports 582,Business,Electronics,Singapore,Singapore,Singapore,2023-06-22,Active
762c8413-e53d-4c70-be2d-59ca79bdc732,Nexa Logistics 583,Business,Retail,Tokyo,Tokyo,Japan,2019-02-03,Active
a7828869-6a3c-44a8-8400-3f5db0f7c6bb,Vertex Imports 584,Individual,Industrial Machinery,Felixstowe,Felixstowe,United Kingdom,2024-08-20,Active
8e7a03a7-3889-4f90-b44c-015cd2482d37,Prime Retail 585,Business,Retail,Ningbo,Ningbo,China,2019-05-23,Active
ea798682-89bc-49d1-9b23-72f62d90c9d3,Apex Exports 586,Business,Food Processing,Seoul,Seoul,South Korea,2021-12-18,Active
7d6aaab9-6b3c-469d-87a2-05e79b7041d5,Nexa Imports 587,Business,Chemicals,Shenzhen,Shenzhen,China,2023-01-25,Active
10bd730b-ee5e-42d3-afcb-7e2574b6ef4c,Global Logistics 588,Business,Automotive,Chennai,Maharashtra,India,2018-12-08,Active
d152a378-a9b0-4d61-a026-849d8f901ac3,Nexa Exports 589,Business,Textiles,Singapore,Singapore,Singapore,2020-07-30,Active
e76c99ea-7b80-4112-bda5-112c4c5c12aa,Nexa Imports 590,Business,Food Processing,New York,New York,United States,2025-10-01,Active
6ea37b7c-cec3-4c3b-8f2c-99ca356b95cc,Vertex Trading 591,Individual,FMCG,Amsterdam,Amsterdam,Netherlands,2022-05-02,Active
26e5daaa-8270-44c5-bb53-7cb9d7d271e9,Apex Industries 592,Business,Retail,London,London,United Kingdom,2020-03-23,Active
24173a9b-ea5a-440d-87e8-c4e86c871ee9,Apex Trading 593,Business,Automotive,Shanghai,Shanghai,China,2023-02-23,Active
c9a36b8c-e264-4ec6-bfd4-1385ca9f4698,Omni Imports 594,Individual,Retail,Frankfurt,Frankfurt,Germany,2023-03-01,Active
bc36c7b2-c226-47ea-8eb0-c4a074b920e0,Trident Imports 595,Business,Pharma,Felixstowe,Felixstowe,United Kingdom,2020-09-16,Active
d9f90a38-ac69-498a-9c0a-e3d272a9d4ba,Omni Exports 596,Individual,FMCG,Abu Dhabi,Abu Dhabi,UAE,2025-02-09,Active
5d44355d-17c7-4f8a-819f-bf54b0bc9fa4,Global Trading 597,Business,Pharma,Singapore,Singapore,Singapore,2021-01-12,Active
5aff3b15-0f4f-4d2c-909f-7fc5c448dc05,Nexa Industries 598,Individual,Electronics,Shanghai,Shanghai,China,2018-07-19,Active
be36add5-e492-4371-9460-c064c1d4e38c,Nexa Exports 599,Business,Pharma,Shenzhen,Shenzhen,China,2025-03-27,Active
e7796b6a-fbca-4a14-80e8-6936532af57d,Zenith Trading 600,Business,Pharma,Yokohama,Yokohama,Japan,2021-11-24,Active
c873137c-5d63-413d-8be8-4d3e6212a270,Global Trading 601,Business,E-commerce,Rotterdam,Rotterdam,Netherlands,2021-01-27,Active
9e3cf40a-5198-4dc3-8bed-e93eb56e53e5,Prime Trading 602,Business,Food Processing,London,London,United Kingdom,2025-09-27,Active
1494997d-e8f7-493b-9404-b992a5f121b6,Trident Logistics 603,Business,Food Processing,Delhi,Karnataka,India,2025-07-01,Inactive
09b1f0a3-394e-4a3f-be94-4e5213ddffd1,Global Logistics 604,Business,Chemicals,Delhi,Delhi,India,2019-08-21,Active
ea2a5376-6992-459c-baf3-a8a5e2e5a852,Prime Industries 605,Business,Industrial Machinery,Bremen,Bremen,Germany,2018-12-28,Active
ae35b926-f2c1-4aaf-a44d-95ba066063c1,Apex Exports 606,Individual,Automotive,Abu Dhabi,Abu Dhabi,UAE,2018-12-01,Active
0669f371-4acf-4d37-b53d-26356c9c5fe4,Omni Exports 607,Business,FMCG,Singapore,Singapore,Singapore,2019-06-09,Active
4f9fa065-f549-447f-b825-e82b5e414e4e,Zenith Logistics 608,Individual,Food Processing,Felixstowe,Felixstowe,United Kingdom,2024-03-29,Active
757525eb-c227-4ac1-910a-b04a39f8df7e,Nexa Imports 609,Business,Industrial Machinery,Bremen,Bremen,Germany,2024-08-01,Active
18816451-5b38-4a89-8504-7860aa8845eb,Vertex Exports 610,Business,Textiles,Amsterdam,Amsterdam,Netherlands,2022-06-26,Active
98c8396a-0ba8-4909-bbf3-e25c26f2afa9,Trident Industries 611,Individual,Textiles,Seoul,Seoul,South Korea,2019-06-21,Active
38971ee9-f265-4eb5-af6f-c2efd09141b2,Prime Imports 612,Business,Retail,New York,New York,United States,2025-05-07,Active
12fe8648-54b5-40db-b45f-bd3c211aa352,Prime Retail 613,Business,Chemicals,Singapore,Singapore,Singapore,2019-03-05,Active
2be049da-5c63-4217-ac39-4588aa35d410,Vertex Imports 614,Business,Pharma,London,London,United Kingdom,2018-01-23,Active
6954076d-aee0-41b2-b473-f90e9208bdd2,Global Logistics 615,Business,Chemicals,Sharjah,Sharjah,UAE,2019-10-09,Active
810f3fba-991a-4530-8ad1-5e796f9e72ec,Zenith Exports 616,Business,Electronics,Frankfurt,Frankfurt,Germany,2024-08-12,Active
c98e3a81-a5f3-487f-a6a7-3cb1f7db92ce,Omni Industries 617,Individual,Industrial Machinery,Shanghai,Shanghai,China,2022-03-13,Active
6cf015aa-9031-4602-8c55-895eeb7a307e,Global Imports 618,Business,Industrial Machinery,Guangzhou,Guangzhou,China,2022-04-02,Active
d448b3fc-d72f-4325-91bf-bddec5aabdc1,Zenith Retail 619,Business,Automotive,Manchester,Manchester,United Kingdom,2022-06-25,Active
7ee5d823-accc-46d1-a483-b44e43d9e687,Trident Imports 620,Business,Automotive,Incheon,Incheon,South Korea,2024-10-19,Inactive
7fbef81c-51e6-40cb-9d8a-af6ccfd6a42e,Trident Trading 621,Business,Pharma,Busan,Busan,South Korea,2023-07-19,Active
a46488e7-c8c5-4ddd-a9fd-7a7e5c94409d,Vertex Exports 622,Business,Retail,Singapore,Singapore,Singapore,2021-05-30,Active
b23d9ad7-d66d-4a91-b9ea-b92ff5c9a6cd,Omni Imports 623,Business,Textiles,Dubai,Dubai,UAE,2022-05-02,Active
075488df-b9da-4e2f-8c47-d5c16275936f,Apex Exports 624,Business,Food Processing,Shenzhen,Shenzhen,China,2025-01-23,Active
fd8e2d06-9ae6-4f43-941a-fbfdde85a454,Omni Trading 625,Business,Automotive,Houston,Houston,United States,2021-03-21,Active
77f043ef-5d6e-46da-95ea-864511c0f623,Trident Exports 626,Business,Textiles,Shanghai,Shanghai,China,2023-03-14,Active
67ca62a0-fc61-4304-b126-9bceae4874a0,Trident Retail 627,Business,Chemicals,Incheon,Incheon,South Korea,2019-05-20,Active
eb941a3e-9152-4f2a-936b-b59301c5d17b,Trident Imports 628,Business,Food Processing,Frankfurt,Frankfurt,Germany,2023-07-05,Active
bd25c00f-08ef-491b-84c9-17f00f7fdc09,Nexa Logistics 629,Business,Pharma,Incheon,Incheon,South Korea,2023-04-03,Active
959b0dda-604f-45b9-bd80-b9b237d0f167,Apex Trading 630,Business,Textiles,London,London,United Kingdom,2025-11-22,Active
88ec10ba-b2d0-4b03-b83b-16e3a9d1d950,Vertex Imports 631,Business,E-commerce,Manchester,Manchester,United Kingdom,2022-01-25,Active
0052d615-4d89-4af5-8773-41aa8b43c89c,Apex Retail 632,Business,Chemicals,Sharjah,Sharjah,UAE,2021-05-24,Active
8d048437-8682-4ac7-9207-635ef4735633,Omni Trading 633,Business,Electronics,Felixstowe,Felixstowe,United Kingdom,2025-07-05,Inactive
457441b4-649d-4d31-ab98-856cdbecda58,Omni Trading 634,Individual,E-commerce,New York,New York,United States,2023-04-10,Active
d70c901f-b194-4d61-af45-6cd37ad4de45,Prime Industries 635,Business,Pharma,Ahmedabad,Tamil Nadu,India,2021-06-07,Active
d26767d2-3e10-410c-92a0-764099662161,Global Exports 636,Individual,E-commerce,Los Angeles,Los Angeles,United States,2021-11-15,Inactive
92803a67-28e5-444c-9ee8-c7c735b83287,Apex Exports 637,Business,E-commerce,Chicago,Chicago,United States,2019-07-25,Active
4c8922e5-6830-4f67-bfdc-3b2644e66a7e,Omni Retail 638,Business,Chemicals,Manchester,Manchester,United Kingdom,2021-01-31,Active
ac315cd3-4a90-47f6-a4d8-fd55554ecaa3,Zenith Retail 639,Business,Chemicals,Ningbo,Ningbo,China,2020-11-30,Active
3422c215-b680-44e7-b25f-d9ed5132be0f,Apex Logistics 640,Individual,Textiles,Singapore,Singapore,Singapore,2020-07-02,Active
7f44018c-23e8-4881-b25f-363eff5cc785,Vertex Industries 641,Individual,Chemicals,Singapore,Singapore,Singapore,2019-10-04,Active
6ebd1842-c81e-400e-b711-071e355edcb1,Apex Logistics 642,Business,Electronics,Felixstowe,Felixstowe,United Kingdom,2018-08-06,Active
f35b9d12-f82c-4a80-8b7b-c106192b6d78,Vertex Exports 643,Business,Food Processing,Tokyo,Tokyo,Japan,2019-01-27,Active
fe2768e0-8790-470f-bbe9-5e862757458f,Prime Retail 644,Business,Food Processing,Amsterdam,Amsterdam,Netherlands,2021-08-11,Active
e7e115d3-a973-42f8-980d-b83a064dc193,Trident Industries 645,Business,Retail,Incheon,Incheon,South Korea,2020-08-18,Active
ca613600-d705-44e1-af64-31a07d36104b,Prime Logistics 646,Business,Automotive,Incheon,Incheon,South Korea,2025-10-21,Active
dacb8896-77b4-4a2d-9de2-7a658b11b7d8,Prime Imports 647,Individual,Pharma,Seoul,Seoul,South Korea,2019-07-09,Active
a4181bcd-2c43-4453-bd60-a13825b83b26,Zenith Industries 648,Business,Automotive,Seoul,Seoul,South Korea,2021-07-18,Active
dae444e6-6e2b-4f43-8ff4-d024a613a8d8,Global Industries 649,Business,Food Processing,Ningbo,Ningbo,China,2019-05-13,Active
1dcc10a4-cbc2-485c-8454-a25c4471d33c,Apex Logistics 650,Business,Industrial Machinery,Osaka,Osaka,Japan,2021-12-16,Active
5c6a79b7-5749-4aac-a82e-daa84fa01034,Vertex Imports 651,Business,Electronics,London,London,United Kingdom,2024-02-29,Active
14ecd9d0-0546-4066-baac-65b68fbdd9f5,Zenith Imports 652,Business,Retail,Bremen,Bremen,Germany,2022-06-14,Active
0afee9b4-3af9-4bf0-b90c-f1098c7669f8,Prime Imports 653,Business,Pharma,Rotterdam,Rotterdam,Netherlands,2018-09-17,Active
118167af-d3b6-474e-9b11-3eb5f26c1aab,Prime Logistics 654,Individual,Chemicals,Yokohama,Yokohama,Japan,2023-01-04,Active
dbbf5ab2-9c92-4732-a575-62b7f281e6f7,Nexa Industries 655,Business,Food Processing,Abu Dhabi,Abu Dhabi,UAE,2025-08-09,Active
60fbbb6c-8f28-424e-b13f-8fa248cf940b,Prime Retail 656,Business,FMCG,Amsterdam,Amsterdam,Netherlands,2018-03-08,Active
67aa79f4-ed9f-4c72-8a25-b2e16b246765,Global Exports 657,Business,FMCG,Dubai,Dubai,UAE,2019-08-27,Active
e14ad6a7-badd-4040-8e0c-16770a6acc53,Trident Industries 658,Individual,Pharma,Tokyo,Tokyo,Japan,2025-01-17,Inactive
7a5f23a0-557a-4517-8a29-f8a617833567,Omni Trading 659,Business,Electronics,Kolkata,Gujarat,India,2020-10-26,Active
1688c7b1-ef15-446a-bed0-3b67c18c4ea6,Vertex Trading 660,Business,FMCG,Frankfurt,Frankfurt,Germany,2023-09-20,Active
12ad45e4-99c4-4c5e-8106-1eb0ad905ad1,Zenith Trading 661,Business,Electronics,Rotterdam,Rotterdam,Netherlands,2024-01-11,Active
56c75e2a-9fcf-4edb-aca4-4b4df15835b9,Prime Trading 662,Business,Electronics,Incheon,Incheon,South Korea,2021-07-27,Active
e71a281d-1373-46ff-b455-84d1a461da69,Nexa Imports 663,Business,Industrial Machinery,Los Angeles,Los Angeles,United States,2021-11-11,Active
26ee016e-0bba-4fc0-9cd7-46bc9ee61030,Nexa Imports 664,Business,FMCG,Busan,Busan,South Korea,2021-03-17,Active
5f7229fa-883e-401a-83d7-a6b8c82aa7dc,Vertex Retail 665,Business,Retail,Chennai,Maharashtra,India,2021-12-01,Active
4141d73a-0296-4aa4-b650-22b1892f7f5b,Prime Retail 666,Business,Industrial Machinery,Chicago,Chicago,United States,2019-06-18,Active
632c17a0-5e48-4edc-95e1-c7b58fdda668,Omni Retail 667,Business,Industrial Machinery,Shanghai,Shanghai,China,2022-08-13,Active
ef644162-704e-4e06-94d9-0e07e7edf3d8,Vertex Trading 668,Business,FMCG,Busan,Busan,South Korea,2020-12-25,Active
87afcd2f-5b27-4e36-a200-ee14646667e3,Trident Imports 669,Business,Food Processing,Ahmedabad,Telangana,India,2023-06-10,Active
adfdd907-5262-4687-aeb8-7116348b3e25,Apex Exports 670,Business,Food Processing,Seoul,Seoul,South Korea,2023-05-16,Active
2e8aa1e1-62f4-4e9a-86f9-72993e081b7a,Omni Trading 671,Business,Electronics,Shenzhen,Shenzhen,China,2023-02-17,Active
1ca2029f-b015-4d4a-8ce6-69e68dc3158c,Prime Exports 672,Business,Electronics,Bremen,Bremen,Germany,2021-12-03,Active
56c7d98b-fc54-4437-b188-b94380a3b01b,Vertex Logistics 673,Business,Pharma,Delhi,Telangana,India,2021-07-14,Active
d0edfb7e-82e1-4060-abca-1f297096df6e,Global Imports 674,Business,FMCG,Singapore,Singapore,Singapore,2020-06-15,Active
b40d72fe-407e-4e5d-86f4-32a9abd835be,Nexa Logistics 675,Business,Pharma,Manchester,Manchester,United Kingdom,2020-05-12,Active
766ee7cc-1ebd-44f6-a2d8-04a6e01970eb,Trident Exports 676,Individual,Chemicals,Kolkata,Gujarat,India,2024-05-20,Active
0e2978e5-3431-44d0-a44f-1ed2c0ed5b9c,Apex Retail 677,Business,Chemicals,Bremen,Bremen,Germany,2021-08-08,Inactive
492aa960-5b31-4ef7-b004-d4cfe7c29ab6,Zenith Trading 678,Business,Industrial Machinery,London,London,United Kingdom,2019-06-29,Active
86aec1cc-da1f-4bd5-87c2-33e56eb0cf35,Vertex Industries 679,Individual,E-commerce,Yokohama,Yokohama,Japan,2022-07-17,Active
55ae429b-3e95-44f3-a2de-0181b4fc853a,Vertex Logistics 680,Individual,Chemicals,Felixstowe,Felixstowe,United Kingdom,2018-09-20,Active
18936a22-3d87-4d79-be95-40f0eec79c37,Trident Logistics 681,Business,Industrial Machinery,Los Angeles,Los Angeles,United States,2024-05-28,Active
0f89b4c8-c47c-4ac1-ad14-81d756673471,Zenith Exports 682,Business,Industrial Machinery,Bengaluru,Delhi,India,2023-10-21,Active
67a63ab6-88df-456c-8dc9-347a044c68c7,Zenith Industries 683,Business,Automotive,Shanghai,Shanghai,China,2021-06-11,Active
cf6ca233-8e33-476b-9441-84a2e1ada6ce,Zenith Retail 684,Business,Automotive,Guangzhou,Guangzhou,China,2023-12-08,Active
19072bd8-ce10-4b83-bb2a-acb8cc449cff,Global Industries 685,Business,Electronics,Ahmedabad,Maharashtra,India,2018-06-07,Active
5123aa79-3076-481b-b1f2-5574db6905aa,Vertex Exports 686,Business,Pharma,Amsterdam,Amsterdam,Netherlands,2018-12-05,Active
fa6d9ae0-96fa-4843-87d8-89cf68384350,Apex Exports 687,Business,E-commerce,Rotterdam,Rotterdam,Netherlands,2019-02-20,Active
8edf9a53-9bd0-4fa9-b245-3e9e96b286a1,Prime Imports 688,Business,Automotive,Singapore,Singapore,Singapore,2018-10-22,Inactive
e2de8fae-2998-4708-94e8-c56faed50e23,Vertex Imports 689,Business,Chemicals,Manchester,Manchester,United Kingdom,2019-08-29,Active
0504ff84-3c61-48d8-bca6-85309caf965d,Trident Trading 690,Business,Food Processing,Los Angeles,Los Angeles,United States,2023-05-29,Active
c1f6e715-1882-42ef-8efc-110b1b701919,Trident Imports 691,Business,E-commerce,Abu Dhabi,Abu Dhabi,UAE,2020-02-17,Active
9e307201-24a2-4dd7-ad10-85fc9991bcb0,Zenith Logistics 692,Business,Food Processing,Chennai,Delhi,India,2025-02-28,Active
be74a590-8349-4b0f-888c-611299b1d933,Nexa Industries 693,Business,Electronics,Mumbai,Telangana,India,2023-10-21,Inactive
17388a5f-3bbb-4fa3-b0ea-4a0f92470071,Global Logistics 694,Individual,Electronics,Manchester,Manchester,United Kingdom,2022-03-16,Active
e6e588a0-512d-46dd-a726-db79347f65e2,Zenith Logistics 695,Business,Automotive,Rotterdam,Rotterdam,Netherlands,2019-11-10,Active
22c0aadd-0874-4632-a4bd-251523c0f874,Trident Exports 696,Individual,Electronics,Bremen,Bremen,Germany,2021-01-17,Inactive
20f89758-be32-4f31-b69b-f93c40df2658,Global Trading 697,Business,Retail,Shanghai,Shanghai,China,2025-09-30,Active
bbad6071-0d1c-40a7-84a8-653401447d14,Prime Imports 698,Individual,Industrial Machinery,Yokohama,Yokohama,Japan,2020-11-26,Active
25c24570-33a3-477b-bfb8-c306d426d96c,Nexa Imports 699,Business,Retail,Abu Dhabi,Abu Dhabi,UAE,2022-04-19,Active
7d892d57-a816-4c75-a60d-7a4df2cbb493,Zenith Retail 700,Business,Electronics,Houston,Houston,United States,2019-11-21,Inactive
22deeef5-6cd9-4fe8-af53-af787eb8800a,Trident Imports 701,Business,E-commerce,Dubai,Dubai,UAE,2025-07-26,Active
2fed31d7-271f-4206-9e4a-31f887c6168b,Nexa Industries 702,Business,Food Processing,Houston,Houston,United States,2023-06-16,Active
f2b55700-6746-438d-b935-0dc5b99eaf4a,Vertex Retail 703,Business,Retail,Incheon,Incheon,South Korea,2025-02-13,Active
96fc9020-91c0-4be0-b873-b54d97b266a7,Global Imports 704,Business,Food Processing,Bremen,Bremen,Germany,2020-08-20,Active
ed06f1c3-e9ed-4f09-a66d-589c74245dd1,Omni Imports 705,Business,Retail,Ningbo,Ningbo,China,2023-12-21,Active
2c462889-c828-4b21-9b58-505828c281db,Zenith Industries 706,Business,Food Processing,Chicago,Chicago,United States,2019-06-02,Active
c4257ee6-6ba4-4109-b4a4-8bc2b453d9c1,Omni Trading 707,Business,Electronics,Seoul,Seoul,South Korea,2022-07-05,Active
cecc92d2-a64c-419d-a45d-8c1b665fb12e,Trident Industries 708,Business,Electronics,Yokohama,Yokohama,Japan,2024-09-14,Active
f36c0404-a14c-4c25-8d29-d5ad86b2f0a6,Omni Industries 709,Business,Retail,Busan,Busan,South Korea,2024-03-13,Active
dda260e6-6dc5-4715-9416-fcb002c271b1,Vertex Retail 710,Individual,Automotive,Singapore,Singapore,Singapore,2018-03-07,Active
709cf51c-ad10-42ab-b23f-115eb7ebf702,Trident Exports 711,Business,Electronics,Frankfurt,Frankfurt,Germany,2020-05-12,Active
50cab916-9cbd-42eb-a6ca-4a6ead2276a2,Nexa Imports 712,Business,Textiles,Frankfurt,Frankfurt,Germany,2021-07-16,Active
cbc400bd-194a-4578-9810-f4d980f03b03,Zenith Logistics 713,Business,Electronics,Seoul,Seoul,South Korea,2023-08-24,Active
050b23b9-42ca-4c8d-8289-befd805197cb,Trident Imports 714,Business,Automotive,Bengaluru,Delhi,India,2025-07-21,Active
437fb8b2-15b2-47d2-9dcc-f9673cf41e28,Trident Exports 715,Business,Chemicals,New York,New York,United States,2022-05-31,Active
11b02cd6-841f-4184-8ab3-a422c68897a4,Apex Trading 716,Business,Industrial Machinery,Hyderabad,Telangana,India,2021-04-17,Active
4a183d00-5711-49cb-ae4b-513dd67d00be,Prime Retail 717,Business,Industrial Machinery,Shanghai,Shanghai,China,2020-04-14,Active
386b5e3d-e30f-4d76-80bb-8acb8eb2ac38,Nexa Industries 718,Individual,E-commerce,London,London,United Kingdom,2019-02-20,Active
af02bffe-7ba5-4a64-8d01-de6fbae843ad,Global Exports 719,Business,Retail,London,London,United Kingdom,2020-11-17,Active
db015329-7b4f-4c23-93eb-53d32a5e4ef1,Zenith Industries 720,Business,Food Processing,Singapore,Singapore,Singapore,2019-10-17,Active
d0ad7519-8ef6-4678-8d4b-bd56692b0f87,Nexa Industries 721,Business,Chemicals,Bremen,Bremen,Germany,2023-12-07,Active
10670537-5aab-41c1-a132-4116c81dfa55,Vertex Imports 722,Business,Electronics,Singapore,Singapore,Singapore,2021-11-20,Active
3e190c2d-e0f1-4c00-989a-f5c468148c01,Trident Retail 723,Business,Textiles,Seoul,Seoul,South Korea,2023-05-19,Active
7318d7cb-0792-4894-8d04-0987610969d4,Prime Retail 724,Business,Pharma,Abu Dhabi,Abu Dhabi,UAE,2023-03-16,Active
80bef6ef-8c3a-4def-bcac-0515344f5c9c,Prime Retail 725,Business,Industrial Machinery,Houston,Houston,United States,2021-02-06,Active
df3cd9b3-dad1-4ec6-8420-f043584d251e,Prime Trading 726,Business,Chemicals,Frankfurt,Frankfurt,Germany,2019-09-06,Active
231f9d3f-74ec-4c3b-9578-9abe5f0dd572,Trident Logistics 727,Business,Pharma,London,London,United Kingdom,2018-11-22,Active
fba09269-13ad-4ee4-87bd-c9c852031491,Zenith Imports 728,Business,FMCG,Bremen,Bremen,Germany,2021-11-12,Active
7c56447d-490a-4c2a-9803-858b4176863a,Zenith Exports 729,Business,Chemicals,Tokyo,Tokyo,Japan,2020-07-04,Active
ac60b497-063b-4d33-ae21-e7ca422f8e85,Nexa Industries 730,Business,E-commerce,Amsterdam,Amsterdam,Netherlands,2018-04-09,Active
5cfd55ba-faaa-49d5-a4ee-896db2fc83c3,Prime Imports 731,Individual,Textiles,Ahmedabad,Gujarat,India,2020-02-24,Active
8250d09e-bb23-4d64-8db3-e3f1924de43f,Vertex Exports 732,Individual,Food Processing,Shenzhen,Shenzhen,China,2020-12-07,Active
839eda0a-b5a3-44fa-9bbc-149ff8bfc9c8,Prime Imports 733,Business,Food Processing,Shenzhen,Shenzhen,China,2018-07-16,Active
1d4ad920-0626-4d42-93a0-1550c86253a0,Nexa Imports 734,Business,Electronics,Singapore,Singapore,Singapore,2024-12-21,Active
275289ea-d2f9-46f5-804e-5a35b148f221,Global Exports 735,Business,Retail,Hyderabad,Karnataka,India,2022-08-05,Active
76c7a102-59b5-48e0-925a-e59cbc3d8e1f,Global Exports 736,Business,Food Processing,Felixstowe,Felixstowe,United Kingdom,2019-05-12,Active
43d46491-5a6f-491c-ab6a-f448f8f62645,Vertex Imports 737,Business,Pharma,Singapore,Singapore,Singapore,2020-04-09,Active
c771f1d8-0635-4a15-8224-fc117d9ffdec,Global Logistics 738,Business,Automotive,Yokohama,Yokohama,Japan,2020-04-03,Active
eb2f9093-cd25-4255-af8b-724dbc710357,Zenith Trading 739,Business,Chemicals,Los Angeles,Los Angeles,United States,2018-09-26,Inactive
2d9950ff-236b-4d46-b115-dc41d54a39d9,Trident Retail 740,Business,FMCG,Frankfurt,Frankfurt,Germany,2024-06-28,Active
12dd8a04-472c-4bca-a4da-bde688688bc1,Zenith Logistics 741,Individual,Industrial Machinery,Chennai,Telangana,India,2019-10-24,Inactive
d5e848ab-7675-4e7a-ac08-68de4902c4c2,Apex Retail 742,Business,Automotive,Delhi,Gujarat,India,2018-08-04,Active
3cdea1ed-1341-4eb5-a018-31f7e03c369f,Nexa Retail 743,Individual,FMCG,Chennai,Karnataka,India,2019-08-28,Active
d56d2b37-298b-4a53-86e2-872c0653df71,Zenith Logistics 744,Business,Industrial Machinery,Abu Dhabi,Abu Dhabi,UAE,2021-03-29,Active
db0af19d-b4e7-4f30-89e5-31463d0edc95,Nexa Industries 745,Business,E-commerce,Abu Dhabi,Abu Dhabi,UAE,2019-03-29,Active
d1dfa664-4c30-41d3-bbc8-30d7e7881b16,Nexa Imports 746,Business,Textiles,Amsterdam,Amsterdam,Netherlands,2024-11-09,Inactive
452b6e86-ace4-4961-b044-ae5b6af52723,Vertex Industries 747,Business,Electronics,Singapore,Singapore,Singapore,2022-06-04,Active
e3957b72-af89-46c1-8609-155b148d8b0b,Prime Exports 748,Business,Pharma,Kolkata,Tamil Nadu,India,2025-10-14,Active
7a95f13d-f969-4d6f-a0ec-d38777717efe,Apex Exports 749,Business,FMCG,Rotterdam,Rotterdam,Netherlands,2022-09-28,Active
440bcce5-f61e-4150-840b-1a7fc9edd9b3,Apex Trading 750,Business,Retail,Felixstowe,Felixstowe,United Kingdom,2023-02-28,Active
bdd550e9-27a5-4fab-b6c6-f21674e6c22d,Omni Retail 751,Business,E-commerce,Yokohama,Yokohama,Japan,2022-11-18,Active
495408d6-5369-4f46-8c33-00e0b4196248,Vertex Retail 752,Business,FMCG,Osaka,Osaka,Japan,2021-01-11,Active
00c66fd9-bc21-4d75-a032-c185ccbedf76,Prime Trading 753,Individual,FMCG,Ningbo,Ningbo,China,2021-05-13,Active
5a834108-a1e5-4753-909d-f4a9b6e35aa4,Nexa Imports 754,Business,Electronics,Rotterdam,Rotterdam,Netherlands,2018-02-01,Active
4a074183-927c-4fa0-a572-d5cf66ef45cf,Vertex Exports 755,Business,Automotive,Manchester,Manchester,United Kingdom,2024-05-29,Active
e21d30de-bb52-4187-a173-dbad4df638e1,Vertex Logistics 756,Business,E-commerce,Ningbo,Ningbo,China,2022-12-08,Active
5d4bc6a4-c8cb-4c4b-a235-bc348913a895,Zenith Retail 757,Business,Chemicals,Shanghai,Shanghai,China,2021-06-10,Active
f099b848-178b-478f-8e60-d7f4144d8f97,Prime Exports 758,Business,Pharma,Amsterdam,Amsterdam,Netherlands,2022-03-18,Active
228ca2b5-80bd-4ebb-a587-82e51ca63400,Nexa Logistics 759,Business,FMCG,Chicago,Chicago,United States,2025-06-29,Active
7bc5077b-8bcd-426e-8da0-26f00f973295,Zenith Trading 760,Business,Industrial Machinery,Dubai,Dubai,UAE,2024-05-08,Active
78a701e6-c9ab-4f30-b366-d69aa371ce77,Global Trading 761,Business,Textiles,Guangzhou,Guangzhou,China,2020-02-11,Active
40e7f1f2-bdad-4df7-9351-d0506328952c,Vertex Retail 762,Business,FMCG,Felixstowe,Felixstowe,United Kingdom,2025-05-07,Active
2528f8a4-050b-42a0-a206-63f2751cec2b,Nexa Logistics 763,Business,E-commerce,Singapore,Singapore,Singapore,2020-01-17,Active
c07a61c7-a2e3-47b5-b121-c44d429ed88b,Omni Trading 764,Business,Retail,Bremen,Bremen,Germany,2023-01-25,Active
2029e9e7-6397-4a43-9d26-7c8980d2f2f7,Nexa Logistics 765,Business,Industrial Machinery,Felixstowe,Felixstowe,United Kingdom,2021-04-15,Active
e5cd9e3e-383f-46dc-ba61-d7af9153c98d,Nexa Logistics 766,Business,Industrial Machinery,Bremen,Bremen,Germany,2024-07-22,Active
32343713-4ba6-4113-ab72-e1ad7a48e4cc,Global Industries 767,Business,FMCG,Bremen,Bremen,Germany,2025-07-10,Active
f5fdc7cf-ef0a-4992-b025-e17f669e694c,Global Logistics 768,Business,Retail,Shanghai,Shanghai,China,2025-02-25,Active
13c4bcd2-d010-4d42-a8d1-9da63cc843da,Omni Trading 769,Business,E-commerce,Incheon,Incheon,South Korea,2021-03-20,Active
e9bedd1d-cf3b-4449-8dd1-35bd8046cc5c,Global Imports 770,Business,Food Processing,Seoul,Seoul,South Korea,2021-02-03,Active
de63c029-539a-48c1-a162-f5ce6d4ba19d,Nexa Industries 771,Business,Automotive,Rotterdam,Rotterdam,Netherlands,2018-11-23,Active
88aff758-806e-453f-a0a4-499f4235ded8,Apex Exports 772,Business,Chemicals,Bremen,Bremen,Germany,2025-06-25,Inactive
40ebc2a4-fbde-4afc-ad1c-d7390f86e1ef,Vertex Industries 773,Individual,Retail,Tokyo,Tokyo,Japan,2025-02-12,Active
33b6f05a-25cc-4f7d-99b4-0a08c9dfdb7a,Prime Trading 774,Business,Retail,Incheon,Incheon,South Korea,2023-06-04,Active
8789db92-b3b2-422f-a8b9-3a9d00238573,Zenith Trading 775,Business,Automotive,Busan,Busan,South Korea,2020-01-02,Active
4fc5f5ad-ac10-440f-9da3-842d01d18007,Vertex Retail 776,Business,Industrial Machinery,Dubai,Dubai,UAE,2021-08-28,Active
3ef23538-4a70-4e59-869e-d596128ea3d8,Prime Industries 777,Individual,Pharma,Los Angeles,Los Angeles,United States,2022-08-09,Active
03a4b473-edd9-469c-82aa-9a9fcdb2068b,Trident Trading 778,Business,FMCG,Incheon,Incheon,South Korea,2018-05-15,Active
7b6f6424-3cbe-4008-abf9-2fc30ed80d77,Zenith Trading 779,Business,Food Processing,Shanghai,Shanghai,China,2025-08-10,Active
e4c1fe3c-a2bd-4c32-91f5-6f608323b8d4,Prime Exports 780,Business,FMCG,London,London,United Kingdom,2018-07-03,Active
6527ab16-22b1-469b-8636-a1defe22c57b,Omni Exports 781,Business,FMCG,Dubai,Dubai,UAE,2018-11-16,Active
778a1593-0d2d-4d79-b1b0-97018053c8ee,Nexa Industries 782,Business,Chemicals,Sharjah,Sharjah,UAE,2020-02-24,Active
338ad642-cd20-4ddc-a7d1-d2ce8dce4843,Trident Industries 783,Business,Automotive,Felixstowe,Felixstowe,United Kingdom,2022-09-06,Active
16834045-9f7a-4cec-97cd-4bc3607713f9,Omni Retail 784,Business,E-commerce,Yokohama,Yokohama,Japan,2018-11-09,Active
2c05ddab-046c-4c1b-ac7c-52fc75d7a807,Nexa Logistics 785,Business,Retail,Seoul,Seoul,South Korea,2018-12-29,Active
5ab0dea8-163b-41b1-8f45-c5e1ad145ddc,Trident Imports 786,Business,Textiles,Busan,Busan,South Korea,2023-07-08,Active
abeddbac-8023-4566-bd9a-80e9c4b70b58,Trident Logistics 787,Business,Pharma,Sharjah,Sharjah,UAE,2023-05-21,Active
5f024108-73ee-4e8c-8c8a-2c296b7354ed,Prime Exports 788,Business,Retail,Amsterdam,Amsterdam,Netherlands,2019-10-22,Active
66652edf-d7cd-4b12-9ea6-e2ae590ec025,Trident Trading 789,Business,Food Processing,Manchester,Manchester,United Kingdom,2024-09-23,Inactive
4f105a18-0e58-4e5a-a3d2-829c23d3d186,Global Trading 790,Business,Industrial Machinery,Rotterdam,Rotterdam,Netherlands,2020-10-09,Active
31908d36-d47c-4a0b-82d1-fbe00f4bad53,Trident Imports 791,Business,Automotive,Singapore,Singapore,Singapore,2018-04-27,Active
1d1cf30f-ba1e-40db-a1ff-134e55f42bd6,Apex Trading 792,Business,Food Processing,Singapore,Singapore,Singapore,2020-09-10,Inactive
3982b4b7-c92a-4187-8a52-33012a480131,Trident Retail 793,Business,Pharma,Los Angeles,Los Angeles,United States,2019-06-26,Active
7528480e-8ca7-4149-b33b-2c4922424d2b,Zenith Exports 794,Business,Textiles,Bremen,Bremen,Germany,2023-05-08,Active
4b888303-3a57-404e-9f22-fb631ea19be8,Trident Imports 795,Business,Textiles,Yokohama,Yokohama,Japan,2025-07-16,Active
aac8cf02-5e39-4403-b3b2-8179b95b6958,Omni Exports 796,Business,Textiles,Hyderabad,Gujarat,India,2023-02-28,Active
1b5e1c3d-42c7-43df-b655-cd5b341926ef,Trident Industries 797,Individual,Pharma,Amsterdam,Amsterdam,Netherlands,2021-01-31,Active
4a5ece15-1f4d-4301-a0a2-5e1d5e6b9ac1,Trident Retail 798,Business,FMCG,Osaka,Osaka,Japan,2025-03-24,Active
5701aced-03c9-45e7-a2dc-5046dbe9fdc4,Vertex Exports 799,Business,Electronics,Abu Dhabi,Abu Dhabi,UAE,2021-01-20,Active
5972bb1a-ebf1-4aab-8470-a5030e780908,Vertex Imports 800,Business,E-commerce,Dubai,Dubai,UAE,2018-12-30,Active
e6634546-185c-4518-a9b0-ae8c27b857cb,Vertex Retail 801,Business,Retail,Singapore,Singapore,Singapore,2018-09-15,Active
8dd72c9a-75ed-4746-afeb-1538efc36597,Trident Retail 802,Business,FMCG,Sharjah,Sharjah,UAE,2020-11-04,Active
bb277883-e38a-48d1-9f99-4f65f137110f,Global Trading 803,Business,Textiles,Los Angeles,Los Angeles,United States,2025-07-28,Active
974cadb3-eb3a-43af-935d-856c6372bb29,Global Logistics 804,Business,E-commerce,Los Angeles,Los Angeles,United States,2020-04-08,Active
b7349224-319e-4900-b825-f651538f2776,Zenith Retail 805,Business,E-commerce,Delhi,Maharashtra,India,2020-11-06,Active
ea240705-d59b-47ad-ba27-4530629dad1a,Prime Industries 806,Business,Textiles,Bremen,Bremen,Germany,2020-09-08,Active
133255ed-e485-4d29-a822-6e9f56a367b2,Global Trading 807,Individual,Industrial Machinery,Guangzhou,Guangzhou,China,2021-07-30,Inactive
f6837b77-c192-46a2-9c6c-ca2841a12729,Zenith Trading 808,Business,Automotive,Amsterdam,Amsterdam,Netherlands,2022-12-31,Active
fc216175-1016-4b3c-9d7c-66bd6103e49f,Zenith Logistics 809,Business,Electronics,Seoul,Seoul,South Korea,2019-08-21,Active
201efa39-fdb1-4acc-98e7-77a374326b30,Prime Logistics 810,Business,Textiles,Dubai,Dubai,UAE,2024-04-09,Active
26455e41-687c-4ed7-9779-d6e5eab0ce67,Global Exports 811,Business,E-commerce,Houston,Houston,United States,2022-10-02,Active
4a3eba36-9002-4127-8f27-f92de77deb43,Trident Exports 812,Business,Chemicals,Felixstowe,Felixstowe,United Kingdom,2025-12-11,Inactive
b6f75669-e7f3-4dc0-9cd7-4ec62d4b0803,Global Logistics 813,Business,Chemicals,Seoul,Seoul,South Korea,2019-11-02,Active
e9b20545-f42d-47e0-8eae-61608f6b3cb1,Global Retail 814,Individual,Food Processing,Chicago,Chicago,United States,2023-03-29,Active
049dad45-9d4d-4311-87d7-3c0a8935ef69,Apex Logistics 815,Business,Chemicals,Hamburg,Hamburg,Germany,2018-08-09,Active
796a50ee-739e-4d64-b1c2-2bccd09980ad,Global Logistics 816,Business,Retail,Singapore,Singapore,Singapore,2019-05-04,Active
84c83fa8-baff-4ae1-97fe-5b766bd8de89,Zenith Industries 817,Business,E-commerce,Amsterdam,Amsterdam,Netherlands,2023-08-23,Active
3b5091fa-63d3-43c5-8bc9-51d5af5e29ea,Apex Exports 818,Business,FMCG,Manchester,Manchester,United Kingdom,2018-12-29,Active
9d2f775f-1472-4438-98e2-68d40f6e34cd,Global Exports 819,Business,Chemicals,Dubai,Dubai,UAE,2023-03-04,Active
a7974386-6a8e-4145-a134-ed8602d89ed1,Omni Logistics 820,Business,Industrial Machinery,Amsterdam,Amsterdam,Netherlands,2022-02-24,Active
7ba73840-492b-4dd7-aebb-4874458264c6,Prime Exports 821,Business,Automotive,Singapore,Singapore,Singapore,2025-09-02,Active
a16cae0c-1a2f-4d50-a654-505925d32c47,Omni Retail 822,Business,Chemicals,Seoul,Seoul,South Korea,2024-06-17,Active
97b41fa6-ba90-40ab-834d-51893e0706ea,Trident Imports 823,Business,Food Processing,Sharjah,Sharjah,UAE,2025-04-13,Active
95df59ff-a653-4e6f-8950-135f46fd3774,Zenith Logistics 824,Business,E-commerce,Abu Dhabi,Abu Dhabi,UAE,2018-07-07,Active
a45b2898-d513-4702-a0a0-7696649534de,Omni Imports 825,Business,Chemicals,Bremen,Bremen,Germany,2021-05-24,Active
cc0d33df-bd2b-4563-8adf-d87f0f052817,Apex Logistics 826,Business,FMCG,Shenzhen,Shenzhen,China,2021-02-09,Active
315fbf38-a871-4fe6-a2ff-67d1eae545c0,Nexa Exports 827,Individual,Food Processing,Bremen,Bremen,Germany,2018-12-21,Active
ea909776-5f66-487d-bfe0-1189d96cc244,Global Retail 828,Business,Automotive,Tokyo,Tokyo,Japan,2021-06-09,Active
eb41a12b-676b-4604-95e5-86198adfda4a,Nexa Imports 829,Business,Industrial Machinery,Dubai,Dubai,UAE,2024-01-25,Active
fb53db5d-4a75-4144-8cb0-e6097a00c372,Global Imports 830,Business,Electronics,Amsterdam,Amsterdam,Netherlands,2024-11-08,Active
d0f032c1-4487-4306-9ae0-aae4b31231b6,Omni Retail 831,Business,Automotive,Seoul,Seoul,South Korea,2019-11-09,Active
0f3da141-9fb2-4ce3-bb09-cec07c958524,Prime Industries 832,Business,Chemicals,Amsterdam,Amsterdam,Netherlands,2021-07-16,Active
9e55a16e-c0e7-4c63-8bfc-1f92bc70081e,Trident Retail 833,Business,Automotive,Singapore,Singapore,Singapore,2022-12-04,Active
5d205603-8e2f-41d0-b2a4-e1f0011c4bf6,Global Imports 834,Business,FMCG,Tokyo,Tokyo,Japan,2018-02-03,Active
3bf321e6-f9fc-4be2-a8d0-4aa7132430b8,Global Retail 835,Business,Industrial Machinery,Mumbai,West Bengal,India,2020-06-18,Active
8c0f1c6d-fb93-4f0b-95bf-7bdea943337b,Apex Logistics 836,Business,Food Processing,Sharjah,Sharjah,UAE,2019-09-12,Active
01bcd5df-39bd-410e-8904-8c8caa67eb02,Prime Retail 837,Business,Pharma,Bremen,Bremen,Germany,2025-03-08,Active
c03f4453-9fc8-4882-ae4a-4fcff5656fed,Apex Industries 838,Business,Automotive,Bremen,Bremen,Germany,2021-03-31,Inactive
0f18b590-dc52-4edf-87a5-5ddff2336e70,Global Trading 839,Business,Chemicals,Los Angeles,Los Angeles,United States,2022-01-26,Inactive
45bcd973-8a53-4802-8bb6-5f8803043ed1,Apex Logistics 840,Business,Food Processing,Incheon,Incheon,South Korea,2021-03-18,Active
8911f336-5bd5-41c8-9235-44cb45551e65,Global Trading 841,Business,Automotive,Incheon,Incheon,South Korea,2020-12-15,Active
6189986c-aadd-443b-8fd1-ff108ba52251,Omni Industries 842,Individual,Food Processing,Felixstowe,Felixstowe,United Kingdom,2024-01-23,Active
8a9ab87a-8afc-4642-af94-685ee4bb457f,Trident Retail 843,Business,E-commerce,Shenzhen,Shenzhen,China,2019-03-16,Active
ca2ee590-7e72-414c-8fba-61f838342e2b,Trident Exports 844,Business,FMCG,New York,New York,United States,2019-02-22,Active
e2e63b1c-d322-4fa4-9cd0-fb12d3cfddd1,Nexa Logistics 845,Individual,Textiles,Frankfurt,Frankfurt,Germany,2025-05-07,Active
ee973d59-0243-4e8e-9bfc-3de96a1e1955,Trident Trading 846,Individual,FMCG,Rotterdam,Rotterdam,Netherlands,2021-03-24,Active
5f7c0f8a-41f1-41ad-b124-8e5fb041cdd4,Zenith Logistics 847,Individual,Automotive,Houston,Houston,United States,2019-12-17,Active
27eed1cc-b15b-4011-b165-cc64fb277ec8,Omni Trading 848,Business,Textiles,Abu Dhabi,Abu Dhabi,UAE,2023-10-08,Active
44687ea9-5228-402d-84bf-9b6c965bf90d,Prime Exports 849,Business,Automotive,New York,New York,United States,2024-11-02,Active
8224fd8b-60f1-4362-afe0-81fff3070886,Nexa Trading 850,Business,Textiles,Busan,Busan,South Korea,2021-03-28,Active
2dabec48-a036-4477-afc1-299426e47acb,Prime Imports 851,Individual,Textiles,Manchester,Manchester,United Kingdom,2023-12-22,Active
ff986d9d-1517-4a56-9c98-4d4fe369c92f,Zenith Logistics 852,Business,Automotive,Singapore,Singapore,Singapore,2020-01-17,Active
9307cd80-1691-48fd-80e0-9f71304d395c,Omni Trading 853,Business,E-commerce,Bengaluru,Delhi,India,2020-12-16,Active
263d3d60-b273-4a2d-b198-9de66c0ca893,Trident Imports 854,Business,Food Processing,London,London,United Kingdom,2023-08-12,Active
26540709-4554-46d9-8d58-8577a31c8d39,Nexa Trading 855,Business,Pharma,Felixstowe,Felixstowe,United Kingdom,2019-11-28,Active
fba3678d-b04b-40f2-aa14-49d4191cae0a,Nexa Imports 856,Business,Automotive,Delhi,Delhi,India,2024-05-17,Active
06f87900-03f8-4432-bccb-643670e054f4,Prime Logistics 857,Individual,Chemicals,Frankfurt,Frankfurt,Germany,2024-09-20,Active
623fd89f-7c0f-4a16-a027-362fd4082dc2,Apex Trading 858,Business,Automotive,Guangzhou,Guangzhou,China,2024-10-12,Active
74812703-7c04-406e-9da8-92ec4bfa5c87,Apex Logistics 859,Business,Textiles,Bremen,Bremen,Germany,2021-11-22,Active
129d1148-1b2a-41b5-b5fa-2dad6798bccc,Apex Logistics 860,Business,E-commerce,Manchester,Manchester,United Kingdom,2020-06-15,Active
4fe409a8-d744-4422-a994-518000679c34,Vertex Logistics 861,Business,Electronics,Busan,Busan,South Korea,2022-11-05,Active
6e82f6a1-3f0f-4cde-84d5-52e9ed7b86fc,Trident Trading 862,Business,FMCG,Felixstowe,Felixstowe,United Kingdom,2020-09-05,Active
3db1af13-ee17-48d9-a9dd-0a6bf1d543c5,Nexa Exports 863,Business,Automotive,Singapore,Singapore,Singapore,2018-11-15,Active
af39424a-50c0-420a-80c8-2fddb47891c3,Omni Industries 864,Business,Food Processing,Rotterdam,Rotterdam,Netherlands,2019-03-30,Active
2908be05-94e0-46e2-89f7-0f6a4ff6accd,Zenith Exports 865,Business,Automotive,Felixstowe,Felixstowe,United Kingdom,2024-04-15,Inactive
f3a924f2-e933-4a9e-94c9-f99bf77a386b,Apex Retail 866,Business,Chemicals,Rotterdam,Rotterdam,Netherlands,2025-01-08,Active
2ac71211-f0e0-4c89-b6c9-e01583adbecc,Vertex Industries 867,Business,Automotive,London,London,United Kingdom,2024-09-06,Active
a48e57e7-6818-41af-9416-17407db821d4,Nexa Retail 868,Business,Electronics,Yokohama,Yokohama,Japan,2025-04-28,Active
fbdcd833-95e4-4b64-83f2-9de6c9e44be6,Global Industries 869,Business,Industrial Machinery,Chicago,Chicago,United States,2023-10-28,Active
a9388d91-beca-4783-83b4-f51ea0327fc2,Prime Industries 870,Business,Food Processing,Sharjah,Sharjah,UAE,2022-05-10,Active
4420b378-7c80-462b-be9b-69e4ffdd8565,Global Exports 871,Business,Pharma,Felixstowe,Felixstowe,United Kingdom,2022-04-02,Active
58094f18-ca68-4114-ae77-0d56922b9606,Global Retail 872,Business,E-commerce,Felixstowe,Felixstowe,United Kingdom,2018-04-01,Active
3df3fd1f-69de-4a93-a981-3133bedc65cd,Nexa Logistics 873,Individual,Electronics,Shenzhen,Shenzhen,China,2020-05-09,Active
c0f74c2c-1aa9-45b9-868a-8913042bc1b9,Omni Logistics 874,Business,Pharma,Osaka,Osaka,Japan,2018-10-27,Active
1574b6a4-eadd-41f3-a610-564f66246088,Nexa Retail 875,Business,FMCG,Rotterdam,Rotterdam,Netherlands,2022-02-11,Active
114bd852-e1f4-40df-b75a-b06a5c73be13,Omni Exports 876,Business,Industrial Machinery,Los Angeles,Los Angeles,United States,2019-07-18,Active
9abeba34-a310-49b0-a542-4d0250c27449,Prime Industries 877,Business,Automotive,Abu Dhabi,Abu Dhabi,UAE,2025-03-24,Active
4f59403f-81b9-4733-9198-28622a1d404f,Apex Retail 878,Business,Electronics,Tokyo,Tokyo,Japan,2018-05-14,Active
ed84b088-b8b8-4c20-8cf1-46464e05106d,Vertex Exports 879,Business,E-commerce,Felixstowe,Felixstowe,United Kingdom,2024-06-23,Active
55015dfa-9d0c-4807-be03-cd0a55d2e9cd,Zenith Trading 880,Individual,E-commerce,Abu Dhabi,Abu Dhabi,UAE,2023-09-18,Active
5484e3fb-2b01-41e6-9ea1-ce66ebc41bd7,Apex Imports 881,Individual,Electronics,Hamburg,Hamburg,Germany,2021-04-18,Active
9aabb403-46b7-46c9-9ff4-744c9cb962da,Zenith Imports 882,Business,E-commerce,Yokohama,Yokohama,Japan,2022-02-17,Active
4855a10d-682d-48bd-bc70-c9a37ba25226,Prime Logistics 883,Business,E-commerce,Chicago,Chicago,United States,2018-12-27,Active
88f41573-6e82-4d00-8886-0832eb7f5c5f,Trident Exports 884,Business,Industrial Machinery,Rotterdam,Rotterdam,Netherlands,2018-11-17,Active
dc1df9fa-f6fa-454b-94ee-6878240fbecb,Trident Trading 885,Business,Automotive,Tokyo,Tokyo,Japan,2023-04-15,Active
d6da5532-ca45-44c8-98af-343ad7838d35,Vertex Logistics 886,Individual,Chemicals,Hamburg,Hamburg,Germany,2025-11-08,Active
c81c5250-2369-4110-89ae-7031ebacda3b,Apex Exports 887,Individual,Pharma,Hyderabad,Maharashtra,India,2021-06-05,Active
2f14fc05-bc51-46ae-b281-b6ca4bfdebd4,Trident Industries 888,Business,Industrial Machinery,Singapore,Singapore,Singapore,2025-12-18,Active
9bff229c-4177-4dc1-96fa-19ba21be3159,Zenith Exports 889,Business,Retail,Abu Dhabi,Abu Dhabi,UAE,2023-05-31,Active
63c8756e-cdac-45d5-83a2-0ace83e311c8,Vertex Logistics 890,Business,E-commerce,Chennai,West Bengal,India,2018-02-07,Active
03e5d8db-3088-49b3-a16d-6fa4dad50f2d,Omni Imports 891,Business,FMCG,London,London,United Kingdom,2023-05-22,Active
96a2c8fc-33ba-4844-9629-3366781f57c0,Omni Exports 892,Business,Electronics,Osaka,Osaka,Japan,2022-10-26,Inactive
c64bee12-ecdb-44dd-a33f-79d0fe37b9fe,Omni Imports 893,Business,Electronics,Amsterdam,Amsterdam,Netherlands,2019-01-18,Inactive
71d97eaf-5652-4f99-a265-271678f471ef,Apex Logistics 894,Business,Textiles,Abu Dhabi,Abu Dhabi,UAE,2020-08-14,Active
6f28da27-4be9-4003-8da8-eea4aebd4bc8,Global Industries 895,Business,FMCG,Houston,Houston,United States,2020-11-07,Active
90c07a61-19ff-4017-b1d4-81602e8c7829,Trident Retail 896,Business,FMCG,Singapore,Singapore,Singapore,2020-03-05,Active
c903db6a-ee5c-483f-b549-53ca60d92cb1,Prime Trading 897,Business,Food Processing,Ahmedabad,West Bengal,India,2024-06-28,Active
895dfbd2-56a0-4e7c-9bdd-bb48b762d522,Global Industries 898,Individual,Industrial Machinery,Frankfurt,Frankfurt,Germany,2021-05-13,Active
f0f03ed2-a721-4283-b23e-defb7494540a,Zenith Retail 899,Business,Textiles,Ahmedabad,Gujarat,India,2021-10-10,Active
6f6ac4db-41a9-4cea-b91f-d685fa84581c,Nexa Exports 900,Business,Retail,Ahmedabad,Gujarat,India,2020-01-06,Active
9d32ae05-77a6-4664-8497-cf834bd3618c,Prime Retail 901,Individual,Textiles,Bremen,Bremen,Germany,2024-08-27,Active
3e89ba24-84ee-41f5-b525-401d476ec7d8,Omni Retail 902,Individual,Automotive,Abu Dhabi,Abu Dhabi,UAE,2021-09-04,Inactive
c402fca8-053d-4972-bfa2-9bf0889b0c06,Global Logistics 903,Business,Automotive,Busan,Busan,South Korea,2020-06-27,Inactive
04318691-98ff-40d1-891a-b554f1cf208c,Nexa Imports 904,Business,Automotive,Amsterdam,Amsterdam,Netherlands,2024-05-22,Active
2d1d7cf4-47ba-472a-a192-f9d6fa3431c1,Nexa Industries 905,Business,Chemicals,Delhi,Telangana,India,2025-07-21,Inactive
84f11aaf-d8b3-4afc-bd6f-eb8f6099b9eb,Omni Logistics 906,Business,E-commerce,Bremen,Bremen,Germany,2024-11-03,Active
101c8bee-a08d-4256-b31c-460cc245d004,Zenith Retail 907,Individual,Electronics,Hyderabad,Karnataka,India,2021-07-27,Active
5cc5b6f5-7401-4936-9167-7603ada9656a,Trident Imports 908,Individual,E-commerce,Hamburg,Hamburg,Germany,2024-09-16,Active
995cf685-67bd-4e51-bc1b-37a8fe74ee05,Apex Trading 909,Business,Textiles,Abu Dhabi,Abu Dhabi,UAE,2025-12-17,Active
060e62bc-ad63-4ff4-a603-c4316f6252e0,Trident Trading 910,Business,FMCG,Yokohama,Yokohama,Japan,2022-09-11,Inactive
9d4c77c4-c283-4b1b-b4e7-256690818235,Apex Logistics 911,Business,Textiles,Sharjah,Sharjah,UAE,2023-06-15,Active
7bb5cf8e-9611-4e3b-87e0-a29ebf157cab,Apex Logistics 912,Individual,FMCG,Abu Dhabi,Abu Dhabi,UAE,2025-06-22,Active
1dfbb678-062c-4a2b-bda0-c4b62411ca8b,Omni Retail 913,Business,Pharma,Yokohama,Yokohama,Japan,2018-05-12,Active
2a699372-14e0-43c4-84b9-1446a350b6f8,Trident Exports 914,Business,Chemicals,Frankfurt,Frankfurt,Germany,2024-01-31,Active
61b077ac-5623-4c4c-bdb1-e2ef9d313d14,Trident Logistics 915,Individual,Chemicals,Sharjah,Sharjah,UAE,2018-06-05,Active
7448c387-6c40-4f6b-b2c8-22dc71ecf7a6,Global Industries 916,Business,Pharma,Felixstowe,Felixstowe,United Kingdom,2024-01-20,Active
8d6e850b-d1dc-46f7-a6a1-50ba3dda7bc4,Global Trading 917,Business,E-commerce,Yokohama,Yokohama,Japan,2025-08-19,Active
e1006771-d72a-45a0-a25b-36673209700d,Prime Exports 918,Individual,Food Processing,New York,New York,United States,2019-06-19,Active
87ee72f9-5696-4a37-a4d1-2b5c0587e9dd,Prime Industries 919,Business,Automotive,Bremen,Bremen,Germany,2024-11-05,Active
2d819e3f-7e4e-4944-82c2-24bc04725b2c,Omni Logistics 920,Business,Industrial Machinery,Manchester,Manchester,United Kingdom,2019-10-10,Active
c8a17f5f-c146-456b-95d0-76c96841cdb9,Zenith Logistics 921,Business,FMCG,Shenzhen,Shenzhen,China,2021-02-24,Active
567076b8-bb0b-46f7-a2e3-36e069f5bc31,Apex Imports 922,Business,Retail,Chicago,Chicago,United States,2022-05-24,Active
833dcbe5-e189-4414-9301-75f9cf434141,Trident Imports 923,Business,Automotive,Rotterdam,Rotterdam,Netherlands,2021-03-10,Active
0eec8441-3dd9-4920-a07b-be2616d3336a,Omni Trading 924,Business,Industrial Machinery,Houston,Houston,United States,2025-11-05,Active
e7ffe4ec-6a96-4518-a95b-b694d919a3ba,Prime Logistics 925,Business,Electronics,Hamburg,Hamburg,Germany,2025-11-12,Active
92c8259c-1356-4631-8e72-ca38392b186b,Prime Logistics 926,Business,Textiles,Incheon,Incheon,South Korea,2021-02-27,Inactive
396da265-dd40-4897-bae1-7b52c6d48d5c,Nexa Logistics 927,Business,Retail,Kolkata,Delhi,India,2020-09-01,Inactive
c5ba4ca6-912b-4624-a3d5-a360dafe6e09,Global Imports 928,Business,Electronics,Bengaluru,West Bengal,India,2024-05-05,Active
7723f3e1-0874-446f-8e67-eedeb49397ca,Global Trading 929,Business,Retail,Shenzhen,Shenzhen,China,2024-08-21,Active
cfe00045-86f1-4be7-a627-678cdfeee0fb,Prime Logistics 930,Business,Automotive,Abu Dhabi,Abu Dhabi,UAE,2018-05-01,Active
a2020e91-594e-41fd-b578-fc4a0ef62bc9,Prime Imports 931,Business,Chemicals,Osaka,Osaka,Japan,2018-09-09,Active
107272a6-db7e-424d-8eb5-1948004d2467,Vertex Industries 932,Business,FMCG,Singapore,Singapore,Singapore,2022-02-15,Active
3cbf86a7-0391-4f53-85a5-a49e4c234ca9,Global Imports 933,Individual,Food Processing,Hamburg,Hamburg,Germany,2025-01-10,Active
768515bd-3a0c-4e23-be93-3e4ac242e970,Vertex Industries 934,Individual,Food Processing,Shenzhen,Shenzhen,China,2018-08-04,Active
5624fef3-93df-4f56-a67d-75e79fec6277,Global Logistics 935,Business,FMCG,Frankfurt,Frankfurt,Germany,2020-12-01,Active
13cba577-75d3-498e-8e28-fdf865c67499,Global Retail 936,Business,Automotive,Rotterdam,Rotterdam,Netherlands,2020-09-21,Active
13e882df-3f55-49ac-8dd8-b21f34419df9,Trident Trading 937,Business,Chemicals,Singapore,Singapore,Singapore,2020-11-05,Active
30b7aeff-16c5-4894-b019-21c9b46ef336,Apex Industries 938,Business,E-commerce,Hamburg,Hamburg,Germany,2025-04-06,Active
5cacc7d7-930d-48e4-9f9d-6cd8285a3aa0,Zenith Trading 939,Individual,Electronics,Rotterdam,Rotterdam,Netherlands,2018-09-04,Active
d54e7cb0-5e5c-4f81-ae4a-84e5145bc5fa,Apex Exports 940,Business,Industrial Machinery,Yokohama,Yokohama,Japan,2018-01-31,Active
a6f3b520-7d25-4647-b864-300fea754a78,Nexa Exports 941,Business,Food Processing,Frankfurt,Frankfurt,Germany,2023-04-14,Inactive
dc785ac1-27f5-48f2-9c0f-954d76738603,Omni Imports 942,Business,E-commerce,London,London,United Kingdom,2018-03-27,Active
a33d11e6-7e32-4c22-8606-bf35b9630081,Apex Logistics 943,Individual,Chemicals,Osaka,Osaka,Japan,2021-12-25,Active
9af33d98-1f70-49b2-9f62-786fdb6ce4f9,Trident Industries 944,Business,Chemicals,Singapore,Singapore,Singapore,2024-02-27,Active
703fa749-b80c-411d-8347-8e3b5ac81776,Trident Retail 945,Business,E-commerce,Seoul,Seoul,South Korea,2021-12-26,Active
37434145-934b-4dab-89e1-da8afa222c56,Nexa Retail 946,Business,Electronics,Guangzhou,Guangzhou,China,2022-08-17,Active
b391726c-404b-464e-9307-ed280d96386b,Omni Industries 947,Business,Industrial Machinery,Rotterdam,Rotterdam,Netherlands,2023-01-16,Active
5af69cff-aeb4-4c70-b96c-997152b08684,Omni Trading 948,Business,Pharma,Singapore,Singapore,Singapore,2018-11-07,Inactive
42e64ba1-f0d2-4695-9e42-92fdfde48bfa,Vertex Industries 949,Individual,Retail,Frankfurt,Frankfurt,Germany,2023-04-12,Active
6e5e00a2-0287-4697-a3c7-7a0cc49e8324,Global Logistics 950,Business,Retail,Manchester,Manchester,United Kingdom,2025-06-17,Active
72925139-817f-44b9-a320-912f181ff731,Trident Industries 951,Business,Industrial Machinery,Frankfurt,Frankfurt,Germany,2018-08-19,Active
83f3c4a8-0afa-4347-881e-95a74958a8ab,Vertex Logistics 952,Business,Industrial Machinery,Shenzhen,Shenzhen,China,2022-02-22,Active
0d9fa997-07e1-4f77-8ada-601068de2894,Apex Imports 953,Individual,E-commerce,Frankfurt,Frankfurt,Germany,2021-08-31,Active
34f34b8f-7f21-407d-996a-80bf4d3b774f,Omni Imports 954,Business,Electronics,Delhi,West Bengal,India,2020-08-31,Active
8a2e7ff7-95b9-45a4-b752-75d5b2b836e6,Vertex Exports 955,Business,Industrial Machinery,London,London,United Kingdom,2024-01-02,Active
991785eb-3ca0-46e6-873e-accc35e1d87b,Trident Retail 956,Business,Pharma,Chicago,Chicago,United States,2024-01-09,Active
49d2adff-0e1f-44d4-a8a5-154c635de76f,Omni Imports 957,Business,Electronics,Hyderabad,Delhi,India,2022-12-02,Active
65db60f5-04a7-4bb0-955f-c5ebf997a72d,Global Exports 958,Business,Textiles,Abu Dhabi,Abu Dhabi,UAE,2021-11-15,Active
ecc5133c-0b7a-4b58-a792-06193fb68137,Global Industries 959,Business,Textiles,Osaka,Osaka,Japan,2019-07-28,Active
6c5780a1-d1cd-4eb7-9166-4d6386fe143a,Prime Imports 960,Business,Retail,Rotterdam,Rotterdam,Netherlands,2025-07-19,Active
e902b691-19cc-4ccd-b600-940318589439,Omni Logistics 961,Individual,Chemicals,Abu Dhabi,Abu Dhabi,UAE,2020-08-29,Active
7184926f-a83c-4a1d-b511-383558c13816,Zenith Retail 962,Business,Industrial Machinery,Rotterdam,Rotterdam,Netherlands,2024-10-04,Active
eb9636de-a29d-4c48-b978-2c41d260531d,Global Exports 963,Business,Industrial Machinery,Osaka,Osaka,Japan,2025-09-07,Active
ffd91b1c-b529-43c4-93cc-6ff9d1dd9352,Global Imports 964,Business,FMCG,Manchester,Manchester,United Kingdom,2019-04-09,Active
44c50084-5923-420e-9b5b-974ae5030d53,Prime Imports 965,Business,Automotive,London,London,United Kingdom,2023-09-12,Active
87b91c18-0561-41f2-849a-86d10a04ce06,Zenith Industries 966,Individual,Food Processing,Los Angeles,Los Angeles,United States,2025-01-04,Active
3b9acce9-c436-430c-abe5-4865630fc091,Trident Trading 967,Business,FMCG,Dubai,Dubai,UAE,2025-04-14,Active
3fe0b64d-8f20-43f2-a573-725bf81e4f93,Apex Imports 968,Individual,Electronics,Sharjah,Sharjah,UAE,2022-03-09,Active
90ee7c45-6993-4aff-b290-8172179617b6,Zenith Industries 969,Business,Industrial Machinery,London,London,United Kingdom,2021-03-19,Active
5806c32f-cf16-47a1-a2f0-2f2fc4505ac6,Zenith Trading 970,Individual,Food Processing,Hamburg,Hamburg,Germany,2020-02-07,Active
50971f59-fe32-4859-9267-2bd6d3d1a372,Vertex Trading 971,Individual,Textiles,Abu Dhabi,Abu Dhabi,UAE,2019-11-06,Active
3ebff41c-2b13-4e01-a308-c82e924797bd,Omni Industries 972,Business,Industrial Machinery,Guangzhou,Guangzhou,China,2018-12-26,Active
f625ad13-4301-453a-aecd-5d27cff4e4d4,Nexa Imports 973,Business,Food Processing,Dubai,Dubai,UAE,2018-02-28,Active
89d92c75-b497-44e0-9b68-ac26a90a83e2,Trident Imports 974,Business,FMCG,Rotterdam,Rotterdam,Netherlands,2018-12-16,Active
68a89dbf-1602-41fa-8575-0078aa0473f9,Vertex Exports 975,Business,Food Processing,Amsterdam,Amsterdam,Netherlands,2022-06-08,Active
08fd8214-f327-4e6a-8bbc-8a7f3424dc96,Vertex Exports 976,Business,Industrial Machinery,Incheon,Incheon,South Korea,2023-08-13,Active
410556c0-c7fc-4cb9-9536-3cdf4551c41c,Prime Retail 977,Business,Pharma,Busan,Busan,South Korea,2023-04-18,Active
d9b6d303-ad7b-452b-b6e5-3337e0a34fce,Global Trading 978,Business,Electronics,Chicago,Chicago,United States,2019-10-12,Active
1cf79104-da18-4ca0-b4db-0f06936c3cc2,Prime Exports 979,Business,Automotive,Shenzhen,Shenzhen,China,2020-12-15,Active
0d2129f3-792d-4060-8272-3877756c2483,Trident Industries 980,Business,Industrial Machinery,Incheon,Incheon,South Korea,2018-03-02,Active
f4e37f0a-13b7-4f6c-80bd-46ed0afa5aea,Omni Logistics 981,Business,Industrial Machinery,Seoul,Seoul,South Korea,2020-03-09,Active
47600c0f-7827-4676-87c1-feee1b03f54a,Prime Exports 982,Individual,Retail,Incheon,Incheon,South Korea,2022-05-22,Active
2824c9c1-0334-4bbd-ab6a-92482b80958f,Trident Retail 983,Business,Textiles,Singapore,Singapore,Singapore,2022-04-01,Active
eaf906f9-f12e-48f3-bbb0-ed9b250b32c8,Omni Logistics 984,Business,Pharma,Yokohama,Yokohama,Japan,2018-01-14,Active
505a3205-9181-4a75-b04b-4ac99243386e,Prime Industries 985,Business,Chemicals,Hamburg,Hamburg,Germany,2022-11-19,Active
adf27732-44af-4439-815d-a27d42adc453,Global Retail 986,Business,Electronics,Shanghai,Shanghai,China,2018-08-24,Active
54a8c8c6-199f-414c-b37d-cd56ff45971f,Vertex Imports 987,Business,FMCG,Hyderabad,West Bengal,India,2025-02-28,Active
6bc5e757-399f-432a-99f7-709b05587555,Nexa Retail 988,Business,FMCG,Dubai,Dubai,UAE,2025-11-29,Active
1130a8e7-95b0-4948-ad0a-8b5a682808ba,Global Logistics 989,Business,Food Processing,Hyderabad,West Bengal,India,2024-11-22,Active
1ed1fbc2-7983-461c-9878-11c23ad07e5c,Omni Exports 990,Business,Chemicals,Abu Dhabi,Abu Dhabi,UAE,2020-01-06,Active
0dded54d-8569-4b25-a02f-575b980da6ef,Apex Imports 991,Individual,Automotive,Busan,Busan,South Korea,2020-01-05,Active
0665fcc5-b7e4-4d14-b1de-b2723bca20d9,Prime Imports 992,Individual,Retail,Ningbo,Ningbo,China,2021-07-03,Active
8e88bb03-245a-423f-95d2-187f94c48ae8,Prime Retail 993,Business,Automotive,Los Angeles,Los Angeles,United States,2023-05-21,Active
d978ab20-2f35-43e6-baac-59654651b6f6,Nexa Trading 994,Business,Chemicals,Houston,Houston,United States,2025-10-04,Active
b4c3da9d-283c-4a55-96c9-bb7ba1d59efe,Apex Industries 995,Business,Retail,London,London,United Kingdom,2020-01-15,Active
911d40cb-1685-48ac-86d9-ba29b2f7d6bd,Prime Trading 996,Business,Pharma,Rotterdam,Rotterdam,Netherlands,2025-09-09,Inactive
9d44ae61-4336-42a0-9156-ebea9412597d,Global Imports 997,Individual,Electronics,New York,New York,United States,2023-09-29,Active
f42b15ef-e0b2-4fef-b499-e359cecbc3d0,Vertex Retail 998,Business,Retail,Shanghai,Shanghai,China,2020-08-21,Active
df2daa98-c042-4f3f-a190-209a0bc5f6e7,Zenith Imports 999,Business,Food Processing,Delhi,West Bengal,India,2022-12-15,Active
242d27aa-7b03-4830-be02-d39361da94a3,Omni Trading 1000,Individual,Retail,Manchester,Manchester,United Kingdom,2019-02-16,Active
c7c7954d-946e-4399-aa2b-2a45050d9ad4,Prime Trading 1001,Business,Chemicals,Yokohama,Yokohama,Japan,2020-12-24,Active
c0334135-b8e6-440e-8119-4b1f9f99662e,Prime Retail 1002,Business,Retail,London,London,United Kingdom,2018-05-17,Active
1cae3b5c-43e7-4121-be68-c1d2589b7d5d,Nexa Trading 1003,Business,Textiles,Hamburg,Hamburg,Germany,2021-09-14,Active
16ccd753-f70e-4e98-997f-e433a4e8648d,Global Trading 1004,Business,Automotive,Rotterdam,Rotterdam,Netherlands,2020-10-05,Active
9954c83a-0ad1-4fd7-9767-a637e14f3b7f,Omni Imports 1005,Business,Chemicals,Seoul,Seoul,South Korea,2023-06-26,Active
e8a474da-a3f8-4a7e-a86c-2a7c1b2cee2f,Zenith Trading 1006,Business,Automotive,Abu Dhabi,Abu Dhabi,UAE,2018-02-09,Active
a8aad06f-c806-4734-9fca-6f731394fd0b,Nexa Imports 1007,Business,E-commerce,Amsterdam,Amsterdam,Netherlands,2024-04-22,Active
85bbad50-9abc-434e-8c9f-bbec92fccc39,Apex Industries 1008,Business,Retail,Singapore,Singapore,Singapore,2021-03-12,Active
9d19e56f-a4a5-40fd-ae84-107080bbb386,Vertex Exports 1009,Business,Food Processing,Busan,Busan,South Korea,2020-04-26,Active
b4e864a0-e44b-455b-aec3-0a44d4675d13,Omni Imports 1010,Business,Retail,Rotterdam,Rotterdam,Netherlands,2025-03-04,Inactive
11b203d3-cbcd-4eb7-8169-671269dcd8e2,Zenith Trading 1011,Business,Industrial Machinery,Rotterdam,Rotterdam,Netherlands,2019-08-01,Active
8d1015c6-b050-468d-9f14-bb1cd87fd66f,Vertex Exports 1012,Business,FMCG,Guangzhou,Guangzhou,China,2025-06-21,Active
82546338-bae5-49c5-8b54-562f6f4023f4,Global Imports 1013,Business,Industrial Machinery,Singapore,Singapore,Singapore,2024-07-24,Active
e41b9aef-216e-4637-8192-c615894ae567,Trident Imports 1014,Business,FMCG,Rotterdam,Rotterdam,Netherlands,2020-01-22,Active
f290fd42-2a7c-422c-beb9-243737a2724a,Prime Trading 1015,Business,Textiles,Osaka,Osaka,Japan,2021-12-15,Active
400d5333-9921-4e89-bd81-dead050287fe,Trident Imports 1016,Business,Textiles,Los Angeles,Los Angeles,United States,2024-04-02,Active
32eb11fd-fc3b-4062-b9d4-3c444b0bf1c0,Omni Imports 1017,Business,Pharma,Chicago,Chicago,United States,2018-10-02,Active
9fca26db-acff-4e82-835a-12ef4e09bdb8,Apex Retail 1018,Business,FMCG,Singapore,Singapore,Singapore,2021-05-04,Active
1b3e1448-5d11-47eb-9181-331fa0945051,Apex Logistics 1019,Business,Retail,Manchester,Manchester,United Kingdom,2022-02-22,Active
e8af72cf-c64a-4abb-9de6-bea169461e31,Prime Industries 1020,Business,Industrial Machinery,Guangzhou,Guangzhou,China,2023-11-11,Active
0364a0bd-22d7-455b-af3c-b2907962a011,Nexa Industries 1021,Business,Retail,Rotterdam,Rotterdam,Netherlands,2022-03-27,Active
f625f049-c755-4227-8541-b04a2613b180,Global Industries 1022,Business,Chemicals,Bremen,Bremen,Germany,2025-01-17,Active
2fb36afa-743b-424c-b4c1-837cda10375e,Global Logistics 1023,Business,Chemicals,London,London,United Kingdom,2019-12-29,Active
bdc6dc1a-3ec4-4553-a185-908c079a92f7,Global Trading 1024,Business,E-commerce,Seoul,Seoul,South Korea,2024-09-14,Inactive
e3fe0510-d0d5-43e8-8d08-a1cde5f445ec,Trident Imports 1025,Business,Food Processing,Los Angeles,Los Angeles,United States,2020-07-07,Active
a73b5329-77d8-45ae-a7b9-0383757ce27b,Apex Exports 1026,Individual,Industrial Machinery,Amsterdam,Amsterdam,Netherlands,2021-12-04,Active
148ded0c-e80d-4e47-9225-cc8c08c06329,Vertex Exports 1027,Business,Chemicals,Shanghai,Shanghai,China,2025-03-17,Active
7084cc8d-333a-4bec-9871-a14b4d1d16af,Prime Imports 1028,Business,Automotive,Incheon,Incheon,South Korea,2022-01-06,Active
f814f1b5-a853-4fe3-a599-962b20aa9760,Prime Exports 1029,Individual,Pharma,Delhi,Maharashtra,India,2022-10-04,Active
514fddbc-bfdc-46d5-9d1e-c14a626ff4d9,Trident Trading 1030,Individual,Food Processing,Incheon,Incheon,South Korea,2020-04-04,Active
b0ef345f-d588-4db3-8bf3-64a4bea091bc,Nexa Industries 1031,Business,FMCG,Yokohama,Yokohama,Japan,2023-01-21,Active
6ee5253e-88bd-48ae-a53b-bdb38c780d3c,Omni Retail 1032,Business,Textiles,Frankfurt,Frankfurt,Germany,2020-04-14,Active
92e168ae-681b-4f01-b2c6-fb794c6d0c68,Nexa Industries 1033,Business,E-commerce,Ningbo,Ningbo,China,2019-02-09,Active
8596928c-c28c-4d9d-8fb1-35c3d6a12f05,Trident Trading 1034,Business,Industrial Machinery,Manchester,Manchester,United Kingdom,2021-04-10,Active
6e95c046-854a-4dc5-85e9-dffa49143da1,Prime Logistics 1035,Individual,Pharma,Bengaluru,Karnataka,India,2018-03-07,Active
786fe28e-f3a9-47fd-8836-9c15969e58c5,Prime Retail 1036,Business,E-commerce,Frankfurt,Frankfurt,Germany,2023-10-17,Active
1f372426-5599-4754-bad1-1c8e54ab11a5,Global Exports 1037,Business,Automotive,Manchester,Manchester,United Kingdom,2020-06-08,Active
14297cad-9891-46b1-946c-6a01ad8c0166,Global Industries 1038,Individual,Food Processing,Bremen,Bremen,Germany,2019-07-16,Active
a343ac49-d96b-430a-bcac-45b8253734ef,Trident Trading 1039,Business,Automotive,Hamburg,Hamburg,Germany,2023-08-25,Active
aa02a2e5-69d5-436d-96ae-9141b1721180,Prime Retail 1040,Business,Pharma,Ningbo,Ningbo,China,2023-03-06,Active
73115c91-76d5-4641-8a96-302401f28b58,Prime Exports 1041,Business,Electronics,Abu Dhabi,Abu Dhabi,UAE,2018-09-20,Active
80e3674d-c8d8-467d-bfd9-b7e8c5c4dbdf,Prime Imports 1042,Business,Textiles,Sharjah,Sharjah,UAE,2024-01-13,Active
ea9439b0-bdcc-414a-94fc-26925f61cca5,Global Exports 1043,Business,Textiles,Los Angeles,Los Angeles,United States,2021-12-22,Active
898b5007-923d-4ef3-90d8-64f2f6447736,Global Retail 1044,Business,Textiles,Singapore,Singapore,Singapore,2018-02-10,Active
33aafee5-649c-4de1-8320-a664486ee8e8,Nexa Retail 1045,Business,Food Processing,Felixstowe,Felixstowe,United Kingdom,2022-04-14,Active
b7f6ea5e-0f0d-44cf-9369-03ceaed71fcc,Vertex Retail 1046,Individual,E-commerce,Singapore,Singapore,Singapore,2023-03-10,Active
9a681ed1-2697-4dbe-a64d-936981e7778a,Prime Logistics 1047,Business,Textiles,Tokyo,Tokyo,Japan,2019-07-01,Active
f5596ae2-b332-482c-b930-9b76f0a005d3,Global Logistics 1048,Business,Automotive,Mumbai,Telangana,India,2023-01-04,Active
6d0b3cee-4aa1-401f-953a-685dbfc1b594,Global Imports 1049,Business,Pharma,Singapore,Singapore,Singapore,2021-05-06,Active
a024ffba-a87b-4092-b593-f3e351502d3e,Prime Imports 1050,Business,Industrial Machinery,Busan,Busan,South Korea,2023-02-18,Active
4c5c4dc1-ab20-413d-a28e-f6144eb5681f,Nexa Exports 1051,Business,Pharma,Delhi,Tamil Nadu,India,2023-12-13,Inactive
0fa93d00-c310-49a3-8d5f-31660b8e70aa,Omni Trading 1052,Individual,Textiles,Shanghai,Shanghai,China,2019-06-25,Active
0062f180-ae09-4c7d-930f-af2affc3a508,Apex Industries 1053,Business,FMCG,Tokyo,Tokyo,Japan,2023-06-19,Active
013f554c-41a8-4a89-b024-1fce8f5b10cd,Trident Logistics 1054,Business,Textiles,Osaka,Osaka,Japan,2018-05-30,Active
72d26d15-413e-42ac-b692-0870cb681e56,Global Exports 1055,Business,Food Processing,Chicago,Chicago,United States,2023-02-21,Active
1f48aa2d-22c9-441d-8623-3b0a9f58e034,Nexa Imports 1056,Business,Food Processing,Frankfurt,Frankfurt,Germany,2019-04-22,Active
a5425552-6249-4672-858b-c8eaeb1f252f,Zenith Trading 1057,Business,Electronics,Abu Dhabi,Abu Dhabi,UAE,2025-02-02,Active
1fc5e106-9690-432c-af3b-b36193930118,Apex Exports 1058,Business,Electronics,Rotterdam,Rotterdam,Netherlands,2024-08-06,Inactive
59342979-1dc1-4c4e-9fee-e46c7b75bda4,Apex Retail 1059,Business,Textiles,Mumbai,Delhi,India,2019-10-21,Active
3e83ae67-0533-4bf7-93cc-7d645b8a5038,Zenith Exports 1060,Business,Pharma,Rotterdam,Rotterdam,Netherlands,2022-02-23,Active
57331959-6752-4a96-8ffb-fc596a98dc70,Zenith Retail 1061,Business,Automotive,Busan,Busan,South Korea,2020-09-10,Active
08afec59-7fdb-4016-ab8c-3b73dfed7028,Omni Industries 1062,Individual,Chemicals,Kolkata,Delhi,India,2019-12-25,Active
b863edc4-c024-4792-9399-37ff150f8130,Vertex Logistics 1063,Business,Automotive,Sharjah,Sharjah,UAE,2018-12-13,Active
ff8d6011-3b89-46bd-b572-2e080e287634,Vertex Imports 1064,Business,FMCG,Incheon,Incheon,South Korea,2020-08-29,Active
805d60d6-3674-486e-84a5-6b32c5994ddc,Prime Imports 1065,Business,Textiles,Rotterdam,Rotterdam,Netherlands,2021-10-14,Active
cffccc7c-4ca8-4835-9765-5033411d582f,Apex Logistics 1066,Business,Chemicals,Singapore,Singapore,Singapore,2021-09-22,Inactive
91ed726e-3fd7-40c8-9f29-d7162d1dbfee,Zenith Logistics 1067,Individual,Pharma,Sharjah,Sharjah,UAE,2025-06-14,Active
b7688051-7e24-4247-89d5-02c50debd1b6,Nexa Industries 1068,Business,E-commerce,Houston,Houston,United States,2020-04-10,Active
741ef799-4772-489a-a609-34cf17e7d114,Trident Exports 1069,Business,Electronics,Bremen,Bremen,Germany,2022-08-21,Active
0b3b4f65-609a-44df-929f-9b5213abb583,Omni Imports 1070,Business,Retail,Ningbo,Ningbo,China,2021-08-12,Active
7b4400c4-4bbc-4510-84b0-61ea65eddb97,Omni Trading 1071,Business,Chemicals,Rotterdam,Rotterdam,Netherlands,2025-10-08,Active
ecf3883f-0913-49bf-91f6-709cd3b8535e,Apex Retail 1072,Business,Pharma,Chennai,Tamil Nadu,India,2021-09-28,Active
9387674d-58fe-4165-9d55-d67c6a03aa69,Zenith Imports 1073,Business,Chemicals,Dubai,Dubai,UAE,2021-02-28,Active
e93a581b-4dde-4fed-a25c-7da7909c6ef8,Zenith Exports 1074,Business,Industrial Machinery,Seoul,Seoul,South Korea,2023-07-16,Active
fac34db5-6930-4069-aafd-cbff93e60ef6,Apex Imports 1075,Business,E-commerce,Chicago,Chicago,United States,2019-02-12,Active
12f4314f-e31c-4e6d-8650-78f5db4df495,Vertex Imports 1076,Business,Pharma,Amsterdam,Amsterdam,Netherlands,2023-10-10,Active
dbe75169-127b-4028-98df-9c7a3c3404f8,Zenith Imports 1077,Business,Textiles,Busan,Busan,South Korea,2020-10-07,Active
08e291e2-f5b7-4ea7-9d58-1e3df0b07829,Apex Industries 1078,Business,Chemicals,Hamburg,Hamburg,Germany,2018-08-20,Active
035a9181-ed31-4ade-a844-00aece95f41a,Global Imports 1079,Business,Electronics,Amsterdam,Amsterdam,Netherlands,2019-11-08,Active
a35f597f-1c54-4581-aea2-ddb78dea9b2c,Vertex Exports 1080,Business,Chemicals,Frankfurt,Frankfurt,Germany,2025-03-07,Active
222e1bf3-3e8a-4d9d-a0f9-2d0009782349,Zenith Retail 1081,Business,Electronics,Hamburg,Hamburg,Germany,2025-06-09,Active
989d2668-d841-4141-b98c-315a5e4fe187,Omni Imports 1082,Individual,Chemicals,Frankfurt,Frankfurt,Germany,2021-09-10,Active
559c08e4-fa0b-4c00-9995-fd39979ae633,Global Imports 1083,Business,FMCG,Amsterdam,Amsterdam,Netherlands,2018-08-18,Active
0c3c4f89-00c5-448f-b7ad-81fed6fc4cf9,Nexa Imports 1084,Business,Food Processing,Tokyo,Tokyo,Japan,2023-08-17,Active
9645643e-4564-474e-90dc-efd7eb687651,Zenith Trading 1085,Business,Pharma,Singapore,Singapore,Singapore,2024-03-11,Active
1e47a0e4-2933-4ab9-81e1-23b59ca3aa36,Apex Logistics 1086,Individual,Retail,Incheon,Incheon,South Korea,2025-07-03,Active
0c284555-d28e-45e9-b8f3-0908f3746f21,Nexa Imports 1087,Business,FMCG,Sharjah,Sharjah,UAE,2021-12-01,Active
488cbb82-c853-4077-98bb-37be0368bf8d,Trident Industries 1088,Business,E-commerce,Yokohama,Yokohama,Japan,2023-02-12,Active
3ee9c850-8e55-4df4-9b82-5f1f1b8dc77f,Prime Trading 1089,Individual,Automotive,London,London,United Kingdom,2021-08-20,Inactive
25a618f8-e6f0-4783-b294-f9ae81dcd6a7,Omni Imports 1090,Business,Automotive,Busan,Busan,South Korea,2018-01-04,Inactive
da3e2fb4-adc8-41bc-9eb9-974f248356fd,Apex Logistics 1091,Business,FMCG,Singapore,Singapore,Singapore,2018-11-08,Active
4892a308-2182-49fd-99a9-280e9026d4e9,Trident Logistics 1092,Business,Automotive,Seoul,Seoul,South Korea,2019-02-27,Active
ec4e77c2-d225-409d-ba70-87478d35f1c3,Nexa Industries 1093,Business,Electronics,Shenzhen,Shenzhen,China,2022-04-15,Active
9b994a15-f7d8-49ed-b7c5-986e63399983,Prime Industries 1094,Individual,Textiles,Bengaluru,Gujarat,India,2018-12-03,Active
1f46c706-f38d-4685-9246-c0204ead3827,Nexa Exports 1095,Business,Pharma,Rotterdam,Rotterdam,Netherlands,2020-04-30,Active
915fa238-d023-4125-a080-90d2f4f2b9f8,Apex Trading 1096,Business,Automotive,Dubai,Dubai,UAE,2019-08-04,Active
ecf79fb8-f5a2-44c1-8e6f-0b20b4338435,Omni Retail 1097,Business,Retail,Guangzhou,Guangzhou,China,2021-09-01,Active
eb11bc13-82db-45bb-86d4-c419fa1160f1,Nexa Imports 1098,Business,Automotive,Singapore,Singapore,Singapore,2019-12-11,Active
fc28d0ca-dbe7-4e66-9520-4364cdc64591,Apex Trading 1099,Business,Electronics,Singapore,Singapore,Singapore,2025-12-17,Active
f81b01d4-b203-4e85-ac6b-6352d9848b5f,Nexa Trading 1100,Business,Automotive,Amsterdam,Amsterdam,Netherlands,2023-11-04,Active
6436fb97-22d2-401f-8b6a-85e19a06701f,Omni Imports 1101,Business,Retail,Mumbai,Telangana,India,2022-01-03,Active
2ef7d7f9-0e3e-41c3-b9b5-cedb2cba19f3,Prime Logistics 1102,Business,Chemicals,Tokyo,Tokyo,Japan,2022-09-22,Active
432dc16e-0988-4f68-81da-45c8ab2e76b3,Prime Trading 1103,Business,Food Processing,Hyderabad,Maharashtra,India,2021-07-19,Active
40cc3bcc-e5fd-4076-8417-f8e5b6246456,Apex Retail 1104,Business,Pharma,Singapore,Singapore,Singapore,2023-05-07,Active
c027993e-25cc-4964-a32d-51f691c21da1,Nexa Industries 1105,Business,Automotive,Shenzhen,Shenzhen,China,2025-01-13,Inactive
5266e5c5-464c-41bd-9171-f3455ff0a910,Trident Logistics 1106,Business,Pharma,Yokohama,Yokohama,Japan,2022-02-24,Active
8fd799c4-2504-43f9-8ff0-dcc7d024d26a,Global Logistics 1107,Business,Industrial Machinery,Hamburg,Hamburg,Germany,2025-09-03,Active
7b79bb97-4ff6-4399-a50c-76a1ae6ac1ec,Omni Retail 1108,Individual,FMCG,Rotterdam,Rotterdam,Netherlands,2024-02-18,Active
2faadf44-5fec-4e6c-b5bb-6209e5fa0d83,Vertex Industries 1109,Business,Industrial Machinery,Houston,Houston,United States,2021-08-09,Active
669c60df-17b4-4b8e-b935-9bfbfcc7cc92,Vertex Industries 1110,Business,Automotive,Los Angeles,Los Angeles,United States,2020-12-21,Active
87de6457-a4ca-4f89-8f45-5a28f5326209,Global Retail 1111,Business,Retail,Los Angeles,Los Angeles,United States,2018-02-11,Active
0257e0f5-5b57-442b-9093-c52a780aa84d,Apex Retail 1112,Business,Electronics,Singapore,Singapore,Singapore,2025-09-30,Inactive
45754c01-efc5-4b76-89aa-944342e45ab4,Trident Imports 1113,Business,FMCG,Incheon,Incheon,South Korea,2024-11-17,Active
e4df8c86-72c6-419c-94da-fab1246216f7,Prime Industries 1114,Business,Food Processing,Rotterdam,Rotterdam,Netherlands,2022-10-11,Active
b6a330c4-2c73-4f41-a955-fe85f5a4d0ba,Global Exports 1115,Business,Electronics,Osaka,Osaka,Japan,2018-11-30,Active
0a8b1a63-8f7c-49eb-a454-aac1bcf7a7e0,Global Industries 1116,Business,Automotive,Busan,Busan,South Korea,2019-06-10,Active
e80ef4f8-1e59-4f19-bd1a-4ff245990b9c,Omni Exports 1117,Business,Chemicals,Frankfurt,Frankfurt,Germany,2022-04-11,Active
52e082d6-2d07-4745-bdda-23a6ccfed9bf,Omni Exports 1118,Business,Automotive,Mumbai,Maharashtra,India,2024-06-18,Active
c5a86ef7-1ebe-4013-8fe0-21abac90f5a1,Prime Trading 1119,Business,Retail,Incheon,Incheon,South Korea,2018-11-23,Active
df63b33e-8a2a-4910-a4c8-702257d9b308,Vertex Trading 1120,Business,Food Processing,Rotterdam,Rotterdam,Netherlands,2024-01-17,Active
d3602fac-2509-44f8-9e5c-30023b8a5c89,Trident Industries 1121,Business,E-commerce,Rotterdam,Rotterdam,Netherlands,2019-10-20,Active
630caf3a-34f6-49d5-a47b-01408f8c05a8,Vertex Trading 1122,Business,Industrial Machinery,Shenzhen,Shenzhen,China,2018-06-16,Active
8e8f3aef-5166-439b-82dd-b180215636d7,Apex Exports 1123,Business,Textiles,Shanghai,Shanghai,China,2023-07-19,Active
9412aaa9-de08-4f25-91c8-e5cef851bc2c,Vertex Imports 1124,Business,FMCG,Singapore,Singapore,Singapore,2020-03-09,Active
51354cae-4b99-41f1-82e5-6c6084370d62,Zenith Industries 1125,Business,Industrial Machinery,Tokyo,Tokyo,Japan,2023-11-06,Active
f53a2479-2443-4cc5-9afc-558a97d07fe8,Apex Exports 1126,Individual,Pharma,Frankfurt,Frankfurt,Germany,2019-12-09,Inactive
6ecaaef2-1a0a-4d8a-96ff-0a5f99468f85,Omni Logistics 1127,Business,Retail,Osaka,Osaka,Japan,2020-03-13,Active
8655e553-628f-44cb-aa66-959ac5ccc573,Vertex Industries 1128,Business,Textiles,Guangzhou,Guangzhou,China,2021-03-06,Active
ed7a925e-6746-4865-90fa-583a15bae6a7,Trident Industries 1129,Business,Automotive,Delhi,West Bengal,India,2018-03-04,Active
03af083f-1794-479e-a0ee-cf95d2d8da53,Global Imports 1130,Business,FMCG,Houston,Houston,United States,2024-07-22,Active
8398c054-210d-41bc-88f6-c06684f900b6,Global Industries 1131,Business,Automotive,Hamburg,Hamburg,Germany,2021-01-20,Active
ac872180-d1de-45bf-a869-8170bf04d60f,Trident Exports 1132,Business,FMCG,Sharjah,Sharjah,UAE,2022-01-16,Active
25d91002-4ed6-4907-b12b-b914a8ee3c3f,Apex Industries 1133,Business,Food Processing,Hyderabad,Gujarat,India,2023-03-12,Inactive
593db7ac-c004-4d42-a7e9-73e5e998ef12,Trident Industries 1134,Business,Automotive,Houston,Houston,United States,2021-01-31,Active
677c7e25-afd4-4368-bd97-1accee2c2947,Zenith Industries 1135,Business,Pharma,Felixstowe,Felixstowe,United Kingdom,2019-01-21,Active
2a5ecc26-210b-4731-b9ad-9b51c237b2dc,Trident Trading 1136,Individual,Industrial Machinery,Singapore,Singapore,Singapore,2021-12-10,Active
6a1d65c4-c061-496f-bec7-05fa158152c3,Apex Trading 1137,Individual,Industrial Machinery,Hyderabad,Delhi,India,2021-10-19,Active
7abd9f96-bbe2-496b-bc5b-cc9ec49e0cc2,Prime Industries 1138,Business,E-commerce,Hamburg,Hamburg,Germany,2025-12-18,Active
8a7e46ce-e8fe-441e-af89-5b158cf050c9,Trident Logistics 1139,Business,E-commerce,Busan,Busan,South Korea,2023-05-29,Active
33081031-61de-4edf-9b14-cbff88d6f8d8,Trident Trading 1140,Individual,Retail,Singapore,Singapore,Singapore,2025-09-23,Active
5c3b0e3a-cc0e-4bee-a95c-103b8132a5cf,Nexa Industries 1141,Business,FMCG,Los Angeles,Los Angeles,United States,2025-01-27,Inactive
28fee1b1-20f0-4044-be96-c709ce98525b,Trident Trading 1142,Business,Industrial Machinery,Manchester,Manchester,United Kingdom,2022-06-10,Active
38ae78d6-48bd-4bc8-a78a-0ce40a6ae695,Trident Retail 1143,Business,Food Processing,Incheon,Incheon,South Korea,2025-09-17,Active
e63796f8-2285-47f3-b40b-e3fd08aaf54a,Zenith Trading 1144,Business,Retail,Amsterdam,Amsterdam,Netherlands,2021-02-05,Active
a5f3a29f-852a-401b-b4fe-8133e8cdcc0d,Prime Exports 1145,Business,Textiles,New York,New York,United States,2021-12-18,Active
2685b214-b934-464b-818c-fb370830b340,Prime Industries 1146,Business,Electronics,Manchester,Manchester,United Kingdom,2019-11-29,Active
bb6f9cd9-d86f-4b13-aa50-e763405b74a0,Trident Retail 1147,Business,E-commerce,Frankfurt,Frankfurt,Germany,2022-09-20,Active
f03bab2b-c43f-49f2-917f-d283b498c8f4,Omni Logistics 1148,Business,Automotive,Shanghai,Shanghai,China,2022-09-28,Active
f869ed31-0545-4a7b-ba4b-21c6a9c995a1,Omni Retail 1149,Business,Industrial Machinery,Osaka,Osaka,Japan,2025-05-07,Active
881df734-7232-49aa-9b63-618c3051b733,Vertex Trading 1150,Individual,Electronics,Felixstowe,Felixstowe,United Kingdom,2018-01-17,Active
5ba9e4a3-60d4-4a75-99cb-6aea68191057,Vertex Industries 1151,Business,Chemicals,Incheon,Incheon,South Korea,2019-02-24,Active
4a4cefed-3c44-414f-85ef-74f528eece39,Vertex Retail 1152,Business,Retail,Shenzhen,Shenzhen,China,2021-09-11,Active
97c89e21-81d3-4a61-8a00-3bb45c7504fb,Global Imports 1153,Individual,Chemicals,Guangzhou,Guangzhou,China,2025-05-12,Active
4b9d1cc4-8afe-4d44-b294-3e59fb76c7e4,Global Imports 1154,Business,Electronics,Frankfurt,Frankfurt,Germany,2018-02-08,Active
31312678-b130-4ee4-aeea-4cf8582ede39,Omni Logistics 1155,Business,Automotive,Mumbai,Karnataka,India,2021-02-17,Active
12920330-75a0-4279-942e-c84c93651ee2,Nexa Imports 1156,Business,Retail,Frankfurt,Frankfurt,Germany,2025-06-15,Active
b4f37b0b-2211-44e0-82f0-51c1c35a0836,Zenith Exports 1157,Business,Pharma,Hyderabad,Delhi,India,2018-02-12,Active
9c20e9fb-7d60-4eff-ba63-9865b9070506,Nexa Industries 1158,Business,E-commerce,Singapore,Singapore,Singapore,2023-11-16,Active
2021f949-87eb-40ed-a048-c67c778d56f1,Global Imports 1159,Business,Pharma,Incheon,Incheon,South Korea,2025-04-15,Active
4272f25b-3f6d-4050-9d29-7a5b02f14445,Nexa Logistics 1160,Business,Textiles,Felixstowe,Felixstowe,United Kingdom,2023-07-18,Active
fb4db469-3007-4079-9b5c-aceeb3e363bd,Trident Trading 1161,Business,Chemicals,Sharjah,Sharjah,UAE,2018-12-16,Active
31558cb5-bd4f-4eaa-8de5-2458a55bf8e8,Nexa Imports 1162,Business,Electronics,Osaka,Osaka,Japan,2021-04-25,Active
e9515728-4e7f-4468-bf7a-ef49fc995ad8,Vertex Exports 1163,Business,E-commerce,Chicago,Chicago,United States,2018-12-24,Active
707d109f-6c97-404a-b139-a8eb3ab68cf0,Zenith Logistics 1164,Business,FMCG,Rotterdam,Rotterdam,Netherlands,2019-05-24,Active
c74e16b1-a30a-40e3-8efa-d79d10ea0e48,Zenith Industries 1165,Business,FMCG,Guangzhou,Guangzhou,China,2021-08-25,Active
8979d2e1-e6a4-4c7c-83bc-dd46eefff6c6,Zenith Trading 1166,Business,FMCG,Amsterdam,Amsterdam,Netherlands,2024-11-27,Inactive
3c9097ae-62b3-4a3c-8536-d8d403b64da1,Nexa Exports 1167,Business,Pharma,Hamburg,Hamburg,Germany,2018-04-18,Active
ad0bc4c3-b872-4f36-bf6f-0c53408fde8a,Trident Logistics 1168,Business,FMCG,Frankfurt,Frankfurt,Germany,2022-09-12,Active
1b676b79-e0c2-43a7-9c73-5bea8d71dd73,Nexa Exports 1169,Business,FMCG,New York,New York,United States,2024-06-28,Active
62e820e9-964e-4bac-9516-6860f6c7145a,Prime Logistics 1170,Individual,Pharma,Shanghai,Shanghai,China,2025-10-12,Active
ce0a1b3e-938b-4af5-8e5f-4f4b4bbc3890,Nexa Trading 1171,Business,Automotive,Houston,Houston,United States,2025-01-16,Active
8e2957fa-d1e2-4a08-be93-b18302fa4e19,Nexa Exports 1172,Business,Chemicals,Amsterdam,Amsterdam,Netherlands,2025-10-04,Active
fe4e953c-779d-4801-ba1c-4b60f2149157,Nexa Exports 1173,Business,Industrial Machinery,Busan,Busan,South Korea,2024-09-04,Active
aebde637-418b-4a52-ae26-85c13dfa4e2a,Prime Trading 1174,Individual,Industrial Machinery,New York,New York,United States,2021-12-01,Active
d0486dd9-e44b-4cc3-94a4-0115dff80aac,Nexa Retail 1175,Business,E-commerce,Singapore,Singapore,Singapore,2020-08-18,Active
5a6447ce-7c6e-4ec6-bc9f-e81c55d1d3db,Zenith Industries 1176,Business,Textiles,Houston,Houston,United States,2019-04-20,Active
9e6b2811-0f94-4d5f-9e24-af5683acd4de,Apex Trading 1177,Business,Automotive,Rotterdam,Rotterdam,Netherlands,2023-05-11,Active
b0813df9-27d1-4e03-a173-58995c09ab54,Vertex Exports 1178,Business,Food Processing,Chicago,Chicago,United States,2024-07-06,Active
00b1bd6e-fe15-4844-939e-a08a55cc3e8f,Trident Trading 1179,Business,Textiles,Frankfurt,Frankfurt,Germany,2025-08-29,Active
dba6e75e-1d18-4e23-b625-865dae2ca8c8,Zenith Retail 1180,Individual,Food Processing,Chicago,Chicago,United States,2018-04-11,Inactive
7ead9173-2e51-4450-801b-78afca8ad3d0,Nexa Retail 1181,Business,FMCG,Rotterdam,Rotterdam,Netherlands,2019-11-28,Active
03c88879-e811-4e84-862f-f9604440c31c,Global Exports 1182,Business,Electronics,Amsterdam,Amsterdam,Netherlands,2024-01-28,Active
21b4b3d4-7fce-47e5-b8f7-fad0137737ba,Omni Imports 1183,Business,FMCG,Felixstowe,Felixstowe,United Kingdom,2022-10-14,Active
f43c9cf1-2d7c-4b48-8597-fabdcff52aca,Trident Trading 1184,Business,Retail,Abu Dhabi,Abu Dhabi,UAE,2018-10-31,Active
aa9a8bff-b5b4-4691-aeb2-143cb24c1ac6,Zenith Retail 1185,Individual,Electronics,Frankfurt,Frankfurt,Germany,2019-06-13,Active
98362e10-7cc3-4650-8e19-34462db13531,Nexa Exports 1186,Business,Textiles,Hamburg,Hamburg,Germany,2020-04-04,Active
10fbf334-cc1a-4984-8d1b-eb95f424de07,Nexa Trading 1187,Business,Pharma,Sharjah,Sharjah,UAE,2024-05-19,Active
f21fb09a-aedf-4c6c-a829-befc219f5dd9,Vertex Imports 1188,Business,Pharma,Ningbo,Ningbo,China,2020-04-20,Inactive
fb83e0f7-e98b-4f4d-84ab-4310813f0afe,Prime Industries 1189,Individual,Food Processing,London,London,United Kingdom,2022-08-23,Active
f2b1af92-2834-4e83-bc03-88aaaad8a363,Trident Industries 1190,Business,Pharma,Yokohama,Yokohama,Japan,2023-07-31,Active
80fc44f2-1ed2-416c-87c1-07b5228829f1,Prime Retail 1191,Business,Food Processing,Frankfurt,Frankfurt,Germany,2024-01-18,Active
e1af1236-9226-4359-86a0-62a5d4021ca3,Nexa Retail 1192,Individual,FMCG,Singapore,Singapore,Singapore,2020-08-30,Active
21d7fa15-bc27-43e8-a964-9ffc3dbd4779,Trident Imports 1193,Business,Automotive,Singapore,Singapore,Singapore,2024-11-02,Active
94abdfbd-e708-43ad-ac3a-6c8fb03d89b4,Trident Industries 1194,Individual,E-commerce,Seoul,Seoul,South Korea,2018-11-01,Active
2252d004-3494-4f8f-8bc9-905c285a361b,Vertex Industries 1195,Individual,Textiles,Guangzhou,Guangzhou,China,2023-08-13,Active
e7d9950b-6885-4644-aad9-e1eb81721b6e,Apex Retail 1196,Business,Industrial Machinery,Rotterdam,Rotterdam,Netherlands,2018-09-22,Active
4837c4e8-03a6-4bee-9ba5-191afbf2bb9e,Trident Trading 1197,Business,Chemicals,Amsterdam,Amsterdam,Netherlands,2020-12-12,Inactive
0ee20138-f0e3-436b-9237-d089a896d057,Trident Industries 1198,Business,Electronics,Singapore,Singapore,Singapore,2024-09-16,Active
3a2e47fa-a5e8-4897-8837-f5d54a68213c,Zenith Exports 1199,Business,E-commerce,Chicago,Chicago,United States,2019-03-12,Active
d79c829e-26fa-4bf1-99ce-e9bdf0716890,Omni Trading 1200,Individual,Food Processing,London,London,United Kingdom,2018-01-06,Active
c3f9de7d-a3b9-4965-b73e-3e6253d0f008,Trident Industries 1201,Business,FMCG,Ningbo,Ningbo,China,2025-12-13,Active
275fd7e3-89a4-4141-a979-5c7baa25fcd0,Apex Industries 1202,Business,FMCG,Hamburg,Hamburg,Germany,2024-03-29,Active
ce27dc4e-dc87-4f82-a052-b12698e216a6,Nexa Industries 1203,Business,Textiles,Chicago,Chicago,United States,2024-07-30,Active
e77f9d2f-9b14-461f-88d9-2fb2d3ad8f09,Prime Exports 1204,Business,Automotive,Frankfurt,Frankfurt,Germany,2021-07-05,Active
33610ce7-5574-4db4-a16f-0824f7a55d4f,Zenith Exports 1205,Business,Food Processing,Busan,Busan,South Korea,2018-02-08,Active
ab8932f8-709f-4967-abd0-f4d35668c0ad,Prime Industries 1206,Business,Industrial Machinery,Houston,Houston,United States,2020-04-30,Active
6ef1d363-e64e-47ad-83d5-ca3a2188e96b,Vertex Imports 1207,Business,Textiles,Kolkata,Gujarat,India,2024-05-23,Active
2f957e00-3ff3-4e03-b4cb-168dc3317e82,Zenith Industries 1208,Business,Pharma,Abu Dhabi,Abu Dhabi,UAE,2018-05-03,Inactive
a54cf96e-6b2c-466e-a678-121fde0ac831,Vertex Trading 1209,Business,Chemicals,London,London,United Kingdom,2024-03-22,Active
b4b05349-f3be-495e-9d8a-04390687890f,Trident Logistics 1210,Business,Industrial Machinery,Seoul,Seoul,South Korea,2022-01-10,Active
6d145bda-1a33-4eab-b41a-2fbffde50485,Omni Trading 1211,Business,Automotive,Hamburg,Hamburg,Germany,2025-01-06,Inactive
c758ba63-9d4b-40a6-8e32-b9f8a77471e3,Vertex Retail 1212,Business,Textiles,Manchester,Manchester,United Kingdom,2018-04-03,Active
b2033483-3a44-47f0-a3d4-ef7906ff187d,Trident Exports 1213,Business,Retail,Frankfurt,Frankfurt,Germany,2019-02-03,Active
e0559f59-da2d-40d4-8467-58ffe607474c,Trident Retail 1214,Business,E-commerce,Chicago,Chicago,United States,2019-03-17,Active
07b71829-8e2c-4382-8d0f-c8627a7120ab,Global Industries 1215,Business,Industrial Machinery,Sharjah,Sharjah,UAE,2024-07-11,Inactive
4408c333-48c9-4fd7-8885-e4fcb48bb0fc,Trident Logistics 1216,Business,FMCG,Hyderabad,West Bengal,India,2024-01-30,Active
3c59b54f-a04f-4b89-a796-157e634ce0d5,Prime Industries 1217,Business,Pharma,Busan,Busan,South Korea,2022-09-24,Active
bb809bcb-ff72-416d-b269-d2ae2220f975,Global Imports 1218,Business,Chemicals,Los Angeles,Los Angeles,United States,2020-01-06,Active
ee92ced5-333d-4f78-8d2a-d644d170d5c5,Vertex Imports 1219,Business,Textiles,Yokohama,Yokohama,Japan,2019-07-07,Active
7c0d3c1f-a29c-4ad0-b7f8-bfa53706fb91,Prime Retail 1220,Business,Chemicals,Incheon,Incheon,South Korea,2024-09-06,Active
30ec01f5-5640-4f8c-adda-a890ecc207f7,Nexa Logistics 1221,Business,Pharma,Incheon,Incheon,South Korea,2022-05-29,Active
a07a83b1-c180-4efb-b7a7-ea10a91592e7,Trident Trading 1222,Individual,Food Processing,London,London,United Kingdom,2022-03-19,Active
bd7d0c67-3f7f-4318-b2b9-35289c488834,Zenith Trading 1223,Business,Pharma,Frankfurt,Frankfurt,Germany,2018-12-09,Active
4ec8c985-eea8-4665-b1f6-12696dd1c0ab,Omni Exports 1224,Individual,Chemicals,Los Angeles,Los Angeles,United States,2019-12-13,Active
c435789f-e65e-44e6-918e-dc2296a70cd0,Zenith Imports 1225,Business,Electronics,Tokyo,Tokyo,Japan,2025-09-21,Active
1068c695-4049-481a-9896-f358183629d3,Trident Logistics 1226,Individual,Food Processing,Amsterdam,Amsterdam,Netherlands,2020-06-28,Active
22c49056-25bd-4a18-b648-6091e29a981e,Zenith Industries 1227,Business,Electronics,Mumbai,Delhi,India,2021-07-25,Active
fdf45cf1-79a1-4e6a-83f2-814a67ea39fa,Vertex Industries 1228,Business,Automotive,Tokyo,Tokyo,Japan,2022-10-21,Inactive
f64c7028-dfd1-499c-86f3-b63ac6cbbb67,Trident Retail 1229,Business,FMCG,Chicago,Chicago,United States,2019-08-30,Active
2abc2ed0-c187-4c43-8b4b-85783e907eee,Trident Exports 1230,Business,Electronics,Bengaluru,Telangana,India,2025-12-25,Active
694dd2a6-57a8-40b5-9159-ba55e04146ca,Global Exports 1231,Business,Retail,Dubai,Dubai,UAE,2024-06-12,Active
deff3fd6-9a51-4fd7-851e-7464c5d68e2b,Zenith Imports 1232,Business,FMCG,Kolkata,Gujarat,India,2023-11-04,Active
72808c53-1a56-423f-990f-ecefd7d6f1e5,Apex Imports 1233,Business,Automotive,Shanghai,Shanghai,China,2021-12-10,Active
a988c806-deee-4113-a516-3600a15a6888,Zenith Exports 1234,Individual,Pharma,Felixstowe,Felixstowe,United Kingdom,2022-07-23,Active
af86f31a-7aa6-46fd-870d-a204555c1fd2,Apex Retail 1235,Business,Pharma,Busan,Busan,South Korea,2019-12-09,Active
27d1ab62-e02d-4587-90f9-e6e13ea6ae76,Global Trading 1236,Business,Retail,Sharjah,Sharjah,UAE,2024-08-05,Active
4e63a7b2-13bf-408e-9f62-6d6fea49eb4f,Trident Logistics 1237,Business,Textiles,Rotterdam,Rotterdam,Netherlands,2019-10-14,Active
5f782803-75ca-4c6a-8b3b-084fad30c284,Global Industries 1238,Business,Electronics,New York,New York,United States,2019-07-06,Active
2c38accf-ee89-4d3a-9439-f873a4071c7f,Prime Logistics 1239,Business,Pharma,Chicago,Chicago,United States,2021-03-22,Active
bd2a8130-86e6-417c-a2a3-cfb964ac84f1,Apex Logistics 1240,Business,Chemicals,Manchester,Manchester,United Kingdom,2023-01-05,Active
4a7b3ce6-f9de-4dd2-8d68-73fdec6704ae,Omni Imports 1241,Business,E-commerce,Chicago,Chicago,United States,2021-10-22,Active
ab194ddb-cdb4-44db-8ba9-1320bc6c54f3,Apex Imports 1242,Business,Chemicals,Rotterdam,Rotterdam,Netherlands,2021-02-08,Active
96e142ba-99fd-4ff1-a26d-349083f3cd70,Global Trading 1243,Business,FMCG,Singapore,Singapore,Singapore,2025-10-24,Active
e4df8ce9-bb10-4868-a9b9-35aff6970595,Vertex Exports 1244,Individual,Pharma,Chicago,Chicago,United States,2024-03-01,Active
8ceafb72-7202-4216-bfa2-3194ad1bd654,Global Trading 1245,Business,Food Processing,Rotterdam,Rotterdam,Netherlands,2020-03-31,Active
c44f720a-4320-4b4b-85d2-6bd8d167d0d7,Vertex Logistics 1246,Business,E-commerce,Frankfurt,Frankfurt,Germany,2018-06-26,Active
b8e41dbb-4198-4409-9d21-ff4f5119e8da,Nexa Imports 1247,Business,Electronics,Incheon,Incheon,South Korea,2018-09-30,Active
cb853230-611f-4f0f-9f07-db20d6ab9c83,Prime Exports 1248,Individual,Electronics,Kolkata,Tamil Nadu,India,2022-04-29,Active
0d1ade77-1517-4a1c-8028-fed3294bf7f0,Apex Trading 1249,Business,FMCG,Busan,Busan,South Korea,2024-09-11,Inactive
bd0b8bd2-c90b-4b7b-9fab-54353b3e6972,Prime Retail 1250,Individual,Automotive,Delhi,Maharashtra,India,2022-10-04,Active
f85b93c5-757e-4a76-95f9-e8ce02ab6720,Global Logistics 1251,Individual,FMCG,Frankfurt,Frankfurt,Germany,2025-12-23,Active
43e6013f-aff8-4a24-81b6-0c940c1c0650,Apex Exports 1252,Business,FMCG,Dubai,Dubai,UAE,2021-06-17,Inactive
56c20224-a4a5-4284-8b88-90fe4f850725,Global Trading 1253,Business,Chemicals,Incheon,Incheon,South Korea,2018-03-11,Active
081bb271-12b0-4e7a-871b-c9eddbec6b5f,Prime Logistics 1254,Business,Food Processing,Abu Dhabi,Abu Dhabi,UAE,2020-06-20,Active
e22c2d4f-11dc-4ce5-8fc9-1bf74a7b69be,Vertex Exports 1255,Business,Chemicals,Shanghai,Shanghai,China,2023-04-29,Active
b903a467-2562-419e-be77-322a84952da7,Nexa Imports 1256,Business,Retail,Singapore,Singapore,Singapore,2019-01-23,Active
52b2b6aa-5593-45f1-9c14-2f6951b5bc7c,Apex Exports 1257,Business,Industrial Machinery,Shanghai,Shanghai,China,2024-05-09,Active
b0a6c695-75f9-402b-bd34-2846a523a137,Trident Retail 1258,Business,Electronics,Incheon,Incheon,South Korea,2025-05-31,Active
cf70c7cc-8cd8-4428-ac5b-182ae20eb715,Apex Retail 1259,Business,Industrial Machinery,New York,New York,United States,2019-02-03,Active
354b05f4-da67-49da-9a6d-d51481723aac,Trident Imports 1260,Business,E-commerce,Ningbo,Ningbo,China,2021-02-25,Active
9186c9a7-4a48-4aa4-9e3b-d335b787ada4,Apex Imports 1261,Business,E-commerce,Manchester,Manchester,United Kingdom,2018-02-08,Active
cb3bd32d-f027-453b-b5b2-68e28ec3dca8,Nexa Industries 1262,Business,Chemicals,Guangzhou,Guangzhou,China,2018-08-29,Active
a9aab73d-1253-42f4-8133-b08a5d7ed5a6,Global Imports 1263,Business,Electronics,Incheon,Incheon,South Korea,2024-11-24,Active
6be7d0e4-1bd4-4c75-9a46-a0a686eac97f,Trident Logistics 1264,Business,Automotive,Chicago,Chicago,United States,2025-01-16,Inactive
1055d1bd-a377-4dac-91ac-17097baf8cd1,Apex Industries 1265,Business,Automotive,Amsterdam,Amsterdam,Netherlands,2022-12-07,Active
4c41d44e-8859-45cd-85bc-8d12d50c1247,Trident Exports 1266,Business,Retail,Abu Dhabi,Abu Dhabi,UAE,2023-08-22,Active
5bfc0882-d92a-4a1d-b0ae-4a93e9ffec44,Global Retail 1267,Business,Retail,Singapore,Singapore,Singapore,2025-06-17,Inactive
0df9d68b-fdc7-4959-b45a-d92ee1ba55bf,Omni Retail 1268,Business,Chemicals,Manchester,Manchester,United Kingdom,2023-10-28,Active
acb9fcf5-e7a6-4c22-923e-c01903918e43,Zenith Imports 1269,Business,Pharma,Shanghai,Shanghai,China,2022-08-19,Active
8b4ad2d9-ca12-4afa-bb7a-6c141ed8c7e5,Omni Industries 1270,Business,Chemicals,Bengaluru,Delhi,India,2022-04-18,Active
7391ff9d-0ef6-41e0-994e-d0341f7414c5,Vertex Retail 1271,Business,Textiles,Rotterdam,Rotterdam,Netherlands,2025-02-22,Active
f20bbf0e-e38b-438c-9d0f-b9a94ce536b0,Prime Retail 1272,Business,Pharma,Guangzhou,Guangzhou,China,2025-08-31,Inactive
adf9e94b-ed9f-4b09-ad53-b503d20f1b36,Trident Industries 1273,Business,Pharma,Singapore,Singapore,Singapore,2022-08-08,Active
04843dc1-88a4-45c9-a1bf-4c2f0c88d740,Vertex Trading 1274,Business,Electronics,Hamburg,Hamburg,Germany,2018-11-13,Active
ea721cef-a2ee-472a-bc18-300fc65ad704,Trident Industries 1275,Individual,FMCG,Amsterdam,Amsterdam,Netherlands,2023-12-13,Active
8dbede80-7e05-4bce-b2eb-14bed5a2e705,Trident Imports 1276,Business,Industrial Machinery,Los Angeles,Los Angeles,United States,2018-10-31,Active
9b73c9d3-b5d1-4d44-8c1f-06965a86fc53,Global Logistics 1277,Business,Food Processing,Sharjah,Sharjah,UAE,2020-05-01,Active
ce146553-548f-4306-b5c0-1fc33ea1a651,Zenith Trading 1278,Business,Retail,Abu Dhabi,Abu Dhabi,UAE,2021-08-23,Active
a21dbe85-c668-4bc0-be51-73b5e714fb2f,Global Imports 1279,Business,FMCG,New York,New York,United States,2019-03-19,Active
9edb899d-991e-4148-8464-76c1137d66b2,Prime Exports 1280,Business,Industrial Machinery,Bremen,Bremen,Germany,2018-11-30,Inactive
3dd46581-0086-4cb2-afd2-462414b4ad1c,Vertex Imports 1281,Business,Electronics,Singapore,Singapore,Singapore,2019-07-11,Active
747f9955-0ef6-40ee-8746-b1a554a38b5c,Trident Trading 1282,Business,Electronics,Shanghai,Shanghai,China,2025-06-13,Active
e6f0f9c3-24c0-4496-8e94-e44adfd98970,Nexa Industries 1283,Business,E-commerce,Chicago,Chicago,United States,2023-08-10,Active
bf96c396-ef0b-4434-84b3-739f82b2d374,Prime Logistics 1284,Individual,Chemicals,Singapore,Singapore,Singapore,2021-06-27,Inactive
ee1afaaa-1084-4253-b2cf-514a85551676,Prime Imports 1285,Business,Chemicals,Seoul,Seoul,South Korea,2020-08-31,Active
e18666c3-e2b1-4e29-bc2e-31ed86de180b,Omni Imports 1286,Individual,Electronics,Yokohama,Yokohama,Japan,2024-12-02,Active
4de0e218-19ff-4d05-9b08-10fc3b201ed6,Omni Industries 1287,Business,Chemicals,Chicago,Chicago,United States,2024-04-23,Active
7527701d-0641-4c3c-94bc-4d6454a44aab,Nexa Industries 1288,Business,Electronics,Felixstowe,Felixstowe,United Kingdom,2022-07-21,Active
fa1342d2-c508-41a3-90fb-91ee9ce3149b,Vertex Industries 1289,Business,FMCG,Osaka,Osaka,Japan,2019-10-25,Active
8eb98225-df1c-46d0-958f-e3f675c74e8b,Vertex Retail 1290,Business,Retail,Yokohama,Yokohama,Japan,2019-09-12,Active
eee58354-e0de-431e-b0aa-b0acb8254fe6,Nexa Exports 1291,Business,Chemicals,Singapore,Singapore,Singapore,2019-12-22,Active
322ebfa2-ed1e-4cf4-811f-71c193eb3dc8,Vertex Exports 1292,Business,Chemicals,Busan,Busan,South Korea,2020-12-27,Active
04b2af4e-41db-4bda-b747-65e63e58fca3,Global Imports 1293,Business,Electronics,Seoul,Seoul,South Korea,2019-08-31,Active
0bff5078-19b2-4034-8184-17d9e481797f,Nexa Trading 1294,Individual,Chemicals,Incheon,Incheon,South Korea,2018-04-21,Active
a2bc816b-0a48-46bd-a6bc-ae4d74c4b2e8,Trident Trading 1295,Individual,E-commerce,Bengaluru,Telangana,India,2020-08-24,Active
c7eb341b-0d0c-4ffd-8c05-c87b79f590e9,Apex Trading 1296,Business,Industrial Machinery,Bengaluru,Karnataka,India,2021-07-21,Active
92d13599-79ef-4751-8122-0d7695fa1fe2,Omni Retail 1297,Business,Food Processing,Hamburg,Hamburg,Germany,2021-07-26,Active
d3680ac0-e498-4a92-a042-94caa285b02c,Prime Exports 1298,Business,Pharma,Amsterdam,Amsterdam,Netherlands,2020-11-10,Active
3b1eb54b-7c0d-4f50-bee7-c3ed4a90a468,Nexa Imports 1299,Business,Retail,Dubai,Dubai,UAE,2023-01-26,Inactive
d250a7a0-8d40-4352-b5d8-a45943f97797,Global Retail 1300,Business,Industrial Machinery,Hyderabad,Karnataka,India,2018-05-25,Active
699065f4-ff3b-42ef-b45f-300a94947cea,Nexa Trading 1301,Business,Textiles,London,London,United Kingdom,2018-05-13,Inactive
6b73b1e6-7769-4288-8ca2-907e7828e715,Vertex Imports 1302,Individual,Electronics,Guangzhou,Guangzhou,China,2022-03-23,Active
54b81f50-714e-45de-b257-63c615fc9314,Global Retail 1303,Business,Industrial Machinery,Manchester,Manchester,United Kingdom,2024-05-01,Active
6ebb5724-1f60-4a59-9ae2-28b027672bae,Omni Logistics 1304,Business,Retail,Amsterdam,Amsterdam,Netherlands,2025-01-28,Active
054ad9b1-c885-407a-863d-629520e76340,Global Logistics 1305,Business,Food Processing,Dubai,Dubai,UAE,2020-11-20,Active
2edcb29c-409f-4065-9337-d881565d8073,Vertex Trading 1306,Business,FMCG,Ningbo,Ningbo,China,2018-06-24,Active
051d452b-eacd-4f3d-8cdc-acf214c6e260,Trident Trading 1307,Business,Textiles,Rotterdam,Rotterdam,Netherlands,2024-08-15,Active
5cb99e1f-cb7b-44de-a064-dca36c7d65d3,Apex Exports 1308,Business,Chemicals,Chicago,Chicago,United States,2022-08-30,Active
88dc6ac5-fe8b-4fb4-a206-0f4a21651785,Nexa Trading 1309,Business,Electronics,New York,New York,United States,2022-06-05,Active
6d80fa99-37ac-4a0e-9288-0760ec43505b,Nexa Exports 1310,Business,Pharma,Bengaluru,Gujarat,India,2018-01-21,Active
3e582251-ca60-4bfb-b10a-7194331bce0b,Trident Imports 1311,Business,Pharma,Frankfurt,Frankfurt,Germany,2021-07-04,Active
85ed767d-f75c-4fc0-87f6-5710c3b62438,Vertex Exports 1312,Business,Retail,Singapore,Singapore,Singapore,2023-06-05,Active
a323cb03-8260-47e9-87c4-8d6ec2b4c2b5,Apex Industries 1313,Business,Pharma,Singapore,Singapore,Singapore,2022-12-31,Active
c79e5df0-3fc3-4d10-8b1b-5fab8cb27a15,Zenith Trading 1314,Individual,FMCG,Osaka,Osaka,Japan,2019-10-29,Active
52041919-a227-432a-ba61-20f41bcfe58a,Global Retail 1315,Business,E-commerce,Frankfurt,Frankfurt,Germany,2021-09-10,Active
0f471415-25ae-4264-9e88-00cc18d6ea7f,Zenith Imports 1316,Business,Retail,Amsterdam,Amsterdam,Netherlands,2025-05-23,Active
338fcb65-09b5-4583-9ba3-0b1e7e8de180,Nexa Logistics 1317,Business,Food Processing,Busan,Busan,South Korea,2024-02-05,Active
8f580fe4-d4d9-4618-9e83-c5c4e5e185dc,Trident Logistics 1318,Business,FMCG,Felixstowe,Felixstowe,United Kingdom,2020-08-26,Active
1f1199e4-5085-4f62-a725-d6f02c1baa0e,Zenith Industries 1319,Business,Automotive,Los Angeles,Los Angeles,United States,2020-07-18,Active
567e9314-f11d-4b8a-a077-56515fd8df81,Apex Logistics 1320,Business,Industrial Machinery,Dubai,Dubai,UAE,2020-02-13,Active
fee73b66-a5c3-414f-b195-49edc8ad657f,Prime Industries 1321,Business,Automotive,Osaka,Osaka,Japan,2022-12-18,Active
ab169202-7927-47d0-9fde-54338c0b1899,Apex Retail 1322,Business,Industrial Machinery,Kolkata,Tamil Nadu,India,2018-10-05,Inactive
2be788c6-3fdf-4a36-a840-565eca961e8e,Global Imports 1323,Business,Retail,Los Angeles,Los Angeles,United States,2023-08-23,Active
f33c57ea-a053-4cca-8bb1-e85d2ef77b7c,Omni Imports 1324,Business,Industrial Machinery,London,London,United Kingdom,2024-05-07,Active
4037c16f-aaa7-47f3-aee2-15e7c93a0941,Apex Retail 1325,Business,Textiles,Incheon,Incheon,South Korea,2019-06-17,Active
267c4b65-1ce8-422f-9b7a-a041ea2ddb42,Vertex Retail 1326,Business,Pharma,Singapore,Singapore,Singapore,2025-04-03,Active
e11e1c29-8f69-4df6-8cc2-11fb869ffac7,Prime Exports 1327,Business,Electronics,Shenzhen,Shenzhen,China,2023-12-26,Active
79ee37e0-9c54-4e95-87c0-eabe4ac26d45,Global Trading 1328,Business,Retail,Bremen,Bremen,Germany,2021-06-18,Active
8e1bab10-2f02-4052-8c86-36a2dfd1b97c,Trident Exports 1329,Individual,Industrial Machinery,Felixstowe,Felixstowe,United Kingdom,2023-09-23,Active
543ae4e9-4931-400c-93b5-ff4a3c65fff4,Apex Industries 1330,Business,Electronics,Ahmedabad,Tamil Nadu,India,2021-06-06,Active
ac05660b-c4a7-4028-8461-883fb0921d1e,Trident Retail 1331,Individual,Industrial Machinery,Manchester,Manchester,United Kingdom,2020-06-06,Active
241a8264-2f64-4cd2-a50e-0fc107c0875e,Zenith Logistics 1332,Business,Textiles,Dubai,Dubai,UAE,2025-11-14,Active
4b3d7bc6-dbc2-4ed0-8ad8-aaa1ddb41547,Trident Exports 1333,Individual,Electronics,Dubai,Dubai,UAE,2025-06-28,Active
d178066a-dd8d-4a43-af3e-411afbc33eaf,Zenith Exports 1334,Business,Pharma,London,London,United Kingdom,2019-12-01,Active
d28074e6-e15d-4211-80d2-d2387aa2a083,Prime Industries 1335,Business,Pharma,Seoul,Seoul,South Korea,2020-12-01,Active
eaa0ba31-2c32-4090-a333-7684cb8a9a12,Zenith Retail 1336,Business,Pharma,Sharjah,Sharjah,UAE,2024-03-07,Active
f2b3f7eb-42c8-4bc3-a0e6-37dbc7ce4577,Nexa Retail 1337,Business,Chemicals,Shenzhen,Shenzhen,China,2023-05-12,Active
93564a3e-4558-4d06-9c7f-75fcb1d853f0,Nexa Logistics 1338,Business,Textiles,Felixstowe,Felixstowe,United Kingdom,2021-07-25,Active
36dca450-e9d8-439d-b50c-08d753ec0c37,Global Imports 1339,Business,FMCG,Incheon,Incheon,South Korea,2022-08-25,Active
b289ba89-e0bd-4794-ba7c-3098dcfd97c3,Omni Trading 1340,Business,Retail,Amsterdam,Amsterdam,Netherlands,2023-08-19,Active
96acd754-f3c9-47d5-b278-04dfadffe35d,Nexa Logistics 1341,Business,Industrial Machinery,Singapore,Singapore,Singapore,2022-12-08,Active
3ce246d1-ff85-4266-a481-f6ff306221cb,Vertex Imports 1342,Business,Pharma,Guangzhou,Guangzhou,China,2019-02-16,Active
3d1026fb-90f3-4728-888a-befc69a73a43,Zenith Trading 1343,Business,Automotive,Manchester,Manchester,United Kingdom,2024-02-11,Active
3fa46ec1-985e-4a26-be41-329bbb4b2c31,Prime Trading 1344,Business,Electronics,Hamburg,Hamburg,Germany,2019-12-28,Active
d153e7c6-9ba4-49d1-ac8b-ca778f0fe3f8,Global Imports 1345,Business,Automotive,Bengaluru,Karnataka,India,2020-04-07,Active
42c69423-830e-482e-a463-c3599970fd7e,Vertex Imports 1346,Business,FMCG,Amsterdam,Amsterdam,Netherlands,2025-07-22,Active
741855f3-7558-427c-81e2-f5544b416544,Omni Trading 1347,Business,Industrial Machinery,Ahmedabad,Gujarat,India,2021-01-07,Active
0064f7f1-50da-4ad0-8b23-4573c59e219c,Global Imports 1348,Business,Pharma,Felixstowe,Felixstowe,United Kingdom,2021-03-08,Active
eabd016e-1905-4b61-8e56-718d18682d55,Global Exports 1349,Business,Chemicals,Yokohama,Yokohama,Japan,2022-06-19,Active
6f66a59c-cf41-4659-8ccf-671775cffd8f,Global Logistics 1350,Business,FMCG,Incheon,Incheon,South Korea,2023-02-19,Active
fe781f62-ba89-48e4-b661-1dd3e935736b,Apex Retail 1351,Business,Automotive,Manchester,Manchester,United Kingdom,2022-08-25,Active
3a6db709-084a-48dc-8012-5702230e01cd,Zenith Industries 1352,Business,Industrial Machinery,Sharjah,Sharjah,UAE,2023-03-07,Active
e27259b3-6e96-48b4-b6c7-f8aa31c6d678,Omni Industries 1353,Business,Retail,Dubai,Dubai,UAE,2025-12-06,Active
0ab37a1e-cf76-41a7-9e16-1ace7b78009b,Global Exports 1354,Business,Textiles,Felixstowe,Felixstowe,United Kingdom,2019-08-28,Active
c28c006a-fbaa-49bf-96cd-232ed04f10e1,Vertex Exports 1355,Individual,Food Processing,London,London,United Kingdom,2020-07-01,Active
9f37664a-1651-442f-be17-db2b45b8ea39,Trident Industries 1356,Business,Pharma,Shenzhen,Shenzhen,China,2018-08-30,Active
1f0a75ea-724b-4a9d-b6bd-71544c107af4,Nexa Trading 1357,Business,Automotive,Guangzhou,Guangzhou,China,2023-03-18,Active
eda3909d-1b27-44df-9ae7-d73ea6b3026e,Vertex Trading 1358,Business,Automotive,Rotterdam,Rotterdam,Netherlands,2024-04-17,Active
eb4ec301-6f68-46e8-bff9-09777a98cb5e,Zenith Exports 1359,Business,Textiles,Abu Dhabi,Abu Dhabi,UAE,2018-10-17,Active
341e7734-d90a-49b1-aebb-2494bee75f94,Nexa Industries 1360,Business,Food Processing,Amsterdam,Amsterdam,Netherlands,2021-04-08,Inactive
015e07a8-2130-4ec0-b009-098a40f743fc,Omni Logistics 1361,Business,Chemicals,Osaka,Osaka,Japan,2025-04-29,Active
fed1f412-23ad-45c4-986b-fe01d3f39962,Global Logistics 1362,Business,E-commerce,Amsterdam,Amsterdam,Netherlands,2019-10-02,Active
9f7c10ce-b378-4adf-85e1-c9a8ef8ead6a,Omni Imports 1363,Business,E-commerce,Dubai,Dubai,UAE,2018-09-23,Active
5a216823-29f0-4122-93a7-e4fba5dda8cb,Zenith Retail 1364,Business,Retail,Dubai,Dubai,UAE,2023-07-28,Active
13041fac-75a3-4555-a2d1-e5799e32e472,Omni Retail 1365,Business,Textiles,Sharjah,Sharjah,UAE,2018-06-08,Active
cd454fb2-dc50-4612-85ca-45fb9defc111,Nexa Logistics 1366,Business,Automotive,Hyderabad,West Bengal,India,2021-10-04,Active
413f0ce1-c658-49d4-b0ac-a928c91b3e9b,Apex Retail 1367,Business,Electronics,Guangzhou,Guangzhou,China,2021-03-01,Active
76c742d2-ba98-4575-b319-840480cc1bb6,Apex Industries 1368,Business,Automotive,Manchester,Manchester,United Kingdom,2019-03-26,Inactive
1203c63a-11bc-46c1-b9c2-88db80964f04,Prime Imports 1369,Business,FMCG,Frankfurt,Frankfurt,Germany,2021-06-23,Active
3f515c9d-dbc4-44a4-94be-80f9bad8db3b,Prime Retail 1370,Business,FMCG,Dubai,Dubai,UAE,2019-02-23,Active
605ec458-0c18-4785-9d7e-c4e83a983547,Omni Retail 1371,Individual,Electronics,Ningbo,Ningbo,China,2022-01-23,Active
db4cb0ec-c0f4-4e4c-9e8a-754c703c330e,Prime Industries 1372,Business,Food Processing,Ningbo,Ningbo,China,2025-10-02,Active
d2855a70-84d5-4aaa-86c2-40adb460a6bb,Trident Trading 1373,Business,Industrial Machinery,Singapore,Singapore,Singapore,2018-06-05,Active
b02cb10b-7285-4e2f-a668-08053ad16bff,Vertex Imports 1374,Business,Pharma,Sharjah,Sharjah,UAE,2021-09-03,Active
3672bee4-5fd7-449b-9da6-ac1e57cb32a2,Global Exports 1375,Business,Food Processing,London,London,United Kingdom,2020-08-20,Active
78f4ba04-c1e8-48af-983f-d2771af2799b,Omni Logistics 1376,Business,Retail,Shanghai,Shanghai,China,2021-05-05,Active
58e1389a-c484-45c8-b2c6-18c2334b4ff8,Nexa Exports 1377,Individual,Textiles,Amsterdam,Amsterdam,Netherlands,2023-05-24,Active
d07e34f4-4183-4738-8381-96d40c55404e,Trident Imports 1378,Individual,Food Processing,Singapore,Singapore,Singapore,2021-06-18,Active
4686b501-972f-4aa1-b259-23ef657f6121,Omni Exports 1379,Business,E-commerce,Frankfurt,Frankfurt,Germany,2018-12-01,Active
29829b1b-9772-4c92-a0da-e0970730ee09,Zenith Trading 1380,Business,Electronics,Houston,Houston,United States,2022-12-27,Active
e0f1d6b3-f05b-4bb9-8699-a56361cab11e,Prime Imports 1381,Business,FMCG,Chicago,Chicago,United States,2018-05-31,Inactive
cd564553-c72e-4c95-b409-1ac6fb4cd25b,Nexa Imports 1382,Business,Textiles,Delhi,Delhi,India,2018-11-15,Active
a33bcafb-aa32-48b8-9dfe-030124ecea7a,Prime Trading 1383,Business,Pharma,Felixstowe,Felixstowe,United Kingdom,2025-09-25,Active
4aac8a77-eaf0-4dc2-9bea-6276a85fe26c,Omni Retail 1384,Business,Electronics,Osaka,Osaka,Japan,2023-09-10,Active
80c5fdea-7fa4-4e42-9be0-b9da9cf80188,Vertex Industries 1385,Business,Pharma,Houston,Houston,United States,2025-05-17,Active
7bee5a16-e3cf-49e4-9759-2124249462d6,Prime Trading 1386,Individual,Retail,Mumbai,Delhi,India,2019-12-01,Active
8c69d8c5-3a52-43ab-be34-f5efd058535d,Global Retail 1387,Business,Electronics,Dubai,Dubai,UAE,2025-02-08,Active
fdeba4c9-bf8d-4797-9794-456ffa72075a,Trident Imports 1388,Business,Automotive,London,London,United Kingdom,2023-05-01,Active
b8a9e0a5-f2b7-46bc-b939-f02fe2bb7a4f,Omni Industries 1389,Business,Retail,Yokohama,Yokohama,Japan,2024-06-28,Active
e697a9e7-fd28-4707-8a87-d59940dbec28,Vertex Imports 1390,Business,Chemicals,Incheon,Incheon,South Korea,2021-02-23,Active
e2f6c2bc-83d3-4d5c-b12e-ee412460c92b,Vertex Retail 1391,Individual,Retail,Houston,Houston,United States,2022-06-26,Active
e911a97d-09cc-4ba6-a944-03db90f69d1b,Vertex Trading 1392,Business,Textiles,Incheon,Incheon,South Korea,2018-09-17,Active
5f1636db-1821-49c2-92b7-d38aa6f18516,Global Industries 1393,Business,Pharma,Rotterdam,Rotterdam,Netherlands,2019-02-10,Active
5618a744-4b8f-43ce-b1b4-2c29f16dc4ba,Trident Trading 1394,Business,Textiles,Bengaluru,West Bengal,India,2024-04-18,Active
573a90a5-005c-44c3-a4fc-3ffee6607089,Trident Imports 1395,Business,Chemicals,Dubai,Dubai,UAE,2019-03-23,Inactive
11051fda-995a-4dca-b8fe-aca5c23d5493,Vertex Imports 1396,Individual,Chemicals,Bremen,Bremen,Germany,2021-11-09,Active
39fc773c-fb5d-4b4a-bec7-50d411069991,Nexa Imports 1397,Individual,Food Processing,Singapore,Singapore,Singapore,2019-11-15,Active
63884f99-1516-4219-ae3d-8323cfabdbff,Trident Trading 1398,Business,E-commerce,Los Angeles,Los Angeles,United States,2024-12-12,Active
9472a008-1508-4ade-a65c-7b5600fd5d8f,Prime Logistics 1399,Business,Electronics,London,London,United Kingdom,2018-10-17,Active
2bb88d94-5892-48e8-a2a5-e7ba0d7f8ca8,Apex Industries 1400,Business,Textiles,Amsterdam,Amsterdam,Netherlands,2025-01-23,Active
55c04bc3-ed7e-4616-bc4d-ae6733ef0c45,Apex Trading 1401,Business,Automotive,Frankfurt,Frankfurt,Germany,2025-08-24,Active
69d71c1f-b193-4909-9511-a2608dc8dcf2,Nexa Logistics 1402,Individual,Textiles,Frankfurt,Frankfurt,Germany,2020-04-22,Active
b9fac28c-74d4-4166-a74f-a96ee274f918,Global Retail 1403,Business,E-commerce,New York,New York,United States,2024-05-01,Active
1c900f88-7794-4a64-ae4a-443de15fab3c,Prime Trading 1404,Business,E-commerce,Dubai,Dubai,UAE,2018-04-05,Active
750afe86-9fef-4cae-8317-7b45640ccb83,Apex Trading 1405,Business,Electronics,Chennai,Maharashtra,India,2023-08-31,Active
f91e1534-64cd-4e05-822d-14cc32359b93,Trident Retail 1406,Business,Retail,Osaka,Osaka,Japan,2021-10-26,Active
c2ca4783-45b4-445a-af58-7625a5a6ac47,Zenith Retail 1407,Business,E-commerce,Amsterdam,Amsterdam,Netherlands,2019-05-17,Active
348a9258-0b1f-4d5f-b4e4-235246bdad66,Omni Logistics 1408,Business,Electronics,Yokohama,Yokohama,Japan,2024-11-04,Active
83f29717-b67d-4218-9548-17422ecd58c7,Vertex Exports 1409,Business,Textiles,Kolkata,Telangana,India,2025-09-13,Active
923a0ff4-1b0b-4de3-9dc4-5da5e1298aab,Trident Imports 1410,Business,Industrial Machinery,Hamburg,Hamburg,Germany,2021-01-24,Active
a90f733d-e6de-4751-8b68-94fca53c77a6,Nexa Exports 1411,Business,Industrial Machinery,Shanghai,Shanghai,China,2018-12-07,Active
84f9bbf9-2964-4c0e-b4d2-b8910e581d69,Apex Industries 1412,Business,FMCG,Seoul,Seoul,South Korea,2019-05-28,Active
833a5970-d80e-46f3-a365-a3ad584f9dcb,Prime Exports 1413,Business,FMCG,Seoul,Seoul,South Korea,2018-05-24,Active
4d1927bd-6baa-458c-8c0f-37a501b643b7,Global Industries 1414,Individual,Industrial Machinery,Manchester,Manchester,United Kingdom,2025-04-16,Active
7ddaec7b-4029-49f8-8439-0967fa589519,Nexa Logistics 1415,Business,Food Processing,Incheon,Incheon,South Korea,2025-01-04,Active
040120ca-27d0-4c19-92f3-380374f7bf93,Zenith Imports 1416,Business,E-commerce,Felixstowe,Felixstowe,United Kingdom,2021-05-18,Active
89aba260-01b6-4897-a376-898423b89b35,Prime Industries 1417,Individual,Industrial Machinery,Bremen,Bremen,Germany,2025-08-06,Active
b92ee2a3-91d5-4a52-b88b-53aafe5bc97c,Omni Imports 1418,Business,Electronics,Singapore,Singapore,Singapore,2023-02-19,Inactive
89a6ada8-9ae7-4157-8b66-0b616b2fb913,Prime Trading 1419,Business,FMCG,Kolkata,Karnataka,India,2025-06-24,Active
82373730-06a7-40ea-a775-d3e4fcc059dd,Prime Trading 1420,Business,Chemicals,Guangzhou,Guangzhou,China,2020-02-21,Active
755fbff4-191e-46dd-bb56-1fe42652350b,Apex Retail 1421,Business,Electronics,Ningbo,Ningbo,China,2020-02-26,Active
3fa29ed3-6572-4f05-872a-a3e1da6fcdc0,Nexa Retail 1422,Business,Retail,Osaka,Osaka,Japan,2025-10-31,Active
54ceaa5e-dd6f-43aa-9af3-60e7a4185b47,Trident Logistics 1423,Business,E-commerce,Bremen,Bremen,Germany,2018-11-27,Active
4478aec3-5a22-48b6-84ad-5fb9003b8705,Zenith Trading 1424,Business,Food Processing,Felixstowe,Felixstowe,United Kingdom,2020-04-05,Active
129d0573-b99e-44f7-93a5-805b3e015f0f,Nexa Trading 1425,Business,Chemicals,Los Angeles,Los Angeles,United States,2023-09-05,Active
2397df28-4d2f-4af3-9758-bbddb504b9e7,Vertex Exports 1426,Individual,Food Processing,Singapore,Singapore,Singapore,2025-08-11,Active
059f370f-8f12-44c6-b4a6-16d3423d390f,Nexa Exports 1427,Business,Chemicals,Singapore,Singapore,Singapore,2019-11-21,Active
8a6a1612-cf3c-46b7-b97c-a988a5980241,Nexa Retail 1428,Business,Pharma,Dubai,Dubai,UAE,2020-08-16,Active
d71f07dd-dc7d-47a2-aa23-aa887c122354,Apex Exports 1429,Business,Industrial Machinery,Sharjah,Sharjah,UAE,2020-12-17,Active
5f27b0b3-fc77-4c38-8c3b-0c6ac74e770e,Global Imports 1430,Business,Textiles,Rotterdam,Rotterdam,Netherlands,2021-04-15,Active
51108c95-a261-469f-8e55-b345a8207f9f,Omni Retail 1431,Business,Industrial Machinery,Incheon,Incheon,South Korea,2023-04-30,Active
c0e7f80e-b913-4974-b564-103dd7fb7bbf,Trident Industries 1432,Business,Pharma,Incheon,Incheon,South Korea,2021-07-14,Active
97867f4a-1114-402b-9635-0e1dd4851c20,Vertex Exports 1433,Individual,Industrial Machinery,Tokyo,Tokyo,Japan,2024-10-10,Active
e2a06a9f-d1e8-48ce-a48e-cb058c19ca37,Apex Logistics 1434,Business,Pharma,Frankfurt,Frankfurt,Germany,2018-11-07,Active
7c82cc2e-c3b0-4c49-a8f6-19920a2a2cae,Trident Logistics 1435,Individual,Automotive,Felixstowe,Felixstowe,United Kingdom,2022-04-04,Active
c49d1568-0d04-4131-9409-04eec702c93d,Trident Logistics 1436,Individual,Electronics,Shanghai,Shanghai,China,2023-11-30,Inactive
bba97ca2-74e3-4002-b622-f7d5ddac2223,Trident Trading 1437,Business,E-commerce,Busan,Busan,South Korea,2025-05-25,Active
074045aa-b9d6-4be3-b9d7-20df9cab29dc,Nexa Trading 1438,Business,Industrial Machinery,Chennai,Telangana,India,2023-11-16,Active
1c889030-3730-4345-8dfd-7b922c71d74b,Vertex Exports 1439,Business,Food Processing,Kolkata,Delhi,India,2022-11-11,Active
4f8889a8-2a6c-4416-87fc-a8c1ff6fe8e2,Vertex Imports 1440,Business,Electronics,Osaka,Osaka,Japan,2025-02-20,Inactive
4e3c0771-022c-45cd-b158-a02cc82dbf3e,Zenith Logistics 1441,Business,Food Processing,Abu Dhabi,Abu Dhabi,UAE,2018-03-13,Active
4ab0dad1-4697-4416-ac40-7055afcd3bef,Vertex Imports 1442,Business,Retail,Abu Dhabi,Abu Dhabi,UAE,2020-05-16,Active
9dba1224-6d21-40b6-8586-cb19ecaa7ca9,Nexa Imports 1443,Business,Pharma,Amsterdam,Amsterdam,Netherlands,2019-10-31,Active
e85cb05e-df50-4cb0-a0d0-26854f4e352c,Global Imports 1444,Business,Textiles,Ningbo,Ningbo,China,2019-04-21,Active
7a48d9aa-7ac7-46b2-aa7a-e9d0e1541f79,Omni Retail 1445,Business,Pharma,Los Angeles,Los Angeles,United States,2023-11-20,Inactive
ec411436-a472-4834-a4fa-34a43d741bc4,Zenith Exports 1446,Business,E-commerce,Bremen,Bremen,Germany,2018-06-29,Active
4b9ce3f6-da7f-4050-bd9d-229e0343a0ea,Nexa Exports 1447,Business,Food Processing,Dubai,Dubai,UAE,2019-03-08,Active
b6b88a8d-82bb-4e8d-a3ca-7a16a07309f2,Vertex Logistics 1448,Business,Industrial Machinery,New York,New York,United States,2025-01-28,Active
b93424ba-d943-4bf7-bd9d-4717841ff4f1,Global Industries 1449,Business,Industrial Machinery,Incheon,Incheon,South Korea,2018-08-29,Active
852a04fd-1fff-4122-a13b-ab9574bcb2ec,Global Exports 1450,Business,E-commerce,New York,New York,United States,2023-12-06,Active
c2b71670-fbb4-411a-aed6-eba6271bbb7f,Prime Exports 1451,Business,Automotive,Seoul,Seoul,South Korea,2024-01-22,Active
57f275d6-49fb-4891-8f05-5cb7925ea630,Zenith Retail 1452,Business,Retail,Incheon,Incheon,South Korea,2022-02-02,Active
86166bb0-0647-44b1-9240-798b5975093c,Global Imports 1453,Business,Textiles,Bremen,Bremen,Germany,2018-06-16,Active
f9d3b97a-43bd-41cc-9234-bc3f592319bf,Apex Imports 1454,Business,Chemicals,Incheon,Incheon,South Korea,2025-11-08,Active
b5da5f6d-2c61-4147-8408-e1db3eb0ac3d,Zenith Retail 1455,Business,Pharma,London,London,United Kingdom,2020-10-27,Inactive
f4426c6f-83a1-403e-80c7-069ccf4c5039,Apex Industries 1456,Business,Food Processing,Tokyo,Tokyo,Japan,2018-10-11,Active
40f2a187-e54e-4eab-9b49-c4c787d74c9b,Nexa Imports 1457,Business,Textiles,Yokohama,Yokohama,Japan,2022-04-25,Active
192b3430-d1f3-4bd8-a5bf-c566a2a60182,Omni Logistics 1458,Business,Automotive,Incheon,Incheon,South Korea,2022-09-30,Active
3e825a79-c3b6-4b10-8640-dea7a1614a13,Vertex Imports 1459,Business,Pharma,Sharjah,Sharjah,UAE,2020-11-18,Inactive
cf5b863f-04d2-4109-b400-98e7c6f90e50,Omni Logistics 1460,Business,Electronics,Bremen,Bremen,Germany,2020-04-22,Active
35856989-9f40-4c6a-ad72-eeaed64c3129,Apex Imports 1461,Business,E-commerce,Frankfurt,Frankfurt,Germany,2020-08-22,Inactive
7696c7fd-1f21-474d-8ab7-77d8a7f39629,Global Trading 1462,Individual,Food Processing,Abu Dhabi,Abu Dhabi,UAE,2022-07-29,Active
973b4670-79eb-4ec8-a51c-2d84e305ed34,Trident Logistics 1463,Business,Pharma,Sharjah,Sharjah,UAE,2019-10-02,Active
bf9fe826-57af-4bd6-b8ad-1c80968f4ad3,Nexa Logistics 1464,Business,Retail,Singapore,Singapore,Singapore,2021-02-13,Active
ef2d15c5-652a-4787-af26-57d8f658d134,Nexa Trading 1465,Business,Chemicals,Tokyo,Tokyo,Japan,2019-04-16,Active
2af92e54-5a7c-4f2b-bf0f-b61c0d041d12,Apex Exports 1466,Business,Textiles,New York,New York,United States,2023-04-30,Active
77c93038-8685-4a31-b381-5c1b794b4a3b,Nexa Trading 1467,Business,Retail,Singapore,Singapore,Singapore,2024-03-21,Active
f68155e8-c727-4c97-9254-6b040fa6eb35,Zenith Exports 1468,Business,Textiles,Chicago,Chicago,United States,2020-08-27,Active
d48ba7e5-b057-4297-9d42-201dc93fef3b,Trident Retail 1469,Business,Pharma,Amsterdam,Amsterdam,Netherlands,2020-08-22,Active
fe10bb1a-7792-4fbb-a6df-2173be099a4e,Trident Exports 1470,Individual,E-commerce,Bremen,Bremen,Germany,2021-11-28,Active
125a3306-c5d0-4b16-85ea-da063a45077a,Nexa Imports 1471,Business,FMCG,Seoul,Seoul,South Korea,2020-09-25,Active
15f27d72-a56b-4d4e-8aea-87aad2356764,Zenith Retail 1472,Individual,E-commerce,Abu Dhabi,Abu Dhabi,UAE,2024-03-08,Active
6f132aa2-b237-41ee-a1a8-c493ee731251,Vertex Industries 1473,Individual,Food Processing,Shanghai,Shanghai,China,2021-09-05,Active
b0582794-787f-4897-9325-8181c9fffe3f,Omni Industries 1474,Business,FMCG,Manchester,Manchester,United Kingdom,2018-12-13,Active
18e7afa2-71d6-4286-88da-7822ab811245,Prime Logistics 1475,Individual,E-commerce,Manchester,Manchester,United Kingdom,2018-01-19,Active
cce7fa1a-d8c1-4610-9f45-2d91ac31dc8e,Vertex Logistics 1476,Individual,Automotive,Shenzhen,Shenzhen,China,2021-11-26,Inactive
63311f56-224d-4d02-9d0c-f00c7787707f,Zenith Imports 1477,Business,Pharma,London,London,United Kingdom,2020-05-02,Active
0ae81e83-04f2-4b3d-abb3-4c826a4d774e,Prime Logistics 1478,Business,Pharma,Tokyo,Tokyo,Japan,2024-08-29,Active
1c267d08-89c7-4531-bd19-538bc0cf9cd1,Zenith Trading 1479,Business,Electronics,Manchester,Manchester,United Kingdom,2019-04-19,Inactive
a6fd30b8-d1cf-4e2a-99ab-2b6f9b8077dd,Global Imports 1480,Business,FMCG,Frankfurt,Frankfurt,Germany,2020-02-28,Active
fcb4a32b-53d7-4010-b21c-1433ab7141bd,Prime Trading 1481,Business,Retail,Incheon,Incheon,South Korea,2020-04-24,Active
0b99b27c-96fc-4f41-84b5-9ce61d9b5771,Apex Trading 1482,Individual,Food Processing,Frankfurt,Frankfurt,Germany,2018-04-27,Active
4901618e-bc39-4b83-a70c-7d28d269ec79,Nexa Trading 1483,Business,Industrial Machinery,Singapore,Singapore,Singapore,2018-07-11,Active
43adec35-4e7e-4727-be38-911b834856bc,Omni Retail 1484,Individual,Pharma,Singapore,Singapore,Singapore,2023-02-28,Active
e41d0742-c767-465c-bd4a-984b1a487d2a,Nexa Logistics 1485,Business,Automotive,Guangzhou,Guangzhou,China,2018-07-23,Active
4fa7455b-8391-46e3-bcf5-27be579b835f,Nexa Industries 1486,Business,Industrial Machinery,Felixstowe,Felixstowe,United Kingdom,2021-12-25,Active
57e200bd-889b-45aa-8743-e787dabb42ef,Nexa Imports 1487,Business,Electronics,Guangzhou,Guangzhou,China,2021-07-01,Active
c5847b2a-9ded-44a2-b4f3-a426f92caaea,Vertex Industries 1488,Business,Chemicals,Shenzhen,Shenzhen,China,2022-07-06,Active
67a91d6b-6fee-4754-8c9c-20f5597ea365,Global Retail 1489,Business,FMCG,Seoul,Seoul,South Korea,2021-12-02,Active
57dc97a3-0f68-49c5-a176-3ce0cfd459ec,Nexa Retail 1490,Individual,Chemicals,Sharjah,Sharjah,UAE,2023-11-23,Active
bf4faf5f-80bf-4e0e-bdd6-3d2ff665eef4,Trident Exports 1491,Business,Chemicals,Singapore,Singapore,Singapore,2024-07-01,Active
f309fb06-8782-4d2a-8970-1a2d7a217a9a,Omni Imports 1492,Individual,Automotive,Shanghai,Shanghai,China,2018-07-28,Active
e3308646-846a-44c7-8dd8-2022bb498efc,Zenith Industries 1493,Business,Pharma,Amsterdam,Amsterdam,Netherlands,2023-11-25,Inactive
62fda754-1924-4e2f-a190-6167b1835d59,Apex Logistics 1494,Business,Retail,Los Angeles,Los Angeles,United States,2019-06-29,Active
a6800d27-2d7c-4483-bca3-346f56514e38,Trident Logistics 1495,Business,Automotive,Rotterdam,Rotterdam,Netherlands,2019-12-08,Active
6427ae60-cc6a-43a1-873f-db97eeff91d5,Zenith Industries 1496,Business,Food Processing,Shenzhen,Shenzhen,China,2024-11-28,Active
2993350d-a8e7-4952-bdac-48eda380a856,Zenith Logistics 1497,Business,Food Processing,Chennai,Telangana,India,2021-05-06,Active
b75c9885-23c4-491a-852c-35c4355b5809,Zenith Logistics 1498,Business,FMCG,Los Angeles,Los Angeles,United States,2018-06-21,Active
b38a08ac-abe6-4a60-8eee-db8601295bb3,Prime Industries 1499,Business,Pharma,Chennai,Delhi,India,2020-07-27,Active
5df2db0b-47bd-4140-85c1-cb92648761fa,Vertex Exports 1500,Business,Chemicals,Yokohama,Yokohama,Japan,2020-01-27,Active
2c0a423d-1bb0-4ad3-9a8a-bd265a8af302,Zenith Trading 1501,Business,Electronics,Amsterdam,Amsterdam,Netherlands,2025-06-29,Active
20282963-ad32-4405-9151-6312ff9e7ba6,Vertex Imports 1502,Business,Electronics,Shenzhen,Shenzhen,China,2024-12-12,Inactive
210e8d0d-6d48-498d-9966-ae3fc308fd5c,Apex Retail 1503,Business,Textiles,Manchester,Manchester,United Kingdom,2019-08-18,Active
9ffe50d6-1e85-4e2c-87d6-397131f18bce,Trident Imports 1504,Business,Food Processing,Guangzhou,Guangzhou,China,2021-06-01,Active
20d43037-e3cd-4b6b-82cf-0d38fb840375,Zenith Imports 1505,Business,Retail,Incheon,Incheon,South Korea,2020-10-05,Active
1742e042-d5f9-4d4e-8c5f-2040d0f86872,Nexa Logistics 1506,Business,Electronics,Singapore,Singapore,Singapore,2024-11-23,Active
5afa7691-961b-43c6-a035-78c9d8ecb348,Global Trading 1507,Individual,E-commerce,Hamburg,Hamburg,Germany,2019-01-31,Active
bcf93fdc-40f0-4498-8850-32d9bd766581,Zenith Trading 1508,Business,Electronics,Bremen,Bremen,Germany,2018-06-03,Active
b74920a5-a1ec-45da-815c-54109a923cb0,Global Trading 1509,Business,FMCG,Incheon,Incheon,South Korea,2019-02-19,Active
157b04cb-c131-4c4c-b208-f414fc0b340c,Global Trading 1510,Business,Electronics,Guangzhou,Guangzhou,China,2019-05-12,Active
49d85552-2266-4e11-9a9c-37d9d94b655d,Vertex Industries 1511,Business,Pharma,Singapore,Singapore,Singapore,2025-03-06,Active
eb71a3ae-bdb8-468f-bccb-f3e477f8d4e4,Apex Imports 1512,Business,FMCG,Rotterdam,Rotterdam,Netherlands,2018-10-13,Active
69b51a45-6c36-414d-846a-794657196aef,Global Retail 1513,Business,FMCG,Tokyo,Tokyo,Japan,2025-03-26,Active
ecc1942b-64d8-4be6-89e1-a1d985ab519d,Apex Trading 1514,Business,Pharma,Rotterdam,Rotterdam,Netherlands,2024-11-11,Active
bbd9fcea-7488-43a4-825a-26f2ec213865,Vertex Retail 1515,Business,Chemicals,Amsterdam,Amsterdam,Netherlands,2018-06-24,Active
224f478c-0ff3-4227-8c31-25ef32452a98,Global Imports 1516,Business,Chemicals,Abu Dhabi,Abu Dhabi,UAE,2022-12-28,Active
33a44825-fc7b-4a53-868f-6d5c7daaca9a,Zenith Exports 1517,Business,E-commerce,Osaka,Osaka,Japan,2022-04-21,Inactive
d4b2d0c8-28b3-4de1-b52f-63d62b2f10ab,Zenith Trading 1518,Business,Industrial Machinery,Felixstowe,Felixstowe,United Kingdom,2021-12-17,Active
2efcef2b-f7fb-48f8-bcf6-9be091ce7771,Nexa Imports 1519,Business,Industrial Machinery,Tokyo,Tokyo,Japan,2022-07-16,Active
2d56d3f1-0312-4e06-b4de-8c3cc6f49f7b,Trident Trading 1520,Business,E-commerce,Incheon,Incheon,South Korea,2022-07-11,Active
7614dc7a-4d78-4257-9b3c-6b1d2d80f280,Global Logistics 1521,Business,FMCG,Shanghai,Shanghai,China,2023-05-03,Active
7c497339-8d5d-433d-9f6b-d976f76bafe2,Apex Trading 1522,Business,Automotive,Kolkata,West Bengal,India,2020-07-10,Active
30240dc3-f4db-499b-9a1b-fe52b590844f,Apex Retail 1523,Business,E-commerce,Guangzhou,Guangzhou,China,2019-11-04,Active
9aa8e8fa-ecb8-402f-a0b7-9f1f0d79dcb9,Zenith Trading 1524,Business,Food Processing,Hamburg,Hamburg,Germany,2023-11-27,Active
0fe4d743-8a59-4db0-9477-bd91bd8fc216,Global Retail 1525,Individual,Automotive,Singapore,Singapore,Singapore,2025-10-27,Active
a0aec066-4429-4e9f-8d0f-19e8332ce477,Trident Logistics 1526,Business,Textiles,Houston,Houston,United States,2022-10-21,Inactive
7ec89359-d137-4695-91ef-aed6bd0ed491,Prime Imports 1527,Business,Food Processing,Singapore,Singapore,Singapore,2019-04-08,Active
f3f051c0-a04d-4386-b843-8d9c445011b2,Zenith Logistics 1528,Business,Textiles,Singapore,Singapore,Singapore,2021-08-18,Active
816bbe8c-988e-449b-a5f9-f8cc2bb9a16f,Nexa Trading 1529,Business,Automotive,Rotterdam,Rotterdam,Netherlands,2023-09-23,Active
696e6d4b-ebd0-447e-8d97-7ae1a19591a6,Prime Retail 1530,Individual,Food Processing,Hamburg,Hamburg,Germany,2024-06-06,Active
5618ac9a-3fba-46d1-a764-b5f3ffb4e6f7,Global Trading 1531,Business,Pharma,Hyderabad,Delhi,India,2019-03-16,Active
bc4147b3-6be8-4283-8655-337aa0f8d0f0,Vertex Industries 1532,Business,Retail,Amsterdam,Amsterdam,Netherlands,2019-05-14,Active
29b6ded0-caf9-41f6-9880-fae54a03d0fc,Omni Logistics 1533,Business,Automotive,Bremen,Bremen,Germany,2018-10-30,Active
80bf7a23-21ce-430c-b09f-1831f77f1559,Zenith Exports 1534,Individual,Pharma,Busan,Busan,South Korea,2019-12-05,Active
cb68df55-f931-4a66-8e4c-bf37177b4ee2,Global Logistics 1535,Business,E-commerce,Osaka,Osaka,Japan,2018-05-23,Active
32dd2517-3d7a-45ef-bbdc-40ce36e368b9,Apex Imports 1536,Business,Electronics,Ahmedabad,Karnataka,India,2018-07-21,Active
7df37256-da3e-46ab-9bf1-514c0f163478,Prime Logistics 1537,Business,Textiles,Amsterdam,Amsterdam,Netherlands,2024-10-05,Active
1a2f426e-29ba-4b49-b2c4-aa07a10b9856,Nexa Logistics 1538,Business,FMCG,Manchester,Manchester,United Kingdom,2022-06-13,Active
b0c67f74-6511-4c0c-82a0-b4bb96c8ab35,Prime Exports 1539,Individual,Food Processing,Busan,Busan,South Korea,2021-10-23,Active
63097fe8-cc33-4f72-b7c7-0b9f27e01697,Nexa Exports 1540,Business,Industrial Machinery,Abu Dhabi,Abu Dhabi,UAE,2021-08-04,Active
5ef624c8-d347-413b-ad13-bf159481c338,Nexa Industries 1541,Business,Pharma,Ahmedabad,Delhi,India,2020-04-13,Active
f122cf76-a678-403c-a892-c20bf3b4ada7,Trident Imports 1542,Business,Chemicals,Amsterdam,Amsterdam,Netherlands,2025-06-11,Active
050926ba-8c8e-4f61-ba2d-05295b047003,Global Industries 1543,Individual,Automotive,Felixstowe,Felixstowe,United Kingdom,2025-03-19,Active
5282cfac-5cd3-4d43-89fb-cdd7ef662784,Apex Exports 1544,Business,Chemicals,Hamburg,Hamburg,Germany,2024-06-16,Active
ebb0caa4-ae1e-4b5c-ae07-83cbfe9263dc,Prime Logistics 1545,Business,Textiles,Delhi,Karnataka,India,2019-06-24,Active
35cdd009-774f-46ee-b089-ae941d445b5c,Zenith Industries 1546,Business,FMCG,Manchester,Manchester,United Kingdom,2020-02-03,Active
7426a656-f2ef-4e45-8abb-5fdf35ecd5f9,Vertex Exports 1547,Individual,Electronics,Felixstowe,Felixstowe,United Kingdom,2018-08-24,Active
47c3ec0d-c4b1-429e-a2f2-c9c87e360cdc,Zenith Retail 1548,Business,Industrial Machinery,Dubai,Dubai,UAE,2024-03-15,Active
0b7e7b22-c3eb-433a-ad2d-5bc49cb3645f,Omni Retail 1549,Business,Food Processing,Rotterdam,Rotterdam,Netherlands,2023-04-30,Active
80d86c68-3260-43f5-92d2-f0c361937b02,Trident Imports 1550,Business,FMCG,Bremen,Bremen,Germany,2018-12-23,Active
f0d8ae49-f2a9-40a1-b3cf-f4ee9c54dc4d,Vertex Exports 1551,Business,Automotive,Dubai,Dubai,UAE,2023-09-13,Active
6821f1c7-1c00-4b3e-a131-3f72988d5740,Nexa Exports 1552,Business,Textiles,Singapore,Singapore,Singapore,2022-02-03,Inactive
d853117b-6dd7-43a3-a55b-2081fdfb7290,Vertex Retail 1553,Individual,Industrial Machinery,Shanghai,Shanghai,China,2021-03-16,Active
429d929e-be4a-452a-b4ab-0b2f5a1e99cc,Nexa Industries 1554,Business,Pharma,Incheon,Incheon,South Korea,2020-06-20,Active
1af6e2ad-d272-4ac2-8716-7f7ce1fa5646,Trident Logistics 1555,Business,Food Processing,Seoul,Seoul,South Korea,2024-07-22,Active
019e1535-18b1-47b9-ae35-4b17ebc2dccf,Nexa Exports 1556,Business,Food Processing,Incheon,Incheon,South Korea,2023-01-12,Active
e5d65de1-0525-462b-9fc2-ba66e6e6b2be,Trident Industries 1557,Business,Food Processing,Chicago,Chicago,United States,2024-09-09,Inactive
7e2f9dea-4518-495a-a866-361a15035505,Nexa Imports 1558,Business,Electronics,Houston,Houston,United States,2020-05-01,Active
2d8c2864-39e9-4708-9fac-599fea676df4,Nexa Industries 1559,Business,Automotive,Kolkata,Telangana,India,2024-02-15,Active
2494e16b-f4f8-4097-8670-a9316bf92be7,Apex Industries 1560,Business,Chemicals,Singapore,Singapore,Singapore,2023-10-02,Active
c8e467f3-168e-49de-9e68-2d3b5207aba7,Apex Industries 1561,Business,Retail,London,London,United Kingdom,2024-05-18,Active
e35218cc-b320-4e37-9e30-6927d46a34e6,Vertex Retail 1562,Business,Pharma,Frankfurt,Frankfurt,Germany,2020-10-03,Active
98d8f52f-6a96-4a69-81ec-440d22a96103,Nexa Imports 1563,Business,Industrial Machinery,Abu Dhabi,Abu Dhabi,UAE,2025-03-03,Active
a94a6b9a-b304-4481-a3aa-bc293090817c,Nexa Industries 1564,Business,Industrial Machinery,Delhi,West Bengal,India,2018-08-11,Inactive
b43b5baf-e1b7-47a3-83a6-fd7703671159,Nexa Trading 1565,Individual,Textiles,Los Angeles,Los Angeles,United States,2021-01-02,Active
4465cbe1-1050-41a6-ac45-5f81226775f1,Nexa Imports 1566,Individual,Industrial Machinery,Tokyo,Tokyo,Japan,2022-04-10,Active
8efe6c92-e3fe-4163-b21a-b4f823a1aa9a,Vertex Trading 1567,Business,Retail,Felixstowe,Felixstowe,United Kingdom,2023-09-14,Active
ef251b6d-4124-4a31-b03b-ccb614b88f6a,Global Imports 1568,Business,Food Processing,Amsterdam,Amsterdam,Netherlands,2022-09-23,Active
a88fb3e9-4eaa-41b3-b84b-b0d26a17287c,Omni Retail 1569,Business,E-commerce,Seoul,Seoul,South Korea,2020-07-15,Active
1569c34b-45e4-493e-a5ef-619b01981833,Trident Trading 1570,Business,Pharma,Felixstowe,Felixstowe,United Kingdom,2019-03-19,Active
32983b77-5f22-4889-b71f-bbb4b2baab79,Trident Industries 1571,Business,Industrial Machinery,Delhi,Telangana,India,2022-12-12,Active
0c83be09-b2fd-40cf-939c-a3322560926d,Vertex Trading 1572,Business,Chemicals,London,London,United Kingdom,2022-12-20,Active
30692687-6a76-4aab-bda9-591ca1f272f3,Zenith Logistics 1573,Business,Retail,Manchester,Manchester,United Kingdom,2021-05-12,Active
a99f98ea-02b1-4e0c-89fc-cf9d51f5c3f6,Prime Exports 1574,Business,Retail,Singapore,Singapore,Singapore,2024-05-20,Active
f0bc948f-34ba-4187-b5d1-4f2e26b181ce,Global Logistics 1575,Business,Pharma,Singapore,Singapore,Singapore,2021-02-27,Active
927bd8f1-a0d7-4ce8-a934-3b6e19b4e001,Apex Imports 1576,Business,E-commerce,Hamburg,Hamburg,Germany,2018-05-26,Active
f28bdf03-c0b2-4cef-94fd-4f602b7ac34c,Trident Exports 1577,Business,Pharma,Houston,Houston,United States,2018-01-22,Active
23c6ffa6-b8b9-41f4-ba77-c78177632a07,Prime Logistics 1578,Business,Textiles,Singapore,Singapore,Singapore,2021-12-18,Active
66194d85-49df-4653-b477-aca3abe6b066,Global Imports 1579,Individual,Retail,Amsterdam,Amsterdam,Netherlands,2022-03-17,Active
43b6b8df-9eff-4081-87da-727a917ee6e9,Trident Logistics 1580,Business,Electronics,Mumbai,Delhi,India,2018-01-18,Active
d4d0f5c8-4beb-4061-8c52-0dd73f2e1d7b,Vertex Imports 1581,Business,Electronics,Busan,Busan,South Korea,2019-01-08,Active
93bc628b-60d8-472a-8f80-b13b7f04088c,Omni Logistics 1582,Business,Chemicals,New York,New York,United States,2018-12-24,Active
bdb33dc6-9160-41f6-82c0-ef46e75c6206,Trident Logistics 1583,Business,Food Processing,Felixstowe,Felixstowe,United Kingdom,2021-09-17,Active
3c846eb8-153c-450f-93f3-5194a9a6540c,Zenith Industries 1584,Business,Industrial Machinery,Frankfurt,Frankfurt,Germany,2018-01-16,Active
102f1d22-c814-4f53-a590-7e90a621b6bb,Nexa Logistics 1585,Business,FMCG,Singapore,Singapore,Singapore,2021-12-08,Active
f609fe22-0a70-4e35-ab2c-f3b9c784f817,Omni Imports 1586,Business,Industrial Machinery,Dubai,Dubai,UAE,2025-11-21,Active
33c2aea9-12d7-4015-86e5-14da164d7e39,Trident Industries 1587,Individual,Pharma,Sharjah,Sharjah,UAE,2019-10-04,Active
3fcbd6c1-8719-4d58-916b-fb9c103fc837,Nexa Imports 1588,Business,Chemicals,Rotterdam,Rotterdam,Netherlands,2025-06-21,Active
5c88323e-b745-42b3-a5c8-8c3a3a62b5f2,Zenith Trading 1589,Individual,Retail,Singapore,Singapore,Singapore,2024-07-19,Active
2538ce61-bf91-4fa1-919c-4359ab1c21cd,Prime Logistics 1590,Business,Textiles,Guangzhou,Guangzhou,China,2023-06-08,Active
8f546b2c-74f9-48d1-a1db-e8d9627faf91,Apex Industries 1591,Individual,Electronics,Manchester,Manchester,United Kingdom,2022-11-02,Active
ddb283c1-ce63-44e7-95e6-3c70df43c4f7,Trident Trading 1592,Individual,FMCG,Yokohama,Yokohama,Japan,2021-06-30,Active
822d4826-6395-42e4-8377-da9a0b2343f1,Prime Trading 1593,Business,Textiles,London,London,United Kingdom,2018-02-25,Active
169cb79a-b351-47b9-a71d-3055c8b03b74,Nexa Industries 1594,Business,Automotive,Singapore,Singapore,Singapore,2019-07-15,Active
421d904f-d8fb-4459-b432-c9d27f57156d,Omni Logistics 1595,Business,E-commerce,Singapore,Singapore,Singapore,2019-11-08,Active
4d0ca607-dd52-4c30-9dc7-7e4ec5f9abc6,Trident Imports 1596,Business,Electronics,Rotterdam,Rotterdam,Netherlands,2020-05-22,Active
ba32808d-1664-4bfd-b773-bb6b62c14e5a,Nexa Logistics 1597,Business,Food Processing,Amsterdam,Amsterdam,Netherlands,2024-12-28,Active
db28d5b4-04d0-4118-b3b8-938399a19e38,Prime Industries 1598,Business,Chemicals,Amsterdam,Amsterdam,Netherlands,2020-05-11,Active
3e09dc40-9019-4260-834b-3b5d6fc15939,Nexa Trading 1599,Business,Chemicals,New York,New York,United States,2021-04-24,Active
066d93d5-1ac0-465c-85f0-5bc92f90e8c8,Prime Trading 1600,Business,Industrial Machinery,Dubai,Dubai,UAE,2023-06-08,Active
82b73fa2-cc53-44db-8465-51d77690ec68,Vertex Logistics 1601,Business,Electronics,Busan,Busan,South Korea,2021-06-19,Active
cb9f4ad9-5a15-47dd-9773-67a90f59a841,Vertex Exports 1602,Business,Retail,Singapore,Singapore,Singapore,2025-12-05,Active
91cd72de-481c-44fc-8661-88953905f5e2,Prime Industries 1603,Business,Retail,Singapore,Singapore,Singapore,2025-06-05,Active
751bc5a8-2b3e-4893-8e4b-26d9f6b397f3,Omni Exports 1604,Business,Industrial Machinery,Frankfurt,Frankfurt,Germany,2018-01-08,Active
19432f94-7cf9-4c08-b698-6a00f8d77021,Prime Imports 1605,Business,Textiles,Singapore,Singapore,Singapore,2022-06-15,Active
cb323e2c-ece0-49f0-806f-cb2e98b9c0b2,Nexa Trading 1606,Business,Chemicals,Singapore,Singapore,Singapore,2021-08-09,Inactive
42a7dbe9-3b85-4309-bc3d-9e3b90055358,Global Trading 1607,Business,Automotive,Incheon,Incheon,South Korea,2019-07-26,Active
b69c79f2-63d0-4a5f-a71b-deb16fddd5a2,Prime Exports 1608,Business,Food Processing,Sharjah,Sharjah,UAE,2019-01-12,Active
6abab93c-ac53-4af7-b442-5c263665a821,Zenith Retail 1609,Individual,Food Processing,Tokyo,Tokyo,Japan,2019-11-02,Active
4d5ce143-b135-4d94-b0ef-989373a43425,Prime Industries 1610,Individual,Automotive,New York,New York,United States,2021-09-28,Active
ece25a91-dcdf-4f46-9d81-735005d6731e,Prime Retail 1611,Business,Industrial Machinery,Singapore,Singapore,Singapore,2020-07-31,Active
91fcc404-d9c2-4e4c-8685-b7fdbde3de12,Apex Industries 1612,Business,Food Processing,Dubai,Dubai,UAE,2018-11-05,Active
3d735ce4-7770-4484-beb7-0d218127a6ba,Vertex Logistics 1613,Business,E-commerce,Incheon,Incheon,South Korea,2020-08-28,Active
a75d9e5e-a597-49dc-9bf3-cb942559917d,Prime Exports 1614,Business,Automotive,Ningbo,Ningbo,China,2023-02-03,Active
44f97a02-5f79-4d7b-ae5d-b6c9e3ca2cea,Trident Imports 1615,Business,Textiles,London,London,United Kingdom,2020-03-07,Active
00a39db1-40d1-4ed9-bf98-c8b64039672f,Nexa Exports 1616,Business,Retail,Kolkata,Maharashtra,India,2022-11-28,Active
cb81dcc9-73b5-4d0f-8a0f-b3ee84dce148,Vertex Industries 1617,Business,Textiles,Rotterdam,Rotterdam,Netherlands,2025-06-28,Active
054ecdc9-4ee5-401d-aa36-91675661f266,Zenith Logistics 1618,Business,FMCG,Houston,Houston,United States,2023-01-09,Active
fa5c355e-c89e-4a4d-a653-bca460ddb3a1,Zenith Retail 1619,Business,FMCG,Shanghai,Shanghai,China,2020-09-24,Active
5ccbbd34-576a-4251-9533-f78b45050e59,Prime Logistics 1620,Business,Food Processing,Rotterdam,Rotterdam,Netherlands,2021-03-20,Active
244a0f11-e04e-4f80-9a44-04a68c70847e,Omni Exports 1621,Business,Food Processing,Tokyo,Tokyo,Japan,2021-03-29,Active
195d4355-9497-4c70-b8b6-92f8918b234f,Zenith Logistics 1622,Business,Pharma,Shenzhen,Shenzhen,China,2021-10-17,Active
b50adf8c-1aa8-4dd3-b66c-85dcee34bf0f,Prime Exports 1623,Business,Textiles,Abu Dhabi,Abu Dhabi,UAE,2024-11-04,Active
cbe9f076-ed30-4cf1-b1bb-cf8891a80a91,Omni Imports 1624,Business,Industrial Machinery,Kolkata,Maharashtra,India,2025-10-03,Active
577495fd-a8da-4373-8f84-d3c856ac4db5,Prime Trading 1625,Business,Automotive,Abu Dhabi,Abu Dhabi,UAE,2025-11-27,Active
f0e48b50-17d9-44d1-ac6f-c50fdf43e27c,Nexa Retail 1626,Business,Food Processing,Shenzhen,Shenzhen,China,2021-05-28,Active
f1413c70-b230-487f-9c60-dd2dca0306f5,Apex Exports 1627,Business,Chemicals,Chennai,West Bengal,India,2022-01-29,Active
3b8c7486-25fb-414e-9fb0-24ec2e560182,Trident Trading 1628,Business,E-commerce,Dubai,Dubai,UAE,2025-09-15,Active
4b991123-b8ca-4845-9dc5-b13935adeb27,Zenith Industries 1629,Business,Textiles,Felixstowe,Felixstowe,United Kingdom,2025-02-06,Active
eea27256-6f7c-4caf-8b10-7110aa2504af,Nexa Retail 1630,Individual,Automotive,Incheon,Incheon,South Korea,2021-06-23,Active
4bf63ce2-52da-449e-8edc-6e8f3b4e97d2,Vertex Exports 1631,Business,Industrial Machinery,Abu Dhabi,Abu Dhabi,UAE,2020-06-19,Active
70b52566-d0ce-4b46-9d9e-7bc49795409a,Trident Exports 1632,Business,Retail,Osaka,Osaka,Japan,2024-12-29,Active
34961ad7-3d2a-4082-b1cb-49f5e784f923,Trident Trading 1633,Business,E-commerce,Amsterdam,Amsterdam,Netherlands,2021-11-26,Active
1f5fc3f7-106f-43d8-81ad-9f0f24215059,Omni Industries 1634,Business,Industrial Machinery,Hamburg,Hamburg,Germany,2025-10-24,Active
c859784b-29aa-4f2e-a322-440e1369e782,Apex Retail 1635,Individual,FMCG,Shanghai,Shanghai,China,2025-10-15,Active
a0907e1a-e8cb-4a4b-9145-522061b2e430,Nexa Trading 1636,Individual,Chemicals,Singapore,Singapore,Singapore,2019-04-19,Active
eb2ffae3-5cfb-41eb-b183-6b12f7732096,Vertex Trading 1637,Business,Food Processing,Chennai,Karnataka,India,2018-10-21,Active
5185b309-2365-499f-b925-84f8937dd1b2,Vertex Exports 1638,Individual,Pharma,Rotterdam,Rotterdam,Netherlands,2018-04-18,Active
c74d17ab-c096-4720-9b41-59b6ad280709,Global Imports 1639,Business,E-commerce,Busan,Busan,South Korea,2024-07-02,Active
1e9a3c6a-f22d-41b5-bfdf-8654f378b9a5,Omni Exports 1640,Business,Chemicals,Rotterdam,Rotterdam,Netherlands,2019-02-28,Inactive
6234d17f-f35c-4b6e-89d4-c6264081a04f,Trident Trading 1641,Business,Automotive,Ningbo,Ningbo,China,2024-12-11,Active
bc137f1b-12d5-4d03-aaad-34f5b3f2af65,Vertex Imports 1642,Business,Electronics,Frankfurt,Frankfurt,Germany,2021-05-26,Active
fb721d4e-3d2b-4ef0-90b4-d80899a956a9,Global Trading 1643,Business,Food Processing,Yokohama,Yokohama,Japan,2021-05-30,Active
04a1fcea-6ff2-4337-81cb-f73ed62b1b16,Zenith Trading 1644,Individual,Pharma,Hamburg,Hamburg,Germany,2024-11-30,Active
02ff7296-e41f-427c-8f7d-e18b6c32ecb9,Vertex Exports 1645,Business,Chemicals,Rotterdam,Rotterdam,Netherlands,2018-07-25,Active
7e0d89b8-b485-43bb-b84a-ef9f5dd849ae,Omni Logistics 1646,Business,Chemicals,Dubai,Dubai,UAE,2023-08-04,Active
5d0df4d5-1570-46cc-8761-a0fbc2e3fa75,Nexa Trading 1647,Business,Pharma,London,London,United Kingdom,2021-06-17,Active
2901a765-6bbd-4547-bee5-ca2451ace127,Vertex Retail 1648,Business,Chemicals,Ningbo,Ningbo,China,2025-11-09,Active
62f666a0-cfbd-4e7a-9cae-1b8a883da136,Apex Logistics 1649,Business,Retail,Incheon,Incheon,South Korea,2020-07-15,Active
e1acef5f-9f6d-44ce-996a-782a3ad242c2,Apex Retail 1650,Business,Chemicals,Frankfurt,Frankfurt,Germany,2025-12-25,Active
254aa1ca-e6f0-4492-a76d-d560f29865ce,Global Retail 1651,Business,Retail,Sharjah,Sharjah,UAE,2025-09-27,Inactive
46cc030c-ff88-45fd-97df-9b654464e395,Apex Industries 1652,Business,Chemicals,Tokyo,Tokyo,Japan,2025-02-25,Active
0a044dc4-5daa-400f-b7ff-e505f6d48fa5,Omni Logistics 1653,Business,Retail,Seoul,Seoul,South Korea,2019-03-26,Active
72352ab6-cf78-43e9-905f-01efc948971e,Trident Retail 1654,Business,Textiles,Singapore,Singapore,Singapore,2022-05-13,Active
caf0d452-d0c7-4314-a21f-b3cb06d390b5,Vertex Retail 1655,Business,E-commerce,Abu Dhabi,Abu Dhabi,UAE,2022-07-03,Active
7b8a29fd-54d1-4319-bcee-420b4dea67d6,Apex Exports 1656,Individual,Automotive,Rotterdam,Rotterdam,Netherlands,2023-05-02,Active
a72f97af-0811-4f8b-bf58-5bf96dae6384,Global Logistics 1657,Business,Pharma,Bengaluru,West Bengal,India,2019-01-02,Active
28284038-24dc-43b7-b43d-9669649b4641,Trident Logistics 1658,Individual,FMCG,Los Angeles,Los Angeles,United States,2023-08-30,Active
b631079f-f0a9-4b4d-a1fc-1f54b43f32d6,Trident Exports 1659,Business,Retail,Incheon,Incheon,South Korea,2023-07-10,Active
9c274a27-8adc-42ce-8a37-c3823666f175,Vertex Retail 1660,Business,Food Processing,Rotterdam,Rotterdam,Netherlands,2025-08-03,Active
290cc271-6dfc-4097-8cce-24d121733e32,Nexa Industries 1661,Business,Pharma,Houston,Houston,United States,2018-12-07,Active
f91b51e1-90f6-4bda-840d-2b77736ac9d1,Vertex Trading 1662,Individual,E-commerce,Mumbai,Delhi,India,2023-04-01,Inactive
860104a1-44ed-4846-99ea-720a8c39c713,Apex Imports 1663,Individual,Electronics,Ningbo,Ningbo,China,2023-04-27,Active
24d46696-dd61-4926-94a8-45ed791f8f8a,Nexa Industries 1664,Business,Food Processing,Incheon,Incheon,South Korea,2019-09-26,Active
ec05c142-9809-40dd-bfd4-a7b72d17849a,Prime Retail 1665,Business,Chemicals,Guangzhou,Guangzhou,China,2022-04-02,Active
43966e38-eed0-4c11-951f-8d7146ba9c47,Omni Retail 1666,Business,Automotive,Dubai,Dubai,UAE,2024-02-18,Active
f547bd0d-8896-4a4d-9b1b-f753f7c01954,Global Industries 1667,Business,Food Processing,Abu Dhabi,Abu Dhabi,UAE,2022-04-20,Active
6f187714-15e1-4ced-9b76-e72a3c425d9a,Apex Exports 1668,Business,Chemicals,Busan,Busan,South Korea,2020-06-18,Active
1aa0ac98-c2f5-45a4-a7b8-a59d3fa0ac68,Omni Trading 1669,Business,Automotive,Tokyo,Tokyo,Japan,2018-04-03,Active
8352d20e-26e6-44d2-8932-16995c5e3f6b,Zenith Logistics 1670,Business,Retail,Tokyo,Tokyo,Japan,2024-05-13,Active
268110a8-7533-4eaf-9cd1-8fa995d65288,Zenith Trading 1671,Business,Chemicals,Singapore,Singapore,Singapore,2022-03-24,Active
a3c5a0cd-2bf0-4d4f-8414-2e8acf7d8e73,Trident Imports 1672,Business,Textiles,Osaka,Osaka,Japan,2022-01-14,Active
81a14c3c-044e-4cab-8b86-aa74f3cb447b,Nexa Imports 1673,Business,Chemicals,Tokyo,Tokyo,Japan,2025-06-28,Active
ea01ea92-df67-47dc-9fb6-3f21b97124f0,Nexa Exports 1674,Business,Industrial Machinery,Osaka,Osaka,Japan,2019-06-17,Active
6c5d3b17-b246-42ca-bd53-ac6cc9a472df,Zenith Imports 1675,Business,Pharma,Yokohama,Yokohama,Japan,2024-02-25,Active
5751367b-840b-416e-be3b-2bec400b8592,Global Industries 1676,Business,Textiles,Amsterdam,Amsterdam,Netherlands,2025-10-08,Active
09957b57-676c-409a-a7fb-a7139fec5bcc,Nexa Industries 1677,Individual,Industrial Machinery,Bremen,Bremen,Germany,2019-12-05,Active
e9f6b503-709a-4968-b8d4-511d77891751,Vertex Trading 1678,Business,Industrial Machinery,Felixstowe,Felixstowe,United Kingdom,2025-05-05,Active
5422528a-25aa-4d03-8802-337e7d8e36b6,Zenith Exports 1679,Business,Electronics,New York,New York,United States,2024-01-18,Active
ce901727-f082-43ef-9d62-e440db8739e5,Vertex Exports 1680,Business,Food Processing,Guangzhou,Guangzhou,China,2022-07-23,Active
60ade16e-4937-4314-8fc6-121f25f42637,Vertex Exports 1681,Business,Industrial Machinery,Yokohama,Yokohama,Japan,2024-09-22,Active
166f1d72-5cd3-4549-86aa-2a2b67a35c36,Trident Imports 1682,Business,Industrial Machinery,Ningbo,Ningbo,China,2023-10-01,Active
b89de9bb-99d4-4901-b948-92f0bfde2916,Vertex Industries 1683,Business,Electronics,London,London,United Kingdom,2020-12-09,Active
ad4fac21-0ab6-4f45-baeb-b590f262a7b4,Trident Logistics 1684,Business,Retail,Sharjah,Sharjah,UAE,2021-11-23,Active
b84db097-d10d-4736-8871-8d8626faf9bc,Global Exports 1685,Business,Food Processing,Busan,Busan,South Korea,2025-02-16,Active
9da7fa3d-45be-4491-9f42-c022a0b5bd6e,Nexa Exports 1686,Business,Textiles,Yokohama,Yokohama,Japan,2025-06-11,Active
282c21ed-853a-46f6-9896-7429163c1da8,Nexa Logistics 1687,Individual,Automotive,London,London,United Kingdom,2025-01-03,Inactive
657fb555-de02-47e5-a5d9-b6188a32e8ed,Prime Logistics 1688,Business,Pharma,Amsterdam,Amsterdam,Netherlands,2022-11-13,Inactive
26c5981b-0b38-4cdc-8cec-57e06f0c925a,Apex Industries 1689,Business,Electronics,Shanghai,Shanghai,China,2021-02-28,Active
fae5b1f3-c8ba-4af8-872b-a270cf937195,Global Imports 1690,Business,Retail,Singapore,Singapore,Singapore,2025-10-02,Active
e3919cdd-eeab-44c5-b0f2-690bfa910a23,Apex Trading 1691,Business,Electronics,Hyderabad,Karnataka,India,2023-11-20,Active
4c36d952-50c1-41b7-911c-bdbfa9c0948e,Omni Imports 1692,Business,Pharma,London,London,United Kingdom,2020-01-13,Active
d7e14921-0c9e-44ff-9dfa-3ada0098f3fe,Zenith Imports 1693,Business,Chemicals,Ningbo,Ningbo,China,2018-07-01,Active
b59724cb-8191-4a7f-ba4b-1f83d2154f4f,Apex Trading 1694,Business,Pharma,Los Angeles,Los Angeles,United States,2019-05-16,Active
1b6358eb-747a-4998-861c-cefa502448ea,Trident Imports 1695,Business,Textiles,Osaka,Osaka,Japan,2021-11-28,Inactive
4abea16d-488a-4081-8f8e-25e117310528,Zenith Retail 1696,Business,E-commerce,Abu Dhabi,Abu Dhabi,UAE,2025-11-24,Active
1bc252b9-414d-4e11-8840-d3daefcc2502,Prime Imports 1697,Individual,Food Processing,Los Angeles,Los Angeles,United States,2019-11-19,Inactive
f8d225c6-4371-40a2-93a0-f9ca661f5582,Global Logistics 1698,Business,Chemicals,Abu Dhabi,Abu Dhabi,UAE,2023-11-15,Inactive
8887bb87-2021-47ca-b521-68b55f2d6377,Vertex Trading 1699,Business,E-commerce,Mumbai,Maharashtra,India,2023-04-14,Active
d8f56315-f2fd-47c5-a6b8-d5bb39259848,Zenith Industries 1700,Individual,Food Processing,Rotterdam,Rotterdam,Netherlands,2023-12-04,Active
93b5d62d-c96d-4367-bb40-9df60cb81bbf,Global Imports 1701,Business,E-commerce,Singapore,Singapore,Singapore,2018-07-23,Active
c887ac44-68d2-4592-81dd-696cdf19243f,Omni Exports 1702,Business,Textiles,Amsterdam,Amsterdam,Netherlands,2020-01-22,Active
5a5feebe-7227-43f0-9305-586a5aa83fe8,Omni Retail 1703,Business,Pharma,Singapore,Singapore,Singapore,2023-09-03,Active
98d84e5f-f409-4b79-8a85-51ae110db136,Vertex Trading 1704,Business,FMCG,Busan,Busan,South Korea,2018-05-12,Active
ad8041a4-fb3a-43b3-9c49-7cfb03622017,Vertex Imports 1705,Business,Food Processing,Shenzhen,Shenzhen,China,2025-12-29,Active
8d28fc7e-177e-4f44-8c5c-63875f259412,Vertex Industries 1706,Business,Industrial Machinery,Dubai,Dubai,UAE,2025-07-10,Active
043e4216-924c-43b4-a7a8-e042a9da51c8,Prime Industries 1707,Business,Automotive,Mumbai,Maharashtra,India,2022-05-05,Active
ad99235d-08d6-4031-9c6c-1cf94bef0042,Prime Imports 1708,Business,Retail,Shenzhen,Shenzhen,China,2020-08-13,Active
25e26a90-5ba5-401b-b201-3a18575043bd,Nexa Retail 1709,Business,FMCG,Ningbo,Ningbo,China,2024-05-07,Active
0c8a072f-6113-40b8-bea4-535e97032299,Global Trading 1710,Business,Electronics,Sharjah,Sharjah,UAE,2020-01-01,Active
2c71c00d-2134-450a-9676-1bbbb3090ff7,Omni Trading 1711,Business,Electronics,Singapore,Singapore,Singapore,2023-06-02,Active
03b648a5-25dd-44b5-a185-f18065cd95b3,Omni Exports 1712,Business,FMCG,Los Angeles,Los Angeles,United States,2025-10-23,Inactive
5927798c-3b23-47b9-a9c6-48b5c69feae7,Apex Imports 1713,Business,Electronics,Shanghai,Shanghai,China,2023-11-21,Active
a05d0a42-ccc5-45c9-b909-1b91a3c92f77,Prime Trading 1714,Individual,Textiles,London,London,United Kingdom,2025-01-22,Active
8d263bd5-449f-4782-b345-efb9269f59a3,Apex Industries 1715,Business,Automotive,Singapore,Singapore,Singapore,2018-07-09,Active
e523a59d-228d-4efa-8504-55ece0952090,Omni Industries 1716,Individual,Retail,Singapore,Singapore,Singapore,2019-04-12,Active
f4d44854-1710-410f-a558-20781b9a3439,Apex Logistics 1717,Business,FMCG,Busan,Busan,South Korea,2020-03-14,Active
7a06183e-8b8d-42f1-a06f-d3bf605d0f8f,Omni Retail 1718,Business,FMCG,Singapore,Singapore,Singapore,2019-08-15,Active
518c58da-4378-4227-8cd0-c903369ba4a7,Apex Exports 1719,Individual,Pharma,Sharjah,Sharjah,UAE,2019-06-29,Active
41e1fba7-daff-4ffc-99ce-82a90daa97f3,Global Exports 1720,Business,Retail,Kolkata,Tamil Nadu,India,2020-07-12,Active
df1045b4-85c5-418a-9848-27cc8e46114f,Global Imports 1721,Business,Chemicals,Hamburg,Hamburg,Germany,2021-11-10,Active
9cd0d4c2-e1f5-44d2-aa9a-e58665e613c7,Nexa Imports 1722,Business,E-commerce,Shenzhen,Shenzhen,China,2018-01-22,Active
d15c36e8-4f02-4390-8d1e-159fb558f37d,Trident Exports 1723,Business,Industrial Machinery,Singapore,Singapore,Singapore,2020-03-06,Active
01af5abf-36e2-4fca-96e4-e4dab9d68894,Global Imports 1724,Business,Automotive,Bremen,Bremen,Germany,2019-06-05,Active
ae1a98c9-4d0e-4fc7-a1ce-b7516a531080,Omni Imports 1725,Individual,FMCG,Felixstowe,Felixstowe,United Kingdom,2024-10-27,Active
0cb84485-8d6b-4894-94de-f58c2dd1e171,Zenith Retail 1726,Business,Pharma,Singapore,Singapore,Singapore,2020-10-14,Active
aacd434e-2ef6-4691-b0fb-8434ad80f45f,Trident Logistics 1727,Individual,Food Processing,Singapore,Singapore,Singapore,2019-08-12,Active
527db49a-7860-4647-9e0a-47f73891570b,Vertex Trading 1728,Business,Food Processing,Shenzhen,Shenzhen,China,2022-01-09,Active
5bac1e02-ad3e-452f-a8d6-56c5db5befca,Apex Industries 1729,Business,Automotive,Osaka,Osaka,Japan,2018-04-24,Active
ab3d009c-bb0b-443e-9309-5395ebc4a64f,Trident Trading 1730,Individual,Chemicals,Felixstowe,Felixstowe,United Kingdom,2022-01-31,Active
9e38896b-0025-4ceb-998b-cd819ac4b659,Prime Retail 1731,Business,Pharma,New York,New York,United States,2025-04-16,Active
1666683b-f2ae-46d2-9c8e-290dd030b87d,Trident Imports 1732,Individual,Pharma,Hamburg,Hamburg,Germany,2021-04-26,Active
4a9873bf-d7ec-4150-b250-705f727b6990,Zenith Retail 1733,Business,Textiles,Amsterdam,Amsterdam,Netherlands,2025-10-22,Active
a09a2c75-cb82-464b-9696-3cdc5eae7555,Apex Industries 1734,Business,E-commerce,Seoul,Seoul,South Korea,2023-02-12,Active
1f380289-664e-4ae8-ac90-cc88b379af17,Zenith Logistics 1735,Business,FMCG,Amsterdam,Amsterdam,Netherlands,2018-09-08,Active
19c5e1e9-d176-4715-bf34-679790a41b7d,Nexa Retail 1736,Business,Pharma,Seoul,Seoul,South Korea,2021-12-09,Active
312c3d25-20eb-483e-9f79-e2e6a23a6ca7,Vertex Industries 1737,Business,E-commerce,New York,New York,United States,2018-08-28,Active
72967cd6-52d3-49c8-bb6f-1901e16dde59,Prime Retail 1738,Individual,Automotive,Seoul,Seoul,South Korea,2024-04-20,Active
16be3076-7b72-4dd7-b472-2175fb48ef33,Prime Retail 1739,Business,Electronics,Bremen,Bremen,Germany,2022-11-14,Active
36b673db-253c-4aa8-8f6c-2fff4db51303,Apex Exports 1740,Business,Electronics,Bengaluru,Delhi,India,2019-07-10,Active
add25ec7-1191-4a5b-a1f3-60bfaae43dc0,Zenith Imports 1741,Business,Chemicals,Dubai,Dubai,UAE,2021-07-08,Active
5282ab99-3b8d-4a28-8f66-a6c687de73f8,Vertex Industries 1742,Business,Automotive,Sharjah,Sharjah,UAE,2020-09-26,Active
2cdddc4b-39e6-4699-90ff-9311c8f8e33b,Global Imports 1743,Business,Industrial Machinery,Dubai,Dubai,UAE,2020-03-10,Active
5b730fb2-c97b-45d5-b6d0-2ad5c5467adf,Nexa Exports 1744,Business,Chemicals,Chicago,Chicago,United States,2024-08-05,Active
f042326d-dff2-4a04-a181-8f9aa5b43055,Prime Industries 1745,Business,Industrial Machinery,Incheon,Incheon,South Korea,2020-02-20,Active
c9a31ed4-6d94-4597-81d5-212027a1fe73,Zenith Logistics 1746,Business,FMCG,Chennai,Tamil Nadu,India,2021-12-17,Active
f78323b1-d03c-423b-9573-03b814e95b7f,Global Retail 1747,Business,FMCG,Singapore,Singapore,Singapore,2018-02-25,Active
378640d2-f379-4aaa-a44b-41ceb55eb494,Prime Trading 1748,Business,FMCG,Ahmedabad,Karnataka,India,2024-12-26,Inactive
432b1928-1806-4030-a27d-1aefdf4cc094,Nexa Imports 1749,Business,Automotive,Seoul,Seoul,South Korea,2024-09-27,Active
4ea926ed-1b07-4c4f-8f91-d7cc22bc9364,Prime Retail 1750,Business,Retail,Tokyo,Tokyo,Japan,2021-05-19,Active
501086d4-2c49-45eb-8829-a1e2c2225b14,Prime Imports 1751,Business,Automotive,Los Angeles,Los Angeles,United States,2019-06-05,Active
22e1d3d4-3927-46ab-bf91-cfdd69aa35e0,Prime Logistics 1752,Business,FMCG,Felixstowe,Felixstowe,United Kingdom,2021-08-24,Active
81da3b0b-176e-4b53-9cce-8a0f601847e3,Global Logistics 1753,Business,Industrial Machinery,Singapore,Singapore,Singapore,2024-09-11,Active
a656e47c-aeeb-4c2a-803c-196d5012b4ef,Prime Logistics 1754,Business,Food Processing,Bremen,Bremen,Germany,2022-10-10,Active
98248a81-e99e-43b8-960d-73abcebc27fe,Nexa Exports 1755,Business,Automotive,Guangzhou,Guangzhou,China,2025-03-14,Active
a1160046-4ff3-49de-9619-65c1d0313be2,Trident Trading 1756,Business,Electronics,Abu Dhabi,Abu Dhabi,UAE,2019-05-10,Active
60397f43-fa3d-4491-b20e-21a70c57fdad,Omni Trading 1757,Business,Textiles,Sharjah,Sharjah,UAE,2022-09-15,Inactive
458a1efe-28fd-43f8-a97b-3c75ee714136,Nexa Industries 1758,Business,Retail,Incheon,Incheon,South Korea,2019-03-08,Active
d08de821-ab1a-4419-8ca0-8d7c75f7b80c,Nexa Logistics 1759,Business,Electronics,Seoul,Seoul,South Korea,2020-04-08,Active
a872a941-f2ae-4d1f-a6ec-9c804cf5bb8b,Prime Imports 1760,Business,Textiles,Houston,Houston,United States,2018-10-01,Active
aa73bef1-94a8-4cb6-8a45-e3f4511e8f65,Apex Retail 1761,Business,Electronics,Busan,Busan,South Korea,2023-07-26,Active
fa3da45e-2963-4ef8-806d-ab9cb50718e8,Zenith Imports 1762,Business,Industrial Machinery,Felixstowe,Felixstowe,United Kingdom,2020-11-03,Active
864a3a88-bcd9-41e6-8e6a-bb9256239fda,Vertex Trading 1763,Business,Retail,Felixstowe,Felixstowe,United Kingdom,2023-12-04,Active
39e571fc-99b4-492f-bde2-dca876e000c7,Prime Logistics 1764,Business,FMCG,Incheon,Incheon,South Korea,2025-07-29,Inactive
beab3cd0-682f-4c0e-9289-8e56d8978501,Prime Trading 1765,Business,Textiles,Hamburg,Hamburg,Germany,2022-08-14,Active
7b864b3b-b8de-4c11-baff-9f6f94b9f685,Trident Imports 1766,Business,Industrial Machinery,Shenzhen,Shenzhen,China,2025-05-22,Active
5ac72bfb-34b6-4f2e-bed1-920a10bd3036,Omni Retail 1767,Business,FMCG,Busan,Busan,South Korea,2020-10-18,Active
2f6d1ddb-2e89-46ff-99aa-876fce301bc8,Global Trading 1768,Business,Automotive,Amsterdam,Amsterdam,Netherlands,2023-07-08,Active
122a593f-b5bb-4a48-967a-fca7521a0a6b,Omni Retail 1769,Business,E-commerce,Hamburg,Hamburg,Germany,2021-03-07,Active
dc2af31a-17fe-4463-ab0a-2df04313e034,Zenith Trading 1770,Business,FMCG,Rotterdam,Rotterdam,Netherlands,2025-05-25,Active
b465570b-7200-49ef-8d53-d9b250705c7d,Prime Trading 1771,Individual,Pharma,Osaka,Osaka,Japan,2021-01-24,Active
36166426-2824-41c2-9f09-84c598b6d922,Omni Trading 1772,Business,Food Processing,Yokohama,Yokohama,Japan,2022-06-10,Active
b4fb644d-72e5-45e1-8558-122691993dd9,Vertex Industries 1773,Business,Food Processing,Tokyo,Tokyo,Japan,2024-04-20,Active
25acbcd8-cbc0-44f6-94a1-0c765470ff8b,Zenith Exports 1774,Business,FMCG,Chicago,Chicago,United States,2019-09-11,Active
7138f7cb-b925-4ef1-a5ef-00ada8214f73,Prime Retail 1775,Business,Chemicals,Kolkata,West Bengal,India,2023-11-17,Active
15e34783-12f8-4174-823a-71b0cf99878e,Omni Trading 1776,Business,Pharma,Singapore,Singapore,Singapore,2018-10-18,Active
b6712018-e92d-464b-b6a3-c2115029ee8b,Apex Retail 1777,Business,Retail,Abu Dhabi,Abu Dhabi,UAE,2025-02-03,Inactive
2add6350-6a9b-4479-989b-9e3eb582697e,Apex Imports 1778,Individual,E-commerce,Frankfurt,Frankfurt,Germany,2019-12-07,Active
951fa5d0-c3f9-48c4-950a-2bbe58b87bec,Trident Imports 1779,Business,Electronics,Chennai,Delhi,India,2018-02-09,Inactive
f0ce06a5-19f0-476d-aa58-7e3b0ebd0ea5,Apex Imports 1780,Business,Retail,Bremen,Bremen,Germany,2019-03-03,Active
70b4c6e6-7ed9-4c80-af19-d91b9c907a66,Zenith Logistics 1781,Individual,Pharma,Singapore,Singapore,Singapore,2025-07-28,Inactive
30158521-ef85-4023-9dbf-a2a7f858c153,Apex Imports 1782,Business,E-commerce,Shanghai,Shanghai,China,2020-04-20,Active
dec32b3d-e5c2-4796-9911-626a5fac6129,Apex Industries 1783,Business,FMCG,Amsterdam,Amsterdam,Netherlands,2022-07-28,Active
739ac6f8-f15f-4c02-8703-d44b7c1b23ab,Nexa Industries 1784,Business,Textiles,Manchester,Manchester,United Kingdom,2022-12-10,Active
b7077b5f-2fd0-41a2-8694-dc1b7aeb8f85,Vertex Exports 1785,Business,Food Processing,Seoul,Seoul,South Korea,2023-12-08,Active
930ba5e0-63a4-4a5b-b7a9-81d53a425bc5,Trident Retail 1786,Business,Industrial Machinery,Bremen,Bremen,Germany,2020-05-20,Active
bbc19dd3-23a7-4fe3-83b2-4bc8af04df48,Global Retail 1787,Business,Chemicals,Singapore,Singapore,Singapore,2022-08-23,Active
c680fe2c-7290-4b1c-938b-eb7ab2adb152,Zenith Retail 1788,Business,Retail,Singapore,Singapore,Singapore,2021-02-20,Active
ea7ba195-0a48-484c-9dd7-55bcb7364e62,Apex Logistics 1789,Business,E-commerce,Amsterdam,Amsterdam,Netherlands,2021-04-15,Active
80107a57-15cb-43de-bfba-fb285a08622c,Apex Exports 1790,Business,Industrial Machinery,Abu Dhabi,Abu Dhabi,UAE,2018-02-20,Inactive
3557de77-bd16-411c-bf8e-b5925adaa99c,Nexa Trading 1791,Business,Textiles,Osaka,Osaka,Japan,2018-05-09,Active
161892d2-d666-40de-8f35-a7b7dc676f61,Zenith Imports 1792,Individual,E-commerce,Bengaluru,Tamil Nadu,India,2023-09-25,Active
20b74359-feb4-4143-9bd6-e987a34df926,Global Trading 1793,Business,Textiles,Frankfurt,Frankfurt,Germany,2024-05-03,Active
7212309f-433e-463f-9edc-7a4ff353834e,Vertex Exports 1794,Individual,Industrial Machinery,Hamburg,Hamburg,Germany,2023-07-06,Inactive
d408cfc2-04a2-4183-a54d-6dd4ff17d86e,Trident Trading 1795,Business,FMCG,Felixstowe,Felixstowe,United Kingdom,2024-08-19,Active
dbde4a28-ec7c-4fcc-91bb-f1e99083d28a,Vertex Imports 1796,Business,Textiles,Houston,Houston,United States,2019-01-10,Active
e5fac047-f7c7-4538-956c-84eb1b95679d,Omni Imports 1797,Individual,Chemicals,Rotterdam,Rotterdam,Netherlands,2022-05-30,Active
10296628-8282-4545-a73d-f27ef6777692,Trident Imports 1798,Business,Textiles,Houston,Houston,United States,2019-11-10,Active
fd735649-9322-42aa-a308-fff8c6d95d7f,Nexa Exports 1799,Business,Textiles,Shenzhen,Shenzhen,China,2019-02-19,Active
cc1e7f78-184b-42e6-a096-dabdc5dd02dc,Apex Retail 1800,Business,E-commerce,Ahmedabad,Telangana,India,2023-02-05,Active
2fbe2512-3c7a-4815-b803-b375d4c21643,Omni Trading 1801,Business,Chemicals,Hyderabad,Gujarat,India,2020-02-27,Active
eab1d462-5df8-437f-8f74-20cee19156d9,Apex Industries 1802,Business,Automotive,Singapore,Singapore,Singapore,2024-03-16,Active
038d962e-4b7c-4385-8944-c471d101192a,Prime Imports 1803,Business,Chemicals,Bengaluru,Maharashtra,India,2019-02-09,Active
2482a13a-d564-488b-bf39-c38938d4d70a,Zenith Retail 1804,Business,Textiles,Shenzhen,Shenzhen,China,2018-09-16,Active
7808f013-52a5-409a-aa9f-c73115d7ab2e,Vertex Imports 1805,Business,FMCG,Rotterdam,Rotterdam,Netherlands,2022-10-05,Inactive
843314cd-d608-415b-bbb4-e44699fb623c,Omni Trading 1806,Individual,Automotive,Abu Dhabi,Abu Dhabi,UAE,2022-06-07,Active
f5bcc37e-e3af-47f1-9f72-a9a643a9d86b,Apex Trading 1807,Individual,Automotive,Guangzhou,Guangzhou,China,2019-03-05,Active
35b09456-6975-4f5d-9753-da7c810bdc9d,Prime Imports 1808,Business,Retail,London,London,United Kingdom,2024-11-15,Active
19c0494f-f97c-442a-928c-ff044396f916,Apex Retail 1809,Business,Electronics,Frankfurt,Frankfurt,Germany,2025-01-25,Active
cc053c04-a1ad-4994-aca5-6d60204d1dea,Omni Retail 1810,Business,Chemicals,Rotterdam,Rotterdam,Netherlands,2019-08-28,Active
73e594e2-b3e9-4fff-8393-7b3921e5825e,Vertex Industries 1811,Business,Industrial Machinery,Hamburg,Hamburg,Germany,2025-11-15,Inactive
c453cf7b-6b3d-4727-8d1c-b81c9c3a3c6d,Omni Imports 1812,Business,Automotive,Shenzhen,Shenzhen,China,2024-01-28,Active
eb173f98-2f40-4115-b2b3-eab215bfbf8e,Nexa Retail 1813,Individual,Retail,Hyderabad,Gujarat,India,2025-03-12,Active
2f05d1f1-75a0-4c7d-a8e7-35cd9de2060e,Prime Industries 1814,Business,Automotive,Kolkata,Telangana,India,2025-03-04,Active
dc9f1fd5-215f-4dbc-a2bf-c9f6375cfb25,Nexa Trading 1815,Business,Pharma,Sharjah,Sharjah,UAE,2018-01-05,Active
22693861-cb7f-4adc-8776-9045a2e72ad1,Nexa Exports 1816,Business,Food Processing,Felixstowe,Felixstowe,United Kingdom,2021-07-06,Active
e0172b39-df1f-4896-a1f3-7bf92a363f15,Nexa Imports 1817,Individual,FMCG,Busan,Busan,South Korea,2020-04-20,Active
2b70d57b-2a85-46f5-8fb1-7b43b2cf01e9,Omni Retail 1818,Individual,Retail,Kolkata,Tamil Nadu,India,2022-06-10,Active
ed88e2d8-078f-4a39-8d9d-35ce30273e92,Zenith Exports 1819,Individual,Automotive,Dubai,Dubai,UAE,2024-04-26,Active
41e46cda-4f0b-47f5-a875-25d994244648,Zenith Exports 1820,Business,Chemicals,Kolkata,Karnataka,India,2025-07-23,Active
2cd1a8d9-125b-4622-8f2f-e389e83421c8,Nexa Logistics 1821,Individual,Textiles,Mumbai,Telangana,India,2018-11-07,Active
6a7033fe-8162-45ca-be68-7204daecfdf2,Apex Retail 1822,Business,Pharma,Busan,Busan,South Korea,2024-08-16,Active
8a13bbdb-4e1a-4bc2-be1c-661bc6b61922,Nexa Logistics 1823,Business,Electronics,New York,New York,United States,2023-02-14,Active
e9abfa23-629d-498f-8cc3-7513e160c2e1,Nexa Trading 1824,Business,Textiles,London,London,United Kingdom,2022-08-22,Active
1394a930-725f-4973-acaf-337b1d1bf404,Nexa Exports 1825,Business,Automotive,Rotterdam,Rotterdam,Netherlands,2025-12-12,Active
4fb5a44c-8cf5-4123-812f-7caaf77e1ed6,Zenith Trading 1826,Business,E-commerce,Frankfurt,Frankfurt,Germany,2025-07-21,Active
45eee228-09ac-4b55-89d3-505a1f038165,Nexa Trading 1827,Business,Industrial Machinery,Singapore,Singapore,Singapore,2023-01-15,Active
a05e8406-bc17-4905-8221-3bafde2db0e0,Vertex Trading 1828,Business,Industrial Machinery,Busan,Busan,South Korea,2019-01-04,Active
75e18477-382f-4652-bfa1-c8bdeeffada5,Vertex Exports 1829,Business,Food Processing,Bremen,Bremen,Germany,2025-08-22,Active
e094e5e9-84b9-477f-a517-bc25626fd4b3,Vertex Retail 1830,Business,Food Processing,Hamburg,Hamburg,Germany,2023-03-12,Active
a03721f0-0c92-4c49-8de7-d945f78698c7,Apex Trading 1831,Individual,Automotive,Busan,Busan,South Korea,2022-03-16,Active
94972d67-8933-4794-9bc7-4e9cd7a0a87c,Global Trading 1832,Individual,Chemicals,Felixstowe,Felixstowe,United Kingdom,2025-02-23,Active
296d8ed6-9a23-4994-a2db-0d1653036e95,Nexa Exports 1833,Business,E-commerce,Bremen,Bremen,Germany,2020-08-21,Inactive
a7f2b10c-04a8-48a9-b449-5f254e267ee4,Trident Industries 1834,Business,Pharma,Incheon,Incheon,South Korea,2020-11-27,Active
fd61acb8-eb20-47d0-882e-904cbd1e4bdc,Global Exports 1835,Business,Food Processing,Osaka,Osaka,Japan,2025-11-01,Active
efdce037-6c59-4719-9950-95e32e8afcc4,Nexa Retail 1836,Individual,Electronics,Yokohama,Yokohama,Japan,2021-07-08,Active
145d8bd3-8e7c-4ea8-9be6-6ae7fa578676,Zenith Industries 1837,Business,FMCG,Manchester,Manchester,United Kingdom,2025-07-31,Active
43b8ccbd-ac05-45f2-aebe-2b07422b1a48,Omni Exports 1838,Business,Food Processing,Rotterdam,Rotterdam,Netherlands,2021-04-01,Active
71fbe213-2d4f-4c8e-8495-65767049fe9d,Vertex Industries 1839,Business,E-commerce,London,London,United Kingdom,2021-07-06,Inactive
8dc3eba2-734e-4f37-bd4d-df9347cf94e8,Global Imports 1840,Business,Textiles,Felixstowe,Felixstowe,United Kingdom,2023-12-26,Active
1fef3570-55cf-49f7-b9b7-a1ad705be736,Zenith Imports 1841,Business,E-commerce,Ahmedabad,Tamil Nadu,India,2020-01-04,Active
040988db-5422-4f5c-85d2-99d52ca3846f,Vertex Retail 1842,Business,Pharma,Singapore,Singapore,Singapore,2019-05-31,Active
070472c5-55df-4b46-8bfd-236e7905f7de,Prime Logistics 1843,Business,Automotive,Frankfurt,Frankfurt,Germany,2023-02-16,Active
87ee12d1-762a-457c-92e7-7dfbbd0b387f,Zenith Imports 1844,Business,Chemicals,Manchester,Manchester,United Kingdom,2024-09-18,Active
996a7cf7-a183-4b40-9ab4-efa666232b0d,Omni Exports 1845,Business,Pharma,Osaka,Osaka,Japan,2018-01-16,Active
4b8f0c44-fe14-4b55-98de-3a7294733c18,Vertex Imports 1846,Business,Pharma,Seoul,Seoul,South Korea,2025-06-13,Active
d0a691fc-5e0a-4d0a-953b-3abaee3cf693,Trident Retail 1847,Business,Automotive,Sharjah,Sharjah,UAE,2022-04-06,Active
c72223d4-227e-4f7e-af50-afe03244dfd7,Global Exports 1848,Business,FMCG,Singapore,Singapore,Singapore,2025-02-14,Active
91ae1c91-8c8d-4cd7-aec5-696ee1e32e11,Global Industries 1849,Business,Chemicals,Incheon,Incheon,South Korea,2021-01-02,Active
b5fbc561-2b42-441e-ab02-d91aa4ca6f78,Apex Trading 1850,Business,Food Processing,Chennai,Gujarat,India,2022-06-08,Active
c8ac2add-b2df-4bdd-8cb6-0ab7b2f60be8,Nexa Exports 1851,Individual,Pharma,Seoul,Seoul,South Korea,2020-05-09,Active
a7c6491d-8398-4a1a-aa4f-dd859bd9e6a1,Trident Trading 1852,Individual,Electronics,Felixstowe,Felixstowe,United Kingdom,2021-09-11,Active
e09dc12a-7af6-44ee-a926-1cad41bd5422,Global Retail 1853,Business,Retail,Singapore,Singapore,Singapore,2024-02-12,Active
2be800cc-879e-4c3b-9d39-b69d5e0c2a7b,Prime Imports 1854,Business,Chemicals,Ningbo,Ningbo,China,2018-10-22,Active
ae287e95-b5eb-4315-a401-d0ba28b1022b,Vertex Industries 1855,Business,Industrial Machinery,Manchester,Manchester,United Kingdom,2024-12-17,Active
39b09c3c-407e-428d-8a8a-9e3f604874d0,Global Trading 1856,Business,Retail,Tokyo,Tokyo,Japan,2018-09-17,Active
d7f1a5d5-6e2b-4d88-b1a8-85879e1f5f2e,Zenith Imports 1857,Business,FMCG,London,London,United Kingdom,2022-07-15,Active
5d839d20-7928-4a49-9d6f-28b6779bb5c8,Trident Trading 1858,Individual,Retail,Manchester,Manchester,United Kingdom,2024-07-25,Active
4a485ec6-0165-4956-804a-f8b77771b5af,Trident Exports 1859,Business,Chemicals,Shenzhen,Shenzhen,China,2025-06-17,Active
a7d3a45e-7a5c-4436-b82c-097d13bcf17f,Trident Logistics 1860,Individual,Electronics,Rotterdam,Rotterdam,Netherlands,2023-04-26,Active
e38079a3-787d-47bc-9937-0728901e080b,Trident Industries 1861,Business,Electronics,Felixstowe,Felixstowe,United Kingdom,2018-08-18,Active
6bd1583d-ba33-4fc9-83ca-ce514c2a962d,Nexa Logistics 1862,Business,Retail,Houston,Houston,United States,2019-01-25,Active
a6f1560f-b8eb-4d85-9cfc-6c5c36976835,Zenith Imports 1863,Business,E-commerce,Felixstowe,Felixstowe,United Kingdom,2022-07-10,Active
6eea867f-97ff-4ca3-a1e6-2508b62be0a4,Apex Trading 1864,Business,Textiles,Hyderabad,Gujarat,India,2024-01-01,Active
2d8d9ce6-8b2b-4c55-bc41-ba47d9d19e19,Nexa Trading 1865,Business,Retail,Chennai,Delhi,India,2018-07-27,Active
f25566d7-e616-452a-bc29-8ff0a355b7e0,Prime Logistics 1866,Business,Pharma,Osaka,Osaka,Japan,2020-03-05,Active
131dcb67-6bb5-4a13-aaa3-6b8cad859f72,Vertex Imports 1867,Business,Electronics,Felixstowe,Felixstowe,United Kingdom,2020-12-17,Active
007753b7-d792-42f3-b13c-ed2f4dc2be4e,Trident Imports 1868,Business,Pharma,Bremen,Bremen,Germany,2023-10-24,Inactive
c9c4103f-3670-4a63-bd22-02d5d1a75353,Trident Trading 1869,Business,Electronics,Frankfurt,Frankfurt,Germany,2020-10-20,Active
d396d97d-da8e-446c-939f-4f63d49cdbe0,Prime Retail 1870,Business,FMCG,Bengaluru,Karnataka,India,2020-04-08,Active
7635eb78-13c8-4229-98c9-30c2344d6462,Trident Imports 1871,Business,Retail,Shanghai,Shanghai,China,2021-01-16,Active
abcf4bdd-b699-4cb0-ba8b-944a47b89cfc,Global Industries 1872,Business,Electronics,Bremen,Bremen,Germany,2019-12-18,Active
0f5cdc46-f45b-4c6e-a0d6-0bdf188afd4b,Apex Trading 1873,Individual,FMCG,Tokyo,Tokyo,Japan,2022-12-29,Inactive
9a762998-dde4-4a9b-9ae1-6d2b87d5bbee,Nexa Trading 1874,Business,FMCG,Incheon,Incheon,South Korea,2025-04-26,Active
910bc1bc-0ecd-4a4d-9d03-280c77e9ceb1,Prime Logistics 1875,Individual,Industrial Machinery,Sharjah,Sharjah,UAE,2025-08-05,Active
7c1ed7b4-3686-42af-a347-37e45cbf1044,Global Industries 1876,Business,Chemicals,Bremen,Bremen,Germany,2021-02-09,Inactive
1a67ee92-38ec-460d-a8a3-8c154532a420,Omni Industries 1877,Business,Chemicals,Frankfurt,Frankfurt,Germany,2018-01-16,Active
7784925e-6821-4d60-9387-4b8b0ff77063,Global Exports 1878,Business,Chemicals,Chicago,Chicago,United States,2021-01-14,Inactive
6e7cf325-3c60-428a-8d53-445a1c7079d1,Global Retail 1879,Business,Chemicals,London,London,United Kingdom,2020-12-23,Active
cf666c25-85db-415b-a49f-0571d68ced75,Omni Retail 1880,Individual,Chemicals,Felixstowe,Felixstowe,United Kingdom,2020-09-05,Active
e35eed2d-49d4-4d61-8fc7-331ef890f9f3,Trident Imports 1881,Business,FMCG,Sharjah,Sharjah,UAE,2018-06-18,Inactive
0a20543c-93fa-4d40-964b-6ad0d01405e2,Trident Industries 1882,Business,Textiles,Abu Dhabi,Abu Dhabi,UAE,2024-04-26,Active
229ee330-b332-4596-a12a-b01f51c5c267,Vertex Trading 1883,Business,Pharma,Tokyo,Tokyo,Japan,2021-05-19,Inactive
d4f45553-9d8a-4b6c-b2fc-5c7d7df1f109,Omni Industries 1884,Business,E-commerce,Ningbo,Ningbo,China,2021-01-15,Active
2bceadf8-b95e-413f-9c38-446d9f5f2ac2,Omni Logistics 1885,Individual,Electronics,Hamburg,Hamburg,Germany,2019-03-17,Inactive
703529df-3bc7-4004-b4c4-7db46028b782,Apex Exports 1886,Business,E-commerce,Ningbo,Ningbo,China,2022-08-11,Active
1786ee6c-18f0-4524-8223-f3cba57908f6,Vertex Retail 1887,Business,Industrial Machinery,Bremen,Bremen,Germany,2022-12-11,Active
d1a27b9a-e6b7-491f-969f-d81bd1744e2a,Global Exports 1888,Business,Chemicals,Bremen,Bremen,Germany,2024-07-06,Active
862c834f-b36d-452d-bc5a-939ddfcecbd0,Global Trading 1889,Business,Industrial Machinery,Felixstowe,Felixstowe,United Kingdom,2025-01-25,Active
eaf66e42-0e7c-485d-bdab-b30b1c6cf20a,Zenith Exports 1890,Business,E-commerce,Guangzhou,Guangzhou,China,2018-10-24,Active
53ff0a8d-2bcc-44a4-8104-7cbddf353f3d,Nexa Retail 1891,Business,Retail,Sharjah,Sharjah,UAE,2019-01-09,Active
f10c432b-abd7-4a4f-beaf-ee92a6b96773,Apex Exports 1892,Business,Industrial Machinery,Houston,Houston,United States,2020-11-15,Active
993cc8bb-b1bd-4307-a293-6e444a438dd6,Apex Trading 1893,Business,Electronics,Incheon,Incheon,South Korea,2022-05-06,Active
11d7ff94-ffdd-46ce-b776-5f3fb8877600,Zenith Industries 1894,Business,FMCG,Singapore,Singapore,Singapore,2022-11-13,Active
2d092ad8-0545-40d5-8a6d-fd93af77cd95,Omni Retail 1895,Business,Food Processing,London,London,United Kingdom,2020-11-19,Active
2949247f-9475-4479-a91a-abc9454f23c9,Vertex Retail 1896,Business,Industrial Machinery,Singapore,Singapore,Singapore,2018-06-05,Active
312dfa16-98cb-4b1f-83de-f690b73533ed,Global Exports 1897,Business,Automotive,Hamburg,Hamburg,Germany,2021-11-12,Active
89bec744-378a-4696-b1e0-c38a02ab0d0d,Trident Retail 1898,Business,E-commerce,Dubai,Dubai,UAE,2019-08-06,Active
8f429dcf-8ec1-414b-9ba1-3cf9bee03dd9,Trident Trading 1899,Individual,Electronics,Kolkata,Delhi,India,2022-11-21,Active
8007c715-31c4-42cd-9fce-0d961a3c6ba4,Trident Industries 1900,Business,Chemicals,Chicago,Chicago,United States,2025-11-29,Active
34c25783-c617-42d7-8ce3-7493892b9766,Global Imports 1901,Individual,Automotive,Bengaluru,Delhi,India,2025-09-16,Inactive
415ec0ed-e2a1-4e6b-bb6f-e6243e3e71d3,Nexa Logistics 1902,Business,FMCG,Shanghai,Shanghai,China,2022-09-18,Active
1413ab30-36bf-480c-a444-b6113adc3966,Nexa Retail 1903,Business,E-commerce,Yokohama,Yokohama,Japan,2018-10-28,Active
aea8c2a0-b6c9-4077-b364-4464e2431580,Global Exports 1904,Business,Pharma,Bremen,Bremen,Germany,2025-08-11,Active
9086b1a1-b4cc-415d-a7f9-25877bea5a49,Prime Imports 1905,Business,Pharma,Dubai,Dubai,UAE,2022-03-05,Active
2ab1cfe1-e4c5-4db8-90fd-16ee544117a6,Prime Industries 1906,Business,Chemicals,Osaka,Osaka,Japan,2022-04-11,Active
e86cc87a-29eb-4eba-b743-79d072c6acef,Zenith Trading 1907,Individual,Food Processing,Singapore,Singapore,Singapore,2022-07-16,Active
6944cf07-3da9-49c7-9d96-7543023318be,Nexa Imports 1908,Business,Retail,Singapore,Singapore,Singapore,2025-08-03,Active
39f84e49-d4b6-4d2d-b3cf-20137a8b0d0b,Prime Retail 1909,Business,E-commerce,Kolkata,Delhi,India,2018-03-06,Active
60642d1d-823a-46c7-8609-8f8cf2a79b49,Nexa Retail 1910,Business,Retail,Rotterdam,Rotterdam,Netherlands,2022-03-15,Active
d6c4f589-f5b7-42aa-9130-6f2ffa5a197a,Global Imports 1911,Business,Industrial Machinery,Manchester,Manchester,United Kingdom,2024-11-06,Active
9554758c-a1c5-4d29-98ca-67f67183867f,Prime Trading 1912,Individual,FMCG,Hamburg,Hamburg,Germany,2018-03-16,Active
8d0446b0-3228-4f83-8efc-dd386e4aee8b,Global Exports 1913,Business,Textiles,Singapore,Singapore,Singapore,2025-05-05,Active
6ed48a93-a77f-4c85-aa92-6f7ebbb44afb,Trident Logistics 1914,Business,Food Processing,Shanghai,Shanghai,China,2018-11-22,Active
75c46eba-f25d-4de7-a4a3-a51b8b4fb023,Trident Industries 1915,Business,FMCG,Dubai,Dubai,UAE,2023-10-02,Active
e7a730a9-ec1e-46e1-9f42-892b7d3276f2,Vertex Logistics 1916,Business,E-commerce,Tokyo,Tokyo,Japan,2025-08-25,Active
d944709b-5c2f-4ac6-ac47-303746655fb0,Trident Retail 1917,Business,Automotive,Amsterdam,Amsterdam,Netherlands,2019-09-01,Active
b5c9d2ab-1129-417d-ba42-ed243c9d9af2,Global Exports 1918,Individual,Electronics,Singapore,Singapore,Singapore,2022-12-29,Active
70d5c27b-4adb-424a-84b6-db98e100109d,Zenith Retail 1919,Business,Pharma,Manchester,Manchester,United Kingdom,2020-04-13,Active
14c579d6-bcde-4f86-85ae-aabcd25d5ced,Vertex Trading 1920,Business,Textiles,Busan,Busan,South Korea,2025-11-03,Active
e676e7f0-55ff-4f5f-94e7-c09694bdd951,Zenith Trading 1921,Business,FMCG,Seoul,Seoul,South Korea,2018-04-14,Active
90356f77-0868-4af8-8a85-bb95773f39b6,Prime Exports 1922,Business,Chemicals,Rotterdam,Rotterdam,Netherlands,2019-02-27,Active
f142e4fa-d23f-4119-9660-3afe53bc07ad,Nexa Exports 1923,Business,Industrial Machinery,Incheon,Incheon,South Korea,2022-12-11,Active
a9012f86-97ec-4527-9d16-d0b4e2a02a66,Vertex Industries 1924,Business,FMCG,Manchester,Manchester,United Kingdom,2018-10-03,Active
f5f8a6b7-9cb3-4153-b424-27d527bcfaed,Global Industries 1925,Business,Retail,Yokohama,Yokohama,Japan,2023-07-19,Active
7e184556-3893-4ba6-b276-88c412716389,Omni Retail 1926,Business,Industrial Machinery,Busan,Busan,South Korea,2025-07-13,Inactive
fc6cb88e-5c70-41a0-a28a-26b467ae4abc,Trident Exports 1927,Individual,Textiles,Houston,Houston,United States,2023-04-15,Inactive
7efc3da7-5ae3-47b2-a75c-d727f0aa7368,Nexa Trading 1928,Business,Automotive,Sharjah,Sharjah,UAE,2025-07-31,Active
cfe75a40-b1af-4b9d-b681-701b21458f66,Trident Logistics 1929,Business,Textiles,Frankfurt,Frankfurt,Germany,2020-04-11,Active
708d8614-a5d2-4764-9d7d-872fbffad9b2,Global Exports 1930,Business,E-commerce,Houston,Houston,United States,2023-09-13,Active
d7143e7c-f466-4bbe-9145-c87832951109,Global Trading 1931,Business,Pharma,Bengaluru,Gujarat,India,2018-10-02,Active
2312a29c-5261-4e92-9093-9c0a5dc0d493,Omni Exports 1932,Individual,Industrial Machinery,Mumbai,Karnataka,India,2018-06-23,Active
995fa90d-5726-4395-8746-acdb6d8ad24c,Prime Retail 1933,Business,Industrial Machinery,London,London,United Kingdom,2020-11-05,Active
dfc6f941-f233-4c24-b0a0-5d024d4243ff,Global Logistics 1934,Business,Chemicals,Delhi,Karnataka,India,2025-02-03,Active
851a15c8-0c68-47a4-9858-75d9261c8444,Zenith Retail 1935,Individual,Retail,Singapore,Singapore,Singapore,2019-04-18,Inactive
5a8408f8-a5b8-4fe1-ae87-29d7255e239a,Zenith Retail 1936,Business,Automotive,Shenzhen,Shenzhen,China,2025-02-03,Active
c5b0f4c3-d0d2-4cd2-ba1a-871f6a24f6fc,Zenith Imports 1937,Business,Textiles,Chicago,Chicago,United States,2020-04-22,Active
d8e6a34e-6abb-42b9-8b98-99cbd3a199b8,Nexa Retail 1938,Business,E-commerce,New York,New York,United States,2019-02-08,Active
6326dbc9-571d-480d-9a6d-270c60ca355c,Nexa Exports 1939,Business,Pharma,Rotterdam,Rotterdam,Netherlands,2023-08-22,Active
8a0232f9-b3a1-46a1-87d0-4820c81559a3,Prime Retail 1940,Business,Automotive,Tokyo,Tokyo,Japan,2022-03-02,Inactive
a38a3b49-5dc3-408d-963a-781e40fa016a,Prime Imports 1941,Business,E-commerce,Hyderabad,Telangana,India,2021-10-06,Inactive
07714ea0-599e-4a2f-9040-64c261cc7f8f,Vertex Exports 1942,Individual,Food Processing,Chennai,Gujarat,India,2025-10-15,Active
5bd69416-2edf-4349-9786-ee84763132f9,Global Trading 1943,Business,Retail,London,London,United Kingdom,2024-03-21,Active
10b764b8-d593-4565-be8c-2ff421c60954,Trident Exports 1944,Business,Pharma,Tokyo,Tokyo,Japan,2023-06-12,Active
1cf5e508-6add-40b7-95cb-0907d09846e1,Trident Logistics 1945,Business,Pharma,Incheon,Incheon,South Korea,2025-04-03,Active
c41fa64f-725a-4fc6-8c1b-40771432b451,Trident Industries 1946,Business,Automotive,Felixstowe,Felixstowe,United Kingdom,2019-07-14,Active
ee7414ec-6a41-4196-baae-fe21ef9bbd65,Vertex Retail 1947,Business,Food Processing,Guangzhou,Guangzhou,China,2025-02-18,Active
1c9e3166-bee8-440d-b626-f8d552587dce,Apex Industries 1948,Business,Automotive,Houston,Houston,United States,2018-05-12,Active
ad8e5963-23da-4100-be4e-7b5be55723dc,Omni Exports 1949,Business,Food Processing,Tokyo,Tokyo,Japan,2025-04-26,Inactive
aa28f50b-9b3f-406b-bfd9-304408f52c14,Global Exports 1950,Business,Textiles,Kolkata,Delhi,India,2025-08-09,Active
f20cee55-a0a7-4961-93db-5060b2b4ada9,Trident Industries 1951,Business,Food Processing,London,London,United Kingdom,2024-10-08,Active
88a8f682-3ce0-48bb-aeb9-9ab6db8a1d7c,Trident Trading 1952,Business,Industrial Machinery,Felixstowe,Felixstowe,United Kingdom,2018-05-08,Active
b09f9c4c-7da3-420b-bebb-07afb118392c,Zenith Exports 1953,Business,Food Processing,Kolkata,Tamil Nadu,India,2025-09-18,Active
04553d6c-2e49-4af0-a4b4-02086739c768,Trident Logistics 1954,Business,FMCG,Houston,Houston,United States,2020-04-13,Active
c76d9584-a5c9-4549-b733-cbe08bb7c94b,Global Logistics 1955,Business,E-commerce,London,London,United Kingdom,2021-06-26,Inactive
2ca2f4d8-30af-4330-9622-3d036853a3d7,Global Industries 1956,Business,Retail,Manchester,Manchester,United Kingdom,2018-09-20,Active
101ad4c5-9660-4af1-bdeb-5fc0a1353563,Zenith Retail 1957,Business,FMCG,Los Angeles,Los Angeles,United States,2020-01-22,Active
d2698d29-02a5-498c-a39a-320fc214a088,Trident Exports 1958,Business,Food Processing,Guangzhou,Guangzhou,China,2023-11-29,Inactive
96057f19-7a2e-4f45-9a74-f45ae978ef65,Trident Exports 1959,Business,Industrial Machinery,London,London,United Kingdom,2020-03-09,Active
86d23a99-507e-4d58-946c-036f333fbf8d,Omni Industries 1960,Business,E-commerce,Tokyo,Tokyo,Japan,2019-11-05,Active
9dce0e92-f7f0-4a49-835e-7326b36e11f5,Trident Exports 1961,Business,Chemicals,Tokyo,Tokyo,Japan,2019-11-14,Active
ca555f36-9e2e-480f-abfc-dfcd403ac255,Vertex Imports 1962,Business,E-commerce,Guangzhou,Guangzhou,China,2020-01-10,Active
93ed7c64-2fc9-4c59-bceb-2cf56e7016ad,Omni Retail 1963,Business,FMCG,Yokohama,Yokohama,Japan,2018-04-04,Active
e9a6d8e4-1e2d-4b60-b118-804ecd47e26f,Omni Imports 1964,Business,Chemicals,Hyderabad,Delhi,India,2023-09-26,Active
2fc3cf09-e1dd-4ce8-b2d1-39c094b7141c,Trident Exports 1965,Individual,Electronics,Sharjah,Sharjah,UAE,2024-02-05,Active
53045109-b6d0-4559-a124-8bbfca97039f,Global Exports 1966,Business,Textiles,Manchester,Manchester,United Kingdom,2025-09-29,Active
7a77726e-cbf3-4148-8fcc-f728edf6291a,Nexa Trading 1967,Business,Textiles,Bremen,Bremen,Germany,2022-08-18,Active
d7015e6a-f028-475e-853b-72772b6f78ca,Zenith Imports 1968,Business,Electronics,Ningbo,Ningbo,China,2018-03-14,Active
2516f614-9918-4dd0-af1f-8343d59cb7df,Nexa Industries 1969,Business,Automotive,Chicago,Chicago,United States,2019-07-21,Active
c7ab2d43-ca94-4bc1-b365-bbb0d2ea6f0b,Global Imports 1970,Business,Retail,New York,New York,United States,2023-07-22,Active
f67e2d6d-6bf7-4377-91d7-d79cee0a73dc,Omni Exports 1971,Individual,Electronics,Singapore,Singapore,Singapore,2024-09-13,Active
4d3c3134-fcf9-460d-a8f3-a1bdf37171cd,Nexa Retail 1972,Individual,Food Processing,Frankfurt,Frankfurt,Germany,2023-02-17,Active
7832975b-a59d-4e3f-9b7c-273da2ce1cbe,Omni Retail 1973,Individual,Industrial Machinery,Manchester,Manchester,United Kingdom,2024-10-06,Active
9c73b08c-97ed-4e40-8330-3f134cd224ed,Trident Exports 1974,Business,Industrial Machinery,Seoul,Seoul,South Korea,2024-02-08,Active
57eb06b6-3016-4c51-a65e-d4dfbb61f351,Apex Imports 1975,Individual,Retail,Abu Dhabi,Abu Dhabi,UAE,2019-08-08,Active
e6a368e9-894e-4a5c-bd49-6f3ca7305e27,Global Imports 1976,Business,Pharma,Tokyo,Tokyo,Japan,2023-03-13,Active
37470eab-df31-4f56-8594-9067bcbbd107,Apex Retail 1977,Business,Industrial Machinery,Busan,Busan,South Korea,2025-06-09,Active
bc3788dc-e3f7-4fa1-8e27-4903c54f9b70,Nexa Industries 1978,Business,E-commerce,Seoul,Seoul,South Korea,2025-04-17,Active
205a231f-2310-4f48-95ba-e2c1714e95dd,Trident Retail 1979,Business,Retail,Manchester,Manchester,United Kingdom,2023-05-25,Active
50ebed10-4002-4be7-a4c6-ea39b733ad7f,Vertex Industries 1980,Business,Automotive,Dubai,Dubai,UAE,2021-05-29,Active
5fd503c1-9106-404d-8a24-d24756b85cd9,Prime Imports 1981,Individual,Chemicals,Dubai,Dubai,UAE,2024-05-21,Inactive
2e72beab-53a6-434c-92ef-00ce06414a48,Global Retail 1982,Business,Automotive,Los Angeles,Los Angeles,United States,2025-04-02,Active
b495cb7d-2230-40df-9b06-36d929628466,Omni Retail 1983,Business,Industrial Machinery,Hamburg,Hamburg,Germany,2021-04-29,Active
a7d00fd1-c83c-4ff7-b3f2-ddaa32fe41cd,Omni Retail 1984,Business,Textiles,Amsterdam,Amsterdam,Netherlands,2025-01-24,Active
bd933168-5cb9-4206-b432-0fd862297cef,Prime Trading 1985,Business,Industrial Machinery,Hamburg,Hamburg,Germany,2023-04-22,Active
86b227ef-4b2f-4898-8c7a-b2182f07c13d,Omni Logistics 1986,Business,Retail,Sharjah,Sharjah,UAE,2025-07-12,Active
ad987dd0-5614-4606-acf5-44430a783617,Apex Retail 1987,Individual,Electronics,Shanghai,Shanghai,China,2025-08-11,Active
30232bc1-7015-43ef-ae79-7b722c5d0335,Vertex Imports 1988,Business,Textiles,Sharjah,Sharjah,UAE,2024-04-11,Active
52a4b46c-89f7-4138-8056-d542ce53477f,Vertex Imports 1989,Business,Pharma,Tokyo,Tokyo,Japan,2019-07-30,Active
fc197ae0-5fc8-40d7-9eb9-5c9207c93513,Apex Exports 1990,Business,Retail,Shenzhen,Shenzhen,China,2025-12-29,Active
28a01043-2620-4986-90c5-f5412c0d4846,Nexa Exports 1991,Business,FMCG,Singapore,Singapore,Singapore,2025-03-21,Active
808072b5-2590-4eec-abbe-3b0cf69ba2ff,Omni Exports 1992,Business,Textiles,Los Angeles,Los Angeles,United States,2023-10-18,Active
d5c4dbe0-5a1a-4c64-9d39-91b560494851,Omni Logistics 1993,Business,Pharma,Chennai,Karnataka,India,2020-05-10,Active
fcabcdc8-1599-4f7f-909c-76432802eefb,Nexa Imports 1994,Business,Pharma,Bengaluru,Tamil Nadu,India,2018-10-17,Active
143df78c-3066-48ef-9c2d-62dbc73f61cb,Prime Logistics 1995,Business,Automotive,Chicago,Chicago,United States,2020-05-20,Active
49143507-dbb8-464b-8a56-1f319a1d4d34,Apex Industries 1996,Individual,Textiles,Manchester,Manchester,United Kingdom,2021-09-03,Active
b0f76136-81c7-42a2-bc46-4ff2ec915504,Omni Trading 1997,Business,Automotive,Singapore,Singapore,Singapore,2021-02-14,Active
24715919-0a6a-4894-9233-89ca43313147,Nexa Imports 1998,Business,Industrial Machinery,Dubai,Dubai,UAE,2025-02-01,Active
6bb2623f-af40-41fc-a4da-49bd8dd0afac,Omni Logistics 1999,Business,Chemicals,Houston,Houston,United States,2024-04-26,Active
fb681cc6-2605-4368-909b-5b68d26ea311,Prime Industries 2000,Business,Chemicals,Busan,Busan,South Korea,2020-07-06,Active
988c3568-071e-4a63-a485-9ec7994ebc6e,Omni Imports 2001,Individual,Electronics,Frankfurt,Frankfurt,Germany,2018-02-28,Active
962c2fb3-efcf-4245-ad4b-fe84d1d45a5d,Prime Imports 2002,Business,E-commerce,Yokohama,Yokohama,Japan,2023-08-02,Active
8b79e1d6-9ea6-49ef-848b-ec230b7848a3,Vertex Imports 2003,Business,FMCG,Chicago,Chicago,United States,2018-07-03,Active
14da1f32-0920-415a-9757-bfc94b529623,Prime Imports 2004,Individual,Automotive,Sharjah,Sharjah,UAE,2018-02-26,Active
6c1f5f9c-5fc8-4f4a-96be-e2ebadb3f307,Zenith Trading 2005,Business,Electronics,Sharjah,Sharjah,UAE,2018-05-31,Active
cd80d179-fef1-40b7-a608-6de85bdd1017,Apex Retail 2006,Business,Food Processing,Sharjah,Sharjah,UAE,2020-07-20,Active
9af05aef-bac5-4e71-a6cb-7c54b5aea60f,Global Retail 2007,Business,Pharma,Abu Dhabi,Abu Dhabi,UAE,2022-01-06,Active
6abae02b-9802-4e80-9350-1ba5ff36b373,Prime Trading 2008,Business,Automotive,New York,New York,United States,2023-01-11,Active
4bc857f1-a1ab-4d1c-a53d-e74ce6a7a9fd,Apex Retail 2009,Business,Textiles,Tokyo,Tokyo,Japan,2024-07-25,Active
893c2e5f-7486-4577-b385-61ddfd3abb20,Apex Logistics 2010,Business,Food Processing,Felixstowe,Felixstowe,United Kingdom,2025-10-05,Active
f1938465-ce94-4524-be08-cd8c39c5c18d,Apex Industries 2011,Business,Pharma,Osaka,Osaka,Japan,2024-12-12,Active
80614857-371b-490e-b183-c36fd0249515,Zenith Industries 2012,Business,Food Processing,Yokohama,Yokohama,Japan,2023-02-28,Active
f7aa3c3f-d026-4bd1-9aac-8ddee0fc0524,Trident Retail 2013,Business,Textiles,Seoul,Seoul,South Korea,2023-04-20,Active
6038010e-f1e5-4384-84f9-8d80fe20fd97,Nexa Trading 2014,Business,Pharma,Rotterdam,Rotterdam,Netherlands,2023-09-23,Active
26e59969-ed11-4a6e-b21f-a73152179dbf,Zenith Logistics 2015,Business,Industrial Machinery,Sharjah,Sharjah,UAE,2018-03-04,Active
077eab70-bb47-497a-b28c-4bf0f412a496,Prime Logistics 2016,Business,FMCG,Rotterdam,Rotterdam,Netherlands,2019-08-21,Active
fb610b56-17ea-4bc1-870f-df890efac57b,Global Industries 2017,Business,E-commerce,New York,New York,United States,2020-10-28,Active
27d38587-3884-41f6-b15b-cc980e776705,Omni Industries 2018,Business,Retail,Yokohama,Yokohama,Japan,2020-12-04,Inactive
76263aa0-bbed-45c9-b15a-f029c443573d,Vertex Retail 2019,Individual,Textiles,Delhi,Tamil Nadu,India,2019-04-14,Active
356e1190-5efa-4d7b-b6da-977aaa028a4d,Nexa Logistics 2020,Individual,Electronics,Frankfurt,Frankfurt,Germany,2019-06-23,Active
6211de08-1189-41f4-aef1-aac6c8d8b238,Vertex Exports 2021,Business,Industrial Machinery,Rotterdam,Rotterdam,Netherlands,2019-05-08,Active
91ede58c-d7a9-4545-87f5-7e59daf735d4,Omni Exports 2022,Business,Textiles,Dubai,Dubai,UAE,2018-12-12,Active
bdae7c2a-6bbb-4ec1-af0a-f158df23b10a,Trident Retail 2023,Individual,Industrial Machinery,Singapore,Singapore,Singapore,2023-08-19,Active
06cab3d8-c15e-4934-8edf-d95585d72d3f,Vertex Imports 2024,Business,Electronics,Tokyo,Tokyo,Japan,2025-10-03,Active
bfeb4d75-56a6-4a8e-8741-10c951aa91d8,Prime Exports 2025,Individual,Chemicals,Amsterdam,Amsterdam,Netherlands,2020-02-12,Active
e0188a2c-7ed7-443b-be49-e47166bcc8d5,Global Logistics 2026,Business,Pharma,Chicago,Chicago,United States,2018-02-26,Active
26cb9d35-9066-4550-ab36-34b62a8c44f0,Prime Trading 2027,Business,Automotive,Dubai,Dubai,UAE,2020-03-09,Active
69c486d5-282d-483c-a273-252d751894b7,Nexa Trading 2028,Business,Retail,Guangzhou,Guangzhou,China,2022-09-25,Inactive
23315861-65eb-492b-b841-d61e4519e9a7,Prime Logistics 2029,Business,FMCG,Los Angeles,Los Angeles,United States,2025-06-10,Active
09a3faee-96f8-42f0-b808-f021b68d7001,Omni Exports 2030,Business,Textiles,Kolkata,West Bengal,India,2024-08-02,Active
00b38f48-5fe6-4e29-a9b5-569e69953a71,Omni Imports 2031,Individual,Industrial Machinery,Shanghai,Shanghai,China,2018-11-12,Active
e8f57794-7ae2-4ba8-925e-92043b185790,Nexa Imports 2032,Business,Textiles,Seoul,Seoul,South Korea,2021-07-28,Active
29132a40-c783-4b39-a571-1edf7f6b3e9f,Trident Imports 2033,Business,Pharma,London,London,United Kingdom,2025-07-15,Active
3a54d6ae-9f62-4f6e-b3e4-c0739a1769b7,Prime Logistics 2034,Individual,E-commerce,Felixstowe,Felixstowe,United Kingdom,2025-11-10,Active
5266f2bf-f42b-415f-83ef-0761ce7bd64b,Nexa Trading 2035,Business,Pharma,Hyderabad,Karnataka,India,2024-08-18,Active
5534a47f-9e1b-487a-b041-be6f777016fa,Nexa Trading 2036,Business,Food Processing,Rotterdam,Rotterdam,Netherlands,2020-04-05,Active
e1a442b3-5bce-41e7-8788-59d8e3ae7a64,Zenith Imports 2037,Business,FMCG,Osaka,Osaka,Japan,2022-07-22,Active
95bcc1cd-3b36-450c-88d8-5d05900f41b7,Apex Exports 2038,Business,Electronics,Tokyo,Tokyo,Japan,2023-06-05,Active
58cfa69b-fed9-4b63-ac43-9d0b6f34e831,Trident Logistics 2039,Business,E-commerce,Shenzhen,Shenzhen,China,2024-09-08,Active
ea9f36f9-eb3c-4fa6-a0b0-b27e06aca684,Trident Exports 2040,Business,Pharma,Abu Dhabi,Abu Dhabi,UAE,2021-04-10,Active
8de0ff33-13c2-47ab-88e4-0932ff332345,Trident Imports 2041,Business,Chemicals,Shenzhen,Shenzhen,China,2024-05-20,Active
7489606b-fdb8-4524-9608-abcb7e893532,Vertex Imports 2042,Business,Automotive,Seoul,Seoul,South Korea,2025-05-09,Active
75cc2045-64c2-4a59-b6a9-7655ce0a80f3,Trident Industries 2043,Business,E-commerce,Guangzhou,Guangzhou,China,2020-05-07,Active
d0495f32-63ac-4a79-ad8a-0de364f63f67,Omni Industries 2044,Business,FMCG,New York,New York,United States,2019-05-27,Active
3ad540c3-6433-45cd-8191-bda90f6682c7,Apex Trading 2045,Business,Electronics,Kolkata,Maharashtra,India,2018-07-25,Inactive
efb8f162-64eb-49eb-845f-d309694a9828,Prime Trading 2046,Business,Textiles,Houston,Houston,United States,2020-06-25,Active
8884fb72-471f-4461-859e-994fca192c7e,Zenith Logistics 2047,Business,Retail,Frankfurt,Frankfurt,Germany,2024-12-23,Active
e542aa04-20b7-4171-b0d6-7879304717cf,Trident Logistics 2048,Business,Automotive,Amsterdam,Amsterdam,Netherlands,2024-08-07,Active
0f5361ff-c144-44d6-a0a3-9f385eac5cb2,Prime Retail 2049,Business,Pharma,Rotterdam,Rotterdam,Netherlands,2022-11-02,Active
0f65bd07-76ca-44f6-b608-b92c20530a73,Omni Logistics 2050,Business,Retail,Bremen,Bremen,Germany,2020-05-25,Active
ad4f6306-d3d8-4b83-b4c8-0c53fe69008e,Zenith Logistics 2051,Business,E-commerce,Bremen,Bremen,Germany,2018-12-13,Inactive
228e0585-840b-4c97-8300-6426e8fcf9dd,Global Industries 2052,Business,Pharma,Bremen,Bremen,Germany,2020-09-30,Active
f0330d10-e3e8-4cad-9f09-83cde776b49a,Prime Trading 2053,Business,Automotive,Seoul,Seoul,South Korea,2024-08-02,Active
c0b86e84-1552-438f-9bda-f894bc78c9b3,Nexa Retail 2054,Business,Automotive,London,London,United Kingdom,2022-11-11,Active
7f5fbbed-a72d-40be-a205-b53c35c1b5af,Nexa Retail 2055,Individual,Retail,Los Angeles,Los Angeles,United States,2018-03-07,Active
fdb4f045-938b-4a2a-af94-c6085211ed12,Omni Imports 2056,Business,Textiles,Ningbo,Ningbo,China,2020-04-25,Active
45dc36f5-0096-42fb-a410-3f7c69d05c6a,Omni Exports 2057,Business,Pharma,Frankfurt,Frankfurt,Germany,2024-01-05,Active
2a1e6ecf-ed1b-48b4-989b-432f2f08162e,Nexa Exports 2058,Business,Industrial Machinery,Yokohama,Yokohama,Japan,2021-11-25,Active
0edf1086-c25e-4054-860e-a0ccf67b088e,Trident Industries 2059,Business,FMCG,Frankfurt,Frankfurt,Germany,2018-02-15,Active
07b47b71-2061-4aaf-804a-9273cb0b4fd5,Vertex Trading 2060,Business,Chemicals,Busan,Busan,South Korea,2019-11-05,Inactive
bf06452e-e97b-42f2-ab4c-e4aced06aa3d,Vertex Industries 2061,Business,FMCG,New York,New York,United States,2022-08-10,Inactive
cfcf0a22-9e6b-431c-9231-c7f56035afad,Prime Trading 2062,Business,Textiles,Felixstowe,Felixstowe,United Kingdom,2025-04-11,Active
85c354ce-c933-43ca-8495-175036e3637e,Nexa Trading 2063,Business,Chemicals,Singapore,Singapore,Singapore,2022-03-20,Active
be94040b-555e-4c2c-a646-f443fb2749bf,Global Logistics 2064,Business,Chemicals,Hamburg,Hamburg,Germany,2019-07-29,Active
104933ce-cb6f-4da8-aa49-5b2e7fb4a75d,Omni Retail 2065,Business,Textiles,Sharjah,Sharjah,UAE,2019-06-20,Active
76f6e8a4-48fc-4ca5-93be-0825046bdc9f,Nexa Industries 2066,Business,Food Processing,Ningbo,Ningbo,China,2018-01-23,Active
31e9e458-fdc4-4044-8dec-fbb3dba3b4b1,Global Exports 2067,Business,FMCG,Ahmedabad,Gujarat,India,2021-08-07,Inactive
58aa7e47-65bd-4351-8965-22c5da35d2a6,Apex Industries 2068,Business,Electronics,Tokyo,Tokyo,Japan,2019-10-19,Active
a788cf47-b3e8-4877-8a4d-3ebbbe50989f,Prime Imports 2069,Business,E-commerce,Hamburg,Hamburg,Germany,2021-08-07,Active
872dfdb9-5a42-4aa5-aff5-a76aad4c75df,Apex Retail 2070,Individual,Food Processing,Felixstowe,Felixstowe,United Kingdom,2021-01-27,Active
d4ba011d-a75b-458e-a30a-3521ad0d2d82,Omni Industries 2071,Business,Food Processing,Hyderabad,Maharashtra,India,2018-11-24,Active
cd091917-3724-4521-aedc-5818430cbb60,Vertex Logistics 2072,Business,Textiles,London,London,United Kingdom,2025-01-06,Active
6c8db1ee-ba9f-4cad-8921-7c611d7fadce,Apex Trading 2073,Business,Automotive,Singapore,Singapore,Singapore,2018-12-16,Active
5a852134-340d-49a1-8c71-4747411b65d3,Vertex Trading 2074,Business,Food Processing,Chicago,Chicago,United States,2025-10-18,Active
b0824b9c-0987-43e3-a8c3-b936f134f907,Omni Industries 2075,Business,Retail,Chennai,Karnataka,India,2025-05-13,Inactive
a310d322-bf5b-4dac-baed-6861b67a9cae,Omni Imports 2076,Business,Electronics,Osaka,Osaka,Japan,2018-08-04,Active
1c746207-1d65-40ee-a7d2-b3e6a06bc6bf,Prime Logistics 2077,Business,Textiles,Kolkata,Delhi,India,2018-12-19,Active
65093fc3-7dac-41fb-807f-2a1d8556d9c1,Prime Logistics 2078,Business,Electronics,Singapore,Singapore,Singapore,2020-02-06,Active
2db6eb8f-6e0d-4bbc-a7fa-336bc33409ff,Apex Logistics 2079,Individual,Pharma,Incheon,Incheon,South Korea,2022-02-03,Active
104ac247-f141-4ddf-b8d7-c8063a6df126,Nexa Exports 2080,Business,Industrial Machinery,Guangzhou,Guangzhou,China,2022-08-26,Active
8bf6ce4b-1be4-4b1f-b903-e9ccbe148622,Zenith Industries 2081,Individual,FMCG,Felixstowe,Felixstowe,United Kingdom,2021-01-02,Active
d064d723-ecbf-4436-8448-7914c4fe39c2,Global Exports 2082,Business,Pharma,Hamburg,Hamburg,Germany,2024-07-28,Active
fed47578-6332-47e8-8811-4a5e72b1b138,Global Exports 2083,Business,Pharma,Kolkata,Gujarat,India,2020-06-11,Active
5a4fafee-f8f6-4fd0-b082-8f11e75fc14c,Zenith Retail 2084,Individual,Automotive,Sharjah,Sharjah,UAE,2022-01-06,Active
ebb138b6-141b-4ec6-893f-04a6e24fab2d,Prime Exports 2085,Business,E-commerce,Amsterdam,Amsterdam,Netherlands,2020-12-21,Active
d20a1520-656b-48e2-9a0f-d9263b62a2a0,Apex Industries 2086,Business,Food Processing,Chennai,West Bengal,India,2019-09-26,Active
1b950a25-2fdc-4816-a5a3-74c73b9971aa,Zenith Industries 2087,Business,Retail,Ahmedabad,Telangana,India,2018-02-08,Active
4a7e35a8-d313-4f88-9225-533a6947593b,Nexa Trading 2088,Business,Textiles,Dubai,Dubai,UAE,2021-12-22,Active
798dc383-0da2-4977-a2ed-08379a80063e,Trident Industries 2089,Business,FMCG,Seoul,Seoul,South Korea,2023-02-05,Active
d998f18e-0aa3-434d-8b02-d4cdf08b7acf,Vertex Imports 2090,Business,Automotive,Yokohama,Yokohama,Japan,2019-07-09,Active
3d75ca8d-7432-4414-869b-0e2a2c0020f9,Zenith Exports 2091,Business,FMCG,Incheon,Incheon,South Korea,2022-03-22,Active
5f5103b0-0315-4aad-97b4-6664aa9d2773,Prime Retail 2092,Business,Pharma,Rotterdam,Rotterdam,Netherlands,2020-08-16,Active
5b52910c-bd24-4685-bb27-f3c374fd67c0,Apex Trading 2093,Business,Pharma,Singapore,Singapore,Singapore,2018-05-28,Inactive
bcd872af-092f-49fa-8025-97c29264abf1,Nexa Exports 2094,Business,Automotive,Seoul,Seoul,South Korea,2020-06-30,Active
67ea2e41-4ff4-40da-86d2-491dd98ff223,Apex Retail 2095,Business,Chemicals,Frankfurt,Frankfurt,Germany,2025-10-10,Active
1a76d57c-0589-4454-a4fd-829fb76c32bf,Zenith Trading 2096,Business,Chemicals,Singapore,Singapore,Singapore,2023-05-10,Active
5debdd5a-04d7-4e2c-b15f-fee65c3dff20,Vertex Industries 2097,Business,Pharma,Singapore,Singapore,Singapore,2024-01-08,Active
23d76c21-b824-4d51-be09-66ae3d4bbf94,Nexa Imports 2098,Business,Industrial Machinery,Incheon,Incheon,South Korea,2024-03-11,Active
70024b00-f8e6-4964-ae74-3c482d33a984,Global Imports 2099,Business,Textiles,Rotterdam,Rotterdam,Netherlands,2018-03-22,Active
d3e9dfae-dcc4-4db8-bbf9-36d809485904,Zenith Trading 2100,Business,Textiles,Rotterdam,Rotterdam,Netherlands,2020-02-26,Inactive
576b978b-68e7-41e2-b086-1edf8c50ba79,Zenith Logistics 2101,Business,Textiles,Hamburg,Hamburg,Germany,2023-10-21,Active
1d6da695-162e-4afe-a30c-eecb88471096,Zenith Trading 2102,Business,Chemicals,Bengaluru,Telangana,India,2019-08-05,Inactive
f4b3b0bb-9346-4ad5-82dc-900cad3ede03,Trident Logistics 2103,Business,Pharma,Hamburg,Hamburg,Germany,2020-09-13,Active
0acd578b-eafb-4cef-a953-a4f4b00709ad,Prime Trading 2104,Business,E-commerce,Singapore,Singapore,Singapore,2023-05-02,Active
4a6a9718-29dc-4a01-a5e8-95bf600d14af,Zenith Industries 2105,Business,Food Processing,Houston,Houston,United States,2024-01-20,Active
e81b8226-4d1f-4706-b89f-f638f0092ae5,Global Exports 2106,Business,Pharma,Yokohama,Yokohama,Japan,2022-05-14,Active
1e0e1df3-4cd7-4761-b306-53053a0c419d,Vertex Logistics 2107,Business,Food Processing,Rotterdam,Rotterdam,Netherlands,2024-04-02,Active
143fa2c3-e446-43a1-819c-fc305220f688,Omni Industries 2108,Business,FMCG,Rotterdam,Rotterdam,Netherlands,2025-04-19,Active
d0cb0f53-5ab8-4474-a34f-d1ce05d65a1a,Global Retail 2109,Business,FMCG,Tokyo,Tokyo,Japan,2021-08-09,Active
904b12e0-b3c6-43da-9e0b-463d4cc66351,Omni Retail 2110,Individual,Food Processing,Abu Dhabi,Abu Dhabi,UAE,2024-11-01,Active
4177b11b-4238-424d-b4a4-ba30e2aad0d7,Global Logistics 2111,Business,E-commerce,Los Angeles,Los Angeles,United States,2020-09-06,Active
d98bfdb6-0839-44a4-bb9e-3ea270583edf,Nexa Trading 2112,Business,Textiles,Dubai,Dubai,UAE,2018-01-08,Active
2d8a7158-4d96-4a25-bc8e-b176215d6a73,Omni Exports 2113,Business,Textiles,Busan,Busan,South Korea,2025-02-10,Active
54946264-bb34-4f7a-809b-6b68237230b7,Prime Exports 2114,Business,Automotive,Tokyo,Tokyo,Japan,2025-12-05,Active
6ef7d793-944a-43ba-85d0-d3197e514f59,Prime Logistics 2115,Business,Pharma,Houston,Houston,United States,2023-06-16,Active
d7c91b65-60f3-4bde-a87f-608c72cffdc0,Apex Industries 2116,Business,E-commerce,Singapore,Singapore,Singapore,2019-01-14,Active
1297960f-b4c5-4620-a1db-1fcb27ec735e,Vertex Trading 2117,Individual,Industrial Machinery,Manchester,Manchester,United Kingdom,2025-11-04,Active
cd1d92b6-1fcd-4662-80b4-ff4908fb6778,Global Logistics 2118,Individual,Pharma,Houston,Houston,United States,2025-10-29,Active
2e1319f5-593b-4b3d-b688-c942d9b6d9d3,Global Trading 2119,Business,Food Processing,Osaka,Osaka,Japan,2023-06-03,Active
b878051b-09a9-4acb-ab52-cf9b624e4ca3,Trident Imports 2120,Business,Pharma,Yokohama,Yokohama,Japan,2022-10-14,Active
04852bd3-d79c-4cc9-9ef0-f57240bf5c4b,Apex Imports 2121,Business,Automotive,Incheon,Incheon,South Korea,2021-06-26,Active
1ed24e04-ca20-4c41-84b5-402793dafd27,Apex Exports 2122,Individual,Automotive,Shanghai,Shanghai,China,2020-01-11,Active
de2479e2-3db8-450a-8399-bce94f32ff1c,Nexa Logistics 2123,Business,Automotive,Frankfurt,Frankfurt,Germany,2020-06-10,Active
78908a77-7094-43ea-943d-9bb893462ddd,Prime Industries 2124,Business,FMCG,Busan,Busan,South Korea,2018-08-23,Active
148b005e-ef3a-48cb-bec1-c28869fd632a,Nexa Retail 2125,Individual,Food Processing,Singapore,Singapore,Singapore,2024-07-13,Active
0c2b2e82-590e-40be-9430-8aa8b687e9b8,Zenith Logistics 2126,Business,Pharma,Singapore,Singapore,Singapore,2019-12-01,Active
43d71855-93d8-4dbe-be6a-7f4a76cc454c,Trident Industries 2127,Business,Automotive,Abu Dhabi,Abu Dhabi,UAE,2018-06-25,Inactive
05943d50-791b-453a-8c38-268cf11f5ef6,Apex Logistics 2128,Individual,Retail,Frankfurt,Frankfurt,Germany,2025-10-15,Active
6b532acf-3dab-498b-b671-603a0b1bcc4c,Prime Exports 2129,Business,E-commerce,Felixstowe,Felixstowe,United Kingdom,2022-04-27,Active
268c2208-3c8e-4c34-8ac8-75df81a4dcbe,Zenith Logistics 2130,Business,Food Processing,Bremen,Bremen,Germany,2022-08-10,Active
2fd501ef-38b3-44e8-9b13-1d24b7eb31f9,Vertex Trading 2131,Business,Chemicals,Tokyo,Tokyo,Japan,2024-11-01,Active
7aaebf23-bab3-473a-ae41-8641afe65877,Prime Retail 2132,Business,Automotive,Shenzhen,Shenzhen,China,2019-03-25,Active
6fe477cc-7a0e-4680-a684-9c341bb43a1d,Omni Trading 2133,Business,FMCG,Tokyo,Tokyo,Japan,2020-12-29,Active
55fc3338-285f-4570-adda-2b3f1bbf76a9,Prime Retail 2134,Business,Automotive,Mumbai,Maharashtra,India,2021-07-19,Active
23c5b8a1-c900-4a18-a3e5-9b8779860132,Vertex Logistics 2135,Business,Textiles,Singapore,Singapore,Singapore,2023-04-08,Active
81cdb1b3-046e-4708-a984-4db71748fe5c,Omni Imports 2136,Business,Electronics,Guangzhou,Guangzhou,China,2019-06-24,Inactive
4545c8e7-2dbe-4ad7-ab26-8aa3ff9dd0cc,Nexa Industries 2137,Business,Electronics,Singapore,Singapore,Singapore,2019-12-16,Active
0b4d0671-c0c9-4aeb-842c-392eee4ac682,Vertex Exports 2138,Business,Pharma,Hamburg,Hamburg,Germany,2025-09-07,Active
1381e105-295d-45ec-9219-fae6518f2aa3,Zenith Trading 2139,Business,Electronics,Busan,Busan,South Korea,2022-08-29,Active
2a0d0973-de14-4194-9230-0a92c8eb09db,Apex Logistics 2140,Business,Chemicals,Felixstowe,Felixstowe,United Kingdom,2019-03-13,Active
485f9877-7699-415e-b0c6-8ee2a84877cd,Trident Retail 2141,Business,Automotive,Guangzhou,Guangzhou,China,2021-10-25,Active
58172a85-8cf2-4ac8-85c3-a56547f1a9a3,Global Industries 2142,Business,Automotive,Abu Dhabi,Abu Dhabi,UAE,2024-10-24,Active
79c7875f-3102-40f1-9644-4138efdea217,Nexa Trading 2143,Business,Textiles,Shenzhen,Shenzhen,China,2020-03-10,Active
6e47b3d2-82e9-446a-adc9-9bb3aa616aad,Vertex Imports 2144,Business,FMCG,Hamburg,Hamburg,Germany,2018-10-25,Active
efd69001-4e47-4cfc-af48-fa0cff14151e,Nexa Logistics 2145,Business,Textiles,Singapore,Singapore,Singapore,2019-08-18,Active
d2a86c2a-98f0-47d6-b699-99b2fd763187,Zenith Trading 2146,Individual,FMCG,Amsterdam,Amsterdam,Netherlands,2025-06-14,Active
3fb940d3-4ce1-41b3-a9ca-7be4bc84497c,Global Imports 2147,Business,Textiles,Singapore,Singapore,Singapore,2020-06-30,Active
efa7d5bd-3f0d-4615-adde-09ece4f7671e,Omni Retail 2148,Business,Retail,Bremen,Bremen,Germany,2018-03-26,Active
77088df9-6069-40cd-a993-9cb890675008,Omni Logistics 2149,Individual,Electronics,Chicago,Chicago,United States,2025-04-27,Active
9d57cbd6-05a9-40f7-a6d6-274b55545fed,Apex Trading 2150,Business,Pharma,Felixstowe,Felixstowe,United Kingdom,2023-08-05,Active
a4c201fb-9dc5-4b79-98f7-1c45757747ed,Global Retail 2151,Business,Electronics,Delhi,West Bengal,India,2025-05-19,Active
d8c60e72-7ea6-4834-bffe-387f07857217,Nexa Logistics 2152,Business,E-commerce,Guangzhou,Guangzhou,China,2024-06-06,Active
d4682d70-6649-45bd-b966-5eb7004d283f,Apex Exports 2153,Business,E-commerce,Felixstowe,Felixstowe,United Kingdom,2019-05-24,Active
e314ddae-97c9-4338-812b-1c50f801c602,Trident Imports 2154,Individual,Retail,Yokohama,Yokohama,Japan,2024-01-13,Active
2218493c-9e9b-42a3-8adb-365e3efcd4cc,Nexa Industries 2155,Business,Retail,Hyderabad,West Bengal,India,2024-07-17,Active
10484d23-5ef4-4577-89b3-80a409be0e1d,Nexa Trading 2156,Business,Industrial Machinery,Dubai,Dubai,UAE,2021-01-16,Inactive
3146fe3a-d05a-4a2c-90fd-80bc7eca4565,Trident Exports 2157,Individual,FMCG,Yokohama,Yokohama,Japan,2023-11-30,Active
435cd663-8ed7-40f6-9573-8e79db966e02,Prime Trading 2158,Business,FMCG,Shanghai,Shanghai,China,2019-04-16,Active
b1bc17f6-af5d-448a-b1d5-6fa55af06367,Trident Trading 2159,Business,Pharma,Shanghai,Shanghai,China,2023-11-15,Active
088242d4-9138-474e-a44f-4356929300ee,Trident Trading 2160,Individual,Food Processing,Bremen,Bremen,Germany,2021-07-16,Active
b1f3ffbb-73d3-495f-b410-cadcef30a995,Global Imports 2161,Individual,Chemicals,Abu Dhabi,Abu Dhabi,UAE,2019-02-11,Active
92d0b504-8cec-4f3e-a6a2-71068fd95ac9,Prime Industries 2162,Business,FMCG,Felixstowe,Felixstowe,United Kingdom,2019-10-03,Active
1426b6c1-0322-4c98-858f-f7196961a2a6,Trident Trading 2163,Business,Pharma,London,London,United Kingdom,2022-12-10,Active
b15e6bfb-62a2-4db5-af23-a21d622e7b45,Trident Industries 2164,Business,Food Processing,Ahmedabad,Maharashtra,India,2024-03-17,Active
5b867522-f0b3-4912-8a5b-019eab683ffa,Vertex Retail 2165,Business,Automotive,Hamburg,Hamburg,Germany,2021-09-10,Active
25dcba89-5d9b-4273-b126-4e2e3cbee599,Nexa Logistics 2166,Business,Retail,Yokohama,Yokohama,Japan,2024-02-17,Active
503a70fb-cc1a-4925-9e01-06b1052b86f4,Omni Retail 2167,Business,Food Processing,Singapore,Singapore,Singapore,2019-08-15,Active
0a3a7bd9-105f-4307-a3ad-4c1612a74f45,Nexa Exports 2168,Individual,Textiles,Los Angeles,Los Angeles,United States,2020-12-16,Active
f8135f8f-0af8-425a-a2d9-42494360276c,Prime Retail 2169,Business,Textiles,Houston,Houston,United States,2018-03-08,Active
0edc3c22-2653-4e0f-853c-78ca84d95ed7,Zenith Logistics 2170,Business,Retail,Ningbo,Ningbo,China,2025-06-11,Active
5a7f235e-30be-4b9c-85fc-0df31f3cdb2e,Prime Exports 2171,Business,Electronics,Delhi,Tamil Nadu,India,2019-10-25,Active
e5c81b0b-4086-4393-b7e8-42fda19a7158,Omni Retail 2172,Business,Pharma,Sharjah,Sharjah,UAE,2020-10-01,Active
de8dc7cc-c33a-442c-87b9-cecf13dad429,Prime Logistics 2173,Business,Textiles,Amsterdam,Amsterdam,Netherlands,2024-05-28,Active
5d63ce41-2fb9-46a2-beec-b45c3fcb4cb1,Trident Exports 2174,Individual,Textiles,Frankfurt,Frankfurt,Germany,2018-07-02,Active
009e4a73-1b15-4a7b-afd3-41fcdd721bde,Apex Industries 2175,Business,Textiles,London,London,United Kingdom,2025-03-28,Active
a925400f-e216-4a01-911e-c9e8ce79e69b,Omni Trading 2176,Business,Food Processing,Incheon,Incheon,South Korea,2019-06-16,Active
97184805-f82b-448e-ab2b-ba1ad316f2b7,Zenith Logistics 2177,Business,Automotive,Singapore,Singapore,Singapore,2023-12-19,Active
c8e213c9-f4b7-456d-854c-7b7befa4aaca,Apex Exports 2178,Business,Textiles,Ningbo,Ningbo,China,2018-02-08,Inactive
60d6d700-5445-4fd7-9f31-4caf26067c09,Apex Trading 2179,Business,Food Processing,Mumbai,Gujarat,India,2024-02-22,Active
280f8796-a49f-4793-b84a-7c60cf14d92a,Nexa Industries 2180,Business,Chemicals,New York,New York,United States,2024-11-13,Active
59e4fac3-9c62-425c-b16b-9f23c5e5b5be,Global Trading 2181,Business,Food Processing,Yokohama,Yokohama,Japan,2020-06-02,Active
b438774b-4e60-45b3-8497-be47a2642c68,Nexa Retail 2182,Business,FMCG,New York,New York,United States,2020-09-25,Inactive
71d485c3-4a17-4851-be25-fbf8ca69f36e,Vertex Exports 2183,Business,Automotive,Singapore,Singapore,Singapore,2018-03-24,Active
46fc8cf2-e07c-43a5-ab4c-22312e9bbe5c,Omni Exports 2184,Business,Electronics,Shanghai,Shanghai,China,2020-08-01,Inactive
8db14a1b-f445-4c02-ad06-af4299020768,Global Retail 2185,Business,E-commerce,Hyderabad,Maharashtra,India,2018-03-12,Active
18f2f282-7328-46c4-b1f6-c49ec568b8b5,Prime Trading 2186,Individual,Automotive,Dubai,Dubai,UAE,2025-12-24,Active
8aa12e4a-3a67-4f3e-a2ed-8c1a5570bfc6,Omni Logistics 2187,Business,E-commerce,Sharjah,Sharjah,UAE,2020-08-31,Active
b0b4db6c-632f-4a83-bb01-887c2deead3e,Trident Trading 2188,Business,Chemicals,Singapore,Singapore,Singapore,2024-11-17,Active
9c1234fb-eafa-4c22-9428-7cb0f17760eb,Vertex Industries 2189,Business,E-commerce,Tokyo,Tokyo,Japan,2020-07-19,Active
ecd1c9cf-3649-47b9-9ab0-17c9bccc05a4,Prime Logistics 2190,Business,Retail,Frankfurt,Frankfurt,Germany,2018-11-25,Active
5a6243b3-81bb-4d4f-b8c2-d1b68126abac,Apex Logistics 2191,Business,Retail,Amsterdam,Amsterdam,Netherlands,2019-05-01,Active
d612b894-ae78-4a48-ba70-101e845b37d3,Prime Trading 2192,Business,Electronics,New York,New York,United States,2024-11-04,Inactive
1e83a0d4-b88a-47c2-a2c2-73bb1f95d4da,Nexa Retail 2193,Business,Automotive,Delhi,West Bengal,India,2019-01-24,Active
f95022a3-ba86-46d4-a776-70e5663aabc3,Global Industries 2194,Individual,E-commerce,Kolkata,Gujarat,India,2020-12-09,Active
1cd12412-f36b-41f3-b1f4-0e56cff39676,Apex Retail 2195,Business,Automotive,Los Angeles,Los Angeles,United States,2019-01-29,Active
2be24eb5-435e-4644-81c1-95f38de4a9ca,Zenith Exports 2196,Business,Pharma,Chicago,Chicago,United States,2024-02-28,Active
924e4b28-3df0-4138-8a65-44d88e4536d9,Omni Retail 2197,Business,Pharma,Amsterdam,Amsterdam,Netherlands,2025-11-25,Active
cc303699-9845-48bb-9b01-c2387f1b8037,Apex Retail 2198,Business,Pharma,Seoul,Seoul,South Korea,2019-04-15,Active
4363a58b-7796-4005-93d7-21451e35563f,Global Retail 2199,Business,Textiles,Shenzhen,Shenzhen,China,2018-02-03,Active
c4775ddb-3221-4052-b70b-600d18388e87,Global Retail 2200,Business,Pharma,Abu Dhabi,Abu Dhabi,UAE,2025-03-17,Inactive
78891f95-c8b9-4157-9b01-f1cfe2678da9,Global Imports 2201,Business,Industrial Machinery,Felixstowe,Felixstowe,United Kingdom,2024-11-14,Active
d2f828d8-831c-430d-8965-ccb4e6e7c384,Apex Retail 2202,Individual,FMCG,Chicago,Chicago,United States,2020-12-12,Active
3d0a197f-a85b-4e12-a3ec-2d8aa3874f45,Zenith Industries 2203,Business,FMCG,Rotterdam,Rotterdam,Netherlands,2019-12-12,Active
35e36b36-f2c9-4ef4-b0fe-255ee4766da0,Apex Imports 2204,Business,Food Processing,Osaka,Osaka,Japan,2019-11-06,Active
bbc089fd-6426-4e66-a9dd-54d4b42d223d,Vertex Exports 2205,Business,FMCG,Seoul,Seoul,South Korea,2019-08-02,Active
87d49195-b81c-4ed5-9bcf-366ebe75ca1e,Zenith Industries 2206,Business,Industrial Machinery,London,London,United Kingdom,2025-03-28,Active
b9ed6e40-7282-4c2d-8032-da031877584b,Trident Imports 2207,Business,FMCG,Guangzhou,Guangzhou,China,2022-02-18,Active
68341118-460a-42ba-b547-db3f2e7335c8,Vertex Imports 2208,Business,Textiles,Ningbo,Ningbo,China,2018-10-16,Active
0a473f66-411e-4da9-8384-1efaba631372,Prime Trading 2209,Individual,Pharma,Chennai,Karnataka,India,2019-11-25,Active
f65bb661-6bbf-40cf-aa96-6d1ba3a6fb6e,Omni Exports 2210,Business,Electronics,Ningbo,Ningbo,China,2020-12-06,Active
d1c99461-b7dd-4d6a-a16a-188271f7f838,Apex Imports 2211,Business,Food Processing,Singapore,Singapore,Singapore,2021-07-24,Active
45f0a867-c1c1-4167-b62f-215c83747c4e,Zenith Retail 2212,Individual,E-commerce,Singapore,Singapore,Singapore,2022-05-08,Inactive
283cca81-544a-482b-9d01-ec62c6a46d65,Nexa Retail 2213,Business,Textiles,Houston,Houston,United States,2024-09-26,Active
67765eca-ee3a-4c68-bedf-5c11bdd21c8f,Trident Imports 2214,Business,FMCG,Hamburg,Hamburg,Germany,2021-10-02,Active
b044ff82-a38d-4a6a-af46-ca42bdff7cf8,Apex Trading 2215,Individual,Chemicals,Tokyo,Tokyo,Japan,2023-05-22,Active
1637bab0-5fb6-431a-91e7-8cad80050787,Global Industries 2216,Individual,Textiles,Osaka,Osaka,Japan,2025-01-29,Active
2a84a99b-5561-482a-aa0f-e7cbd418931b,Nexa Industries 2217,Business,Industrial Machinery,Los Angeles,Los Angeles,United States,2023-08-29,Active
ea1ca920-b29c-4f9b-84d0-8c0a8e7835b5,Zenith Retail 2218,Business,Automotive,Incheon,Incheon,South Korea,2025-07-26,Inactive
39a15ec6-870f-4db8-a8c5-7c89b62de6c4,Vertex Trading 2219,Business,Retail,New York,New York,United States,2025-04-12,Active
8f7db7fe-6289-4c06-824d-e4e245b1ecc4,Global Retail 2220,Business,E-commerce,Busan,Busan,South Korea,2021-12-16,Active
a55f21ac-ccf6-463f-8e93-f6b60ce16c4c,Nexa Industries 2221,Individual,FMCG,Felixstowe,Felixstowe,United Kingdom,2021-06-29,Active
da60743a-c5c9-44ca-ae26-4e42e9edec56,Omni Exports 2222,Business,Electronics,Houston,Houston,United States,2024-10-14,Active
b6187ee7-2b2d-455a-993f-8feb0b3d47c5,Apex Exports 2223,Business,Automotive,Singapore,Singapore,Singapore,2024-03-16,Inactive
1d1893b2-ffb8-4a75-9b8b-e5b228dc45aa,Zenith Imports 2224,Business,Industrial Machinery,Chennai,Maharashtra,India,2021-08-17,Active
df6c3439-3721-4348-9ee6-1e27cec11ca2,Omni Retail 2225,Business,FMCG,Abu Dhabi,Abu Dhabi,UAE,2022-01-17,Active
50f59708-2a80-425a-a1cc-8acc9be12e59,Apex Exports 2226,Business,Retail,Dubai,Dubai,UAE,2018-08-15,Active
3c75c169-2e27-4da2-8c9f-97fe39e4edf3,Zenith Retail 2227,Business,Electronics,Sharjah,Sharjah,UAE,2022-10-21,Active
09ae851b-c7cf-42e9-a05d-f9d9cba74643,Zenith Industries 2228,Business,Textiles,Amsterdam,Amsterdam,Netherlands,2023-03-05,Active
9fbe52cc-d9b5-40e7-b1cb-2a9497587f8b,Global Industries 2229,Business,Industrial Machinery,Hamburg,Hamburg,Germany,2022-10-25,Active
0380154b-8e33-4379-b845-6d56e5d8577f,Vertex Imports 2230,Individual,FMCG,Los Angeles,Los Angeles,United States,2025-07-02,Active
5af2f736-61f1-432c-ab75-fcd5a15eaedb,Nexa Industries 2231,Business,E-commerce,Shenzhen,Shenzhen,China,2019-01-24,Active
a2ee151d-65a3-4a84-bcfb-f5a786dd0cba,Global Imports 2232,Business,Industrial Machinery,Singapore,Singapore,Singapore,2023-01-20,Active
d188fd00-423f-4eea-8dd2-cf76013ecca2,Prime Exports 2233,Business,Food Processing,Singapore,Singapore,Singapore,2022-04-17,Active
52f26c5a-2d69-4d25-bd4c-e44f88a56842,Zenith Trading 2234,Individual,Textiles,Yokohama,Yokohama,Japan,2023-09-01,Active
1aa5cdc6-8424-4615-a31c-e1caa056a7c2,Trident Trading 2235,Business,E-commerce,Felixstowe,Felixstowe,United Kingdom,2022-02-04,Active
ff52a5bf-33e0-4a9d-a3e0-0670809d089e,Nexa Logistics 2236,Business,Electronics,Hamburg,Hamburg,Germany,2018-03-22,Active
2a5826a9-a1fb-4229-a88a-f37c6d500ec5,Nexa Retail 2237,Business,Retail,Osaka,Osaka,Japan,2021-08-23,Active
5c67c0a9-8e78-4506-8cc8-e2343ab45d3a,Nexa Exports 2238,Business,Pharma,New York,New York,United States,2020-05-19,Active
066127ed-917b-4c57-aead-1ee8aba87472,Zenith Trading 2239,Business,FMCG,Singapore,Singapore,Singapore,2020-10-07,Active
e45ad828-ce9f-478b-bfca-a8e30881f8e8,Zenith Exports 2240,Business,Industrial Machinery,Kolkata,Maharashtra,India,2020-10-28,Active
24e79d8f-3be5-4287-87e4-7d631d6e386d,Prime Imports 2241,Business,Textiles,Abu Dhabi,Abu Dhabi,UAE,2025-07-03,Active
1fb14fda-4e54-4ed7-8988-6bcdd9af14b3,Nexa Industries 2242,Business,Chemicals,Osaka,Osaka,Japan,2018-02-23,Active
5626c110-d93f-4711-a8bb-f153524b7783,Trident Logistics 2243,Business,Industrial Machinery,Osaka,Osaka,Japan,2019-04-13,Active
e589c41a-9cde-4ba2-9272-7146378c025b,Vertex Industries 2244,Business,Automotive,Yokohama,Yokohama,Japan,2020-09-02,Active
bae68c06-d448-44a6-a361-536e46f71b13,Omni Imports 2245,Business,Textiles,Manchester,Manchester,United Kingdom,2018-04-26,Active
13e08a04-0a36-4610-92f5-25beab14dec1,Trident Retail 2246,Business,Pharma,Mumbai,Tamil Nadu,India,2023-05-31,Active
f68c19f7-6b95-4093-9dbb-8ab043d82bac,Prime Imports 2247,Business,Food Processing,Seoul,Seoul,South Korea,2022-06-04,Active
18336b79-cbc0-47c4-b8fd-19552b594324,Global Trading 2248,Business,Chemicals,Singapore,Singapore,Singapore,2018-08-05,Active
a71020e6-38ea-4367-bc09-7edcd7390bec,Omni Trading 2249,Business,Industrial Machinery,Dubai,Dubai,UAE,2019-09-10,Active
52b07893-8e35-4f03-bd31-1a84c0f8ed8f,Global Retail 2250,Business,Automotive,Yokohama,Yokohama,Japan,2023-12-26,Active
b4e222e9-22da-46a8-b424-fc094e325e4b,Nexa Logistics 2251,Business,Electronics,Kolkata,Maharashtra,India,2018-01-30,Active
b8669671-a4dc-4844-94f2-aeb5f4280518,Zenith Trading 2252,Business,Chemicals,Tokyo,Tokyo,Japan,2021-02-01,Active
1ac37c57-e8f0-4329-84ff-da96639462e4,Prime Exports 2253,Business,Textiles,Bremen,Bremen,Germany,2024-05-18,Active
1363efac-5338-4702-addb-65cd263f2c17,Apex Imports 2254,Business,Chemicals,Guangzhou,Guangzhou,China,2018-08-06,Active
a7ff5580-4167-4de2-9ac1-f129d26d080b,Omni Trading 2255,Business,Pharma,Sharjah,Sharjah,UAE,2025-05-17,Active
6798316a-445c-484b-833b-505638015cac,Zenith Imports 2256,Individual,Industrial Machinery,Shanghai,Shanghai,China,2025-11-04,Active
1b69a917-bf5a-4559-b4bf-5ae3b998b294,Global Industries 2257,Business,Electronics,Rotterdam,Rotterdam,Netherlands,2019-03-25,Active
46d70583-cd41-4a68-bf29-fd5e4e4d9058,Global Industries 2258,Individual,Retail,Frankfurt,Frankfurt,Germany,2019-06-12,Active
5fdbe9d2-6f5e-419f-b728-35b8e616263d,Zenith Trading 2259,Business,FMCG,Shenzhen,Shenzhen,China,2024-12-19,Active
1c3bf1e8-25ca-426b-8c18-d38b2adff0b2,Global Logistics 2260,Business,Food Processing,Osaka,Osaka,Japan,2024-05-29,Inactive
9786edd6-6232-4a06-8434-0ae71782213f,Global Exports 2261,Individual,Pharma,Tokyo,Tokyo,Japan,2019-01-23,Active
52a18751-d043-41a6-84ef-2b581d462124,Trident Retail 2262,Business,Chemicals,Seoul,Seoul,South Korea,2020-03-31,Active
8255097f-934a-46e1-b754-ad196fde1594,Vertex Trading 2263,Business,Automotive,Dubai,Dubai,UAE,2025-08-06,Inactive
5a052b0c-c1fc-48db-b333-5f2a1a4802ef,Omni Imports 2264,Business,Retail,Shenzhen,Shenzhen,China,2023-01-31,Active
fad5771a-7fe8-4d9f-a48c-e81464083406,Global Trading 2265,Business,E-commerce,Singapore,Singapore,Singapore,2022-05-25,Inactive
87129e4c-3f9f-4dc0-9cfe-829e7ed1e81e,Trident Retail 2266,Business,Food Processing,Felixstowe,Felixstowe,United Kingdom,2019-12-10,Active
394b8300-58b1-4ff8-a3aa-e499546d2937,Global Trading 2267,Business,Food Processing,Manchester,Manchester,United Kingdom,2021-06-18,Active
a4dd6372-4915-4860-8c4d-40a64b54f53e,Nexa Industries 2268,Individual,Chemicals,Amsterdam,Amsterdam,Netherlands,2020-09-06,Active
0bf078c4-6c65-40ab-a09f-04f55ba05ea9,Vertex Trading 2269,Business,FMCG,Bremen,Bremen,Germany,2020-04-13,Active
82d72109-79e3-44a2-bc8c-2e0b8e88f161,Omni Retail 2270,Business,Textiles,Los Angeles,Los Angeles,United States,2022-04-13,Active
81fa7723-6ba7-498a-8304-44b385933335,Trident Retail 2271,Business,E-commerce,Amsterdam,Amsterdam,Netherlands,2018-08-05,Active
deb9b83f-ad70-41de-a90d-5999474ce66d,Omni Trading 2272,Business,Food Processing,Sharjah,Sharjah,UAE,2022-01-19,Active
950a38e0-92ac-49a7-af6b-207b910f0b71,Apex Industries 2273,Individual,Textiles,Chicago,Chicago,United States,2019-02-08,Active
f0b47847-d91b-42f0-b283-3e72b637cec4,Zenith Imports 2274,Individual,Electronics,Dubai,Dubai,UAE,2021-05-16,Active
65015f14-b0a8-4a31-9f96-945c33749833,Prime Imports 2275,Business,Electronics,Amsterdam,Amsterdam,Netherlands,2020-11-02,Active
3f4771ff-dd69-47f4-975b-192f2f53c82b,Nexa Industries 2276,Business,FMCG,Incheon,Incheon,South Korea,2018-06-07,Active
9b361bac-966e-4b93-983b-2b7a6bc6d652,Nexa Exports 2277,Business,Electronics,Guangzhou,Guangzhou,China,2019-06-17,Active
69106171-04a1-4f44-91ea-661aca6da632,Global Logistics 2278,Business,FMCG,Abu Dhabi,Abu Dhabi,UAE,2022-04-13,Active
4ec2819c-498d-41e1-8a8c-57aaad9386bb,Vertex Logistics 2279,Business,Food Processing,Rotterdam,Rotterdam,Netherlands,2018-09-22,Active
1dee13b6-68cb-4945-aa82-6fd6b0dacc24,Trident Logistics 2280,Individual,E-commerce,Amsterdam,Amsterdam,Netherlands,2021-05-25,Inactive
625ddb5f-f692-4d47-8207-a65a5055c0da,Prime Exports 2281,Business,Pharma,Amsterdam,Amsterdam,Netherlands,2018-10-20,Active
e2e9ccbf-5f98-493e-81b5-35c24c3786cd,Nexa Imports 2282,Business,Chemicals,Rotterdam,Rotterdam,Netherlands,2021-12-18,Active
a158dec8-ea82-47f5-8e01-c519a771ae6d,Apex Retail 2283,Business,Chemicals,Abu Dhabi,Abu Dhabi,UAE,2021-08-27,Active
63d69b70-6fd8-4a90-a335-f90a30f2c441,Apex Trading 2284,Business,Pharma,Seoul,Seoul,South Korea,2022-03-14,Active
09c2a9a6-863c-4d1f-9fd2-31b590bbef34,Nexa Exports 2285,Business,Pharma,Singapore,Singapore,Singapore,2022-06-21,Active
ae15c33c-c410-4a20-bbf2-4a4c249f7087,Vertex Trading 2286,Business,Food Processing,Manchester,Manchester,United Kingdom,2020-09-08,Active
122fcaa7-5c38-47bb-a2dc-003f50251a7a,Nexa Logistics 2287,Business,Chemicals,Singapore,Singapore,Singapore,2019-04-16,Active
6cf67502-f66e-4a22-b7ea-9064278b98e4,Prime Industries 2288,Business,Industrial Machinery,Dubai,Dubai,UAE,2018-02-17,Active
6cb6eafd-0d96-45b0-9796-2eaaf752298a,Omni Trading 2289,Business,Food Processing,Hyderabad,Telangana,India,2024-03-03,Active
aaecbcbe-74a8-433e-adf2-757e49ab2403,Trident Trading 2290,Business,E-commerce,Amsterdam,Amsterdam,Netherlands,2024-09-02,Inactive
219c820e-cc5a-4448-a73b-853c4453d2c7,Omni Industries 2291,Business,Textiles,Osaka,Osaka,Japan,2025-09-13,Active
884d5bc9-8e1f-4e38-8f4f-01155eabf284,Nexa Logistics 2292,Business,Automotive,New York,New York,United States,2021-06-02,Active
25497388-b4dd-48fa-b973-c595e040e82b,Prime Trading 2293,Individual,Automotive,Kolkata,Tamil Nadu,India,2021-04-18,Active
55b1e968-cdd5-4e75-b818-9f3a3110fa4a,Global Retail 2294,Business,E-commerce,Dubai,Dubai,UAE,2025-11-12,Active
3ee5c125-9a62-4182-969c-ee53f1de4f07,Nexa Logistics 2295,Business,E-commerce,Dubai,Dubai,UAE,2022-07-26,Active
be72b16a-c416-4297-b7f4-13fed7378d14,Apex Industries 2296,Business,Retail,Singapore,Singapore,Singapore,2019-06-05,Active
0dc7fa04-a4f3-4290-8b5c-5c2f2a9125a0,Omni Trading 2297,Business,Food Processing,Kolkata,Tamil Nadu,India,2018-02-10,Active
b5b3bf6e-d7d7-4f70-bf53-997aa5e3008d,Prime Trading 2298,Business,Industrial Machinery,Ahmedabad,Maharashtra,India,2022-06-08,Active
ed8d07b1-d90f-4447-8c07-daeb1c09610e,Global Retail 2299,Business,Food Processing,Rotterdam,Rotterdam,Netherlands,2022-09-10,Active
c6a32ff4-f033-492c-8dc6-d01e23242632,Vertex Logistics 2300,Business,Chemicals,Dubai,Dubai,UAE,2021-10-24,Active
7cc97265-99cf-4b76-8122-7dfb8fcb3dd3,Nexa Exports 2301,Business,Food Processing,Hamburg,Hamburg,Germany,2022-05-11,Active
ba045bc2-4d82-40fb-932e-34e7de4f3acd,Zenith Industries 2302,Business,Industrial Machinery,Ningbo,Ningbo,China,2024-08-27,Active
81d15bec-3b0e-48f6-869c-0e32742a9bb7,Omni Industries 2303,Business,Automotive,Sharjah,Sharjah,UAE,2019-03-10,Active
bc934aed-b145-401e-b448-36be482ed584,Prime Trading 2304,Business,Industrial Machinery,Kolkata,Delhi,India,2020-04-06,Inactive
cee9668b-5c9f-45ea-ad72-40ba8c8e1d06,Vertex Exports 2305,Business,Retail,Incheon,Incheon,South Korea,2024-02-01,Active
a0b4c54c-d95f-4f14-8f2b-ea171a49ba65,Vertex Imports 2306,Business,Industrial Machinery,Seoul,Seoul,South Korea,2021-01-23,Active
85eebb37-823b-4389-95a1-750040042a44,Zenith Industries 2307,Business,Textiles,Bremen,Bremen,Germany,2019-02-11,Active
e5abf631-1150-4a01-8d1e-f3269e442c83,Apex Industries 2308,Business,Electronics,Rotterdam,Rotterdam,Netherlands,2018-01-01,Active
33506abe-30da-4113-8b95-0793ba4acd13,Omni Retail 2309,Business,FMCG,Manchester,Manchester,United Kingdom,2025-05-14,Active
d7f26b75-94d9-4601-9697-8d2ab661f2ae,Nexa Trading 2310,Business,Automotive,Hyderabad,Telangana,India,2022-06-22,Active
5b29ee68-a58a-48d4-9379-1cf44d3895ec,Apex Retail 2311,Individual,Food Processing,Manchester,Manchester,United Kingdom,2022-05-10,Active
8160feaa-e119-4f21-b016-ec8e5a6b3d31,Nexa Exports 2312,Business,Chemicals,Manchester,Manchester,United Kingdom,2025-08-17,Active
7bd8d97e-4743-4392-8b32-c0d98fe96b35,Nexa Retail 2313,Business,Industrial Machinery,Singapore,Singapore,Singapore,2020-07-02,Active
86a106cc-0e61-4d66-98f4-047383f22258,Nexa Logistics 2314,Business,Industrial Machinery,Singapore,Singapore,Singapore,2024-01-13,Active
8fd64901-1e12-4286-85b6-fd7622d4ebef,Prime Exports 2315,Business,Retail,Guangzhou,Guangzhou,China,2018-10-21,Active
5c86896c-fd59-4179-86eb-9891609c8627,Vertex Logistics 2316,Business,Automotive,Amsterdam,Amsterdam,Netherlands,2020-08-16,Active
b9db35eb-797d-4ebd-b107-d7e9d568840e,Vertex Retail 2317,Business,Retail,Chicago,Chicago,United States,2019-05-19,Active
c0fffd01-f345-44cd-b4fc-495b04d264c0,Omni Imports 2318,Business,Automotive,London,London,United Kingdom,2023-10-10,Active
b9cff55e-f40c-4132-b4c2-c6cadbc95690,Trident Industries 2319,Business,Textiles,Hamburg,Hamburg,Germany,2020-07-20,Active
15e2a29f-6863-4895-90d9-e26a83bf7993,Nexa Trading 2320,Business,Pharma,Amsterdam,Amsterdam,Netherlands,2025-08-20,Active
d6fc5b6a-af56-4b39-972e-45801c32f456,Vertex Trading 2321,Business,Textiles,Bengaluru,Telangana,India,2025-06-19,Inactive
6848316a-3b4b-45d1-aef8-b21602065f9e,Global Trading 2322,Business,E-commerce,Singapore,Singapore,Singapore,2019-11-27,Active
2093c4f8-2477-44f4-bd58-8b2d0e5d70e5,Global Trading 2323,Business,Electronics,Dubai,Dubai,UAE,2024-05-28,Active
29520457-5f10-4142-93a9-5d7ded33c1f2,Global Trading 2324,Business,Pharma,Osaka,Osaka,Japan,2023-04-07,Inactive
43a6341f-1cb7-494a-86d1-3b4e50c9b513,Trident Industries 2325,Individual,Pharma,Sharjah,Sharjah,UAE,2022-09-16,Active
1468c67d-bfaf-4222-8d2d-1c0d7e5fdf53,Apex Retail 2326,Business,FMCG,Shanghai,Shanghai,China,2019-12-13,Inactive
efc38458-7687-44b9-a32e-68111639662f,Vertex Exports 2327,Business,Food Processing,Seoul,Seoul,South Korea,2018-09-05,Active
d95506b1-47a4-4d65-af31-f56924012778,Zenith Industries 2328,Individual,E-commerce,Amsterdam,Amsterdam,Netherlands,2024-04-05,Active
fea7c1f6-5a3a-4086-bbab-0bdabb111549,Zenith Trading 2329,Individual,Automotive,Guangzhou,Guangzhou,China,2021-01-05,Active
ce76df06-4643-434d-852c-254741069504,Apex Trading 2330,Business,Industrial Machinery,Sharjah,Sharjah,UAE,2023-09-08,Active
b5ab22fb-214d-497a-9e1a-889139b2972b,Vertex Industries 2331,Individual,Electronics,Ahmedabad,Karnataka,India,2023-09-03,Active
9a61878f-5db1-439d-96de-87fe1c966786,Global Logistics 2332,Business,Industrial Machinery,Singapore,Singapore,Singapore,2025-12-16,Active
0980ed87-9040-451f-9a06-33a6e26b2e7b,Apex Exports 2333,Business,Food Processing,Hamburg,Hamburg,Germany,2025-10-30,Active
af83b721-1362-47ae-ab1b-33a92f02c04d,Vertex Industries 2334,Individual,Chemicals,Seoul,Seoul,South Korea,2022-10-31,Active
6aa5231e-1184-4954-987b-82e1c0d6d555,Prime Retail 2335,Business,Chemicals,Los Angeles,Los Angeles,United States,2025-10-14,Active
f09183ed-22a5-46fa-a1bc-833d34f998ff,Zenith Imports 2336,Business,Automotive,Chicago,Chicago,United States,2023-07-06,Active
fd7d842e-0e5c-4aab-8d3c-a632c39d13ac,Prime Imports 2337,Business,FMCG,Shanghai,Shanghai,China,2024-06-25,Active
9d2b2091-94cf-463a-8681-9a79e11989c7,Apex Imports 2338,Business,FMCG,Incheon,Incheon,South Korea,2024-10-10,Active
f011e2b1-f5d8-4f7f-8ef8-bc51dabc9538,Zenith Logistics 2339,Business,Automotive,Chicago,Chicago,United States,2020-08-03,Active
fe715963-b352-4fd1-8378-c5b535bb5e15,Nexa Industries 2340,Business,E-commerce,Singapore,Singapore,Singapore,2022-12-13,Active
4e641897-bc54-4ad4-94c1-3ad4b3c27de9,Vertex Imports 2341,Business,Electronics,Bremen,Bremen,Germany,2019-09-16,Active
c2599a6c-def7-4bbe-8fc2-1827c25d1fa4,Nexa Logistics 2342,Business,FMCG,Rotterdam,Rotterdam,Netherlands,2019-01-30,Active
26347487-8b1e-4d56-88e9-acd315d92c19,Omni Trading 2343,Business,Automotive,New York,New York,United States,2024-08-03,Active
8e8ad065-0fe3-4963-8608-3368b2642c4f,Prime Industries 2344,Business,Electronics,Ningbo,Ningbo,China,2024-12-28,Active
955d8ac3-55c7-4903-a3a4-4eba5bf10d1e,Omni Industries 2345,Individual,Textiles,Bremen,Bremen,Germany,2025-07-13,Active
cbf846bb-e62f-42b3-9934-fd61428626fb,Global Imports 2346,Business,Textiles,Osaka,Osaka,Japan,2018-08-21,Active
6f15d346-1518-4012-b2f5-f22af233973f,Omni Imports 2347,Business,Retail,Guangzhou,Guangzhou,China,2025-08-16,Active
2ea5e70b-81fb-4815-82c5-e7669e26b808,Zenith Exports 2348,Individual,FMCG,Felixstowe,Felixstowe,United Kingdom,2021-10-05,Active
4f87c95e-13bd-421c-b4f3-a16ab277f51a,Nexa Industries 2349,Business,FMCG,Incheon,Incheon,South Korea,2020-10-31,Active
f6129448-c0d5-4275-b5cb-f70a2d2e49f9,Zenith Imports 2350,Business,FMCG,Shenzhen,Shenzhen,China,2025-10-04,Active
b26e5d95-0aeb-47b5-958e-f4830191ce4f,Nexa Trading 2351,Business,Food Processing,Tokyo,Tokyo,Japan,2022-01-14,Active
45af817e-c9ae-4157-8a3b-abcffc8797b6,Nexa Industries 2352,Business,E-commerce,Chicago,Chicago,United States,2018-06-05,Active
890e3c40-0cc6-467d-875a-2a177159350f,Apex Logistics 2353,Business,E-commerce,Hamburg,Hamburg,Germany,2023-01-12,Active
7946dce8-9ef9-4e3c-ab50-4701dd654b68,Vertex Trading 2354,Business,Retail,Ahmedabad,Karnataka,India,2025-11-27,Active
54835ab0-d0e1-4a97-8802-fca0d3b37242,Global Exports 2355,Business,Industrial Machinery,Dubai,Dubai,UAE,2022-06-09,Active
6edfb522-04a6-4396-be95-2db86d4f82d6,Trident Imports 2356,Business,Automotive,Mumbai,Gujarat,India,2019-07-15,Active
9824fc61-7b00-401d-a392-53baf7c55984,Omni Imports 2357,Individual,Retail,Sharjah,Sharjah,UAE,2020-01-23,Active
3d68fc99-8917-421a-a450-342bd9a436bb,Omni Exports 2358,Individual,Industrial Machinery,Kolkata,Maharashtra,India,2023-01-18,Active
1ce2e2bd-b0b6-4828-918c-ca3ebe3ed8e8,Trident Retail 2359,Business,Food Processing,Rotterdam,Rotterdam,Netherlands,2022-05-13,Active
6425db96-9e98-4c43-9f84-d96f009df059,Omni Logistics 2360,Individual,Industrial Machinery,Guangzhou,Guangzhou,China,2023-04-04,Active
5a6a1207-42d7-4162-91d1-12e6b27a3b72,Prime Trading 2361,Business,Industrial Machinery,Ahmedabad,Tamil Nadu,India,2021-11-27,Active
4334d372-ca11-4e5b-8246-39811a68205a,Vertex Logistics 2362,Business,Retail,Incheon,Incheon,South Korea,2020-10-10,Active
2933b647-0014-482a-af2a-cbd93a2f7cea,Apex Exports 2363,Business,Retail,Shanghai,Shanghai,China,2019-11-14,Active
42a22b95-5c70-4971-a00a-c24b3d101b2c,Trident Logistics 2364,Business,Industrial Machinery,Singapore,Singapore,Singapore,2023-12-21,Active
4f6b6860-934c-471c-be19-6337b628498e,Apex Exports 2365,Business,Electronics,Singapore,Singapore,Singapore,2024-04-24,Active
920ed9d4-4aa5-40aa-b2f6-1469a0d78d32,Global Logistics 2366,Business,Electronics,Yokohama,Yokohama,Japan,2022-09-08,Active
b7c8ab19-8050-4d1a-92cd-82d7ed5d6005,Apex Industries 2367,Business,Industrial Machinery,Frankfurt,Frankfurt,Germany,2019-10-16,Active
d770f416-429f-4de1-bd6b-cc56eff224cb,Omni Industries 2368,Business,Chemicals,Shanghai,Shanghai,China,2024-02-19,Active
82c26789-5827-463a-a4c2-5ca4608ae0ee,Global Exports 2369,Business,Food Processing,Manchester,Manchester,United Kingdom,2019-12-15,Active
8a61ecd6-13ba-4764-80aa-00387619363e,Trident Logistics 2370,Business,Chemicals,Houston,Houston,United States,2025-08-14,Active
c32c5138-aa85-4d06-b891-1ee1c741b991,Zenith Imports 2371,Business,Electronics,Dubai,Dubai,UAE,2022-08-14,Active
d7652edb-c58f-403b-9f4c-fb5d88fc3a50,Trident Trading 2372,Business,E-commerce,London,London,United Kingdom,2023-04-08,Active
c8c5bb66-e5d8-4137-b657-ca7ec4e68217,Trident Retail 2373,Business,Industrial Machinery,Amsterdam,Amsterdam,Netherlands,2020-08-16,Active
99070fc9-b955-4174-8faa-fb4bdd531d2e,Apex Exports 2374,Individual,Chemicals,Sharjah,Sharjah,UAE,2019-10-24,Active
bbfd32ef-4275-4471-9744-eea705fa80b5,Global Logistics 2375,Individual,Chemicals,Yokohama,Yokohama,Japan,2024-01-28,Active
8b7755b6-04da-4f1c-acc8-33ec10a12e01,Nexa Imports 2376,Business,Electronics,Amsterdam,Amsterdam,Netherlands,2019-06-29,Active
7b607429-cb5f-4066-8fa6-0d123d7911af,Vertex Exports 2377,Business,Textiles,Seoul,Seoul,South Korea,2023-04-05,Inactive
701701bc-7ca4-48ad-b885-e8a1f20f986c,Nexa Trading 2378,Business,Industrial Machinery,Singapore,Singapore,Singapore,2022-06-11,Active
9eb412cd-1180-4ea0-9e8d-e14a95f69a84,Vertex Industries 2379,Business,Retail,Chicago,Chicago,United States,2023-03-13,Inactive
990e0813-58f7-40db-b100-e2ee0357224c,Prime Trading 2380,Business,Retail,Manchester,Manchester,United Kingdom,2020-04-03,Inactive
d293ba87-876d-46fd-84f6-34f1498dfb06,Vertex Industries 2381,Business,Textiles,Felixstowe,Felixstowe,United Kingdom,2019-02-18,Active
8e297c3e-0aa4-4bdb-9834-6eb92e966066,Zenith Logistics 2382,Business,Food Processing,Shenzhen,Shenzhen,China,2023-09-08,Active
7a3b4993-fedc-433d-9ad7-67525803aa68,Prime Logistics 2383,Business,Automotive,Busan,Busan,South Korea,2019-04-07,Active
45f34749-95a5-4926-86f2-8fd580e55b20,Apex Retail 2384,Business,Pharma,Seoul,Seoul,South Korea,2018-08-23,Active
42f1f8a5-2493-4f07-b607-dd46d2999c1a,Apex Industries 2385,Business,Textiles,Dubai,Dubai,UAE,2018-11-25,Active
2337f3c2-a8d7-4325-947a-748a0d2f6fec,Zenith Exports 2386,Business,Chemicals,Houston,Houston,United States,2024-12-24,Active
f2a75074-b9c2-402e-afff-df28b0b4ef3b,Vertex Trading 2387,Business,E-commerce,Busan,Busan,South Korea,2022-12-19,Active
654b2e67-4866-4d0e-9099-c508b881f15d,Nexa Industries 2388,Business,Automotive,Yokohama,Yokohama,Japan,2022-08-12,Active
e77bf42c-542c-4d9b-ab78-2180e7b1959e,Prime Logistics 2389,Business,Retail,Bengaluru,Maharashtra,India,2022-03-27,Active
f5139c35-0c46-4a9f-9473-3ae3a93d4926,Trident Exports 2390,Business,E-commerce,Osaka,Osaka,Japan,2019-05-13,Active
aee77b79-ec37-4ca0-8db7-ac6a4b0ea78f,Zenith Industries 2391,Business,E-commerce,Manchester,Manchester,United Kingdom,2021-09-10,Active
df2d5f14-8623-41e6-938c-253939bac83d,Omni Industries 2392,Business,Electronics,Chennai,Tamil Nadu,India,2021-02-08,Active
5c977c0b-88bd-4771-a448-2f21f3e04c99,Omni Retail 2393,Business,FMCG,Felixstowe,Felixstowe,United Kingdom,2018-08-09,Active
ab13ba89-f686-4dd3-8d72-92778a0e3d1d,Zenith Logistics 2394,Business,Industrial Machinery,Frankfurt,Frankfurt,Germany,2021-04-18,Active
629dae57-d517-4672-aff1-6673723c2cb6,Omni Retail 2395,Business,Electronics,Rotterdam,Rotterdam,Netherlands,2021-03-04,Active
58fd2206-bad4-4e7e-bcf6-fa2abd364b41,Apex Industries 2396,Business,Chemicals,Abu Dhabi,Abu Dhabi,UAE,2018-09-05,Active
c0db1e29-ba87-4905-ad2b-bd5584eab603,Zenith Exports 2397,Business,Food Processing,Abu Dhabi,Abu Dhabi,UAE,2023-06-25,Active
ba6301bc-7844-45da-ae69-a08e96d93a49,Apex Retail 2398,Business,FMCG,Los Angeles,Los Angeles,United States,2019-10-08,Active
44f5ab4f-22d7-46e7-a312-58c9960e49f1,Vertex Imports 2399,Business,Electronics,Yokohama,Yokohama,Japan,2019-11-16,Active
384ea7f9-2e90-4097-9227-a9ba5c7324d8,Omni Logistics 2400,Business,Chemicals,Seoul,Seoul,South Korea,2024-05-29,Active
298e6da9-7ce1-4198-aec7-52074d71c365,Global Retail 2401,Individual,Automotive,New York,New York,United States,2023-01-04,Active
dcb99130-9a89-4dfa-930c-8a34825ceef0,Omni Industries 2402,Business,Automotive,Incheon,Incheon,South Korea,2025-02-06,Active
df3c08ed-44c3-404e-b9b7-f35f1a514815,Vertex Imports 2403,Business,Retail,Rotterdam,Rotterdam,Netherlands,2019-05-15,Active
9c4f4f30-7fad-4aed-aec5-206bbe8f108c,Global Logistics 2404,Business,FMCG,Chicago,Chicago,United States,2022-03-28,Inactive
c3abdbc2-bfe8-4dfe-ba2a-d703ff3030f4,Vertex Imports 2405,Business,Food Processing,Dubai,Dubai,UAE,2020-07-15,Active
7e46eef2-0c07-446d-87be-93dd72f56193,Vertex Industries 2406,Business,Pharma,Singapore,Singapore,Singapore,2025-07-31,Active
3e873633-40b1-417e-aa8e-8d1149003f52,Global Imports 2407,Business,Textiles,Abu Dhabi,Abu Dhabi,UAE,2019-09-05,Active
6f2e7444-3207-483f-aab0-fba218ba40b4,Nexa Exports 2408,Business,FMCG,Delhi,Telangana,India,2022-06-17,Active
8e41c32f-23c2-4c75-80d4-cfedd16d43eb,Apex Retail 2409,Business,Retail,Yokohama,Yokohama,Japan,2019-04-04,Active
4273e200-7c1b-446a-af37-72c9056c911b,Zenith Logistics 2410,Business,Industrial Machinery,Ningbo,Ningbo,China,2021-01-17,Active
49974ae0-991a-4cc9-923c-bbb98ed0ac35,Global Trading 2411,Individual,Food Processing,Ningbo,Ningbo,China,2020-01-26,Inactive
801ba5fb-ce1e-4df2-814d-9799699757d4,Prime Imports 2412,Business,Automotive,Bengaluru,Karnataka,India,2018-05-21,Inactive
6dbdad50-51ac-4789-a2f9-7b4569c46350,Prime Trading 2413,Business,Industrial Machinery,Shenzhen,Shenzhen,China,2025-04-24,Active
556e6ceb-03f9-4a16-8018-b1a8c29e6243,Trident Retail 2414,Business,Textiles,Kolkata,Maharashtra,India,2020-01-30,Active
83f989d2-ec05-4e95-ac90-02b889120d77,Nexa Imports 2415,Business,Food Processing,Hamburg,Hamburg,Germany,2018-01-04,Inactive
300ed44a-b106-4cac-9a23-122b3bab820d,Global Logistics 2416,Business,E-commerce,Felixstowe,Felixstowe,United Kingdom,2019-09-23,Active
6b3058f3-f610-4598-b272-82a8ae8251a7,Nexa Logistics 2417,Business,Electronics,Ahmedabad,Maharashtra,India,2024-10-12,Active
226e9648-62dd-4b0e-9c96-1b8dee386c94,Trident Retail 2418,Business,Retail,Rotterdam,Rotterdam,Netherlands,2021-01-09,Active
14c35710-af5e-4774-96c6-29f004313670,Omni Exports 2419,Business,Automotive,Tokyo,Tokyo,Japan,2019-11-05,Active
14035726-bd1e-4a4d-8ffe-4240d601d6a3,Omni Exports 2420,Individual,Retail,Ningbo,Ningbo,China,2020-10-27,Active
0fab862c-44f3-4db0-a9b3-050ef4081ced,Global Logistics 2421,Business,FMCG,Singapore,Singapore,Singapore,2024-07-03,Active
9d1f5427-0087-4294-8b05-64c5233826c2,Zenith Exports 2422,Business,Pharma,Guangzhou,Guangzhou,China,2025-10-19,Active
2d628745-64d3-460c-8496-9fa087d77c5a,Prime Logistics 2423,Business,Automotive,Abu Dhabi,Abu Dhabi,UAE,2024-02-25,Active
6be7bdb5-5694-4d84-9111-c95e339e66ac,Zenith Logistics 2424,Business,Retail,Singapore,Singapore,Singapore,2023-01-26,Active
130a7a3e-22d4-44ad-924b-7af98dd222e1,Prime Trading 2425,Business,FMCG,Singapore,Singapore,Singapore,2020-08-13,Active
43f52c7a-c96c-476d-a8c6-9e22149921ee,Global Industries 2426,Business,Food Processing,Singapore,Singapore,Singapore,2018-02-28,Active
7139d95c-f98e-48f9-b308-b64c62ed8bfc,Global Industries 2427,Individual,Chemicals,Singapore,Singapore,Singapore,2021-04-25,Active
65e84779-103f-4355-a1c6-0be356c21d1c,Apex Imports 2428,Business,Chemicals,Singapore,Singapore,Singapore,2022-10-20,Inactive
6a84d82f-40af-4fff-8322-33eaec0dda89,Apex Exports 2429,Business,Automotive,Bremen,Bremen,Germany,2021-03-12,Active
72e1d2f5-e8b4-4798-9930-8458dbb8ebc5,Prime Logistics 2430,Business,Chemicals,Shanghai,Shanghai,China,2021-04-02,Active
9f7493b9-804f-4cac-9518-819cd4e6b12c,Omni Imports 2431,Business,Industrial Machinery,Singapore,Singapore,Singapore,2022-03-23,Active
3c5ff4b3-6c4a-46d1-bb60-be80dc9d3046,Nexa Logistics 2432,Business,Chemicals,Felixstowe,Felixstowe,United Kingdom,2021-04-09,Active
45590a16-c106-4843-b0ea-ec823f42f352,Vertex Industries 2433,Business,Pharma,Chennai,Karnataka,India,2022-11-17,Active
98bc6ecc-7ff3-4830-9837-eebabb475ed7,Vertex Imports 2434,Business,Industrial Machinery,Dubai,Dubai,UAE,2021-11-01,Active
0800a329-6d56-4bfa-9132-02b9acd8e972,Apex Retail 2435,Business,Textiles,London,London,United Kingdom,2024-08-04,Active
0292e2b9-e2d9-4293-99e6-b80a58ea7e6f,Zenith Industries 2436,Business,Automotive,Abu Dhabi,Abu Dhabi,UAE,2021-06-13,Inactive
38fca8ba-01ca-4d1a-8ea2-82ec7828acda,Global Logistics 2437,Business,Industrial Machinery,Ahmedabad,West Bengal,India,2024-04-01,Active
79fa6f28-7316-48d6-8ef8-fa1adb313513,Nexa Trading 2438,Business,Textiles,Amsterdam,Amsterdam,Netherlands,2018-05-26,Active
435ec658-a1ec-4ec0-9a89-ac871ac89245,Trident Exports 2439,Business,Electronics,Manchester,Manchester,United Kingdom,2022-03-17,Active
f82fce61-b959-4d9b-9bfd-464856517a58,Apex Retail 2440,Business,Pharma,Ningbo,Ningbo,China,2025-05-27,Active
c61cc181-c2ab-486e-8f07-d968fdbd79cb,Vertex Retail 2441,Business,Food Processing,Dubai,Dubai,UAE,2025-04-08,Active
db6b0fe6-49d6-4e6b-a548-1c6b00e75588,Omni Trading 2442,Business,Chemicals,Singapore,Singapore,Singapore,2023-05-31,Active
3d3cd4a1-5ca7-4790-b89a-9311b7185033,Omni Exports 2443,Individual,Chemicals,Bremen,Bremen,Germany,2023-12-13,Active
08776831-4988-4d4e-8e9c-ad3076c5692b,Apex Trading 2444,Business,E-commerce,Osaka,Osaka,Japan,2022-07-08,Active
5ac30651-a215-4bc7-87a9-3dd91f144d32,Omni Logistics 2445,Business,Automotive,Busan,Busan,South Korea,2023-07-16,Active
d7a4d33f-dc46-4e5f-8c43-4e418896a9ff,Omni Trading 2446,Individual,Industrial Machinery,Bremen,Bremen,Germany,2025-11-16,Active
8dfba1e3-80b5-409e-8c57-95815693085e,Nexa Trading 2447,Individual,Electronics,Incheon,Incheon,South Korea,2019-03-25,Active
8672f55b-5c42-4146-bc43-4d7071779d62,Nexa Retail 2448,Business,Textiles,Shenzhen,Shenzhen,China,2020-10-08,Active
da75a247-8749-45c0-abe4-64db7bda59fa,Global Exports 2449,Business,E-commerce,Bremen,Bremen,Germany,2018-06-08,Inactive
7c30e040-6e3a-4952-a94e-fb0ade2a5ef1,Vertex Logistics 2450,Business,Chemicals,Houston,Houston,United States,2021-01-10,Active
d68c44c3-c1d6-4e7a-afa0-6a143d901fed,Trident Industries 2451,Business,Textiles,London,London,United Kingdom,2020-10-19,Active
d2fb0cb9-6d62-44b3-b2fa-5d87b9799f95,Prime Logistics 2452,Business,E-commerce,Busan,Busan,South Korea,2025-11-04,Active
11495610-004c-4111-8410-7c60607d66c4,Zenith Imports 2453,Business,Retail,Sharjah,Sharjah,UAE,2018-05-06,Active
8f20447e-92a6-46e4-a53e-6429c9bc5cdf,Omni Trading 2454,Business,Textiles,Chicago,Chicago,United States,2018-03-02,Active
dc9bea80-28d3-459c-842a-a72f49c1df13,Nexa Trading 2455,Business,E-commerce,Shanghai,Shanghai,China,2022-12-15,Active
8d54128a-972f-4a21-9747-bd81f3c60e8f,Vertex Retail 2456,Business,FMCG,Bremen,Bremen,Germany,2018-10-02,Active
9d99f3be-640d-4c82-aa58-ef1f499dc295,Global Exports 2457,Business,Industrial Machinery,Tokyo,Tokyo,Japan,2024-12-08,Active
371a338c-45af-4090-9ab6-7e8e0cc2ab36,Prime Retail 2458,Business,FMCG,Seoul,Seoul,South Korea,2020-09-05,Active
4dad81b8-73e5-435d-be9c-040d5d2a8a1a,Apex Logistics 2459,Business,Electronics,Manchester,Manchester,United Kingdom,2024-04-04,Active
99d82d0f-ae2c-423f-8e43-295f5ef432a0,Nexa Trading 2460,Business,Chemicals,Osaka,Osaka,Japan,2018-03-30,Active
fced1086-1816-4fe9-9070-f854b32091d1,Apex Logistics 2461,Individual,Industrial Machinery,Guangzhou,Guangzhou,China,2023-03-28,Active
f9e59699-8cdd-45a6-8323-32dad9d222b3,Global Industries 2462,Business,FMCG,New York,New York,United States,2019-06-13,Active
9686e363-7328-43ec-b5e9-2af3152e727c,Omni Industries 2463,Business,FMCG,Frankfurt,Frankfurt,Germany,2023-03-29,Active
d98586d6-e83c-4813-bf8e-f4b7f4b4f5ac,Apex Industries 2464,Business,Electronics,Incheon,Incheon,South Korea,2019-04-03,Active
eaa0ccce-11db-4c0c-8796-9453fde48da3,Vertex Logistics 2465,Business,Retail,Tokyo,Tokyo,Japan,2021-04-07,Active
94004911-362b-437f-8e02-f17b54d9ad7e,Prime Industries 2466,Business,FMCG,Tokyo,Tokyo,Japan,2023-05-22,Active
814323eb-d7ae-43dc-a24f-12f2ed305ee4,Vertex Retail 2467,Business,Industrial Machinery,Manchester,Manchester,United Kingdom,2019-06-24,Active
f5ec99d8-7512-4f3d-9799-a0281852bd5f,Apex Industries 2468,Business,Automotive,Chennai,Karnataka,India,2018-01-11,Active
ba18000b-2667-40a6-8338-3db16ecbb142,Global Imports 2469,Business,E-commerce,Dubai,Dubai,UAE,2023-05-09,Active
1941e6e3-b64e-40ad-9c6d-d077d2426a2e,Omni Retail 2470,Business,Chemicals,Ahmedabad,Karnataka,India,2025-03-20,Active
555e1ad5-d1fb-4d22-9d99-2a7267fcf5b6,Vertex Trading 2471,Business,Industrial Machinery,Mumbai,West Bengal,India,2018-07-09,Active
f8e078d4-d07b-44ca-9c25-166f361d349b,Zenith Industries 2472,Business,E-commerce,Yokohama,Yokohama,Japan,2023-12-27,Inactive
b2b90b69-ec6c-4797-9cdb-219bccf668d1,Global Logistics 2473,Business,Pharma,London,London,United Kingdom,2025-01-28,Active
75dddf15-33af-42bb-9f9d-c5c0d0b9662e,Vertex Logistics 2474,Business,Chemicals,Shanghai,Shanghai,China,2025-10-03,Active
b4c2cadf-18dc-40ff-9ed3-2bde3327e147,Prime Trading 2475,Business,Food Processing,London,London,United Kingdom,2024-07-07,Active
f179ccb7-3806-4a50-91f0-22c3b3a327bf,Vertex Retail 2476,Business,Pharma,Guangzhou,Guangzhou,China,2025-10-05,Active
104d8856-9186-402a-8417-ed6fc004adf0,Omni Trading 2477,Individual,Automotive,Shenzhen,Shenzhen,China,2018-12-30,Inactive
ee656350-3431-45ed-8a95-9a73dfc46c72,Prime Trading 2478,Business,Automotive,Sharjah,Sharjah,UAE,2020-08-25,Active
49498944-153f-4ce1-8756-2df97f64c603,Prime Logistics 2479,Individual,FMCG,Rotterdam,Rotterdam,Netherlands,2025-06-23,Active
1a82cd5e-38c1-4d71-b2f2-5cbb146b0976,Zenith Imports 2480,Business,Electronics,Los Angeles,Los Angeles,United States,2022-12-22,Inactive
2060ff32-ac52-4c29-81c7-7109e0461b68,Trident Retail 2481,Business,FMCG,Manchester,Manchester,United Kingdom,2018-02-21,Active
7f3d1d4f-11a2-4e4e-97e6-36fc9eeb5d2e,Zenith Logistics 2482,Business,FMCG,Felixstowe,Felixstowe,United Kingdom,2023-06-10,Inactive
c00261f1-0021-4ce9-9049-22694f51269b,Apex Logistics 2483,Business,Retail,Houston,Houston,United States,2024-06-04,Active
0e190570-2eaa-4078-9fe8-dfaa0f9af26a,Zenith Retail 2484,Individual,Chemicals,Abu Dhabi,Abu Dhabi,UAE,2021-11-21,Active
fd8039a9-3f4f-4004-a335-a67afabd3712,Zenith Exports 2485,Business,Electronics,Yokohama,Yokohama,Japan,2020-06-10,Active
d99af4d5-df67-4f8d-961b-7ad938562e78,Vertex Exports 2486,Individual,Electronics,Shanghai,Shanghai,China,2024-07-18,Active
38da4afd-9e0b-4ea2-b4d9-e66e49133185,Vertex Trading 2487,Business,Automotive,Abu Dhabi,Abu Dhabi,UAE,2021-11-09,Active
900587f9-2c1b-45ad-9de3-032d864403b6,Prime Retail 2488,Individual,Pharma,Chicago,Chicago,United States,2019-10-12,Active
91358522-91d6-46f9-990b-28a910d4fa97,Zenith Exports 2489,Business,Pharma,Tokyo,Tokyo,Japan,2022-11-30,Active
695b758c-2c22-41db-8a0b-cb3dea398e7f,Zenith Industries 2490,Business,Electronics,Guangzhou,Guangzhou,China,2018-01-14,Active
465a39f3-3570-46be-ba15-ef0b951770ac,Global Retail 2491,Business,Chemicals,Rotterdam,Rotterdam,Netherlands,2023-12-15,Inactive
d09a1487-74bc-40be-8d7c-a4878a55fd51,Nexa Trading 2492,Business,Textiles,Houston,Houston,United States,2018-02-13,Active
200e1df0-4836-4919-8392-b9d1566a7cf2,Nexa Trading 2493,Business,FMCG,Shenzhen,Shenzhen,China,2023-12-10,Active
d5e50810-dfef-450c-9f51-012576f7a17a,Apex Exports 2494,Business,FMCG,Mumbai,Gujarat,India,2025-09-23,Active
50c3b2e8-9d79-4d7b-911a-3501f8dc8903,Apex Exports 2495,Business,FMCG,London,London,United Kingdom,2023-11-29,Active
1c1cf341-083e-4ec5-a0f3-dc4bf5f858c6,Vertex Exports 2496,Business,Pharma,Shanghai,Shanghai,China,2024-07-12,Active
7c1cdba8-eddb-4057-a1c6-549b556b6287,Prime Retail 2497,Individual,Automotive,Singapore,Singapore,Singapore,2020-08-29,Active
c399ff89-f7c6-4c1e-be3b-7045d60d8d5d,Global Industries 2498,Business,Industrial Machinery,Shanghai,Shanghai,China,2021-05-08,Active
85cc524b-b62f-40f2-ade1-ba374918d7f5,Trident Imports 2499,Business,Food Processing,Ningbo,Ningbo,China,2019-09-08,Inactive
3a8ffed6-dee3-4093-aea8-74127a17b559,Zenith Exports 2500,Business,Automotive,Amsterdam,Amsterdam,Netherlands,2022-01-29,Active
6f9b04b1-76c6-4189-a00d-c3f7c6864438,Vertex Logistics 2501,Business,FMCG,Felixstowe,Felixstowe,United Kingdom,2024-07-10,Active
673c8b20-1983-46cf-80f0-caab18ddb7fb,Prime Industries 2502,Business,Pharma,Shanghai,Shanghai,China,2025-07-22,Active
ebec340d-3fdd-4529-a552-09d3177bfdc9,Prime Logistics 2503,Individual,E-commerce,Kolkata,Telangana,India,2018-06-06,Active
53fe7eae-7a1a-4dfe-8106-f4204be50439,Prime Trading 2504,Business,Pharma,Seoul,Seoul,South Korea,2018-08-16,Active
06adb642-904e-4823-96e8-04683396e60f,Trident Imports 2505,Business,Food Processing,Ningbo,Ningbo,China,2022-08-11,Active
79a2b174-9dd8-4850-a41f-7d52b8cc7847,Global Imports 2506,Business,Textiles,Shanghai,Shanghai,China,2023-10-27,Active
051f8f17-e1a7-4da3-abb2-648bd67815dd,Omni Trading 2507,Business,FMCG,Ningbo,Ningbo,China,2024-12-08,Active
e3530768-be20-4c7c-84c5-abf5be9fb45f,Prime Exports 2508,Business,Industrial Machinery,Busan,Busan,South Korea,2023-10-17,Active
221fd8eb-6738-4c24-931f-05b258382869,Prime Industries 2509,Individual,FMCG,Sharjah,Sharjah,UAE,2022-04-29,Active
93a91062-b083-46cd-9f77-14411ee21d78,Global Trading 2510,Business,Textiles,Bremen,Bremen,Germany,2024-02-14,Active
9a8d5f8d-3469-45f0-a9a1-88441e933586,Nexa Exports 2511,Business,Food Processing,Tokyo,Tokyo,Japan,2020-04-03,Active
1c919c63-be13-43ac-967d-df6b72d9ac5e,Apex Exports 2512,Business,FMCG,New York,New York,United States,2023-10-02,Active
3bd4ad03-aa77-4824-a3c0-bed632aac028,Omni Industries 2513,Business,E-commerce,Shenzhen,Shenzhen,China,2025-01-06,Active
4caeb6a5-7639-451f-a869-3cd0418f5c66,Omni Retail 2514,Business,Retail,New York,New York,United States,2024-09-14,Active
2f68ae74-d050-4019-9b01-7b2f106c1d60,Trident Trading 2515,Business,Chemicals,Incheon,Incheon,South Korea,2019-03-11,Active
2572e288-ec0d-42a9-9e82-3023ba74492a,Global Retail 2516,Business,FMCG,Shenzhen,Shenzhen,China,2021-03-20,Active
1b1ef555-8782-4a26-bb77-218361d07d5a,Prime Exports 2517,Business,Chemicals,Shenzhen,Shenzhen,China,2022-02-10,Active
243f54a5-894f-4d57-a9cb-5c965756bfa6,Apex Retail 2518,Business,FMCG,Incheon,Incheon,South Korea,2019-11-29,Active
dd89620c-865b-47d1-9455-52f393d9c307,Prime Trading 2519,Business,Textiles,Busan,Busan,South Korea,2020-09-28,Active
504b4976-8bc3-474a-9247-0aa71e39b802,Trident Imports 2520,Business,Industrial Machinery,Seoul,Seoul,South Korea,2025-09-29,Active
863ca200-6419-4edd-a130-da26762c1bb6,Global Logistics 2521,Business,E-commerce,Hamburg,Hamburg,Germany,2023-04-18,Active
7a2145b5-a694-4b41-90c1-53540be15033,Apex Trading 2522,Business,Pharma,Ningbo,Ningbo,China,2019-09-10,Inactive
446bb777-4003-41a4-b6d7-8cc0f5cacd25,Zenith Logistics 2523,Business,Retail,Singapore,Singapore,Singapore,2021-01-13,Active
a9ffd422-03c6-46df-bb75-81e3f2c335a0,Trident Retail 2524,Individual,Pharma,Singapore,Singapore,Singapore,2023-09-19,Active
861f72d2-fd23-4e8c-b04e-4db14d359f67,Vertex Logistics 2525,Business,Retail,Amsterdam,Amsterdam,Netherlands,2023-09-18,Active
8bb07f56-d7ce-4f40-882e-b225fd83b794,Apex Industries 2526,Individual,E-commerce,Amsterdam,Amsterdam,Netherlands,2021-06-30,Active
c52c20cb-fce0-4690-8145-0db8470b2b13,Prime Exports 2527,Business,E-commerce,Yokohama,Yokohama,Japan,2019-10-24,Active
018e193a-5dd9-47be-9e0f-89e542eea003,Global Industries 2528,Business,Chemicals,Chicago,Chicago,United States,2023-06-13,Active
b56a10c0-07eb-4c0e-ac2b-a5da49d8a082,Nexa Imports 2529,Individual,Retail,Osaka,Osaka,Japan,2024-07-14,Active
364e0d8f-be69-410f-b09d-88bed86dcbdb,Vertex Retail 2530,Business,Automotive,Guangzhou,Guangzhou,China,2019-04-16,Active
dc1a32ca-2154-4154-bc7e-02ae7c03e38f,Nexa Retail 2531,Business,E-commerce,Shanghai,Shanghai,China,2023-09-20,Active
e8cc887a-eb97-4a2f-b454-86b3746206dc,Zenith Logistics 2532,Business,FMCG,Manchester,Manchester,United Kingdom,2022-03-06,Active
f2e75904-fe7e-46dc-ad4a-991ca9516bc3,Zenith Trading 2533,Business,Chemicals,Singapore,Singapore,Singapore,2024-11-09,Active
b71baa94-21c9-46f5-ae1b-d63b102ec117,Vertex Exports 2534,Business,Food Processing,Yokohama,Yokohama,Japan,2018-12-27,Active
bf6ee473-84e0-4594-a06f-f8fb942040b8,Vertex Logistics 2535,Business,Chemicals,Rotterdam,Rotterdam,Netherlands,2020-05-15,Active
111b564e-3855-40b3-ae38-2fc27510a983,Omni Imports 2536,Individual,FMCG,Singapore,Singapore,Singapore,2021-05-02,Inactive
db5258bb-88ac-44af-baec-0508d51895f1,Zenith Trading 2537,Business,Electronics,Shenzhen,Shenzhen,China,2021-12-07,Active
913878a2-3aa7-4c1a-87d2-fa4f6af1ce27,Apex Industries 2538,Business,Textiles,Singapore,Singapore,Singapore,2024-08-17,Active
3432d291-f880-4e98-9620-499003c628dc,Omni Retail 2539,Business,Industrial Machinery,Incheon,Incheon,South Korea,2023-02-13,Active
4a8d8ce1-80fd-4158-b0b6-9f7ec7502cf0,Zenith Imports 2540,Business,Retail,Mumbai,Maharashtra,India,2025-10-09,Active
b53052dc-e6fe-42a9-a718-3d51e222f43e,Omni Imports 2541,Business,Industrial Machinery,Shanghai,Shanghai,China,2020-05-06,Active
3ada8fe6-07bb-42f5-bc1c-a8beae3b326e,Zenith Industries 2542,Business,E-commerce,Amsterdam,Amsterdam,Netherlands,2020-12-21,Active
7f17177d-3ec3-4260-a09b-137003d496e1,Vertex Retail 2543,Business,Textiles,Singapore,Singapore,Singapore,2024-06-15,Active
bbabfba5-f48d-4f23-ba78-8189f2a38574,Apex Imports 2544,Business,Textiles,Singapore,Singapore,Singapore,2023-06-03,Active
cd0f3361-d5a9-4293-8f3e-d857747428bf,Global Logistics 2545,Business,Industrial Machinery,Rotterdam,Rotterdam,Netherlands,2023-01-04,Active
431e95d2-ad3d-4504-b21c-2ea426413117,Vertex Exports 2546,Business,Industrial Machinery,Seoul,Seoul,South Korea,2019-08-07,Active
76913698-df36-4697-aae8-cda88a1483f7,Apex Imports 2547,Individual,Electronics,Houston,Houston,United States,2019-05-15,Active
8fd277ad-d5b6-461f-a2e1-77aa2740e0d6,Global Logistics 2548,Business,Electronics,Seoul,Seoul,South Korea,2024-03-06,Active
e943e679-f1d6-4c5b-b232-e787d7e18abf,Prime Imports 2549,Business,Food Processing,Shenzhen,Shenzhen,China,2020-10-04,Active
bec650cf-684e-4420-aa80-cb1cbd065d91,Vertex Exports 2550,Business,Chemicals,Los Angeles,Los Angeles,United States,2023-10-16,Active
1971edb6-40bd-44d1-91f6-10ff0fa6905c,Zenith Trading 2551,Business,Industrial Machinery,Singapore,Singapore,Singapore,2019-06-27,Active
67708e00-da1a-498f-ad5f-dbdfa57ae4c0,Vertex Retail 2552,Business,Textiles,Kolkata,Delhi,India,2020-07-13,Active
bc0bfa53-2978-470f-8120-79e5332324bc,Global Industries 2553,Business,Textiles,Manchester,Manchester,United Kingdom,2020-03-13,Active
1d1c29ee-556f-44eb-a3c3-4ff9c5b51da8,Nexa Trading 2554,Individual,Pharma,Delhi,Telangana,India,2024-06-27,Active
415ee5b7-fe72-4b07-a723-0c9f2efc2640,Prime Trading 2555,Business,Chemicals,Frankfurt,Frankfurt,Germany,2021-12-08,Active
ca641b67-394a-477f-953c-7b762e75f620,Global Trading 2556,Business,Chemicals,London,London,United Kingdom,2021-11-29,Active
309b4cba-f976-4939-b232-5d0eaf3ad401,Vertex Logistics 2557,Business,Electronics,Busan,Busan,South Korea,2023-03-10,Active
f9299d73-2b4d-44d2-9408-619b9158a3fa,Global Exports 2558,Business,Retail,Hamburg,Hamburg,Germany,2020-06-22,Active
55e4babb-6ff0-461e-a0b1-d848c00a7735,Global Exports 2559,Business,Food Processing,Houston,Houston,United States,2019-03-17,Active
65758ffd-e0f9-4cf0-842c-abfe5f35614f,Prime Industries 2560,Business,Food Processing,Singapore,Singapore,Singapore,2025-06-04,Active
57961619-dc2f-4d19-8c76-d53917918735,Apex Imports 2561,Business,E-commerce,Bremen,Bremen,Germany,2018-09-23,Inactive
90366265-0cae-4a7c-ba08-94a857812f55,Nexa Trading 2562,Business,Electronics,Rotterdam,Rotterdam,Netherlands,2020-10-05,Active
b63fcd69-7432-4d92-8557-9659dd6f76d8,Zenith Retail 2563,Business,Automotive,Rotterdam,Rotterdam,Netherlands,2025-06-30,Active
d4758e6b-964f-4685-828c-b27611ca7a90,Trident Exports 2564,Individual,Industrial Machinery,Tokyo,Tokyo,Japan,2023-02-20,Active
c9d26910-a643-470c-a9cc-01394b2f5c16,Nexa Retail 2565,Individual,Chemicals,Rotterdam,Rotterdam,Netherlands,2019-09-11,Active
f34f8ecd-4e55-495b-bb1e-d5f3f581b899,Zenith Exports 2566,Business,Food Processing,Hamburg,Hamburg,Germany,2023-01-15,Active
ceea9bef-0315-4c40-b2c2-6e7d8c8f83b7,Global Imports 2567,Business,Electronics,Yokohama,Yokohama,Japan,2022-07-08,Active
412b2f09-6724-46e5-bbf6-f102f20883a7,Trident Retail 2568,Business,Textiles,Houston,Houston,United States,2024-04-21,Inactive
cb7774e5-157a-4cdd-b421-61d77f236a05,Zenith Imports 2569,Business,Pharma,Ningbo,Ningbo,China,2018-05-30,Active
48b36467-9f50-486b-b80a-442aaab4188b,Trident Industries 2570,Business,Food Processing,Busan,Busan,South Korea,2022-06-08,Active
180ed7e2-6e58-4229-b7ac-77f3dbdd4394,Vertex Retail 2571,Business,E-commerce,Rotterdam,Rotterdam,Netherlands,2019-12-23,Active
ef92126c-0d1a-4fb1-93a5-1585976df5af,Nexa Industries 2572,Business,Pharma,Felixstowe,Felixstowe,United Kingdom,2025-04-30,Active
6474005a-9551-4168-8535-7809b9ce873f,Global Logistics 2573,Business,Retail,Sharjah,Sharjah,UAE,2019-05-08,Active
5da683ba-aeef-4fbb-8c5b-fdf7bef7efca,Trident Retail 2574,Business,Industrial Machinery,Shenzhen,Shenzhen,China,2023-09-19,Active
02e66310-05ef-4fd7-8226-17d66da212b3,Nexa Exports 2575,Business,Textiles,Singapore,Singapore,Singapore,2024-01-29,Active
9e6efd6a-86fd-4618-977b-1ad74ae4c20b,Zenith Industries 2576,Business,FMCG,New York,New York,United States,2024-10-24,Active
3550f90f-1462-4f75-95f0-0ca69a74661a,Zenith Imports 2577,Business,Electronics,Chicago,Chicago,United States,2020-04-29,Active
5fd89f46-86a7-4cf7-8cea-4889c2361283,Zenith Exports 2578,Business,Textiles,Manchester,Manchester,United Kingdom,2025-01-01,Active
bc31570a-ba9c-430e-9882-6d815e637614,Vertex Trading 2579,Individual,Electronics,Kolkata,West Bengal,India,2021-07-03,Active
b9bfbac8-bb21-44c4-add0-7edf3250abf8,Omni Exports 2580,Business,FMCG,Manchester,Manchester,United Kingdom,2019-09-05,Active
67a3f657-4450-4277-9196-836969286f45,Prime Trading 2581,Business,E-commerce,Seoul,Seoul,South Korea,2023-08-25,Active
914e7dda-5db0-4526-a30b-970a9aed2b52,Prime Retail 2582,Business,Retail,Shenzhen,Shenzhen,China,2021-10-03,Active
8fc93526-e054-474e-8a67-0643f5b7b961,Trident Logistics 2583,Business,Electronics,Guangzhou,Guangzhou,China,2021-10-28,Active
b54c3e5c-6416-498f-83de-132ce1175321,Zenith Trading 2584,Business,Textiles,Bengaluru,Karnataka,India,2019-06-10,Active
ff4549c2-a41e-4704-9b11-168bd5c3ff03,Vertex Retail 2585,Business,Electronics,Frankfurt,Frankfurt,Germany,2021-08-18,Active
5a94cff6-5a4a-4426-b61c-7fb25c14c470,Nexa Industries 2586,Business,E-commerce,Osaka,Osaka,Japan,2018-04-29,Active
51c22a41-d21c-4fe2-a6c2-5ea9335d62cf,Prime Logistics 2587,Business,Food Processing,Osaka,Osaka,Japan,2018-02-06,Active
deab75ed-47e2-4f67-80e3-e55faa640226,Nexa Imports 2588,Business,Textiles,Incheon,Incheon,South Korea,2021-07-12,Active
990cef95-1a15-4076-8231-68671f857e6d,Global Trading 2589,Business,Chemicals,Ningbo,Ningbo,China,2024-12-20,Active
107ce32f-9c02-477a-bf6d-d113e33be218,Nexa Imports 2590,Business,Textiles,Bremen,Bremen,Germany,2023-06-05,Active
74d85d13-9a49-43a9-89c2-2a88fffe3f22,Prime Retail 2591,Business,Retail,Busan,Busan,South Korea,2025-10-26,Active
7461c046-6fcd-40f7-8b0b-98be81bb3a23,Apex Imports 2592,Business,Textiles,Tokyo,Tokyo,Japan,2020-02-18,Active
7ca380b4-dc2b-4733-9ba9-6e6a5a402826,Nexa Imports 2593,Business,Industrial Machinery,Amsterdam,Amsterdam,Netherlands,2021-09-06,Active
082bb7fe-e717-4fe6-ab91-29da679792dd,Zenith Retail 2594,Business,Electronics,Ahmedabad,Telangana,India,2019-02-27,Active
b9d7d973-2608-402b-8a9e-6e2189dd5739,Global Trading 2595,Business,Food Processing,Singapore,Singapore,Singapore,2023-03-13,Active
0638827b-7f1b-48bf-a638-e2feb8415198,Nexa Logistics 2596,Business,Retail,Dubai,Dubai,UAE,2018-02-03,Active
38386c8b-8ed9-428d-8ae3-e4da573920aa,Apex Industries 2597,Business,Retail,Shenzhen,Shenzhen,China,2021-10-28,Active
e85d3af7-a189-4fa8-9147-b809a2ca9e4b,Zenith Trading 2598,Business,Food Processing,Ningbo,Ningbo,China,2022-03-20,Active
754890e7-e260-41d6-9e66-b2d27f506ae4,Zenith Imports 2599,Business,Automotive,Busan,Busan,South Korea,2025-08-10,Active
79fcadb7-71f5-448c-bb96-cdec37cf4ac4,Apex Industries 2600,Business,E-commerce,Singapore,Singapore,Singapore,2021-03-02,Active
5cbc53eb-b1ee-49de-b793-a524dd41587e,Vertex Imports 2601,Individual,E-commerce,Hyderabad,Tamil Nadu,India,2022-02-17,Active
fd19738f-299c-4dd3-89bf-cd9ea206c0f8,Omni Logistics 2602,Business,E-commerce,Tokyo,Tokyo,Japan,2022-02-10,Inactive
977ee698-50aa-448d-bedc-7b2a0d133a2d,Trident Industries 2603,Individual,Pharma,Amsterdam,Amsterdam,Netherlands,2019-02-14,Active
77c97659-7fe2-4b8e-b05d-96def6437389,Omni Trading 2604,Business,Pharma,Singapore,Singapore,Singapore,2021-10-18,Active
21a975cc-b33e-4a66-8221-3521fba644ad,Nexa Logistics 2605,Business,Food Processing,Hamburg,Hamburg,Germany,2025-07-28,Active
7158315f-8b30-4a56-b31d-91479dc6f390,Vertex Exports 2606,Business,FMCG,Amsterdam,Amsterdam,Netherlands,2020-06-16,Active
152b10af-6856-441c-91bc-961e08c78d0d,Nexa Retail 2607,Business,Electronics,Rotterdam,Rotterdam,Netherlands,2018-04-28,Active
2b309844-2466-4571-bd53-b2749a97a7b5,Nexa Industries 2608,Business,Electronics,Amsterdam,Amsterdam,Netherlands,2023-06-23,Active
670900fc-2e57-4d64-a943-6bea86217dab,Nexa Industries 2609,Business,Automotive,Abu Dhabi,Abu Dhabi,UAE,2018-05-04,Active
5a4b9762-69a5-4c82-95b4-032fde66e1b9,Apex Industries 2610,Individual,Automotive,Delhi,West Bengal,India,2019-04-07,Active
1cfb985a-3f61-4423-a7c2-b7a811bc53b2,Vertex Trading 2611,Business,Textiles,London,London,United Kingdom,2019-06-25,Active
79e4e78c-5bb1-4a56-ba01-cd873529eeed,Nexa Exports 2612,Business,Industrial Machinery,Osaka,Osaka,Japan,2018-11-26,Active
1ca674bf-7515-4b4b-a13e-bbc86bd029cf,Omni Imports 2613,Individual,Retail,Tokyo,Tokyo,Japan,2019-03-26,Active
8bce442b-d015-48f2-8974-f7a609f0ee15,Trident Imports 2614,Business,Electronics,Amsterdam,Amsterdam,Netherlands,2025-04-09,Active
bbcf4382-671b-4913-80dc-3b9ceac5d585,Zenith Industries 2615,Business,Textiles,Shanghai,Shanghai,China,2024-10-28,Active
972b7e9f-4aec-432f-86cf-a3eb6d0175e7,Omni Exports 2616,Business,Textiles,Ahmedabad,Delhi,India,2024-06-29,Active
32666311-5db5-4f86-857d-b3c3a65822f0,Zenith Industries 2617,Individual,Electronics,Felixstowe,Felixstowe,United Kingdom,2018-08-28,Active
48d246b9-8945-4154-b60f-84dc2d47c51f,Omni Industries 2618,Business,Industrial Machinery,Seoul,Seoul,South Korea,2018-07-28,Active
cb59540d-6c8d-4221-8bb3-254c0f390e7f,Global Imports 2619,Business,Electronics,Osaka,Osaka,Japan,2018-07-16,Active
cb3dd238-230a-49bd-8f5b-1cdec671c969,Global Exports 2620,Individual,Textiles,Shenzhen,Shenzhen,China,2019-08-17,Active
3b81c2a3-4d8a-47d0-a5ab-976d3ea3b296,Trident Industries 2621,Business,Retail,Abu Dhabi,Abu Dhabi,UAE,2024-11-06,Active
ffe38c86-6267-496b-b915-709be2d9a7e0,Global Imports 2622,Business,Pharma,Amsterdam,Amsterdam,Netherlands,2024-07-14,Active
125fda3f-0d8e-417c-91b6-a4ae56fbc042,Vertex Trading 2623,Individual,Electronics,Frankfurt,Frankfurt,Germany,2022-05-29,Active
217b50a7-fc11-4de9-a919-0fad02ae036d,Vertex Imports 2624,Business,Pharma,Bengaluru,Tamil Nadu,India,2022-07-01,Active
d71f4525-1598-464d-a8ec-c591ffadf1b0,Apex Retail 2625,Business,E-commerce,Bremen,Bremen,Germany,2021-05-30,Inactive
66de5eed-16ca-403f-b8f4-c58fd8377eda,Zenith Trading 2626,Business,Food Processing,Mumbai,West Bengal,India,2021-09-22,Active
895f3b2c-d3b6-4fbc-8b40-24b7c09d4fad,Prime Imports 2627,Individual,Industrial Machinery,Los Angeles,Los Angeles,United States,2023-09-26,Active
dfb2d29b-17af-4819-aa5b-cf1ac3f4662b,Prime Imports 2628,Business,Pharma,Osaka,Osaka,Japan,2018-07-23,Active
2a49392a-2162-4217-9a63-67b8e7d5881f,Apex Imports 2629,Business,Food Processing,Yokohama,Yokohama,Japan,2024-01-24,Active
d3677c1b-32ac-4e4f-ab41-b846df31b40b,Nexa Trading 2630,Business,Electronics,London,London,United Kingdom,2023-05-17,Active
60bce8e0-9c71-4655-b2af-6d1a06c4188a,Zenith Imports 2631,Business,Chemicals,Rotterdam,Rotterdam,Netherlands,2018-08-26,Active
f62ba588-4ccc-4abf-a3bf-3c66f9dc8f3f,Apex Imports 2632,Business,Automotive,Abu Dhabi,Abu Dhabi,UAE,2018-06-23,Active
be1e90fe-f166-4cd8-a215-b971e6d55c13,Apex Trading 2633,Business,E-commerce,Busan,Busan,South Korea,2022-10-28,Active
6dbf9c85-225d-439f-87ea-3d98db9ba3cf,Omni Logistics 2634,Business,Textiles,Manchester,Manchester,United Kingdom,2024-12-20,Active
61bcff68-e474-4974-9610-b5d7bdfda079,Nexa Logistics 2635,Business,FMCG,Bremen,Bremen,Germany,2018-09-15,Active
f18679b2-9bb5-403f-9120-bf9e29e7720f,Trident Trading 2636,Business,Textiles,Singapore,Singapore,Singapore,2022-01-06,Active
a20befca-cfb4-46a6-a83c-d1bc023168e9,Zenith Trading 2637,Business,E-commerce,Chicago,Chicago,United States,2020-12-24,Active
42aad970-77d9-425c-b12a-922e10d14eda,Prime Imports 2638,Business,Automotive,Hyderabad,Tamil Nadu,India,2018-04-10,Active
c7583bab-858b-455c-8c05-4fff352cd08b,Zenith Retail 2639,Business,E-commerce,Shenzhen,Shenzhen,China,2019-04-21,Active
e062e4e0-3597-4093-bc1b-204ee18c8d86,Vertex Logistics 2640,Business,E-commerce,Shenzhen,Shenzhen,China,2025-12-25,Active
c00fe933-8816-47c4-86f5-ec4183a9ef06,Apex Industries 2641,Business,Textiles,Manchester,Manchester,United Kingdom,2025-10-23,Active
25bc3f9e-bdac-473a-95b9-383517abe96a,Trident Imports 2642,Business,Industrial Machinery,Singapore,Singapore,Singapore,2019-05-17,Active
97219d56-cb46-4a86-a0eb-69b38d58fc5b,Nexa Logistics 2643,Business,FMCG,Hyderabad,Maharashtra,India,2019-08-18,Active
98f82bc1-d2b1-4b55-a0f4-e623cf411395,Apex Industries 2644,Business,Industrial Machinery,Delhi,Karnataka,India,2023-05-16,Active
f43f70d9-0bba-40a9-8dc4-dbd1d3ed5a23,Omni Logistics 2645,Business,E-commerce,Amsterdam,Amsterdam,Netherlands,2022-04-13,Active
2fdb911e-9c5f-4153-9727-82455163c777,Apex Trading 2646,Business,E-commerce,Los Angeles,Los Angeles,United States,2021-10-05,Inactive
a6ff83f3-6528-4ef6-bfc3-cc73bed74c2c,Omni Industries 2647,Business,Pharma,Felixstowe,Felixstowe,United Kingdom,2022-12-09,Active
71e00c6b-2f94-4117-af6d-4877637454c1,Nexa Imports 2648,Business,E-commerce,Houston,Houston,United States,2018-01-18,Active
2a7b844d-903a-46fc-b963-bbd671b61388,Global Trading 2649,Individual,Retail,Ningbo,Ningbo,China,2024-06-18,Active
c70e6409-0442-43fb-b961-daa743aed789,Nexa Industries 2650,Business,Retail,Bremen,Bremen,Germany,2022-09-29,Active
dac346b9-2230-4102-8824-d1fa4d7aa644,Vertex Logistics 2651,Business,E-commerce,Osaka,Osaka,Japan,2018-03-08,Active
5d722824-1200-44fa-8afa-b8d701044bda,Nexa Exports 2652,Business,Chemicals,Singapore,Singapore,Singapore,2019-07-04,Active
b1cc431c-de57-44f6-a6ce-61465fabd4c9,Zenith Industries 2653,Individual,Textiles,Tokyo,Tokyo,Japan,2023-04-21,Active
5d882158-6e3f-487e-82c7-41538c82cd26,Apex Industries 2654,Business,Electronics,Dubai,Dubai,UAE,2025-03-11,Active
e64cc342-c03a-4369-9fd5-928a6ae54623,Nexa Exports 2655,Business,Textiles,Singapore,Singapore,Singapore,2020-02-09,Active
21e31f84-bbb3-4021-97b3-09ce9933b501,Trident Logistics 2656,Business,E-commerce,Ahmedabad,Telangana,India,2020-09-25,Active
8d853106-cf33-4202-ab98-4474088cf69b,Trident Logistics 2657,Individual,Pharma,Houston,Houston,United States,2020-10-06,Active
1af08a20-aeb1-44d5-a27d-3f27cfb56b86,Nexa Logistics 2658,Business,Chemicals,Manchester,Manchester,United Kingdom,2022-05-29,Active
26353cf3-1db9-4f20-9d5f-0593a4bf1367,Omni Imports 2659,Business,FMCG,Abu Dhabi,Abu Dhabi,UAE,2018-03-17,Active
ccd84fc7-4a4d-4be8-b1d7-512ce6268353,Apex Trading 2660,Business,Electronics,Chicago,Chicago,United States,2018-10-23,Active
bfa19c7b-f81a-44f3-9e2b-c72227be3454,Trident Logistics 2661,Business,Industrial Machinery,Shenzhen,Shenzhen,China,2022-07-18,Active
a0537fb3-3832-4183-b116-c3c3af45aa63,Nexa Industries 2662,Business,Textiles,Yokohama,Yokohama,Japan,2018-05-29,Active
0e3843f9-e4d0-48cd-9057-3c305ea8f5d3,Global Imports 2663,Business,Electronics,Shanghai,Shanghai,China,2022-12-23,Active
5adae57e-4c4d-4212-b5ff-7b90b5000f18,Apex Industries 2664,Business,Chemicals,Houston,Houston,United States,2018-03-13,Active
ca678df4-5af0-4885-a1b0-0c7e0be85b82,Vertex Logistics 2665,Business,Automotive,Houston,Houston,United States,2024-02-07,Inactive
2181328d-256f-4538-b0b8-88060da6272a,Nexa Retail 2666,Business,FMCG,Amsterdam,Amsterdam,Netherlands,2022-10-07,Active
1363c522-0c21-429d-b1eb-1e1746d62690,Prime Logistics 2667,Business,Electronics,Bengaluru,Delhi,India,2025-12-14,Active
8d0610d3-a336-4f58-a8b6-9a764a351c1a,Apex Trading 2668,Business,Textiles,Osaka,Osaka,Japan,2021-04-20,Active
3ec74fc2-10bd-41f1-8b42-9fb829628eb6,Apex Trading 2669,Business,Automotive,Tokyo,Tokyo,Japan,2021-02-11,Active
734f7699-780e-4f2a-9598-eb6b69407e5b,Prime Logistics 2670,Business,Food Processing,Rotterdam,Rotterdam,Netherlands,2019-04-19,Active
d8a18c7f-8a14-4112-a4dc-cd4c1512a477,Prime Logistics 2671,Business,FMCG,Ahmedabad,Telangana,India,2023-11-01,Active
b8e805f4-9377-4d53-be5d-15d519d4a0b7,Nexa Retail 2672,Business,Industrial Machinery,Singapore,Singapore,Singapore,2025-09-02,Active
4ffeeea5-453f-4d2a-8cbd-4b25b9d84284,Trident Imports 2673,Business,Textiles,Amsterdam,Amsterdam,Netherlands,2025-01-14,Active
f3c88ab9-f275-4e3b-8800-7f3847325826,Apex Retail 2674,Business,Automotive,Amsterdam,Amsterdam,Netherlands,2019-05-10,Active
dd8595c9-9df0-49e5-b5a7-21a0313186d4,Nexa Trading 2675,Business,Electronics,Osaka,Osaka,Japan,2018-04-02,Active
1ffa34f7-fecc-44a5-9555-9bf424590958,Nexa Trading 2676,Business,Automotive,Bengaluru,Tamil Nadu,India,2020-01-05,Active
075c0330-5a5a-4da0-ad9d-150f4a13e258,Apex Retail 2677,Business,Retail,Singapore,Singapore,Singapore,2025-10-06,Active
520208cb-bde4-4e13-b074-76749cbb5dfa,Zenith Trading 2678,Business,Textiles,Singapore,Singapore,Singapore,2019-04-01,Active
d1462b2d-b2c0-44b1-9d11-aebf43f19b88,Zenith Exports 2679,Business,Retail,Hamburg,Hamburg,Germany,2022-04-15,Active
10d6662f-63e4-4614-bef8-6cb8285ea080,Apex Imports 2680,Business,Food Processing,Abu Dhabi,Abu Dhabi,UAE,2020-05-14,Active
9af3131c-4df6-48dc-b836-07a6f6f226c2,Vertex Imports 2681,Individual,Food Processing,Singapore,Singapore,Singapore,2025-04-28,Active
86ff454e-7c0b-4d93-9384-83534e18e553,Vertex Logistics 2682,Business,FMCG,Busan,Busan,South Korea,2020-09-28,Active
1a9bd1e9-736e-46b5-9fce-8e4b9f04fb70,Nexa Industries 2683,Business,Electronics,Singapore,Singapore,Singapore,2022-04-20,Active
521efd2c-4c4d-4771-b1b2-5e2eaddafa41,Prime Industries 2684,Business,Textiles,Busan,Busan,South Korea,2023-10-01,Active
58acbcde-c9e2-4b85-83cd-f297bdaaa583,Zenith Trading 2685,Business,Industrial Machinery,Seoul,Seoul,South Korea,2018-03-17,Active
ec32469e-7792-468f-a4d6-18f0ad81f679,Trident Exports 2686,Business,Electronics,Incheon,Incheon,South Korea,2024-07-26,Active
be5ed590-3247-46bc-8a25-0766501178a2,Apex Trading 2687,Business,Pharma,Hamburg,Hamburg,Germany,2021-06-15,Active
4ec41137-c8d8-4e2a-933f-c20d0b8a9303,Apex Logistics 2688,Business,FMCG,Kolkata,Telangana,India,2021-01-09,Active
c039b8e3-7117-4836-8b70-803067643678,Zenith Exports 2689,Business,Pharma,Rotterdam,Rotterdam,Netherlands,2021-08-06,Active
1b72eb29-3b26-4fd2-be96-c43112a1e5e6,Trident Industries 2690,Business,Automotive,Busan,Busan,South Korea,2020-12-14,Active
3d238f35-e7df-4a9c-9f0e-6ea89da5ed84,Vertex Exports 2691,Business,Retail,Amsterdam,Amsterdam,Netherlands,2024-04-07,Active
f2115a94-1c8b-41a5-a9dd-12c288374eb7,Omni Trading 2692,Business,Automotive,Seoul,Seoul,South Korea,2021-05-16,Active
34200d04-3038-42ff-ab76-5e3aed11d3ab,Zenith Retail 2693,Business,Automotive,Delhi,Telangana,India,2025-01-02,Active
c6f3fa07-64dc-484d-9a91-8c74fd07d118,Omni Exports 2694,Business,Electronics,Frankfurt,Frankfurt,Germany,2019-12-28,Active
56138ce5-3316-4a2b-bcab-350ea6099e0e,Nexa Industries 2695,Business,Chemicals,Singapore,Singapore,Singapore,2020-01-05,Active
9e85b12c-21fb-41e0-b989-01da8a4562ac,Trident Trading 2696,Business,Retail,London,London,United Kingdom,2024-07-21,Active
c1fe612b-508e-4bb9-9d60-ed9420267fbc,Zenith Trading 2697,Business,Pharma,Yokohama,Yokohama,Japan,2023-05-18,Active
a8cab186-4a4e-4097-8aff-e25ace23006c,Vertex Retail 2698,Individual,Retail,Sharjah,Sharjah,UAE,2021-07-21,Inactive
f7383a25-6ff8-408f-8e07-e5c05ee8f08e,Nexa Exports 2699,Business,FMCG,Felixstowe,Felixstowe,United Kingdom,2021-08-16,Active
17e56218-39bd-4fbe-9551-6f99fa8eaec6,Apex Exports 2700,Business,Electronics,Incheon,Incheon,South Korea,2021-09-20,Inactive
291b4f46-3d57-45de-839c-ef7c66a3fbee,Omni Imports 2701,Business,Retail,Chicago,Chicago,United States,2020-06-19,Active
2d0e6ea9-a2c1-4bfc-a271-3feed022bdbc,Global Trading 2702,Business,Automotive,Frankfurt,Frankfurt,Germany,2020-09-10,Active
0c45be35-9efc-485d-a9e1-17a546e6c95e,Trident Logistics 2703,Business,Retail,Guangzhou,Guangzhou,China,2022-05-28,Active
0047d344-3c68-4b54-8ef2-a6d3cdc9c7eb,Omni Imports 2704,Business,FMCG,New York,New York,United States,2022-04-14,Active
7ca22d95-c5f0-4b7e-acf0-e9d6780a22dc,Vertex Exports 2705,Individual,FMCG,Singapore,Singapore,Singapore,2018-05-14,Active
2dd4eba0-4757-4de3-823b-ca9d34dc8829,Global Trading 2706,Business,Food Processing,London,London,United Kingdom,2025-05-04,Active
23ae1a05-6e6a-470f-a014-44e68e177a07,Vertex Logistics 2707,Business,Textiles,Singapore,Singapore,Singapore,2022-07-19,Inactive
8853c9dc-3dea-4793-94ae-ffdd128cf444,Apex Exports 2708,Business,E-commerce,Singapore,Singapore,Singapore,2019-04-13,Active
7648d465-849b-4f3f-a98a-73477dde9c79,Vertex Imports 2709,Business,Pharma,Singapore,Singapore,Singapore,2020-02-08,Active
ff6b6d4f-9158-4799-8e47-6c6aa80ee0a3,Nexa Trading 2710,Business,FMCG,Guangzhou,Guangzhou,China,2025-11-21,Active
3a2adeee-05f9-4913-a562-820acbb6904f,Apex Trading 2711,Business,Electronics,Busan,Busan,South Korea,2024-03-16,Active
00a282bb-7544-4187-b747-ba3a0425788b,Nexa Trading 2712,Business,Pharma,Bremen,Bremen,Germany,2024-05-13,Active
c5cfd1c1-02c6-4da1-aff5-9c1f7aeed235,Apex Logistics 2713,Business,Chemicals,Amsterdam,Amsterdam,Netherlands,2019-03-30,Active
66778b2e-cc7c-4914-a813-0acbb484eae5,Trident Industries 2714,Business,FMCG,Dubai,Dubai,UAE,2020-08-22,Active
be46bde6-7c81-4f10-949e-39ebf6985515,Prime Logistics 2715,Individual,FMCG,Houston,Houston,United States,2022-10-21,Active
633dc148-f174-4bdd-af82-49332e19f9ae,Vertex Exports 2716,Business,Electronics,Sharjah,Sharjah,UAE,2018-12-31,Active
e2c26cb8-ca4f-4c39-9d44-cc2e43b347d8,Global Logistics 2717,Business,Pharma,Incheon,Incheon,South Korea,2020-05-30,Active
4b1c0b29-8867-40ea-a326-8278dd29eae6,Nexa Logistics 2718,Business,Industrial Machinery,Felixstowe,Felixstowe,United Kingdom,2024-07-13,Active
e01f898b-8887-4ced-9440-0b683e361bec,Vertex Exports 2719,Business,Electronics,Bengaluru,Gujarat,India,2020-12-25,Active
19dd232e-b63c-4ae8-9b8b-f593806cfb47,Nexa Retail 2720,Business,Automotive,Singapore,Singapore,Singapore,2021-04-14,Active
36379ba5-4b8f-4ab4-b78f-aedfda02822a,Prime Imports 2721,Business,E-commerce,Shenzhen,Shenzhen,China,2025-04-15,Active
a278c5be-2fca-4b05-a07a-4f0e34c6c269,Apex Logistics 2722,Business,FMCG,New York,New York,United States,2021-04-23,Active
8f3891e3-6c06-468e-8a7e-0a88f9d8443d,Vertex Industries 2723,Business,Textiles,Busan,Busan,South Korea,2018-12-18,Active
73c55c64-c5f9-4ca5-866a-8c5a72c1ab6b,Prime Industries 2724,Business,Pharma,Hamburg,Hamburg,Germany,2020-07-08,Active
544605f5-7fe5-4a27-81ec-f994614b4955,Omni Retail 2725,Business,E-commerce,Chennai,Karnataka,India,2025-05-13,Active
a83989ed-2634-45c3-868c-c16ab790f3af,Global Trading 2726,Business,Electronics,Osaka,Osaka,Japan,2025-11-12,Active
32287f76-112b-40b3-beb2-0ebe49e9da69,Zenith Industries 2727,Business,Retail,Ahmedabad,West Bengal,India,2024-08-07,Inactive
6fb40a1a-e3c9-42ea-aabc-da576ce7eaef,Prime Logistics 2728,Business,Electronics,Busan,Busan,South Korea,2025-01-14,Active
54aa7485-270d-451d-917b-eb8774c2b2bb,Global Exports 2729,Business,Industrial Machinery,Busan,Busan,South Korea,2021-01-12,Active
9df7bb77-c144-4c86-b7cc-e56e7ef0189b,Omni Exports 2730,Business,Chemicals,Rotterdam,Rotterdam,Netherlands,2021-11-30,Active
c4908bcc-fb7d-43f1-99d8-c7290aa883d9,Apex Imports 2731,Business,Pharma,Shenzhen,Shenzhen,China,2022-05-12,Active
e62a3cb0-feeb-4a8d-8243-8f812112f104,Vertex Retail 2732,Business,Retail,Kolkata,Telangana,India,2020-07-19,Active
54bc2623-3b7c-41b4-be80-7efcf95bfe21,Omni Retail 2733,Individual,E-commerce,Tokyo,Tokyo,Japan,2025-07-19,Active
0787a960-255f-4b07-8388-6491d1d03d86,Zenith Logistics 2734,Business,Textiles,Frankfurt,Frankfurt,Germany,2024-09-08,Active
75cbdf9d-96bb-4e6d-87ab-e7117dad367c,Trident Logistics 2735,Business,Pharma,London,London,United Kingdom,2018-12-19,Active
62b0e1c2-9899-43f5-9111-8966cbefc50a,Trident Logistics 2736,Business,Retail,London,London,United Kingdom,2019-10-19,Active
bc04f337-5a8f-4639-9592-6b35b430dd31,Trident Exports 2737,Business,Electronics,Bremen,Bremen,Germany,2023-04-24,Active
d323e668-880f-449f-baf3-ef1ef24e1caa,Nexa Trading 2738,Business,Automotive,Yokohama,Yokohama,Japan,2025-08-24,Active
a4ea25c1-16f2-4fba-892b-d792e93acb43,Zenith Industries 2739,Business,Chemicals,Singapore,Singapore,Singapore,2023-07-22,Active
29c432e9-621d-4a0e-9625-db5025f7e155,Global Logistics 2740,Individual,Chemicals,Sharjah,Sharjah,UAE,2018-11-16,Active
8b46cebb-2a72-4c24-9525-7bfe3353c404,Nexa Retail 2741,Business,FMCG,Felixstowe,Felixstowe,United Kingdom,2020-01-23,Active
34a45ea6-7212-4c62-a5f5-a8ae5ee0248c,Global Exports 2742,Business,FMCG,Osaka,Osaka,Japan,2019-09-27,Active
090e12c0-f97b-4fe6-b85a-c0092d1c9623,Vertex Retail 2743,Business,Chemicals,Mumbai,Gujarat,India,2019-05-17,Active
2aa47439-fd12-40c8-982f-34c1c4279b15,Vertex Trading 2744,Business,Industrial Machinery,Singapore,Singapore,Singapore,2024-10-24,Inactive
c17803f1-6a38-45cc-a4a0-1663e1ae5907,Zenith Logistics 2745,Business,Industrial Machinery,Manchester,Manchester,United Kingdom,2022-01-11,Active
bec22523-19b4-46f5-8844-402fd432694f,Omni Imports 2746,Business,Retail,Rotterdam,Rotterdam,Netherlands,2022-01-11,Active
2379d0c1-4474-4807-8a40-5c007c522075,Trident Trading 2747,Business,FMCG,Amsterdam,Amsterdam,Netherlands,2020-03-09,Active
8cc3b317-bd16-4526-9df1-adfe886a75ee,Omni Industries 2748,Business,Chemicals,Yokohama,Yokohama,Japan,2021-04-30,Active
f4780de5-efc5-41a1-8d88-8f59eef6ad1e,Global Exports 2749,Business,Electronics,Felixstowe,Felixstowe,United Kingdom,2018-05-05,Active
dc39e928-7681-47c2-925a-d69d1661ab9c,Zenith Trading 2750,Business,Industrial Machinery,Yokohama,Yokohama,Japan,2019-06-05,Active
3f053a29-9efe-4639-9e9d-ffcc8f109d9d,Prime Logistics 2751,Business,FMCG,Felixstowe,Felixstowe,United Kingdom,2024-02-20,Active
2c3cb3e6-5e15-4d64-86ca-60fae26befb4,Omni Exports 2752,Individual,E-commerce,Ningbo,Ningbo,China,2023-09-12,Active
cafedc12-af94-404d-a88b-62d44969589c,Global Retail 2753,Individual,FMCG,Chicago,Chicago,United States,2023-11-11,Active
f7542ed4-eb28-4771-aa00-821dafe9921c,Zenith Retail 2754,Business,Food Processing,Ahmedabad,Karnataka,India,2019-08-23,Active
e1df7990-b946-471a-880e-8c3b479080a1,Nexa Imports 2755,Business,E-commerce,Osaka,Osaka,Japan,2019-03-20,Active
83c04ef8-9074-4697-bf5e-ce77d8eb1f28,Global Retail 2756,Business,Textiles,Rotterdam,Rotterdam,Netherlands,2023-10-06,Active
6e2f4039-3dd1-4704-8015-ffc18e222b74,Nexa Industries 2757,Business,Retail,Tokyo,Tokyo,Japan,2020-02-08,Active
3f90449a-fddb-4095-a789-441bf6cb4164,Omni Imports 2758,Business,Industrial Machinery,Manchester,Manchester,United Kingdom,2023-02-16,Active
9a2062fb-be8f-48c9-b989-8b097e18b4c4,Zenith Exports 2759,Business,Automotive,Abu Dhabi,Abu Dhabi,UAE,2019-01-06,Active
214379be-eb96-4f85-badd-a19abbf7cb82,Vertex Industries 2760,Business,Electronics,Kolkata,West Bengal,India,2025-06-20,Active
d0d46d12-5015-4282-a36f-da8308624da3,Prime Exports 2761,Business,Textiles,Kolkata,Tamil Nadu,India,2020-01-30,Inactive
194e7cb9-ef06-454f-8cd7-00e12211d06e,Omni Exports 2762,Business,Food Processing,Manchester,Manchester,United Kingdom,2025-09-27,Active
62376e31-efe3-405e-9468-5ea7ada05c00,Prime Exports 2763,Business,Pharma,Los Angeles,Los Angeles,United States,2024-08-02,Active
f7330843-e2e3-44d3-9645-7390df3275ae,Global Logistics 2764,Business,Electronics,Shenzhen,Shenzhen,China,2021-07-01,Active
e988983c-d49a-499a-86d8-1f1620db9c41,Global Exports 2765,Business,E-commerce,Rotterdam,Rotterdam,Netherlands,2022-09-17,Active
59bc5971-be04-45f9-9c48-65914d5e73d0,Vertex Trading 2766,Business,Food Processing,Guangzhou,Guangzhou,China,2018-06-02,Active
947d6d7d-3333-4f3c-a0a8-388ecf5e7aed,Global Trading 2767,Individual,Electronics,Frankfurt,Frankfurt,Germany,2022-06-22,Active
b4121324-0cd8-476f-9d71-4366344638fd,Apex Industries 2768,Business,Chemicals,Abu Dhabi,Abu Dhabi,UAE,2023-08-25,Active
7a13e5b6-90c2-4649-8e48-a00e1cbe9cab,Prime Industries 2769,Business,Automotive,Shanghai,Shanghai,China,2024-02-07,Active
b4fd1bec-c324-4510-93cc-d6f04d051eac,Zenith Retail 2770,Business,Chemicals,Amsterdam,Amsterdam,Netherlands,2020-10-09,Active
1b6f0623-248d-4c24-b6c5-4a8e76fb2762,Nexa Trading 2771,Business,FMCG,Felixstowe,Felixstowe,United Kingdom,2025-11-28,Active
2f66e827-ea6e-477c-b1c6-8f21fb70ed4c,Nexa Logistics 2772,Business,Textiles,Amsterdam,Amsterdam,Netherlands,2019-11-21,Active
918f96c9-be89-4d70-8ac3-2bf9e83ce618,Prime Exports 2773,Business,E-commerce,Chicago,Chicago,United States,2024-02-26,Active
e695e9c7-d7e7-4893-894c-f59883da32e6,Global Industries 2774,Business,Pharma,Ningbo,Ningbo,China,2021-01-23,Active
bcd63270-7c99-4656-9035-8650b8721713,Global Industries 2775,Business,Chemicals,Guangzhou,Guangzhou,China,2020-11-26,Active
0a4bb7c2-a8ff-4a72-bb96-ed24676d0fbf,Apex Retail 2776,Individual,E-commerce,Seoul,Seoul,South Korea,2025-04-11,Active
31bf5de2-a115-4c69-8eff-254c648442bc,Trident Trading 2777,Business,Industrial Machinery,Frankfurt,Frankfurt,Germany,2020-08-05,Active
4e6b37f2-db32-4fbe-b754-aeca8afd1033,Prime Exports 2778,Business,Industrial Machinery,Osaka,Osaka,Japan,2018-06-05,Active
40e786b2-7a20-4119-ac05-ff9d98522828,Zenith Logistics 2779,Business,Chemicals,Shanghai,Shanghai,China,2018-04-25,Active
d74f2aef-043f-40fb-94f4-cdce7b34f9b7,Prime Industries 2780,Business,FMCG,Singapore,Singapore,Singapore,2018-04-11,Active
471d26d6-b239-443a-8b74-e4221f99d4ea,Apex Industries 2781,Business,FMCG,Shenzhen,Shenzhen,China,2022-02-28,Active
9c7c4eef-bb1f-4751-b09f-b9953c042690,Vertex Industries 2782,Individual,Electronics,Ningbo,Ningbo,China,2020-11-04,Active
8bd8661b-f951-4063-8fd0-bd5fc39a4032,Apex Exports 2783,Individual,Retail,Singapore,Singapore,Singapore,2021-01-18,Active
636a1334-1de4-4571-a0df-9ad64d88f65f,Apex Industries 2784,Business,FMCG,Tokyo,Tokyo,Japan,2024-01-31,Active
b1de7179-1f3e-4244-962d-35ffa805bab4,Omni Retail 2785,Business,E-commerce,London,London,United Kingdom,2019-04-08,Inactive
1c862649-6874-4b0b-b405-311c8ea6538e,Global Logistics 2786,Business,Retail,Tokyo,Tokyo,Japan,2018-08-31,Active
7330a7f0-43c2-40ba-8195-a042fdc07421,Trident Exports 2787,Individual,Automotive,Chicago,Chicago,United States,2021-07-22,Active
9030f8e9-f6cf-43f7-9d57-65ebc4e844b7,Zenith Industries 2788,Individual,Chemicals,Hyderabad,Tamil Nadu,India,2020-08-03,Active
0768f66e-25cd-4b62-ab2e-b9409c051baa,Prime Industries 2789,Business,FMCG,Osaka,Osaka,Japan,2018-03-14,Active
e6e4a38e-d8b3-4131-ad9c-c5b443396128,Zenith Logistics 2790,Business,Chemicals,Amsterdam,Amsterdam,Netherlands,2020-08-26,Active
f22142c7-520f-4446-ac12-8c5bb489caca,Global Retail 2791,Business,Industrial Machinery,Busan,Busan,South Korea,2021-02-06,Active
81e6ff3c-d356-4728-b5f5-10915d9eb117,Zenith Retail 2792,Business,Electronics,Delhi,Maharashtra,India,2023-09-29,Inactive
3b8fe844-84b9-47e5-b5a9-f1ecf138e1bc,Apex Industries 2793,Individual,Pharma,Seoul,Seoul,South Korea,2021-08-13,Active
46471db6-a452-44be-87e4-4d156f15dc30,Zenith Imports 2794,Business,Pharma,Tokyo,Tokyo,Japan,2018-11-28,Active
d8b31d01-ff8d-46d7-900c-bf7131a5200c,Vertex Industries 2795,Business,Automotive,New York,New York,United States,2024-08-16,Active
ba280740-6e73-4050-8907-c508ee16200f,Global Retail 2796,Individual,Automotive,Yokohama,Yokohama,Japan,2024-07-01,Inactive
5fa9e685-b020-4d1d-bb06-6452863b9f3e,Zenith Industries 2797,Business,E-commerce,Bengaluru,Maharashtra,India,2022-08-11,Inactive
932dc742-03f1-45cc-8bad-3ded789dc705,Prime Trading 2798,Business,Electronics,London,London,United Kingdom,2022-08-17,Active
d285a368-202d-4a78-841d-564ca34b3e11,Trident Exports 2799,Business,Industrial Machinery,Osaka,Osaka,Japan,2023-06-09,Active
941a0558-07c2-471a-9180-bdda9ba7de56,Prime Exports 2800,Business,Retail,Hyderabad,Karnataka,India,2025-12-13,Active
52988ca1-d976-49f4-9af9-b0e081a7c089,Omni Retail 2801,Business,Retail,Shenzhen,Shenzhen,China,2023-03-30,Active
6577c308-d461-42a2-b9c5-9224a3a87992,Trident Trading 2802,Individual,Automotive,Shanghai,Shanghai,China,2022-06-19,Inactive
e5077d52-2199-4211-8727-06a858f57058,Omni Exports 2803,Business,Electronics,Mumbai,West Bengal,India,2019-07-20,Active
84965655-ad2d-4be5-9c92-a1c5cae895ed,Global Logistics 2804,Individual,Automotive,Amsterdam,Amsterdam,Netherlands,2019-04-21,Active
7fb493f1-52ae-4d34-a6cc-046d90c4276a,Trident Exports 2805,Business,Automotive,Frankfurt,Frankfurt,Germany,2023-02-13,Active
fd946692-f48d-4891-8441-be50790ce5b5,Global Retail 2806,Business,Automotive,Tokyo,Tokyo,Japan,2025-09-01,Active
9d173b7d-0bc5-4537-ba4d-0eb873bbf5d5,Global Exports 2807,Individual,FMCG,Dubai,Dubai,UAE,2024-09-05,Active
8cfaa628-9726-4e5d-9033-c2f9b442f7a4,Trident Logistics 2808,Business,Automotive,Busan,Busan,South Korea,2018-02-16,Inactive
c21e053b-ef93-4e32-9ae0-3147659d420f,Global Imports 2809,Business,Automotive,Hamburg,Hamburg,Germany,2024-03-03,Active
92a1c0db-bc17-45e8-9090-a4345f212c52,Nexa Exports 2810,Business,FMCG,Manchester,Manchester,United Kingdom,2022-09-26,Active
990dfcf6-7dc2-499a-a18a-3b0f6e1c5590,Vertex Industries 2811,Business,E-commerce,Shenzhen,Shenzhen,China,2021-12-29,Active
1033dc58-0537-4055-8e1d-c52aa05d01c8,Zenith Trading 2812,Business,Electronics,Felixstowe,Felixstowe,United Kingdom,2023-04-05,Active
d065902f-7c98-43cf-b4e6-b3b36103fc3c,Trident Trading 2813,Business,Textiles,Rotterdam,Rotterdam,Netherlands,2024-06-12,Active
229d4f89-2035-400e-a4cc-55ad0ba0e045,Trident Exports 2814,Business,FMCG,Abu Dhabi,Abu Dhabi,UAE,2019-01-18,Active
f5777bfd-e766-46d0-bde2-c6a216b41dfe,Prime Trading 2815,Business,Retail,Hamburg,Hamburg,Germany,2025-05-09,Active
d3ab9ffc-e1e4-4a5a-a202-0511379df2d4,Trident Industries 2816,Business,E-commerce,Busan,Busan,South Korea,2019-03-08,Active
6e18ce1d-26bb-40b1-a138-bc524ba9fb99,Trident Retail 2817,Individual,Textiles,Felixstowe,Felixstowe,United Kingdom,2020-05-22,Active
70368074-caad-4774-b08c-b3c925290930,Trident Logistics 2818,Business,Industrial Machinery,Los Angeles,Los Angeles,United States,2023-04-24,Active
f661c6af-087e-4716-b124-b1f329955d51,Apex Imports 2819,Individual,E-commerce,Bremen,Bremen,Germany,2023-07-08,Active
33e24e4b-29df-41d6-bd1e-17362b9640e8,Zenith Industries 2820,Business,Industrial Machinery,Hamburg,Hamburg,Germany,2023-04-22,Active
402066c3-8d84-4cee-a951-d87313b14a0f,Nexa Logistics 2821,Business,Automotive,Singapore,Singapore,Singapore,2022-12-22,Active
3e88e708-ab73-4209-b590-84b9ba3775ef,Zenith Trading 2822,Business,E-commerce,Incheon,Incheon,South Korea,2020-11-21,Active
73215bf8-a644-4239-ae65-c6a174a6d3c4,Omni Logistics 2823,Business,E-commerce,Seoul,Seoul,South Korea,2023-03-24,Active
1e8df7ec-68dc-416a-8c52-7318ab1b2d7f,Nexa Industries 2824,Individual,Automotive,Tokyo,Tokyo,Japan,2018-07-14,Inactive
a766eb0c-24ac-4657-82e1-6c0f63d20a31,Vertex Logistics 2825,Business,Pharma,Mumbai,Gujarat,India,2018-09-04,Inactive
ada226fe-6ebc-48e9-b7af-60a8d7d02ea5,Global Industries 2826,Business,Automotive,Amsterdam,Amsterdam,Netherlands,2022-10-25,Active
f3cc03a0-cef9-472a-b5cd-be9eaf4f3e72,Apex Logistics 2827,Business,Industrial Machinery,Bremen,Bremen,Germany,2023-03-24,Active
357df25b-7e7d-4ee0-8530-1b936eb5b000,Prime Logistics 2828,Business,Food Processing,Manchester,Manchester,United Kingdom,2019-03-23,Active
bd22fa04-a123-4ae5-9211-b041ec4f4386,Zenith Imports 2829,Business,FMCG,Bremen,Bremen,Germany,2024-12-21,Active
65329600-705b-4d3e-8040-d4f4eea1ebc2,Zenith Retail 2830,Business,Retail,Rotterdam,Rotterdam,Netherlands,2024-01-08,Active
49a261bb-b5c8-4b77-ae07-7440ede1d21a,Prime Trading 2831,Business,Automotive,Rotterdam,Rotterdam,Netherlands,2021-08-08,Inactive
56190395-ced6-4d75-a124-c98955b95903,Trident Exports 2832,Business,FMCG,Dubai,Dubai,UAE,2018-01-07,Active
cb4eb2b2-dbb8-4253-9738-4df4158ae3cc,Apex Logistics 2833,Business,Automotive,London,London,United Kingdom,2019-12-30,Active
78b9ecf0-09f1-483b-b806-cc53d73652c0,Nexa Logistics 2834,Business,FMCG,Frankfurt,Frankfurt,Germany,2022-07-31,Inactive
8cfaa465-0262-4f0f-8eea-689a25c8f296,Apex Trading 2835,Business,FMCG,Frankfurt,Frankfurt,Germany,2025-05-07,Active
84f336b5-1f2a-4e82-9033-77a5ebe2aa73,Nexa Logistics 2836,Business,FMCG,New York,New York,United States,2019-09-19,Active
55db9180-8aaa-4f1a-8c87-04c990db9642,Zenith Exports 2837,Business,FMCG,Singapore,Singapore,Singapore,2021-08-03,Active
6aec1d33-51f1-4a4c-ba69-538603c012e8,Nexa Exports 2838,Business,Industrial Machinery,Guangzhou,Guangzhou,China,2024-10-31,Active
c28c6cd4-68af-4919-bada-e8f6bfa2f081,Apex Logistics 2839,Business,Chemicals,Busan,Busan,South Korea,2021-07-26,Active
2b3514e3-37af-49d2-bd1c-022842f76282,Nexa Industries 2840,Business,FMCG,Singapore,Singapore,Singapore,2022-11-07,Active
0e9139ad-d0de-4863-9c08-71472980a211,Nexa Industries 2841,Business,Industrial Machinery,Hamburg,Hamburg,Germany,2018-10-16,Active
c1dc9ea6-a229-4430-9ff7-0c56dae4d05b,Global Imports 2842,Business,FMCG,Seoul,Seoul,South Korea,2022-07-29,Active
848bdc46-b9d8-497e-bae6-f6c90c2b70d7,Nexa Logistics 2843,Business,Industrial Machinery,Osaka,Osaka,Japan,2020-03-20,Active
d2a327e4-7765-4e67-958a-d982a392dc4d,Global Imports 2844,Business,Chemicals,Abu Dhabi,Abu Dhabi,UAE,2018-02-26,Active
71a924c6-8450-491e-8ee3-3cbca0364e4d,Nexa Retail 2845,Business,Textiles,Bengaluru,Karnataka,India,2019-02-05,Active
a0847afe-718f-4d7f-b37f-bf219c58c520,Trident Industries 2846,Business,Industrial Machinery,Singapore,Singapore,Singapore,2019-08-09,Active
06c0ea11-6d45-4017-88fa-c5049bff2ba2,Nexa Industries 2847,Business,Pharma,Yokohama,Yokohama,Japan,2025-04-25,Inactive
64806e41-d84b-4876-96c0-09c527f914f6,Apex Exports 2848,Business,Industrial Machinery,Amsterdam,Amsterdam,Netherlands,2025-02-24,Active
51db132f-b98e-406a-918c-3df6159eec3e,Global Imports 2849,Individual,Pharma,Bengaluru,Delhi,India,2021-06-30,Active
4b71fc57-2115-45bc-a06f-6db87aade64a,Prime Imports 2850,Individual,Food Processing,Hamburg,Hamburg,Germany,2024-04-25,Active
cd31cf23-8ebb-43b8-a56f-0f7a023af309,Zenith Logistics 2851,Business,Electronics,Kolkata,Tamil Nadu,India,2018-01-23,Active
104dbad7-cc67-4f70-8e8b-549ea831f757,Omni Retail 2852,Business,E-commerce,Singapore,Singapore,Singapore,2022-07-09,Active
50269ea4-86a6-42ef-8f3d-6cc7685201fa,Zenith Retail 2853,Business,Electronics,Chicago,Chicago,United States,2020-12-28,Active
fc04273c-4fad-47db-a46f-ce08dc0fa159,Omni Logistics 2854,Business,Textiles,Amsterdam,Amsterdam,Netherlands,2025-09-17,Active
4e522964-075e-4b8d-b3ca-65285ddc3b36,Prime Industries 2855,Business,Industrial Machinery,Osaka,Osaka,Japan,2020-07-14,Active
444bd617-d259-42c7-8186-ca93ae4b5854,Global Exports 2856,Business,Retail,Incheon,Incheon,South Korea,2020-04-08,Active
98d975d9-f0b8-46f4-93c5-1c9f743690ef,Nexa Logistics 2857,Individual,Electronics,Chicago,Chicago,United States,2023-12-08,Active
811b679f-ca1a-4dc9-b285-7728f8a2bed1,Omni Exports 2858,Business,Electronics,Singapore,Singapore,Singapore,2024-07-24,Active
9406c697-2f34-410d-b320-b306fc9dd8cf,Global Imports 2859,Business,E-commerce,Felixstowe,Felixstowe,United Kingdom,2021-09-28,Active
936bf974-bff7-4b48-96fc-7b19bb00684f,Nexa Trading 2860,Individual,Industrial Machinery,Shanghai,Shanghai,China,2022-04-02,Active
c8e3d30f-93b5-43be-b961-de46e1f18a8f,Omni Imports 2861,Business,Chemicals,Seoul,Seoul,South Korea,2022-04-28,Active
d07e2f3d-22fa-4d4e-96f7-d0fef0c0d6c6,Global Logistics 2862,Business,Chemicals,Singapore,Singapore,Singapore,2020-12-02,Active
b67d33ef-2cc0-4d15-9254-af0613f1f525,Nexa Industries 2863,Business,E-commerce,Manchester,Manchester,United Kingdom,2021-06-19,Active
135513b1-d3d8-47a2-9894-4fd482806a5a,Omni Imports 2864,Business,Textiles,Guangzhou,Guangzhou,China,2021-10-12,Active
a103cf75-58f7-482f-b4df-d66a18abba93,Zenith Exports 2865,Business,FMCG,Ahmedabad,Delhi,India,2020-09-28,Active
c6daf4ba-d54f-4a2a-965e-51204bc13468,Nexa Retail 2866,Business,Chemicals,Seoul,Seoul,South Korea,2023-12-27,Active
05c89138-6a26-4cd2-a825-2c3023b0efe5,Omni Logistics 2867,Business,Textiles,Los Angeles,Los Angeles,United States,2021-08-28,Active
79e556ef-661c-48de-a3e7-fb9a5a6d429b,Trident Imports 2868,Business,Chemicals,Felixstowe,Felixstowe,United Kingdom,2021-08-27,Active
07acf055-9c7f-413c-889f-3207ba11fea7,Nexa Trading 2869,Business,Industrial Machinery,Rotterdam,Rotterdam,Netherlands,2024-01-08,Active
eb63ce69-8697-4eeb-b766-739009a41d60,Trident Imports 2870,Business,Automotive,Frankfurt,Frankfurt,Germany,2020-09-26,Active
1071eca9-056e-492c-82be-b77af4db5ced,Apex Imports 2871,Business,Automotive,Incheon,Incheon,South Korea,2023-12-03,Active
eb5de2c9-23a1-482b-a5ec-bcf51643e260,Vertex Retail 2872,Individual,Industrial Machinery,Shanghai,Shanghai,China,2023-01-31,Active
36e90981-f56e-4b80-892f-a1f1b7005cc2,Zenith Exports 2873,Business,Electronics,Singapore,Singapore,Singapore,2021-10-31,Active
73e46875-95a1-44e4-84fb-d78fb4bf98ea,Trident Industries 2874,Individual,Pharma,Frankfurt,Frankfurt,Germany,2020-01-09,Active
29f0527c-a145-469e-ad0f-2003b0acfe77,Apex Trading 2875,Individual,Industrial Machinery,Sharjah,Sharjah,UAE,2023-08-10,Active
e4b05dbc-f9fa-4fbd-9520-cff1b0d11411,Zenith Logistics 2876,Business,FMCG,Shanghai,Shanghai,China,2024-10-24,Active
89f8b523-da2c-441f-b359-ee7c822e14ed,Trident Imports 2877,Business,FMCG,Shenzhen,Shenzhen,China,2021-03-23,Active
6d6a7644-6636-4fcc-a497-e8550051fe40,Trident Industries 2878,Business,Automotive,Felixstowe,Felixstowe,United Kingdom,2023-09-10,Active
1944722b-e736-46d3-8156-dc591f74e8a1,Zenith Industries 2879,Individual,Textiles,Yokohama,Yokohama,Japan,2019-01-09,Inactive
746dbb8a-8c3e-40d6-b09d-7b99df6f2bae,Omni Logistics 2880,Business,Retail,Rotterdam,Rotterdam,Netherlands,2020-10-03,Active
13ea5f8c-d139-4ef7-b228-b3b5d984cab1,Trident Imports 2881,Business,Chemicals,Abu Dhabi,Abu Dhabi,UAE,2025-09-11,Active
82c1ec6d-4c16-4838-b2e1-238b35026c82,Omni Exports 2882,Business,Electronics,Manchester,Manchester,United Kingdom,2021-12-18,Active
5a5c7d88-2abb-4087-8cc6-1c9e7664f9c1,Global Retail 2883,Business,Automotive,Houston,Houston,United States,2018-04-28,Inactive
aec35d17-c610-490d-8e36-dd85ed27a330,Prime Retail 2884,Business,Pharma,Busan,Busan,South Korea,2018-04-15,Inactive
22983502-4e11-41de-8043-884b192c373a,Trident Imports 2885,Business,Automotive,Shanghai,Shanghai,China,2023-01-17,Active
c3031e40-b879-4841-abb4-9b49a1a8bd04,Apex Logistics 2886,Business,Retail,Osaka,Osaka,Japan,2020-09-18,Active
be652797-b393-4d51-93b8-3be8f20fc6ab,Zenith Industries 2887,Business,FMCG,Dubai,Dubai,UAE,2024-12-28,Active
70f6ee1a-5e3f-41b0-8bb1-2ed70a99ae20,Omni Logistics 2888,Business,Food Processing,Frankfurt,Frankfurt,Germany,2023-05-09,Active
97c6478c-61e3-4a17-b025-dafbfb53cd99,Omni Exports 2889,Business,Textiles,Mumbai,West Bengal,India,2019-10-03,Active
e0d6e85b-9ddf-4434-b9a9-f312539b7c9f,Apex Exports 2890,Business,Retail,Tokyo,Tokyo,Japan,2022-05-19,Active
4a96e31e-12b1-4682-9cf3-f0e08ecc874d,Nexa Trading 2891,Business,Chemicals,Chennai,Delhi,India,2021-12-29,Active
8733cdfd-2951-44c0-9e01-c0ba2faf7ec9,Global Imports 2892,Business,Pharma,Ningbo,Ningbo,China,2018-02-12,Active
5a3202ea-9312-434a-bdca-389a07d9a3a1,Apex Logistics 2893,Business,FMCG,Los Angeles,Los Angeles,United States,2019-12-19,Active
f72bdd7a-d672-41da-a61c-22f33c14be3f,Global Retail 2894,Business,FMCG,Amsterdam,Amsterdam,Netherlands,2023-08-24,Active
5cdc07f8-2d56-464f-b3d3-59ae477b1e73,Trident Trading 2895,Business,Retail,Singapore,Singapore,Singapore,2024-12-04,Active
f20cc08e-0a44-47da-95e9-fe0c5cc29bb9,Global Logistics 2896,Business,E-commerce,Abu Dhabi,Abu Dhabi,UAE,2024-05-29,Active
c4dbc09a-6187-4d3b-9693-93075738923b,Apex Trading 2897,Individual,FMCG,Los Angeles,Los Angeles,United States,2019-09-09,Active
cb80ef20-85ef-4721-9c57-7375db9f856d,Apex Exports 2898,Business,Retail,Dubai,Dubai,UAE,2022-11-02,Active
6bafa551-b0dd-4f4a-8597-3cd1abacda7f,Trident Trading 2899,Business,Automotive,Shanghai,Shanghai,China,2021-08-29,Active
5dc90de4-a2ed-4b2f-a332-e140d366b699,Trident Logistics 2900,Business,Chemicals,Guangzhou,Guangzhou,China,2018-04-07,Active
061c2f6e-4b39-496e-9bf5-8426bbafeb2e,Omni Trading 2901,Business,Textiles,Shanghai,Shanghai,China,2024-07-23,Active
13487fb0-91c0-4d60-b7e0-31b0fcc8e5b0,Trident Trading 2902,Business,Electronics,Bengaluru,Telangana,India,2025-11-04,Active
e4710cd8-8ec7-4e18-a46b-395484a7565a,Trident Exports 2903,Business,Industrial Machinery,Frankfurt,Frankfurt,Germany,2019-02-04,Active
e921473c-02f2-44fb-ac30-2bf46679c406,Global Exports 2904,Business,Pharma,Singapore,Singapore,Singapore,2022-09-05,Active
bec45ca3-0c62-406a-8f1a-8ccd7637cf41,Prime Industries 2905,Individual,Retail,Kolkata,West Bengal,India,2021-05-17,Active
99e95c0a-68bb-48ca-9b64-39300bb949c3,Apex Industries 2906,Business,Chemicals,Felixstowe,Felixstowe,United Kingdom,2018-12-24,Active
deb37af3-cf4f-4cac-a8d3-473b261ad815,Apex Imports 2907,Individual,FMCG,Singapore,Singapore,Singapore,2019-09-29,Active
e5bd9aac-a055-4e27-a811-de39e43b7863,Global Exports 2908,Business,Industrial Machinery,Dubai,Dubai,UAE,2020-09-30,Active
8d53ad0c-2635-479a-8ee7-26a9cea322bd,Omni Exports 2909,Business,E-commerce,Busan,Busan,South Korea,2021-12-05,Active
b73c3d76-54d0-4751-b6ac-ea1ed5e4115c,Omni Logistics 2910,Business,Textiles,Chennai,Tamil Nadu,India,2020-07-12,Active
48d22236-7d14-4d16-aa03-aa4ef20950f6,Nexa Imports 2911,Individual,Food Processing,New York,New York,United States,2018-07-11,Active
f62842b3-1bee-40cd-99b1-951b2ea5315b,Omni Trading 2912,Business,Textiles,Frankfurt,Frankfurt,Germany,2021-06-16,Active
7889c1cc-45fa-49f6-91f7-8f1031070b91,Trident Industries 2913,Business,Electronics,Chicago,Chicago,United States,2023-05-07,Active
8549c613-83b8-4eba-beb1-dfb40c91b433,Nexa Exports 2914,Business,Electronics,Delhi,Tamil Nadu,India,2018-04-10,Active
a71cc7a6-2b63-42d5-b1ee-002e466fb081,Apex Retail 2915,Business,E-commerce,Kolkata,Telangana,India,2020-10-29,Active
20d1cbab-8e7d-4d1d-a478-0a2f87cafb9e,Vertex Imports 2916,Business,Retail,Dubai,Dubai,UAE,2022-04-10,Active
3986ef32-f1a6-4a0e-9b77-2bee9297d4e9,Nexa Retail 2917,Business,Automotive,Incheon,Incheon,South Korea,2020-10-06,Active
61116968-301f-429b-9dd5-c42e9d71d1a3,Global Imports 2918,Business,Pharma,Felixstowe,Felixstowe,United Kingdom,2021-01-14,Active
45c61ce0-e1de-4f6c-9a0d-74f27ec20f6f,Apex Industries 2919,Business,Textiles,Manchester,Manchester,United Kingdom,2018-08-30,Active
535dd9d9-f3e6-4910-84c0-8b592d723eb6,Trident Imports 2920,Business,Industrial Machinery,Ningbo,Ningbo,China,2019-07-24,Active
19ef8fdd-23b2-4650-aae7-05fe5cd6c4d2,Global Logistics 2921,Business,FMCG,Guangzhou,Guangzhou,China,2019-12-31,Active
3de41f7c-f4a8-4522-b385-0993a8a8db75,Prime Industries 2922,Business,Pharma,Osaka,Osaka,Japan,2023-11-24,Active
a0f18663-dbd5-428e-b009-3b9a7f0932a0,Vertex Trading 2923,Business,Electronics,Hamburg,Hamburg,Germany,2022-04-26,Active
3806d153-eb31-4aa9-adf1-97ac12c649e2,Omni Logistics 2924,Business,Retail,Shanghai,Shanghai,China,2023-05-11,Active
1fa44b20-5eeb-4eff-8324-ec99729c94a6,Omni Retail 2925,Business,FMCG,Incheon,Incheon,South Korea,2025-04-29,Active
84ff3c6d-fb4d-4988-8382-3aee3f395e3f,Global Trading 2926,Business,Retail,Manchester,Manchester,United Kingdom,2021-04-29,Active
f5d1775d-c9f3-48c8-b79d-7d0054983d4a,Zenith Logistics 2927,Business,FMCG,Singapore,Singapore,Singapore,2022-11-03,Active
95013762-1e07-49f0-a538-3608319268e8,Nexa Imports 2928,Business,FMCG,Frankfurt,Frankfurt,Germany,2018-03-04,Active
9a3cf145-012d-457d-9a6f-50cdc5764221,Nexa Logistics 2929,Business,E-commerce,Singapore,Singapore,Singapore,2019-03-20,Active
81038e9a-1b3b-43b8-a2da-b8d4f7e43007,Zenith Retail 2930,Individual,Food Processing,Amsterdam,Amsterdam,Netherlands,2020-03-19,Active
6a474021-8dac-43d8-b326-263a3ca8ee0a,Prime Trading 2931,Business,Food Processing,Kolkata,Delhi,India,2022-05-18,Inactive
cea6ff97-cf24-4e09-b88b-e7b23a45cc4c,Nexa Imports 2932,Business,FMCG,Seoul,Seoul,South Korea,2025-02-04,Inactive
c1762914-3a81-492a-8887-ff30674383ad,Zenith Trading 2933,Business,Retail,Bremen,Bremen,Germany,2021-04-18,Inactive
75e38035-04ff-4c63-bd52-744bd65e6af9,Global Exports 2934,Individual,FMCG,Singapore,Singapore,Singapore,2019-04-08,Active
3a419a9d-7632-4604-996a-a9e8acb38419,Zenith Retail 2935,Business,Retail,Singapore,Singapore,Singapore,2021-07-01,Active
1f0af43c-4b1b-4d49-8939-b0665761f743,Trident Logistics 2936,Business,Retail,Houston,Houston,United States,2018-03-08,Active
9f7e8df7-8511-4e6b-960e-bb9c5e905360,Zenith Exports 2937,Business,Automotive,Yokohama,Yokohama,Japan,2020-09-11,Active
e734f1bd-4ea8-431c-920a-f0a821a6406e,Zenith Logistics 2938,Individual,E-commerce,Houston,Houston,United States,2025-02-05,Active
3df51b27-d524-4aa5-bc51-96c9abb96a6d,Zenith Industries 2939,Individual,Food Processing,Bengaluru,West Bengal,India,2019-08-26,Active
d4d996a3-b6ce-4970-9bd5-d221d4244da3,Omni Imports 2940,Business,E-commerce,Singapore,Singapore,Singapore,2018-08-22,Active
1cbfd777-0a6e-44d4-ac90-d614017f4e48,Apex Industries 2941,Individual,FMCG,Dubai,Dubai,UAE,2021-03-30,Active
95c2a690-926b-47ee-b869-e4080ac2562b,Global Logistics 2942,Individual,Industrial Machinery,Hamburg,Hamburg,Germany,2023-09-25,Active
1e1ef4cc-87d2-44e1-931e-f537408619db,Omni Industries 2943,Business,Textiles,Frankfurt,Frankfurt,Germany,2025-11-12,Active
9a18b680-3e01-414c-a350-e253f8dc0110,Prime Retail 2944,Business,FMCG,Amsterdam,Amsterdam,Netherlands,2020-01-07,Active
67d411d3-46b7-4f31-a0d8-1b9d3371ec95,Trident Retail 2945,Business,Pharma,Dubai,Dubai,UAE,2024-03-20,Active
18613c1f-b943-4eac-b6cc-2c733868b1bc,Omni Industries 2946,Business,FMCG,Ahmedabad,West Bengal,India,2025-11-04,Active
c685b2bc-bbff-4488-bd8c-196654d99be0,Vertex Trading 2947,Individual,Automotive,Busan,Busan,South Korea,2018-12-05,Active
561ea0bc-d2e4-40d1-b07d-355563289eaf,Trident Retail 2948,Individual,Industrial Machinery,Osaka,Osaka,Japan,2024-06-22,Active
a617dbae-f42f-457f-ba95-c7a07daa0652,Omni Trading 2949,Business,Food Processing,Seoul,Seoul,South Korea,2022-09-29,Active
00d854e3-f0e0-4525-a110-3b03c4e21c89,Prime Industries 2950,Business,FMCG,Kolkata,Gujarat,India,2018-02-23,Active
935cc26a-f42d-48b0-9f78-620f0fed7bac,Vertex Logistics 2951,Business,Retail,Dubai,Dubai,UAE,2021-02-06,Active
2ec30967-0d8f-4403-8648-9c991987b220,Trident Logistics 2952,Business,FMCG,Shanghai,Shanghai,China,2022-01-10,Inactive
0b14a446-0b96-412a-981a-555c3d7aeb1e,Prime Industries 2953,Business,E-commerce,Houston,Houston,United States,2023-11-02,Inactive
7b0b5cc9-43fd-445b-80c8-4fc4bafa8849,Global Logistics 2954,Business,Textiles,Bengaluru,Tamil Nadu,India,2025-08-14,Active
1b755936-ec78-4cd9-8012-b98953a808b0,Apex Imports 2955,Business,Retail,Singapore,Singapore,Singapore,2021-10-13,Active
84755071-b8de-42ab-b26b-db76be1990a8,Omni Exports 2956,Business,Retail,Sharjah,Sharjah,UAE,2022-10-02,Active
1dc90572-b4cf-4dd9-b371-ca71e6d8ef29,Nexa Retail 2957,Business,Pharma,Rotterdam,Rotterdam,Netherlands,2022-05-01,Active
5737eb96-99f1-40ac-a9c9-28710b82113f,Zenith Retail 2958,Business,Chemicals,Shanghai,Shanghai,China,2019-03-05,Active
5df0929a-6c8b-41f8-ac71-5f9012eeb013,Zenith Trading 2959,Individual,Textiles,Yokohama,Yokohama,Japan,2018-01-06,Active
0a31f3d1-4acf-4161-b10e-05aa117cfa2d,Apex Trading 2960,Business,Pharma,Ningbo,Ningbo,China,2019-04-01,Active
0966965f-5e3a-458b-94e7-c25d4a31b888,Prime Exports 2961,Business,Food Processing,Manchester,Manchester,United Kingdom,2024-03-05,Active
41217eff-f00e-46a9-b0a0-2d371fc983e3,Nexa Industries 2962,Business,Electronics,Amsterdam,Amsterdam,Netherlands,2018-06-10,Active
2a2c3c40-7742-4c9c-aa75-ffc2770eb09e,Apex Trading 2963,Business,Retail,Bremen,Bremen,Germany,2019-10-23,Active
e32d79c5-d06e-4fb0-97b0-c87a86b62618,Global Logistics 2964,Business,Food Processing,Hamburg,Hamburg,Germany,2018-11-04,Active
b09fc27d-ce38-4dd4-9f19-e97bfa86cb74,Zenith Trading 2965,Business,Food Processing,Guangzhou,Guangzhou,China,2020-10-23,Active
0955e46f-ed57-4d38-b8b4-d447d98a55f3,Vertex Imports 2966,Business,Electronics,New York,New York,United States,2021-01-13,Active
beac05aa-7778-4da4-8b9d-008bc3bbb4f4,Global Exports 2967,Business,Pharma,Amsterdam,Amsterdam,Netherlands,2025-03-10,Active
a369337b-5ad6-4e80-85cb-f7a21fce93b1,Prime Trading 2968,Business,E-commerce,Dubai,Dubai,UAE,2025-12-28,Active
79a88d63-74a6-4fc8-9991-f2f492184081,Omni Logistics 2969,Individual,Retail,Tokyo,Tokyo,Japan,2024-10-23,Inactive
0f9b1a90-4218-4e4b-b633-4cd3e4423326,Nexa Logistics 2970,Business,Food Processing,Rotterdam,Rotterdam,Netherlands,2018-12-24,Active
e5959541-40be-4ec7-a29b-83ff6d588ff1,Trident Logistics 2971,Business,Industrial Machinery,Singapore,Singapore,Singapore,2022-02-20,Active
d9d2362b-c2a8-4f73-bba9-71f5741d52b8,Zenith Industries 2972,Individual,Food Processing,Rotterdam,Rotterdam,Netherlands,2024-07-23,Active
e9e73981-128d-4f97-b921-d6d1a8b57891,Trident Exports 2973,Business,E-commerce,Rotterdam,Rotterdam,Netherlands,2023-06-11,Active
b97ac2c0-44ff-4538-8cdb-80a2ddeb4f2d,Vertex Trading 2974,Business,Retail,London,London,United Kingdom,2022-03-11,Active
7242e7f1-1a61-4bfe-9ee8-4f34c1e3d8b3,Apex Retail 2975,Individual,E-commerce,Singapore,Singapore,Singapore,2020-01-08,Active
4261d99e-cb22-4825-8d3f-e9a6dfa97e51,Apex Retail 2976,Business,Retail,Seoul,Seoul,South Korea,2021-06-15,Active
1b5ad2b9-bf32-450b-be80-4f40aa5b16c2,Nexa Imports 2977,Business,E-commerce,Singapore,Singapore,Singapore,2023-08-21,Active
46908aaf-2f33-4ffd-a9a1-8dfe950b58ee,Nexa Retail 2978,Business,Electronics,Bengaluru,West Bengal,India,2023-12-07,Active
08bc8026-1e3b-4787-9c2d-b5017aa57f42,Global Retail 2979,Business,E-commerce,Osaka,Osaka,Japan,2025-12-23,Active
5727c519-2526-4430-8b69-fe64d14bd97f,Vertex Industries 2980,Business,Chemicals,Ahmedabad,West Bengal,India,2025-10-05,Active
fdfe5984-43c5-4f52-a46c-5245761477ab,Vertex Logistics 2981,Business,Pharma,Shenzhen,Shenzhen,China,2021-07-23,Inactive
bdacb54a-5627-4dff-81a8-4b74a06f8d4d,Trident Exports 2982,Business,Retail,Sharjah,Sharjah,UAE,2022-09-11,Active
74910d93-759b-48c7-97be-fea76c4c2d7f,Vertex Trading 2983,Business,Chemicals,Seoul,Seoul,South Korea,2018-07-16,Active
dabd193e-537e-4e99-9bed-9af1faeae26a,Apex Imports 2984,Business,E-commerce,Shenzhen,Shenzhen,China,2018-11-18,Active
f6e04de8-4d2f-4f7c-add3-9b9b3323b844,Omni Trading 2985,Business,Pharma,Houston,Houston,United States,2019-03-25,Active
76058353-35a5-4944-9edd-3fe75063ad2d,Apex Exports 2986,Business,FMCG,Manchester,Manchester,United Kingdom,2020-09-14,Active
daeb2089-f6db-481c-848f-8e25b6ba7150,Nexa Exports 2987,Individual,FMCG,Singapore,Singapore,Singapore,2021-04-23,Active
b6746c9e-67b8-48fc-b347-5eb3424aa33d,Vertex Imports 2988,Business,Retail,Houston,Houston,United States,2023-04-10,Active
80086174-ba38-40db-807c-41aa5c507265,Apex Imports 2989,Business,Textiles,Ahmedabad,Gujarat,India,2020-04-01,Active
b87155f3-050a-4da2-8e19-58bbe93fb345,Vertex Logistics 2990,Business,Chemicals,Shanghai,Shanghai,China,2025-08-25,Active
714855be-2530-446b-b412-89e9190a32c1,Nexa Exports 2991,Business,Textiles,Felixstowe,Felixstowe,United Kingdom,2024-03-08,Active
221b8e20-1c97-4078-9720-53af6445ed11,Trident Logistics 2992,Individual,Retail,Osaka,Osaka,Japan,2024-05-06,Active
1508f405-580d-4dc2-832f-d465052fbdb9,Trident Industries 2993,Business,Chemicals,Kolkata,Delhi,India,2025-08-21,Active
a83423b3-66e6-4dfb-860b-8c6323cb0c90,Global Exports 2994,Business,Textiles,Incheon,Incheon,South Korea,2022-11-18,Active
965c287d-9dc8-495b-a0ec-c0e1aab0a139,Zenith Industries 2995,Business,Automotive,Singapore,Singapore,Singapore,2025-08-15,Active
4480d742-71da-415c-bd63-130dd0bb5039,Global Logistics 2996,Business,Retail,Osaka,Osaka,Japan,2020-07-13,Inactive
121a473d-6060-44d5-a7ec-27b80b732fcb,Nexa Imports 2997,Business,Retail,Hamburg,Hamburg,Germany,2018-10-07,Active
880f9817-6bbb-4672-8f62-f1d658cf8bbc,Apex Exports 2998,Business,E-commerce,Dubai,Dubai,UAE,2022-07-27,Active
5932834f-fbb4-48cd-abac-712a4c66d0b8,Trident Exports 2999,Business,Food Processing,Manchester,Manchester,United Kingdom,2024-07-02,Active
c6286cd0-5eb3-4a93-85fe-a590cee49314,Nexa Imports 3000,Business,Retail,Singapore,Singapore,Singapore,2024-05-30,Active
