customs_id,customs_required,documentation_complete,inspection_required,cargo_type,destination_country
ea6b2c73-bb95-4260-a8ec-02c33dcdac8b,True,True,False,Textile,Japan
c0a325ea-d1cc-45c6-81d2-e787316a2f57,False,True,False,Perishable,Netherlands
d9193828-989c-4b01-91da-0f591b9f44ad,False,True,False,Perishable,South Korea
3cf0f824-3ea7-4f1f-88f1-236fbbc226d1,True,True,False,Chemical,South Korea
5297d21d-42d2-4c5e-a2ab-68de2aa98e41,False,True,False,Hazardous,China
548b24ae-77a4-43a5-84fd-70aa1ccd9825,True,False,False,Hazardous,United Kingdom
fa70fe65-3e03-4ef8-ab6e-3aa20bb7b180,False,True,False,General,Germany
1647f8c3-fbcf-4be5-ae19-702ad46555c1,True,True,False,Perishable,Japan
62721f18-54f5-40de-a372-83f9d3a2a0bc,True,False,True,Hazardous,United States
d921c42c-8557-4afb-9db0-e0ad1a84f71a,False,True,False,Perishable,Netherlands
4005804b-8a37-4348-9a87-9636d4a608aa,False,True,False,Perishable,Japan
f71d1b5d-4dcb-4ba0-a0b8-8c67a6c4b1c5,True,True,True,General,Netherlands
a3325015-bb2d-4fc5-99bd-3c6acae50746,False,True,False,Hazardous,Japan
76cb2bb4-5940-47e4-90dd-5adcb7ca7f33,True,True,False,Chemical,China
f958bcdb-087f-4e2d-8ddf-73cdc0bf5e96,False,True,False,Perishable,United States
98dc471f-a2c5-4cab-8835-ed4b8389e1c0,False,True,False,Machinery,South Korea
f76b773b-7afb-411d-b8af-434376e0ca51,True,True,False,Hazardous,India
12450e2c-412b-41b2-99b2-91c878a9e49a,True,False,True,Perishable,Japan
bef9a7af-ce07-4425-90b0-a8bf217eba6c,True,True,False,Hazardous,United States
88cf3d21-eb44-4428-b8ef-6d155502a74a,True,True,False,Hazardous,UAE
3d29c002-7c5c-4537-842c-4337ecd9ba7d,True,True,False,General,UAE
597df3a6-b35d-4113-a71a-9a3041517876,True,True,False,General,United Kingdom
a5f0b86a-786d-4bbf-9cba-b15d15f474c9,True,True,False,Hazardous,Netherlands
15797c66-daab-4fc9-b8a9-729f6fa343b0,True,True,False,Textile,Singapore
3dd16b49-ec0f-4a71-8cf1-1f87d8fff49a,True,True,True,Perishable,South Korea
152fe1b4-0fae-465e-9e2d-1d5e3c3a5d9d,True,False,False,Pharma,Netherlands
dde7f91b-6dff-4915-9b4e-4542b1f68aa6,True,False,False,General,China
cad88e9b-2ca8-401f-b703-e64fdacc4dd9,True,False,True,Electronics,Singapore
16ffb6ed-0331-4174-8fa5-8efc679f31e7,False,True,False,Machinery,United States
473dc6c1-1c5b-4a12-b24f-e28cb6254218,True,True,False,Chemical,Germany
472bf87f-0cc3-41b0-bdd7-a33d50b30cc6,True,True,True,Pharma,South Korea
29a9c09c-ec66-46e8-905d-efabddf03035,True,True,False,Textile,South Korea
f4f758b4-70ae-4bda-9cb1-5295ca090af6,True,True,False,Electronics,United Kingdom
a60cbfed-7915-48ef-9146-e184534ea69c,True,True,False,Pharma,Netherlands
17b1bfd4-f0de-489b-b896-8c2afac47c14,True,True,True,Perishable,South Korea
7f528312-5cfc-4d38-8299-a76d904ea823,False,True,False,Chemical,South Korea
c5fba268-0055-483c-b9a4-355a108b648d,False,True,False,Pharma,Germany
e4d13d8e-1648-433d-b867-4ef9983362b8,True,True,False,Electronics,UAE
ab9ea2fb-525b-444c-8545-d6ee4bd4e112,True,False,False,Hazardous,South Korea
4174c625-761b-4795-9b76-b5b1c2b87914,True,False,False,Textile,Japan
a5385b20-f796-4bd7-ac0a-e9b0301e2bad,True,True,False,Chemical,UAE
888d06e3-6bb5-4cf2-be16-3bc5f8e28fcf,True,True,False,General,Netherlands
ee0890f7-4d7d-4725-ab34-1f0564387b28,True,True,False,Perishable,Singapore
8123737e-839b-4849-be9c-4ca5094c32ea,False,True,False,Pharma,UAE
a2c8a8a7-95b8-4335-8d70-d3a31788075d,False,True,False,Electronics,Japan
b228e5a9-8ba9-40f9-95bc-59e525c037d3,True,True,False,Hazardous,UAE
c6d83c36-95d1-4360-b350-e29c96171217,False,True,False,General,China
670933b0-d067-43cd-bc72-e1824aa2e627,False,True,False,Perishable,UAE
5349fdbb-22d7-4a2d-b9e3-e284990d43c3,True,True,False,Perishable,South Korea
17b653d4-8441-4f05-8406-fdfa6cea3616,False,True,False,General,China
4c2c9aa7-ae73-4448-92e4-3442a3092b90,False,True,False,Hazardous,United States
da1b2242-2d97-4cd2-b362-13cd853f9095,False,True,False,Perishable,Netherlands
47bad8e1-dcf0-47cd-bca1-4f516f8ae921,True,True,True,Perishable,India
0fecf95b-d0e3-4231-a511-cf2ad870545f,False,True,False,Chemical,Singapore
1d7fb568-460b-43ea-aa70-654f2d171305,True,True,False,Chemical,India
e411fe76-58b2-4853-b995-7b48ff18eb53,True,True,False,Hazardous,United Kingdom
d6755472-5d5f-4c16-8230-53cccfe1d105,True,True,False,Hazardous,UAE
3dd9c57c-463e-4f07-8df8-e16c86996de0,False,True,False,Machinery,India
aa4457b2-e8d5-4aa7-bb88-f348fcdaf364,False,True,False,Pharma,South Korea
7df42cc2-4f44-43b4-bfc4-6a1a8fdb2631,True,True,False,Pharma,China
c0243110-5319-47cc-9be1-d62c1a97cb06,True,False,False,Hazardous,UAE
236d7996-1b55-4aca-91d7-ce06d294db57,False,True,False,Hazardous,India
a66f1dd2-6513-4234-96fc-01d1099e5195,True,False,False,Pharma,India
e42e7358-df8e-47bd-bae1-8984f3077e34,False,True,False,Pharma,Singapore
676c677b-595f-4be7-938f-1f697d3e460d,True,False,False,Pharma,United States
8ff87e7b-189e-4142-bdf0-efa9508e468a,True,True,False,Pharma,United States
1501f26e-0240-4940-8b26-d185469187a9,True,True,False,Pharma,Japan
f7f6a8f4-4d2e-4387-a248-651a7b94c4c2,True,True,False,Textile,UAE
b1403554-968b-4c3d-9aa9-ec2a1087f6e6,False,True,False,General,UAE
f0534ca6-fae4-4c35-96ee-cce3fc9dcbdd,True,True,False,Perishable,UAE
770f955a-600f-49c0-b03d-d66f348b1ce9,True,True,False,Pharma,United Kingdom
3cfa0673-6991-4136-a684-7b7776520943,True,True,False,Textile,Netherlands
25299ab8-679f-40ae-b1dd-05f8085f4693,True,True,False,Machinery,Singapore
c8d47fb6-75bf-4130-956c-43a3f07114b7,False,True,False,Chemical,Singapore
dab7802e-c96f-4dd7-bfd0-897718be169e,True,True,False,Hazardous,Japan
22f8fa09-6772-4b7d-be14-1d0ff382c863,True,True,False,Chemical,Germany
381c4b93-7987-47af-ac6f-0a0385dfd448,True,True,False,Textile,UAE
49fd2ea6-b3d6-45e7-8d58-e8db99b55227,True,True,False,Hazardous,Germany
de078aea-548b-4708-8877-f0d4e9cfb637,True,True,False,Machinery,South Korea
279c59e2-c687-4c49-938d-b359d77a62aa,True,True,False,Chemical,UAE
76267c33-9f42-4ad8-a015-9d40797ea921,False,True,False,Electronics,United Kingdom
91e3fd79-4962-4cff-bd40-a9c0fd6cd2b8,True,True,False,Perishable,South Korea
2093a8c8-43d1-4b61-a16c-09859edccfde,True,True,False,Pharma,China
463146cb-5e1c-48b7-8319-98a4a26302fd,True,False,False,Electronics,UAE
aa8b3766-18cf-4640-8531-e7d4cf1f115b,True,True,False,Perishable,China
4260a7b0-92b2-4d30-ab00-18a0df9a6c14,True,False,False,Chemical,Germany
10e8d831-5a3f-466d-9986-e63f8b164051,False,True,False,Perishable,South Korea
f01f0058-4495-4f88-aa15-70633cd1ea81,True,True,False,Machinery,UAE
c129af52-f470-43aa-81db-dc0014819248,True,True,False,Electronics,China
a0529136-bffa-40c1-b6f5-bfbd24b1efdf,True,True,False,Hazardous,Japan
fad9e008-e22d-463e-9411-cf9aaa67d6b9,True,True,False,Machinery,India
ed455a7c-e108-4eff-b80a-1fd0a78ce8af,True,True,False,Textile,Germany
02961f65-bfaf-4767-a453-360d6e71d921,True,True,True,Perishable,United Kingdom
06a38b7e-d9e2-45c2-ae0b-251bcd29f9a5,True,True,False,Machinery,United Kingdom
b2543d35-c303-47fb-b4f4-3dc2b4800f2e,False,True,False,Perishable,UAE
54584f58-c412-4870-862e-7bc3cb277ebf,True,True,True,Hazardous,UAE
5f6823d2-96b4-40b2-9be7-d1197df25cdc,False,True,False,Machinery,United Kingdom
e1ff5cea-c3b9-4f83-bb70-a43e793c0aab,True,True,False,Perishable,China
0afa6f2f-7066-42ea-bed3-01263129086e,True,True,False,Hazardous,United States
412e5d91-f8f1-4fea-8be3-120cccc56691,True,True,False,Pharma,South Korea
e7230533-715e-4079-96ee-bfa6fda272f3,True,False,False,Machinery,South Korea
84eccddf-7ee3-49c2-88b0-4f63a396851b,False,True,False,Perishable,United Kingdom
970ebf3e-d203-4d1a-86b1-1403afdc6be9,False,True,False,Textile,UAE
95c226b8-5581-4ac0-aed3-cef252519b63,True,True,False,Electronics,Japan
503c66ee-0082-4ee3-8f93-b4862e6969c1,False,True,False,Textile,Singapore
660534e9-d65a-4ace-98b1-8410d45a92be,True,True,False,Electronics,United Kingdom
18df35c5-7c56-463f-a7f4-5a2d76259e74,True,False,True,Chemical,China
b6d3ed69-5880-4aa9-8309-3a04c2c16871,False,True,False,Textile,Netherlands
c5bd6b8a-2d62-4957-930b-cd1dfc220a5a,True,True,False,General,Germany
f13fe887-fd60-44bc-9155-8ab53c8e64a0,False,True,False,Perishable,India
273e6117-07c5-4c30-8c85-b6fe012efd2f,False,True,False,Hazardous,China
bfbdb100-b93b-4302-bf90-229feeb30563,True,True,False,Electronics,United Kingdom
19cc931d-ebb5-4fad-84a0-f6a0cfdfe4dd,True,True,False,General,Japan
7b918b66-23d7-4c9c-8122-0ab93637278a,True,True,False,Electronics,United Kingdom
083642a0-f034-4da3-b1f1-9d3ae8f2d16c,True,True,True,Pharma,Singapore
c9e12f78-67cd-450c-8b18-45e3627d0542,True,True,False,General,United Kingdom
ee18cd70-321c-48cf-846e-5c853355a7a7,True,False,False,Hazardous,UAE
e1dc2fe6-b641-4286-afd3-428b1bbb3f96,False,True,False,Pharma,Germany
888c2d7f-55ce-4013-8b2f-98ff72fc37d5,False,True,False,Chemical,Singapore
9e8329cf-13a1-4328-8671-c65c430ffd05,True,True,False,Pharma,United States
979cafc3-5412-4199-a59a-3e6f0ca084e2,True,True,False,General,United States
cf8abf1b-9d09-4f37-a724-3cfb8b0f94f0,True,False,True,Chemical,Netherlands
a8a67531-4a75-4d39-9e50-c43e1a24a634,False,True,False,Pharma,United Kingdom
d0026e9c-22cd-4b1d-90df-13d5017707b7,False,True,False,General,UAE
016c6b07-b864-4ad0-ad96-5b9542d6b2e8,True,True,True,Hazardous,United States
59032afe-2070-4793-9c09-935d8c9772c2,True,True,False,Hazardous,United Kingdom
3e762f56-386f-4cc1-b525-22e904174872,True,True,False,Electronics,UAE
06984564-670d-49f8-b8a2-433c9121dc17,False,True,False,Perishable,India
e6bf0a7e-3757-43b8-89f8-ae71d85d7a6f,True,True,False,General,United Kingdom
0eac9bb9-4879-49e2-ae8d-58fe3ee0f474,False,True,False,Textile,India
0569b399-fb51-41d2-b01f-ba687de1b920,True,True,False,General,UAE
67b51ce0-f604-4fae-93cd-ab4719376fe3,True,True,False,Machinery,China
5e680707-5654-4d96-a08c-0b8c7496b72c,True,True,False,General,South Korea
8386fa67-9669-4b6f-bce3-6a369734e4cb,True,False,False,Perishable,South Korea
f78a7548-586b-40c8-a983-757db09791b3,True,True,True,Pharma,Germany
39302b6a-66dc-4bfe-99ea-f3733255c00c,True,True,True,General,United States
420b210c-06bb-40b4-89d9-503065540336,True,True,False,Perishable,United States
fc39bddc-13a7-439b-975d-f63b4ff9f29b,True,True,False,Hazardous,Germany
12b1f896-c69f-4e07-82a9-0aed1323a38e,True,True,False,Chemical,United Kingdom
ad518182-db3d-48ac-b25e-c558409989b0,False,True,False,Pharma,South Korea
44858b7b-0e06-44af-a24b-70ebc8c34dc0,True,True,True,Electronics,Singapore
4f1a46ab-99bd-4236-a02b-67b655abd915,True,True,True,Chemical,China
4bd03a23-d78a-4250-91fc-21ceef7c7af7,True,True,True,Textile,UAE
fce3de4a-00d0-45c6-bfda-5a8feadb752c,True,True,False,Machinery,United Kingdom
4f57dc5a-0977-4c48-8331-db321c8fa857,True,True,False,Perishable,Germany
896e66df-7e63-4e06-8cae-16685d80a7e9,True,True,True,Machinery,Netherlands
e15be779-fa62-4a8d-9c89-d42658d30bfe,False,True,False,Perishable,United States
4209a3ea-5067-45ea-88b0-84f7e0edc766,True,True,False,Textile,Germany
dced57e7-fbd2-47bd-a7fb-29a8e9d241d4,True,True,False,Pharma,Netherlands
a322babe-f04a-4334-a15a-0e0e00e5555b,True,False,True,Electronics,China
3124d2a0-f912-4fea-9580-5dc40342f4e7,True,True,False,Electronics,South Korea
c1080ad9-5e95-4986-939b-8c59767168ed,True,True,False,Chemical,South Korea
0f119218-5f8d-4b67-beef-b3bfbd2abaa0,True,True,False,Electronics,China
8356ed1d-bfd2-4f9b-b3ed-672d949b4caa,False,True,False,General,Germany
8a0f27e0-2427-4617-814e-dcf30e90e6e8,True,True,False,Chemical,United Kingdom
d2ed9b29-ffc0-4191-8a93-a92c2fcf0233,False,True,False,Textile,Japan
37e92842-6012-4c50-9b0d-38bd53a30fb1,True,True,False,Perishable,Singapore
6e796325-edeb-46ca-b718-72aa074c9370,True,True,True,Perishable,Germany
0363dae9-a1d8-47ef-b671-123bce58434d,True,True,False,Pharma,UAE
eab1f3bc-ff6f-45a7-b33d-e92c2d2b71b2,True,True,True,Chemical,Singapore
6c75b4cc-dadc-4b3b-bd9e-d53e89994afb,True,True,False,Chemical,China
575104d7-09a2-417c-8bb0-adc05907b80a,True,True,False,General,UAE
13df1522-256c-40d5-b6b1-b9cbb034172c,True,True,False,General,India
16d8fd9f-368c-4fef-a0c6-6b46abde12a6,False,True,False,Pharma,China
2f9c812d-77c1-4017-bbd6-c46b0f5713d8,True,True,True,Pharma,Netherlands
129b10ae-e799-477d-a914-5a9cfb6daccf,False,True,False,Pharma,Netherlands
1333d5b3-4278-4bd6-8eb9-a62514d89e23,True,False,True,Hazardous,Netherlands
46b92dd7-33eb-468b-b768-4721f8124a88,True,True,True,Hazardous,UAE
88a68ab3-e84e-4b32-b35a-46962434c9e5,False,True,False,Textile,Netherlands
4bee6df7-a82e-41fb-987b-44a68e44d8a1,True,True,False,Textile,Japan
181d3fdb-4a5a-45d8-a330-0804524e812b,True,True,False,Pharma,China
31f1aab7-c836-45b6-b7e8-67922aef9856,True,False,False,Machinery,India
0fb37c4e-e3d0-4d3a-ba5a-5677eb11c2cc,True,True,False,Textile,UAE
c3821085-7546-4403-8575-09eca42b170e,True,True,False,Textile,Singapore
87a6af07-f140-470e-9ebd-ec0df34c39ba,True,False,True,Machinery,Netherlands
507ea6fe-2684-430d-aef6-2f950bc7ac20,True,True,True,Electronics,Germany
8382330f-ce3a-41be-b45b-81f72c94da37,True,True,True,Hazardous,United States
128d769f-62fd-4710-9448-d83ef22f8aff,True,True,False,General,Germany
50faf1f7-344f-40e7-a852-4d2d34d312aa,True,True,True,Chemical,India
41d3da11-cfbc-44ab-a29b-6ba596f76374,True,False,True,General,India
71282070-86f7-4aea-a08b-3729a9e3f146,True,True,False,Perishable,Germany
5205d38e-5063-475b-93d0-118ae0091f36,True,True,False,Pharma,Netherlands
287b54af-c556-4832-b400-c59fb988407d,True,True,False,Electronics,Netherlands
f6fa3686-808f-48ae-9dbc-d605710c4c20,True,True,False,Machinery,Germany
e5b58234-7d77-4b46-9e08-95be4ee723fe,True,True,False,Pharma,Germany
c784a15b-16da-4b61-b5ca-6e34d73aab15,True,False,True,General,Japan
a2ebc335-e93b-4ef8-b247-6759bbd071e9,True,False,False,General,India
a756508c-2a06-4d1f-af35-1b9a47dbe314,False,True,False,Hazardous,South Korea
2a1b9a0f-4abd-443b-9d40-0c592e9cdf63,True,True,False,Electronics,United States
36b8fb00-de9b-4e51-b5e2-17c411faacf1,True,True,False,Machinery,Netherlands
c27ddce5-e270-478d-8406-c0edfdae0076,True,True,False,Hazardous,India
4f93c812-ac7d-4410-a547-0b705356e861,True,True,False,Chemical,Netherlands
c2cfd321-d0b8-4ee9-863c-f2800571c00b,False,True,False,Hazardous,United Kingdom
b73fdf17-974a-47de-906e-24eedae184fa,True,True,True,General,India
238aa9bb-55cd-4fa6-bcc7-0de597f7ced3,True,True,False,Perishable,Japan
518d3abf-9ee1-49c6-93b4-b913d0cf6621,False,True,False,Textile,United Kingdom
5a06410f-ad49-4dc4-993d-0944b4e2a08c,True,True,False,Machinery,United Kingdom
cde5d33a-87d0-4865-9ba2-13f10b58c87a,True,False,True,Hazardous,India
9e05cfe4-2ff8-4350-a03f-3738961ba28e,True,True,False,Pharma,United States
1a67896d-38e0-480a-a7cc-e5b0d62177f4,False,True,False,Electronics,India
ef61ec96-54bd-413e-a428-9dc44fbc0505,False,True,False,Hazardous,United States
ef67dec7-c6ba-4038-853e-2932683736d0,True,True,False,Textile,United States
b4f4c90e-b834-48ec-8677-2ea47c1dc0b4,True,True,False,Textile,Germany
acb2085e-475c-402a-b079-b76f6845760c,True,True,False,Pharma,UAE
6f258ae3-be62-4733-94de-3f3c4a52534e,True,True,False,Perishable,United Kingdom
d6d1f9ff-14d6-407a-b99b-f1887a850122,True,True,False,Chemical,Netherlands
8e98d064-6b2a-4d94-be55-865ce74153c3,True,False,True,Perishable,South Korea
67fd1771-c78a-449d-856e-f31d665aafc0,False,True,False,Textile,Germany
5ba5877a-1839-4238-a5ca-7ca3c489d48e,True,True,False,Machinery,India
6ad81fa7-b17f-4f1f-871b-5298a4df3c05,True,True,False,Textile,Japan
d141463f-e69e-4021-92fa-90f1c19d4203,False,True,False,Hazardous,Germany
56a06026-8c9d-41b4-9015-c733328dfa52,True,False,True,Perishable,China
a5d07a04-6735-487b-83f4-7f0854af51a2,True,False,False,Pharma,South Korea
93c1af94-4500-4941-a21c-498d56726f28,True,True,False,Hazardous,Germany
48a6eac4-4af4-4351-bcb4-871c63ce026c,False,True,False,Textile,China
3b788714-ea03-407f-ab1d-b72514426740,False,True,False,General,UAE
a77a1a72-6350-4b6a-a084-edfba7e30e6a,True,True,False,Chemical,United States
d9e330ed-6de5-47e0-bcb3-5e0482f3bcf8,True,True,True,Perishable,United States
b27fdc3c-04a4-4f42-ab73-9edd7fe9dd12,True,True,False,Pharma,China
9144647e-7307-478d-9343-9eb86eb0f5da,True,False,True,Textile,Japan
7ce30596-7364-4262-854d-07627f3f8a5b,False,True,False,General,Japan
31e32551-983e-4220-90fd-3c4c29c13b43,True,False,True,Machinery,Germany
5f62f415-fc42-467c-9e0f-4a7b831c94bb,True,True,False,Chemical,United States
7999202f-6540-4ea0-882f-c2722fcac2ed,True,True,True,Chemical,Japan
4766b978-98ef-41d8-b390-5a8b35b36084,False,True,False,Perishable,Singapore
2e76e28a-ec06-4157-b6e0-49a2ce3b94d2,True,True,False,Electronics,Singapore
82e24298-c407-4fb9-b117-203505b3cf17,True,True,False,Perishable,Japan
26c30a22-bfd4-499f-ac7b-922890d2e08c,True,True,False,Hazardous,South Korea
d6389f8d-2fc4-4d8e-b6cf-cc303f24afe6,True,True,True,Hazardous,Netherlands
63dd3a8e-9e91-460c-8fba-689aeb9a7136,True,True,False,Textile,United States
8faa0255-f8f1-4861-8f26-95836f4b1a65,True,True,False,Pharma,Germany
a7ebcefa-d3c7-4a4d-93bd-24f219d7e7d7,True,False,False,Chemical,UAE
50a06250-054c-4ca3-8ca8-20b2872037a8,True,True,False,Electronics,Netherlands
644f5928-7237-4793-a01e-1c3ae04637bf,True,True,False,Pharma,UAE
7501ab14-88bd-4251-a66c-07190adb6a45,True,True,False,Perishable,South Korea
9cdb694e-c1fa-4f74-94b3-76333c0bc015,False,True,False,Textile,South Korea
62eb5bec-7554-4b36-94b1-d0c9231fbbd6,True,True,False,Electronics,Singapore
88c4604f-2fa4-4a5c-a07e-edd0c17f4b5c,True,True,False,Perishable,Japan
0959b296-7e01-4fec-94ae-e7579e8905c2,True,True,False,Chemical,UAE
e6c09141-7bd1-4945-a1e1-6ee6f7fd9a46,True,True,False,Hazardous,Japan
32a89da3-f836-44d2-a102-26b212114d08,True,True,False,Perishable,United Kingdom
2ec3a09e-d18c-44c1-aba2-f89e38ecc74d,True,True,False,Chemical,Germany
7eff5eec-f176-410a-b626-993278858c84,True,True,False,Perishable,Germany
e4704095-2ed6-4fcc-acad-7f7d2afad2ef,True,True,True,Machinery,Netherlands
8af7f07e-dcd8-4698-b6d8-83dc00f77a5f,True,True,True,Machinery,Japan
8a707165-4c91-4bd6-b63d-93f976e5a172,False,True,False,General,Germany
aaab5867-ae3d-4206-9fa8-42aad553fd39,True,True,False,Textile,Singapore
237a5d57-8bf0-402b-b200-d0d4b6d99de1,True,False,True,Hazardous,China
c3ba42bd-c060-464e-bc5c-fe73672a5d25,True,True,False,Chemical,United Kingdom
5fbe5f4c-5b0b-4964-83ef-485872f3f755,True,False,False,Hazardous,United Kingdom
e3626fec-89e1-4e09-9119-e4180dda6df1,True,True,False,Hazardous,India
607404e9-61a9-4f91-8046-489ad1da03a9,True,True,True,General,UAE
3e8a926c-e714-4d30-925d-03705290c983,True,True,False,Textile,China
6f6b01cb-7c02-444e-87af-de31664b1e84,True,True,False,Perishable,Germany
bca19155-9251-46ae-9157-b4d4b33254fe,False,True,False,Pharma,Netherlands
92ef990e-539a-4b18-9f0d-927491a0a68a,True,True,False,Pharma,UAE
dfe6e94b-4df6-412f-ab62-9124533c5699,True,True,False,Machinery,Netherlands
87be3492-d711-41df-b601-abfb7fcdcd39,False,True,False,Machinery,South Korea
5cb22ea5-9178-4e91-a058-178c7319f480,True,True,False,Pharma,United States
79b295e4-671f-473c-ae7c-286839d25bd3,False,True,False,Chemical,UAE
34e10f66-8569-4a11-91a4-c2d5efdf249b,True,True,False,General,United Kingdom
a750d362-e296-48e7-83d8-5bd2b70514f1,True,True,False,Pharma,United Kingdom
b236c99d-2f9f-4169-8eef-91cc7e0d9fff,False,True,False,Textile,China
e573f612-514f-4926-a4e2-fec9aecedd59,True,True,True,General,Netherlands
2c16bb3b-3ec6-42da-9e53-9ee3c60242da,True,False,False,Hazardous,Japan
bf0d96a4-e802-48b4-a6c8-ee5473f9dcd6,True,True,False,Textile,United Kingdom
d47343f6-a09c-4517-a876-e61100dd460e,True,True,True,Machinery,Japan
674c503c-7ec8-430a-8f27-e8454aeae217,True,True,False,Electronics,Singapore
ad151508-eafb-4a7b-8404-b9e851909be3,True,True,False,Textile,Japan
12528e2d-a816-4427-a581-1971d33361bf,False,True,False,General,Japan
e6c9a106-985e-4755-b395-e7dfcce652ba,False,True,False,Electronics,South Korea
4c147490-7a56-4f50-83b7-59b612382a73,False,True,False,Perishable,Japan
7927f2be-9bae-429a-bc86-587d4248a846,True,True,False,General,United States
7bb44fbc-7ac7-47a2-9278-abea8522ff4b,True,True,False,Machinery,Germany
540a69a2-7b24-48ce-84d6-3ba96ccc66d6,True,True,True,Machinery,UAE
9b419028-c65b-4012-9c18-a1f3f73b861b,True,True,False,Perishable,Singapore
4dfc9873-c7cb-46f6-822f-9a151a1f6a2c,True,True,False,Machinery,UAE
ea3dd4a4-5627-4365-8c3e-0f37e631f7a5,False,True,False,Chemical,Netherlands
2b342708-1544-4148-83eb-14a923149aa9,True,True,False,Chemical,Germany
b5a92b24-9234-43ff-b05f-caa04ec545c0,True,True,False,General,China
d5b67da4-667a-4e14-8dcc-9d910989f9ca,True,True,False,Perishable,Japan
3ff23ff6-5343-422d-8093-23742a08d9e0,True,False,False,Electronics,Germany
254b1948-1918-4508-9b03-21773de77a8c,True,True,False,Electronics,United States
adf91610-2ed5-4071-9fa7-df26bea258f3,True,False,True,Machinery,United States
98aa932f-eedb-4523-b0f9-bedfee096e96,True,True,True,Machinery,United Kingdom
a578df57-4e32-4732-9b08-64386a33fd10,True,True,False,Machinery,United States
9062bc89-6d47-46ff-8e82-5614e6520d55,True,True,False,Pharma,United Kingdom
d3a1191f-7476-48d1-afd9-50a8fb1ed3f7,False,True,False,Chemical,United States
21e5f58f-ce96-4161-83cb-6c61c79c5ac6,False,True,False,Perishable,United States
95f7b5e2-c90b-426b-a333-2c90026dde27,True,True,False,Hazardous,India
70f33350-30cc-400d-93a6-bf3345b09905,False,True,False,Textile,Germany
e7fb57c8-dde0-48fc-8333-57e36cab2dd1,False,True,False,Chemical,Singapore
1970c3d2-2c86-460a-8340-9564bf3ea4e6,True,True,True,Machinery,United States
55c3bb7d-97fc-4ba0-9032-929e38b3772f,True,False,True,Electronics,Singapore
3b7e744e-8a06-4847-a4d9-d97b29859e6f,True,True,False,General,China
114667ef-c9df-493e-952e-edcdd5b705a9,True,True,False,Hazardous,South Korea
061ca3da-e8cd-465d-a93a-a16047096612,True,False,False,General,Singapore
e74f894f-e218-40a5-9868-b36ff953ec3e,True,True,True,Hazardous,India
7031e7dd-74d6-4dcc-b118-6bcbc98e54d4,True,True,False,Pharma,United Kingdom
5184f43c-7228-481a-b273-1bdc2cb857e7,False,True,False,Textile,South Korea
b7f92375-b7ce-4362-8578-8e050e99db69,True,True,False,Chemical,Germany
f66e9451-4f11-4360-87d7-db862c7369b1,False,True,False,Machinery,China
49dd48e6-7098-4cf1-9df9-9ef63247679f,True,False,True,Textile,United Kingdom
1e9c4c46-2ddb-4908-8133-db2bd52b132c,True,False,False,Hazardous,Netherlands
eb7e7002-03d6-47ec-985d-26a8a641e87c,True,True,False,Electronics,South Korea
82b358d3-1795-4fba-b796-08bcfd8260e2,True,True,True,Textile,Singapore
ddd5c4a8-1ec9-462b-9d4a-a2446ede1912,True,True,False,Chemical,Singapore
31784f39-7907-4b71-a297-ca3e62a46c9b,True,False,True,Chemical,India
5c19ef36-d09e-4708-9c93-f2276d186410,False,True,False,Chemical,UAE
bc7baa7d-29f0-4bf3-a816-970e13de2a93,True,True,False,General,United Kingdom
57319d36-d595-4562-85cf-ddb9c879d39a,True,True,True,Textile,United Kingdom
a4eca042-ca90-4820-ab7a-ee82a9ad76c9,True,False,False,Hazardous,United States
69ac8f2e-1be8-4d26-96e0-09d5220386d2,True,False,False,Machinery,UAE
6f652d96-3364-43bb-82e1-24e20b1c1b81,True,True,False,Electronics,United States
a411b044-704b-494e-8b96-e58409ba5108,True,True,False,Hazardous,United States
33337871-fd39-4c63-aa8c-a3e9a31926d7,True,True,False,General,UAE
e7d9c0e0-eb68-4780-8591-d113eb0f1343,False,True,False,Electronics,UAE
1e73ceb4-016a-4fe4-be85-8532614d5e03,False,True,False,Machinery,United States
87091560-7e14-4374-a565-d53dc05afffd,True,False,False,Perishable,Japan
421175ad-460f-4c9f-b3e6-14a0dd299311,True,True,False,Electronics,Netherlands
839f840e-ff87-43b7-85b2-bc000c483ee4,True,True,False,Chemical,China
f07fa5fb-2c20-4c04-8331-5ec4f17ae4af,False,True,False,General,China
4d083831-feb7-486d-9497-1f26d36a1d16,True,True,False,Electronics,United States
920682e4-e619-4a39-87b7-50643f4d16ff,True,False,False,Electronics,United States
f358c98a-fcf0-4969-ac8e-5441e839df10,True,False,True,Machinery,United Kingdom
3d6c54ea-e6e0-456b-8d4c-37e1c4131cd9,True,False,True,Pharma,China
f13d803d-39d0-4e76-87cb-5a7bef3a4f6b,True,False,False,Chemical,Germany
e274b6ee-29d5-43dc-a174-e60fb17e1a9f,False,True,False,Textile,United States
6216b547-95f3-492f-ba33-5c35b8a1a3de,False,True,False,Chemical,Japan
68dde0f4-201f-42ef-9a92-95e45db4caa8,True,True,False,Hazardous,United Kingdom
b18ad94b-036e-4ac4-b3ea-911cba2919ca,True,True,False,Pharma,Singapore
6a88b2ca-9e6a-4f8e-8ce3-58b6c173725c,False,True,False,Pharma,South Korea
a979e6c4-7f92-4375-91d1-9f5a560ef104,False,True,False,Textile,United Kingdom
9d1115a1-c06f-4c44-917b-3a7cd5a86c59,False,True,False,General,China
67495e53-e076-45a5-831a-5cd09a8ba077,True,True,False,Pharma,Japan
13a1e9dd-8777-432c-9c99-78871a783a42,True,True,False,Chemical,United States
9c937418-dfb4-41c0-88d1-21051d7d6bb9,False,True,False,Chemical,United Kingdom
1d90a6d0-7685-4597-b47b-17f8d85d5f91,True,True,False,Electronics,South Korea
2a9e4123-ace6-4a68-a0ff-34bddeb5ecac,True,True,False,Textile,Germany
9ca247be-cb5a-40a2-a5e1-e22aab54666c,True,True,False,Hazardous,India
84aa830b-4958-496f-8698-96d3acf8d866,True,True,True,General,United Kingdom
ebfcbd78-8f2c-436c-bd75-108ad238a821,False,True,False,Electronics,United States
6b797b65-5898-43ef-8ac0-95be053a9cc4,False,True,False,Perishable,China
e8e3a053-1ac5-4cd0-8874-946f94946494,False,True,False,Pharma,South Korea
5c4f0aa3-68be-4b74-9049-6d6f70c8392a,False,True,False,Chemical,China
49595037-ab47-4aae-8047-7692eab047c9,True,True,False,Hazardous,UAE
859bfb4e-8a52-40cb-9aa4-5b7df1d7e415,True,True,False,Hazardous,United States
050b6955-5a93-4181-8156-9fc4e9abd772,True,True,False,Pharma,China
d9dd3e2d-5c8c-42e2-ba37-8a488a9477a8,True,True,False,Electronics,United States
477aba77-6c45-4282-99f1-cd08bbe17082,True,True,False,Textile,United States
0743cbe0-66b6-4093-a3fa-46155c387609,True,True,False,Textile,China
31abe6fe-3adc-4209-aeb7-aedab4eed1c4,False,True,False,Chemical,Netherlands
5dfa94ad-b673-49d3-887a-08c6346ec9ab,False,True,False,General,United States
1a521b5e-b04f-4226-aac5-597f76d97fd6,False,True,False,Perishable,United States
8ecfc0d9-5b73-49dc-856d-f8cb375e5c2a,False,True,False,Hazardous,United Kingdom
8a9fca04-390c-4d09-b12d-b07affd37f85,True,True,False,Electronics,India
f6a0177c-5b1e-42d5-a67f-88fe6c922255,True,False,True,Textile,Singapore
92eaf1ae-1091-4af4-a81b-9dcc6511160f,True,True,False,General,Netherlands
5a0fc6ab-8444-4a85-bd14-1fcd109b46b2,True,True,False,Hazardous,United Kingdom
64a569b4-74ac-4199-bc28-75bc00a01bf9,True,True,False,Hazardous,United Kingdom
771e6040-3db9-46f2-a158-5ccf25838319,False,True,False,Textile,Germany
33f28d01-c55a-433c-a842-5c1291dc92e1,True,True,False,Hazardous,India
8867918f-741c-4964-a92c-72c76ae93cec,True,True,True,Electronics,India
b78b4887-4c28-4da4-8657-484c76dfe265,False,True,False,Perishable,Japan
70d13c2f-d3a7-4dd6-8fcf-8f8820287f15,True,True,True,Pharma,Singapore
d90f4103-5512-4e8d-921b-2023e82af9a8,True,False,False,Hazardous,Germany
619d1c13-66d7-46ac-817f-a5c8688553d9,True,False,False,Machinery,India
c1ce672c-f347-4528-ba1f-34159e2317fd,True,True,False,General,Germany
93058797-da61-4541-8b5e-696ddf92d6e3,False,True,False,General,United Kingdom
edb29a1e-d4cc-4867-b12b-12a16c77d094,False,True,False,Machinery,Japan
c4a35740-46ca-4303-abf9-50c839569c04,True,True,False,Pharma,Netherlands
f00ead36-8ae2-4edc-b831-72eba12f4039,False,True,False,Chemical,Singapore
52e22d96-2c0d-4d2e-b0f7-7c56ebd1a5f8,False,True,False,Machinery,South Korea
e199faf9-4959-4ee8-a576-a2bcd4213695,False,True,False,Hazardous,Japan
e8aea3bc-cfed-4171-a275-7dd790ff6550,False,True,False,General,South Korea
555b2228-cfe2-4a19-9e59-71039f94c7ed,False,True,False,Textile,South Korea
bc02280f-fb52-4362-8c3b-5627a19d1a1e,True,True,True,Electronics,Singapore
03540fea-1e60-46d5-a1a3-58b83e482dc5,True,True,False,Perishable,United Kingdom
41991b03-c344-4d9c-9b35-00f6e776606c,False,True,False,Perishable,United States
e7497f49-0e17-47b6-b7f3-56157b1211d8,False,True,False,General,Singapore
8b1fa75c-ba3f-4c7c-b468-6e11fdb8f73d,True,True,False,Electronics,China
3719f87e-f412-4a86-9c66-1bdd6cc08527,True,True,True,Textile,Japan
3989ddbe-cd05-4f11-8a52-bd6342f81188,True,True,False,General,Japan
56ea65b7-a583-468e-bf86-9715532ed930,True,True,False,Textile,Germany
56340f73-7e2c-4dfe-a58e-b3dd8936406c,True,True,False,Electronics,Japan
243d0681-2b6f-4926-a941-c2922ecc0ce5,True,True,False,Perishable,Japan
d34fc0d1-1b77-4650-bec7-c8924dba38b8,True,True,False,Textile,China
8672ce7a-19a1-473a-8e77-4f629bb1cb7d,True,True,False,Hazardous,United Kingdom
82123772-6b80-43e6-ad0a-e5290f52726c,True,True,False,Machinery,Netherlands
8bb279c5-84e2-48d2-b58d-be555c20970c,True,False,True,Perishable,UAE
77917ce0-847b-429b-9ec5-dcd9d573d7fd,True,True,False,Pharma,China
e28bdfd4-b096-4a29-bd27-1d089e7ccdfc,True,True,False,Hazardous,UAE
bcfaca16-7bba-447f-af45-5f9c0a103307,True,True,False,Chemical,Singapore
9eae5f02-9623-48a3-92d7-b5ea1f8e1380,False,True,False,Textile,United Kingdom
0ece4dc0-6196-4ef5-9268-8cca754813dc,False,True,False,Textile,Singapore
2e3af9bf-0e3b-45fa-ab30-46b8e8fb8885,True,True,False,Machinery,United Kingdom
e5007961-5449-4638-bd35-b8de61b4070d,True,True,False,Pharma,Netherlands
c289ec25-b7c3-4954-b694-5e60700f40c6,True,True,False,Electronics,China
042f53d2-f1b5-4393-802c-dcf6b805fa56,False,True,False,Perishable,Germany
9ef7cec2-2893-4a73-8704-b4c343e2fbf5,False,True,False,Hazardous,United States
ba43eea0-ec83-41a3-93ae-81aa370ac3cf,True,True,False,General,UAE
8251c648-0f51-4093-ab18-8813c8b983a2,True,True,False,Electronics,United States
3d23dab1-6cd1-45f6-b7de-6772d5a0edfb,True,True,False,Machinery,Germany
9f0fd106-7432-44de-aec8-0233906a9daf,True,True,False,Perishable,Netherlands
82807c6b-20b2-49d2-b2f4-a2005118b7cd,False,True,False,Perishable,Germany
99a8b078-45ba-4948-b11d-b58dde74732f,False,True,False,Chemical,Germany
c82aadfe-ed99-467c-b165-00ba0fd77c5f,True,False,True,Chemical,United States
41c39317-7ff8-411f-a6a2-00ac27e8c510,False,True,False,Textile,Germany
bc0946da-1a47-4868-90f8-e590110251f4,True,False,True,Chemical,Germany
cf0e3bab-8c8c-4aa8-a309-99f4e78e1c14,True,True,True,Textile,India
7cf73135-b35c-4a9d-9f70-59d243d024fc,False,True,False,Chemical,United Kingdom
de6d3742-9b8c-4fc8-bf90-067118a862c8,True,False,False,Textile,India
37c6921b-16aa-4858-bc11-7426229aa79d,True,True,False,Hazardous,Netherlands
8fdaca20-bf01-4eff-9868-76572d6200b0,True,False,True,General,UAE
b8e84bc3-8592-47c9-a97e-402ec961689d,False,True,False,Hazardous,India
b54f106e-40d1-4f58-94bd-f871b4c52346,True,True,False,Pharma,United States
7269d297-6e04-4bd1-898e-542cc4ac8d36,False,True,False,Textile,United States
48e7fd0f-8f13-4e64-a42e-9a4b5e024e7c,False,True,False,General,Netherlands
57d67ac7-e00d-479b-9aa1-269a2feb3ae1,True,True,False,Perishable,Germany
827024b6-8b3f-459d-8ae8-03af30dfc70f,True,True,True,Electronics,UAE
7ad7e116-c6bf-4df6-9a4d-ef678eaf667d,False,True,False,Machinery,China
2c1e352e-09b5-4a2a-8674-331a10f2701f,True,False,False,Pharma,Japan
b17f997a-3f89-4e4b-b25a-fc57c708286d,True,True,False,Hazardous,Singapore
7d770e25-e343-4417-9659-dd0a849f9dbf,True,True,False,Hazardous,China
651c3331-618a-4ad0-9cfd-1def602b7e12,True,True,False,Electronics,United States
9a159219-e5eb-468d-befa-416231db8c23,True,True,False,Pharma,Germany
9fcdf830-a63f-4442-935b-8dfbeaa45d56,True,True,False,Machinery,South Korea
88bc0ddf-1cfa-4d11-89b5-70562496a570,False,True,False,Hazardous,UAE
eafc7890-f0b0-4bc2-8bca-002c3a819eed,True,True,False,Pharma,Japan
4028a10a-7628-4944-891d-2d8962667396,True,False,True,Electronics,United Kingdom
dcfb7759-0819-43bc-afa7-d0885d5277e7,False,True,False,Electronics,United Kingdom
4950ed8f-8375-4f5b-8726-0bca5fee376c,True,True,False,Machinery,Singapore
b9676bde-136c-41cf-ba71-7479797154e3,True,True,False,Hazardous,South Korea
b697ef0a-4197-45dc-847e-b6295da1e66e,True,True,False,Electronics,UAE
1118d5d8-6494-43a6-aabd-2c881b0241a8,False,True,False,Machinery,United Kingdom
882862f8-b50e-4bba-b419-36aebba22897,True,True,False,Electronics,Japan
40f19c91-d990-4f86-952b-5146107b602c,False,True,False,Hazardous,India
8816db07-e5b6-4c2e-a31f-d6f4da832f42,True,True,False,General,Singapore
00dad5dd-b523-49f8-9a87-150474f5dede,True,True,False,Electronics,India
f649716d-5466-4612-acf4-8fbc739a61d0,True,True,False,Chemical,Netherlands
d5dd1904-1a47-4cec-a5ca-2c91ea806a21,True,True,False,Pharma,South Korea
30f90fdc-f2f9-4b50-b4d3-258aa55780fd,True,True,True,Electronics,United Kingdom
22866ec6-92e5-46c8-ab3d-681f4640a336,False,True,False,Textile,Netherlands
78fe0f8e-cf10-41b4-94c3-df6dffa10d13,True,False,True,General,UAE
c6c52746-17b7-4c76-8665-ca114357dcde,True,True,False,Perishable,Germany
f5176b4a-365c-41d1-ab6d-29d89ed45467,False,True,False,Hazardous,Singapore
c796343c-9fd3-46dc-86f2-c9cfe70e4903,False,True,False,Hazardous,United Kingdom
a8d50ff1-28a4-4e1c-8be7-22989da910fe,True,True,False,Perishable,India
356e2325-51e0-4067-9731-83238a177950,False,True,False,Machinery,Germany
65ffc0cb-5686-4db4-bcf7-d2721a7cba1e,True,True,False,Hazardous,India
719587a8-608f-476f-af3b-7db197728c9e,True,True,True,Electronics,South Korea
0872116a-4f45-43f1-b715-8e3304438092,True,True,False,Electronics,United Kingdom
b3e44f64-c381-4171-8184-59a1abb367b6,True,True,False,Chemical,United States
d83bfcf4-b3f6-4347-824e-498771d613ea,False,True,False,Textile,India
c1342007-f179-433e-8fcf-e7a0f873d638,True,True,False,Pharma,Singapore
225d5eb0-56d7-4119-955e-3c3b9ecd9115,True,True,True,Electronics,UAE
5727b50d-b185-4866-8419-ac7c8a1b10be,False,True,False,Textile,Japan
e953a7e6-f825-4f18-9dc0-b5a18cfabf11,True,True,False,Textile,China
957874bb-e1fb-4c8d-a325-2ed9a5810aef,True,True,False,Chemical,South Korea
483442f8-b292-46a9-9f17-7ce33ae0b0d9,True,False,False,Pharma,India
7f742f03-3101-4432-a217-5d7c01a5c443,False,True,False,Textile,India
2f06830b-2bd7-4657-b7ca-45085254580d,False,True,False,Hazardous,Singapore
14dd8de1-4243-489c-a0f3-54ea831a5e09,True,True,False,Hazardous,United States
a660d7b2-5a16-4025-a6e2-20fb430da1cb,True,True,False,General,China
e262e690-ba36-4bc6-a9b1-27c701a8c932,True,True,False,Textile,Singapore
976f65b6-8675-44c0-91f0-a9fb66b09482,True,True,False,Textile,Netherlands
73cd8f77-02cb-4674-b9a8-80f4d0c456af,True,True,True,Electronics,UAE
507d89c7-9fbf-4b4b-b6c3-ce4eae202bca,True,False,False,Textile,Germany
906c814d-a5e2-4ecb-a189-3905aa95a920,False,True,False,Perishable,Germany
57112e05-ed69-4be6-9969-1e7f64ea81c6,True,True,False,General,Singapore
4537a047-0d9f-4e12-9a8a-3877b498126a,True,True,True,General,Netherlands
fc7467db-ceba-42eb-bf2c-ac242d81c509,True,False,False,Pharma,UAE
506e02ff-d0b4-4f49-8e85-fcce817fb2ad,True,True,False,Chemical,Singapore
ff2f6624-76cb-4028-be6e-899943a39943,True,True,False,Electronics,United States
52ec6d3e-05d7-4e2d-abcd-15094ab12eef,False,True,False,Hazardous,South Korea
1b3f3768-c3f7-4dfe-ab34-7a49f60c7bc1,False,True,False,Perishable,UAE
a5376f4b-4a08-4fdb-aeaa-eb30ab007e6e,True,True,False,Textile,South Korea
0b90280b-da57-462e-a8ed-aa60f153efe9,False,True,False,Pharma,China
f33e2db1-ba77-4591-86d4-bcd400b092fd,True,True,True,Textile,South Korea
9b1b0ac4-243d-422e-9d75-66cd3b1a2a39,False,True,False,General,South Korea
9d6ee4e8-e09e-4782-a1b2-15865eac6b86,False,True,False,Machinery,UAE
27d99a7b-3626-408e-b23e-3a983887f610,True,False,True,General,South Korea
3b0208ab-c058-47aa-95ce-aaffbc685c95,False,True,False,Perishable,UAE
8da9b774-b7c0-4067-afe5-4a8853093228,True,False,True,Textile,UAE
e4ec8b2e-199a-4e96-b2e9-f27dd6040d47,True,True,False,Machinery,South Korea
36095f48-375a-4d9e-82d6-5c1e1350d960,True,True,False,General,Singapore
b578ac79-0234-402d-95d5-c588f3b35409,False,True,False,Hazardous,Japan
b27f21b1-2988-4e04-8758-8b4972c58ffc,False,True,False,Machinery,Germany
6a34348d-c106-4f1e-9cf4-633dbee27372,True,True,True,Chemical,United Kingdom
ba7071da-481b-4284-9aaf-20f1faae0dc6,True,True,False,Electronics,United States
d4fec05a-9fc4-4c10-95a2-03378512589f,False,True,False,Textile,Netherlands
61614004-298a-4423-989c-09e913338e67,True,False,False,General,China
0215a2de-f007-47c4-a978-814148685941,True,True,True,Chemical,South Korea
cbf109e2-f225-4f59-a7c7-b331020277ae,True,False,False,Textile,Japan
c3cfc225-a4fb-4be0-a649-2c4ddab30e21,True,True,False,Textile,UAE
a6194a4e-a457-461a-9c34-1904bd02d272,False,True,False,Hazardous,Germany
baade1c5-1a84-4df3-95cd-8bd1d59b1af9,True,False,False,General,UAE
b1308991-2cd2-4dd6-abb3-534e858e6311,True,True,False,Electronics,Netherlands
c7c90f54-d2ea-4eba-9a91-245a4f3a07ca,True,True,False,Machinery,United States
8ba505d7-85c5-4d84-ad9c-3d51a62949a4,True,True,True,Hazardous,Singapore
72fe3ab7-1c02-4125-9e5f-c10bad21412f,True,True,False,General,United States
5c061ed3-9d97-4eec-812a-d56bfc41f0d0,True,True,False,Pharma,UAE
4ed9a2a5-0df0-4580-b4a5-2eb99f795207,True,True,False,Pharma,United Kingdom
790603b8-3703-4426-b52a-3cc3147b0b2b,False,True,False,Perishable,China
7189e362-f67c-4a43-82b4-0fd403031cdd,True,False,False,Chemical,Netherlands
f07aacfb-6590-41f7-a639-b339334cb7ed,False,True,False,Pharma,United Kingdom
63265845-e416-4b98-a9bb-3b720cbc2c53,False,True,False,Hazardous,Japan
63ba25bd-16cc-4b8e-a8fd-c1c24f1c7f3a,True,False,True,Perishable,Netherlands
f3164dd0-ea85-466e-bc14-1683449ccc2b,False,True,False,Machinery,Germany
01524568-e6d2-4e3d-a732-c41653e7fa90,False,True,False,General,UAE
afad6cef-f477-4592-b592-511ed54ec865,True,False,True,General,Japan
24aa8df9-a1cc-4fc2-a747-721e6e0729c6,True,False,False,Hazardous,Singapore
37aaa46f-fb23-49db-b041-d0c6e5b9c87b,False,True,False,Machinery,United Kingdom
3b2b1676-9a6d-42a5-a807-05e2b09daafd,False,True,False,Perishable,UAE
5cde8c9a-92b3-403c-9baf-b4f51c287a63,True,True,True,Machinery,Netherlands
30038617-c8a2-4264-bd21-145f18e9587f,False,True,False,Hazardous,United Kingdom
a1428ceb-d228-4e52-9239-9bf93e583723,True,True,False,Perishable,China
efda07fb-5de9-485a-96da-824b79b95550,True,True,False,Hazardous,Singapore
bfeb221c-bc54-48e4-85bd-ad537f87d04d,True,True,False,Chemical,India
ad3113a8-7ceb-4d9c-9676-b408ce8ed612,True,True,False,Chemical,Germany
e4d8c24f-a742-437c-ab66-737652a8bc4d,False,True,False,Perishable,Japan
1c04a3e9-dd9d-4fbb-816c-18e6c86d6552,True,True,True,Hazardous,UAE
178c0589-fcd7-4e30-af0a-a411b40eb8fb,False,True,False,Electronics,Singapore
4d212be6-86ee-464a-9e9d-fdcfcaaa28f9,True,True,False,Perishable,China
16228c12-8cab-4944-a2fa-d0b9ee352b74,True,True,False,Chemical,UAE
dae3ad01-7c90-4804-a24e-bc0a40b81d47,True,True,False,Chemical,India
29219dbf-a158-4315-b8bd-80c74495ab3b,False,True,False,Pharma,Singapore
47ee4610-d741-4999-877f-67cd1bf5a7a7,True,False,True,Textile,United Kingdom
1cca4113-f575-4813-aaa4-d127a4e9d851,False,True,False,Machinery,Singapore
bf6958e6-6138-4631-87f0-7ba73632529d,True,False,False,Electronics,United Kingdom
9c226768-5a21-4696-9d6d-295b8e676415,True,True,True,Machinery,UAE
de4e4a5c-a3a2-4f31-95db-32de5e0fabfc,False,True,False,Electronics,India
6f711e85-27d3-4d73-9218-9a5bda6d8ee5,False,True,False,Hazardous,UAE
aa67bde9-2971-4aef-a4fb-a88f4513f27b,True,True,False,Chemical,China
8275ec2b-6ae1-4969-9f4e-96686e059ba3,True,True,False,Perishable,United Kingdom
d3c26790-44a2-43f3-a09b-aacbb9e2e5d7,True,True,True,Machinery,South Korea
7ee52ba0-f7ac-41c8-85f2-3bd82cd6d5b2,False,True,False,Chemical,United Kingdom
528dd36f-5d58-4c70-a540-bf437b55b180,True,True,False,Electronics,Japan
a9c7576a-4b27-4618-9d3e-426b4488cb4c,True,True,False,Electronics,Netherlands
24092f1c-9a34-482b-b2ca-cadc6c6d8529,True,True,False,Chemical,UAE
9ba30f25-442a-4e6a-8a4b-95e675844c4f,True,False,False,Machinery,South Korea
1d1f20c2-37db-4c1f-b491-32bd27054a55,True,True,False,Pharma,China
e0d2cb1a-b413-4e83-8517-5d44ea6e9ab1,True,True,False,Textile,Singapore
f9122c36-783f-4664-8628-f9ed4b8da164,True,False,False,Textile,India
be63e038-97b2-41ae-b5f3-ab96af8302f3,True,True,False,Hazardous,South Korea
0b52ff54-eea8-45eb-83a9-979e63aefa05,True,True,False,Textile,United States
2cd4dd55-668f-463c-b20c-c674eb647c85,False,True,False,Chemical,United States
d6a3ed86-ae6b-4fbe-8579-ea295308b88f,True,True,True,General,Japan
7e3e0aac-de35-4218-b313-0ac78e960d67,False,True,False,Perishable,United States
00406ae3-d484-4d98-a71b-9a717d7119e1,False,True,False,Hazardous,Japan
778e39fd-aea7-49ac-9703-7b9f7e446ca7,True,True,False,Perishable,China
eb5b0f34-8844-4652-a0cc-0d9971000675,True,True,False,Pharma,India
548492d9-7f0b-460d-ad63-7072751d44ec,True,False,True,Electronics,Japan
00323781-7b7f-4c72-8650-b2ed5e21e5d1,True,True,False,Hazardous,Netherlands
648bd833-2224-4857-84d6-c28535d1884b,True,True,False,Textile,Netherlands
6905e0ba-ad8b-4852-bd12-f7d211b7287c,True,True,False,Hazardous,Japan
f3a24d61-f61c-471e-93e5-04bd13a4a124,True,False,True,General,Netherlands
58e88801-9a3e-48b4-a60b-de87908d92a2,True,True,False,Textile,Germany
07130d55-49ff-4ece-bd86-955480220c16,True,True,False,Hazardous,South Korea
41e20a3d-2953-4b3d-92b3-9ef910764070,True,True,False,Machinery,United Kingdom
836c0cab-5de7-42cb-b247-60f7920399ad,True,True,True,Machinery,United States
9000b039-5d41-49fa-bd05-d5d0f83e411e,True,False,False,Electronics,India
25e5f6c5-7143-4fc0-9899-df454b6b98cd,False,True,False,Electronics,Singapore
05596dc8-ee7b-4547-9393-06051bb16aa1,True,True,False,Textile,Netherlands
40bdffb8-90db-49cc-a8ed-2e8bf0b9294d,False,True,False,Perishable,UAE
8889f7d1-15a4-4a5b-8074-5fbf9e09ed82,True,True,False,Textile,South Korea
f91e4ee0-9b9f-452e-8b88-95667a8d8215,True,True,False,Chemical,United States
26b36af8-e60d-4d80-96d8-c7db3132f980,False,True,False,Hazardous,Singapore
9f94983f-7083-40fe-83ee-a3543296d455,False,True,False,Hazardous,China
acaa0452-62a1-4638-95c1-17d199799368,True,True,False,Perishable,UAE
a7f9081c-c4e5-42c4-90e2-74d90756a4a5,True,True,False,Electronics,Germany
c6ad906f-148d-4195-bcd5-49658e95a230,True,False,False,Electronics,Germany
9dc7461f-cd18-44f6-a71b-41935dafdbf5,True,True,False,Perishable,China
fcb76e13-2dff-4d0d-80af-ad7523d63371,True,True,True,General,India
37aa3d85-a908-4e38-a152-cfe1681f2793,True,True,False,Perishable,Singapore
81457e74-4af7-436d-860d-568151a48db3,False,True,False,Perishable,Singapore
45c1c69f-237e-45ac-a926-b4124fd99517,False,True,False,Perishable,Japan
cf6b58c3-226a-4c67-b39c-17777738c3c0,True,True,False,Chemical,China
e09d232a-c28d-479f-8c1b-ebdad94b6113,True,True,False,Electronics,UAE
6bdefa01-0441-4818-98c7-0883e9b38216,True,False,False,Chemical,Netherlands
cc94618b-2842-4520-8a87-9845fdfaef65,True,True,True,Electronics,Japan
c01da89e-eff3-419c-bd21-e3d80c43382c,False,True,False,Perishable,Japan
7e39e4c4-7f15-49dd-8aeb-0fae1cafb18c,True,True,False,Textile,UAE
a4786ae3-073c-4126-a697-9971d795a89f,True,False,False,Machinery,Japan
cbcdc4b1-f4e8-4b82-ac01-8da5c511c329,True,True,False,Perishable,Japan
55920d5e-799d-441c-b3ac-97f90bf18e1e,True,True,False,Textile,China
1e0b166f-a36c-46ca-888f-82dc3ffd3c77,False,True,False,Machinery,India
c71726f0-d262-468e-8227-9a16218658ea,True,True,False,Pharma,Germany
ab6e23f2-d508-4fb4-8365-f33d848deed2,True,True,False,Pharma,Netherlands
39634333-a713-4697-9734-462f30a58c16,True,True,False,Hazardous,Germany
b8b853ca-aa35-452b-bd58-cb3c66968f3a,True,False,True,Electronics,United States
6691c0eb-15f8-4ef7-aa5a-fa7f4549661f,True,True,False,Hazardous,Japan
d782407e-ec35-4fcc-bb98-d5098e13eb28,True,True,False,Electronics,India
ab18b79a-f1c7-47a8-bf48-6c303fb48a72,True,True,False,Textile,United States
bce96be7-7fdd-49f2-ace2-897d204ac7e9,False,True,False,Electronics,South Korea
bb2fa3e9-aa38-46a1-88d5-7f988ed31971,True,True,False,Pharma,United States
aea4b8a4-e4ab-4d88-ad7d-46729050fe86,False,True,False,Textile,Germany
39c65ca9-1cd1-4dad-bca2-89c18200d159,True,True,True,Pharma,India
e02b487a-4052-4174-b8e7-808dd6a1ef04,True,True,False,Hazardous,Singapore
08c4db71-9c1c-4c90-8318-8250d6fbe1b5,True,True,False,Electronics,India
40ff254b-2907-4f24-83e1-b400eb4b154d,True,False,False,Machinery,Japan
12c6469a-2509-4599-b56e-0e29f5d844fb,True,True,False,Perishable,Germany
98a046e1-2c02-495a-bf75-a204b639ffa3,True,True,False,Perishable,Japan
0c3b27fc-036b-4159-925b-8ce6514cd63b,True,False,False,Textile,United States
2c7b02ce-eed1-471d-8cb1-e720b2cc2f56,True,False,False,Pharma,South Korea
d32e6e7c-cff0-4394-a7ec-6ebb01078c6d,True,True,False,Perishable,India
617ba80e-b1f9-42e3-b4d6-8223ef75bc8f,False,True,False,General,United States
21a5117f-f0ec-45ec-b5fc-a9b835dfe22f,False,True,False,Electronics,Singapore
8e942a82-0b22-4f83-8826-84773be5ceb1,True,True,True,Chemical,India
c954f750-b054-4442-a7cf-f77165f68b8e,True,True,False,Perishable,Singapore
e4cf2571-b65f-4d39-9511-9cc0c99fd3fb,True,True,False,Pharma,UAE
a0d80da7-a771-4247-ab7e-52f7375f83af,False,True,False,Machinery,Singapore
93ef4cc2-c31a-489a-8e54-08fcb66afcbf,True,True,False,Hazardous,Japan
a464e665-626a-4766-b2d8-2074fc7398e1,False,True,False,Hazardous,United Kingdom
90154b0c-6067-4a42-b00f-63f1d2b31695,False,True,False,Pharma,United Kingdom
8eb9e0d3-5e10-402a-9134-572537369d5a,True,False,False,Pharma,Germany
d407a319-869d-43fb-9a15-24676ab3fa05,False,True,False,Electronics,UAE
6eb266e7-6e02-4740-a1cf-09f12e87ed80,True,True,False,Machinery,India
62562dd8-5a47-43a9-9006-1b7a95a6760b,True,True,False,Hazardous,United States
b1d16853-a5d5-47db-969d-b861018e8031,True,False,True,Chemical,UAE
57fc5e31-662e-4e32-8722-f84ba00d8a2a,True,True,False,Hazardous,China
f429d2df-cbb2-488f-a556-398f3db1cb88,True,True,False,Machinery,UAE
36e30270-48c4-4012-80e5-013e117b4bcb,True,True,True,Hazardous,United States
117eedf5-be16-4993-92cf-e378dfff88c3,True,True,False,Pharma,India
6e6fad6c-2ee4-4ace-8316-d539cd48b647,True,True,False,Pharma,South Korea
c4276326-2248-4bc3-ac52-28d012114c25,True,True,False,Textile,UAE
a5c28c98-305a-46cf-9bfc-f2e4b14f54a3,False,True,False,Textile,Germany
44701402-ac2c-4501-814e-71a43ab812bd,True,True,True,Machinery,United Kingdom
5da32425-b88f-4d2f-872e-3f35de9eaf82,True,True,False,Perishable,United Kingdom
a9b34207-3fc6-4185-bbc9-fca0771a9450,True,True,False,Perishable,Singapore
8d85d5de-1d65-4404-a441-801c7484f22e,False,True,False,Chemical,South Korea
57eaf689-48f5-42e2-9454-df7e060ab230,True,True,False,Pharma,South Korea
c4dffe7c-3fe3-4855-9900-df599be44c4d,False,True,False,Perishable,South Korea
4608e2a5-aa92-4d9d-acfd-8ed1be02cb33,False,True,False,Electronics,Japan
f18b6d6f-4ef8-4a49-89fb-e3c60b2d435e,True,False,False,Hazardous,Singapore
56e4c62c-b1a3-4a6b-9df5-fb4b0bad0be2,False,True,False,Machinery,United States
e2c7c1da-3230-4484-820e-019f54565066,False,True,False,General,India
e245f71f-b9f6-4e92-b3f3-2f51019c3e1b,False,True,False,Hazardous,United Kingdom
d443273b-1f60-41b8-96d4-4de99726adcb,False,True,False,Electronics,Germany
8007d75c-1e3d-4dcf-a34e-ea8a5b347484,False,True,False,Textile,Japan
94760913-7e19-4c5f-898e-c0b45ee779c3,False,True,False,Textile,UAE
eff42a4a-fba4-4dbe-b8e9-2a88da9d4c48,True,True,False,Machinery,Japan
446276ac-50b5-4936-b17d-bd2eef61f8d8,False,True,False,Electronics,United Kingdom
ee99465d-b032-4937-8d2a-de173900e1af,True,True,False,Pharma,China
0118362c-0d5b-4e7a-837c-6ffc1d406901,False,True,False,Textile,Netherlands
034077ae-dcf2-4110-8528-c0b15d1915a1,True,True,False,General,Singapore
db40a851-a5ad-4e0a-b6ef-8b3c3bd45737,True,True,True,General,India
5e9e8e5e-002e-4c68-bdc6-4f59a81fa38f,True,True,False,Hazardous,China
a7f271c8-3902-4c98-b764-0a54447e6b87,True,True,False,Electronics,Germany
ae4225d3-2947-493c-a92e-64b524cdd413,False,True,False,Chemical,Germany
01048509-eb68-458e-b566-e4ac47c8873c,True,False,True,Pharma,Singapore
fab90b52-f90f-41f2-90c0-a8c72d68114c,True,True,False,General,Singapore
b355ac68-d767-4aa9-8a55-3bb7c268161f,True,True,False,Hazardous,Singapore
605a6ad0-aeba-4e1b-b0af-d349453f075a,True,False,True,Perishable,Germany
0a42c229-6707-413d-84e0-efef0379a45d,True,True,False,Perishable,Netherlands
8c387f27-ec4a-4a20-922e-e8fd5722ad44,True,True,False,General,Germany
3b30c64c-14a9-400b-bf3d-3098b58d2c40,True,True,False,Hazardous,United States
52bed35e-baef-4b2a-8a09-78fe823f4403,False,True,False,Chemical,South Korea
1da919fe-185e-4ee6-97ff-d79e1b286749,True,True,False,Textile,United Kingdom
6c1ca03e-8b8a-46da-9a49-cdba67ab642f,True,True,False,General,Germany
7dcefcae-ddac-47d5-9b43-30af029ded58,True,True,False,General,United Kingdom
6ec78d8f-1e56-44be-8a82-d1e8cdb4bb3d,False,True,False,General,UAE
a89918a9-c639-4879-99c9-8d47349be3a7,False,True,False,Chemical,United States
a97029aa-ea66-4bd5-a34d-99a34e37397a,True,True,False,Perishable,United Kingdom
a11d67e4-1c7e-4874-ac68-0d15d786f878,False,True,False,Perishable,Netherlands
afc0fa46-c016-4b7f-8de8-a3d6ee610612,True,True,False,General,India
33d3ff1b-75f3-4a92-a557-97faa6c228ec,False,True,False,Pharma,India
f93164a4-f2c4-47a8-a6ca-2646d21aad8c,True,True,False,Electronics,India
bae4c39f-dd6a-432c-aad5-cdbda7ac424a,True,True,False,Electronics,China
4cf5396b-a686-4ce1-864a-8824eac76fd8,True,True,True,Textile,Singapore
3a5cf4d6-1820-40bb-a4d7-44a3546e649c,False,True,False,Textile,Germany
f1d5340c-093c-4ca0-be15-c44ef194fb63,True,True,False,Hazardous,Germany
28bbed0c-8093-4287-a4f5-2a5fd83cc7bf,True,True,False,General,Japan
92bbf697-79bc-4f68-b4ba-20205d7ed0c4,True,False,False,Pharma,United Kingdom
cf3810ff-e8ec-4209-a57c-aad64c112112,True,True,False,Hazardous,India
cbbab7d8-1c5f-428f-8dbc-400be397b212,True,True,True,Pharma,South Korea
8d21c537-8ba4-4fed-ba45-c565ec6fc6e1,True,True,False,Perishable,India
7117b539-18db-4cc0-8e87-2ce597bbcb25,True,True,False,Hazardous,United States
d96679c2-f666-4fb8-81bb-92b16f9ed5c0,True,False,True,Perishable,Japan
da4f57e3-85bb-412a-add8-fe52f07ae8c8,True,True,False,Hazardous,Netherlands
db8e7bca-768e-46ee-9420-bc6dae54771d,False,True,False,Pharma,UAE
5d363268-0fbe-4199-a62b-8ece3c730d26,True,True,False,Hazardous,United States
6a2de0f0-fafc-4f07-ae03-31fd70eb05a6,True,True,False,General,Japan
a5f1a105-5c48-4969-bf00-0a05fa1d0056,False,True,False,Electronics,South Korea
e5c13f3c-6f5e-40e5-b9e0-966e71d87d5e,True,True,True,Electronics,UAE
1b28d178-6569-4358-8453-1035ab3ed9fd,False,True,False,Hazardous,Netherlands
fd1d4a9f-4c4e-43bd-b02f-c41fc7fc6acb,True,True,False,Hazardous,China
de56601a-cf4f-4988-8822-58ab64440665,True,True,False,Electronics,Netherlands
f1050b4c-3e0b-4035-bd25-9e4b281a94df,True,True,False,Perishable,China
bd162852-d41b-40af-85d6-c67b4b0179de,True,True,False,Electronics,Germany
845172fa-fd90-49b1-950e-4d653d4c9de7,True,True,False,Textile,Netherlands
0892c67e-db82-4103-acc5-29ef38b6390d,True,True,False,Machinery,China
b91377c8-5209-46ed-9df6-cc7a7f317c37,False,True,False,Chemical,Netherlands
6893b1f4-8bbe-4736-905f-7059a9ee5d3a,True,True,False,Machinery,South Korea
0f8f726f-6f7c-4a19-9251-75da26e5fe4f,True,True,False,Electronics,Netherlands
24bd759e-a71c-4084-8ae8-ee15729197fb,False,True,False,Electronics,Japan
a33f64ba-2add-468b-ab53-6992cd077150,True,True,False,General,Japan
d1442d89-5ad7-4a6d-945b-04dfe6a47291,False,True,False,Hazardous,South Korea
ccf40c2d-1fe7-493f-9477-84f08fa0df00,False,True,False,Chemical,Germany
d8a96573-d699-425a-9124-d36c2ef88403,True,True,False,Hazardous,UAE
2f3f6aba-ae06-43ea-8d67-269e80cea84f,True,True,False,Textile,United Kingdom
71acc04c-2dd8-4003-98ea-3e3e80ecff31,False,True,False,Chemical,Japan
afa4f7e1-f09a-4d96-8b2e-4d60dd0504a3,False,True,False,Electronics,Netherlands
0f888c2d-7eb7-440b-b06b-01921cf14eb3,True,True,False,Chemical,UAE
763be425-f94c-4996-b29b-e0ecf8ab4bcb,True,True,False,Hazardous,Netherlands
9b4455d9-3544-4a3a-9d7f-49d645efd3e0,True,False,False,Hazardous,Singapore
bd30782e-4fbf-49a2-8d25-7e1ff68600b3,True,True,False,Perishable,Singapore
bab1ad6a-f8ea-4e2e-858d-e7c3712231df,False,True,False,Hazardous,United Kingdom
04d6b928-604f-4d97-beea-a2d78dcf9f4d,True,True,True,Perishable,United Kingdom
66fa4eef-790a-4193-8968-1afc2a7c75d2,True,True,False,Pharma,Japan
1f6a6bcd-02b4-4fde-b63d-36851d75e001,False,True,False,Hazardous,Netherlands
2430aad7-a4f6-4062-84f1-0bbf388b7745,False,True,False,Textile,China
324c7c75-d6c5-475e-9411-3842ad7e60a6,False,True,False,Electronics,United Kingdom
67b47950-5b30-4d78-9940-9af6093a349d,True,True,False,Textile,United Kingdom
e1e13647-d00d-41a9-9978-ab4458b38ee7,True,True,True,Textile,Japan
1413e887-0c74-491c-b2e6-998be8dcc343,True,True,False,Hazardous,Germany
ccd6173e-cde8-4f16-a5c8-113db33801d9,True,True,False,Perishable,Germany
5e7be05f-7107-4bf6-81a7-84c66ecf93fa,True,False,False,Perishable,China
b798e1b9-f5cc-4bf3-9100-5918e9a807a3,True,True,False,Perishable,Singapore
79ce67d2-5a35-41eb-b7cc-eb6554f41a75,False,True,False,Textile,China
2c0af8a8-6936-4f5b-be13-639a90baa413,True,True,False,Textile,Netherlands
f4547b40-8668-43da-bd3f-e1909fcbaa9a,True,True,False,Textile,Germany
b5beb2bb-f901-4984-bf8c-043cde79ffaf,False,True,False,Chemical,UAE
8bc9830c-aa6a-42f0-899f-81b3fe0c7601,True,True,False,Hazardous,Japan
8331d382-f05b-4072-a5ca-472a4762f5d9,False,True,False,Pharma,Netherlands
eda7c505-d6ae-4c52-9ef1-ced6910fd5eb,False,True,False,Textile,Japan
686a18f7-2211-4914-af0c-cdc2199d810d,True,True,False,Chemical,United Kingdom
7cb63364-df0c-426f-83a2-1ebbcad42275,True,True,False,Perishable,South Korea
922c35f3-21d0-4dde-b3ae-762ce46936a9,True,True,False,Machinery,Germany
3de5db1c-e9a4-4e57-9734-20c141809736,False,True,False,Perishable,Germany
56952330-1039-43f6-9820-240232bdac34,True,True,False,Machinery,South Korea
03227ce9-1651-4337-9912-b118f297b739,False,True,False,Perishable,Germany
a27b3e8b-5ac4-4ed5-82eb-a43ba5e0b96e,True,True,False,Electronics,Germany
5392dbaa-3570-4f82-90fd-c21898329146,True,True,False,Chemical,United States
a157c70c-1f1d-4a3d-ba1c-efda8189818c,False,True,False,Machinery,Japan
571612c2-7d6a-463c-a669-70ff955b28df,True,True,False,Pharma,India
df449b70-3e3e-4731-963d-49ae0eb3415d,True,True,False,Hazardous,China
1553d4c7-ba39-4cb2-bf35-0e3c844b0a58,True,True,True,Perishable,India
e19f6bed-41e5-4556-a824-17974310e443,False,True,False,General,Japan
961e19b7-af3f-4913-aa6e-fb085afd06e4,True,False,False,Perishable,China
cf05665a-10cf-465e-b044-9517671e4382,True,True,False,Pharma,UAE
c285bac8-364d-43a9-a0a6-1afe1fe85418,True,False,False,Textile,Singapore
5ca0485e-d746-4237-8f7c-f82aec85d381,False,True,False,Electronics,Netherlands
90f63795-d1b6-436a-a0cc-3f5d7956423f,False,True,False,Hazardous,China
9131fff7-0be6-4d74-9352-2fb57c045a4a,False,True,False,Textile,India
fd65f863-ccb0-4522-9e83-e1d64d2b4bb9,True,True,False,Pharma,Germany
d8b6b3a1-93c2-4d60-b3e2-0aa2484a795b,True,True,False,Perishable,United States
47866ff1-50f3-4ca2-99cc-51876bcd7de9,True,True,False,Hazardous,India
f1483f5c-89a9-407f-a208-5c19a8ec1f44,False,True,False,Pharma,Singapore
4b84b99f-6ac7-47aa-ae41-63103a10079e,False,True,False,Pharma,United Kingdom
5eb5cb51-03d7-4326-a224-37a469b6ef29,False,True,False,Electronics,United States
a07a78ef-bcb9-462b-ae3e-cec104f357e2,True,True,False,General,United Kingdom
e5480658-4f69-4398-8157-8fdf3cb61728,True,True,False,Pharma,China
c9d100cc-9920-44af-b574-677841ce896b,True,False,False,Perishable,United States
8ddabac0-1787-4da8-a72b-40e2c522b794,True,True,True,Chemical,Netherlands
e9c9af1a-7c99-4d33-b1e0-a53ecdc57608,True,True,False,Hazardous,China
e4e054de-087d-4df2-a464-c52d76c36fcc,True,False,False,Chemical,China
40e40cb5-58c0-41de-9362-0be12cf60f54,False,True,False,General,Netherlands
6afe4568-72ac-4603-a4c8-f35fd1d8aa0b,True,True,False,General,South Korea
b2ce8254-cd35-4e31-b304-24dfa161f21d,True,True,False,Textile,United Kingdom
6f947cd2-b00f-46f6-84aa-b0e8abaa775a,True,False,True,Perishable,Japan
433b8cdb-672c-40d6-bbc7-b6c9243d5868,True,True,False,General,UAE
2a60315f-7eed-4d99-ab7a-66f8b4bf9c6d,True,True,False,Electronics,United States
2bae882f-8e7a-4568-98fe-39cab0112cb9,True,True,False,General,UAE
5254d7da-2ca1-44c6-a750-8adc3b29a14b,True,True,False,Electronics,China
82faca5c-64a6-48e2-89fd-a0b3c9204902,True,True,False,Pharma,Netherlands
f3017748-1ac3-45d9-a42c-b6310f401a68,False,True,False,General,Germany
41557707-1738-4f15-932b-a738d8b53fe0,True,False,False,Chemical,Singapore
69d5897f-64ea-4446-8f39-774b02aa8d92,True,True,True,Electronics,Netherlands
99fc3506-f63e-4c80-b288-d17640f3fe11,True,True,False,Hazardous,Netherlands
9402ae1e-e5b1-4b6a-887a-21f59c353294,True,True,False,Machinery,India
47e15e8f-cddf-4aee-a03f-e7dbcd5870b2,False,True,False,Pharma,Singapore
b3e9d458-e63d-473e-9d8c-9ad76c6f4c87,False,True,False,Textile,Singapore
61391a90-b388-4092-a502-79a7a386573e,False,True,False,Perishable,Netherlands
91836c44-d59f-4699-a5e0-33d98d126bae,True,True,False,Electronics,South Korea
f92bd686-b744-474c-a60b-d12ea6cb2a16,True,True,False,Textile,China
a3302704-28c2-4189-ac4b-4a046dc476a5,False,True,False,Hazardous,Japan
afb68427-dd86-479d-91da-e151decee1d3,True,True,True,General,China
93b2bd2e-d9ca-47d9-8aab-f9c58733846d,True,True,False,General,Japan
8f493aec-4228-4ae8-bf48-779e0eee71b2,True,True,False,Perishable,Germany
163e379c-0c6c-4f8f-8c76-962b8c27435c,True,True,False,Hazardous,Japan
57bcd6ee-6329-4c50-bc29-e0e5f63f34fe,True,True,False,Textile,UAE
f352011b-0133-4c4c-b09f-dd961ba87eef,True,True,True,Electronics,Netherlands
8b9dc21c-f141-47af-959f-a88dca036684,True,True,False,Electronics,Germany
dc295794-0b6e-416c-a48f-183640de39be,True,False,True,Perishable,South Korea
c317f4ee-fb80-48e3-9bd6-f317d3a49a4e,True,True,False,Electronics,Netherlands
51da774e-80ba-479e-a3c1-f896c55f8694,True,True,True,Chemical,UAE
53456cfa-a00b-4823-a3c3-07ee9d6eb1c5,True,True,False,Chemical,United Kingdom
b33ac1a8-0c6f-4227-8abe-2eeb1d82e949,False,True,False,Chemical,Netherlands
e4f570d5-9449-42a1-b5d2-f1f1e2b48aa2,True,False,False,General,United States
19f91880-95d9-4582-ac7a-fab879a8208d,True,True,False,Pharma,United Kingdom
8d36a874-5d78-40c8-bf32-3ca16d88e5b5,True,True,False,Pharma,South Korea
b64d1b4c-5640-4e48-b573-8fcafc602799,False,True,False,Chemical,South Korea
110d59df-7265-4163-a6f9-2a258896d240,True,True,False,Hazardous,India
945c1486-7db4-42f8-8f7d-a514fe094ec7,True,True,False,Machinery,Singapore
78d64d15-dbd8-4d0c-9a78-a28ffe4f1b1e,False,True,False,Chemical,Germany
250c4881-c87b-447c-8df1-e365c0f868ba,True,True,False,Textile,South Korea
6971d60a-3c07-486e-9dba-83f366499c71,True,True,False,Pharma,China
e1507115-ec7a-44b9-b593-e196840ba188,True,True,False,Perishable,United States
6d3aa96e-b8a2-42d1-b399-153b79987a9c,True,True,False,Perishable,Germany
3b017ce8-b8d0-4cec-b00a-19db42a39fd4,True,True,False,Hazardous,Singapore
db012378-990f-4934-85be-3dc866c2a315,True,True,False,Machinery,Singapore
ae5b0d50-5103-4977-99fa-44829e9fac2c,False,True,False,Perishable,United Kingdom
794fcb02-cddd-4f65-9a66-ef9d863ca024,True,True,False,Chemical,India
d23cd55d-1f32-40dc-931e-c66aa87d11f3,False,True,False,Hazardous,Germany
f707c8a3-fa16-45e1-b712-96db15a5c95e,False,True,False,Machinery,Netherlands
6c2bb5ca-3327-494c-a580-ddbd3e982826,False,True,False,Textile,United Kingdom
894f856d-0619-41f6-8f5f-ccbd38ea0fa6,True,True,False,General,South Korea
9020cdb1-4fcc-48c9-a1f1-63234ecaded6,True,True,True,Hazardous,UAE
a54ee626-ffb2-4a2d-b5d6-7701983a62fd,True,True,False,Electronics,United Kingdom
8fe44a39-88bd-4bc5-84a7-544fd8c725f9,True,True,False,Pharma,United States
e32583c6-c1eb-413f-b1ec-3109a79a7561,True,False,True,Perishable,UAE
fb4690e6-ea73-4b54-a04b-b9c1fe758e51,True,True,True,General,China
03dd58ac-71d6-41cf-b0e1-ce19b9bfa226,True,False,True,General,Japan
c5526c97-e047-4110-a963-2d68d3216622,True,True,True,Machinery,Japan
f2e16f23-7628-4848-93d0-8495fa9ca80f,True,True,False,Perishable,South Korea
467b2bc7-0752-4f7a-a278-458650a75023,True,True,False,General,China
9dae2490-534d-4796-b06f-d072eff7948b,True,False,False,Pharma,China
5c2ea1fb-569d-48b3-8e79-5061d4fb5d98,True,True,False,Textile,Netherlands
1ce8930d-d54c-4684-9a6e-3d97bed9de5e,False,True,False,Pharma,China
acc5246a-fd37-489f-b21b-7176f83a12c2,True,True,False,Hazardous,Netherlands
87aa12f7-9639-486b-9bed-c0f1f9cce69f,False,True,False,General,United States
b12706c3-4a24-4749-bc74-12b4105bd761,True,True,False,Pharma,China
3677f7e7-3af5-45b1-93f5-65c329d387dc,True,True,False,Textile,Singapore
59c11be0-fbf4-4ec0-b59f-0478f3e1755f,True,True,False,Textile,United States
0f4b3114-0410-49ab-ae21-683dbee784ee,True,True,True,Machinery,India
a5ccd6d0-3a57-452e-a3d5-3a2c66656ead,True,True,False,Hazardous,China
251d3b2a-1de5-4557-8304-86fa07142519,False,True,False,Electronics,United States
bea84c93-6fa7-43a4-8177-952c7cbf7566,False,True,False,Textile,South Korea
257612bd-fffd-4762-9477-a2dc25a83147,True,True,False,Pharma,Singapore
d5fea7d3-43a3-40a6-b3d2-ff7a4382f1e3,True,True,False,Perishable,China
2aeddeb6-859c-45da-96df-69713fd03e8a,False,True,False,Chemical,India
bd1810bd-a537-4054-9f13-d883cfb65ed6,True,True,False,Machinery,United Kingdom
1c441c2b-7e5f-4b03-b3b6-8e4019293f68,True,True,False,General,Netherlands
3fdcb176-1345-40f1-8859-9ce4641a3dd1,True,False,False,Machinery,Japan
a40ff94c-48f0-469d-81cc-454dee9c4d0d,False,True,False,Textile,Japan
0892526f-effe-44a7-a729-f63dd175e327,False,True,False,Pharma,United States
5873c024-b09b-409f-88bf-079dce478c89,True,True,False,Machinery,South Korea
8ad71f7f-b826-4411-8b45-3fdea740a2a3,True,True,False,Perishable,United States
060b101a-5ce2-4a0a-837e-4cdbef26d3f3,True,True,False,Hazardous,China
b7a2eb15-1900-4945-8379-05a2378f464a,False,True,False,Machinery,South Korea
ff2f7cfa-2498-4992-b61a-e8e2e22fb6e1,True,True,False,Chemical,United States
dd8e8781-e9bf-405e-935b-c72f50d614a0,False,True,False,Perishable,Germany
d37d318a-3f72-4863-9fe4-327f18f665a2,False,True,False,General,Netherlands
543263cb-b067-48b9-814c-bad14293c663,False,True,False,General,India
656963ac-0485-4a71-b453-ea9befb0a7c3,False,True,False,Chemical,Japan
b563a58c-3883-4a5f-83b3-0b507011e156,True,True,True,General,Japan
0bf9dfde-4ab1-4e58-8a78-e96c9e63d602,True,True,False,Electronics,Netherlands
882ceec3-4a08-46c7-aff5-9f5949d45694,True,True,False,Pharma,United States
6e004c79-eab0-432e-b7f6-af7b7acd159a,False,True,False,Textile,Germany
1c8466d5-3f07-4782-9582-41cc5c64b3db,True,True,False,Perishable,UAE
8cd76965-8b8f-488d-a3f6-7ce24e16aab9,False,True,False,Chemical,India
198964cd-8655-4c4e-93f0-386fcb8e3448,True,True,False,General,Germany
4d534bd2-f1c9-483a-a611-36a6ccb8aea5,True,True,False,Machinery,UAE
770e9048-c455-4ad7-ae50-130cd010dbea,False,True,False,Hazardous,Japan
f0fec74f-ca88-4e0b-bffe-dcff2296ae1b,False,True,False,Machinery,India
0de2577e-c3fb-4276-b30a-e0ac7e9e732f,False,True,False,Machinery,India
9ffa486c-557e-4d31-8cbe-4b954842e384,False,True,False,Textile,Japan
903f4621-c8c3-4c4a-b909-8f2c7259a1cd,True,True,False,Textile,UAE
9fedfaa3-101b-44d3-a978-880571872e56,True,True,False,Electronics,Netherlands
75067462-173b-4973-833d-7742501c3a14,True,True,False,Perishable,India
0d21a173-a76e-4746-be00-bfe7898c2cce,True,True,False,Perishable,South Korea
8ea70558-7c6a-45fe-97b9-4c59392f8453,True,True,False,Hazardous,UAE
9a824399-32bc-473e-a1a4-4a10beadace9,True,True,False,Pharma,Singapore
7d2e4fa7-b47b-40ee-9750-1d5815ea9e69,False,True,False,Textile,United Kingdom
1d4c5b14-84bb-42c6-8b83-7fc7b29e7f85,True,True,True,Chemical,South Korea
b643abb8-7bf2-4807-bcd0-3413309554b4,False,True,False,Perishable,Germany
65e31625-141f-4eda-822f-e4efeb04b15c,True,True,False,Hazardous,UAE
acd18eb0-d98f-4649-bee9-dd22ebd373ca,False,True,False,Electronics,UAE
dee936cb-0ccd-4e4e-a570-325018f46c6c,False,True,False,Pharma,UAE
2ff1299b-111e-4b80-85f3-e0ff97e89bab,True,True,False,Textile,UAE
c9e7bbf9-831c-489c-83cf-c391ff794387,True,True,False,Chemical,Singapore
93baaf00-ab4c-4cea-9559-dae858a1d80c,True,False,False,Perishable,South Korea
e2aac385-155d-4667-9f2a-6e933a4cb5f0,True,True,False,Hazardous,China
1d751ce4-0808-4801-b6a3-fc6b882512b5,False,True,False,Machinery,Germany
8d7d9e5c-f5d9-4c78-b0ba-21d86fa12055,False,True,False,Textile,Japan
2543b60e-1c14-4d0e-b530-b4fe091b04bf,True,True,False,Textile,Singapore
241a35e1-0169-4ed7-9c96-8ebbe0645c6a,False,True,False,Machinery,Singapore
7ac53564-bc59-4b9b-938d-5bd433294047,True,True,False,Textile,China
70371afe-3ab9-49b6-a4a0-28827c98a6bb,True,True,True,Perishable,United Kingdom
45c6b3d7-5534-4a01-b916-588cb8ddb7f8,True,True,False,Pharma,Netherlands
31db06be-e20b-46a2-b284-3de75a56d330,True,True,False,General,South Korea
0fb597cf-2bd3-4b37-84c9-857558fffc3d,True,True,False,Electronics,Singapore
34df8833-ae31-40c0-97ae-07f41c88bc9e,True,False,False,Pharma,UAE
89d68039-1947-489a-a8de-a5baee6f9135,True,True,False,Pharma,United States
919d1d98-f3dd-47b9-a283-d6c00c2bf321,True,True,True,Perishable,United Kingdom
fad95824-b640-4b4c-9a1b-8bca7c67b100,False,True,False,Machinery,South Korea
b7981172-bb4b-4079-8855-57ab26cbfbf7,True,True,False,Perishable,Germany
c13deaff-75b2-4aa3-be15-18b53cb7a5b7,False,True,False,Pharma,Japan
51269185-5860-4b8b-b008-56b686350478,True,True,False,Hazardous,India
f0b6dd22-ccc6-4099-add1-6d31ead800bf,False,True,False,Perishable,United Kingdom
39ec45a6-d489-4f4b-ada6-985aaf0f14b2,True,True,False,Perishable,UAE
04917736-4498-4111-abc0-5442c4dffa1a,True,True,False,Chemical,United Kingdom
af00a740-48a5-4495-bf27-25419d6e77d1,True,True,False,General,China
40efe335-b3c5-41a0-a24d-83e7f0e99ec6,True,True,False,Textile,South Korea
25b378b4-7691-4fd3-923c-5874d69dd74e,True,True,True,Electronics,Netherlands
bbc2ebfc-6d29-4950-b6b4-d719673b06b3,True,True,False,Pharma,Netherlands
139ffd93-1858-4166-b79e-d29c4c8c79aa,True,False,True,Electronics,China
e0a21683-0f46-47a3-839b-d765732fd113,False,True,False,Chemical,Germany
8c3641ac-0980-435c-8205-38b7f5fe6ee9,False,True,False,Pharma,UAE
83347fcd-40c4-4e86-a282-abb3bebfd3d8,True,False,False,Machinery,Singapore
5923282a-c4b0-431a-91cb-a9e8a2ede525,True,True,False,Hazardous,Netherlands
da97e5af-a1cb-4fac-a62f-3472c9b21f07,False,True,False,Electronics,UAE
3efced96-ed22-42fa-befb-d37eb49b30c6,True,True,False,Pharma,UAE
fba9da95-bcf2-4bd1-a992-7981b5031d84,False,True,False,Hazardous,Netherlands
8341848d-8361-4a5c-a9bd-60e5b7fcc64c,True,False,False,Perishable,India
b5dc90f0-d0b0-458b-aa79-da7fc3680bde,True,True,False,Textile,China
ff3face9-9a7d-4295-8d72-989c55b15d0a,True,True,False,General,United States
eae81a84-c4e6-441f-ab7a-345fab0c8154,True,True,False,Pharma,South Korea
cf30bdef-d996-490c-9b70-f967e9f5fa9b,True,True,False,Perishable,India
d2d3fd25-6257-4bc2-8612-d4340a254cd2,True,True,False,Hazardous,Singapore
e4856590-c361-45cb-9a80-a1d5a34154af,True,True,False,Electronics,United Kingdom
b288ba72-4975-4508-aea8-d3d1c8563103,True,False,False,Machinery,South Korea
6207d1ef-dca8-454b-9ac2-bfea84c89eff,False,True,False,Electronics,India
748bd0b0-2068-44e8-8c0b-5c6077bff643,True,True,False,Pharma,China
11e6fa88-d835-4f8f-90e7-77b960d2b2ec,True,True,False,Textile,United Kingdom
bf3856b7-24f4-4a66-89f0-ef73bada182f,False,True,False,Machinery,Japan
4149a26d-f799-4f67-8629-3f34c6d04cd4,False,True,False,Chemical,Japan
7d83628a-221c-4458-83e9-ad68a5d9e44c,True,False,False,Electronics,Japan
df8920bb-d20a-4b58-b211-dce5e8187111,False,True,False,Pharma,Germany
57d5275a-e60c-4bb3-bbdf-91d3bed392dc,True,True,True,Machinery,Singapore
c70f8e1b-41a3-4031-a10f-f1b631081470,True,True,False,Chemical,South Korea
ac482a37-f208-428f-b63b-67e8df7951d7,False,True,False,Hazardous,Singapore
e944e79d-bc56-4d59-a13d-a88cba71c854,True,False,False,General,Germany
2aca9d2f-5db7-418c-81a6-52eeb7a63565,True,True,False,Perishable,South Korea
715a01c5-199c-48f3-a093-f57b0a03a71b,False,True,False,Textile,China
fbfbd58f-0a4b-4508-9ada-092f623f0328,True,True,True,Hazardous,China
3bba6aec-ff31-49d3-b742-a5c3c6d9cc21,True,False,False,Perishable,South Korea
5617a38a-0449-4411-a86a-546ad17885b0,True,True,True,Chemical,UAE
922325c8-ef0f-45a4-83da-07700f780128,True,True,False,Chemical,India
71a592bf-d777-4fec-921b-5df02b32b952,True,True,False,Perishable,Japan
74ad4e97-b5cf-435b-87be-bf8edba61e77,True,True,False,General,South Korea
909f6c2d-89a8-4c88-a6a7-5f6b77d4471a,True,False,False,Chemical,Germany
a55bbfa2-f898-44ef-8253-e6c442c80b30,False,True,False,Perishable,China
d042bdfe-d64d-4bbd-8621-7dcf4373116a,True,True,False,Perishable,India
45e4f4c5-7181-4c74-b687-e10424f2e00d,False,True,False,Machinery,Netherlands
b814eaea-8b99-44f2-9c70-3048b8f8e9bc,True,True,False,General,China
b1b9b8c4-7685-46a5-ae1a-25fe33989d6f,True,True,False,Perishable,India
515c95b8-27bc-43f6-9211-e3f5554d439e,True,True,False,Hazardous,United Kingdom
2c16f5d2-e930-448e-bba6-2b026b5770e5,True,True,False,Textile,Netherlands
880687ac-4e09-41aa-9f38-64d93f46ff51,True,True,False,General,Singapore
6288000a-fbd6-4308-8768-a50f59e780f9,True,True,False,Pharma,Singapore
87fc32d1-7f21-4c22-8ccb-f53665209344,True,False,False,Machinery,Germany
d2e6bc2a-6927-48e8-a54b-fa5a2f6ade91,False,True,False,Pharma,Netherlands
f247dc45-0a43-45b6-8203-ca352838c521,True,True,True,Hazardous,United States
158679a3-d6d0-4077-a49b-c6ac6b505066,False,True,False,General,Germany
fa6d93f6-ce0d-4ba5-a1a8-ea58e861d000,True,False,False,Textile,Singapore
f92c1387-ef53-4d9a-8848-b4ec84801678,True,True,False,Hazardous,United Kingdom
d607b2a8-0c3d-4199-a232-395b2086b0bd,True,True,False,Perishable,United Kingdom
e2bddbbb-329e-46ef-89e0-84c5916fd491,False,True,False,Electronics,United States
98487a83-cd4d-4559-9fcc-a0cb3f035def,False,True,False,Textile,Singapore
36d4b435-d878-491a-8366-e72dd7595efe,True,True,False,Textile,United States
053ad017-a49c-4cc0-9c10-53ff44013f3a,False,True,False,Perishable,Germany
1d350306-8f02-4a57-af3f-8e0b339d4dba,True,True,False,Hazardous,India
15372ee0-8b0f-4527-af75-5da2d2eeb6e3,False,True,False,Pharma,Japan
38d8d4ab-4608-4d6b-a02a-ef441882030d,False,True,False,Machinery,UAE
d6e8d7c8-a1ff-493c-b3eb-c28e1210fd8b,False,True,False,Pharma,South Korea
bdfc4f11-5c4e-40ef-8a6d-6388a22a374a,False,True,False,Hazardous,United Kingdom
7d1b67ef-4113-4f46-b004-1ead24f6d8d6,True,True,False,Textile,United Kingdom
e7d22660-4194-4464-91fc-32fc65ad0b75,True,False,True,Hazardous,India
03ab70f1-ecd8-4989-b2e5-bc6e0920fe51,True,True,False,Electronics,United Kingdom
67e3068d-dc4e-45e6-a59b-65cd2fe40d68,False,True,False,Textile,South Korea
aac9ac56-1bd6-4905-b168-add48128cf10,True,True,False,General,South Korea
c12b35bb-2ec0-428c-a00f-2cab12059a69,True,True,False,Hazardous,Japan
531f48d5-bf2f-4685-b125-10bbc58ca7c5,True,True,False,General,South Korea
e06624a8-3e06-4825-b146-9a1ab81b8859,False,True,False,Hazardous,Japan
6cdd92d9-966b-4ca1-a087-910cf44ed19a,True,True,False,Hazardous,India
3a9cd5c8-29b4-4ebf-b029-fd5a876c3ed9,False,True,False,General,Singapore
e4d4f1e9-1e5b-47b0-b6f8-00b7ab2e1605,False,True,False,Perishable,Netherlands
062bc04d-5b15-41bd-a968-e6d1e56961c4,True,True,True,Chemical,China
02dc9f56-f838-4165-a3c2-b308e182f560,False,True,False,Chemical,United States
cdc38544-abef-48e4-a918-83ad98fc1861,False,True,False,Machinery,Singapore
583f62c3-b3a2-4b7a-8fcb-c0c810367c6f,True,True,False,Electronics,India
af48cb7b-9cb1-49e9-aa49-08ea1de2c15e,True,True,False,Hazardous,Germany
c2f78891-2532-47d9-b7f4-79e8aa7ee972,True,False,True,Pharma,United States
31c1667f-de2e-4b59-a555-252ebcf2b0a9,True,True,True,Pharma,United States
3c209632-3b7d-4a2e-9fb7-642d8b587a48,True,True,False,Hazardous,Germany
eb61caac-c2e0-42e2-81ed-3d351c35cd0e,False,True,False,Electronics,Japan
b4bcc33e-177b-4526-b60d-eca3f47327f0,True,True,False,Chemical,Japan
930edc46-7718-472e-aa1a-cb5c88e986a3,False,True,False,General,UAE
d843f9af-a602-437e-8c80-b108988d51ff,False,True,False,Machinery,Germany
e9cc95dc-29d0-4220-8f6e-d49ee8f070ff,True,True,True,Hazardous,India
dbf623aa-26f9-40dc-8ce1-1dc719c97400,False,True,False,General,United Kingdom
59d879b8-3ec7-41a6-a3ed-ebbdba1503a3,True,True,False,Textile,India
7a0a12d6-332f-4b5a-8de4-75d73784cdee,True,True,True,General,India
138b3497-b5d6-4713-a2fe-1350098e5f76,True,True,False,Textile,Singapore
2dc6ce7c-437a-4b87-ab0a-327a25229dab,True,True,False,Perishable,China
8bc9c9f0-00a5-4577-8cfe-59c2dc12deab,True,True,False,General,Japan
7539f413-47a6-45d5-b200-58f05dac078c,True,True,False,Hazardous,South Korea
ba4c50a9-4816-4db3-a683-f0af9619e76d,True,True,False,General,Germany
5a36f52e-dd79-4c9c-94ac-62e1a8f4401f,True,True,False,Hazardous,South Korea
9d429af3-fce6-48e1-a2ed-ea925f14f43b,True,True,True,Textile,UAE
2202efae-f457-4be7-a680-a849b82ff9d4,True,True,False,Electronics,Singapore
a126b254-4bb5-406b-bfae-1557e113546f,True,True,False,Perishable,Germany
622abcc1-4447-47eb-afd8-69fe25eb49f3,False,True,False,Hazardous,United Kingdom
ce5028c7-2ee8-4d43-a6ec-cbd4720cbbe6,True,True,False,General,Japan
d549fd62-7884-4324-b352-ac0e054b613d,True,True,False,General,Netherlands
54e75a88-1036-4dcc-8afb-aa89edadc6b4,True,True,False,Electronics,Japan
e5f32b52-ccee-4822-a53d-9c427e17a7b3,True,True,False,Electronics,China
4bd817e3-3a45-480e-8614-0294c79e919c,True,True,False,Electronics,UAE
38d5e430-c187-4d6b-8768-024a8b2a8560,False,True,False,Hazardous,UAE
81a956ab-e292-44e4-8bba-6ad18ed4a12f,False,True,False,Hazardous,China
2e0cc3ed-a189-4482-b5a0-7ff6b8976dd5,False,True,False,Machinery,China
9acd4b42-287d-41bc-9f17-a54b21e57a93,False,True,False,Chemical,Netherlands
4e9768df-4987-4910-b038-53666c2e1d38,True,True,False,Machinery,India
f25bbb80-3beb-4629-b841-bfd8184c5281,True,True,True,Machinery,Netherlands
6b41e31b-d2db-4e43-ac34-08603b9e4d8b,True,True,False,Hazardous,South Korea
1fc1199c-5b6a-432c-90d0-3664b728f231,False,True,False,General,Singapore
442ae72f-176b-4775-91ea-60d08dc0bdef,False,True,False,Machinery,UAE
12744042-101a-4a02-a6b1-e85390cabc7c,True,True,False,Perishable,UAE
b63a8832-3e7e-4af3-b4fb-bdaf385d1d0d,False,True,False,Perishable,Netherlands
dacc1425-78c4-4b71-835b-d27ca386389d,True,True,True,Chemical,South Korea
7a81ec15-ecca-4e0f-8acd-e9840cf7c11a,True,False,False,Electronics,United States
ecad926f-83cc-41e8-83d9-34174761d16f,True,False,True,Pharma,Japan
e591b3f6-6332-417d-86c1-3754aafc7834,False,True,False,General,UAE
ba0b2060-4684-4ecd-a056-ea10e3db3f31,True,True,False,Textile,Germany
3f173a42-3600-4071-812f-037344a64637,True,True,False,General,Japan
f53567b4-0925-4783-91ed-ec6e2a0ea72c,False,True,False,Pharma,United States
274e30f3-52ab-4fe2-b019-3da6c7a19e6a,True,False,False,Pharma,United States
dd617c5e-6f89-4e45-b3e1-10ab367ac280,True,False,True,Textile,Japan
aa54578c-c8ca-4c41-9dd5-eaf186c3c40e,False,True,False,Hazardous,United States
2741ba3e-a75b-42ff-adde-85ed5459bb41,True,True,False,Pharma,Japan
8ab630e5-99df-472e-ad42-38d41a6248bc,False,True,False,Electronics,Germany
46786f8f-8ca6-4865-a2a8-c8059051d453,True,False,True,General,South Korea
26304b82-fd19-485c-9588-3bb464893da2,True,True,True,Textile,Germany
9ff03d2b-341c-4bae-87b3-2d09fa74e733,False,True,False,Electronics,Germany
768d1d24-e537-459d-8673-fa19429d323e,True,True,True,Electronics,United States
26c437ce-d0b1-4bfc-b1ab-698128ca975c,True,False,False,Electronics,UAE
36c1430e-0bb2-4df6-90bc-66f80ebf7919,True,False,False,Hazardous,Japan
2c06ea8c-bc71-47bd-aa97-d114431151fd,True,False,False,Hazardous,India
1b2bb894-6f2a-41bf-a600-5cd7d364174f,True,True,False,Electronics,Netherlands
a9e8bfff-9cb3-4554-be9a-8ba6817fb3b7,True,True,True,Pharma,Netherlands
ebf1a553-70f8-465d-9552-2aea64bdad0c,True,True,False,Electronics,Japan
e86eafad-bc8a-4aaf-8683-b43a9ab0190f,True,True,False,Machinery,Netherlands
debd01df-5088-404a-af23-5135c0508532,True,True,False,General,South Korea
1d2c15b1-c40a-41b5-96c8-f9f6a7e6f581,True,False,True,Perishable,Japan
6d6c8c4d-7204-4d88-931d-f3fd0d1f1d9f,True,True,False,General,Japan
5abbf07d-49ac-408e-85a2-333eb3a02709,True,False,True,Pharma,Germany
793f5420-0a74-41c3-b675-06e1450e08ef,True,False,False,Perishable,Germany
e6644aea-ed87-4493-909c-85f12a5f8bf5,True,True,False,Perishable,Japan
8804407f-99f2-4374-a5d8-9160be8de1d6,False,True,False,Pharma,Singapore
ba47e968-9d2a-4e8e-a548-e589e8a1d36d,True,True,True,Electronics,South Korea
195b74fa-2a07-4de7-810e-b9c1d96efc7c,False,True,False,Textile,UAE
891f95ad-853b-41b0-b9a0-5b6c7783c339,True,True,False,Chemical,Singapore
fbe3b85c-9911-4660-8c44-9088759097a8,True,True,False,Hazardous,United States
87c0631c-cfcb-4271-af19-3c5629f69b01,True,True,False,General,India
2ca3f071-5397-475d-b18e-5ec90e66cfef,True,False,False,Perishable,Germany
0db2b1ec-206f-4888-9aa2-105b83e9894e,False,True,False,Perishable,United Kingdom
a15de538-f041-4779-a8fa-2e38d938b90f,True,False,False,Textile,Singapore
51971808-81fa-48ea-a511-fe9729652f98,False,True,False,Textile,United States
35fe80fa-762e-487f-85f4-8171bb97071f,True,True,False,Textile,South Korea
3565aa38-27c5-4cf7-8f99-eca64b6f91b6,True,True,False,General,United States
7790db8d-fe19-4394-b93b-186e558ac33d,True,True,False,Machinery,United Kingdom
a6c9253c-6168-4295-8cbc-f7e1658780ab,True,True,False,Hazardous,Netherlands
05310a30-53df-4fcc-a068-c2313bea4b3f,True,True,False,Hazardous,South Korea
e121b043-993a-4ed1-9fff-3f4b9fc85116,True,True,False,Perishable,Singapore
b1416b5b-35ae-4d9e-aa70-f99a6380a2b4,True,True,False,Electronics,Netherlands
e02c68d0-832b-466f-a268-1bdaa53ab009,True,False,False,Perishable,United States
faf8f889-045f-4f87-9dff-78327c8ce166,True,True,True,Hazardous,Netherlands
f68ea15e-dcd1-41c7-8708-4e1aea375605,False,True,False,Pharma,United States
87e4fddd-79af-4fef-a234-1cec224242f3,True,True,True,Chemical,Germany
0ca33332-b150-491b-be00-e04a49f68573,True,True,False,Pharma,China
00588c59-e912-4dc5-b3ec-fafe0ac28d84,True,False,False,Electronics,Japan
71df4252-bd11-4816-9e01-6d0afbf1a87f,True,True,False,Hazardous,China
b46f0d5d-99ae-42af-b1c8-388afad5cfe8,True,False,False,Electronics,Netherlands
2de6e4b5-82db-4f9e-bfb1-56fdaf99ebef,True,True,False,Electronics,UAE
59870e94-6cde-42ad-a9d1-5b69257802f8,False,True,False,Textile,Netherlands
2aefbcbd-5663-4b94-88d8-caa6a8309118,True,True,False,Hazardous,Singapore
b0bb68a5-abc1-4b61-8c46-05f66d61ce33,False,True,False,General,Germany
551dbd3c-0b74-451b-8c97-4263b03a0bf4,True,True,False,Perishable,UAE
0506210c-9c76-4a27-b22e-57f6de81e032,False,True,False,Textile,Singapore
851de955-c32d-4fc5-86fa-a6e8f0d09214,True,True,False,Electronics,UAE
5cd1aec3-0b38-44c5-ab1c-c9c043fcd924,False,True,False,Pharma,India
b8de3a6d-d9aa-4d78-869f-4797a8500186,True,True,True,Chemical,Japan
c0ec063c-c009-4430-8676-006224bf031e,True,False,True,Chemical,China
c9035fc1-c2ef-42c0-9fac-1d3707a6127d,True,True,False,Machinery,South Korea
4704d64d-824c-4bb3-8e66-0c8cded9d18b,True,True,False,Textile,UAE
e3eeb4b3-7a2d-4332-b6f7-8bb99fd2626e,False,True,False,Textile,Singapore
d7a6b8bf-3fe2-4c7a-95ae-e650effe2708,True,True,False,Electronics,India
c193d24a-8b52-4009-b417-95500e94dfd2,True,True,False,Textile,South Korea
eeb20893-51af-48c3-9b91-7c5f9dbe98a0,False,True,False,Chemical,Singapore
1eb4a260-33da-4ab7-a3da-780edc2350e6,True,True,False,Pharma,China
946ac8bb-2275-454a-86ae-8a5f8f513729,False,True,False,Pharma,South Korea
6112b8f9-c00a-496b-92a4-b5d172439a48,False,True,False,Hazardous,United Kingdom
8e082471-14a7-491e-a6ae-0574ceff192d,True,True,True,Textile,China
8e100bd0-6102-433c-9947-201be5bffa12,True,True,False,Electronics,Germany
db69c8f2-0670-4737-bfa6-62274d1f0cf2,True,True,True,Electronics,Netherlands
83e5f376-698b-4585-8c7b-7a0d3b08ce90,True,True,False,Perishable,UAE
43eb5607-c666-49d2-8435-0d75cea967f4,True,True,False,Electronics,India
d9e3ac6b-b3df-4207-9fa0-a9bf377743a4,True,True,False,General,South Korea
6c1e17ac-7939-41e5-b1eb-874043a47afc,True,True,False,Hazardous,China
b41d4278-bd11-4bb5-b878-76a92057ffed,False,True,False,Hazardous,China
8f7aea33-4e1e-4b4f-8f3d-69e34a55956e,True,True,False,Electronics,United States
6dda025d-71f3-49d2-ad5e-d4b886a1b60b,False,True,False,Perishable,India
2937b676-d42a-44e1-bbb7-729b47809fb5,True,True,True,Pharma,United States
5b3eaaa7-0439-43b8-8bf5-f77ea9897009,False,True,False,Machinery,United Kingdom
ac4ea2d6-7427-4451-afe7-b0ccd0ed16b0,True,True,False,Hazardous,Singapore
4d445400-eced-4965-8fbb-a6278e02457d,True,True,False,Machinery,Netherlands
afd2360b-67f0-4d26-a0f4-0632a99142e1,False,True,False,Pharma,Germany
a426b9f8-a18f-43ef-b0c4-ad9b0f0f9b0e,True,True,True,Electronics,India
f2d633cc-d1d8-455f-92a6-cd2fdde54839,True,True,False,Electronics,China
0a1c7587-9b73-4c8a-a15b-40f8d71717f4,False,True,False,Electronics,Netherlands
8b86f217-f09d-4b8c-a969-cb405c2b026e,True,True,False,Machinery,Germany
d66cb986-8ea8-4090-9c49-84fc8719dd29,True,True,True,Hazardous,Singapore
85e45533-043f-41c1-bec6-53e3ed6ac07e,True,True,False,Electronics,China
104f57b0-b568-4aa7-be37-834894af2262,False,True,False,Hazardous,UAE
8b2f444f-0319-4d57-a1c8-535ac21465b0,True,True,False,General,United Kingdom
e5234452-4a56-4660-99e4-ce0e4a0ebe51,True,True,False,Perishable,Netherlands
07eb1c94-a8ff-44c2-babf-4d9f373498bf,True,True,False,Machinery,United Kingdom
132f4c5a-ae18-4461-92f5-afe45fa248ab,True,False,True,Hazardous,United Kingdom
094a9e7f-04c4-4b16-972d-ca48029e3859,True,True,False,Electronics,Netherlands
e623b7f8-d0c1-43a0-bb49-deffaeda92d1,True,True,False,Chemical,South Korea
3df4b638-bf2f-4a99-bf61-0e8b2b053280,False,True,False,Chemical,Netherlands
0061370c-c03d-43c1-83a0-3dd9ab420729,True,True,False,Electronics,Japan
444d86af-0276-4db5-a384-829ac1c844ad,True,True,True,Electronics,Japan
be82fbc6-3a67-4bc1-aaf3-1b41169eb4f2,False,True,False,Electronics,India
9a73c9b9-0184-4596-bc43-6b5b7ca5ba9b,True,True,True,Machinery,India
bbbdccfa-2729-42ee-9f02-6d117bb7add0,True,True,False,Electronics,India
97b8068b-a5c4-4d79-bbc1-f06f4a959470,True,True,False,Machinery,China
693a6cbb-fc83-45e5-8fdc-1b589bf6f01c,True,False,True,Chemical,China
1f183fa6-42b6-4774-97f6-7f9040e22e5d,False,True,False,Machinery,Germany
39fb8481-6a04-4658-933b-e7c10f4d02d9,False,True,False,Textile,UAE
fe314add-9501-423d-80b8-d11c0a7f90a6,True,True,True,Pharma,UAE
0ffea224-88d3-4300-a230-f4b7a32f9434,True,True,False,Textile,UAE
0c694e4c-62e4-47a7-9890-49ad523d1720,True,False,False,Pharma,China
f10fa92c-8a02-479d-baae-e3f8578fd4b7,True,True,False,Hazardous,India
243284d4-b972-4d42-90ba-d689c6ccdfab,True,False,True,Electronics,India
84441f9a-eda4-4dc7-b85f-3e83b15d84d9,True,True,False,Chemical,United Kingdom
dceef3e4-6655-4517-9448-69f3a9b3ce48,True,True,False,Chemical,UAE
4c7ee56a-de08-4d56-80a2-b469467ae757,True,True,True,General,China
5fed9fea-3b6f-4d10-a026-082f91bac8ec,True,True,True,Perishable,Netherlands
dc5575f4-791d-461b-8cb6-43e04d65bc64,False,True,False,Machinery,UAE
99251532-fff7-4929-8c6b-4177e691ab33,True,True,True,Textile,India
2146440d-9d2e-497f-86af-1c5487006b24,True,True,False,Machinery,United Kingdom
e2502202-b6e0-440b-9f16-a9b5afd91c59,True,True,False,Pharma,Singapore
2f3026de-e5fb-49b4-8672-b66098a3572a,True,True,False,Machinery,India
0bfc29ca-07e8-4531-b459-c706b163e9ac,True,True,False,Electronics,UAE
ded51722-ba8e-46c7-ac9c-248a6c04b5fa,True,True,True,Machinery,UAE
8192bdd4-879a-4d5f-b2f3-8941bc97b590,True,True,False,Pharma,India
8308110e-bb2a-41d9-9666-96e155a5d076,False,True,False,Chemical,South Korea
6221bba0-4ed7-477a-aa48-fb8081caa30b,False,True,False,Textile,Japan
fff2881e-0906-42d8-9c66-1a897afb3803,True,True,False,Perishable,South Korea
48d59012-3e8e-49ae-bb97-084e24f021d2,False,True,False,Chemical,South Korea
4dbe7e8e-fc45-4d7c-adbe-c7d8167cb9fe,False,True,False,Textile,United Kingdom
04ecab2f-18f6-490c-8d11-ccc993522d7b,False,True,False,Hazardous,Japan
05db6027-00a4-41d5-b834-936413e5aeeb,True,True,False,Hazardous,South Korea
467fc0c8-cbff-4696-9b11-45ea6de5c8bb,True,True,False,General,Germany
864a745a-92d9-483e-81f5-c0bbb2369170,True,True,True,Machinery,Japan
13b62105-4958-4dfc-8933-8e78b343dced,True,True,False,Machinery,United Kingdom
b2169a91-2890-486a-9433-6e773393aefc,False,True,False,Pharma,United Kingdom
c914fc6c-03ac-47b5-9d8b-5ef6d2ac93f2,False,True,False,Pharma,Singapore
fd51083a-c1a0-4b21-84e3-50023b3d2aa0,True,True,False,General,Singapore
3aaaa0ae-ba8d-4255-8cab-ddf31bdcc1e7,True,True,False,Electronics,South Korea
6d35ea5d-c951-4d13-974f-0604d2272582,False,True,False,Perishable,United States
fcef556e-54c2-4edc-84ab-3cba584897ed,False,True,False,Hazardous,Japan
1fa52830-39b3-40df-8538-8ec828f26bba,False,True,False,Machinery,United Kingdom
dd40f39d-1c58-4ea2-a79a-2a130deaeb03,True,True,False,Pharma,Netherlands
61b90d1f-4015-44cc-9456-ce12c2c582de,True,False,False,Hazardous,China
87772de8-61d0-4f4b-885d-e2535e6d48e3,True,True,False,Electronics,Japan
380dc366-c544-4550-8476-62031f3610f9,False,True,False,Pharma,UAE
b45c6945-46cd-4ed0-b26f-8906034d74d4,False,True,False,Hazardous,Netherlands
46f5602f-b9ca-4cd9-b661-840611a07770,False,True,False,Machinery,Singapore
431ebf66-da61-4c77-a882-1e8803293d20,False,True,False,Textile,India
d8abb659-6270-4689-b3b2-bfd6c7f6746c,False,True,False,Machinery,China
e7f694c6-1d8e-4b19-b11b-a4507fef4dda,True,True,False,Chemical,Germany
8e52f884-a723-481d-9a3e-88040c128f19,True,False,True,Perishable,United States
dc5840ec-7881-454a-935c-539556f1e4a5,True,True,False,Perishable,Germany
b317e3f2-b6b3-4cfd-aa93-cdab8a7fd8bf,True,True,True,Hazardous,India
2c29f7b5-80b1-414a-b356-73e4205bc3b8,False,True,False,Electronics,Japan
38378043-8420-4f0e-8636-67663db8fb42,True,False,False,Hazardous,Germany
f72b7f3c-8f1c-4f81-999b-3c3c9b5f88a3,True,True,False,Pharma,Netherlands
66733eef-2a3f-4f02-b61d-e4187461a73a,True,True,False,Electronics,Singapore
5203597d-ce2c-4b80-aea8-47c42a27f829,False,True,False,Hazardous,Singapore
7fdc39a8-935e-47f9-b866-561d85209df4,False,True,False,Perishable,India
6fe95f4c-d6cc-4058-8797-2b763b7a8e91,True,True,False,General,United States
389386d3-bf64-466f-b759-ed188cb6b9c0,True,True,False,Hazardous,China
51203ede-f84b-4cac-96d1-db1fe85203df,False,True,False,Chemical,United Kingdom
5cfcaac7-a497-4566-9451-57d76fe257bc,False,True,False,Hazardous,South Korea
913ea8fa-de2d-4f0c-9e09-f5d711296419,True,True,False,Electronics,Japan
aec9e927-4624-4192-b497-01d220fb2d81,False,True,False,Machinery,Germany
c6bcd586-5fb0-4028-af96-880e5750f97d,True,True,False,Hazardous,Singapore
f9e72569-1d7d-42bf-a825-1b8d55d6a714,True,True,True,Perishable,United Kingdom
d5b75a11-c22f-4670-afc9-425c8d974c27,True,True,False,Textile,India
6aaf8d84-e484-4121-85f3-50883c9f8965,True,True,False,Pharma,South Korea
003ac739-4248-462b-89e3-004d1ca9949a,False,True,False,Textile,Singapore
fc590bbc-1b20-4238-9914-6dac537485e4,True,True,True,Perishable,Singapore
2ae3491b-6afd-4f9d-b729-039b2fca2ca3,False,True,False,Electronics,South Korea
48cca369-8539-4207-917a-bdbff30e1b2e,True,True,False,Machinery,Germany
ebf36559-d1de-464c-ac86-3a926963bce8,True,True,True,Chemical,India
9c9f143c-a4ce-4fbd-a25d-729566d6bdc6,True,True,False,Hazardous,China
6113b865-ceb0-4669-a10b-f9dd0ca5ade1,True,True,False,Textile,Japan
b7db84f9-ad32-4c90-b7d6-500318773155,False,True,False,Electronics,India
a8a70a68-a1ac-4d8e-916b-9ae2558e537a,True,True,False,Electronics,Singapore
522d321d-1ec6-4dc3-a33e-f4a0d2f4ce2c,True,True,False,Textile,Singapore
54498431-b0d4-4766-98c0-1870a681f1c2,True,True,False,General,South Korea
3878a5bb-c9b4-47b0-9325-f0fb2c1d2ff5,False,True,False,Pharma,Germany
69de3704-45db-4813-ae41-c5458924206c,True,False,True,Electronics,Japan
22ad49c7-a607-4ca7-9b27-027a6ccd7a8f,False,True,False,Chemical,China
0125e41c-538b-4de7-91a3-a66940f5fba7,True,True,False,General,Germany
f13ac069-f734-44f6-9675-2f55e269277a,True,True,False,Perishable,China
c8d8a01f-b7d3-43e3-b3ae-767ea3a544ea,True,True,False,Electronics,Germany
889eb64d-4894-408d-b686-e64e34900285,True,True,False,General,Netherlands
6ec91160-2f1d-4bb9-ab88-558fa1323426,True,True,False,Chemical,United States
10905ae3-b589-42e1-9e60-85c05851fa85,False,True,False,Electronics,United States
e2f73cac-25b2-4819-bfe4-68fbe751dee2,True,True,False,Perishable,Germany
394a4f5a-45e8-42cd-8caf-8bf97738b438,False,True,False,Machinery,United States
787b3834-8543-4899-bc02-e6322bde18ff,True,False,False,General,United Kingdom
2141e26b-59b1-4dc6-996a-5141bde55971,True,True,False,Perishable,UAE
9b272299-632d-4d23-928f-f1fca97283c3,True,True,False,Machinery,United Kingdom
a09596ec-4161-46b6-a0c3-026197b0fc07,True,True,False,General,China
43701080-114d-4202-9640-8bda24f37159,True,True,False,Machinery,UAE
d40f5496-a490-43ea-bf24-4e9018184af2,True,False,False,Textile,Singapore
b706f65d-f42b-4d56-9f41-e5e23ba5bb39,True,False,False,Machinery,South Korea
610f1fa2-7c7f-4674-9e16-4805de879e03,False,True,False,General,Japan
6daf047a-473e-40ec-831e-d14e6cb3771e,True,True,False,Textile,Singapore
ee392f9a-0895-4869-9deb-ecb005b1af12,True,True,False,Machinery,United States
d1c8192f-ca6e-4253-8529-8a4f092c50a4,True,True,False,Chemical,Japan
96ab8dc0-d1ed-4299-aa62-0071dcfcb4d6,True,True,False,Hazardous,United States
5e7e65a7-0d05-4018-b758-275619f37d17,True,True,False,Hazardous,China
f670053d-fa44-486f-bb4e-b65b0465a45c,True,True,False,Perishable,Singapore
ba1ca813-63c3-4faa-a61a-7b8e50d066d2,False,True,False,Electronics,China
4ca68eac-adf3-4b66-bf5f-f65542130862,True,True,True,Textile,UAE
1f1b6065-5e8c-4749-b4a7-80d9cfdf2356,True,False,False,Perishable,Singapore
0ad69062-3247-4a47-97a1-4461f437c5d0,False,True,False,Machinery,Japan
c8db7593-eb7e-4b97-ad4d-a6e64709f772,True,True,False,General,Japan
204301a4-f527-4e34-8e1f-6256e31a3f03,True,False,False,Machinery,Singapore
13743304-1310-43da-a6af-d39e7695c892,True,False,True,General,UAE
326c60b0-a01c-4b29-a372-fe1465659f75,False,True,False,Perishable,China
d605bf2d-9772-4bd5-b756-fff04bf6e19b,False,True,False,General,South Korea
757557be-c692-49c2-97e8-37d708506e0c,True,True,False,Machinery,Germany
68dfdd15-63a8-4d00-a86d-5410c8b6c28a,False,True,False,Perishable,Germany
ff30a781-55ff-436f-804e-c6946b116384,False,True,False,Chemical,India
c3c553c7-c5fa-48bc-b427-13e36421f074,True,True,False,Chemical,Japan
1b77bb46-d420-4298-ba2d-6f4467ad0f6c,True,True,False,Textile,China
400a6d56-20b5-4e00-be10-24a9f148dec0,True,True,False,General,Japan
8219b59c-ff5a-4750-9ec4-df84d3de3f46,False,True,False,Machinery,Singapore
49e3df44-e632-40a3-909a-86ced83de74c,True,True,False,Perishable,China
bff37c61-a0fb-4d11-9387-f82508aeb684,True,True,False,Hazardous,South Korea
814bb544-365b-49f5-892b-2bff589f6719,True,True,False,Electronics,South Korea
7a4d41dd-d969-439c-957d-fb80495089b0,False,True,False,Pharma,South Korea
56a2677c-ed3a-4bf6-93f9-13e7da586747,True,True,False,Chemical,Japan
426eeaaf-12a1-4cfe-a7e6-a2a491d1a4fa,False,True,False,Machinery,UAE
373c5b58-7d4b-404c-afd3-b3df8b387001,True,True,False,Textile,United States
3d888ea7-61fe-49ae-a183-148b4a75d9f4,True,True,True,Machinery,Japan
71a29372-7683-4081-94b8-d3b016c19bbf,True,True,False,General,India
128e1be1-97b2-4dea-9b2a-646c3e778d84,True,False,False,Chemical,Japan
cdbb3a88-1fdf-4b0a-b747-ecb65dc3ccd1,True,True,False,Chemical,UAE
e1dad66e-1df4-4a31-bb62-50fde140a636,True,True,False,General,South Korea
b62abe79-138a-459d-8800-3f3391f36180,False,True,False,Chemical,United States
def0345a-dc1e-465d-a35d-8cf2ede66fcf,True,True,False,General,Germany
b3445e74-80fa-4cdd-a803-7ddf9793e46a,True,True,False,Chemical,Singapore
35e7def0-fb49-4d54-baf5-c0262ab681b4,True,True,False,Textile,Netherlands
03ed5929-3167-4ce6-88aa-2fcc4dbb9953,True,True,False,Machinery,China
0785c559-d999-494a-b74d-343ff9f45b46,False,True,False,Textile,Singapore
8bb2f9fb-c86d-435c-99b2-36a166d01134,True,True,False,Perishable,India
d2666efd-2f26-423c-a7ec-2ff55db5e7bb,True,True,False,Electronics,China
eda3fcba-1d2a-4d4d-8bb5-c72d4c3811a6,True,True,False,Chemical,South Korea
b7472514-3688-4817-909d-873b0e1d1381,False,True,False,Machinery,United Kingdom
f2ca619c-c15b-448c-80e2-cae7e15abcd1,True,True,False,Electronics,China
25853803-7fce-40d7-849c-54e3bdd65cbf,False,True,False,Perishable,UAE
62d2a650-e09b-4dc4-b56b-955551a4a975,True,True,False,Machinery,United Kingdom
55294339-0bbf-49e1-a0bd-7dfa940b55dd,True,True,False,Machinery,Germany
6b154b55-e7e1-483e-ab9f-868c3ae45575,True,True,True,Electronics,UAE
67ca302b-c4be-43ec-a77c-278173f81077,True,True,False,Chemical,China
cb27949e-f67f-494a-a31c-78a2f12b95c2,True,False,True,Chemical,India
2746c95a-832c-49e1-a522-2333757b3e57,False,True,False,Hazardous,United Kingdom
bcc7d3a8-9528-44a2-bfe0-03ee2947f82e,True,True,False,Pharma,South Korea
a3f4647a-2db3-4275-8bbe-d05c5a35ee7a,True,True,False,Pharma,India
2d45de78-4b1f-4079-9c87-1a62723cc66a,True,True,False,Hazardous,India
c48b1e6e-643a-493d-bf63-2d85da0cfee3,True,True,False,Pharma,UAE
ab10e4a0-531a-42b7-9003-fb8ad1efdae0,True,True,False,Pharma,India
ee3fe91a-8079-4047-8659-b941d02bd1df,False,True,False,Perishable,Japan
e42b52d8-c39b-479b-a986-82047ba97719,True,True,False,Chemical,United Kingdom
1b6fe365-3d29-4e14-b5ec-be23b92df6cf,False,True,False,Electronics,China
bd524d4e-a5ee-4b8c-bd26-ebadac22da64,True,True,False,Perishable,United Kingdom
e7b97225-9061-4275-8eea-cb50507d4b80,True,False,True,Machinery,United Kingdom
d7f463b7-7d70-419c-8886-f69b1fc3d1b0,True,False,False,Machinery,Germany
883e4f0a-d3f3-44ea-b4a0-59d0d775a6f3,True,False,True,Hazardous,UAE
0d87111c-44ca-4a9a-a257-08f75a802044,True,True,False,General,Netherlands
ee359960-6deb-4de6-9c56-e8144ef8331f,True,False,False,Textile,South Korea
e7ce86e0-54d2-4db8-9693-1135e0e59c8a,False,True,False,Machinery,India
3bd41641-90d3-4c31-a8b6-0e3634597c41,True,True,True,Machinery,South Korea
7395490c-6d40-49cf-9100-2348bc5fc688,True,True,False,Perishable,United States
4d4d4190-a015-4dcc-a78d-4722c25626a8,True,False,False,Machinery,UAE
1e49c060-6515-431f-a84f-5b75bd84fcc7,True,True,True,Machinery,China
6559f764-b36d-40aa-9412-15312b109b1e,True,True,False,General,South Korea
b1386cd6-19ca-4466-b714-abc7bbdcf2a7,False,True,False,Perishable,Japan
20b7d65c-5953-403e-ab5e-00b9558b2ff0,False,True,False,General,United States
f1b25490-f428-4277-9e60-f2f4c1e056ee,True,True,False,Chemical,India
cba9ac01-a348-450e-9664-ba715aaf6be0,False,True,False,Textile,UAE
110e8749-4a4e-423b-8906-d539c01a075d,True,True,False,Pharma,UAE
023e4c05-0c2f-40ee-a3f7-e95a2bb7b9ad,True,True,False,Hazardous,Netherlands
1ff050fd-4632-4db7-b865-136531a8c2eb,True,True,False,Hazardous,United Kingdom
43fc7192-8cb8-4253-aae8-3f3fbbf031ec,True,True,False,Machinery,China
3e9994a4-fad0-4e71-b17b-73f2645bd90a,False,True,False,Electronics,United Kingdom
39b930ea-39d6-4d32-b5dd-ceaa9557c602,True,True,False,Pharma,United Kingdom
2cc06c70-be40-4de0-90c4-40cb02b2015a,False,True,False,Pharma,South Korea
b318da53-3c70-4b93-940e-8586bcac0889,True,True,False,Machinery,Germany
8e7f82d1-faf0-45c6-8d2a-cbc0e725d153,False,True,False,Hazardous,UAE
3e6aa2d1-5aee-4cf8-80cd-1c305778783d,False,True,False,Chemical,United States
89a62de3-a3c4-4116-b02e-b9548bbaf255,True,True,False,Perishable,South Korea
d2b0876a-00ea-4ad4-9cf5-05d51a699342,True,True,False,Machinery,United Kingdom
3baf7758-eaf7-44c9-95a2-59a7bac4cb89,True,False,True,Chemical,United Kingdom
a9320302-1ded-4811-ac56-55b83c105c7d,True,True,False,Pharma,Japan
abd8330e-ebc3-4c1e-8425-f91501e2c0d4,True,True,False,Machinery,Netherlands
c3eac5d1-cdef-4a07-92c2-bec2fd96694e,True,True,False,Chemical,UAE
f78d07ea-53b1-47f1-95c1-2c641d6adbb6,True,True,False,Chemical,UAE
0c21cce2-3f3f-48d2-8a20-5018f84547c7,True,True,False,General,UAE
66dc251d-ed5c-4806-8740-704d653c4eea,False,True,False,Pharma,United States
9ffaef35-0aa2-4f67-9e74-3c627f03fb10,True,False,False,General,United States
ad645841-eef6-4275-ad55-f45e7320ccc0,False,True,False,General,Netherlands
40c62782-bf2d-4bd4-9f8d-367ef23529ea,True,True,False,Perishable,India
2a475305-cfec-46dd-8895-67a6fc0fc6aa,True,False,True,Textile,Germany
c09fa3f1-d62e-475a-8d5c-b974c7f766a1,True,False,False,Textile,Germany
8644e3ea-b54c-4e56-9ab9-cd7c02116504,True,False,False,Machinery,South Korea
a86ba880-994a-47a9-916a-1cf74a1f050e,False,True,False,Textile,Singapore
57e2350b-5f00-4b65-ad4e-780cf62ada97,False,True,False,Perishable,United States
b6e89544-9741-400f-80e5-2aef28441833,False,True,False,Hazardous,India
1c36a853-f181-4a19-9277-e52fa108158b,True,True,True,Machinery,Netherlands
21cde49a-9430-4cee-9ff7-9984643cb0a0,True,True,False,General,Germany
714724d6-7119-4ca4-9a1d-3f5578673532,True,False,False,Textile,India
98860661-3d9b-4489-949b-86bd51ff7618,False,True,False,Pharma,United States
07216eae-f22e-44ed-a2d5-1e79c01f0b69,False,True,False,General,China
86937be4-e22b-4543-88ed-c7799adc0bc2,True,False,False,Machinery,Singapore
190a0330-17b7-4d14-9fe0-40c536af1b09,True,True,True,Electronics,Singapore
0da78e18-0030-434c-822e-23bc1d45ac60,False,True,False,Electronics,Netherlands
7b1beff5-4aa5-442b-b641-f7c6fab762bc,False,True,False,Textile,India
d321e135-ff53-48d1-ac25-8816b6384e75,True,True,False,Pharma,China
2b0fa1be-4e2d-4c7b-95ea-bf09f5ad7c59,False,True,False,Pharma,Japan
11baf24d-4a57-4a0f-a124-514c59cd8c53,True,True,True,Pharma,United Kingdom
905b359f-b43b-43e6-914b-50812bf35923,False,True,False,Hazardous,Singapore
0773d774-093c-41de-b473-2a158bc4cb2f,True,True,True,Chemical,Netherlands
a9e696c9-21e8-49ce-9c1c-f946fd0ced09,True,True,True,Hazardous,Japan
5e119ffb-97af-44d5-b79d-15ab3340954f,False,True,False,Chemical,India
abfc0b2d-169e-4ad7-8f99-5426cf7bd40e,True,True,False,Hazardous,Germany
54cbf2c7-c11f-4223-95a7-6304e7e888c8,False,True,False,Textile,China
9e391e53-2f6e-4d43-8a23-d10c61070c16,True,True,False,Textile,UAE
d94ac8f1-7074-4844-b9a5-935bc27de273,True,False,True,Pharma,Netherlands
ce8898fc-9cd1-4341-8756-58578e36f45d,True,True,False,Pharma,Singapore
81bcd32e-8fed-4675-9a8f-f1dbcfa37899,True,False,False,Textile,Germany
bb45adf0-681c-4088-b644-d8cb0353d27f,True,False,True,General,China
2dd5cf2e-df0c-4ca7-a9c8-9a74bb19e88e,False,True,False,Electronics,United States
89a8fe35-9b64-4fba-9624-5e13044c43a3,True,True,False,Chemical,UAE
5ccbbdcf-a6c5-4300-b322-012cebe4a54b,True,False,False,Electronics,UAE
a9be8908-4693-482c-97ce-d53eae0cfb55,True,True,True,Hazardous,South Korea
5044e6ef-c630-4299-bc0b-a12b99722f21,True,True,False,Chemical,South Korea
220009e3-fd70-440b-a594-7952f0dc2a51,True,True,False,Perishable,India
4af44b39-3da5-4ea3-b693-654852023179,True,True,False,General,Singapore
3243f1c0-db9d-4966-9c41-fccef658b546,True,True,False,Perishable,United States
975dbde2-7e6e-446d-b6bf-de0be93422ea,True,True,False,General,UAE
c78f5ce6-474d-4454-8dff-23a4f280e7b7,True,False,False,Machinery,China
70830515-e4bd-4cd7-b36d-807bfce27ebe,True,True,False,General,Netherlands
abed4f0f-2f7d-4cfe-bbd7-12569b937680,False,True,False,Chemical,South Korea
36ad1b71-df7b-4975-9763-88d01aed67de,True,True,False,Pharma,Germany
a7b55af5-500f-401d-8269-295f61793bbc,False,True,False,Electronics,Japan
f13a98e8-f9ad-4bcb-9798-4a141de5d706,True,True,False,Chemical,Japan
8281723d-2c5a-4bc0-97ba-c4de668edded,False,True,False,Pharma,United States
e46994cc-6214-492e-9ab8-bf669b246198,True,True,False,Pharma,Singapore
329ca9a0-c1af-4327-a9fc-f24ce488744d,True,True,False,Pharma,UAE
a44df110-ffee-456f-8892-676690fd4006,True,True,False,General,Germany
8d555ed7-1144-4d5b-b2a3-b4c66a50eb5c,True,False,False,Electronics,India
11c72d53-be36-4239-a4c8-476e9a636f05,True,True,False,Textile,UAE
09b2aa22-042f-409f-bc85-0ef2c498e5d3,True,True,False,Pharma,Singapore
524ee3d7-fdef-4e8a-8bb2-f4cf55baa42c,False,True,False,Machinery,United Kingdom
a2ab4c15-6d8e-45a9-82f6-8280b9e0211e,False,True,False,Machinery,United Kingdom
9481733d-46da-42f1-ad88-3337a2671d06,False,True,False,Textile,United Kingdom
ddd4310c-974b-4d3b-b737-a065341b5fef,False,True,False,Chemical,United States
37b7a0a0-1413-4bf9-bd43-16b40cd1a1a8,True,True,False,Perishable,India
c2403932-57cf-4caa-8f2c-9514d9b2d6eb,True,True,True,Pharma,United States
c8997c05-751d-41ca-a830-dac5d2afad8f,False,True,False,General,South Korea
dcb5607c-89ef-43f8-9fdd-c1cb6dca9120,True,True,False,Textile,United States
4542baad-19da-456f-9381-8380d1723b8e,True,True,False,Pharma,UAE
0e08651f-a0f1-4926-8266-4d0ac90a5936,True,True,False,Electronics,UAE
73be0a82-e92a-4e6b-a021-4ea2906b1be0,False,True,False,Pharma,Netherlands
73c08bc6-8369-4b58-b611-dafaedd8d354,False,True,False,Textile,South Korea
09e76c86-1b6d-4184-ad0b-5de48fae1231,False,True,False,Electronics,United Kingdom
f6ca5321-140b-4a42-b744-3b770bc399fc,True,True,False,Electronics,South Korea
8ed4c547-9ed4-4b4e-a471-1c49c410ff35,False,True,False,Pharma,Netherlands
d1328e89-c914-438b-a202-33c693ce2d49,False,True,False,Textile,Japan
b672e864-6340-4fb9-9761-c38400fb1f7c,True,True,False,General,India
ad13f1df-b6bf-44ac-a5de-7d5b18e33723,True,True,False,Pharma,United Kingdom
3611111e-0966-486e-896c-8b84f9c34629,True,True,False,Pharma,Japan
95f0afaf-741c-43e4-ab17-531a2438f1e8,True,True,False,Chemical,Japan
0fca8782-f0c3-4f36-9c62-79925a8eba7c,False,True,False,Chemical,Germany
e895848d-de81-493e-a5fe-29afe952bac5,True,True,False,General,United States
8c69bb97-d05b-438c-97eb-54463f060f94,True,True,False,Hazardous,United States
37da679b-4161-4e24-affa-59cb7d9b0d64,True,False,True,General,Netherlands
6d4417a0-f661-4137-8958-e373a8f7d2fd,True,True,False,Machinery,Japan
cd49d23a-7de7-42e2-8e55-2605e8c2b762,True,True,False,Perishable,China
224e0b3c-6ceb-49f3-9266-1447cae7b9bb,True,False,True,Electronics,India
a22bdecd-b753-442b-a22f-05eed5fab995,True,False,False,Machinery,Japan
0512eb45-b8c2-4a05-bbe0-7e91d1072789,True,True,False,Textile,United Kingdom
36ef78d8-49a1-4f2b-ad82-85c0f2359d79,True,True,False,Chemical,United States
aa304343-fc09-4193-a128-943613d71dbe,True,True,False,Electronics,Netherlands
e2af874d-92e5-47ae-bf9d-6ab7c95ba7c0,False,True,False,General,Japan
2084ed7f-da74-4af4-9bdf-fd062a06f192,True,True,False,Hazardous,United Kingdom
74bdde6d-972e-4e05-8e45-fa59b0c3b1d2,False,True,False,Chemical,Netherlands
349b5dad-e849-4a3a-8ab2-afe16be002e5,False,True,False,Chemical,Singapore
f0649933-6928-440e-ab6d-197b9470e244,True,True,False,Hazardous,United Kingdom
8293f144-4f7b-4f13-a427-ba3abaf0f175,False,True,False,Chemical,China
39d3c55e-d274-4566-a5f9-693eb257ba22,True,True,False,General,UAE
ac9e60fc-3856-49ba-aceb-c3036db5abc2,True,True,False,Machinery,United Kingdom
271bdbaf-f87c-4fbf-9e70-3fdd991ca71a,True,True,False,Pharma,South Korea
621f6ae0-6a0c-4f9d-b2e7-47ff297380ba,True,True,False,Perishable,UAE
3cd40d39-9260-469a-a9d5-cc926f0e92b7,True,True,False,General,Japan
75fe692c-3dbe-495d-bc3e-88bf93592e0f,False,True,False,Pharma,Japan
3fd2bc76-baa5-40d4-95f8-81dc46e7fbbd,True,True,False,General,China
3b785fc8-6186-48d7-b7d8-da38fc7f0d8a,False,True,False,General,China
12f96438-e33c-436b-9af1-63ce1f9d258e,True,False,True,Chemical,United States
2ae6d81c-1070-48e8-a3ea-61d6bcd3bafb,False,True,False,Perishable,United States
44b70bf7-d3f8-46df-8f0b-0466710590f7,True,True,False,Chemical,Netherlands
bf31b21c-be83-4db1-bde2-b9179f5aedf7,True,True,True,Hazardous,Japan
124020ac-4ac7-47da-8c69-d5ea4b88c4c1,True,True,False,General,UAE
9f8c357b-20e5-4b4c-a65f-c52ff0b745ba,True,True,False,Textile,Japan
57cc0fe5-3a56-47a9-bde5-51bc4f179b35,False,True,False,Chemical,China
42b5d6f7-57a3-4cca-acef-a9c4e5abe3a3,True,True,False,Textile,Singapore
4bdfb69e-6db0-4adf-92a5-3d396849d737,True,True,False,Electronics,United States
621f19f7-00d9-413e-bef0-32ef3853a1e9,True,True,False,Machinery,Germany
89d8d773-34e3-415b-afab-a18460d4c37c,True,True,False,Pharma,South Korea
139c619e-c52d-4430-8727-2563f235d70e,True,True,False,Machinery,Singapore
359bc6e5-fe0c-4e93-a474-528342de5de8,False,True,False,General,Singapore
3115bd6f-b417-494f-ac82-4e10a7d7bd9c,False,True,False,Perishable,China
3afe79c4-8c0c-4d88-8485-6d3337e3280d,False,True,False,Textile,United Kingdom
6ac10f3d-cd0a-4d79-87ce-a9400a310c76,True,True,False,Electronics,Germany
0846d9f3-2987-49cc-bca2-4d254639710f,True,True,True,Hazardous,South Korea
529680aa-74a3-4bef-a044-63d9421a3a6e,True,False,False,Perishable,Germany
eee799da-5587-4b7f-a8d2-4b008b3a5f79,True,True,True,Pharma,China
388cf0a8-00e7-46fa-9c89-1329222db56e,True,True,False,Pharma,UAE
390e02c0-eb3b-4810-972a-2356fabb71a5,True,True,False,Pharma,Japan
9be9c7e2-3d65-4239-9f77-d021a9bdf3c6,True,True,False,Electronics,Japan
9d1d9607-0738-4df4-87eb-11a9623e886b,True,True,True,Machinery,Germany
cabf2f9b-40bb-4093-8545-d9d264070fe8,True,False,True,Pharma,Netherlands
3819b0f9-9074-41b7-9be9-dbe0dde45b31,True,True,False,Hazardous,Netherlands
f7168730-5d67-41a5-91bb-cf1b7e2fcdac,True,True,False,Hazardous,China
c834aff6-1693-42bf-b9f6-921dbe83c93f,False,True,False,Pharma,Singapore
300baff5-e8fd-45dc-886f-e8d14dfa0d7d,True,True,False,Pharma,South Korea
80f2df17-9377-4576-8e8d-3860fa0a2b1a,False,True,False,Chemical,India
54b7d1e0-53e8-42d6-be77-a8a73e3ff16e,False,True,False,Chemical,UAE
5bae4914-b77c-4e2c-992c-9c54a92b1513,True,True,False,Pharma,Netherlands
03678f89-c2de-4930-a562-f86e8dbea22d,False,True,False,Machinery,India
17e47714-3bd6-4135-b444-03edda156769,True,False,False,General,South Korea
16a1377a-b434-40b3-91ff-47b0952c12f0,True,True,True,Textile,Germany
8c4b09ff-7d84-474a-b67e-c9e39f0a62dc,True,True,True,Machinery,Germany
2c081f77-02b6-4eec-92c3-c28fa4da77de,True,False,False,Hazardous,Netherlands
b7112786-1213-41b0-aab0-5e4b175a2915,True,False,True,Pharma,United States
7a06f258-fffd-453f-87a7-0a253dbaa09e,False,True,False,Pharma,Netherlands
d74b51a9-2eb2-4cd6-bb1e-d00eaa9c7950,False,True,False,Machinery,UAE
d271ddba-fa23-47bb-8b93-c519cdd2880d,False,True,False,Hazardous,Japan
108aee13-6869-468d-b5a7-eb11a84d5e60,True,True,True,General,Japan
f289a4b3-3de5-4a9f-8481-a006e92cb5a1,True,False,True,General,Japan
ff5e4d23-4697-4f49-bc07-31adeb2d81a2,True,True,False,Textile,China
c21ed8fd-0ded-4d32-87c2-c26ffbe817d8,False,True,False,Machinery,South Korea
b8c9ae35-e155-47e9-a4b6-ef6d014c686c,True,True,False,General,Singapore
4982c6a1-e76c-41d3-adcb-08608d5bea84,True,False,False,Machinery,Japan
5c37b9b6-aa42-4a4d-bffd-b0f16675d196,True,True,False,Electronics,United Kingdom
d0b33871-4d2b-457e-a9ad-48074b9c856a,True,True,False,General,Japan
78d2615b-3ce3-4b11-b9af-481ef3848770,True,True,False,Textile,China
9d7d4b86-ff30-4757-8b86-9ad8e6556aad,True,True,False,Chemical,United Kingdom
79a1bcb2-d9dd-44a4-9510-6a9d3749f4e7,True,False,False,Electronics,UAE
b18c2ada-d8e1-4b40-8363-1cda5090825e,True,True,False,Chemical,United Kingdom
4c64fbdc-c021-4050-b715-2871405b9c82,True,True,False,Chemical,Germany
0786628d-31c5-468b-9220-56dc10a2a241,False,True,False,Electronics,India
3f9b32fc-ee51-4474-bca3-f8d6fa9e867d,True,True,True,Textile,Netherlands
4925d5fb-5798-4d81-89cc-730cddc53657,True,True,True,Chemical,South Korea
27dd47a5-b5d7-487f-91b6-1ebc1b68eba4,True,False,False,Electronics,Netherlands
16d2cb0c-fddc-4f28-bd96-873a190c0649,True,True,False,Machinery,Netherlands
c1af888b-b068-4750-a695-70b76162fed4,True,True,False,Textile,United Kingdom
e5eb45e7-1e2e-4654-b992-531c85bb14bc,True,True,True,Textile,United Kingdom
a07c04d2-7fd5-4588-bebe-97c038fceeac,True,False,False,Machinery,Germany
7038683c-0147-47e7-984f-d3f0967fdcc0,False,True,False,Electronics,United Kingdom
4f8e3283-e4fa-4af2-a48b-dfdc0ba59a69,True,True,False,Textile,United Kingdom
a62e6257-1afa-45fb-8401-e1774e31cd73,True,True,True,Hazardous,United Kingdom
5517e2be-b2cd-440d-bee1-fe29f24a68bb,True,False,False,Electronics,China
496d0904-2693-47df-9d51-4d80d4e013a4,True,True,False,Pharma,China
415eb80b-c076-4dea-a36a-82d1efb16c0d,True,False,True,Electronics,United Kingdom
032fb71c-2fa1-4201-8c19-76673730c59a,True,True,False,General,Netherlands
550a519d-5f85-4ffb-a36e-5948e7e67f6f,False,True,False,Chemical,Japan
0b53877d-0330-41ab-9451-4b9c54a0e661,True,False,False,Textile,United States
9385fa87-5cdd-49f1-92d2-383f2024e0ea,False,True,False,General,South Korea
b3644ffa-59d7-4a98-ad7e-f60b4f3fbb87,True,True,False,Perishable,China
32847680-d557-46e0-af28-4a878e3e082b,True,True,False,Electronics,Netherlands
20f3fe6f-7e0c-47bf-9e16-bb91335c9c35,True,True,False,Machinery,Netherlands
f9d222a0-d8d7-4836-a4d4-1c93e54873eb,True,False,True,Perishable,UAE
faab591a-60f8-447e-9509-7f9380089cca,True,False,False,Hazardous,Singapore
7141c7ab-c7be-4029-9571-2e6f02eed95e,True,True,False,Machinery,Japan
666f7416-4fcd-4496-ba38-072b111df37e,False,True,False,Pharma,Germany
d79f84ee-1ed1-4990-af60-4aad6078611c,False,True,False,Chemical,United States
6a0b4551-39cb-4ca6-b3c1-60aa1182fd16,True,True,False,Hazardous,Singapore
c73b33c6-0d3a-4741-94b8-ba54a84a01b0,False,True,False,Pharma,India
e8f4a698-3190-4d03-8f42-dcb33ef576d5,True,True,False,Chemical,UAE
73742d4b-e44b-4c5f-b50e-eb1c262fece5,False,True,False,General,United Kingdom
71ce679e-130c-43b6-8e86-3f28bd595281,True,True,False,Perishable,China
13d8f3dd-6750-47d7-ba81-69e6820b8324,True,False,False,Machinery,United Kingdom
5894766b-082b-44b1-85f1-a3219aa2714b,True,True,False,Textile,Japan
352fd661-9823-4aeb-b944-8d14aa37ba00,False,True,False,General,South Korea
be0974db-54e4-4a83-99ac-383ad8aa82ef,False,True,False,Pharma,UAE
ad3ad244-fd06-46bc-95fb-6e1009ba2a49,True,True,False,Pharma,Singapore
5e7ba196-cc9d-40d4-8db7-997ccf34d852,False,True,False,Machinery,Netherlands
afb1f031-1c8c-47ec-baf4-0e9d53687d6c,True,True,False,Perishable,South Korea
1e7541f5-e477-4cc7-9dd0-146c2b44517c,False,True,False,General,Netherlands
6c3ab5b1-8858-47b3-a69f-57130903275d,True,True,False,Perishable,Japan
1c8eb3d6-bfe2-4cd0-850b-baf9e9e40956,True,True,False,Pharma,Netherlands
ce98327f-6d0f-4886-9932-bb6afee2ea35,True,True,False,Hazardous,China
58602e2a-b107-48c2-bd28-b4c42ec0bf69,True,True,False,Perishable,Japan
5a64a216-886f-41cc-aaf3-5dc023b199ad,False,True,False,Electronics,Netherlands
4ff7ca78-e87a-4a35-92e4-099ea9db85e4,False,True,False,General,Japan
f6fe941b-5ebb-47a4-bfc0-485876c21b1f,True,True,True,Textile,Netherlands
07f994b4-931f-4940-921b-2c874b3f917b,False,True,False,Electronics,United States
0bb8c2f8-4b9e-4fda-9610-d8b52a0059d4,True,True,False,Textile,Germany
aadde286-1011-45bc-8764-d12dad2fce97,True,True,False,Chemical,South Korea
e0be2631-7b73-431d-99dd-5cb9e725e440,True,True,False,Electronics,UAE
40a26fe7-ecd9-42af-8eb0-1704b8e4de56,True,True,False,Hazardous,Singapore
430d509c-101a-4d5e-b195-444b3d663a63,True,True,False,Electronics,Netherlands
9d1d93e1-b7a4-4457-9b17-603d0034c54f,True,True,False,Machinery,United States
f14610ff-98bf-47f7-8e66-0eb42f34b10f,True,True,False,Hazardous,Japan
8dffb7b7-c2c1-49c7-bc0a-1cc7c611d557,False,True,False,Perishable,South Korea
f6062e73-9987-4e10-b68c-6d84409b41e0,True,True,False,Textile,Netherlands
734f7b7a-ee59-452f-b4f7-a6f1e71abeed,True,True,True,Chemical,United States
cd57354d-daf9-4bc9-9dbd-3209ea93d25b,True,True,False,Electronics,South Korea
bd5efb26-9b8d-4088-b9ea-84b792d245a5,True,True,False,Machinery,UAE
31607feb-1924-4dda-8239-05dfd6cd71ce,False,True,False,Hazardous,United Kingdom
5f74fd86-a4ae-49ae-9cb2-aa9c46c2553e,False,True,False,Machinery,Japan
0d581620-775b-4a3c-a9aa-180b721bad9e,False,True,False,Perishable,Singapore
f2a0380a-164f-4fb3-a71b-2a89143fd22c,True,True,False,Pharma,Germany
ace2e985-e116-4881-933e-9ceaec0c9d1c,True,True,False,Hazardous,United Kingdom
393967fe-a01a-432d-ab71-d905fcd8229c,True,True,False,Textile,Japan
61c05beb-037b-47f4-9ae9-b0c508cda6e7,True,True,False,General,UAE
c0f1da65-88bd-4040-941d-6ea7803162b5,True,True,False,General,Singapore
708b76f6-b2f9-4561-bfd0-396f1480f989,True,True,False,General,China
a1deef8c-2902-4da2-8398-8c8cbba1cd82,True,True,False,Hazardous,Japan
d4c2cd41-8a9a-4138-9f96-3e3c72a04971,False,True,False,Perishable,United States
62c10846-1e8c-48a7-bec5-c4fd9c43dec3,True,True,False,Hazardous,United Kingdom
7b8a78a6-5e19-4380-b95c-3b3a9ef45d56,True,False,True,General,United States
38a3e064-80bd-4931-944e-4b5a85827d6a,True,True,False,Pharma,Germany
c95c238e-a279-4747-ba3e-2103f8c79730,True,True,False,Perishable,India
283c0fb4-c4a4-4c50-b770-51e702a4f6db,True,True,False,Machinery,Japan
ce103c97-e954-43b8-bf6d-27e6948ddfc0,True,True,False,Chemical,China
4283bf6a-df50-491d-a78c-fb0c3f3cac89,True,True,False,Textile,UAE
7643648c-5557-4c45-be59-e872769b052f,True,True,False,Chemical,China
b84bfb7a-52ef-47e8-a833-712fb3cf4f1e,True,False,True,Hazardous,United States
55be0e89-9973-491b-919f-65c9e8bca31f,True,True,False,Perishable,India
f4a1f689-95d7-4c51-8cd1-be52be00930a,True,True,False,Textile,Germany
6845c5d2-f90c-4f8b-b2bd-b77f5b216fdb,True,False,False,Hazardous,India
f3085505-7e16-4e2c-8c98-11cf78fd087b,True,False,False,General,South Korea
f762d9af-a028-4d56-a2d9-28645994157e,True,False,True,Hazardous,Netherlands
28b75535-11ac-4b90-a386-ecf776689a56,True,True,False,Hazardous,United States
8f2c3ef8-cdce-423a-b306-c2924d677160,True,True,False,Hazardous,Germany
ee5b9699-9b64-436d-8e97-071bb4ad93a6,True,False,True,Machinery,South Korea
d74b21a0-2574-4f9c-91dd-7ff091c2976a,False,True,False,Chemical,India
b3396100-4f0e-4822-b99f-3b29854c3b42,False,True,False,Perishable,Japan
deab1a28-8533-4311-94df-b3d0c6bc9e7e,True,True,False,Textile,India
11974d85-9b35-4b42-bd2c-16cb109ba55e,True,True,False,Hazardous,India
2952f8f6-25e4-49ae-a942-11aa0c21eb0c,True,True,True,Pharma,UAE
af14a76a-73e0-44cd-84ae-a36a113fa1bb,True,True,False,Perishable,Germany
499ae8f9-664c-44a0-8455-fa78e2e0c5f3,False,True,False,Textile,Netherlands
9e229192-40a7-45e0-84d7-f90a9b986acd,False,True,False,Perishable,Singapore
32af3fc6-bd6f-4742-95c4-28f98609eaa0,False,True,False,Perishable,South Korea
9a7b47ae-2af5-4954-b4b4-fbaee08421b8,False,True,False,Hazardous,Germany
e2d4a2ff-3e88-490c-8293-e1aebaff1c58,True,False,True,Chemical,South Korea
e5599f26-c63e-4326-a8da-861c8e7b6f56,True,True,False,Textile,India
fb9a14b0-1ff8-4d0c-b2a4-9e50eb07a343,False,True,False,Chemical,United States
47c029c4-03cb-4f53-afd6-a841ae245131,True,True,False,Electronics,UAE
8442b201-59d9-4daa-a36f-21c28d5a11a3,False,True,False,Pharma,Singapore
e04a004b-4a80-4c9f-818a-49d42724adb1,True,True,False,Chemical,China
8d3e85d1-c696-43fa-9c45-0d8b11eaeb73,True,True,False,Machinery,Singapore
7b9975b1-8ac3-4602-90fa-550ca88399ab,True,True,False,Electronics,Netherlands
bb367c68-c4f2-43cc-977e-853d4b4d656c,True,False,False,Pharma,Japan
07659c27-0484-4dcf-907d-9dc7032a2f41,True,True,False,Chemical,United States
c90bb31b-6e17-4548-9439-adeb085abdd4,True,True,False,Textile,Japan
e9b0f159-8414-4be4-adb0-944fe1eb3aa1,True,False,False,Electronics,South Korea
85f88e81-19f4-45c5-9cbd-8804ac17e7fd,True,True,False,General,United States
c9e86001-714c-4f7a-b89e-badee60fd983,True,True,False,Electronics,UAE
921b30f1-ef6e-4a35-8a20-cb7f959e3745,True,True,False,Pharma,Netherlands
1292cda0-8da3-43e0-8b18-164242f202cf,True,True,False,Perishable,Singapore
57baeed7-7fd5-482d-bd08-f8cff8914fad,True,True,False,Textile,Singapore
c08012d7-b5a1-4167-93ba-879584544fe3,True,True,False,Chemical,United States
ae41fbd7-1728-4580-bb3d-128661ecb7a8,True,True,False,Machinery,China
22bca1b9-4344-4a63-a3c6-3c545fc116ca,True,True,False,Chemical,UAE
dc4a145b-25b0-40e1-8fe4-b132fcc387a2,True,True,False,Textile,UAE
2fa10897-8ab4-42c3-9c4f-e4badff24f92,True,True,False,Electronics,Singapore
a0a675a4-d52b-43cb-a806-649e06056f08,False,True,False,Machinery,United Kingdom
ae845a70-911e-4553-b7da-721250ca8948,True,True,False,Chemical,United Kingdom
7439d3ad-dbab-4f6c-906d-5be5049e4b0b,True,True,True,Hazardous,Netherlands
c54ed0db-fc3b-4fa8-a177-48401e65de99,True,True,False,Pharma,UAE
0af3f7e9-794a-4295-9b0a-d14316e2a23d,False,True,False,Hazardous,Japan
59e5f9d9-bfb9-4d3d-b93e-9126dd77abe3,True,True,False,Hazardous,South Korea
3b1eba65-024c-4d36-9152-c8335d1ead75,False,True,False,Pharma,Singapore
c415df21-467c-4905-a762-d2e506662bff,False,True,False,Perishable,Netherlands
b2686c8e-fa8c-4c82-ab8e-99ca9b682b8e,True,True,False,Perishable,Japan
f31ef704-56d3-4fdc-96ba-24aa5544853f,True,False,False,Hazardous,United States
1c47b82c-2259-4b69-9a5b-4f068d77b144,False,True,False,Chemical,China
a7415a01-d50e-495c-8c9b-cbb9c08c0443,True,True,False,Chemical,India
30c49816-fda3-4cbc-b1d5-db00212dd2bc,True,True,False,Machinery,Germany
058d3985-fc04-4e0a-a047-1dcd4d6488eb,True,True,False,Textile,Singapore
4af49baa-5c0d-4eb8-af15-68de4807c7ed,True,True,False,Machinery,China
f03d0a3d-fb8d-42b2-a14d-adbcfef3e01a,True,True,True,Textile,UAE
882b712f-7722-4f73-bbeb-7d043bf69648,True,False,True,Textile,China
decc3891-08f1-4839-b433-7b7f5aa6ec30,True,False,True,Perishable,Japan
5ad41230-5b4d-4d4c-acae-0294d1c989a9,False,True,False,Textile,United States
535396c2-38df-448e-a4f1-149e5913400e,True,False,False,Hazardous,United Kingdom
5227a454-cc10-46db-89e4-e89e15ea1d24,True,False,True,Chemical,India
182458b5-f82d-48bc-bfc7-896f45d33019,True,True,False,Electronics,Japan
69c0450e-876d-4243-bd69-d6d24f31ba03,True,True,False,Machinery,UAE
a8c15cd3-dbd8-47e7-a955-2fce98c62eea,True,False,True,Pharma,Netherlands
36ed185f-4025-4c51-8bc3-5c95f27697cd,True,True,False,Textile,UAE
641555fc-a79a-4a75-a8d1-05ce501ed839,True,True,False,Chemical,India
6a4c28c1-e317-4a6b-939b-ec8174b9e63a,True,True,False,Electronics,India
24cb454a-66f7-48cd-b94a-9677b6ef2227,True,False,True,Electronics,India
befcc5b2-f24d-4146-a7a9-d8c5e9f7a19f,True,True,False,Textile,Netherlands
999d16f5-c93a-4d62-8291-a66ed525e667,True,True,False,Textile,Netherlands
6a4e8548-ce0c-4dab-b931-0052e731f211,True,True,True,Textile,Japan
59ee2230-4a2c-42d5-a1fd-aa320c8d3549,True,True,False,Textile,India
70e0d337-cf2b-4fb2-aef9-548c3416879e,False,True,False,Electronics,United Kingdom
5fc13ed7-b23c-414e-a61f-c9579d2f6b0a,True,True,True,Machinery,Netherlands
666466cd-9342-4ed2-81d4-c1f669e3d71a,False,True,False,Perishable,China
4cb3a191-0a62-4057-8290-bbd8252934fe,True,True,False,General,China
9400c48a-f675-4ff0-bdc5-0f3c982f78e6,True,True,False,General,UAE
446a1bba-f749-4fcb-999a-aecac6545f46,True,True,False,Textile,UAE
79cc2899-5847-4862-ac0d-351fdf1e2816,True,True,False,Perishable,India
503f7784-356e-4177-abcd-10e9d8007f10,True,True,False,Electronics,Japan
241851a6-3a2d-4428-9519-45c018b2a70b,False,True,False,Chemical,Netherlands
8aca3683-631b-4262-8f93-2bec864c96cc,False,True,False,Pharma,United Kingdom
82045cd3-7d67-4df0-b977-0fca9a7a8391,False,True,False,Hazardous,United Kingdom
3b5c1b73-16be-49f3-9156-82fe062df223,True,True,False,Pharma,Netherlands
0aadb1f3-d481-46c2-983d-1e478ff915a4,False,True,False,Perishable,China
bdf029e7-0178-4a8d-a237-6939367256ad,True,False,True,Machinery,Japan
05a88d34-9d76-41a2-9c22-21506ae825f5,True,True,False,Perishable,Germany
704766bf-eeaa-4227-8511-68c76cdd04dc,False,True,False,Chemical,Netherlands
d073911d-5d86-4da2-9e6d-77f07352703c,True,True,False,Chemical,Germany
36511518-3444-4813-bb2a-6c0817fa877b,True,True,False,General,China
06468227-02c1-435f-ae17-49327a7bc34a,True,True,False,General,Germany
6e3561e8-e547-4d91-896f-6606789acb4f,True,False,False,Machinery,India
47db729e-8c33-48dc-845b-9c41c5a93705,True,True,False,Machinery,United States
b3be4504-129c-48e4-b06b-de1254560f6d,True,False,False,Chemical,India
eea61ee8-7564-45f5-a67d-429319ae8a4e,False,True,False,Chemical,Japan
db6e828e-0e68-4c87-9334-ff98677b658a,True,True,False,Perishable,South Korea
803e4e93-7fb0-4621-9b34-9b4b1814966a,True,True,False,Hazardous,Netherlands
af9e9e3a-8742-4e90-b290-c0d69d909078,True,True,False,Electronics,India
61064827-7749-4417-a103-ebfebb1e58d3,False,True,False,Textile,United States
8ee91709-cbfb-4bad-aa6a-e7613038f5bb,True,True,False,Perishable,South Korea
36ee289d-0618-4e5a-9fa5-caa15a5c414a,True,True,True,Pharma,United States
7871f7c5-91a7-4c27-8a3f-16110b7ce0a6,True,True,False,Chemical,United States
77aff25e-fe06-4ac0-86b8-8f605262db74,True,False,False,Electronics,Japan
aa43a38b-8dd3-4c54-85ff-a5a2c1058125,True,True,False,Perishable,UAE
e0ec272d-9880-4bcb-892f-dd422b9b8463,True,False,True,Perishable,Netherlands
ad8f677e-f6b6-48f6-a50f-ceed0fd6465f,True,True,False,Pharma,UAE
51463de3-d8b5-4db6-b030-f6ffa89ffc3b,True,True,True,Pharma,Singapore
58f8b46f-e747-441e-9161-c1f835026dd5,True,True,False,Pharma,Singapore
3a648ad5-10d4-4373-83fe-f9e97ca4b47d,False,True,False,Textile,South Korea
6a00bb16-03b0-4f61-87bb-ba0ad2b127f7,False,True,False,General,China
93a7bef5-405f-42ee-8a91-7f924955e88a,True,True,False,General,Singapore
af2071b5-7edc-4a99-875f-9b805af4d0d5,False,True,False,Perishable,Germany
84aec7df-1c88-47ae-817b-773c932f5129,True,False,True,Textile,Germany
e43415f4-64d8-45ab-ac05-54b778f9507d,False,True,False,Pharma,Germany
6ea7dc3f-6737-49d4-b4e2-867e9477909b,True,True,True,Machinery,Singapore
5307e6c2-dda1-47dd-84bb-edd5d8c72953,True,True,True,General,China
b0ea10c8-8c10-4e3c-a8a0-77e0620ba058,True,True,False,Textile,Singapore
aa18dd30-deeb-4a58-a622-1da2fa4cfc50,False,True,False,Chemical,UAE
54e4db18-270f-499c-aef8-aeb08d8cdf16,True,True,True,Perishable,Germany
61866ef0-26de-422e-8366-83f006bd958b,False,True,False,Hazardous,Germany
34596256-d698-49d4-895d-40257c290fc4,True,False,False,Pharma,China
18cfd074-680b-43bd-af7c-8e3679ae2936,True,True,False,Hazardous,Japan
40f6fc3f-d39a-40c8-8dd1-493f78e6790d,False,True,False,Chemical,India
628daad7-b4ff-4383-b23b-d80f67c37df1,False,True,False,Perishable,United States
80bea2fe-b4de-4e36-8899-a35e6da38b8e,False,True,False,Electronics,India
c1beeae7-dd77-47b8-a1a2-8ca7a74e64bd,False,True,False,Perishable,Singapore
489f8ea9-47d7-4fd7-ae21-e603d7e32528,True,True,False,General,United Kingdom
57e691ed-837d-480f-9847-02b6b85d9fda,True,True,False,General,Japan
b15a16ca-eefe-432f-b7b8-c5264641bb57,True,False,True,Perishable,Netherlands
2c88dab2-f8ab-4156-8702-821d26104cd2,True,True,False,Perishable,UAE
4340ac16-c6e6-4a21-aa95-29bdf0694351,True,True,False,Perishable,Singapore
122f2327-814c-4c0b-9cae-0a6cd21932a5,True,True,False,Pharma,China
f47e86bc-01a2-49fe-ac3c-c4b6dcbf9369,True,True,False,Machinery,Singapore
c3500e57-08c2-409c-be25-b1b854640952,True,True,False,General,UAE
4cc31f10-5b4e-4813-891a-6d4319465f2f,True,True,False,Textile,United Kingdom
84c83ca6-d270-4e0b-9e14-8fcd6ee36e91,False,True,False,Perishable,South Korea
7ef682e4-2a35-4847-b27b-28764e0f7cec,True,False,True,Textile,China
97e0e00d-f9a0-476f-bc28-1ca92459e137,True,True,False,General,South Korea
75a5e223-b335-46bd-aa5b-c6a04c481e0d,True,True,False,Hazardous,Netherlands
31d895c8-855e-4cdb-bf39-7b74db493a5a,True,True,False,Textile,UAE
4b550cfe-965c-4355-b56a-13207717dd42,True,True,False,Machinery,Germany
75589fd9-f5cd-46df-a3b8-51872b59e91a,True,True,False,General,Netherlands
8a39fbda-b627-4c54-ab5e-7d93c8997865,True,True,False,Chemical,South Korea
b6be0335-9b93-457b-ab18-3499ff3fd47a,False,True,False,Hazardous,China
a76adc14-f2d9-4f88-8c61-a72017540144,True,True,True,Chemical,United States
5be86884-2622-4671-9c5c-eeab371ddceb,True,True,False,Perishable,Germany
7a3aea9d-b384-468a-9d7a-d6f115a35412,True,False,False,Machinery,Germany
cc8a3a62-4e77-41d2-a591-7589c6096e9d,False,True,False,Perishable,India
17190fab-db7a-44ec-b11f-5f5b282755a6,True,True,False,Chemical,India
646b8a12-9fc3-413c-a6fd-1fde5ccc8b05,True,True,True,Machinery,UAE
964fd012-52e5-448d-8ca4-adf8d485ed1c,False,True,False,Perishable,Singapore
3c3e3f27-0e49-4932-ae93-1bbc67999497,True,True,False,Pharma,Singapore
5fe52c5f-4718-438e-9e11-28105815ebb5,False,True,False,Perishable,United Kingdom
57d0f8b0-f228-443a-adfe-15f5d94e28eb,True,True,True,Textile,United States
984a36cc-5fec-43f5-ae5a-d7463d9062fd,True,True,True,Textile,United States
9eeb036a-bb7e-4c5c-a438-e3aae96e7ebb,True,True,False,Pharma,Singapore
5a9d72cc-23e6-4d75-8dbf-a10f06bb4955,True,True,False,Pharma,UAE
c2a9b924-9264-4972-a8d0-990527d86124,True,True,False,Electronics,India
639620cf-a06a-46e4-a395-d23c696604fd,True,True,False,Hazardous,Japan
2655e051-f7f3-4229-bad2-5f77715edb26,True,True,True,Chemical,China
cbf707ab-7724-4a34-817a-054907e5c192,False,True,False,Electronics,China
2f688147-3d1d-4fa1-a6f1-37db00f5484a,True,True,False,Chemical,United Kingdom
10089bea-edb4-4e5e-bae2-f6151cb14d2c,True,True,False,General,Netherlands
1760eafa-3a47-4348-9a23-078f6cb2271b,True,True,False,General,Netherlands
51a2221e-e40d-4da1-9956-bece62f9cff1,True,True,True,Perishable,Japan
ae7a6903-bf09-48be-9a5a-0d3cd3ace608,True,True,False,Chemical,United States
ded593fe-040d-405d-9f44-96cb183211c6,True,True,False,Textile,Japan
5c14d01c-5aaf-45bb-ac84-71751c5391c7,True,True,False,General,United States
65d8f6c4-7001-485d-a88f-32cedb9fa30f,True,False,True,Electronics,UAE
3e4c26ac-2975-47de-9e72-e3ec591d2716,True,True,False,Pharma,UAE
5c6a05e5-dd15-47c6-9a63-21d8eded4e67,True,True,True,General,United Kingdom
a0edba40-f0fe-4642-9119-2223b42dc6eb,False,True,False,Chemical,Singapore
9f083973-e951-4bfb-ae9b-a438fe402f05,True,True,False,Perishable,India
b195600b-e9fe-4c7f-aafb-8472834c8cf7,True,True,True,Machinery,South Korea
74055a7e-e924-439f-91a0-272a6b5e64d8,True,True,False,Hazardous,India
d3de2e22-3980-4766-8497-e37b95208d86,True,True,False,Perishable,South Korea
b45033be-644d-423a-b1e7-fe432230f0b9,True,True,False,General,South Korea
738659d2-f24a-4bdf-b873-1057c53d4e55,True,True,False,Electronics,China
0c7c9b71-ab0f-4b25-90ad-b21f13500078,True,True,False,Textile,UAE
857824bd-a3e8-4387-8555-61dc5867a63d,True,True,False,Textile,Netherlands
564b191d-1abc-4b2a-8c6a-06df916300c9,True,False,True,Hazardous,India
fb7b7021-0119-4705-bf3d-9f76ffb6578a,True,True,True,Perishable,United Kingdom
30219c2f-bb7f-4567-a24a-1c2ca8f82922,False,True,False,Textile,United States
866eddad-91fe-49aa-becb-f520d8449dc4,True,True,False,Perishable,United Kingdom
ac81ae09-2e9a-4963-b8c8-023bc72fdcaa,False,True,False,Electronics,United Kingdom
aefc84c2-d645-4df6-8623-46edd04cec9d,True,True,True,Perishable,China
0a52a52a-960e-4d58-a994-87951df02f18,True,False,True,Perishable,Japan
f3831366-b1a3-483f-a542-5ee380517adb,False,True,False,Textile,UAE
fc68a68b-f40f-4352-ae99-4fd301df1bcd,True,True,True,Hazardous,Japan
05f2131d-a823-4478-a9cc-c2ec2d081800,True,True,False,General,United Kingdom
d7f3597f-6117-4b01-bd23-13996d2ffbd3,False,True,False,Textile,China
4d4908dd-0297-4d55-b279-6d31a6486a8c,False,True,False,Electronics,Germany
0e632586-211e-41fd-8c2e-b75d3c73d0ca,False,True,False,Textile,United Kingdom
2b574a5f-54a3-4398-9080-e3613439cc79,True,True,True,Textile,Germany
d21765c0-a371-4dc0-bf3b-320a11b8af2e,True,True,False,Hazardous,Germany
67ac0017-508f-4f13-a6c4-02a9647e6d5d,True,True,False,Electronics,UAE
e7ae4394-3b7a-4c5a-8752-d0b2f418d2e9,False,True,False,Perishable,United States
1bb4c657-0557-46fa-88ca-54ec1b24c1a8,False,True,False,Chemical,Singapore
1f5060bc-714d-46a3-b912-44a56cb22f94,True,True,False,General,United Kingdom
25dcc372-afe4-4a89-90be-792d35757f38,False,True,False,Textile,United Kingdom
cba1308c-d049-45e1-a902-053c1ece9fcf,True,True,False,General,China
56ba8e33-7f9d-4350-b9e2-39eec7b23436,True,False,False,Perishable,Germany
1ac437f5-93fb-432d-8fb8-201f2c84eafe,True,True,False,Machinery,UAE
83de47b0-072f-47d6-91e0-888ee80b3e6d,False,True,False,Hazardous,India
d0cccf7e-8007-44b4-ac08-f3d6f81a7a7a,True,True,False,Hazardous,China
28b8a92a-5440-4150-ae3a-ab01fe5c22b3,True,True,True,General,Japan
eb96495b-849c-4087-ba52-b6432a11216c,True,True,False,General,UAE
a5d19413-835b-47ed-9a86-2f0ca19665e4,True,True,False,Chemical,Singapore
5da53d03-a2e1-4a8e-ac0c-8e825250172f,False,True,False,Hazardous,Japan
1ca9f431-18ec-4bea-ab24-612b00bd78db,True,True,False,Electronics,United States
291dd8ba-63c8-4b80-ba75-24e31f65a451,True,True,False,Chemical,Germany
a638ff5c-9f9a-44c9-bd1f-fc8d125afed5,True,False,True,Electronics,Singapore
91a65a68-35dc-4e35-a36e-8034b57b8334,True,True,False,Hazardous,Singapore
b1930121-f345-4762-b324-ad20a3e7c7ed,True,False,False,Hazardous,China
32f1377f-a4f4-4975-a669-4e0821a86a85,True,True,False,Electronics,Singapore
4f124752-b770-4a0c-9b36-dc6d8e86a8a2,False,True,False,Electronics,India
c04a0f43-b3c8-49fc-976f-d2245819f19f,True,True,True,Electronics,South Korea
1d81d9b1-390e-4e9c-886a-697343c051b3,True,True,False,Perishable,Singapore
88ae6963-bee9-4e77-8ac0-8417001a9010,True,False,True,Electronics,South Korea
ff0cfd3d-4eaa-4d5d-8489-46c31712deff,False,True,False,General,China
7f7d5ae1-0653-46ff-ae98-841f3e9209e6,True,False,False,Electronics,Germany
bc90f611-b570-4033-a5da-f7232fcdb513,True,True,False,Textile,United Kingdom
462a3c85-f6a3-40f7-bcd9-c4c9e58aa69a,True,True,False,Machinery,India
be3de188-88be-4cd1-a720-31d706ab7ba2,True,True,False,Electronics,United Kingdom
ec75707c-a10e-404e-a349-fd8d8b66c291,False,True,False,Perishable,United Kingdom
dbd4f4dd-9f61-40d8-ad7b-15a424e4e0db,True,True,False,Machinery,China
d4ef6620-04e1-47f8-85ce-cab17596139f,True,True,False,Chemical,South Korea
f5b0007f-5d5f-45c0-926b-d09900239bbe,True,False,False,Textile,China
4567d551-c235-494f-b49f-73fa75842edf,True,True,True,Chemical,Japan
7c0155dc-42f2-40b8-8ecb-02b20ecbbbfa,True,True,False,Machinery,United Kingdom
85c9fd5b-6f37-49bf-ab4d-3289585aaef3,True,True,False,Textile,South Korea
f5781069-167d-4eb4-a4d6-93c5d5b48321,True,True,False,Hazardous,UAE
2973fa27-15f4-4e4c-8533-d70a6ac9fbcc,True,True,True,Perishable,United States
6e6049cb-7536-4b4b-a83d-320bc2293724,True,True,False,Textile,India
6b14c0ee-8004-43d8-b44b-fe8037ddb83e,True,True,False,Electronics,Germany
44874533-bc4a-453e-a8a1-e5f0cee52219,True,True,False,General,South Korea
1d8c1111-f800-43e6-bdbb-f6997df6e8c6,False,True,False,Machinery,United Kingdom
3f624844-0b43-4a38-bdb6-77c5e387512b,True,True,False,Pharma,South Korea
ca2dac58-72a3-4c29-aaf6-397f0ceff957,True,False,False,Electronics,UAE
462e3a56-e059-4c68-afee-4031ae416656,False,True,False,Hazardous,Germany
4ea73fcf-9358-462f-ab65-524c045baf42,False,True,False,Electronics,Germany
45b4cd34-5e71-4ea4-9f7b-11fc1f8d88d8,True,True,False,Perishable,Japan
e7a658fb-93b0-4019-a4f7-d60b39610298,True,True,False,Machinery,India
64c08aa8-acbb-47fe-96da-9266d4dc8525,True,True,False,Electronics,South Korea
21dff3c0-5602-4239-82a9-3699f5b35a17,True,False,True,Hazardous,UAE
0b35324a-c9fe-4c7f-b572-9837a18d34fd,True,False,False,Hazardous,Germany
a24b0369-3c93-4ba7-aa99-8df46d9df95a,False,True,False,Electronics,Netherlands
58e3e92e-39f8-4b1a-b464-ccd5816eb8b4,True,True,False,General,China
b846fb20-0054-444f-8654-51264dd21bce,True,True,False,Hazardous,India
11d76035-6489-48f4-a661-dbd2da79311f,True,True,False,Perishable,Germany
d75cdb0f-f9c9-4b1d-a33f-ac5178af6905,True,True,False,Pharma,UAE
1c60da75-1a28-489a-8ade-3eb878986f41,True,True,False,Textile,Germany
2781d2d7-1078-4682-9444-3ffb50be4bc5,True,True,True,Perishable,Japan
b9153829-a139-4f8e-b8e6-76e80f5c1557,True,True,False,Perishable,Netherlands
a353df0b-6b13-47cf-8b6c-19b4438d51f3,True,True,False,Hazardous,Japan
98e01014-0d10-47ca-a856-0c3562cee6f7,False,True,False,Chemical,India
fa6644c4-98de-48bf-a5a9-5dc3361e7f52,False,True,False,Pharma,South Korea
ef7154c3-6b43-4488-b50d-fbc8c28f295a,True,True,False,Hazardous,South Korea
4df81760-412f-4085-8ea5-2e7cf1dc2c56,True,True,False,Hazardous,South Korea
f286fea6-65fa-4696-874f-8231b00ea66c,True,True,True,Chemical,India
ce00bc5c-8ca2-4012-baa6-d4c56b0791b8,False,True,False,Pharma,Netherlands
b7b1a15c-83ea-4601-af63-b02ad288a7e8,True,True,False,Machinery,Germany
87810c31-5de3-44f6-b7a7-9be49807ec4a,False,True,False,Pharma,Germany
3c10d8a0-8061-4e5d-a773-e9fb061fce62,False,True,False,Electronics,Singapore
9a86493d-0248-451e-be8d-52f4baafa8b9,False,True,False,Hazardous,United States
b8fcb0b5-dee7-4944-87e1-95240b25b42d,False,True,False,Perishable,UAE
2665af35-7319-4f82-a6df-09bd821d7f6b,True,True,False,Textile,Germany
d41b60a4-30fd-4803-90b7-552b3ee2f0e8,True,True,False,Hazardous,China
78b940cc-6070-4db7-ace1-66c2f478a326,True,True,False,Electronics,United States
9294e7fb-fad9-4dd1-94f7-7b92537ca098,True,True,False,Perishable,United Kingdom
befd47f5-1d75-4143-bc07-2a9623550935,True,True,True,Chemical,United Kingdom
52a60ca8-83c1-4155-a3e0-51cac592382a,True,True,False,Hazardous,China
c61de7b3-18b0-47fa-bf8c-9b628b6671cc,True,True,False,Hazardous,Japan
6c7e90b3-c59a-455a-9630-b3d8093a66b8,True,False,False,Chemical,Netherlands
dba937d9-32ac-4393-aae9-887d5865714f,True,True,False,Chemical,South Korea
b52915a3-051e-49da-88d9-6a37b7888a1d,False,True,False,Perishable,United States
f152f5e5-fa4a-478e-9eeb-a29adacfc663,True,True,False,Electronics,Germany
0143af68-a057-4ee9-963f-a03583fb8107,False,True,False,Electronics,India
ec2b71ca-f769-4479-a59d-5bdc3567810e,True,False,False,General,China
e32b22e9-caba-4e98-a92e-289eb0d07f71,False,True,False,Textile,India
2f2aeb92-291e-4a39-83d8-a2a55f881fcb,False,True,False,Pharma,Netherlands
dc274bb1-dffa-4cce-b47d-1f482a5d62b9,True,True,False,Hazardous,United Kingdom
476720c9-54d7-4d7f-86c6-eb9cfbeba275,True,True,True,Perishable,United States
d96e4a35-f783-4a49-a53e-b3225dc004c2,True,True,True,Machinery,India
9b221cf2-404d-419c-a986-d05730f44a89,True,True,True,Electronics,Netherlands
ec66fac7-3ab5-4091-bcdd-00e307d4edf5,True,True,False,Perishable,India
0db7510a-ab34-40c7-9c7f-668dbe7e0cf4,True,True,False,General,India
4b0c68df-1b4f-466d-9135-8f5e43a53fbb,True,True,False,General,Singapore
a18bc127-7181-4c50-8706-89ace5a7b55c,True,True,False,Hazardous,Singapore
4e285aff-14b8-4f24-b33c-9221a6ff7b8c,True,True,False,Electronics,Japan
2ee5822c-7b7d-4bd4-8340-b4790f6fc69c,True,True,False,Hazardous,China
f101721d-6364-4642-a5cb-b6a5eafe5995,False,True,False,Textile,China
f052aa9b-eef8-4069-be83-ffc206d7799b,True,True,False,Machinery,Netherlands
92bf7533-75ed-42c9-bd65-6e3c19b30186,False,True,False,Machinery,Singapore
6d42caee-28ef-48a8-b213-bc077e5501c4,False,True,False,Machinery,South Korea
7cab36b8-f85e-419f-9a84-411c9168010e,True,True,False,Perishable,UAE
c30a5b7f-d53e-449f-9195-7b2545b852e3,True,True,False,Electronics,UAE
773cd866-0764-4b12-a2e8-8629acd495bd,False,True,False,Textile,China
567b354b-5c8a-4ba7-8407-58065e92bcf0,True,True,False,Perishable,India
3402f7c8-8e45-476c-87cb-f2b3bd06743f,True,True,False,Perishable,Japan
a279205d-8091-44a8-95b6-ca4ae48bd79a,False,True,False,Textile,Singapore
7736c654-7a4c-45d3-9a3b-37cc60fe1d89,True,True,True,Perishable,Singapore
9ef50379-a50a-48e1-ab3c-784c908d39ed,True,True,False,General,United Kingdom
6149f005-8352-4db8-9d6c-0ce4b7031624,True,True,True,Textile,United States
0021b2a1-73b0-4894-b990-257a8ca7450c,True,False,False,Textile,United States
b652b98e-b909-4769-8ce4-99df6e3723f9,False,True,False,Textile,United States
f4e9eee4-7007-4854-a4c3-750699e37b29,True,True,False,Machinery,United Kingdom
f5ba5e9d-5be1-4ff8-9e71-cb0005af9d3e,False,True,False,Chemical,South Korea
c7f24b54-d2ff-4196-b2f9-8d9c2d808d49,False,True,False,Textile,UAE
fb8267ee-da2b-4a35-9035-bb84e77879ec,True,True,False,General,United States
b366e425-15cd-44eb-853b-26e3fcd740bd,True,True,False,Textile,China
30963f9b-f4f0-45df-8253-8bc230309a58,True,True,True,Machinery,Germany
cdf470e8-7511-4c49-bb00-7c8117b9b18b,False,True,False,Chemical,United States
ba57476a-a47e-45a5-b5cc-5b8f110b5f07,True,True,False,Hazardous,Netherlands
dcee7bb6-43e9-489e-be02-ae59d4c13af2,True,False,False,Hazardous,Germany
a4984046-67b9-4f87-af44-f5c26d00b77a,False,True,False,Pharma,UAE
fbe1a0a9-f977-40e8-bd7d-5a0d1a3a194c,True,True,False,General,United States
26bb01b5-9fe4-4a70-93c7-bcc48ed3b7b4,False,True,False,Machinery,United Kingdom
6349ff60-2ce7-45d7-9d8b-10ca6f497a77,False,True,False,Chemical,United States
8ec2e15d-bf7a-4f49-8dfc-6534ad6b13ae,False,True,False,Machinery,Singapore
b8c5a61d-782e-4cbf-810c-3e4b9ad88aac,True,False,False,General,China
c75f48f3-858c-4861-a5ee-48ce767a6707,False,True,False,Machinery,Japan
9bfbb4dc-990a-489c-8bf4-40bba8820a3a,True,True,False,Chemical,Netherlands
092ab2ee-c175-4705-9839-d76bf82a8097,True,True,False,Chemical,China
2fdbb5d7-3189-4a5f-940b-6d768c1536cf,True,True,False,Electronics,China
ccdfe74e-07a7-4410-84db-cb7341d4e552,True,True,False,Textile,India
7cb6dee1-2140-4824-8096-e0b1a45f1242,True,True,False,Chemical,United States
4cd08b52-4a2a-4caa-91c9-9ae67b101af2,True,False,True,Electronics,Singapore
21f9a42a-5da6-499d-9268-2e69ab8e9573,True,False,False,Electronics,China
0940b73b-6f7f-4787-a2ec-e205552dca2a,True,True,False,Perishable,Netherlands
c3dfed1a-47d2-45e4-bcda-5c061f3ba765,False,True,False,Machinery,China
2c2eed32-726e-4541-aeff-c615cbcf2934,True,True,False,Perishable,Singapore
f4f00e81-22ed-4048-bcf6-50e9029c49b0,True,True,True,Hazardous,Netherlands
28099276-ecf6-4c33-ba86-630f1e261023,True,True,False,Textile,UAE
2f05136d-d8ef-4ce0-ac40-6aaab73f4302,True,True,False,Chemical,United States
99465663-1f02-4e22-99a7-36bcbcaf3936,False,True,False,Chemical,Singapore
d66a72be-3c6f-4d01-a99e-5d2217c3f3ad,True,True,False,Hazardous,Singapore
26e34cde-a6e8-40e4-ad96-1aef19f3bfd2,True,True,False,General,UAE
10112bc0-1201-4068-b2c0-7f70494b778d,True,True,False,Pharma,Singapore
91052ce1-49fb-4418-bc22-45661593cf52,True,False,True,Hazardous,Germany
b39a847a-5c12-45ac-a57f-c10d9868564f,True,True,False,Textile,Singapore
ff00c2da-47a3-4b49-bff6-e94c85275fd2,True,True,False,Hazardous,UAE
ad131681-dd34-4037-a2c1-b88871d65246,True,False,False,Machinery,South Korea
af0a3ff9-c74b-4ff8-8bcb-0a177b20a403,True,False,True,Electronics,Germany
6add995f-3aa3-4dca-bda2-1f934742056c,False,True,False,Machinery,China
116193ae-dbc8-4d4c-b913-691a115dc71c,True,True,False,Perishable,South Korea
361dc07e-173a-46da-9d15-7761223294ee,False,True,False,Chemical,Netherlands
792c949d-b224-4d2d-befd-0b254bad5db1,False,True,False,Perishable,United Kingdom
9c80d664-d43a-4d0b-a8a5-64753b7a2414,True,True,False,Chemical,UAE
50e214f6-987e-47fa-be12-e34cd2d33e7a,True,True,False,Electronics,United States
f5b0c63f-7480-45de-985c-5a7d53195acb,False,True,False,Perishable,Japan
8fa54797-77ed-4fa3-88ca-91aa05472f76,True,True,False,Electronics,Netherlands
26ace364-f953-460e-970a-f555b5640772,True,True,True,Machinery,UAE
3bb40e2b-d6da-4520-87ca-9e21ffe8fddc,False,True,False,Pharma,South Korea
2464798b-88bd-4502-9393-4e0744f11047,False,True,False,Machinery,UAE
665ebe6a-6142-48f2-ae5c-99ec884f268d,True,True,True,Hazardous,Japan
1349548d-7599-4720-80f2-68b3a997e41a,True,True,False,Electronics,UAE
6a45ff6c-ccb0-432f-a74a-d4380c6f58e6,False,True,False,Electronics,United States
024d9e0b-f945-4099-9d0d-661f67f4479c,True,True,False,Machinery,Germany
05192057-250d-435a-ac5a-16d021e5ec23,True,True,False,Hazardous,China
4ca1b0d1-f6c6-4b37-83c0-1c44811473d3,False,True,False,Machinery,China
f46eecdc-2ec6-447e-a585-88c258f37a05,True,True,False,Pharma,Netherlands
0ea2bd05-88ed-41f4-85ea-68b7ce46a77f,False,True,False,Machinery,United States
1f011aae-e05f-406a-a920-caee9cafa3d5,True,True,False,Textile,China
628c3ef8-b2f1-4d1a-ae48-0404c544cabb,True,True,True,General,Japan
af8ea205-0265-49ab-8711-9928ef1bbc6a,True,True,True,Textile,Germany
3ce3f460-754c-4590-bd42-f7ba78c2d4da,True,False,False,Chemical,Netherlands
b348246a-6967-4492-b393-8453f48b2250,True,True,True,Machinery,Japan
8b6821a2-71ea-4348-a592-8a5b1897a7c0,True,True,False,Hazardous,Japan
68c39374-b0bb-4d1d-9786-9ac12cdebeae,True,False,False,Machinery,Singapore
3b21bb8b-ae52-4f17-a856-d75a15ef174a,True,True,False,Perishable,India
2a8c9f2e-33b6-4fe6-aece-43ea94d70cdc,True,True,False,Hazardous,India
c6c446b5-0859-4abe-96e2-ba76be6febd3,True,False,False,Pharma,Japan
d23fd0e1-b0d7-4d9f-9373-55512f516a9d,False,True,False,Hazardous,China
29618e7f-87dd-47cb-bcba-fb02cd80bfb9,True,True,False,Machinery,Germany
1c653841-903d-44d9-9930-06b987069ef7,False,True,False,Machinery,Japan
56445cc0-a82a-4adc-924c-5882fa07b9b5,True,True,False,Perishable,Germany
33d9d900-7c27-49b6-942c-8e7892cde09b,True,True,False,Textile,Japan
d41ab6a0-0e33-4a1a-81b4-c5ad5facd576,True,False,False,Hazardous,Singapore
8c3cfa9d-a900-417e-aa86-80dec27ce42d,True,True,False,Perishable,United Kingdom
15473186-bf07-4e51-9827-8fe0cd8b0950,True,False,True,Textile,South Korea
70760e1a-1ae3-4778-a88a-a70963267a96,True,True,False,Hazardous,China
80ebdd15-5735-4247-b624-3d0524e0d9a7,True,True,False,Electronics,Japan
b50d7e7c-1adb-4e28-b6d0-e553e94f28d1,False,True,False,General,Singapore
46eb8037-5303-4897-b6a6-df0abe5b5823,True,True,False,General,UAE
410a3bfd-df5c-406d-bf1d-6d50b87e79fc,True,False,True,Chemical,Japan
ed3415cd-4577-45b8-92a3-d569b5d1f515,False,True,False,Machinery,Japan
492b6ffd-542a-48a4-8b3e-b922381e77ac,True,True,False,Perishable,Japan
6b3b8014-314d-4bd2-b775-16509924cbde,True,True,True,Pharma,Singapore
8862f968-a340-4fb4-a64c-870ee69cad4f,False,True,False,Textile,China
74be323e-e4c6-45d3-bd2c-7714e7867787,True,True,True,Chemical,Japan
59ab4a59-f5f5-449a-89ee-c524cfdfa6ef,True,True,False,Textile,South Korea
60e8d4dd-e5c8-4602-a466-234135f85719,True,True,False,Textile,United States
f8b11bf7-0325-4883-9cf4-9e67e3026a6d,True,True,False,Chemical,South Korea
fbae4679-7d4d-4b01-acd8-0e0375a24bcc,True,True,True,Perishable,India
bf64e073-83a1-430c-a4e9-b98747357e09,True,False,True,Hazardous,Japan
d96feb7a-ebb9-442a-806e-71e8670e6624,True,True,False,Chemical,India
8defcf78-9ba2-4cc1-9ff9-8c870c4eb0e9,True,True,False,Pharma,South Korea
c7df9d09-4a37-4ad2-acc7-e57ce0500599,False,True,False,Machinery,Singapore
b2df3afa-584c-4970-a885-572fb7b37146,False,True,False,Chemical,Netherlands
65acb3ac-450d-4135-a0c1-13e2f3084a60,True,True,False,Textile,United States
1a13595d-791e-42a2-8991-55e6d86865ec,False,True,False,Machinery,United States
2e9b6e65-2b98-41b8-a7c9-8af67af30aaa,True,True,False,Textile,South Korea
e0a17421-0e3a-49cc-ac96-23712c531e11,True,False,False,Machinery,Netherlands
54934446-05b8-4bf6-9303-8fb98c5789bd,True,False,False,Perishable,India
4d2c7000-8529-4b3f-9a0f-ae06951a9a99,True,True,True,General,United Kingdom
6fa9cc55-6f2c-43c1-b271-7301ac241fd5,True,True,False,Perishable,UAE
39f5e875-c783-4b47-b1c6-a18890515934,True,True,False,General,Japan
d687e0ae-60d9-4472-a985-a6e17b048fee,True,False,False,Textile,China
ced9ca74-79dd-46ca-ac7b-1c37d59642ec,True,True,False,Perishable,United Kingdom
d3aef8e1-6591-44c9-b2bd-fba0e61dcd8a,True,True,False,Pharma,United Kingdom
dbf5dc25-f595-491d-9360-6fee3ef11b23,True,True,True,Chemical,Germany
bec4bfed-decc-4314-8dbb-8a8afaa3dcca,False,True,False,Pharma,South Korea
6269478a-466f-4e3d-a3d4-8b39315c6db5,True,True,False,Perishable,China
7d27a55c-aa03-442a-9edd-c216bcd8fb7b,True,True,False,Chemical,United Kingdom
be7994f0-39a0-4178-8fd4-d834db3d0e4b,True,True,True,Pharma,South Korea
6fdbff39-211e-46e6-aaa8-5be1763e8f40,False,True,False,Electronics,United States
0127def3-40c2-4215-acc1-45f587808c63,True,True,False,Pharma,UAE
566d49a4-001c-48fe-8be0-fc837f4899f6,True,True,False,Electronics,Japan
d7a54e3c-10d0-41d2-9fff-c800b3c02f0d,True,True,False,Pharma,Singapore
68687256-2a61-4203-b0ca-b2b2f1640599,True,True,False,Machinery,UAE
afe77a00-5647-4b28-b7f3-1f75635910c0,False,True,False,Hazardous,China
159f896e-0aea-4809-93fd-ad94b4c31124,True,True,False,Perishable,United Kingdom
fbb9a9ff-eefa-47c5-98dc-afad6336e739,False,True,False,General,United States
d4ca0fda-9fb4-40e0-adca-9aa186bef34b,True,True,False,General,China
dc4d798f-fe2e-4fac-a73e-0c7076a33bfa,True,True,False,Electronics,United Kingdom
6c9780ba-41a2-4758-ad4d-e904f8fc0e7a,False,True,False,Hazardous,South Korea
4ffa835a-7f9f-4cb4-9dbb-165014f28e0b,True,True,False,Pharma,South Korea
3536ad47-be90-417c-b67f-edf27911eecc,True,True,True,Pharma,Netherlands
d0a7824c-7a92-4ab4-bdea-b6ecc2e85508,True,True,False,Chemical,Singapore
1d71ef6d-4d7a-450b-b2db-5bbae009d04e,False,True,False,Hazardous,Japan
a254934e-211c-408c-85dc-6d841e5bcd3c,True,True,False,General,United States
f121d221-903c-4642-8ac0-622eee8ab570,True,True,True,Hazardous,Netherlands
7f33895d-0705-4ace-bb5b-4fccd712285a,True,False,True,Perishable,India
80325f76-6e4a-41db-ac49-1d19ddad4430,True,True,True,Electronics,Netherlands
22c2c0f8-5320-433b-9d46-2e0170fa891d,True,True,False,Electronics,Singapore
61f9e066-b9d0-4be2-8cff-3ce7670a9818,True,True,True,Machinery,Netherlands
14885bb5-292c-4cc1-b010-4077076ade62,True,True,True,Electronics,India
6495ddf9-a593-4c9a-a536-604907079b32,True,True,False,Perishable,Japan
3ae3b6a0-6821-4ed3-ae50-f8372f154be1,True,True,False,Electronics,United States
6c7eff65-6fde-488a-b252-61841b1381db,False,True,False,General,Netherlands
d42ceb31-38f7-4ed9-a35f-97c01ea5c793,True,True,False,Pharma,India
d508d989-b0fc-4c65-a38b-d53077b06a0d,True,True,False,Textile,United States
a4d2a047-d3b0-4121-ad76-605426e80034,True,True,False,Textile,Japan
c824e372-1405-4948-81af-8ad5b4a99eff,False,True,False,Machinery,China
a528bbe0-8ee5-4547-a9f4-63970985be7b,True,False,False,Hazardous,South Korea
91010a47-496d-4ec2-82de-c4eaa1d8145d,True,False,False,Perishable,United States
a087a3a6-94c3-493f-943b-9d1d3973e166,True,True,False,Chemical,South Korea
f03610d1-e1af-481d-842e-2e34c32ce8c4,True,True,False,General,Japan
c28094df-c830-4aba-a781-c1073e15e010,True,True,False,Textile,China
a9be0997-4385-47b4-9935-d209a2b8baee,False,True,False,General,Netherlands
61df547f-82d0-495f-b896-63332996e092,True,True,True,Perishable,China
597ca362-bc3b-4c04-82fe-f4dde8c7be56,False,True,False,Perishable,Japan
527aaec1-6daa-4881-99aa-40a03db4d022,False,True,False,Hazardous,Netherlands
863c04cc-d0d1-4481-b726-023b315b2a60,True,True,False,Machinery,United States
b2b6414a-a8e7-4845-9f8b-663086cd9ac4,True,False,False,Machinery,China
f1835989-7a22-40f4-b535-75637aaf413d,False,True,False,Machinery,Japan
c5342c89-53b9-4192-bb61-c87f86c7323b,True,True,False,Chemical,South Korea
10b1c6b8-8e93-4076-b386-c707a02a29b1,True,True,False,General,China
3c655cc7-7721-4628-9d16-7a237b452dd6,False,True,False,Electronics,Netherlands
7f8a4d27-512a-48c2-9ede-8ff4f9c11ab2,True,False,False,Chemical,Japan
e4224fce-3227-471d-b50c-b800f5620d73,True,False,True,Hazardous,Netherlands
09c752bb-98bd-4d34-8ab6-6d4ffdeeef12,False,True,False,Chemical,UAE
80b80bae-1eae-4daa-bd01-7c734e720c36,True,True,True,Electronics,India
7b2af311-e695-4c20-b9a3-03372c30d2c6,True,True,False,Perishable,South Korea
a965955e-ddd6-47ca-816f-f674bcdfffb3,False,True,False,Hazardous,Netherlands
4a404c2b-3797-4d6e-977d-c229b751d3c3,True,True,True,Textile,Japan
e3f02fcc-22be-4cd3-bdc6-7d73cb6844e5,True,True,True,Hazardous,Singapore
d1b3d702-f824-439b-a01b-3400b34ec620,True,False,True,Electronics,UAE
9a96a366-99b9-456a-b084-cb0d4d805bed,True,True,False,Perishable,Germany
8786a543-d951-4b1e-a571-ccbd1c576e93,True,True,True,Textile,Netherlands
e9114555-a704-487e-b23c-6fd7ca68cd35,True,False,False,Electronics,China
6c94599f-d96d-4383-95ca-13a14cb5e5d8,True,True,False,Machinery,UAE
b4a8a0e3-439c-462e-9b47-9e7fb6778bea,True,False,True,Perishable,India
b7367f0d-0602-44b6-9aa0-0475405ce480,True,True,False,Electronics,Germany
d16f8f99-2b72-4a8f-b656-4fc062f038ec,True,True,False,Machinery,United States
420d13fe-8de7-4190-b3fe-db8515d31424,True,True,False,Hazardous,United Kingdom
7f42bccd-f2e7-48e2-bc4a-5c02612f6f61,True,True,False,Electronics,South Korea
3a99a6bf-f6d6-431d-9b1d-f1f549291a25,False,True,False,General,Netherlands
045f24ec-99c4-4b3e-8b7b-78c4ad18fe63,False,True,False,General,UAE
cff0fbc4-17e8-42d9-bac9-a872e668bc4f,False,True,False,Hazardous,Singapore
5bb15c7c-e547-4e75-9a86-3a2ddd7e0849,True,True,False,Hazardous,India
22e61e79-86b8-4678-96ed-713d73c4d348,True,True,False,Pharma,Germany
cab7a106-a366-4c56-bfb0-ffc8a4bbaa55,True,True,False,Chemical,Singapore
cbf17fe6-f4f5-4b1e-8c00-c41ff1f35576,True,True,False,Pharma,Singapore
b53a01f8-696b-4e01-9f42-159f369c9961,True,False,True,Hazardous,China
9effbc7c-cb15-44ba-a15f-521d344920e3,True,True,False,Pharma,UAE
f3646017-7c0e-4936-b904-ca3dcd2b375b,False,True,False,General,South Korea
6065abee-762c-40ec-9051-273d5c33c936,True,False,False,Textile,India
34d158e4-b161-4d16-aeed-92d21b8ed61f,True,False,True,Pharma,Netherlands
8e2c392c-0eb2-4078-879a-13357093cb9d,True,True,False,Perishable,Japan
1917b991-96e5-47ba-9f92-a93733fbef45,True,True,False,Pharma,Japan
d44e46e5-3e66-463a-842b-fd6ecc4f43d2,True,True,False,General,UAE
343b0786-90df-454c-bb50-1e5d6c1c83c7,True,True,False,Machinery,United Kingdom
702ff67e-eab6-4aed-94da-430867a00215,True,False,False,Machinery,UAE
c5bf3c7b-c697-4f9f-bd5b-e02fd1f6315e,True,True,False,Chemical,UAE
9b8347e6-87eb-4351-b9f5-5faa61c9859b,True,True,False,Chemical,Germany
cb6d1d39-5d77-439f-9a93-2d7a347bdc2a,True,True,False,Chemical,Netherlands
d33e6966-2a69-44ac-85a4-5a0c0d0367bd,True,True,False,Machinery,United States
9edf1074-823a-4dab-9e5c-c9b351d64864,False,True,False,General,UAE
5b393f5b-88bc-41aa-97fa-30aedbb2f138,False,True,False,Perishable,India
fcd8eb51-bddf-4a16-92f0-8da825c4afb9,False,True,False,Perishable,South Korea
078f9e99-8eb3-4a2a-8b24-2b293601947c,False,True,False,General,United Kingdom
98395d3e-a70d-47aa-92bf-ffefd4368cac,False,True,False,Machinery,United States
ba5a43d2-cda4-4011-b41b-6a6418846182,True,True,False,Pharma,Germany
f3ec49d9-b593-4841-988c-0f1fde37aa8e,False,True,False,General,Netherlands
71d6c233-5fd3-4498-9a7f-ebe5adf194f3,True,True,False,Chemical,United States
b792d864-34d2-4f9f-8863-ed335caa69e0,True,False,True,Chemical,China
d3ad79ce-bd28-44bc-9b4a-c438f216dca1,True,True,False,Chemical,UAE
38a8e1d4-0d71-4a53-a08d-e816e13fc8aa,True,True,False,General,United States
0594d878-2aed-4d36-8e70-6d7851309ea5,False,True,False,General,Singapore
6c46c9e3-d119-46da-947d-8d3580cf7b7a,True,False,True,Hazardous,India
feed9e02-bdff-451b-ba7f-92a498687648,False,True,False,Pharma,China
6babecb9-908d-4601-a88f-352d4771d35a,True,True,False,Chemical,United Kingdom
e084fa8d-770e-4070-bfb7-3d001f151492,True,True,False,Perishable,Germany
ef2fac09-2ce2-42d1-9472-bd261a7ddff2,False,True,False,Chemical,UAE
d121b26c-2c48-4609-858b-78f41c51d428,True,True,False,Pharma,South Korea
a13b0717-7142-4b74-a26c-af1d964f34ad,False,True,False,Electronics,United States
8f5449cb-04d0-4b3a-8a0e-645558afbeba,True,True,False,Hazardous,United Kingdom
cb43a190-0880-4aba-85f5-db849a41f4c8,False,True,False,Pharma,South Korea
1fd565c1-17be-4904-961b-9c34b3bb5bc9,True,False,True,Textile,Netherlands
acb16396-904b-46f7-a35a-5cba8a9c4de0,True,True,True,Machinery,Singapore
2b1d771e-8636-45ac-8cdf-06fe35a53cac,True,True,False,Electronics,Germany
270ec73b-c586-474f-b29f-ecbbac19c6c2,False,True,False,Textile,United States
a10b4bd9-13a4-4fe6-8ff5-aedc5f466eda,False,True,False,Pharma,Japan
7b8ee999-3dfe-41fb-84ae-57b2bd087f1b,True,True,False,General,UAE
93abdea4-3da5-457b-b061-40823da03036,True,True,False,Chemical,China
0d745bf8-5aed-402f-89bf-0ef2fbbf3a29,False,True,False,Textile,China
b1bd0649-92c4-4b5e-9455-426fa3101ba1,True,True,False,Pharma,Singapore
4de29d72-b5da-420a-8b19-d9a54548a277,True,True,False,Electronics,Netherlands
f031e9e8-fbca-4a67-877e-ed9c8c7357fe,False,True,False,Perishable,United States
9fc2acd2-d699-4eb4-adda-7359dc55e647,True,True,False,Pharma,Japan
b73304c6-e3d8-4afe-9c3e-dd40027eff89,False,True,False,Chemical,Singapore
2fe8bfc8-d385-4381-86e6-355161cf315a,True,True,False,Textile,UAE
1ddaeebc-bbdc-4cbe-bb4f-70a55276974f,True,True,False,Hazardous,South Korea
04e729fc-3400-4cda-8c92-061e28d6f6aa,False,True,False,Electronics,Netherlands
dd9334d2-d7aa-4801-a99d-761d9da3c0ec,True,True,False,General,China
2d28917f-4ff7-4559-b78f-7ffb925f4d6a,True,True,False,Chemical,UAE
dc7b6ebc-5985-4a16-ad73-e4876aeab798,True,True,False,Textile,South Korea
8f41bf15-6b54-4c54-8fcb-d979ebd02ecc,True,True,False,Chemical,South Korea
a4474a06-a892-4b66-b596-95d94359539f,True,True,False,Perishable,Germany
af980901-8e8e-48bb-b1ed-154148622599,True,True,False,Perishable,Netherlands
adad1716-13cc-4187-8a65-d29e29cee781,True,True,False,Machinery,China
8b040a11-ebd9-4a38-92d7-be0ef8acf266,True,True,True,Machinery,United States
5f4e8981-8879-4b93-b244-82c7cbc545ca,True,True,False,Pharma,Germany
5e4d783c-4268-4b88-8ed3-d215c1c444c9,True,True,False,Perishable,Netherlands
caadfe3f-2a86-4ce8-8267-66f7710c1633,True,False,True,General,Netherlands
7eebd5c3-f76e-4816-8b33-981f9bec7b66,False,True,False,Hazardous,China
24cc6dae-04c5-477b-884a-6a538e6ded12,True,False,False,Pharma,Germany
324655e8-a298-459f-b3db-b2b15740174d,True,True,False,Pharma,Netherlands
44d84309-912a-400f-b26b-8d4470d63147,True,True,False,Hazardous,Japan
0d4f7d06-61f2-4c7c-88ab-e200fe327e55,True,True,False,General,Singapore
07ea0fc7-8710-4e0b-a758-9fb39970df44,False,True,False,Machinery,South Korea
b9c58172-7df5-4237-b224-545b72f44b49,True,True,False,General,Germany
9145aed2-55eb-4293-acad-4a827b02808f,True,True,False,Hazardous,United Kingdom
a1aa2b8b-eb46-4044-919e-76c772ee79af,True,True,False,Pharma,Germany
8828e016-3023-479d-a0e9-f0339ed8731a,False,True,False,General,India
8bd3b148-d7fb-496e-bf06-05c9e3622525,True,True,False,Pharma,India
b2789869-6e64-46c1-a555-df8eb2ff25a3,True,True,False,Textile,Germany
63bc62cd-7d6e-47c8-a726-3259ab15ee72,True,True,False,Electronics,Netherlands
4177f93f-bec2-40bd-9a99-29fef248a2f4,True,True,False,Hazardous,Germany
a3c16e2e-77ec-499f-9dc6-f2b1fa7da29a,True,True,False,Machinery,United Kingdom
98b01040-2a01-4188-b28b-28e9b07ec435,True,False,False,Machinery,Netherlands
92cfdf50-a373-4c77-a136-cde05f548d6b,False,True,False,Perishable,United States
04be122f-a2db-4bc9-b636-46d465f8b2ee,True,True,False,Perishable,India
a1f73c07-698e-4205-930d-e32b542d5813,True,True,False,General,Singapore
d116c4cd-04db-43c0-8bcf-f776531df335,True,True,False,Chemical,South Korea
afc409ce-70c9-48df-9605-60f8647effbf,True,False,True,General,China
6d4b62fd-3d7f-40f5-88e3-7a09f1164872,False,True,False,General,United Kingdom
12c2134d-cb8b-4126-ad9f-380444b38911,True,True,False,Perishable,China
3cbe3de2-9156-4daf-bf06-a793961876a5,False,True,False,Hazardous,Singapore
60fdc9f3-6f47-4c91-a8b8-f518b85268e4,True,False,True,Hazardous,South Korea
7de975b2-978b-4bb7-9b48-432e7bfa5508,True,True,False,Machinery,Singapore
9503aba7-7d88-44de-bf0b-e6334b9b7ae4,True,True,False,Perishable,Japan
b5b29cbd-e20a-41ae-b0db-2e7825846f36,True,False,False,Chemical,India
5dfc4a15-a06c-48f2-9d4e-c16b2a27c823,True,True,False,Chemical,China
616041df-f60a-4284-a023-49135c8daf2e,True,True,False,Textile,United States
7a4b5a88-8e52-4056-a79d-f0e89405b6e6,True,True,False,Hazardous,Singapore
40baec6a-6d8d-478b-a29a-8fc1205467c3,True,True,False,Electronics,Germany
c8676112-0d46-4ae3-9ef3-1f38feb76965,True,True,False,Textile,Japan
b78b9fd6-80ca-4118-b3ca-feeefaa77d95,True,False,True,Chemical,China
b06b60f3-a805-4837-981f-3e98ecdc44ae,True,True,False,Pharma,United States
4b711601-c1c4-439b-8b35-09860739a6da,True,False,False,Perishable,United Kingdom
ef3fa38f-7c0d-4ab9-82d6-eceabc9bcd14,True,True,False,Pharma,Singapore
751342ca-2e30-421d-b9f6-d94d041afddb,False,True,False,Machinery,United Kingdom
187b83a5-0e21-44e6-b262-7f7663dbd7df,False,True,False,Machinery,China
054c303d-f4b0-4250-8401-f281f8c8744a,False,True,False,Machinery,UAE
e2a46ff9-36d9-49ed-82ec-4f19e9e3fbb4,True,True,False,Pharma,China
6c40774a-cded-4ae6-a12b-fa864da15d08,True,True,False,Perishable,United Kingdom
d34e426d-df62-446f-9fd7-877500fd0fa2,True,False,False,Perishable,Singapore
586a56eb-dcc4-45b1-9bd1-f5ffce254e36,False,True,False,Perishable,Netherlands
8e47dc46-59e7-4420-b54c-2128326eefa9,False,True,False,Electronics,United States
4bb44eef-4a4b-47c3-b28f-9b4ed58cc4a0,True,True,False,General,Germany
8f5f94b7-bbdc-4dfc-89b5-4029836561b2,True,False,True,Electronics,China
fe90f05a-bf85-4b6d-9b45-401d4607da4b,False,True,False,Electronics,United Kingdom
281fae2d-a2c0-40de-a562-55522d1a2c51,False,True,False,Machinery,United States
810f3a39-5433-41de-b794-29eb21b58d19,True,True,False,Electronics,India
df0e8bd8-64c6-4b5f-a12e-b846405e3b59,True,True,True,Perishable,Netherlands
2f9f0836-7fc2-4523-aab5-d59178206e4d,True,True,False,Hazardous,Singapore
4c6f662e-71a1-436f-892e-8798b1fca797,False,True,False,Pharma,UAE
6ea052c3-b946-4e40-91ab-7a9fb143e949,True,False,True,Electronics,Japan
c8d6f941-bb75-49da-9a6d-19b0a9969a73,True,True,False,Textile,United States
a27ea7f7-d171-46b1-a606-fd36b9b9c944,True,True,False,Textile,United Kingdom
2bda1901-f251-4610-8741-ca17253fe56d,True,True,False,Pharma,China
671a09d1-e876-4c6c-8d17-c3900ae03e3e,True,True,False,Hazardous,United Kingdom
f5783fef-631a-4cd8-b6c3-1aaed6cc1499,False,True,False,Textile,Netherlands
94a56452-e291-4729-8487-c663918f4c8d,True,False,False,General,United Kingdom
0c022e9b-94ef-4fda-92d5-7b9295757f07,True,False,False,Electronics,China
36773a87-22f0-4b11-a01d-fe00623fb81d,True,True,False,Hazardous,Germany
f024e2e3-0573-4c3c-9b80-01f1ab68a824,False,True,False,General,Germany
a67efc7e-652d-4073-be2f-45c67fbf2aa7,True,True,False,Electronics,Japan
b5f779ad-d08f-48d6-a23d-9dc698cda340,True,True,False,Perishable,United States
d3ddd247-27fa-4662-8554-bf931cef5b25,True,True,False,Perishable,United States
4290d65c-0bec-4beb-adf1-d105cedb224f,True,True,False,Textile,Germany
5aacc4b1-213e-4244-8d63-e8521643670b,False,True,False,Textile,India
e18b19b0-5a0d-4d83-b58d-eef49cef7f27,True,True,False,Chemical,China
926b6f8d-438b-4f5a-b94d-068128152bea,True,True,False,Machinery,United Kingdom
c31cbc29-18b2-4176-86b5-3d08b3d8e056,True,True,False,Perishable,United Kingdom
17b84788-d809-4c6a-9b38-e8e435a2c7d3,True,False,False,Pharma,UAE
adccd641-c57b-4ccb-98a0-da389333059d,False,True,False,Pharma,India
d4ab53c2-cb44-42ce-8492-03ae1d6c9430,True,True,False,Hazardous,Japan
a036d006-9e38-4d07-b346-a2705356fdfd,False,True,False,Pharma,China
fc5dcfce-ee32-4d34-b727-02dec4cc87b4,True,True,False,General,Japan
fe502a14-b9f5-4e3d-9f02-6ff6eed696dc,True,True,True,Hazardous,India
3c3f67ca-4a40-421a-8aa9-acfca9635f55,True,False,True,General,United States
afaa90b0-87f4-4a2b-89f7-bb590d5f9de5,True,True,False,Electronics,Japan
f05b62b0-c03b-462c-8703-af98efb839bd,True,True,True,Machinery,Japan
8793740f-490a-40d0-a491-1151b1e67a39,True,False,True,Chemical,UAE
ae097f53-8f70-4d1c-b116-114243a4be56,True,False,False,Hazardous,Netherlands
3b88fef4-d761-4ab7-b024-0edeef0dd6e7,True,False,False,Hazardous,India
16ad058a-2bf0-42ea-9d48-e0cad632dfcf,False,True,False,Machinery,United States
300b66c4-697b-4553-9501-8c36a80fd97b,True,True,False,Machinery,Singapore
91bf474f-95c4-4750-aa82-0eae4e1cdde9,True,True,False,General,Germany
34f02975-81a0-44c6-a7b8-c5a62143e7cf,True,True,False,Electronics,Netherlands
628e1c0c-4aa0-4af7-b0b3-d038777d0843,False,True,False,Pharma,Japan
71168e5c-670d-4200-9ae0-ef6b49c88f84,True,True,True,Hazardous,South Korea
0b4ab5b3-33df-4ae9-95aa-c9fe8639d22e,False,True,False,Chemical,Japan
a68fcb54-f666-404c-b321-9e29b532aa7a,True,True,False,Textile,Singapore
c8d0f201-b8f0-44cd-be06-4ae6ae8fe9d2,False,True,False,Hazardous,Germany
a69b2420-4a32-4d93-a36f-9f6eeafe517e,True,True,False,Machinery,UAE
9b5cdd85-3315-43f9-8bcf-2d576ec3ce38,True,True,False,Chemical,UAE
22e7f08d-ec52-402a-bf5f-5d5701ca525d,True,True,False,Machinery,Singapore
e9ad29ee-5ee6-49e6-8403-84744f890d89,True,True,False,Pharma,United States
ae615892-6d2c-4dc8-824e-12fc97ffb31f,False,True,False,Hazardous,UAE
45e92b36-25e7-447b-96a6-3fb502fa9f42,True,True,False,Pharma,Germany
dfc8734d-eb46-4878-af2f-798e3ab4fc10,True,True,False,Pharma,China
f1c32e1f-e935-4062-b6bc-3bd1ff6f3481,True,True,True,Textile,Singapore
f6c48f20-282d-4bba-adb2-d55baed72ac4,True,True,True,Pharma,UAE
0ea9b8d3-78c7-4eb1-8edd-65565439f0eb,True,True,False,Chemical,Germany
51bb11b6-dda1-4be4-b4d3-941f763f4a4e,False,True,False,Electronics,South Korea
300a87ac-e401-444a-91bb-0108e23d8a8c,False,True,False,Textile,UAE
a4a37f5d-af2b-4019-b6fc-279b262ae850,False,True,False,Chemical,Germany
8d56a750-b070-4b24-befb-c40973e1b9c8,True,False,False,Textile,South Korea
8291dd90-0f63-46a4-a46a-123308b245be,False,True,False,General,South Korea
d2e7a931-161a-4e82-88ca-06e36eb9dd80,True,True,False,Hazardous,India
d05c953b-9c8f-4612-9bfd-eca48aebe890,True,True,False,Textile,Japan
de7193b6-3ef5-4dde-96a4-e8e148cfef7e,True,True,False,Machinery,India
3dd1ffd0-6a72-4f56-8171-674b014d4bf1,True,True,False,Hazardous,United Kingdom
f2a640ac-518b-4e3f-b5fb-39ee4a14aef6,False,True,False,Textile,Germany
3391b37b-d1e7-4fd0-920c-c53dabd1e49b,True,True,False,Textile,Japan
1297228d-dcbd-46ef-8c8e-2d2ce8a3aca6,False,True,False,General,Japan
bd2de3ae-4354-4e43-ae21-7796db1b56ec,True,True,False,Machinery,Singapore
b8ff2fc7-c316-4b6d-827a-d3118c44066c,True,True,False,General,UAE
166fa982-d851-4480-8462-803053a755b0,True,False,False,Perishable,United States
ccacdb86-db0d-4721-84fd-e61e759cef1e,False,True,False,Machinery,UAE
11726c93-9062-4e30-bd4f-e1f4ee6a0dba,False,True,False,Textile,United States
7024951c-31de-43b5-baa2-f789cef4928d,True,True,True,Hazardous,United States
389f0d83-ae3d-4303-a7f7-f59c0031cdbd,True,True,False,Perishable,Germany
2d9cca0d-82bf-4ebc-86c9-aa2d985ef45d,True,True,False,General,Germany
289c69ee-1250-41c7-9a35-01e7b45744e5,True,True,False,Hazardous,Japan
8c3f2086-98e1-4ac0-a06f-46d32d5e37bf,True,True,False,Machinery,South Korea
5e15d7a5-b8f3-4ec4-ae2b-cd8c2e762f04,False,True,False,Machinery,Germany
774d986f-30af-4704-b187-a91f5cd56a5b,False,True,False,Hazardous,South Korea
ae497a02-a91e-4653-9de5-cb9d70007c2b,True,True,False,Perishable,Germany
b42ab32c-4c2b-4b6d-9189-355fc47937d9,True,True,False,Chemical,United States
38c11ac8-2863-4686-b6cf-5cd9690e4819,False,True,False,General,United States
97c9bccb-cdc2-4faa-83c2-5f00e5bfa1b9,True,False,True,Machinery,Netherlands
dfe028f0-a3af-41eb-940b-4020eb4f3066,True,True,False,Chemical,Germany
055078a6-7f59-4773-acc2-6c827d22df48,True,False,False,Chemical,Netherlands
d79fbb09-a986-4ca2-8b3b-f618b165018f,True,True,False,Perishable,South Korea
33888c7f-b07e-4ad9-8f06-6e16b0c57d8a,True,True,False,Chemical,Japan
6003fe29-802d-4c95-a427-1d3964161ffc,True,True,False,Perishable,UAE
8820c8e4-cdfc-4bc8-b491-45b68071b80e,False,True,False,Hazardous,China
29763522-21b1-4636-abdb-c34206ea4f44,False,True,False,Hazardous,Netherlands
4004939a-0f69-4551-9464-2d064d8302ff,True,True,False,Hazardous,UAE
ebc5d51b-7913-44e9-8184-db43bbddac13,True,True,True,Perishable,India
5e58df4c-bb97-4dfc-af26-ce17c1c7b51a,True,False,True,Hazardous,Germany
36d01962-2d71-4428-a47e-ca0e8d2344b4,False,True,False,Textile,UAE
3388caf9-ce41-4bd6-bdb7-315b1a791930,True,False,True,Perishable,UAE
817e9bc7-928a-472b-9b14-be49e04422da,False,True,False,Textile,Germany
0629cc4a-851f-47da-8806-95f3c425c243,True,True,False,Textile,Germany
35f987e6-ae18-4ded-a6ca-e269bd982cc7,True,True,False,Hazardous,South Korea
04a6fcc7-884b-4d21-a0cb-458ad3d73515,True,True,False,Hazardous,UAE
563d471f-b5c3-440b-96b3-ff238531f3df,True,True,True,Chemical,Germany
769ad1b9-44bc-418e-98e2-dbf7d1e0600f,True,True,False,Pharma,Netherlands
a11abdc6-07b1-48fc-afa2-f1ca1d66091d,True,False,False,Hazardous,India
e2d30cb1-def6-44e5-b272-7fb3b123ba3b,False,True,False,Electronics,China
103c3783-ae6e-4731-9efa-9f42dc0b1eb9,True,True,True,Chemical,China
bfb8dfa5-9ed5-49da-a97a-63b3a850a794,False,True,False,Electronics,Germany
91dfdd98-715e-4a66-85f0-e7245ded8d55,False,True,False,Perishable,South Korea
bed15e4e-67e9-43cb-a72b-71ab3edfd789,False,True,False,Hazardous,India
89ec81f8-6c62-4da7-9cd7-02f8ba7554ef,True,True,False,Perishable,United Kingdom
049444ea-3356-4794-ac54-870e2affc23f,True,True,False,Perishable,United States
99c53dd8-1703-49f9-a524-e9680008038a,True,True,True,Chemical,China
f2fc4273-8926-498b-a243-da1251e775c3,False,True,False,Pharma,United States
f7a82691-b082-4d64-b682-58d56fe53352,True,False,True,General,United Kingdom
e494e2a4-506b-4100-8d1f-910c2d10bc63,True,True,False,Chemical,United States
b91e5eab-7c3e-420d-9b9c-f7278ce57bad,False,True,False,Electronics,South Korea
077d12e8-5d7b-4dab-b569-97b879fd0ba2,True,True,False,Hazardous,United States
20a5fdaa-0c31-45c7-ae96-79d137d56b8e,False,True,False,Chemical,Germany
a528d4c6-6596-4e38-8865-ffaa266c2459,True,True,False,Machinery,China
11721187-497a-4400-ad16-b6483686e3ee,True,True,False,Hazardous,India
103de39e-1e38-4ccd-a174-6c3c231c483f,True,True,True,Machinery,Germany
044875ad-3f1a-4541-888e-8aceda1bf0ef,True,False,True,Hazardous,Netherlands
4034318f-99d5-4697-a8dc-13d6ab9d0c56,True,True,False,Electronics,UAE
362a87d7-9507-4d73-90ca-af31da28fdd0,False,True,False,Electronics,United Kingdom
36f64411-9399-4962-9463-90de8281ead1,False,True,False,Electronics,China
a959f12c-3c8c-46fd-ba91-c9a0cfd27189,False,True,False,Electronics,United States
09615770-2102-487a-a298-496dcfad1c8b,True,True,False,Electronics,UAE
eea3e5c3-aca6-476e-b6f8-11de1f10d22e,True,True,False,General,India
908bd303-6b59-4780-92eb-2f91737aa6dc,True,True,False,Pharma,Netherlands
d32a4609-8582-4a45-93e1-b0d0388276b0,True,True,False,Perishable,UAE
66fbbfb6-50a4-48b0-a68f-8fe17e0de4da,False,True,False,Textile,United States
c85ced88-bece-487b-935d-dffb809f4712,True,True,False,Perishable,United Kingdom
72f3e85e-bbdb-4435-b752-a65a84412f94,True,True,False,Textile,Germany
fa3c9810-0b3e-4a5a-bdf0-c0c6c6b57ac5,True,False,True,Machinery,United Kingdom
4a883234-f09b-4f3c-b818-58dda9f8d561,True,True,False,Electronics,United States
5ece2327-d287-47b8-adb5-8bc8459b6622,True,True,False,Pharma,China
c8de75f3-8f38-459a-aa94-90caa13ce728,True,False,False,Hazardous,United States
3e72fc2e-ccda-449c-aa5b-e0e7cbd15623,False,True,False,Pharma,Japan
9f7c7b1e-0e20-4943-a985-73e62330ecac,True,False,True,Hazardous,South Korea
ed6e14ef-bb47-4d07-83e3-8c8174f63b7a,True,True,True,Textile,China
777faa9d-3c02-4b60-9790-811ef0f4ab1f,True,True,False,Electronics,Netherlands
f226fcf8-f1a1-419a-9b10-b3ab8486955d,False,True,False,Machinery,Netherlands
c9119107-3715-41ed-8d78-eaa99b312c17,True,True,True,Hazardous,China
6994f53b-522b-4be8-9be3-991debbe5a96,True,True,False,Pharma,Japan
734659f3-b337-47a6-95d1-65accf575d38,True,False,False,Pharma,UAE
0234dcae-6876-450b-93f7-468e53ab05c6,True,True,False,Chemical,United States
ce4d8804-34ad-4d99-96dd-7d913f4c6359,False,True,False,General,South Korea
ac1e9dd5-1cb1-40e8-a194-1096ea61453b,True,True,True,Machinery,Netherlands
84e7b73d-350a-45da-b860-45bcf608aca3,True,False,True,Textile,South Korea
b7955087-41be-45d1-a30b-69262131fd00,False,True,False,Machinery,China
7415dd0c-b3a9-41ba-8b3d-6feeb6c62e09,True,False,False,Perishable,South Korea
2991aeda-492c-42d2-9f41-f7f3a02571b3,True,True,True,Machinery,China
254b3532-9f06-4518-84e6-9e09dce8af89,True,True,False,Pharma,China
2ab3720e-9bde-4cd4-b3d6-33c51a2e01cb,True,True,False,Textile,United States
e15e9ac3-7127-4bf1-a769-cf433d35f7db,True,True,False,Machinery,South Korea
ad5abd51-0a6c-44db-8a6f-6692c6b513fd,True,False,True,Perishable,UAE
3fe2e5a9-7f2f-4e4b-8098-f7b059716869,True,True,False,Machinery,Singapore
32a74730-3cb1-455d-9709-15289b6158cf,True,True,False,Machinery,India
2f1913ce-5967-4630-93ed-6de46fc10f18,True,True,False,Textile,Germany
1c56c3e2-20bb-4d01-98d7-2468e417cc4f,False,True,False,Electronics,South Korea
01e76e70-0668-431b-80b0-255a0b50dc49,True,False,False,Hazardous,China
8a34a871-4a4b-4d90-abad-ce2b7d19001c,False,True,False,Machinery,UAE
a0389c73-4ea8-4593-a79b-269856c17f69,True,True,False,Perishable,Japan
623ccac6-426f-4a32-b447-3bb5c257753a,True,True,False,Textile,China
25512755-828b-49e1-a79a-7cb338b1d89b,False,True,False,Machinery,United Kingdom
e3506d95-0f95-447d-b482-a57ebc2ba778,False,True,False,General,China
652b76cf-4f93-4c40-8c31-9537b41667f6,True,True,False,Machinery,Singapore
11c39662-f670-4e50-a289-603ff37bccdd,False,True,False,Chemical,Japan
289512a0-ee63-4eef-ab3d-9ac2fc645ab8,True,True,True,Textile,Germany
acab8611-6ada-4b5d-b195-d59323c54693,True,True,False,General,UAE
4f858390-06a6-4daa-bdd9-58a437c5a3a7,True,True,False,Hazardous,India
b8a045a3-1634-4b57-9fd0-785a12054d87,False,True,False,Textile,Singapore
bf8bd05d-9285-425a-a65a-ebd1c1c4c3e9,True,True,False,Pharma,Netherlands
f966fa6f-088c-4c3e-bd28-e7013eb73b8f,True,True,False,General,South Korea
8cdfa46a-d6c8-471b-bb31-e71bc00f5ce5,True,False,False,Chemical,UAE
fca13a81-bc19-447e-93a4-9df2e987b552,True,True,True,Textile,Japan
daa624d2-fab6-41a5-829f-9e83520add0d,False,True,False,Textile,United States
19fd968b-0e53-45dc-84bb-645a97481365,True,True,False,General,United Kingdom
b190a842-21c0-497f-9317-28fa928fd076,False,True,False,Electronics,India
1cecac1d-dcb8-4186-9af4-0732407dfb4a,False,True,False,Textile,China
22a5a95b-8bcd-4061-a633-cdb71af1797f,False,True,False,Hazardous,India
7bc7fc54-8141-45df-9b2e-c19efa155d70,True,True,False,Perishable,China
fc866cc2-11c2-49e7-a7f8-8ba0a88e9f82,True,True,False,Pharma,South Korea
77d521b8-876b-4913-91e4-1dfef6b59e32,True,True,False,Hazardous,United States
33b29dd7-34ab-4ff0-9d20-180d6dae57f8,False,True,False,General,Singapore
db8fbd21-abd1-42d5-9f0d-f146a407e4c8,False,True,False,Chemical,Singapore
2e221774-b7f5-4d8b-8e54-20069e1d2966,True,True,True,Hazardous,United States
a4c2631d-9de2-419d-a57e-f6b9a45b8409,False,True,False,Hazardous,Netherlands
3fd78416-0f8e-4c2a-951d-f6d48e4f634a,False,True,False,Chemical,Singapore
964e1d4d-7830-475c-bee6-e3f043d923dc,True,False,False,Electronics,Germany
b444bdbd-793c-4e55-917a-a6ff3851d793,False,True,False,Pharma,Netherlands
aa132a3e-ac11-4952-b444-31b84ff5ee6b,True,True,True,Pharma,Netherlands
9dbe57af-c871-462e-9704-9fe956e96cfa,False,True,False,Textile,South Korea
36029586-3006-401b-b568-c8b23ad993be,True,True,True,Hazardous,South Korea
871da426-d73f-4873-b0bb-c4d5af78d8fa,True,False,True,Electronics,United Kingdom
ec190ea1-b099-4d9f-837c-b08721d485eb,True,True,False,Hazardous,Germany
099bd062-4362-4b75-8a31-3704fd70c814,True,True,False,Electronics,Singapore
69016b67-2976-4304-97ab-e2759016d54e,True,True,False,Machinery,Netherlands
fa72b9a4-63e1-4400-b756-3e0b18ca10a6,True,True,False,Textile,India
91fe9013-e601-409f-84c4-2b29b8be8d3f,True,True,False,Pharma,Germany
b45ba1e1-c60d-45b7-beb8-b27be60bfbf6,False,True,False,Hazardous,Netherlands
67a27285-4b12-4756-821c-0105a362c49a,False,True,False,Hazardous,UAE
a37db3b1-d71f-466b-a8f2-9a283de48f46,False,True,False,Machinery,Germany
4f6c0bc5-9a5e-46dc-bc44-8c75b3b316f6,False,True,False,Electronics,Japan
b3636358-7494-4dd8-84e8-caeb55d92750,True,True,False,Chemical,UAE
fa6f6e33-dbc2-4ec9-afea-5c6537ed4fed,True,True,False,Chemical,Netherlands
c132b674-11f1-410f-ab40-5193e643e15a,True,True,False,Pharma,Singapore
97f66803-7fff-45e0-aabe-99433dc2bf4d,True,True,False,Perishable,UAE
ae618b2d-783b-4a15-bd27-adfb29946db5,True,True,False,Pharma,United Kingdom
d3753862-1977-4cc4-9fe1-3dc43c909e56,False,True,False,Machinery,Germany
3ab5eef9-4e5b-490b-bc1d-124e90d7cc5c,True,True,False,Textile,China
a11115af-9324-45b2-9525-bd18ec2a9c00,True,True,True,Chemical,Germany
309c6feb-3458-4204-aa46-1bd42f853cce,False,True,False,General,Germany
103cd9a6-eaa6-4534-8d9a-a1b8d6ce86fd,True,True,False,Pharma,United Kingdom
57bf0f3c-2854-4b99-87bc-366bf2d324be,True,True,False,Chemical,Germany
b70d55dc-a7bb-44f1-90a0-8c42428a9e0e,True,True,False,Chemical,United States
b9ca7962-16bf-45c4-9fee-a07f72d8a96f,True,True,False,Machinery,India
98901f05-1980-4edf-8ebc-95f1986ddf78,True,True,False,Hazardous,UAE
c6de8b70-e23c-4bfd-be4e-ac1cca7b9557,True,True,False,Pharma,Japan
79301396-1235-4ccf-a706-95d91e80b20e,True,True,False,Perishable,Netherlands
ef0c8afb-f701-40ae-b98e-94a09b89af17,True,True,True,Electronics,India
17c1370f-f78e-4ba7-92c5-42537003e299,True,False,True,Electronics,Germany
b5d8c15c-f98c-4580-a800-35b3d953cd81,False,True,False,Electronics,Germany
cf79f6d4-dabf-4098-a71a-4cb12aeae4cf,True,True,False,Perishable,Singapore
66b2c94d-b859-42e9-8744-5f22a8f8d5bf,True,False,False,Textile,Germany
1893c842-1bc0-4107-b22c-fb7b8eb154b4,True,True,True,Perishable,Singapore
adada610-494a-41b4-a9bc-16568b216b18,True,False,True,Perishable,India
eeb15194-abf4-47d0-81e6-3a3576b71beb,False,True,False,Machinery,Japan
ddfd3fac-4cb4-46d9-9c60-44c82c435e6e,True,False,True,Machinery,Netherlands
93afcf9a-eb44-4714-b27f-e616f769783a,True,True,False,Pharma,United Kingdom
e89b3cd6-a824-4827-bc5d-d9271479ad0d,True,True,True,Machinery,United States
07ca5051-f955-485b-a1bf-ee177a7ce240,True,True,False,Perishable,Germany
ecbc638f-192e-49b7-8b61-2feaf3dd0ff7,True,True,False,Chemical,United States
e01c71aa-1cef-473d-b757-bfa19f38cbd1,True,True,False,Textile,Netherlands
c3856460-a674-462c-bc80-3ce840b8560c,False,True,False,Pharma,UAE
c1eae050-040e-467b-b5f4-8702c30d0066,True,True,False,Pharma,UAE
3dc09968-5625-4d5e-802b-82e386ec2469,True,True,False,Textile,India
15669954-aa6b-4345-9983-890589078cd3,True,True,False,Chemical,Japan
99f77718-eff4-4bb6-bce8-e76faf2cb88d,True,True,False,Perishable,South Korea
efab1600-6049-4f4c-925c-4d7d9834807e,True,True,True,Pharma,South Korea
f161d49c-c207-427e-993a-224fbd400ae9,True,True,False,Electronics,Germany
0872c06f-de64-4dff-a418-74d877f8d022,True,False,False,Pharma,Singapore
ccdd3007-0da5-4a42-8c9a-4e39cd4082ab,True,True,False,Perishable,Germany
01d17ff6-395c-4891-8805-586248f30c6b,True,True,True,Textile,United Kingdom
269029ba-ce86-406a-9526-f3a7bf409a21,True,True,False,Machinery,South Korea
c9da8146-94d4-4e37-b4cf-e2da2db3eb63,True,True,False,Chemical,India
dd2eb39c-88f8-4446-8827-04223a64febf,True,True,False,Machinery,Singapore
31d928a3-d0e6-472a-9d67-4c271020d7c5,False,True,False,Perishable,China
1d91de95-55b0-46e6-8796-a509c88950a4,True,True,False,Textile,UAE
c48b8724-4a2d-43f1-be01-f1fc1b52adcb,True,True,False,Pharma,South Korea
2d4e80f6-4fe0-48eb-94ea-d75ec6713146,True,True,False,Machinery,India
c542601a-d332-41ee-9e20-7846e6720a0a,True,True,False,Machinery,China
a3cfc31f-7771-425a-ac3c-0d824554e213,True,True,False,Chemical,Netherlands
c53efee3-c266-4c29-ad6d-1a731333bddf,True,True,False,Hazardous,Japan
15484823-a61f-47b8-8982-7e433c719ff9,True,True,False,Pharma,Singapore
1f2ec0e2-ed75-43b8-8010-90a02133e69b,True,False,False,Perishable,China
bb51e2d8-6c12-466c-877e-ddd0822e89a5,True,True,True,General,United Kingdom
bab28ad6-deae-4472-a535-b77df5ef5902,True,False,True,Textile,China
96b68341-b66a-4026-a5b8-f86856a8a9af,False,True,False,General,India
e6d6fe2f-8f73-45c9-9d70-e4543f554b9f,True,True,False,Textile,Netherlands
18c8ae0f-da66-483f-90c6-f706e2b8aa14,True,True,False,Chemical,United Kingdom
71bbd4e9-83c2-41f7-8a2c-c8d3f7180921,True,True,False,Electronics,UAE
dabc3d5c-e886-4a52-805b-9919f2e51540,True,True,True,Electronics,Japan
8e54916e-8342-4edd-85f8-5f27274b76cb,False,True,False,Hazardous,Netherlands
eb03565e-c1f1-4d35-a5dd-7bb117cf54c1,True,True,False,General,India
67cdb64c-0da6-4563-8e6c-ae406950b8bf,False,True,False,Textile,Netherlands
076f36ed-4aea-4939-8cbc-79ade9a0dcc0,True,True,False,General,South Korea
d9761656-c5bb-4943-9cb4-fef5f8413d42,True,True,False,Machinery,Japan
9a02ecd3-e828-45d8-9614-163148c0818d,False,True,False,Machinery,United Kingdom
e8ff32e3-8f6e-4134-b603-8dd56faaf2dc,True,True,False,Textile,South Korea
f6ff04c5-a71b-4e89-b2c7-f0406fc26fb5,True,True,False,Chemical,India
88fb4bcc-f1d0-4055-ba51-095ebd46f804,True,True,False,Electronics,UAE
cd1697c8-ba54-44e4-96f1-e2f97a14d6a4,True,True,False,Hazardous,United States
fe94f7d7-0362-44e3-8a05-35e96e99cece,True,True,False,Electronics,Singapore
4a4b6dd4-4766-4b1c-9727-8cad2ff7848c,True,True,True,Electronics,Netherlands
1541cd70-7cd0-4dc9-80b1-bedf1eb6a5f7,True,True,False,Perishable,South Korea
0c6790a8-ab4c-40da-b403-503dfd5bdd32,False,True,False,Machinery,Netherlands
61df66e0-0b65-4b0b-a55c-7a13fc5d156a,True,False,False,Perishable,South Korea
86e1c443-1ac3-4086-a4fb-cab68af0a971,True,True,False,Hazardous,Germany
e9eebcae-0ba3-4faf-bc73-034adf2447ce,True,True,False,Textile,South Korea
36f1f3c9-f115-4cf1-8a26-36f3eaf5c275,True,True,False,Textile,UAE
dd7e0f63-5193-439c-9c7f-ffbaf7f5a914,True,True,False,Textile,United States
ff24b796-43a7-4944-9a31-486ee9b5735c,True,True,True,Perishable,India
b821e621-bdfd-4176-a279-c6ecbd601b4a,True,True,False,Hazardous,UAE
3d2923b6-ade5-4bdc-8195-039e7233834f,True,True,False,Hazardous,Japan
20b70d50-facb-44c6-9278-a46cfce8510c,True,True,True,Textile,UAE
f9bd0c90-95f1-47c2-a8de-f9f9f7da4dfb,True,True,False,Chemical,China
129c6676-bbcb-4ce2-9b62-211986f2c061,False,True,False,Machinery,India
0910e1e0-38c3-488b-8463-ed5de34ae32b,False,True,False,General,United States
6816df7a-7568-40cb-add2-83997663a5ec,True,True,False,Electronics,Japan
da226909-b87a-4533-83ad-1203929e73ee,True,True,False,General,Japan
b0a1c116-f925-44e1-9cb1-13d021a2039a,True,True,True,Pharma,Germany
4eccc1c0-e14d-4ffe-87ec-333325245d9a,True,True,False,Chemical,South Korea
75231cd5-6da8-480d-953f-0e0b010421a0,True,True,False,Perishable,Germany
b782159d-68da-45ef-a948-0353c4e47a54,True,True,False,General,India
8405056b-7aa1-410b-813a-bc3cd47f81e7,True,True,False,Textile,United Kingdom
81818134-bb79-470d-b015-69dc1fde0b26,True,True,True,Machinery,United States
aa4db2f6-5733-408a-b801-75295bb4fa50,True,True,False,Pharma,United States
de7d40f3-f803-4954-a93a-9f0ff9180612,True,True,False,Machinery,United Kingdom
50d695ea-1d4a-4a6f-b59e-14e9ae94ee5c,True,True,False,General,South Korea
a849cce6-a763-4827-853c-29132fdd2968,False,True,False,Machinery,Singapore
7a14265a-3cc9-4393-b658-227d9c46f9d2,True,False,False,Machinery,Germany
4b0877c0-8755-4d47-974d-4ea5e0f79cdc,True,True,False,Chemical,United Kingdom
3f17e70c-d86f-4309-ad8a-97d742e06cdf,True,True,False,Perishable,United States
dec7a58e-0add-4539-8c45-6c63d93fdae4,True,True,False,Perishable,Japan
00be8c06-c7fe-4352-aae7-925c439f41c2,True,True,False,Electronics,United States
b871546f-34e8-4ebf-9b15-c0bcd7d456b1,True,False,True,Chemical,Japan
1b419f0c-0902-49d0-897a-8d5cdd40272b,True,True,False,Machinery,South Korea
77dced1d-cf83-46e6-9dbc-c7ad673c3288,True,False,True,Hazardous,Japan
5a0a02b5-6d0d-4f24-821e-683132b70b3b,True,True,True,Textile,Germany
9caf3980-6cb3-4476-a29e-c0441577b1d1,False,True,False,General,UAE
1682103d-3419-4f59-8895-a25b9213a737,True,True,False,Machinery,United Kingdom
1e486d19-d805-4f1d-8cfa-fc4cc5131cb5,True,True,True,Pharma,Japan
21b5fd53-6a91-4e5f-a5e9-17ca7bfda45c,False,True,False,Chemical,Germany
6d48be4b-8f55-4af0-a8b9-c611882c54a8,False,True,False,Electronics,South Korea
d6c34dec-4ab8-4792-a20c-803c7f460e8f,True,True,False,Hazardous,India
d263acfc-095f-415c-a6dc-2e012b68cead,False,True,False,Electronics,United Kingdom
b71e93e1-a331-4124-ba29-8ed8ddf150bd,False,True,False,Machinery,United States
5a3c6539-64f9-475a-a909-a8d20ac8ce88,True,False,True,Pharma,Germany
7a17c444-cace-41fa-a448-7ba325deed53,True,True,False,Textile,Singapore
540e6e1d-4676-4256-84d8-47b89bcfef23,True,True,True,General,Germany
74bac6b7-0fb2-41b8-a6d7-7f9346582e66,False,True,False,General,Netherlands
45b574ad-ebca-42a3-91fe-c3e11c047acf,True,True,False,General,UAE
85fec009-5e4c-4c98-9227-dd10c5c057f5,False,True,False,General,United Kingdom
036b36e8-a094-4acb-ae89-6b58488c2bc3,True,True,True,Perishable,Japan
d70082a9-b16b-4a8c-9bbf-6a3bfac07fcb,False,True,False,General,United Kingdom
290076fa-e207-4380-8b6f-858341673225,False,True,False,Hazardous,United Kingdom
4b6dc310-11e8-468b-8b96-afd72038e1d4,False,True,False,Machinery,China
4b83acf7-0156-41b4-8db3-667907a1a00e,False,True,False,Machinery,Netherlands
9136e25c-f504-4175-9839-8036fa517965,False,True,False,Perishable,Japan
5a612784-f6bf-458b-9d06-0378b718cbb0,True,True,True,Hazardous,India
1fc2a53e-65f9-431c-8f98-f6f25ba1db93,True,True,False,General,China
cf79f93f-7baa-4ea8-9b38-b4835485c7d1,True,True,True,Chemical,Netherlands
1bea7ed7-db14-442a-8b3f-e067159a40fe,True,True,False,Perishable,United States
29ea093a-d167-45cf-8023-d1ad116acf8a,True,True,False,General,South Korea
b33c8fe1-d6cf-43e3-93d5-109ddee7ed6f,True,True,False,Machinery,Netherlands
5c2789dd-2cbc-4292-bb83-ab3581f0c446,True,True,False,Perishable,United States
ab897c67-5dad-4a89-a9b9-f21eda10f82b,True,True,False,Textile,China
36868dd8-915f-4d8e-939d-cb4811d6bc53,True,True,False,Pharma,South Korea
952b6ee4-54f2-4b4f-8f4f-e0efa7a4aa6f,False,True,False,Hazardous,Singapore
cb2145ee-3d4f-4bfe-96d8-ff9cc9b11be6,False,True,False,Electronics,Singapore
f93f8a41-901f-4a9c-9cc2-ff852c6cad41,True,True,False,Pharma,Japan
59269c16-f080-4851-be9d-c7cd954bcea2,False,True,False,Electronics,Japan
d67efdea-351e-4f37-a3f3-075c9c607653,False,True,False,Electronics,UAE
fd26b3c2-6535-4310-8523-b713c120d170,True,True,False,General,Singapore
2385cc7c-d1c0-4b9a-9fc9-16d7b8b5dcd4,True,True,False,Chemical,South Korea
b330e421-b915-4d2c-b88e-c19c353785b4,True,False,False,Pharma,Netherlands
b0f19d2b-c86e-4d40-87fd-9ee582f95e12,True,True,False,Pharma,Singapore
3775a15f-9918-488e-9e67-711c1df235b3,True,False,False,Electronics,Netherlands
11409b2e-3702-41a5-b78b-b4f2bf25b1d3,True,True,False,Perishable,Netherlands
2a4fb7dc-5d53-4ff7-8633-99eccd08475f,True,True,False,Machinery,UAE
a5758dab-f894-4faa-9f26-2b43d7cabd5a,True,True,False,Pharma,Singapore
d14c4d0a-f3f7-4115-ab4e-5478fddf4d5c,True,False,False,Chemical,Singapore
96e0d1ad-c2bd-4897-8284-6190f208c15f,True,True,False,Pharma,South Korea
5554f851-a3c5-4c74-9637-481ece045bf4,True,True,True,Textile,India
bd273411-e8b8-42c1-87c7-bd882c1495d4,True,True,False,Machinery,Germany
3955ca0a-283d-4210-924a-2a3ba5be731c,False,True,False,Textile,Netherlands
13073c24-9eda-4d42-a727-247a780dea8b,True,True,True,Pharma,United States
f3c87d6b-4416-423a-a475-4777d2338a2d,True,True,False,Pharma,Japan
bfc355f5-3a2c-4de3-8357-f47680f0fa84,True,True,False,Perishable,Netherlands
050f9c07-027f-4ef1-aeb3-dcf6d5805814,True,False,True,Perishable,India
43d62088-c336-43fe-9469-fc8be9be393a,True,True,True,Electronics,UAE
0ed02135-2e1d-4414-992d-eceae8da3007,True,True,False,Chemical,India
616d5edb-31df-4a43-8e59-c4c1d6d5f73c,True,True,False,Chemical,UAE
5929b6bf-2a6f-41e9-8001-232e5fee1433,True,True,False,General,India
b4e2602b-a819-44da-9653-31e173b642a2,True,True,False,Hazardous,Germany
8bda74d7-1ecb-4b85-a141-e4a088bedd55,False,True,False,Hazardous,Netherlands
7c68b97f-8d04-4e2a-a82a-4c0d7a612a7d,True,True,False,General,Singapore
c24fef96-cf19-4caf-8c7f-ed5e0d6c36bc,True,False,False,Textile,UAE
a7125fd7-1bf9-4551-97ef-5c3e09a14bb6,True,True,False,Textile,South Korea
3f1e042d-9a84-4f6a-a231-ff3b938746d2,True,False,True,Perishable,Germany
3e9864f7-d606-4daa-966e-9ae4a3d6c29d,True,True,False,Perishable,Japan
99ff2fe6-cf71-4df9-9089-4415b3219cd2,True,True,True,Perishable,Japan
48a0503f-0ac1-4077-8ed6-453a0f34e5e1,True,True,False,Chemical,China
884529b0-cffe-4fa3-87ad-8a3966de94db,True,True,False,Perishable,UAE
e2b1d6c1-2be6-46cb-aae5-75cc42d0bd88,False,True,False,Chemical,Germany
d3e82c08-93a9-444b-9dc7-7a1fc64f8928,True,True,False,Hazardous,UAE
3cfb60b5-13b1-446b-ae03-e47cd213bb56,True,True,False,Perishable,Japan
23772d19-e6f5-43e6-b206-63da85479131,True,True,True,General,Netherlands
afcb374c-0e18-4131-a799-f9a513aa3f01,True,True,False,Electronics,Germany
0e0765ac-a51c-4d4f-bb9c-a7efd9d5a76f,False,True,False,General,Germany
a03ad20e-2c57-4430-8c7c-23e6961d085e,True,True,False,Hazardous,Singapore
79b1cf6f-c7ad-4d2b-baf3-ba49812dd9c4,True,False,True,Chemical,Germany
5fb8efc0-ec4b-4ee6-a9a5-15799eea9842,True,False,True,Textile,United States
c9449216-45c6-4e9e-b1b6-aed514d3cccc,True,False,True,Pharma,South Korea
b41bf0bb-8362-4ca2-afc5-a22ea26bf0dd,False,True,False,Textile,South Korea
2cb71abe-9f9d-444a-b544-e8db5f1ff33a,True,True,False,Perishable,United Kingdom
26e65136-198f-43c8-9ce4-543666c73bd5,False,True,False,Perishable,Singapore
9c16610b-5a4a-4fbb-a86f-e9d77625c27a,False,True,False,Chemical,Japan
9c46a7e9-4bf1-4b13-9208-636bb4268cef,True,False,True,Hazardous,South Korea
f4822ee9-cb2f-437b-b5cb-a0d7c5c22b6f,True,True,False,Pharma,Singapore
e7a973cf-a963-474a-8405-aba08c6af269,True,True,False,General,Netherlands
52b4cd78-15e6-4c49-a989-1c9eef0caf94,False,True,False,Hazardous,United Kingdom
1e85912e-2b12-40aa-963c-105b62960b4b,False,True,False,Perishable,Netherlands
541765a0-ae29-49b3-82a8-3d837fedf94f,False,True,False,Textile,United Kingdom
70ddb9b4-ca87-43f9-808c-a1dfcadacc96,True,True,False,Perishable,China
c1c99152-a18e-4f59-ac0c-df302e119476,False,True,False,Pharma,Japan
a08f4598-41c7-4393-b3a8-6425cbd723e3,True,True,False,Hazardous,Singapore
bacbc80d-4899-497c-8e7e-6fda0db3d40c,False,True,False,Textile,South Korea
77685edf-09bc-4981-b520-5e48f32a1d42,False,True,False,Hazardous,United Kingdom
331615af-073c-4d37-8758-e72319235998,False,True,False,Chemical,UAE
43726e59-c150-4f8b-be03-f856aee747c7,True,False,False,Chemical,UAE
de472836-5405-4e5c-b52c-025beebd3f71,True,False,True,Pharma,Netherlands
6adcc925-d78e-4d5e-b7f4-e143a30af6fb,True,True,False,Electronics,Singapore
ca31bc45-178c-41d2-80bd-b724021d0eac,True,True,False,General,United Kingdom
36beb516-5c33-4f31-9570-8eba1f09ce7d,True,True,False,Electronics,United Kingdom
27d0dac6-e472-4cfc-a8bb-e88d231de42b,True,True,False,Machinery,United Kingdom
f1deb0dd-8295-4b44-9806-63ee012466ba,True,True,False,Hazardous,UAE
2e5c2e59-8b31-4eab-9384-8ad76223dcf3,True,True,False,Hazardous,China
b530372d-89b1-45ba-ad4b-24a679be7fa1,False,True,False,Electronics,UAE
d2c549f1-5150-47e6-900b-cf24bf6ea8d0,True,True,False,Electronics,UAE
928cc73e-8f22-4051-ac18-528dad31334d,True,False,False,Electronics,United Kingdom
1291e29a-1fa4-48db-a065-110d4b953b18,True,True,False,Machinery,Japan
a143f76b-8cec-49f1-8f0b-07ff60099717,False,True,False,General,China
9ffd2f6f-ba21-4acc-a5fd-5f39bbb4e98d,True,True,True,Perishable,United Kingdom
76130544-1482-4025-b6e8-03710b6c2f2b,True,True,False,Chemical,Japan
9fd12cbb-2a38-4d85-845c-bc5c9e6cffab,False,True,False,General,China
d69ae3e3-4a50-44cc-8ae3-963795a3bde7,False,True,False,Chemical,UAE
d7c73a1b-5f66-4153-aa65-d9b11650c0de,True,True,False,Electronics,Germany
38697c9b-84b1-46c1-8ba4-3f9d70b05f35,False,True,False,General,United Kingdom
e9027362-ca41-4d2b-a7d9-08298a540bf1,False,True,False,Machinery,Singapore
531b6dd9-3d62-434e-97e5-24d508544bbb,True,False,False,Chemical,Japan
f33cc0c4-e29f-4903-8a0d-840d5252bac7,True,True,False,General,United States
51d9e3c5-f429-4f50-b47b-bccf8b916f08,True,True,True,Textile,UAE
816c696f-d5c0-4760-bf84-a087dfc44d91,True,True,True,Chemical,Singapore
1b182965-848e-40b0-b961-666a842d5d51,True,True,False,Machinery,United Kingdom
509b0ebf-a0a6-458d-868c-81a2136f8b2c,False,True,False,Pharma,Japan
1aacccdd-55e4-4144-86cb-35b12d5b1f0d,True,True,True,Pharma,UAE
b46c30c9-de7c-496f-b7ee-f7c4c7fd19f7,True,True,False,General,Singapore
f468a8dc-e797-4df3-bd5f-c0c74a33f0e3,True,True,False,Perishable,Germany
8863bebf-a4dd-4ee1-8021-986cd9ced9ae,False,True,False,General,China
a3d6da86-7e19-479c-95cf-dee50d58a8cb,False,True,False,Hazardous,Japan
75d326a9-4916-4c51-8f95-26450bf700cb,True,True,False,Textile,South Korea
e6dbc025-b4e0-4d65-a3ef-e6acfa8e36d7,True,True,False,Perishable,United States
666c0e72-4b76-4961-8a3e-32d50b565734,True,True,False,Perishable,Singapore
87b8c69a-58bf-4c4d-8164-ae94ea71ed1c,True,True,False,General,Netherlands
f0746fa3-e69c-49be-931a-882e61f82056,True,True,False,Machinery,China
d0666933-a378-494c-bf75-ffcd32d57487,True,True,False,Hazardous,South Korea
1f1d9aeb-a956-4649-9947-82f9db7285d2,False,True,False,Textile,Netherlands
c4dcac42-b7fc-49e1-b3c6-78a998cfaddd,True,True,False,Electronics,India
338d9aeb-dd8d-4189-91a1-9d1ebda2b3c2,True,True,False,Perishable,Singapore
31422099-7c60-4ef9-a06c-17dd757ef938,False,True,False,Textile,Germany
c7a15303-48ee-4d06-af15-2d43fe0dc5c8,False,True,False,Textile,United Kingdom
81fad945-e4c4-4f7c-8b09-aaef004b4859,False,True,False,Chemical,Singapore
722230a6-a13f-4657-a460-7c1e3ab84f0d,False,True,False,Perishable,UAE
bbc754e9-cf30-48a2-8537-e6319af17704,True,True,False,Chemical,United Kingdom
2701c639-521d-42f1-b3aa-a52390859984,False,True,False,General,United States
25950e36-51e7-4f59-8525-e4a098f8b7c2,False,True,False,Electronics,UAE
d52e3e85-3618-4c13-8f01-b54535bec079,True,False,False,Chemical,United Kingdom
3ddffc31-3315-4ea8-a09b-e7473fa34d43,False,True,False,General,United Kingdom
5b9bc4ad-0166-40cf-a2a9-cdd09fc0313f,False,True,False,Chemical,India
86b2fb3d-08c9-4692-8e52-700c203951c8,True,False,True,General,China
22c996a1-e587-4734-990d-dc029b95cf58,True,True,True,Chemical,UAE
3c7aaaed-374c-46d7-a02f-2b60d02baeb5,True,True,False,Machinery,United States
ba016428-0777-46f4-9245-8fe8bfb4c8cc,True,True,False,General,South Korea
5ce0cd7f-b12c-4c6a-b403-23035328b824,True,False,False,Machinery,UAE
476ba797-0f68-42f2-bf0f-b9ab3ecd5672,False,True,False,Textile,South Korea
66056d32-fbab-482a-8b00-54a45c4a3809,True,False,False,Hazardous,Singapore
9c2d5f76-6c63-40b4-8f0c-26b0c69d8f1f,True,True,False,Machinery,United Kingdom
86bf101e-baeb-4fd8-b9a6-d98560733f46,True,True,False,Electronics,South Korea
af05f4ea-8157-4338-8279-bbb1198682bf,True,True,False,Chemical,United Kingdom
f731f8dd-ae3f-4ef3-bed6-de821f8c4e99,True,True,False,General,United States
8d7b7621-1a30-4f46-9386-7721cfdb3396,False,True,False,Hazardous,India
78d44923-9019-4d89-97de-4d3eb00fed81,True,True,False,General,Singapore
877e2a3c-a189-4595-b9fb-e7b887659b10,False,True,False,Textile,China
33f2bc85-cb5a-488a-bb2a-c0e73058fab9,True,True,False,Perishable,China
6cb6569a-5847-400b-892a-a6c33b8b50af,True,True,False,Pharma,Japan
83307a2c-d415-4cf2-8fd1-b1e16fe0b586,True,False,False,Chemical,Japan
702d21c1-cedc-4c45-9a91-52b73993400c,False,True,False,Electronics,China
197b538e-a6db-4d83-aa2c-02aa0e0a2122,False,True,False,Pharma,United Kingdom
ba7f0cf0-1550-4c86-ad18-554b5e5f6f6d,True,False,False,Machinery,India
058ef933-bb40-4f46-b13c-33f284f4823c,True,True,False,Perishable,UAE
dc226e0d-60f1-42c4-8135-ed01f78aa773,True,True,True,Electronics,India
175acf63-b8de-4533-bd78-19682cc5e0e2,False,True,False,General,India
887b3ea1-9ea3-4c53-b9cc-ea2709d7072f,True,True,False,Machinery,India
9048f1f1-6770-4f64-be51-07f62e2c1b30,True,True,False,Textile,Japan
86b8f580-176b-4e3d-82a2-85999b5b78a2,True,True,False,Pharma,India
4a98d904-964f-4849-b671-bbcd3eeec22a,True,True,False,Perishable,Japan
c6cc9f46-e5e2-4cde-9255-af0c6e7e1a59,True,True,False,Machinery,Germany
8fd7e431-12df-4b10-8453-100210d93984,True,False,False,Perishable,China
6025c358-3768-49b8-bf6f-6e097c61a8f6,False,True,False,Chemical,United Kingdom
8c1788cf-5ec8-4ff1-8cdc-7f799ebcb45a,True,True,True,Electronics,United Kingdom
b90385ee-a752-4635-a071-89bf8d0c5372,True,True,False,Textile,United Kingdom
140ed7c0-4883-45fc-b497-6c22076e0c64,True,True,False,Electronics,United Kingdom
dc367895-e7e5-4924-8001-caada64ff6d8,True,True,False,General,Germany
03caa50d-e7ed-486f-961a-166e211e39dd,True,True,False,Hazardous,Germany
b5570c3e-b85c-4236-838e-3b8b6f78a776,True,True,False,Pharma,UAE
2ffb829b-0a49-4785-8a52-8ac4487e7499,False,True,False,Chemical,Germany
bd530180-790a-4dc2-ab30-181bb30f6df2,False,True,False,Pharma,Japan
04d9797a-756e-400d-9c46-26c976969516,False,True,False,Pharma,United States
080fcf3c-2776-4b64-8517-ec1c2bcc6a83,False,True,False,Hazardous,South Korea
43c70698-ccfe-4b08-b1ef-52536f7309af,True,True,False,Perishable,Germany
16b95d5d-87f0-44e7-971f-d4f73e0401ec,True,False,False,Machinery,Singapore
7b8e5e7f-81a4-4b58-b6b6-fb4e9baada19,False,True,False,General,Germany
a864c8e5-673a-45b1-aabe-a01913f88d72,True,True,False,General,Japan
32998f4a-56db-428e-a623-fd3a5b1601d3,True,True,False,General,United States
53e5d6c5-534e-48e0-9667-e93f8bf67248,True,True,False,Textile,Germany
1d56d2c2-eeef-4683-9e8a-6f88d4721136,True,True,False,Chemical,India
b5378a82-8172-40ec-a3e0-0580b949ae5e,True,True,False,Machinery,United States
dcb7332e-ffcb-4b6a-b4b9-7da25fb9e691,True,True,True,Electronics,United Kingdom
0cf1af10-aab2-4a66-a038-c908b156e4e0,True,True,False,General,Japan
dea89c0e-a9b0-4466-927a-90e5ae87e584,True,True,False,Perishable,United States
1de13bd0-d117-459d-b48b-e9c370596535,False,True,False,Chemical,Japan
f5e7395c-24dc-4546-946a-52d81b73b6d9,False,True,False,Chemical,UAE
6ff6df6c-189a-4281-bbdd-adfff45ce856,True,True,False,Perishable,Japan
e1c13dda-a26c-42ef-bd3a-385b272c7e4c,True,True,False,Electronics,India
bd0e7486-404e-4d2d-9dbf-a53e2f648a17,False,True,False,Perishable,UAE
ff8340a9-dff0-4afd-9d46-ffe27af0cc2e,False,True,False,Machinery,South Korea
27e8d220-8815-4d43-96b4-e49c62e41c94,True,True,False,Textile,India
6dfb43ce-4878-4918-a85c-7e7072aaebca,False,True,False,Perishable,South Korea
62250118-0b75-4ccd-8b91-c32c24d9cd7e,True,False,False,Chemical,United States
86dd2970-f4b7-486b-ac0e-50c2fdb651a0,True,True,False,Hazardous,India
ed8a819f-03d5-4967-bd06-3fdf68e25f8a,True,True,False,Chemical,South Korea
124d9c58-8167-42d5-8e10-dc5317f7508e,False,True,False,Perishable,Netherlands
2ca784bf-fd97-43fc-812b-90857aeab0c5,True,False,False,General,Singapore
17d685fa-6eac-4d70-99dd-daf5eea345cf,False,True,False,General,Germany
77187182-4fe1-473c-a4e1-0d157c4a88eb,False,True,False,General,Netherlands
950d2904-de42-46e4-81dc-823edf7886d9,True,False,False,Textile,China
3b96374c-7fc0-4d45-ab88-65e07875dd18,True,False,True,Pharma,Japan
55e2ba0f-3495-4b50-b37f-21147073b6c0,True,True,False,Chemical,Japan
f45bcefe-e485-480d-9f48-4145472fa56b,True,True,False,Machinery,South Korea
f245bdb5-3926-45e9-a179-d7e265412297,True,True,False,Hazardous,India
6e29c958-d73d-424c-94ee-459d43e6441c,False,True,False,General,India
cb9955d2-2eb9-45e7-87bd-d05920bf0146,True,True,False,General,UAE
6878fe86-34ff-4193-8b67-f893f184bf7f,False,True,False,Hazardous,China
e0a3971e-4c54-4a82-b93a-58cba0af859d,False,True,False,Electronics,India
962f4d7d-f758-404a-ab52-8e6b09df3dac,True,True,False,General,China
34eebb01-6454-48b0-bc40-8f467eb3efd5,True,True,False,Electronics,United States
7cf35e55-7268-497a-bdfc-30623c29a031,True,False,False,Machinery,Netherlands
8d22647b-183d-43f3-aa63-d24582d55de9,True,True,False,Textile,Japan
ca5fee6b-6726-4047-8910-61ec1d37309e,True,True,False,Machinery,India
00ef8808-fa2f-4c76-92c6-cc5b340ab7ab,True,True,True,Hazardous,Germany
0812ea5e-4b1c-4cac-8deb-f7cb0371618d,False,True,False,General,South Korea
7b83297e-791c-4073-af54-e9d019416ce3,True,True,False,Textile,United States
873976dc-635e-4335-9251-0c185ae8d73a,False,True,False,Perishable,Germany
f1f40d22-8470-4ad5-a19a-6f8f3dc7c991,True,True,False,Electronics,China
5f0db047-3534-4532-9e3c-359aaaadb167,True,True,True,Perishable,Singapore
1b83ec01-1217-4b30-a489-7e7140b4c9b1,True,True,False,Pharma,UAE
b8944a0d-2629-4350-b8bf-d11e3595642f,True,True,True,Textile,Germany
df73dbe0-d2e7-4a9c-aef6-a65957a982e6,True,True,False,Chemical,China
b2f3ff97-f01c-4ae7-ae6a-6b7b920ae286,True,True,True,Pharma,China
5abbe660-9190-484e-8794-dd583813c4ca,True,True,False,Hazardous,Singapore
1951968b-dcb4-4bad-9753-9576700710fc,False,True,False,Chemical,South Korea
efd752f4-9d41-480f-8179-996661b44967,False,True,False,Textile,India
83b64a9f-a4e3-46de-a8ec-0821ee73c304,True,True,False,Electronics,Japan
e35dce5f-c39c-40ab-9a0b-97d1ce9c1015,True,True,False,Pharma,China
eb5c596a-f359-4938-a432-02b41225a23d,True,True,False,Hazardous,United States
2b40755a-4f72-4566-b886-e518856a0025,True,True,False,General,Germany
4ba28f6a-ab09-4956-a073-5cb2655d2701,False,True,False,Chemical,Japan
6f66018d-ea11-46bf-ba1c-4e21bbd68395,False,True,False,Machinery,United States
c06bb2e4-36e2-47fb-a615-ecb6c61e02cd,True,True,False,Hazardous,United Kingdom
bb9f5331-872f-4402-9757-4acd6e56c484,True,False,False,Chemical,Singapore
9a89e74d-9db7-41cd-af43-8971a34a2dc8,True,True,False,Textile,South Korea
e3963385-36a9-4d63-a61b-a5f8d2bbedd6,True,True,False,Machinery,Germany
55f6a120-0e15-4ab7-92a6-fa5c46d8cd8b,False,True,False,General,China
21fffc0c-9201-4fd0-89bb-098eaf7547d4,True,True,False,Electronics,UAE
4b1292fb-867f-4480-8bb8-1e734fc4ad4e,True,False,False,Electronics,China
774c63f5-b89f-4f21-b32d-83a8ab1084a0,True,True,False,Electronics,India
b9d923f5-47db-4537-8d24-a7661870486e,True,True,False,Perishable,Japan
870a5fb3-ce31-4784-bd8c-455bbf2bdb7c,True,True,False,Perishable,UAE
12dadbc5-a08d-4139-b8c7-afd5fdda91c8,True,True,True,Textile,India
a6a55311-72b7-4f70-a003-a53c98bc5a9c,True,True,False,Machinery,United Kingdom
f61eda2f-fe5e-4933-b7a6-8edf0fa05be8,False,True,False,Perishable,Netherlands
b3be1969-46fb-4150-a241-6d089b639996,True,False,True,Hazardous,UAE
1d41a8c3-83d0-4a35-b87c-ff0bbf3cb5a7,True,True,False,Pharma,Japan
7e232f95-b703-4d79-a85d-6639c27f4d98,True,True,False,General,Netherlands
e2a6af70-3383-4fb6-857e-ae24b414bcbc,True,True,True,General,India
f165c1e0-6ccc-4d5f-ab40-ad8f2e20717d,False,True,False,Hazardous,Singapore
d84d9919-8a2d-4096-ae4d-5fb081e2e716,False,True,False,Perishable,United Kingdom
5c1aca39-b3c8-4c5b-952d-6730a62c437e,True,True,False,Pharma,India
efea2bba-a3f8-44d8-98d2-4e6bd0a81820,True,False,True,Pharma,India
a2752bc1-e1cb-42d6-beb6-a4a6f353dc67,False,True,False,General,Japan
10cd5077-c4bf-4ce8-bcaa-30f43f27bf62,True,True,False,Chemical,Germany
9dcfa34a-9aad-42a8-b785-0f3ab214e519,True,True,False,Electronics,Japan
a7dc0f84-db12-4fb4-9a5c-9ec086e90521,True,True,False,Hazardous,South Korea
77872c17-4a28-47e2-8846-2b02c3fecf0e,True,True,False,Hazardous,China
9d412623-b5d5-4b73-b505-6b0a1e79708e,True,True,True,Machinery,Germany
86cd9925-0a14-452c-8dc4-7593b49da97c,False,True,False,Machinery,China
7cb002c3-8864-435b-bf8b-c1f0db64ac28,True,True,False,Textile,South Korea
5f9b303b-1910-4dce-aa4e-c666a9c3103b,True,True,False,Textile,China
2513dca9-1db0-4378-b53c-ee23a17103c3,True,True,False,General,United States
c1c33a24-800d-487f-8c9e-ba25461ed520,True,True,False,Electronics,United Kingdom
2ba7723b-9640-4d62-b112-86afda9944ba,False,True,False,Perishable,India
c54cca21-c39d-4847-bec7-dd968dd3064f,False,True,False,Perishable,United Kingdom
5a6c70dc-50a0-4325-bc64-77ae8339844b,True,True,False,Machinery,Netherlands
bf97e10c-4de1-448d-ad9e-741e67e6b80d,True,True,False,Electronics,Germany
f127d8cb-577c-4b89-a385-0ba8fae1b319,True,False,False,Electronics,United Kingdom
f549af5a-c12e-482d-95e3-1d5a47afed7b,True,True,False,Pharma,Japan
18158b7f-42cd-447f-a659-df1d41519951,False,True,False,Machinery,Singapore
dd68bf97-a8bc-4fad-9ad9-0120d48cd420,True,False,False,Machinery,United Kingdom
dca91c1c-9b29-4a29-a34e-e902b5412dd9,True,True,False,Chemical,United Kingdom
b921be70-3aaa-4959-9d96-188eda5f9509,False,True,False,General,UAE
2083d2c4-2601-4cf2-b054-0d185a58e2b0,True,True,False,Pharma,Singapore
bfc8ff73-b4d7-426a-98a5-55d53ba9be71,False,True,False,Electronics,UAE
ed098fb8-871f-4bab-8f32-45ddbcd39334,True,True,False,Electronics,China
3db2809f-15c4-4fdf-aa67-e195f2ac061d,True,False,False,Electronics,Germany
29ea40c9-9971-42a1-87f3-6c2cc21c2962,False,True,False,Chemical,China
472aa817-caa2-48d9-9d26-ea282e9a1018,False,True,False,Machinery,UAE
0b7b4668-5586-4554-9080-c1dfc69d7a61,True,True,False,General,South Korea
388540d8-7def-4974-9f2c-c8f7e91c903f,True,True,False,Machinery,India
96edd63d-f68b-4bbb-ba44-1a7fa2e32323,False,True,False,General,UAE
4b301838-4b88-4a31-b8a5-d6f23bce5253,True,True,False,Electronics,United States
5b2b595d-a214-4271-816c-9c53836a10b9,True,True,False,Perishable,United Kingdom
1ba67825-ae58-4d63-b320-f73186966f96,True,True,False,Electronics,China
eccd8d8d-d95d-48cd-bb88-67ada1e9ac83,True,True,False,Electronics,Singapore
d51b8b84-fdc8-4649-adc7-f171c19af4bd,True,True,False,Chemical,Japan
93b555ad-ba9d-4574-b030-c8d5de5add45,False,True,False,Textile,Netherlands
ebdce43a-3acf-450f-afe4-289c469c6847,True,True,False,Perishable,China
a0a5aaf1-8622-45f5-b54e-e31d4fbb193c,False,True,False,Chemical,China
5929e49d-6a9f-417b-867a-5791686bb3c0,False,True,False,Electronics,United Kingdom
70e57ed1-ec70-4408-ba06-bafcba9fc26d,False,True,False,Perishable,Singapore
b10d2b00-91f8-4d58-a399-55d7fb563a52,True,True,False,General,Netherlands
ddbb5a8e-15be-4081-bfb1-70602eee3d6b,True,True,False,General,China
0593cfb8-ad65-465a-b358-b6b9cbbafb81,False,True,False,Perishable,China
dac47583-96e0-4d1f-a4ea-0d5ab1729636,True,True,False,Chemical,Netherlands
039d6a64-8952-4855-9f5e-6305bee1b9eb,True,True,False,Perishable,Japan
b079e1af-35f2-4e01-af37-cfdc1d778dbf,True,True,False,Hazardous,United Kingdom
f7796cbe-2577-4b42-85f4-9356717ec34e,True,True,True,Perishable,Singapore
6b83f6b6-06d6-4f35-9d9f-b7ba66a0fcb2,True,True,True,Perishable,United States
a74dc2dd-ffce-42d1-9882-b9c841e478e5,False,True,False,Hazardous,South Korea
2a5fccaa-f9ca-43ee-a17c-f3deb990f589,True,True,True,Chemical,China
9c49aaf0-7e74-4b5f-a39c-18030166768e,True,True,False,Pharma,Netherlands
90867e34-d07e-46c1-9bea-7c4f17dfb4bf,True,True,False,Pharma,Germany
861313ae-90e1-4f22-bf34-06893c677bbe,True,True,False,Textile,UAE
744ab251-a80a-4037-b401-6ddc5e79ce68,False,True,False,Machinery,South Korea
f44601c0-120b-4a3d-9d3d-26d84c25ae7c,False,True,False,General,Netherlands
b805be4d-ca49-426d-a244-a4d9cbe8ee8d,True,True,False,Hazardous,UAE
ef443aa1-3c45-4912-9606-45f81c305086,True,True,False,Machinery,Germany
e2f19b22-0655-45ac-beb7-ba43fc19e40c,False,True,False,Machinery,South Korea
83500ce8-417a-4039-8480-e7b8f3eebedc,True,True,False,Textile,United Kingdom
76e69fe5-24fd-476b-8adc-d9592e51d35b,True,True,True,Textile,United States
ab06fe4a-ec4e-495e-a760-f1e549a6469d,False,True,False,Textile,Japan
4ffb14a7-11d7-4b54-aa10-4cbd14dce2b0,True,False,False,Chemical,Singapore
61ced76a-c43c-48f7-93b3-401b769385d8,False,True,False,Hazardous,Germany
76a1e3d2-f954-4e27-951b-c53f4a9d91f6,False,True,False,General,India
1940da17-0dad-454b-9b20-72eb671a0138,False,True,False,Chemical,Netherlands
436eda4d-42ee-450c-b242-af81af336f90,True,True,False,Perishable,South Korea
be9e0d58-0c98-410f-a2fd-d2edea89050e,True,True,False,Machinery,United Kingdom
7cca9ce8-f154-4dca-8f37-399e05c2bf43,True,True,False,Machinery,Japan
254434dc-f280-4cfd-82e8-baad569086ee,False,True,False,Textile,United Kingdom
98bab341-ac47-4c4d-a550-5514584a3d77,True,True,False,Electronics,Japan
a0c49e67-ac63-4fc4-8c16-aedaa9c2af16,True,True,True,Perishable,Japan
0e12285a-a68a-457c-ba9c-739d99e28868,False,True,False,Perishable,Japan
ea670d4c-29ee-4552-bbc2-f5715019af0e,True,False,False,Pharma,Japan
b14f0091-a928-4599-9ad3-ca3088beddb0,False,True,False,Pharma,Germany
50ae32b1-26ae-4a21-a141-f00043d32d3d,True,False,True,Electronics,Germany
d8873739-a686-47a1-a970-acdd0d2c9178,True,True,True,Textile,United States
39036091-079e-4c48-a43a-b2a51b348b6f,False,True,False,Hazardous,United Kingdom
4583598f-e946-4bcd-bdcc-7f707919691e,True,True,False,Perishable,Netherlands
5f15147c-a931-43ef-b619-1188b8a43a8a,False,True,False,Chemical,Japan
9325a1a5-9731-45f7-adb8-61cbd684a313,True,True,False,Hazardous,China
5158425b-a614-4bca-bf23-4653618f5e1c,True,True,False,Electronics,India
4235ef93-d0df-4438-881d-6c11c6f48376,True,True,False,General,UAE
f97ebd72-7873-4c47-bf58-302fbc46320b,False,True,False,Electronics,United Kingdom
53c506dd-e8e2-4c68-b2e7-1c1840e4ecbf,False,True,False,Machinery,China
d57d823f-13c1-4556-bc90-35edd33de4d8,False,True,False,Chemical,United States
6b4bf9f3-9d53-40cf-bdb0-28561b03c97e,True,True,False,General,Japan
82699dae-d18f-42ed-9f1e-55ff94124f11,True,True,False,Perishable,Singapore
517722eb-b993-4276-a962-a362c0e437c1,True,True,True,Pharma,Japan
a5d84e19-ebd9-42f9-b1a5-fb04a85566ad,True,False,True,Machinery,UAE
80f17590-cc31-4106-a233-7d53f33829e9,False,True,False,Machinery,Japan
8d4de644-c4b2-4c60-b324-2b196dae1c98,True,True,False,Perishable,South Korea
989a18f1-c155-4ab0-962e-0a44d22346c5,True,True,False,Chemical,United Kingdom
3dd8e210-85ea-45f8-96cf-b7faf7bd6e22,True,False,True,Machinery,Japan
45841b95-77d1-453c-a42f-97fb393460ff,True,False,True,Hazardous,Germany
6875e8d9-b059-4cc7-bd79-a37b25ac22cb,True,True,False,Electronics,China
6e63f066-4b6d-40cc-831c-9eb0febffc7d,True,True,False,Chemical,Germany
d556740c-96e9-46de-952d-63c6f5a0c277,True,True,False,Machinery,China
ece8aa7c-0f32-4c51-9538-85adecc0432e,True,True,False,Hazardous,Singapore
d8719c04-0ee4-4e81-98fc-d616094a6d0e,True,True,False,Machinery,Germany
b26e8a50-a322-434a-b487-13b61574cbd5,False,True,False,Textile,India
c5870b15-e353-427a-83e0-113408bef268,False,True,False,Perishable,UAE
2276f815-8a28-40ac-aad4-139ddc3dfea5,True,True,False,Electronics,UAE
215ef456-8b8b-4ce3-bf15-7c78678e7aec,False,True,False,Chemical,UAE
4c4c0df9-8a32-4a85-a7a9-ca0283667ae8,False,True,False,Machinery,Germany
e1dda8f4-1645-498f-a8da-144c6e96f607,True,True,True,Electronics,Germany
da278a88-2fbe-4ae6-a240-6b6d70d68320,True,True,False,General,UAE
cbb26005-1860-47d1-8f90-91d16c5b58d0,True,True,False,Electronics,Netherlands
4a208261-8dba-4cc4-869d-5cd810a9abbe,True,True,False,Perishable,United Kingdom
be00c80d-22b6-45de-b7ef-7080a9c65e7e,True,True,False,Pharma,India
f5e17ebb-ae89-4753-b267-2f8ca72f172f,True,True,False,Pharma,South Korea
a5fa3903-20de-4628-9a9f-5aec6a12e6e5,True,True,True,Electronics,United Kingdom
1487c234-39d2-4109-9152-e8ed1db8f01a,True,True,False,Hazardous,Singapore
d8fc47a8-c03b-4c30-b5f3-6c8140154057,True,True,False,Textile,United States
346c90a8-6e3e-44f9-bb97-236cfc13bce4,True,True,False,Perishable,United States
bf931c92-af7f-4dd5-b079-5e633a629354,True,True,False,Pharma,South Korea
18b65df1-7f2a-4928-9cdd-489c30f51ad5,True,True,False,Hazardous,Japan
514f6b58-095f-4dbf-85ca-a7775c188a5b,False,True,False,Chemical,South Korea
6ed15c5e-403e-4147-a39e-c015664e1ba3,True,True,False,Chemical,Netherlands
9977bf32-6eca-4985-a094-e93dce05ae43,True,True,False,General,Japan
1a623715-2a4d-4904-aa0c-a9d7f26004c2,True,True,False,Textile,United Kingdom
e0856dc1-859b-49f5-9a4b-67c4656cc21c,False,True,False,Machinery,Singapore
e529ccda-9e57-480b-92dd-d06080641d53,True,True,False,Machinery,United Kingdom
be9d2295-8d77-4a3f-ab58-1c2f0044ede8,True,True,False,Electronics,South Korea
1d377678-0cfb-493e-b578-2846b59bc9e0,True,True,False,Electronics,United Kingdom
2566215c-ff97-459c-9d22-eda6a238facf,False,True,False,Perishable,South Korea
af2b834b-a6a9-4c69-a39d-36f483b6ca9e,True,True,False,Hazardous,South Korea
0f5ce012-cbc5-4fc2-9e86-7ee14a5fd9d1,True,True,False,Chemical,UAE
b94c8b0f-ab26-4ece-af54-e4c4557ad211,True,True,False,Chemical,United Kingdom
f133f8d4-ce46-4d1e-a355-9c227853b378,True,True,False,Pharma,United States
6fd41986-ec79-4dfe-a99f-df10ff1a2e8c,True,True,False,Hazardous,United Kingdom
0e3dedbe-d70d-46a2-8350-cf9b817d45c6,True,True,False,Textile,China
6ac58b26-b9cc-4a45-9ef2-fe9d0d9ec326,False,True,False,Perishable,Germany
6e41d0d4-a6c9-4f9e-b648-0ce642376e34,True,True,True,Chemical,India
1d574d5f-b75d-4e74-b708-99efbad80a74,True,True,False,Perishable,Germany
78996192-7f7d-466e-ba05-b7619c45f7c1,False,True,False,Hazardous,UAE
74fafe3a-d25a-47d2-9f28-8e8f64e7c835,False,True,False,Pharma,China
d1791031-b0a2-4b62-9d39-02804ea2bcb4,True,True,False,Machinery,Germany
29dd75fc-748a-4738-b67f-0bfd6d5d0c0a,True,True,False,Chemical,China
e20da8cc-23e2-419d-97db-39ee9341a0c2,False,True,False,Perishable,Singapore
8a29f9d4-0e58-4ec8-b622-089c7a63fe73,False,True,False,Chemical,UAE
32c2a70e-5841-47e4-9f59-b4b9a89a6939,False,True,False,Textile,Netherlands
3858d741-d895-4eb2-ab5b-0bbf39894e5a,True,True,False,Electronics,Japan
108769ba-49b2-4df2-8a27-0f3f2d9f2706,True,True,False,Machinery,China
79dbc46c-01f5-4ff1-ab55-b7169bc24b52,True,True,True,Chemical,Singapore
12edc9a0-6772-4fe7-9f34-5077b5447479,True,True,False,Pharma,United Kingdom
cee4af36-af7a-41f0-ae5b-4c66508b2b77,True,False,False,Perishable,India
1b6632d3-15a9-4a3f-86fa-fe2aac3d3403,True,True,True,Machinery,Germany
ca9f054c-4d01-4d06-a723-13974bc1c6ad,True,True,False,Electronics,Germany
08894412-2323-431f-b128-2a56c06bbe9a,True,True,False,Hazardous,Germany
c9487203-a9b2-45af-986e-835d90c6e193,True,True,False,Electronics,India
0c94c6b9-1344-47c0-a1af-4420db8f500e,True,True,False,Perishable,South Korea
7ccba074-9a6e-4802-a6ee-72c62f617e18,False,True,False,Electronics,Netherlands
58a5da7d-6562-4d1d-8c9d-713b84aaba0d,True,True,False,Chemical,India
a0f8042d-9acc-434a-8fd4-a4d76442ec7a,True,True,False,Electronics,Japan
4f73d5f3-2cf4-4de3-8c16-cd9e78c5093a,False,True,False,Machinery,South Korea
d6876736-2c21-407d-bc24-2c832aa16d2b,True,True,True,Textile,United Kingdom
99615438-9e34-429a-8d14-035632bd92d7,False,True,False,Electronics,China
c72a2a56-1014-4cd3-ad80-4117740b721f,True,True,True,Machinery,India
24aadff0-ed5b-4d5f-b6f4-76d60fe47481,True,True,False,Pharma,China
a42dfd15-97c7-4421-95be-b19347655eb1,True,True,True,Perishable,China
1d395d03-3017-4ebc-a544-335dc56aecc5,True,False,False,Hazardous,UAE
1e40d041-2e5f-4102-a4a8-8bc17c66b041,True,True,False,Chemical,United States
1e08ebe7-fad6-4042-bcfb-7c6e7365104a,True,True,False,Hazardous,United Kingdom
15a84ecb-2414-40b8-a3c8-af4ccb8926b4,False,True,False,General,Netherlands
51aaa30a-1dc4-4fbb-8e37-52755d57ea36,True,True,True,Textile,China
89a09c44-48b2-425c-af82-8dcef1c147f4,False,True,False,Perishable,South Korea
8564e478-a735-4b11-89d2-0ef43901b7b0,True,False,False,Perishable,India
31bf2882-1f7b-4d7b-863b-6a9af4ba3d03,False,True,False,Hazardous,United Kingdom
da790ffa-b712-4245-b863-4709903e2d1e,True,False,False,Textile,Germany
04c23321-e93a-41bc-ae97-7b4addc58928,True,False,False,Perishable,Netherlands
ef5d53ca-93a7-44f3-ab93-e9f2e1aa2be3,False,True,False,Perishable,Netherlands
e9319b91-786d-4ff6-8db2-1978e53d71d7,True,True,False,Textile,Germany
48447e6b-344c-481b-b5a4-c78d90bf1c0d,True,True,False,Machinery,United Kingdom
809924bf-a421-44a8-9141-9cc5f2ffa9aa,True,True,True,Electronics,United States
77d82dfb-0ef7-4886-9eae-89d051201bec,False,True,False,Pharma,United Kingdom
2a88b5a4-893f-4877-8835-53657a9baceb,True,True,False,Hazardous,United States
91223490-c491-4798-8ed3-db1f3987af43,True,True,False,Textile,United States
02ddcd70-06ef-4e7f-9fa3-2249e5993ef1,True,True,False,General,Germany
a06f7583-1633-4314-b1f1-a2171253b8d0,False,True,False,Perishable,India
da0971d2-05bc-4f46-926d-48ed76d5fe22,True,True,False,Hazardous,India
2828ca4b-eac4-420c-b3f3-218322baa93a,True,False,True,Hazardous,India
6fe7e87f-5637-4be6-81bb-b5feaa9bc66b,True,True,False,Perishable,United States
b7994f24-c2f3-4a2a-8be6-e012510d71fa,True,False,False,Electronics,South Korea
85cc8299-fcf3-4092-b9b0-1b2ef2fcaea1,True,True,False,Pharma,South Korea
fed0d9db-5844-4dfb-94dd-5f36504a6629,True,True,True,Hazardous,Netherlands
bd049729-283e-4ed5-af44-94e98c79a4db,True,False,False,General,Netherlands
d5df90b3-863a-4d1d-8b8d-58791929de72,False,True,False,Machinery,Singapore
0675b141-cbbc-4a03-913c-408dbcdfd174,False,True,False,General,Singapore
1657ee57-bcca-4200-b483-28aa1e1127df,False,True,False,General,India
682167bd-5bc1-4a01-b780-5d264d763f4f,False,True,False,Machinery,India
b4d817f3-568e-478a-a360-69936ad6f59c,False,True,False,Machinery,India
a6afe11a-a07e-47cb-a2cc-a4e0e3728fd4,True,False,False,Chemical,Japan
579251f5-2148-472f-b67b-ec3527fc3c1f,True,True,False,Pharma,Germany
e729ea8d-53de-4c23-8c22-04505216f8be,True,True,False,Pharma,Japan
e1ff4d95-bcee-4393-a29e-62ba0221948d,True,True,False,Electronics,United Kingdom
018099ac-ed6f-4dd1-9f6e-7ff840d7e09b,True,True,False,Pharma,UAE
7b8e9df2-0b54-4d55-aff8-30ef810ac881,True,True,True,Textile,UAE
9e867f25-b474-4a8f-8dec-7c73f57122fc,True,True,False,Electronics,China
6e14feaa-7658-457d-afd6-429c87902d8e,True,False,False,Hazardous,United Kingdom
a457f139-776d-4e91-9dbe-a42d8dc3698c,False,True,False,Textile,UAE
8060bc35-3fdd-4bec-8975-dc8264876646,True,True,False,Chemical,United Kingdom
bfeb4c1d-f338-4980-9f71-968f4b0a394b,False,True,False,Hazardous,Singapore
7f85215d-2e8a-4af3-8812-4afff4f630ae,True,True,False,Textile,UAE
a8dee2a5-6e07-47db-9140-c5b3cb70b9e6,True,True,False,Pharma,South Korea
d46a48ec-10c4-4a8a-9f06-245c85d878fc,True,True,False,Machinery,Japan
40aff28f-a704-4379-b233-1cea675a772b,True,True,True,General,United States
e521fb4b-4513-4f22-bfd6-a707180c8c47,True,True,False,Pharma,China
5df59eee-394e-4cce-b6ab-c6fc6d2261e1,False,True,False,Hazardous,UAE
dd69e325-f83f-4778-8869-0d94aa34aab6,False,True,False,General,Germany
895065ff-d15e-4f7b-bbb9-5bbf3d987834,True,True,False,General,UAE
1392ae6a-3164-45c2-afa5-b7f4515b2c45,False,True,False,Electronics,UAE
d807c9a7-edb5-4544-8bb4-c44e881c5eba,False,True,False,Hazardous,Singapore
0b718daa-e8c6-481b-b62b-6e73b418ee90,True,True,False,Electronics,United States
87864e18-d308-48aa-a20b-6c41fadaa8fb,False,True,False,Textile,South Korea
435e3101-1db7-44c3-bfa4-55dbea4774b4,True,True,True,General,India
40e1a9de-a05e-47eb-b857-363ca8d52ea6,True,True,False,Hazardous,Japan
66976bdd-ba27-4820-a1ad-73b512424a68,True,True,True,Hazardous,United States
82e88ccf-f1f9-414c-b554-d81b5af364e5,True,False,False,General,China
673ccbf6-dd77-4da1-9cc8-3dcf58c65700,True,True,True,Perishable,United Kingdom
2dd28091-f3b7-475f-8845-d1ad14ffd8df,True,True,False,Hazardous,United States
bf50e0e3-3222-43c6-ba5c-8dfd8a6257a5,False,True,False,Electronics,United Kingdom
a3eccb89-372d-47ae-b594-9da87be8ded5,True,True,False,Textile,Netherlands
d9e85b99-5078-4225-b27b-f6d7de02d5f1,True,True,True,Perishable,United Kingdom
0828ecd5-fde3-43d3-842b-2284ad10c1bd,True,True,False,Machinery,Germany
8888edaf-aa40-44e7-82ef-b7f0447b1f1b,False,True,False,Perishable,India
354f3aaa-6b21-4499-80fe-f5a3e9a899d1,True,True,True,General,Japan
066c0874-53f8-426f-a6b5-814ecccc890c,True,True,True,Machinery,Germany
279ce242-7ee6-4fc9-a722-abc2f6b6dcb5,True,True,False,Textile,China
721c8384-0efd-4693-a1d3-f9f5989116c9,True,True,False,General,United Kingdom
0dd4b07f-e75d-4f85-8ca9-b4609bc5225b,True,True,False,Hazardous,UAE
3f400e6c-adf8-4c31-9f0b-e981278ccff9,True,False,False,Perishable,Singapore
fd1ec6e9-0eb3-4aa2-acb2-ea1385da9252,True,True,False,Hazardous,UAE
b7099819-ddb5-4274-a5b6-ec6ea0d820ad,False,True,False,Perishable,Japan
d5a8c0f7-d4d1-4b59-b29d-c38158e64847,False,True,False,Machinery,United States
b32fe837-e097-4b58-b28c-98df67ed40bd,True,True,True,General,China
674443c5-8c1b-4422-a22e-3d83802c255b,True,False,False,Electronics,Japan
b5bf77a9-043a-4d00-a24f-42a0f8c57aea,False,True,False,Perishable,China
ab4f01de-c4b5-4801-a9c1-d1f26d8374b0,True,True,False,Pharma,South Korea
c023e051-9f4f-4a8c-b4f1-7b66a49469cf,True,True,False,General,Singapore
a5bb40d8-a7df-4958-b272-cf542ec5ecda,False,True,False,Textile,India
c7712566-2c1a-4d0d-8e0c-3db4d82a0665,True,True,True,General,South Korea
1594278d-8a13-4628-bd95-5ac25ce6f251,True,True,True,Machinery,United Kingdom
7318c3fb-2e05-431a-ab22-54c2f31f6b57,True,True,False,General,United Kingdom
f757c46a-85f2-4030-b021-88f2abf9fd91,True,True,False,General,United States
d1d44c39-72eb-473d-8afd-8d852d90c258,True,True,False,Textile,South Korea
16e627a9-622a-4733-82b3-dee8b721e945,True,True,False,Hazardous,Singapore
226dfec3-ceb6-409f-8e1e-2ddb0e2993b7,True,False,False,Chemical,South Korea
75077dd0-385c-4a6e-b8e0-fa6c5a5b97b3,True,True,False,Hazardous,Japan
30feac54-b4d9-4ce0-9d95-fcdc52d4ea74,True,True,False,Pharma,Netherlands
cfb4d725-7bdd-4acb-9f08-9e9d77ab5826,True,True,True,Machinery,China
5de4f54a-ee42-4716-b8a5-6ecaad8085f0,True,True,False,Machinery,China
d5a4cbc3-b1ad-4f86-bd27-90118cecebc0,False,True,False,General,UAE
18b09c96-b8ab-4222-aa04-ed25d0339e5e,False,True,False,Chemical,Germany
dd0584e8-b106-44f9-aa76-239598899b29,False,True,False,General,Germany
827ef8e1-afcc-4498-8fae-e169cd1eade5,True,True,False,Textile,India
a626348b-6f48-400d-9b59-9d5736483a1b,False,True,False,Textile,Germany
817fa9b9-7f78-41fd-b694-b7f35a78ca3b,False,True,False,General,South Korea
8b534b60-68ae-4023-b24a-079b9de15ebb,False,True,False,Electronics,Japan
69924df1-efea-4a47-942d-6405ed2becc0,True,True,False,Pharma,Germany
b45b8c0a-28e8-426d-b04b-2d046dde75af,False,True,False,Machinery,Japan
3876f720-3fc3-4be0-9130-16bf7adcf67d,True,True,False,Textile,India
cf30355d-7aeb-432e-b7d5-4304eb61f42d,False,True,False,Textile,Japan
190da4a2-2672-426f-8579-19ed0d1ab0e7,False,True,False,Textile,United Kingdom
5b0b511b-b8ae-4ddc-ab0b-27da08c559c4,True,True,False,Perishable,Netherlands
01450fbf-a907-41a6-881f-3c4412f9f89b,False,True,False,Hazardous,UAE
5c81d558-105f-416e-84df-44b152a6b42d,False,True,False,Hazardous,UAE
c7b403b8-4659-4931-b59e-6a3da6fa3d06,False,True,False,Perishable,India
ce7facc9-2254-4e9f-b2d4-c13ffcb2bbc6,False,True,False,Hazardous,China
fc750b78-3928-4d41-b15c-a8d840159838,True,True,False,Textile,United States
fabb38a5-cfdc-4c68-bcf4-d4da85342b70,True,True,True,Electronics,UAE
1fc79629-e8ad-4838-85c3-ea577cd7f0c3,True,True,False,Chemical,China
0b2db72d-7901-4c8c-a1d5-e63e80b04c32,False,True,False,Hazardous,Netherlands
ba11dfd1-d0eb-47e1-93cc-e780e2ee9f58,True,True,False,Hazardous,China
31a20fd1-a049-4905-abd8-e9ef1c0165a3,True,True,False,Textile,Japan
94136a7e-e4be-4c57-abd5-3e62cb7be81d,True,True,False,Chemical,UAE
3b0d8840-68a6-43b5-bfdb-efe9795e65e6,True,False,True,Pharma,India
cd7f5848-4a84-4eab-8f37-d89683f71c5c,True,True,True,Textile,UAE
2ac3a65e-5064-47ac-83fd-497783ecaf78,True,True,False,Chemical,United Kingdom
f3b97c0a-b11c-47e4-b6f1-11f7bd9f9df6,True,True,False,Pharma,Netherlands
feceac76-b03c-416a-a321-96b9c13a0747,False,True,False,Electronics,India
ada88583-49fd-4ed6-a506-48a0798036a1,True,True,True,Electronics,Netherlands
fe88693e-96dc-4a98-a94a-21885311b37f,True,True,False,Chemical,China
2f90ef96-90ae-42fe-8d23-54013b03f0f6,True,False,False,Hazardous,China
b5829ef6-a2d5-4a02-bc46-03e366fa4332,True,True,False,Hazardous,UAE
e60016be-0c74-4cc1-8eda-620d9fa915eb,True,True,False,Chemical,China
d7c7a218-4396-42f1-9b40-54fd86c1170f,False,True,False,Machinery,United States
44629784-e870-41c8-a6d1-23544fbcccbf,True,True,False,Hazardous,India
198e7d6f-c201-4252-9edf-66730964cb19,True,True,False,Pharma,Netherlands
4e25ee38-914b-4ed1-a7f8-5f3793c0d79d,True,True,False,General,Japan
a39bbfdc-98b3-4c4f-8afc-b514be56950a,True,True,False,Chemical,Japan
0e55fbd3-227e-4600-8f83-6ea2309f5500,False,True,False,Machinery,Netherlands
321caf5b-4ed9-4b27-b430-653eb52df9f5,True,True,True,Electronics,Japan
cacd3a49-3f9b-4fc8-b4cd-eab5614a14da,True,True,False,General,United States
74500376-b4bc-407c-8f00-8f3350b8f982,False,True,False,Hazardous,Germany
11b8c06a-9ba6-42e9-8382-86557915a52b,True,True,False,Machinery,United Kingdom
5592db67-344d-4741-bc73-701b41e9952d,True,True,False,Textile,Singapore
14fd4b7e-06d1-49c5-9677-9ccaa3324cce,True,True,False,Textile,Singapore
f4da84a7-6511-4fb9-ae11-0724a453ba97,False,True,False,Machinery,United Kingdom
d51c8fbd-daa2-485b-8ed9-87df84bd4dba,True,True,False,General,Singapore
11af6efb-5031-41a5-b85b-1aa404dcab96,True,True,False,General,Netherlands
46d3fe71-a37a-48f5-9765-46d7268537c0,True,True,False,Perishable,United States
473fba77-c5ac-460b-9fb7-3d5201206791,True,True,False,Perishable,Netherlands
ee6c3613-c11e-40cb-9d70-44eef552b61a,False,True,False,Chemical,United Kingdom
9381959d-0839-4732-b90a-8cd6e61a3ec3,False,True,False,General,India
7cf76cc0-356c-4469-9054-a3c08cc87680,True,False,True,Chemical,India
07b16d2e-50e9-4af7-b221-9b7f40caeab1,True,True,False,Textile,Japan
40597b1d-2dd8-4257-a989-81b1fc842c51,True,True,True,Textile,Netherlands
d733f69e-a586-4f11-98ae-76cccec9df67,True,True,False,General,United Kingdom
1fc6fffa-862a-4e36-8b59-5f045c4e153e,False,True,False,General,Germany
eb5d0457-d4e1-47b2-9154-1a8f795ad027,False,True,False,Hazardous,Netherlands
d22bab08-c7e7-4128-860c-9860ec40be67,True,True,False,Machinery,Japan
f5e17820-a27d-4847-97fe-9e5ca4b3850e,True,True,True,Chemical,India
e67ad644-762b-44a9-830a-e71d39f3e0fa,True,False,True,Chemical,China
07913f5e-6ae3-495c-85df-0895eca8d974,True,True,False,Hazardous,South Korea
0afdb242-77d1-4dd3-a2c1-784978491310,False,True,False,Machinery,China
bb3fdb8e-6309-495d-989f-a872681aa44e,True,True,False,Pharma,Netherlands
475b8953-3848-4247-ae3d-8edbb6a324c5,True,True,True,Machinery,South Korea
8704aa9a-7b98-4f7b-bc4f-ca84c6e6f6d0,True,True,False,Perishable,Singapore
425a6d0d-66aa-43a9-a8d7-d5402ee83f63,True,True,False,General,China
50b009da-841f-4e8b-b126-da3d5d665fd8,True,True,False,Chemical,Singapore
4d8276f8-8498-4360-9c11-05a9eae0a78a,True,True,False,General,Japan
ca971a5d-b81f-44ef-8644-a160e444eb35,True,True,True,Hazardous,Singapore
9c5fa27c-4fe1-4b23-b058-89fc78fc8bb0,False,True,False,Electronics,Singapore
8b594d10-943e-404f-931c-736514f84786,False,True,False,Hazardous,United Kingdom
a71ddc5a-f6a2-4f30-a949-5025341fa183,True,False,False,General,India
c128911c-88fa-4884-9f0e-e85bfe743b59,False,True,False,Hazardous,Netherlands
ebea6300-00f1-48f5-b59f-152816726614,True,False,False,General,Germany
e7b718fb-db22-4411-9bb6-4e282cbb57b6,True,True,True,General,India
2cdf2bff-ba5a-41fb-965d-b0ac3e606090,True,True,True,General,United States
6d06e175-945a-4089-98eb-d2e16c0f7429,False,True,False,Textile,Netherlands
4d283c1f-cbd7-4577-849e-e5da829b77c7,True,False,True,Hazardous,Singapore
cdf03edb-cd79-48e6-9531-fef481a6a225,True,True,False,Textile,United Kingdom
c0eb8b26-27e0-4516-b6d9-d686a2565fe7,True,True,False,Chemical,China
d2fadfbc-114c-4ccf-a6ab-3a0621157dc7,False,True,False,Hazardous,India
7cb13431-6750-461f-b057-2765d89ce836,True,True,False,General,Germany
bec8a78d-4242-4963-9f88-e11a00e188c0,True,False,True,Machinery,United States
d23e171f-16c8-4874-9867-a1787a87c1e1,True,True,False,Pharma,United States
178c8e23-d697-4d66-962c-9378ac12c652,False,True,False,Hazardous,India
b780385f-7b9b-4b1c-9f59-894d976ddbeb,True,True,False,Perishable,China
31c262fc-7dcc-4de9-ade2-8ec4bfb2ebb0,True,False,False,Hazardous,Singapore
e86079ae-30ca-4637-b93f-7feb8c09739d,True,True,False,Pharma,Japan
3f64d395-ad9d-4f96-a183-4fef758dc741,True,False,False,General,United Kingdom
75104a37-67dd-4a67-ac1e-8d11c971762f,True,True,False,Textile,Japan
9640e59c-bbb4-46d4-b1d8-be2e204150a3,True,True,False,Electronics,Singapore
2e6fef2f-3e6b-4174-b25d-bcb93d1b2244,True,False,False,General,South Korea
b457921a-bfbb-4432-9070-51170ca63dd5,True,True,False,Pharma,South Korea
d26b7a99-38f0-429d-8db8-fadbf49826d5,False,True,False,Pharma,United States
a7b5089b-cbde-40a1-9ddd-fc7933d2f08d,True,True,False,Hazardous,China
392f46db-6c1d-4aec-99d3-8cc65ae35d7f,False,True,False,Electronics,Japan
a13bcba8-5598-4528-bdbb-1c44d4b52654,True,True,False,Machinery,Singapore
828cd2d1-f43d-4bdb-868f-38f4f3702f37,True,True,False,Electronics,UAE
d62740cd-59d6-48bf-b61b-17421f4ef127,True,True,False,Machinery,Netherlands
97a431b2-b61a-46dc-b1a3-1df875ff3d39,True,True,False,Electronics,Japan
832dba89-26dd-4e83-a9ea-ded1538b8219,True,True,False,Pharma,United States
ee701d44-31ab-45c1-a6b9-4fbb2317aefa,True,True,False,General,Netherlands
a4e91011-b8ee-4eaf-b792-ab72392f473c,False,True,False,Machinery,South Korea
4ef96e64-b73d-47e4-bc53-2e07bae07cde,True,True,False,Machinery,Japan
f94b3ce6-f280-4fa9-aee9-ce09b565c7b4,False,True,False,Pharma,Singapore
97a84a73-0d35-4099-b360-fb91f4905e2b,True,True,False,General,India
d41b8e4f-03dd-41f4-a490-b5520f6705e2,True,True,False,General,Netherlands
6eecea81-f47c-488d-9a5c-554e06124e2e,True,True,False,Textile,South Korea
52402b75-7f20-485e-9747-c9ce72baa307,True,True,False,Chemical,Japan
082d5b49-5cf3-46f1-818e-cde531e0e319,True,False,True,Textile,United Kingdom
b268edbd-95c6-4931-9417-c7d5286ec2b2,False,True,False,Hazardous,Netherlands
3918c8f2-a999-49a0-b514-1b30353626e7,True,False,True,Machinery,China
d3b72c6c-bb54-4a89-a772-6724cd686180,True,True,False,Textile,South Korea
20a6a619-4767-4e10-bb6e-b030959b5417,True,False,True,Chemical,Japan
87a35bf6-f267-4c70-84a9-a6af19daca87,True,False,False,Perishable,Japan
d98de9b3-0688-41f6-b4d9-77f5c2174644,False,True,False,Machinery,Japan
8456f1a9-39c5-485a-8d15-339ea633540f,False,True,False,Perishable,United States
c3d2dc84-4617-4904-bf86-98509d40ae17,True,True,False,Chemical,United States
811e4faf-21af-434c-ba20-048ec9f5f1ab,True,False,True,Electronics,India
9551b38d-93d9-4b8a-879f-1cc4bbc88eac,True,True,False,General,United Kingdom
4eb624a7-621b-4672-9d8c-3bdbe502e459,True,True,False,Pharma,China
fee786cc-3931-45e2-a50b-093f467a41d3,True,True,True,Hazardous,UAE
09131735-1d84-4f30-a0ac-e9403fdc1906,True,False,False,Electronics,United Kingdom
bd97c6a9-666a-4c9c-bb39-c8503a66630a,True,True,False,Chemical,South Korea
ac3cb689-7b39-4322-a97a-ea2c99f7c541,True,True,False,Chemical,Germany
9ab0e614-f562-422d-a735-c0193a603aeb,True,True,False,General,Singapore
806a3327-2315-44c4-8142-01619f4be1cf,True,True,False,General,South Korea
3c52b4c6-b409-4d46-8e07-b2cfdb804b96,True,True,False,Perishable,UAE
6ce4c97c-075e-4294-a21c-5991f546d1a4,True,True,False,Pharma,Netherlands
f329259a-cf1d-4b21-84f6-d4bb5e0faf99,False,True,False,Perishable,Japan
2592b61f-c6e8-4992-88e1-76ec672ec5b9,True,True,True,Pharma,South Korea
d37ac530-8aa2-465f-8d56-32a147f06fd3,False,True,False,Electronics,Japan
d589c7aa-634d-43af-82ff-376473782519,True,True,True,Pharma,Germany
49b4bbcc-711b-436a-bcee-ae0ec38ec655,True,True,False,Machinery,United Kingdom
3f863a95-238c-4167-84c5-3948e44a620a,True,True,False,General,UAE
e8da4248-6c40-43b0-a43b-d1241dfe7c81,True,True,False,Perishable,South Korea
d1d13a2e-7bb0-4b6e-8575-11b46ddb7c97,True,True,False,General,Netherlands
4005961a-927a-4e7a-ba07-335d048d7780,False,True,False,Electronics,United Kingdom
b5635817-24af-4d9b-ba87-5ae22e8287e6,True,True,False,Pharma,South Korea
909e3945-7a1e-4bc5-bda9-2a9610b8c607,True,True,False,Perishable,South Korea
0d77e216-ffca-4acb-a6b6-e2ddb97352d0,True,False,False,Hazardous,Netherlands
3c8779bf-471a-4250-9a7d-382fc52428ff,True,True,False,Textile,Netherlands
bda1dc4e-c6a2-4024-b7ec-fdcc5995a2a6,True,True,False,Pharma,UAE
bfae5404-3249-4910-85f8-a6080c0543a5,False,True,False,Electronics,India
6634bcb1-55f8-4144-ad46-cafac4c9df91,True,True,False,Textile,UAE
9e2c61ef-414b-4d4d-8da5-b89e6c426917,True,True,False,Electronics,Netherlands
e89ff5af-d7ae-4117-82ec-9aeeb17d44cf,True,False,False,Hazardous,South Korea
20676673-d4a4-440b-96b9-6476fa6f80be,True,True,False,Chemical,Germany
664516dd-705c-42dc-bd67-c664512c8d76,True,True,False,General,United States
2778bcbc-f994-41ac-8a3c-19868cb028df,True,True,False,Machinery,India
165a476d-a2cb-4f4d-b10f-5e882b3f7c56,True,True,False,General,India
904011a2-9b30-4808-8bef-8eb72af14aa0,False,True,False,Hazardous,United Kingdom
10061172-8260-4878-bf90-80fecc5108de,True,False,False,Chemical,Netherlands
6530a2b2-0f36-4a37-8ffe-31d64545937b,False,True,False,Perishable,Germany
48a18960-0795-44a2-876d-5efb6e480fb8,True,True,False,Perishable,Netherlands
0ba1549d-9409-4fd3-bf89-f71d5a3a8871,True,True,True,Textile,Singapore
4564b020-94b3-4cf3-bd89-ef0d30ef7ee7,False,True,False,Chemical,Singapore
55480ba7-35d4-4ee1-a050-e24f191a617e,True,False,True,Textile,United Kingdom
6034695b-c6be-4bfa-b161-bda4a5690854,True,True,False,Machinery,China
c1f9fb11-9f79-472c-95fe-ca5344c0f2de,True,False,False,Pharma,United Kingdom
1d81fd03-a817-41fc-8f11-5a221dd27fb7,True,True,False,Perishable,Singapore
b8f4fd05-addf-4e17-950c-4fca6134b24f,False,True,False,Machinery,Singapore
fb6dc8bf-0819-4635-ac58-b4a61b451338,False,True,False,Machinery,United Kingdom
d16662e2-04e9-4caa-a85d-fb7c90c99e38,True,True,False,Hazardous,Netherlands
687fb48c-660e-4b2f-a705-99b7eaa1960d,True,False,True,Electronics,India
a15a5a1b-97c6-4220-8942-fda05560aee5,True,True,False,Perishable,Singapore
f578002d-6882-4640-8f6b-4d312dc8baa6,True,True,True,Textile,India
96c8093b-0fbb-449b-a524-97e8ae8314af,True,True,False,Machinery,Singapore
f2c13078-b3e9-4513-b12d-e4ec121d658d,True,False,True,Chemical,United States
d30a6d28-c152-408a-bad5-ee61975796c9,True,True,False,General,India
86c4d8d2-f02c-4093-a2e3-4a8cca5cbeb7,True,False,False,Machinery,China
29008bd3-b690-46a5-a0b0-d08cb7ea330e,True,True,False,General,Germany
ae08c34f-7fba-43c0-b85b-6a871b100126,False,True,False,Machinery,Netherlands
54718b99-3e1f-4bcb-a0a6-c733c78cbc91,False,True,False,General,India
bc51f3b2-23f7-42c2-b122-21e81ac366bc,True,True,False,Perishable,South Korea
22d17b14-b429-4dca-b5dd-2de0720c8e3c,False,True,False,Machinery,China
1acf1427-fb20-4bb8-b4d0-f8f73233d10f,True,False,False,Electronics,South Korea
fa561f06-a390-439c-a05d-0179d2d0cd1d,False,True,False,Textile,South Korea
44f930ae-3d4a-4fda-a858-f39abb68c0ee,False,True,False,Electronics,India
fbb8bb4b-29e3-4e81-a82b-076e286c5e5e,True,True,False,Perishable,Singapore
471dcc02-fdb0-4ff9-9d13-0ed0292a7018,True,True,False,General,UAE
1280442d-da15-46d0-b635-a88f6597f410,True,False,False,Perishable,United States
b2ec0263-4ed7-4563-a049-3caf76f69969,True,True,True,Pharma,India
ac4f8fca-e261-47e3-89f1-53b545829e86,False,True,False,Chemical,China
1874dbe5-73a3-4129-bde4-878ec38a5cf5,True,True,False,Pharma,South Korea
847bd8c9-5ec2-4b16-b9c4-99c21b67ec5a,True,True,False,Machinery,India
a6190b2f-6498-4a87-b984-66d82def01ad,True,True,False,Chemical,Netherlands
f74cee91-4a9c-4c4c-abf1-eac247fc06d1,False,True,False,Electronics,China
d855bd53-6118-47c6-99b2-4653a350d8b2,True,True,True,Perishable,India
931a3e7b-d857-4c80-b107-68b1cab44faa,True,True,False,Textile,Japan
8aa1e206-84cd-4f9f-88a2-d4278011c4e3,True,True,False,Textile,Singapore
59dacb2b-9df8-4a4b-9b9c-363a98da10ce,False,True,False,Electronics,UAE
c22fceb0-8487-4dcb-ae07-f0f03bf15f9e,True,True,False,General,Japan
3b8a71c1-955a-4671-b77e-87174c2aa33b,True,True,False,General,United Kingdom
6f85c14e-7c10-428d-9b75-cff67083992c,True,True,False,Textile,South Korea
20d7e6ac-ed4e-4fd6-b546-8562e85b3e62,True,True,False,General,United States
29f177d2-292b-4bc8-bd94-69ddc5fff21b,False,True,False,Electronics,UAE
cf66e6cc-610b-4acd-aea5-37a95050a2ab,True,True,False,Electronics,Germany
cef81f86-9fc6-4cab-bc3a-3bcbae5598dd,False,True,False,Perishable,Japan
ffc012a4-3ce2-44ec-a2cf-66398372bdfc,True,True,False,Chemical,South Korea
da73042c-b394-4fa8-8d37-5fcdae48470e,False,True,False,Textile,Japan
ec101035-bf68-4205-b7b0-b34bc913aee0,True,True,False,Pharma,Netherlands
741f0608-fc7d-460e-90f4-66e83adfef48,True,True,True,Hazardous,India
ef706d8e-a522-4da8-99d1-ca0fc1e38ecc,True,True,False,General,UAE
76b86092-cf32-442a-94b3-4dde71bb064f,True,True,False,Chemical,India
e5f5c456-2b8f-48b5-bf50-71ef66968419,False,True,False,Pharma,India
fc04421e-7af0-4cb1-9940-fe37ae37ca94,True,True,False,General,Japan
d3239181-dbfd-4920-a470-44b87a3c4fed,True,True,True,General,China
756d216b-1fd5-4c5f-9e2e-05e764ecec2c,True,True,False,Machinery,United States
b36be1fc-98cd-4922-a6ad-14957ce28d5e,False,True,False,Textile,Singapore
75e4be89-412e-40fb-b3ef-6c2f5e8b9062,True,True,False,Chemical,China
90a6bca7-3909-4749-b645-c4bc7d34740a,True,True,False,General,India
db0da727-2863-4faa-98eb-543fda5c3341,True,True,False,General,China
487feaee-6891-42bb-815a-ee68f9075140,True,True,False,Machinery,Japan
197e7bea-9945-435d-81c0-4e6f291284db,True,True,True,Machinery,China
c88fefa2-edb2-4e5f-9e82-c8edc624c51c,True,True,False,Machinery,Singapore
81b576c6-35e5-4618-b859-5cb7062e6a7e,True,True,False,Hazardous,United States
0c595a6d-40b3-4423-ba10-c43c8b703631,True,True,False,Chemical,Japan
f9a21077-6bbc-4d2c-aeea-aa3a9007b32c,True,True,False,Pharma,Singapore
0ab79d98-e1a2-4a14-a077-b71164f1aadf,True,True,False,Textile,Singapore
ffc3cdbf-ed8e-4b56-acd8-157fbd6bbcdf,False,True,False,General,UAE
239d5540-4241-4d5c-bab7-74354775698b,True,True,False,Perishable,China
770fad6b-5c69-41db-90f1-4e5ee3d68dd6,True,True,False,Textile,South Korea
f061bdfa-b7c7-4771-80ac-7e4e6d004cf9,False,True,False,Machinery,South Korea
763f1b43-7d68-41bf-a8af-a0427f72516c,False,True,False,Chemical,Netherlands
d0eb9350-5079-416b-897d-d27137cc19b6,False,True,False,Machinery,South Korea
7f5fa4d0-68e1-4119-bcab-bd418e70e0af,True,True,False,General,Netherlands
d1d299b7-a1cf-4cd6-8e26-6e8b3ecff3e8,True,True,False,General,China
fcbbce98-9727-4eca-a6b4-a8079eb49e2b,True,True,False,Machinery,China
69eac18a-d1b0-4c5b-b249-dc487ba6c3a5,False,True,False,Hazardous,United Kingdom
9db87333-44ec-42fd-b951-224e64ab4fbb,True,True,False,Machinery,South Korea
dde46144-b243-40a3-acad-b3a2e7739916,False,True,False,Perishable,China
80f11edd-31e8-47f3-92c8-77dffd8cacc4,True,False,False,General,Singapore
4b58ae28-5e54-42c1-9171-2a716227fdda,True,True,False,Pharma,China
fb30d5d9-714f-4dac-aea3-a472ebd8a7bb,False,True,False,Machinery,South Korea
4f512619-18db-49d5-b09b-fb657702c53a,True,True,False,General,India
e7df5bc2-6493-4601-8987-d5d07e3d95dd,True,True,False,Hazardous,China
13b567e8-4d31-4762-af13-4988f758232a,True,True,False,Electronics,UAE
627fe7b9-0c0a-4277-b315-2ccb66ecfdaf,True,True,False,Machinery,Singapore
657dbbf9-fa92-4b22-bbd0-1e5e55e44859,True,True,False,Textile,India
f951577a-a1f1-4d7c-996f-1b7985d05141,True,True,False,General,United Kingdom
efef673a-d5b9-4589-8a8a-61ba6a0c05f7,True,True,False,Machinery,Germany
3c74911c-4abb-45e1-93eb-cac6369705bd,False,True,False,Pharma,United Kingdom
3fc12a1e-4936-4b20-85cf-28d493e48195,True,True,False,Textile,Japan
ee07ff21-5ce8-4051-885b-ea08947d5f3f,True,True,False,Electronics,United Kingdom
a3c490c5-8a32-498d-a57c-74eaaddb69f0,False,True,False,Chemical,China
ab999f6d-3eea-4693-a145-3dd49a2f5785,True,True,False,Machinery,Singapore
97f09fb9-72fe-4b1c-81e3-b7cc5e0befc2,True,True,False,Perishable,Germany
429ecaac-02b0-443a-9f4e-ef2a7787a095,False,True,False,Textile,Japan
6a3b47a8-8152-4750-ac19-738317e52e91,True,False,False,Hazardous,UAE
84035860-eaa3-44c0-99a5-976e23b5b494,True,True,False,Perishable,China
258a2009-968f-401f-8fd5-a2a998043f71,False,True,False,Electronics,China
8f59bcd3-7fa5-402b-8862-888c4eee943b,True,False,False,Chemical,United Kingdom
015335b7-ef7a-4fc6-a3cf-dfc0def684ad,True,True,False,General,UAE
6d21f8ab-8b48-4543-9b65-75c1511d7fa6,False,True,False,Hazardous,India
bdc9220c-3e3f-48f5-9899-5cf38e00c5f2,True,True,False,Perishable,Netherlands
e3dc543a-6207-476c-b1a1-5f4eaec8c7a8,True,True,False,General,China
c0d04e3e-3ee8-4789-8903-4c33e1968e2c,True,False,True,Chemical,China
e33960ad-52d4-40bf-8875-b9b2f7ed0fb7,True,True,False,Machinery,United Kingdom
01565ebb-2374-4cdb-ad22-17df4f76dd21,False,True,False,Textile,Japan
50866516-12e9-4cbc-b68f-93fa9410dd8e,True,True,False,Chemical,Netherlands
21de45e8-deb9-4b0c-b5a9-e83bd00b8dd4,True,True,False,Chemical,UAE
490afc65-b849-474b-af66-2f90efecbdbf,True,True,False,Chemical,United Kingdom
edca5fd4-77c9-42d7-be0c-626b01aa127a,True,True,False,Electronics,South Korea
1f991bc4-c0cb-44c9-bbb6-a8d510089cec,False,True,False,Machinery,Germany
9f66151f-a945-4e23-921b-475df3c2627c,True,True,False,Textile,China
1fc7bbe8-0f2e-4473-8999-c3f19acfaea6,True,True,False,Machinery,Japan
12364061-389c-4a12-87dd-1534ad6249d7,False,True,False,Pharma,United Kingdom
1ab491e2-9419-4294-a27c-df455eb67c4a,True,True,False,Perishable,Singapore
8548e33f-15c4-48e3-b8d6-ad17dcc222a3,False,True,False,Hazardous,Germany
dad93088-1b80-4fbb-8bc3-ca38e66e93bd,False,True,False,Textile,Singapore
5e1f4388-e29f-47f8-9766-dbf0cccb58b4,True,True,True,Pharma,India
b44bfba2-35a6-4ab6-95d9-4ef935368dd6,True,True,False,Machinery,India
9d44bfa8-821b-4e9f-8c93-96ce6d5a6167,True,True,False,Electronics,Germany
4e94794b-c948-4158-b7dd-f23f61de8631,True,True,False,Pharma,Singapore
cf8234f0-fbc2-49b4-9492-2202a87ecb70,True,True,False,Pharma,Germany
008ff19a-627c-4dac-9367-86350ad0964e,False,True,False,Hazardous,China
5d83f4b2-aaf7-4710-a873-b1e4f9ba72ef,True,True,True,Hazardous,South Korea
039388c1-b3cc-40f7-8974-2f1178e9837e,False,True,False,Chemical,South Korea
046db667-71d2-4fb2-b2b3-b961102a098c,True,True,False,Chemical,Netherlands
9bc8d29f-5315-4d23-a1b0-9147bc978841,True,True,False,Machinery,Netherlands
8cd22e85-1934-4ad0-94e8-eac79d6349d8,False,True,False,Machinery,Germany
3133b1f1-5183-4b0b-bf30-2147c84b1eb7,True,False,False,Chemical,Netherlands
ec9ed119-fc9f-4824-9eb1-968876f1ca47,False,True,False,Electronics,Germany
9427eb98-284f-483e-b6c8-69491291a711,True,True,False,Machinery,United States
961b174b-267e-46c0-a1e6-3202019c640a,False,True,False,Machinery,India
50c97850-f6bc-4d4d-8816-0516bd570364,False,True,False,Hazardous,Netherlands
b17ac49b-f78e-45c5-8b9e-541095c5425f,True,True,True,Textile,China
08b9a1d0-08e5-4ea9-966d-551c561065bd,False,True,False,Machinery,Japan
d6d49b67-c664-442f-b961-c49128b80278,False,True,False,Electronics,UAE
f37a744c-a660-4934-b19b-559e8cdc6873,True,True,False,Pharma,India
722190d2-e877-4de7-8e2c-dc5cb66ff4c1,True,True,False,Electronics,China
24712f7f-baf4-4f07-9a78-f744d6a0f604,True,True,False,Perishable,United Kingdom
4f594540-3821-4dbf-8ac2-f74ff304739f,True,True,False,Textile,Japan
ad8607cd-7674-4fa8-a646-bfbcfea39cc4,True,True,False,Machinery,Germany
de583afd-78bf-4280-8df3-2b38ee14009b,True,False,False,Electronics,South Korea
d6bc6d8f-e31e-4358-b4f0-6b9b7a881182,True,True,False,Textile,Singapore
89a97eaf-4a03-4c75-8d96-9dccfb41b714,True,True,False,Electronics,Germany
77ddf137-96d2-4ebd-9112-71612c89a22a,True,True,False,Pharma,United Kingdom
c348e55e-8fa0-4519-97b7-2205a236dc9f,True,True,False,Chemical,UAE
b70499dd-115e-415a-b167-463947cfe0e0,True,True,True,General,UAE
364786fe-d890-4f8c-9dc9-f73fa923cdf0,True,True,False,Pharma,Germany
f21b1b2d-dd6a-40a6-800c-bc01897bb880,True,False,False,Machinery,Japan
23b09a6c-7bc4-4d21-88f0-30a1a05a0144,True,True,False,Pharma,South Korea
627dbbe7-b74b-4f98-938b-304b27a37cbe,True,True,False,Electronics,South Korea
e469f035-fe59-4a18-946b-14d9bb9ef0e7,False,True,False,Perishable,South Korea
b6ea249e-b414-4b96-93f5-8a88e69425fb,True,True,False,Hazardous,Netherlands
97ee7e2d-726d-4ab4-9e2a-b7dcf032bfeb,False,True,False,General,United States
93887d79-e94c-4362-bce5-46347016d420,False,True,False,Machinery,Netherlands
2e3ecd8d-3c20-420f-a9fd-2a3b0a8ca084,True,True,False,Pharma,Singapore
c76e7ca2-05e8-4b97-9400-ccaecd80cd73,False,True,False,Chemical,China
fceeb3a5-e939-42f1-b3f8-cd4308459355,False,True,False,Perishable,China
cf31dcc1-f257-49f2-bb7d-2a3d8fac910d,True,True,False,Machinery,United States
2c41a645-c0f1-41d9-8d60-00e36c0663e6,False,True,False,Pharma,Japan
38508105-878b-4bf5-ba51-cf53d325e3b3,False,True,False,Perishable,United Kingdom
7b96cc0e-614f-4b9e-b537-0b96adab7bb8,True,True,False,Electronics,Germany
c7063446-418d-44ad-a942-93440d3a526f,True,False,False,General,United Kingdom
5953ab52-f4a3-48bf-9da3-30db3bfd610c,True,False,False,Perishable,Japan
8596b894-ad8b-43df-ba66-fb89ccb01430,False,True,False,General,United Kingdom
7f6c2f0c-698d-4c59-856c-b2c228acd349,True,True,False,Chemical,Germany
9c433585-d635-43d5-bc76-3e5cd8e91cb5,False,True,False,Electronics,Singapore
96ce6388-3150-446d-a129-93147d6a14e8,True,False,True,Electronics,United States
de349a52-bcd2-41dd-be78-cc54c1bdf792,False,True,False,Electronics,Japan
08b6e414-5280-4d61-a760-0afc427e24a7,True,True,False,Perishable,South Korea
5fdba15d-3dee-4e5e-a4dc-352d7372269e,True,True,False,Perishable,China
ab979250-41e6-476e-b9fd-fc7f17e1c4a0,True,True,False,Perishable,Germany
0b9021b4-f14a-4fa0-a84d-1da0dcdc0f44,True,True,False,Chemical,China
33662dfa-2694-4750-ae23-d9518f8e7259,True,True,True,Pharma,United Kingdom
2f4232d3-09d8-48a5-962f-9e421081b1d5,True,True,True,Textile,Netherlands
92ed1570-e14b-4dc0-b683-4ce019fe8a0f,True,True,False,Hazardous,India
cc2dec07-43ae-428c-bd58-8ec42c0f7b01,False,True,False,Chemical,Japan
8c973b27-db2a-4a24-8c94-ea77e6ffebaf,True,True,False,Textile,Japan
b922076e-8abc-4e97-a230-cb07bee70fd6,True,True,False,Chemical,China
168857fd-84aa-4961-9a73-60f1dd811cc4,False,True,False,General,India
4d0e689b-eace-4d77-a179-317bcac83257,True,True,False,Chemical,India
9e283ef8-c7ee-4598-acde-af1a257709b5,True,True,False,Electronics,India
c3d298fa-0118-4da5-a8e4-2841069f2ee0,False,True,False,General,India
6eea99e7-0f63-4d54-8467-9b107f97f8da,True,True,False,Textile,Singapore
48cd87c1-248e-4d04-b266-251c8d111e56,True,True,False,Machinery,India
f7479c18-7a9d-4f9a-98db-67ca145ca551,True,True,True,Pharma,Japan
68c9376c-4393-4332-b49d-a3f8cf8acd00,True,True,False,Electronics,Singapore
90fe7ecc-1260-4dcf-9a58-639d382342f0,True,True,False,Pharma,India
ce80aa86-c469-4fff-9292-6274cb16e46d,True,True,False,General,Netherlands
500956fb-c0a9-474d-b59f-6d6140a30e57,True,False,False,Chemical,Singapore
a1a03396-63b9-42f6-9699-2db3164cb56a,True,False,False,Perishable,India
244d6905-0794-438c-8def-ade326b8511a,True,True,False,Machinery,Netherlands
30ae48b4-3701-4ae8-8acf-85b3b5502fe8,False,True,False,Machinery,United States
89965b88-7dbc-4765-9eff-c143b58ce1c9,False,True,False,Electronics,Singapore
55d9fa4e-5409-40a1-a6fb-49d7bc932c63,True,True,False,Textile,Netherlands
90e37ab1-bd1f-4192-93d2-f58c4d49b25f,True,True,False,Electronics,Germany
16140e30-04a3-4da7-b645-d700f2cc433a,False,True,False,Hazardous,United Kingdom
ad095ae8-3794-4aae-9dd3-01278ef834e1,True,False,False,Perishable,United Kingdom
e5b1b13f-0afd-40d4-9464-832afcad7745,True,True,False,Pharma,Japan
ee560b65-26d5-456f-8607-2c82f401a1cf,True,False,True,Pharma,Netherlands
b02a966f-fa6e-45b1-b0e0-d8b7d9329da7,True,True,True,Electronics,Singapore
8f3692b0-f750-4aa2-85bb-b8fb4731c70a,True,True,False,Machinery,United States
cca00e93-1e94-485c-97bc-073703389450,True,False,False,Chemical,United Kingdom
cb71b9ad-9b74-4e09-a2a0-ac764d1873c8,False,True,False,Chemical,Japan
d3f79659-2163-4133-ac32-8b6c96012562,False,True,False,Pharma,Netherlands
231fb60c-f5da-4ed2-a8c9-6a14d074fea6,True,True,False,Chemical,Singapore
3a1d2c90-390b-42a1-bad6-3ca76c132958,True,True,False,Hazardous,Singapore
8436ca7b-f939-4bbd-a6ed-303a38ef353a,True,True,False,Hazardous,Netherlands
50428156-1a22-42b6-aeeb-1b563fde5276,True,False,True,Pharma,Japan
05d92507-50d7-4520-9d79-fad534724a8f,True,True,True,Perishable,United Kingdom
dca83d43-166b-4545-b8c5-c9dbf84f7df7,False,True,False,Hazardous,Singapore
1543eb3d-d461-4208-a895-0a25dcfb4018,True,True,False,General,Singapore
8187aeb0-32ed-4c82-b240-590191360749,True,False,False,Machinery,China
fea51268-f1d6-42a3-a4f8-eb244a270fa5,True,True,False,Hazardous,South Korea
ddfd08d0-4b1a-476a-ba83-3e7de815ef64,True,True,False,Electronics,Germany
e2801557-f315-43e4-b2b6-0dd426ee515e,False,True,False,Hazardous,United States
d1f1aab0-0bd2-48ce-b8f2-685012aa33dd,True,True,False,Hazardous,India
28f2c814-6a7b-4c04-b845-eafb1bcc9b37,True,True,False,Perishable,United Kingdom
2f57f6ec-67ca-44fd-b910-65b0098d81a2,True,False,True,Hazardous,Japan
2cb1cbe5-cb0f-42b9-bb0e-eb9d2794ef28,False,True,False,Electronics,China
da99025f-5eb9-405e-94f6-77d9c00fce27,True,False,True,General,India
99c59208-bcbb-45c3-bcd4-b27e84b6496b,True,True,False,Perishable,UAE
e5e7ef76-a0dc-43f6-a5ad-2d87d7b4178f,True,True,False,Textile,China
a3bac38c-0d06-437b-bdec-c785b9a33612,True,True,False,Pharma,Japan
e787e58c-0354-4197-a83a-f860d29f49b8,True,True,False,Electronics,China
02947ee0-c9e3-4759-ac2b-aa2ece052d0c,True,True,False,Machinery,Japan
ce783d91-ab54-4efa-af8e-38135b6e9c66,True,True,True,Electronics,Netherlands
bcc24376-1a80-498e-915a-dbd4d00f06bb,True,False,False,Pharma,Japan
4d752851-1f62-40c3-9184-96cd4c63eaf1,True,True,False,General,India
d2b2876f-c9b5-44cd-b4b5-e2feac131b12,True,True,False,Pharma,Germany
adf39f5b-70b4-4843-8936-df4c27642c9e,False,True,False,General,China
6313de08-4a1d-449f-b569-eb1ef88c9b61,True,False,False,Chemical,UAE
de69ece9-c5e9-47d7-a2fc-27064b48152e,True,True,False,Perishable,United Kingdom
12d92ea0-68d9-4783-b7b4-ed7bb2bbf0d5,False,True,False,Electronics,Japan
cbbd4031-f4c3-44fb-9979-fcf1c7a8d090,True,True,False,Hazardous,UAE
0ec17bbf-ffd6-423b-acac-690339b37507,True,True,False,Pharma,Japan
36c895a1-97dc-47ad-b935-6de52cd1820e,True,True,False,General,South Korea
98114fca-6173-40bd-af8a-7930726aa6f6,True,False,True,Perishable,United States
eeae0f17-fbce-44ea-bf82-76ba9e4d46e0,True,False,False,Pharma,Netherlands
0e253bc6-565c-4ff1-b14e-dadff74906c5,True,True,False,Pharma,China
b109c3e3-98c0-4bf2-af59-9d38d5524d31,True,True,False,Pharma,United Kingdom
545d8558-6c6f-45f5-9f2f-cc1287817267,False,True,False,Perishable,Singapore
1b4d6ab5-81d0-4187-a5b0-7c21591c30bb,True,True,False,Textile,China
94937a0f-6879-46f1-9d40-9ca9191321e3,False,True,False,Pharma,Germany
fc762890-f41e-4013-88f8-9ee8d1a09b7d,True,True,False,Pharma,South Korea
de3ff90d-e19d-4e4a-9338-cdc69fe5ad69,True,True,False,General,Singapore
61c36c20-3a08-4b90-b305-9d3187381cdb,False,True,False,Machinery,Singapore
12c6bca7-8799-4d1e-a974-d8c1eb355452,True,True,False,Machinery,United Kingdom
53305e9b-5966-4d85-8621-d51af789f9d9,True,True,False,Electronics,India
2a3616e1-3660-4f60-9364-e386e365419c,True,True,True,Electronics,Singapore
b24d2e94-be8a-4d45-9f09-f3ad067fbc61,True,True,False,Machinery,United Kingdom
0bde367b-1430-4f35-b51a-796604aa5399,True,True,True,Perishable,Singapore
d985b090-472b-40a5-8c2e-20e03eabaee6,True,True,False,Machinery,Singapore
cde74cf4-b755-4e60-980a-d3292090ba84,True,True,False,Perishable,Netherlands
8f251a65-8b8b-4864-a4a5-9520a896ba73,True,True,False,Electronics,Japan
8d8362df-4a44-49ec-84ec-3139455a5b92,True,True,False,Hazardous,Singapore
dbb11888-0543-4312-86a5-1c3418826761,False,True,False,Pharma,Japan
29e22912-c317-4023-8cf6-bfa522e4b76d,True,True,False,Textile,India
45d4328c-71c1-44ae-9bc5-dd7a6894256f,True,True,False,Hazardous,Japan
b4c810ee-716d-43b9-bea8-e84495a34f7b,False,True,False,Hazardous,Germany
2ae99474-0cc7-40aa-9097-1132a3d38aff,True,True,False,General,South Korea
b8afb46a-382a-4ed8-9caa-c912bc8ba5f5,True,False,False,Electronics,United Kingdom
62a26568-6634-487a-96f2-f29aa7550049,True,True,False,Pharma,United Kingdom
afb02a75-e635-4dc8-b94b-3408888ee51c,True,True,False,Textile,India
90192b13-769c-400b-9f74-f91a7f068e29,False,True,False,Perishable,UAE
8217b0a1-958b-40a0-bd96-59492bc4fd6d,False,True,False,Hazardous,Germany
7a537aff-f996-4297-bb1e-b461ca1c651e,True,True,False,Hazardous,United States
c089d38f-0058-4af4-961e-8e09f5fcc215,True,True,True,Perishable,United States
9020735c-bddb-4f2b-9b5f-9d5e5192e74a,False,True,False,Machinery,South Korea
d71e7348-dc5f-44ce-b405-1b2c47ff396f,True,True,False,General,India
f72c60b8-a055-4dc4-90ff-ebc5c86effb1,True,True,False,General,United Kingdom
7b213585-e9af-4137-b812-b6c6d8b1e4df,False,True,False,Textile,United Kingdom
3c114e05-7868-4923-9a22-16b76744c80b,True,True,False,Chemical,Netherlands
fc927667-2aa2-49cc-95e3-fc6ac380b1cb,True,False,True,Electronics,Germany
b5c5de3a-e438-4a7b-8cdb-356fedb31f06,True,True,False,Pharma,India
fadfd33c-2942-4bdd-997c-e50c815fe410,False,True,False,Chemical,United States
d27f62eb-bdeb-4157-8f87-315f35bf98b8,True,True,False,Chemical,Japan
043d8090-fc0f-4fba-b491-8a4e97b6cb33,True,True,False,Hazardous,China
6214a071-0d7c-4f78-b616-211168195dc4,True,True,False,Textile,China
04966fbc-2078-43e1-a623-0505e1609442,True,False,False,Perishable,India
49a20b79-e16a-4898-9cb1-600b0f887a65,False,True,False,Chemical,United States
bbd985a2-6b25-407e-86e3-bd00aeda0238,True,True,False,Chemical,Germany
7fb2b7a7-8e8a-4a99-a381-0639e74a6052,False,True,False,Chemical,United Kingdom
57f9f421-e235-4d37-a45d-0ea9a8c65ef1,True,True,False,Machinery,South Korea
94958723-b9a6-401d-9790-1821457bd19d,True,False,True,Machinery,Netherlands
6e362ead-9ec1-4d80-ab41-5473bd886119,True,True,False,Perishable,Singapore
623c0b8c-ba60-4cb4-a679-8af0b2f0e30c,True,True,False,Machinery,UAE
0784bae2-df3f-4c84-b0c5-3c5ae41ed0b3,False,True,False,Pharma,India
777ddfaf-00e9-4f3f-84ae-5eb9130d761c,True,True,False,General,Japan
b0e07c6f-c335-4997-a72f-380819f5cfbf,True,True,True,Machinery,United Kingdom
257d61f6-ded2-4574-84a2-2048a365504b,True,True,False,Perishable,Netherlands
0de297e5-121c-49db-80ab-ef6231b21c0d,True,False,False,Hazardous,South Korea
7132e9bd-fada-44f8-ac8e-fe1b24cc0af7,True,True,False,Pharma,China
1e2d71f1-274d-4975-bb11-f1ca18185a75,True,True,False,Textile,South Korea
e52d4b9d-d9c9-4db7-848b-053e01504d30,True,True,False,Pharma,Singapore
b2ed67fb-fc7d-4aac-9031-6f5d9998255a,True,False,False,General,South Korea
f79f486d-0006-4089-9e03-6e1a6d355ecc,False,True,False,Perishable,Germany
fabb5156-91ad-4c4e-8a70-56350511a1e0,False,True,False,Hazardous,UAE
db05984e-a71d-4623-9a5a-4aea7d8e230e,True,True,False,Perishable,China
8965b0ab-769b-446c-a831-84cb62324159,True,True,False,General,China
ce62088d-bade-453d-b4c3-89c2eecfc44e,True,False,False,Hazardous,United States
5c95f6c1-e131-40d0-a7e9-62aef137c5c7,True,True,False,Chemical,Japan
190e3f35-3905-4374-b3a8-abddc037fba3,False,True,False,General,Japan
b47e4db3-ace3-4477-bcee-6dfb44fadf29,True,True,False,Electronics,Germany
61c49bee-929b-4f52-99e5-5358926fa692,False,True,False,Machinery,China
ec4c67d0-4001-40f1-8ea5-dbb0f0ca2baf,True,False,False,Electronics,United States
94e64ed8-71d3-4b24-808d-335322dcf11e,True,True,False,Electronics,South Korea
07c6cad4-2988-4cee-b0cc-bba1ce28e0a3,True,False,True,Perishable,China
4fee31b2-19b4-4e35-bdc7-9cf0c9e12c25,True,True,False,Textile,Germany
31145095-ab68-4442-821e-e17eaccc5a95,True,False,False,Perishable,United Kingdom
a616e6dc-c81a-446c-ad84-af5c1ea7686e,True,True,False,Machinery,United Kingdom
32041236-ed54-4b80-bde9-0223a4dd1baf,False,True,False,General,United Kingdom
6d8431b3-a51d-4d9d-9d51-065f55ca75cb,True,True,False,Textile,Singapore
83cfd46e-f581-434b-82c2-06258e427a7a,True,True,False,Textile,Singapore
2380dde8-8364-4388-9e8d-e00901068526,True,True,False,Electronics,India
5fc6475d-45c9-4eb5-b15e-690245ff17c4,True,True,False,Perishable,Japan
17bc3150-2c33-480a-b5c9-d81c73f8d896,False,True,False,Hazardous,Germany
d86406db-280a-4000-b619-7b04dc2aeaa6,True,True,True,Chemical,Singapore
325792b9-4a2e-42f2-9f98-ce0ce04d7683,True,True,False,Textile,China
c17a3874-a6c1-487e-a6c6-1ce04f7a22c6,True,True,False,General,UAE
c29aa663-3ad6-4bf8-ab10-756dacdf5657,True,True,False,Textile,Netherlands
c26c7239-0b25-4d03-bea4-0bc901b3fea5,True,False,True,Machinery,Japan
8b747c11-8162-40c8-baf9-2250618c2995,True,True,False,Pharma,Netherlands
5cca1603-be4c-415c-aafd-c71767a4a52c,True,True,False,Chemical,Netherlands
def9b824-07ab-4d5e-bc74-44229fecf52f,True,False,False,Chemical,India
626c3462-6f6a-4338-a90e-4c1aaf7b18e7,False,True,False,Hazardous,South Korea
f7262c1c-9d19-4d4c-aa67-544f030c4aba,True,False,False,Machinery,UAE
fe1d1db2-7bca-4e6d-9862-ee99bdb7c07d,True,True,False,Hazardous,India
6b8c966f-a34b-4366-9062-6ed09c28af08,True,True,False,Electronics,United States
45041569-ffc1-410c-9cbd-6191b3817d76,False,True,False,Hazardous,Japan
2bd32b65-611a-4973-9bc1-76cf0a56564f,True,True,False,Pharma,Germany
5572a5c8-3f47-437b-9f35-a786cc8d6207,False,True,False,Hazardous,Japan
84b96f06-9d97-4746-8893-d5624d27deb9,True,True,False,General,Germany
75bbc363-a0f5-4cac-bbf0-fe98ca4e7b07,False,True,False,Electronics,United Kingdom
2ef436d3-384a-49ef-8e44-611a46cc75f8,True,False,True,Machinery,China
87914b58-57d3-46fb-874c-e6abab0c6ca4,False,True,False,Hazardous,India
8fe91cc4-9e21-4d4f-a7b1-8e0bd43b4311,True,True,False,Pharma,China
42a2c977-b207-4e3d-9f5e-f17fef84c856,True,True,False,General,Netherlands
0601a25d-71a5-4c81-8d58-3900da85c44f,True,True,True,Textile,Netherlands
0dd7445f-f747-42cc-afa6-8e9c468d80c3,True,True,False,Chemical,Germany
8ce24a23-b6e4-47d9-b02e-3d0f1d02187f,False,True,False,Pharma,Netherlands
1229ee2a-2afc-44bb-a087-942746fca640,False,True,False,Electronics,UAE
a7514156-6669-4c6b-8e03-c0c098389129,True,True,False,Perishable,Netherlands
c8006f37-51ad-4a25-abf7-70b38997e16c,True,True,False,Pharma,UAE
a64ce62a-ac2e-4e6e-9733-4e279eb5ed2e,True,True,False,General,China
44bf62cb-129e-401f-9489-50fcb794fcbf,True,False,False,Hazardous,United States
0a958db3-121e-45fd-a527-40ae508e2418,False,True,False,Textile,United States
e5a26f63-9f2f-433f-83ee-be358ee40f17,True,True,False,Chemical,United Kingdom
ae48c257-9fca-44f8-8b6f-0c064d83bc43,True,True,False,Chemical,Germany
9fac9f53-525b-4843-a760-c9766711278f,True,True,False,Pharma,Netherlands
f771eed0-5649-4c78-861c-4fb2528e35b0,True,True,True,Perishable,United Kingdom
c0ca61e4-2a67-4f24-bb55-3db44244f89c,True,True,False,Electronics,China
e6f20539-f440-4ea2-9a48-b63a9a744966,False,True,False,Machinery,Japan
d5fd2e12-971b-49d7-873f-56524b3eba2f,True,True,True,Perishable,India
c63b60de-814e-4000-b6cb-db364fd3f1bf,True,False,False,Perishable,United States
d6854c42-5451-43ba-b4b9-9681e7171359,True,True,False,Textile,India
5c9c77ba-bfd7-4fee-83ec-d1e1b52b81fb,True,False,False,Electronics,South Korea
0e739f02-9d28-4bc2-b6fe-0950be3523b5,False,True,False,General,UAE
ed76194c-4de9-4035-8299-a61adcc8f2ae,True,True,False,Pharma,Germany
10279d33-02ca-41bd-8008-dfdfac8ea510,True,True,True,Pharma,Germany
0545223b-00c6-4048-99ba-790c6798a270,True,True,False,Pharma,United States
a45a5d0c-4b68-418a-8bd5-3f202a9a5e90,True,True,True,Perishable,China
1bdd2610-1b38-420e-bdad-794e350e1ee9,True,True,False,Pharma,Netherlands
cb142e5a-a14b-47fd-92be-346658bf674d,False,True,False,Machinery,China
1a542418-d1e8-42d4-9d13-1a8967c5dd18,True,True,False,Hazardous,China
c4f7c1d0-14b1-4a8f-93ba-c38b047e0d1c,False,True,False,Textile,Singapore
3aba4818-40c0-4e02-bf1c-bc776037fc1f,True,True,False,Hazardous,Netherlands
224976b5-9486-4009-8019-0466865ea7a5,False,True,False,Electronics,India
7c4d5323-c22a-40af-873e-08bf8fff4fc7,False,True,False,Pharma,Japan
28205998-6f02-471d-ad80-36cec61168b0,True,True,False,Chemical,United Kingdom
56319435-9408-461d-b37d-86575858be6b,True,True,False,General,China
097e97e8-e8eb-4592-bc20-ab0418864071,True,True,False,Machinery,United States
d5f5fe54-3faf-487a-90ad-f4df89bab161,True,True,False,Pharma,South Korea
397892c7-1887-47ac-9656-d7f18cf367a3,False,True,False,Textile,Germany
1d91ce61-24e8-4209-bd98-c9ffb1fbee7c,True,True,True,General,United Kingdom
ed062408-65e5-4253-affe-cfd331be74dd,True,True,False,Electronics,United States
635afb93-c550-499c-88fe-48327277d527,True,True,False,Hazardous,Japan
bfd7fe1c-dbdf-4793-90ff-4e4403ecb10a,False,True,False,Electronics,United States
f7029bbc-8718-491c-9d15-1e8311ce705e,True,True,False,Textile,China
e0cf1cdd-b1e1-41d9-a93d-a97f947e41c3,True,True,False,General,China
dd791407-93ce-489b-8dc2-3e4e87c184ad,True,True,True,Perishable,South Korea
f1a856e2-217b-4336-ab8e-6466e8087d9d,False,True,False,Textile,South Korea
7f074fb5-f44f-453b-88be-b2e2eda180c5,False,True,False,Chemical,India
d3921444-656e-4bb4-b696-ad5ea04c0ae8,True,False,False,Perishable,India
ef26e9da-436f-4318-8652-9d6edad3c055,True,True,False,Electronics,United Kingdom
006ed8ce-319c-4932-90fb-53eba0756996,True,True,False,Electronics,India
a51862ff-1159-4dbc-af24-cd94ed84678a,True,True,False,Hazardous,China
f26b084a-4faa-49a2-8f31-c9eda501c219,True,True,False,Electronics,Singapore
fb099a20-a3f3-43d7-9add-b4e0b6f8d55d,True,True,False,Hazardous,South Korea
412c2396-8748-4e55-93df-bb72e5fd95ca,True,True,False,Perishable,India
62c0bc1b-7bcc-4c6b-8ff7-6e77463ab2b9,False,True,False,Electronics,South Korea
ea20d5cb-a49f-4f96-bef1-a6cee90dedbf,True,True,False,Machinery,India
7b4f28b4-7367-46d9-a6e9-e5288cef2078,False,True,False,Perishable,India
ad465633-b188-4bba-9a74-6edd90203012,False,True,False,General,South Korea
68f99110-7963-4251-b53b-73244b1f4fe1,True,True,False,Electronics,Singapore
6ea2d7e8-1a66-46ec-a4da-efbf84668760,True,True,False,Pharma,China
9ca18d4d-8540-4fe4-8d98-595e11c373fc,True,True,True,Textile,Japan
3369bced-9e71-418e-a077-ef7493a395fb,True,True,False,Perishable,China
dd00749e-c4f6-4ae0-8ade-79dbce9510d3,True,True,True,Chemical,China
0459ce53-d6e0-4283-b224-6c71117d6d5a,True,True,False,Hazardous,India
b49eb98f-589e-4b9f-ac95-bfdd78833014,True,True,False,Electronics,United Kingdom
a58c39cf-cdaf-4bbc-8dcb-108e3991636c,True,True,True,General,Japan
aaa6a438-8747-4666-b78d-affa956d4505,True,True,False,Electronics,India
8fc46e08-a5df-49aa-997c-10dbe4de411f,True,True,False,Textile,Singapore
988a7ded-ecc6-404a-9f38-a107e0cb52bd,True,True,False,General,United Kingdom
c0668cab-0575-473e-82e0-e5e51032ddfa,True,True,True,Chemical,China
0d0c00de-d614-499e-826a-366226e09eb8,False,True,False,Hazardous,United Kingdom
0941d66c-4468-4c7c-a4f6-ebfae5f1990b,True,True,False,Chemical,United States
92c0a807-3236-48d2-bfb5-80b288100f34,True,True,False,Perishable,United Kingdom
e16205f2-8cce-4b1b-bbc0-b429a80ca9f8,False,True,False,General,Netherlands
3b55bc07-3707-4f9c-b2d9-fd74e37c176f,True,True,False,General,Netherlands
1efd2410-3080-4e48-96ad-638a68b7bf4f,True,True,False,General,Singapore
5a6cd2e5-f510-4780-be38-8e005a5828ff,True,True,False,Chemical,Japan
c4d3a2c3-592e-4e92-ad79-f4ac6c838952,True,False,True,Hazardous,Netherlands
68ea8ecc-13c6-4148-9b23-a8b4fdab06e4,True,True,False,Electronics,United States
5fe964cb-fac0-44c9-95d5-304cb83ba06a,True,True,False,Perishable,UAE
34741dc1-4b72-4c2d-9fab-d60720b7d915,True,False,False,Perishable,UAE
e9acec90-2a02-435b-a0d5-a97cd621a900,True,True,False,Machinery,UAE
77dfa04b-cde9-451c-ba84-396f629078d4,True,False,False,Hazardous,Germany
5498a9b1-da23-451d-8961-02b18f6b5b09,True,True,False,Hazardous,UAE
e5e74c32-7d8b-4aa3-8e06-6cc72ae48814,True,False,True,Chemical,Singapore
deb7bfb5-8205-447f-94ab-bc76593d1ec0,True,True,False,General,Japan
8aca9552-3b4c-49e7-bf0b-ee92e5d368dd,False,True,False,Textile,Netherlands
13fc4ef9-34ea-457f-843f-f4fd136d98c6,True,True,True,Textile,UAE
497fb4b5-0fb7-455b-b5f9-c8326070e19a,False,True,False,Pharma,Netherlands
a5fb5640-a012-4c66-9d0e-d2e3434a76e0,True,True,False,Electronics,Netherlands
5f30c87c-5f83-4152-80da-8eb2b8bc766f,True,True,False,Hazardous,Japan
f688741f-d583-40ea-a1b5-0d822fc1e2ff,True,True,False,Electronics,Japan
fd961a8a-79c1-48c4-9c2d-bd5e79d27504,True,True,False,Chemical,India
0243044d-9f99-44e7-86b9-61c717ae99e9,True,True,False,Textile,South Korea
2db6e743-35d3-4afc-86e6-5d4bef36ba43,True,True,True,Chemical,United Kingdom
cea9e485-5deb-485c-a4c8-23d115727131,True,True,False,Machinery,China
b92ef290-8fad-4d6e-8f32-a1cf16919a22,True,True,False,Perishable,India
7646c857-7f9d-41c3-b230-8a8ca3e5016e,True,False,False,Chemical,China
69076e2c-e4d4-4ced-9514-ae289c2aed85,False,True,False,Electronics,United States
da65fd90-119e-4f28-8cc8-348136634d23,False,True,False,Chemical,UAE
bd73faad-b0d8-49d5-857d-38d5f0e5081f,True,True,False,Textile,UAE
5b3a03dd-2cd1-472b-be3b-cf195f287988,False,True,False,Pharma,Singapore
b7956124-bc66-471c-b555-2a2b1ecafd1c,True,True,False,Textile,China
35e8c511-e62a-44c1-8a21-4f6f9b3e642a,True,True,True,Textile,United Kingdom
d8f9625b-e66b-4d36-b572-120f9ada571a,False,True,False,Machinery,Singapore
907b498b-49d5-438c-b9c4-58bc110327c3,False,True,False,Electronics,United Kingdom
a758109d-7028-4d28-9416-a12519a4b81e,True,True,True,Pharma,United States
e8ef32b9-7711-42ce-8a34-81c5b32e6427,True,True,True,Electronics,Singapore
91a7114c-88bc-4199-8ccb-8e5f6b11ad52,True,True,True,General,Singapore
76a27d3e-04b1-43de-84fd-8d5552a21b50,True,True,False,Machinery,United States
01cb52d6-e4ee-43ca-81e1-27da2ff3837b,True,True,False,Textile,Netherlands
94b9d53b-93a8-4949-ae6b-f94746a41bfb,True,True,False,General,South Korea
47d8586f-f359-40fe-abc1-82ddf3554ade,True,True,True,Electronics,Germany
7e65f6e3-a885-4632-afa1-c3638496d27f,True,True,False,Chemical,India
82c88230-697c-4d5b-9c7e-003d101ca09a,True,True,False,Hazardous,United States
3de80e35-4492-4eb6-a3ed-8ce7a13b7636,True,False,False,Perishable,Japan
ecaf60ca-46f3-44dd-9e4a-0bee0ff9958c,True,True,False,Electronics,United States
6765def5-e57a-48c8-810e-c0734ac1899d,True,True,False,Textile,United Kingdom
1ac55cd6-62d2-4be5-abce-f87c79d25258,False,True,False,Machinery,Netherlands
5e68068e-9b94-4870-aef5-f308f31aa9f4,True,False,False,Electronics,Netherlands
9a74bd32-4d56-4c10-afb7-353e00401670,True,True,False,Chemical,Germany
30a9fc46-2e61-4e60-8519-341d3b20459c,True,True,False,Hazardous,United States
7d890765-adbd-4d36-8539-09962065be12,True,True,False,General,UAE
35eedfc7-b4e6-4939-bffa-cefa960200bb,True,False,False,General,China
9f051995-e172-4596-bac3-2ce46728b407,True,False,False,Pharma,Netherlands
5d392ea7-8bbb-4ba4-882b-85984ae61026,True,True,False,Chemical,UAE
11b0aebd-da76-4e34-8bb3-38300f610948,True,True,False,Machinery,China
5d58de86-660e-40df-87c6-499a65e65b57,True,True,False,Machinery,Japan
032c9f0f-85bb-4d9d-9d6e-bf7a7fb0c008,False,True,False,Textile,United Kingdom
e17e4a0d-e32e-4762-b687-26fd7b7a8a4d,True,True,False,Hazardous,South Korea
f8fb9a11-6be6-4eed-bf1d-f2a20ee28c5f,True,True,False,General,United Kingdom
e50a591c-dd83-4637-815a-efb08e21d1de,True,True,False,Chemical,United Kingdom
5401b575-6466-4c12-b8d6-aaa5d56e9c4e,True,True,False,Hazardous,United States
9cee7105-0b80-406a-9525-ddcc8d38fa4d,True,True,True,Textile,United Kingdom
51a86ecf-3b0f-4071-b3d2-2718aa5868d0,True,True,False,Pharma,United Kingdom
635e81fc-fd02-4d81-8ccf-93c541f8dc56,False,True,False,Pharma,India
87113737-60f9-443e-a062-59011d7f8c84,True,True,False,Machinery,Japan
158843c7-246b-4d55-b428-84c5c6c7b0ec,True,True,False,General,China
1fa3b46c-5fa9-4073-946b-ca764c473a46,True,True,False,Perishable,Germany
f61e13fe-1bce-4b31-9482-237fe13061c5,True,True,False,Pharma,United Kingdom
3649e2e8-a051-4549-a77e-57f48e13b33d,True,False,True,Hazardous,China
fb82cdb3-4f0e-4063-9790-3f0d4879996f,True,True,False,Pharma,China
87141fa3-0b8e-40cd-99db-c8f6a6986dcd,True,True,False,Hazardous,United Kingdom
245474d3-8604-47f4-9f03-5453f3e4c404,True,True,False,Textile,Germany
db3e6cdc-4397-4b49-8e36-4a5394215efc,True,True,True,Textile,Japan
a2cff9e5-b639-4919-9a70-88492bbf30b1,True,True,False,Machinery,Germany
5f639c73-ca49-4acf-8691-bb38996c0113,False,True,False,Perishable,Germany
dbf3ab1b-5a50-4bcc-8db1-7b61378f1e37,True,True,False,General,UAE
cc8aa819-0774-4fa5-85c6-df53e0f334e4,False,True,False,Machinery,United States
17f24e39-02e2-4be6-b662-d424d74099a2,False,True,False,Perishable,South Korea
63d6b635-04fa-47fa-b1c6-2faa3089f416,True,False,False,Hazardous,Singapore
b0c66c8c-b6ae-4afe-9cec-bdd59f019332,True,True,False,Pharma,India
bae8ea17-0b35-410c-b430-72180b773645,True,True,False,Electronics,United Kingdom
2e2d42e6-7146-4db9-9701-11f65e6c6c44,True,True,False,Electronics,Germany
583486ff-af4d-43ee-bc1b-908a921a2c8e,False,True,False,General,India
c60953a1-4b01-4e3f-a7f7-1ba09c9d6d16,True,False,True,General,Japan
2e0c20a9-8b5e-43cb-aebd-b32350d36702,True,False,True,General,Japan
8ecf5df7-ae78-462a-8199-112d950c48ed,False,True,False,Chemical,Netherlands
08c5cd9a-6c84-4df8-9825-d94911a4f327,True,True,False,Electronics,United Kingdom
2ca858f5-ab72-4f9c-8e3a-bde66670ae12,True,False,True,Pharma,Singapore
1a21de5e-baf1-45f2-94be-41af93db75f9,False,True,False,Hazardous,Japan
b35c93d4-c2cd-4742-8718-977d11a93305,True,True,False,Chemical,Singapore
20a50f3c-1464-46ca-8836-07fb70f3a3b6,True,False,False,Machinery,South Korea
ea93ca9e-a7d5-4451-a1fb-6371b270d147,True,True,False,Textile,China
c6c9b21f-f561-407a-9039-30efea27e349,True,True,False,Machinery,United Kingdom
11f16d54-a6d0-4a76-9871-2f459ef39f8c,True,True,True,Machinery,Netherlands
52a57d54-8ca3-4620-91ee-0b42bb944631,False,True,False,Perishable,Germany
a82c02f2-697c-4519-82f0-2b600fce02af,True,True,False,Chemical,China
ed2b2530-941a-4542-8eaf-9a1eb6bd7324,False,True,False,Machinery,UAE
90a32826-6501-464b-ad67-c6cf35ebfa75,False,True,False,Pharma,South Korea
566a9db4-cb71-41da-9d28-f0600ad8d3b7,True,True,False,Perishable,China
d8256e16-2298-46b4-90e8-b6e9046da78a,True,True,True,Textile,South Korea
5c99eac8-4b81-4db7-81d3-5034abc43d7d,True,False,True,Pharma,Singapore
666b7503-c85a-47fd-94f2-903e3dae7516,True,True,False,General,South Korea
a36bb7f7-523b-47c6-b152-d387e99c2601,False,True,False,Pharma,Japan
302aad40-37c5-434b-b2a0-9025e3e77bb4,True,True,False,General,UAE
410aa65c-6298-4779-90e3-e4c27a26e295,True,False,True,Hazardous,Singapore
01fd908c-0b47-4df7-85a3-f86c925bfabf,True,False,False,Perishable,Germany
c5410731-33fb-4865-a126-11d4e1998cba,True,True,True,Hazardous,China
905a4869-581d-4c08-8185-bc3012fad2cb,True,True,False,Hazardous,Singapore
602b6cdd-5020-4730-807e-a1dd563be836,False,True,False,Electronics,United Kingdom
90ac77d6-d314-4c8b-bd5c-dea80de67fa6,True,True,False,Hazardous,Germany
614e1f3f-b061-4d8c-9426-30a2dab4ec8e,False,True,False,Chemical,Germany
37469e28-e809-4cb4-9f05-36d7a675d21d,False,True,False,Machinery,Netherlands
fd2128c5-8b55-4405-9233-3e7ff498e09b,True,True,False,Perishable,South Korea
3713e09a-24db-4e47-b36b-74ecac1520b8,False,True,False,General,China
9ca78c6a-b2a9-4aca-ac34-50832c073e8c,True,True,True,Perishable,Netherlands
8282df68-e184-4127-b029-bab7d2f72a48,True,False,False,Chemical,United States
e36beeec-2793-4a09-bad6-fcd83f7306fb,True,True,False,Chemical,United Kingdom
fe762fda-5ec0-44f0-b0bd-243c614faacf,True,True,False,Perishable,Japan
a64fbf38-8ec2-4f4b-87d9-239782b87c7a,False,True,False,Pharma,South Korea
1f3a146a-435d-4b56-9e7e-547103f99c81,False,True,False,Electronics,UAE
47b40de6-9175-4686-ad48-30f969036631,True,True,False,Hazardous,United Kingdom
7e452611-f077-4db5-a89c-828b32a10e69,True,True,False,Machinery,South Korea
745070bb-989c-41eb-8220-8e10ddafbc67,True,True,True,Textile,United Kingdom
fd69f4b2-e034-4db1-aa44-96b806fbc746,False,True,False,Hazardous,United Kingdom
cf429398-fd70-467a-8993-cd1e365be05c,True,True,False,Chemical,China
3af5d623-c689-4970-a153-9830b191e903,True,True,True,Pharma,India
333f2624-3d5b-488a-a873-3b0f02455c71,True,True,True,Hazardous,South Korea
034c0fdf-c7d3-40bb-b95d-e657342d8048,True,False,False,Pharma,South Korea
7be9db6f-f7a7-448e-bc8d-1778b6471a95,True,True,False,General,UAE
29e4d156-e21a-4b15-bc1a-9e492b74327f,True,True,False,Chemical,Germany
24fde97e-9d2d-43de-ab8c-2fa41923f37c,True,True,False,Electronics,South Korea
00332854-b9d8-4846-aae5-b022ba706211,True,True,False,Electronics,South Korea
674abad5-e233-4324-ab33-bebacf0f2f19,False,True,False,Chemical,China
d49bc087-35b4-4252-bd7a-7f55c45c04ae,True,True,False,Hazardous,Singapore
0d7bf649-f8d4-4615-ae46-cb56ae341438,True,True,False,Pharma,Netherlands
e129a7af-a1fa-43a5-81d1-fbb797906820,True,True,False,Chemical,China
a7b8e412-284a-4d86-b3e4-74747e00e0f3,True,True,False,General,India
ded3daef-12c0-48b7-a47e-4561e4585ad2,True,True,True,Chemical,Singapore
f7f274d1-df9c-4a93-8254-25c91b31e3b8,True,False,False,Pharma,South Korea
a6374141-08b3-4033-9d51-fb032c7f98ba,False,True,False,Textile,Singapore
81ad7611-7b7b-4eb4-be2f-7de0dd04e0d5,True,True,True,Machinery,China
a689be53-b8e7-4257-9795-4f3c2db89a66,True,False,False,Pharma,India
7c44935f-11ce-4557-bc42-16b0cbb32eb2,True,True,False,Hazardous,Germany
ee446a26-c27a-4146-9779-534976ba3462,True,True,False,Textile,Germany
528c7671-3625-4084-90e5-0c21dc93e137,True,True,True,General,Germany
48b72f82-4572-491f-9453-50bcd33febde,True,True,False,Textile,China
f5c0d81f-49e0-44d6-9484-646fb6d69885,True,False,False,Machinery,Netherlands
c3521191-a2d3-45b5-af33-b32a8c400894,True,True,False,General,Japan
d0fddf69-8fb4-480e-99da-3874ac152841,False,True,False,Perishable,India
2c089564-d567-467e-a56b-92ec53c4be96,False,True,False,General,Germany
415dcfc4-83f8-4925-bdbb-d816dbb66c01,True,True,True,Textile,Germany
07d46caf-55c6-4fe0-9e24-4be2cfdbd9ac,False,True,False,Electronics,United Kingdom
de4b900b-315b-449b-96f4-7b302841bf81,True,True,False,Hazardous,UAE
4207f767-184d-4ad0-b251-f0906ac351b7,False,True,False,Electronics,Germany
93b19a48-bd36-48f1-87eb-905c9b6e7f6d,True,True,False,Pharma,United States
befbe6d0-eed3-4b58-a024-45b72a95a67e,True,True,False,General,United States
8439bfae-abf4-4768-bb3c-29990f80ddf2,True,False,False,Machinery,Germany
3ac40140-30ba-47e9-97cc-e74637ebf3f6,True,True,False,Pharma,UAE
12c0379e-271d-4193-b76e-c327200eaf19,True,True,False,General,United Kingdom
2ccf210d-2489-46f7-898f-6ef7c7e1cf18,True,True,False,Electronics,Japan
1652db73-b368-4a6a-8bba-f3440e1f01ed,True,True,False,Hazardous,Germany
1b81b0f2-e077-4937-b8c5-a43793fc9579,False,True,False,Perishable,United Kingdom
79485f80-4b5e-4ca2-9f30-7dbea196f7c3,True,True,False,Electronics,Germany
da6e266a-5c8e-473c-9fb2-1ff54a582315,True,True,False,Perishable,South Korea
5b7ab7a8-50e2-42f6-bf3e-5f8dbc86ca5d,True,True,True,Machinery,Singapore
2ea8a8d7-b99f-42e0-89c9-8fa4919f03ec,True,True,False,Machinery,Japan
bbf5c26c-049d-43d4-a0eb-14908c6a99a8,True,True,False,General,Netherlands
37450781-f4fe-4c28-89f1-6e9472d96583,True,True,True,Hazardous,China
3091e2ff-0cf2-4392-97ab-16b5276ea109,True,True,False,Hazardous,Netherlands
ab0df591-9094-4cb8-9be4-8903c5ca0d24,False,True,False,Electronics,United Kingdom
03d8402c-6c8d-42b8-ac72-9be0a2797e9e,True,True,False,Hazardous,Singapore
c2bf0e85-509d-4a31-a829-ea09f97816a3,False,True,False,Chemical,Singapore
641bb705-7c10-47c3-8a3a-e62865bb13df,True,False,False,Textile,Singapore
177b8770-2c6d-4ec4-ac1d-33f1a3b3b543,True,True,False,Chemical,South Korea
bae2e7e4-272a-4b5f-be51-2294f8388066,True,True,True,Textile,UAE
080dbb56-756d-4501-bda5-840336545ea1,True,True,False,General,Japan
df0b61d6-8944-497f-8854-d41b9362e247,True,True,False,Electronics,Singapore
e9d3f466-cd43-4a1d-9882-954e83e27f36,False,True,False,Machinery,UAE
00094cc4-cae0-451f-8591-7bb9fa76edb9,True,True,False,Perishable,Singapore
8b277a7e-b38b-48f7-b709-9cd38b1342f9,True,True,False,Chemical,UAE
bc430a80-95be-4741-9405-ef0a5aeac7f1,True,False,True,Hazardous,China
a95e0c28-c89e-4ff4-afcb-9b7d3b6537c4,True,True,False,Perishable,Japan
c83d0283-2497-4976-b986-eb7dfd8207d6,False,True,False,Pharma,Singapore
1871e8c8-2631-4d2e-a7c7-27a8bb00fa83,True,False,True,Electronics,China
aeb33925-d40d-410f-9a7a-7652260caa4a,False,True,False,Pharma,Netherlands
1d112a1b-02fc-4a94-bec0-79d061724a9a,False,True,False,Machinery,Japan
bf3eef1c-b082-462f-a83d-47363ea42df5,True,True,False,General,Netherlands
76a19ee4-0ea2-487e-ae06-dfef4e57e74e,False,True,False,Perishable,China
1bf0dc2e-45a2-4653-b3e9-e8fedd8b65e0,True,True,False,Chemical,Netherlands
d1b02483-c55b-42c7-9706-84abe575f8c7,True,False,False,Textile,Japan
5f6caf45-af86-48da-b41c-189f3c5fe8fd,True,True,False,Machinery,Netherlands
b6db94d6-e0d2-491b-87e2-a03dc63364a3,True,False,False,Textile,Japan
23dccabb-ba85-4bd1-ae31-38ca38d48560,True,True,False,General,Japan
7f0cf32b-7d7c-40ca-a694-f4e9ae62c01c,False,True,False,General,United Kingdom
7731bf00-1a8f-4709-ad89-894f4d9a6318,True,True,False,Electronics,India
cb6d789a-a44e-46f0-8a3a-f26e5b30c409,True,True,False,Chemical,Germany
77d1d662-8ad1-4ca0-b437-ed03692c839c,True,True,False,Machinery,Japan
3583a0c1-a9c8-4617-8c70-42f6e9c7cc33,True,True,False,General,Singapore
2d6add20-0cb1-41df-94cb-56d5c651b461,True,False,False,Perishable,Netherlands
2a43344f-5076-4e14-b40a-60556b7475f3,False,True,False,General,China
389931fc-f24b-4ef7-ae26-3fe1e1f9b110,False,True,False,Textile,India
fa667b1f-ab0f-44fd-adbd-96a88da723ad,True,False,False,Electronics,China
1cade985-8f0f-47c5-aa3f-415ea96fe3ad,True,True,False,General,Japan
db05ee09-c618-456a-ae77-b00f5a89b563,True,True,True,Chemical,Japan
ffba40e6-2304-49a2-838c-0f3dd69e3fc7,False,True,False,Electronics,Japan
19e3b687-d878-4854-971a-513374292023,True,False,False,Pharma,Singapore
3729ee3e-9163-4300-9f47-67f91f058574,True,True,False,Chemical,Netherlands
d9542180-5dad-41ec-a6cb-c90f7285b7f5,True,True,True,Hazardous,Netherlands
1215e0b2-4ac6-4224-84a0-fa8462101d6f,True,False,False,General,Germany
3cfdc9a7-d2f0-4c74-a5d3-3905b02e7a47,True,True,False,Hazardous,South Korea
ce0c3fa1-20cc-4d90-b806-5bf4d0e0be0a,False,True,False,Machinery,Japan
2583838f-f9b7-4563-9802-8026fd66e2c7,True,True,True,Chemical,India
54fbdf74-1b3b-4c89-9289-8240c04bfd03,False,True,False,Machinery,China
0a8e8bdd-58d6-4c00-b422-a61a35297810,False,True,False,Chemical,UAE
51d599c5-a378-4747-bb48-c5bcb06d44c3,True,True,False,General,Singapore
3bde9f07-f098-415b-abd3-417f01129104,True,False,False,Textile,China
0ede5a78-5977-49de-a549-cc08b048a993,True,True,False,General,Germany
406f3b67-b1c1-4f36-a313-dc8751b2a7aa,True,True,False,Pharma,South Korea
c3dc867e-c0a6-4e33-9f20-2399e21e9943,True,False,True,Machinery,India
21ac3da8-5a9e-4696-bba1-61a76d5fb4d5,True,False,False,General,India
dcc8268c-70ed-49de-bde2-b5bae5ec14a7,True,True,False,General,South Korea
c25fce29-4463-4e57-9ed2-5b95b0d2d125,False,True,False,Pharma,India
e07b4894-6a3e-4527-84f3-98d2e5dc84c2,True,False,False,Textile,Japan
a966e022-20b9-48e0-b4fa-e54cdd578554,False,True,False,Chemical,Germany
f89da8e4-72dc-4c9b-bb9b-71a9c4b0c6f8,False,True,False,Perishable,United States
7f2ef732-da47-4c97-81f3-b8bdf9358695,True,True,False,General,Japan
8932c850-2818-49b4-a237-a35423099340,True,True,False,General,India
30edb5dd-cf3e-44ba-b136-141763708e69,False,True,False,Pharma,China
be5c28c4-5b30-4c6f-9427-593c8f80f9df,False,True,False,Hazardous,Singapore
bd734d2f-175a-47ba-933f-5a3727348b03,True,True,False,Pharma,India
9c1fd330-017d-4fd2-b228-41b6b5b3c431,True,True,False,Machinery,United States
49826c43-f4d9-4016-b542-9472a410e225,True,True,False,General,United Kingdom
b43f3d2a-d962-4699-91cf-abf1ffb81ac8,False,True,False,General,United States
8d117057-6419-4465-93f6-f2272173281c,True,False,False,Electronics,United Kingdom
94283e3d-cd57-4e8b-9970-4d4923bd606f,True,True,False,Textile,South Korea
7ede2cf8-6009-4037-807b-22a7c3b02cdc,False,True,False,Chemical,India
135700c4-3ac8-4a90-a346-472b6ca11f58,True,True,False,Chemical,United Kingdom
7942e355-f02e-453b-b31f-9f1d606d0fe5,True,True,False,Pharma,Singapore
4060b413-519f-4b0a-87ba-8b2b536f7e37,True,True,True,Textile,South Korea
0d6d3b0b-6e99-4669-8c8b-f09dc3443106,True,True,False,Machinery,India
0fae47f0-a666-4656-b364-adcd59ad88da,True,False,True,Electronics,UAE
5366d7fe-4368-48e0-93fd-c377f06c7bf2,True,False,False,Electronics,Germany
60d8cf19-b0a5-490a-8d8d-7fbf05c136bf,True,True,False,Electronics,Singapore
4772ac07-9b25-4066-a344-4cf0a86509f9,True,False,False,Hazardous,Germany
34fbf8cc-80a6-4484-860c-7395e7225994,True,True,False,Machinery,UAE
80d29bd6-e23e-446a-a77f-b3d21f1a76fd,True,True,False,Chemical,United Kingdom
716e5afb-02f5-4cad-8331-47fad5f65101,True,False,False,Chemical,Singapore
3d5548bf-d98c-43df-8431-6ca0ab3695cb,True,True,False,Electronics,Netherlands
76520020-98c7-4825-9c85-789c0dec1443,False,True,False,Machinery,South Korea
6523eb2d-e3b4-43e6-bafb-495f69c513da,False,True,False,Textile,United States
0d22f285-56b9-4084-b1a0-eb5f8c3e377c,False,True,False,Hazardous,Singapore
26d4edcf-7eeb-4362-90be-b486ece25aaf,True,True,False,Chemical,China
dc77821f-f222-4555-ba85-58bdd17dff70,True,True,False,Pharma,UAE
a64906a3-baa8-4453-8174-7a3c34f49b2a,True,True,False,Textile,Germany
b79c70cd-828e-4b1a-80e9-4909539d0144,False,True,False,Machinery,United Kingdom
5b82ca79-0a68-469a-9daa-250e1c3ab349,False,True,False,Chemical,China
b35767f1-ed92-40f3-b50a-52183da0eb50,True,True,False,Pharma,United States
a6660b93-6a24-4c1a-9510-531a5bf9f068,True,False,False,Hazardous,Germany
447f6bf1-a02f-43ca-a848-4497b21511c9,True,False,False,Chemical,India
a40973f0-baf3-4bc8-adec-40f3ffa9fafa,True,True,True,Pharma,United Kingdom
cdcc2bd9-0705-4d2c-8c7d-40b09ae5cc01,True,True,False,Pharma,United States
d145e221-ae23-4eab-ad60-b78f5872c4c9,False,True,False,General,Singapore
9a048f80-60f3-4e1b-855c-01231f720a82,True,True,False,Hazardous,UAE
bc7af586-89a0-47c3-9a68-42303d9d6fe1,True,True,False,Machinery,Singapore
df72bd52-7419-44f6-bed7-5d6766254854,False,True,False,Pharma,Netherlands
ebf54877-5f18-4888-b975-fb3ff304b7e6,True,True,False,Pharma,South Korea
21fd1b16-5e04-4bae-8681-c89db0e8c617,True,True,False,Electronics,Netherlands
54a8d8b8-636e-4a35-8dd4-6a94c409d31b,True,True,False,Electronics,India
412dd5a9-0666-44ad-b2ac-e9d70d929fed,True,True,True,Hazardous,Japan
47f75c52-7ce4-457f-b880-d38ffd79eb91,True,True,False,Machinery,Netherlands
453ba83b-13cb-4ea1-b8cb-58cf8b498183,False,True,False,Pharma,Netherlands
fb2636f7-b454-4d8a-9250-38785c459176,True,False,True,Chemical,Japan
f606dd5f-2abb-4c89-92e4-442886fb9570,True,True,False,Textile,Germany
626c4a26-2c34-46f6-b5ee-e472144f09fd,True,True,False,Pharma,South Korea
fb63164b-f7bb-440e-aaea-d7cc909802f5,True,True,False,Hazardous,China
c5e29dd8-9127-422e-af15-3096e8efe191,True,True,False,Machinery,UAE
7cbbb525-1273-4349-ae3a-fea1897e98d4,True,True,False,General,Japan
4e5594a6-28e6-4a95-980a-2fa10db41843,True,True,False,Textile,United States
8b3522cd-dccd-4c7e-b7a2-5eced6d56d45,True,True,False,Textile,Singapore
3afe428f-d71b-4511-bb0b-bc917e8c3753,False,True,False,Pharma,India
794dd00b-1c83-4b6c-9615-1ed299969eb1,True,True,True,Chemical,China
2044a203-28df-48e1-9224-a0d15ec3e762,True,True,True,Chemical,Japan
482c2942-6460-4a5c-b207-d92440b4ee47,True,True,False,Hazardous,United Kingdom
2821b6d9-654d-430a-9eab-582d29cae480,False,True,False,Perishable,United Kingdom
eec8b091-128d-4703-9559-e762f783e9e6,True,True,False,Pharma,Netherlands
9eb22ec2-0d50-444c-b817-0051319b4f90,False,True,False,Electronics,China
648db720-4da5-41af-ba5d-4eda696c5985,True,True,False,Electronics,Netherlands
fe6dbf16-1dbc-44ce-8326-a028e994161b,True,True,False,General,Netherlands
3dceb249-f908-485d-837c-e728deb71ef2,True,True,False,Electronics,India
d16cc659-0a9b-4d5b-a84d-4494ffee6e0a,True,True,False,Textile,China
05d43d64-0930-4539-88a7-c9059531a31f,True,True,False,Hazardous,Netherlands
cb6cb4d5-425f-44bf-a39a-8b9dfd78dcd5,True,True,False,Chemical,Singapore
049fa227-655c-4e52-90ac-4e60bdbfb2c8,True,True,False,Perishable,Netherlands
1540f171-0086-42a5-bbc9-3e215f02bdf0,True,True,False,General,Germany
d22ebbd8-e4b7-4be8-96f5-9550f8b2f818,True,True,True,Hazardous,Singapore
d15a003e-7032-455d-b3b3-e4c4230cd976,False,True,False,General,India
e750cf4e-cb97-433e-a5e3-63e8780bd269,False,True,False,Chemical,UAE
c4d82f01-e488-47c3-b2bc-1d88b5e9ac44,True,True,False,Pharma,South Korea
172d751c-7299-4f80-8f91-b3e61ba525b9,True,True,False,General,Netherlands
4bba25a8-6bb2-4c83-ab3d-619d02b9db1e,True,True,True,Textile,Singapore
56a685f6-2b7b-4f9a-896e-079d72df54e6,False,True,False,Electronics,South Korea
63a2110f-3016-477b-9235-eff64f33caa3,False,True,False,General,Singapore
efc5768b-73e8-459c-abfb-f66a42d8d830,True,False,False,Electronics,China
e2edbb80-def4-48b7-944e-e08731ddc3b3,True,False,False,Perishable,Singapore
e53dd809-dfd9-433e-961d-f147b21c0c50,True,True,True,Pharma,Netherlands
2b03fc23-deeb-40b9-9764-8af9beced523,True,True,False,Chemical,India
e95ee63f-3191-4497-bf4d-ef7b7e209898,True,True,False,Electronics,South Korea
0ab64b8e-8bb0-40e8-80a6-ff4ad7c56b88,False,True,False,Chemical,South Korea
196b087e-9840-4c61-8a0c-a63573336360,False,True,False,Perishable,Singapore
af736bae-7236-4f61-bbda-83df8c90fa68,True,True,False,Electronics,Japan
8ae636fc-3e7a-46bf-b6e9-824f9bce40c6,False,True,False,Textile,Netherlands
8dd1e2e9-bf11-494e-ad87-79ebf0379889,True,True,False,Textile,Netherlands
18cc98a0-a24c-48ab-aa6a-c30d54349ab4,True,False,True,Chemical,China
35a6e2c1-0fe7-46d3-af12-60140d53769c,True,False,True,Hazardous,South Korea
daeda653-b757-4a56-936f-4f4730294101,True,True,False,Machinery,UAE
ef0d9a79-4b1f-46fc-9e3a-03f511cf248b,False,True,False,Textile,India
6e104236-bb7d-49f6-bd0c-e0484bf6b285,True,True,False,Electronics,Japan
84f67caf-c5c7-4031-850f-1aecee237ab3,True,True,False,General,India
03e67564-abed-4bbe-ad04-ec313ed58380,True,True,False,Machinery,United Kingdom
16369197-a97d-4988-af36-25b8964e039d,True,True,False,Hazardous,China
2c6af39a-fc11-4552-8003-ae518ec3f902,False,True,False,Chemical,United Kingdom
7c563b7f-9f3d-464b-a7ed-dec096e64cae,True,True,False,Electronics,Japan
88619e5b-1496-40ce-a9f2-8071115c8c26,True,True,False,Chemical,China
a1799d72-a349-4b99-93b9-d07bfa3e4816,True,True,False,Perishable,India
c6bfab6d-ffed-4630-a7b7-21708ef4509a,True,True,False,Hazardous,UAE
d876742d-ab51-489d-9250-1e8e5bd66796,True,True,False,Electronics,Japan
c561eea4-0e21-4ec1-a235-3426e0e505b4,True,True,False,Perishable,United States
38be8f28-9092-42d8-bc7d-8367e16bb937,True,True,True,Chemical,India
64636645-2f9e-47ca-9126-0a2a5b7def32,True,True,False,Chemical,United Kingdom
f56741ee-39eb-486c-8893-78b08af4efce,True,True,False,Pharma,UAE
081b8437-147b-418c-89d5-22f5c18c00e0,True,True,False,Hazardous,South Korea
c1a7d0fb-d7dd-4e5e-b8ee-f6c6148eaf27,True,True,False,Hazardous,India
f6f0af0e-bcb9-45e0-8999-727ce314525c,True,True,False,Hazardous,India
3f1c75b5-dfa4-4127-968e-866ab216b1ad,True,True,False,Pharma,South Korea
e6d6f3fc-1875-4d43-9e5f-b1792d49a8f1,True,True,False,Hazardous,India
e007428e-d5c6-4592-9ffe-c047185669ae,True,True,False,Perishable,Germany
0af58eb6-e18f-44e4-a7e5-2548ee35fec2,True,False,True,Pharma,China
1985f48a-4000-47f5-8879-163ab5c84dbd,False,True,False,Textile,Japan
6b3c1d68-5553-4f98-9f75-1129ee81ba8f,True,False,False,Textile,United States
e2f6dada-bb7e-43e4-bfea-a33025125816,True,False,False,General,China
b0539f46-3798-4d11-b6d4-d683e299eb98,True,True,False,Pharma,India
75ac627f-bf3f-45b4-806a-2a4aa159b68a,False,True,False,Chemical,India
7f235757-64a2-430e-9278-9453a27135f9,True,True,False,General,United States
795e868b-4517-4ec4-97a0-c9b4dc21b9f4,False,True,False,Machinery,South Korea
7e01ba2e-2441-4088-9da6-7c679e9a334d,True,True,False,Machinery,Japan
bf11c60c-4b89-4bc5-ab3e-e0953a7f0711,True,True,False,Textile,United Kingdom
081fbb01-cd29-45c0-9ab0-7c6b69cc5df5,True,True,False,Machinery,Japan
d12eff32-8e49-49e7-8fe7-ffb18df93f50,False,True,False,Hazardous,India
4ad4a728-74a7-46ce-a697-0f30ac3d03a9,False,True,False,General,China
0c737551-9a2f-4417-9dd1-92692f078760,False,True,False,Chemical,Singapore
19facae1-7f2f-488a-b360-ac0d1b0a442e,True,True,False,Electronics,China
1000dda4-2bef-4759-9e37-7e603acd1e94,True,True,True,Machinery,United Kingdom
7e46fffb-0609-46ab-9386-2443efa112d6,True,False,True,Pharma,Germany
46fd901a-536e-42c3-af44-d3a005a03069,True,False,False,Textile,India
5bacd276-0466-4acd-928f-b595fab21191,False,True,False,Electronics,South Korea
d003978e-8a7b-479e-ab96-4bb69af65808,True,True,True,Textile,Singapore
d55ede13-3659-4371-b0eb-9d8441c2d2a4,False,True,False,Electronics,China
a6c39b84-f98d-44fa-be35-1565e745ae8e,True,False,False,Textile,Netherlands
8f7c2d62-a396-4418-8c68-29c8cc59f1e5,True,True,False,Chemical,India
87e1cfc5-7f9d-4502-a444-cca7305c019d,True,False,True,Electronics,Singapore
442c0f62-3124-4d1a-b5cb-bd84d2062065,True,True,False,Pharma,Singapore
326bfc22-5f21-452d-8e57-9a0ea1608f5a,False,True,False,Chemical,Netherlands
89139346-b4ba-4575-9f6f-3b5a6dcd5687,False,True,False,Textile,China
18c528d5-1d66-45bd-b929-da89c7d0f228,False,True,False,Textile,Netherlands
29000010-586a-47ec-93a3-9464455faa03,True,True,False,Hazardous,United States
3174d1a3-4d70-42fa-8de7-ed9d75528e39,False,True,False,Machinery,China
8cca3210-b2ed-4f79-bb4a-0a101608713a,False,True,False,Chemical,Singapore
2668ce52-dd73-44c1-b62b-0fdb7f84b965,True,True,False,Perishable,Japan
07f24817-85af-4cd8-8920-22704ada9c5c,True,True,True,Chemical,China
3739e45f-91c3-48e1-8d2f-11d73b020480,False,True,False,Electronics,Japan
1c8ada99-fdff-4c45-8315-d3dbc6d8c219,True,True,False,Pharma,Netherlands
02a221ab-0d90-416b-9e78-5509e4c7b6be,True,True,False,General,South Korea
6973f5be-dac7-49df-84fa-c2f24b1fa119,True,True,True,Hazardous,United States
9cfed1d5-3f24-441b-b260-b73451693441,True,True,False,Perishable,Japan
4f98d007-3301-40b5-a7d7-d36e63f8a776,True,False,False,Machinery,Japan
c8b69ac8-fe6c-4dbb-ae8a-b98def724209,True,False,False,Pharma,Japan
7bef8020-9ad5-4459-aacc-9c84d5500858,True,False,False,General,Germany
b0bfad73-574b-46c7-9022-bb2878853f0f,True,False,True,Electronics,Singapore
c2817a67-93fa-4afd-97c6-0f24ab2a20f2,False,True,False,Pharma,Netherlands
5b234f35-2d9c-4196-942e-731ede6a4ea6,True,True,False,Chemical,Germany
cd4cbbb2-05ed-41c7-b891-3dfe0b19424f,True,True,False,Chemical,China
d5182447-6767-4f17-8889-025af2a800d0,True,True,False,Chemical,UAE
336e4a47-b3c4-4bf3-bb3c-d1509519981c,False,True,False,Pharma,Germany
864ddd71-0a11-459a-8473-3260c5d4f8a5,False,True,False,General,China
f4ab0453-96a2-4dfd-8d7d-38325615db7b,False,True,False,Chemical,Singapore
d4573343-35a0-4bbc-8ed4-11ed37cf7d66,True,True,False,Electronics,South Korea
abc0a629-8619-4662-94cb-f5331d29046b,True,False,False,General,India
93cef2ae-923e-44a4-9498-c4d8946fef1c,True,True,False,Electronics,United Kingdom
c3422502-a357-4d46-b6e1-d5c3deb7559a,True,True,False,Pharma,Netherlands
1ebddfb2-f534-443c-9aca-000e6d716f79,True,False,False,Hazardous,India
83dbf855-1bc5-4e62-b7b5-7618098cb392,True,True,False,Machinery,United Kingdom
bbe83956-24e7-4a3a-be17-d83244aa24c9,True,True,False,Electronics,Japan
70cc5350-b4e4-4c27-ac74-3a113e38512a,True,True,False,Textile,South Korea
2332deb1-57f3-4ad4-85d4-6f8ed60a4596,False,True,False,Pharma,Netherlands
dbed20da-f622-4207-8b6a-df666f6dd1a6,True,True,False,Electronics,United States
550d3684-5eb1-41e3-a654-18ef51ad19e5,True,True,False,Chemical,India
2c78ef7e-bf6b-40b6-a495-8d7a3b425a23,True,True,True,Pharma,Singapore
585daaed-a5be-4cd0-8927-2c92e33c61ae,False,True,False,Hazardous,Japan
86d75c6f-3799-45d6-9611-4e39a941ccd2,False,True,False,Chemical,South Korea
e9b6ee76-14ee-4625-a94a-30f846eec1f6,True,True,True,Pharma,South Korea
1ffd0bb5-bbde-4126-a4a3-07eb5adfdaf1,True,True,False,Textile,Germany
b4f093f7-47e6-445d-9055-fab3e6ae8c03,True,False,True,General,Netherlands
b7833ba9-3acd-4d02-bd3e-085146b4e0c9,True,True,False,Pharma,Netherlands
5349da83-b0bf-4eaf-ad33-ad79687f837e,True,False,False,Pharma,UAE
2cfc7622-f7e7-4984-b62c-91c25d9972b2,True,True,True,Textile,South Korea
c8887880-81cc-4286-805e-719ab270e536,True,True,True,Electronics,South Korea
7904e697-9d7b-4817-80a9-1b23418f8a30,False,True,False,Textile,Singapore
acdaf6f2-f1f3-4d8e-a572-2bba66660d74,False,True,False,Machinery,Germany
5b258e2d-86a6-40a9-8dfd-7b1da7acc832,True,True,False,Textile,United States
005dc180-2b7b-43d1-8c5a-fd7afd15ee2d,True,True,False,Hazardous,India
7b257c84-3662-4ba2-9478-4337d35cacad,True,True,False,Machinery,United Kingdom
10c51d65-c57d-44f0-8935-aeafd48f43de,True,False,False,Pharma,United Kingdom
12cb2395-1d3f-4670-a261-4d04b9d72ffc,True,True,False,Perishable,United States
69b046d4-447f-43c3-8e0c-8e4e22c3eb67,True,True,True,General,Japan
c3c19596-4b7a-4552-95cd-094a2730fc6e,True,True,False,Machinery,Japan
03edaa55-c60e-43a1-886c-ecc43264b69f,False,True,False,General,India
3fab9d1c-b728-4d43-9616-0935962fe9a8,True,True,False,Chemical,South Korea
5d393374-7ed6-43a6-a1d5-30edd557b771,False,True,False,General,Netherlands
110187ca-2338-4f37-8c4d-728f0885d64a,False,True,False,Perishable,United States
195950d7-66d4-4580-9f61-b4895c98b0f2,True,True,False,Perishable,India
4c0a8582-6237-4d00-ae4b-da62082edbb7,False,True,False,Hazardous,United Kingdom
e45130e5-9bba-4d19-b7e0-ea9f79481a5d,True,True,False,Machinery,United Kingdom
565e2c54-27f5-4156-8ef4-ed7d0b28db1b,True,True,False,General,Singapore
1ebb7bdb-707d-4fcc-8c2b-e4a6403e0b43,True,True,True,Textile,China
12a692a5-6eb9-4d4d-8c49-15272f6a027a,True,True,False,Machinery,South Korea
a41952d0-4133-4a16-82cc-f7ea099dc935,True,True,True,Hazardous,Germany
3c44343b-bdc0-4c12-b683-c1d7054f6f2e,True,True,True,Chemical,South Korea
308b82e1-34af-45ca-b8cc-e944c3a9b434,True,True,False,Textile,Netherlands
82959b25-dd24-4b49-9a29-9627d7241038,False,True,False,Machinery,Netherlands
f5ebda96-b272-4a8f-a8b4-2637e30c6f6f,True,False,False,General,Singapore
2ed712d4-96c0-4b21-8771-2dd85b0aeb18,False,True,False,Textile,Japan
e6c637cc-0a42-4784-b798-69c4e3799db5,True,True,False,Textile,South Korea
52646c9a-8944-4c6e-b54c-d3630401dacb,True,True,False,Pharma,South Korea
5c5f103a-2def-4c06-b993-481303fd2dc8,False,True,False,Textile,Singapore
98435047-554a-4c05-a940-8a7f2e934e61,False,True,False,Hazardous,UAE
0a0ae09f-177b-4c4b-9597-82f2d73ab6a2,True,False,False,Pharma,Netherlands
897df517-161c-4a43-835f-23ad136a1346,True,True,False,Textile,Singapore
bbd4cdd0-b1e4-438c-bdb1-3ecc70e8213c,True,True,False,Machinery,United Kingdom
c4530cf3-f642-49bc-8ddd-8f27eb01546c,True,True,False,General,China
d283dcef-db66-4500-8f7b-34ea9cfb3750,False,True,False,Pharma,United Kingdom
fd4f80ac-f348-4dfd-965a-e4030c84c61e,True,False,True,Pharma,Germany
ae915c56-ca7c-4cf6-b778-b1376445d3a4,False,True,False,General,Netherlands
efc76a19-65ff-4fbd-bb35-ff05abc83e0d,False,True,False,Perishable,China
45a6000d-1ccd-45dc-9bff-1a6a93b45d72,False,True,False,General,Netherlands
111f2f77-cdbf-451a-b281-819c2dc6f39a,True,True,False,Machinery,United States
aabb60c0-4a21-461b-be65-a96b34019d11,True,True,False,Perishable,United Kingdom
1fd6bf2d-82f8-4ace-9bf3-995e7ad9e4b4,True,False,True,Textile,United States
fab06b27-2e10-4594-a187-8308da1fe67e,False,True,False,Hazardous,Germany
aee42747-7d1e-450d-9122-bc32941c2551,True,False,False,Electronics,UAE
2cfd1f58-ab3b-4c2c-a5d0-c197f7385d28,False,True,False,Perishable,India
df7e806e-d7c6-4ef3-8c1f-b78e3223e8e4,True,False,True,Machinery,Germany
56043de4-ec17-4ea1-8cd3-96252740ab10,False,True,False,Chemical,China
c0b14498-08e6-47ad-a91e-676999625465,True,True,False,Perishable,Singapore
a84b7d97-65bf-47e0-a60f-6d3c50fb410c,False,True,False,Chemical,Singapore
235c8230-4c05-4815-b3d8-6c28327af46d,False,True,False,Chemical,China
e61f3baa-f88b-4432-9f37-d43992fdaee0,True,True,False,Hazardous,South Korea
16cb6683-d19e-40ae-bee2-32ad85e7e51e,True,True,False,Hazardous,United States
fc774ee5-155e-42ce-ada5-2e057eb53ab2,False,True,False,Textile,China
4fb35510-bbd3-48ae-9781-2876b9858b26,True,True,False,Electronics,UAE
393c50f9-f7ff-466d-93aa-fd812a5c8dd2,False,True,False,Chemical,United Kingdom
c299594b-aa84-46d7-95e6-09904c30a14f,True,True,False,Textile,India
4bb42aa7-20b1-4e0a-91fb-3d5d8d648a14,True,True,False,Chemical,Singapore
55f278d6-46b8-420a-ae3f-b0b34dc1fb1d,False,True,False,Machinery,United Kingdom
ea27aeea-0173-497a-b908-643098ea04ce,True,True,True,Hazardous,South Korea
a7617267-b919-4bdb-9688-6e6c8049251e,True,True,False,Electronics,United States
ff3a9643-9bec-4ceb-abd7-65372dc6f3f5,True,True,False,Textile,UAE
c16dcb14-d996-4fb9-b8b1-d995b58dba34,True,True,True,Machinery,Germany
6aa4f672-865d-412c-95f1-09e8366959da,True,False,True,Electronics,Germany
1c90f53c-45b3-4b6f-8434-9b841c4a6c43,False,True,False,Chemical,United States
8cecdcac-27b9-47c0-9c39-4f44e3cc0494,True,True,False,Textile,United States
a4d6bd4d-a2f4-4f47-b8b9-3467056d7a95,True,True,True,Pharma,China
2589e19f-a348-473f-97f5-ad81419d6b1a,True,True,False,Hazardous,Germany
a80923a6-a4f4-481b-824f-cdf47017af6c,True,True,False,Perishable,Japan
91736a8a-d427-4d82-b248-d9bcf3176a2b,False,True,False,General,United Kingdom
3c44e1b2-c62e-4d68-8473-d201241db5e2,True,True,False,Textile,United States
4ce35280-4940-4e0b-a3ac-2ad6aa9cbdce,True,False,False,Electronics,United Kingdom
8a806f9c-cb74-4bfd-8bbc-b5c6d80f76d5,True,False,False,Machinery,UAE
d750cb15-649f-49a2-b46d-b4e89647c5e5,False,True,False,Machinery,Netherlands
1f0adda9-238e-40e2-a075-d96d3e1a6f2c,False,True,False,Perishable,United States
d5f32273-e214-4e83-9b6c-4b6df8322d25,True,True,False,Perishable,South Korea
cfb97ac5-42dd-4306-9120-dd6fbe45441d,True,True,False,Textile,South Korea
369a7761-9633-458a-a057-8fa9b5ff35fb,False,True,False,Pharma,Singapore
c8d1f286-6e85-4c87-83ec-f83d353cd0cf,True,True,True,Electronics,Germany
78eeb2df-24f5-4bf6-b71d-858ad9c3c370,True,True,False,Electronics,Germany
5ddcd96a-c943-429e-8cc5-ee3b616e0d40,True,True,False,Perishable,UAE
124dcdfd-8363-481f-8893-6a836e8bb7de,True,True,False,Machinery,China
a3f07e07-eb19-4ea5-a828-141dbf9e66a3,False,True,False,Pharma,United Kingdom
92ae8fcd-c938-4dd8-9880-32b1d4a4d610,False,True,False,Machinery,Netherlands
aab3672f-2709-4aaf-9b26-c089de7cfb9b,True,True,False,Perishable,Singapore
d44c9c7c-ab7b-4166-a30c-1f406d169807,True,True,False,Machinery,Netherlands
7086573d-6beb-451d-ab4d-6a8a90cde836,True,True,False,Hazardous,Netherlands
292753be-de40-4d75-aaf5-5b2c72809226,True,True,False,Textile,India
084f46da-a77b-48eb-bcf0-0ed2986c5bca,True,True,False,Machinery,Germany
dcfcd48a-05ab-472b-aff7-a1f42524657f,False,True,False,Hazardous,UAE
f4117a26-43ce-4013-b4e0-7e65dd8d2f1a,True,True,False,Chemical,UAE
9ec93f3a-0432-4c01-b8a4-ee7186011f61,True,True,True,Textile,Japan
01850542-b244-45d9-86d6-2c93f30c33ef,False,True,False,Pharma,Netherlands
7422b16a-0b50-47ea-8977-b80cd11e2e67,True,True,False,Textile,United Kingdom
f0a7f988-c9bc-4696-b50c-88e3ea393a7d,False,True,False,Pharma,United States
bbb79ee2-40aa-4164-bfe0-ff371f1c8fd1,True,True,True,Perishable,Germany
f58b2498-05c9-497b-b966-e44bf4924eac,True,True,False,Pharma,China
72d4dc13-951e-4228-96ea-c48974485fe8,True,False,False,Textile,UAE
ef366288-d797-4b66-9847-d0ad9dedc27c,True,True,False,Hazardous,South Korea
f95be7b3-c1fa-45c3-ab4b-5ad260b1b22b,True,True,False,Perishable,India
c9f04b66-37e9-4921-a85f-46a2716e5b58,True,False,False,General,South Korea
78eaacf7-0c74-4186-9a7a-44a57bb7f26c,True,True,False,Pharma,United Kingdom
b6770ba0-7f0c-4ebf-902c-4d9c61100f3c,True,True,False,Textile,South Korea
0c4f3468-f24a-4feb-a01c-5b10ba73cd7c,True,False,True,Hazardous,Singapore
19a6670d-60eb-4f0d-91c9-d2bc7c8e6a41,True,True,False,Perishable,United States
bc3cb6c9-8739-48a1-89c7-e8aec1bc1a2b,True,True,False,Hazardous,India
15e55003-2316-4648-86e0-a178b2549965,False,True,False,Machinery,Singapore
e22038b8-0f82-4008-b9a1-1a5864f07ae7,False,True,False,Pharma,India
a20ea82c-b239-44f5-9933-33703f160639,False,True,False,General,United Kingdom
9247c1c8-e68e-4e7a-8b95-64f388092b7b,True,False,True,General,South Korea
ecf1233c-42d1-4a13-957f-7abaf19def30,True,True,True,Pharma,China
57a57430-9f60-40c4-b5da-2110b1bb6f59,True,False,True,Machinery,Netherlands
bdbd0ec7-f02e-4db7-aae0-37077fcb113b,False,True,False,Pharma,United Kingdom
a42dc54d-1cf0-4fa3-a999-338b15df62d2,True,False,False,Chemical,United States
cc38952b-a7af-40c0-b9c2-98ccd94e2de9,False,True,False,Textile,Germany
6c69c21e-e990-4852-81ab-673ec478425d,True,True,False,Chemical,Netherlands
f778d6c9-2505-40d0-a92b-c29e90534d97,True,True,False,General,United Kingdom
95018c33-e30a-428d-844f-4d3aceac696d,True,True,False,Machinery,Germany
e36b0c44-b07c-4330-bc40-d92b017a6db1,False,True,False,Pharma,Japan
7b4bd701-b84b-4791-8991-93f3903313d1,True,True,False,General,Germany
bad8a5b2-c53a-410e-a227-d5441139a4f2,True,True,False,Electronics,Netherlands
1b6b4953-e8f4-43a4-b0e1-08c64c73d076,True,True,False,Textile,United States
b05049b7-713f-41f5-97cf-79f0c07e096f,True,True,True,General,China
c69e5143-8443-4a2b-87c9-93616afa184d,True,True,False,General,Japan
befe924e-0e52-48b2-b087-ee2fc44114cc,False,True,False,Textile,Netherlands
58c1e188-68c4-4e23-b58e-07a394763f75,True,True,False,General,United States
4fec5dba-200d-4065-b133-f3998a74b213,True,True,False,Electronics,India
50f0f407-6891-4cd2-8d9d-235e9d18b4c7,True,True,False,Hazardous,United Kingdom
9c9b1a68-2275-4454-9d5a-e6208d19adee,True,True,True,Pharma,Japan
bd8eb033-a2e4-41e3-a0d4-7fffbb9e3c4b,True,True,False,Perishable,South Korea
dba66cac-53c8-4930-abb0-490e82838824,False,True,False,Hazardous,United Kingdom
a5e82397-ff98-482e-98c4-140ef3b1dca0,True,True,True,Pharma,UAE
c68f15e5-f417-4e59-b32a-65abe8aa2376,False,True,False,Perishable,UAE
547db10e-32dc-4660-9438-ac740e2c5450,True,True,False,Machinery,United States
93075449-1db0-4390-a454-be39bf8c4852,True,True,False,Textile,Singapore
9f76042a-9f34-4dfb-bb07-2b1f4e0e3025,True,True,False,Perishable,Netherlands
c3b13dd8-f3fc-410b-ac28-35d0a8cfe0d9,False,True,False,Textile,South Korea
fca3d368-7133-4ae6-a787-996078e23227,False,True,False,Textile,UAE
2b9e762c-fd89-4690-a0c4-d9a1e74cf0e5,False,True,False,Chemical,Japan
c9be5960-44a6-48a6-9ba4-a7b4d43e453e,False,True,False,Textile,UAE
05c8b829-da81-4eb6-9dff-8cb4f171edf0,True,True,False,Machinery,India
4ddade0e-544c-4bb4-98da-7eb85b04cb92,True,True,False,Machinery,Netherlands
79927b5f-cd7c-4e0e-b837-2c46b5a9984f,True,False,False,Chemical,Singapore
54624ae1-ebfb-4786-99a1-8327432312c2,True,True,False,Hazardous,Germany
d4f97bb4-be0f-46af-bc2c-060d281de317,False,True,False,Chemical,United Kingdom
21bd0fff-5191-4c53-b6bd-030e0e9578a6,True,False,False,Textile,UAE
5e927913-dd3c-4afc-b395-2dfccb2d8cdf,True,False,False,Perishable,Japan
70a0f639-c267-49a8-9763-1bb06071e065,False,True,False,General,United Kingdom
1cff8cb3-5d10-4286-9618-fb8dfaa64674,True,True,False,Pharma,United Kingdom
ebc4e216-5af4-4da5-8a58-91ae62ceb60d,True,False,False,General,United States
0578fc63-1eb8-48d8-a555-eb30331fff77,False,True,False,Textile,India
583c0a90-db4b-4e52-8745-a7530c6a6c16,True,False,False,Electronics,Japan
91a81000-1c01-408e-9f05-f5b04959ac37,True,True,False,Perishable,Japan
f1c048df-9507-44e6-8c26-4224a5789ae1,True,True,False,Electronics,South Korea
df8206f1-bfad-444d-ba74-18ed848886cb,True,True,False,Hazardous,United Kingdom
5b1e8d54-c153-4801-a9e6-ef0b1fc9b836,True,False,False,Chemical,South Korea
cca30e04-bfb8-476b-8366-e281410f5d5b,True,True,False,Hazardous,Japan
375b1731-6527-4bf8-89e0-5186ea12aa88,True,False,True,Electronics,China
18c6485c-2288-4b9a-8abe-19c1ef0a4787,True,True,False,Chemical,Singapore
b79571a2-f57b-4b73-af66-d138ceccd45c,True,False,True,Machinery,India
0d8cf6bf-043d-4086-a7ee-ab5c62207840,True,True,False,Electronics,Singapore
dbf27458-700c-4806-a9a5-cc5100b0eb4d,True,False,False,General,Singapore
677affae-cb01-4b66-baef-d028f9202de6,False,True,False,Electronics,China
0e1ee0ae-ad61-4ed2-9bb0-0eaccd157a42,True,True,True,Perishable,UAE
bb0e4f0e-e904-47e5-8f49-e1670dd547c2,True,True,False,Electronics,Netherlands
5a009a94-6841-438e-82b9-58299b20307d,False,True,False,General,UAE
e8ffeb96-a5c1-4567-91bb-ecf6bb858e1a,True,True,True,Textile,Netherlands
df018009-423f-41fd-9943-2db207f10968,True,True,False,Pharma,South Korea
410a0acc-cd7f-41c1-8643-2617b5ac59f2,True,True,False,Machinery,Netherlands
cd30b39d-c75b-4d7b-a23d-70c7d0f67c71,True,True,False,Hazardous,United States
d1723205-8235-4ef4-9a2c-d5ab76701921,True,True,False,Machinery,Germany
9dc4a59f-7694-4f93-91ee-9a692b7a37bc,True,True,False,Machinery,Netherlands
a4baf1fc-4033-4a27-8b70-9abb32d30d09,True,True,True,Perishable,United States
cf8fd3b2-ee7b-4e21-b785-1b7c47430c12,False,True,False,Electronics,South Korea
be4afbce-74f2-40d0-a3fa-1f6bb10b5a08,True,True,False,Textile,China
46b82175-1be3-4faf-95b7-54131a422530,True,True,False,General,United States
04550390-ea09-4ec5-9997-596e59030385,True,True,True,Chemical,Japan
2182790f-069a-4b78-8515-bdb1c5ae63df,False,True,False,Pharma,India
81a5e62c-40c0-4a19-99ff-43de2cb09591,True,False,False,Pharma,India
4b02c7f8-6245-4414-ad84-c5561e5ceef8,True,True,False,Electronics,Netherlands
4c388ce6-4ff5-4869-a9d4-1d5918a007d6,True,True,False,Textile,United States
8307a3c6-3b76-4f76-b6cc-69b8b004446f,True,True,False,Chemical,Singapore
083b9534-8ee6-423e-b881-0f84eff74026,True,True,False,Perishable,United Kingdom
4595b5ca-5b48-4613-867d-0c01c22bc3fb,True,True,False,Chemical,Germany
e976e782-1504-4a19-9750-d4c888527e65,True,True,False,Pharma,Singapore
5b4e3d5d-baf6-47cc-87bd-5c5e681fcbf5,True,True,False,Textile,Japan
c62c5611-a790-4401-82d9-140cdcc7e74f,False,True,False,Perishable,UAE
598bd560-09e9-43e9-94c7-bde46d23cb4f,True,True,False,Hazardous,UAE
be6e8733-3131-4c3b-8c2c-99e1fa2a3208,True,True,True,Chemical,United Kingdom
ec6ed0c3-9988-4172-9f7b-b208d0e0a193,False,True,False,Hazardous,United States
ea74f64e-89a7-400f-8b17-abd30560a414,True,True,False,General,India
b643448f-220d-48ca-a3f6-b82927886558,True,True,False,Pharma,China
fc86db51-9807-4914-986a-c451a587528b,True,True,False,Chemical,China
e015fb04-975c-4a5a-88c7-c636a9eb7c0a,True,True,False,Hazardous,United Kingdom
665c0eff-cefa-4fd6-8221-180bcdeb5511,True,True,False,Chemical,South Korea
741cd7b6-f0ea-4e40-b47f-451dd4400d1c,False,True,False,Chemical,South Korea
cc7d91c1-07e4-4662-b421-38bd1b8c33a8,False,True,False,Hazardous,South Korea
13c6bd4a-fc70-481d-b857-e98ef49a0c94,True,True,False,Pharma,South Korea
3b6e9226-e306-456b-8a36-47f45936eb2f,False,True,False,Textile,UAE
19e6d51b-7256-4fcc-aff3-62a2e7ab3c25,True,True,True,Machinery,Singapore
326e1500-1a1f-48f8-95bc-a82699a9c654,True,True,False,Chemical,China
d40f2d19-5e5b-4b94-b3e4-be5c5a279221,True,True,False,Electronics,Japan
5619929b-d76c-4084-95d0-604c6a23ab62,False,True,False,General,Japan
8d5370ed-bf27-46c9-b44b-dae3e281d7e1,True,True,False,Pharma,United States
86ee1596-4ddf-406d-b4e2-b417beecc3d5,True,True,False,Textile,South Korea
10371de0-4b74-4d23-9f27-adf68b00b472,True,True,False,Textile,India
3a89db19-de06-46c7-9d3a-33e5f0b1473a,True,True,True,Hazardous,China
523e9ff8-48b7-4f8f-9f49-606aa152559c,False,True,False,Chemical,Singapore
c082e95c-9364-4fef-ba32-2369e323b932,False,True,False,Textile,China
a5efbdb0-e503-410f-b601-59ff0931cc17,True,True,False,Perishable,Japan
38f6ce93-efa7-4cac-90ac-fbafa5e77971,True,True,False,Textile,UAE
fe2a4454-4322-4c66-8763-9b410bae187f,True,True,False,Perishable,UAE
d5eed5ab-24df-455d-812d-a9f97497e009,True,True,False,Hazardous,United States
37f99983-d3f2-45aa-88fb-24d01d355790,False,True,False,Perishable,China
fa0bdd06-95b5-4d6c-b2d8-ce08decdc0b1,True,True,False,Textile,United States
c0094899-9088-4b5c-b1ad-aada8cd49b3d,True,True,True,Electronics,UAE
34e091f9-d280-43c6-a60f-fdc223ab6f27,True,False,False,Chemical,Netherlands
cd2452b3-a595-43a2-a369-980bbcf20f1f,True,False,False,Pharma,Germany
3aee2d25-9ec5-44fb-814d-93a162950984,True,True,False,Pharma,UAE
bb3f6903-7514-406f-9c58-fcb89c180049,True,False,True,Pharma,United States
952f1e21-0924-4640-a0ae-687b92279379,True,True,False,General,South Korea
bb52a45e-821c-40df-9372-334874e6b4f0,False,True,False,General,Germany
601e3c16-b380-4f36-a0b6-276b78be77f9,False,True,False,General,India
c3870b3e-bea7-4ded-ae5b-fde0acc6aa19,True,True,True,General,China
15075473-59a4-4d39-b96e-2822d05213b7,True,True,False,Electronics,United States
24a88f60-2ecf-4e56-bf66-bae4a7637f78,False,True,False,General,Singapore
0d8d2b13-e846-4c72-8c3d-87271e9d4ca8,False,True,False,Hazardous,Singapore
e1d364bd-be7e-4ac5-9e6d-9cb5b8c2c0c5,False,True,False,Chemical,China
fb7f3f99-66be-4eb4-8cad-bbff12d3dae7,True,True,False,Machinery,Singapore
b7a3361d-f501-4f14-a03f-6c0bf65e4f78,True,True,False,Pharma,South Korea
c75861cd-0666-428a-839b-8203b299159a,False,True,False,Chemical,United Kingdom
5bde5a4b-2f72-4038-9f1e-bde545d25a2e,False,True,False,General,Japan
341b6ff6-6c22-4d74-a851-97b046cf429e,True,True,False,Chemical,United Kingdom
e34d5415-f235-4dbc-a3b5-e27e3d3286a4,False,True,False,Electronics,UAE
74b81d6b-8edd-4f72-8f9e-dcf646925ef5,True,False,True,Textile,Singapore
457ff4a0-423f-4a3b-9e14-ff3b8bb36486,True,False,True,Chemical,UAE
4f3654c3-6c97-4ba5-98d1-42ffe049de21,True,True,True,Perishable,China
0f1946e3-8101-492d-a3b6-7a98a6b85c69,False,True,False,Perishable,United States
35de7e2b-ab28-4261-910b-7072243752e4,True,True,False,Chemical,India
db956f48-2d9e-436d-8a5a-65874efb0de5,False,True,False,Perishable,India
627fa45d-1f17-4ad8-87a7-e98e7136b98b,True,True,False,Machinery,China
b41c7623-5a95-4fcc-a5aa-da7817fb04d1,True,True,False,Chemical,China
8bf8e458-1987-4dab-a80d-5e32bb12960d,True,True,False,Hazardous,UAE
2dceba25-624c-4c2d-8320-e399d0d05716,True,False,True,Chemical,China
bab730e4-d326-4966-885d-07fc40b07253,False,True,False,General,China
55e3d49d-bdbf-44b1-9837-6cf1b15a17b3,False,True,False,General,United Kingdom
212e2f96-f36c-44d4-afc2-98c56735cb8f,True,True,False,Chemical,South Korea
56358831-d90a-4872-a674-06876378304b,True,True,False,Pharma,Netherlands
ab330e4d-f2f9-4c69-957c-017108e8fe8b,True,True,False,Pharma,Japan
598ab72e-464b-4cce-a5eb-9b4c0da1ac77,False,True,False,Textile,India
4c8a69c3-8495-4cd6-8d9d-f6bd15bd8f31,True,True,False,Chemical,United States
e91b40a2-d5c3-4545-891e-e1145fdf5cc2,True,True,False,Perishable,China
3a24c6b8-b1cb-417b-bcff-a6627216718b,True,True,True,Perishable,Singapore
a4674a4a-481a-48fe-aebc-84f082c28ea5,False,True,False,Hazardous,UAE
34602a36-a087-4782-8469-f94810243d02,True,True,True,Machinery,Germany
70ffd7fc-4c0c-4aba-a780-38809052fbd6,True,True,False,Hazardous,Netherlands
bc3d3432-56c7-4ac7-afac-06cd5707d678,True,True,True,Machinery,Netherlands
b15f9d56-d106-4fed-b30f-d0aebbc2d934,False,True,False,Textile,India
6e4bebb0-0779-4f2d-902b-fd483c0a29bc,False,True,False,Textile,United Kingdom
0bdff6d5-9e61-4298-a50a-facd79965915,True,True,False,Electronics,UAE
83226948-23ec-4ec9-a449-d929d21a575b,False,True,False,Perishable,United Kingdom
9437b4c5-8c92-4686-9ad4-9f35372aa23c,True,True,False,Pharma,United States
5b8fd329-27ad-4b3e-9be4-7d06dbfc922c,True,True,False,Hazardous,United States
e0c4cc30-c9a5-4cdf-979c-525cafe92cc3,False,True,False,Textile,UAE
b54ef793-18fa-42d7-b58a-533b629980ba,True,False,False,Textile,UAE
69958d6f-8e03-465d-9812-8ca40eb67952,True,True,False,Hazardous,Netherlands
34338f8d-01b7-42aa-987d-ad80718a9cb7,True,False,False,Machinery,United States
7c91691d-3be8-4795-9953-3af98a7fdcec,False,True,False,Perishable,Singapore
afdefc15-2143-4f55-8a8a-e3e1ab8aee6c,True,True,False,Textile,South Korea
bfe0fa24-4a08-44b0-a079-4edd8eb9d745,True,False,False,Hazardous,India
5ed6285f-3214-4598-90bb-ff2bd88b0683,True,True,False,Electronics,Singapore
949b8d0b-082f-4952-b800-8f3bf90dc82d,False,True,False,Pharma,United Kingdom
6ec184bf-2ec3-4bfd-a9b0-5be846901133,True,True,True,Chemical,Singapore
74f403ac-b45f-4a09-b504-547f934b79f8,True,False,True,Electronics,Japan
feff65ab-7b68-4675-acd2-3ae505598e24,True,True,False,Hazardous,Netherlands
fda50690-3591-43b9-ae19-dd5b311075a4,True,True,True,Chemical,United Kingdom
f10b8f57-aeea-4f79-a7be-5e1818b00a26,True,True,False,Electronics,Japan
4fc2bb3f-c152-435b-a061-68964451c81b,False,True,False,Perishable,Netherlands
89e346ca-ac2b-41d5-84c9-52e6a87b6403,True,True,False,Chemical,South Korea
53956ee8-1c8c-4ff4-9cef-f7dc2d408a01,True,False,False,Chemical,India
1279871b-271b-4697-a4ed-56243b72aa63,True,True,False,Electronics,Japan
336e1a39-4740-4180-b707-446a570eee82,True,True,False,Pharma,United States
cc8d71a0-8d6d-48b7-967f-cd5a4040a9ec,True,True,False,Machinery,Japan
59196285-3c10-4bcc-a9d7-a607e2a0cf3e,True,True,False,Perishable,Germany
90a2117a-36ac-46e9-9484-5c32004021ac,True,True,False,Electronics,Singapore
953a38c5-35fa-44a2-9aff-eda1cfdc7304,True,True,True,Textile,Germany
0c8409a3-3cc0-430b-b4be-a3f8e40a2e75,True,True,False,Perishable,Germany
5329e145-cdc0-44b8-9ee0-1378490c80a1,False,True,False,Hazardous,Japan
766a84e6-a198-4182-b1ae-9b246f5b9c5f,True,True,False,Chemical,Germany
4d7fde72-7676-4d9b-ab77-b37945bb0273,True,True,True,Hazardous,Singapore
26ecc3b7-1547-461b-90d7-8de5dad59e3b,True,False,False,Machinery,Germany
57609084-9735-4b6e-9c93-e5c165fd5bad,True,True,False,Hazardous,Japan
4282f0c2-bb3c-437a-b3e2-70a412a55df6,True,True,False,Pharma,India
020c6d9b-1bf7-4c19-9131-6c9e55b338c8,True,True,False,General,South Korea
34fe7d3a-0dea-4b90-9c57-fb7d46c99008,False,True,False,Perishable,India
b98a8989-3e3d-4d61-be66-7cc3eda191ef,True,True,False,Electronics,Japan
11b31a78-ee83-49bb-8160-aec7c470ecdc,True,True,False,Textile,South Korea
a5751059-9295-4813-ad2f-64664b5b355a,True,True,False,Chemical,Singapore
9838852a-5be2-47c4-9c9b-b35f7d72ed83,False,True,False,Machinery,Singapore
79b7519b-9014-4b8e-95ef-bffa2fd2cb26,True,True,False,Machinery,United States
f7131223-1908-493f-9230-98b2e5b658cc,True,False,False,Hazardous,UAE
9618cab0-947d-4a05-87f9-a7cb5958637f,True,False,True,Pharma,China
576967c9-6376-485d-bee7-39ff742d9a5d,True,True,False,Chemical,Singapore
9d218bb7-3cb8-4b67-a93b-c57f5cf542ab,True,True,False,Chemical,United Kingdom
186da596-6085-4e02-a55c-c9676a246c61,True,True,True,General,Japan
2ff00e31-0259-4e3d-9436-1a1c1cee4a97,False,True,False,Textile,Singapore
e5eb6320-f3af-45d5-a037-7806ea421991,True,True,False,Textile,South Korea
cb94fb17-ba0b-439e-a180-914e90841ca1,True,True,False,Electronics,Singapore
bb74236f-d2b2-4fb5-b978-37d4eef430c2,False,True,False,Machinery,UAE
9036f467-8c14-4935-bc49-1729b9598435,True,True,True,Electronics,Germany
e1cac003-163c-485b-ba17-a57c7ba7911d,True,True,False,Textile,Singapore
70b45bed-bc76-4e56-973f-a9e38e1e2670,True,True,False,Electronics,Netherlands
480d4815-087a-4488-a8e8-ef1e8bf43268,True,True,False,Textile,Singapore
3965b695-bbc4-43d8-96fb-ee1ae194b6a0,True,True,True,Perishable,South Korea
cd84522d-8553-4a37-b658-707885d845b7,True,True,True,Perishable,United States
cf6c9fa2-0e8b-4d8c-8a46-c867b40155f5,True,True,False,Hazardous,India
c4951516-fa69-4d3f-9174-31b98a4557dd,True,True,False,Textile,Japan
68192c56-f1b0-4d93-8ac6-29e5b6458b2d,False,True,False,Pharma,South Korea
ae9c5228-dab9-47d4-aca6-295f3cf8dc79,False,True,False,Electronics,South Korea
9ed0af54-8e01-47e0-b968-c6a6f9733822,False,True,False,Perishable,United States
0787dc21-5e12-4e0f-a1cc-f6d24cc2a8f2,True,True,True,Pharma,Germany
80ce8a43-4ef1-4d89-84fb-5dca30b901be,True,False,False,General,Germany
a89a4aea-4be4-4646-bb32-58c5d1da4e0e,True,True,True,Pharma,Germany
7ac39c40-2d62-41fc-89c6-91726a0e27a0,False,True,False,Machinery,China
111af9a1-7901-4480-a941-27054e898b2f,True,True,False,Textile,Japan
347cdb3e-0bcc-4a3a-b846-46baaa4ffb9a,False,True,False,Chemical,Germany
4345ef94-48fe-47d0-a93d-e413e1efcd7b,True,True,False,Machinery,UAE
4f62f7c4-88bd-4837-9821-660103cf8a3d,True,True,False,Hazardous,Netherlands
8ce0edd5-1762-4d00-8f9b-037c786f4df2,True,True,False,Hazardous,United States
b9f80e64-0145-4969-8439-10254c71502d,True,True,True,Chemical,Singapore
d62ecd89-a149-4a35-8680-a38b464a870d,True,True,False,Textile,Netherlands
7f3f4326-7075-4c78-b3c8-7834dfbae593,True,True,False,Hazardous,Singapore
512490af-37e8-4304-b046-cef05b794456,False,True,False,Hazardous,Japan
b18e4b1e-fbae-419a-9ad9-79e0b6724370,True,True,False,Electronics,Singapore
b4e79e8f-ff1d-4a3f-993d-98927d44dc57,True,True,True,Chemical,Japan
36f24765-08f5-4e60-9548-09a44de688d2,True,True,False,General,United States
c3aca639-f487-4c41-bd4b-032b048019f3,False,True,False,Machinery,United Kingdom
75bf0a2f-3c97-4872-9df7-599536055852,True,True,False,Perishable,UAE
8b364cd6-d82c-4b2a-8e44-4665c92be91c,True,True,False,Electronics,India
be508dd5-9b0a-482e-ac3f-c0e5d9591ae4,True,False,False,Machinery,South Korea
a38daedb-4b30-4dc6-a575-46ee00becc69,True,True,False,Hazardous,India
d7850b83-abd1-41aa-a067-5b1dec7d4b12,True,True,False,Perishable,Germany
636e3da8-8c51-4cf4-ad1a-76b333c6998a,False,True,False,Textile,India
31a21d57-eaff-41ba-b4df-540873aab06f,True,True,False,Pharma,United States
83486cb6-41c9-4ffe-84e1-f720bb113f65,True,True,False,Machinery,South Korea
07e7bad8-b16c-45c0-b24e-9c9e6194beb6,True,True,True,General,United Kingdom
20678ee2-705d-4a90-8e6c-d55426a0327e,True,True,False,Pharma,South Korea
a42d1904-2f36-40b4-a58a-2c08923ae7e0,True,True,False,Pharma,Netherlands
d3257c16-22d5-4255-a739-d534eeacadaf,False,True,False,Pharma,Japan
7cbdb7ca-4083-41dd-831a-81ec98a74285,False,True,False,Textile,United States
ffae5667-9914-442e-9779-6659f39d35bf,True,True,False,Machinery,South Korea
774f8d7a-745f-4ae9-acc0-eb9b3fd00178,True,True,True,Electronics,UAE
cd8cc6aa-30c4-463c-b6d5-bece6557a43f,False,True,False,Perishable,China
92b6e047-c307-4171-bb2a-183ad2dcd3ed,True,True,False,Chemical,Singapore
ff9dfc8b-8f3b-41a5-856f-a3998db7a08e,True,False,True,Chemical,China
e2c94ae5-88b2-4b54-aa39-7e55fabd8ea4,True,True,False,Electronics,United Kingdom
da96b6f0-13f9-42f1-bd84-7a2706b6ed42,True,True,False,General,Japan
b78684fd-a642-4609-b751-7abae076b781,True,False,True,Perishable,China
dd77fb27-7ccf-4129-af55-6e62dccec196,True,True,False,Textile,Japan
2edc8822-8693-46e6-a926-fdfa6d99c37c,True,True,False,General,India
2774e07b-9934-4c6d-a860-3a83c0f2ff64,True,False,False,General,Japan
f5026414-1a10-449c-8f14-e5ec37c41661,False,True,False,Chemical,United States
ffba6c74-9101-4030-b758-9c1a44db954c,True,False,False,Hazardous,United Kingdom
3bb0ea0f-d49b-4668-aee4-ad79924a95a7,True,True,False,Textile,India
7bc15834-8690-43ad-816d-99dc86b7d7ae,True,True,False,Perishable,Japan
97da0833-b438-4d61-9117-fddd96637a68,True,False,True,Chemical,United Kingdom
5e05632c-2702-47f3-bad7-388a2da5a9d6,True,True,False,Electronics,South Korea
05a2edfc-3763-4652-9b43-5d2e11db1583,True,True,False,General,India
167158cd-a9b8-462c-ab8d-9f9910e8c484,True,True,False,Perishable,China
e21f0ee0-d5fc-49a3-a92f-67ba7fbd8298,True,False,False,Hazardous,United States
a30f6496-4c01-41f1-b233-8605b9051f9e,True,True,False,Electronics,United States
38f1ecb0-5a29-426b-9427-9c53ea2ec6ce,False,True,False,Perishable,UAE
b52373a7-f64a-46e4-8c92-73c0bb3a5839,True,True,False,Textile,UAE
877e95c7-077b-4868-90d5-0befb0641633,False,True,False,Chemical,United States
8b683b1a-6309-4341-b8b1-655de4538357,True,True,False,Textile,China
34b8e2bc-f3d5-49a3-b022-21f4810bbe0c,False,True,False,Electronics,United States
f7207f2a-5ae3-4a55-a86f-7e378bc686f0,True,False,True,General,Germany
08971e97-6989-46fa-bf9b-b801428267d9,False,True,False,General,United Kingdom
bf88182e-5f13-4aad-b9f8-ba7126df7984,True,True,False,Hazardous,Germany
d66787de-d337-4355-9379-a9db2cd24c7d,True,True,False,Chemical,China
771261b6-9aef-4e38-a025-c3fd11fd230e,True,False,False,Electronics,China
cb853605-b628-4d20-bd22-9ce1d77865d6,True,False,False,General,Japan
eedaaeae-2f74-4f4e-b2bc-a44fce045bcb,True,True,False,General,Netherlands
adce2c2d-8ee1-46d3-b7ea-0d125005ff1a,False,True,False,Electronics,Singapore
1bba7ffc-c2f5-4fd7-a00c-24eb387387ee,False,True,False,Textile,Netherlands
1f60d87a-0b90-4cd7-babd-61cf22e12c7e,False,True,False,Textile,Germany
e13031f8-c8e7-4472-b0e9-5cab29fec00d,True,True,True,Machinery,Singapore
24d88cb0-3a26-4340-b3ac-5086da2b985a,True,True,True,Chemical,Japan
d01db6b1-7f4d-4ac1-a41f-89cd4a5e5413,True,False,False,Hazardous,United States
230369b4-5329-4d14-880a-cb7d8e443b97,True,True,False,Perishable,South Korea
3031d920-fe42-471f-a0d8-5d7fc20731a8,True,True,False,General,China
350fbba2-2794-4807-8bc8-1f1b15984824,True,True,False,Electronics,United Kingdom
de1acfe1-f33f-40f5-a578-a554e0d4c369,True,True,False,General,Singapore
2c13adb1-6c97-4e4d-9749-b383d22f927b,True,True,False,Hazardous,Singapore
4615e8da-e227-4432-bc95-b85112637a66,True,False,True,Perishable,Singapore
bc0d78a0-101e-4c5e-ba78-aa347ec7fc93,True,False,False,General,UAE
ae16170c-3b80-4c48-ba8d-5c22981bf87b,False,True,False,Chemical,Singapore
bc410108-cc42-4f52-82e7-38a55a743459,True,True,False,Machinery,Netherlands
2f587507-ddbc-42eb-897d-c4f49992ff1a,True,True,True,Perishable,India
7908a1a0-7ba6-44a8-8ef2-46f850ef05a6,True,True,False,Machinery,UAE
5ce1d9d5-9de1-4602-91dd-7194f6f1ad31,True,False,True,Textile,Germany
857a4766-c5be-4855-b865-4c69f511236e,True,True,True,Pharma,UAE
171a4335-f7f0-4f2e-a112-88ad5c944aea,True,True,False,Pharma,China
083e7fe0-d270-474c-9cf2-da380721709b,True,True,False,Electronics,UAE
d7f94a84-9d49-4c57-afb9-a8c0ee8a1d54,True,False,True,Electronics,United States
d74c2c84-9fb1-4d57-8d21-5251be81c9fd,False,True,False,Hazardous,India
1168e285-98e0-459e-bdec-37ef1c4bfb72,True,True,False,Electronics,Japan
e00d10a2-ce67-473f-bcc7-c56c0b3afb88,True,True,False,Perishable,UAE
5487cb73-2b66-4037-8e46-183221d9dd7b,True,True,True,Perishable,UAE
142533df-c447-4f2b-a857-480c0efc6e0b,True,True,False,Pharma,Japan
10990d9c-c044-49a8-b2a5-4a5466708d96,True,True,True,General,Netherlands
fa03898e-53a2-4a09-97e7-003e07c00612,True,False,True,Chemical,United Kingdom
0e827378-0707-43e3-84e8-fba788e2da85,True,True,False,Chemical,UAE
c39ad4f2-b402-4221-83a8-62773339eb55,True,False,True,Electronics,South Korea
d4f9e64b-9f63-457d-a391-c50fe43f8a93,False,True,False,Perishable,Singapore
40f2efa6-2fe5-4197-9022-c7261d996967,False,True,False,Machinery,United States
9ef7c2af-d3d1-4acd-9e83-4ff1b5d598f5,False,True,False,Chemical,Germany
256d1acd-0854-4929-924c-aad2426a1576,True,False,False,General,United Kingdom
110df027-bb12-4545-8192-c04e854c9522,True,False,False,Pharma,India
9f1a5097-fa64-40f4-811b-708905363d39,True,True,False,General,United States
7e4cfa02-4c01-45bf-97db-8286ea9b26bd,True,False,True,Perishable,India
9ff8dbcd-fb73-4e96-aae8-3dd04b07b62e,True,True,True,Chemical,UAE
16076b7f-9e33-423d-b243-e3f06d35d04a,False,True,False,Machinery,China
db8b3479-33c0-4a46-9229-ca0e94c30314,True,True,False,Hazardous,UAE
434ea6bf-07e2-4b21-a5bf-7afe2e53a1bb,True,False,True,General,UAE
77ba4b5d-93cd-4d5a-961f-eb77a10ab24f,True,False,False,Chemical,India
a93911ba-dcb8-4502-bb9c-efb5e3ff77f3,True,True,False,Pharma,United States
38afa0c5-c47d-4c20-a254-08b7d9151a64,False,True,False,General,United States
41956168-3fbf-4176-8ac6-6cfd01eae449,False,True,False,Perishable,UAE
1ae8146a-dd89-4c6e-86d2-4f44c1f76546,True,True,False,Hazardous,China
7b5abf69-ca70-4882-b19a-ddb7d1c48c0b,True,False,False,Machinery,Japan
cf64d141-9aa7-42bb-925c-3c3f07105b29,True,True,False,Chemical,South Korea
20aa4d64-b631-456f-a6d0-746332756a47,True,True,False,Textile,South Korea
6862fc85-fb40-4da5-9880-072a25dd01fb,False,True,False,Perishable,Netherlands
23b7d62e-58aa-42a8-b090-4ff2e25a6af3,True,False,True,Electronics,United Kingdom
e447380a-5d00-404d-b9d5-280012a87196,True,True,False,Textile,UAE
ce80923e-2a41-4de0-bb4f-6388dc4adb6c,True,True,False,Hazardous,India
1d10d192-4907-4855-b9ab-6521cf620047,True,True,False,Chemical,UAE
c90542b4-b5c2-4c34-a834-fe699b888227,True,True,False,Machinery,China
cc887413-af42-466c-83be-255c6bd0cd9c,True,True,False,Hazardous,China
cc380c22-450e-4fae-b5f0-2a9018cdc07e,True,False,False,Textile,UAE
1988e991-ebe7-4342-bacc-de20f8658e3c,True,True,False,Chemical,Singapore
f751982c-243d-4716-bdd3-374247ef3247,False,True,False,Pharma,UAE
81eaf8f3-44ac-4aac-8831-6ace1088dd08,True,False,False,Textile,Germany
6273403c-ebb6-441a-aca8-4b0fea958baf,True,True,True,Perishable,China
0822cd87-63c1-49e2-96db-fec0f4a2dfaa,True,True,False,Machinery,United Kingdom
814a337a-a837-4132-88e4-cf42b3311de4,True,True,False,Perishable,South Korea
03d41990-30fc-40f3-88e1-1e75666b9c46,False,True,False,Electronics,India
a5c15991-96e5-441c-b650-c088314bc001,True,True,False,Textile,India
49c35448-607b-43bc-a2dd-e4e875ae98f1,True,True,False,Electronics,India
0d1a65a7-dd57-47ae-b9c8-c5c79fd844b4,True,True,False,Chemical,India
c1c89e65-4215-4fbc-b8dc-26a157e2324b,True,True,False,Electronics,India
4a8504e6-12c5-41e1-b4b7-3047efa8f70f,True,True,False,Machinery,Netherlands
d501e487-957e-4532-87de-45a8cbfef651,True,True,False,Textile,China
9ee2ab98-fbd1-411f-9daf-041094bd89fd,True,True,False,Machinery,Netherlands
35318a40-6933-457f-8090-cd9fa64ebb16,True,True,False,Electronics,United States
379cf662-6af9-467c-907c-0e37b58a2b90,True,True,False,Electronics,China
8c5569cb-693b-4d01-8857-3832a61877a3,True,True,False,Textile,UAE
df83a355-a19a-4147-bdd3-007eafcb9ad6,False,True,False,Hazardous,India
b330d779-89f8-4dfc-bc60-1d8e3c0c664b,True,True,False,Pharma,South Korea
359f7cfd-541c-4431-a028-402d508007cd,False,True,False,Machinery,South Korea
d9502c0d-cacb-4c77-b5ec-b6bc71dd0303,True,True,False,Electronics,United States
bcb8a155-77f9-4745-8848-d1f68cac379c,True,True,True,General,Japan
d4290b43-a337-404e-8001-49063fa888f7,True,True,False,Pharma,UAE
1d6ffde8-e997-4653-8111-bb315e67afd3,True,False,False,Pharma,UAE
f36be78d-14ce-4095-9a24-961fdfa7caa4,False,True,False,Hazardous,Netherlands
a47adb54-bb40-4ae3-907d-17ab92a13292,True,True,False,Chemical,Germany
41da9ad7-d9fe-47fb-a678-5d0eefe32ec2,False,True,False,Pharma,Singapore
20fb30fe-5468-4405-a31d-2a3eeac42bb8,True,True,False,General,South Korea
31a1ec71-6442-45dc-95cb-fbc1c6082340,False,True,False,Chemical,Netherlands
bd6ab494-194f-4a4a-bc2a-02fabe49d4ce,False,True,False,Textile,Germany
9b36a89a-ff82-4c46-bede-ff5059a07ddf,False,True,False,General,Netherlands
583c2f70-5310-4592-9b28-982a250d8944,False,True,False,Perishable,United States
c9801639-3002-481f-81cc-38af9c70d5c6,True,True,False,Chemical,United States
3f083f25-f9e8-4e73-b78a-96bd9fd02526,False,True,False,Electronics,India
a9ed668a-05c5-4b75-a095-15090fda5f35,True,True,False,Chemical,Japan
af7bbc06-7223-43a3-bc04-3e5d67172790,False,True,False,General,United States
bf060818-f362-4426-a677-25e1752adc0f,True,True,False,Electronics,Germany
adaac2b0-fef0-4911-951d-a6df95549c43,True,True,False,Machinery,Germany
07e08859-2f7e-4d53-87c4-724d94da4a9e,True,True,False,Pharma,United States
b6143236-9e50-42e0-8cac-5e0da4d0f37d,True,True,False,Perishable,Japan
e519bc91-801d-4815-acc2-fababbc2c49a,True,True,True,Machinery,Japan
b4642fb3-5f85-4656-87b8-8135ca802b5b,True,True,False,Textile,UAE
4d6c5b53-637b-44e2-89b5-5995df3d0033,True,True,True,Hazardous,Netherlands
51282777-c3b5-40c5-a44e-09870f4c2cd7,False,True,False,Pharma,China
ef34d726-b0f6-4c04-94ca-56858c6d630a,True,True,False,Pharma,India
bd6545bc-7523-4688-a81a-67773ccae142,True,False,False,Electronics,Singapore
5b0d3ddf-3daa-4347-85d9-0e71e805b037,False,True,False,Hazardous,Germany
1dd638f0-cdc7-43b9-89a0-1886bb67b344,False,True,False,Pharma,Japan
07d0b75e-68b1-4027-a782-a29431a31008,False,True,False,Electronics,UAE
a434dff1-0921-4b2c-a551-d93c4fe6060c,True,False,False,Perishable,China
808ac9be-2ef0-4d96-9b35-f537c9106be5,True,True,False,Pharma,South Korea
bcfdf05e-bdbd-4e57-ad5b-6364cb1044aa,True,True,False,Hazardous,China
af2ba823-8248-4bc0-aa9e-a046bff4eccd,True,True,True,Textile,United Kingdom
f7ffe621-7860-4e5a-9845-1abbc3505a49,True,False,True,General,South Korea
d92ded70-7642-46c9-ae00-362fb72fa078,True,True,False,General,Singapore
2c8e55cd-e74a-4133-94eb-e2a07305e1c4,False,True,False,General,Singapore
7b31f557-426b-43f9-a547-03ba87f0362f,True,True,False,Electronics,United States
458acc77-0566-4324-bcae-c435f0e5694d,False,True,False,General,United Kingdom
22d53eea-1e8e-4711-8d10-8a2b1840d8df,True,True,False,Chemical,China
f1743dfc-85a0-42d4-8d4c-e6549780524e,False,True,False,Pharma,Japan
e2b76ebd-eb7b-46e2-9bb2-19c6c9717c77,False,True,False,Machinery,China
1d82b010-7c11-41fc-8a2c-5651d0bc5e97,True,True,False,Perishable,United Kingdom
354eaa9e-4bc9-4a88-ae19-6d379674ddb3,False,True,False,Hazardous,United States
a443be4f-2ada-4185-9d4b-764fd783a6e4,True,True,False,Perishable,South Korea
6d884b91-eb91-4d21-80dc-9c7264d55c02,True,False,True,Hazardous,China
77eb6834-693b-4e22-9f71-ca0738c8299b,True,True,True,Machinery,India
2f1001f4-bf93-410d-9d4a-8898db9e2d9a,True,False,False,General,India
34fda2bc-434b-4e7b-a485-6dc128e295af,True,True,True,Chemical,Singapore
ae6082aa-8a5a-4af3-b32f-cb6cdf4da703,True,True,False,Perishable,Netherlands
ba0d30b6-3900-4ac9-b645-d6b00d3638ff,True,True,False,Pharma,South Korea
f7e80c30-6487-4b49-8457-75a2fbcc0b39,True,False,False,Pharma,South Korea
ba64ac85-7d28-447e-b396-7d877f87e3cc,True,True,True,Electronics,China
ee704fb6-43e5-4113-93ce-82dac37f2c4b,True,True,False,Machinery,South Korea
6b2a3b84-8fc9-4dca-a2c8-f6b610cbe3fe,False,True,False,Electronics,Germany
1a5252ad-5672-46f1-9dba-9b7da2574bf0,True,True,False,Chemical,India
b1586540-4469-4f8c-978c-fcdfc9ba05bc,True,True,False,Hazardous,China
640f27fd-5e11-4887-8537-4e84cdfd7a30,True,True,False,Textile,UAE
9ab05484-073e-4884-a1c3-8789ccf432f4,False,True,False,Chemical,China
5cbb27cc-cd1d-4c0b-9980-632fa0a872dd,False,True,False,Electronics,United Kingdom
13bc0ab5-d056-4862-9dd7-72f1dd41c295,False,True,False,General,India
6a8a456f-3d82-4c1f-a771-857696e60b68,True,True,False,Electronics,Japan
418ca791-0402-4db9-91e7-a5e9e80e01b6,True,False,False,Hazardous,United States
f9039053-18d3-4608-b9c9-4e29613576be,False,True,False,Textile,United Kingdom
5054e526-e3fa-4e40-b59e-bdac02b4c2c4,True,True,False,Textile,India
5d5c16fd-0f9e-40e6-b7c2-26dc034bad4d,True,True,False,Machinery,Germany
dca7f199-f4c8-4506-87b8-81bf1a91212b,True,True,True,Pharma,United Kingdom
95f47a53-8381-4c13-b715-76f0b98b513f,True,False,True,Pharma,United Kingdom
18d7d0f5-21ff-4703-b52e-bbf7356a8598,False,True,False,General,UAE
478f60f0-7254-4a3c-9cca-e05dfd3731bf,False,True,False,Electronics,Germany
3db153a5-9e56-430f-a4d7-cf92b5657dd8,False,True,False,Machinery,Japan
dbf7f6a3-3c95-4424-83f5-6957c267fc93,False,True,False,Textile,South Korea
4b8e9c44-a97c-4a48-b76d-5a801e885574,True,True,False,Machinery,Netherlands
2d23011d-b59b-46e0-a3a4-8952766c450e,False,True,False,Chemical,Netherlands
08a5452d-27b8-4e03-afc1-9884c1b14699,False,True,False,Hazardous,South Korea
f26ae550-ab9f-4a9a-9562-3a65e399cba5,True,False,False,Hazardous,UAE
cc96eec4-38b9-4f00-9454-8925b0e5d17a,True,True,False,Hazardous,Japan
5fb56745-caae-41d4-ace2-5373dd60892c,True,False,False,Hazardous,Singapore
b853da56-4143-4e8d-87b4-fd9567a30fa5,True,False,True,Hazardous,Germany
c35a2866-0345-4b19-9f00-0296b932d7db,True,True,False,Textile,UAE
d306d2ff-56a1-4920-ba63-b758c54e2f8d,True,True,False,Electronics,United States
f0b9f54c-8616-4d06-b04b-fb2def454f1b,False,True,False,Machinery,Germany
2ab17e3e-b17c-42a9-ae2c-05fb61241fee,True,True,False,Pharma,India
894e59db-707c-4635-b9b6-40d6b5bbf764,True,True,True,Perishable,UAE
2ba3bdf6-c561-4cca-aa2c-323c208e48f3,True,True,False,Machinery,United States
bc3e7848-2aa0-41fd-b172-2eef560e6d06,True,True,False,Machinery,United Kingdom
17759d94-89a0-4062-8d6e-d67566fad654,True,False,False,Pharma,Japan
3c7b0def-37c2-44ab-b09e-fb7512fa473d,True,True,False,Electronics,Japan
f587f9a1-7855-4631-b202-40bedd8f9d9b,True,False,True,Perishable,South Korea
9b9fc2e7-aa94-4709-a379-16192545ce34,True,True,False,Textile,United Kingdom
09e8f07d-6b79-4ba8-af0f-4798142dc4b9,False,True,False,Perishable,United Kingdom
55099d82-2ab7-4a7b-a588-6cafd2d6c882,False,True,False,Perishable,India
c5b353b2-b462-41b9-a489-782688d90e5c,True,True,False,Chemical,Singapore
c271073d-29f8-440c-8a17-ffd4587b3564,True,True,True,Electronics,Singapore
20917ded-af17-49c1-828b-7926e4c8f6ad,True,False,False,General,Singapore
e7f09ce1-1dbc-418c-83d3-3e610291bab4,False,True,False,Hazardous,Japan
3f05e9a2-7e7b-44eb-a727-45c201fb4fc5,False,True,False,Pharma,United Kingdom
37eaa9e4-0bba-4080-85f4-40f2b635af4d,True,True,True,Chemical,India
a0b4dc7f-2236-404c-bd0e-93cf85329c25,True,True,False,Pharma,Netherlands
07521932-8608-48e6-acca-e99f5ba87e2a,True,True,False,Pharma,South Korea
ebbd45be-c699-410a-89e4-b6522d132fab,False,True,False,Machinery,UAE
f0c0b6f0-5ebc-44d8-8bc7-a6d88dcfbcda,True,True,False,Textile,India
05175412-9801-4147-9e5a-b67bb9a6666b,True,False,True,General,Netherlands
7e2a11e2-4b57-45ed-a36c-9b2af8dce8e8,False,True,False,Pharma,UAE
c2958b85-7d5d-4379-9b3d-a72982345409,False,True,False,Pharma,Germany
1862429c-b2ae-4a3c-be4d-b6490955d04d,False,True,False,Pharma,Netherlands
16407a1e-35c5-48ac-b970-0861701fa20b,True,False,False,Pharma,Singapore
504b0769-58ef-435a-808f-8497bd6ebad9,True,True,True,Machinery,Netherlands
e2bdca30-486e-4ea0-a836-d32c254a6565,True,True,False,General,Singapore
f834d294-e73f-4f96-a03f-2c7b748529d4,True,True,False,General,Japan
c10abba9-d2d6-4abd-aa1e-8cb045c142e2,True,True,False,Textile,United Kingdom
09a0e380-e90d-4d0b-98f3-c1c5276fe18d,True,True,False,Pharma,Netherlands
28df3c76-3c26-4a1b-9db0-1ff9efab756d,False,True,False,Chemical,India
e0540125-ddb1-4df7-8d5c-dce49eb57b7f,True,True,True,Pharma,United States
266467b1-93f1-4118-8d3e-d38d40e0339c,True,False,True,Perishable,China
adee8da0-7085-4c30-b000-e89c69b4c3b4,True,True,False,Pharma,Singapore
0964c658-55ab-4f8b-86d1-b593ec023251,True,True,False,Machinery,India
77d334b0-63fd-4fca-b411-c834329d1132,True,True,True,General,United Kingdom
f115dfab-ade3-4445-9a90-e31efbea283d,False,True,False,Hazardous,UAE
a918b7d0-4850-48d7-adc1-e94f4d32cff1,False,True,False,Chemical,United States
316ed4f1-fa58-4085-96b9-9820128297b8,False,True,False,Pharma,UAE
d411d609-db1b-4049-9c1f-7cafad3225e1,True,True,False,General,United States
19bab7eb-93d2-4ebe-9e19-90ca15e2a393,True,False,False,Chemical,China
d0123fc2-f26c-4a22-81bf-5422dcd3af58,True,True,False,General,Germany
ac9326f0-96fe-49d6-b589-b824aad527d2,True,True,False,General,India
da4271ab-7811-4f8b-a628-bdf0c3923364,True,True,False,Hazardous,United Kingdom
9703bdac-9975-47e0-8b87-31b275934b6c,True,True,False,Chemical,Singapore
6ec58634-89ba-4bb1-b3b3-55448d1eca8c,True,False,True,Hazardous,Netherlands
ed756b8c-9f01-4e6c-846a-b173425effad,True,False,False,Pharma,Germany
a89f1805-bd92-4732-939f-bd185f5da2ea,True,True,False,Textile,South Korea
aee7c850-90f3-4f50-848c-1cdafbc57600,True,False,False,Pharma,India
b4cf6ad3-9716-47b2-bcd6-d8e159e578b8,False,True,False,Electronics,Japan
cb633621-3c0a-470e-9cba-df761c7d24b2,True,True,False,General,United States
308ab32a-e0a4-4da4-b764-0390a8231d15,True,True,False,Hazardous,South Korea
d73ae692-5978-42b8-a14b-46289427504f,True,True,False,General,UAE
c35ac297-f01d-475a-8fb6-eb3d65385e8f,True,True,False,Electronics,UAE
8f3ecd60-c50d-41e2-9da5-f7f66c71ce3e,True,True,False,Perishable,China
0918f89e-2f06-491a-b9aa-388329993502,False,True,False,Machinery,India
53348eac-87ce-4986-a71b-26b907bcbb9a,False,True,False,General,Singapore
6cad7a35-0062-4c5d-abcc-61b47ab5de00,True,True,True,Electronics,Germany
2e3db4ad-6fc8-4e43-a570-e275b6d455e0,True,False,True,General,Singapore
b33ca974-9708-46cc-89cc-4641143fb5c8,True,True,False,Chemical,China
6f13907f-516e-4ff6-a5af-ebb0223faf30,False,True,False,Hazardous,India
9a9977b3-a991-4a65-9d9f-65fedac12edc,True,True,False,Hazardous,China
9d0662d5-4800-41cc-879e-84b4a9619457,True,True,True,Perishable,India
08c199d4-8035-467b-85ef-9017ece3a0a8,True,True,False,Electronics,Singapore
4f2034ce-418a-4947-8e98-673fb1534a9b,True,False,True,Chemical,United Kingdom
0c295423-b92b-4e54-87bc-4c0567c2088a,False,True,False,Machinery,India
4e961149-7a42-4906-a286-b9eb242da1bf,True,True,False,Textile,India
23cf5a9a-2a22-446b-b6ef-b606239ad564,False,True,False,General,Japan
bd77bc44-167e-4c28-a0ef-0d70dd2a1013,True,False,False,Hazardous,UAE
9053de13-1104-4a7e-beab-85947f0dbe61,False,True,False,Machinery,United States
77f3c821-5f7c-4c6b-accc-ad6375cfc86e,True,True,False,Textile,United Kingdom
ddc5037c-e2d9-41f3-9ecc-0354acb33a2d,False,True,False,Hazardous,South Korea
93440893-cd7f-4210-af0b-fd110d53fe99,True,False,False,Pharma,South Korea
2143a759-bda2-47b9-81a7-efa63ce98002,True,True,False,Hazardous,UAE
2cc6f9a2-6eab-4d78-99b6-accae78357ec,True,True,False,Textile,China
57b46203-9ca9-40c9-8daf-1410dbe043dc,True,True,False,Textile,United States
20824585-c6e6-466a-97a3-cc6c67e7bc90,False,True,False,General,UAE
db44e70d-c7a9-48a6-a123-ee3491cbe436,False,True,False,Hazardous,United States
b96b89ec-a0d0-4408-a65d-c195e51c8fdc,True,True,True,Textile,United Kingdom
68cfd92a-0c76-41af-b849-953e5cf0f753,True,True,False,Hazardous,United Kingdom
182e97ab-0c72-4cd1-a57b-e283d3ae72d7,True,True,False,Chemical,Netherlands
008ed1f3-4c1b-453f-9cbc-bf1f313b8313,True,True,False,Perishable,South Korea
1e20d276-f909-4853-9acc-0aab903a227b,True,False,True,Hazardous,China
12618fb4-ec1a-4517-bd79-c8da0764a4da,True,True,False,Electronics,China
b46722b5-2611-41d9-858d-2888fc96384c,False,True,False,Chemical,United States
5f24d267-80d4-4787-8502-0d69de53fd38,True,True,False,Pharma,Netherlands
677a5d61-0b16-486d-a403-bc0274979f12,True,False,False,Machinery,Singapore
42c8a12b-2358-4fd2-bceb-c31a0864a918,True,True,False,Perishable,Singapore
06cfa008-f50f-493a-8e0b-b0e196baeedc,False,True,False,General,China
e536d0cd-b8ff-4191-91e7-3fe9339513bf,True,True,False,General,China
e25385da-492d-487e-a0f1-fe82e546cf9b,True,True,False,Hazardous,United Kingdom
97ce701f-2f7a-4f1e-b56c-2dd4295dd0f2,False,True,False,Pharma,Singapore
1412247d-683f-45a4-96ad-3b0b8ebf4d5a,True,True,False,General,United Kingdom
7e49c508-a366-4c2f-8de9-10cec6b395b9,True,True,False,Pharma,Netherlands
858695f9-5faa-441c-a1de-8f4803ecb4d9,True,True,False,Textile,United Kingdom
165c9e2e-f4a2-4a09-aed0-e8f5df3f6884,True,True,False,Pharma,Singapore
9cd3f08c-becb-449a-9b78-a3c4fafb87b3,True,True,False,Pharma,Singapore
f6fbddae-9f96-40b9-bd4e-215a781ad7cb,True,True,False,Electronics,Japan
94561bd0-cf61-4859-9dbc-ad96e9ae560c,True,True,False,Pharma,UAE
184b5f2e-8ee8-404f-bbd6-c60f0b15ffa5,True,False,False,Pharma,United States
7a41f2e2-87c3-4ee3-a3ab-1063f6b47f78,True,True,True,Pharma,UAE
e1d195fe-4a8a-4e4d-b165-de5c7702e2a4,True,True,False,Chemical,United Kingdom
aaee2a8e-4b3b-4094-b963-0f37df8e3678,True,True,False,Chemical,South Korea
ce0b0421-bc3a-4bee-99e4-6f433db6e6e9,False,True,False,Electronics,United States
aa7eccbc-6677-438a-9fdc-c6757f7a401f,False,True,False,Chemical,China
97d5bf96-8d73-4973-8327-acebada9963b,True,True,False,Chemical,South Korea
ceda6264-22da-4fc4-ba50-1c5ee857b501,True,True,False,Pharma,China
5dfd2019-0382-44f7-8345-f3efb55bcb7b,False,True,False,Machinery,Germany
8a99fdd5-baa6-4503-8e4f-e363d58fc97d,True,True,False,General,Singapore
5f186b27-ce2c-4a84-86d1-dd80fdfdb2cf,False,True,False,Textile,United Kingdom
46be005f-dc6e-4bd3-b463-d0b68f363510,False,True,False,Pharma,UAE
ab43a74e-7288-4b62-8b37-c3552ce210ed,True,True,False,Machinery,India
6ea428e5-105d-4b5c-8947-29b1557b7ef3,True,False,False,General,India
86a484be-e4ed-4849-8365-7e8e6f8590fe,True,False,False,Pharma,Japan
ad175eb2-dfba-4c4a-be6c-5821c4337d6a,True,True,False,Textile,China
ae051852-1ecc-4e58-b7d1-f53fe4535a32,True,True,False,Pharma,China
551bda23-1276-443b-92cf-b9f9aaa2cc60,True,True,False,Chemical,United Kingdom
6789569b-b429-4153-9aa9-7b572fc634b4,True,True,False,Pharma,Singapore
e5e7814f-bdbb-4779-82e7-165d7c29838c,True,True,False,Chemical,United States
f465b754-184d-4b63-88b3-7a61ef6edc18,True,True,False,General,Netherlands
4f828638-afca-42bd-8f00-03f57226c33c,True,True,False,Machinery,Singapore
63100cd0-f649-476d-a65b-be6036b5d825,False,True,False,Machinery,UAE
6454f930-0750-474b-b845-de5a931e7cff,True,True,False,Textile,UAE
d4018f24-7344-4412-9294-720e27ce2430,False,True,False,General,United States
b6f69540-9f05-41c8-a7b9-064dcb049d28,True,True,True,Electronics,Netherlands
75dd8f4d-f5b2-4f62-87e7-dbe8e14db412,True,True,False,Electronics,Germany
8c565b95-ff95-4593-8c5e-e4bbba940109,False,True,False,Textile,India
3b1c029a-3bdf-4ae9-9104-4da6cc5d6e56,True,True,False,Chemical,United Kingdom
f930da23-d415-4213-88ee-4ec9afc01455,False,True,False,Pharma,UAE
f3a01eec-4570-4c7d-9a83-8b044e63f9b0,False,True,False,Electronics,Netherlands
fe24a8c1-e36b-4897-a663-d9e6d69b4a69,True,True,False,Perishable,United Kingdom
4c17eaf6-3834-4c61-a2be-95a1137800fa,True,True,False,General,United Kingdom
8f714307-16a3-4822-b269-c05e4452c2b5,False,True,False,Pharma,South Korea
d3308cd3-fceb-4a06-a079-e4c10f681d6a,True,True,False,Textile,India
3dde5a4a-d0e5-496e-b795-cd645049182a,True,True,False,Electronics,Japan
99c99d7e-46ce-4783-97a2-ceaf4c4b69ae,True,True,False,General,United States
baae1073-d06e-44a2-b4e9-64e1844b33f0,False,True,False,Perishable,China
ee48cf8a-a91c-4485-987c-8d9bf1cf004a,True,True,False,Pharma,South Korea
11f1690b-bce9-426e-8c37-e3c6e340d7b1,False,True,False,General,Netherlands
e32bd93f-d70d-4efe-a123-e8b21ae3a621,False,True,False,Hazardous,Netherlands
000642bc-e156-4f51-990b-3c73228c9b42,True,False,False,Machinery,China
5405f5d6-05c7-4053-9145-678dbb69c762,True,False,False,Chemical,Japan
7bcb0eb9-adc8-4d0d-ab0e-ff3590f37411,True,True,False,Electronics,United Kingdom
f635eac8-39f0-44b4-923d-502f2d9c31bf,True,True,False,Perishable,India
b59d5253-7061-4dbe-8155-51b0d9d6d5f2,False,True,False,Machinery,Netherlands
e67c333e-a3a5-409d-a6c2-5970649248a9,False,True,False,Textile,South Korea
ee3dabe3-4289-4896-b40a-f81b57da6ff8,False,True,False,Chemical,United States
268066aa-6ac7-4a3c-a8f6-bdca97cb2f65,True,False,False,Electronics,United Kingdom
07077097-db87-4534-89d0-577539b59b48,True,True,False,Machinery,UAE
93934cbb-0293-4f32-9a7d-fc101dafed43,True,True,False,Pharma,South Korea
ff1bab26-e416-4fc1-a7f0-b239ddb8f3e0,True,True,False,Electronics,India
005ef0ac-1a19-4b10-b334-fdad62b909ab,True,True,False,Chemical,South Korea
fa0d8e77-f3e8-4fe5-976b-63ddefc88eeb,True,True,False,Textile,India
6586f9eb-c83b-40cf-ad0e-34f78ecf0839,True,True,False,Perishable,India
f21a61c7-c49b-42d2-b251-17b4d2e17546,False,True,False,Perishable,Singapore
0932502a-40e9-4bd1-98b7-4d8fdc3f5f3f,True,True,True,Hazardous,UAE
031b1fc7-6eb8-4ce8-8266-3df38ae37959,True,False,True,Electronics,South Korea
3b3b674e-69d4-48bd-abf7-208e45ed76df,True,True,False,Chemical,Singapore
33ffef2c-31b6-4a31-9576-2ec677202fa6,True,True,False,Hazardous,China
7bbac3cd-36db-41ff-8af5-2bf18217e0fd,True,True,False,Textile,China
8a8ea0bc-9028-4a23-8477-167792b9db6b,False,True,False,Chemical,Germany
0cf02181-acfb-48bc-9033-66c8e807d3f0,False,True,False,Chemical,Singapore
aa1b3f7d-eb1a-4ce4-b24d-6fad94c5987f,False,True,False,Pharma,Singapore
fcb264fb-75ea-48de-b77c-6bd2d4a95001,True,True,False,General,Singapore
d08d8f92-1fcb-4395-9fbb-5d40fdb3cb7b,True,True,False,Electronics,China
a37fde74-57d5-42f4-a0e3-79a74d8ef241,True,True,False,Machinery,China
72decf45-c811-4dc1-b5f7-d8dbf71117af,True,True,False,Hazardous,Netherlands
928372c2-ecc1-49a4-b042-cf44dc89c864,True,True,False,Perishable,Japan
3f8e6438-ef55-4e0a-a338-b4087ddfa631,True,True,False,Perishable,Japan
9ac32f7a-4a00-48da-99f8-f3f84e49846d,False,True,False,Chemical,United States
cdb9f0a0-34b6-41d2-a19e-31a6fdd821b5,True,True,False,General,United States
a631f354-fc93-4b14-968c-b23344cb46fa,True,True,True,Textile,South Korea
15e02073-874a-4c41-b6c2-a3e21e635f3c,True,True,True,Electronics,UAE
4ff8297c-39c5-4c5b-ac1c-abbfcd413ef1,True,True,True,Perishable,India
3a18b468-f0e6-4e23-8e3f-a9728f6b1df6,True,True,False,Hazardous,India
04803ac7-25d0-427b-98d6-9208e5b3e841,False,True,False,General,China
07008909-162d-4297-be56-442d1893e713,False,True,False,Chemical,United States
94d122f7-eae9-4020-96cc-1c41e2654d2a,True,True,False,General,Japan
6a146356-e472-45fa-bc35-47f125f9ecab,True,True,True,Machinery,South Korea
31f40148-8ff1-4ef3-bd2c-1e4b4e59735b,True,True,True,Hazardous,India
37eb0480-fb8b-407d-932c-a4f385f30c07,True,True,False,Textile,Netherlands
5a5693bd-2110-490b-b3a2-dfb0da163680,True,True,False,General,Japan
651c30b0-d742-4908-83b8-c68385a02484,True,True,True,Textile,China
604b1390-8bbf-4dfb-9f30-6965fa195bf8,True,True,False,Hazardous,Singapore
a8b2b3fe-f4f7-4f38-9fb2-b4f40c975c47,True,True,False,Textile,China
11883bc1-53e8-4ee0-a402-a749802826c3,True,True,True,Pharma,India
aee1ce0b-6998-48be-94ba-29835f347542,True,True,True,Electronics,United States
60331c3e-3b7b-4590-bba8-f26b98a0c2b8,True,True,False,Pharma,China
d6734d74-095b-4759-ad5f-0b09e171b245,True,True,False,Chemical,United Kingdom
fb36adbf-e073-4c6b-872e-3d82b9390669,False,True,False,Machinery,Netherlands
ce5bdbe2-4c44-4929-aea0-edadda781f51,False,True,False,Machinery,Germany
2e6f682f-1b25-4ece-905b-344c29cd8601,True,False,False,Pharma,United States
1cd0ba97-7cba-4e65-8e84-485498320497,False,True,False,Chemical,UAE
2a647c45-1d9a-4004-aa0e-ae8ecfddc2bf,True,False,True,Chemical,Netherlands
94a1f006-8603-4308-9917-dd81b906804b,True,True,False,Electronics,Singapore
e3be8912-a4a1-4b69-b4e4-7b94aa74b938,False,True,False,Hazardous,Singapore
2e946897-2f7b-480a-b4e4-87343b308f73,True,True,False,Perishable,India
1a1d0704-8ab0-4e4c-a84d-fa741a442b5e,False,True,False,Chemical,United States
87105b9f-0695-44b7-b844-1f92ac9ecd07,False,True,False,General,UAE
3c7b6215-bdd7-452f-9c84-11a7df86262e,False,True,False,Pharma,Japan
c8d07a34-11ae-4d81-9d45-ebf3c367df82,True,True,False,Electronics,China
8f48e7c5-9f99-4c82-8686-9d8364e95666,True,True,False,Electronics,Germany
90ab7097-61ef-41b9-8885-4ed700b3a1ff,False,True,False,Machinery,India
23d60044-6af0-4fe6-8c23-08611dbc413d,True,True,False,Hazardous,United States
dc78896d-6db1-4b6f-bb1c-92739235d148,True,True,False,Textile,United Kingdom
1348cc73-6ce8-420c-bab9-91c355b207d5,True,True,False,Chemical,Germany
1af32328-3b94-486c-9854-aae12fec87fe,True,True,False,Pharma,Netherlands
03d613af-2cfb-4b85-8248-c62c4b9100e2,True,False,True,Pharma,China
a386a39a-63a3-4766-8b6a-b8e714ad65bb,False,True,False,General,United States
670daebd-f5da-47f6-b872-2f694fea5427,True,True,False,Perishable,Japan
7ef0d58b-e5e6-495b-99da-43ddd83deb0d,False,True,False,Electronics,Japan
09791592-1e1f-4b52-a8ac-fc36c2cbace2,False,True,False,Hazardous,Germany
0cd098b8-655c-4a97-a96c-4d4ad54fe286,True,True,True,Pharma,China
251a7703-e02e-4cce-8157-bb74ee670d49,True,True,False,General,United States
d076b6f9-5a2e-40b1-88e9-508e7a5298b6,False,True,False,General,South Korea
6d70b359-ff84-4eba-b8d7-2365cfc935b6,True,True,True,General,Singapore
c4be5652-175f-47ee-adbe-67147637e14e,True,False,False,Electronics,Singapore
f1a66e42-b7b7-40a9-b227-c80482a98264,True,True,True,Textile,UAE
22c3cd8d-c44a-4580-a4a2-4cc8f756e5ea,True,True,False,Machinery,United Kingdom
0d8018c4-b79b-4922-9cb1-ce33e66ff974,False,True,False,General,UAE
0e6797cf-49cb-4ce0-aae1-98c4a7ae6abc,False,True,False,Pharma,Germany
d647d87c-cf8c-4f31-a2fa-c30760b60099,True,False,False,Chemical,Germany
3e29f812-e9a5-4d19-949b-d3bb50927e65,True,True,False,Textile,Japan
eaee8516-a89e-49bd-a171-1b6d45266334,False,True,False,Electronics,South Korea
8bbe9506-6284-4c58-81ce-c5da8774df45,False,True,False,Pharma,South Korea
ba2a5d40-c7c3-473d-8c88-adb16cc5b7bb,True,True,False,Machinery,UAE
73733d31-ebde-468d-af2c-cb227f840334,True,True,False,Pharma,India
4444247f-b685-49a5-b4b4-5f3b5036b29d,False,True,False,Machinery,Singapore
ab069232-63ae-478e-b7ed-24005318fd55,True,True,False,Chemical,Netherlands
bd13d4d8-9c64-45fe-8d36-934ec2580cb0,True,True,True,Hazardous,UAE
749d539e-2ef7-4cf7-9ad6-1130fff4b9c7,True,True,False,Hazardous,United States
c4f7a466-3c58-4b59-9aba-6d6e847ac004,True,True,False,Chemical,United Kingdom
6188fed1-7d8f-45cf-8831-42fef07f4d8b,True,True,False,Pharma,UAE
8f39e4b0-7951-43fb-b40b-4206243810c3,True,False,False,Pharma,UAE
601bbe84-ec15-4362-a99a-364f7aa84281,False,True,False,Perishable,China
b95b7937-b31c-46da-9b11-205fce1f4de9,True,True,True,Textile,Singapore
df370a95-2f8c-4cfd-8f56-9461d9c90d11,True,True,True,Electronics,China
e24aa4fd-e733-4902-9a24-95642c27a745,True,True,False,Chemical,Netherlands
eb21caac-b107-4f6c-a1ad-eccec5291251,True,True,True,Machinery,United States
a8f82e26-c50c-4e82-8cbc-8ec64454295b,True,True,False,General,Singapore
e41295c7-4289-435a-9374-aca290307c3b,False,True,False,Machinery,India
f157d3bb-10b4-402f-bd01-08fbae66bb0f,True,False,False,Pharma,Singapore
5be731ed-bfc4-49b7-beb3-cc066c75c39b,True,True,True,Machinery,India
62b62174-0d59-4cdc-9e3f-ecf74363daa1,True,True,False,Machinery,Germany
379f8ebe-9bf7-4281-b318-b0fef749659b,True,True,False,Perishable,Japan
c3e6da44-c3d2-4961-9797-4a1ac5e4088a,False,True,False,General,Netherlands
4268971a-2842-4880-9c1e-7e17039b7a63,False,True,False,Electronics,South Korea
056c5bd8-035b-42b6-bac6-bc89e2d73f6b,False,True,False,Chemical,South Korea
d594e1e9-cc09-47f3-ba7b-6c2eaf903961,True,True,True,General,Singapore
d3b582f7-896d-480e-954c-40bf47247187,False,True,False,General,UAE
9fdfbf11-cf15-44c8-ade5-3615b5fac771,True,True,False,Pharma,Germany
9c88241c-9c0b-45bf-a290-2f30b13e9d00,True,True,False,Chemical,UAE
170a573c-9425-44c1-b98d-f3a1bbe97127,True,True,False,Pharma,UAE
9deae9c2-1d94-40f0-a6b0-87d9e3e070a7,True,True,False,Hazardous,China
52ada828-e808-4872-93ce-900500025aad,True,True,True,General,United Kingdom
149261a5-8267-4a40-b66d-afffc48bc18a,False,True,False,Machinery,Netherlands
14fd0295-abd8-4dd2-aa01-accbcd3bd2d3,True,True,True,Machinery,UAE
33fa44b5-ae8c-4a90-a56d-0ee755cad6fd,True,True,False,Pharma,China
1eb08088-9c07-4bc5-bea2-baaeb42bf25c,False,True,False,Textile,Japan
f482f608-b1c9-4213-8234-5785b154fdbc,True,True,False,Electronics,Singapore
ccdea95c-4ffe-49a7-9a65-f65638bd3438,True,True,False,Textile,China
e7061f5b-84e0-4f58-8f86-29c21488bc8e,False,True,False,Pharma,Germany
7fee3e41-7560-4058-94b3-11311c25f9b1,False,True,False,General,Singapore
649d9653-d7b1-465a-8560-87980f46e082,False,True,False,Electronics,Singapore
f26ddc49-077a-4367-8afa-5ede5ef8c7f4,False,True,False,Electronics,China
494e84f4-520d-4a4a-8ee6-62adfdf64320,True,False,True,Machinery,UAE
d34ff819-d1c8-47d6-bda4-0228b8c298cf,True,True,False,Chemical,United States
9a1ecb60-c5a4-4dd7-baef-9dd746ebe2c1,True,True,False,Machinery,UAE
cba61d06-c1c7-4c90-b7a7-473292b7cb3f,True,True,False,Chemical,UAE
c64d571b-22fc-4e5e-827e-f14c2a315595,True,True,True,Perishable,India
c3e45eda-b2ac-4186-bf7f-505bfc8a73f1,False,True,False,Electronics,UAE
ec5ab731-08e7-4132-b297-95dad0ba3c0a,False,True,False,Chemical,Germany
55748b7f-13fd-4ee0-bac2-08a7b417f8d9,False,True,False,Machinery,Japan
e11a7a37-c664-46fc-a4a9-442373eec884,False,True,False,Perishable,Germany
b6dd4190-b843-41dc-a430-35406dc4d028,False,True,False,General,India
bb682217-0fcc-4cbf-a40f-5714ee615728,True,True,False,Hazardous,Japan
81c63f9f-688c-45c4-9bd4-1aa251132a8c,True,True,False,Hazardous,Germany
2a1aef78-43cc-4b8a-a881-c8de2f3d50cc,True,True,False,General,Germany
39a7d568-c869-4ed3-a870-ebba646aeaf5,False,True,False,Machinery,Japan
a8288fb4-e492-4d0a-b18b-959635b8a76e,True,True,False,Pharma,Singapore
95241b3d-8dac-4602-8098-a5219a509152,True,True,False,Perishable,South Korea
59529ce6-a372-419c-9a55-21935e99d04f,False,True,False,Chemical,United States
81894b8c-dc63-4100-89c7-b27079f43b62,True,False,False,Textile,United States
7826fbae-93bf-4763-9941-1d184cfe81b6,True,True,False,Machinery,South Korea
324481bb-d563-4762-9e0a-4a0053b0f502,True,True,False,Chemical,India
eb34ce7d-de4f-4862-96c8-fd8f74feee63,False,True,False,Hazardous,UAE
823ec3b1-2806-4a20-903c-c3716ec6eaa9,False,True,False,Chemical,UAE
f61e00fe-8651-40ae-a9c3-035aee5ad2a0,True,True,False,General,United States
170b12a6-3682-473a-ba39-fbedd37e88d9,False,True,False,Electronics,India
82e2a595-8156-40f0-8cd7-daf8946a4597,True,True,False,Textile,China
7b0f2077-96d6-4e37-ad4a-ea2d5f25f0c9,False,True,False,Perishable,Netherlands
b15aebc7-303d-4bba-a7f6-e174ffc7ed25,True,True,False,Chemical,United States
dba57909-c6fa-4231-8f64-ac6a14201f57,True,True,False,Machinery,Germany
f29a81a5-c89f-4101-b314-fe26bb90ca17,True,False,True,Hazardous,Germany
84e33b6d-6ebe-4dce-a63a-34e7de704047,True,True,False,Machinery,India
ddba2890-049b-4411-80b1-601e9f335172,True,True,False,Pharma,Netherlands
28fc59f1-aa07-44dc-8cbd-b6d35d0d0c5d,True,True,False,Perishable,China
61ac2a90-5a3b-4788-b4f8-94d42bcb635c,False,True,False,Chemical,South Korea
102712d6-a2c7-438a-932f-4d2716a0b55e,True,True,True,Chemical,United States
e684fd1d-54dc-496b-a6a2-e7c6ad2e2e6f,False,True,False,Textile,United States
79f7f82a-4b4c-49f0-b7bb-d119d5cca6fe,True,False,True,Pharma,Singapore
67eb9eb0-7f3f-4382-9925-f65ed89bc31e,True,True,True,Chemical,India
74643158-784b-44e3-baf3-c207fd4569bc,False,True,False,Hazardous,United States
569a275f-049c-40f8-bc62-95abcbd0c316,False,True,False,Pharma,Netherlands
545d6463-2b80-4201-9b69-eafa725924d1,True,True,False,General,United Kingdom
e3fce3f4-8a73-44e0-9d43-cd4529675b1d,False,True,False,Chemical,Singapore
ac926986-748d-4473-a0aa-5af2fa3d297b,True,True,False,Machinery,Netherlands
16d224b9-38f1-4a78-a487-ab1588a3386d,False,True,False,Perishable,South Korea
8ae09da4-6ed9-486d-9f62-81068024cc17,True,True,False,Pharma,India
0ba56ba2-6488-48bb-9989-7fe51e438af7,True,True,False,Textile,Japan
506e1f53-38c9-4185-b5bc-f44f8675b5f2,True,True,True,Hazardous,UAE
3ad763a9-0279-4068-9209-0e091dfa224d,True,True,False,Electronics,Japan
40c9d1f7-c2d8-4497-83bb-f5d3b6eae1eb,False,True,False,Perishable,Netherlands
24d2ab93-3b33-4604-a662-c08a522bbd69,True,True,False,Pharma,China
b4bd5c07-b02a-47af-9e53-710ec1527726,False,True,False,Hazardous,United States
c0506620-0336-4fa1-8b5b-7cd86e45bb08,True,True,False,General,Netherlands
73c0afea-b4f8-453b-81c6-a780f5a6958b,False,True,False,Hazardous,United Kingdom
4d319570-0273-4921-9305-7b644f48b2f5,True,True,False,Chemical,China
817b8719-e266-4b5f-8e07-9e379dd06d71,True,True,True,Chemical,Japan
50fc1905-2d8f-45b9-ab46-cd93a85ad853,True,True,False,Chemical,United Kingdom
df800cd6-15ea-4720-9d66-1ed07b58c46a,True,True,True,Textile,China
f4f0b750-7505-481d-a567-49aa9cb42e82,True,True,True,Hazardous,Germany
3208ad84-ebb3-48db-a8c7-adecd5711583,True,True,False,Perishable,UAE
8671f577-859e-4021-a443-6dc21ca98cec,True,True,True,Hazardous,Germany
b92f24e4-1aec-45c4-99e0-e76fbcce4d71,True,True,False,Pharma,Singapore
1f6bc050-d2e6-41f5-be73-97389ff82e36,True,True,False,General,Singapore
42fdb979-21b2-4c55-a01b-cf9da4ea3c26,True,True,False,Perishable,UAE
a2399fd3-671a-4984-b58e-4ab9e012229e,True,True,False,Pharma,South Korea
a1529b46-197a-4225-bb22-fe25043b3f24,False,True,False,Perishable,Japan
dc80411d-18a6-444e-9664-0e0800fa91ec,True,True,True,Electronics,Singapore
e72eb658-6e2c-48c5-9ad0-95ab1684ac47,True,True,False,Hazardous,UAE
417f7faf-8475-45f9-b93e-d06f72da5486,True,True,False,Hazardous,Netherlands
f6d38ef8-70bb-4c49-af71-72f4e3393ca0,True,True,False,Hazardous,China
86aeff23-cf46-4017-82c3-b0e8ccd23fc9,False,True,False,Chemical,United Kingdom
58d2252b-462d-4809-9e69-abe7b5fcb630,True,True,False,Perishable,China
29269558-16a6-434f-aec8-b9ee06c4d84f,True,False,False,Hazardous,Germany
f9e4681d-0aa0-4680-9251-91d581cea989,False,True,False,Perishable,South Korea
073019b6-ff2e-4eaa-824c-e9ea023f2013,True,True,False,Electronics,India
bf59d675-f925-432c-93ae-766b4a81c7f8,False,True,False,General,Germany
ef750edb-bb34-4afd-8694-a1f928e110d8,False,True,False,Electronics,China
fec4ff1d-59af-48b3-b409-3336900c1833,True,True,False,Chemical,China
a6af32f4-185b-4954-9de7-910b90d31592,True,True,False,Perishable,UAE
47f94c5b-12ee-4d83-812c-e35cfb5df4cf,False,True,False,Machinery,Singapore
68831da8-3872-4e89-ab2d-fc8f1fb30ac6,False,True,False,Machinery,United Kingdom
96580f9c-7395-44f7-8196-7fad2e51c2aa,True,True,True,Machinery,UAE
7926851e-c961-4985-bcad-c73578069963,True,True,False,General,South Korea
4d1954ea-e92f-4830-a84b-3192d65514e1,True,True,False,General,South Korea
7dc67a09-56fe-4e26-ad7e-b963405e4bf8,False,True,False,Textile,South Korea
46005826-8dbe-4260-95d7-fa9ebb8fa430,False,True,False,Perishable,Germany
cf9e7c7f-ce1e-48e7-9044-f6b0d2329fa8,True,True,False,Chemical,China
1fd56391-7959-446f-a105-6e033a4dec89,True,False,True,Pharma,India
bda63f3a-48ab-4520-ac6d-81d4b98bc8be,True,True,False,Chemical,United States
09f9b701-d315-475e-b2e0-a727dd7d6b56,True,True,True,Machinery,United Kingdom
6c1ca561-e3a9-4f25-bbf8-eb26a3d786c4,True,True,False,Pharma,United Kingdom
96ab8962-8354-49c0-bf52-bfee27bb1f72,True,True,False,Textile,India
5b8b1075-bb8b-4b0b-90f9-b03be09c8d9c,True,True,False,Machinery,UAE
97f7a10b-ddad-4383-960b-e1f647b2ac59,True,True,False,Textile,Germany
12c628e6-7c27-446d-90af-eee89ebf9433,True,False,False,Machinery,United States
2c0432a1-b1d2-4ec1-92c1-cac493285092,False,True,False,Perishable,South Korea
2a4b6a44-f4b0-4aa7-b533-0e6e3e321887,True,True,False,Electronics,Germany
ff4c948e-2d76-42b5-bbff-7c7a9b95bc4e,True,True,False,Machinery,UAE
52631e9a-c1c2-470d-8c1a-1dedefadedf8,True,True,False,Hazardous,United States
465699da-7d48-4b2b-9c04-8728b3acba61,True,True,False,General,Singapore
8fb3fa3b-0796-463d-8b3c-8aff9138d7c4,True,True,False,Perishable,Netherlands
4ca447d8-368d-4d4f-8036-e2054b71b234,True,True,False,Machinery,UAE
90ef6179-0855-4054-b41f-c5153523893c,True,True,False,Electronics,South Korea
adad3027-bb0d-4438-8b01-67048bc0bbda,True,False,True,Electronics,Japan
be0611cf-095a-461b-a401-a0110c04a4d8,True,False,True,Textile,Netherlands
5c72e2fb-86a6-4373-9bff-4a6b9c7909d9,False,True,False,General,United Kingdom
1506ca96-ac36-4db0-9672-b61842ee1208,False,True,False,Textile,China
00b9c120-9979-406f-b4f4-caf727879619,False,True,False,Hazardous,Singapore
00dfe333-a640-49c4-8bfd-87917af1df25,False,True,False,Perishable,Singapore
71a55068-b41a-4fd4-90b7-f0575e0c1697,True,True,False,Hazardous,UAE
256fe524-5ce4-43a9-9f2b-5be31e135d7d,False,True,False,Perishable,Japan
6d98d1d3-c5eb-4b56-934a-d652f0b28243,False,True,False,General,Japan
f54fc3d2-4013-4053-9815-6979aa4eed36,True,True,True,Pharma,Netherlands
0beac735-c94f-48f8-a591-de60a227f4f1,False,True,False,Chemical,China
7f7e918e-6b7b-454e-befe-8595718ad5b1,False,True,False,Electronics,United Kingdom
07f432d0-ef82-4823-bb9b-656c2c0432cd,True,False,True,Textile,South Korea
3698c6fa-127e-4df3-b0fe-3b4d775d8ecc,True,True,False,General,Netherlands
82731e2b-56c0-4703-a2e6-6886cd446c8d,True,False,True,Perishable,India
525cf486-c738-4257-9db9-c2bf49a4b30a,False,True,False,Hazardous,United Kingdom
6a913195-61fc-4f1e-bcb6-9c51304128d2,True,True,False,General,Singapore
621dcf2a-4f39-4fbc-aa38-05ec383dd94a,False,True,False,Electronics,Japan
1b9d32ee-88da-4e87-adcb-7df82974ef9e,True,True,False,Perishable,United Kingdom
e8264e15-c829-4108-a5af-57b93c813e73,False,True,False,Textile,China
eebb87fc-a713-42f9-ae64-221266b5b5da,True,True,False,Chemical,China
42d2370f-e7a2-4e02-bd18-5a116f3c910d,False,True,False,General,Germany
b4630aa3-b362-4948-9d6a-49d077141950,False,True,False,Chemical,Germany
13a6244e-b7ed-4638-b3c3-d2de9293c20e,True,False,True,Hazardous,Netherlands
6ba34ca3-808a-4dfd-a4f6-7d54706a209f,True,True,False,Hazardous,Singapore
48f26fab-fa03-4d41-8029-e51bf2dafe3b,True,True,True,Electronics,UAE
e1099fa3-b11b-4de0-95ac-c714cf90bf66,True,True,False,Pharma,India
54260acf-ec6b-4a1c-b196-b1d77e51920e,False,True,False,Textile,Singapore
c6f26cd5-5153-42e5-a669-26481826691b,False,True,False,Pharma,UAE
c5ceba32-3348-4b39-a3c0-05fe57df8ae6,True,False,False,General,UAE
70383572-9b52-47ca-91ef-bef864168f84,False,True,False,Chemical,Japan
98129b4d-c091-45b9-b3e2-2be7ba99dfea,True,True,False,Perishable,United Kingdom
1d6f2089-bf20-4afd-b7cd-204d90f962fd,True,True,False,Electronics,India
e02a7d35-4855-4654-975d-76fc4fe58e6c,True,True,False,Electronics,South Korea
98c4c6cf-87f4-4871-91f6-99ee07c57925,True,True,False,Machinery,Germany
fabff420-0478-49c4-8bb3-4fa430ab0dc5,True,True,False,Pharma,Germany
437ac38d-9571-4d0b-976e-37571e4aec54,False,True,False,Chemical,India
8ba64a3c-6577-4433-9ace-5bb67e574ebf,True,True,False,Electronics,Netherlands
5ec0d3d4-3288-4507-ba84-91183e95c431,True,True,False,General,United States
14082e2d-4db0-48a1-acd2-547d916d9cd3,False,True,False,Electronics,United Kingdom
39b13f02-1732-4149-a2cd-cf3807be2ccd,True,True,False,Perishable,Singapore
5fcc926e-34c3-4930-ad68-ca0470eeede5,False,True,False,Chemical,India
8a29d20b-28bb-467c-bb7a-c34d8b14d7a4,True,True,False,Perishable,India
4ee0eab8-8e58-4c38-adaf-c1c7b8e83bbd,True,True,False,Hazardous,Japan
53815c6e-f88a-4479-bb5e-dec9d9806abe,False,True,False,Pharma,Japan
89710d18-18f3-42b5-8e61-3aaabd585268,False,True,False,Chemical,Netherlands
84052b11-0805-4d24-a8b5-fb17b9ee4f85,False,True,False,Hazardous,Japan
03ab1b98-7db8-4cf4-bb33-087153c94583,False,True,False,Chemical,South Korea
6d709df4-47a9-49b5-ac6b-1fbba9a3f176,True,True,True,Hazardous,China
db81f4fc-1b17-478c-82fc-a56ce37109f4,True,True,False,Hazardous,Japan
658a9293-48cb-4fc3-a1e9-d975883d3338,True,True,False,Perishable,Japan
a27be3ca-3f09-470f-b176-abe1f0e409a7,True,True,True,Hazardous,Netherlands
34daaa4f-7bdd-4284-8030-715341b4533d,True,True,False,Machinery,South Korea
204932ad-32d1-41d8-b328-ae3b343ea21d,True,True,True,Textile,UAE
4310575b-c9a0-4d11-852f-5fae0c16406a,True,True,False,Electronics,Germany
276d86db-accd-4791-bd13-750d29c82578,True,True,True,Machinery,Germany
c2b69f73-b85f-421b-9d07-5afe9502b3b7,True,False,False,Electronics,United Kingdom
6fa79c03-c157-4a5d-8f23-34a4860ca2a6,True,True,True,General,Japan
98f95cfd-34c5-4bfe-9cf6-6d751f34c0c5,True,True,False,Perishable,UAE
35b364e3-1b41-42b5-87b1-5047aa4b2e3c,True,True,False,Perishable,United States
427d826e-fca8-4f56-b43c-300eb13b4560,True,True,False,Electronics,United Kingdom
fbe962a1-4668-4f93-9e57-4c6a73498ee6,False,True,False,Textile,India
3078639c-ccdd-433c-9f04-7a55baab09b2,True,True,False,Hazardous,Netherlands
c0dcb103-9997-48f4-9bb8-444ed64c8b52,False,True,False,Electronics,South Korea
47654e77-660a-4d39-a807-f24d71224f1f,True,True,False,Hazardous,Singapore
bc26dc3e-daa2-4a7a-addc-c3d2c0f8183b,True,True,False,Machinery,United States
b04c3fdc-48d1-417b-b66f-2e3498eadf7c,True,False,False,Perishable,Netherlands
e9bb71b0-740a-4705-9bda-5bab62ab427e,True,True,False,Machinery,United States
1d80b98e-4461-42bc-8e06-792fed055bf2,True,True,False,Machinery,United Kingdom
2180b751-6ea3-4f70-bf94-2420c3487ebe,True,True,True,General,Singapore
e646eb39-1c32-4536-83ff-35f9321cd6b7,False,True,False,Pharma,Japan
270e0c51-6167-4413-abba-edff5948f3ec,False,True,False,Machinery,UAE
c9d9288c-6d36-4ef8-a8e8-0502ec7bb33c,False,True,False,Hazardous,Singapore
6fa8d65f-8bd0-498b-bd35-58e5b3a46c4e,False,True,False,Pharma,Netherlands
321280db-5706-4347-8006-43afdccd6cc0,True,True,False,Pharma,United States
2065336d-4030-445a-8069-434a946dc636,True,True,False,General,United Kingdom
b0f97e9f-3e3b-48b4-99a2-7c277a695f35,True,True,True,Electronics,Singapore
21cc10ae-ed0b-4a6e-92da-857e8f9824fc,True,True,False,Pharma,United States
220df49e-b356-4e0f-ab33-18cb3e05bad7,True,True,False,Textile,Germany
29f0a97d-23af-4eab-a321-4341da8b1490,True,True,False,General,United States
9f3de69f-0526-4409-9673-27b1d36675e5,False,True,False,General,Germany
0e8f4cfc-59bd-4a5a-bc7c-59c1fdfd32d0,True,True,False,Hazardous,South Korea
8e22594b-4b4f-47f9-8970-39ec705caee7,True,True,True,Chemical,Singapore
3bcc8d17-c8b1-48d1-ab48-f8b061d7455f,False,True,False,General,South Korea
7bbf74a1-3523-41ef-8ffd-7aece17c2817,True,True,False,Pharma,China
db369ef7-235b-4ee1-b53f-31547179a84c,False,True,False,Perishable,Netherlands
e07f2945-0851-4efb-b15c-1684f88dfb4e,False,True,False,General,Singapore
8e8b5662-bd63-4e76-a201-78e171355c04,False,True,False,General,Germany
a0190d94-dcb0-48a1-b064-e616c7b5dec7,False,True,False,Chemical,China
ffa7756a-0d97-48f1-9a3c-047e1e80cfc3,True,True,False,Electronics,Netherlands
558c32ed-783f-491e-8cac-c290431fcfd6,False,True,False,Hazardous,China
13791b49-6c58-4ede-9e19-cbcf7360f369,False,True,False,Hazardous,China
10d4e9c0-9bfa-4d16-bd9d-da71564950bd,True,False,False,Machinery,Netherlands
d86d25d3-252b-4aeb-a0fb-b988bd645dfd,False,True,False,Chemical,India
89ecfa85-e71e-47cb-8105-8b9de1443d13,True,False,True,Electronics,South Korea
3da2e67a-8776-49f4-92d0-32129985c9ae,False,True,False,Chemical,China
37ae71f3-6501-47cc-a43b-3b5429c5d5bc,False,True,False,Electronics,United Kingdom
13fee5ac-5029-4e9d-b809-b017eb3c9169,True,False,False,Machinery,India
0b905b46-ae24-4d7c-b29b-cac3309eab24,True,True,False,Textile,India
d43e76dc-8abb-4090-bc5b-265ab5ae4f88,False,True,False,Textile,United States
ddad42c4-89fb-41e7-8225-d44ca32d01bf,False,True,False,Perishable,China
879a9480-b510-41f5-964e-1a12ab0931e3,False,True,False,Hazardous,Singapore
c29e0425-6915-4b3f-953c-32d5b3fea8a6,True,True,False,Chemical,China
8657d207-e20e-4096-b01c-439fff86230d,True,True,False,Textile,United States
4d1bc22e-3124-41ca-b143-117f0964318a,False,True,False,Hazardous,China
40b7266a-2836-4f80-ab9b-4300648a0df9,False,True,False,Pharma,United States
32aed4a7-9f27-4ae6-ae57-726c9f4192cb,True,True,False,Electronics,Japan
769dad6f-429a-478a-abf3-ee9541056ca5,True,True,False,Textile,South Korea
79b0d082-00b4-4c08-9b62-9d558271b707,False,True,False,Hazardous,United States
feb47ab1-38fc-481c-83ee-3ca2d3d50850,False,True,False,General,South Korea
1da832cd-0177-4c40-85ba-c9bfab82ded1,False,True,False,Machinery,South Korea
91103b5e-dc0d-4426-80b1-eb5f38e726e7,True,True,True,General,China
7f42313f-afd9-4b9c-97c7-95a885aeb556,True,True,False,Machinery,Japan
cc3abd59-e2c4-49d1-ae9b-1f1db0d8aab7,True,True,False,Machinery,Netherlands
55d5607b-721d-43e7-8227-df9b09e23eb5,True,True,False,Pharma,United Kingdom
99f44b8a-f641-45f5-84bb-edd5a5585bbe,True,True,False,Chemical,Japan
106ca312-c504-4e86-838f-02107769d15c,True,True,True,Machinery,China
742262fb-53cf-469c-b8a1-5ccaee007ecd,True,True,True,Electronics,United States
3a50d411-5aad-4b61-bee8-333427a7ae7a,True,True,False,Machinery,South Korea
07e14988-387c-4cd7-9b01-a13e3780b422,True,True,False,General,South Korea
4f90eba5-0373-4f1f-9b51-6569866e7f7f,True,True,True,Pharma,United States
134b9c3b-12af-49e1-be79-f1b7c45a1c85,True,False,False,Textile,India
395983ce-f4dc-409a-906c-40c719eb1a1f,False,True,False,Chemical,India
921f48ec-080d-41f6-b522-4014dd9d705b,True,True,False,Electronics,Germany
4c141a30-ee8c-43c6-8786-aee62e64d693,True,True,True,Electronics,India
6dce048c-e47a-420c-87fa-39d9f37e34c5,True,True,False,Perishable,United Kingdom
4d6b7fa9-e4ca-4fe4-b324-a4358894ed70,False,True,False,Machinery,India
1c81fdc7-9e08-48d4-837c-fe359d0e13ed,True,False,False,Machinery,United Kingdom
2ddc2abf-4d12-4ea9-adb5-c4d3a04f2d16,True,True,False,Hazardous,South Korea
e8a833c4-fa24-4e0e-ba48-2dc18e1849d4,True,True,True,Electronics,United States
65dca918-488a-4ebd-84b7-7b190448077c,True,True,True,Pharma,South Korea
6e738cdc-6830-4407-a0fd-d6f01a923cce,True,False,False,General,Netherlands
f2e1c6a5-63e9-40e4-ab81-f6068c352b75,True,True,False,Electronics,South Korea
baf5e07e-cbd4-4fe3-9098-3a06f042c079,True,True,False,Machinery,Germany
bb550648-fa2e-4962-b813-291c67c2e0ff,False,True,False,Machinery,Japan
707c686f-1d8e-4284-a3e1-f988d4d5db14,True,True,True,Chemical,UAE
e2479554-f6e6-402f-8c63-51f82ba85b4d,True,True,True,General,United Kingdom
1601051d-8f83-4743-b9e8-3184b3601af2,True,True,False,Pharma,United States
86be5afd-ad05-438b-b35e-39dcf1a546be,True,True,False,Chemical,Netherlands
61102bf5-0764-447a-88c9-917ddc5ae045,False,True,False,Perishable,Germany
4618add6-8e10-40af-8ae0-6fbf069db87a,True,True,False,Electronics,Japan
4be171d4-c16a-4421-b044-1777e56bf07d,True,True,False,Textile,Netherlands
5497b13b-7ff5-4e59-bdba-3c496eba54d8,False,True,False,Machinery,United Kingdom
3ce9df61-4349-4d3b-9a96-cdb14b48d877,False,True,False,Textile,South Korea
980f4d19-622e-4859-91d6-6d06f6fea586,True,True,False,Perishable,China
75942158-76f4-4877-8b2d-47930a45eef5,False,True,False,Hazardous,Singapore
9f187ea9-c7b8-4591-b0e1-724f626c725a,True,True,False,Perishable,United States
4c44c235-e8f6-4050-a7d8-b7cfb9a0d06a,True,True,False,Textile,India
00b33b18-ffb7-4890-b121-731234617f54,True,True,False,Pharma,United States
0d2ed5c1-8c1e-4c28-affa-8663f8c0c15c,False,True,False,Machinery,China
c414af27-5b8d-4db3-bd89-fdf8fa7d3805,False,True,False,Chemical,South Korea
42d768b9-f0a2-4b55-b188-c97add2657cc,True,False,False,Pharma,UAE
e4e2a314-aafe-40e7-bb82-83f59170fcf5,True,True,True,Electronics,UAE
d8a31002-f4ed-4a0c-971c-fe6550247ad7,True,True,True,Textile,Singapore
65b085af-dc4a-4cc6-8e06-53306c73331f,True,True,False,Machinery,Germany
def76702-ea2e-4441-8680-3eef0e2a516d,True,True,False,Electronics,India
521cde26-5b89-466b-a2de-9dd04c761789,True,True,False,Textile,Singapore
0591709f-ef79-4d05-8a15-d9ebe62fabe8,True,True,False,Perishable,India
c7dc774e-bcae-4e4b-ae05-fe937ce4e3b0,True,True,False,Pharma,China
c39e7aec-9e71-48ac-aaa7-7e4db769f957,True,True,False,Perishable,UAE
bb385acf-b842-4ddf-a671-e3a22e5f8a26,True,True,False,Pharma,India
b491b50d-bf98-4cac-ace5-7d790abf59a9,True,True,False,Textile,United Kingdom
bdf0b67c-9f84-42a3-944d-b8a7de9a5ab6,True,False,False,Machinery,Singapore
9bbec912-db32-4520-b6d7-1fe0c9384e5e,True,True,False,Perishable,Singapore
8e64a5b3-1259-4b93-b310-3815df846206,True,True,False,Perishable,United States
682af0fa-a0ca-4c78-9760-eada15df2597,False,True,False,Hazardous,UAE
a2ae88a2-0807-4fec-be62-4dd83592a31a,True,True,True,Hazardous,United Kingdom
5222eb9b-9760-48ba-9b47-54bb0f2df273,False,True,False,Perishable,United Kingdom
ed1e10a3-70b6-49ed-b45f-d44afca9f688,True,False,False,Perishable,UAE
8b3f0b0d-f026-49c6-ac88-e339f7097d79,True,False,False,General,Germany
