product_id,product_name,category,hs_code,hazardous,perishable,temperature_controlled,fragile,weight_per_unit,supplier_name
0a132cf3-2a67-4087-aff9-d11d19a61cac,Furniture SKU-10000,Furniture,9403.28,False,False,False,True,623.92,Nova Suppliers
e84bb39c-58c4-4132-92e6-d3e9cbcaf17e,Textiles SKU-10001,Textiles,6204.24,False,False,False,False,155.43,Eastern Suppliers
981b3490-621a-42fa-9598-eb312fe69165,Furniture SKU-10002,Furniture,9403.42,False,False,False,True,156.51,Unity Suppliers
2724925d-a168-4e0d-80fd-43792b3042ca,Medical Devices SKU-10003,Medical Devices,9018.26,False,False,True,True,686.31,Pacific Suppliers
48e370d8-f09f-4cd5-9b22-da21d6c753a2,Food SKU-10004,Food,2106.45,False,False,True,False,428.35,Eastern Suppliers
cc159150-bb70-44be-83fb-6d49720a12ef,Food SKU-10005,Food,2106.73,False,True,False,False,427.49,Unity Suppliers
10dafb0d-2ce2-4ebb-8a4b-95c8bd35d992,Chemicals SKU-10006,Chemicals,3824.59,False,False,False,False,378.94,Pacific Suppliers
42012954-2aa8-4ef7-ae06-59059087196a,Pharma SKU-10007,Pharma,3004.99,False,False,True,False,839.71,Eastern Suppliers
e0436096-c089-4da8-8f7a-0b1dbaefe142,Furniture SKU-10008,Furniture,9403.79,False,False,False,True,843.88,Unity Suppliers
7925721e-78b7-45ac-b0a6-3fe72f2c1611,Pharma SKU-10009,Pharma,3004.4,False,True,True,False,477.25,Unity Suppliers
8559ab22-5257-4bc0-8dd6-26115d96deb4,Chemicals SKU-10010,Chemicals,3824.6,True,False,False,False,769.45,Nova Suppliers
d9942086-8c77-4d90-8e5e-a6c1da3c0289,Electronics SKU-10011,Electronics,8517.92,False,False,False,False,718.72,Summit Suppliers
d7f8a556-c24d-40e0-a78d-ce682aa50314,Textiles SKU-10012,Textiles,6204.26,False,False,False,False,676.53,Unity Suppliers
832ee5b5-5fdb-41d3-83da-89101e75d9d5,Chemicals SKU-10013,Chemicals,3824.97,True,False,False,False,17.96,Metro Suppliers
78cd692f-961b-4d01-a961-dc97429ebaf6,Furniture SKU-10014,Furniture,9403.27,False,False,False,True,787.54,Summit Suppliers
4d912065-6b09-4bef-823d-cf2aab7089ac,Food SKU-10015,Food,2106.25,False,False,True,False,143.74,Nova Suppliers
d4be9e7d-94e7-4460-a1d4-97dad4d5c583,Electronics SKU-10016,Electronics,8517.24,False,False,False,True,385.37,Summit Suppliers
3d99a841-64e6-4cbe-ac8c-c0a00707335b,Consumer Goods SKU-10017,Consumer Goods,3926.22,False,False,False,False,77.86,Pacific Suppliers
41fdcb7c-ecff-4bc9-afb9-38f23da751eb,Automotive Parts SKU-10018,Automotive Parts,8708.64,False,False,False,False,312.39,Pacific Suppliers
7bd6c760-0c1d-4a27-9639-5e1ff757b0cf,Machinery SKU-10019,Machinery,8479.25,False,False,False,False,593.88,Eastern Suppliers
8c3cebfa-0c1d-40e0-8a24-2945c9adacac,Medical Devices SKU-10020,Medical Devices,9018.32,False,False,True,True,588.88,Summit Suppliers
fb3388da-7605-4978-9921-7b1b5b28bf3e,Chemicals SKU-10021,Chemicals,3824.17,True,False,False,False,95.16,Metro Suppliers
3bc58482-e709-4e06-984c-94be6d93562c,Chemicals SKU-10022,Chemicals,3824.51,True,False,False,False,259.22,Unity Suppliers
20f25a25-65ac-4d51-aab1-e6f7be7fef13,Chemicals SKU-10023,Chemicals,3824.57,True,False,False,False,684.51,Unity Suppliers
6612773d-19a6-457f-b447-36443c824418,Automotive Parts SKU-10024,Automotive Parts,8708.88,False,False,False,False,642.69,Summit Suppliers
2bebbd86-de94-4993-99c2-93e6e4df61b7,Machinery SKU-10025,Machinery,8479.12,False,False,False,False,81.54,Eastern Suppliers
301999a4-cca5-4f2e-8661-3d0170d442d5,Chemicals SKU-10026,Chemicals,3824.51,True,False,False,False,637.95,Summit Suppliers
16d39d5a-2dc6-4d8d-be29-da40efa24de4,Medical Devices SKU-10027,Medical Devices,9018.59,False,False,False,False,597.07,Summit Suppliers
6ae3aebc-d2a8-402f-bb9b-407877613045,Medical Devices SKU-10028,Medical Devices,9018.95,False,False,False,False,276.55,Pacific Suppliers
1f0fbfb8-1ea6-499e-b75f-601eb639541a,Consumer Goods SKU-10029,Consumer Goods,3926.53,False,False,False,False,322.8,Eastern Suppliers
b4c550b1-e3ed-4d11-81ec-389a7028cdd1,Electronics SKU-10030,Electronics,8517.2,False,False,False,True,475.46,Eastern Suppliers
486fea81-feb5-4952-9f20-b1e83aaec456,Furniture SKU-10031,Furniture,9403.88,False,False,False,True,221.58,Eastern Suppliers
7eb8c187-3037-4951-9043-169245b24a89,Medical Devices SKU-10032,Medical Devices,9018.92,False,False,True,True,371.14,Nova Suppliers
52f8c70e-666e-4c3d-81dd-126886deec73,Machinery SKU-10033,Machinery,8479.18,False,False,False,False,7.85,Unity Suppliers
5e4e4e8b-16c1-4fbb-9650-d53203e6e281,Electronics SKU-10034,Electronics,8517.31,False,False,False,False,97.25,Metro Suppliers
9dbc48df-2cef-4414-af21-af1dd45fe445,Textiles SKU-10035,Textiles,6204.94,False,False,False,False,453.97,Metro Suppliers
a4b8df5b-55a1-4024-bb56-3d2a9fa59d64,Machinery SKU-10036,Machinery,8479.48,False,False,False,False,841.82,Nova Suppliers
2118697c-c67d-47ee-a512-7c41b9e52b4a,Textiles SKU-10037,Textiles,6204.19,False,False,False,False,677.5,Eastern Suppliers
82b0146b-58dc-43f2-acf9-460f2c1744d9,Chemicals SKU-10038,Chemicals,3824.88,True,False,False,False,787.75,Pacific Suppliers
5b1bc581-1e95-49ac-b4cd-9c4dba0da5d3,Furniture SKU-10039,Furniture,9403.12,False,False,False,True,223.79,Metro Suppliers
9d525f5e-e137-4990-bf52-e488d3cefb94,Machinery SKU-10040,Machinery,8479.61,False,False,False,False,812.01,Metro Suppliers
98a8ceac-ed6b-47e6-91cd-5dafebf7d53b,Food SKU-10041,Food,2106.44,False,True,False,False,618.46,Unity Suppliers
0b6d1f4f-641c-4b20-b7e2-13f2c61b0522,Chemicals SKU-10042,Chemicals,3824.49,False,False,False,False,576.62,Eastern Suppliers
7d1ad965-c119-433c-8965-8f98b68be8f7,Furniture SKU-10043,Furniture,9403.78,False,False,False,False,470.36,Unity Suppliers
67d7bbb9-471d-46d2-a5dd-9110e6a2d788,Pharma SKU-10044,Pharma,3004.26,False,False,False,False,418.6,Nova Suppliers
38baefef-fb3c-49e6-bd29-b0be4de5aaa6,Automotive Parts SKU-10045,Automotive Parts,8708.49,False,False,False,False,703.86,Metro Suppliers
d36186d0-0512-47f8-9f7f-84f0680811cd,Consumer Goods SKU-10046,Consumer Goods,3926.19,False,False,False,False,391.9,Unity Suppliers
bea875b0-93f5-4312-8788-7230416c4515,Machinery SKU-10047,Machinery,8479.26,False,False,False,False,204.26,Nova Suppliers
29a5a818-e5a1-4d1d-b609-bb8d39b3904b,Consumer Goods SKU-10048,Consumer Goods,3926.24,False,False,False,False,494.5,Pacific Suppliers
0a16102b-89ac-4520-afc4-68dbbf59924d,Consumer Goods SKU-10049,Consumer Goods,3926.18,False,False,False,False,599.84,Pacific Suppliers
35a121ed-71fa-47ed-ad49-459847320d23,Machinery SKU-10050,Machinery,8479.47,False,False,False,False,564.19,Unity Suppliers
0db6b52d-a6f6-46e6-8eb7-818f22d1c4b2,Machinery SKU-10051,Machinery,8479.11,False,False,False,False,773.6,Metro Suppliers
9ea15dfd-1260-41c2-b940-4c40cddeaeeb,Machinery SKU-10052,Machinery,8479.58,False,False,False,False,570.63,Nova Suppliers
1fcba69c-619f-4057-8dd6-f06418cbd989,Automotive Parts SKU-10053,Automotive Parts,8708.82,False,False,False,False,583.86,Unity Suppliers
f4a32ca5-6c8c-4f2c-a0d2-6e3cea0e9cf3,Electronics SKU-10054,Electronics,8517.53,False,False,False,False,194.7,Pacific Suppliers
644c7222-39a6-496f-bfd6-5692bbbe3aac,Food SKU-10055,Food,2106.63,False,False,True,False,507.77,Eastern Suppliers
f84d2ea5-51dc-4a27-aff8-bf54002daae4,Medical Devices SKU-10056,Medical Devices,9018.38,False,False,True,True,419.63,Metro Suppliers
93629d93-1c7f-4ef1-a675-68ef87d3f118,Automotive Parts SKU-10057,Automotive Parts,8708.49,False,False,False,False,174.4,Nova Suppliers
5362ba66-bbcf-4ce3-89e1-155ad17a1d71,Electronics SKU-10058,Electronics,8517.49,False,False,False,True,737.38,Eastern Suppliers
33b5a9d6-7fa5-4f51-8fa9-e16f8ade9f6b,Consumer Goods SKU-10059,Consumer Goods,3926.22,False,False,False,False,643.27,Eastern Suppliers
a6fd9add-690a-49a1-b609-c2444eed8cd6,Medical Devices SKU-10060,Medical Devices,9018.57,False,False,True,True,466.01,Unity Suppliers
a2d14b3c-f2d7-411c-8f36-01f4b7d6ee50,Food SKU-10061,Food,2106.34,False,False,False,False,798.81,Eastern Suppliers
c8e76f81-124e-42e8-b2b2-6fe978b28289,Machinery SKU-10062,Machinery,8479.14,False,False,False,False,86.92,Metro Suppliers
781a7d2e-3919-4984-b194-8dc6155a2006,Automotive Parts SKU-10063,Automotive Parts,8708.37,False,False,False,False,812.32,Eastern Suppliers
8fb170c9-459f-4ee2-91d3-e9550bf25914,Pharma SKU-10064,Pharma,3004.1,False,False,False,False,829.4,Eastern Suppliers
b34dc6b4-1615-4db2-bb36-d1035a00550d,Machinery SKU-10065,Machinery,8479.2,False,False,False,False,344.11,Summit Suppliers
4c2b832c-a745-406c-b247-1bdfa19fc0c1,Furniture SKU-10066,Furniture,9403.18,False,False,False,True,765.13,Unity Suppliers
0917486c-9950-476e-a919-e8a9aa9f7137,Machinery SKU-10067,Machinery,8479.83,False,False,False,False,483.18,Eastern Suppliers
2ebcbc4a-3fad-4909-8fbc-0f9b95698d12,Furniture SKU-10068,Furniture,9403.89,False,False,False,True,631.17,Eastern Suppliers
eaf3f27e-3bfe-4f93-82ae-05dc493f3fc0,Food SKU-10069,Food,2106.62,False,True,True,False,633.12,Pacific Suppliers
fa4822c9-ffba-4bbf-8690-90cbe3b32afe,Food SKU-10070,Food,2106.59,False,True,True,False,361.59,Summit Suppliers
d9423b04-ec1d-4462-9045-2fc00b7b5235,Pharma SKU-10071,Pharma,3004.58,False,False,False,False,834.81,Pacific Suppliers
1270b3e7-f813-40ac-9926-d82ada128325,Medical Devices SKU-10072,Medical Devices,9018.72,False,False,True,True,189.35,Pacific Suppliers
e29f730a-c261-4517-9ea5-e07bc916955f,Food SKU-10073,Food,2106.47,False,False,False,False,513.63,Unity Suppliers
e18e5932-138b-4cee-adce-7984ab1239f8,Textiles SKU-10074,Textiles,6204.8,False,False,False,False,115.8,Unity Suppliers
61bb6ed1-7e00-48f7-8c78-84c5cba2db53,Machinery SKU-10075,Machinery,8479.34,False,False,False,False,327.13,Pacific Suppliers
ada7e344-a8ed-43ec-add8-e9abe2d7d965,Machinery SKU-10076,Machinery,8479.71,False,False,False,False,93.6,Nova Suppliers
0d78a90c-7c56-4df0-a5f7-cb0df7b78962,Electronics SKU-10077,Electronics,8517.97,False,False,False,False,809.8,Eastern Suppliers
4c528039-64b7-4178-b938-1ea2ce33d160,Pharma SKU-10078,Pharma,3004.35,False,True,True,False,260.52,Pacific Suppliers
5232a4d5-0f62-4465-870f-4b68f6318989,Medical Devices SKU-10079,Medical Devices,9018.46,False,False,True,False,218.92,Pacific Suppliers
94ebdafa-e68d-4c20-b8b5-46f2be003cbe,Automotive Parts SKU-10080,Automotive Parts,8708.58,False,False,False,False,397.66,Nova Suppliers
68f6194f-b43f-4556-9ffa-34dc43a5bd04,Consumer Goods SKU-10081,Consumer Goods,3926.88,False,False,False,False,321.81,Summit Suppliers
f8d2bb7b-5fce-4726-92f6-9d60c1bc96a3,Textiles SKU-10082,Textiles,6204.73,False,False,False,False,159.68,Eastern Suppliers
7ad11fff-53c1-4bc3-a96e-36d9ff5eaee1,Pharma SKU-10083,Pharma,3004.8,False,False,False,False,496.16,Summit Suppliers
e6073170-53a3-41f0-acef-bb63ea7999ce,Consumer Goods SKU-10084,Consumer Goods,3926.78,False,False,False,False,480.78,Summit Suppliers
13adb318-8875-444b-b572-064c0f23ae1b,Pharma SKU-10085,Pharma,3004.77,False,True,True,False,51.65,Eastern Suppliers
a1ac4409-1db7-45f6-aaa6-ab522e8da4a4,Food SKU-10086,Food,2106.82,False,False,False,False,135.32,Metro Suppliers
7d8ae9c1-8184-4719-8113-c216868e3123,Pharma SKU-10087,Pharma,3004.37,False,True,True,False,314.49,Eastern Suppliers
a0663ec9-e62f-4a08-a5b1-bf95480b1490,Machinery SKU-10088,Machinery,8479.37,False,False,False,False,124.75,Unity Suppliers
d52b0fc7-7152-406f-9469-71729495c096,Medical Devices SKU-10089,Medical Devices,9018.24,False,False,True,True,564.02,Unity Suppliers
b93680da-57fe-4212-ad87-5c50d192ac6f,Automotive Parts SKU-10090,Automotive Parts,8708.86,False,False,False,False,416.68,Pacific Suppliers
e1b768de-a1a7-4891-a2da-52646c73aa2c,Medical Devices SKU-10091,Medical Devices,9018.9,False,False,True,False,604.27,Metro Suppliers
f9b1139f-23da-4f7c-9ed9-31dff3b41aff,Medical Devices SKU-10092,Medical Devices,9018.14,False,False,True,False,811.51,Pacific Suppliers
00825da5-96ce-4353-9060-0a189674575e,Furniture SKU-10093,Furniture,9403.61,False,False,False,True,847.5,Eastern Suppliers
7e5266a8-18ee-4b7d-b67c-aca567215163,Chemicals SKU-10094,Chemicals,3824.51,True,False,False,False,339.87,Summit Suppliers
264a190b-9eb8-4123-91ff-4242053a2350,Consumer Goods SKU-10095,Consumer Goods,3926.58,False,False,False,False,424.96,Eastern Suppliers
7bae02ba-a516-4a5c-961e-b4e968e442bf,Electronics SKU-10096,Electronics,8517.16,False,False,False,False,640.56,Pacific Suppliers
2709df9d-6760-4869-bbed-c1f523d64786,Automotive Parts SKU-10097,Automotive Parts,8708.11,False,False,False,False,591.52,Unity Suppliers
84f7365a-89d7-4dc7-923f-34b42f207c34,Consumer Goods SKU-10098,Consumer Goods,3926.98,False,False,False,False,273.23,Pacific Suppliers
206cc4dd-21ee-434d-9b59-0d9de238ea47,Textiles SKU-10099,Textiles,6204.94,False,False,False,False,141.97,Pacific Suppliers
dcd9d83f-6bf4-4219-8890-c56c1d3b3270,Medical Devices SKU-10100,Medical Devices,9018.62,False,False,True,False,24.09,Nova Suppliers
58304bd7-d743-4d0a-8f3b-8932c64f5fc1,Pharma SKU-10101,Pharma,3004.97,False,False,False,False,665.73,Metro Suppliers
829c34cb-5bae-4d98-8976-6ac546cbc8fb,Furniture SKU-10102,Furniture,9403.61,False,False,False,False,156.37,Unity Suppliers
8dfce1d9-05b8-4086-955d-a878cf67b79e,Machinery SKU-10103,Machinery,8479.7,False,False,False,False,239.29,Unity Suppliers
4d61c2d2-d2af-4d03-91a2-e1b82c2fe36b,Automotive Parts SKU-10104,Automotive Parts,8708.33,False,False,False,False,599.53,Nova Suppliers
a1b1606d-34f6-4f2c-8c05-a4d9882d6291,Textiles SKU-10105,Textiles,6204.27,False,False,False,False,656.82,Nova Suppliers
8215611a-151d-4dc5-8fe3-154cdb7d8bb3,Consumer Goods SKU-10106,Consumer Goods,3926.45,False,False,False,False,642.47,Unity Suppliers
00506704-0774-4f15-951c-b2e6036eeebc,Pharma SKU-10107,Pharma,3004.58,False,True,True,False,565.71,Metro Suppliers
979a18c0-12e5-40f5-9dab-60378f4bfd15,Chemicals SKU-10108,Chemicals,3824.39,True,False,False,False,607.68,Summit Suppliers
ccd3a04f-e84d-4c1d-84d5-d336269902e2,Pharma SKU-10109,Pharma,3004.69,False,False,False,False,486.01,Metro Suppliers
34a1f284-69a5-4079-a8a1-f51249761a1a,Consumer Goods SKU-10110,Consumer Goods,3926.89,False,False,False,False,734.37,Summit Suppliers
78c0e897-e8ce-44bf-b1e3-d1a50c34d3ef,Pharma SKU-10111,Pharma,3004.48,False,True,True,False,4.07,Nova Suppliers
082919f3-d11a-4c64-a993-df0ae5ce5534,Pharma SKU-10112,Pharma,3004.35,False,False,True,False,378.69,Metro Suppliers
715abe18-782a-44ed-b078-c6b3f01dc460,Consumer Goods SKU-10113,Consumer Goods,3926.1,False,False,False,False,830.81,Metro Suppliers
aa603d29-62c7-4256-aebf-e03cd57b1bd4,Machinery SKU-10114,Machinery,8479.32,False,False,False,False,122.19,Summit Suppliers
27b955d7-b21a-4607-aba9-9a24a87fa49b,Furniture SKU-10115,Furniture,9403.39,False,False,False,False,548.65,Nova Suppliers
7e0cc58f-2785-4c29-aeb6-3698ac012249,Electronics SKU-10116,Electronics,8517.15,False,False,False,False,113.77,Nova Suppliers
6b426b04-f99d-44fa-887d-bb87a6da458e,Furniture SKU-10117,Furniture,9403.13,False,False,False,False,301.5,Unity Suppliers
a789c5d5-9075-42f7-bc73-88a54e4e6642,Automotive Parts SKU-10118,Automotive Parts,8708.35,False,False,False,False,605.22,Summit Suppliers
6b89c76a-d866-4ede-b253-fab45e3560e5,Textiles SKU-10119,Textiles,6204.32,False,False,False,False,502.25,Nova Suppliers
08d12818-d16d-4943-8688-9db41a05e666,Textiles SKU-10120,Textiles,6204.34,False,False,False,False,682.65,Eastern Suppliers
a68e5603-dde1-47fe-8289-d54449bcf614,Food SKU-10121,Food,2106.35,False,False,True,False,511.08,Pacific Suppliers
275f7b19-dc2d-4176-b719-7e6ee46f6117,Automotive Parts SKU-10122,Automotive Parts,8708.53,False,False,False,False,210.12,Metro Suppliers
97fbcaed-5966-48be-b87a-7ae4362cc4c9,Electronics SKU-10123,Electronics,8517.52,False,False,False,True,190.67,Metro Suppliers
c18790ad-675d-43f1-8f93-a96e2a66bc30,Chemicals SKU-10124,Chemicals,3824.14,True,False,False,False,269.45,Summit Suppliers
af05b094-7e9b-449e-93e8-b182f7d2de20,Food SKU-10125,Food,2106.21,False,False,True,False,17.3,Eastern Suppliers
f70316f8-e166-447b-9692-9e67e9777cee,Machinery SKU-10126,Machinery,8479.22,False,False,False,False,712.57,Metro Suppliers
0a491dbf-f096-47a7-9755-e6b2fe1d7e73,Pharma SKU-10127,Pharma,3004.5,False,False,False,False,582.68,Unity Suppliers
d2787a71-e2e9-4b93-8ff4-2afbd0b36877,Food SKU-10128,Food,2106.56,False,False,True,False,506.22,Unity Suppliers
4f9ddcb1-7e99-476e-9cd2-9051b315aa2c,Furniture SKU-10129,Furniture,9403.33,False,False,False,True,739.62,Summit Suppliers
6ddd1e26-df54-4a96-af54-8359566dc2de,Machinery SKU-10130,Machinery,8479.42,False,False,False,False,751.11,Eastern Suppliers
38d268da-ea52-476d-95c2-c0d2dba78c5f,Furniture SKU-10131,Furniture,9403.35,False,False,False,True,838.06,Unity Suppliers
003dface-8260-4206-93cf-5c0aebb91594,Medical Devices SKU-10132,Medical Devices,9018.34,False,False,True,False,223.93,Nova Suppliers
7dccda85-3a94-43f2-9e06-b9f9d5cfd9f5,Pharma SKU-10133,Pharma,3004.46,False,False,False,False,274.34,Summit Suppliers
c41fa50d-c319-4964-856f-1754396a39f2,Furniture SKU-10134,Furniture,9403.42,False,False,False,False,382.57,Nova Suppliers
0669228c-7356-4a46-ba43-7b401b292e79,Consumer Goods SKU-10135,Consumer Goods,3926.21,False,False,False,False,197.47,Unity Suppliers
4e105a64-3202-4ae9-a50b-86fbe76621cc,Furniture SKU-10136,Furniture,9403.65,False,False,False,False,551.0,Eastern Suppliers
d89f7008-8ee8-4c2d-bd79-db5c4069d2cc,Textiles SKU-10137,Textiles,6204.64,False,False,False,False,815.03,Summit Suppliers
165765c3-18f6-40b9-a890-aba34a727f4d,Automotive Parts SKU-10138,Automotive Parts,8708.58,False,False,False,False,496.31,Unity Suppliers
ff965cb0-d1f8-43ac-b3dc-22cd7644395c,Furniture SKU-10139,Furniture,9403.18,False,False,False,False,217.65,Summit Suppliers
53fbb198-cafb-42a4-9047-ba571f0c7922,Electronics SKU-10140,Electronics,8517.74,False,False,False,False,284.1,Metro Suppliers
982d6168-f34d-4909-bf82-9c23835060cb,Textiles SKU-10141,Textiles,6204.64,False,False,False,False,583.41,Unity Suppliers
1311b017-ddb8-4e4b-8837-290daf5574ea,Electronics SKU-10142,Electronics,8517.38,False,False,False,True,176.11,Pacific Suppliers
4d19add0-d885-46a8-86a5-e1d5d7cc4069,Pharma SKU-10143,Pharma,3004.76,False,False,False,False,509.85,Metro Suppliers
81fe1c91-5314-4af8-ae0f-7e929a261d33,Electronics SKU-10144,Electronics,8517.86,False,False,False,True,825.91,Unity Suppliers
c2f1e409-5fbd-4461-b79f-ddd01a10cb8e,Chemicals SKU-10145,Chemicals,3824.88,False,False,False,False,206.61,Unity Suppliers
add31ab2-0668-4e51-b6ac-78b9f778bd4d,Furniture SKU-10146,Furniture,9403.49,False,False,False,True,450.3,Summit Suppliers
7ab95cd2-3afd-4d43-bd29-65702b3ac28a,Chemicals SKU-10147,Chemicals,3824.58,True,False,False,False,705.87,Pacific Suppliers
1e8550e6-91c0-4970-b166-9c57ae1d671f,Food SKU-10148,Food,2106.98,False,True,True,False,731.47,Unity Suppliers
5b529be6-cf8b-4ec0-b78c-a16fd748bb0e,Furniture SKU-10149,Furniture,9403.54,False,False,False,False,632.73,Pacific Suppliers
5b72ed42-c110-495c-941d-82847b22cc15,Textiles SKU-10150,Textiles,6204.42,False,False,False,False,567.64,Pacific Suppliers
f7d94b02-499a-4867-a13a-e81300bc361d,Pharma SKU-10151,Pharma,3004.31,False,False,False,False,380.28,Nova Suppliers
55146dda-9365-4b24-af5f-fe00e3f0efe5,Machinery SKU-10152,Machinery,8479.18,False,False,False,False,25.01,Unity Suppliers
017979cd-324e-49c4-939e-a95bb4eee267,Textiles SKU-10153,Textiles,6204.35,False,False,False,False,804.28,Unity Suppliers
090464c5-e34b-43e8-99d5-2f0a6df2fdc8,Automotive Parts SKU-10154,Automotive Parts,8708.15,False,False,False,False,515.2,Nova Suppliers
a208204f-eec6-4154-a74c-85318f806c39,Consumer Goods SKU-10155,Consumer Goods,3926.1,False,False,False,False,762.21,Eastern Suppliers
c2881b23-b723-4986-8214-1ef585ee6b54,Food SKU-10156,Food,2106.88,False,False,False,False,428.04,Summit Suppliers
fd1c993c-384e-4c1f-a630-64756f47dae0,Textiles SKU-10157,Textiles,6204.47,False,False,False,False,628.83,Unity Suppliers
3eb7058b-36ac-4da9-a9b3-868bc9f2f190,Textiles SKU-10158,Textiles,6204.11,False,False,False,False,774.22,Unity Suppliers
e5d0720c-bfa6-4418-a2f6-160af89f79bd,Textiles SKU-10159,Textiles,6204.15,False,False,False,False,825.88,Summit Suppliers
8222e699-0e80-46c0-86c1-99e86bdc3267,Machinery SKU-10160,Machinery,8479.58,False,False,False,False,843.84,Eastern Suppliers
6d3e1e71-6c51-46d9-98e1-b1cd810671bb,Chemicals SKU-10161,Chemicals,3824.56,True,False,False,False,668.82,Nova Suppliers
bb61403b-07e5-4537-a550-181e725d9d39,Chemicals SKU-10162,Chemicals,3824.59,False,False,False,False,225.94,Summit Suppliers
5f076450-fb11-43c0-aa35-be3bed405dbb,Machinery SKU-10163,Machinery,8479.78,False,False,False,False,43.49,Eastern Suppliers
0b4c6d02-ef19-47fe-b34a-608776e704fc,Chemicals SKU-10164,Chemicals,3824.8,True,False,False,False,697.27,Pacific Suppliers
2ca521a2-62e5-4124-ad5e-94a75b59c95f,Automotive Parts SKU-10165,Automotive Parts,8708.52,False,False,False,False,48.71,Eastern Suppliers
3c980ee3-b64b-4f86-bb7c-4dc94ade109a,Food SKU-10166,Food,2106.43,False,True,True,False,102.9,Nova Suppliers
e969d61d-80c2-4fd6-8d35-df45da42d839,Consumer Goods SKU-10167,Consumer Goods,3926.24,False,False,False,False,496.87,Unity Suppliers
6a9df590-4574-4a2c-9cec-7c695affa606,Medical Devices SKU-10168,Medical Devices,9018.49,False,False,False,False,687.31,Pacific Suppliers
ba8e2d87-243e-47f8-b89a-9d3f9af2d8d5,Electronics SKU-10169,Electronics,8517.96,False,False,False,True,529.78,Pacific Suppliers
ef07d6f0-9ce2-4fc8-970c-f6d4814964bf,Furniture SKU-10170,Furniture,9403.6,False,False,False,False,721.88,Metro Suppliers
7bfef267-7c32-46b1-87b8-813c54d2918a,Chemicals SKU-10171,Chemicals,3824.77,True,False,False,False,740.01,Metro Suppliers
77a689f4-74ec-4cf6-b37e-f5b26788fbff,Medical Devices SKU-10172,Medical Devices,9018.83,False,False,True,False,313.6,Nova Suppliers
37492ad9-4f74-4767-b39e-005a962c792f,Consumer Goods SKU-10173,Consumer Goods,3926.18,False,False,False,False,583.78,Metro Suppliers
4e6c8216-e531-4b20-97e6-f0fb1ac985b4,Machinery SKU-10174,Machinery,8479.83,False,False,False,False,611.74,Pacific Suppliers
fe5ec2be-7967-4569-909a-eebcfb7d5d8b,Machinery SKU-10175,Machinery,8479.35,False,False,False,False,464.68,Nova Suppliers
2fe9e172-a7d5-40e4-adf8-90124e01fb72,Textiles SKU-10176,Textiles,6204.23,False,False,False,False,561.39,Pacific Suppliers
9b7e45be-75c0-4307-8b04-a94e2fda08c2,Automotive Parts SKU-10177,Automotive Parts,8708.23,False,False,False,False,168.82,Metro Suppliers
b75657cc-15d6-4cb9-94d3-1d0085a4cfe2,Pharma SKU-10178,Pharma,3004.5,False,False,False,False,836.18,Unity Suppliers
e7d9af0a-dd76-485b-a54e-db6590dd1074,Automotive Parts SKU-10179,Automotive Parts,8708.75,False,False,False,False,741.74,Summit Suppliers
7736efb9-b7bd-4672-9acb-1ef6c650453f,Textiles SKU-10180,Textiles,6204.25,False,False,False,False,772.94,Metro Suppliers
d77cb4db-5eb9-40f4-b304-c4f2bb22c6eb,Chemicals SKU-10181,Chemicals,3824.8,True,False,False,False,124.24,Pacific Suppliers
e5ec39dc-f81a-4b09-a878-b917e2e18dca,Textiles SKU-10182,Textiles,6204.28,False,False,False,False,781.9,Metro Suppliers
0b4f28da-a209-419d-abb0-777b1fc8e31a,Furniture SKU-10183,Furniture,9403.29,False,False,False,True,384.48,Summit Suppliers
b2ad4bb4-6362-4d77-9b68-d61c2e47855e,Chemicals SKU-10184,Chemicals,3824.2,True,False,False,False,23.78,Unity Suppliers
93590db1-c0c3-4184-a6af-5926d42c17a2,Medical Devices SKU-10185,Medical Devices,9018.63,False,False,False,True,308.0,Eastern Suppliers
6a724289-9347-4a9f-9c7c-a8fb92a0f18c,Pharma SKU-10186,Pharma,3004.92,False,True,True,False,72.22,Metro Suppliers
29203f9d-c097-46e5-bcb3-a45d4f11dbf7,Pharma SKU-10187,Pharma,3004.76,False,True,True,False,87.75,Pacific Suppliers
c1350a13-9ab4-4c41-949b-e2f31fb89e45,Textiles SKU-10188,Textiles,6204.5,False,False,False,False,571.83,Unity Suppliers
4c391fe6-b2f2-4482-954c-2da5380f5d9e,Machinery SKU-10189,Machinery,8479.19,False,False,False,False,160.71,Metro Suppliers
ae628a6a-de65-4770-aedb-d15b2706f6e7,Textiles SKU-10190,Textiles,6204.24,False,False,False,False,186.1,Nova Suppliers
362337ff-3242-497f-bb69-0f1206c97924,Machinery SKU-10191,Machinery,8479.65,False,False,False,False,98.51,Nova Suppliers
e69b6102-9523-43d7-870d-673ba875d98e,Automotive Parts SKU-10192,Automotive Parts,8708.36,False,False,False,False,806.94,Pacific Suppliers
860c0b4a-d790-484b-8799-52df432dd087,Chemicals SKU-10193,Chemicals,3824.82,False,False,False,False,132.95,Eastern Suppliers
5fcf6ec2-6673-416a-a904-822bbcaa9a43,Machinery SKU-10194,Machinery,8479.28,False,False,False,False,543.77,Summit Suppliers
2388a547-167a-427a-96d4-568286ab0c4e,Consumer Goods SKU-10195,Consumer Goods,3926.48,False,False,False,False,254.25,Pacific Suppliers
8205b99e-14ee-4500-8682-59e51ef35ae4,Pharma SKU-10196,Pharma,3004.64,False,True,True,False,189.24,Eastern Suppliers
7171b8a3-349a-4e58-8d69-5fb553899b25,Automotive Parts SKU-10197,Automotive Parts,8708.74,False,False,False,False,497.06,Unity Suppliers
fb9c703e-fb84-460a-8661-3f74f5f8c3ce,Consumer Goods SKU-10198,Consumer Goods,3926.78,False,False,False,False,155.91,Summit Suppliers
c70e5675-5bf8-4ba0-8e3b-795e299e7151,Medical Devices SKU-10199,Medical Devices,9018.97,False,False,False,False,559.44,Eastern Suppliers
a774d441-1bd3-4df7-942a-a09ad3a02847,Consumer Goods SKU-10200,Consumer Goods,3926.76,False,False,False,False,605.02,Unity Suppliers
3e2d5582-cc85-4cb0-b51b-c3c93ecdeea1,Chemicals SKU-10201,Chemicals,3824.29,False,False,False,False,7.34,Metro Suppliers
c1b2d418-f12e-4d9e-b4e3-8f1ddc1a59be,Consumer Goods SKU-10202,Consumer Goods,3926.36,False,False,False,False,481.24,Nova Suppliers
3d44f406-bddc-4b15-ac4b-4f9335302f14,Furniture SKU-10203,Furniture,9403.4,False,False,False,False,842.34,Pacific Suppliers
4348c40d-84c3-46e1-a53b-b77cdc366cac,Furniture SKU-10204,Furniture,9403.68,False,False,False,False,740.5,Unity Suppliers
d10ae7eb-727b-4f9c-9efd-39f7a0ec5715,Textiles SKU-10205,Textiles,6204.85,False,False,False,False,244.71,Pacific Suppliers
54089847-52c3-4b73-b83e-3926a8137ac8,Electronics SKU-10206,Electronics,8517.53,False,False,False,True,594.47,Pacific Suppliers
2af4417d-0d26-460f-a50d-6a90597f050b,Furniture SKU-10207,Furniture,9403.93,False,False,False,True,368.23,Unity Suppliers
9bb2bf56-e7c5-4f6c-8c10-6fc3a90d0835,Electronics SKU-10208,Electronics,8517.75,False,False,False,True,448.19,Metro Suppliers
263d25db-01b1-4b08-8ad2-7ceead28fc7c,Automotive Parts SKU-10209,Automotive Parts,8708.66,False,False,False,False,821.05,Unity Suppliers
e4a19d2e-e908-4c0a-8fc5-90e1a878d50d,Automotive Parts SKU-10210,Automotive Parts,8708.23,False,False,False,False,402.54,Eastern Suppliers
b98036c6-bc8f-4b46-9c06-573374edb10d,Chemicals SKU-10211,Chemicals,3824.59,True,False,False,False,250.52,Nova Suppliers
78091ae7-e520-4d69-8e42-04151801b399,Furniture SKU-10212,Furniture,9403.12,False,False,False,False,149.78,Metro Suppliers
d3bc2535-3671-426f-b0e6-0a779320dadc,Food SKU-10213,Food,2106.6,False,False,False,False,252.11,Pacific Suppliers
1d735114-38bd-4889-ad9e-74ba22410f1a,Machinery SKU-10214,Machinery,8479.88,False,False,False,False,349.93,Unity Suppliers
48d3249b-4515-445f-b674-5986d8076db7,Automotive Parts SKU-10215,Automotive Parts,8708.86,False,False,False,False,318.38,Nova Suppliers
4f7d729f-097d-45ab-a0de-9dad8a6c78ab,Consumer Goods SKU-10216,Consumer Goods,3926.87,False,False,False,False,420.68,Eastern Suppliers
b8eca93a-f997-4f07-812a-8490ee6b792d,Pharma SKU-10217,Pharma,3004.86,False,False,False,False,167.77,Unity Suppliers
2317bace-7cf2-402d-9d91-b40b579aca8e,Electronics SKU-10218,Electronics,8517.49,False,False,False,False,819.6,Summit Suppliers
09470431-af18-4bb4-b6c0-44257bb63930,Machinery SKU-10219,Machinery,8479.24,False,False,False,False,101.72,Pacific Suppliers
2169be54-f5bf-462c-856a-5cd67077605e,Pharma SKU-10220,Pharma,3004.26,False,True,True,False,27.41,Unity Suppliers
6150880b-fa35-40b3-949a-1c01cf9b2a14,Pharma SKU-10221,Pharma,3004.29,False,False,True,False,303.88,Nova Suppliers
63aa552e-1c33-4a5f-8d76-a9fdc1b1be04,Consumer Goods SKU-10222,Consumer Goods,3926.74,False,False,False,False,649.09,Unity Suppliers
8cb12aba-5eb5-475f-a398-06ddc6324b1d,Pharma SKU-10223,Pharma,3004.11,False,False,True,False,521.68,Unity Suppliers
53439612-c8c1-4366-a5c7-feaad9bf5944,Food SKU-10224,Food,2106.22,False,False,False,False,106.82,Eastern Suppliers
fe114c19-8de6-405d-9aef-ee9c7b95393e,Medical Devices SKU-10225,Medical Devices,9018.77,False,False,True,True,562.1,Summit Suppliers
639450ad-8e4f-4ebb-a9f6-d0734e124262,Consumer Goods SKU-10226,Consumer Goods,3926.21,False,False,False,False,494.97,Metro Suppliers
955b52a9-1108-4b4c-83c8-1f0b623ec36c,Electronics SKU-10227,Electronics,8517.28,False,False,False,True,228.53,Nova Suppliers
e9b11ecd-f336-4c4d-b318-e487c1ac54d0,Medical Devices SKU-10228,Medical Devices,9018.89,False,False,True,True,523.09,Summit Suppliers
fa18c643-7ae9-414b-9620-1c56ad6545a1,Electronics SKU-10229,Electronics,8517.2,False,False,False,True,614.24,Metro Suppliers
32b1f827-f651-4810-aa5a-98cf606dac04,Consumer Goods SKU-10230,Consumer Goods,3926.8,False,False,False,False,25.42,Unity Suppliers
5a7d7c6b-fe29-41fa-ae2d-c0acac59860e,Food SKU-10231,Food,2106.3,False,True,True,False,707.93,Metro Suppliers
0f435379-6baf-4a2b-8d8e-6e660090bba3,Consumer Goods SKU-10232,Consumer Goods,3926.71,False,False,False,False,41.64,Pacific Suppliers
ffa4e942-61e1-43b2-a2b0-6846c76e76ad,Machinery SKU-10233,Machinery,8479.65,False,False,False,False,256.4,Metro Suppliers
85ee1b89-e5e5-417a-a50b-aa78a393fdf2,Electronics SKU-10234,Electronics,8517.99,False,False,False,False,309.29,Unity Suppliers
2a1f96a4-f001-441f-bf35-b3a9822bf5cb,Medical Devices SKU-10235,Medical Devices,9018.3,False,False,False,False,202.85,Pacific Suppliers
6f05243d-81bf-413f-8a6f-fc26cd800cf1,Chemicals SKU-10236,Chemicals,3824.37,True,False,False,False,670.62,Metro Suppliers
6b152ea9-817a-42f6-9854-84d58d5d4d0b,Electronics SKU-10237,Electronics,8517.77,False,False,False,False,228.27,Nova Suppliers
49bb3f6f-e77d-4647-9195-0680a67f8c30,Machinery SKU-10238,Machinery,8479.19,False,False,False,False,43.94,Unity Suppliers
1be1f0e1-c921-4d72-b798-2792132f156a,Food SKU-10239,Food,2106.59,False,False,True,False,212.77,Eastern Suppliers
585f8d15-6b91-43d4-b119-275179db22ae,Furniture SKU-10240,Furniture,9403.64,False,False,False,True,677.61,Pacific Suppliers
1610613f-e9dc-4228-b68e-9e14c07eeabc,Pharma SKU-10241,Pharma,3004.65,False,False,True,False,259.3,Pacific Suppliers
ac09909d-9623-4414-9657-6eff2826f667,Chemicals SKU-10242,Chemicals,3824.79,True,False,False,False,187.57,Metro Suppliers
535d0c18-ba94-44ef-8715-d3a42595b213,Medical Devices SKU-10243,Medical Devices,9018.64,False,False,True,False,515.58,Unity Suppliers
3ead9359-097c-453f-8025-e50e616d4cd5,Chemicals SKU-10244,Chemicals,3824.3,True,False,False,False,704.55,Nova Suppliers
9b890f8b-be93-4022-a4e4-37110b0273f6,Machinery SKU-10245,Machinery,8479.22,False,False,False,False,790.51,Pacific Suppliers
4292ff02-b9e0-452d-9664-b9749bda0315,Pharma SKU-10246,Pharma,3004.95,False,False,True,False,171.4,Metro Suppliers
0596f38e-c8f4-4fed-8cc9-ae57c7c75de0,Automotive Parts SKU-10247,Automotive Parts,8708.78,False,False,False,False,446.09,Metro Suppliers
99b011a0-e8c9-4b5d-8954-4721a136d574,Chemicals SKU-10248,Chemicals,3824.35,True,False,False,False,778.81,Summit Suppliers
491ac9f0-5ae8-4ece-8eed-e85779e3ae83,Furniture SKU-10249,Furniture,9403.79,False,False,False,True,239.29,Metro Suppliers
2974771e-79a2-4517-8e24-735852579fc3,Electronics SKU-10250,Electronics,8517.19,False,False,False,True,500.33,Unity Suppliers
f7269a84-fb58-46c6-a5e7-78e4eb80dd97,Food SKU-10251,Food,2106.74,False,False,False,False,285.73,Unity Suppliers
6a4ad5b0-0a20-49f3-8bd3-37a4410fdf8f,Automotive Parts SKU-10252,Automotive Parts,8708.82,False,False,False,False,162.06,Nova Suppliers
f74309ac-a985-4942-894c-8fc522813c9f,Medical Devices SKU-10253,Medical Devices,9018.7,False,False,False,False,60.45,Eastern Suppliers
bd574483-c2e8-4a9e-95e2-4c0284543cef,Automotive Parts SKU-10254,Automotive Parts,8708.91,False,False,False,False,180.96,Pacific Suppliers
387f57e6-3c2f-4da1-907d-9aa2e738f9a7,Automotive Parts SKU-10255,Automotive Parts,8708.43,False,False,False,False,649.66,Metro Suppliers
15d9e348-b8cf-4838-a15a-281f58303c6d,Chemicals SKU-10256,Chemicals,3824.77,False,False,False,False,785.06,Nova Suppliers
fd599775-33ea-4788-b4ea-3dc22a2e5784,Consumer Goods SKU-10257,Consumer Goods,3926.62,False,False,False,False,639.16,Summit Suppliers
0416e0c3-10da-4949-bc05-840b32f741e8,Automotive Parts SKU-10258,Automotive Parts,8708.86,False,False,False,False,520.99,Pacific Suppliers
3b05478f-d71a-415b-bfdb-914e63fd4b10,Consumer Goods SKU-10259,Consumer Goods,3926.26,False,False,False,False,29.86,Eastern Suppliers
4bf9069a-b8ec-4b5d-9c6d-373fb1bbcad1,Furniture SKU-10260,Furniture,9403.26,False,False,False,False,419.56,Eastern Suppliers
6d930c0d-c5df-4b1a-93d8-2026cb6cd8e5,Furniture SKU-10261,Furniture,9403.55,False,False,False,False,826.84,Pacific Suppliers
2df526bb-22f7-4930-8c96-3fc96ebcf32c,Pharma SKU-10262,Pharma,3004.77,False,False,False,False,489.51,Summit Suppliers
e0a2de90-6cc4-463f-95c3-c4f6e17e8a2a,Textiles SKU-10263,Textiles,6204.31,False,False,False,False,218.64,Unity Suppliers
53507455-5600-4431-b73c-ef121533368f,Furniture SKU-10264,Furniture,9403.82,False,False,False,True,363.65,Nova Suppliers
586e732c-16d7-421a-92f0-d531ad29ca77,Electronics SKU-10265,Electronics,8517.38,False,False,False,False,3.7,Eastern Suppliers
eb112f86-4288-496d-abd4-5ea6a4c7504c,Pharma SKU-10266,Pharma,3004.73,False,False,False,False,344.38,Summit Suppliers
6827a3d4-c582-479d-a978-e0d82d992159,Medical Devices SKU-10267,Medical Devices,9018.46,False,False,True,True,736.67,Unity Suppliers
4e2c3d04-12fc-4a17-b00e-a7df04f59b44,Automotive Parts SKU-10268,Automotive Parts,8708.28,False,False,False,False,563.1,Unity Suppliers
6cee3c62-aa2f-4663-b6eb-565b52781de0,Machinery SKU-10269,Machinery,8479.51,False,False,False,False,436.86,Eastern Suppliers
75bcf30a-2d9c-487d-9bdd-7992be1c11eb,Chemicals SKU-10270,Chemicals,3824.66,True,False,False,False,619.68,Metro Suppliers
0a476b5c-49fc-43c2-bb5b-a2919b69cbb7,Automotive Parts SKU-10271,Automotive Parts,8708.54,False,False,False,False,117.93,Summit Suppliers
d01f6e68-068a-4d82-8f00-338c9c382bf2,Textiles SKU-10272,Textiles,6204.77,False,False,False,False,572.45,Pacific Suppliers
d2cf989b-b1b6-4ce9-af4c-3e4baddda2bd,Medical Devices SKU-10273,Medical Devices,9018.17,False,False,True,True,712.91,Eastern Suppliers
ff3a4140-ad18-420a-a94e-7b0c880e8ea6,Medical Devices SKU-10274,Medical Devices,9018.8,False,False,True,True,221.3,Unity Suppliers
e0cebb9c-f1fe-4c67-932f-1df5479b2e7f,Machinery SKU-10275,Machinery,8479.77,False,False,False,False,535.95,Unity Suppliers
ac653fdf-67c2-479b-9925-193f704840c1,Machinery SKU-10276,Machinery,8479.94,False,False,False,False,268.92,Eastern Suppliers
3895d5d2-ef7d-4392-9307-18b0fa10861a,Chemicals SKU-10277,Chemicals,3824.43,False,False,False,False,597.64,Metro Suppliers
24885cdb-95bc-41db-a2ee-83c72558f28c,Food SKU-10278,Food,2106.9,False,False,False,False,198.66,Summit Suppliers
bec8fa36-2cf7-4542-a73c-3a55512e5d67,Electronics SKU-10279,Electronics,8517.69,False,False,False,True,211.82,Pacific Suppliers
50c1d194-ca13-4bae-8239-b821caf707bd,Food SKU-10280,Food,2106.22,False,False,True,False,628.07,Summit Suppliers
68ee6c0c-cdaf-4c57-9c99-fa58d6b35f2c,Machinery SKU-10281,Machinery,8479.23,False,False,False,False,434.63,Pacific Suppliers
4ba34084-4125-4f93-a29a-8f7e8f472ed3,Machinery SKU-10282,Machinery,8479.25,False,False,False,False,611.4,Metro Suppliers
364f3b0a-2748-40d7-9567-093229bc52f5,Medical Devices SKU-10283,Medical Devices,9018.11,False,False,False,True,26.63,Pacific Suppliers
a6ffe861-c1ba-4c15-bbb4-03bc71c3b5b4,Chemicals SKU-10284,Chemicals,3824.51,True,False,False,False,599.96,Metro Suppliers
80140e19-33f7-4043-a0a4-71a93a927235,Consumer Goods SKU-10285,Consumer Goods,3926.42,False,False,False,False,604.51,Metro Suppliers
70679ba1-6f2b-4e6c-b6c9-df3b6a241620,Automotive Parts SKU-10286,Automotive Parts,8708.25,False,False,False,False,243.86,Pacific Suppliers
38e78f05-5f21-4a4e-8084-b2c3d31e5a3b,Food SKU-10287,Food,2106.86,False,False,True,False,180.21,Pacific Suppliers
2abb84a6-37f1-433f-864b-df964adfe81f,Textiles SKU-10288,Textiles,6204.56,False,False,False,False,99.82,Unity Suppliers
116088d0-b38b-423f-ab77-5ee00cc5061b,Automotive Parts SKU-10289,Automotive Parts,8708.91,False,False,False,False,724.8,Unity Suppliers
88da4d8a-3a1a-4f84-b9f9-23d2374678b0,Electronics SKU-10290,Electronics,8517.42,False,False,False,False,68.14,Eastern Suppliers
5ecc01b9-8796-443f-96b9-cfef491366ad,Electronics SKU-10291,Electronics,8517.23,False,False,False,False,44.8,Summit Suppliers
1ff44e21-d0c2-4dbd-8679-5543338f8a80,Machinery SKU-10292,Machinery,8479.61,False,False,False,False,276.65,Pacific Suppliers
8737713c-9860-4365-a12e-01d56c815cf2,Medical Devices SKU-10293,Medical Devices,9018.81,False,False,True,True,422.32,Unity Suppliers
c5bf6e9f-aeeb-4c63-a800-792015a1f8ec,Furniture SKU-10294,Furniture,9403.26,False,False,False,False,628.43,Pacific Suppliers
62963070-a880-47b0-bf2e-78a40d72ed37,Machinery SKU-10295,Machinery,8479.79,False,False,False,False,720.91,Nova Suppliers
e1ac6fe1-6d0b-450d-ad1f-d5018d64d8ba,Textiles SKU-10296,Textiles,6204.35,False,False,False,False,296.69,Summit Suppliers
3a6cfd75-9016-487e-a0f0-3194658e3f47,Consumer Goods SKU-10297,Consumer Goods,3926.59,False,False,False,False,241.52,Nova Suppliers
cf3c1de2-92f0-48f5-b233-d3a87d80c5d9,Food SKU-10298,Food,2106.88,False,True,True,False,611.18,Pacific Suppliers
9d775b1c-8694-44a1-968a-642f9616f16c,Textiles SKU-10299,Textiles,6204.51,False,False,False,False,750.54,Unity Suppliers
3c70f63c-af73-4fea-beb4-9a4e126bc7a7,Textiles SKU-10300,Textiles,6204.47,False,False,False,False,181.21,Unity Suppliers
30092eac-1d8e-4924-af68-f39514f5a38e,Medical Devices SKU-10301,Medical Devices,9018.24,False,False,True,False,684.2,Metro Suppliers
e2d87efa-83c0-4dd5-8cf3-d7bd67710e19,Automotive Parts SKU-10302,Automotive Parts,8708.28,False,False,False,False,687.04,Unity Suppliers
fb452192-3818-4d5e-bb11-a4dde38161bc,Pharma SKU-10303,Pharma,3004.59,False,False,False,False,588.94,Summit Suppliers
52defb05-4e6c-483b-b7cf-ecf4e78ab55e,Food SKU-10304,Food,2106.23,False,False,True,False,439.68,Eastern Suppliers
4efae80b-9527-4e79-925e-235911cd124a,Machinery SKU-10305,Machinery,8479.12,False,False,False,False,170.09,Summit Suppliers
25e6f529-e36a-4ca8-a52d-73248c11ed91,Automotive Parts SKU-10306,Automotive Parts,8708.34,False,False,False,False,648.63,Pacific Suppliers
9b2871cd-c5fe-4439-9e49-a19cc6251114,Electronics SKU-10307,Electronics,8517.94,False,False,False,False,166.42,Eastern Suppliers
bff9b8ae-50c0-4503-b5ad-561875745499,Medical Devices SKU-10308,Medical Devices,9018.63,False,False,False,True,516.79,Eastern Suppliers
349d5ae6-3b60-4707-8d53-fe97a3a9cb7f,Textiles SKU-10309,Textiles,6204.95,False,False,False,False,731.63,Summit Suppliers
9c001df7-6eb5-43d3-b600-1b250d139fe4,Medical Devices SKU-10310,Medical Devices,9018.68,False,False,False,True,827.9,Pacific Suppliers
d12da804-c214-4c00-acf2-56c51ac97731,Automotive Parts SKU-10311,Automotive Parts,8708.13,False,False,False,False,249.54,Nova Suppliers
b8dad6fb-24bc-461a-a237-6993215196d5,Medical Devices SKU-10312,Medical Devices,9018.58,False,False,True,False,88.06,Unity Suppliers
eb6df2a4-2e54-48da-9f8d-c3747ddecd21,Textiles SKU-10313,Textiles,6204.43,False,False,False,False,109.6,Eastern Suppliers
bd1713c6-a4cb-4140-a2cc-94da5b638130,Medical Devices SKU-10314,Medical Devices,9018.34,False,False,False,True,389.07,Metro Suppliers
e6e15d91-7350-4863-adf3-760dcf4f6ddc,Consumer Goods SKU-10315,Consumer Goods,3926.89,False,False,False,False,140.83,Summit Suppliers
c7ba8b77-65ae-44b0-af2c-111760df2495,Medical Devices SKU-10316,Medical Devices,9018.19,False,False,True,True,777.29,Unity Suppliers
01a472f0-c8ec-4384-ad6f-07ba0297899e,Electronics SKU-10317,Electronics,8517.58,False,False,False,True,162.61,Pacific Suppliers
f884c702-446a-4d58-8877-d8723be1345a,Pharma SKU-10318,Pharma,3004.9,False,True,False,False,10.05,Nova Suppliers
bf6782d0-9e67-4487-9b61-3ec7c35859be,Medical Devices SKU-10319,Medical Devices,9018.17,False,False,False,False,9.28,Unity Suppliers
fe30816d-4628-48a7-88cf-1f608b11e83e,Chemicals SKU-10320,Chemicals,3824.11,False,False,False,False,411.84,Unity Suppliers
74cfb73d-9711-4b68-b9c9-c6308c3e9be5,Medical Devices SKU-10321,Medical Devices,9018.53,False,False,True,False,820.93,Unity Suppliers
44cb3cba-84a7-471e-990f-8a82922be800,Textiles SKU-10322,Textiles,6204.65,False,False,False,False,684.82,Pacific Suppliers
a6e096bb-22be-407f-890a-e41f00fb6cf7,Automotive Parts SKU-10323,Automotive Parts,8708.11,False,False,False,False,357.79,Metro Suppliers
b28b521c-63f8-42ad-897c-305636adeb36,Chemicals SKU-10324,Chemicals,3824.68,True,False,False,False,42.51,Metro Suppliers
a189ec0b-b56c-4b07-bc56-fe3f1320f8dc,Pharma SKU-10325,Pharma,3004.19,False,True,False,False,714.09,Pacific Suppliers
5c9c3cf7-273c-4d61-a052-82e4eeb24962,Furniture SKU-10326,Furniture,9403.67,False,False,False,True,750.31,Nova Suppliers
ae8fa56d-cbe8-44ac-af68-dd5a7c2b0df4,Consumer Goods SKU-10327,Consumer Goods,3926.99,False,False,False,False,813.28,Summit Suppliers
14ee7f12-9b68-4c00-a0c1-e17c68bf8406,Textiles SKU-10328,Textiles,6204.14,False,False,False,False,237.98,Unity Suppliers
8cff3acf-beac-4e58-be02-6e5d99429cda,Machinery SKU-10329,Machinery,8479.62,False,False,False,False,337.6,Nova Suppliers
c9363af1-f2c5-4197-9756-ddd32ca3fc8c,Food SKU-10330,Food,2106.94,False,False,False,False,520.94,Nova Suppliers
4b7c6bb1-78b2-4e9b-9280-f5b46560a14f,Chemicals SKU-10331,Chemicals,3824.41,False,False,False,False,35.83,Summit Suppliers
f8c76f6d-a6ee-42ca-a5a0-be35ed61406a,Machinery SKU-10332,Machinery,8479.36,False,False,False,False,622.82,Metro Suppliers
f94ac8ca-c204-4918-b6e7-bccc1c806570,Consumer Goods SKU-10333,Consumer Goods,3926.46,False,False,False,False,447.98,Summit Suppliers
086a44b3-939d-416a-b050-370d6359a99f,Textiles SKU-10334,Textiles,6204.66,False,False,False,False,529.16,Eastern Suppliers
ae6a1226-30ac-4814-a705-f01d5dc6f54b,Textiles SKU-10335,Textiles,6204.59,False,False,False,False,239.99,Metro Suppliers
2687dec9-69f5-488e-a909-1845f7080165,Chemicals SKU-10336,Chemicals,3824.62,True,False,False,False,369.64,Summit Suppliers
e59994fa-00a2-4924-b642-567b6f37fe11,Food SKU-10337,Food,2106.41,False,False,True,False,242.81,Pacific Suppliers
d4861399-26e4-4601-94ed-18d961651e5d,Food SKU-10338,Food,2106.53,False,False,False,False,612.53,Pacific Suppliers
df434287-6c73-4aca-bbc9-a62bdb654167,Chemicals SKU-10339,Chemicals,3824.37,True,False,False,False,281.2,Metro Suppliers
c5a46fe5-0de6-453c-a634-97eee82f50cb,Textiles SKU-10340,Textiles,6204.56,False,False,False,False,474.51,Nova Suppliers
c4667b31-6e81-44c3-bcb4-38317743e4d2,Food SKU-10341,Food,2106.81,False,False,False,False,276.75,Metro Suppliers
defe850f-b435-4469-9443-1401898870c7,Machinery SKU-10342,Machinery,8479.42,False,False,False,False,570.67,Metro Suppliers
29b079eb-44a8-4eed-9009-1c9b3a2b4653,Chemicals SKU-10343,Chemicals,3824.82,True,False,False,False,374.52,Unity Suppliers
833498d9-85fc-4bae-8006-45b34ec51d87,Electronics SKU-10344,Electronics,8517.17,False,False,False,False,649.72,Eastern Suppliers
e40b7d48-da11-489f-bd19-b32a09ab529c,Chemicals SKU-10345,Chemicals,3824.21,False,False,False,False,598.59,Nova Suppliers
70730edd-c75e-40cc-83e2-b2dcf9fbcf23,Chemicals SKU-10346,Chemicals,3824.2,True,False,False,False,740.45,Metro Suppliers
87c26e65-dca1-47af-a1f2-1e0328436f44,Pharma SKU-10347,Pharma,3004.24,False,True,True,False,501.88,Unity Suppliers
db14bf68-2b40-44eb-8ab1-7ed0abcf1fff,Medical Devices SKU-10348,Medical Devices,9018.22,False,False,False,False,514.93,Pacific Suppliers
2f659878-86a6-46d2-a4e8-60f674a738dd,Medical Devices SKU-10349,Medical Devices,9018.97,False,False,True,True,173.5,Eastern Suppliers
c3267e7f-8b82-4ea2-8458-bb88986ffb25,Medical Devices SKU-10350,Medical Devices,9018.18,False,False,True,True,774.82,Nova Suppliers
c93ca478-c28f-4d01-b374-3b607aa3f01a,Machinery SKU-10351,Machinery,8479.71,False,False,False,False,98.28,Pacific Suppliers
13c00d1a-21dc-49d7-9cc1-86538f9337b4,Electronics SKU-10352,Electronics,8517.36,False,False,False,False,281.77,Pacific Suppliers
261127a0-e6b9-4c59-b465-67a89ae8f568,Medical Devices SKU-10353,Medical Devices,9018.17,False,False,True,False,443.98,Summit Suppliers
8db1f0b1-dd0f-4d79-b663-1fdef4925a26,Consumer Goods SKU-10354,Consumer Goods,3926.53,False,False,False,False,761.74,Metro Suppliers
9dff75f1-f277-483f-afc3-b8164589285c,Pharma SKU-10355,Pharma,3004.75,False,False,True,False,245.02,Eastern Suppliers
5251648b-3a61-4ecb-995c-d9348e24c7f0,Food SKU-10356,Food,2106.28,False,False,True,False,109.87,Summit Suppliers
c2d8bbdb-2165-4b51-8695-377718b8fd5d,Machinery SKU-10357,Machinery,8479.75,False,False,False,False,774.61,Unity Suppliers
e6019e99-0de4-423b-b2e8-57e2b355ef0c,Medical Devices SKU-10358,Medical Devices,9018.81,False,False,True,False,839.47,Unity Suppliers
7ee4a48a-5e51-49de-8229-6ca4884cf9dc,Chemicals SKU-10359,Chemicals,3824.81,True,False,False,False,517.3,Pacific Suppliers
7a1cd03d-ae8e-4b13-9199-b80142a0ba5b,Automotive Parts SKU-10360,Automotive Parts,8708.86,False,False,False,False,827.43,Metro Suppliers
15c2aab0-b536-4ae5-8bbd-f5ebb35be0c2,Medical Devices SKU-10361,Medical Devices,9018.4,False,False,False,True,204.46,Summit Suppliers
187de95c-fdff-49f7-9a4b-6089c12ea0ad,Textiles SKU-10362,Textiles,6204.87,False,False,False,False,745.85,Unity Suppliers
28486aea-baa6-40e6-a1d8-31f06994a7bf,Electronics SKU-10363,Electronics,8517.29,False,False,False,True,575.19,Eastern Suppliers
7f18225c-1442-476e-8e60-9382014fa1b3,Electronics SKU-10364,Electronics,8517.31,False,False,False,False,827.7,Eastern Suppliers
095cd924-e615-4c01-94cd-579f89a965fb,Consumer Goods SKU-10365,Consumer Goods,3926.14,False,False,False,False,388.66,Unity Suppliers
f9257c4a-47fc-4cad-b7e9-6e458e335bf2,Automotive Parts SKU-10366,Automotive Parts,8708.78,False,False,False,False,140.82,Pacific Suppliers
f3390da7-ef24-453c-8a50-0882d0b7b7b5,Chemicals SKU-10367,Chemicals,3824.38,False,False,False,False,3.36,Metro Suppliers
ab7006bc-443f-4db4-bf38-f4d233d6856d,Electronics SKU-10368,Electronics,8517.66,False,False,False,True,672.0,Metro Suppliers
bef92c84-e394-48d1-9b76-ef58d5fd0fdd,Machinery SKU-10369,Machinery,8479.34,False,False,False,False,146.02,Unity Suppliers
a90fe663-9a8e-441a-ac5a-d2f1699a7bd2,Electronics SKU-10370,Electronics,8517.31,False,False,False,True,605.5,Summit Suppliers
2dd78c1a-1242-4f14-982c-cee78e0a7624,Furniture SKU-10371,Furniture,9403.61,False,False,False,False,629.92,Metro Suppliers
772108ee-6c3d-405f-abc7-862098edb69e,Consumer Goods SKU-10372,Consumer Goods,3926.3,False,False,False,False,263.06,Eastern Suppliers
7859ad63-d5bb-4e83-a38e-1652debe792b,Chemicals SKU-10373,Chemicals,3824.39,True,False,False,False,278.84,Pacific Suppliers
21f3b004-ff04-497b-8470-cef60bf13751,Chemicals SKU-10374,Chemicals,3824.85,True,False,False,False,93.4,Unity Suppliers
23855ea5-deca-45ec-956a-c13505e016b6,Machinery SKU-10375,Machinery,8479.26,False,False,False,False,473.18,Unity Suppliers
42c8d304-627e-49b3-ac47-c24f585d8b68,Consumer Goods SKU-10376,Consumer Goods,3926.56,False,False,False,False,109.82,Metro Suppliers
65230a09-9a5d-47c7-a1ec-10f298fcaa89,Pharma SKU-10377,Pharma,3004.45,False,False,True,False,364.52,Metro Suppliers
b573d7ca-a01d-4560-9477-616322c20ef2,Automotive Parts SKU-10378,Automotive Parts,8708.45,False,False,False,False,710.24,Pacific Suppliers
266e9949-eb08-4d80-9b0b-00297cdcb52a,Textiles SKU-10379,Textiles,6204.49,False,False,False,False,236.38,Metro Suppliers
f9206edf-0e43-45a4-931e-805309ccbfdb,Chemicals SKU-10380,Chemicals,3824.2,True,False,False,False,180.68,Pacific Suppliers
754ac732-3458-4916-9987-902a7754d410,Medical Devices SKU-10381,Medical Devices,9018.46,False,False,False,True,488.14,Pacific Suppliers
deee6c67-144c-4faf-b722-0f60f14c1b4d,Food SKU-10382,Food,2106.36,False,False,False,False,49.52,Nova Suppliers
14741ebf-5906-47d1-be4c-9d09addbace3,Consumer Goods SKU-10383,Consumer Goods,3926.95,False,False,False,False,844.79,Nova Suppliers
3d419567-e661-40a4-b289-20c2ba323abb,Electronics SKU-10384,Electronics,8517.34,False,False,False,False,259.38,Nova Suppliers
53a96205-2b32-4ab9-9d5a-779d03a5e58e,Electronics SKU-10385,Electronics,8517.64,False,False,False,True,62.58,Metro Suppliers
badf3216-932a-4b7b-b276-be41bc49d208,Pharma SKU-10386,Pharma,3004.8,False,True,True,False,515.15,Pacific Suppliers
724a8211-c216-41a4-b3ce-ac53805c56db,Textiles SKU-10387,Textiles,6204.79,False,False,False,False,258.36,Eastern Suppliers
bdd9a40f-c96e-443a-bf8b-3555581db63e,Consumer Goods SKU-10388,Consumer Goods,3926.73,False,False,False,False,472.23,Metro Suppliers
372ece71-4391-48af-9939-59a07779462e,Machinery SKU-10389,Machinery,8479.76,False,False,False,False,189.3,Summit Suppliers
e28833f8-c93a-4222-b512-62b22c38de82,Electronics SKU-10390,Electronics,8517.18,False,False,False,True,503.33,Summit Suppliers
c820481c-5fa6-43c8-800f-bf93243d5b12,Pharma SKU-10391,Pharma,3004.39,False,True,False,False,46.04,Metro Suppliers
0c0a8fc7-c29f-4d6f-bcb9-ffc4b42e4682,Pharma SKU-10392,Pharma,3004.33,False,True,False,False,542.85,Unity Suppliers
cf40ad33-6eca-49df-b4cb-4a8be8154563,Textiles SKU-10393,Textiles,6204.42,False,False,False,False,429.79,Summit Suppliers
858ba161-aa82-477d-8139-99f17944b437,Automotive Parts SKU-10394,Automotive Parts,8708.44,False,False,False,False,492.6,Pacific Suppliers
55ee494f-0a44-4855-9992-b0d8df5d5730,Medical Devices SKU-10395,Medical Devices,9018.4,False,False,False,True,1.45,Summit Suppliers
1334c92e-e3ac-40f4-9d45-f51928ab29e7,Food SKU-10396,Food,2106.24,False,False,True,False,12.68,Pacific Suppliers
1fe9ef05-9e36-42ae-b22d-a35cdde0779d,Consumer Goods SKU-10397,Consumer Goods,3926.75,False,False,False,False,353.17,Metro Suppliers
07eddd53-83fe-4249-b806-d5c7db7b6e5b,Pharma SKU-10398,Pharma,3004.79,False,False,False,False,453.16,Nova Suppliers
239d6984-1a62-4dd8-ab14-cbcc2d0a9f42,Pharma SKU-10399,Pharma,3004.47,False,True,True,False,24.89,Unity Suppliers
a3fb5733-d068-4312-b06e-832aaa873261,Machinery SKU-10400,Machinery,8479.19,False,False,False,False,848.4,Metro Suppliers
f4e5ecf3-c1b2-4300-8a2e-9b07477b267a,Pharma SKU-10401,Pharma,3004.67,False,True,False,False,681.54,Summit Suppliers
0842facf-a3fc-44cf-8ef2-9b1b64fbda72,Electronics SKU-10402,Electronics,8517.83,False,False,False,False,159.99,Unity Suppliers
38fccc9a-b75f-4ebe-8e58-ba18a302335a,Automotive Parts SKU-10403,Automotive Parts,8708.14,False,False,False,False,818.68,Nova Suppliers
8560e1d1-0b36-466c-989a-1186445cb452,Machinery SKU-10404,Machinery,8479.28,False,False,False,False,184.44,Nova Suppliers
c390cc43-b514-444b-84d8-975ff93a64a2,Machinery SKU-10405,Machinery,8479.4,False,False,False,False,28.02,Eastern Suppliers
df2792cb-fc29-40fd-9bce-397eda0e1a71,Electronics SKU-10406,Electronics,8517.11,False,False,False,False,258.76,Nova Suppliers
c09e06aa-e042-465c-aa26-eebaf85d389f,Electronics SKU-10407,Electronics,8517.57,False,False,False,False,635.95,Nova Suppliers
c762ae34-07a0-4a11-8bd4-b6cea59aabfa,Furniture SKU-10408,Furniture,9403.95,False,False,False,False,67.94,Eastern Suppliers
80654334-9cd7-4c34-a5d3-86f34c26aa10,Machinery SKU-10409,Machinery,8479.32,False,False,False,False,217.77,Unity Suppliers
725b6d96-d0a6-403c-9866-f86315a6c558,Electronics SKU-10410,Electronics,8517.84,False,False,False,False,673.53,Metro Suppliers
b64da126-6759-416a-aea7-df1601e4cb08,Electronics SKU-10411,Electronics,8517.97,False,False,False,True,346.6,Unity Suppliers
6a9622f6-257f-4359-bd04-930d67189045,Consumer Goods SKU-10412,Consumer Goods,3926.22,False,False,False,False,449.95,Summit Suppliers
b7a54355-faa8-4fa3-8c11-c2ebd3673d09,Textiles SKU-10413,Textiles,6204.76,False,False,False,False,320.27,Metro Suppliers
f1eee31a-0214-4447-9651-2882750fff1d,Consumer Goods SKU-10414,Consumer Goods,3926.84,False,False,False,False,170.2,Unity Suppliers
e104b8be-f09b-4eba-8e1e-028851afb970,Furniture SKU-10415,Furniture,9403.74,False,False,False,False,98.5,Unity Suppliers
af32755f-22ba-4c88-9d4a-491d8fafaf1c,Machinery SKU-10416,Machinery,8479.63,False,False,False,False,88.43,Pacific Suppliers
3c871534-33e2-4a72-98fd-a93d61a4311f,Electronics SKU-10417,Electronics,8517.26,False,False,False,True,738.23,Unity Suppliers
8c701d94-8737-4ca6-9cc5-cac6623373d4,Medical Devices SKU-10418,Medical Devices,9018.62,False,False,False,True,198.11,Metro Suppliers
5aa4820c-3ff4-4227-b478-b6e5897e48c0,Consumer Goods SKU-10419,Consumer Goods,3926.8,False,False,False,False,770.78,Summit Suppliers
1796fa1f-a55d-49d5-8d2a-37d7a87368b2,Automotive Parts SKU-10420,Automotive Parts,8708.61,False,False,False,False,149.45,Metro Suppliers
5aa5c705-3598-483b-8b14-15bf27ac71d0,Food SKU-10421,Food,2106.82,False,True,False,False,265.47,Unity Suppliers
89b4cbcc-0521-4a48-8cca-f3a0fcd142af,Furniture SKU-10422,Furniture,9403.15,False,False,False,False,688.62,Unity Suppliers
ccfdb296-129d-49d3-bfd4-d86fa9d0841c,Chemicals SKU-10423,Chemicals,3824.9,True,False,False,False,567.5,Metro Suppliers
afa754e1-2412-441d-9405-d378b0ef460d,Food SKU-10424,Food,2106.79,False,False,True,False,529.2,Metro Suppliers
e340c987-3c89-4323-955f-24a5c478b645,Textiles SKU-10425,Textiles,6204.55,False,False,False,False,243.45,Nova Suppliers
c076785e-b5dc-41a5-88db-3996adda239f,Electronics SKU-10426,Electronics,8517.72,False,False,False,True,833.36,Metro Suppliers
8b149fb6-0860-46bf-8d05-2d00790fb624,Textiles SKU-10427,Textiles,6204.99,False,False,False,False,19.19,Pacific Suppliers
62844b0c-b240-4793-8908-55a21d8748b7,Textiles SKU-10428,Textiles,6204.28,False,False,False,False,373.6,Nova Suppliers
bc126020-61ee-459d-afdb-ae037cc80a5b,Automotive Parts SKU-10429,Automotive Parts,8708.76,False,False,False,False,381.57,Pacific Suppliers
9feadad4-809b-4e81-8e5f-ab2a67596c25,Furniture SKU-10430,Furniture,9403.42,False,False,False,True,780.4,Unity Suppliers
a537d890-781a-4e35-9010-2801aeb51aee,Pharma SKU-10431,Pharma,3004.2,False,True,True,False,370.56,Metro Suppliers
61e58b90-97a4-47e9-8335-680ec30fa44b,Electronics SKU-10432,Electronics,8517.89,False,False,False,True,832.26,Pacific Suppliers
2a5a0da8-f9f0-4165-8560-8c99f6f0b0f0,Consumer Goods SKU-10433,Consumer Goods,3926.92,False,False,False,False,848.78,Nova Suppliers
ae1112e5-0843-406d-92d6-93bb11565f88,Food SKU-10434,Food,2106.8,False,False,False,False,496.03,Pacific Suppliers
3192b9b0-b28a-450e-b5de-cee5b027ee7e,Pharma SKU-10435,Pharma,3004.21,False,True,True,False,794.79,Summit Suppliers
61a03bd2-103d-4e8c-83ae-77f920e50381,Medical Devices SKU-10436,Medical Devices,9018.64,False,False,True,True,102.27,Eastern Suppliers
890530c4-11eb-46f6-a88d-7d5f8c2af633,Automotive Parts SKU-10437,Automotive Parts,8708.6,False,False,False,False,365.12,Eastern Suppliers
bde34c10-5087-4d3b-9e2e-acd88842b49b,Chemicals SKU-10438,Chemicals,3824.84,False,False,False,False,817.47,Summit Suppliers
823b7ad2-07c3-4888-a7bc-b327402b15b9,Chemicals SKU-10439,Chemicals,3824.56,True,False,False,False,36.15,Unity Suppliers
01cecf67-e564-4fd2-8201-18c30410f63a,Textiles SKU-10440,Textiles,6204.7,False,False,False,False,740.8,Pacific Suppliers
f55fda79-dc3a-4d47-ac3b-2ec31784e0ce,Medical Devices SKU-10441,Medical Devices,9018.29,False,False,True,True,279.83,Summit Suppliers
5bf8a64c-1aec-484c-8df8-81a250d54fcd,Medical Devices SKU-10442,Medical Devices,9018.23,False,False,True,True,202.94,Pacific Suppliers
7814235e-2338-4366-8291-9daaeebd777a,Chemicals SKU-10443,Chemicals,3824.71,True,False,False,False,278.96,Metro Suppliers
c2953a74-c1e3-4080-bcaa-520e3c0ff0cf,Furniture SKU-10444,Furniture,9403.34,False,False,False,True,683.44,Unity Suppliers
e30154ca-92ad-4c39-927d-b3c41f2ae701,Medical Devices SKU-10445,Medical Devices,9018.76,False,False,True,True,234.63,Eastern Suppliers
f306990b-5e4c-414e-85e8-0b67a2c368a7,Furniture SKU-10446,Furniture,9403.47,False,False,False,False,206.0,Unity Suppliers
f3e98655-f72e-470b-896d-a368b6fc29c3,Pharma SKU-10447,Pharma,3004.98,False,True,False,False,753.32,Metro Suppliers
337ff4e7-2149-4a6a-808e-81ef12d86126,Pharma SKU-10448,Pharma,3004.17,False,True,True,False,153.62,Eastern Suppliers
f62e688c-fd82-4ac5-8b97-7277237d7270,Pharma SKU-10449,Pharma,3004.73,False,True,True,False,421.26,Unity Suppliers
57ece575-89fb-447d-b597-777a0fdde29c,Pharma SKU-10450,Pharma,3004.99,False,False,True,False,452.35,Eastern Suppliers
9029166d-0e4f-451e-9004-63d235bfd680,Chemicals SKU-10451,Chemicals,3824.5,True,False,False,False,368.52,Nova Suppliers
4d200ebb-c4db-4f93-abc3-883b5d4bf2db,Electronics SKU-10452,Electronics,8517.24,False,False,False,False,57.47,Unity Suppliers
632cb5a7-9fbf-4aee-83cd-2e807088190c,Furniture SKU-10453,Furniture,9403.87,False,False,False,True,715.82,Metro Suppliers
d7a7512b-54eb-46ed-96e3-22bad97d08bd,Food SKU-10454,Food,2106.49,False,False,True,False,685.44,Nova Suppliers
3e05e54f-e4d3-48d5-a925-9e750982456e,Food SKU-10455,Food,2106.54,False,True,False,False,28.86,Summit Suppliers
003ec31a-0ab6-4d60-9fcd-1eb56060b693,Food SKU-10456,Food,2106.48,False,False,True,False,145.54,Eastern Suppliers
9810dab1-ef49-4d6f-b64f-29115f260035,Consumer Goods SKU-10457,Consumer Goods,3926.64,False,False,False,False,248.37,Pacific Suppliers
17ab0531-db7f-4b60-96ae-9fe8249dcef4,Furniture SKU-10458,Furniture,9403.36,False,False,False,True,287.96,Nova Suppliers
7acf2cea-c29e-4a23-894f-0dfe400f71d3,Consumer Goods SKU-10459,Consumer Goods,3926.14,False,False,False,False,31.06,Unity Suppliers
2a1b8e60-4188-47da-9da2-76de85627e4b,Automotive Parts SKU-10460,Automotive Parts,8708.53,False,False,False,False,227.02,Nova Suppliers
7fde0838-ff52-4366-97fb-ea77e16f4f61,Machinery SKU-10461,Machinery,8479.74,False,False,False,False,60.22,Pacific Suppliers
39e830cb-d915-4b41-aa27-3e5fca04a65d,Automotive Parts SKU-10462,Automotive Parts,8708.11,False,False,False,False,430.35,Metro Suppliers
455a8bfb-f626-4f03-86de-f47e3f89cbbe,Pharma SKU-10463,Pharma,3004.41,False,False,True,False,353.14,Pacific Suppliers
80e05935-2bb2-465a-9144-3e0296307dc6,Textiles SKU-10464,Textiles,6204.7,False,False,False,False,171.35,Nova Suppliers
2ed9e0fe-4e92-40a3-826c-02b82bebccfe,Furniture SKU-10465,Furniture,9403.85,False,False,False,True,798.46,Unity Suppliers
eba28507-f12b-4a23-86d1-9080a97b88c3,Chemicals SKU-10466,Chemicals,3824.35,False,False,False,False,635.93,Summit Suppliers
14d27201-7771-418a-a96f-cfe8b5df4650,Medical Devices SKU-10467,Medical Devices,9018.4,False,False,True,True,643.6,Metro Suppliers
86ca11d1-2e29-4b00-a511-e69f83fe1ae6,Medical Devices SKU-10468,Medical Devices,9018.41,False,False,True,False,365.2,Nova Suppliers
904453ab-dce4-4764-9bc8-688b47e1c217,Consumer Goods SKU-10469,Consumer Goods,3926.61,False,False,False,False,620.62,Summit Suppliers
e3c313fb-1394-425e-ab04-4ad15d262c3a,Pharma SKU-10470,Pharma,3004.76,False,False,False,False,839.55,Nova Suppliers
a50c1bc0-df78-4b11-bdb1-85db437804a2,Medical Devices SKU-10471,Medical Devices,9018.56,False,False,True,False,178.34,Nova Suppliers
4907db24-ec00-4a2d-a5b7-9d84448fca2a,Machinery SKU-10472,Machinery,8479.85,False,False,False,False,347.65,Eastern Suppliers
3d11802f-be3d-43ac-92fa-0250a9ea77a7,Machinery SKU-10473,Machinery,8479.52,False,False,False,False,32.86,Nova Suppliers
f19b577b-e9c6-4e5c-9357-00c07345bec9,Consumer Goods SKU-10474,Consumer Goods,3926.93,False,False,False,False,818.11,Pacific Suppliers
5b21da3c-926c-4f2a-bf4e-a62548e817f0,Automotive Parts SKU-10475,Automotive Parts,8708.9,False,False,False,False,819.64,Pacific Suppliers
d979ef78-d094-4f33-a7cc-cccb9c50d88e,Textiles SKU-10476,Textiles,6204.92,False,False,False,False,846.72,Unity Suppliers
7f573763-a205-4f34-b1e2-bebef166de97,Food SKU-10477,Food,2106.7,False,False,True,False,836.06,Metro Suppliers
9cca6131-237a-403c-8fa1-fbda41e45dd4,Automotive Parts SKU-10478,Automotive Parts,8708.31,False,False,False,False,57.67,Summit Suppliers
86928992-81b3-42cc-bfb8-87d1a45694cc,Food SKU-10479,Food,2106.28,False,True,True,False,43.75,Nova Suppliers
08da8d3e-967d-425b-8dd9-b30b57c95f21,Consumer Goods SKU-10480,Consumer Goods,3926.63,False,False,False,False,578.04,Summit Suppliers
f87e4cef-b77e-45fa-9b13-4c39c5fe0f35,Electronics SKU-10481,Electronics,8517.89,False,False,False,True,14.05,Unity Suppliers
68988dc7-33c2-44cb-8f15-b413728da734,Medical Devices SKU-10482,Medical Devices,9018.14,False,False,True,False,321.93,Nova Suppliers
d390cafd-9f39-4745-a019-6c81f0964f29,Textiles SKU-10483,Textiles,6204.51,False,False,False,False,780.42,Pacific Suppliers
bc7ce917-6b5f-4255-9cdb-dd1d78e90b4d,Medical Devices SKU-10484,Medical Devices,9018.19,False,False,True,False,790.73,Nova Suppliers
9d5b11a0-a2d6-4bac-b9b7-780d0af6588b,Pharma SKU-10485,Pharma,3004.92,False,False,True,False,552.15,Nova Suppliers
6c36e38e-1446-4fa9-b514-5d217555afc6,Chemicals SKU-10486,Chemicals,3824.49,True,False,False,False,300.19,Metro Suppliers
829aba11-38aa-458d-b130-8ee60d114d29,Chemicals SKU-10487,Chemicals,3824.8,True,False,False,False,82.61,Summit Suppliers
037ce620-3136-4269-ba11-227b13f6d4ec,Electronics SKU-10488,Electronics,8517.43,False,False,False,False,772.72,Eastern Suppliers
6638891a-7354-4b11-a06a-db330990241c,Chemicals SKU-10489,Chemicals,3824.66,True,False,False,False,712.67,Metro Suppliers
552af403-802b-46cc-b30b-e3fa575bf411,Textiles SKU-10490,Textiles,6204.62,False,False,False,False,155.46,Pacific Suppliers
766cda72-83de-4187-bb27-270336766189,Chemicals SKU-10491,Chemicals,3824.84,False,False,False,False,324.13,Metro Suppliers
d9256216-dc09-42c6-99ec-33da4d46d292,Automotive Parts SKU-10492,Automotive Parts,8708.58,False,False,False,False,327.71,Unity Suppliers
dc35dbd4-a791-493a-8c1d-4c5e3d0c7efb,Consumer Goods SKU-10493,Consumer Goods,3926.33,False,False,False,False,265.31,Unity Suppliers
46f3f79a-5163-409c-b6c7-463fca26d368,Consumer Goods SKU-10494,Consumer Goods,3926.32,False,False,False,False,104.45,Eastern Suppliers
3e13850e-2b56-4781-a44e-c6a9d7fd93dd,Consumer Goods SKU-10495,Consumer Goods,3926.45,False,False,False,False,206.2,Nova Suppliers
7f84a6c8-2d12-48f3-8524-853426badcdb,Food SKU-10496,Food,2106.37,False,True,True,False,245.24,Eastern Suppliers
9332310b-1916-48b7-9e8e-88ac5f9c79ff,Furniture SKU-10497,Furniture,9403.78,False,False,False,True,516.92,Summit Suppliers
2d312c71-457a-41b2-ab27-c278df8e4a87,Textiles SKU-10498,Textiles,6204.19,False,False,False,False,600.55,Eastern Suppliers
41af8a18-7a55-4ac2-a4e5-5e08a68d49c1,Machinery SKU-10499,Machinery,8479.95,False,False,False,False,346.8,Nova Suppliers
cce3b213-4a33-4a2e-bf6d-882b08543df7,Chemicals SKU-10500,Chemicals,3824.6,False,False,False,False,443.21,Unity Suppliers
b3b21156-426c-4952-9560-367e213a9ed6,Electronics SKU-10501,Electronics,8517.31,False,False,False,True,367.17,Unity Suppliers
4ceb2c76-3b86-417c-8aa7-310b3b3eb1c4,Machinery SKU-10502,Machinery,8479.71,False,False,False,False,559.68,Pacific Suppliers
1d3d8932-6ccb-4841-93c0-b9ee37d597b4,Chemicals SKU-10503,Chemicals,3824.89,True,False,False,False,768.41,Pacific Suppliers
f70dc9dd-b5f9-4257-aaf1-949a0ccbb032,Medical Devices SKU-10504,Medical Devices,9018.89,False,False,True,False,598.59,Summit Suppliers
6bf2f94a-055c-415c-b1ea-3bf5992f045b,Automotive Parts SKU-10505,Automotive Parts,8708.12,False,False,False,False,548.09,Nova Suppliers
ff29a42c-7771-4d47-ad45-331d56363dbd,Furniture SKU-10506,Furniture,9403.46,False,False,False,False,70.68,Unity Suppliers
c2f4eff7-3c69-4a5f-a553-267b35ef7d44,Electronics SKU-10507,Electronics,8517.68,False,False,False,True,68.22,Pacific Suppliers
3cb4e256-6810-4640-a5b0-7991c19d4087,Pharma SKU-10508,Pharma,3004.32,False,False,True,False,584.65,Unity Suppliers
6df6243d-5ec3-4896-8659-f26c16f8769d,Automotive Parts SKU-10509,Automotive Parts,8708.13,False,False,False,False,789.09,Unity Suppliers
15bfdc0f-3c0a-42df-87a2-d26dddcdbb79,Food SKU-10510,Food,2106.25,False,False,False,False,307.81,Metro Suppliers
7e880bea-0815-4bbd-b10e-436b90e35f5b,Machinery SKU-10511,Machinery,8479.17,False,False,False,False,558.53,Eastern Suppliers
0b72a3f8-5d77-4c6a-b988-09b64f2ac8c5,Textiles SKU-10512,Textiles,6204.54,False,False,False,False,215.53,Eastern Suppliers
6b4840ba-1a61-4c91-befd-3d80aa81037c,Chemicals SKU-10513,Chemicals,3824.62,True,False,False,False,741.39,Nova Suppliers
aa6c0cfd-6bba-4e96-a01d-890ae0527dea,Textiles SKU-10514,Textiles,6204.44,False,False,False,False,689.52,Eastern Suppliers
734fdfec-42e4-4499-9340-e3c1639b6d69,Electronics SKU-10515,Electronics,8517.73,False,False,False,False,226.29,Nova Suppliers
fc7b525a-b638-4248-8ba2-a19e020f3e44,Medical Devices SKU-10516,Medical Devices,9018.4,False,False,False,True,555.93,Pacific Suppliers
85ac68d6-6560-4b92-99d8-8ce0ff65c697,Pharma SKU-10517,Pharma,3004.37,False,False,True,False,411.57,Nova Suppliers
f23cf91f-fc21-414d-a6d9-5dfaeb017691,Consumer Goods SKU-10518,Consumer Goods,3926.45,False,False,False,False,20.76,Nova Suppliers
152f5a0f-134e-4241-b8e4-4a9a1ff05366,Furniture SKU-10519,Furniture,9403.24,False,False,False,True,234.32,Nova Suppliers
b53e5cbd-f106-4d30-a3b5-2704988e86a7,Electronics SKU-10520,Electronics,8517.56,False,False,False,False,355.41,Summit Suppliers
8816b824-b8c6-4776-bf12-d52c8e4f005b,Food SKU-10521,Food,2106.24,False,True,False,False,243.43,Nova Suppliers
2d187fb9-4452-4f14-8ff2-8b4758c2c025,Chemicals SKU-10522,Chemicals,3824.79,True,False,False,False,25.91,Eastern Suppliers
3f9c0d9a-98f0-4ddb-8962-e2341df7f30f,Chemicals SKU-10523,Chemicals,3824.53,True,False,False,False,710.84,Eastern Suppliers
fb122dad-28bb-40c7-bc8a-a97bd04e2e33,Automotive Parts SKU-10524,Automotive Parts,8708.9,False,False,False,False,6.51,Nova Suppliers
81f175ff-cdec-40ee-b167-d5d07f7bf24e,Automotive Parts SKU-10525,Automotive Parts,8708.22,False,False,False,False,398.21,Unity Suppliers
4cb043da-689b-49a5-95c0-1176c7732905,Electronics SKU-10526,Electronics,8517.42,False,False,False,False,679.58,Metro Suppliers
0b7323bb-1f94-48ee-8326-a0421bc32ec9,Food SKU-10527,Food,2106.6,False,True,True,False,832.89,Summit Suppliers
491da52e-d6ee-4e8a-bb88-f5a9f0ff34ac,Automotive Parts SKU-10528,Automotive Parts,8708.13,False,False,False,False,427.3,Unity Suppliers
28ab2851-6b82-457f-b07a-4a44f18f70c9,Medical Devices SKU-10529,Medical Devices,9018.8,False,False,True,True,420.62,Unity Suppliers
d21b089e-3a0c-4ae7-9b6c-2654a12cccb6,Machinery SKU-10530,Machinery,8479.43,False,False,False,False,437.26,Eastern Suppliers
b9502381-9e16-4bce-8718-d857dd08ca8d,Pharma SKU-10531,Pharma,3004.15,False,False,False,False,732.3,Metro Suppliers
85c07d6b-fed3-4de3-a064-db4842e8d1e2,Furniture SKU-10532,Furniture,9403.42,False,False,False,True,566.28,Pacific Suppliers
d2cd4207-00ad-407c-bd69-4f2e693fee11,Textiles SKU-10533,Textiles,6204.68,False,False,False,False,530.74,Eastern Suppliers
63efb221-39f1-403a-8264-9c8817283b63,Medical Devices SKU-10534,Medical Devices,9018.4,False,False,False,False,51.96,Summit Suppliers
e5fb9bea-10c4-4c9d-8adb-17348fd9f393,Automotive Parts SKU-10535,Automotive Parts,8708.9,False,False,False,False,31.69,Pacific Suppliers
6596ea3c-0f90-4705-81fc-b8f5ba400f5c,Textiles SKU-10536,Textiles,6204.8,False,False,False,False,445.36,Nova Suppliers
201d1671-d58c-4a6d-975c-7300267cfb14,Textiles SKU-10537,Textiles,6204.66,False,False,False,False,524.22,Pacific Suppliers
b7bb13c1-cd98-4082-ad05-55f827d45ec3,Textiles SKU-10538,Textiles,6204.89,False,False,False,False,424.36,Summit Suppliers
7e77ce31-54e3-4f28-879e-4c3972831143,Chemicals SKU-10539,Chemicals,3824.78,True,False,False,False,429.76,Nova Suppliers
c52e3dda-f998-4e8a-9ac6-cb534c2515e9,Food SKU-10540,Food,2106.61,False,False,False,False,185.47,Summit Suppliers
41a354da-0a70-44ea-a5f1-4326a73fc733,Furniture SKU-10541,Furniture,9403.74,False,False,False,False,133.59,Nova Suppliers
d432abba-d371-4c5d-a849-34fcf9d1f722,Electronics SKU-10542,Electronics,8517.8,False,False,False,True,726.9,Summit Suppliers
729f3c41-4ba8-4894-9853-11009a87bd8d,Machinery SKU-10543,Machinery,8479.96,False,False,False,False,149.27,Nova Suppliers
66d8d397-4bb7-4679-8d6a-d8caae99c771,Pharma SKU-10544,Pharma,3004.85,False,False,True,False,150.97,Nova Suppliers
65e32a22-bb70-44b4-9dcf-6f33992c8dc3,Automotive Parts SKU-10545,Automotive Parts,8708.22,False,False,False,False,227.44,Nova Suppliers
3f6682bd-2870-4cc3-becd-f87277660c33,Automotive Parts SKU-10546,Automotive Parts,8708.3,False,False,False,False,625.63,Nova Suppliers
a7cbb7d6-2f2b-41ae-a843-d50fac16fcbc,Food SKU-10547,Food,2106.23,False,False,True,False,131.48,Metro Suppliers
97b41e23-7aae-4e1b-b66c-2e68e0001a3b,Consumer Goods SKU-10548,Consumer Goods,3926.42,False,False,False,False,17.31,Nova Suppliers
9947261f-73f7-444d-90fb-dc96137c2547,Chemicals SKU-10549,Chemicals,3824.88,True,False,False,False,387.67,Eastern Suppliers
2251d683-3fc9-4aa4-bd07-cbe1ed0cd994,Automotive Parts SKU-10550,Automotive Parts,8708.84,False,False,False,False,127.12,Summit Suppliers
130b2888-bc8d-4dcd-bf74-16d667c18e3f,Textiles SKU-10551,Textiles,6204.15,False,False,False,False,630.7,Summit Suppliers
c5fe6fe0-b906-479c-8e78-4055b265c59b,Chemicals SKU-10552,Chemicals,3824.24,True,False,False,False,309.82,Metro Suppliers
a017d257-084e-46b7-b770-c4e7df225638,Automotive Parts SKU-10553,Automotive Parts,8708.65,False,False,False,False,532.08,Metro Suppliers
d996927f-127c-4f7d-81c0-24f1ecfa20cc,Automotive Parts SKU-10554,Automotive Parts,8708.35,False,False,False,False,414.02,Summit Suppliers
716e3e00-8111-4353-9b85-ab7142121885,Food SKU-10555,Food,2106.83,False,False,True,False,434.6,Unity Suppliers
6ef51a78-8304-4cd1-ad5a-342903eaf183,Chemicals SKU-10556,Chemicals,3824.39,False,False,False,False,226.17,Unity Suppliers
d568c6f6-130c-4638-95b6-1b4c92fed63d,Electronics SKU-10557,Electronics,8517.18,False,False,False,False,257.78,Metro Suppliers
06e00c07-f042-4e43-82e5-e39da3d07abe,Electronics SKU-10558,Electronics,8517.59,False,False,False,True,582.45,Nova Suppliers
96236c19-a7da-4c62-8294-81e7d2a6b1f5,Furniture SKU-10559,Furniture,9403.45,False,False,False,True,841.51,Eastern Suppliers
d838d151-2cbf-4cc5-83c0-c61f59de9419,Medical Devices SKU-10560,Medical Devices,9018.38,False,False,True,True,575.9,Pacific Suppliers
f05ed665-ff3f-403b-a921-f8944a9aa2db,Automotive Parts SKU-10561,Automotive Parts,8708.1,False,False,False,False,618.22,Metro Suppliers
8c35162b-0ffe-4b5e-9dd8-c29b2c257a85,Food SKU-10562,Food,2106.41,False,False,True,False,67.73,Metro Suppliers
2dcab463-41bb-4f40-9c9c-753121c500dc,Textiles SKU-10563,Textiles,6204.1,False,False,False,False,756.34,Pacific Suppliers
b43f3bee-e70a-42b1-80d0-202bce50dcd0,Furniture SKU-10564,Furniture,9403.4,False,False,False,False,763.56,Metro Suppliers
efb61eb8-5115-4a68-878e-9dbfe0f7fbbd,Food SKU-10565,Food,2106.62,False,False,False,False,769.49,Eastern Suppliers
eb38f84f-1e80-48bf-a402-b4a74c83a755,Electronics SKU-10566,Electronics,8517.92,False,False,False,False,684.97,Summit Suppliers
663d6542-d0f1-4ccc-a2f4-2034dbf6a10b,Pharma SKU-10567,Pharma,3004.21,False,False,False,False,604.57,Pacific Suppliers
57a77d5e-a86a-47d4-be90-96d646858b8c,Pharma SKU-10568,Pharma,3004.45,False,False,True,False,32.45,Pacific Suppliers
08b4fc04-ed85-436a-ae7e-34d02dfce51d,Consumer Goods SKU-10569,Consumer Goods,3926.57,False,False,False,False,817.38,Nova Suppliers
1005bf14-2c5a-4c01-bdba-d6429abd74c5,Machinery SKU-10570,Machinery,8479.1,False,False,False,False,145.01,Summit Suppliers
3e9d9ee8-fd46-4268-a38c-89f935b90cf2,Textiles SKU-10571,Textiles,6204.66,False,False,False,False,258.76,Eastern Suppliers
3bf34304-0fa4-4d70-8926-916624f6b005,Pharma SKU-10572,Pharma,3004.55,False,False,True,False,827.13,Unity Suppliers
590856fc-5ad0-422c-acd1-5bde4190505e,Pharma SKU-10573,Pharma,3004.67,False,True,True,False,178.69,Eastern Suppliers
1402cb01-4034-442a-b912-d4a012aa9715,Chemicals SKU-10574,Chemicals,3824.75,True,False,False,False,60.19,Summit Suppliers
6e551ca0-5414-4249-9643-b615d1d0ec2e,Pharma SKU-10575,Pharma,3004.55,False,True,True,False,289.48,Pacific Suppliers
5ee4f737-0df2-488c-8823-bb682b482196,Consumer Goods SKU-10576,Consumer Goods,3926.31,False,False,False,False,175.79,Eastern Suppliers
e962a42b-d930-483b-8ee6-2021bb400931,Pharma SKU-10577,Pharma,3004.67,False,False,False,False,284.99,Metro Suppliers
ddb3a606-b954-481c-9906-9002e9f5c6d8,Electronics SKU-10578,Electronics,8517.47,False,False,False,True,65.98,Eastern Suppliers
1b0c29ae-4498-4d95-beeb-43443b865b77,Pharma SKU-10579,Pharma,3004.3,False,True,True,False,203.16,Metro Suppliers
ab48e9e2-8f9a-41f0-b48e-3418b1181116,Pharma SKU-10580,Pharma,3004.96,False,False,False,False,470.34,Eastern Suppliers
31d42b50-4bb9-4ca3-8e20-723a09d4885e,Chemicals SKU-10581,Chemicals,3824.91,True,False,False,False,108.05,Metro Suppliers
b58bc368-cedb-44f1-8339-be4b75a29968,Consumer Goods SKU-10582,Consumer Goods,3926.74,False,False,False,False,54.36,Unity Suppliers
e6f059bb-140a-4b89-9cec-bafcb67e802f,Automotive Parts SKU-10583,Automotive Parts,8708.56,False,False,False,False,619.68,Metro Suppliers
ec572167-99c9-43c5-967a-9f1fe265343a,Food SKU-10584,Food,2106.68,False,True,False,False,499.9,Pacific Suppliers
55543ff9-72a5-47b8-94c8-38ec3b931aaf,Consumer Goods SKU-10585,Consumer Goods,3926.12,False,False,False,False,806.63,Nova Suppliers
365c03b3-a552-4cf6-8214-9279e775abdb,Machinery SKU-10586,Machinery,8479.29,False,False,False,False,829.41,Unity Suppliers
f4843d47-70cd-4607-a437-c8281e18f6e8,Automotive Parts SKU-10587,Automotive Parts,8708.15,False,False,False,False,312.69,Summit Suppliers
fe3a0d85-2668-43d0-ab8f-30b2ac4b3af5,Textiles SKU-10588,Textiles,6204.55,False,False,False,False,55.77,Eastern Suppliers
846a6109-d4e4-4fab-9352-fdda9b7125e2,Textiles SKU-10589,Textiles,6204.79,False,False,False,False,144.91,Pacific Suppliers
ba27ac73-1dbf-4558-bed1-cdb48f2cfd74,Chemicals SKU-10590,Chemicals,3824.28,False,False,False,False,24.45,Nova Suppliers
c906d6a5-dc5e-49ea-a487-9c3b2a99a9de,Textiles SKU-10591,Textiles,6204.16,False,False,False,False,654.89,Eastern Suppliers
d54c64f2-f60f-4ebe-9fbf-ae0b5bef6e40,Machinery SKU-10592,Machinery,8479.93,False,False,False,False,516.74,Nova Suppliers
71c6b949-5280-4e25-8139-25673af3cb05,Pharma SKU-10593,Pharma,3004.53,False,False,True,False,120.41,Nova Suppliers
3dc83aab-4a23-43e9-aa4d-3141fac09142,Machinery SKU-10594,Machinery,8479.54,False,False,False,False,705.15,Pacific Suppliers
3cadff8e-07c3-4245-a321-82fd3e1fa8e1,Textiles SKU-10595,Textiles,6204.18,False,False,False,False,524.73,Nova Suppliers
b74996f0-b31e-45b3-8c0e-5d22cbc2b51f,Consumer Goods SKU-10596,Consumer Goods,3926.13,False,False,False,False,567.06,Pacific Suppliers
a35a62c0-df31-4d85-a0a5-34569d4ee071,Consumer Goods SKU-10597,Consumer Goods,3926.93,False,False,False,False,146.92,Pacific Suppliers
80dab6d7-c657-4806-9546-926217b7457d,Consumer Goods SKU-10598,Consumer Goods,3926.3,False,False,False,False,511.9,Summit Suppliers
acb30d21-9b7e-4ff8-8781-5912159536db,Machinery SKU-10599,Machinery,8479.3,False,False,False,False,752.22,Eastern Suppliers
3db723f7-6d81-4e5f-a1d7-8c2cf431ac71,Textiles SKU-10600,Textiles,6204.64,False,False,False,False,163.64,Metro Suppliers
f89b6b64-a11e-4a60-8537-29c60192a47e,Machinery SKU-10601,Machinery,8479.14,False,False,False,False,130.33,Summit Suppliers
e40f14f0-2b8c-421a-9556-4eef77c9c7b7,Chemicals SKU-10602,Chemicals,3824.41,True,False,False,False,677.88,Unity Suppliers
babb5858-5c05-4b11-9343-f0e926ec8a9e,Machinery SKU-10603,Machinery,8479.58,False,False,False,False,490.12,Metro Suppliers
ae001113-ed54-43e1-b969-476cfbbccff3,Chemicals SKU-10604,Chemicals,3824.38,False,False,False,False,328.0,Unity Suppliers
a452ce51-b5a6-40b3-9791-aeccf03a1533,Electronics SKU-10605,Electronics,8517.53,False,False,False,True,100.47,Nova Suppliers
4486cec2-765e-4044-b692-68078a16ae1c,Machinery SKU-10606,Machinery,8479.7,False,False,False,False,704.67,Unity Suppliers
72a09866-a6f0-42cb-bb5b-f98fa88189b8,Food SKU-10607,Food,2106.64,False,False,False,False,76.56,Nova Suppliers
28dcb592-4df7-4298-bf38-fe97c18c91b5,Furniture SKU-10608,Furniture,9403.85,False,False,False,True,190.28,Pacific Suppliers
392914ec-c00b-4a29-8e0c-5689888643ad,Chemicals SKU-10609,Chemicals,3824.42,False,False,False,False,179.29,Eastern Suppliers
d69c524a-d93b-4411-8ba3-f26c73b096fb,Electronics SKU-10610,Electronics,8517.15,False,False,False,True,713.85,Nova Suppliers
e6846f04-a24c-4b16-a7f2-f3c05756dd4f,Machinery SKU-10611,Machinery,8479.69,False,False,False,False,271.35,Unity Suppliers
db003afd-ac8d-400c-8bf7-ff607c44499d,Consumer Goods SKU-10612,Consumer Goods,3926.1,False,False,False,False,691.93,Unity Suppliers
7872bddd-10fd-474f-b5d3-ad87a8e22601,Medical Devices SKU-10613,Medical Devices,9018.11,False,False,True,True,116.34,Eastern Suppliers
5538b146-388c-4df4-b9b0-268783a8a6d3,Automotive Parts SKU-10614,Automotive Parts,8708.93,False,False,False,False,339.2,Eastern Suppliers
342f4f3f-7627-411a-94b7-ee9d641fc7d5,Consumer Goods SKU-10615,Consumer Goods,3926.39,False,False,False,False,333.6,Unity Suppliers
3281e12b-e16d-4ab2-9878-8049f468dba0,Consumer Goods SKU-10616,Consumer Goods,3926.37,False,False,False,False,111.94,Pacific Suppliers
b5a5b5f8-9767-40f8-b99a-fe62bc9dbf10,Food SKU-10617,Food,2106.25,False,False,False,False,45.21,Eastern Suppliers
936540a9-acaa-42d6-8cb5-db4040f0070c,Furniture SKU-10618,Furniture,9403.19,False,False,False,False,217.83,Nova Suppliers
b81a340c-2848-4367-bab2-a4dd946e0442,Pharma SKU-10619,Pharma,3004.28,False,True,True,False,268.07,Metro Suppliers
490c9c4b-84e1-4fe2-9ecd-edc90e9abcdb,Automotive Parts SKU-10620,Automotive Parts,8708.72,False,False,False,False,614.28,Nova Suppliers
98dad8d0-df90-41fe-aa1d-63ea8c3dd162,Furniture SKU-10621,Furniture,9403.89,False,False,False,True,626.44,Unity Suppliers
847e1fb3-d93b-4e38-8853-7395d6d7a57f,Automotive Parts SKU-10622,Automotive Parts,8708.77,False,False,False,False,578.13,Metro Suppliers
31a7f99a-0710-476f-b099-3e247475d1b1,Textiles SKU-10623,Textiles,6204.98,False,False,False,False,792.78,Summit Suppliers
de7a32eb-867c-4767-b5d0-f266eb220139,Consumer Goods SKU-10624,Consumer Goods,3926.65,False,False,False,False,402.81,Eastern Suppliers
32b6e4f1-8c3b-46b3-9eac-4d657f3398aa,Electronics SKU-10625,Electronics,8517.52,False,False,False,False,35.69,Nova Suppliers
c0839662-9007-4529-9dd2-b4c2650855de,Furniture SKU-10626,Furniture,9403.19,False,False,False,True,34.53,Metro Suppliers
9f3036af-c8b4-48d6-a16d-3b0118277b8a,Electronics SKU-10627,Electronics,8517.33,False,False,False,True,528.84,Summit Suppliers
c7e4d91e-39b5-4b2c-9c8d-bc69895c0779,Automotive Parts SKU-10628,Automotive Parts,8708.12,False,False,False,False,395.14,Nova Suppliers
48beba1d-88ff-4f45-b419-6ae07ae7d1a2,Chemicals SKU-10629,Chemicals,3824.74,False,False,False,False,417.22,Unity Suppliers
309db2bf-2a7d-4f17-9ff9-8c731a38612d,Chemicals SKU-10630,Chemicals,3824.81,False,False,False,False,171.18,Eastern Suppliers
1b107ae9-0d61-477a-b2f2-bf45380aa85c,Furniture SKU-10631,Furniture,9403.93,False,False,False,False,131.84,Metro Suppliers
fbdc390d-57e2-4fa6-8e3e-5c8d9bd17d18,Chemicals SKU-10632,Chemicals,3824.94,True,False,False,False,388.61,Pacific Suppliers
05eb3fe2-a7f4-4ff2-8a1f-168b2c1d5c5f,Food SKU-10633,Food,2106.47,False,True,True,False,623.56,Unity Suppliers
88c2fb42-f8c1-4e54-9ce2-66a5ee2c607c,Machinery SKU-10634,Machinery,8479.8,False,False,False,False,437.0,Eastern Suppliers
0375f79c-cab1-460d-9cef-eceab9bcb090,Furniture SKU-10635,Furniture,9403.36,False,False,False,True,437.08,Metro Suppliers
b4a8c0e8-f346-42c3-817e-1b0612b69718,Consumer Goods SKU-10636,Consumer Goods,3926.52,False,False,False,False,700.72,Eastern Suppliers
5c34860a-811a-45f1-8fc5-b75624b7bb77,Pharma SKU-10637,Pharma,3004.75,False,False,True,False,697.5,Nova Suppliers
358b5181-4463-408b-a39f-d75ae0d55b3e,Furniture SKU-10638,Furniture,9403.9,False,False,False,False,599.67,Unity Suppliers
82b1cca4-1435-4fab-b765-523d3f48118c,Consumer Goods SKU-10639,Consumer Goods,3926.44,False,False,False,False,748.27,Unity Suppliers
3997f587-a619-4ae3-82f5-847529c0ecdf,Automotive Parts SKU-10640,Automotive Parts,8708.2,False,False,False,False,694.16,Nova Suppliers
7475cf38-d109-4925-b953-f129e24ea8cd,Chemicals SKU-10641,Chemicals,3824.39,True,False,False,False,576.97,Nova Suppliers
bce85ade-0061-4544-bafb-caed1be5ad0a,Consumer Goods SKU-10642,Consumer Goods,3926.33,False,False,False,False,482.43,Summit Suppliers
d81d471a-8e37-4969-9584-c5e810d74b88,Medical Devices SKU-10643,Medical Devices,9018.19,False,False,True,False,378.13,Unity Suppliers
f52e5005-02ed-430a-8c51-589d77e0e067,Chemicals SKU-10644,Chemicals,3824.82,True,False,False,False,718.57,Metro Suppliers
8cd63b87-72e2-4314-96c7-8a075252870b,Textiles SKU-10645,Textiles,6204.95,False,False,False,False,592.92,Pacific Suppliers
f8bf345b-ba16-44df-8428-821e2db4d07c,Textiles SKU-10646,Textiles,6204.52,False,False,False,False,727.76,Summit Suppliers
f7fdc67c-0a09-448f-a547-a5b86bc54cc7,Chemicals SKU-10647,Chemicals,3824.84,False,False,False,False,550.42,Unity Suppliers
77a8b159-28eb-49de-b002-a4b1d521d918,Consumer Goods SKU-10648,Consumer Goods,3926.31,False,False,False,False,327.7,Eastern Suppliers
ad1c8d9b-b8c8-4973-aa68-30907374ed43,Textiles SKU-10649,Textiles,6204.78,False,False,False,False,520.08,Metro Suppliers
f56ee989-fe4f-4920-9323-8d4cd721d693,Pharma SKU-10650,Pharma,3004.33,False,False,True,False,304.43,Pacific Suppliers
57d47660-316e-47ab-a61b-1d38198c8228,Automotive Parts SKU-10651,Automotive Parts,8708.98,False,False,False,False,442.35,Summit Suppliers
edfc65c4-7e40-4871-b2d6-c7736ff822d5,Chemicals SKU-10652,Chemicals,3824.37,True,False,False,False,41.6,Summit Suppliers
76c0311d-4377-47d5-925c-407145bdeff6,Consumer Goods SKU-10653,Consumer Goods,3926.44,False,False,False,False,24.36,Unity Suppliers
42a9c02d-ea30-43be-a6b3-f68c128bb89d,Medical Devices SKU-10654,Medical Devices,9018.53,False,False,False,True,52.37,Unity Suppliers
e7bfd5c6-9317-4bf3-b758-51685772fac6,Electronics SKU-10655,Electronics,8517.33,False,False,False,False,287.06,Summit Suppliers
7182d5e1-a06b-47f3-bb01-ec78223a3867,Automotive Parts SKU-10656,Automotive Parts,8708.67,False,False,False,False,680.29,Summit Suppliers
b35d08a0-07dc-4f3d-a1ed-c0d90c4d17e5,Automotive Parts SKU-10657,Automotive Parts,8708.14,False,False,False,False,519.63,Pacific Suppliers
749e5456-61a3-44fb-9d53-d09264f0ebc5,Medical Devices SKU-10658,Medical Devices,9018.8,False,False,False,False,478.39,Eastern Suppliers
83abf069-2868-4a2a-91ac-4418b0d44679,Food SKU-10659,Food,2106.84,False,True,True,False,82.57,Unity Suppliers
f26a046d-c4ea-4154-a4fa-c2728980457f,Textiles SKU-10660,Textiles,6204.88,False,False,False,False,189.34,Metro Suppliers
d681954d-59e6-4279-aa70-9a6763f5d3e7,Automotive Parts SKU-10661,Automotive Parts,8708.74,False,False,False,False,784.32,Eastern Suppliers
0d8fd683-26b8-449f-9caf-0d72091cc7e4,Textiles SKU-10662,Textiles,6204.92,False,False,False,False,571.1,Summit Suppliers
4bc886df-894f-4c0d-89f2-78ac237dd6d7,Pharma SKU-10663,Pharma,3004.97,False,True,True,False,739.73,Summit Suppliers
f3c1dec1-c9e3-4b6b-be35-e5d5028af33c,Automotive Parts SKU-10664,Automotive Parts,8708.72,False,False,False,False,103.26,Summit Suppliers
dbf6dd6a-11a9-45f0-b871-f252b3be99f9,Pharma SKU-10665,Pharma,3004.84,False,False,False,False,482.44,Metro Suppliers
efbc0875-35dc-49b3-8f4c-0f08bb51d6de,Furniture SKU-10666,Furniture,9403.32,False,False,False,False,341.9,Eastern Suppliers
16502fe7-1911-4bdf-801f-17b9b5f4cdd3,Medical Devices SKU-10667,Medical Devices,9018.53,False,False,True,True,620.7,Unity Suppliers
45bd8924-ad92-4f07-9588-205717489607,Automotive Parts SKU-10668,Automotive Parts,8708.16,False,False,False,False,223.33,Eastern Suppliers
0df3c358-4f8c-45ed-8fd8-2325ea5ff523,Automotive Parts SKU-10669,Automotive Parts,8708.19,False,False,False,False,463.31,Metro Suppliers
155e6c16-e73a-4d63-aee5-be5053e7fb20,Electronics SKU-10670,Electronics,8517.39,False,False,False,False,497.26,Metro Suppliers
f201ef9b-dbe9-419d-93ab-5232e773a428,Pharma SKU-10671,Pharma,3004.43,False,True,True,False,514.98,Summit Suppliers
cc9024e6-ed6b-4874-8d1a-999f6c2a6683,Machinery SKU-10672,Machinery,8479.9,False,False,False,False,501.74,Unity Suppliers
6e975d3c-e54a-4a80-b04f-c9ef6ebce706,Automotive Parts SKU-10673,Automotive Parts,8708.19,False,False,False,False,45.86,Unity Suppliers
fa7a60ae-0d55-44a2-82b3-1de7f78d0c80,Consumer Goods SKU-10674,Consumer Goods,3926.44,False,False,False,False,793.04,Summit Suppliers
4f2baeb5-dcd9-4417-8bad-e96476d85881,Chemicals SKU-10675,Chemicals,3824.75,True,False,False,False,759.66,Eastern Suppliers
bff85e6b-370e-4fb2-b6a0-6fbcaebcda5d,Automotive Parts SKU-10676,Automotive Parts,8708.95,False,False,False,False,503.82,Eastern Suppliers
55b15d0c-1cf0-4e4a-a7ba-dae9e1671fb4,Consumer Goods SKU-10677,Consumer Goods,3926.74,False,False,False,False,848.13,Unity Suppliers
8f8c5797-3833-42d7-a0ca-7e9ed241c3b6,Chemicals SKU-10678,Chemicals,3824.91,True,False,False,False,374.14,Nova Suppliers
1972a4fe-aae0-4d7c-8315-16d9dd450692,Pharma SKU-10679,Pharma,3004.55,False,True,True,False,802.48,Nova Suppliers
01fb9a20-de25-4ccf-9c33-f29abcfba7a7,Chemicals SKU-10680,Chemicals,3824.82,False,False,False,False,95.89,Nova Suppliers
5a1b538c-bbfe-47c5-b0de-0980ca1e2393,Chemicals SKU-10681,Chemicals,3824.35,True,False,False,False,708.48,Eastern Suppliers
57929d47-5b39-450d-85ad-ca451f73d660,Electronics SKU-10682,Electronics,8517.67,False,False,False,True,846.78,Unity Suppliers
8a80c0b6-a75b-4f0d-89b1-824c22196b5e,Chemicals SKU-10683,Chemicals,3824.65,False,False,False,False,380.58,Unity Suppliers
0d1b6555-d7c4-445b-a77d-228958599147,Medical Devices SKU-10684,Medical Devices,9018.31,False,False,True,False,429.01,Unity Suppliers
0ccb8365-1462-4659-a155-89f427f5c315,Food SKU-10685,Food,2106.17,False,False,True,False,37.76,Pacific Suppliers
bfdc639c-b87a-49ed-90f6-8e3ec18b6666,Automotive Parts SKU-10686,Automotive Parts,8708.87,False,False,False,False,0.58,Nova Suppliers
1b6f0a3e-e6a1-4377-b02b-cd5f25200407,Consumer Goods SKU-10687,Consumer Goods,3926.87,False,False,False,False,619.56,Eastern Suppliers
49f2303d-e0a2-48ab-bc60-63036694ef6f,Automotive Parts SKU-10688,Automotive Parts,8708.77,False,False,False,False,623.82,Summit Suppliers
4df65a8e-0fe5-49f5-8e3e-5e219b55bf17,Textiles SKU-10689,Textiles,6204.7,False,False,False,False,168.37,Eastern Suppliers
62e2344f-3133-44ba-91c9-03e11b9297ef,Chemicals SKU-10690,Chemicals,3824.16,False,False,False,False,435.47,Metro Suppliers
436daca1-8697-4c5e-bde4-53eac7204f99,Pharma SKU-10691,Pharma,3004.12,False,False,True,False,64.05,Pacific Suppliers
2e23542c-4358-4323-be11-a61f3b5fa190,Automotive Parts SKU-10692,Automotive Parts,8708.77,False,False,False,False,45.44,Metro Suppliers
96d8f021-6cf5-4635-9536-0e2c8ff1fc26,Pharma SKU-10693,Pharma,3004.98,False,False,False,False,373.71,Metro Suppliers
b9c12206-87cc-4a22-b30b-02d876127bb0,Pharma SKU-10694,Pharma,3004.56,False,False,True,False,720.62,Pacific Suppliers
4db4ccc1-1d97-494c-a6bb-a5c85982adcf,Food SKU-10695,Food,2106.26,False,True,False,False,88.13,Unity Suppliers
a832266d-30d1-45d7-8170-0a721b9a7f69,Furniture SKU-10696,Furniture,9403.63,False,False,False,True,224.4,Summit Suppliers
7606bd56-58c8-417e-9705-d355166ed433,Consumer Goods SKU-10697,Consumer Goods,3926.93,False,False,False,False,717.61,Pacific Suppliers
77b6c4c6-f07a-4d54-a6e1-3b390c8f0782,Machinery SKU-10698,Machinery,8479.51,False,False,False,False,527.32,Pacific Suppliers
99a3bb09-56bb-47dd-a8b0-6067a65e8f8a,Chemicals SKU-10699,Chemicals,3824.28,False,False,False,False,702.15,Metro Suppliers
09be2354-6c6e-42d8-9f2b-ab2da798a1ba,Textiles SKU-10700,Textiles,6204.45,False,False,False,False,774.9,Nova Suppliers
7aa8460e-f422-4739-bd38-4a8bc9a645af,Automotive Parts SKU-10701,Automotive Parts,8708.41,False,False,False,False,477.33,Metro Suppliers
1a735cb5-931c-460f-8d21-4b48cff80922,Electronics SKU-10702,Electronics,8517.54,False,False,False,True,623.66,Pacific Suppliers
40b12f62-42c9-4a31-8358-a076aa18cb7d,Automotive Parts SKU-10703,Automotive Parts,8708.71,False,False,False,False,424.19,Unity Suppliers
5f0b612d-50c0-475b-903e-a4f86cfab49e,Food SKU-10704,Food,2106.2,False,False,True,False,279.24,Metro Suppliers
e061e35c-d475-4770-853a-ce0201f93a48,Medical Devices SKU-10705,Medical Devices,9018.52,False,False,True,False,278.96,Metro Suppliers
dbba783b-5860-42c5-84de-52f6bce1b8db,Consumer Goods SKU-10706,Consumer Goods,3926.11,False,False,False,False,385.3,Nova Suppliers
ffb4763f-8b7b-46d1-b26c-caca1550986e,Furniture SKU-10707,Furniture,9403.76,False,False,False,True,359.84,Eastern Suppliers
df28824c-0e1c-4f99-a774-3e62e9733c78,Food SKU-10708,Food,2106.85,False,False,False,False,471.86,Summit Suppliers
ce6d6ffe-1ac0-4ef5-b84d-b676db95f1b8,Food SKU-10709,Food,2106.12,False,False,False,False,213.48,Summit Suppliers
39a7b892-f3e5-4c47-8c1c-7bee643fd5f5,Pharma SKU-10710,Pharma,3004.45,False,False,False,False,534.56,Metro Suppliers
497ea0f0-c854-4a5c-afcb-8e2a1846c76f,Medical Devices SKU-10711,Medical Devices,9018.24,False,False,False,False,114.08,Eastern Suppliers
0197789e-637f-45aa-a86d-af92cfc0b733,Chemicals SKU-10712,Chemicals,3824.53,True,False,False,False,280.16,Pacific Suppliers
d969afdf-a3e5-4b82-82b9-b4d25118aa27,Automotive Parts SKU-10713,Automotive Parts,8708.45,False,False,False,False,499.25,Nova Suppliers
63c802a6-ee25-43e8-95ad-ee3363a38c74,Electronics SKU-10714,Electronics,8517.69,False,False,False,True,433.25,Eastern Suppliers
8aed6a46-b4d6-405b-abeb-f8895a22b617,Furniture SKU-10715,Furniture,9403.51,False,False,False,True,183.83,Pacific Suppliers
eb04f281-6279-4f9b-8706-4a5cc81cbc89,Machinery SKU-10716,Machinery,8479.11,False,False,False,False,232.22,Pacific Suppliers
4f919c21-fb9a-49c5-954b-6bfa7eb34c29,Consumer Goods SKU-10717,Consumer Goods,3926.21,False,False,False,False,548.34,Summit Suppliers
e56dec9d-f6ac-47b7-9ca2-fcb98be82fcb,Consumer Goods SKU-10718,Consumer Goods,3926.6,False,False,False,False,2.09,Pacific Suppliers
d66a3704-9d79-4bb2-a8f0-d72ebc509784,Electronics SKU-10719,Electronics,8517.44,False,False,False,False,761.18,Metro Suppliers
7ad183a1-93ac-4f08-a131-b6f5a5ec32cc,Automotive Parts SKU-10720,Automotive Parts,8708.31,False,False,False,False,157.31,Eastern Suppliers
3649a6f8-f471-4f5f-8ffb-1bfa41731115,Pharma SKU-10721,Pharma,3004.28,False,False,True,False,783.86,Metro Suppliers
80248c5e-7683-4f76-9d8b-6642d349cb65,Medical Devices SKU-10722,Medical Devices,9018.94,False,False,False,True,272.85,Unity Suppliers
2ec5ccf2-c86b-4c4b-a4dd-e6e9c43baff0,Machinery SKU-10723,Machinery,8479.62,False,False,False,False,420.03,Unity Suppliers
fc80c959-9a6e-479e-950a-19f69477e594,Automotive Parts SKU-10724,Automotive Parts,8708.82,False,False,False,False,304.85,Metro Suppliers
5013392c-fee0-42c5-b2ff-8d011de964b2,Furniture SKU-10725,Furniture,9403.62,False,False,False,True,317.06,Eastern Suppliers
64ae1127-b923-443d-84c3-62808b40cdf9,Textiles SKU-10726,Textiles,6204.49,False,False,False,False,227.24,Metro Suppliers
2f761e0d-64a8-4029-a2cc-9afb0991be06,Food SKU-10727,Food,2106.22,False,False,False,False,373.84,Summit Suppliers
59b19884-37d5-4dfb-aedb-60afa013ee0c,Machinery SKU-10728,Machinery,8479.33,False,False,False,False,485.48,Unity Suppliers
b7c1ebe6-9b91-43f7-93df-34f14b75166a,Automotive Parts SKU-10729,Automotive Parts,8708.89,False,False,False,False,142.73,Nova Suppliers
1bcf9c87-6c14-4356-a997-93baf60e7364,Automotive Parts SKU-10730,Automotive Parts,8708.52,False,False,False,False,255.93,Unity Suppliers
51ef7817-e518-427e-804b-d73f5aebf3fc,Chemicals SKU-10731,Chemicals,3824.22,False,False,False,False,401.13,Nova Suppliers
f85644e5-c4f2-446e-9c5c-655122ea029a,Consumer Goods SKU-10732,Consumer Goods,3926.13,False,False,False,False,260.37,Unity Suppliers
cccbe923-033b-41fc-9748-cbf3d41f194a,Textiles SKU-10733,Textiles,6204.41,False,False,False,False,505.92,Unity Suppliers
0380e749-a59f-49aa-afa2-68a14bc70af5,Automotive Parts SKU-10734,Automotive Parts,8708.3,False,False,False,False,676.74,Eastern Suppliers
1ff43b83-d4d3-4119-bff9-9e48d4889dc3,Furniture SKU-10735,Furniture,9403.76,False,False,False,True,725.35,Eastern Suppliers
e9feebcc-0b54-414e-b6e9-79dc175958d9,Furniture SKU-10736,Furniture,9403.83,False,False,False,True,347.44,Unity Suppliers
5ddccdac-1f10-4f04-9ac3-d364536a0ca3,Electronics SKU-10737,Electronics,8517.14,False,False,False,True,594.93,Unity Suppliers
cc25975f-8104-4ea6-ba01-b6fae58dbbae,Consumer Goods SKU-10738,Consumer Goods,3926.31,False,False,False,False,345.07,Pacific Suppliers
c9a31e76-bc2d-492f-a42a-5c20294aa737,Furniture SKU-10739,Furniture,9403.65,False,False,False,False,377.25,Metro Suppliers
8597002e-2106-4646-b746-329c7c9dc76c,Electronics SKU-10740,Electronics,8517.4,False,False,False,True,291.5,Pacific Suppliers
54fab16e-cd32-4504-9ff8-7d78c439cd93,Furniture SKU-10741,Furniture,9403.26,False,False,False,False,3.39,Eastern Suppliers
925b47e8-4096-4dcd-8feb-4d2186e6bc40,Electronics SKU-10742,Electronics,8517.42,False,False,False,True,167.44,Eastern Suppliers
cb7340f3-d90f-4d03-a09a-51ce44046e5e,Chemicals SKU-10743,Chemicals,3824.93,True,False,False,False,116.58,Nova Suppliers
b75b33eb-2845-473b-ac9f-2ae303f19e84,Pharma SKU-10744,Pharma,3004.34,False,True,True,False,100.47,Eastern Suppliers
965bb101-f5c0-495a-acb5-2af424acd8b4,Electronics SKU-10745,Electronics,8517.51,False,False,False,False,580.81,Pacific Suppliers
93608c5e-86b1-418a-9bcf-e4c0602a97bf,Consumer Goods SKU-10746,Consumer Goods,3926.81,False,False,False,False,848.22,Metro Suppliers
e1a4ad00-4c0e-46bd-b8b4-1e7076161284,Chemicals SKU-10747,Chemicals,3824.43,True,False,False,False,270.59,Eastern Suppliers
cd34fca9-ae50-44ca-adb9-4396dc4a8f16,Food SKU-10748,Food,2106.94,False,True,False,False,482.72,Eastern Suppliers
e7e73033-538a-45af-b0c8-ec0e08e1d469,Pharma SKU-10749,Pharma,3004.11,False,True,False,False,426.51,Summit Suppliers
c484c514-6f8e-4418-93d8-695f6d4e03e0,Automotive Parts SKU-10750,Automotive Parts,8708.88,False,False,False,False,254.51,Nova Suppliers
19ec5073-e577-43d6-8b9b-10244b790f99,Food SKU-10751,Food,2106.7,False,False,True,False,136.29,Pacific Suppliers
1a519d5e-0228-48a7-9f1b-ed11221da453,Electronics SKU-10752,Electronics,8517.58,False,False,False,False,66.45,Summit Suppliers
05316339-6ad5-41e2-80ad-3e730e0ea0e7,Automotive Parts SKU-10753,Automotive Parts,8708.84,False,False,False,False,706.14,Nova Suppliers
95617a16-2c1c-4919-85ae-3362e8636c27,Medical Devices SKU-10754,Medical Devices,9018.68,False,False,True,True,796.74,Metro Suppliers
4710e091-c38f-42d3-8bad-93b1aefbcd64,Machinery SKU-10755,Machinery,8479.4,False,False,False,False,263.58,Nova Suppliers
3e0b1ca5-3a24-4c11-b867-b041de8b3fe3,Consumer Goods SKU-10756,Consumer Goods,3926.41,False,False,False,False,186.46,Nova Suppliers
d5ac513c-b970-4de4-b517-b1d1c8f79214,Textiles SKU-10757,Textiles,6204.28,False,False,False,False,762.43,Summit Suppliers
dabe5b76-7962-4ad2-bbc4-0f2c0eceeae0,Textiles SKU-10758,Textiles,6204.89,False,False,False,False,415.76,Nova Suppliers
ac09be54-cbfb-4042-928e-db231db87bbf,Electronics SKU-10759,Electronics,8517.92,False,False,False,False,841.73,Eastern Suppliers
129af84a-47b3-49ff-bf65-02952c82b317,Pharma SKU-10760,Pharma,3004.83,False,True,False,False,806.24,Metro Suppliers
4f7a29ba-098e-4357-8f7b-8f37b5a28309,Furniture SKU-10761,Furniture,9403.81,False,False,False,True,626.66,Eastern Suppliers
85dee892-ee4e-40b5-9bf2-6dd0c96ddc00,Machinery SKU-10762,Machinery,8479.55,False,False,False,False,426.8,Unity Suppliers
07892bc8-64f2-4a6b-9025-49621051c0b1,Machinery SKU-10763,Machinery,8479.6,False,False,False,False,290.19,Metro Suppliers
8cee44f9-51fe-4bbe-ad5b-8300eec12773,Pharma SKU-10764,Pharma,3004.16,False,True,True,False,667.46,Summit Suppliers
3140f4b9-0e0a-4bc0-9d52-dc7a1795845f,Furniture SKU-10765,Furniture,9403.15,False,False,False,False,211.96,Pacific Suppliers
9723446f-a3f6-4976-b938-d163b37bc97c,Consumer Goods SKU-10766,Consumer Goods,3926.44,False,False,False,False,300.18,Nova Suppliers
ff33419d-4661-4946-8d6e-b02c727a95dc,Food SKU-10767,Food,2106.94,False,False,True,False,195.17,Unity Suppliers
2bed5610-e943-4425-8a5c-418ac4b8c3d4,Machinery SKU-10768,Machinery,8479.25,False,False,False,False,557.82,Pacific Suppliers
c3f1108f-1495-49e4-9994-30159c54e2ef,Machinery SKU-10769,Machinery,8479.68,False,False,False,False,813.34,Pacific Suppliers
5dd12ef4-3417-4c7a-95cf-33c573a9a7ee,Medical Devices SKU-10770,Medical Devices,9018.24,False,False,True,False,472.53,Nova Suppliers
2e17fcaf-7508-4aca-9997-c9df72c246d5,Chemicals SKU-10771,Chemicals,3824.73,False,False,False,False,752.61,Eastern Suppliers
28ba5b5d-7344-4234-8507-2866c91a0781,Machinery SKU-10772,Machinery,8479.69,False,False,False,False,149.07,Nova Suppliers
4b3db9cb-b16e-4b99-9ada-7f529cd58dfb,Electronics SKU-10773,Electronics,8517.16,False,False,False,True,327.76,Unity Suppliers
4dac9f2e-cddd-42ce-9b8a-709b715604d5,Consumer Goods SKU-10774,Consumer Goods,3926.86,False,False,False,False,326.28,Eastern Suppliers
1b25f9a4-02ea-4fb3-bfae-c21374eefe7c,Medical Devices SKU-10775,Medical Devices,9018.65,False,False,True,True,215.97,Nova Suppliers
335800ac-f84b-422a-8a09-1433b070efc5,Food SKU-10776,Food,2106.7,False,False,True,False,780.1,Eastern Suppliers
763bf568-6d7c-411a-af08-dbbf29770f61,Furniture SKU-10777,Furniture,9403.59,False,False,False,True,152.32,Summit Suppliers
ccf9297d-be09-49b8-bbab-e006bd7dfe02,Electronics SKU-10778,Electronics,8517.17,False,False,False,True,244.71,Metro Suppliers
3436b37f-2364-464f-8a72-3f7a6b85dfe5,Chemicals SKU-10779,Chemicals,3824.52,True,False,False,False,471.98,Nova Suppliers
b9a68e86-1111-4bac-af52-c57a98eb867e,Food SKU-10780,Food,2106.48,False,False,False,False,559.96,Eastern Suppliers
166bb556-b44c-4206-96bb-5f92c3044f7d,Electronics SKU-10781,Electronics,8517.58,False,False,False,False,604.93,Unity Suppliers
a76461c7-5818-4d0f-a81b-6425fe87c5a2,Chemicals SKU-10782,Chemicals,3824.76,False,False,False,False,520.34,Nova Suppliers
777a5b7d-5179-46f0-bf07-063215ef0a11,Machinery SKU-10783,Machinery,8479.29,False,False,False,False,834.98,Pacific Suppliers
5700bcef-ee0e-4f5a-b683-c42f369fd60d,Consumer Goods SKU-10784,Consumer Goods,3926.58,False,False,False,False,449.72,Metro Suppliers
fe1fd189-d26d-4f8e-af77-1c0bcc4f6047,Medical Devices SKU-10785,Medical Devices,9018.82,False,False,True,False,313.66,Nova Suppliers
1ad9750d-8d78-4d22-9e4b-6d970afd0bb5,Automotive Parts SKU-10786,Automotive Parts,8708.99,False,False,False,False,459.97,Unity Suppliers
c801baf8-c882-4316-872a-a5ab599e4589,Chemicals SKU-10787,Chemicals,3824.49,False,False,False,False,202.7,Nova Suppliers
b99c0cfd-d20d-40be-917b-df4a84dfc815,Consumer Goods SKU-10788,Consumer Goods,3926.14,False,False,False,False,674.93,Summit Suppliers
dfd96b55-9cf0-4cc3-b608-a4fc76246eee,Chemicals SKU-10789,Chemicals,3824.43,True,False,False,False,787.94,Summit Suppliers
c9e1fa6d-4373-4b4b-aa5a-a44e00241cba,Food SKU-10790,Food,2106.15,False,False,True,False,581.44,Metro Suppliers
413bb05a-9173-4f7a-b510-9a98981f3545,Chemicals SKU-10791,Chemicals,3824.51,False,False,False,False,405.19,Metro Suppliers
844c2398-1429-49a2-aab4-e86cef7d73ec,Textiles SKU-10792,Textiles,6204.9,False,False,False,False,319.56,Pacific Suppliers
316d093a-9d50-4d64-af0a-56c0d3ca47a1,Medical Devices SKU-10793,Medical Devices,9018.36,False,False,True,False,488.03,Pacific Suppliers
c5d98b3b-a892-471c-ad25-c8e4938ba8c7,Pharma SKU-10794,Pharma,3004.99,False,True,True,False,305.59,Unity Suppliers
7f5a168a-f24d-4b57-8b98-869a97f64b13,Automotive Parts SKU-10795,Automotive Parts,8708.23,False,False,False,False,341.33,Summit Suppliers
e5e7bf78-09aa-4056-9507-abe1cf9cb6b5,Furniture SKU-10796,Furniture,9403.82,False,False,False,False,707.21,Unity Suppliers
e3a98a27-9963-4e0f-8b6c-efad972a76b5,Chemicals SKU-10797,Chemicals,3824.29,True,False,False,False,399.97,Eastern Suppliers
44f1f423-4243-494a-adee-f5e6968814d7,Medical Devices SKU-10798,Medical Devices,9018.94,False,False,False,True,783.9,Eastern Suppliers
13d93266-8844-4531-9e42-7d6b266075b1,Food SKU-10799,Food,2106.36,False,True,True,False,294.65,Pacific Suppliers
41e57a8b-5cdb-4318-9d2f-830dad0fe2e9,Textiles SKU-10800,Textiles,6204.98,False,False,False,False,518.7,Unity Suppliers
2ef91546-4622-40de-a68b-f33a15a791c3,Consumer Goods SKU-10801,Consumer Goods,3926.34,False,False,False,False,592.52,Nova Suppliers
8f3a5b70-070e-44c0-8fb6-b265e411a18e,Pharma SKU-10802,Pharma,3004.5,False,True,False,False,728.57,Eastern Suppliers
9297a481-4b9e-4617-ac72-8e9f32eebf2a,Automotive Parts SKU-10803,Automotive Parts,8708.46,False,False,False,False,830.57,Summit Suppliers
7466f91f-6a92-4cfd-9d35-b3cfbe83415b,Furniture SKU-10804,Furniture,9403.29,False,False,False,True,17.25,Metro Suppliers
b2715293-9c06-420f-84ab-c080e2c10e85,Automotive Parts SKU-10805,Automotive Parts,8708.11,False,False,False,False,545.56,Eastern Suppliers
f177c6d0-6ab3-4c27-83dc-ff1322b2d9bb,Medical Devices SKU-10806,Medical Devices,9018.43,False,False,True,False,823.61,Eastern Suppliers
e1774df3-7fe1-43d7-bb39-9ca63214244e,Furniture SKU-10807,Furniture,9403.24,False,False,False,True,114.67,Summit Suppliers
65850574-53f0-4a43-9b63-594646bccf3b,Electronics SKU-10808,Electronics,8517.85,False,False,False,True,215.36,Summit Suppliers
8afa9c4a-2c74-46b5-bb2b-9d18e421a3e9,Pharma SKU-10809,Pharma,3004.63,False,False,False,False,63.7,Eastern Suppliers
734a5d1f-bda4-4f9d-9316-2d21d549fa18,Chemicals SKU-10810,Chemicals,3824.36,True,False,False,False,823.81,Unity Suppliers
8ff95f33-a2a2-4316-ba71-f453ad7bc916,Pharma SKU-10811,Pharma,3004.72,False,True,True,False,99.92,Summit Suppliers
df51b20e-de27-4f02-8b1e-2a435ef0d964,Chemicals SKU-10812,Chemicals,3824.97,True,False,False,False,767.49,Eastern Suppliers
a62a8f5c-f342-40b6-8ed9-f7f0996d1b7a,Chemicals SKU-10813,Chemicals,3824.71,False,False,False,False,412.39,Eastern Suppliers
d465645e-8702-42b3-90b9-aaf0dde3c378,Food SKU-10814,Food,2106.48,False,False,False,False,815.84,Metro Suppliers
25fe63cd-2879-48ee-a5be-6673fd3afca6,Consumer Goods SKU-10815,Consumer Goods,3926.51,False,False,False,False,720.79,Nova Suppliers
7c075bd1-9deb-46ff-bf3a-4a98705303b1,Automotive Parts SKU-10816,Automotive Parts,8708.71,False,False,False,False,236.42,Nova Suppliers
364b6858-f4de-4a9b-ad24-ead364f07388,Electronics SKU-10817,Electronics,8517.73,False,False,False,True,807.19,Unity Suppliers
e6e69236-5fdf-401c-aae8-8ca7f5f5eaee,Furniture SKU-10818,Furniture,9403.75,False,False,False,False,644.33,Summit Suppliers
1fdfe38e-c673-4734-96b4-5ae9449f3688,Furniture SKU-10819,Furniture,9403.33,False,False,False,True,78.17,Pacific Suppliers
3d12c864-b7ac-4650-b716-9d008c02dbeb,Machinery SKU-10820,Machinery,8479.5,False,False,False,False,658.4,Eastern Suppliers
ef912ead-de7c-41be-8bc6-df21255b9602,Machinery SKU-10821,Machinery,8479.67,False,False,False,False,276.22,Metro Suppliers
545cb8d6-6724-422e-a89e-c87e63c93de3,Textiles SKU-10822,Textiles,6204.7,False,False,False,False,25.39,Metro Suppliers
1dbc4a46-cb44-4008-8289-6a3e827a14af,Chemicals SKU-10823,Chemicals,3824.85,False,False,False,False,822.89,Nova Suppliers
3d006a6d-7559-4c6e-858b-95e2a1678969,Furniture SKU-10824,Furniture,9403.24,False,False,False,True,41.99,Unity Suppliers
aae37aa6-f32c-4c86-b230-28c00eeef6f4,Automotive Parts SKU-10825,Automotive Parts,8708.49,False,False,False,False,810.3,Unity Suppliers
f08e4b0c-4af6-4182-adf3-57758cf6d209,Automotive Parts SKU-10826,Automotive Parts,8708.8,False,False,False,False,447.92,Summit Suppliers
f6a7e42a-a925-42cc-9966-62a39128bb63,Electronics SKU-10827,Electronics,8517.61,False,False,False,False,436.96,Metro Suppliers
2004cc4d-165f-4e3f-b17e-5229ad0c2530,Consumer Goods SKU-10828,Consumer Goods,3926.95,False,False,False,False,766.88,Eastern Suppliers
9bcef132-73e0-4691-9e2c-35cded9bd947,Consumer Goods SKU-10829,Consumer Goods,3926.57,False,False,False,False,409.57,Pacific Suppliers
ab935e21-d6b1-4635-8438-be956726053f,Pharma SKU-10830,Pharma,3004.52,False,True,True,False,383.24,Pacific Suppliers
c1cb95a5-7795-438e-b246-7d5bc2edced9,Furniture SKU-10831,Furniture,9403.1,False,False,False,True,317.68,Unity Suppliers
fc908e1c-98b3-4945-ac83-983c43b9e450,Automotive Parts SKU-10832,Automotive Parts,8708.81,False,False,False,False,618.08,Summit Suppliers
35aef6fe-22cf-4bab-aa9e-d8d82021e16d,Pharma SKU-10833,Pharma,3004.54,False,True,False,False,825.69,Nova Suppliers
b80edd20-cdd9-4479-a60b-cb3b18844d18,Textiles SKU-10834,Textiles,6204.44,False,False,False,False,532.68,Pacific Suppliers
0c66aa5c-3b97-48b7-a579-072450aec11b,Consumer Goods SKU-10835,Consumer Goods,3926.8,False,False,False,False,20.48,Metro Suppliers
33e72256-ddec-4b06-867a-ccf2e7a15c9e,Electronics SKU-10836,Electronics,8517.27,False,False,False,True,476.51,Metro Suppliers
d5b2c745-c8ad-4e6e-9a16-a4d0a72f47f5,Consumer Goods SKU-10837,Consumer Goods,3926.22,False,False,False,False,693.57,Pacific Suppliers
6c859696-a69c-42dd-899f-221d311c450b,Textiles SKU-10838,Textiles,6204.99,False,False,False,False,305.45,Summit Suppliers
20ef9863-435e-4165-a349-46e700cc9a9b,Pharma SKU-10839,Pharma,3004.49,False,False,True,False,739.7,Eastern Suppliers
591c4f86-5f06-4002-8666-d5165f0132e7,Machinery SKU-10840,Machinery,8479.47,False,False,False,False,835.76,Metro Suppliers
e914f281-90b6-4231-9f24-56659ff8eb13,Electronics SKU-10841,Electronics,8517.94,False,False,False,False,567.87,Eastern Suppliers
1ee02782-cc58-45a6-9260-5bf308d51e06,Medical Devices SKU-10842,Medical Devices,9018.92,False,False,False,False,202.18,Metro Suppliers
6ff82f05-3439-4c53-894f-4577c3c0c27b,Electronics SKU-10843,Electronics,8517.94,False,False,False,True,598.56,Nova Suppliers
35428af6-ab3d-49ff-bb82-f008e57bc958,Chemicals SKU-10844,Chemicals,3824.72,True,False,False,False,378.79,Summit Suppliers
eb5653e1-eb28-4646-b740-6ac36933cd42,Electronics SKU-10845,Electronics,8517.65,False,False,False,True,430.6,Summit Suppliers
aae85859-fb5e-453c-a546-65239ba59c1e,Machinery SKU-10846,Machinery,8479.84,False,False,False,False,789.97,Metro Suppliers
bc24c566-cd6a-4a62-85e6-91ed4376094f,Machinery SKU-10847,Machinery,8479.74,False,False,False,False,432.98,Eastern Suppliers
c3d850f8-4240-4baa-bb97-4a26140b6296,Electronics SKU-10848,Electronics,8517.61,False,False,False,True,161.51,Unity Suppliers
bab47039-7910-4c18-9cd3-84fc72580ae4,Consumer Goods SKU-10849,Consumer Goods,3926.86,False,False,False,False,551.16,Summit Suppliers
8883e0f5-39ca-4377-b12f-c760b3c849b3,Chemicals SKU-10850,Chemicals,3824.74,True,False,False,False,541.99,Nova Suppliers
b02334c5-6a00-425d-8a2a-867dd12cad1c,Furniture SKU-10851,Furniture,9403.18,False,False,False,True,428.45,Unity Suppliers
63bc4445-3e05-4b9e-a4fc-d8827ab832f8,Furniture SKU-10852,Furniture,9403.67,False,False,False,False,603.31,Summit Suppliers
defd50ad-1434-4790-ab2d-448bb829d5c0,Medical Devices SKU-10853,Medical Devices,9018.6,False,False,True,False,392.13,Pacific Suppliers
cef1b466-e0de-4670-9192-aab9910ea79f,Pharma SKU-10854,Pharma,3004.53,False,False,False,False,822.8,Metro Suppliers
36252773-fd5c-47b2-8a2e-006637fcc0d4,Medical Devices SKU-10855,Medical Devices,9018.27,False,False,True,True,483.95,Unity Suppliers
a777a702-872f-4d0d-b0a4-bc42ff97de2d,Pharma SKU-10856,Pharma,3004.46,False,True,True,False,202.31,Unity Suppliers
6bff5ee0-2005-4146-a366-7d28bede83ae,Medical Devices SKU-10857,Medical Devices,9018.26,False,False,True,False,363.19,Pacific Suppliers
5d11ef6a-f60e-4cf9-885f-38588a0b7494,Consumer Goods SKU-10858,Consumer Goods,3926.84,False,False,False,False,629.39,Eastern Suppliers
6e45f0aa-20ca-4a7d-98d0-6e7b481bdecc,Furniture SKU-10859,Furniture,9403.51,False,False,False,True,568.29,Summit Suppliers
63131bd3-a471-465d-964a-5f46ca82b302,Furniture SKU-10860,Furniture,9403.53,False,False,False,True,145.05,Unity Suppliers
14bceead-09f5-4399-8861-a8d938253a18,Food SKU-10861,Food,2106.65,False,False,False,False,92.02,Eastern Suppliers
fa7e08ca-d1c7-4c5f-b704-a1f2036dfb40,Automotive Parts SKU-10862,Automotive Parts,8708.41,False,False,False,False,659.27,Eastern Suppliers
c4e48faf-f491-4b57-b5d1-23c176a8b633,Chemicals SKU-10863,Chemicals,3824.88,True,False,False,False,295.49,Unity Suppliers
0e1f7e6c-cb75-4e56-9997-3549817112f7,Chemicals SKU-10864,Chemicals,3824.45,True,False,False,False,748.28,Pacific Suppliers
d9b28f7b-d980-4dd5-8d41-8b7fe8ffacf5,Machinery SKU-10865,Machinery,8479.77,False,False,False,False,483.53,Eastern Suppliers
d3fd1a21-10c6-4a65-8e28-a9ae5a449b0e,Furniture SKU-10866,Furniture,9403.79,False,False,False,True,796.9,Summit Suppliers
b1fc2271-f895-44a6-b9f0-634a818dfe30,Food SKU-10867,Food,2106.77,False,True,True,False,807.57,Pacific Suppliers
b1562617-7b1e-4fab-b6b4-a72451b42f80,Electronics SKU-10868,Electronics,8517.65,False,False,False,True,555.67,Metro Suppliers
94759b17-90df-4910-93ca-01d43ab98c8d,Textiles SKU-10869,Textiles,6204.54,False,False,False,False,456.12,Summit Suppliers
15572d3e-f63d-4aee-b63d-1bdbb20e81e0,Pharma SKU-10870,Pharma,3004.59,False,False,False,False,52.68,Eastern Suppliers
263b5710-0765-4e45-8363-9a921964c450,Furniture SKU-10871,Furniture,9403.78,False,False,False,False,386.56,Eastern Suppliers
267d9c3c-5897-4745-b6c6-51be799df3bd,Medical Devices SKU-10872,Medical Devices,9018.21,False,False,True,True,634.99,Unity Suppliers
0c0a4e77-bf42-4a3a-8196-5e4fc6545ed3,Chemicals SKU-10873,Chemicals,3824.49,False,False,False,False,418.2,Pacific Suppliers
5a54f686-4506-465e-a0b5-80654c67b644,Automotive Parts SKU-10874,Automotive Parts,8708.22,False,False,False,False,312.35,Nova Suppliers
2d46617b-68fc-4fe1-b98c-16a76a37b22c,Electronics SKU-10875,Electronics,8517.19,False,False,False,False,505.67,Unity Suppliers
a57b00d6-a360-4690-b671-2f960a46d38d,Chemicals SKU-10876,Chemicals,3824.42,True,False,False,False,382.53,Pacific Suppliers
4564960a-bcb4-417c-adad-0ac68e1813c9,Pharma SKU-10877,Pharma,3004.76,False,True,False,False,324.0,Unity Suppliers
9a0220f5-ca2f-402f-8c2b-0597b0d88c29,Food SKU-10878,Food,2106.84,False,True,False,False,291.59,Pacific Suppliers
3820aea1-f006-486d-993f-6eb0004fe932,Chemicals SKU-10879,Chemicals,3824.81,True,False,False,False,588.81,Eastern Suppliers
4b3ad521-2323-4bcd-8153-f930e19dd649,Pharma SKU-10880,Pharma,3004.4,False,True,False,False,186.87,Metro Suppliers
e16b6326-ddb0-4fe5-94ce-2c6c08391e6f,Machinery SKU-10881,Machinery,8479.46,False,False,False,False,637.51,Eastern Suppliers
19f9b68d-2065-4a74-9c97-b3f92222cb83,Food SKU-10882,Food,2106.91,False,False,False,False,565.8,Eastern Suppliers
32c4174f-c224-4848-9b77-06bb96f48d1f,Automotive Parts SKU-10883,Automotive Parts,8708.38,False,False,False,False,774.14,Unity Suppliers
6527a27b-0d39-4b75-8fdc-19d9d82a6b24,Pharma SKU-10884,Pharma,3004.35,False,False,True,False,169.0,Eastern Suppliers
494c6da1-dbe2-4b12-98ec-3f8f40b9ae9a,Chemicals SKU-10885,Chemicals,3824.57,True,False,False,False,669.3,Eastern Suppliers
0d14f7cb-3efd-4082-aa82-621be7281fa7,Furniture SKU-10886,Furniture,9403.26,False,False,False,False,556.28,Unity Suppliers
b470b7f5-0aed-4d05-8b3c-f26ba1469f03,Electronics SKU-10887,Electronics,8517.63,False,False,False,False,790.64,Nova Suppliers
3dee24fa-933c-4247-8368-505052bf2a20,Consumer Goods SKU-10888,Consumer Goods,3926.76,False,False,False,False,636.86,Metro Suppliers
fae0e1c1-9c5d-4a02-b105-593d01c380f1,Textiles SKU-10889,Textiles,6204.64,False,False,False,False,451.06,Eastern Suppliers
5b426228-888c-42ee-9b73-e8997d4e91d5,Machinery SKU-10890,Machinery,8479.61,False,False,False,False,491.85,Unity Suppliers
f9fdee38-e10e-44e3-a694-2df1b2b546ef,Furniture SKU-10891,Furniture,9403.44,False,False,False,False,698.25,Metro Suppliers
9c0ff50a-a1bd-4bd5-a497-2315005c6c20,Pharma SKU-10892,Pharma,3004.76,False,False,False,False,715.77,Eastern Suppliers
85343157-cdfe-4895-89c0-9fe7ad3e0f86,Furniture SKU-10893,Furniture,9403.39,False,False,False,True,287.74,Summit Suppliers
45376973-0e84-4510-a748-2f5e7106cb52,Pharma SKU-10894,Pharma,3004.74,False,False,False,False,184.36,Metro Suppliers
f62987cd-118c-415b-83cc-a121cd02d56d,Automotive Parts SKU-10895,Automotive Parts,8708.18,False,False,False,False,76.97,Pacific Suppliers
44ded82d-e134-4cfe-a0b3-513e742c1c8f,Machinery SKU-10896,Machinery,8479.32,False,False,False,False,611.21,Eastern Suppliers
89f83d77-3fb0-4133-ab87-b84f88394663,Consumer Goods SKU-10897,Consumer Goods,3926.58,False,False,False,False,276.6,Summit Suppliers
78af997a-338c-4988-87a1-1990db1b3584,Food SKU-10898,Food,2106.47,False,False,True,False,480.13,Metro Suppliers
d2a1ea2c-a019-4b19-a04d-a063836e8c74,Chemicals SKU-10899,Chemicals,3824.68,False,False,False,False,368.34,Nova Suppliers
9f6a8280-4f60-49d9-ab8b-3afd04d3d371,Textiles SKU-10900,Textiles,6204.27,False,False,False,False,354.0,Metro Suppliers
b2df5172-689c-4b77-90f0-958ff2a53dff,Pharma SKU-10901,Pharma,3004.22,False,True,False,False,111.03,Eastern Suppliers
f37f9807-02a5-4dad-bc86-0bc1b08ad13a,Pharma SKU-10902,Pharma,3004.39,False,False,True,False,213.82,Metro Suppliers
a3fca677-ca77-42b9-acf7-ba950853a308,Automotive Parts SKU-10903,Automotive Parts,8708.73,False,False,False,False,589.6,Metro Suppliers
32ecf673-6414-48e1-a866-f5ec2057e90f,Pharma SKU-10904,Pharma,3004.32,False,False,True,False,807.78,Pacific Suppliers
afb95aaf-222a-45f5-9f99-1653c2f3fbc1,Furniture SKU-10905,Furniture,9403.8,False,False,False,True,590.61,Pacific Suppliers
7d967484-9d9d-4fda-984f-a0d17bcfa602,Chemicals SKU-10906,Chemicals,3824.51,False,False,False,False,377.96,Unity Suppliers
6382dccf-113c-4b09-8f6f-be9d9c49ab9a,Food SKU-10907,Food,2106.12,False,False,False,False,134.6,Summit Suppliers
6fbdbe39-8818-4f7c-901a-ef91cfff81cc,Furniture SKU-10908,Furniture,9403.95,False,False,False,False,103.18,Unity Suppliers
efd4b9f6-65bd-4c61-92b4-2f6179dac931,Furniture SKU-10909,Furniture,9403.48,False,False,False,True,594.54,Unity Suppliers
544acb4d-e6d5-465c-9f57-980cff7f2894,Automotive Parts SKU-10910,Automotive Parts,8708.38,False,False,False,False,765.18,Unity Suppliers
274cfb32-2ec5-4838-9492-b20559308421,Consumer Goods SKU-10911,Consumer Goods,3926.93,False,False,False,False,194.46,Pacific Suppliers
99cdd033-8435-49e5-9591-823d43795343,Pharma SKU-10912,Pharma,3004.91,False,False,False,False,711.58,Nova Suppliers
9d70df4d-fbaa-4ce1-b615-23e275797571,Electronics SKU-10913,Electronics,8517.78,False,False,False,True,626.74,Unity Suppliers
ec0bff88-6093-4fd5-a2b1-2ebb8b830a9d,Furniture SKU-10914,Furniture,9403.5,False,False,False,False,121.59,Unity Suppliers
22d4aaba-d82d-47ea-ba8a-e4830397243b,Medical Devices SKU-10915,Medical Devices,9018.46,False,False,True,True,126.79,Nova Suppliers
e3c2df9d-4937-4ff3-9a4e-b2ea0af169e3,Automotive Parts SKU-10916,Automotive Parts,8708.38,False,False,False,False,483.85,Nova Suppliers
fb24861a-b686-4ba2-b9fb-411fd4461c57,Pharma SKU-10917,Pharma,3004.45,False,False,True,False,16.79,Unity Suppliers
d4260330-73d7-4191-8249-b27cea6f2b15,Food SKU-10918,Food,2106.36,False,False,True,False,141.08,Summit Suppliers
55758f6a-deee-40d3-bfa0-880dc23de9c8,Textiles SKU-10919,Textiles,6204.49,False,False,False,False,649.7,Summit Suppliers
b9a72430-d45f-4ed3-bc35-bae2a80987dc,Furniture SKU-10920,Furniture,9403.81,False,False,False,False,424.8,Unity Suppliers
930bdb2e-d7ab-4f5f-bacd-623158309879,Automotive Parts SKU-10921,Automotive Parts,8708.63,False,False,False,False,222.25,Summit Suppliers
6b414597-c4b7-438b-876c-3af1b088eef5,Chemicals SKU-10922,Chemicals,3824.31,False,False,False,False,789.58,Nova Suppliers
2da63708-3b51-4b74-9a6a-7e062a710dcf,Food SKU-10923,Food,2106.72,False,True,True,False,52.78,Pacific Suppliers
5f1f6b80-df4c-4cd4-b0d7-b0e83113dbf4,Machinery SKU-10924,Machinery,8479.28,False,False,False,False,835.32,Pacific Suppliers
294340b3-6d66-4674-8e50-1b01ef169d5b,Machinery SKU-10925,Machinery,8479.55,False,False,False,False,401.32,Pacific Suppliers
94e52c08-a9c8-417d-acee-acc31ba23608,Textiles SKU-10926,Textiles,6204.4,False,False,False,False,200.8,Summit Suppliers
00baed4c-db19-4c03-aea2-aa9ed11d3505,Furniture SKU-10927,Furniture,9403.32,False,False,False,True,709.26,Eastern Suppliers
04628ef5-e0e1-4c2c-a930-1049c83a2d2f,Food SKU-10928,Food,2106.14,False,False,True,False,580.72,Nova Suppliers
429e517c-e61b-40aa-9c2a-deb21dcc4fb6,Automotive Parts SKU-10929,Automotive Parts,8708.94,False,False,False,False,749.55,Pacific Suppliers
96020724-5ecf-4b80-a933-f6f6d764592e,Automotive Parts SKU-10930,Automotive Parts,8708.65,False,False,False,False,204.67,Pacific Suppliers
80070488-f39b-4e77-bab9-4b6f91776a57,Electronics SKU-10931,Electronics,8517.78,False,False,False,True,770.57,Pacific Suppliers
345e5ecf-640b-4d75-9b21-7305f270f48d,Medical Devices SKU-10932,Medical Devices,9018.35,False,False,True,False,588.68,Nova Suppliers
f1298c94-5071-4943-ac3f-bb0a5da03cd3,Pharma SKU-10933,Pharma,3004.44,False,False,False,False,66.05,Metro Suppliers
da1f0bad-b798-44b8-a5d8-d872814182b8,Machinery SKU-10934,Machinery,8479.72,False,False,False,False,680.98,Unity Suppliers
9475c0ce-c9cf-429e-81fb-d78b0e9f789a,Medical Devices SKU-10935,Medical Devices,9018.97,False,False,True,True,580.87,Unity Suppliers
c1767a04-569f-48bc-b47b-2729f0629696,Chemicals SKU-10936,Chemicals,3824.11,False,False,False,False,755.12,Nova Suppliers
39fadc08-233e-4d6b-a022-4533ca34b1d4,Electronics SKU-10937,Electronics,8517.4,False,False,False,True,615.24,Eastern Suppliers
6060fd00-adc4-4dfc-967b-52cca854a402,Furniture SKU-10938,Furniture,9403.87,False,False,False,True,650.66,Pacific Suppliers
0eea6650-707d-48d0-805a-071208d7c641,Medical Devices SKU-10939,Medical Devices,9018.53,False,False,True,False,732.67,Pacific Suppliers
d165fb57-9262-4d3f-8b2e-407570aa0786,Textiles SKU-10940,Textiles,6204.21,False,False,False,False,618.58,Eastern Suppliers
406703c2-9d04-429c-a1bc-a5484f3822be,Electronics SKU-10941,Electronics,8517.35,False,False,False,False,846.69,Pacific Suppliers
ad118889-faca-418c-9c06-4df8df536856,Electronics SKU-10942,Electronics,8517.9,False,False,False,True,576.93,Eastern Suppliers
e9b38aeb-33be-48c7-b906-5ca6996d40e4,Automotive Parts SKU-10943,Automotive Parts,8708.86,False,False,False,False,665.95,Unity Suppliers
88d84624-c9b3-4c0a-927f-4fc591d02a95,Furniture SKU-10944,Furniture,9403.19,False,False,False,True,461.35,Eastern Suppliers
ea3f61f7-f75e-4ab8-a462-407b567acbaa,Pharma SKU-10945,Pharma,3004.16,False,False,True,False,289.38,Metro Suppliers
1ba0bcc7-c119-42a2-810f-bc0de2146caa,Automotive Parts SKU-10946,Automotive Parts,8708.37,False,False,False,False,471.54,Pacific Suppliers
8c4ea8df-ee5d-4f4c-bd6e-d0e20d535f80,Chemicals SKU-10947,Chemicals,3824.2,False,False,False,False,419.52,Unity Suppliers
2e8f907e-9502-4e53-9beb-64e32c1dab39,Furniture SKU-10948,Furniture,9403.19,False,False,False,False,614.55,Eastern Suppliers
71b258ff-f780-4bfc-ae55-a8621deb3174,Pharma SKU-10949,Pharma,3004.23,False,True,True,False,653.38,Nova Suppliers
964b0149-795c-4466-8759-5f8c062a2a97,Food SKU-10950,Food,2106.53,False,True,False,False,475.05,Metro Suppliers
e77effa0-f58a-4781-ba87-3e8321bb423b,Machinery SKU-10951,Machinery,8479.17,False,False,False,False,640.22,Eastern Suppliers
72f6a9fe-914f-48ad-8273-8764abc9e4bc,Chemicals SKU-10952,Chemicals,3824.41,True,False,False,False,729.76,Metro Suppliers
05cc1cae-0bed-48cb-ac39-82a0e5ec79f6,Medical Devices SKU-10953,Medical Devices,9018.17,False,False,True,False,133.38,Metro Suppliers
e601f903-c68d-4481-adcc-d1cecc0bba64,Food SKU-10954,Food,2106.77,False,False,False,False,486.27,Eastern Suppliers
b8f5bd16-b65f-459c-b13f-b1703e8de445,Textiles SKU-10955,Textiles,6204.83,False,False,False,False,253.86,Eastern Suppliers
a11d57fd-98cf-4ff4-a46c-9989911711e0,Textiles SKU-10956,Textiles,6204.31,False,False,False,False,168.07,Unity Suppliers
2197809c-e844-4ec0-8928-722888ec4353,Chemicals SKU-10957,Chemicals,3824.36,False,False,False,False,747.37,Nova Suppliers
45a06e4f-efbe-4ef0-9afb-9acc7b49443a,Automotive Parts SKU-10958,Automotive Parts,8708.72,False,False,False,False,456.76,Eastern Suppliers
8565fc44-b702-44f0-99c2-97517e491630,Automotive Parts SKU-10959,Automotive Parts,8708.16,False,False,False,False,12.87,Pacific Suppliers
1d3da487-2b71-47c1-ba40-b832e7273d15,Food SKU-10960,Food,2106.96,False,False,True,False,526.25,Nova Suppliers
a46cc0da-113e-4181-b862-9ee0db7db77e,Textiles SKU-10961,Textiles,6204.5,False,False,False,False,352.17,Eastern Suppliers
3a977c46-a8b5-46b0-831e-39c9ef95d5e3,Textiles SKU-10962,Textiles,6204.99,False,False,False,False,288.41,Eastern Suppliers
ceb46d01-aaf7-4916-b2e4-0c8725119270,Automotive Parts SKU-10963,Automotive Parts,8708.41,False,False,False,False,115.99,Nova Suppliers
7225acce-4acf-4782-9bec-504d191bc9a2,Textiles SKU-10964,Textiles,6204.2,False,False,False,False,401.81,Nova Suppliers
3af79dc3-4a65-4108-bf0e-74c219547945,Chemicals SKU-10965,Chemicals,3824.85,False,False,False,False,783.99,Unity Suppliers
ed08bbed-3564-403e-b60b-7fd56539aa25,Chemicals SKU-10966,Chemicals,3824.69,False,False,False,False,734.97,Unity Suppliers
c414007d-d8f0-49e5-b63c-d69226f8c7e8,Machinery SKU-10967,Machinery,8479.94,False,False,False,False,330.23,Metro Suppliers
d042329a-5ac9-451c-9292-921440219092,Pharma SKU-10968,Pharma,3004.26,False,True,True,False,125.73,Nova Suppliers
d29deba6-a253-4b28-9335-a4467fcbc5a4,Machinery SKU-10969,Machinery,8479.57,False,False,False,False,418.55,Summit Suppliers
6c0b63f4-501f-4164-a73f-6de6372bccbc,Pharma SKU-10970,Pharma,3004.28,False,False,False,False,747.89,Summit Suppliers
1b661380-0b3e-420b-8f8f-b908e1a93c32,Machinery SKU-10971,Machinery,8479.49,False,False,False,False,242.31,Metro Suppliers
caa5f540-fde3-4692-8d7f-bcc0f1ea6574,Electronics SKU-10972,Electronics,8517.97,False,False,False,True,68.14,Nova Suppliers
f8d80552-139f-4131-8b12-2584700e59a8,Automotive Parts SKU-10973,Automotive Parts,8708.41,False,False,False,False,663.66,Summit Suppliers
13d15d7d-63a7-42e5-9e77-d8dce846482f,Consumer Goods SKU-10974,Consumer Goods,3926.55,False,False,False,False,422.49,Eastern Suppliers
ad76ff1b-875b-4434-9f37-39fea978a2f5,Machinery SKU-10975,Machinery,8479.64,False,False,False,False,340.51,Summit Suppliers
34a5b566-e212-4a93-80e3-ec686404e800,Furniture SKU-10976,Furniture,9403.23,False,False,False,False,631.98,Summit Suppliers
9a51eb6c-50b2-45fb-92f8-90306fbd389f,Pharma SKU-10977,Pharma,3004.66,False,False,True,False,123.95,Metro Suppliers
b3dd58bc-6d08-4041-9765-4614e04e538a,Consumer Goods SKU-10978,Consumer Goods,3926.11,False,False,False,False,691.78,Metro Suppliers
45ba1b5b-eaa8-4f4e-a48f-52d1ce706fb4,Food SKU-10979,Food,2106.43,False,True,True,False,354.59,Eastern Suppliers
b3ec4727-3e10-4c70-8f13-844222e490a2,Furniture SKU-10980,Furniture,9403.75,False,False,False,False,637.28,Eastern Suppliers
ee610a37-299e-498d-a08c-5047aaa02402,Furniture SKU-10981,Furniture,9403.87,False,False,False,True,808.15,Pacific Suppliers
346e0bc3-d19b-441a-a94c-fb47189d96ac,Machinery SKU-10982,Machinery,8479.95,False,False,False,False,223.37,Eastern Suppliers
fddbbe99-f8e6-4cb4-9558-1cbdfd031b85,Furniture SKU-10983,Furniture,9403.38,False,False,False,False,305.54,Summit Suppliers
c65291e7-2e9e-431f-a0b2-46bcd9223293,Furniture SKU-10984,Furniture,9403.13,False,False,False,True,286.1,Eastern Suppliers
75a46d8c-cd86-4159-add4-3e43f00d6b2d,Automotive Parts SKU-10985,Automotive Parts,8708.9,False,False,False,False,80.74,Nova Suppliers
01a3e411-e6fd-4624-a11c-9528b9f9825c,Furniture SKU-10986,Furniture,9403.32,False,False,False,True,236.13,Metro Suppliers
da48b30f-a59f-42e4-846b-8bb07ce070d1,Automotive Parts SKU-10987,Automotive Parts,8708.35,False,False,False,False,432.71,Summit Suppliers
e2c9960b-c64d-44ba-985a-724c89c9a8d5,Chemicals SKU-10988,Chemicals,3824.44,True,False,False,False,27.49,Metro Suppliers
e2ae2361-098f-46ae-9254-1a1a2d307238,Consumer Goods SKU-10989,Consumer Goods,3926.77,False,False,False,False,382.64,Pacific Suppliers
50170e58-80c5-4b4a-8c61-62b9b610ec5d,Textiles SKU-10990,Textiles,6204.43,False,False,False,False,27.66,Unity Suppliers
d4345d1c-5bdd-4ae4-b94f-370cbeb3c1ad,Food SKU-10991,Food,2106.68,False,True,True,False,845.67,Metro Suppliers
6b89cd37-9ca6-4f27-b498-45fec71e1e66,Automotive Parts SKU-10992,Automotive Parts,8708.27,False,False,False,False,775.82,Unity Suppliers
10c48de5-c26f-423c-a4c3-e46f25920a17,Furniture SKU-10993,Furniture,9403.57,False,False,False,False,199.11,Pacific Suppliers
ef22fb6d-9568-437d-bb40-7aaf7f2f0c6d,Pharma SKU-10994,Pharma,3004.12,False,False,False,False,411.53,Pacific Suppliers
54439fe4-0327-4eb3-93cc-33c1e8b2a536,Textiles SKU-10995,Textiles,6204.64,False,False,False,False,57.22,Metro Suppliers
65da371a-285d-441c-beb5-21c2dedfe9d3,Pharma SKU-10996,Pharma,3004.95,False,True,True,False,537.88,Pacific Suppliers
43c0f46b-36b1-4329-9328-ae253a50fffc,Furniture SKU-10997,Furniture,9403.79,False,False,False,True,670.41,Pacific Suppliers
a0d70299-8ef6-4182-a54c-017c4dacadeb,Textiles SKU-10998,Textiles,6204.31,False,False,False,False,87.33,Pacific Suppliers
1ca83c63-9d17-4e27-8240-04cc71765b5c,Machinery SKU-10999,Machinery,8479.88,False,False,False,False,196.04,Nova Suppliers
46ac2531-2ebe-49a1-acb6-da353aeb6acc,Furniture SKU-11000,Furniture,9403.81,False,False,False,True,403.74,Pacific Suppliers
386e44f9-e38d-40a9-927c-2080fd25c858,Chemicals SKU-11001,Chemicals,3824.67,True,False,False,False,138.1,Metro Suppliers
86107566-a6ea-4355-987e-d1f01e72464b,Machinery SKU-11002,Machinery,8479.45,False,False,False,False,842.1,Summit Suppliers
2afa4d06-5841-4388-bd41-af2d3cafed7b,Consumer Goods SKU-11003,Consumer Goods,3926.63,False,False,False,False,722.57,Eastern Suppliers
03bdc466-db13-472c-82b8-7db3636be9c6,Consumer Goods SKU-11004,Consumer Goods,3926.39,False,False,False,False,788.08,Nova Suppliers
25eeca47-0448-47b2-a623-918e9db80ec6,Machinery SKU-11005,Machinery,8479.31,False,False,False,False,689.28,Summit Suppliers
b50cff3e-2fbb-4d13-a36d-e2faee4dc655,Medical Devices SKU-11006,Medical Devices,9018.69,False,False,True,True,4.32,Unity Suppliers
985790a9-b9de-415c-a2f1-6b788a6a1713,Chemicals SKU-11007,Chemicals,3824.36,True,False,False,False,465.2,Metro Suppliers
eba42505-2a01-4784-b88c-70995677c90d,Chemicals SKU-11008,Chemicals,3824.99,False,False,False,False,777.54,Nova Suppliers
aa4c9586-64e4-41fe-9bd1-d18b4a1335c9,Pharma SKU-11009,Pharma,3004.96,False,False,True,False,37.26,Nova Suppliers
03742ece-d9b8-4476-adf3-90626d0c38a8,Chemicals SKU-11010,Chemicals,3824.76,True,False,False,False,159.88,Pacific Suppliers
2cce1cc4-285a-4e7a-8e6c-7c0d7a91136f,Machinery SKU-11011,Machinery,8479.72,False,False,False,False,104.52,Eastern Suppliers
8c3e10e3-e89e-4933-945c-58b9447b9edf,Medical Devices SKU-11012,Medical Devices,9018.96,False,False,True,False,803.73,Eastern Suppliers
c4c87673-3db0-4a06-8ae1-1b63a19b5d26,Electronics SKU-11013,Electronics,8517.92,False,False,False,False,821.52,Metro Suppliers
2a2a5f94-3780-4b78-91d8-69652399ef7a,Furniture SKU-11014,Furniture,9403.94,False,False,False,False,246.92,Summit Suppliers
b8ef7d55-ae79-49e1-9aaf-f44e9467d762,Pharma SKU-11015,Pharma,3004.71,False,False,False,False,751.18,Metro Suppliers
f1ec4d5d-5e0c-4d6f-bc9d-765fccaf70a6,Pharma SKU-11016,Pharma,3004.14,False,True,True,False,602.47,Nova Suppliers
40549854-07f6-4007-86e3-3d6d956788cc,Food SKU-11017,Food,2106.74,False,False,True,False,101.12,Nova Suppliers
fe05445a-9c31-4c5a-aed6-bc2e52b882ce,Electronics SKU-11018,Electronics,8517.3,False,False,False,True,224.61,Eastern Suppliers
b1e46254-696c-4723-ae8c-a83f118f10fb,Pharma SKU-11019,Pharma,3004.67,False,False,True,False,229.73,Nova Suppliers
a570f585-1916-44f6-a818-3daaefaf21f6,Textiles SKU-11020,Textiles,6204.87,False,False,False,False,3.17,Summit Suppliers
092780a8-290a-4cf4-841e-36f0075d84c1,Furniture SKU-11021,Furniture,9403.2,False,False,False,False,198.38,Unity Suppliers
ea4f7ef1-c58d-4072-acb3-4a7e188597b4,Electronics SKU-11022,Electronics,8517.27,False,False,False,False,498.13,Metro Suppliers
e58da81d-ed18-439d-ac2c-5a2fd2057ad6,Medical Devices SKU-11023,Medical Devices,9018.3,False,False,False,False,113.07,Nova Suppliers
7b701078-778b-4437-acd2-fb49b26b70d6,Machinery SKU-11024,Machinery,8479.49,False,False,False,False,332.09,Summit Suppliers
ed69195c-510b-4f71-ae5b-83e3c09d8bf6,Automotive Parts SKU-11025,Automotive Parts,8708.54,False,False,False,False,289.65,Pacific Suppliers
8dda9f54-d60c-49d0-a607-cfb10be9e5bc,Machinery SKU-11026,Machinery,8479.28,False,False,False,False,71.14,Eastern Suppliers
152c03dc-03fe-4122-ae5c-0225330193de,Furniture SKU-11027,Furniture,9403.56,False,False,False,True,848.97,Metro Suppliers
c2b6acd0-e64f-4b2c-a7b4-8c94373e2899,Textiles SKU-11028,Textiles,6204.7,False,False,False,False,607.62,Eastern Suppliers
424f9616-adf9-4d75-8a69-f175bac5e93c,Furniture SKU-11029,Furniture,9403.27,False,False,False,True,678.37,Pacific Suppliers
1ff96559-ff8d-4d84-b499-12ed349f7dd3,Machinery SKU-11030,Machinery,8479.97,False,False,False,False,849.41,Unity Suppliers
7a1cc61b-1e43-4790-9cb4-29719a92e21e,Medical Devices SKU-11031,Medical Devices,9018.4,False,False,True,True,434.72,Unity Suppliers
a702f09a-cf5b-425e-a7c9-ebd16e45bf04,Food SKU-11032,Food,2106.46,False,False,True,False,28.74,Unity Suppliers
3de3e70b-dedd-47c1-9c60-d7e2473e9a7d,Automotive Parts SKU-11033,Automotive Parts,8708.7,False,False,False,False,67.48,Metro Suppliers
90df1463-6416-4add-8039-b39fc265a595,Food SKU-11034,Food,2106.28,False,False,True,False,582.49,Unity Suppliers
cf2fbe7f-7ed9-46c3-bfae-75b6823c80cb,Machinery SKU-11035,Machinery,8479.75,False,False,False,False,759.97,Pacific Suppliers
be0dd9fc-d764-40e2-b692-e4f36dc948a6,Chemicals SKU-11036,Chemicals,3824.86,True,False,False,False,182.08,Pacific Suppliers
4e602663-bf89-4aa6-af2a-d4e8be783502,Machinery SKU-11037,Machinery,8479.18,False,False,False,False,659.39,Metro Suppliers
dda04ed8-379a-4f32-bb25-607b2741d509,Machinery SKU-11038,Machinery,8479.42,False,False,False,False,132.83,Metro Suppliers
6901abc7-7143-425f-99cb-e58231eeda4e,Automotive Parts SKU-11039,Automotive Parts,8708.56,False,False,False,False,175.0,Summit Suppliers
45a0cf72-2871-41c0-bede-3ca158b3a93c,Medical Devices SKU-11040,Medical Devices,9018.3,False,False,True,False,756.5,Unity Suppliers
5337ffbb-dbc3-4400-b725-1ea316f65b4d,Pharma SKU-11041,Pharma,3004.12,False,True,True,False,169.13,Pacific Suppliers
269454c0-00bc-47ac-8fcc-64c6b399a147,Medical Devices SKU-11042,Medical Devices,9018.81,False,False,True,True,239.55,Eastern Suppliers
d83fa22d-c3ca-4897-9208-66350a0ccd99,Medical Devices SKU-11043,Medical Devices,9018.32,False,False,False,True,144.48,Nova Suppliers
faa43430-bc03-4053-9229-19318b7b1719,Medical Devices SKU-11044,Medical Devices,9018.16,False,False,True,True,763.63,Eastern Suppliers
68a12d49-ba48-421b-8da5-263325871763,Chemicals SKU-11045,Chemicals,3824.32,False,False,False,False,18.89,Metro Suppliers
ed95076d-5d34-4645-b6f0-2a226ddb20c9,Textiles SKU-11046,Textiles,6204.31,False,False,False,False,301.84,Pacific Suppliers
72169cea-6906-4869-864a-e15c7d2597e8,Chemicals SKU-11047,Chemicals,3824.83,True,False,False,False,283.31,Eastern Suppliers
a0a797bd-c6ce-4e75-a407-f0c79783a518,Automotive Parts SKU-11048,Automotive Parts,8708.81,False,False,False,False,646.31,Metro Suppliers
09a19b5d-ba59-4c55-99f5-5f8845b3fb85,Pharma SKU-11049,Pharma,3004.65,False,True,False,False,521.83,Summit Suppliers
b43a356a-f2e7-44a9-b12e-05f3282b5ae9,Automotive Parts SKU-11050,Automotive Parts,8708.19,False,False,False,False,439.44,Nova Suppliers
422f1e6f-320a-4467-addd-2ba63c4ffbdb,Chemicals SKU-11051,Chemicals,3824.73,True,False,False,False,282.23,Unity Suppliers
5a3946b2-f4f0-44a0-a7de-ed8a13e4d3c1,Furniture SKU-11052,Furniture,9403.85,False,False,False,True,21.76,Pacific Suppliers
0543baf9-f7cd-4ee6-aa79-e41c63308070,Machinery SKU-11053,Machinery,8479.21,False,False,False,False,272.29,Eastern Suppliers
858b2c6f-342c-40ae-8db8-07bf1c8587c0,Automotive Parts SKU-11054,Automotive Parts,8708.46,False,False,False,False,820.63,Pacific Suppliers
21f49149-031b-48bd-9ef1-40fd232ba650,Food SKU-11055,Food,2106.7,False,False,True,False,565.0,Eastern Suppliers
79f83f6f-4ab4-4084-beac-79e4e024d45b,Food SKU-11056,Food,2106.33,False,False,True,False,615.01,Metro Suppliers
fcce2794-c8e5-4efb-a7c3-d2c36ce38b41,Chemicals SKU-11057,Chemicals,3824.82,True,False,False,False,518.19,Unity Suppliers
1400bfc7-252d-4223-af3c-a1d696638946,Automotive Parts SKU-11058,Automotive Parts,8708.75,False,False,False,False,324.43,Unity Suppliers
bcd878ee-e33f-4c47-81e6-a26ec61177c1,Medical Devices SKU-11059,Medical Devices,9018.81,False,False,True,True,807.44,Summit Suppliers
47973a9b-01e3-4a75-9ac4-43ff330ed18d,Food SKU-11060,Food,2106.76,False,False,False,False,585.24,Pacific Suppliers
d1bfb724-6ba7-4565-a087-3a7b05a6e633,Medical Devices SKU-11061,Medical Devices,9018.16,False,False,True,False,782.17,Unity Suppliers
468e6d20-6e06-41fd-87ae-d36f956236ed,Automotive Parts SKU-11062,Automotive Parts,8708.34,False,False,False,False,590.26,Pacific Suppliers
dd3c9d20-4afe-422d-b824-6353682a4e6b,Furniture SKU-11063,Furniture,9403.75,False,False,False,True,78.51,Metro Suppliers
7c9950e3-79ed-43d6-8e15-930e876958ba,Pharma SKU-11064,Pharma,3004.53,False,True,False,False,536.37,Pacific Suppliers
c094227e-f978-4009-bc40-df0c9912ffac,Consumer Goods SKU-11065,Consumer Goods,3926.47,False,False,False,False,774.72,Pacific Suppliers
7dad9581-afe5-48fa-8850-f625870868a5,Machinery SKU-11066,Machinery,8479.29,False,False,False,False,136.21,Metro Suppliers
deff68a5-2bbc-4608-960c-d8068c06657b,Machinery SKU-11067,Machinery,8479.2,False,False,False,False,301.07,Metro Suppliers
55d0ea3a-7cf8-47ea-b9a8-0de54df626d8,Furniture SKU-11068,Furniture,9403.18,False,False,False,True,114.97,Summit Suppliers
245520b4-7d97-40cc-96f7-8a4fbb3490f7,Medical Devices SKU-11069,Medical Devices,9018.5,False,False,False,False,262.26,Summit Suppliers
12a90afd-bffd-4644-839d-cc2fff6cacd9,Consumer Goods SKU-11070,Consumer Goods,3926.41,False,False,False,False,672.81,Eastern Suppliers
8ccf6bac-a73c-4417-bd29-1479d2b3ac76,Food SKU-11071,Food,2106.47,False,False,False,False,224.43,Eastern Suppliers
b059987d-0852-44eb-b10b-9499d65e7ce6,Automotive Parts SKU-11072,Automotive Parts,8708.98,False,False,False,False,530.98,Nova Suppliers
51115b34-621d-41cc-b86a-bf9107c5b8d0,Medical Devices SKU-11073,Medical Devices,9018.93,False,False,True,True,242.36,Nova Suppliers
05421bd6-79b2-424e-afe6-ee2a1ed490cc,Consumer Goods SKU-11074,Consumer Goods,3926.92,False,False,False,False,348.64,Metro Suppliers
97dd5b17-fab4-43fb-9a9f-1e6dde169beb,Medical Devices SKU-11075,Medical Devices,9018.59,False,False,False,True,74.28,Nova Suppliers
a8f64b9f-3a6c-4a8c-8bc5-e5cb01d3fa1a,Medical Devices SKU-11076,Medical Devices,9018.97,False,False,True,True,593.49,Metro Suppliers
b349de7f-4acd-4f17-bca1-fdaf9a3af9b8,Furniture SKU-11077,Furniture,9403.15,False,False,False,False,50.47,Metro Suppliers
6d5ba1a6-e2cf-474a-bb7e-c7a458fa7fb4,Furniture SKU-11078,Furniture,9403.58,False,False,False,True,562.82,Summit Suppliers
c13aafac-5e9a-433e-b9d5-28384bade0c3,Textiles SKU-11079,Textiles,6204.45,False,False,False,False,78.3,Eastern Suppliers
1509f545-6247-422e-a147-e8103dde4c62,Chemicals SKU-11080,Chemicals,3824.77,True,False,False,False,780.43,Eastern Suppliers
f2065ff1-767e-4a72-957f-9d1c10a569d7,Electronics SKU-11081,Electronics,8517.52,False,False,False,False,797.48,Nova Suppliers
089eba6e-e1f9-4efc-a529-f566dede5660,Machinery SKU-11082,Machinery,8479.38,False,False,False,False,259.47,Unity Suppliers
80687dc8-cab1-4efc-9f5c-7a349cbfb29b,Automotive Parts SKU-11083,Automotive Parts,8708.2,False,False,False,False,265.48,Eastern Suppliers
2663d70c-57b5-43f8-917e-6ebe7034629a,Consumer Goods SKU-11084,Consumer Goods,3926.55,False,False,False,False,159.81,Unity Suppliers
4962c582-f01b-4138-b3eb-a57407ef7398,Electronics SKU-11085,Electronics,8517.49,False,False,False,True,446.33,Pacific Suppliers
8ad85af3-f424-46b6-9de9-80b0fbc6cd59,Textiles SKU-11086,Textiles,6204.75,False,False,False,False,286.78,Pacific Suppliers
1e5f7bd8-3329-4829-a617-d6f6bda963ef,Chemicals SKU-11087,Chemicals,3824.84,False,False,False,False,655.06,Eastern Suppliers
53f9f9d2-9d94-4ed0-8317-b810e416cf85,Furniture SKU-11088,Furniture,9403.5,False,False,False,True,819.16,Summit Suppliers
c02e36cf-cd77-42d1-9f0e-7079b11db991,Textiles SKU-11089,Textiles,6204.74,False,False,False,False,780.13,Pacific Suppliers
1a580855-e23e-4e6e-aa68-d3e5218b6e4a,Automotive Parts SKU-11090,Automotive Parts,8708.96,False,False,False,False,186.62,Eastern Suppliers
4ebe26fb-8798-4be9-ae90-ff877bc2cf97,Furniture SKU-11091,Furniture,9403.23,False,False,False,False,676.17,Summit Suppliers
23540ff0-4e80-43b5-b383-8ad96d2a68e8,Furniture SKU-11092,Furniture,9403.46,False,False,False,False,75.31,Eastern Suppliers
97a1ffe3-54c1-4cf7-b3a5-06643b9225dd,Machinery SKU-11093,Machinery,8479.12,False,False,False,False,204.29,Metro Suppliers
e46b2bd6-f295-49ff-bc86-c9d2136f8fd9,Chemicals SKU-11094,Chemicals,3824.98,False,False,False,False,273.73,Eastern Suppliers
01d8c38c-9c02-4509-9b46-6b38c3294b67,Chemicals SKU-11095,Chemicals,3824.14,False,False,False,False,449.96,Pacific Suppliers
4d51d4b5-734d-4b9f-8de4-497a5c2f03ec,Medical Devices SKU-11096,Medical Devices,9018.1,False,False,False,True,176.96,Metro Suppliers
43cf0523-08f8-4997-ac51-63db24c1623d,Furniture SKU-11097,Furniture,9403.23,False,False,False,False,174.95,Nova Suppliers
ff63f329-2167-4261-8771-4cdc91c9ec75,Automotive Parts SKU-11098,Automotive Parts,8708.94,False,False,False,False,236.33,Nova Suppliers
7f769358-234a-4ec6-99ef-3536a933a844,Consumer Goods SKU-11099,Consumer Goods,3926.63,False,False,False,False,211.48,Unity Suppliers
25510a68-31d1-4e4e-b8f5-38b29e883c5c,Electronics SKU-11100,Electronics,8517.73,False,False,False,True,581.52,Pacific Suppliers
67deb074-8de5-4fde-beb2-c6ad4b07728c,Medical Devices SKU-11101,Medical Devices,9018.71,False,False,True,False,459.62,Eastern Suppliers
302c7839-25fb-4c11-8597-0f544edf9bac,Chemicals SKU-11102,Chemicals,3824.78,False,False,False,False,644.76,Summit Suppliers
afc08e51-5c7d-4248-bdca-2b5291fa4f97,Furniture SKU-11103,Furniture,9403.25,False,False,False,False,13.87,Metro Suppliers
93b88dea-824c-40eb-baa2-9b066165c618,Machinery SKU-11104,Machinery,8479.71,False,False,False,False,270.82,Summit Suppliers
8021534e-471b-4149-9556-da16c2f9832e,Chemicals SKU-11105,Chemicals,3824.25,False,False,False,False,339.78,Nova Suppliers
2d4126c4-b7cd-4c2f-a577-0774b34e0fa6,Food SKU-11106,Food,2106.44,False,True,True,False,408.18,Summit Suppliers
e9448fcd-9a80-450e-b46d-d7f15436c3cb,Electronics SKU-11107,Electronics,8517.87,False,False,False,False,444.88,Metro Suppliers
e83d9270-39fb-4f09-b192-0ded846db38a,Furniture SKU-11108,Furniture,9403.6,False,False,False,False,507.62,Summit Suppliers
8e475a2d-78ed-4b84-b4bf-6a9362f8235e,Medical Devices SKU-11109,Medical Devices,9018.51,False,False,True,False,615.92,Metro Suppliers
8d714905-6431-447d-8ef4-deebcab452fa,Consumer Goods SKU-11110,Consumer Goods,3926.63,False,False,False,False,90.69,Summit Suppliers
d898de50-08f0-4a3a-9c88-769b9c647c35,Food SKU-11111,Food,2106.28,False,False,False,False,443.38,Metro Suppliers
76a12009-eaf1-4167-a506-9dcb1aef5284,Automotive Parts SKU-11112,Automotive Parts,8708.81,False,False,False,False,308.79,Eastern Suppliers
172c8a64-c1bf-48c1-b14e-0aff1b367299,Electronics SKU-11113,Electronics,8517.52,False,False,False,False,570.79,Pacific Suppliers
fd02bf3c-1d65-4806-a01b-9b9da8fef8bf,Machinery SKU-11114,Machinery,8479.41,False,False,False,False,547.99,Metro Suppliers
e5a265c5-e943-4a3f-86d4-d8a6abc451f5,Automotive Parts SKU-11115,Automotive Parts,8708.16,False,False,False,False,502.76,Nova Suppliers
4c721d08-b663-4b5b-86ef-d9fc52af2608,Medical Devices SKU-11116,Medical Devices,9018.97,False,False,False,True,511.35,Metro Suppliers
974d53c0-0fe9-46e8-b05f-e71065163558,Machinery SKU-11117,Machinery,8479.41,False,False,False,False,477.61,Eastern Suppliers
215ad895-9972-455c-9d3d-cbc4ec9cc493,Pharma SKU-11118,Pharma,3004.88,False,False,True,False,121.41,Nova Suppliers
375a708f-2dfb-4a6b-ba4e-df5ea72f88f1,Automotive Parts SKU-11119,Automotive Parts,8708.56,False,False,False,False,760.67,Eastern Suppliers
d6447384-8180-417e-b59e-2edda540c835,Consumer Goods SKU-11120,Consumer Goods,3926.56,False,False,False,False,207.76,Nova Suppliers
abf637fd-c642-431c-b185-eaadf4d728df,Furniture SKU-11121,Furniture,9403.24,False,False,False,True,407.33,Summit Suppliers
8975ff60-4d81-406e-8c3d-308bba4a0090,Machinery SKU-11122,Machinery,8479.32,False,False,False,False,108.24,Pacific Suppliers
30ec8b1e-d846-4263-9a43-47c5a3f8f252,Furniture SKU-11123,Furniture,9403.66,False,False,False,False,50.37,Nova Suppliers
bbc3c31f-023b-4688-bb1c-1be6a2e44680,Textiles SKU-11124,Textiles,6204.31,False,False,False,False,408.88,Summit Suppliers
6a6d21df-679c-4f3c-84fd-13592862218d,Food SKU-11125,Food,2106.76,False,True,False,False,255.11,Pacific Suppliers
bd5f25ba-33ca-4d9a-b226-4c9da75eb37a,Machinery SKU-11126,Machinery,8479.43,False,False,False,False,72.67,Summit Suppliers
c1ccddda-0c46-4cd7-a38c-002ae7afe578,Electronics SKU-11127,Electronics,8517.92,False,False,False,False,411.11,Nova Suppliers
db43e672-1bf6-48fc-b540-b979deec7d9c,Chemicals SKU-11128,Chemicals,3824.39,False,False,False,False,771.5,Eastern Suppliers
1fbb3001-6313-43e8-bd19-780d1bd30c9a,Food SKU-11129,Food,2106.45,False,False,True,False,328.03,Nova Suppliers
2080c48b-a06f-4971-8dcc-a95ade420555,Chemicals SKU-11130,Chemicals,3824.28,False,False,False,False,552.63,Eastern Suppliers
ed521f38-3a56-4c0f-baef-d566e8bd64e6,Furniture SKU-11131,Furniture,9403.65,False,False,False,True,476.13,Eastern Suppliers
e14d33f4-16ee-4432-baed-ccd87e5482c7,Consumer Goods SKU-11132,Consumer Goods,3926.16,False,False,False,False,800.65,Nova Suppliers
b408f84b-c75f-450f-a93a-1efc96a40898,Textiles SKU-11133,Textiles,6204.65,False,False,False,False,428.36,Summit Suppliers
22029371-52c6-4e81-98ba-06200ef5ff53,Machinery SKU-11134,Machinery,8479.84,False,False,False,False,51.99,Unity Suppliers
dd80627e-d710-41de-a1a3-9e6bbcc9a56c,Food SKU-11135,Food,2106.39,False,True,False,False,657.35,Metro Suppliers
058dc349-908a-4827-9943-d51cac8489e7,Pharma SKU-11136,Pharma,3004.36,False,False,True,False,821.05,Unity Suppliers
d06dda88-a71a-4c39-9afc-b4f6c68df13d,Textiles SKU-11137,Textiles,6204.56,False,False,False,False,841.81,Summit Suppliers
d3717eb0-b02c-4dab-b6b7-48265bef1789,Automotive Parts SKU-11138,Automotive Parts,8708.34,False,False,False,False,430.63,Summit Suppliers
95853736-ab52-4b48-bbbd-e889d13ab34b,Machinery SKU-11139,Machinery,8479.71,False,False,False,False,415.08,Nova Suppliers
ebaaaaaf-d348-4a29-b54f-a4ec71ea543b,Textiles SKU-11140,Textiles,6204.31,False,False,False,False,801.29,Summit Suppliers
965ed344-4117-4aad-ab77-9a1e16c27dc6,Machinery SKU-11141,Machinery,8479.56,False,False,False,False,501.96,Eastern Suppliers
250662b0-ee58-4af1-ac41-187a2664fdf8,Consumer Goods SKU-11142,Consumer Goods,3926.18,False,False,False,False,373.2,Unity Suppliers
50f65f87-89cf-4524-a355-29fb958751e5,Furniture SKU-11143,Furniture,9403.76,False,False,False,False,444.53,Summit Suppliers
bfd7d332-46d9-4863-87bc-6f581b2728c9,Medical Devices SKU-11144,Medical Devices,9018.33,False,False,True,False,480.28,Pacific Suppliers
29918b3f-50b4-4efe-a817-5c1dff6d853e,Automotive Parts SKU-11145,Automotive Parts,8708.14,False,False,False,False,334.99,Eastern Suppliers
0ccf764f-2072-41f4-b507-344e1040b8f2,Electronics SKU-11146,Electronics,8517.68,False,False,False,True,723.77,Pacific Suppliers
2c6575eb-e908-4c6c-b2b4-75e05f351280,Machinery SKU-11147,Machinery,8479.64,False,False,False,False,83.89,Summit Suppliers
028ae447-f919-4e2b-83b9-24968f362fc4,Automotive Parts SKU-11148,Automotive Parts,8708.12,False,False,False,False,708.62,Metro Suppliers
9e366d3c-77f3-441a-962d-25cfc07e52c2,Medical Devices SKU-11149,Medical Devices,9018.77,False,False,True,False,56.84,Unity Suppliers
8c7bb3ba-47a4-4fe1-bf67-156b979ac088,Machinery SKU-11150,Machinery,8479.99,False,False,False,False,755.4,Metro Suppliers
1a7fdaa7-9518-43a5-8d5f-0568d034ba12,Machinery SKU-11151,Machinery,8479.39,False,False,False,False,601.55,Eastern Suppliers
74227fab-5b2f-4925-a8f8-170c79cf408a,Furniture SKU-11152,Furniture,9403.54,False,False,False,True,413.64,Nova Suppliers
8a962904-c5dd-48f2-b1dc-903c1d6d642c,Furniture SKU-11153,Furniture,9403.38,False,False,False,True,463.14,Nova Suppliers
9a3f15d6-2df6-47c3-a6fc-80478886f711,Furniture SKU-11154,Furniture,9403.39,False,False,False,True,512.01,Nova Suppliers
b31474a2-e3c8-4e87-aad6-9fb2bea268e2,Medical Devices SKU-11155,Medical Devices,9018.1,False,False,True,True,77.0,Summit Suppliers
ba9eeac0-1c2b-4a63-a835-543bcf8ed25b,Pharma SKU-11156,Pharma,3004.21,False,False,True,False,166.23,Unity Suppliers
4dd23710-7872-4ea3-bf9d-1ba0bb989f09,Pharma SKU-11157,Pharma,3004.11,False,False,True,False,336.03,Eastern Suppliers
2f87b19a-fabf-4305-a9fa-36ebe3bf1fb5,Pharma SKU-11158,Pharma,3004.89,False,False,True,False,389.73,Summit Suppliers
2a0c88ab-7872-497d-853c-47f942282d21,Electronics SKU-11159,Electronics,8517.49,False,False,False,True,551.41,Pacific Suppliers
f403dff5-cc82-4e21-8e24-804c8e521197,Automotive Parts SKU-11160,Automotive Parts,8708.34,False,False,False,False,555.21,Pacific Suppliers
a80d0adb-04ea-4c90-8211-7edf17e31571,Chemicals SKU-11161,Chemicals,3824.1,True,False,False,False,623.69,Nova Suppliers
dbd600a0-a5f2-45e3-94d7-edc886c637ca,Machinery SKU-11162,Machinery,8479.84,False,False,False,False,319.95,Summit Suppliers
9c16c4d1-fd46-428c-93db-629c1c8b3711,Electronics SKU-11163,Electronics,8517.1,False,False,False,False,178.95,Summit Suppliers
a096b91e-0b94-4efa-865b-41b0e0c7087e,Food SKU-11164,Food,2106.79,False,False,False,False,374.82,Pacific Suppliers
caefee59-4e4e-4649-b2bd-1f50da07b7cb,Textiles SKU-11165,Textiles,6204.31,False,False,False,False,304.0,Unity Suppliers
600fe483-438a-459e-9738-8220b1d49753,Pharma SKU-11166,Pharma,3004.59,False,False,False,False,318.15,Summit Suppliers
3466b836-f136-4781-8240-e81a9c32ac8e,Pharma SKU-11167,Pharma,3004.53,False,False,True,False,463.0,Summit Suppliers
48ba90e9-4faa-4a5f-98aa-467d96ef4de4,Electronics SKU-11168,Electronics,8517.66,False,False,False,True,536.06,Eastern Suppliers
d6aedc5f-498a-440b-81d8-a43a19375c58,Textiles SKU-11169,Textiles,6204.31,False,False,False,False,19.25,Metro Suppliers
5f03eb02-2e20-4b64-9e1e-a8b5fcfe99a3,Food SKU-11170,Food,2106.69,False,False,False,False,155.8,Eastern Suppliers
2f2f2bb3-d682-4f00-b089-6400c4d1012a,Consumer Goods SKU-11171,Consumer Goods,3926.67,False,False,False,False,512.88,Summit Suppliers
6b3257cf-f431-4bea-88c1-a9942f378321,Consumer Goods SKU-11172,Consumer Goods,3926.24,False,False,False,False,497.17,Metro Suppliers
c52925b3-a56e-43dd-aeb1-ec7cffaa20ca,Furniture SKU-11173,Furniture,9403.18,False,False,False,True,601.18,Nova Suppliers
a29cf210-f54d-4eaa-af86-150dfff6354b,Automotive Parts SKU-11174,Automotive Parts,8708.33,False,False,False,False,593.13,Summit Suppliers
b13aeeb4-b906-4b66-bac6-52fc3ca28e30,Pharma SKU-11175,Pharma,3004.64,False,False,True,False,210.41,Nova Suppliers
c97d6f89-f23d-4ee7-b33e-9aa9de0a8d36,Medical Devices SKU-11176,Medical Devices,9018.28,False,False,True,False,770.92,Nova Suppliers
af54cd81-3ae2-4d54-8826-0087150cf4a2,Machinery SKU-11177,Machinery,8479.89,False,False,False,False,814.42,Metro Suppliers
60b50b7a-2fb3-4af4-a081-eb9755e164b9,Textiles SKU-11178,Textiles,6204.45,False,False,False,False,112.62,Nova Suppliers
67623bdb-273c-40ad-b9e5-e877a2c7df33,Food SKU-11179,Food,2106.37,False,True,True,False,438.2,Eastern Suppliers
0efef08a-a831-47a2-a453-651b09920d0c,Chemicals SKU-11180,Chemicals,3824.11,False,False,False,False,36.79,Metro Suppliers
0c783612-37e5-487b-b2b8-594c254722fe,Food SKU-11181,Food,2106.76,False,True,True,False,421.54,Nova Suppliers
841294ba-6980-447b-8252-51bf8c23a0e6,Electronics SKU-11182,Electronics,8517.6,False,False,False,True,144.38,Unity Suppliers
70452cbe-6353-4a0b-b465-beefda2101aa,Furniture SKU-11183,Furniture,9403.79,False,False,False,True,320.45,Eastern Suppliers
e38dc591-6d06-4193-86fc-472d263806e3,Pharma SKU-11184,Pharma,3004.24,False,False,True,False,15.81,Pacific Suppliers
be92a46c-4a52-4d50-a1d1-3bd9876a7c69,Textiles SKU-11185,Textiles,6204.65,False,False,False,False,723.77,Unity Suppliers
2d71d741-7e53-4539-ac91-ee40d22885c3,Machinery SKU-11186,Machinery,8479.96,False,False,False,False,523.03,Eastern Suppliers
b00f4d59-6945-47c0-a132-e15cfa3fc87c,Food SKU-11187,Food,2106.14,False,False,True,False,342.25,Summit Suppliers
7d9badbd-6b69-42f3-9ca6-7ef188e8d967,Food SKU-11188,Food,2106.13,False,False,False,False,53.14,Pacific Suppliers
3cf17af6-67c5-4f56-abfc-b8b7e8a028bd,Food SKU-11189,Food,2106.67,False,True,False,False,257.39,Summit Suppliers
6e06200d-5612-4f37-92f0-3efba0e70241,Machinery SKU-11190,Machinery,8479.67,False,False,False,False,708.67,Nova Suppliers
c4cf9f73-0e15-446c-8c91-5d288c99fe14,Electronics SKU-11191,Electronics,8517.43,False,False,False,False,812.22,Nova Suppliers
ba7e1e04-ce4e-4312-af7b-81a5315b795a,Textiles SKU-11192,Textiles,6204.73,False,False,False,False,584.95,Summit Suppliers
92f93344-e1ac-4d43-a341-d8dec265cec1,Electronics SKU-11193,Electronics,8517.8,False,False,False,False,99.51,Pacific Suppliers
a4922200-8898-4207-b660-2cf899d45cc9,Machinery SKU-11194,Machinery,8479.88,False,False,False,False,421.13,Summit Suppliers
80dbea28-0eb4-4c81-844e-d5d3c5211299,Food SKU-11195,Food,2106.1,False,False,True,False,161.53,Unity Suppliers
438437a0-a4b7-4156-9a8e-e528c998a967,Chemicals SKU-11196,Chemicals,3824.5,False,False,False,False,563.11,Unity Suppliers
74abe7ca-a8d9-436c-ba69-a758f8cbe1ea,Electronics SKU-11197,Electronics,8517.41,False,False,False,True,265.49,Metro Suppliers
3c73e96d-1ccc-4fa2-b5b8-6773dca2be35,Machinery SKU-11198,Machinery,8479.24,False,False,False,False,685.1,Pacific Suppliers
da93f192-40df-476f-b218-b7a0929db267,Chemicals SKU-11199,Chemicals,3824.55,True,False,False,False,768.3,Unity Suppliers
2d951fb4-5f79-4731-8249-0ed26a10ddad,Furniture SKU-11200,Furniture,9403.31,False,False,False,False,116.42,Metro Suppliers
f3d444e6-f942-4a9b-977e-69f65535a710,Automotive Parts SKU-11201,Automotive Parts,8708.85,False,False,False,False,114.09,Eastern Suppliers
c05034ff-43c6-4fc1-b364-5d62f6d2f7a9,Automotive Parts SKU-11202,Automotive Parts,8708.56,False,False,False,False,833.15,Metro Suppliers
94d4dd95-2dfb-49e7-82c1-39809f475c28,Food SKU-11203,Food,2106.15,False,False,True,False,139.89,Nova Suppliers
efe87e4d-600b-4cb7-be37-d5d5de5146d9,Pharma SKU-11204,Pharma,3004.41,False,True,False,False,514.62,Nova Suppliers
3b8db752-f122-494c-92de-1fbd79d59008,Furniture SKU-11205,Furniture,9403.59,False,False,False,False,268.13,Nova Suppliers
e31884a0-d5bb-47cd-a226-b97d83002428,Chemicals SKU-11206,Chemicals,3824.96,True,False,False,False,329.09,Unity Suppliers
adde1e0e-02f9-4a8a-8f87-7b0d0614ab2d,Furniture SKU-11207,Furniture,9403.71,False,False,False,False,570.98,Nova Suppliers
39bfa5c4-6473-41a3-8eb5-2d239d06b964,Electronics SKU-11208,Electronics,8517.53,False,False,False,True,563.84,Pacific Suppliers
c7ddb8fe-e3c9-4d46-8b22-d06e3b7ef9ab,Textiles SKU-11209,Textiles,6204.79,False,False,False,False,771.05,Pacific Suppliers
883974e2-389a-4526-bb26-02a937b15ded,Machinery SKU-11210,Machinery,8479.62,False,False,False,False,723.24,Pacific Suppliers
99ab21ec-b46a-44fb-8487-21f08fc75ba3,Pharma SKU-11211,Pharma,3004.15,False,False,False,False,272.21,Eastern Suppliers
94f11aaa-d236-4a3f-a27e-35ad851f5905,Chemicals SKU-11212,Chemicals,3824.51,True,False,False,False,365.45,Unity Suppliers
0ebc9c32-8d64-4a51-900a-d3d55e41e651,Automotive Parts SKU-11213,Automotive Parts,8708.29,False,False,False,False,1.12,Pacific Suppliers
cd3f32fa-5d18-4b2b-ba9e-af34574fea40,Medical Devices SKU-11214,Medical Devices,9018.16,False,False,False,True,133.99,Eastern Suppliers
e852efd2-359a-4c6d-97ae-357169acdada,Automotive Parts SKU-11215,Automotive Parts,8708.47,False,False,False,False,386.31,Summit Suppliers
4c0de613-6571-4dcb-9a35-51e35fb9b721,Medical Devices SKU-11216,Medical Devices,9018.41,False,False,False,True,335.53,Nova Suppliers
82b8f232-7467-4442-815d-527477cc5f88,Consumer Goods SKU-11217,Consumer Goods,3926.82,False,False,False,False,151.18,Nova Suppliers
3c41e2f1-e5f5-4c02-a777-499a54aa8a10,Medical Devices SKU-11218,Medical Devices,9018.25,False,False,True,False,46.83,Eastern Suppliers
50ccb238-a276-4702-bd7d-f3576d82720e,Furniture SKU-11219,Furniture,9403.75,False,False,False,True,695.15,Metro Suppliers
42190b00-431c-4bba-a90f-289fd5531f08,Chemicals SKU-11220,Chemicals,3824.5,False,False,False,False,506.53,Unity Suppliers
29c3bbbb-f54a-4916-9e65-170081508810,Medical Devices SKU-11221,Medical Devices,9018.8,False,False,True,True,469.27,Unity Suppliers
35be5ce8-22d3-40a0-80fc-51a8f79d9a01,Medical Devices SKU-11222,Medical Devices,9018.45,False,False,True,True,165.53,Eastern Suppliers
17a4e2c7-7956-4d17-a8dc-47fd76300956,Furniture SKU-11223,Furniture,9403.9,False,False,False,True,643.21,Metro Suppliers
a412981e-60af-4f57-b666-6ee89caa0d3c,Furniture SKU-11224,Furniture,9403.78,False,False,False,True,612.86,Metro Suppliers
575d9e34-0f02-425b-8625-5daa1e86235d,Pharma SKU-11225,Pharma,3004.74,False,True,True,False,398.55,Metro Suppliers
b833e863-8cf1-4909-9f58-331e2e4543f0,Medical Devices SKU-11226,Medical Devices,9018.55,False,False,False,False,492.54,Eastern Suppliers
5172aafe-180b-4577-871a-3b814b35cc4e,Chemicals SKU-11227,Chemicals,3824.27,True,False,False,False,778.98,Summit Suppliers
5d5c8d99-28da-42f8-ae69-6f0856fa3e54,Automotive Parts SKU-11228,Automotive Parts,8708.97,False,False,False,False,848.87,Pacific Suppliers
1dacdf5a-12a6-4e60-a5ea-a8b67da9db3b,Textiles SKU-11229,Textiles,6204.71,False,False,False,False,151.39,Unity Suppliers
50e764ca-9ea1-4285-8faa-c0a7d1e61e03,Machinery SKU-11230,Machinery,8479.5,False,False,False,False,265.23,Metro Suppliers
b7a3c9b7-b72a-477b-b270-be15585e65a4,Chemicals SKU-11231,Chemicals,3824.52,True,False,False,False,89.93,Unity Suppliers
37f0c85b-6290-446e-abff-b8acab1a340a,Pharma SKU-11232,Pharma,3004.83,False,True,True,False,640.31,Metro Suppliers
da517b2f-5943-41ee-9402-f31ceb8d1dae,Electronics SKU-11233,Electronics,8517.18,False,False,False,True,795.48,Metro Suppliers
fb665b2e-dd23-47a7-8aeb-a4a7b7424ed6,Food SKU-11234,Food,2106.89,False,True,False,False,578.2,Metro Suppliers
430d8021-801b-4e71-ac39-78072f767ec6,Medical Devices SKU-11235,Medical Devices,9018.53,False,False,False,False,322.98,Nova Suppliers
7b288a77-8502-4819-a060-6004f5ee6fcd,Furniture SKU-11236,Furniture,9403.19,False,False,False,False,30.74,Metro Suppliers
b9e9239b-1d9f-4ee0-bf83-99a51b73773b,Machinery SKU-11237,Machinery,8479.86,False,False,False,False,49.23,Summit Suppliers
08559c1b-4526-443d-b190-acb5aef51de0,Electronics SKU-11238,Electronics,8517.29,False,False,False,True,51.41,Unity Suppliers
4120e3f4-6023-4a55-8df1-761444f5253a,Machinery SKU-11239,Machinery,8479.95,False,False,False,False,126.75,Nova Suppliers
5c040d86-d5c4-4d4f-b863-f202158d4e99,Automotive Parts SKU-11240,Automotive Parts,8708.86,False,False,False,False,556.86,Nova Suppliers
3490d748-99c4-4134-9533-4b916c9ac449,Machinery SKU-11241,Machinery,8479.29,False,False,False,False,823.2,Unity Suppliers
dd7ae5c3-3dc9-4330-be42-cc13ca1f6a9f,Textiles SKU-11242,Textiles,6204.9,False,False,False,False,592.73,Summit Suppliers
39c2039e-b74c-459e-a8f6-580c6f30ebd0,Machinery SKU-11243,Machinery,8479.59,False,False,False,False,318.89,Unity Suppliers
43a614a4-9f75-4306-8e78-d5c8de4bf588,Medical Devices SKU-11244,Medical Devices,9018.46,False,False,False,True,142.28,Nova Suppliers
b3968509-27d8-4b31-943d-bcc020936b17,Textiles SKU-11245,Textiles,6204.8,False,False,False,False,17.91,Nova Suppliers
55a0cf7b-cbdd-4343-b5a0-b30ad2fda15b,Furniture SKU-11246,Furniture,9403.56,False,False,False,False,149.17,Nova Suppliers
d9c8c01c-a119-4859-b31f-1fbb526900ee,Consumer Goods SKU-11247,Consumer Goods,3926.39,False,False,False,False,706.57,Pacific Suppliers
ca2b91e5-d6da-4a6f-b3d2-73f4eca48921,Machinery SKU-11248,Machinery,8479.44,False,False,False,False,116.73,Pacific Suppliers
3b914bef-7cf0-41ff-b197-bb095701229f,Consumer Goods SKU-11249,Consumer Goods,3926.98,False,False,False,False,702.92,Metro Suppliers
a305cb80-8e19-42a0-abc2-489488042e33,Machinery SKU-11250,Machinery,8479.74,False,False,False,False,268.34,Summit Suppliers
a085b33a-8998-4502-828f-1ab775aa65f4,Machinery SKU-11251,Machinery,8479.25,False,False,False,False,690.87,Nova Suppliers
8ea92a09-3525-4597-8d5a-15f92f5555d5,Automotive Parts SKU-11252,Automotive Parts,8708.94,False,False,False,False,182.22,Unity Suppliers
1241a10e-ee1e-4e1e-92a5-f620817e8601,Consumer Goods SKU-11253,Consumer Goods,3926.34,False,False,False,False,591.09,Unity Suppliers
6195db3e-3b72-4347-9e93-862efc68370f,Medical Devices SKU-11254,Medical Devices,9018.23,False,False,True,True,717.12,Nova Suppliers
1c34e653-03f5-435e-b2f3-1a0d064fa5cc,Electronics SKU-11255,Electronics,8517.55,False,False,False,True,476.74,Pacific Suppliers
1c11e9c2-22e6-4b3e-b3a7-dcebe9b5ee93,Food SKU-11256,Food,2106.48,False,False,True,False,507.39,Pacific Suppliers
9ad89d66-93b2-4290-ae68-a72af3fdab88,Textiles SKU-11257,Textiles,6204.89,False,False,False,False,445.11,Unity Suppliers
30cce0fb-8c87-49df-9c5c-3a35cf8c662c,Chemicals SKU-11258,Chemicals,3824.33,False,False,False,False,395.95,Pacific Suppliers
60cb84d8-fc3d-4cee-b043-c96df32ea53b,Chemicals SKU-11259,Chemicals,3824.21,True,False,False,False,49.95,Nova Suppliers
df86b0cc-95b5-4eee-935a-838d0410d3c1,Electronics SKU-11260,Electronics,8517.56,False,False,False,False,649.95,Eastern Suppliers
dc564ae1-e1f1-47a8-9f80-d1ab26a409ed,Chemicals SKU-11261,Chemicals,3824.54,True,False,False,False,443.92,Pacific Suppliers
1f679985-92ea-4ea8-b90f-551cba1e4c91,Medical Devices SKU-11262,Medical Devices,9018.2,False,False,True,True,157.4,Metro Suppliers
e7bad65a-3228-40ab-a161-b817694ccc79,Automotive Parts SKU-11263,Automotive Parts,8708.63,False,False,False,False,455.16,Nova Suppliers
87616c02-f65b-4279-a188-24181cc4e33d,Textiles SKU-11264,Textiles,6204.66,False,False,False,False,36.0,Summit Suppliers
452a6c3b-d9b1-4ac7-911d-adae31a527a8,Chemicals SKU-11265,Chemicals,3824.27,False,False,False,False,557.95,Metro Suppliers
ffd81729-ea55-4a51-bb36-e3333265c615,Machinery SKU-11266,Machinery,8479.15,False,False,False,False,452.97,Unity Suppliers
36677e8b-62f3-48a1-9edd-8916a9539399,Electronics SKU-11267,Electronics,8517.25,False,False,False,False,366.78,Pacific Suppliers
6fef8bd5-3d97-4dbe-8d78-72030567b832,Consumer Goods SKU-11268,Consumer Goods,3926.45,False,False,False,False,485.34,Nova Suppliers
9d3ea1ee-4097-4e25-b575-9b7a991798ab,Machinery SKU-11269,Machinery,8479.53,False,False,False,False,715.28,Nova Suppliers
f6cbca65-8933-4a8c-b371-f5b9eb56f82c,Food SKU-11270,Food,2106.88,False,True,True,False,729.1,Unity Suppliers
70f43ef8-9678-4534-b298-277bc815f9e6,Medical Devices SKU-11271,Medical Devices,9018.91,False,False,True,True,504.47,Eastern Suppliers
d672eac7-3f59-4b65-9390-723bd91f5bbf,Furniture SKU-11272,Furniture,9403.84,False,False,False,True,68.5,Metro Suppliers
d4651c29-7f19-4668-a416-c01f21f19f00,Pharma SKU-11273,Pharma,3004.7,False,True,True,False,485.87,Eastern Suppliers
84f997c7-a77f-4d27-b85a-840629c006ee,Textiles SKU-11274,Textiles,6204.55,False,False,False,False,294.55,Metro Suppliers
619eae5b-d822-4671-a465-cc7a482c19f8,Medical Devices SKU-11275,Medical Devices,9018.27,False,False,True,True,336.41,Pacific Suppliers
821d2421-8062-4192-a778-ff1abc5bf5c7,Automotive Parts SKU-11276,Automotive Parts,8708.3,False,False,False,False,692.9,Unity Suppliers
514cedfe-5921-4072-80b2-dd88ae3ea1fc,Machinery SKU-11277,Machinery,8479.3,False,False,False,False,161.16,Metro Suppliers
6e3d4c8e-3d99-4433-bf4c-c96721c2d785,Medical Devices SKU-11278,Medical Devices,9018.43,False,False,False,True,772.74,Metro Suppliers
40ed47a6-b1e0-48e2-b7cd-74aa49508477,Medical Devices SKU-11279,Medical Devices,9018.87,False,False,False,True,315.57,Unity Suppliers
f4ba993d-5a72-4d9b-a04e-3146aa109b30,Food SKU-11280,Food,2106.91,False,False,True,False,560.38,Eastern Suppliers
78c39e6d-cc3d-42bc-b8ae-f7178ff7fac5,Automotive Parts SKU-11281,Automotive Parts,8708.46,False,False,False,False,216.93,Metro Suppliers
b0a7e4cf-a3f2-43d5-93ad-df9bcdea5c44,Electronics SKU-11282,Electronics,8517.78,False,False,False,False,134.18,Nova Suppliers
18050288-00e0-463a-8f93-25dc0f6acff8,Furniture SKU-11283,Furniture,9403.73,False,False,False,False,695.76,Nova Suppliers
64fef082-3e09-42ae-82ef-ad4b2cef796f,Textiles SKU-11284,Textiles,6204.46,False,False,False,False,578.86,Summit Suppliers
ae7bbf31-3c25-471a-9623-5ba7dd38296b,Food SKU-11285,Food,2106.11,False,False,True,False,84.53,Nova Suppliers
811833c9-90fe-48ad-bd46-8497166df55e,Automotive Parts SKU-11286,Automotive Parts,8708.59,False,False,False,False,296.32,Summit Suppliers
b4b15a91-a116-4601-a013-a980648ad57a,Machinery SKU-11287,Machinery,8479.98,False,False,False,False,715.66,Eastern Suppliers
8c4d04b5-17bc-401f-8cbb-b23324e8d5ad,Automotive Parts SKU-11288,Automotive Parts,8708.53,False,False,False,False,642.46,Nova Suppliers
fd442d57-5ea8-4e3c-8322-ad529d8ead18,Medical Devices SKU-11289,Medical Devices,9018.87,False,False,True,True,298.56,Nova Suppliers
61d82dfd-9830-42ae-8a01-7b68cb6aa095,Furniture SKU-11290,Furniture,9403.96,False,False,False,True,573.25,Nova Suppliers
c54bf3ce-f428-4e2d-937b-3a9fb744e87c,Electronics SKU-11291,Electronics,8517.18,False,False,False,False,96.55,Pacific Suppliers
c1806e02-a8e8-456e-81d8-493de0cc1572,Chemicals SKU-11292,Chemicals,3824.43,True,False,False,False,719.57,Eastern Suppliers
e0a0977e-3015-4eb3-a123-bdb2bef5f6cd,Food SKU-11293,Food,2106.79,False,True,True,False,677.49,Eastern Suppliers
cb5eb3d5-d0af-4792-adfe-96ebbae044af,Food SKU-11294,Food,2106.87,False,True,True,False,713.63,Pacific Suppliers
0aa06246-065d-40f3-a579-6f09202a66d6,Pharma SKU-11295,Pharma,3004.85,False,True,False,False,398.84,Metro Suppliers
0085d334-283d-432d-ac11-b9b8b9c2995b,Automotive Parts SKU-11296,Automotive Parts,8708.82,False,False,False,False,279.09,Eastern Suppliers
87359d26-fc16-4f5b-80a4-c473244c653a,Pharma SKU-11297,Pharma,3004.11,False,True,True,False,213.71,Summit Suppliers
bbddec54-5dd7-4852-ac29-b6d869b94984,Pharma SKU-11298,Pharma,3004.26,False,True,False,False,664.95,Summit Suppliers
f616f2a3-f31f-4037-a0fa-eddf5ce17d34,Automotive Parts SKU-11299,Automotive Parts,8708.17,False,False,False,False,122.75,Pacific Suppliers
a209a90a-d3d8-4b77-8ec1-e61a6ecbd5a5,Chemicals SKU-11300,Chemicals,3824.81,False,False,False,False,99.1,Summit Suppliers
b7780898-f7a2-47bf-be44-b589ad93fede,Chemicals SKU-11301,Chemicals,3824.44,False,False,False,False,741.43,Summit Suppliers
436decf4-8f73-490f-b60e-a2bce05ec4d8,Chemicals SKU-11302,Chemicals,3824.22,True,False,False,False,651.18,Pacific Suppliers
8671aa65-b04f-487e-8758-d9c8e1bb64a7,Chemicals SKU-11303,Chemicals,3824.13,True,False,False,False,197.26,Eastern Suppliers
0c9eae33-27ac-4ced-b80b-ffc283aef8bf,Consumer Goods SKU-11304,Consumer Goods,3926.56,False,False,False,False,100.84,Eastern Suppliers
5ebed701-decb-4249-92d0-ce102cdcbe8d,Food SKU-11305,Food,2106.56,False,False,True,False,159.32,Summit Suppliers
0d18a493-438d-4114-977e-db7142a70f46,Consumer Goods SKU-11306,Consumer Goods,3926.51,False,False,False,False,481.19,Nova Suppliers
1fdc4468-e306-4f8c-9897-70bfdca8b95f,Automotive Parts SKU-11307,Automotive Parts,8708.24,False,False,False,False,831.81,Summit Suppliers
5dda3a53-51e6-47ae-9665-29773bbd1573,Furniture SKU-11308,Furniture,9403.21,False,False,False,True,602.68,Eastern Suppliers
c40b6773-17d7-4427-a3e7-fff8000205cb,Automotive Parts SKU-11309,Automotive Parts,8708.28,False,False,False,False,377.24,Summit Suppliers
510859e7-eb55-4d11-8e2e-28f338b1951b,Consumer Goods SKU-11310,Consumer Goods,3926.57,False,False,False,False,89.1,Eastern Suppliers
c3ed54fc-3b95-4b4a-bdc0-b53f09182a4d,Chemicals SKU-11311,Chemicals,3824.67,True,False,False,False,235.54,Metro Suppliers
22772311-ac8a-4caf-b318-1d4c6d7137e8,Textiles SKU-11312,Textiles,6204.2,False,False,False,False,156.03,Metro Suppliers
6047f98f-31ab-4f62-a662-51a7c9ca6226,Machinery SKU-11313,Machinery,8479.44,False,False,False,False,500.06,Eastern Suppliers
6185fe06-35ca-4b10-96f1-63b09565f910,Food SKU-11314,Food,2106.49,False,True,False,False,751.76,Unity Suppliers
e8aff903-d4ba-451a-98c7-6b6d8811319e,Textiles SKU-11315,Textiles,6204.37,False,False,False,False,286.04,Nova Suppliers
d125dd11-3a01-487b-b7a1-783fe3c2e65e,Chemicals SKU-11316,Chemicals,3824.97,True,False,False,False,790.9,Summit Suppliers
cd7ba12c-b5ae-407a-8d15-71e9e6c28f53,Food SKU-11317,Food,2106.7,False,True,True,False,190.26,Eastern Suppliers
259bc087-aefc-4cdc-8440-58ea66d93216,Furniture SKU-11318,Furniture,9403.59,False,False,False,True,85.96,Unity Suppliers
19ecb9d2-c52f-4d20-934f-1234cf3f3422,Food SKU-11319,Food,2106.5,False,False,False,False,29.64,Pacific Suppliers
956e25b2-6a5e-44cd-8e4f-2062087a6a6d,Furniture SKU-11320,Furniture,9403.4,False,False,False,False,225.79,Eastern Suppliers
a27009d6-25a7-4c4b-972b-1279ae02f168,Machinery SKU-11321,Machinery,8479.86,False,False,False,False,424.25,Pacific Suppliers
3e746a2c-a55a-4036-af61-10a1762e8abc,Food SKU-11322,Food,2106.1,False,False,True,False,232.27,Unity Suppliers
1740b62b-c3d9-4393-9fd5-d6222098c0d9,Furniture SKU-11323,Furniture,9403.32,False,False,False,True,791.02,Summit Suppliers
91247476-dd9f-4189-9f26-980188b998af,Automotive Parts SKU-11324,Automotive Parts,8708.84,False,False,False,False,202.09,Unity Suppliers
be4561fc-1abc-4214-b41c-9c3f12edd65d,Furniture SKU-11325,Furniture,9403.92,False,False,False,False,396.07,Summit Suppliers
a03be680-0060-4d78-a5c9-a100cf8846ab,Furniture SKU-11326,Furniture,9403.61,False,False,False,True,835.47,Summit Suppliers
fe8b27e3-715c-4474-90f2-aa32eb708bf5,Furniture SKU-11327,Furniture,9403.17,False,False,False,True,780.11,Nova Suppliers
bd009d74-4cf7-403c-92e1-035e4b2021f2,Food SKU-11328,Food,2106.55,False,True,False,False,110.24,Unity Suppliers
3bdbda34-9099-4850-9b0e-639cedc81085,Electronics SKU-11329,Electronics,8517.18,False,False,False,False,636.47,Eastern Suppliers
c7b9dc11-ec4f-4557-b440-6683805f57f9,Consumer Goods SKU-11330,Consumer Goods,3926.55,False,False,False,False,247.91,Summit Suppliers
9c097335-85e3-4514-b2f8-45ae70b9aaae,Machinery SKU-11331,Machinery,8479.51,False,False,False,False,624.96,Nova Suppliers
373c3626-34bd-449f-8fb0-0c2c958d407e,Chemicals SKU-11332,Chemicals,3824.8,True,False,False,False,726.71,Pacific Suppliers
62b09b84-dd55-4b37-9339-885c568c3f84,Textiles SKU-11333,Textiles,6204.79,False,False,False,False,750.94,Summit Suppliers
21d0f377-d10e-46a2-9853-a178b17d4dc6,Medical Devices SKU-11334,Medical Devices,9018.23,False,False,True,False,798.53,Summit Suppliers
93707bb3-46d4-480d-af36-b1e27323df44,Medical Devices SKU-11335,Medical Devices,9018.79,False,False,True,False,214.48,Eastern Suppliers
b8a26f2e-7c18-4686-83df-bd1045a8fce5,Chemicals SKU-11336,Chemicals,3824.54,True,False,False,False,514.0,Nova Suppliers
c8b63d98-c32c-4ba7-bf03-506093632f12,Furniture SKU-11337,Furniture,9403.64,False,False,False,False,14.34,Summit Suppliers
90c26dc3-32ec-4541-8ffb-b706881a278f,Medical Devices SKU-11338,Medical Devices,9018.89,False,False,True,False,645.55,Eastern Suppliers
dee91bd3-fd2d-447c-9d87-e1f41e6965d8,Consumer Goods SKU-11339,Consumer Goods,3926.31,False,False,False,False,527.59,Unity Suppliers
2d913dec-effb-4cab-bf65-09dc2b039bc6,Food SKU-11340,Food,2106.23,False,True,True,False,536.12,Pacific Suppliers
d26e0cf5-8c9c-49ea-a915-0e26b519ae6c,Food SKU-11341,Food,2106.82,False,True,False,False,303.02,Unity Suppliers
46273d88-d85d-4d64-bed1-38b92117b9c5,Automotive Parts SKU-11342,Automotive Parts,8708.79,False,False,False,False,195.41,Nova Suppliers
4a1162b3-c3a2-4edc-a407-7614c096a2a8,Automotive Parts SKU-11343,Automotive Parts,8708.51,False,False,False,False,361.18,Summit Suppliers
449405cc-d893-44d5-8a23-f8cddcf60196,Textiles SKU-11344,Textiles,6204.96,False,False,False,False,283.66,Nova Suppliers
eee0668e-5bf5-4915-b5fc-8c7cd50a5bd0,Food SKU-11345,Food,2106.86,False,False,True,False,721.27,Pacific Suppliers
3a7fb3a6-a92d-4834-a3c0-fde71780da0f,Furniture SKU-11346,Furniture,9403.6,False,False,False,False,833.07,Unity Suppliers
1c0c3898-38e7-4942-b584-88f9f90231b4,Furniture SKU-11347,Furniture,9403.32,False,False,False,True,744.24,Eastern Suppliers
d187e5b1-cbad-431a-bb60-480025827948,Food SKU-11348,Food,2106.54,False,True,True,False,292.86,Eastern Suppliers
38ebd8a6-91f5-4842-b047-3b42aed2a4cd,Pharma SKU-11349,Pharma,3004.16,False,True,True,False,522.72,Nova Suppliers
d36b237d-b9ff-47ef-b0a2-1ee982a55a7d,Consumer Goods SKU-11350,Consumer Goods,3926.59,False,False,False,False,299.52,Unity Suppliers
4274c4ff-c21c-407c-90a7-17a3417aa8ad,Textiles SKU-11351,Textiles,6204.58,False,False,False,False,473.91,Eastern Suppliers
a736f280-a04b-42b1-b27e-d4904b8fd41f,Textiles SKU-11352,Textiles,6204.1,False,False,False,False,375.55,Nova Suppliers
c840621d-0b86-47dd-97de-5feacd731db6,Textiles SKU-11353,Textiles,6204.52,False,False,False,False,65.7,Nova Suppliers
f579e304-bbd4-48a5-ae62-a3dea150220a,Chemicals SKU-11354,Chemicals,3824.8,False,False,False,False,499.81,Metro Suppliers
0d8be368-3511-4fa9-a973-1c9897ef2383,Furniture SKU-11355,Furniture,9403.38,False,False,False,True,310.67,Eastern Suppliers
d4d33575-b444-4827-a904-b35677e4dc5e,Automotive Parts SKU-11356,Automotive Parts,8708.16,False,False,False,False,652.61,Unity Suppliers
5e4a5efd-873b-4660-a20f-081aea84ca0e,Chemicals SKU-11357,Chemicals,3824.88,True,False,False,False,212.57,Unity Suppliers
80e9e169-47cc-445f-89fb-a9b8f5513415,Chemicals SKU-11358,Chemicals,3824.91,True,False,False,False,364.44,Summit Suppliers
15662441-e28e-43c1-b6ad-0f6a3be2562d,Machinery SKU-11359,Machinery,8479.29,False,False,False,False,689.04,Metro Suppliers
d83c0de1-8098-461b-a5ab-108eadf08e7d,Automotive Parts SKU-11360,Automotive Parts,8708.13,False,False,False,False,453.69,Nova Suppliers
a9d38910-e01b-42c9-b2ab-aca9ba9e22f2,Machinery SKU-11361,Machinery,8479.97,False,False,False,False,34.19,Eastern Suppliers
b0770360-e15f-4b2e-8968-51ac874505fc,Automotive Parts SKU-11362,Automotive Parts,8708.42,False,False,False,False,618.1,Nova Suppliers
93315c2f-e2eb-4801-86d4-d0fb45bed33a,Chemicals SKU-11363,Chemicals,3824.12,True,False,False,False,788.41,Nova Suppliers
a7faa9ec-857b-4461-9940-5a1110a1280b,Electronics SKU-11364,Electronics,8517.52,False,False,False,True,341.92,Nova Suppliers
c8e6c727-a2aa-4e8c-8daf-b8fda327050f,Furniture SKU-11365,Furniture,9403.51,False,False,False,False,130.95,Metro Suppliers
41306a32-d8b0-4458-bbf2-f26137d67b1f,Chemicals SKU-11366,Chemicals,3824.8,True,False,False,False,298.58,Metro Suppliers
2ae585e9-a4b1-4d4a-850e-0d594899ae67,Automotive Parts SKU-11367,Automotive Parts,8708.52,False,False,False,False,773.34,Nova Suppliers
07d3848b-b8ec-4828-946e-c3fb17f7200d,Pharma SKU-11368,Pharma,3004.86,False,False,True,False,584.83,Nova Suppliers
a5f09a2e-b5d3-4df8-9255-978deacc7048,Chemicals SKU-11369,Chemicals,3824.57,False,False,False,False,776.41,Eastern Suppliers
5c410e9f-0ed0-45e7-9229-600401d1e4df,Food SKU-11370,Food,2106.21,False,True,True,False,645.22,Unity Suppliers
fa0e022f-ea48-40c4-a68b-2391791f0c90,Medical Devices SKU-11371,Medical Devices,9018.62,False,False,False,True,342.44,Summit Suppliers
d2748ee6-6c15-4d30-9e1f-b10bdf3d8d42,Food SKU-11372,Food,2106.64,False,False,False,False,620.15,Nova Suppliers
7caccd7e-5e44-4b42-b25c-d748b3d18a1e,Textiles SKU-11373,Textiles,6204.62,False,False,False,False,725.15,Eastern Suppliers
cb63175e-e4ee-4cd4-b9b1-3694fc13774b,Chemicals SKU-11374,Chemicals,3824.72,False,False,False,False,49.27,Metro Suppliers
70bf64a8-8abd-4931-8639-c04eb780bdc0,Chemicals SKU-11375,Chemicals,3824.65,False,False,False,False,726.22,Eastern Suppliers
982d0be5-123a-420d-9de9-6a77fcebaa6c,Textiles SKU-11376,Textiles,6204.18,False,False,False,False,582.36,Summit Suppliers
3104466e-144a-4889-bf39-558b17dd99d4,Food SKU-11377,Food,2106.82,False,False,True,False,410.25,Pacific Suppliers
89545c9c-f0fa-4926-b501-79be5751fbde,Furniture SKU-11378,Furniture,9403.51,False,False,False,True,456.74,Summit Suppliers
ab37a773-6fc4-4ce3-86f6-6997ee73fb25,Food SKU-11379,Food,2106.7,False,False,True,False,817.2,Eastern Suppliers
887aa64f-734e-4852-9160-edbe4d098063,Electronics SKU-11380,Electronics,8517.1,False,False,False,True,60.54,Eastern Suppliers
3bd508fb-0151-481e-99cb-cfa45ab40166,Furniture SKU-11381,Furniture,9403.73,False,False,False,False,328.28,Metro Suppliers
d57d2be4-2822-44f8-bc06-562ee7f80ce2,Consumer Goods SKU-11382,Consumer Goods,3926.47,False,False,False,False,684.4,Metro Suppliers
eaa7bc26-e906-4c03-8af9-be27c17756a3,Medical Devices SKU-11383,Medical Devices,9018.58,False,False,True,True,526.87,Summit Suppliers
8f7b46c0-25ec-4b8a-8c1d-d05e4cf81031,Food SKU-11384,Food,2106.39,False,True,True,False,442.78,Summit Suppliers
673ad3b5-a27d-42dd-82aa-fa1dbdf1364f,Pharma SKU-11385,Pharma,3004.19,False,True,True,False,25.82,Eastern Suppliers
70f2bf24-9a9f-4ed5-a281-4bb2709bdd3c,Textiles SKU-11386,Textiles,6204.21,False,False,False,False,72.3,Metro Suppliers
e1b28484-7d0f-4ea9-a285-75d9871e07b3,Food SKU-11387,Food,2106.88,False,False,True,False,134.94,Metro Suppliers
5ad0e6ed-1f96-4744-ae57-7021c4f954ea,Medical Devices SKU-11388,Medical Devices,9018.72,False,False,True,True,264.08,Metro Suppliers
9673efed-ec51-474a-b02e-36d1fdbc7453,Chemicals SKU-11389,Chemicals,3824.61,True,False,False,False,109.83,Eastern Suppliers
d50c8c89-2a09-458b-8a16-7ac5ba6fc63f,Pharma SKU-11390,Pharma,3004.29,False,False,False,False,191.07,Pacific Suppliers
037ea823-212e-4f2e-9a56-b7bc2c26d5fb,Chemicals SKU-11391,Chemicals,3824.47,False,False,False,False,541.07,Pacific Suppliers
d8975dbb-ab89-499a-bde3-c6773d0b9ff2,Electronics SKU-11392,Electronics,8517.69,False,False,False,False,690.17,Eastern Suppliers
b43ecb9b-dbd5-4a94-9035-033ca8457132,Textiles SKU-11393,Textiles,6204.59,False,False,False,False,652.78,Nova Suppliers
c871b9cf-a991-42b5-b728-39e9623b6369,Electronics SKU-11394,Electronics,8517.56,False,False,False,True,806.41,Nova Suppliers
d9c06d5e-b7ac-400c-8bf1-f5d234172e08,Machinery SKU-11395,Machinery,8479.55,False,False,False,False,503.42,Summit Suppliers
8a99fc65-80f4-4349-89fc-000b6907e2f6,Pharma SKU-11396,Pharma,3004.12,False,False,False,False,524.19,Summit Suppliers
3eb158ba-f909-474c-bcac-aff14ee02125,Machinery SKU-11397,Machinery,8479.65,False,False,False,False,611.72,Eastern Suppliers
af536be8-00dc-4acc-b7e9-308233eece0a,Textiles SKU-11398,Textiles,6204.31,False,False,False,False,487.8,Metro Suppliers
f2c3843a-69ac-4b8e-9750-02cf538102a7,Pharma SKU-11399,Pharma,3004.16,False,False,False,False,22.01,Pacific Suppliers
d3332416-79df-4a44-8b95-9a0448e131b4,Chemicals SKU-11400,Chemicals,3824.58,True,False,False,False,255.04,Nova Suppliers
c8eae252-c9a4-4b0d-83ad-e4ef2dd159d2,Medical Devices SKU-11401,Medical Devices,9018.26,False,False,False,True,185.64,Eastern Suppliers
5560b7f1-8c13-47c1-b894-3d120dd2a703,Electronics SKU-11402,Electronics,8517.12,False,False,False,True,719.83,Eastern Suppliers
451bf21a-f049-46b9-a1d0-bdd987eadaa2,Pharma SKU-11403,Pharma,3004.89,False,True,False,False,176.96,Nova Suppliers
4410ac85-505a-4874-a9a6-f19994087c48,Food SKU-11404,Food,2106.84,False,True,False,False,407.31,Summit Suppliers
f6a2fd90-2d10-401e-8f89-c7fcf1a3caa0,Food SKU-11405,Food,2106.52,False,False,True,False,334.39,Nova Suppliers
1c3a811a-d533-4335-b464-20328bc5a5f9,Pharma SKU-11406,Pharma,3004.94,False,False,True,False,491.04,Unity Suppliers
8d072d19-0c1d-4bd0-9982-a920a028747a,Furniture SKU-11407,Furniture,9403.3,False,False,False,False,164.25,Metro Suppliers
aa2aa91f-82ba-4e3f-8fa5-39fa18ae3e3d,Pharma SKU-11408,Pharma,3004.54,False,False,True,False,749.38,Summit Suppliers
9b0ae4b6-b8d3-4cb7-a948-a748975c010d,Textiles SKU-11409,Textiles,6204.4,False,False,False,False,102.4,Nova Suppliers
b4a2e3c4-3045-4c55-8219-22b7edfd77e1,Electronics SKU-11410,Electronics,8517.83,False,False,False,True,323.23,Pacific Suppliers
949bd550-e21a-4edd-b3f5-71bd57021621,Consumer Goods SKU-11411,Consumer Goods,3926.92,False,False,False,False,31.8,Metro Suppliers
c2cebdfb-ee4c-456c-935b-c967db6cc7e6,Furniture SKU-11412,Furniture,9403.58,False,False,False,False,367.0,Eastern Suppliers
ef63eb85-9b64-4ea9-8f0e-82cab419c6b3,Automotive Parts SKU-11413,Automotive Parts,8708.72,False,False,False,False,725.03,Metro Suppliers
da1cf590-3660-4347-8dc0-d77daf58d021,Furniture SKU-11414,Furniture,9403.56,False,False,False,False,104.61,Metro Suppliers
fcb216f9-c21e-4d8c-a62c-ce8b1dd2b7a1,Pharma SKU-11415,Pharma,3004.64,False,True,True,False,21.53,Unity Suppliers
28d80d3d-15fb-49c0-b92f-295ecd685f39,Machinery SKU-11416,Machinery,8479.75,False,False,False,False,295.29,Unity Suppliers
e1577da8-bec1-4d37-8c32-4c91cb8671ed,Textiles SKU-11417,Textiles,6204.1,False,False,False,False,729.12,Eastern Suppliers
c013b4dc-9e39-4b96-9174-f85265c1bde7,Medical Devices SKU-11418,Medical Devices,9018.16,False,False,False,False,578.6,Nova Suppliers
f4c337af-0470-4460-81d8-8a43382534ce,Medical Devices SKU-11419,Medical Devices,9018.59,False,False,True,False,817.28,Pacific Suppliers
8a5ebfc0-b940-415c-b5ea-c47bf216ca8a,Medical Devices SKU-11420,Medical Devices,9018.92,False,False,True,True,513.26,Pacific Suppliers
c6d2ff3d-0fef-460d-8d89-abf8e9c7afee,Pharma SKU-11421,Pharma,3004.27,False,True,False,False,331.67,Unity Suppliers
4c936f7b-de2e-4044-8441-a8b3435716d5,Electronics SKU-11422,Electronics,8517.24,False,False,False,True,588.89,Nova Suppliers
439a8abb-f05b-4a81-8f20-3840490e904d,Pharma SKU-11423,Pharma,3004.73,False,True,True,False,740.97,Eastern Suppliers
d763d979-1b64-49a7-859c-21dfd7141e79,Electronics SKU-11424,Electronics,8517.67,False,False,False,True,383.69,Pacific Suppliers
7e519dc4-8f21-417b-bd08-b2740ad06a92,Machinery SKU-11425,Machinery,8479.64,False,False,False,False,799.32,Metro Suppliers
306c66d7-f831-4c42-a4e2-6475b5a6fd1e,Automotive Parts SKU-11426,Automotive Parts,8708.67,False,False,False,False,520.63,Summit Suppliers
b786bf70-ae7c-4ed2-91db-3031d21d2747,Furniture SKU-11427,Furniture,9403.16,False,False,False,False,605.06,Summit Suppliers
206a7e3d-3a47-4070-849b-494263c1a3f1,Chemicals SKU-11428,Chemicals,3824.71,False,False,False,False,776.94,Eastern Suppliers
d12b0fe3-a81b-4591-ba7c-c73d786ff9e8,Consumer Goods SKU-11429,Consumer Goods,3926.95,False,False,False,False,274.39,Unity Suppliers
81843973-53a9-4c03-8c85-d0fc7815a36f,Furniture SKU-11430,Furniture,9403.45,False,False,False,False,741.62,Nova Suppliers
80c7d2ba-e93b-4642-b462-55a3dfa45c50,Machinery SKU-11431,Machinery,8479.59,False,False,False,False,327.33,Pacific Suppliers
d9294474-fafb-4c8e-b12b-c1417d07892b,Medical Devices SKU-11432,Medical Devices,9018.45,False,False,True,True,299.94,Metro Suppliers
9abdbee0-a40f-4366-b21a-02c636221531,Food SKU-11433,Food,2106.29,False,False,True,False,468.05,Nova Suppliers
fc769507-538b-4c38-a13c-dc869bf452f9,Pharma SKU-11434,Pharma,3004.82,False,True,True,False,387.58,Pacific Suppliers
a2078bba-371e-4e1d-831b-c251e0987987,Medical Devices SKU-11435,Medical Devices,9018.87,False,False,True,False,1.24,Metro Suppliers
5d10199a-ae4d-4d15-94ce-67b453b74c3f,Machinery SKU-11436,Machinery,8479.94,False,False,False,False,614.7,Unity Suppliers
c53ac0e7-dffb-474b-9a60-f70624cfd4a9,Automotive Parts SKU-11437,Automotive Parts,8708.74,False,False,False,False,140.6,Metro Suppliers
ec751afa-c7a3-467d-bd61-188cd87409f5,Chemicals SKU-11438,Chemicals,3824.66,True,False,False,False,468.11,Unity Suppliers
bb2c0299-0534-439e-8eb6-4b341d243fc0,Electronics SKU-11439,Electronics,8517.23,False,False,False,False,486.16,Summit Suppliers
8aeeffe3-722a-42e8-834b-169cab071898,Furniture SKU-11440,Furniture,9403.83,False,False,False,True,701.08,Eastern Suppliers
1527ecd9-46f9-4859-9b49-c958f7113f3a,Automotive Parts SKU-11441,Automotive Parts,8708.33,False,False,False,False,441.06,Metro Suppliers
ae7cf9b5-bf35-411f-aee2-42198cf7f10b,Textiles SKU-11442,Textiles,6204.65,False,False,False,False,93.27,Nova Suppliers
b2327f10-4dd6-45c3-8a9c-0dd847dd5aee,Textiles SKU-11443,Textiles,6204.99,False,False,False,False,545.95,Summit Suppliers
6f3c18c9-4d8c-428a-a1d2-9d469d3153f9,Machinery SKU-11444,Machinery,8479.75,False,False,False,False,401.95,Unity Suppliers
d7ad2344-471b-4592-af4d-9f2ca65668e5,Textiles SKU-11445,Textiles,6204.46,False,False,False,False,842.38,Summit Suppliers
c453a734-cf30-41cb-96d9-1efd10db502d,Electronics SKU-11446,Electronics,8517.28,False,False,False,True,570.54,Pacific Suppliers
d94374de-b6b4-489d-a28e-4499bc74b3f8,Chemicals SKU-11447,Chemicals,3824.25,False,False,False,False,211.1,Nova Suppliers
40aa768c-727e-4db2-9235-ea2bd53cc3c9,Furniture SKU-11448,Furniture,9403.53,False,False,False,True,617.42,Nova Suppliers
59ac2291-9da7-4de2-b9f2-8d4c4ab2aaaf,Chemicals SKU-11449,Chemicals,3824.66,True,False,False,False,382.7,Eastern Suppliers
cea98c87-9cdf-4b1f-a472-15afad97c94d,Electronics SKU-11450,Electronics,8517.56,False,False,False,True,707.71,Summit Suppliers
d4201e31-5e6f-49a3-8f6f-833e2edda7f8,Medical Devices SKU-11451,Medical Devices,9018.13,False,False,True,False,829.54,Metro Suppliers
c575a916-7a49-46e5-a072-e93fb9e25ae3,Chemicals SKU-11452,Chemicals,3824.51,True,False,False,False,254.87,Pacific Suppliers
a298e1c8-b49e-4e1c-8a01-0bac5ff829d9,Textiles SKU-11453,Textiles,6204.85,False,False,False,False,735.08,Pacific Suppliers
ea5568b6-32fa-4466-897e-2aa00a6a21bb,Furniture SKU-11454,Furniture,9403.56,False,False,False,False,338.58,Nova Suppliers
f78d1098-8ed8-48e8-9d37-68fcb7488fc6,Automotive Parts SKU-11455,Automotive Parts,8708.34,False,False,False,False,685.85,Metro Suppliers
51ed9eeb-6cb2-4da6-94b5-0f83c093aa4e,Machinery SKU-11456,Machinery,8479.86,False,False,False,False,782.1,Unity Suppliers
e15bea26-0a5f-425b-9a45-cb5e10e2f0c9,Automotive Parts SKU-11457,Automotive Parts,8708.85,False,False,False,False,837.82,Summit Suppliers
ee6cb6b6-be48-4f81-97fd-83333f3491cf,Consumer Goods SKU-11458,Consumer Goods,3926.59,False,False,False,False,11.19,Pacific Suppliers
87395b8e-b617-46c1-9c7f-4da4a4448dee,Chemicals SKU-11459,Chemicals,3824.64,True,False,False,False,430.74,Unity Suppliers
4b4bf9ee-9b4d-44bd-8463-a3902bcf9db1,Pharma SKU-11460,Pharma,3004.15,False,True,True,False,84.13,Metro Suppliers
6b212679-8ea4-4f02-8b37-a95559dd675c,Electronics SKU-11461,Electronics,8517.27,False,False,False,True,577.76,Pacific Suppliers
58753052-dd6f-4400-a990-02dc965c5444,Machinery SKU-11462,Machinery,8479.12,False,False,False,False,539.6,Summit Suppliers
563979bd-d2aa-4262-aec2-22169f93b8b1,Food SKU-11463,Food,2106.13,False,True,False,False,285.51,Metro Suppliers
435f6b1a-5e02-4d4c-8587-40b03bb175ee,Machinery SKU-11464,Machinery,8479.56,False,False,False,False,110.95,Pacific Suppliers
c794db0e-7358-4956-b762-df98e351a318,Machinery SKU-11465,Machinery,8479.77,False,False,False,False,192.67,Summit Suppliers
83eeaee5-aee1-4d1d-80a2-f0c496d1138b,Pharma SKU-11466,Pharma,3004.86,False,False,False,False,833.55,Pacific Suppliers
0d044214-1a50-4336-9644-34cefae928ea,Chemicals SKU-11467,Chemicals,3824.4,False,False,False,False,548.29,Pacific Suppliers
19316366-0611-4e8c-b73f-1f44fad272d0,Medical Devices SKU-11468,Medical Devices,9018.39,False,False,True,False,584.73,Pacific Suppliers
43265628-8f2e-4b67-aaa0-6f769cabad02,Automotive Parts SKU-11469,Automotive Parts,8708.45,False,False,False,False,432.65,Summit Suppliers
d1e6f406-6896-458c-9f47-5938230dd646,Furniture SKU-11470,Furniture,9403.55,False,False,False,False,89.13,Eastern Suppliers
53572aa0-696a-4138-b554-710db34d1dc9,Machinery SKU-11471,Machinery,8479.18,False,False,False,False,388.29,Unity Suppliers
08bc9b46-efbf-4394-9f21-87e11aedc1b3,Furniture SKU-11472,Furniture,9403.62,False,False,False,True,478.21,Metro Suppliers
2b07648d-855c-4eeb-912f-0da1c56e0454,Chemicals SKU-11473,Chemicals,3824.43,False,False,False,False,555.87,Eastern Suppliers
58c89aef-dd6c-45ad-8402-f09dde5a8374,Electronics SKU-11474,Electronics,8517.82,False,False,False,True,550.46,Eastern Suppliers
40c4407a-387f-41d7-8e1a-4b52f022a973,Automotive Parts SKU-11475,Automotive Parts,8708.73,False,False,False,False,664.43,Metro Suppliers
02510093-9b4e-4bb9-8d16-f19b0e989405,Electronics SKU-11476,Electronics,8517.61,False,False,False,True,227.26,Unity Suppliers
99f1b6a1-26a2-460f-810a-f1203a41ba97,Automotive Parts SKU-11477,Automotive Parts,8708.72,False,False,False,False,692.38,Unity Suppliers
623ce4aa-db08-478f-95c5-530003680546,Pharma SKU-11478,Pharma,3004.81,False,True,False,False,675.94,Metro Suppliers
85ce4742-e4fe-4048-86a7-804cd165fde9,Food SKU-11479,Food,2106.24,False,True,False,False,564.65,Pacific Suppliers
aadad812-5238-4b48-bee0-4e4f9399a0f6,Consumer Goods SKU-11480,Consumer Goods,3926.39,False,False,False,False,443.85,Summit Suppliers
57a37ce7-44af-4408-9588-6625af852af6,Machinery SKU-11481,Machinery,8479.71,False,False,False,False,464.6,Pacific Suppliers
911a115f-13bf-495f-9bae-ebce38d68ea3,Consumer Goods SKU-11482,Consumer Goods,3926.71,False,False,False,False,41.85,Nova Suppliers
b1c43423-240a-4736-af9d-6d5447847f06,Furniture SKU-11483,Furniture,9403.37,False,False,False,False,753.73,Nova Suppliers
fdd1ad3d-f7e1-41f2-9be6-60c84f18e4c6,Furniture SKU-11484,Furniture,9403.87,False,False,False,False,304.0,Nova Suppliers
619c56bf-1a7d-4a09-8341-da48c72e6f9d,Medical Devices SKU-11485,Medical Devices,9018.64,False,False,False,False,23.25,Pacific Suppliers
eb22db13-490e-4aac-9791-0276ad7ae56f,Textiles SKU-11486,Textiles,6204.17,False,False,False,False,681.33,Eastern Suppliers
77596be8-4e5d-476e-910b-937122478064,Food SKU-11487,Food,2106.8,False,True,False,False,827.88,Eastern Suppliers
d91cade7-c155-45b9-ad62-48a69519856c,Automotive Parts SKU-11488,Automotive Parts,8708.68,False,False,False,False,437.53,Metro Suppliers
73b51add-4f9b-441d-8db6-58fe9a1a3750,Machinery SKU-11489,Machinery,8479.5,False,False,False,False,435.53,Summit Suppliers
5723c4f1-5e97-4b73-849a-5bb9a4f0261a,Textiles SKU-11490,Textiles,6204.39,False,False,False,False,548.5,Eastern Suppliers
467c9d91-6da1-4222-a5bd-d362d63db726,Textiles SKU-11491,Textiles,6204.76,False,False,False,False,697.26,Summit Suppliers
2f93b573-23f8-465d-b9fe-d61c1f6011e7,Medical Devices SKU-11492,Medical Devices,9018.41,False,False,True,False,717.59,Nova Suppliers
4a3c9361-51c5-4c77-a2d6-8915025458b7,Textiles SKU-11493,Textiles,6204.88,False,False,False,False,840.51,Summit Suppliers
c378f66f-29da-446e-98d6-1b94d459b181,Furniture SKU-11494,Furniture,9403.19,False,False,False,True,565.16,Summit Suppliers
97c3f306-8119-42e9-9cf3-025c8ab77b60,Consumer Goods SKU-11495,Consumer Goods,3926.32,False,False,False,False,94.69,Nova Suppliers
d5df412a-3a0e-42a9-a2f9-bfc096b88d12,Food SKU-11496,Food,2106.47,False,True,True,False,248.65,Eastern Suppliers
b07932ba-6b5e-4acb-9eca-cfc381db6e07,Food SKU-11497,Food,2106.72,False,False,True,False,110.0,Nova Suppliers
faa919b1-39e9-408d-8bb1-b4b4540bb5ef,Machinery SKU-11498,Machinery,8479.39,False,False,False,False,413.11,Summit Suppliers
77b5d19b-8fd3-426e-ac80-197dedbc310c,Automotive Parts SKU-11499,Automotive Parts,8708.24,False,False,False,False,278.36,Pacific Suppliers
5d200f90-9a50-4f4e-8b71-326a2e492b02,Medical Devices SKU-11500,Medical Devices,9018.73,False,False,False,True,593.31,Nova Suppliers
fd764d5a-42ad-469f-a610-bde891086b59,Furniture SKU-11501,Furniture,9403.43,False,False,False,True,371.22,Unity Suppliers
2e4c5e3a-a876-40c7-8d37-7e5b7cfa97b4,Pharma SKU-11502,Pharma,3004.34,False,False,False,False,159.22,Pacific Suppliers
d995d685-9964-4711-8f5f-b91fdd822320,Automotive Parts SKU-11503,Automotive Parts,8708.12,False,False,False,False,135.92,Pacific Suppliers
2badc198-d574-489f-850b-afa84fa4fe18,Food SKU-11504,Food,2106.6,False,False,False,False,482.63,Metro Suppliers
7efc8ae3-9b21-4880-ab72-e77adfe0e2f4,Furniture SKU-11505,Furniture,9403.35,False,False,False,False,421.17,Unity Suppliers
3c78b716-f282-4720-8405-5c972e2f56b6,Machinery SKU-11506,Machinery,8479.21,False,False,False,False,790.46,Nova Suppliers
602e32ae-2c1f-4d9f-95f4-749e42ebf57a,Electronics SKU-11507,Electronics,8517.74,False,False,False,True,135.19,Summit Suppliers
0872f280-c495-46f9-9f32-d195dcb7765b,Chemicals SKU-11508,Chemicals,3824.74,True,False,False,False,86.24,Metro Suppliers
3ea879d3-bb84-4e5a-899c-f3b213d2d96d,Automotive Parts SKU-11509,Automotive Parts,8708.33,False,False,False,False,765.02,Summit Suppliers
7d10bef2-bf0c-449d-ae54-c6566eea6027,Textiles SKU-11510,Textiles,6204.97,False,False,False,False,754.22,Summit Suppliers
661ec137-264e-4605-835b-408839db220f,Medical Devices SKU-11511,Medical Devices,9018.23,False,False,True,False,835.75,Pacific Suppliers
73960910-8908-4fd2-896c-2f7fb07faed3,Consumer Goods SKU-11512,Consumer Goods,3926.37,False,False,False,False,158.1,Pacific Suppliers
e0e47200-2ca6-4f9c-80e4-7ad48a16cf8b,Textiles SKU-11513,Textiles,6204.2,False,False,False,False,57.67,Unity Suppliers
1431e9f3-3bf3-4911-8d5c-3eee5993929d,Pharma SKU-11514,Pharma,3004.85,False,False,True,False,349.6,Eastern Suppliers
d63e94a6-f03c-412a-9496-b4019ae671d8,Electronics SKU-11515,Electronics,8517.88,False,False,False,True,552.13,Eastern Suppliers
43e2b32e-d2f5-46b8-8dca-9fedb9e84102,Food SKU-11516,Food,2106.12,False,True,False,False,233.38,Nova Suppliers
ced44192-6c8e-45ca-beea-df84bf44da22,Food SKU-11517,Food,2106.84,False,False,True,False,139.97,Metro Suppliers
c81d86f9-2200-45a3-b16d-400d25c58023,Furniture SKU-11518,Furniture,9403.33,False,False,False,False,336.57,Nova Suppliers
86c3a6a7-1511-440f-b5b2-9dcaf4d5e2db,Furniture SKU-11519,Furniture,9403.79,False,False,False,False,535.07,Pacific Suppliers
548c7490-fe0d-4daa-928a-e85d31c0dd4d,Medical Devices SKU-11520,Medical Devices,9018.25,False,False,False,False,475.71,Summit Suppliers
6d72fab5-82b4-4ad4-bf4f-39137988e072,Pharma SKU-11521,Pharma,3004.72,False,False,False,False,440.02,Pacific Suppliers
26537e70-eea7-43fb-8fdc-359d2ac1c9ec,Automotive Parts SKU-11522,Automotive Parts,8708.64,False,False,False,False,542.94,Summit Suppliers
8314e162-ce27-40fb-9f6f-9cd39954627c,Furniture SKU-11523,Furniture,9403.87,False,False,False,True,477.82,Pacific Suppliers
dbbf2280-968c-4edc-ad80-e87f357bacd7,Textiles SKU-11524,Textiles,6204.29,False,False,False,False,275.03,Eastern Suppliers
439ef05b-472c-4a89-b6f3-beabf44d09a0,Machinery SKU-11525,Machinery,8479.42,False,False,False,False,16.86,Unity Suppliers
f573ab4b-5277-44a5-b3c5-dd4cd710a8ad,Automotive Parts SKU-11526,Automotive Parts,8708.55,False,False,False,False,569.77,Eastern Suppliers
b2345c8c-2776-4430-b8f4-8b29e003907b,Chemicals SKU-11527,Chemicals,3824.84,False,False,False,False,442.7,Nova Suppliers
76cd40c3-e2d1-4343-a892-2d802e2ec659,Furniture SKU-11528,Furniture,9403.65,False,False,False,False,476.24,Nova Suppliers
1e7a5429-900c-4612-944c-64782d1918d4,Consumer Goods SKU-11529,Consumer Goods,3926.37,False,False,False,False,226.46,Metro Suppliers
18564cf1-7867-4c47-84d1-86627769dc01,Electronics SKU-11530,Electronics,8517.65,False,False,False,False,704.71,Nova Suppliers
1b2bb09f-4b78-43c2-a0f7-11b324cb8fbc,Furniture SKU-11531,Furniture,9403.29,False,False,False,True,676.55,Pacific Suppliers
294b786a-6759-4fbf-85f6-0e1174d1d395,Textiles SKU-11532,Textiles,6204.69,False,False,False,False,521.11,Nova Suppliers
6ab26518-b829-4304-ae56-7de0ad03a739,Furniture SKU-11533,Furniture,9403.21,False,False,False,True,137.66,Summit Suppliers
1bc5704f-3d2d-4d7f-9755-6d6d5878452f,Consumer Goods SKU-11534,Consumer Goods,3926.37,False,False,False,False,801.91,Summit Suppliers
916a8803-8a5f-40e9-a767-04d9cc286487,Machinery SKU-11535,Machinery,8479.6,False,False,False,False,106.59,Unity Suppliers
1491ce0c-8dd4-4154-8347-a289892bfdbb,Chemicals SKU-11536,Chemicals,3824.99,False,False,False,False,571.02,Unity Suppliers
3d0c0660-4bb5-4681-9787-50bc03177aa8,Medical Devices SKU-11537,Medical Devices,9018.31,False,False,True,False,53.97,Summit Suppliers
8fd62963-b25c-4f49-82b9-e8510bad9ee1,Consumer Goods SKU-11538,Consumer Goods,3926.68,False,False,False,False,507.8,Nova Suppliers
350201f2-9915-4012-953e-5845ad601138,Automotive Parts SKU-11539,Automotive Parts,8708.94,False,False,False,False,701.47,Eastern Suppliers
755189c5-f5ae-4461-a89c-8876a6a677c0,Chemicals SKU-11540,Chemicals,3824.6,False,False,False,False,728.92,Unity Suppliers
cb71d90f-6762-46b2-8333-f5442048dcbd,Chemicals SKU-11541,Chemicals,3824.62,False,False,False,False,616.61,Pacific Suppliers
b0489517-cddd-4564-9135-b7cff339c25e,Furniture SKU-11542,Furniture,9403.29,False,False,False,False,287.08,Pacific Suppliers
55299748-5ef5-40c0-9476-e7f5881b1f31,Textiles SKU-11543,Textiles,6204.93,False,False,False,False,252.77,Pacific Suppliers
36163f72-da8a-4988-99f2-fa7645e09d45,Consumer Goods SKU-11544,Consumer Goods,3926.75,False,False,False,False,260.68,Summit Suppliers
4ecf98b8-df7c-4146-a512-98a70010d66e,Food SKU-11545,Food,2106.59,False,False,False,False,22.63,Pacific Suppliers
32b0db06-6f3b-403b-9b59-977c4278aae6,Chemicals SKU-11546,Chemicals,3824.77,True,False,False,False,128.41,Metro Suppliers
26e17345-2e69-45e1-b4f0-9aedc5c27c80,Pharma SKU-11547,Pharma,3004.6,False,True,True,False,202.35,Nova Suppliers
7c2c279a-21b2-4652-9576-0615dc7af4de,Electronics SKU-11548,Electronics,8517.26,False,False,False,True,581.6,Nova Suppliers
72b4864b-36b6-4763-a595-601f29cd57b4,Furniture SKU-11549,Furniture,9403.1,False,False,False,False,586.68,Metro Suppliers
6bcd0ba5-e216-4383-9c12-549a04474a8f,Textiles SKU-11550,Textiles,6204.19,False,False,False,False,91.66,Metro Suppliers
1b30b401-ecd9-4675-b757-f9d4e07e8005,Pharma SKU-11551,Pharma,3004.99,False,False,False,False,595.26,Metro Suppliers
d7aa285e-6a3b-44aa-998a-df4f71df2900,Food SKU-11552,Food,2106.71,False,False,False,False,472.58,Summit Suppliers
0483d426-24ad-4894-af5f-650515e73ed2,Furniture SKU-11553,Furniture,9403.1,False,False,False,True,700.07,Unity Suppliers
4dae3dbf-bd01-4a71-9edd-bde7eadf4ead,Food SKU-11554,Food,2106.37,False,False,True,False,472.44,Summit Suppliers
922a7f63-fb32-4b40-a529-1ae44a1badaa,Automotive Parts SKU-11555,Automotive Parts,8708.51,False,False,False,False,396.36,Eastern Suppliers
32cda7da-7547-4c69-b7ad-2578543b2f34,Machinery SKU-11556,Machinery,8479.65,False,False,False,False,85.89,Eastern Suppliers
28b5fe82-d56b-444f-acfa-f92e291c5345,Chemicals SKU-11557,Chemicals,3824.14,False,False,False,False,475.74,Unity Suppliers
63b1db74-b2ff-4867-bb94-a082e49653a2,Consumer Goods SKU-11558,Consumer Goods,3926.65,False,False,False,False,101.73,Metro Suppliers
76875776-165b-4f8e-9b9c-5e4312465659,Medical Devices SKU-11559,Medical Devices,9018.71,False,False,False,True,805.95,Metro Suppliers
2866891a-2e73-4988-8e71-f42679700046,Food SKU-11560,Food,2106.33,False,True,True,False,262.49,Pacific Suppliers
7a92dd78-af9a-4761-93b8-2d5dc4723241,Medical Devices SKU-11561,Medical Devices,9018.41,False,False,False,False,238.14,Summit Suppliers
9cb633ce-1c73-41c3-b2fb-ec1d9b692daf,Textiles SKU-11562,Textiles,6204.17,False,False,False,False,317.73,Summit Suppliers
83533dab-30e6-48b3-a7b1-45d479053f0b,Electronics SKU-11563,Electronics,8517.69,False,False,False,False,773.72,Summit Suppliers
aa67609e-0021-4748-a001-8a2d762a0579,Medical Devices SKU-11564,Medical Devices,9018.43,False,False,True,False,281.52,Summit Suppliers
cffb87c9-48c2-49db-b56f-c03839f9adaf,Furniture SKU-11565,Furniture,9403.74,False,False,False,True,770.29,Nova Suppliers
efa83a10-d356-4391-8ea5-da99bd29c9da,Furniture SKU-11566,Furniture,9403.13,False,False,False,True,2.41,Summit Suppliers
e0ac7d97-3828-4ccb-b422-7307ccbc708b,Consumer Goods SKU-11567,Consumer Goods,3926.89,False,False,False,False,373.53,Summit Suppliers
a8cd4693-4775-403f-8471-551e7e70b671,Furniture SKU-11568,Furniture,9403.76,False,False,False,False,620.48,Metro Suppliers
e8efc81a-9a21-4c77-b4b0-c7433d06b866,Pharma SKU-11569,Pharma,3004.67,False,True,False,False,288.1,Summit Suppliers
bdc90dc2-b371-405e-b18a-f83e60b4d7d2,Food SKU-11570,Food,2106.49,False,False,True,False,129.53,Unity Suppliers
68955387-f620-44cb-89f1-ebf56b7c34ec,Electronics SKU-11571,Electronics,8517.55,False,False,False,False,813.89,Pacific Suppliers
d7ea5391-9f3b-4b2c-8c59-8b0930619d0c,Furniture SKU-11572,Furniture,9403.87,False,False,False,True,428.13,Metro Suppliers
cf90abf5-6780-4c06-ba9c-cd914a35e683,Medical Devices SKU-11573,Medical Devices,9018.79,False,False,True,True,420.71,Nova Suppliers
a6c6cc42-73b5-48e4-a0ef-3ba5d52d8502,Food SKU-11574,Food,2106.15,False,False,True,False,171.95,Unity Suppliers
28a15e23-b72c-40fe-865c-df01187fb710,Textiles SKU-11575,Textiles,6204.38,False,False,False,False,561.63,Eastern Suppliers
0137aa70-fac3-4b21-96d9-9d45d2d63a0e,Chemicals SKU-11576,Chemicals,3824.1,False,False,False,False,462.74,Unity Suppliers
a9dedd77-2e9f-4e44-899c-215b0a638560,Automotive Parts SKU-11577,Automotive Parts,8708.33,False,False,False,False,69.2,Metro Suppliers
a7b38d9f-c817-4801-8e91-3793c28c694c,Consumer Goods SKU-11578,Consumer Goods,3926.7,False,False,False,False,109.78,Nova Suppliers
0a5402a5-1c7b-47c5-be21-c4d75d8b7fd4,Medical Devices SKU-11579,Medical Devices,9018.11,False,False,False,True,398.54,Pacific Suppliers
9a5b5411-4137-45f6-85dd-11de7f6cc5f5,Automotive Parts SKU-11580,Automotive Parts,8708.28,False,False,False,False,747.12,Metro Suppliers
bce91c20-db31-41b8-9ba9-3f3fc932c116,Consumer Goods SKU-11581,Consumer Goods,3926.54,False,False,False,False,70.47,Pacific Suppliers
044cf40a-7dc6-47c8-9a0d-9bda6e5ee1a1,Consumer Goods SKU-11582,Consumer Goods,3926.26,False,False,False,False,65.49,Metro Suppliers
2d184bdb-10b8-4ec2-9171-2dda5a4a55db,Electronics SKU-11583,Electronics,8517.64,False,False,False,True,534.05,Nova Suppliers
45a5eaf2-cbe1-40fb-aa94-fa209f19b75a,Textiles SKU-11584,Textiles,6204.78,False,False,False,False,817.11,Pacific Suppliers
d877f8f4-801d-41eb-9d9a-2f10c6f81518,Automotive Parts SKU-11585,Automotive Parts,8708.99,False,False,False,False,555.65,Metro Suppliers
caba234f-501e-4072-a724-3b42f5a5603b,Chemicals SKU-11586,Chemicals,3824.33,True,False,False,False,420.29,Eastern Suppliers
6bae6ac4-3572-4440-bbfc-aa60e7fbc4ad,Consumer Goods SKU-11587,Consumer Goods,3926.17,False,False,False,False,566.03,Unity Suppliers
897a08cb-6ec4-4be8-9807-7244cb266114,Machinery SKU-11588,Machinery,8479.61,False,False,False,False,756.81,Eastern Suppliers
ebb7fa38-49a8-4ac4-accb-984ef9e299dd,Textiles SKU-11589,Textiles,6204.73,False,False,False,False,51.97,Metro Suppliers
d0bbf9ef-b453-4068-a3b2-4a5b66349d9e,Textiles SKU-11590,Textiles,6204.28,False,False,False,False,598.8,Nova Suppliers
2f37d5c7-ee55-440c-ac17-c30e8936d846,Consumer Goods SKU-11591,Consumer Goods,3926.1,False,False,False,False,604.43,Nova Suppliers
43964caf-9fc4-4d82-b983-1945b085bf8b,Furniture SKU-11592,Furniture,9403.26,False,False,False,True,832.71,Nova Suppliers
35f3f709-1af6-4d9c-a453-48e45603ac95,Textiles SKU-11593,Textiles,6204.59,False,False,False,False,839.68,Summit Suppliers
6ee5e1c1-291d-4cc1-8f7a-a9fdb7b64fcd,Automotive Parts SKU-11594,Automotive Parts,8708.83,False,False,False,False,98.47,Pacific Suppliers
45eb80fd-0374-4d53-913c-e841554ab45f,Pharma SKU-11595,Pharma,3004.36,False,False,False,False,282.76,Eastern Suppliers
884e9dbb-ca88-4482-94a2-453ff3779bdf,Automotive Parts SKU-11596,Automotive Parts,8708.51,False,False,False,False,555.84,Nova Suppliers
7a3219b9-80d7-4738-9590-f4f27b0e85f6,Food SKU-11597,Food,2106.32,False,True,True,False,530.39,Nova Suppliers
a1da8d42-1c61-4a20-87f9-cadf95c8f2d9,Machinery SKU-11598,Machinery,8479.16,False,False,False,False,57.13,Pacific Suppliers
3157753b-4538-4629-aa7e-0c3dd1880222,Textiles SKU-11599,Textiles,6204.82,False,False,False,False,178.28,Pacific Suppliers
23c60f7e-866b-4496-95c2-836d19eee09c,Food SKU-11600,Food,2106.11,False,False,False,False,600.09,Unity Suppliers
dcbdb11a-f385-438d-8065-2a33f65a8ff0,Consumer Goods SKU-11601,Consumer Goods,3926.96,False,False,False,False,279.2,Metro Suppliers
cd16a6ea-b378-450c-a94c-6664a240e42d,Automotive Parts SKU-11602,Automotive Parts,8708.21,False,False,False,False,264.83,Eastern Suppliers
45fc1a3f-5b09-4b28-8253-e64199b1e83e,Food SKU-11603,Food,2106.7,False,False,False,False,186.94,Metro Suppliers
855b8c2f-cd08-4a02-b957-e83d99e269ae,Pharma SKU-11604,Pharma,3004.1,False,True,True,False,203.95,Summit Suppliers
e1e76833-ae1b-4418-a29c-897ec871d1e3,Pharma SKU-11605,Pharma,3004.89,False,True,True,False,441.37,Metro Suppliers
d4f4f843-0365-4aa5-a31d-14603f7e8d32,Medical Devices SKU-11606,Medical Devices,9018.55,False,False,False,False,694.11,Metro Suppliers
069f0a8d-9752-4a6e-8044-2fd470625061,Machinery SKU-11607,Machinery,8479.4,False,False,False,False,813.19,Summit Suppliers
7bd0f05e-8d64-4537-a4d4-e381ea294b9e,Automotive Parts SKU-11608,Automotive Parts,8708.3,False,False,False,False,30.61,Summit Suppliers
13baa3fc-e5fd-4550-a94d-ad3e5b14a603,Medical Devices SKU-11609,Medical Devices,9018.52,False,False,True,False,534.23,Metro Suppliers
7f755250-cc66-4874-a07b-be8a3a98f6c5,Medical Devices SKU-11610,Medical Devices,9018.36,False,False,True,True,495.38,Pacific Suppliers
238efe6a-e504-4daa-b946-ac2e861f2ccf,Automotive Parts SKU-11611,Automotive Parts,8708.39,False,False,False,False,248.44,Metro Suppliers
4d62dc2a-0f06-4da2-89df-242402d8d82a,Furniture SKU-11612,Furniture,9403.44,False,False,False,False,395.77,Unity Suppliers
46135b6c-5e06-4f12-b9cf-f61eabeb2967,Consumer Goods SKU-11613,Consumer Goods,3926.89,False,False,False,False,15.66,Eastern Suppliers
a4b8ac16-7a5b-41d6-ab09-0df56b00438d,Furniture SKU-11614,Furniture,9403.85,False,False,False,True,247.79,Nova Suppliers
39a2610f-d289-4c9f-8eb4-f82d3533630a,Medical Devices SKU-11615,Medical Devices,9018.48,False,False,True,False,208.57,Nova Suppliers
e0457782-6f27-48ae-996d-8bf4591f82d0,Food SKU-11616,Food,2106.96,False,True,False,False,645.05,Metro Suppliers
09b3c571-614d-4b12-8341-2f8a71d97f51,Machinery SKU-11617,Machinery,8479.81,False,False,False,False,509.72,Pacific Suppliers
1bc62ce3-b35e-4b1d-9863-6726500fe7ef,Chemicals SKU-11618,Chemicals,3824.9,False,False,False,False,516.55,Metro Suppliers
572e7d71-f247-40ec-b850-ac4aa112a268,Chemicals SKU-11619,Chemicals,3824.99,True,False,False,False,463.31,Eastern Suppliers
066451cb-61e6-4379-ab3c-2ebf0dc1c956,Food SKU-11620,Food,2106.34,False,False,True,False,320.59,Nova Suppliers
62add441-ebc9-4ccb-9ef8-996f7291b8e2,Electronics SKU-11621,Electronics,8517.23,False,False,False,False,834.12,Metro Suppliers
1d527895-269c-41d5-af75-204f96e7258d,Consumer Goods SKU-11622,Consumer Goods,3926.5,False,False,False,False,739.98,Eastern Suppliers
6e427109-d664-4bc5-b0bc-596f4443e4fd,Medical Devices SKU-11623,Medical Devices,9018.77,False,False,False,True,347.67,Pacific Suppliers
fa154622-27ce-45cf-8158-9198ee7d9877,Chemicals SKU-11624,Chemicals,3824.43,False,False,False,False,235.84,Eastern Suppliers
0fbc7d4f-1521-487c-b41f-893fcc3a0077,Food SKU-11625,Food,2106.2,False,False,True,False,417.74,Metro Suppliers
04e10c92-1b59-45fd-8749-da11a98ddd41,Chemicals SKU-11626,Chemicals,3824.26,False,False,False,False,34.26,Pacific Suppliers
a6695ac8-c2d2-402b-985d-ac89a9a8d69e,Food SKU-11627,Food,2106.83,False,False,True,False,221.0,Metro Suppliers
563504e8-636a-4e41-a8a3-f00a73bd2fa2,Pharma SKU-11628,Pharma,3004.31,False,False,True,False,221.47,Metro Suppliers
683913d6-b8cb-4d04-a695-7da2e300ef0d,Consumer Goods SKU-11629,Consumer Goods,3926.32,False,False,False,False,58.94,Metro Suppliers
5d053b1d-d21d-428f-b038-d33688729103,Textiles SKU-11630,Textiles,6204.71,False,False,False,False,582.94,Eastern Suppliers
3eed22ea-b3b4-4e2a-959c-155cf29bae41,Medical Devices SKU-11631,Medical Devices,9018.51,False,False,True,False,325.29,Pacific Suppliers
1acf8909-b681-4c39-a4ac-6a0324756731,Textiles SKU-11632,Textiles,6204.47,False,False,False,False,519.23,Eastern Suppliers
27681f63-09d9-41a2-9de1-a428e831aa6f,Medical Devices SKU-11633,Medical Devices,9018.29,False,False,True,False,140.09,Nova Suppliers
36d30c23-6595-4e53-91de-265874704078,Electronics SKU-11634,Electronics,8517.26,False,False,False,False,723.87,Nova Suppliers
e7446dfe-a746-4272-9b66-71f5638e22ab,Machinery SKU-11635,Machinery,8479.72,False,False,False,False,59.14,Summit Suppliers
3776a7e1-d37c-49c8-9c33-657a06b0273c,Textiles SKU-11636,Textiles,6204.3,False,False,False,False,345.92,Unity Suppliers
89c207c7-8c8e-4d07-b80e-05506b66fe69,Pharma SKU-11637,Pharma,3004.38,False,True,True,False,500.17,Metro Suppliers
f9eacf09-8782-49d8-b973-04005b0576e5,Medical Devices SKU-11638,Medical Devices,9018.38,False,False,True,True,147.97,Nova Suppliers
7c99044b-36ec-4013-b503-3fb0c498cda4,Furniture SKU-11639,Furniture,9403.29,False,False,False,True,66.55,Metro Suppliers
835e8acf-4acb-4aa7-9e98-88351420a04f,Medical Devices SKU-11640,Medical Devices,9018.66,False,False,True,False,668.32,Metro Suppliers
696f5d91-e40f-4a8a-86ec-811a2ea8e6ad,Textiles SKU-11641,Textiles,6204.65,False,False,False,False,437.49,Unity Suppliers
9ca2f58a-8b60-4bdf-b906-624dd1f3192d,Machinery SKU-11642,Machinery,8479.33,False,False,False,False,521.72,Eastern Suppliers
bc90c672-7bab-4dc7-8d40-8c020adbe0f9,Medical Devices SKU-11643,Medical Devices,9018.5,False,False,False,False,229.11,Summit Suppliers
931d54c0-9f7a-40f5-ac17-3d7d524bc720,Medical Devices SKU-11644,Medical Devices,9018.3,False,False,True,True,576.19,Unity Suppliers
9f5b0f15-806c-4b01-b9d9-27991623144d,Machinery SKU-11645,Machinery,8479.56,False,False,False,False,681.75,Metro Suppliers
9fa0ae48-9fde-41cc-a340-bd0da5d22a4c,Automotive Parts SKU-11646,Automotive Parts,8708.99,False,False,False,False,30.2,Pacific Suppliers
9957ec2e-1be6-490d-b3f4-b67ad4f36deb,Consumer Goods SKU-11647,Consumer Goods,3926.62,False,False,False,False,162.22,Summit Suppliers
cebe91f0-ecdd-4f8c-beff-c43787e0ab33,Medical Devices SKU-11648,Medical Devices,9018.81,False,False,True,False,448.96,Eastern Suppliers
278dcb13-ab64-40a4-bde6-0529a11c2067,Medical Devices SKU-11649,Medical Devices,9018.3,False,False,False,True,33.95,Summit Suppliers
90925c19-9e53-4fad-a4dc-339e6cd7ee0d,Food SKU-11650,Food,2106.62,False,False,False,False,162.52,Pacific Suppliers
3387b43d-e9d2-4d62-9f18-f0d780cfd893,Electronics SKU-11651,Electronics,8517.46,False,False,False,False,334.07,Nova Suppliers
ad2add07-2d43-44b6-8ecb-0bfe120f19ab,Textiles SKU-11652,Textiles,6204.1,False,False,False,False,326.79,Pacific Suppliers
1eb63486-ad36-4d52-afae-07f1f08f41c1,Food SKU-11653,Food,2106.81,False,True,False,False,357.85,Pacific Suppliers
aaf04d5c-4edb-4c36-91c0-1a56abab6714,Automotive Parts SKU-11654,Automotive Parts,8708.98,False,False,False,False,635.51,Nova Suppliers
2eb92556-2111-4937-b254-2c3f236400d3,Food SKU-11655,Food,2106.96,False,False,False,False,412.95,Pacific Suppliers
c4de7704-0a11-405f-972c-4bcc5bf64687,Pharma SKU-11656,Pharma,3004.45,False,True,True,False,200.55,Metro Suppliers
d8a43b4a-579f-4f58-aef2-2b8e20cbdc9b,Machinery SKU-11657,Machinery,8479.38,False,False,False,False,502.75,Summit Suppliers
ada25e4b-ce5f-4831-b01a-a55dbc198439,Medical Devices SKU-11658,Medical Devices,9018.88,False,False,True,True,403.8,Summit Suppliers
5e873372-e12a-456e-bcb4-310d4e09a1a5,Textiles SKU-11659,Textiles,6204.81,False,False,False,False,163.99,Unity Suppliers
4595dd1f-5e64-4480-be79-3f029ee1c147,Pharma SKU-11660,Pharma,3004.66,False,True,False,False,58.03,Eastern Suppliers
cb83fe70-273d-4f60-8e3e-0890b20bc4c3,Automotive Parts SKU-11661,Automotive Parts,8708.57,False,False,False,False,660.99,Unity Suppliers
fac12d69-daa9-4bc0-9e11-512b9ed2cba2,Medical Devices SKU-11662,Medical Devices,9018.91,False,False,True,True,842.29,Nova Suppliers
cc363f91-dc2c-48a3-a693-2d1038273abe,Medical Devices SKU-11663,Medical Devices,9018.52,False,False,True,True,643.86,Eastern Suppliers
6c2335cc-aec0-415e-ae19-7ae69cbc117c,Automotive Parts SKU-11664,Automotive Parts,8708.98,False,False,False,False,233.94,Metro Suppliers
f3ab375f-d9c5-464f-bce9-ed9aa427f9d6,Machinery SKU-11665,Machinery,8479.86,False,False,False,False,504.74,Summit Suppliers
f37be032-fed8-4aa1-8f84-eb8aaa243b58,Medical Devices SKU-11666,Medical Devices,9018.79,False,False,True,False,332.24,Metro Suppliers
66b28f86-85b1-44e3-ac53-ac086176fafe,Consumer Goods SKU-11667,Consumer Goods,3926.91,False,False,False,False,460.06,Summit Suppliers
b4f2a18b-c0af-4808-8ac8-b3df823b2fc2,Machinery SKU-11668,Machinery,8479.31,False,False,False,False,426.97,Metro Suppliers
8aab5656-b803-43e8-847a-fa08ccc513f2,Automotive Parts SKU-11669,Automotive Parts,8708.3,False,False,False,False,629.28,Summit Suppliers
fa848a19-7996-418c-8820-86fc860e6980,Textiles SKU-11670,Textiles,6204.98,False,False,False,False,529.52,Summit Suppliers
e3ab89cf-38b8-43c2-8ab3-7059c8f8c256,Consumer Goods SKU-11671,Consumer Goods,3926.11,False,False,False,False,398.86,Unity Suppliers
2e3a10e1-c5de-4a2c-a559-187b6110d588,Furniture SKU-11672,Furniture,9403.71,False,False,False,True,265.68,Eastern Suppliers
9efd9f31-4e98-4193-9aae-6ead52adcab0,Chemicals SKU-11673,Chemicals,3824.9,False,False,False,False,14.77,Eastern Suppliers
606970fe-7fe1-4ea5-9073-d81feff18fc0,Machinery SKU-11674,Machinery,8479.7,False,False,False,False,532.05,Eastern Suppliers
9482ee22-6709-458f-b322-7b0c657b23a3,Textiles SKU-11675,Textiles,6204.87,False,False,False,False,218.35,Unity Suppliers
3f9d1748-9f70-4bba-98b6-b2fa28c88cd2,Food SKU-11676,Food,2106.13,False,False,True,False,364.83,Unity Suppliers
6dc10cce-b4ab-41a1-bb74-c5fdbdd22364,Chemicals SKU-11677,Chemicals,3824.13,False,False,False,False,818.74,Nova Suppliers
451ecd4b-e5c4-423c-98ab-1e205c7527f3,Automotive Parts SKU-11678,Automotive Parts,8708.32,False,False,False,False,653.93,Nova Suppliers
f46ed47e-28d7-45fd-acc5-a4c25a403e1c,Machinery SKU-11679,Machinery,8479.19,False,False,False,False,623.14,Nova Suppliers
1fcbf94c-b2c0-4eac-a870-09faf2efa4e1,Machinery SKU-11680,Machinery,8479.71,False,False,False,False,67.81,Summit Suppliers
66efb2d7-1039-4348-87a1-5a06311b14a9,Electronics SKU-11681,Electronics,8517.47,False,False,False,False,832.77,Eastern Suppliers
869a071d-3ec6-4a99-8a52-4a1c21d86cf5,Consumer Goods SKU-11682,Consumer Goods,3926.26,False,False,False,False,779.67,Pacific Suppliers
d3b52cc3-1429-4c41-a009-955a3a15f66d,Chemicals SKU-11683,Chemicals,3824.77,False,False,False,False,840.12,Pacific Suppliers
284731cb-e06e-4340-ab83-ca8809cff657,Food SKU-11684,Food,2106.35,False,True,False,False,763.79,Pacific Suppliers
910780c4-2c4e-4e9a-b79b-14277f609365,Electronics SKU-11685,Electronics,8517.92,False,False,False,True,720.02,Metro Suppliers
d5168998-130d-4a90-8ee6-3605daf02287,Furniture SKU-11686,Furniture,9403.61,False,False,False,False,125.7,Pacific Suppliers
7a45e60d-20f8-4ff6-b8c9-3d77f5f7624a,Electronics SKU-11687,Electronics,8517.47,False,False,False,False,605.13,Nova Suppliers
63056b84-f8c5-4fae-b794-81541ba52b11,Textiles SKU-11688,Textiles,6204.5,False,False,False,False,165.08,Metro Suppliers
b3a606d5-53bb-4928-884a-5844cf94a344,Medical Devices SKU-11689,Medical Devices,9018.54,False,False,True,True,84.34,Metro Suppliers
8dd4fb5e-e222-4502-a433-bf333d58cd32,Furniture SKU-11690,Furniture,9403.65,False,False,False,True,530.93,Summit Suppliers
1e944c52-0b9f-42e0-9935-8fc3704052bb,Medical Devices SKU-11691,Medical Devices,9018.12,False,False,False,True,563.96,Unity Suppliers
ae35689e-b630-447e-83e4-402ff7735433,Textiles SKU-11692,Textiles,6204.98,False,False,False,False,408.11,Pacific Suppliers
a0019b4e-d916-42ae-ad2d-0d92ebe71ea5,Pharma SKU-11693,Pharma,3004.23,False,False,False,False,804.83,Pacific Suppliers
8de87d62-e784-4634-855e-5f43d7318391,Electronics SKU-11694,Electronics,8517.9,False,False,False,True,478.03,Nova Suppliers
b610018c-c12e-4971-a861-3a3850129152,Pharma SKU-11695,Pharma,3004.5,False,True,False,False,292.08,Unity Suppliers
1a62decb-6bac-4afd-aba9-e51003a9993a,Electronics SKU-11696,Electronics,8517.83,False,False,False,False,774.93,Eastern Suppliers
2e0982ae-fea0-4678-9478-4c37992e9475,Medical Devices SKU-11697,Medical Devices,9018.29,False,False,True,False,501.74,Metro Suppliers
4f6a775f-951d-4d58-b3e2-e0b12b386a0d,Medical Devices SKU-11698,Medical Devices,9018.55,False,False,False,False,265.9,Metro Suppliers
8b995645-8888-4617-a294-4db250790b50,Electronics SKU-11699,Electronics,8517.79,False,False,False,False,128.86,Unity Suppliers
91f1bed4-a011-4b61-b295-819f602cf5e3,Automotive Parts SKU-11700,Automotive Parts,8708.16,False,False,False,False,641.51,Summit Suppliers
c916b2b6-4f84-464f-ba82-cdb22e1d056f,Medical Devices SKU-11701,Medical Devices,9018.42,False,False,True,True,396.88,Eastern Suppliers
9cca296e-e300-41a4-944b-06e00badf1e7,Food SKU-11702,Food,2106.88,False,True,False,False,759.86,Metro Suppliers
b4d61571-5b96-4cb9-bf00-74ea31bc697c,Textiles SKU-11703,Textiles,6204.62,False,False,False,False,654.1,Nova Suppliers
bf6cbd12-c685-4aa1-8d87-3bed7614efc7,Medical Devices SKU-11704,Medical Devices,9018.17,False,False,True,True,399.43,Pacific Suppliers
88b056de-9e18-43aa-8683-0952ed1ba9e7,Consumer Goods SKU-11705,Consumer Goods,3926.43,False,False,False,False,646.76,Nova Suppliers
2b71f60f-75ae-4054-a54b-ade8e76a4cf6,Food SKU-11706,Food,2106.86,False,True,False,False,2.4,Metro Suppliers
c01a881d-bc15-49a2-ac7c-df3eb0496d41,Food SKU-11707,Food,2106.59,False,False,True,False,271.2,Eastern Suppliers
d27c71c5-d8af-4fc1-b8f7-dc4e82faf0d2,Chemicals SKU-11708,Chemicals,3824.6,True,False,False,False,775.11,Nova Suppliers
6ae9b72f-92f7-46b6-ac74-b2efd7d846f0,Electronics SKU-11709,Electronics,8517.32,False,False,False,False,660.27,Eastern Suppliers
92f05df6-b7de-440b-aee0-d2b472222b43,Machinery SKU-11710,Machinery,8479.11,False,False,False,False,618.02,Summit Suppliers
a2ef99a2-903c-489c-9499-30bcabcad76a,Pharma SKU-11711,Pharma,3004.98,False,False,False,False,372.19,Eastern Suppliers
6a93d90e-e15d-4705-8c92-a769e933eeba,Consumer Goods SKU-11712,Consumer Goods,3926.41,False,False,False,False,55.49,Summit Suppliers
f2dca4e5-cd7e-457a-ac9b-0a3b4b609f4a,Automotive Parts SKU-11713,Automotive Parts,8708.28,False,False,False,False,470.49,Pacific Suppliers
83cfb1cf-a427-4c95-9f8a-86b70a66d24b,Electronics SKU-11714,Electronics,8517.66,False,False,False,True,573.12,Metro Suppliers
15d04cca-7294-43a0-85c9-18be745b37c0,Automotive Parts SKU-11715,Automotive Parts,8708.86,False,False,False,False,547.09,Pacific Suppliers
6780818f-4854-4210-9278-e5a6c20774d7,Automotive Parts SKU-11716,Automotive Parts,8708.82,False,False,False,False,230.86,Unity Suppliers
a7e15076-5f84-49cc-b098-4b572e747440,Consumer Goods SKU-11717,Consumer Goods,3926.52,False,False,False,False,472.83,Pacific Suppliers
e97777db-c06e-43ec-b99e-882c748c24c9,Electronics SKU-11718,Electronics,8517.37,False,False,False,False,100.52,Nova Suppliers
2be03446-39d0-4812-a754-3b574f7bac2d,Food SKU-11719,Food,2106.67,False,False,False,False,387.78,Metro Suppliers
acc5641f-ca39-41ee-a5c4-1dc5d2d96190,Machinery SKU-11720,Machinery,8479.53,False,False,False,False,356.74,Metro Suppliers
fd56da12-0525-4cf2-9498-41cb24d4c076,Textiles SKU-11721,Textiles,6204.25,False,False,False,False,564.48,Nova Suppliers
4231e59d-6aca-433d-b1f7-9a79c422e08d,Furniture SKU-11722,Furniture,9403.56,False,False,False,True,375.2,Metro Suppliers
4fb93e1c-9395-42c4-bde2-869cf1be7466,Textiles SKU-11723,Textiles,6204.9,False,False,False,False,103.96,Pacific Suppliers
78c0cd75-ae20-4f43-a23d-d3844dfe3c5c,Furniture SKU-11724,Furniture,9403.8,False,False,False,True,223.77,Nova Suppliers
ef70f5d3-8659-48b2-9a02-3a6f0a85100f,Pharma SKU-11725,Pharma,3004.8,False,False,True,False,138.9,Pacific Suppliers
f3b17a3e-caaa-4809-b447-59d45eda56e6,Furniture SKU-11726,Furniture,9403.37,False,False,False,False,577.39,Nova Suppliers
af640c4a-b1b7-44c5-8f71-29cf312ff3f5,Chemicals SKU-11727,Chemicals,3824.18,False,False,False,False,619.5,Summit Suppliers
e16aaa86-32d9-465d-9019-1f634f5b305d,Automotive Parts SKU-11728,Automotive Parts,8708.45,False,False,False,False,65.32,Summit Suppliers
63cc0126-f05c-4ef6-9838-ddb94dcb1618,Consumer Goods SKU-11729,Consumer Goods,3926.36,False,False,False,False,123.28,Metro Suppliers
4c3a5c83-bbe6-4301-a2c6-12f4b745f6b3,Furniture SKU-11730,Furniture,9403.31,False,False,False,False,14.17,Summit Suppliers
eece3b6a-6c83-4354-bf3c-880b588627c9,Consumer Goods SKU-11731,Consumer Goods,3926.37,False,False,False,False,504.12,Eastern Suppliers
ad87e32e-f379-4cc3-8901-2f254373b39c,Pharma SKU-11732,Pharma,3004.54,False,False,True,False,679.14,Unity Suppliers
0c4e262c-4036-4cae-b134-19ef89d83f1d,Automotive Parts SKU-11733,Automotive Parts,8708.73,False,False,False,False,722.96,Unity Suppliers
f5319480-777a-4b21-a7c7-e920490a6a4b,Automotive Parts SKU-11734,Automotive Parts,8708.16,False,False,False,False,136.06,Pacific Suppliers
50678a8d-17ee-410d-926b-621707caa838,Textiles SKU-11735,Textiles,6204.21,False,False,False,False,368.46,Eastern Suppliers
344fa066-c07c-43d7-8835-7a17f1bc93b9,Food SKU-11736,Food,2106.26,False,False,False,False,630.09,Unity Suppliers
803e444f-6bce-40c3-9e18-d05b30a01a8b,Pharma SKU-11737,Pharma,3004.87,False,True,True,False,722.14,Nova Suppliers
1963257a-b582-47d8-b725-88f60c30c004,Furniture SKU-11738,Furniture,9403.93,False,False,False,False,478.14,Summit Suppliers
a142c138-7537-419d-a7d7-e2062db345e6,Electronics SKU-11739,Electronics,8517.62,False,False,False,False,235.98,Metro Suppliers
ccf7a816-b655-41ad-8511-6b53c530169e,Consumer Goods SKU-11740,Consumer Goods,3926.6,False,False,False,False,423.73,Pacific Suppliers
f14e8c57-d06b-4582-8cef-cb2674d18d84,Consumer Goods SKU-11741,Consumer Goods,3926.95,False,False,False,False,42.68,Eastern Suppliers
5c7d6f85-50bd-4452-813e-2dbd4a21c409,Consumer Goods SKU-11742,Consumer Goods,3926.59,False,False,False,False,733.81,Metro Suppliers
f875d78a-2aa2-49e6-b21d-1386a029f2f1,Electronics SKU-11743,Electronics,8517.56,False,False,False,True,213.66,Pacific Suppliers
3d36d91f-fad4-40c8-a25b-8443f6614002,Textiles SKU-11744,Textiles,6204.96,False,False,False,False,650.91,Metro Suppliers
9577ed5e-2857-445d-9008-36c2bdecf800,Automotive Parts SKU-11745,Automotive Parts,8708.19,False,False,False,False,477.22,Pacific Suppliers
5c22a647-2a3d-4332-911e-a1633dffae32,Electronics SKU-11746,Electronics,8517.61,False,False,False,True,209.72,Metro Suppliers
b2551f64-fcdc-445c-8389-08ed2c84fdda,Food SKU-11747,Food,2106.7,False,False,True,False,169.99,Eastern Suppliers
aebdd262-da09-4244-8cc0-9f2c26c4fced,Pharma SKU-11748,Pharma,3004.17,False,True,True,False,211.4,Unity Suppliers
f6e8a623-7090-433c-90f4-16398e8c5c64,Textiles SKU-11749,Textiles,6204.32,False,False,False,False,727.49,Metro Suppliers
f4da3d97-653d-43e3-8dfd-af245b7a77d2,Automotive Parts SKU-11750,Automotive Parts,8708.37,False,False,False,False,324.19,Unity Suppliers
84309e2d-39ad-4b2c-8521-4f7ef0cb2355,Textiles SKU-11751,Textiles,6204.45,False,False,False,False,15.04,Eastern Suppliers
1bb9c9db-724f-43f8-8d2e-57215d070abb,Furniture SKU-11752,Furniture,9403.81,False,False,False,True,767.62,Summit Suppliers
0990f4b9-b7a1-41fc-b1ad-79dde895af07,Food SKU-11753,Food,2106.85,False,True,False,False,775.52,Pacific Suppliers
190ac083-a1c1-4454-b161-07c449308770,Automotive Parts SKU-11754,Automotive Parts,8708.73,False,False,False,False,168.66,Pacific Suppliers
e28c18c2-265f-4b6b-8877-b6295bf905be,Food SKU-11755,Food,2106.14,False,True,True,False,99.67,Summit Suppliers
4c23a34b-6222-47a4-829b-65f3c0921c03,Medical Devices SKU-11756,Medical Devices,9018.34,False,False,False,False,609.38,Pacific Suppliers
4309e7f4-5b29-4002-bcd2-3f73ce06e5b0,Pharma SKU-11757,Pharma,3004.63,False,True,False,False,524.17,Unity Suppliers
1d69b224-714a-4e10-b720-422ffa575a24,Electronics SKU-11758,Electronics,8517.27,False,False,False,True,298.99,Unity Suppliers
64569bfa-7089-4b96-833b-38d6587016b0,Food SKU-11759,Food,2106.59,False,False,True,False,318.9,Summit Suppliers
e5f16696-a6f2-4816-b71c-da6ef0cf528a,Textiles SKU-11760,Textiles,6204.53,False,False,False,False,224.11,Pacific Suppliers
572e2531-28d2-4a9e-bb48-3e437673ffb3,Furniture SKU-11761,Furniture,9403.75,False,False,False,False,336.83,Metro Suppliers
b6e87e0e-ffce-4023-ac02-3a1a9642b676,Food SKU-11762,Food,2106.84,False,True,False,False,8.23,Pacific Suppliers
d5b981a2-85c1-4274-b5af-50ee4353799e,Automotive Parts SKU-11763,Automotive Parts,8708.18,False,False,False,False,611.92,Eastern Suppliers
e8b454eb-e216-432d-883a-6799756e2c0d,Chemicals SKU-11764,Chemicals,3824.48,True,False,False,False,390.62,Metro Suppliers
8d9557a5-c4f0-49bb-941e-3d2d77c4fdb1,Medical Devices SKU-11765,Medical Devices,9018.11,False,False,True,False,762.66,Eastern Suppliers
49244083-a387-4c83-9e04-51c761d65d3e,Automotive Parts SKU-11766,Automotive Parts,8708.34,False,False,False,False,825.88,Metro Suppliers
24e09d39-12b6-4a85-8479-84088fa5a928,Machinery SKU-11767,Machinery,8479.16,False,False,False,False,630.28,Eastern Suppliers
85fcadc2-ce7f-4298-b437-d745829a6d65,Chemicals SKU-11768,Chemicals,3824.37,False,False,False,False,48.37,Eastern Suppliers
8c431870-f9b7-4ad4-880e-7f814dbdddaf,Electronics SKU-11769,Electronics,8517.95,False,False,False,False,480.22,Nova Suppliers
c3e0a54b-6f06-4804-b4c0-9c87b12c9b85,Textiles SKU-11770,Textiles,6204.66,False,False,False,False,217.43,Nova Suppliers
a8a83bc8-7ca5-4f27-a908-9198ea02f62f,Chemicals SKU-11771,Chemicals,3824.36,True,False,False,False,199.7,Summit Suppliers
c1ca73e1-b464-4ab4-88f9-9ff472ecaf14,Consumer Goods SKU-11772,Consumer Goods,3926.35,False,False,False,False,817.53,Unity Suppliers
03d3f262-6fbd-484f-9d59-92cbcc9a3e0a,Machinery SKU-11773,Machinery,8479.4,False,False,False,False,86.11,Metro Suppliers
2d2769c1-792d-4950-a939-7a737f41e070,Machinery SKU-11774,Machinery,8479.98,False,False,False,False,796.04,Unity Suppliers
2a6dbef2-0080-4bc8-87b5-39e0c64b4edb,Pharma SKU-11775,Pharma,3004.29,False,True,False,False,342.24,Eastern Suppliers
1e92a57c-058d-47f4-90b7-df0e87dcb18e,Electronics SKU-11776,Electronics,8517.71,False,False,False,False,564.4,Metro Suppliers
f1d7a156-9875-4fa2-bfa5-471e888e6ca5,Food SKU-11777,Food,2106.58,False,False,True,False,672.59,Nova Suppliers
91375aeb-f096-4d57-b062-db2ddce160b8,Food SKU-11778,Food,2106.37,False,True,True,False,523.67,Metro Suppliers
7f95d348-da44-43af-ba38-5ffed0f782a6,Electronics SKU-11779,Electronics,8517.38,False,False,False,True,399.43,Unity Suppliers
bf0ed4ce-ec02-4aae-a88b-53d3245e6a63,Pharma SKU-11780,Pharma,3004.23,False,True,False,False,438.43,Metro Suppliers
3f929ee0-b5c5-40bd-81a1-5be69633e2ad,Machinery SKU-11781,Machinery,8479.62,False,False,False,False,477.09,Eastern Suppliers
579bdca4-70a5-4161-9f34-55a96f4cbcc3,Automotive Parts SKU-11782,Automotive Parts,8708.12,False,False,False,False,477.64,Nova Suppliers
da23c319-0187-46dc-91ed-3b1b2086fdf0,Furniture SKU-11783,Furniture,9403.7,False,False,False,False,479.18,Metro Suppliers
b4789660-1291-4686-aa68-4b476e23a656,Consumer Goods SKU-11784,Consumer Goods,3926.29,False,False,False,False,220.72,Pacific Suppliers
ce07b708-d289-455d-9f3d-89a43a0bebc9,Pharma SKU-11785,Pharma,3004.13,False,True,True,False,822.26,Pacific Suppliers
d2cde01a-1b8c-4932-b9e4-8365e001fb61,Machinery SKU-11786,Machinery,8479.61,False,False,False,False,697.56,Pacific Suppliers
d12c482c-7fc3-46c7-947c-2a8a09232982,Automotive Parts SKU-11787,Automotive Parts,8708.23,False,False,False,False,637.05,Summit Suppliers
96785480-ee7f-4945-8bf3-aa24a1796b42,Chemicals SKU-11788,Chemicals,3824.46,True,False,False,False,36.91,Eastern Suppliers
30db78c8-ab9b-4276-921e-94875c0b39e4,Textiles SKU-11789,Textiles,6204.6,False,False,False,False,188.04,Eastern Suppliers
52511f9f-52be-4dbc-99b5-87b2b7fe7703,Textiles SKU-11790,Textiles,6204.3,False,False,False,False,393.82,Eastern Suppliers
be10c234-915d-4f0b-8a5d-91aedfbe00cb,Machinery SKU-11791,Machinery,8479.54,False,False,False,False,9.67,Unity Suppliers
09e94120-4b2e-4178-b88f-0b39b6ed6be0,Consumer Goods SKU-11792,Consumer Goods,3926.19,False,False,False,False,15.77,Metro Suppliers
a1165a45-606f-40aa-8be2-552a6122ac85,Machinery SKU-11793,Machinery,8479.3,False,False,False,False,357.37,Nova Suppliers
f5c02cf8-b1cb-4108-8af9-05c6b2726f1e,Medical Devices SKU-11794,Medical Devices,9018.61,False,False,False,False,782.46,Metro Suppliers
4ccab2dd-d9e5-4956-aa42-99e8c4c9c52b,Pharma SKU-11795,Pharma,3004.81,False,False,True,False,51.76,Metro Suppliers
c48e9ecf-6dc0-4a27-aadf-a667d069a8d9,Textiles SKU-11796,Textiles,6204.3,False,False,False,False,767.81,Summit Suppliers
5fdb0c7d-6498-41ce-81ea-09d4c1ca8248,Chemicals SKU-11797,Chemicals,3824.69,False,False,False,False,548.0,Unity Suppliers
02c8d1e5-c60a-4d43-95ea-f8a20a26646b,Furniture SKU-11798,Furniture,9403.11,False,False,False,False,590.32,Eastern Suppliers
91b026c1-8dfa-4ac2-b795-4d9e5f202d32,Textiles SKU-11799,Textiles,6204.62,False,False,False,False,346.84,Nova Suppliers
d5291931-d59b-432e-a46f-544490e10802,Machinery SKU-11800,Machinery,8479.1,False,False,False,False,176.71,Pacific Suppliers
c90ff773-2242-498f-82f8-c1baf7919e91,Pharma SKU-11801,Pharma,3004.86,False,True,True,False,336.86,Unity Suppliers
11b84679-8004-4a3e-88a6-0cd1a931bd72,Machinery SKU-11802,Machinery,8479.43,False,False,False,False,489.31,Eastern Suppliers
a198a306-85c7-4e8b-bfdb-7756e3a1cd93,Machinery SKU-11803,Machinery,8479.41,False,False,False,False,528.17,Nova Suppliers
357835c9-83fb-4a50-86ad-2fe0a816015a,Consumer Goods SKU-11804,Consumer Goods,3926.7,False,False,False,False,538.85,Metro Suppliers
e9b87da1-ef26-4bba-a05a-0e437dc665f7,Food SKU-11805,Food,2106.37,False,False,False,False,337.98,Pacific Suppliers
22455f71-ce88-4f4f-973d-980af49c07c0,Textiles SKU-11806,Textiles,6204.57,False,False,False,False,108.65,Eastern Suppliers
61c3a53e-64b1-43df-9ab9-8a02344f154a,Pharma SKU-11807,Pharma,3004.51,False,True,True,False,15.68,Eastern Suppliers
a390489a-de29-4acf-973c-62af941badf0,Pharma SKU-11808,Pharma,3004.32,False,False,False,False,365.45,Summit Suppliers
6f197726-a5a8-47a2-ac97-e3cd87f503e4,Machinery SKU-11809,Machinery,8479.39,False,False,False,False,285.87,Summit Suppliers
f0ba84e5-0784-4e8e-8acd-bbc9e2869f72,Chemicals SKU-11810,Chemicals,3824.48,True,False,False,False,701.06,Pacific Suppliers
30be466a-f2d5-4826-89b8-a2877e518282,Textiles SKU-11811,Textiles,6204.74,False,False,False,False,501.76,Metro Suppliers
db25622f-587e-43f1-b885-6db5db93e719,Furniture SKU-11812,Furniture,9403.59,False,False,False,True,655.62,Unity Suppliers
7d05b631-b758-4d0d-9c02-9e0fddcd5a38,Textiles SKU-11813,Textiles,6204.59,False,False,False,False,83.96,Eastern Suppliers
ffa18fda-29d1-4ffd-ba9f-37e276784a18,Chemicals SKU-11814,Chemicals,3824.97,True,False,False,False,363.85,Nova Suppliers
c0c44d97-3269-46e0-88f1-84bce38e91f7,Chemicals SKU-11815,Chemicals,3824.75,True,False,False,False,603.6,Pacific Suppliers
528be917-9e85-4d81-899e-19d61dfbe7d0,Automotive Parts SKU-11816,Automotive Parts,8708.34,False,False,False,False,178.59,Nova Suppliers
696bc2a3-494c-44f3-bd94-a84e91bd1f58,Consumer Goods SKU-11817,Consumer Goods,3926.64,False,False,False,False,629.79,Eastern Suppliers
aedb40d0-5161-47f8-a43c-46b7850287ac,Chemicals SKU-11818,Chemicals,3824.34,False,False,False,False,753.12,Eastern Suppliers
b328c1f9-9eb4-43d6-bb3d-e0dffff7e628,Textiles SKU-11819,Textiles,6204.95,False,False,False,False,77.81,Unity Suppliers
4e72e895-f763-4e71-8caf-d7aef60ac64b,Consumer Goods SKU-11820,Consumer Goods,3926.27,False,False,False,False,646.75,Metro Suppliers
bb338537-205b-4e5e-a79e-f900e37be1e9,Automotive Parts SKU-11821,Automotive Parts,8708.62,False,False,False,False,64.33,Metro Suppliers
f416f55e-4df9-4fd5-98ea-8848d1c37718,Textiles SKU-11822,Textiles,6204.57,False,False,False,False,222.37,Pacific Suppliers
aefe28bd-8d5f-4c1f-b781-d9480a0e95c9,Furniture SKU-11823,Furniture,9403.32,False,False,False,False,466.44,Unity Suppliers
b1f4288a-b18a-4a51-89dd-4a86b264a59c,Food SKU-11824,Food,2106.57,False,True,True,False,143.51,Unity Suppliers
6f4b2178-c565-40aa-b49e-1aa15bde2b22,Furniture SKU-11825,Furniture,9403.27,False,False,False,False,478.67,Nova Suppliers
6624ba49-9dc2-48ec-9f2a-aa12151fc552,Chemicals SKU-11826,Chemicals,3824.42,True,False,False,False,142.21,Unity Suppliers
d3f1d36f-9ba2-40ed-b756-eb05a51b8d0d,Electronics SKU-11827,Electronics,8517.38,False,False,False,False,487.98,Pacific Suppliers
1536ad55-6fad-48e3-b5fe-5a15f48a7e52,Chemicals SKU-11828,Chemicals,3824.78,True,False,False,False,361.11,Nova Suppliers
40d9b5f8-8ea5-4124-a7a6-f6434c12d5f7,Electronics SKU-11829,Electronics,8517.98,False,False,False,True,352.32,Pacific Suppliers
60aedf1a-f42f-470d-a0b1-dbd0d747bed0,Electronics SKU-11830,Electronics,8517.66,False,False,False,True,452.1,Eastern Suppliers
9fc6ac98-6f2d-407f-8afe-61fdaea77093,Machinery SKU-11831,Machinery,8479.59,False,False,False,False,452.94,Summit Suppliers
e71d50af-c287-4fbf-8ef2-b67256c7176a,Textiles SKU-11832,Textiles,6204.2,False,False,False,False,426.53,Nova Suppliers
e9aa4d33-88c2-44d8-a323-296f75e20922,Machinery SKU-11833,Machinery,8479.77,False,False,False,False,207.86,Eastern Suppliers
1cb565a6-7a44-47ea-afc2-74afa2ef90f6,Chemicals SKU-11834,Chemicals,3824.18,True,False,False,False,650.75,Summit Suppliers
05e02615-fabd-4680-9bc1-ef833e655dd9,Textiles SKU-11835,Textiles,6204.73,False,False,False,False,185.68,Metro Suppliers
df906979-6f5d-4e8c-8ff5-2f07eccb52fa,Automotive Parts SKU-11836,Automotive Parts,8708.67,False,False,False,False,777.96,Summit Suppliers
2e70e313-6c81-43fd-8a36-5dd4ace0b6b3,Pharma SKU-11837,Pharma,3004.66,False,True,True,False,24.48,Eastern Suppliers
d8b0257e-7acb-443e-a52c-2ad598516e0f,Medical Devices SKU-11838,Medical Devices,9018.4,False,False,True,True,607.13,Pacific Suppliers
ea5718bc-88b5-483b-8a22-e39eef4e2e15,Furniture SKU-11839,Furniture,9403.96,False,False,False,True,430.34,Summit Suppliers
bf483c98-db65-4dc0-932f-711977c6b3d7,Electronics SKU-11840,Electronics,8517.58,False,False,False,False,743.23,Pacific Suppliers
ed88c1ba-8886-4efd-8289-f3a9b0a598ef,Textiles SKU-11841,Textiles,6204.4,False,False,False,False,254.5,Nova Suppliers
9bf3da8c-d116-498b-aa0e-cd2f1a3c0dd2,Automotive Parts SKU-11842,Automotive Parts,8708.97,False,False,False,False,830.98,Unity Suppliers
17114f20-e565-4492-8bd5-5f0952507989,Electronics SKU-11843,Electronics,8517.76,False,False,False,False,3.15,Summit Suppliers
bdd562de-b5eb-4965-991e-cf404657ec56,Machinery SKU-11844,Machinery,8479.57,False,False,False,False,380.66,Summit Suppliers
d233d2a6-ac0d-4ad8-8e8f-dd834401b6bd,Machinery SKU-11845,Machinery,8479.95,False,False,False,False,737.42,Pacific Suppliers
ef9da1f8-e029-42c4-89fd-cff8a51c681b,Automotive Parts SKU-11846,Automotive Parts,8708.4,False,False,False,False,807.34,Metro Suppliers
2527c7a2-7d02-41f0-ad9f-f1c1cdf7eaae,Automotive Parts SKU-11847,Automotive Parts,8708.31,False,False,False,False,266.92,Nova Suppliers
653bbc13-a08d-4aeb-ab55-3bfb9762aac6,Machinery SKU-11848,Machinery,8479.78,False,False,False,False,193.72,Nova Suppliers
628c38b4-cafa-45d6-ac76-e18c837c4285,Medical Devices SKU-11849,Medical Devices,9018.12,False,False,False,False,733.1,Unity Suppliers
683a3d6d-e039-45fc-9052-ffdfc74b962a,Furniture SKU-11850,Furniture,9403.7,False,False,False,True,305.78,Nova Suppliers
6548bca3-a6ef-4443-9edb-36b74327c72f,Chemicals SKU-11851,Chemicals,3824.85,False,False,False,False,252.66,Pacific Suppliers
bc307839-f9e1-4195-8354-62986d6c9881,Automotive Parts SKU-11852,Automotive Parts,8708.54,False,False,False,False,590.22,Nova Suppliers
b0958bb9-5ab9-49c1-b2f9-ce873960e574,Electronics SKU-11853,Electronics,8517.69,False,False,False,False,216.67,Pacific Suppliers
fba1a661-9914-4a08-a1f6-c8fc77b3d0a4,Chemicals SKU-11854,Chemicals,3824.48,True,False,False,False,250.5,Eastern Suppliers
9d1e3994-664c-49ee-a967-bbcce697be06,Pharma SKU-11855,Pharma,3004.14,False,True,False,False,259.86,Summit Suppliers
f22417a1-fb94-4aa2-962c-a4a2abfbe572,Chemicals SKU-11856,Chemicals,3824.98,False,False,False,False,549.99,Summit Suppliers
8a41f996-e802-44dd-a4d3-820440ed2603,Chemicals SKU-11857,Chemicals,3824.72,True,False,False,False,822.84,Pacific Suppliers
6fdf57b5-10c5-41e9-8aae-c1518ce1ad2c,Medical Devices SKU-11858,Medical Devices,9018.21,False,False,True,False,446.0,Summit Suppliers
c42f917e-2832-4399-82db-c5a371e84457,Machinery SKU-11859,Machinery,8479.55,False,False,False,False,253.02,Pacific Suppliers
468a87e3-3755-44cc-92bd-fa33d38bcbf8,Consumer Goods SKU-11860,Consumer Goods,3926.21,False,False,False,False,673.69,Nova Suppliers
560f7f38-af33-4cc4-8bbc-f0cdc95f8eb5,Electronics SKU-11861,Electronics,8517.38,False,False,False,True,113.61,Eastern Suppliers
edfadf1e-3058-4d92-ad1b-e28689e0a78d,Consumer Goods SKU-11862,Consumer Goods,3926.37,False,False,False,False,370.57,Metro Suppliers
34a72737-d904-4847-882a-b48dffba3c95,Electronics SKU-11863,Electronics,8517.47,False,False,False,False,668.42,Pacific Suppliers
b1fe1824-d07c-40ea-bd8e-63b167940353,Machinery SKU-11864,Machinery,8479.31,False,False,False,False,368.38,Unity Suppliers
523e699f-a6d2-4e9d-ab2a-0e84ef3b0490,Chemicals SKU-11865,Chemicals,3824.53,True,False,False,False,794.0,Metro Suppliers
286f5ec2-a3aa-49f5-a504-f0f46881ac0c,Pharma SKU-11866,Pharma,3004.19,False,True,True,False,126.58,Summit Suppliers
6af84913-75bc-4c63-815b-1821168331e2,Medical Devices SKU-11867,Medical Devices,9018.33,False,False,True,True,101.98,Unity Suppliers
6ac2f12a-3c2e-43d9-a90e-be2f1a15784f,Pharma SKU-11868,Pharma,3004.44,False,True,True,False,230.19,Metro Suppliers
6d69d427-8f3f-483c-8a55-0e89ccd7302f,Food SKU-11869,Food,2106.73,False,True,False,False,790.35,Metro Suppliers
e86ebcd2-82d0-46c7-87d2-940d39c68b06,Furniture SKU-11870,Furniture,9403.33,False,False,False,True,105.02,Summit Suppliers
786165f5-4f52-47a7-adcc-2ccfcb238611,Textiles SKU-11871,Textiles,6204.98,False,False,False,False,331.06,Metro Suppliers
b8475524-d6f2-4d62-b275-4684fe4df519,Textiles SKU-11872,Textiles,6204.78,False,False,False,False,317.43,Unity Suppliers
54b4083c-9c3d-48ba-bf9b-6999c1caeadb,Textiles SKU-11873,Textiles,6204.77,False,False,False,False,35.36,Metro Suppliers
4403b31d-ee75-4032-9e61-d99a8ca6d11e,Textiles SKU-11874,Textiles,6204.45,False,False,False,False,506.21,Summit Suppliers
5f711776-c71b-4875-b6ed-6fbbbc3bcadf,Pharma SKU-11875,Pharma,3004.14,False,False,True,False,140.97,Nova Suppliers
9e25f6a3-92f8-48f7-b052-ae41a73ff61a,Machinery SKU-11876,Machinery,8479.2,False,False,False,False,826.95,Nova Suppliers
ecfd48b5-ac78-444f-a3bc-11b2f946f660,Electronics SKU-11877,Electronics,8517.15,False,False,False,True,322.48,Nova Suppliers
fe1bb5d0-c24c-4e4a-90e9-1675eddd3e57,Electronics SKU-11878,Electronics,8517.72,False,False,False,True,188.19,Eastern Suppliers
49a8e35f-fb46-4736-9dbd-973f227b8428,Textiles SKU-11879,Textiles,6204.45,False,False,False,False,722.66,Pacific Suppliers
ecb8f8a9-9d28-43da-bd38-9c4850bd52d2,Machinery SKU-11880,Machinery,8479.94,False,False,False,False,65.68,Summit Suppliers
86a6df2d-9fa1-4339-99aa-636f4b574233,Consumer Goods SKU-11881,Consumer Goods,3926.81,False,False,False,False,675.04,Unity Suppliers
50541531-7c2b-4ce7-95b2-94a5cb4e148b,Electronics SKU-11882,Electronics,8517.61,False,False,False,False,221.08,Summit Suppliers
fd1f058e-72bc-401e-92f6-7bfef9ab19fa,Pharma SKU-11883,Pharma,3004.8,False,True,True,False,526.6,Unity Suppliers
1decd265-43f2-42b4-865e-699bf828af0b,Furniture SKU-11884,Furniture,9403.71,False,False,False,False,619.64,Unity Suppliers
41a9e6e7-b514-4c05-b6ef-76d30d576f04,Electronics SKU-11885,Electronics,8517.64,False,False,False,False,755.36,Eastern Suppliers
1c9f746e-9798-4ea9-bd05-2715a083fb2d,Automotive Parts SKU-11886,Automotive Parts,8708.8,False,False,False,False,364.44,Pacific Suppliers
4a6e8f0a-0423-4ce8-97d5-66a14c5fc8dc,Food SKU-11887,Food,2106.48,False,False,False,False,828.83,Summit Suppliers
a87b8710-d383-4b0b-a9d7-386b5ff92857,Chemicals SKU-11888,Chemicals,3824.59,True,False,False,False,267.25,Eastern Suppliers
4110bbe4-fe25-4dfa-98ce-405355774761,Chemicals SKU-11889,Chemicals,3824.35,False,False,False,False,125.08,Pacific Suppliers
ef75ebac-5ab4-472d-ad3c-e757e5f1efa2,Chemicals SKU-11890,Chemicals,3824.49,False,False,False,False,571.06,Eastern Suppliers
562d2a8a-36e1-4d64-b5c6-b0a4be42429c,Consumer Goods SKU-11891,Consumer Goods,3926.64,False,False,False,False,498.46,Unity Suppliers
aeab7001-8bcb-4b88-8f1f-700622916717,Consumer Goods SKU-11892,Consumer Goods,3926.31,False,False,False,False,186.03,Summit Suppliers
158d6e05-9210-40d9-815e-dc42d065cea0,Automotive Parts SKU-11893,Automotive Parts,8708.97,False,False,False,False,215.49,Summit Suppliers
cc297f42-4a72-454e-ba32-21cef675e368,Consumer Goods SKU-11894,Consumer Goods,3926.76,False,False,False,False,302.32,Eastern Suppliers
e7597b3c-445f-444f-b072-b18343df6b9c,Electronics SKU-11895,Electronics,8517.28,False,False,False,False,713.57,Metro Suppliers
e874926d-2019-4ebf-835c-f5b13fe13d1d,Textiles SKU-11896,Textiles,6204.93,False,False,False,False,12.38,Summit Suppliers
3f275e84-0a57-4217-bc8c-dfa216b50bef,Textiles SKU-11897,Textiles,6204.23,False,False,False,False,778.12,Unity Suppliers
ee14f208-95f4-4174-badd-751b2bebaf08,Food SKU-11898,Food,2106.75,False,False,False,False,247.76,Nova Suppliers
49943d84-03ca-4471-bb0c-41219e2c158a,Pharma SKU-11899,Pharma,3004.43,False,True,True,False,107.3,Pacific Suppliers
1540ce34-b632-4991-8b5d-8cc328333a70,Medical Devices SKU-11900,Medical Devices,9018.25,False,False,True,True,194.34,Pacific Suppliers
3358f146-69d3-4fae-a785-8c4fed5afa76,Automotive Parts SKU-11901,Automotive Parts,8708.24,False,False,False,False,812.81,Pacific Suppliers
a057ee3e-019f-46f1-aaf1-47404d0dce14,Chemicals SKU-11902,Chemicals,3824.71,True,False,False,False,588.56,Unity Suppliers
6bfee44a-9180-4489-914b-76488ece6a30,Medical Devices SKU-11903,Medical Devices,9018.32,False,False,True,False,203.54,Metro Suppliers
45fa07ac-15c5-4901-ba8e-c74f1225af38,Pharma SKU-11904,Pharma,3004.35,False,False,True,False,51.32,Metro Suppliers
fd705114-47a4-4469-9274-68a382b286df,Furniture SKU-11905,Furniture,9403.93,False,False,False,True,462.65,Unity Suppliers
7cbc7e5b-b448-4459-a48d-dd4150c18548,Medical Devices SKU-11906,Medical Devices,9018.77,False,False,True,True,486.58,Unity Suppliers
47e9651e-ba51-4e0a-8153-56df02d8ab94,Textiles SKU-11907,Textiles,6204.27,False,False,False,False,571.99,Unity Suppliers
97db8ede-1d09-408f-a778-6c2fb69018b8,Textiles SKU-11908,Textiles,6204.86,False,False,False,False,511.44,Eastern Suppliers
7dc0e528-8a93-454b-bfbc-a5a5f4e74b10,Chemicals SKU-11909,Chemicals,3824.49,False,False,False,False,575.98,Unity Suppliers
9e16b153-fb30-47d1-aa43-a5cc08e0effe,Consumer Goods SKU-11910,Consumer Goods,3926.6,False,False,False,False,273.37,Metro Suppliers
0f3457ce-4889-4f58-8a8d-42d180e9c54b,Consumer Goods SKU-11911,Consumer Goods,3926.87,False,False,False,False,308.46,Unity Suppliers
a88194f7-759a-4044-9a04-0cff2f417bae,Electronics SKU-11912,Electronics,8517.49,False,False,False,True,714.79,Pacific Suppliers
dda1ec39-344f-4ff1-a519-b35bf79219b8,Machinery SKU-11913,Machinery,8479.47,False,False,False,False,597.46,Metro Suppliers
1bb56305-391b-4486-8ff5-2f70b7fa9815,Furniture SKU-11914,Furniture,9403.28,False,False,False,True,398.26,Summit Suppliers
ddd15c6c-a347-4837-b106-0c842303dd83,Furniture SKU-11915,Furniture,9403.9,False,False,False,False,845.77,Nova Suppliers
35cbdafb-2123-4785-8e6f-5dc8ca2b5148,Textiles SKU-11916,Textiles,6204.81,False,False,False,False,822.5,Summit Suppliers
c6feabe9-ca8e-43f4-9e52-e01e1926bcd3,Chemicals SKU-11917,Chemicals,3824.34,False,False,False,False,99.56,Eastern Suppliers
4fcdb7e1-636c-45d2-b985-5092b5c1281b,Food SKU-11918,Food,2106.34,False,True,True,False,395.49,Pacific Suppliers
92e02c96-7a29-4e05-a4c9-44e5246a6f2b,Medical Devices SKU-11919,Medical Devices,9018.52,False,False,True,True,45.5,Summit Suppliers
54b3e71b-a2bc-4477-9a11-174fd9576b29,Textiles SKU-11920,Textiles,6204.59,False,False,False,False,321.34,Eastern Suppliers
1f4bebb7-e792-4023-8550-6f1714bc08d6,Medical Devices SKU-11921,Medical Devices,9018.63,False,False,True,False,442.06,Summit Suppliers
480595b4-cc75-49fe-b674-960d9fcdc964,Pharma SKU-11922,Pharma,3004.91,False,False,True,False,644.15,Metro Suppliers
c8fe9492-b437-4b04-ab17-9cb051f3bef0,Pharma SKU-11923,Pharma,3004.85,False,False,True,False,42.93,Metro Suppliers
c1d4019c-9b80-4202-b0a8-5ddb914d328e,Automotive Parts SKU-11924,Automotive Parts,8708.77,False,False,False,False,177.52,Nova Suppliers
5c4feec6-be11-47f3-b40d-bf28a3a29e85,Medical Devices SKU-11925,Medical Devices,9018.86,False,False,False,False,719.63,Pacific Suppliers
9c121446-ec86-409f-811c-34eb68d68365,Medical Devices SKU-11926,Medical Devices,9018.66,False,False,False,False,642.04,Eastern Suppliers
e8d701a0-a9e4-4a07-abab-29a76ab53a61,Furniture SKU-11927,Furniture,9403.97,False,False,False,False,398.26,Unity Suppliers
2139d617-bbfd-46f6-a399-1ff9e86a47f7,Machinery SKU-11928,Machinery,8479.36,False,False,False,False,288.71,Eastern Suppliers
69567ba2-67f9-4a8a-84f9-04f4ae76073e,Electronics SKU-11929,Electronics,8517.35,False,False,False,False,70.38,Metro Suppliers
5fc57161-5021-4e9f-9c92-78b81ca8d363,Food SKU-11930,Food,2106.52,False,True,True,False,815.95,Metro Suppliers
faa14d40-f430-4607-8520-f32fe5a05f53,Furniture SKU-11931,Furniture,9403.97,False,False,False,True,409.12,Nova Suppliers
83cd3370-0330-461c-adf3-b04b163a8b76,Electronics SKU-11932,Electronics,8517.97,False,False,False,True,537.54,Metro Suppliers
cef40590-46ee-4fad-a5ae-e09457f3190a,Electronics SKU-11933,Electronics,8517.24,False,False,False,True,509.6,Eastern Suppliers
95ccb31c-aaa6-4d21-a763-a99a97424621,Machinery SKU-11934,Machinery,8479.75,False,False,False,False,422.25,Pacific Suppliers
1464103c-6ff9-4cba-914a-cbdf19beb50e,Chemicals SKU-11935,Chemicals,3824.12,False,False,False,False,559.29,Eastern Suppliers
36c764dc-867c-4479-8973-683fe48b0775,Food SKU-11936,Food,2106.19,False,True,True,False,217.26,Metro Suppliers
abd4ff9b-cc43-4924-9fda-610cb0c91391,Furniture SKU-11937,Furniture,9403.78,False,False,False,False,441.38,Eastern Suppliers
a58f6a66-5bba-415b-a3bb-cd6470d2bd1b,Machinery SKU-11938,Machinery,8479.34,False,False,False,False,21.14,Eastern Suppliers
c0c714d9-140a-41af-ae29-b1aa0406441d,Medical Devices SKU-11939,Medical Devices,9018.9,False,False,True,False,834.27,Summit Suppliers
e2955c9f-d36d-48f3-ab9c-c77fbf026c18,Electronics SKU-11940,Electronics,8517.1,False,False,False,False,241.07,Eastern Suppliers
7d630686-fda9-43b0-8c5b-98764a15c202,Pharma SKU-11941,Pharma,3004.15,False,False,True,False,173.15,Metro Suppliers
c5c6ce79-a185-488d-b5b6-84cf78cff294,Chemicals SKU-11942,Chemicals,3824.69,False,False,False,False,163.54,Unity Suppliers
739db70c-5585-4233-b736-f991150a80c5,Pharma SKU-11943,Pharma,3004.28,False,True,False,False,360.46,Eastern Suppliers
8da9202f-fa42-44d7-970d-3e6b033fa31f,Food SKU-11944,Food,2106.4,False,True,True,False,363.85,Unity Suppliers
60e57f1e-9508-40f2-8f0d-3eec7fffaa99,Food SKU-11945,Food,2106.15,False,False,False,False,60.52,Metro Suppliers
f69eeae8-7a53-44aa-931c-fed95cf18980,Machinery SKU-11946,Machinery,8479.82,False,False,False,False,91.48,Summit Suppliers
b73456c0-1227-4c70-96ea-b28abcfb6e7a,Pharma SKU-11947,Pharma,3004.67,False,False,False,False,614.81,Pacific Suppliers
52f77982-2b9e-4fea-b1c4-f6b74018a285,Medical Devices SKU-11948,Medical Devices,9018.11,False,False,True,False,385.47,Metro Suppliers
0053d536-739a-48a1-885e-3ff5b0c8fe86,Medical Devices SKU-11949,Medical Devices,9018.85,False,False,True,True,633.94,Summit Suppliers
31809afc-b534-41f0-b94f-155a92368711,Consumer Goods SKU-11950,Consumer Goods,3926.54,False,False,False,False,825.78,Eastern Suppliers
f115d59f-64f5-4902-b199-d97de21788b4,Pharma SKU-11951,Pharma,3004.83,False,True,False,False,228.36,Unity Suppliers
5e23b59b-7265-43c8-a931-41a59928dd08,Furniture SKU-11952,Furniture,9403.82,False,False,False,False,502.3,Eastern Suppliers
9865108c-fa38-402b-99bc-c5c07b794747,Chemicals SKU-11953,Chemicals,3824.34,True,False,False,False,694.67,Unity Suppliers
a0ebfdc2-ce08-4e1d-85b5-4e1248141606,Chemicals SKU-11954,Chemicals,3824.84,True,False,False,False,137.53,Unity Suppliers
cae7984d-f200-43ce-9377-82dd71655d4f,Chemicals SKU-11955,Chemicals,3824.33,True,False,False,False,23.69,Pacific Suppliers
a13d0bb6-9185-4d28-bb89-71b33ee3a6b6,Textiles SKU-11956,Textiles,6204.26,False,False,False,False,85.24,Pacific Suppliers
79a7eb46-de63-4eaf-b83e-6ebc142c0633,Machinery SKU-11957,Machinery,8479.93,False,False,False,False,719.65,Eastern Suppliers
a545b23d-5fb0-4f0d-b398-6191552e23af,Consumer Goods SKU-11958,Consumer Goods,3926.42,False,False,False,False,5.29,Metro Suppliers
b68c2027-a2e3-4407-9eb2-7f7fdfa0ad78,Automotive Parts SKU-11959,Automotive Parts,8708.91,False,False,False,False,5.52,Summit Suppliers
29175312-453f-4764-91ab-4deba5b0c999,Food SKU-11960,Food,2106.6,False,False,False,False,131.64,Summit Suppliers
f139c8c0-9a8c-4f68-af7e-1582c845ef82,Textiles SKU-11961,Textiles,6204.73,False,False,False,False,263.16,Pacific Suppliers
24e6d64e-4124-4f18-aab6-a4cd580f05fe,Medical Devices SKU-11962,Medical Devices,9018.81,False,False,True,True,28.21,Eastern Suppliers
80ed7880-be74-4b66-9614-8222613acf31,Medical Devices SKU-11963,Medical Devices,9018.71,False,False,True,True,760.01,Nova Suppliers
3feb24ca-ea98-46b5-9d93-b0c833ca5988,Automotive Parts SKU-11964,Automotive Parts,8708.97,False,False,False,False,118.8,Unity Suppliers
a8958a48-d937-42d8-a244-eaa6bb67d596,Machinery SKU-11965,Machinery,8479.28,False,False,False,False,380.11,Nova Suppliers
348a2c17-1543-4f93-8845-04cbbb6a9e35,Chemicals SKU-11966,Chemicals,3824.78,True,False,False,False,801.07,Nova Suppliers
3de58141-6900-47c4-b413-024b96ad9f32,Pharma SKU-11967,Pharma,3004.31,False,False,True,False,738.99,Nova Suppliers
44851c23-11c3-473d-bf62-f5af81bc3b73,Medical Devices SKU-11968,Medical Devices,9018.81,False,False,True,True,726.94,Unity Suppliers
7c679235-1dbb-46e1-b615-36e371802221,Automotive Parts SKU-11969,Automotive Parts,8708.39,False,False,False,False,117.48,Unity Suppliers
f5ce0d48-4905-41dd-8a50-030d9717fcea,Machinery SKU-11970,Machinery,8479.27,False,False,False,False,747.6,Unity Suppliers
6d55c6a1-4e3b-4512-8d79-66548efe76f3,Pharma SKU-11971,Pharma,3004.9,False,False,True,False,647.81,Summit Suppliers
20e912fb-d4ec-4d43-b468-a01e95d53941,Chemicals SKU-11972,Chemicals,3824.94,True,False,False,False,613.99,Nova Suppliers
4dfd3520-3238-4ac5-8cee-d463bbcaf012,Electronics SKU-11973,Electronics,8517.55,False,False,False,True,794.0,Pacific Suppliers
7f46b514-ac07-421a-bd5f-e6ef15514bb3,Automotive Parts SKU-11974,Automotive Parts,8708.89,False,False,False,False,154.68,Pacific Suppliers
b4d23077-3773-4aa5-a624-2e5a4469fd74,Food SKU-11975,Food,2106.2,False,True,False,False,248.62,Pacific Suppliers
fbad1cb6-0f62-4215-98e6-b6f5f4f1c0c2,Pharma SKU-11976,Pharma,3004.61,False,False,True,False,613.69,Eastern Suppliers
0ecd032f-e937-44ca-a896-0e350ff80f7e,Textiles SKU-11977,Textiles,6204.51,False,False,False,False,650.36,Pacific Suppliers
a5612776-4589-40d7-89d5-e359561ee400,Automotive Parts SKU-11978,Automotive Parts,8708.51,False,False,False,False,554.22,Eastern Suppliers
d0280dea-f2ee-42fa-8663-b7e845182249,Chemicals SKU-11979,Chemicals,3824.65,False,False,False,False,835.2,Unity Suppliers
3397e843-b5b1-46f6-9be3-e2a218f1b200,Machinery SKU-11980,Machinery,8479.8,False,False,False,False,460.16,Eastern Suppliers
7c3dcc31-0e06-4b29-bb19-d8e101341a61,Medical Devices SKU-11981,Medical Devices,9018.16,False,False,True,True,244.8,Eastern Suppliers
550a24de-6b10-423a-84e2-394cba9a43b2,Machinery SKU-11982,Machinery,8479.5,False,False,False,False,11.27,Pacific Suppliers
f93bd644-af1c-40c0-9261-2475dd90d809,Medical Devices SKU-11983,Medical Devices,9018.88,False,False,False,True,710.08,Metro Suppliers
a56b86a8-de39-4add-bd51-c4bb350bcf61,Machinery SKU-11984,Machinery,8479.25,False,False,False,False,490.6,Unity Suppliers
97202c77-cdd6-4b26-84dd-15e19ec81e96,Automotive Parts SKU-11985,Automotive Parts,8708.95,False,False,False,False,455.68,Eastern Suppliers
134c9ed7-dec0-4ec3-ab2c-42edd222d78f,Automotive Parts SKU-11986,Automotive Parts,8708.91,False,False,False,False,121.96,Summit Suppliers
71db0608-4c97-4120-9d81-28c4d0bc7127,Food SKU-11987,Food,2106.2,False,True,False,False,384.61,Metro Suppliers
cd72f403-cf34-4691-872e-eacee8185619,Chemicals SKU-11988,Chemicals,3824.83,False,False,False,False,180.67,Metro Suppliers
18f5623e-d756-4c80-9567-90c8ace41bb8,Electronics SKU-11989,Electronics,8517.96,False,False,False,True,397.94,Eastern Suppliers
34613359-31bf-4c18-99f2-6d2fe1fb8b07,Medical Devices SKU-11990,Medical Devices,9018.45,False,False,False,False,555.11,Unity Suppliers
0a4ed0ac-1af8-43f1-841e-0cbc4934da5d,Food SKU-11991,Food,2106.24,False,True,True,False,185.36,Nova Suppliers
4fc4f79a-b1aa-4c97-ba55-66d92bb9c04e,Consumer Goods SKU-11992,Consumer Goods,3926.82,False,False,False,False,180.08,Nova Suppliers
990e5178-d385-49c7-b263-5fa01ab05387,Electronics SKU-11993,Electronics,8517.7,False,False,False,False,661.19,Pacific Suppliers
d1c547d6-3e63-4ce9-8579-8fe916d5d78b,Furniture SKU-11994,Furniture,9403.99,False,False,False,False,381.85,Metro Suppliers
0e847edf-ab2d-40c2-9b91-5796dc2401c2,Medical Devices SKU-11995,Medical Devices,9018.67,False,False,False,False,409.09,Eastern Suppliers
4318b250-2670-467f-b9aa-e2782ff31443,Medical Devices SKU-11996,Medical Devices,9018.59,False,False,True,False,434.87,Summit Suppliers
994224d3-9f29-42a6-8735-34308d51dc30,Machinery SKU-11997,Machinery,8479.68,False,False,False,False,116.33,Metro Suppliers
e9ad1283-c7da-4804-871d-5cb54f3db8c6,Chemicals SKU-11998,Chemicals,3824.58,False,False,False,False,610.96,Nova Suppliers
904e17ad-6e67-45e1-86d7-36c7e63a3c09,Machinery SKU-11999,Machinery,8479.28,False,False,False,False,808.44,Eastern Suppliers
06a1bafb-0743-4b16-ab3d-5fca0103ec7d,Food SKU-12000,Food,2106.51,False,True,True,False,606.33,Eastern Suppliers
bdca9cc4-80c9-4eac-873e-346b9a3aad0e,Machinery SKU-12001,Machinery,8479.76,False,False,False,False,457.13,Summit Suppliers
5b1e7160-7e00-487b-8808-fe828147285b,Machinery SKU-12002,Machinery,8479.86,False,False,False,False,726.04,Pacific Suppliers
78e086fd-553c-4c90-92cc-b6da4f28a018,Electronics SKU-12003,Electronics,8517.74,False,False,False,False,727.77,Eastern Suppliers
79082643-6847-4c8c-a386-9c59792016d9,Pharma SKU-12004,Pharma,3004.27,False,False,False,False,468.21,Summit Suppliers
f1e6558a-660f-4b31-aba1-15cf33ca6859,Automotive Parts SKU-12005,Automotive Parts,8708.42,False,False,False,False,283.02,Eastern Suppliers
7465fea2-003f-42be-ac80-61d1089ced9b,Machinery SKU-12006,Machinery,8479.72,False,False,False,False,838.26,Pacific Suppliers
ecc29a61-0031-4144-95ed-01bb3c017399,Automotive Parts SKU-12007,Automotive Parts,8708.73,False,False,False,False,467.21,Unity Suppliers
2c34c104-00b5-4b98-8d05-10e0f0682cd3,Chemicals SKU-12008,Chemicals,3824.36,False,False,False,False,699.23,Metro Suppliers
e529a1d7-79ef-4324-899b-4bdb5da37723,Textiles SKU-12009,Textiles,6204.76,False,False,False,False,761.2,Metro Suppliers
1758dedb-5b6f-4ed5-9c6a-3eae04401e98,Pharma SKU-12010,Pharma,3004.26,False,True,False,False,152.28,Unity Suppliers
a6513469-8457-4545-93a3-9a405a2ec928,Pharma SKU-12011,Pharma,3004.36,False,False,False,False,608.59,Pacific Suppliers
bd81a93f-50a7-4353-a1b1-533c4d23a747,Consumer Goods SKU-12012,Consumer Goods,3926.44,False,False,False,False,704.71,Unity Suppliers
c16ed89c-0ae2-45ae-8dc2-62b332661fb3,Pharma SKU-12013,Pharma,3004.28,False,True,True,False,814.35,Eastern Suppliers
0fb61e06-1f79-441f-8850-a33c2a339f87,Textiles SKU-12014,Textiles,6204.28,False,False,False,False,41.03,Eastern Suppliers
603c5237-f7c0-47a4-a5f6-c8e8569fe2d8,Food SKU-12015,Food,2106.78,False,False,True,False,42.62,Summit Suppliers
d68c1474-bf6f-4827-a420-9654ee181d89,Furniture SKU-12016,Furniture,9403.34,False,False,False,True,112.32,Pacific Suppliers
aa4c7c11-8d2f-4539-b5c7-cf694808b1e6,Chemicals SKU-12017,Chemicals,3824.63,True,False,False,False,378.64,Unity Suppliers
d2bfdef8-86e9-4668-8c2c-83a56ec6f7d9,Machinery SKU-12018,Machinery,8479.26,False,False,False,False,563.34,Summit Suppliers
42955f51-2aab-43da-b772-bb66595d10aa,Furniture SKU-12019,Furniture,9403.33,False,False,False,True,72.85,Eastern Suppliers
f43aa438-e012-478f-979a-a47296895814,Automotive Parts SKU-12020,Automotive Parts,8708.92,False,False,False,False,842.57,Unity Suppliers
1086cc08-60aa-4012-8e13-fae87ec800ed,Pharma SKU-12021,Pharma,3004.34,False,False,False,False,69.18,Pacific Suppliers
476b1eb5-a180-438b-abda-4bc805e57d3b,Consumer Goods SKU-12022,Consumer Goods,3926.39,False,False,False,False,584.37,Metro Suppliers
7844d0af-662e-42da-9b03-f57e64864c32,Pharma SKU-12023,Pharma,3004.25,False,True,False,False,681.56,Nova Suppliers
ec52fba2-0298-4b15-988f-78c7d99b479f,Machinery SKU-12024,Machinery,8479.7,False,False,False,False,512.87,Pacific Suppliers
b2275770-5551-463f-b29e-24ed6fd129ff,Medical Devices SKU-12025,Medical Devices,9018.71,False,False,False,False,242.86,Unity Suppliers
2a818c1b-b53e-4b61-97bf-0b57c916bde3,Pharma SKU-12026,Pharma,3004.8,False,True,False,False,624.78,Pacific Suppliers
bbdee2ee-1fc8-458c-b10b-1e591ee98ead,Furniture SKU-12027,Furniture,9403.51,False,False,False,True,72.17,Eastern Suppliers
6869fd79-b84b-4b1a-9303-316eaa27e3af,Consumer Goods SKU-12028,Consumer Goods,3926.32,False,False,False,False,617.59,Eastern Suppliers
3c046f9b-fd59-4951-9f67-a9807709d5ef,Automotive Parts SKU-12029,Automotive Parts,8708.29,False,False,False,False,616.94,Nova Suppliers
6dda355c-e8fa-469a-842b-bd0fe10c1dcd,Chemicals SKU-12030,Chemicals,3824.95,True,False,False,False,367.1,Eastern Suppliers
9c16d508-3ce0-4043-b705-1974a7ebefa3,Consumer Goods SKU-12031,Consumer Goods,3926.7,False,False,False,False,383.57,Metro Suppliers
e1470748-bf97-42c5-a000-6a7bd4e49b88,Machinery SKU-12032,Machinery,8479.54,False,False,False,False,97.46,Pacific Suppliers
41cf075b-3ecd-43d3-966f-4248ce7f04dd,Automotive Parts SKU-12033,Automotive Parts,8708.45,False,False,False,False,117.75,Pacific Suppliers
4aa11c43-a872-4d5f-bc8b-b711d5035cbe,Furniture SKU-12034,Furniture,9403.5,False,False,False,True,530.36,Summit Suppliers
f12f2748-5c39-4f9b-bf90-1ad5b0ae8633,Automotive Parts SKU-12035,Automotive Parts,8708.73,False,False,False,False,201.21,Unity Suppliers
7acc8709-0be1-46d3-8c2f-f6a0eec4f5eb,Machinery SKU-12036,Machinery,8479.53,False,False,False,False,789.01,Unity Suppliers
d9506a17-c915-4049-905f-3db07973cbc0,Consumer Goods SKU-12037,Consumer Goods,3926.91,False,False,False,False,813.92,Eastern Suppliers
e0158fbf-3f2b-418d-bf7b-4e2a2e69fae0,Automotive Parts SKU-12038,Automotive Parts,8708.95,False,False,False,False,762.77,Nova Suppliers
b2eb6b15-c95e-4d47-9a70-5ca2dd2010a0,Automotive Parts SKU-12039,Automotive Parts,8708.26,False,False,False,False,294.23,Pacific Suppliers
18f79e8f-230a-48f3-a111-13ea6e7705c4,Furniture SKU-12040,Furniture,9403.41,False,False,False,True,526.9,Eastern Suppliers
92853772-33e7-410b-8604-ae4c105ff178,Machinery SKU-12041,Machinery,8479.45,False,False,False,False,22.12,Metro Suppliers
a92e76dd-e080-49d8-b328-746001a49614,Pharma SKU-12042,Pharma,3004.98,False,True,False,False,484.87,Metro Suppliers
928aefa4-93f3-451d-883f-aa1c62b169b1,Machinery SKU-12043,Machinery,8479.67,False,False,False,False,237.15,Pacific Suppliers
573db21d-ccaa-4d06-a839-256c35d978eb,Textiles SKU-12044,Textiles,6204.28,False,False,False,False,393.13,Unity Suppliers
d88a629d-91bd-4cdc-bb2a-08d1f8452f06,Pharma SKU-12045,Pharma,3004.92,False,False,False,False,844.49,Pacific Suppliers
e8f122f5-5e4a-400c-a299-bcce3cad2751,Pharma SKU-12046,Pharma,3004.6,False,True,False,False,408.68,Metro Suppliers
703f23f8-edff-41e4-8e04-97632a2ac05e,Consumer Goods SKU-12047,Consumer Goods,3926.82,False,False,False,False,585.63,Unity Suppliers
bd376d8f-b5bb-4ab6-8bc3-d1c3529a9f15,Food SKU-12048,Food,2106.47,False,True,False,False,299.52,Unity Suppliers
34983de1-339a-41ae-a6ec-5951481b6f8a,Textiles SKU-12049,Textiles,6204.77,False,False,False,False,29.14,Unity Suppliers
e8e08d78-2a3c-486a-b6c6-9955e9ba706f,Electronics SKU-12050,Electronics,8517.43,False,False,False,False,215.64,Unity Suppliers
0b83c1c1-60a6-452f-b7f1-4ca9f90b5752,Medical Devices SKU-12051,Medical Devices,9018.19,False,False,False,False,821.52,Metro Suppliers
ecca128b-06bb-4fc4-ad0d-f51ff9fc3b70,Automotive Parts SKU-12052,Automotive Parts,8708.86,False,False,False,False,23.93,Pacific Suppliers
84988ead-8d84-453e-84f4-511b1fbc104e,Textiles SKU-12053,Textiles,6204.12,False,False,False,False,294.93,Pacific Suppliers
08bcb1f9-e4c4-40ea-a25e-a6e641879543,Automotive Parts SKU-12054,Automotive Parts,8708.61,False,False,False,False,412.43,Eastern Suppliers
396742dd-187a-4a8e-877b-70f50df2bc75,Automotive Parts SKU-12055,Automotive Parts,8708.34,False,False,False,False,303.0,Pacific Suppliers
2b1f81d8-ecd0-453b-b53f-c43058be034b,Furniture SKU-12056,Furniture,9403.53,False,False,False,True,500.21,Eastern Suppliers
5e0d3072-4db9-488d-9a26-7c58c7e1e7d1,Machinery SKU-12057,Machinery,8479.63,False,False,False,False,293.51,Metro Suppliers
5fb01654-8f12-4da5-ba81-84ff340a811e,Automotive Parts SKU-12058,Automotive Parts,8708.73,False,False,False,False,744.38,Pacific Suppliers
70ffe0fc-1f95-4b7e-8a27-aaf10d08c62d,Furniture SKU-12059,Furniture,9403.2,False,False,False,False,636.62,Eastern Suppliers
9e2cb332-f7a3-47b4-92f4-e9d021b72cdf,Machinery SKU-12060,Machinery,8479.37,False,False,False,False,532.99,Metro Suppliers
81ca8f56-17e2-45d1-8d6e-6179910b9e2f,Chemicals SKU-12061,Chemicals,3824.4,True,False,False,False,374.94,Eastern Suppliers
342419a9-fa31-4234-9825-830719f42523,Automotive Parts SKU-12062,Automotive Parts,8708.3,False,False,False,False,8.98,Summit Suppliers
8af87035-0670-4c4b-a622-8ccd9908556a,Textiles SKU-12063,Textiles,6204.61,False,False,False,False,386.42,Metro Suppliers
0c257bc0-3182-4ce8-8e90-26f0439af9b9,Pharma SKU-12064,Pharma,3004.85,False,False,False,False,373.92,Eastern Suppliers
8dc498aa-8c3c-4f6c-aeb6-396b1fe402d6,Textiles SKU-12065,Textiles,6204.42,False,False,False,False,317.49,Eastern Suppliers
c96ea439-81f9-4690-b0ee-2c3ae3cb6109,Medical Devices SKU-12066,Medical Devices,9018.68,False,False,False,True,348.87,Unity Suppliers
5f4a443a-61c4-414b-ad81-3e696eef1169,Food SKU-12067,Food,2106.11,False,True,False,False,205.23,Nova Suppliers
e4d75872-b103-4384-842f-73f2ec402561,Machinery SKU-12068,Machinery,8479.83,False,False,False,False,332.43,Pacific Suppliers
07b1c38e-c5fa-4167-9e56-cac19e42c6f7,Automotive Parts SKU-12069,Automotive Parts,8708.43,False,False,False,False,183.36,Metro Suppliers
e8e7f4d5-9307-479c-ad22-e5fd0fad4d3b,Food SKU-12070,Food,2106.28,False,True,True,False,406.17,Pacific Suppliers
4dbe90f6-4bdb-4306-acae-039b580f791d,Electronics SKU-12071,Electronics,8517.17,False,False,False,True,350.72,Summit Suppliers
3273d4d9-a44b-4de4-b8bc-b0158cb3edd0,Automotive Parts SKU-12072,Automotive Parts,8708.56,False,False,False,False,772.88,Unity Suppliers
ad917c22-cdaa-4d7f-b4bd-47d8f4874d9e,Textiles SKU-12073,Textiles,6204.22,False,False,False,False,159.47,Pacific Suppliers
74b92e29-5a74-4b14-a412-63e90bd7904d,Automotive Parts SKU-12074,Automotive Parts,8708.39,False,False,False,False,83.9,Eastern Suppliers
d22fb2ee-fb5a-43f9-9bfe-240308099c46,Food SKU-12075,Food,2106.23,False,True,True,False,271.52,Nova Suppliers
f3451953-8526-4b67-b74e-08f23940c216,Automotive Parts SKU-12076,Automotive Parts,8708.97,False,False,False,False,783.23,Nova Suppliers
17311cb0-75b2-4ad6-87c0-820335b627ab,Medical Devices SKU-12077,Medical Devices,9018.64,False,False,False,True,421.94,Metro Suppliers
69956dee-3963-4de6-a7bf-1c562fce39f9,Chemicals SKU-12078,Chemicals,3824.63,True,False,False,False,336.5,Pacific Suppliers
ce50e1ed-6ecd-4a93-8654-37427fb199dd,Chemicals SKU-12079,Chemicals,3824.23,False,False,False,False,586.34,Eastern Suppliers
df1ec7da-baad-4624-854b-625c8bbbc122,Automotive Parts SKU-12080,Automotive Parts,8708.17,False,False,False,False,255.2,Eastern Suppliers
ceb5e6d5-932e-439c-b63e-3ca47f64da93,Chemicals SKU-12081,Chemicals,3824.18,True,False,False,False,91.11,Nova Suppliers
0675e760-2d2e-4ce2-b1b0-9dacee212cf2,Machinery SKU-12082,Machinery,8479.42,False,False,False,False,303.41,Eastern Suppliers
cd9f52f1-2cf1-485f-a64d-f1521a91757b,Food SKU-12083,Food,2106.31,False,False,True,False,561.29,Unity Suppliers
2344e163-69f8-4c27-929d-90838d639ab1,Food SKU-12084,Food,2106.49,False,True,True,False,561.52,Summit Suppliers
6c4ecb06-e726-4843-81bc-e57d4d506873,Electronics SKU-12085,Electronics,8517.35,False,False,False,True,29.57,Eastern Suppliers
1d295e49-5920-4cee-8d66-ae18dee2b3f6,Food SKU-12086,Food,2106.76,False,False,True,False,419.17,Nova Suppliers
6093cfd2-9cb2-41c3-a990-d8e90bab2e7f,Textiles SKU-12087,Textiles,6204.52,False,False,False,False,73.76,Unity Suppliers
8b0f882b-fe06-4044-b117-8a62199a8c64,Textiles SKU-12088,Textiles,6204.71,False,False,False,False,211.53,Nova Suppliers
85f11a43-36f6-4c9d-a099-8d6a9ec15ff4,Electronics SKU-12089,Electronics,8517.73,False,False,False,True,335.86,Nova Suppliers
e7ca8a9f-6d00-46ed-8fef-38dac8637740,Furniture SKU-12090,Furniture,9403.82,False,False,False,False,642.35,Metro Suppliers
a175d03a-e76d-4e76-ae28-544083a2272b,Consumer Goods SKU-12091,Consumer Goods,3926.25,False,False,False,False,476.18,Eastern Suppliers
2835a42e-b413-4a22-9da4-5a584345c300,Medical Devices SKU-12092,Medical Devices,9018.59,False,False,False,True,726.9,Eastern Suppliers
d3e6b68c-492d-451e-8e1f-fd9b00b587ce,Consumer Goods SKU-12093,Consumer Goods,3926.44,False,False,False,False,65.14,Nova Suppliers
25a3686c-5cd0-44e4-962d-27602ee912c1,Electronics SKU-12094,Electronics,8517.42,False,False,False,True,428.47,Eastern Suppliers
4eaa60bb-666b-4515-a382-41ba73d2a4f6,Automotive Parts SKU-12095,Automotive Parts,8708.13,False,False,False,False,801.49,Pacific Suppliers
a735de14-b6a0-4ec8-a0c5-65e729da031b,Food SKU-12096,Food,2106.63,False,False,False,False,196.08,Pacific Suppliers
f829b38e-4d34-4209-ae67-33f743985c51,Textiles SKU-12097,Textiles,6204.37,False,False,False,False,458.24,Nova Suppliers
355d3c9f-9537-41ae-b38b-8b030f49f735,Furniture SKU-12098,Furniture,9403.13,False,False,False,False,818.67,Summit Suppliers
a0e01939-059c-4d04-9ad4-a2fdbfe72db7,Textiles SKU-12099,Textiles,6204.98,False,False,False,False,91.0,Eastern Suppliers
e841b62a-4606-4a79-8003-b2627ccc73d1,Electronics SKU-12100,Electronics,8517.21,False,False,False,False,534.54,Metro Suppliers
3aa9f9fc-50f5-4efe-8427-87df975ce904,Consumer Goods SKU-12101,Consumer Goods,3926.81,False,False,False,False,581.62,Metro Suppliers
4e81e82d-1610-4721-9115-e7f66c813a06,Chemicals SKU-12102,Chemicals,3824.97,True,False,False,False,658.5,Nova Suppliers
268b0591-d1bb-45e3-814e-e5801a1bdc9b,Electronics SKU-12103,Electronics,8517.92,False,False,False,True,266.16,Nova Suppliers
2f061d22-83b3-497e-8553-6122b46ff393,Furniture SKU-12104,Furniture,9403.84,False,False,False,True,729.23,Summit Suppliers
c48a56c1-4589-4ce8-aa11-d7478a88cc85,Textiles SKU-12105,Textiles,6204.14,False,False,False,False,846.19,Unity Suppliers
5396466e-f9d9-4aa5-81c6-92ad3a5d2dee,Automotive Parts SKU-12106,Automotive Parts,8708.34,False,False,False,False,173.69,Nova Suppliers
67e76aca-3aae-4502-bb1b-74fae1fcf909,Medical Devices SKU-12107,Medical Devices,9018.56,False,False,True,False,185.25,Metro Suppliers
de2d7a58-cbfa-4880-a5d6-d3a66e77ff6d,Pharma SKU-12108,Pharma,3004.2,False,True,False,False,337.81,Summit Suppliers
839dd5ea-95d3-4dd2-bdee-d0619d2206f1,Automotive Parts SKU-12109,Automotive Parts,8708.47,False,False,False,False,88.99,Metro Suppliers
1bb219d0-eebd-49d9-83c7-45c1522f774c,Chemicals SKU-12110,Chemicals,3824.35,False,False,False,False,265.53,Summit Suppliers
2de2d9aa-ad3d-4388-8649-b5cadb9e1a44,Electronics SKU-12111,Electronics,8517.76,False,False,False,False,44.21,Unity Suppliers
aa42a653-37fc-4c67-ad4d-f3b3ec9975db,Medical Devices SKU-12112,Medical Devices,9018.16,False,False,False,True,128.14,Metro Suppliers
02471f49-fa6c-4c01-ad8d-b5b4ba872065,Furniture SKU-12113,Furniture,9403.81,False,False,False,False,453.72,Pacific Suppliers
20f82c19-9335-4475-b407-94ce418dafed,Electronics SKU-12114,Electronics,8517.72,False,False,False,False,405.54,Summit Suppliers
f56cd7a3-fe80-4dbc-85c6-9e6ac1b8ae00,Furniture SKU-12115,Furniture,9403.22,False,False,False,True,333.94,Eastern Suppliers
cb10adf0-469b-47ad-8aef-b4ce983d4d26,Consumer Goods SKU-12116,Consumer Goods,3926.44,False,False,False,False,612.67,Pacific Suppliers
cb58a602-512c-4cd5-be2a-a37b0d2f77df,Medical Devices SKU-12117,Medical Devices,9018.37,False,False,True,False,135.27,Unity Suppliers
9ed871d1-614f-4833-911b-cabbbcc1316a,Textiles SKU-12118,Textiles,6204.42,False,False,False,False,628.85,Metro Suppliers
47d8072e-e9be-4683-a54d-adb251a4e0ee,Furniture SKU-12119,Furniture,9403.28,False,False,False,False,64.2,Pacific Suppliers
e6dfb1c3-a5a5-416e-8099-8612f8cde7eb,Medical Devices SKU-12120,Medical Devices,9018.97,False,False,True,False,231.37,Unity Suppliers
66a4a714-ea77-4155-a11c-6787bd22d058,Electronics SKU-12121,Electronics,8517.88,False,False,False,False,481.27,Unity Suppliers
6d5c8195-f8d5-4ebd-8604-c62e0facc9d8,Food SKU-12122,Food,2106.99,False,True,True,False,477.22,Summit Suppliers
0ca9eded-df0f-4ad1-88cd-d5d68c0d4f2c,Medical Devices SKU-12123,Medical Devices,9018.37,False,False,True,False,831.24,Metro Suppliers
b315511c-8d0a-44e0-ba56-ae79db3c3aa2,Furniture SKU-12124,Furniture,9403.13,False,False,False,False,778.17,Metro Suppliers
10861c99-3a92-415e-b56c-09204bb28489,Machinery SKU-12125,Machinery,8479.35,False,False,False,False,300.16,Pacific Suppliers
375008b2-7744-47b1-b707-e469452ee59f,Consumer Goods SKU-12126,Consumer Goods,3926.88,False,False,False,False,124.67,Unity Suppliers
eb23e3b1-f177-46ca-9ba6-1f7bdf0159b3,Electronics SKU-12127,Electronics,8517.63,False,False,False,False,331.12,Unity Suppliers
b5965e10-71c1-45aa-b7bf-2c33db970bd5,Furniture SKU-12128,Furniture,9403.26,False,False,False,False,50.87,Nova Suppliers
6af793f5-5649-45aa-8e16-5c3f8352c2f0,Chemicals SKU-12129,Chemicals,3824.28,True,False,False,False,92.29,Pacific Suppliers
d3b39e2f-c66c-4579-b9f0-2255dc38a4cf,Textiles SKU-12130,Textiles,6204.29,False,False,False,False,581.53,Metro Suppliers
514d545c-eb3d-418e-9738-50188db0f5b5,Electronics SKU-12131,Electronics,8517.53,False,False,False,True,568.37,Metro Suppliers
87871d9f-4f7e-44bd-8f37-0167e315e084,Chemicals SKU-12132,Chemicals,3824.19,True,False,False,False,386.6,Unity Suppliers
48860a32-41e7-44a8-90da-63e068ba8629,Pharma SKU-12133,Pharma,3004.71,False,True,True,False,800.23,Metro Suppliers
05e5f562-f133-4124-b914-d5ded259cb92,Food SKU-12134,Food,2106.88,False,False,True,False,585.4,Eastern Suppliers
3253673f-3817-4bf5-aeb1-e1b07aacfd06,Machinery SKU-12135,Machinery,8479.77,False,False,False,False,325.5,Summit Suppliers
8920aa96-abd3-41d7-96f1-d31d0fb705ac,Automotive Parts SKU-12136,Automotive Parts,8708.48,False,False,False,False,52.49,Nova Suppliers
c8c22bec-e70a-4d24-9480-18352a5ccdc6,Furniture SKU-12137,Furniture,9403.21,False,False,False,False,193.65,Pacific Suppliers
5127ed94-4d52-47c7-93fc-75801c7a610d,Medical Devices SKU-12138,Medical Devices,9018.15,False,False,True,False,600.43,Unity Suppliers
0097e330-9c1e-46a0-a743-b31099519d3f,Medical Devices SKU-12139,Medical Devices,9018.84,False,False,True,True,87.23,Metro Suppliers
244440e4-1765-4096-b616-1a7673fb67e7,Electronics SKU-12140,Electronics,8517.38,False,False,False,True,440.62,Eastern Suppliers
2509f75e-f0d4-4c27-b97d-32b10e667785,Consumer Goods SKU-12141,Consumer Goods,3926.87,False,False,False,False,139.42,Unity Suppliers
c28e772b-6c66-4de8-b835-615f96e80e76,Machinery SKU-12142,Machinery,8479.89,False,False,False,False,611.41,Summit Suppliers
7deb9230-f9ca-471f-825c-cea2bd040e01,Medical Devices SKU-12143,Medical Devices,9018.22,False,False,True,True,691.9,Eastern Suppliers
3dee8e80-fa1b-4434-a23f-4dbf6e5d8605,Food SKU-12144,Food,2106.39,False,True,True,False,770.02,Pacific Suppliers
fc4efdd8-667a-4f9d-b44d-33948b21ad6a,Electronics SKU-12145,Electronics,8517.28,False,False,False,False,33.59,Metro Suppliers
e3a7141f-6d0d-485e-8456-de815b5d8328,Medical Devices SKU-12146,Medical Devices,9018.16,False,False,False,False,328.01,Summit Suppliers
fe93f261-2632-42d8-a849-5d5c6851f5a2,Automotive Parts SKU-12147,Automotive Parts,8708.11,False,False,False,False,795.21,Eastern Suppliers
33db9208-3649-47c0-9679-d25b321738cf,Chemicals SKU-12148,Chemicals,3824.54,True,False,False,False,141.28,Summit Suppliers
6a51fa85-9ea3-409c-92d8-65b024d7d833,Automotive Parts SKU-12149,Automotive Parts,8708.65,False,False,False,False,682.42,Pacific Suppliers
75d35039-1b2b-41ca-ad8c-e77290be85fd,Chemicals SKU-12150,Chemicals,3824.13,False,False,False,False,713.24,Metro Suppliers
f682ab77-c8bf-4f7a-9d6e-75525608df03,Automotive Parts SKU-12151,Automotive Parts,8708.9,False,False,False,False,78.03,Metro Suppliers
519967d2-8ba1-4cdd-b819-58a53e8e5195,Textiles SKU-12152,Textiles,6204.24,False,False,False,False,59.83,Pacific Suppliers
decfa9d7-34c0-46f4-bdf8-bfaeb670728d,Food SKU-12153,Food,2106.9,False,True,True,False,289.19,Unity Suppliers
a913c5cc-ff03-4abb-863a-a50fc72b10a4,Textiles SKU-12154,Textiles,6204.97,False,False,False,False,366.36,Summit Suppliers
d2b04e77-2b8f-439d-82cb-00ea7ff3fc94,Food SKU-12155,Food,2106.53,False,False,False,False,168.13,Metro Suppliers
57e5f868-2a54-4b77-90dd-bf6a393e5be2,Machinery SKU-12156,Machinery,8479.1,False,False,False,False,348.63,Eastern Suppliers
8c68de25-5b69-4740-b5d7-ce506b801018,Chemicals SKU-12157,Chemicals,3824.8,False,False,False,False,241.14,Summit Suppliers
92a8e376-2112-4ef6-bb57-d010008c2b28,Machinery SKU-12158,Machinery,8479.16,False,False,False,False,92.56,Summit Suppliers
1c226c1a-4e2f-494f-9751-033810fad06a,Automotive Parts SKU-12159,Automotive Parts,8708.51,False,False,False,False,367.03,Pacific Suppliers
74828be6-ab94-490f-8a33-3ca9484de459,Consumer Goods SKU-12160,Consumer Goods,3926.91,False,False,False,False,746.75,Pacific Suppliers
03b4b2bb-5546-4b01-b52c-087cdb6a9d23,Chemicals SKU-12161,Chemicals,3824.81,False,False,False,False,400.82,Eastern Suppliers
24cb804a-acac-458e-9dd8-b4519145ccbf,Textiles SKU-12162,Textiles,6204.17,False,False,False,False,384.38,Pacific Suppliers
b2b74ee6-9891-4b92-a4a5-2389be05a3c8,Chemicals SKU-12163,Chemicals,3824.41,True,False,False,False,39.03,Metro Suppliers
db947ae1-f0d9-4376-bddc-d07084180b09,Food SKU-12164,Food,2106.71,False,True,True,False,772.93,Summit Suppliers
1060d734-d1ac-4c93-bbe6-0183ef850826,Medical Devices SKU-12165,Medical Devices,9018.26,False,False,True,True,178.06,Nova Suppliers
3bb3a610-aa50-4beb-9349-a3dd7bac0d06,Medical Devices SKU-12166,Medical Devices,9018.56,False,False,False,True,362.28,Unity Suppliers
9c42b398-90a7-4bce-b99a-f640ef707968,Chemicals SKU-12167,Chemicals,3824.36,False,False,False,False,752.03,Summit Suppliers
be56abcd-8afa-470e-a0c5-ace8f79d0d89,Food SKU-12168,Food,2106.2,False,True,False,False,475.92,Metro Suppliers
526786a8-c153-4992-b41c-8cc1dd9d35ff,Medical Devices SKU-12169,Medical Devices,9018.96,False,False,True,True,36.51,Metro Suppliers
66da6536-e79b-4e4c-ad28-e88527cbc098,Automotive Parts SKU-12170,Automotive Parts,8708.38,False,False,False,False,343.7,Pacific Suppliers
176e9831-183e-418e-900f-1ad4c86d4cb5,Consumer Goods SKU-12171,Consumer Goods,3926.77,False,False,False,False,637.28,Eastern Suppliers
32544f29-6cc7-4f87-b19f-26b41b7db1bb,Food SKU-12172,Food,2106.16,False,True,True,False,219.38,Unity Suppliers
aee9a84c-a031-41ff-a150-85d763efbff4,Textiles SKU-12173,Textiles,6204.91,False,False,False,False,127.29,Summit Suppliers
563b5769-2101-42f7-b725-ba464a9840ba,Machinery SKU-12174,Machinery,8479.46,False,False,False,False,279.58,Eastern Suppliers
c8824871-278b-479f-af4c-e8c99582d654,Pharma SKU-12175,Pharma,3004.44,False,False,True,False,136.11,Metro Suppliers
1b3796f7-f02e-47d3-978b-9f445cba9fca,Textiles SKU-12176,Textiles,6204.82,False,False,False,False,130.76,Pacific Suppliers
a7fb4337-5cda-4dc1-a7fb-e124f4f218c5,Medical Devices SKU-12177,Medical Devices,9018.66,False,False,True,False,533.87,Nova Suppliers
cf9e28e2-93b3-42b8-9f3c-62902265ed18,Chemicals SKU-12178,Chemicals,3824.41,False,False,False,False,603.03,Nova Suppliers
43d43e47-6420-499c-b251-d483f0c94bb4,Pharma SKU-12179,Pharma,3004.53,False,True,False,False,183.1,Summit Suppliers
db1be016-3552-4c6c-8f9b-498fcc46e603,Food SKU-12180,Food,2106.87,False,True,False,False,6.57,Summit Suppliers
d8a01560-798f-4634-9c1a-5a62bc798c5b,Machinery SKU-12181,Machinery,8479.99,False,False,False,False,356.91,Summit Suppliers
efd3dee6-514f-46d8-b67f-d5413a598033,Food SKU-12182,Food,2106.93,False,True,True,False,664.99,Unity Suppliers
e64e7126-d218-4a5b-8d4f-0ab51f3dbc69,Furniture SKU-12183,Furniture,9403.29,False,False,False,True,557.37,Eastern Suppliers
74c4e8f8-575b-4f84-8541-f897408f8b58,Textiles SKU-12184,Textiles,6204.13,False,False,False,False,500.79,Pacific Suppliers
cdc1ac69-a47f-4c99-9b85-8abf226a89ac,Textiles SKU-12185,Textiles,6204.42,False,False,False,False,325.0,Metro Suppliers
f5696d05-c114-4c96-b197-b54037580d39,Pharma SKU-12186,Pharma,3004.22,False,True,True,False,606.31,Metro Suppliers
824f9005-c517-4e2e-847a-98c96ec747f4,Consumer Goods SKU-12187,Consumer Goods,3926.6,False,False,False,False,684.7,Pacific Suppliers
da8c6afd-d63f-4a9d-8d39-142603044c72,Automotive Parts SKU-12188,Automotive Parts,8708.9,False,False,False,False,655.69,Unity Suppliers
21dcc766-3678-4921-a61a-581b17adfda2,Machinery SKU-12189,Machinery,8479.57,False,False,False,False,628.44,Unity Suppliers
e7b93397-e2f4-45d7-a7da-d4f5a51a6885,Pharma SKU-12190,Pharma,3004.67,False,False,False,False,194.64,Unity Suppliers
b16327f0-9526-41b2-b4d5-c0ca2ab3687b,Electronics SKU-12191,Electronics,8517.43,False,False,False,True,431.09,Summit Suppliers
b55da9e1-64cd-4988-a74a-6f6ce60b03c3,Consumer Goods SKU-12192,Consumer Goods,3926.19,False,False,False,False,712.31,Unity Suppliers
3d9df967-03f2-4b92-a31d-1d0f2e034d8e,Electronics SKU-12193,Electronics,8517.73,False,False,False,False,476.92,Summit Suppliers
038254d6-d67b-446a-838c-8f32813182cc,Consumer Goods SKU-12194,Consumer Goods,3926.53,False,False,False,False,700.85,Nova Suppliers
0b7ddc87-cb9e-461f-a814-8553315656ae,Food SKU-12195,Food,2106.47,False,True,True,False,332.83,Nova Suppliers
0e6cc523-fdfb-48a9-a9fb-4661216e24d9,Chemicals SKU-12196,Chemicals,3824.33,True,False,False,False,502.61,Pacific Suppliers
6829dab7-d0da-404a-af7c-ff5344f93f42,Food SKU-12197,Food,2106.92,False,True,True,False,170.05,Eastern Suppliers
dc94b10a-d84f-4554-9910-346dbad335a2,Chemicals SKU-12198,Chemicals,3824.31,True,False,False,False,570.32,Summit Suppliers
deba5bde-930c-49cc-9e85-cb7e0516e73b,Machinery SKU-12199,Machinery,8479.62,False,False,False,False,322.81,Eastern Suppliers
c1ea2748-695b-48e7-a5e0-b40dc8c4b659,Chemicals SKU-12200,Chemicals,3824.52,True,False,False,False,749.98,Nova Suppliers
07e7d626-3e24-45a5-a419-51b338045637,Medical Devices SKU-12201,Medical Devices,9018.42,False,False,True,False,538.24,Unity Suppliers
44086b09-a566-4041-9be8-f54757d0dd0f,Consumer Goods SKU-12202,Consumer Goods,3926.4,False,False,False,False,217.64,Nova Suppliers
c2a38c49-b79d-4fdd-bac9-e421014d033d,Machinery SKU-12203,Machinery,8479.48,False,False,False,False,699.27,Summit Suppliers
07d0b466-c14c-4d33-88b5-79aed7a22767,Food SKU-12204,Food,2106.82,False,False,True,False,817.23,Pacific Suppliers
17f8a702-bec1-4fe3-adc7-33c8e7857a40,Textiles SKU-12205,Textiles,6204.83,False,False,False,False,788.27,Summit Suppliers
0f0f49fd-337b-40e3-8db7-a5724d0513b3,Textiles SKU-12206,Textiles,6204.3,False,False,False,False,104.17,Nova Suppliers
6c99b3fd-41cc-4ba6-bc1a-93cb06bcbbbd,Furniture SKU-12207,Furniture,9403.55,False,False,False,True,273.8,Summit Suppliers
40f41429-63e3-47f9-a269-a491b541b6b1,Consumer Goods SKU-12208,Consumer Goods,3926.74,False,False,False,False,540.96,Pacific Suppliers
137b42a5-1550-44f3-9045-b233e610d740,Pharma SKU-12209,Pharma,3004.6,False,True,True,False,729.52,Nova Suppliers
8ce08d07-00fc-46a0-8b08-6f3fdb08694b,Pharma SKU-12210,Pharma,3004.11,False,True,True,False,410.31,Unity Suppliers
ab402389-75bc-499e-bfd5-3db23d2e2d3d,Electronics SKU-12211,Electronics,8517.12,False,False,False,True,810.45,Unity Suppliers
782911fe-1492-4620-97e2-d38b4f42c1db,Consumer Goods SKU-12212,Consumer Goods,3926.81,False,False,False,False,694.4,Metro Suppliers
2b052c8c-dc66-4df1-9345-4e436cc1d1d1,Food SKU-12213,Food,2106.46,False,True,True,False,271.5,Pacific Suppliers
204c25b1-734f-4f76-a899-7129b8546d07,Automotive Parts SKU-12214,Automotive Parts,8708.78,False,False,False,False,454.66,Eastern Suppliers
64a63064-edf7-4e2a-884f-344013112967,Medical Devices SKU-12215,Medical Devices,9018.86,False,False,False,False,470.4,Eastern Suppliers
6ee5f9e8-b7fc-40a1-ae1b-0088baf37873,Consumer Goods SKU-12216,Consumer Goods,3926.56,False,False,False,False,158.47,Eastern Suppliers
aace944f-ec99-413a-92ee-4613862f1787,Chemicals SKU-12217,Chemicals,3824.1,True,False,False,False,3.96,Nova Suppliers
489aaf94-407c-4881-93c7-859fb25d7bca,Furniture SKU-12218,Furniture,9403.34,False,False,False,True,345.8,Pacific Suppliers
59fb5249-0fa0-4a59-a473-b869005c11f7,Furniture SKU-12219,Furniture,9403.15,False,False,False,True,638.71,Nova Suppliers
702cbc0a-d8c2-4b8f-8a55-5417c5583f2c,Food SKU-12220,Food,2106.88,False,False,True,False,408.76,Pacific Suppliers
056a9ae1-5e32-4066-8b30-2f6da06e4840,Chemicals SKU-12221,Chemicals,3824.51,False,False,False,False,727.68,Nova Suppliers
52fa04a0-fa9f-4d4c-aa50-34e942dc2d76,Chemicals SKU-12222,Chemicals,3824.76,True,False,False,False,220.17,Summit Suppliers
ed323cb1-8568-4419-9105-8f145d307a6d,Consumer Goods SKU-12223,Consumer Goods,3926.77,False,False,False,False,253.52,Pacific Suppliers
fca21c62-620e-4504-b9c0-11f2270e384b,Machinery SKU-12224,Machinery,8479.84,False,False,False,False,554.54,Nova Suppliers
38cc0397-aa08-4382-93e1-d18e76c7f740,Textiles SKU-12225,Textiles,6204.72,False,False,False,False,539.74,Metro Suppliers
850096f0-bf0c-45ab-87d9-bc62246b43b8,Machinery SKU-12226,Machinery,8479.53,False,False,False,False,246.89,Eastern Suppliers
b5881685-3e0d-4c2a-a5b4-0fc04d8907f1,Machinery SKU-12227,Machinery,8479.47,False,False,False,False,666.2,Eastern Suppliers
6ccf32dd-37bd-491a-8e9d-d0c378b18cb1,Furniture SKU-12228,Furniture,9403.55,False,False,False,True,255.71,Pacific Suppliers
c9d56554-499c-44a3-83cb-ce5036349074,Chemicals SKU-12229,Chemicals,3824.93,False,False,False,False,557.55,Metro Suppliers
ab7ddf08-9f17-436e-9ab4-40cd65c03603,Chemicals SKU-12230,Chemicals,3824.57,False,False,False,False,276.91,Unity Suppliers
011084f6-cc4f-464d-8508-9290d378fb67,Furniture SKU-12231,Furniture,9403.57,False,False,False,False,556.44,Eastern Suppliers
6c9d725e-1bc6-4abe-b552-31ca1d93be0d,Machinery SKU-12232,Machinery,8479.34,False,False,False,False,495.24,Nova Suppliers
0d5f999e-2db9-4f2d-8438-83e272c76beb,Medical Devices SKU-12233,Medical Devices,9018.26,False,False,False,False,639.59,Nova Suppliers
cbaace4f-a7de-4553-b91f-299e7cad385c,Automotive Parts SKU-12234,Automotive Parts,8708.99,False,False,False,False,653.52,Metro Suppliers
b25ffe7b-c571-4c2b-a61d-cc4d89179e8a,Electronics SKU-12235,Electronics,8517.43,False,False,False,True,51.89,Unity Suppliers
aae2a878-1461-4c2a-9054-c1ccdb27de43,Medical Devices SKU-12236,Medical Devices,9018.8,False,False,True,True,199.97,Metro Suppliers
96b8705c-bff2-431a-8dc0-075fb616fdd8,Chemicals SKU-12237,Chemicals,3824.72,True,False,False,False,551.06,Summit Suppliers
6364b19d-e3e3-41b9-9245-aba08d547112,Automotive Parts SKU-12238,Automotive Parts,8708.9,False,False,False,False,376.15,Nova Suppliers
9ce0ffd2-5bbf-49f2-996f-0198c55c1781,Automotive Parts SKU-12239,Automotive Parts,8708.7,False,False,False,False,495.46,Metro Suppliers
4e5e68f9-7361-4787-ad0c-da8ff5e7efe0,Textiles SKU-12240,Textiles,6204.9,False,False,False,False,215.07,Unity Suppliers
9a27d045-405b-450d-8f50-5f87144b1588,Chemicals SKU-12241,Chemicals,3824.41,False,False,False,False,460.81,Nova Suppliers
078d341b-756c-4e6f-976d-d6ae66d162a5,Machinery SKU-12242,Machinery,8479.98,False,False,False,False,569.26,Metro Suppliers
4195e51a-1ff8-42a1-9d88-2396d7d7582a,Medical Devices SKU-12243,Medical Devices,9018.74,False,False,True,True,599.37,Nova Suppliers
ae10c8d6-b957-4353-a5f4-5ccd61a2dc25,Chemicals SKU-12244,Chemicals,3824.9,False,False,False,False,320.48,Unity Suppliers
66e90228-b483-4c60-b212-6093b3577ed3,Automotive Parts SKU-12245,Automotive Parts,8708.77,False,False,False,False,685.25,Summit Suppliers
4a4e809f-ae81-42b6-842c-d5b71f662e29,Furniture SKU-12246,Furniture,9403.79,False,False,False,False,600.2,Summit Suppliers
e1cccf7b-cc69-4b40-843c-c918445e6c0f,Textiles SKU-12247,Textiles,6204.79,False,False,False,False,841.29,Metro Suppliers
4c26d0d2-00b8-4b04-845d-5ac93e44fe1c,Consumer Goods SKU-12248,Consumer Goods,3926.5,False,False,False,False,552.8,Eastern Suppliers
b4d9edb3-2c6c-4574-84d3-4a14e6dfa4e2,Machinery SKU-12249,Machinery,8479.5,False,False,False,False,845.14,Eastern Suppliers
a7394f0c-0fd0-470f-b0f3-e5696c8c6974,Furniture SKU-12250,Furniture,9403.32,False,False,False,True,137.33,Eastern Suppliers
de5ce21c-4f0b-4dfe-9489-4fb512b61476,Food SKU-12251,Food,2106.56,False,True,False,False,318.49,Pacific Suppliers
49d8151d-e2d1-4a12-8e9f-16094e824f71,Automotive Parts SKU-12252,Automotive Parts,8708.86,False,False,False,False,358.01,Pacific Suppliers
668964e8-28dc-4e5d-b254-cad8e618d5b7,Medical Devices SKU-12253,Medical Devices,9018.34,False,False,False,False,307.2,Metro Suppliers
839ad649-4d79-4879-a68c-1aca22c7e771,Automotive Parts SKU-12254,Automotive Parts,8708.48,False,False,False,False,379.07,Unity Suppliers
043a1101-1d0e-4a17-afe4-9135b4c3a4d5,Furniture SKU-12255,Furniture,9403.28,False,False,False,True,24.76,Summit Suppliers
da9559bc-e0ae-46ea-b30e-dc191ac05251,Textiles SKU-12256,Textiles,6204.51,False,False,False,False,784.63,Metro Suppliers
d635326f-4d4e-488b-8a3c-c53154f0fe4d,Machinery SKU-12257,Machinery,8479.81,False,False,False,False,467.39,Eastern Suppliers
83c0c1dc-9011-4c66-851b-f9e5bd36e630,Chemicals SKU-12258,Chemicals,3824.86,False,False,False,False,393.71,Pacific Suppliers
8f818d40-871b-4a34-822f-ed98a1afedcd,Medical Devices SKU-12259,Medical Devices,9018.73,False,False,True,False,781.15,Nova Suppliers
e17c42cf-30e8-4d7f-bda4-b14c8247cd9e,Chemicals SKU-12260,Chemicals,3824.6,False,False,False,False,580.19,Unity Suppliers
d9ce96e2-6202-4bd8-be35-4cf5581d7f63,Furniture SKU-12261,Furniture,9403.74,False,False,False,True,708.18,Unity Suppliers
10a1af93-6f09-4cf5-8dd8-7feeef2bade7,Pharma SKU-12262,Pharma,3004.21,False,True,True,False,787.22,Unity Suppliers
c4107f9d-7426-4d4c-97f2-b765b95d90c3,Furniture SKU-12263,Furniture,9403.59,False,False,False,False,444.08,Nova Suppliers
6c1f258f-b225-4e95-8333-56088fbcd801,Chemicals SKU-12264,Chemicals,3824.58,False,False,False,False,486.64,Metro Suppliers
b27bc072-2dea-4ee8-84b6-37319724fbe5,Electronics SKU-12265,Electronics,8517.81,False,False,False,True,323.55,Metro Suppliers
39f4ed4f-5449-476a-8bd7-e3392aa7ffd2,Electronics SKU-12266,Electronics,8517.3,False,False,False,True,629.47,Pacific Suppliers
7b4d1101-aa99-47f1-970c-e3135a51c248,Pharma SKU-12267,Pharma,3004.19,False,False,True,False,93.05,Unity Suppliers
ad71230a-09fc-4622-b247-107ec4dbc2f8,Medical Devices SKU-12268,Medical Devices,9018.76,False,False,False,False,466.63,Nova Suppliers
26411c85-5876-47ba-af27-ff11927e5a49,Furniture SKU-12269,Furniture,9403.28,False,False,False,False,597.59,Nova Suppliers
ea661e6d-79d5-4d73-b782-4958bc5b5cf3,Textiles SKU-12270,Textiles,6204.23,False,False,False,False,628.9,Summit Suppliers
d05b3a08-0685-4631-b7c4-6d589f1158ff,Machinery SKU-12271,Machinery,8479.14,False,False,False,False,340.04,Summit Suppliers
6ad4c139-db23-475c-8e49-0a9fec701a64,Furniture SKU-12272,Furniture,9403.85,False,False,False,False,20.27,Metro Suppliers
d9a0819f-0d7d-46c3-b1b8-887ba6d470b3,Automotive Parts SKU-12273,Automotive Parts,8708.11,False,False,False,False,796.77,Eastern Suppliers
59f56f2a-82a9-402a-874a-7b00e7494943,Automotive Parts SKU-12274,Automotive Parts,8708.72,False,False,False,False,65.9,Summit Suppliers
77c60b86-20ac-45f4-9186-adbf80527026,Electronics SKU-12275,Electronics,8517.9,False,False,False,False,85.62,Summit Suppliers
dbd7ad00-08be-4025-8b7f-eab978e9f442,Consumer Goods SKU-12276,Consumer Goods,3926.66,False,False,False,False,625.26,Eastern Suppliers
41b8d389-e1c8-4914-a587-11cae895ef10,Furniture SKU-12277,Furniture,9403.8,False,False,False,True,152.23,Metro Suppliers
5b52f93d-b488-4e72-b234-5f2f8d53a4b9,Electronics SKU-12278,Electronics,8517.44,False,False,False,True,574.8,Unity Suppliers
db36b23f-3a46-435a-aecb-b5fa86e91b4d,Automotive Parts SKU-12279,Automotive Parts,8708.3,False,False,False,False,592.21,Nova Suppliers
15d4ff02-a7a5-46a1-988e-8decb6c5878f,Pharma SKU-12280,Pharma,3004.59,False,True,True,False,706.69,Summit Suppliers
cdbe25d2-c5d8-4739-bf81-19532559b834,Chemicals SKU-12281,Chemicals,3824.8,False,False,False,False,305.96,Summit Suppliers
c013a5d6-53c2-4c71-abb4-696a287443a8,Medical Devices SKU-12282,Medical Devices,9018.62,False,False,False,False,505.66,Nova Suppliers
38db7c07-d8da-4f1b-a493-a49a0c509468,Medical Devices SKU-12283,Medical Devices,9018.65,False,False,True,True,845.14,Metro Suppliers
45425202-b8cb-489b-a411-9fd8477c95c3,Furniture SKU-12284,Furniture,9403.19,False,False,False,False,688.4,Nova Suppliers
39b4c559-61ea-4f34-b280-6be3d226793a,Electronics SKU-12285,Electronics,8517.36,False,False,False,True,388.45,Metro Suppliers
c8ea350d-81bf-40b5-885c-a6244498e0be,Chemicals SKU-12286,Chemicals,3824.5,True,False,False,False,539.5,Nova Suppliers
dbd9d6f6-4e1b-4baf-8ded-d58ea1366217,Electronics SKU-12287,Electronics,8517.49,False,False,False,False,660.68,Eastern Suppliers
a01163de-5df7-43d4-8d1b-831eb2b1f6d3,Medical Devices SKU-12288,Medical Devices,9018.84,False,False,True,False,678.06,Nova Suppliers
6c82a0f3-b74d-44c1-b39f-61c9fa2d1cbe,Automotive Parts SKU-12289,Automotive Parts,8708.43,False,False,False,False,814.5,Pacific Suppliers
b48d0507-aca0-4040-907e-78e3919df348,Chemicals SKU-12290,Chemicals,3824.25,False,False,False,False,167.11,Pacific Suppliers
f8c4461a-2b57-4187-9bea-5a91a4b19631,Electronics SKU-12291,Electronics,8517.22,False,False,False,True,565.5,Pacific Suppliers
ea4b4914-64df-4f17-b66d-2d6eb146bcb2,Furniture SKU-12292,Furniture,9403.57,False,False,False,True,47.04,Eastern Suppliers
13490fad-fa69-4717-b40c-529fb5117463,Pharma SKU-12293,Pharma,3004.31,False,True,False,False,844.35,Summit Suppliers
078f3947-bdc6-4831-bea9-e66e054ac13f,Machinery SKU-12294,Machinery,8479.54,False,False,False,False,140.27,Eastern Suppliers
24aa28bd-46c3-4529-9a16-64653becaa83,Consumer Goods SKU-12295,Consumer Goods,3926.18,False,False,False,False,477.05,Metro Suppliers
b97a2fb7-441c-4a45-bc9c-b248394278ca,Food SKU-12296,Food,2106.66,False,False,True,False,626.84,Nova Suppliers
020fe95c-bf7f-4e00-b0a8-2cf538d2e548,Chemicals SKU-12297,Chemicals,3824.69,False,False,False,False,498.05,Nova Suppliers
7e62624a-aceb-4341-8a10-c51787766736,Automotive Parts SKU-12298,Automotive Parts,8708.46,False,False,False,False,301.22,Eastern Suppliers
28c5462d-8eca-4ac0-97e1-ebabef175039,Medical Devices SKU-12299,Medical Devices,9018.37,False,False,True,True,211.82,Pacific Suppliers
5d8682b8-c152-4f97-bfce-475aa5016f4c,Electronics SKU-12300,Electronics,8517.57,False,False,False,True,730.79,Pacific Suppliers
c0bcd4c7-bf06-4962-bc21-b8f66df48a4c,Automotive Parts SKU-12301,Automotive Parts,8708.6,False,False,False,False,313.81,Unity Suppliers
fa59ede9-1222-4d84-8990-aa1cfd0562f1,Consumer Goods SKU-12302,Consumer Goods,3926.2,False,False,False,False,185.74,Metro Suppliers
a9f12514-d784-4acd-9d8c-8e8a42a5fb55,Medical Devices SKU-12303,Medical Devices,9018.68,False,False,True,True,717.74,Metro Suppliers
16bf7281-c790-45f7-899c-cd7f1352dedd,Pharma SKU-12304,Pharma,3004.88,False,True,True,False,91.15,Eastern Suppliers
b1838c62-d174-40cd-a895-fff0213122de,Automotive Parts SKU-12305,Automotive Parts,8708.36,False,False,False,False,131.69,Pacific Suppliers
439779be-5d80-4c32-8456-077554e0f9aa,Consumer Goods SKU-12306,Consumer Goods,3926.22,False,False,False,False,387.48,Summit Suppliers
56c0dc43-6046-4a51-81f4-b5c4a4c9abed,Automotive Parts SKU-12307,Automotive Parts,8708.11,False,False,False,False,423.49,Pacific Suppliers
821c0650-8204-4218-86b1-85b228ace510,Pharma SKU-12308,Pharma,3004.99,False,False,False,False,701.37,Metro Suppliers
44ebf12a-b1af-430f-9beb-7d7f00084dc5,Chemicals SKU-12309,Chemicals,3824.13,True,False,False,False,455.01,Metro Suppliers
443978c2-72fc-439e-a7a5-cc13e6fc7b6c,Food SKU-12310,Food,2106.42,False,True,True,False,322.42,Metro Suppliers
8b888e08-17f6-40cd-b1ac-7aa8698d635f,Textiles SKU-12311,Textiles,6204.83,False,False,False,False,265.17,Eastern Suppliers
cd376130-1193-4130-9100-6851012fb385,Pharma SKU-12312,Pharma,3004.96,False,True,True,False,652.39,Unity Suppliers
654ec88d-dec0-43cd-abc5-be8ebb66e053,Food SKU-12313,Food,2106.8,False,False,True,False,449.88,Summit Suppliers
6e9f820d-5fb9-4b95-9d94-ce14fc201c90,Electronics SKU-12314,Electronics,8517.66,False,False,False,True,648.91,Summit Suppliers
fd6d26ec-6f32-47f2-bd76-9b63cb5aab1b,Medical Devices SKU-12315,Medical Devices,9018.33,False,False,True,True,837.29,Nova Suppliers
9c778337-b037-4604-8bdc-7e1d1fb099e9,Medical Devices SKU-12316,Medical Devices,9018.19,False,False,True,False,501.24,Pacific Suppliers
dd3cd4b7-ef46-47e4-a4e1-575a86ef0d4e,Machinery SKU-12317,Machinery,8479.46,False,False,False,False,78.1,Unity Suppliers
0d275739-e9cd-4144-bc76-e078d80896cc,Machinery SKU-12318,Machinery,8479.63,False,False,False,False,708.03,Nova Suppliers
6cb73650-8a53-45a1-8ed1-0af6d2fb4de4,Consumer Goods SKU-12319,Consumer Goods,3926.49,False,False,False,False,232.03,Eastern Suppliers
8871c657-3fbc-4011-bc54-afad9b725945,Furniture SKU-12320,Furniture,9403.13,False,False,False,True,161.14,Nova Suppliers
ebf5db50-9cfe-4e59-843e-c49c1a9164bd,Medical Devices SKU-12321,Medical Devices,9018.28,False,False,False,False,330.86,Nova Suppliers
e5a6c18e-ea73-462a-a1df-2d5047dbd4c0,Automotive Parts SKU-12322,Automotive Parts,8708.18,False,False,False,False,521.48,Pacific Suppliers
60d7f49a-2674-4243-9bae-daf8f0c6e2f6,Chemicals SKU-12323,Chemicals,3824.54,False,False,False,False,461.9,Metro Suppliers
10b18176-6910-4bd4-bd7c-b1af0f2426db,Chemicals SKU-12324,Chemicals,3824.33,False,False,False,False,497.53,Summit Suppliers
e58f4e80-dcc5-459f-950a-b7f5d3d538a3,Pharma SKU-12325,Pharma,3004.58,False,False,False,False,302.96,Unity Suppliers
f425ad3c-e6a0-4827-8e8a-b6bd6c9410cb,Furniture SKU-12326,Furniture,9403.41,False,False,False,False,754.64,Nova Suppliers
f3ffe7da-0b30-4915-b683-fc63c5237b9d,Electronics SKU-12327,Electronics,8517.25,False,False,False,True,93.07,Pacific Suppliers
7d1c128a-f85c-400c-85e7-ecf407eefb06,Machinery SKU-12328,Machinery,8479.88,False,False,False,False,300.06,Pacific Suppliers
a389705a-0798-4adf-831b-06fa2b3c17ef,Chemicals SKU-12329,Chemicals,3824.64,True,False,False,False,368.64,Eastern Suppliers
e3eda94a-c8ed-443b-8569-260cf124bad5,Chemicals SKU-12330,Chemicals,3824.39,True,False,False,False,149.55,Pacific Suppliers
2bdc02e4-bb23-4853-8a89-8d7aa72b83cc,Chemicals SKU-12331,Chemicals,3824.37,True,False,False,False,552.97,Nova Suppliers
d30c460b-744b-444c-b05f-5c82deae21a4,Chemicals SKU-12332,Chemicals,3824.91,False,False,False,False,379.54,Metro Suppliers
f2b29b3d-0984-4222-b779-084fdff100b0,Pharma SKU-12333,Pharma,3004.9,False,False,True,False,148.37,Metro Suppliers
95c82bc3-19a9-4bf3-b4c6-aee4da824438,Automotive Parts SKU-12334,Automotive Parts,8708.33,False,False,False,False,257.71,Pacific Suppliers
2a463260-77db-49c3-bf10-7f2ffb3dc63e,Chemicals SKU-12335,Chemicals,3824.86,True,False,False,False,393.27,Eastern Suppliers
961af0ec-def2-4fd4-b18a-2423e6a290a3,Furniture SKU-12336,Furniture,9403.79,False,False,False,False,422.53,Eastern Suppliers
94ae3a1a-b11a-44b4-96a3-505164e69954,Consumer Goods SKU-12337,Consumer Goods,3926.64,False,False,False,False,422.72,Nova Suppliers
c0e7761b-7094-4e15-aead-361407e06732,Automotive Parts SKU-12338,Automotive Parts,8708.46,False,False,False,False,61.74,Unity Suppliers
3db74319-dcdb-41b1-adc9-46c929f19367,Consumer Goods SKU-12339,Consumer Goods,3926.25,False,False,False,False,437.23,Metro Suppliers
e3aba550-5a62-4bac-bfa3-7415501edf31,Furniture SKU-12340,Furniture,9403.66,False,False,False,False,805.18,Metro Suppliers
4b993940-5b8e-457c-98d5-e737a6ea398e,Machinery SKU-12341,Machinery,8479.53,False,False,False,False,596.23,Unity Suppliers
35e1113d-3ff9-47c5-a822-3bc338ce5cbf,Textiles SKU-12342,Textiles,6204.6,False,False,False,False,40.97,Unity Suppliers
f482734a-39d6-4059-93f5-3422e8948a47,Medical Devices SKU-12343,Medical Devices,9018.65,False,False,True,False,764.96,Unity Suppliers
8d8abf2c-25a7-42dd-a1d7-a09d08b41119,Pharma SKU-12344,Pharma,3004.25,False,False,True,False,190.19,Pacific Suppliers
27073795-32fb-494b-9ecb-d4811f1752f8,Machinery SKU-12345,Machinery,8479.76,False,False,False,False,270.23,Eastern Suppliers
d9a12c68-8ecb-40d9-92bb-05ef80305588,Food SKU-12346,Food,2106.17,False,True,True,False,648.68,Nova Suppliers
8e92a137-2aa5-4344-b371-cb3d81baf0e3,Consumer Goods SKU-12347,Consumer Goods,3926.41,False,False,False,False,122.32,Eastern Suppliers
ddeec419-090b-448d-adee-e9e5a7b6c26a,Medical Devices SKU-12348,Medical Devices,9018.68,False,False,False,False,188.03,Metro Suppliers
a00caf58-0bf1-4afd-85ae-e9b49b266107,Furniture SKU-12349,Furniture,9403.12,False,False,False,True,606.45,Unity Suppliers
c61a2250-606e-418d-b030-ece050b1fc97,Consumer Goods SKU-12350,Consumer Goods,3926.56,False,False,False,False,111.46,Unity Suppliers
9227ed69-d6fc-4102-a6ee-83303d6abee7,Automotive Parts SKU-12351,Automotive Parts,8708.11,False,False,False,False,542.56,Nova Suppliers
4d72f36f-89dc-432a-aa7e-4b4943ce7ef2,Machinery SKU-12352,Machinery,8479.53,False,False,False,False,745.12,Unity Suppliers
06a369f4-1844-410d-9a01-5c3a3c106312,Food SKU-12353,Food,2106.75,False,False,False,False,505.49,Pacific Suppliers
18f54aba-64fe-4cc4-8e09-bff65c3c4afd,Pharma SKU-12354,Pharma,3004.32,False,True,True,False,646.41,Nova Suppliers
4630c65c-c93e-4804-9595-9deeac68f0a0,Machinery SKU-12355,Machinery,8479.75,False,False,False,False,805.9,Nova Suppliers
044b8fa5-d72a-4977-80c0-8a91a23a7a48,Consumer Goods SKU-12356,Consumer Goods,3926.15,False,False,False,False,392.94,Summit Suppliers
41063115-6d31-4f00-8e5f-0fb9824c364c,Food SKU-12357,Food,2106.3,False,False,True,False,496.11,Unity Suppliers
8daa084e-121b-459e-9119-8890dc9619ae,Automotive Parts SKU-12358,Automotive Parts,8708.8,False,False,False,False,688.44,Summit Suppliers
d2ea9715-3f0e-43a7-958c-2691c9f329c5,Electronics SKU-12359,Electronics,8517.35,False,False,False,True,320.03,Pacific Suppliers
7de5a553-87b3-4380-b1fa-9874e170cb3b,Machinery SKU-12360,Machinery,8479.48,False,False,False,False,843.49,Unity Suppliers
77c0e187-cf83-429b-a4dd-e47cf999c0c9,Machinery SKU-12361,Machinery,8479.83,False,False,False,False,149.58,Eastern Suppliers
725fa1cf-5137-4c50-be81-f48ca8749cba,Electronics SKU-12362,Electronics,8517.41,False,False,False,False,462.98,Pacific Suppliers
b28a7bc0-ca0a-4b57-a9e5-8fc78b1ae273,Consumer Goods SKU-12363,Consumer Goods,3926.65,False,False,False,False,346.59,Unity Suppliers
34a80a0b-2d50-473f-83d9-080c0d0ea132,Consumer Goods SKU-12364,Consumer Goods,3926.66,False,False,False,False,389.9,Metro Suppliers
04009dd0-d51d-4103-85cc-929976403ab3,Furniture SKU-12365,Furniture,9403.24,False,False,False,True,724.13,Pacific Suppliers
2dab6725-9207-490a-b307-fd4407af8982,Consumer Goods SKU-12366,Consumer Goods,3926.67,False,False,False,False,435.02,Eastern Suppliers
13447c77-b52a-45f5-8da1-7bf76b0131e0,Chemicals SKU-12367,Chemicals,3824.37,True,False,False,False,298.18,Pacific Suppliers
f89dec30-b56d-4494-af01-f97c3993bd7d,Chemicals SKU-12368,Chemicals,3824.43,False,False,False,False,647.73,Nova Suppliers
eea4fa4e-ba08-4065-8dd1-1ce1843f9bee,Pharma SKU-12369,Pharma,3004.1,False,False,True,False,373.76,Metro Suppliers
520822fe-1d42-4846-9912-0ca3efe02faf,Automotive Parts SKU-12370,Automotive Parts,8708.27,False,False,False,False,291.35,Summit Suppliers
84e58376-ea87-4f9b-917b-7cc394b12a64,Automotive Parts SKU-12371,Automotive Parts,8708.53,False,False,False,False,793.3,Nova Suppliers
488b2cec-27e7-45cc-9dcb-2f831720c485,Consumer Goods SKU-12372,Consumer Goods,3926.2,False,False,False,False,315.99,Metro Suppliers
e5c04523-e37f-4cd1-8be7-5dd7e6bfc39d,Textiles SKU-12373,Textiles,6204.39,False,False,False,False,27.02,Metro Suppliers
b4da9b65-4ded-4509-8cb5-c45cbc1f89f3,Machinery SKU-12374,Machinery,8479.81,False,False,False,False,173.02,Summit Suppliers
cbf16afe-695d-4044-a069-8fdbd1f1e563,Furniture SKU-12375,Furniture,9403.5,False,False,False,True,539.89,Summit Suppliers
d3ac35a9-eaca-4445-b606-ce8801e501ec,Chemicals SKU-12376,Chemicals,3824.41,True,False,False,False,46.07,Pacific Suppliers
060fb36d-7ffd-43a8-b1c6-f2e0f68c3613,Pharma SKU-12377,Pharma,3004.18,False,True,False,False,629.42,Eastern Suppliers
e3254fd8-760d-4664-bc94-48269fe6d1e9,Chemicals SKU-12378,Chemicals,3824.4,True,False,False,False,355.9,Summit Suppliers
691b8565-2d99-4317-aa63-df56be28f695,Machinery SKU-12379,Machinery,8479.7,False,False,False,False,16.89,Eastern Suppliers
2d7a7298-6936-4909-b507-026d2992af01,Food SKU-12380,Food,2106.52,False,True,True,False,841.52,Pacific Suppliers
22bc5649-649f-493e-8ef2-c5f08760eff4,Textiles SKU-12381,Textiles,6204.11,False,False,False,False,201.4,Nova Suppliers
69f1b6f4-fba0-4a8c-8b42-bc5ecab98dc8,Electronics SKU-12382,Electronics,8517.52,False,False,False,False,239.08,Eastern Suppliers
c3553532-52c5-4730-814b-a28e4462bfb2,Electronics SKU-12383,Electronics,8517.96,False,False,False,False,222.56,Pacific Suppliers
f97f8e59-f483-4f9a-8065-1dce02bc46f8,Food SKU-12384,Food,2106.3,False,False,False,False,259.37,Eastern Suppliers
afe2366a-feb6-40b5-97b8-40c1a1c34ada,Furniture SKU-12385,Furniture,9403.37,False,False,False,True,226.11,Unity Suppliers
9295c971-1e4c-41d5-a867-23dc32682250,Automotive Parts SKU-12386,Automotive Parts,8708.61,False,False,False,False,564.54,Nova Suppliers
3179378d-817b-4099-8613-3c985b292826,Machinery SKU-12387,Machinery,8479.37,False,False,False,False,524.85,Metro Suppliers
8f73b1fb-47dd-4e24-afc9-24a549db0def,Food SKU-12388,Food,2106.75,False,False,True,False,100.26,Nova Suppliers
5b71c507-d31d-4227-a59d-15b8b8e356cd,Automotive Parts SKU-12389,Automotive Parts,8708.2,False,False,False,False,505.52,Unity Suppliers
b3aa2b1a-e221-4ab9-a8fa-c0045e2bd02b,Food SKU-12390,Food,2106.88,False,False,True,False,90.51,Metro Suppliers
dd7355ad-a84b-4065-8854-addf1918565a,Furniture SKU-12391,Furniture,9403.73,False,False,False,False,544.26,Metro Suppliers
28dd7928-320b-4432-947a-569898dbcab7,Pharma SKU-12392,Pharma,3004.76,False,True,True,False,439.34,Metro Suppliers
ba68ba53-3fd1-47bc-af2d-5fc30b54b474,Machinery SKU-12393,Machinery,8479.57,False,False,False,False,103.43,Unity Suppliers
18894370-e5d6-432a-9d5d-8665a288e832,Textiles SKU-12394,Textiles,6204.71,False,False,False,False,809.13,Summit Suppliers
599f95ba-8667-46d9-92c8-194ae3c05ed6,Furniture SKU-12395,Furniture,9403.18,False,False,False,False,377.5,Unity Suppliers
b2dfbd9f-a7ff-4eae-8a93-9f5f71c18148,Consumer Goods SKU-12396,Consumer Goods,3926.44,False,False,False,False,12.67,Eastern Suppliers
32ae2041-8156-44c6-899d-495fd6695a30,Food SKU-12397,Food,2106.28,False,True,True,False,348.95,Eastern Suppliers
8cbe5a92-0748-497a-bc08-bb26b5755885,Food SKU-12398,Food,2106.59,False,True,False,False,190.45,Summit Suppliers
318ee9a4-0211-4bfd-a309-58d693c62b2d,Electronics SKU-12399,Electronics,8517.85,False,False,False,True,356.18,Metro Suppliers
1594c8c1-aa8a-4781-a25e-7dbdda5cd277,Textiles SKU-12400,Textiles,6204.51,False,False,False,False,61.83,Metro Suppliers
220aad23-6585-4a2a-bb85-5cbe785cb6df,Pharma SKU-12401,Pharma,3004.86,False,False,True,False,421.72,Summit Suppliers
29ffcf6d-3d45-40cf-8889-a45448cb5817,Pharma SKU-12402,Pharma,3004.53,False,True,True,False,620.83,Summit Suppliers
265575ea-3403-4771-9b40-6fb25330ffc7,Textiles SKU-12403,Textiles,6204.69,False,False,False,False,227.38,Eastern Suppliers
057529f0-fe8f-4ad0-bafb-1c7852ce1051,Medical Devices SKU-12404,Medical Devices,9018.74,False,False,True,False,385.13,Summit Suppliers
8495f290-2cd9-4464-9153-6ca0c6e3b89e,Textiles SKU-12405,Textiles,6204.4,False,False,False,False,213.43,Summit Suppliers
d44b5638-3b03-4ca2-92bd-48173582c582,Furniture SKU-12406,Furniture,9403.26,False,False,False,False,815.74,Nova Suppliers
a716c68e-2e63-4a67-bd6a-b9a1877d9280,Food SKU-12407,Food,2106.53,False,True,True,False,581.07,Summit Suppliers
58bde498-5285-4866-988d-16e1af7a2ee3,Chemicals SKU-12408,Chemicals,3824.97,True,False,False,False,313.61,Nova Suppliers
a73083b9-d75a-41dd-8766-336c7acff153,Furniture SKU-12409,Furniture,9403.44,False,False,False,True,702.9,Summit Suppliers
525f97a7-4305-478f-9ff0-673a31a7040d,Automotive Parts SKU-12410,Automotive Parts,8708.33,False,False,False,False,490.83,Nova Suppliers
1e7a0339-447b-4ae9-85d1-4cb3eede1c6f,Medical Devices SKU-12411,Medical Devices,9018.95,False,False,False,True,738.52,Metro Suppliers
9fd281a6-7be7-4877-aa35-851cefabe8cc,Chemicals SKU-12412,Chemicals,3824.44,True,False,False,False,451.41,Pacific Suppliers
9b6901a2-05e5-4bc4-927d-c25e0dbba560,Electronics SKU-12413,Electronics,8517.65,False,False,False,True,344.31,Metro Suppliers
0fe0ec22-c637-48bf-8172-8e24963a715e,Medical Devices SKU-12414,Medical Devices,9018.2,False,False,True,True,296.11,Summit Suppliers
bf6dd0e6-5329-486c-9fb3-dba0cb651664,Electronics SKU-12415,Electronics,8517.52,False,False,False,True,672.12,Summit Suppliers
759f1eb2-77fc-4ecb-8f4a-e201d2cb2514,Textiles SKU-12416,Textiles,6204.57,False,False,False,False,673.17,Pacific Suppliers
17d613e7-a359-4c95-9a46-79b871706745,Chemicals SKU-12417,Chemicals,3824.55,True,False,False,False,445.27,Pacific Suppliers
dcffc581-feb1-4d5f-91ad-589273455911,Furniture SKU-12418,Furniture,9403.27,False,False,False,False,54.76,Pacific Suppliers
24fa43e8-4835-4c4d-a26a-3558a5f6e137,Medical Devices SKU-12419,Medical Devices,9018.53,False,False,True,False,447.93,Nova Suppliers
2e7d74b8-80dc-4c96-a578-40650f799c15,Electronics SKU-12420,Electronics,8517.87,False,False,False,True,287.22,Unity Suppliers
27182aee-3b4a-4a55-8a31-1cc83d6ee9df,Consumer Goods SKU-12421,Consumer Goods,3926.7,False,False,False,False,388.12,Nova Suppliers
6b3ec164-e44d-4ce8-bc00-172f4028ec97,Textiles SKU-12422,Textiles,6204.14,False,False,False,False,430.12,Unity Suppliers
77d3e7ff-bb5c-473d-9866-62cb1fb5a41d,Machinery SKU-12423,Machinery,8479.96,False,False,False,False,234.58,Eastern Suppliers
f6578e35-41d7-49c5-aac3-c84715b3fc77,Electronics SKU-12424,Electronics,8517.63,False,False,False,False,451.9,Nova Suppliers
a798725e-2cb6-49d0-be41-23ea69a6b57c,Consumer Goods SKU-12425,Consumer Goods,3926.77,False,False,False,False,103.17,Eastern Suppliers
4b8a7600-ec56-4002-ba86-9f80612ae84d,Automotive Parts SKU-12426,Automotive Parts,8708.84,False,False,False,False,554.51,Summit Suppliers
c30aa735-2ad1-46ae-acc5-f4d8cd020bd4,Furniture SKU-12427,Furniture,9403.21,False,False,False,True,4.17,Nova Suppliers
85943d9d-334e-4e73-95a4-4bd212af858f,Consumer Goods SKU-12428,Consumer Goods,3926.1,False,False,False,False,556.46,Pacific Suppliers
b497219f-1ee9-4e51-9071-d269618178a5,Textiles SKU-12429,Textiles,6204.14,False,False,False,False,118.97,Pacific Suppliers
2322dc3c-5a09-484b-b882-13a2a5e39ec7,Medical Devices SKU-12430,Medical Devices,9018.44,False,False,True,True,810.83,Unity Suppliers
5eb48f91-0316-4070-aa4d-c7bac33f9b6d,Chemicals SKU-12431,Chemicals,3824.96,True,False,False,False,213.13,Nova Suppliers
ab10095c-a1f5-458d-adca-dc58b7baaf78,Textiles SKU-12432,Textiles,6204.8,False,False,False,False,640.33,Pacific Suppliers
8fc7eb73-2c44-4acd-9aa6-af0b17131153,Pharma SKU-12433,Pharma,3004.96,False,False,True,False,102.3,Metro Suppliers
b55484fe-a230-4e2a-9451-d75e6fc1d3df,Machinery SKU-12434,Machinery,8479.86,False,False,False,False,516.78,Eastern Suppliers
9966bfd7-3562-4721-a59b-658def8b19c1,Consumer Goods SKU-12435,Consumer Goods,3926.22,False,False,False,False,589.5,Eastern Suppliers
6d8b81af-5b82-43c5-8313-4522137284c8,Medical Devices SKU-12436,Medical Devices,9018.28,False,False,True,True,794.91,Summit Suppliers
ca57c9ed-680a-4787-aaf4-7e13e98ed4c2,Electronics SKU-12437,Electronics,8517.49,False,False,False,True,788.2,Pacific Suppliers
3e5edf19-23b3-4b88-8cb0-8dd7b8752904,Pharma SKU-12438,Pharma,3004.17,False,False,True,False,587.53,Nova Suppliers
49773081-614f-4132-a0a1-9eff94d46595,Medical Devices SKU-12439,Medical Devices,9018.29,False,False,True,True,785.91,Summit Suppliers
82da02d9-6018-4c68-bb23-aa730dcfd478,Textiles SKU-12440,Textiles,6204.77,False,False,False,False,641.69,Unity Suppliers
42fd8122-7f57-4a08-91d5-5efd5232e30b,Furniture SKU-12441,Furniture,9403.47,False,False,False,True,21.59,Eastern Suppliers
136a9864-b338-444e-bf4f-de915d0d32ef,Furniture SKU-12442,Furniture,9403.97,False,False,False,True,228.67,Unity Suppliers
2271df69-3620-48d4-ba40-ca487a52cf92,Automotive Parts SKU-12443,Automotive Parts,8708.92,False,False,False,False,550.98,Pacific Suppliers
27c54d6e-de7e-48c4-bf31-e02bda390bc3,Furniture SKU-12444,Furniture,9403.23,False,False,False,True,336.45,Metro Suppliers
a26f8064-e71c-47d1-8854-3687d811c078,Textiles SKU-12445,Textiles,6204.85,False,False,False,False,718.18,Summit Suppliers
fb915f3a-9bc2-45c1-b1f5-1f672e4cc347,Consumer Goods SKU-12446,Consumer Goods,3926.21,False,False,False,False,519.33,Eastern Suppliers
e7245caf-144b-4683-b652-a312aa62856e,Automotive Parts SKU-12447,Automotive Parts,8708.47,False,False,False,False,235.09,Nova Suppliers
877e989f-d07d-42b3-951f-a12a59c6fea2,Chemicals SKU-12448,Chemicals,3824.43,True,False,False,False,588.85,Nova Suppliers
b6e76d0a-fa06-40f0-b014-34ad6792d86b,Automotive Parts SKU-12449,Automotive Parts,8708.3,False,False,False,False,277.4,Eastern Suppliers
7197adce-cfc0-4c08-a99c-bfdd2d49e7e0,Food SKU-12450,Food,2106.25,False,True,True,False,119.41,Nova Suppliers
d47d7c7d-eb90-4c97-b669-2d2464c40650,Medical Devices SKU-12451,Medical Devices,9018.81,False,False,False,False,77.8,Summit Suppliers
f01df5f9-2f1d-4e77-9160-7ff33f902834,Electronics SKU-12452,Electronics,8517.83,False,False,False,True,156.89,Pacific Suppliers
ab25f7c0-c06d-4eaf-aa32-e5bf39533fc3,Consumer Goods SKU-12453,Consumer Goods,3926.75,False,False,False,False,58.11,Metro Suppliers
d638306a-6712-451b-9d3e-eaa30d61ff0d,Furniture SKU-12454,Furniture,9403.62,False,False,False,False,453.02,Metro Suppliers
ba87db7b-802d-40f8-ac51-14687a851d5b,Food SKU-12455,Food,2106.36,False,True,True,False,784.99,Pacific Suppliers
2be93ac5-a42b-464c-a95b-d7d91c837429,Consumer Goods SKU-12456,Consumer Goods,3926.83,False,False,False,False,123.81,Eastern Suppliers
82b361fe-36c2-4bd1-9ac1-e5c194e9d72d,Electronics SKU-12457,Electronics,8517.44,False,False,False,True,732.97,Eastern Suppliers
2f4696e6-f62c-407a-a749-39b6b1839044,Electronics SKU-12458,Electronics,8517.86,False,False,False,True,467.87,Eastern Suppliers
92adad32-0499-408d-a678-05cb06573387,Food SKU-12459,Food,2106.35,False,True,False,False,765.65,Eastern Suppliers
0a6b18c6-f3ec-4e2e-9985-cef4e1b14463,Furniture SKU-12460,Furniture,9403.41,False,False,False,True,320.46,Nova Suppliers
b73a0c0f-3721-4f95-ab88-bfc05edba05b,Pharma SKU-12461,Pharma,3004.63,False,False,True,False,246.01,Nova Suppliers
866d79b0-57b9-46e3-9b9c-6d8b4a432f3d,Medical Devices SKU-12462,Medical Devices,9018.25,False,False,True,False,180.81,Summit Suppliers
a7531a84-c522-4b9c-82de-b7fb546e2536,Pharma SKU-12463,Pharma,3004.43,False,False,False,False,486.83,Summit Suppliers
14d88957-ba48-4cec-b51e-94a7e85c4d95,Medical Devices SKU-12464,Medical Devices,9018.95,False,False,False,False,393.18,Pacific Suppliers
c6fae32d-31dd-439c-a714-90c8448a0504,Furniture SKU-12465,Furniture,9403.63,False,False,False,True,365.12,Eastern Suppliers
4e6f5bfc-3a48-4a5e-b3ec-5657551feb57,Pharma SKU-12466,Pharma,3004.81,False,True,True,False,179.94,Summit Suppliers
75a6a122-fee1-4c00-b801-c41ebe315a55,Automotive Parts SKU-12467,Automotive Parts,8708.15,False,False,False,False,695.09,Unity Suppliers
b7339546-fb17-4d13-a3d8-1a65ef867dd5,Food SKU-12468,Food,2106.23,False,False,True,False,795.3,Metro Suppliers
96b44f7f-0ab4-4cbf-845c-068cd7a5cc58,Food SKU-12469,Food,2106.9,False,False,True,False,627.04,Pacific Suppliers
6ff821b2-1f46-4472-b3da-57919230a5dc,Medical Devices SKU-12470,Medical Devices,9018.98,False,False,True,False,199.13,Eastern Suppliers
cf8be561-aba8-41c1-b125-40406c62cb3b,Furniture SKU-12471,Furniture,9403.78,False,False,False,True,593.55,Summit Suppliers
382af038-c513-4138-8d1f-ad1c721cdbfb,Chemicals SKU-12472,Chemicals,3824.6,True,False,False,False,652.8,Summit Suppliers
e4d62da0-06e3-4ef3-8088-276021ff79d2,Furniture SKU-12473,Furniture,9403.27,False,False,False,False,263.04,Eastern Suppliers
647a9bc4-b6ad-42bc-9a72-f06892c0ed68,Consumer Goods SKU-12474,Consumer Goods,3926.21,False,False,False,False,507.75,Summit Suppliers
fb694f3e-6cc8-4879-a188-2c640431ee58,Furniture SKU-12475,Furniture,9403.51,False,False,False,False,71.4,Nova Suppliers
961bd837-f3fc-4b54-8b56-ef736e21ba54,Textiles SKU-12476,Textiles,6204.68,False,False,False,False,774.78,Summit Suppliers
e0248ea0-559e-4a98-839e-ac9cfb3c3501,Electronics SKU-12477,Electronics,8517.84,False,False,False,False,558.76,Summit Suppliers
273ba534-76d5-4c7e-8062-46a27b717dc2,Textiles SKU-12478,Textiles,6204.6,False,False,False,False,573.66,Unity Suppliers
ef6bceb2-9166-47ed-98a5-a446f45f134e,Automotive Parts SKU-12479,Automotive Parts,8708.19,False,False,False,False,557.13,Metro Suppliers
1a99942c-635b-4c32-8dcb-b7c5c0050ef6,Furniture SKU-12480,Furniture,9403.13,False,False,False,True,403.17,Nova Suppliers
1d70611e-57b0-4835-be83-a4d65dffd2e4,Chemicals SKU-12481,Chemicals,3824.12,False,False,False,False,276.5,Summit Suppliers
647bafb0-dc2c-45c9-bba4-89d0b290ba8e,Automotive Parts SKU-12482,Automotive Parts,8708.36,False,False,False,False,628.31,Unity Suppliers
a3a1444d-6cd6-497b-9572-b6a0053a0d2e,Furniture SKU-12483,Furniture,9403.34,False,False,False,True,413.14,Eastern Suppliers
9414bc29-cc57-46f1-a14c-085659883c82,Automotive Parts SKU-12484,Automotive Parts,8708.66,False,False,False,False,342.8,Pacific Suppliers
1d6703ab-7a86-415f-b96d-4040846817ec,Chemicals SKU-12485,Chemicals,3824.56,False,False,False,False,506.36,Unity Suppliers
e531c6ac-a078-4abd-9a7e-7f2890126f56,Pharma SKU-12486,Pharma,3004.52,False,False,True,False,603.29,Eastern Suppliers
1a50933b-cb19-4d79-b646-0a877b066635,Food SKU-12487,Food,2106.39,False,True,True,False,147.85,Unity Suppliers
0dfa494f-bb16-4f1d-b5f2-f34669e8cb9a,Textiles SKU-12488,Textiles,6204.9,False,False,False,False,182.64,Metro Suppliers
b98bdb35-b5c4-4634-9c04-793e5054313e,Chemicals SKU-12489,Chemicals,3824.74,False,False,False,False,57.96,Unity Suppliers
71db8394-0f96-4316-bd5e-d8d5c0a28f97,Consumer Goods SKU-12490,Consumer Goods,3926.38,False,False,False,False,555.54,Summit Suppliers
37bd3464-8058-4408-85d5-ba3adfc0b523,Chemicals SKU-12491,Chemicals,3824.73,False,False,False,False,348.18,Summit Suppliers
d5042e16-c9c0-4865-a681-29a3093b607d,Textiles SKU-12492,Textiles,6204.59,False,False,False,False,229.7,Unity Suppliers
88d8e33c-4f4c-47c8-aee0-01d2303d06a5,Chemicals SKU-12493,Chemicals,3824.13,True,False,False,False,743.4,Summit Suppliers
4415bb22-0caf-43d0-8701-9f98366553a6,Medical Devices SKU-12494,Medical Devices,9018.9,False,False,False,False,764.1,Pacific Suppliers
8d14ecc2-bd71-4b91-8692-98de98fd04b4,Machinery SKU-12495,Machinery,8479.81,False,False,False,False,200.81,Pacific Suppliers
e455fad0-e623-4685-93f6-e326e28512b5,Food SKU-12496,Food,2106.46,False,True,True,False,270.46,Nova Suppliers
f77a7358-6ae4-43ba-a285-aca360b21970,Food SKU-12497,Food,2106.45,False,True,False,False,521.3,Eastern Suppliers
be8dd05a-575c-4ffd-9301-89d2d0b7693c,Consumer Goods SKU-12498,Consumer Goods,3926.55,False,False,False,False,699.19,Pacific Suppliers
a1df2d3b-1b41-4db7-a709-1d6d2b3edc00,Consumer Goods SKU-12499,Consumer Goods,3926.92,False,False,False,False,24.16,Unity Suppliers
f0be9530-1eca-4abe-8fc7-7a766822d4b4,Medical Devices SKU-12500,Medical Devices,9018.61,False,False,True,True,432.34,Metro Suppliers
b3cb475e-5222-4106-8d83-4ce17889754d,Furniture SKU-12501,Furniture,9403.65,False,False,False,False,242.13,Summit Suppliers
440d808d-5f9e-4516-9f27-d5b5b9282ac0,Textiles SKU-12502,Textiles,6204.16,False,False,False,False,524.33,Eastern Suppliers
b530e6f6-ec19-4c41-b865-2da4424aca0a,Machinery SKU-12503,Machinery,8479.32,False,False,False,False,825.22,Unity Suppliers
25146377-74ec-45a8-b97e-03dfb63b5bb8,Food SKU-12504,Food,2106.13,False,True,True,False,300.63,Metro Suppliers
c7a001ae-865d-41e9-aff7-d02ddaacdf2c,Food SKU-12505,Food,2106.57,False,True,True,False,169.78,Metro Suppliers
4af5ee39-55ee-4fa2-a8e4-4d6256b4f0e0,Automotive Parts SKU-12506,Automotive Parts,8708.4,False,False,False,False,72.11,Metro Suppliers
060ebf65-38cf-4871-92c3-52b6e1a3aff0,Pharma SKU-12507,Pharma,3004.99,False,False,False,False,255.93,Nova Suppliers
e6c33adf-71f9-498c-9f99-a6de2f451a0d,Textiles SKU-12508,Textiles,6204.14,False,False,False,False,455.52,Pacific Suppliers
949ee1f7-4bc3-4073-aa6a-5a800e4306c9,Pharma SKU-12509,Pharma,3004.26,False,False,True,False,80.34,Eastern Suppliers
0493d03c-ff51-4932-80b8-bd1767a276f6,Food SKU-12510,Food,2106.59,False,True,False,False,106.71,Eastern Suppliers
315c0a52-1273-4342-bd21-97755fcd0087,Textiles SKU-12511,Textiles,6204.42,False,False,False,False,123.33,Pacific Suppliers
12343b55-171f-4edc-8ef7-6b6f852c24ba,Textiles SKU-12512,Textiles,6204.65,False,False,False,False,676.16,Metro Suppliers
87e11c84-4a59-4e1c-8164-6321a7f7fc9f,Food SKU-12513,Food,2106.52,False,False,True,False,430.84,Eastern Suppliers
f849da01-dd2d-45e8-9323-50a53ccbe7f2,Pharma SKU-12514,Pharma,3004.4,False,True,False,False,295.84,Pacific Suppliers
2fa63396-dbd0-45c2-9bee-5ac416652b07,Textiles SKU-12515,Textiles,6204.2,False,False,False,False,76.37,Nova Suppliers
94f32840-8463-41cd-a185-d02cfaf207d1,Electronics SKU-12516,Electronics,8517.64,False,False,False,False,692.61,Unity Suppliers
323b94e7-2d72-47c6-93ed-3f85d6f60628,Consumer Goods SKU-12517,Consumer Goods,3926.86,False,False,False,False,395.98,Unity Suppliers
609dca69-8056-4a79-98b7-150287d1ffcf,Consumer Goods SKU-12518,Consumer Goods,3926.58,False,False,False,False,254.2,Unity Suppliers
3c96a665-2e97-47cb-abc4-943887f02ec4,Consumer Goods SKU-12519,Consumer Goods,3926.59,False,False,False,False,60.74,Pacific Suppliers
c7d83b6e-c5a3-4bdf-9a36-179f64634cd6,Machinery SKU-12520,Machinery,8479.15,False,False,False,False,625.21,Eastern Suppliers
1245ca12-e75d-4fb0-91f9-4b73baa61be2,Food SKU-12521,Food,2106.74,False,False,True,False,581.38,Pacific Suppliers
cffe7e70-1358-4a6b-a9c4-3b295f09890b,Textiles SKU-12522,Textiles,6204.18,False,False,False,False,461.01,Unity Suppliers
7761197c-412a-47a9-96f0-3b964b50078f,Medical Devices SKU-12523,Medical Devices,9018.79,False,False,False,True,727.65,Metro Suppliers
9f998dd5-0f20-4956-bbe1-88e2500d17e2,Consumer Goods SKU-12524,Consumer Goods,3926.8,False,False,False,False,495.8,Pacific Suppliers
8d589ed9-1fef-48fb-a1b9-02fe2bc1bde5,Automotive Parts SKU-12525,Automotive Parts,8708.21,False,False,False,False,372.74,Unity Suppliers
0c135096-6161-4b59-ab3e-0d84ad2062d4,Medical Devices SKU-12526,Medical Devices,9018.12,False,False,False,False,506.84,Summit Suppliers
36369fd9-ef4a-448b-a1b3-58163b2e9825,Chemicals SKU-12527,Chemicals,3824.83,True,False,False,False,526.47,Eastern Suppliers
1d813e6c-da12-4eb0-bd01-794e70200401,Electronics SKU-12528,Electronics,8517.82,False,False,False,True,616.58,Eastern Suppliers
4e0e3d37-3620-4547-aaa7-3ba5aafca506,Automotive Parts SKU-12529,Automotive Parts,8708.82,False,False,False,False,117.92,Eastern Suppliers
82dc9005-d240-48fb-8adb-b5ee34f93dd6,Electronics SKU-12530,Electronics,8517.66,False,False,False,True,561.37,Nova Suppliers
46393233-b89b-4dc3-9e6b-50c0f3a695d3,Consumer Goods SKU-12531,Consumer Goods,3926.74,False,False,False,False,33.66,Eastern Suppliers
2dabcf3b-ef86-498f-b988-1a4ff3acd78f,Consumer Goods SKU-12532,Consumer Goods,3926.88,False,False,False,False,292.96,Unity Suppliers
e387ee7c-2e72-4f21-88c8-a7b4cd661ab4,Medical Devices SKU-12533,Medical Devices,9018.36,False,False,True,False,732.91,Nova Suppliers
a9ab1784-2df1-4350-8739-14ecb39311dc,Pharma SKU-12534,Pharma,3004.37,False,False,True,False,846.55,Summit Suppliers
9a628b98-e47b-4e02-b05f-21256a1e57df,Consumer Goods SKU-12535,Consumer Goods,3926.59,False,False,False,False,430.97,Eastern Suppliers
79d83e5a-5ec2-41eb-a5b9-9014781a953d,Pharma SKU-12536,Pharma,3004.35,False,True,True,False,634.53,Pacific Suppliers
f757ccc0-1c11-4127-9298-34c423c97a5d,Furniture SKU-12537,Furniture,9403.62,False,False,False,True,394.05,Unity Suppliers
afb1b352-71be-4a7b-8a0a-187943da0716,Furniture SKU-12538,Furniture,9403.21,False,False,False,False,113.5,Nova Suppliers
9f282c59-076f-4598-a137-875365c76b73,Furniture SKU-12539,Furniture,9403.49,False,False,False,False,738.4,Pacific Suppliers
8309e23b-658b-4252-ab49-0619a4aaca90,Pharma SKU-12540,Pharma,3004.71,False,True,True,False,278.53,Unity Suppliers
314ea472-604e-4d21-b40b-ac352a174bb6,Furniture SKU-12541,Furniture,9403.2,False,False,False,True,38.83,Summit Suppliers
52fc2771-4cc3-4c2e-8db7-a86412978c0f,Furniture SKU-12542,Furniture,9403.48,False,False,False,True,358.02,Pacific Suppliers
c1a4d71b-5189-4bb8-9793-3c59558007a6,Furniture SKU-12543,Furniture,9403.66,False,False,False,True,826.91,Pacific Suppliers
68a64eb6-fe6a-49ce-99af-2691985ee837,Textiles SKU-12544,Textiles,6204.69,False,False,False,False,489.12,Unity Suppliers
00403f08-6378-4491-807d-df940249b949,Machinery SKU-12545,Machinery,8479.12,False,False,False,False,440.69,Unity Suppliers
502ba206-af63-41db-b2d0-53a3a47323bb,Furniture SKU-12546,Furniture,9403.3,False,False,False,False,694.42,Metro Suppliers
7604e52d-cf06-4afc-8db4-b59e30613c39,Chemicals SKU-12547,Chemicals,3824.27,True,False,False,False,396.15,Pacific Suppliers
5eca7483-6cda-43fb-950a-5389924ef410,Consumer Goods SKU-12548,Consumer Goods,3926.84,False,False,False,False,741.52,Pacific Suppliers
021df773-db11-4c1d-b549-fcde2049c1e6,Food SKU-12549,Food,2106.78,False,False,False,False,648.59,Metro Suppliers
ef8a57c4-fdb6-44e3-ae1a-6959ecaf092a,Machinery SKU-12550,Machinery,8479.38,False,False,False,False,352.77,Summit Suppliers
aaf5da0a-74f8-4c75-ad6d-0d8706c1aae8,Medical Devices SKU-12551,Medical Devices,9018.54,False,False,True,True,428.03,Eastern Suppliers
44fc16a9-98c9-438e-970e-68625538ac71,Chemicals SKU-12552,Chemicals,3824.31,True,False,False,False,128.76,Metro Suppliers
8cd5ebd5-8f0d-4046-8607-fe083004d827,Furniture SKU-12553,Furniture,9403.95,False,False,False,True,554.01,Metro Suppliers
2c8d239c-5f6d-4fb2-96a4-1a0c763be2d9,Machinery SKU-12554,Machinery,8479.19,False,False,False,False,49.58,Metro Suppliers
ad78be7c-0fad-4513-a704-4406ec20c76c,Electronics SKU-12555,Electronics,8517.4,False,False,False,False,576.8,Unity Suppliers
16a1db09-4456-4005-9c56-f295daa194ef,Automotive Parts SKU-12556,Automotive Parts,8708.79,False,False,False,False,719.88,Nova Suppliers
a869903d-9d68-4698-915c-6093d0a76286,Textiles SKU-12557,Textiles,6204.8,False,False,False,False,147.91,Summit Suppliers
1c558562-639e-46a0-b92a-15127986ba36,Consumer Goods SKU-12558,Consumer Goods,3926.68,False,False,False,False,407.76,Summit Suppliers
9f10d2eb-597c-44d9-8b51-ddbbdb3fd64b,Pharma SKU-12559,Pharma,3004.19,False,True,True,False,396.12,Pacific Suppliers
1a48ee00-2e65-4c68-a2c2-943bf126343a,Consumer Goods SKU-12560,Consumer Goods,3926.26,False,False,False,False,9.2,Pacific Suppliers
5e498b9b-025a-4e61-847d-36e9f915cead,Automotive Parts SKU-12561,Automotive Parts,8708.49,False,False,False,False,597.08,Metro Suppliers
92763539-db71-472b-84ce-b6db684f4e3c,Chemicals SKU-12562,Chemicals,3824.3,True,False,False,False,814.03,Metro Suppliers
22e5b084-d582-422e-b965-d1709cec9f45,Chemicals SKU-12563,Chemicals,3824.78,True,False,False,False,553.89,Summit Suppliers
ba63e7b6-4595-4f6d-afd8-8e47d954fe3c,Medical Devices SKU-12564,Medical Devices,9018.76,False,False,True,True,278.82,Pacific Suppliers
2ae11e21-b3a2-4497-bfd6-25ad691b8676,Pharma SKU-12565,Pharma,3004.5,False,False,False,False,817.36,Eastern Suppliers
1f626617-25f4-4b86-b747-b873a4cad3ae,Textiles SKU-12566,Textiles,6204.61,False,False,False,False,116.38,Eastern Suppliers
ce32a43c-271f-45aa-9790-6154a36face1,Chemicals SKU-12567,Chemicals,3824.13,True,False,False,False,323.45,Eastern Suppliers
df49a64b-9a51-4e6c-9d62-be6fe032479d,Textiles SKU-12568,Textiles,6204.27,False,False,False,False,721.88,Metro Suppliers
dd41f8fd-9d65-4429-aad2-75bb87c664fd,Automotive Parts SKU-12569,Automotive Parts,8708.54,False,False,False,False,760.42,Eastern Suppliers
075ebf23-29d1-41bc-a934-05b2087197da,Automotive Parts SKU-12570,Automotive Parts,8708.45,False,False,False,False,722.96,Pacific Suppliers
125f891a-c1d3-45fe-a73b-cceef5614560,Automotive Parts SKU-12571,Automotive Parts,8708.43,False,False,False,False,250.51,Summit Suppliers
1476f817-3ef5-48ba-977c-134004068e76,Electronics SKU-12572,Electronics,8517.14,False,False,False,True,777.16,Nova Suppliers
a16e6619-4d94-4d4d-ac17-b0e227ade701,Furniture SKU-12573,Furniture,9403.27,False,False,False,True,45.43,Nova Suppliers
a3fd08e1-02a6-4755-b87e-72850016aa0c,Automotive Parts SKU-12574,Automotive Parts,8708.18,False,False,False,False,205.72,Nova Suppliers
1368f2e1-9655-447b-8ee7-939384f3867f,Consumer Goods SKU-12575,Consumer Goods,3926.84,False,False,False,False,270.33,Nova Suppliers
b347557b-5a94-4893-ad2d-0dc9ba1b6bac,Consumer Goods SKU-12576,Consumer Goods,3926.21,False,False,False,False,657.21,Metro Suppliers
a513ba34-6360-45f2-b19a-5eb76edb43d7,Food SKU-12577,Food,2106.84,False,True,True,False,531.48,Pacific Suppliers
9b8ed517-3e1d-48c8-bccd-295cb72ca460,Furniture SKU-12578,Furniture,9403.56,False,False,False,False,616.54,Metro Suppliers
f5910854-7d1b-4146-83cd-8380453186e8,Machinery SKU-12579,Machinery,8479.82,False,False,False,False,386.03,Nova Suppliers
25d2da6b-5ee9-49c2-a56f-e8b09aaea0f3,Furniture SKU-12580,Furniture,9403.97,False,False,False,True,417.45,Summit Suppliers
8a8a42cb-e172-4711-814a-436934c236b5,Pharma SKU-12581,Pharma,3004.38,False,False,True,False,572.0,Unity Suppliers
56a09b15-c511-4e0a-b2ca-c6ab6a9d932e,Electronics SKU-12582,Electronics,8517.78,False,False,False,False,253.65,Summit Suppliers
54cd181a-35bc-4abd-8a66-3410a63d3936,Machinery SKU-12583,Machinery,8479.74,False,False,False,False,543.41,Eastern Suppliers
b7936cdd-e111-4961-bc5b-97f86b45f242,Chemicals SKU-12584,Chemicals,3824.47,False,False,False,False,652.94,Metro Suppliers
335c41c7-f113-4e30-874e-ccaafad3c81e,Textiles SKU-12585,Textiles,6204.62,False,False,False,False,164.27,Eastern Suppliers
4e73a263-6076-479e-a37d-b51d9dfcb733,Consumer Goods SKU-12586,Consumer Goods,3926.46,False,False,False,False,141.06,Pacific Suppliers
c285be7c-b042-4d27-84d8-eff7eeec4be5,Textiles SKU-12587,Textiles,6204.69,False,False,False,False,821.97,Unity Suppliers
358a7770-9cfd-40d9-8847-806e72b30497,Pharma SKU-12588,Pharma,3004.3,False,False,False,False,16.95,Unity Suppliers
522aa583-def5-406b-b4b8-fbb1c53f6ff9,Consumer Goods SKU-12589,Consumer Goods,3926.93,False,False,False,False,322.57,Nova Suppliers
49bdfd5b-2b54-4f69-9e88-b1fd2b616d1b,Automotive Parts SKU-12590,Automotive Parts,8708.5,False,False,False,False,613.88,Pacific Suppliers
b0ea9ea4-88b4-47f7-95bb-6eccbf447ed9,Machinery SKU-12591,Machinery,8479.49,False,False,False,False,842.04,Unity Suppliers
5d6f4aa2-7f83-4316-b757-5c68de52d7f8,Furniture SKU-12592,Furniture,9403.32,False,False,False,True,541.06,Summit Suppliers
e2ecb6a6-d92d-421c-abe3-900736032319,Electronics SKU-12593,Electronics,8517.93,False,False,False,False,558.16,Summit Suppliers
a8eeefc0-e4da-4f19-aa9c-204f4910ab79,Pharma SKU-12594,Pharma,3004.73,False,False,True,False,53.59,Nova Suppliers
dbb256c3-7989-4bf9-91f7-9ff474f2eae6,Medical Devices SKU-12595,Medical Devices,9018.89,False,False,False,True,86.35,Eastern Suppliers
1bb3d7d4-2cbd-4b52-8757-b8438622a25d,Automotive Parts SKU-12596,Automotive Parts,8708.79,False,False,False,False,189.28,Metro Suppliers
37a2b0cb-cd8f-4813-9533-955f6a7ab5d2,Electronics SKU-12597,Electronics,8517.62,False,False,False,False,230.04,Unity Suppliers
e9a9a0de-49aa-45af-84ed-430347a7c9e5,Chemicals SKU-12598,Chemicals,3824.95,False,False,False,False,762.91,Nova Suppliers
ea889475-2a85-4777-b6a7-fcea10d5dec2,Food SKU-12599,Food,2106.92,False,False,True,False,248.27,Summit Suppliers
b5792dc0-c7bb-4474-a684-513435a55dc8,Medical Devices SKU-12600,Medical Devices,9018.77,False,False,False,True,534.13,Summit Suppliers
f3cf22b3-3496-4e8f-921f-d88d70f220da,Medical Devices SKU-12601,Medical Devices,9018.58,False,False,False,False,487.71,Eastern Suppliers
4cf4e149-0ce7-4db5-bde4-ae1a13d988d2,Pharma SKU-12602,Pharma,3004.83,False,False,True,False,588.13,Summit Suppliers
6196ddd3-603c-4d13-aea5-c1978cb4f66d,Textiles SKU-12603,Textiles,6204.38,False,False,False,False,470.61,Pacific Suppliers
ca3732c8-1fe1-4692-a03d-1299d536c183,Medical Devices SKU-12604,Medical Devices,9018.1,False,False,True,True,22.65,Metro Suppliers
58baad63-011c-4411-bf06-75a3dc727e34,Textiles SKU-12605,Textiles,6204.19,False,False,False,False,437.87,Pacific Suppliers
81a96324-ff11-42fe-8f97-649050d7d1c1,Consumer Goods SKU-12606,Consumer Goods,3926.86,False,False,False,False,265.2,Pacific Suppliers
01657cd3-4cd3-41c3-9b01-56b652f24774,Automotive Parts SKU-12607,Automotive Parts,8708.42,False,False,False,False,174.0,Nova Suppliers
0997ed7a-86ad-41b4-8872-e6399a0f9cc1,Furniture SKU-12608,Furniture,9403.25,False,False,False,True,419.96,Metro Suppliers
f5d5a886-fbb6-4458-8fd4-419ad4f6d2ef,Electronics SKU-12609,Electronics,8517.37,False,False,False,True,757.85,Metro Suppliers
b930aebc-ec1c-463f-a9c5-41fa7851c191,Consumer Goods SKU-12610,Consumer Goods,3926.12,False,False,False,False,190.34,Eastern Suppliers
dae4a7cc-45d3-4894-a5fd-92ce1224882f,Food SKU-12611,Food,2106.26,False,True,True,False,382.02,Metro Suppliers
e45a5da7-7cf0-4e06-91dd-f51210392756,Food SKU-12612,Food,2106.13,False,True,False,False,80.15,Metro Suppliers
015be292-43cd-4755-bf3e-f80e0932f6e7,Consumer Goods SKU-12613,Consumer Goods,3926.14,False,False,False,False,827.08,Eastern Suppliers
42d8cb19-03d8-4294-a35a-79e9c32e6aad,Furniture SKU-12614,Furniture,9403.8,False,False,False,True,778.26,Eastern Suppliers
98f13a1a-a0c6-45a1-8d82-7cf135d99b13,Electronics SKU-12615,Electronics,8517.68,False,False,False,True,219.74,Nova Suppliers
3f9ee180-fc00-44c8-866d-e17875446db1,Textiles SKU-12616,Textiles,6204.72,False,False,False,False,411.83,Unity Suppliers
ac6697eb-71fd-406c-bda0-0696bebd5792,Pharma SKU-12617,Pharma,3004.14,False,False,False,False,830.13,Unity Suppliers
d4e5774b-f062-4f4b-aea7-10c6708394cd,Automotive Parts SKU-12618,Automotive Parts,8708.76,False,False,False,False,336.25,Unity Suppliers
f089eac0-4ece-4194-84b7-56a207e3ee35,Automotive Parts SKU-12619,Automotive Parts,8708.48,False,False,False,False,583.04,Nova Suppliers
55e9405e-a1e5-4617-8c51-438e30a1be1c,Pharma SKU-12620,Pharma,3004.78,False,True,True,False,811.72,Metro Suppliers
b2c17fa4-0b24-4785-be00-6f99f7260a5e,Textiles SKU-12621,Textiles,6204.73,False,False,False,False,380.1,Unity Suppliers
8bb20a96-bb61-4c11-b002-321540b52025,Chemicals SKU-12622,Chemicals,3824.85,True,False,False,False,464.63,Nova Suppliers
4919a7e7-7fa4-4428-8c60-cc3945a6acaf,Electronics SKU-12623,Electronics,8517.32,False,False,False,False,160.99,Summit Suppliers
81f3fac3-cb5a-4053-b4ad-fac981976fc3,Food SKU-12624,Food,2106.97,False,True,False,False,815.08,Eastern Suppliers
836dcab4-728b-43ca-a479-692c493e7c1a,Automotive Parts SKU-12625,Automotive Parts,8708.81,False,False,False,False,91.17,Metro Suppliers
2ab5d880-f299-450c-acf4-4d5e7127274b,Chemicals SKU-12626,Chemicals,3824.37,True,False,False,False,283.49,Unity Suppliers
69071b2f-dbdd-4597-a42a-3635f484b6e6,Pharma SKU-12627,Pharma,3004.43,False,False,True,False,608.66,Summit Suppliers
5414af90-50a1-4a80-9162-0d8023b3d1d2,Textiles SKU-12628,Textiles,6204.34,False,False,False,False,663.09,Nova Suppliers
f7bbf4f9-efd3-4437-b2d3-25f7d25511d2,Textiles SKU-12629,Textiles,6204.46,False,False,False,False,667.72,Eastern Suppliers
e29f4ce8-bbce-44e0-8c45-0f6c14a80b1e,Automotive Parts SKU-12630,Automotive Parts,8708.92,False,False,False,False,662.08,Nova Suppliers
dd78ac26-99b9-4529-bca8-0795fdbaf68c,Textiles SKU-12631,Textiles,6204.49,False,False,False,False,500.61,Pacific Suppliers
57f07c39-54ae-4a2b-98dc-c0ff4b1c354c,Automotive Parts SKU-12632,Automotive Parts,8708.48,False,False,False,False,707.47,Nova Suppliers
3dfd5d2b-93d5-4a3a-8b86-2fe5359520a8,Furniture SKU-12633,Furniture,9403.33,False,False,False,False,172.38,Summit Suppliers
777d5ef6-1882-4f98-83e6-c458448d2870,Food SKU-12634,Food,2106.27,False,False,True,False,221.22,Summit Suppliers
8725ad59-2bd8-499b-abea-67c66c807c55,Pharma SKU-12635,Pharma,3004.72,False,False,False,False,265.6,Unity Suppliers
3bd8a607-834e-477b-88ac-408a6a1656f0,Machinery SKU-12636,Machinery,8479.35,False,False,False,False,258.21,Nova Suppliers
a6beda0d-5860-484e-b19c-55003925759b,Consumer Goods SKU-12637,Consumer Goods,3926.75,False,False,False,False,415.25,Metro Suppliers
42328fa5-fcdb-4a10-b798-990ba3fff28f,Chemicals SKU-12638,Chemicals,3824.32,False,False,False,False,814.91,Summit Suppliers
feb537fd-4db7-4ef3-b5d1-f557729642e1,Textiles SKU-12639,Textiles,6204.19,False,False,False,False,471.45,Unity Suppliers
9fd866cb-c60a-4018-9783-c945beb25d2f,Chemicals SKU-12640,Chemicals,3824.85,False,False,False,False,84.53,Summit Suppliers
d3c52a9f-f8d9-44ae-8554-cde439aecc8b,Food SKU-12641,Food,2106.48,False,False,True,False,149.48,Unity Suppliers
ab394a90-bb1d-4512-9079-56ecfffcedb6,Consumer Goods SKU-12642,Consumer Goods,3926.54,False,False,False,False,105.81,Metro Suppliers
e35d9dda-6b95-45d0-b689-5551c6b0f272,Electronics SKU-12643,Electronics,8517.76,False,False,False,True,847.14,Metro Suppliers
3f20a2f9-d77c-4ff3-94c5-b135bb962c03,Food SKU-12644,Food,2106.47,False,False,False,False,451.11,Nova Suppliers
50ee64a1-be91-4a85-bd26-b01421de6d62,Machinery SKU-12645,Machinery,8479.5,False,False,False,False,629.22,Metro Suppliers
f5bfccf1-f55d-4aff-9e9b-38b585dbf2b6,Medical Devices SKU-12646,Medical Devices,9018.75,False,False,False,True,215.13,Pacific Suppliers
1a5e70a2-0900-41ee-b958-54dbaeaa1c47,Pharma SKU-12647,Pharma,3004.68,False,False,True,False,672.11,Unity Suppliers
2b6c1ee1-fa21-4a41-9afe-dcd68569a4f7,Food SKU-12648,Food,2106.55,False,False,True,False,770.02,Metro Suppliers
8399eebe-3f62-408e-9341-cc8b38147e34,Textiles SKU-12649,Textiles,6204.71,False,False,False,False,40.22,Eastern Suppliers
8f73ce26-c059-425a-8093-181871f98947,Automotive Parts SKU-12650,Automotive Parts,8708.43,False,False,False,False,206.42,Eastern Suppliers
08f2a363-7102-47aa-b8a2-2f851e4a79be,Textiles SKU-12651,Textiles,6204.46,False,False,False,False,523.62,Unity Suppliers
429cba37-f3d8-4051-8b58-52aa54c9a15e,Machinery SKU-12652,Machinery,8479.47,False,False,False,False,787.15,Unity Suppliers
32607e48-1517-4adb-ae39-a79d36dd9602,Automotive Parts SKU-12653,Automotive Parts,8708.83,False,False,False,False,214.55,Pacific Suppliers
3ea9b05e-1251-4014-97b2-f4e6a1bc4ae8,Machinery SKU-12654,Machinery,8479.8,False,False,False,False,488.11,Eastern Suppliers
b67e6ee2-c8ab-4de6-8cdc-4c19e8ec395b,Textiles SKU-12655,Textiles,6204.91,False,False,False,False,0.59,Summit Suppliers
cdbc590e-dbae-4eb0-ad09-8c244a46b6be,Machinery SKU-12656,Machinery,8479.97,False,False,False,False,479.0,Eastern Suppliers
77b6b8a8-a08c-47df-9c8f-dd974213ecf0,Textiles SKU-12657,Textiles,6204.51,False,False,False,False,152.52,Metro Suppliers
8f2eccb7-b7b1-44de-a855-015b7cefa0e2,Medical Devices SKU-12658,Medical Devices,9018.31,False,False,False,False,583.52,Unity Suppliers
01a31197-fde3-4f11-ba33-477177fde8b0,Textiles SKU-12659,Textiles,6204.13,False,False,False,False,474.18,Unity Suppliers
7bb17309-08d8-4b4c-b96f-8bb264ce5673,Textiles SKU-12660,Textiles,6204.76,False,False,False,False,460.0,Metro Suppliers
5b2ea87e-c794-4fbd-b479-22bc2b05c61f,Food SKU-12661,Food,2106.98,False,False,True,False,413.23,Pacific Suppliers
583b55b0-2808-41df-a6c6-971778eaccf5,Machinery SKU-12662,Machinery,8479.81,False,False,False,False,185.44,Metro Suppliers
aa864164-7ebf-4dd8-9977-b97d0c6d14fc,Pharma SKU-12663,Pharma,3004.9,False,True,False,False,514.46,Nova Suppliers
1c957c98-f3a2-48c5-968b-d64c7fe97258,Consumer Goods SKU-12664,Consumer Goods,3926.21,False,False,False,False,32.04,Summit Suppliers
42f7f8e2-4c13-47df-a646-cb1e1290a093,Machinery SKU-12665,Machinery,8479.13,False,False,False,False,258.15,Unity Suppliers
7a6a6ec2-5e74-4a27-a9e6-d853d0ae738b,Textiles SKU-12666,Textiles,6204.73,False,False,False,False,36.34,Eastern Suppliers
50812d9c-43e9-433e-b052-06c15b2277da,Chemicals SKU-12667,Chemicals,3824.35,True,False,False,False,688.81,Pacific Suppliers
775a6dc4-ef7a-421e-8085-fe35fec29e03,Machinery SKU-12668,Machinery,8479.88,False,False,False,False,437.02,Pacific Suppliers
bf0ca808-0799-4fd7-adfa-816e327bb3b5,Pharma SKU-12669,Pharma,3004.44,False,False,False,False,169.63,Eastern Suppliers
5fac73ad-25d1-45e2-b838-75f6e197f6bf,Chemicals SKU-12670,Chemicals,3824.76,True,False,False,False,57.17,Nova Suppliers
eaf260df-54d2-4367-a034-676d04faceae,Pharma SKU-12671,Pharma,3004.88,False,False,True,False,712.23,Summit Suppliers
93b4a9e1-e8c6-473c-9eaa-eba9a4726e72,Electronics SKU-12672,Electronics,8517.92,False,False,False,True,75.96,Unity Suppliers
7e16c106-87a2-4065-8ea4-dbc947545c64,Consumer Goods SKU-12673,Consumer Goods,3926.38,False,False,False,False,201.52,Metro Suppliers
42760d57-9c35-4b1d-a6a6-a10b485dcb29,Furniture SKU-12674,Furniture,9403.8,False,False,False,False,296.73,Eastern Suppliers
2a2f228f-5370-4753-b261-f2c1b2b6ffb6,Electronics SKU-12675,Electronics,8517.57,False,False,False,False,97.51,Pacific Suppliers
d0ecff40-0b71-417a-8aca-14dc42d5c2a2,Automotive Parts SKU-12676,Automotive Parts,8708.85,False,False,False,False,424.62,Summit Suppliers
81524573-39c3-4673-ba84-0cb223ad0a00,Electronics SKU-12677,Electronics,8517.71,False,False,False,True,807.69,Eastern Suppliers
e669bdb6-bad1-46fa-ae5d-1585ef29045e,Consumer Goods SKU-12678,Consumer Goods,3926.2,False,False,False,False,88.61,Pacific Suppliers
10ba097d-bdb6-4fc5-a156-7d9dbca128d4,Medical Devices SKU-12679,Medical Devices,9018.19,False,False,True,True,769.52,Metro Suppliers
dc3eee57-500f-472d-86fa-e1ff62a26f8a,Medical Devices SKU-12680,Medical Devices,9018.48,False,False,False,False,223.21,Eastern Suppliers
ad1d4490-1197-4a27-babc-c40d667a1469,Automotive Parts SKU-12681,Automotive Parts,8708.69,False,False,False,False,337.57,Nova Suppliers
e874a015-5214-4493-96c2-a509834ec61b,Medical Devices SKU-12682,Medical Devices,9018.86,False,False,True,False,715.49,Summit Suppliers
0f649ab3-0280-4c44-a7e6-0b7e0000a422,Electronics SKU-12683,Electronics,8517.99,False,False,False,False,281.08,Nova Suppliers
da8ead1b-96a7-4a50-ad94-b49607d6c5a9,Textiles SKU-12684,Textiles,6204.33,False,False,False,False,846.58,Nova Suppliers
87f296f6-917e-4879-9899-e4a46237fdce,Chemicals SKU-12685,Chemicals,3824.18,True,False,False,False,780.73,Pacific Suppliers
9167b83c-a4d5-4382-a48a-3288e2c0b169,Textiles SKU-12686,Textiles,6204.79,False,False,False,False,524.85,Eastern Suppliers
2532463f-e975-4d03-b29c-5d3614cedcf1,Electronics SKU-12687,Electronics,8517.26,False,False,False,False,624.29,Unity Suppliers
db5a9945-3765-42f0-9b93-ff3fae37820f,Textiles SKU-12688,Textiles,6204.55,False,False,False,False,716.09,Nova Suppliers
9cdd65e0-1e43-4ac1-8bae-5e8fad0f818e,Chemicals SKU-12689,Chemicals,3824.25,True,False,False,False,706.02,Unity Suppliers
c31cc4ca-8cc3-415b-932c-c3270789b340,Electronics SKU-12690,Electronics,8517.72,False,False,False,False,238.9,Summit Suppliers
7b4f8ce3-b824-4eb4-8ce4-1b3b1958f2e6,Electronics SKU-12691,Electronics,8517.91,False,False,False,False,595.93,Eastern Suppliers
ea2e3239-7ec9-4967-b00a-f3d1483e09df,Electronics SKU-12692,Electronics,8517.72,False,False,False,False,153.03,Metro Suppliers
1759cfd9-e6d0-4e94-82fa-9bebdd06cb7e,Food SKU-12693,Food,2106.67,False,False,True,False,283.16,Nova Suppliers
7444f0bd-c0fc-4eaa-b0a7-52578a0aa19c,Chemicals SKU-12694,Chemicals,3824.16,True,False,False,False,291.91,Pacific Suppliers
36564b4f-6978-4f38-a7b3-1cf38740bde9,Textiles SKU-12695,Textiles,6204.74,False,False,False,False,109.53,Eastern Suppliers
becf0c04-1208-4211-bd78-59359bba2788,Machinery SKU-12696,Machinery,8479.99,False,False,False,False,459.84,Unity Suppliers
75653cc4-218c-4f35-b29b-913407be165f,Automotive Parts SKU-12697,Automotive Parts,8708.15,False,False,False,False,153.89,Metro Suppliers
30bc71cb-11bf-48e0-832f-7d435ed6c1c5,Furniture SKU-12698,Furniture,9403.1,False,False,False,True,4.73,Pacific Suppliers
aa2b6102-0bfe-4ea8-9011-704c8cca53ff,Electronics SKU-12699,Electronics,8517.88,False,False,False,True,535.38,Metro Suppliers
73e23a39-fc01-4ec2-86ca-09f2c8ff2e69,Automotive Parts SKU-12700,Automotive Parts,8708.67,False,False,False,False,200.38,Summit Suppliers
92e34200-312c-44cc-a5b8-3b7c246f4c9f,Automotive Parts SKU-12701,Automotive Parts,8708.86,False,False,False,False,285.02,Unity Suppliers
18fbfd90-e550-4186-82ab-9854233fa4a1,Automotive Parts SKU-12702,Automotive Parts,8708.19,False,False,False,False,629.76,Summit Suppliers
991486b6-ed6c-4505-a381-3bc45021010f,Medical Devices SKU-12703,Medical Devices,9018.54,False,False,False,True,207.92,Pacific Suppliers
8b58dd2e-7924-42af-957a-6266d1e39b9d,Furniture SKU-12704,Furniture,9403.88,False,False,False,True,325.5,Metro Suppliers
e9b556bc-1a08-4a57-a5f2-4e683296af33,Consumer Goods SKU-12705,Consumer Goods,3926.85,False,False,False,False,454.68,Summit Suppliers
da7d9f04-9a47-4c3d-b842-e95c8c2a646c,Textiles SKU-12706,Textiles,6204.14,False,False,False,False,166.51,Summit Suppliers
a235fcd5-deae-4647-946c-141118d75d9f,Pharma SKU-12707,Pharma,3004.12,False,False,True,False,32.55,Eastern Suppliers
7a18aeb4-ec0b-45bd-84cd-97afadfef830,Electronics SKU-12708,Electronics,8517.64,False,False,False,True,769.2,Metro Suppliers
567f62e5-26d9-49f4-8e57-5be4ae6f580a,Pharma SKU-12709,Pharma,3004.28,False,False,True,False,760.7,Eastern Suppliers
dddd45e1-3db7-4a9a-aadc-2dc54d21ca5e,Consumer Goods SKU-12710,Consumer Goods,3926.56,False,False,False,False,214.92,Nova Suppliers
be6ec840-120a-492a-babc-aa672959181e,Chemicals SKU-12711,Chemicals,3824.83,False,False,False,False,298.18,Summit Suppliers
7c3f626a-92d6-4cae-a5cd-d16f2288e8ff,Electronics SKU-12712,Electronics,8517.84,False,False,False,False,512.92,Summit Suppliers
6682b5e2-456e-4d26-a23f-214a3b05cf2c,Food SKU-12713,Food,2106.42,False,False,True,False,478.27,Metro Suppliers
004d8107-d611-4be4-bd0c-3886231891bc,Food SKU-12714,Food,2106.64,False,True,True,False,708.87,Pacific Suppliers
2a6c2988-0284-4225-87ac-5a167db9cd88,Textiles SKU-12715,Textiles,6204.32,False,False,False,False,373.33,Eastern Suppliers
68efdd0c-ed05-4556-aea6-fd493de8eeaa,Pharma SKU-12716,Pharma,3004.31,False,True,False,False,497.93,Metro Suppliers
14f917cd-d616-46e9-bc65-183a9d47822e,Machinery SKU-12717,Machinery,8479.21,False,False,False,False,469.87,Eastern Suppliers
eb985070-d7e3-4279-bc5b-5d365c44d2bf,Medical Devices SKU-12718,Medical Devices,9018.16,False,False,True,False,728.1,Metro Suppliers
1d27b83b-d15a-44cf-b210-0df6274fac49,Consumer Goods SKU-12719,Consumer Goods,3926.23,False,False,False,False,805.01,Pacific Suppliers
720ffaaa-2788-459e-8b1f-e9727d1ea281,Electronics SKU-12720,Electronics,8517.24,False,False,False,False,298.33,Unity Suppliers
c78ff0f2-1b51-44a6-a980-f31ef5279ffe,Food SKU-12721,Food,2106.8,False,True,True,False,778.31,Nova Suppliers
9976adae-2d19-4c3f-8a12-cc5664ca82fa,Textiles SKU-12722,Textiles,6204.43,False,False,False,False,621.63,Summit Suppliers
c8a2a49f-5046-4739-99fd-9da8f888404f,Pharma SKU-12723,Pharma,3004.9,False,False,True,False,713.48,Eastern Suppliers
a676ca78-5a69-4d76-bd68-709770fd5d9c,Medical Devices SKU-12724,Medical Devices,9018.2,False,False,True,False,341.42,Pacific Suppliers
65ae70a7-a9bb-4c6c-9d7c-40a67653dba4,Food SKU-12725,Food,2106.89,False,False,True,False,166.33,Nova Suppliers
bcf49ba4-2c3b-481d-a49c-2b349f1fa169,Furniture SKU-12726,Furniture,9403.19,False,False,False,True,653.38,Eastern Suppliers
92f72eb5-4c19-4ebf-84cd-7db4d7fb4483,Pharma SKU-12727,Pharma,3004.72,False,False,True,False,55.74,Eastern Suppliers
104d0eb1-a8ad-4bb5-9f38-78d671c49703,Consumer Goods SKU-12728,Consumer Goods,3926.75,False,False,False,False,326.78,Summit Suppliers
9f6a7b65-25c0-4ca5-9656-7a34148688db,Chemicals SKU-12729,Chemicals,3824.35,False,False,False,False,638.67,Nova Suppliers
6ae60818-1382-4638-b16f-e3067692f171,Textiles SKU-12730,Textiles,6204.26,False,False,False,False,713.78,Pacific Suppliers
0ea7a4b1-ea4d-4645-8fa1-8a7cd2aec8ec,Electronics SKU-12731,Electronics,8517.14,False,False,False,True,427.52,Pacific Suppliers
30efe42f-90c3-4f7f-88d3-7e1455e17a06,Medical Devices SKU-12732,Medical Devices,9018.27,False,False,True,False,510.01,Nova Suppliers
157943bf-2ed2-4687-b3f3-de682f74176d,Consumer Goods SKU-12733,Consumer Goods,3926.13,False,False,False,False,413.44,Eastern Suppliers
a886c0e9-ee4e-4e92-9fd4-8b280ae120e5,Food SKU-12734,Food,2106.19,False,False,False,False,830.18,Unity Suppliers
2914ac43-fe97-4abc-86a4-b2ae646ec153,Pharma SKU-12735,Pharma,3004.9,False,False,False,False,399.44,Nova Suppliers
59939904-2d9b-4ce2-ab8c-37cecf83c414,Automotive Parts SKU-12736,Automotive Parts,8708.88,False,False,False,False,662.82,Summit Suppliers
5cf78702-a155-4fb4-aaa3-31d566b2b6f9,Chemicals SKU-12737,Chemicals,3824.87,False,False,False,False,197.57,Nova Suppliers
341dee1f-45ee-45e3-8d27-bb3e19eb3539,Electronics SKU-12738,Electronics,8517.59,False,False,False,False,504.69,Metro Suppliers
55f38361-1217-430a-a6f2-7184f76ccc2a,Automotive Parts SKU-12739,Automotive Parts,8708.5,False,False,False,False,367.13,Eastern Suppliers
04fb981f-e1b9-401f-b582-2bbd5b532272,Food SKU-12740,Food,2106.25,False,False,True,False,483.62,Nova Suppliers
b56fc503-eae2-455b-b0a5-16a94922ca1f,Furniture SKU-12741,Furniture,9403.92,False,False,False,False,656.57,Pacific Suppliers
62bde116-0c8b-4a0a-b3e6-0c99d0b0957b,Medical Devices SKU-12742,Medical Devices,9018.69,False,False,False,False,374.59,Metro Suppliers
4f3a0283-56a6-4a2b-852c-d42c845402e1,Electronics SKU-12743,Electronics,8517.57,False,False,False,True,456.34,Unity Suppliers
1afee91a-4aa1-4e82-ad1b-99f3e04a404a,Chemicals SKU-12744,Chemicals,3824.11,False,False,False,False,607.42,Eastern Suppliers
c2b24786-b1f9-4530-a727-ceb9ee139fd8,Furniture SKU-12745,Furniture,9403.37,False,False,False,True,569.14,Nova Suppliers
4f747464-4ec0-4b30-832b-808b4f606b4b,Machinery SKU-12746,Machinery,8479.46,False,False,False,False,339.19,Eastern Suppliers
42d751cc-8ebc-4693-ae50-a34f6ad5e8b8,Chemicals SKU-12747,Chemicals,3824.13,True,False,False,False,632.97,Summit Suppliers
edcea7af-8df0-4ff7-8964-dc5d226f16f5,Pharma SKU-12748,Pharma,3004.64,False,False,False,False,711.36,Unity Suppliers
2ebda0d2-04b3-4f9e-900c-ca7d6a4023c2,Consumer Goods SKU-12749,Consumer Goods,3926.98,False,False,False,False,695.17,Nova Suppliers
8ffa1858-9c2b-465c-a45a-c3acd8ec107f,Chemicals SKU-12750,Chemicals,3824.81,False,False,False,False,106.85,Eastern Suppliers
03ea832d-b0fc-4c55-b679-d101425b4c9f,Automotive Parts SKU-12751,Automotive Parts,8708.69,False,False,False,False,660.28,Summit Suppliers
c4595283-7a84-4f67-aef8-75ddb15dc9b3,Textiles SKU-12752,Textiles,6204.19,False,False,False,False,427.5,Unity Suppliers
5656904f-cc7f-4b6f-b8ed-32ae6632722e,Electronics SKU-12753,Electronics,8517.91,False,False,False,False,453.97,Eastern Suppliers
c22b8060-fb44-4069-912a-c9137174df25,Machinery SKU-12754,Machinery,8479.84,False,False,False,False,577.5,Metro Suppliers
4a355686-c4d3-4b2b-a3cc-bf0360630490,Furniture SKU-12755,Furniture,9403.13,False,False,False,True,110.3,Nova Suppliers
26a031a8-1b8d-4b07-81c6-dd310d07d840,Furniture SKU-12756,Furniture,9403.67,False,False,False,True,645.11,Summit Suppliers
b6e42c1c-d7db-4acb-bd9f-037a041ad84d,Automotive Parts SKU-12757,Automotive Parts,8708.76,False,False,False,False,737.67,Pacific Suppliers
1bcad3d7-0c5b-431e-a9f1-c652ca26217c,Electronics SKU-12758,Electronics,8517.79,False,False,False,False,807.15,Unity Suppliers
ee0d5107-1e35-461a-aaab-533b70f69402,Electronics SKU-12759,Electronics,8517.24,False,False,False,False,638.77,Metro Suppliers
74b1b7ec-b65e-4366-a0ae-48527d3ba4ee,Consumer Goods SKU-12760,Consumer Goods,3926.52,False,False,False,False,120.43,Unity Suppliers
c0c861da-0dcd-4eca-b662-82a84a09ad62,Machinery SKU-12761,Machinery,8479.76,False,False,False,False,362.26,Pacific Suppliers
86c382f0-12d6-4947-9928-1e79998bde9e,Machinery SKU-12762,Machinery,8479.47,False,False,False,False,64.23,Unity Suppliers
fd645a9a-6226-49dc-8cab-af157dd0d6ea,Food SKU-12763,Food,2106.66,False,True,True,False,755.87,Nova Suppliers
c23fd601-4abe-4214-8c59-3ec39a4616f1,Electronics SKU-12764,Electronics,8517.91,False,False,False,True,234.2,Pacific Suppliers
dda9d34d-08ad-4655-8d6a-e2e51ba2b829,Food SKU-12765,Food,2106.32,False,False,True,False,130.8,Unity Suppliers
4130199d-c908-42a3-b752-4c8cb8748958,Automotive Parts SKU-12766,Automotive Parts,8708.94,False,False,False,False,579.22,Pacific Suppliers
b0b89cac-91ef-434d-89f9-acb2286ddab2,Consumer Goods SKU-12767,Consumer Goods,3926.16,False,False,False,False,288.1,Summit Suppliers
a4cf9f2f-076c-4aa9-b4c7-753e0b867775,Automotive Parts SKU-12768,Automotive Parts,8708.88,False,False,False,False,241.46,Summit Suppliers
cc9b6e58-26ab-411a-b529-304ea56a435b,Machinery SKU-12769,Machinery,8479.93,False,False,False,False,771.66,Pacific Suppliers
1fb4a726-b0b7-4d9b-ba95-c57513c81de2,Chemicals SKU-12770,Chemicals,3824.8,False,False,False,False,513.03,Metro Suppliers
a04cae78-eb87-4503-bda0-4633563b354c,Pharma SKU-12771,Pharma,3004.63,False,False,True,False,321.5,Metro Suppliers
31f2bf7f-f257-44fe-98d4-427c0c456706,Automotive Parts SKU-12772,Automotive Parts,8708.11,False,False,False,False,204.83,Nova Suppliers
500a5af1-6fc4-4ead-a18e-d5156865e30e,Machinery SKU-12773,Machinery,8479.79,False,False,False,False,631.88,Unity Suppliers
5c96a349-45e8-4ad6-8a8e-ffbea6c1488f,Textiles SKU-12774,Textiles,6204.41,False,False,False,False,822.46,Unity Suppliers
84f841c1-7a9e-4c4e-a253-ac02217565fc,Food SKU-12775,Food,2106.68,False,True,True,False,27.2,Eastern Suppliers
8845eafe-9aa6-451f-8419-a12a328afd1d,Pharma SKU-12776,Pharma,3004.26,False,False,True,False,227.76,Metro Suppliers
8bc79aae-e2ed-4ca5-b270-fe8bc0e43570,Chemicals SKU-12777,Chemicals,3824.7,False,False,False,False,198.5,Unity Suppliers
86c6c3d3-3130-495d-b733-26210b5c7fc9,Electronics SKU-12778,Electronics,8517.39,False,False,False,True,474.56,Metro Suppliers
b21b262e-fe51-43bc-8e73-35e7fe627c95,Chemicals SKU-12779,Chemicals,3824.79,True,False,False,False,33.58,Nova Suppliers
146e1248-1f0d-4ff6-be72-e681d6a102f4,Furniture SKU-12780,Furniture,9403.67,False,False,False,False,101.41,Unity Suppliers
769b1fb6-c6ba-4c43-ab3d-20516429cf30,Automotive Parts SKU-12781,Automotive Parts,8708.14,False,False,False,False,627.98,Eastern Suppliers
e340993a-c2d7-40cc-b0ce-8f1a662c88e6,Chemicals SKU-12782,Chemicals,3824.87,False,False,False,False,119.17,Unity Suppliers
f7ad553b-57c3-45da-8a7d-78aa72336691,Medical Devices SKU-12783,Medical Devices,9018.55,False,False,False,True,116.08,Pacific Suppliers
13f3b4eb-ed9f-4e73-b37b-cbe33f826d25,Food SKU-12784,Food,2106.9,False,True,True,False,268.37,Unity Suppliers
1c3203da-8ccb-40de-a3fe-d4ee7f66289f,Textiles SKU-12785,Textiles,6204.45,False,False,False,False,741.0,Eastern Suppliers
c0ad9ab4-2149-4154-9734-7fd67a0ec7f4,Automotive Parts SKU-12786,Automotive Parts,8708.98,False,False,False,False,173.42,Eastern Suppliers
811d418b-9be8-4112-a182-e381130f45ad,Automotive Parts SKU-12787,Automotive Parts,8708.41,False,False,False,False,847.04,Metro Suppliers
834407bb-388a-4459-ab57-5cfcab691e66,Food SKU-12788,Food,2106.4,False,True,False,False,430.23,Eastern Suppliers
36c3550f-1cc5-412c-be1c-dd3afdf9970d,Textiles SKU-12789,Textiles,6204.75,False,False,False,False,805.75,Summit Suppliers
6192c0f9-e642-4757-9d72-577fdab51921,Consumer Goods SKU-12790,Consumer Goods,3926.51,False,False,False,False,249.64,Pacific Suppliers
05670da2-4026-4ae6-b2b7-088311038cd1,Food SKU-12791,Food,2106.46,False,False,True,False,530.2,Metro Suppliers
58038c68-1d62-47bb-9fb4-fa64a6990c98,Food SKU-12792,Food,2106.33,False,True,True,False,717.51,Eastern Suppliers
594e8d05-147c-4b43-b1bf-235fc30fcd72,Furniture SKU-12793,Furniture,9403.35,False,False,False,True,706.39,Nova Suppliers
49d4a98e-d3bf-4ca6-9aa0-db9f7e22b6b4,Automotive Parts SKU-12794,Automotive Parts,8708.1,False,False,False,False,745.7,Summit Suppliers
aa6bf73f-fbfd-476f-bdba-1b74d9581fab,Automotive Parts SKU-12795,Automotive Parts,8708.89,False,False,False,False,682.17,Eastern Suppliers
1a11d1bf-db11-4b72-ad4a-91595d109a40,Chemicals SKU-12796,Chemicals,3824.26,True,False,False,False,407.55,Metro Suppliers
9dc55daa-dd55-4f53-8492-0b9d55aa7111,Machinery SKU-12797,Machinery,8479.97,False,False,False,False,416.83,Pacific Suppliers
4875ae9b-e95b-42c8-b276-55d85905d7e9,Medical Devices SKU-12798,Medical Devices,9018.61,False,False,True,True,528.45,Nova Suppliers
60923669-88f8-4775-8879-23d76c07c555,Electronics SKU-12799,Electronics,8517.47,False,False,False,False,583.1,Pacific Suppliers
5ef6dd8d-ba68-47f7-b958-a1805d4a56bd,Chemicals SKU-12800,Chemicals,3824.55,False,False,False,False,318.68,Metro Suppliers
a57fb9f4-5cd7-407b-9f57-9a967421d724,Food SKU-12801,Food,2106.39,False,False,True,False,785.83,Pacific Suppliers
4fbb7594-0cb6-4ed4-a4bc-11e0a53c8f38,Textiles SKU-12802,Textiles,6204.35,False,False,False,False,17.44,Unity Suppliers
b4e27212-01fe-4713-906e-6c6709289eab,Medical Devices SKU-12803,Medical Devices,9018.35,False,False,True,False,765.85,Summit Suppliers
169abbea-2ed3-4513-934b-806dc04bbfba,Food SKU-12804,Food,2106.86,False,False,False,False,156.2,Unity Suppliers
7174da28-f14c-4e73-86ac-317d25f13a6b,Consumer Goods SKU-12805,Consumer Goods,3926.26,False,False,False,False,390.36,Summit Suppliers
d6937fe0-956a-4a26-8bdc-0b7fa00353eb,Pharma SKU-12806,Pharma,3004.49,False,True,True,False,83.44,Summit Suppliers
3a28a1ef-e9be-4f50-8451-0cafc014ed8c,Chemicals SKU-12807,Chemicals,3824.64,False,False,False,False,263.95,Pacific Suppliers
b1e5b262-5212-4e6f-99ef-e7505360be9b,Chemicals SKU-12808,Chemicals,3824.85,True,False,False,False,704.71,Unity Suppliers
43ab97b6-5cab-429c-8dbc-b487c0779b7d,Automotive Parts SKU-12809,Automotive Parts,8708.69,False,False,False,False,740.74,Pacific Suppliers
700a8b88-4af4-49c4-85eb-a0eca28790d4,Consumer Goods SKU-12810,Consumer Goods,3926.19,False,False,False,False,435.28,Nova Suppliers
0bd17d95-a8c0-436e-935f-28210928e5a9,Machinery SKU-12811,Machinery,8479.55,False,False,False,False,82.46,Summit Suppliers
2db8e3a6-3f6d-404c-8143-4116d5257b7b,Food SKU-12812,Food,2106.76,False,False,True,False,335.86,Pacific Suppliers
6e57d587-26db-44a4-be7a-f8d0e3679a91,Furniture SKU-12813,Furniture,9403.29,False,False,False,False,333.53,Pacific Suppliers
a5e6375e-570b-4dfc-bc1d-b3dd8e44b903,Medical Devices SKU-12814,Medical Devices,9018.81,False,False,False,False,99.41,Metro Suppliers
f814d243-f7a7-4bf6-b883-ade8da598ebe,Medical Devices SKU-12815,Medical Devices,9018.62,False,False,False,False,306.75,Metro Suppliers
9234fb74-0cf1-4164-ab60-61f3c864e63f,Pharma SKU-12816,Pharma,3004.81,False,True,True,False,234.21,Nova Suppliers
364e68a5-e125-4a44-96d8-174133a7b26e,Chemicals SKU-12817,Chemicals,3824.88,False,False,False,False,138.59,Summit Suppliers
3db0a470-8a7e-49b5-8bd2-c0c51a16ff02,Chemicals SKU-12818,Chemicals,3824.25,False,False,False,False,155.94,Metro Suppliers
65bd4c36-b4c5-436a-9c0a-1cf69bbb84c1,Automotive Parts SKU-12819,Automotive Parts,8708.47,False,False,False,False,443.6,Nova Suppliers
8cacdb02-3614-4fcb-b469-ecf311f0073c,Medical Devices SKU-12820,Medical Devices,9018.91,False,False,False,True,704.91,Metro Suppliers
8d267014-af2c-460c-9d2c-79b11bdbdadb,Medical Devices SKU-12821,Medical Devices,9018.11,False,False,True,False,512.0,Summit Suppliers
0fc2d4e3-e720-4ccb-b5fc-28f844362eec,Furniture SKU-12822,Furniture,9403.68,False,False,False,False,528.66,Unity Suppliers
ad59df61-ccd3-46d0-a135-240c11a31f8a,Medical Devices SKU-12823,Medical Devices,9018.59,False,False,True,False,22.89,Metro Suppliers
791c94ac-badb-4d25-83da-bafa46139bfd,Pharma SKU-12824,Pharma,3004.79,False,False,False,False,399.23,Eastern Suppliers
56aeefa0-5c24-47e4-b981-848eebf0d531,Chemicals SKU-12825,Chemicals,3824.62,True,False,False,False,707.34,Unity Suppliers
f7fdb8e5-4396-40ff-98ee-9a55ebf7b7b5,Pharma SKU-12826,Pharma,3004.62,False,True,True,False,338.46,Nova Suppliers
d33a2bab-2234-4d41-a451-675dcafc795e,Textiles SKU-12827,Textiles,6204.82,False,False,False,False,377.29,Metro Suppliers
b079d881-b52c-4a54-812c-1efa4c17177b,Textiles SKU-12828,Textiles,6204.11,False,False,False,False,187.92,Unity Suppliers
0231d801-30a4-47da-9695-2fc6974fd0b1,Machinery SKU-12829,Machinery,8479.39,False,False,False,False,154.73,Summit Suppliers
29db348f-5905-4eb7-8eb9-7e2beca2e0fb,Electronics SKU-12830,Electronics,8517.58,False,False,False,True,674.5,Metro Suppliers
e551daa1-7be4-4498-9407-d0c8f34ba941,Textiles SKU-12831,Textiles,6204.4,False,False,False,False,472.65,Pacific Suppliers
c9de6dc7-3a7e-4253-9b4c-2139340692ed,Machinery SKU-12832,Machinery,8479.77,False,False,False,False,502.95,Unity Suppliers
d64b4d53-ebda-420e-bacc-185560a108c2,Textiles SKU-12833,Textiles,6204.67,False,False,False,False,411.23,Unity Suppliers
e87c809e-c0cb-4094-b465-944ca674c632,Automotive Parts SKU-12834,Automotive Parts,8708.19,False,False,False,False,463.07,Metro Suppliers
6bbe3e64-71f6-47ce-bc77-60153c7d15b0,Chemicals SKU-12835,Chemicals,3824.72,True,False,False,False,441.11,Summit Suppliers
ba28637b-2755-4e2d-a30f-a9c7ed0e539b,Textiles SKU-12836,Textiles,6204.89,False,False,False,False,754.0,Metro Suppliers
31d714a8-19e8-4c3a-8efb-73d95c24d0e2,Food SKU-12837,Food,2106.36,False,False,False,False,628.51,Nova Suppliers
c3a42643-8c99-4815-a812-24fcbfda316e,Furniture SKU-12838,Furniture,9403.54,False,False,False,False,404.78,Metro Suppliers
cddf74a1-22c6-47d6-9ec2-8996200d4c28,Medical Devices SKU-12839,Medical Devices,9018.93,False,False,False,True,833.71,Pacific Suppliers
4762c35a-63f5-4ad0-9d86-23e5c42b99dd,Medical Devices SKU-12840,Medical Devices,9018.11,False,False,False,False,246.17,Pacific Suppliers
2a33de0e-2895-4c2a-8f9d-f7eedccc46cf,Machinery SKU-12841,Machinery,8479.83,False,False,False,False,63.94,Metro Suppliers
bb05c0ca-5569-4fc3-99f0-307a87420633,Chemicals SKU-12842,Chemicals,3824.95,False,False,False,False,368.22,Unity Suppliers
1fc28a5a-c650-4216-8d16-d5a5b8ae7672,Machinery SKU-12843,Machinery,8479.66,False,False,False,False,558.74,Nova Suppliers
d17993c0-7085-4a97-a913-07e089f19d70,Consumer Goods SKU-12844,Consumer Goods,3926.38,False,False,False,False,664.67,Unity Suppliers
83a4563c-1a53-4f88-94e1-b8c38ee28a38,Pharma SKU-12845,Pharma,3004.5,False,True,True,False,485.45,Nova Suppliers
01cb3314-69f4-4b29-b05e-1105b649a126,Furniture SKU-12846,Furniture,9403.85,False,False,False,False,716.27,Summit Suppliers
c148a4a1-d417-48b8-b468-f0d85fe10d61,Consumer Goods SKU-12847,Consumer Goods,3926.68,False,False,False,False,741.28,Unity Suppliers
0a85d13e-774a-475c-8a4a-20f5e86d3ecc,Consumer Goods SKU-12848,Consumer Goods,3926.48,False,False,False,False,376.82,Pacific Suppliers
248235dc-e1d9-49b5-b0ec-f6bd86be236e,Chemicals SKU-12849,Chemicals,3824.98,False,False,False,False,205.95,Nova Suppliers
fee2ba5f-4c1d-4b59-9787-5fc56c8d0e42,Automotive Parts SKU-12850,Automotive Parts,8708.46,False,False,False,False,37.4,Pacific Suppliers
384c8dcf-a133-4907-99ed-efb4899e5367,Medical Devices SKU-12851,Medical Devices,9018.71,False,False,True,False,54.17,Metro Suppliers
031d8c0d-3631-40c5-aa0a-b24a60c5b307,Food SKU-12852,Food,2106.56,False,True,True,False,388.08,Summit Suppliers
230f896a-532c-43a5-89bf-13462a7b6875,Electronics SKU-12853,Electronics,8517.82,False,False,False,False,405.07,Nova Suppliers
ae92e430-a0e5-42e5-9f6d-ffb4f807e749,Machinery SKU-12854,Machinery,8479.1,False,False,False,False,128.59,Pacific Suppliers
7faba2db-8553-4cb0-80c9-a56d2afb1a6b,Food SKU-12855,Food,2106.27,False,False,True,False,154.59,Unity Suppliers
24582fa0-4270-4ab7-9d4d-9a5fead79fdc,Automotive Parts SKU-12856,Automotive Parts,8708.39,False,False,False,False,353.12,Eastern Suppliers
9fcde437-16a4-4761-9303-7f8d2822adda,Food SKU-12857,Food,2106.82,False,True,False,False,60.11,Eastern Suppliers
2bcc8779-3160-4a1c-8534-fc6df1a326c5,Furniture SKU-12858,Furniture,9403.6,False,False,False,True,673.92,Pacific Suppliers
ed7a8942-6425-4999-ac38-d44b5d174b9a,Electronics SKU-12859,Electronics,8517.21,False,False,False,False,193.34,Unity Suppliers
c0a90ea5-1a82-4ff5-a169-9ac0e951390e,Textiles SKU-12860,Textiles,6204.52,False,False,False,False,341.46,Summit Suppliers
acb4fa7a-c358-45ff-9c0f-58485ea19ee4,Food SKU-12861,Food,2106.64,False,True,False,False,217.24,Eastern Suppliers
0081a8ad-80be-4981-8730-effed097642f,Pharma SKU-12862,Pharma,3004.53,False,False,True,False,723.21,Unity Suppliers
4cd17d55-e59a-425e-a3ab-371f0c940500,Medical Devices SKU-12863,Medical Devices,9018.57,False,False,True,True,672.1,Eastern Suppliers
61487cd5-a5d8-4ea3-86dc-8580b51dcadd,Furniture SKU-12864,Furniture,9403.26,False,False,False,True,15.17,Pacific Suppliers
48faaa7c-cedf-42cc-bda0-fdfc91812167,Automotive Parts SKU-12865,Automotive Parts,8708.98,False,False,False,False,195.29,Nova Suppliers
8b95ac0e-d06a-45ad-9734-d709a696c373,Chemicals SKU-12866,Chemicals,3824.89,True,False,False,False,466.77,Eastern Suppliers
fbf91f04-8832-427a-8d50-1960948756b3,Automotive Parts SKU-12867,Automotive Parts,8708.79,False,False,False,False,780.8,Metro Suppliers
1fad86d0-64a6-40fd-b716-06367e2a9ce1,Consumer Goods SKU-12868,Consumer Goods,3926.18,False,False,False,False,449.32,Eastern Suppliers
47aab9eb-000f-4603-bbc6-79365b24bffe,Automotive Parts SKU-12869,Automotive Parts,8708.16,False,False,False,False,410.85,Metro Suppliers
02e65173-a520-4f09-9513-936bb77918c7,Pharma SKU-12870,Pharma,3004.3,False,True,False,False,297.25,Pacific Suppliers
f213abac-da03-4596-9d74-986ba58318af,Pharma SKU-12871,Pharma,3004.71,False,True,False,False,94.42,Metro Suppliers
d1f016c6-da08-4bc5-afc8-a5d9f1938b54,Chemicals SKU-12872,Chemicals,3824.15,True,False,False,False,480.17,Unity Suppliers
6cb3aaef-75a8-4229-8423-a3b86341154a,Chemicals SKU-12873,Chemicals,3824.13,False,False,False,False,49.31,Nova Suppliers
aa1479cd-433a-4fe9-bcfa-7dd7b9d246ea,Electronics SKU-12874,Electronics,8517.59,False,False,False,False,780.43,Nova Suppliers
e7dda5ba-0f6f-42a4-8953-5ae322196345,Machinery SKU-12875,Machinery,8479.65,False,False,False,False,572.82,Pacific Suppliers
a4362639-fb62-4e0a-92d6-db40670f2bbd,Chemicals SKU-12876,Chemicals,3824.45,True,False,False,False,339.54,Unity Suppliers
32c72f63-a3ee-446c-987f-3459aee23119,Furniture SKU-12877,Furniture,9403.12,False,False,False,True,90.7,Pacific Suppliers
2ac3bec1-7d5b-446a-a096-de65a976b9ea,Automotive Parts SKU-12878,Automotive Parts,8708.37,False,False,False,False,80.56,Unity Suppliers
46ab0d38-ac66-4f71-9c3a-49a4e43ecd64,Automotive Parts SKU-12879,Automotive Parts,8708.81,False,False,False,False,747.19,Pacific Suppliers
133ca77e-a313-4eea-94fa-97e8d5748aba,Medical Devices SKU-12880,Medical Devices,9018.5,False,False,True,False,397.44,Metro Suppliers
f6aadb98-a40f-4faa-bb38-63380fc4f423,Machinery SKU-12881,Machinery,8479.37,False,False,False,False,768.84,Nova Suppliers
6908b0c4-3772-4a2b-a616-01f38bbe9c2c,Food SKU-12882,Food,2106.3,False,False,True,False,576.07,Eastern Suppliers
a4ab0439-0bef-45b5-aa84-4923dca5676b,Furniture SKU-12883,Furniture,9403.99,False,False,False,False,654.51,Unity Suppliers
258a3482-7efa-43b8-a836-cdb1f3445aa9,Medical Devices SKU-12884,Medical Devices,9018.83,False,False,False,True,173.92,Pacific Suppliers
d63b1be3-587f-4be1-8038-604c483e4477,Consumer Goods SKU-12885,Consumer Goods,3926.6,False,False,False,False,213.45,Metro Suppliers
77646706-da8e-4ac1-a75b-b777d712a522,Pharma SKU-12886,Pharma,3004.92,False,False,True,False,458.26,Summit Suppliers
b2173272-582a-4fec-bf72-c50e2f9aabcd,Chemicals SKU-12887,Chemicals,3824.87,True,False,False,False,642.57,Unity Suppliers
a002b458-150f-4164-91cc-177ee2a01ac2,Food SKU-12888,Food,2106.96,False,True,True,False,661.65,Eastern Suppliers
c04239c7-276f-4adf-a59f-6d33f5f36ee9,Electronics SKU-12889,Electronics,8517.52,False,False,False,True,9.64,Pacific Suppliers
e8f619b1-1077-4f56-9d9e-c468bb004a06,Furniture SKU-12890,Furniture,9403.92,False,False,False,False,456.02,Metro Suppliers
e88e9efa-afa5-4abb-956b-fed2c349e0bd,Machinery SKU-12891,Machinery,8479.55,False,False,False,False,679.21,Metro Suppliers
e7a93c80-fbe8-400d-8748-37989913e659,Automotive Parts SKU-12892,Automotive Parts,8708.38,False,False,False,False,772.41,Nova Suppliers
15a3cb1b-2265-43a9-9dbd-948694be18c8,Electronics SKU-12893,Electronics,8517.67,False,False,False,True,87.14,Pacific Suppliers
db50ffab-fa6b-4dc4-ae2a-a91778fd7106,Consumer Goods SKU-12894,Consumer Goods,3926.61,False,False,False,False,112.27,Pacific Suppliers
e16464f1-4126-4f48-953d-aa23226d3e18,Furniture SKU-12895,Furniture,9403.6,False,False,False,True,584.6,Metro Suppliers
86dddea5-6656-4a1e-ab93-37ffdd38e70a,Furniture SKU-12896,Furniture,9403.82,False,False,False,True,213.23,Nova Suppliers
1791afed-6131-426d-ba80-e00356237e19,Textiles SKU-12897,Textiles,6204.76,False,False,False,False,408.08,Metro Suppliers
e8272a66-2f03-4f0d-ac05-86163fbec139,Medical Devices SKU-12898,Medical Devices,9018.89,False,False,False,False,641.73,Eastern Suppliers
853cb823-9689-4ba0-89c6-73886895812e,Furniture SKU-12899,Furniture,9403.42,False,False,False,False,486.36,Eastern Suppliers
c1d60408-6ccd-4318-96ad-e67ab5d17428,Machinery SKU-12900,Machinery,8479.91,False,False,False,False,625.88,Eastern Suppliers
34126561-a46b-470c-92fc-198f5a64c358,Furniture SKU-12901,Furniture,9403.35,False,False,False,True,639.25,Pacific Suppliers
006a2cb3-afa1-447c-bf28-f6a457ec0a40,Consumer Goods SKU-12902,Consumer Goods,3926.3,False,False,False,False,54.31,Eastern Suppliers
8419044e-d73e-4543-b53d-1f7e69e0e99f,Medical Devices SKU-12903,Medical Devices,9018.49,False,False,True,False,266.01,Nova Suppliers
7fa13d0e-0ecc-40c1-b949-18cd6dde2e0d,Furniture SKU-12904,Furniture,9403.34,False,False,False,True,340.89,Summit Suppliers
b032124d-9e2f-4996-9369-36cfe3df9925,Furniture SKU-12905,Furniture,9403.98,False,False,False,False,676.5,Metro Suppliers
1c2d382f-43dc-43c7-bee1-0c7ef3249512,Chemicals SKU-12906,Chemicals,3824.22,False,False,False,False,300.82,Pacific Suppliers
47005445-8c57-47cb-a373-e62ec363c736,Textiles SKU-12907,Textiles,6204.66,False,False,False,False,274.92,Summit Suppliers
9cbac96b-533c-4a5d-9489-c6a9a96a45a4,Electronics SKU-12908,Electronics,8517.28,False,False,False,True,223.02,Summit Suppliers
89f7c634-a552-45b9-8374-fb9ad7a3223d,Food SKU-12909,Food,2106.76,False,False,True,False,761.95,Unity Suppliers
262b3e31-08b7-40b6-ae7b-1f149f958cc8,Chemicals SKU-12910,Chemicals,3824.47,True,False,False,False,684.47,Unity Suppliers
7f55afbc-a246-4d3b-8915-48ce2e1c8c08,Furniture SKU-12911,Furniture,9403.99,False,False,False,True,536.89,Nova Suppliers
9b08d41f-5f01-4067-9c29-28969988fc4a,Electronics SKU-12912,Electronics,8517.46,False,False,False,True,207.4,Nova Suppliers
d6f310d3-c907-4ba0-af2e-80252e5d3c76,Electronics SKU-12913,Electronics,8517.59,False,False,False,True,382.26,Eastern Suppliers
cdeec51e-ed35-4e48-94fa-88d5b687c587,Automotive Parts SKU-12914,Automotive Parts,8708.45,False,False,False,False,43.71,Unity Suppliers
17e32f52-3196-4cb0-a7c5-aa51a69cf7ef,Consumer Goods SKU-12915,Consumer Goods,3926.31,False,False,False,False,61.7,Nova Suppliers
e44ef077-a6b4-45a4-a26e-6d3d136cdc84,Furniture SKU-12916,Furniture,9403.68,False,False,False,True,849.05,Pacific Suppliers
4d532006-5658-439e-a409-5199a4dfc69d,Chemicals SKU-12917,Chemicals,3824.81,False,False,False,False,5.72,Unity Suppliers
91e3213c-c67f-4ce7-a84c-689f631e878b,Consumer Goods SKU-12918,Consumer Goods,3926.89,False,False,False,False,126.47,Unity Suppliers
73b71eae-84f7-48e9-aeb8-a8ddafe447b7,Electronics SKU-12919,Electronics,8517.95,False,False,False,True,396.15,Pacific Suppliers
7dec7989-4d84-4219-8c21-c1f117781bd8,Medical Devices SKU-12920,Medical Devices,9018.76,False,False,False,False,499.02,Metro Suppliers
5f625705-6220-450d-81df-ca45faddbcb3,Electronics SKU-12921,Electronics,8517.11,False,False,False,False,69.72,Pacific Suppliers
f4fd7a18-fde9-45da-ba00-8338e39d3e6d,Electronics SKU-12922,Electronics,8517.52,False,False,False,True,793.96,Metro Suppliers
6a50f65c-b26f-475d-aca0-86c9f1f8dd48,Machinery SKU-12923,Machinery,8479.4,False,False,False,False,284.19,Eastern Suppliers
fd368d0a-ed36-4d31-801b-b2bbfa050ebf,Textiles SKU-12924,Textiles,6204.39,False,False,False,False,347.35,Eastern Suppliers
9a5b8714-2f31-4939-90e6-33f13595e806,Furniture SKU-12925,Furniture,9403.87,False,False,False,False,30.66,Metro Suppliers
a4734384-b23b-4110-84ff-39259b88d6b5,Medical Devices SKU-12926,Medical Devices,9018.24,False,False,True,False,588.16,Eastern Suppliers
3a107fcd-6781-453b-a854-2d8f9e435c97,Chemicals SKU-12927,Chemicals,3824.92,True,False,False,False,229.86,Nova Suppliers
c418df6b-e65e-420f-abef-340826d78c16,Textiles SKU-12928,Textiles,6204.87,False,False,False,False,421.46,Eastern Suppliers
3201a439-7929-4d38-a745-7757fc19d075,Chemicals SKU-12929,Chemicals,3824.14,False,False,False,False,763.13,Summit Suppliers
f9dd9a70-eac0-46bb-bfc5-edfa1cfe4d93,Food SKU-12930,Food,2106.43,False,False,True,False,514.62,Metro Suppliers
6e7913b2-a872-4fd6-abe5-b7250d84f3cb,Food SKU-12931,Food,2106.33,False,True,True,False,509.94,Unity Suppliers
456b87c9-9477-45c8-b97f-0d6fe66f34e7,Chemicals SKU-12932,Chemicals,3824.73,False,False,False,False,624.69,Eastern Suppliers
27e0bb04-3f15-4644-bba4-a54e74d6fc05,Machinery SKU-12933,Machinery,8479.79,False,False,False,False,528.48,Metro Suppliers
bc10ed4b-0bd4-4310-8116-61f3bb5c3381,Automotive Parts SKU-12934,Automotive Parts,8708.26,False,False,False,False,176.22,Unity Suppliers
2fddee37-fbb2-4d2c-a51f-a55c228070dc,Automotive Parts SKU-12935,Automotive Parts,8708.29,False,False,False,False,457.11,Summit Suppliers
58c49d97-3a39-45ad-ae09-d16ee12fe53b,Furniture SKU-12936,Furniture,9403.44,False,False,False,False,342.72,Nova Suppliers
a46d1211-607b-49bb-9dc6-266d8e443238,Food SKU-12937,Food,2106.46,False,True,True,False,680.9,Nova Suppliers
aefe2114-c6f7-43ce-b915-794a4f23cb66,Chemicals SKU-12938,Chemicals,3824.88,True,False,False,False,579.61,Unity Suppliers
cf6688c0-f488-4c2f-b405-b47d63c04793,Machinery SKU-12939,Machinery,8479.1,False,False,False,False,169.32,Nova Suppliers
c5da025d-5407-4e6f-a2bc-10be6d034ece,Consumer Goods SKU-12940,Consumer Goods,3926.49,False,False,False,False,737.44,Metro Suppliers
22905f75-5857-43f0-b6b3-4018b5d50849,Consumer Goods SKU-12941,Consumer Goods,3926.42,False,False,False,False,57.53,Eastern Suppliers
f92f0ec0-847e-44cb-87db-ebdf6965da66,Machinery SKU-12942,Machinery,8479.63,False,False,False,False,717.14,Metro Suppliers
22eee152-6973-41f6-8ed2-cf9e2ad7c4f9,Electronics SKU-12943,Electronics,8517.81,False,False,False,True,551.79,Unity Suppliers
eda06aac-af15-4c42-9e38-85d19a725f8e,Furniture SKU-12944,Furniture,9403.56,False,False,False,False,753.17,Summit Suppliers
acf551fe-bd83-49be-b991-90943265fcac,Machinery SKU-12945,Machinery,8479.98,False,False,False,False,337.81,Metro Suppliers
bd0c3310-911a-4fdc-855b-66b1f49f127b,Furniture SKU-12946,Furniture,9403.58,False,False,False,True,370.25,Summit Suppliers
5da1f14b-5771-4b2f-b404-0627e6850f24,Food SKU-12947,Food,2106.34,False,False,True,False,598.21,Nova Suppliers
f02e2616-eb81-4b8c-8a95-0426a2cacf60,Consumer Goods SKU-12948,Consumer Goods,3926.51,False,False,False,False,328.62,Unity Suppliers
c1969a48-be0b-4d82-bbb3-f58429d845ea,Furniture SKU-12949,Furniture,9403.1,False,False,False,False,452.85,Metro Suppliers
90b2dd79-7d19-45be-a27f-d9d1aececd46,Pharma SKU-12950,Pharma,3004.36,False,False,False,False,169.14,Metro Suppliers
5196bfbb-27f1-4ba5-8d20-4623309eb0c2,Food SKU-12951,Food,2106.14,False,False,False,False,119.97,Unity Suppliers
75bfe2a5-3b31-4334-849c-1feed88bba16,Textiles SKU-12952,Textiles,6204.31,False,False,False,False,502.53,Summit Suppliers
7804d06e-88ea-4ce0-a1b3-d7d065de53b3,Chemicals SKU-12953,Chemicals,3824.92,True,False,False,False,463.55,Unity Suppliers
20abbbfc-45e1-4824-b003-ed9d2f8e5c47,Medical Devices SKU-12954,Medical Devices,9018.54,False,False,False,True,842.32,Nova Suppliers
b4c54ba7-328d-4599-bdc2-5bf44b73f863,Consumer Goods SKU-12955,Consumer Goods,3926.12,False,False,False,False,837.52,Unity Suppliers
f11f1fb3-97f6-48c9-8c1b-56352230ff26,Furniture SKU-12956,Furniture,9403.96,False,False,False,True,164.21,Nova Suppliers
b4d4ae43-8250-4649-834d-be79bf3e9b66,Food SKU-12957,Food,2106.38,False,False,True,False,121.91,Eastern Suppliers
95defde4-a498-4180-9e7f-b6c6b92be4e7,Textiles SKU-12958,Textiles,6204.41,False,False,False,False,46.28,Metro Suppliers
27e2b641-d71b-4db0-b7b9-14221007d42f,Machinery SKU-12959,Machinery,8479.64,False,False,False,False,460.08,Summit Suppliers
895fd8c9-090e-45c0-99c1-9b4bc1320f13,Medical Devices SKU-12960,Medical Devices,9018.91,False,False,True,False,165.86,Summit Suppliers
508eb13b-c4df-44a6-99ad-e6bae712a319,Medical Devices SKU-12961,Medical Devices,9018.72,False,False,True,True,784.38,Nova Suppliers
1d4a6178-c0d3-4681-aa0d-5ea784771245,Textiles SKU-12962,Textiles,6204.44,False,False,False,False,308.4,Unity Suppliers
b0d36671-6a30-4fc8-9d63-b5d49f037167,Consumer Goods SKU-12963,Consumer Goods,3926.94,False,False,False,False,563.0,Nova Suppliers
dc54940a-b0a4-4731-9e9c-37497b8b6889,Automotive Parts SKU-12964,Automotive Parts,8708.94,False,False,False,False,502.99,Pacific Suppliers
57c668a3-b7b3-436c-b339-82d819a16920,Automotive Parts SKU-12965,Automotive Parts,8708.57,False,False,False,False,392.4,Unity Suppliers
d03405ec-a718-42e0-a336-3c57801f9b55,Chemicals SKU-12966,Chemicals,3824.34,True,False,False,False,771.09,Metro Suppliers
77f0955b-6fc1-4f1e-942f-e468deb27a9f,Electronics SKU-12967,Electronics,8517.92,False,False,False,True,415.06,Summit Suppliers
8f0ebd83-aed7-419b-9729-a1b2db967f53,Food SKU-12968,Food,2106.39,False,True,False,False,75.4,Unity Suppliers
bb221f21-735f-4013-94a0-290e1c779bd3,Consumer Goods SKU-12969,Consumer Goods,3926.42,False,False,False,False,707.24,Summit Suppliers
375ae94c-72b1-40a2-bcad-1d5108ab94b2,Medical Devices SKU-12970,Medical Devices,9018.94,False,False,True,False,149.71,Nova Suppliers
7d7824a4-2346-411b-80de-1deddc90d6c7,Machinery SKU-12971,Machinery,8479.42,False,False,False,False,8.06,Eastern Suppliers
55b94528-99ff-4def-a82b-a3623ac5e36c,Food SKU-12972,Food,2106.3,False,False,True,False,531.46,Eastern Suppliers
c3a3dcf6-f152-4023-8e53-53cd3d25d8bf,Chemicals SKU-12973,Chemicals,3824.6,True,False,False,False,287.7,Nova Suppliers
2bdcf287-6746-4fd8-9655-82abb306c305,Machinery SKU-12974,Machinery,8479.52,False,False,False,False,560.33,Nova Suppliers
f7343514-18aa-4b51-8e94-bd0676ca2fe7,Medical Devices SKU-12975,Medical Devices,9018.48,False,False,False,False,748.39,Nova Suppliers
572e6b21-3cd5-4629-b95d-9784dcb44814,Consumer Goods SKU-12976,Consumer Goods,3926.5,False,False,False,False,168.43,Summit Suppliers
f6e3a685-217f-4c89-83d5-0797fc4e92fa,Textiles SKU-12977,Textiles,6204.35,False,False,False,False,145.04,Metro Suppliers
d40e976f-4ed0-4a1d-87b9-71912c0fe6b3,Electronics SKU-12978,Electronics,8517.7,False,False,False,False,161.21,Unity Suppliers
242ea6ac-2004-4430-8f08-94a661e16139,Automotive Parts SKU-12979,Automotive Parts,8708.38,False,False,False,False,288.32,Eastern Suppliers
a28ef98c-7c1b-4ffb-9129-979b3c590b96,Food SKU-12980,Food,2106.54,False,True,False,False,255.66,Summit Suppliers
d2ce94d8-8bc5-4730-b195-f227e7604a23,Electronics SKU-12981,Electronics,8517.61,False,False,False,True,533.97,Unity Suppliers
235eb6ac-54e2-4ac6-9705-f790fd46c09d,Food SKU-12982,Food,2106.18,False,False,False,False,241.04,Metro Suppliers
8d94fcd3-1cd9-4f4a-812d-8a45dbdd17c1,Textiles SKU-12983,Textiles,6204.32,False,False,False,False,403.97,Summit Suppliers
77abd7cd-4bb4-4f9b-85e7-c89eef6b6efd,Electronics SKU-12984,Electronics,8517.62,False,False,False,True,37.66,Pacific Suppliers
a3ec7de4-11e9-41be-b744-5689767db29b,Medical Devices SKU-12985,Medical Devices,9018.52,False,False,False,True,45.89,Metro Suppliers
536ab848-f338-40a6-b59c-da3883a294cd,Pharma SKU-12986,Pharma,3004.14,False,True,True,False,808.12,Unity Suppliers
c7ccb641-2dee-4ed1-94cf-73725d2bbdad,Electronics SKU-12987,Electronics,8517.49,False,False,False,False,514.52,Metro Suppliers
467ad702-5736-407c-bc86-4f112e9d8f4e,Automotive Parts SKU-12988,Automotive Parts,8708.46,False,False,False,False,64.48,Pacific Suppliers
9e283231-58af-47b9-b187-656998d19d36,Textiles SKU-12989,Textiles,6204.81,False,False,False,False,785.96,Summit Suppliers
057f864a-eca9-40d0-b027-92e01e5b7ede,Food SKU-12990,Food,2106.72,False,False,False,False,442.56,Pacific Suppliers
4bef37d6-30d3-45e8-bd8a-64ead630d184,Textiles SKU-12991,Textiles,6204.32,False,False,False,False,61.24,Summit Suppliers
7146f345-b5b0-403f-a0f3-abb22de24af2,Food SKU-12992,Food,2106.31,False,True,True,False,791.47,Summit Suppliers
c90e03e4-15e1-4e69-9fc9-378fe70e74cc,Machinery SKU-12993,Machinery,8479.28,False,False,False,False,426.99,Unity Suppliers
9cf97084-e7c6-41ac-a8fb-0cf3a9ea4ef0,Machinery SKU-12994,Machinery,8479.54,False,False,False,False,163.3,Unity Suppliers
1e24a9be-0452-42c9-ab05-b91af6e95c35,Consumer Goods SKU-12995,Consumer Goods,3926.28,False,False,False,False,186.34,Unity Suppliers
c1a398c0-4d09-4957-9cfd-a7dd8880763e,Furniture SKU-12996,Furniture,9403.78,False,False,False,True,647.6,Eastern Suppliers
23e223db-b4fd-4f81-940f-0ece3d966c90,Electronics SKU-12997,Electronics,8517.8,False,False,False,False,524.52,Unity Suppliers
5f909082-d166-4d22-9249-a0dd50910e2a,Automotive Parts SKU-12998,Automotive Parts,8708.64,False,False,False,False,447.41,Eastern Suppliers
ffa10a25-3e2b-4b38-82e5-eeaecf72e21b,Machinery SKU-12999,Machinery,8479.34,False,False,False,False,314.59,Metro Suppliers
c6b2ba10-4d92-410c-8057-0baa0510ebf0,Automotive Parts SKU-13000,Automotive Parts,8708.2,False,False,False,False,709.97,Unity Suppliers
361d1071-2a48-4fa7-b848-60c707ab4904,Automotive Parts SKU-13001,Automotive Parts,8708.31,False,False,False,False,386.65,Pacific Suppliers
55c82b7f-7e20-4ce8-9fa4-eabcf504f0e3,Electronics SKU-13002,Electronics,8517.19,False,False,False,False,381.35,Summit Suppliers
4aeee251-d711-4050-8e88-5dc8f10e55b2,Food SKU-13003,Food,2106.27,False,False,True,False,362.87,Unity Suppliers
065a37aa-4f63-489e-ae06-1f0da88f530b,Pharma SKU-13004,Pharma,3004.97,False,False,True,False,503.29,Nova Suppliers
f2ce7478-6320-4ede-b54f-ba1422635b7d,Food SKU-13005,Food,2106.14,False,False,False,False,49.35,Nova Suppliers
cefca0d1-b497-4101-80f0-2929afb11cb2,Furniture SKU-13006,Furniture,9403.89,False,False,False,True,209.8,Eastern Suppliers
d8cf794d-0c70-4777-b635-0f17878e1d2a,Pharma SKU-13007,Pharma,3004.67,False,True,True,False,529.47,Unity Suppliers
540c5ec1-0edb-46c3-8def-6d26bbef019e,Automotive Parts SKU-13008,Automotive Parts,8708.16,False,False,False,False,228.6,Pacific Suppliers
b0f561f4-f8b5-4b1f-a16d-c7e634a87823,Consumer Goods SKU-13009,Consumer Goods,3926.99,False,False,False,False,802.62,Nova Suppliers
4470fbc8-6f64-4a3a-ab36-dd622780cd2b,Chemicals SKU-13010,Chemicals,3824.95,True,False,False,False,753.15,Metro Suppliers
5c6ecbd7-7d53-494b-9d74-8b6c167f4671,Furniture SKU-13011,Furniture,9403.12,False,False,False,False,175.83,Metro Suppliers
eac7ad31-4152-4fa0-84b7-d79958dbbdad,Food SKU-13012,Food,2106.34,False,True,False,False,205.66,Metro Suppliers
723b1766-ed7e-4841-b409-9d8134b0fa8a,Furniture SKU-13013,Furniture,9403.75,False,False,False,False,411.58,Unity Suppliers
7352cc13-e74d-48d4-a8e6-f123ca04880b,Consumer Goods SKU-13014,Consumer Goods,3926.37,False,False,False,False,211.53,Unity Suppliers
5f6d130c-3abf-4732-a41e-1cbf86e3c51e,Consumer Goods SKU-13015,Consumer Goods,3926.76,False,False,False,False,80.86,Metro Suppliers
e1754e32-12dd-4cb6-a39d-e075cf8f7557,Food SKU-13016,Food,2106.11,False,False,True,False,486.76,Unity Suppliers
462b11a2-7961-4f1b-a286-48eb91afa875,Electronics SKU-13017,Electronics,8517.13,False,False,False,False,51.81,Summit Suppliers
2e11968a-22b2-4709-b008-eb45fb6da3cf,Automotive Parts SKU-13018,Automotive Parts,8708.13,False,False,False,False,493.76,Eastern Suppliers
52d97365-936e-4bc3-8eb9-5e5c9cc5d05f,Textiles SKU-13019,Textiles,6204.17,False,False,False,False,717.46,Summit Suppliers
7cd39b49-ace7-4fb2-92bd-2932c1c14464,Furniture SKU-13020,Furniture,9403.14,False,False,False,True,303.03,Unity Suppliers
9b81f5af-4781-40d2-b519-6f1b525b1878,Chemicals SKU-13021,Chemicals,3824.38,True,False,False,False,643.96,Summit Suppliers
ee2b2d7e-d711-419e-9d24-b17778bee4c3,Food SKU-13022,Food,2106.73,False,False,False,False,347.94,Summit Suppliers
afdb4eec-638d-4f1e-a927-99a3a6b3927a,Pharma SKU-13023,Pharma,3004.36,False,False,True,False,508.86,Pacific Suppliers
983805d3-4733-4bf4-ac2e-7d1f1a815daa,Medical Devices SKU-13024,Medical Devices,9018.25,False,False,True,True,718.9,Nova Suppliers
24f29ca1-462e-4eb5-92ef-b5cffdcdfb20,Automotive Parts SKU-13025,Automotive Parts,8708.2,False,False,False,False,56.13,Metro Suppliers
920e1264-7093-4815-b0ca-661fb772872d,Furniture SKU-13026,Furniture,9403.86,False,False,False,True,21.59,Unity Suppliers
bef2aaaf-2da8-48c6-993d-4ce6e7a693d3,Textiles SKU-13027,Textiles,6204.22,False,False,False,False,448.6,Unity Suppliers
24c0dfa2-93e4-4daf-8770-b59aa29fd37a,Pharma SKU-13028,Pharma,3004.93,False,False,True,False,319.76,Metro Suppliers
1c9ade17-e56d-4eb8-bcc8-1896bf537be5,Food SKU-13029,Food,2106.86,False,False,True,False,414.26,Pacific Suppliers
d2770918-baaa-4609-b170-a57ce9cf55df,Pharma SKU-13030,Pharma,3004.3,False,False,False,False,670.56,Pacific Suppliers
4e6cb62d-c071-4d59-9afd-7bad5c53c88e,Automotive Parts SKU-13031,Automotive Parts,8708.12,False,False,False,False,315.07,Unity Suppliers
205ed4f5-3828-4d1e-a3fd-9868bf581a20,Medical Devices SKU-13032,Medical Devices,9018.85,False,False,True,False,317.23,Eastern Suppliers
19499815-ef51-4315-9eef-94ddd9a19688,Furniture SKU-13033,Furniture,9403.92,False,False,False,False,34.04,Pacific Suppliers
74234f1c-af2e-4b7e-a2c0-33cee8a351e8,Machinery SKU-13034,Machinery,8479.6,False,False,False,False,149.31,Eastern Suppliers
d9de7afa-d4d1-4300-b953-929b3e08988f,Machinery SKU-13035,Machinery,8479.1,False,False,False,False,50.55,Eastern Suppliers
0905355d-d409-46b1-be2a-f3628b8b1472,Consumer Goods SKU-13036,Consumer Goods,3926.15,False,False,False,False,469.64,Metro Suppliers
05781cac-9732-4668-acc4-8e05fc0345e9,Machinery SKU-13037,Machinery,8479.7,False,False,False,False,612.66,Pacific Suppliers
e0c2539c-4084-46f3-b974-6109bce8bd9b,Textiles SKU-13038,Textiles,6204.74,False,False,False,False,230.27,Pacific Suppliers
3043d86a-9551-42ec-ac06-74cb2bc893b8,Consumer Goods SKU-13039,Consumer Goods,3926.93,False,False,False,False,369.97,Pacific Suppliers
d91331bc-f20d-4d9a-9557-322561c47a33,Medical Devices SKU-13040,Medical Devices,9018.51,False,False,True,False,400.66,Unity Suppliers
6085ba0b-817e-49cd-b635-a64fd282e602,Automotive Parts SKU-13041,Automotive Parts,8708.21,False,False,False,False,665.32,Eastern Suppliers
9648c05e-6b80-4647-84e0-b2bb6de06dab,Medical Devices SKU-13042,Medical Devices,9018.81,False,False,True,True,776.02,Metro Suppliers
ecdc2400-e716-4716-9f02-acc2b1869bfe,Furniture SKU-13043,Furniture,9403.18,False,False,False,True,9.81,Summit Suppliers
14992444-57ab-4dfb-b554-73392b23085d,Electronics SKU-13044,Electronics,8517.49,False,False,False,False,833.68,Summit Suppliers
62c80dd3-a574-45e5-9ffb-2185caf20e73,Food SKU-13045,Food,2106.61,False,False,True,False,612.12,Pacific Suppliers
7b8c6023-13e8-41c9-832c-04be7ea88315,Automotive Parts SKU-13046,Automotive Parts,8708.87,False,False,False,False,608.8,Pacific Suppliers
a10915d1-7ed3-493e-86cd-01ab6dbd05ae,Automotive Parts SKU-13047,Automotive Parts,8708.32,False,False,False,False,481.81,Eastern Suppliers
48e98b5d-6808-4815-8d3e-378db35452ca,Medical Devices SKU-13048,Medical Devices,9018.42,False,False,False,True,310.89,Unity Suppliers
2fda66d0-5ca0-494b-8495-1a82f31245d9,Food SKU-13049,Food,2106.11,False,False,False,False,655.03,Eastern Suppliers
766695f3-26f0-4ae1-829d-17043f94cbd2,Textiles SKU-13050,Textiles,6204.68,False,False,False,False,320.29,Pacific Suppliers
5ab591fa-5512-4511-a498-7e0bef5db5a6,Chemicals SKU-13051,Chemicals,3824.65,True,False,False,False,445.32,Pacific Suppliers
0591c6d6-07c2-478b-9ca0-287d5546b9e4,Automotive Parts SKU-13052,Automotive Parts,8708.47,False,False,False,False,315.36,Unity Suppliers
58d1648b-551f-43f9-96c2-6397d900f88f,Pharma SKU-13053,Pharma,3004.17,False,True,True,False,271.37,Eastern Suppliers
a06a6929-0508-4f80-98ca-178573b8575f,Chemicals SKU-13054,Chemicals,3824.77,False,False,False,False,60.72,Pacific Suppliers
611d8d04-cb2c-4c08-b526-70677690b681,Textiles SKU-13055,Textiles,6204.55,False,False,False,False,393.93,Pacific Suppliers
a8693c2a-473b-4e21-8041-b37126d8bc7d,Consumer Goods SKU-13056,Consumer Goods,3926.34,False,False,False,False,680.24,Unity Suppliers
7a7599d1-281c-4b67-9176-2f8869f3e012,Furniture SKU-13057,Furniture,9403.93,False,False,False,True,220.18,Eastern Suppliers
4481b241-9d6b-4713-a2ab-a95ee352272a,Chemicals SKU-13058,Chemicals,3824.41,True,False,False,False,232.6,Eastern Suppliers
836dd2f4-07a1-4615-af48-68da05858d10,Automotive Parts SKU-13059,Automotive Parts,8708.35,False,False,False,False,133.95,Summit Suppliers
b28678d4-3bd8-4905-b8f5-3c7236c24bd2,Textiles SKU-13060,Textiles,6204.94,False,False,False,False,253.42,Unity Suppliers
74a34348-522a-4bc6-bd07-49c824b469c5,Pharma SKU-13061,Pharma,3004.1,False,True,True,False,765.99,Eastern Suppliers
d556dfa2-0ad9-421c-a5e8-06ea34cc4271,Textiles SKU-13062,Textiles,6204.59,False,False,False,False,267.84,Eastern Suppliers
48fff8d6-e53f-4699-8b12-0283a3c2a878,Furniture SKU-13063,Furniture,9403.88,False,False,False,False,276.38,Metro Suppliers
f6aeb9e9-b775-4972-9ec0-6d6d44b2b8cc,Furniture SKU-13064,Furniture,9403.7,False,False,False,True,816.86,Metro Suppliers
3125fdf3-6396-46e6-ac6e-6e1e368cdaf4,Machinery SKU-13065,Machinery,8479.7,False,False,False,False,764.97,Nova Suppliers
db554a7e-0079-4289-911a-3bbee0c26763,Electronics SKU-13066,Electronics,8517.76,False,False,False,False,435.24,Metro Suppliers
3199eee7-b7dc-4f88-a72a-89d7b8d5a5b9,Chemicals SKU-13067,Chemicals,3824.58,True,False,False,False,662.26,Metro Suppliers
488732a5-df23-415b-b328-7deeb16cd44f,Electronics SKU-13068,Electronics,8517.58,False,False,False,True,209.55,Summit Suppliers
c2808502-0e41-468d-b580-2458e9c5c88c,Consumer Goods SKU-13069,Consumer Goods,3926.29,False,False,False,False,344.67,Unity Suppliers
54772f72-446e-4847-b4c8-4f9fcd8ca428,Electronics SKU-13070,Electronics,8517.73,False,False,False,True,315.91,Pacific Suppliers
ef3ff56c-4749-42ab-b16b-d3a616c38c73,Food SKU-13071,Food,2106.9,False,True,True,False,840.74,Eastern Suppliers
dd3ae2ec-7582-425a-a448-a57cf00ee32e,Chemicals SKU-13072,Chemicals,3824.79,False,False,False,False,625.35,Unity Suppliers
70cd6084-ee03-456d-993a-63db78ca449d,Chemicals SKU-13073,Chemicals,3824.76,False,False,False,False,451.17,Eastern Suppliers
978e837e-ae8d-441d-b516-6e63b28e575f,Automotive Parts SKU-13074,Automotive Parts,8708.46,False,False,False,False,50.03,Metro Suppliers
5469865c-4f1b-44d3-acb1-1ca5b2842f1c,Pharma SKU-13075,Pharma,3004.64,False,False,False,False,625.39,Nova Suppliers
f55a09a8-201b-432a-adc1-72af061b72ff,Automotive Parts SKU-13076,Automotive Parts,8708.44,False,False,False,False,561.44,Pacific Suppliers
e49b6bc0-5de3-4198-a96e-49cc2e3b38ff,Electronics SKU-13077,Electronics,8517.41,False,False,False,True,518.37,Metro Suppliers
331f47d7-d3c3-4cb2-81cd-cbbea4a91ced,Consumer Goods SKU-13078,Consumer Goods,3926.48,False,False,False,False,759.77,Pacific Suppliers
2836cec0-2e9b-48f6-b1cf-7076cbf6f2af,Machinery SKU-13079,Machinery,8479.4,False,False,False,False,566.39,Unity Suppliers
75c13c42-827b-4c6c-9943-5f9f3106b81c,Electronics SKU-13080,Electronics,8517.23,False,False,False,False,395.8,Unity Suppliers
74e73952-892c-4f57-933e-d956c2e65e41,Food SKU-13081,Food,2106.86,False,False,True,False,503.55,Pacific Suppliers
0b871faa-7696-48f3-9f5f-a9edc3bc93d2,Medical Devices SKU-13082,Medical Devices,9018.88,False,False,False,False,394.25,Unity Suppliers
4209b8e2-e241-4cd7-b016-5b2149fe1eec,Textiles SKU-13083,Textiles,6204.12,False,False,False,False,67.11,Pacific Suppliers
d8f2c4c7-12a3-4d5b-9ba7-c3a6dc32cbaf,Textiles SKU-13084,Textiles,6204.85,False,False,False,False,576.41,Metro Suppliers
8dc28f77-0b5e-4000-a1f9-3abd5237cb08,Automotive Parts SKU-13085,Automotive Parts,8708.63,False,False,False,False,96.93,Pacific Suppliers
1257a4e9-3b4d-4802-a916-cad9fc1ec4ba,Pharma SKU-13086,Pharma,3004.5,False,True,True,False,393.41,Eastern Suppliers
9181cf98-72a9-4817-a4ff-91ab7b0c6e5f,Machinery SKU-13087,Machinery,8479.47,False,False,False,False,87.43,Unity Suppliers
2d8a36df-03db-4f36-85f5-af853d65c7d9,Automotive Parts SKU-13088,Automotive Parts,8708.45,False,False,False,False,385.81,Eastern Suppliers
0ddb863d-c039-4492-ade6-1ec6ab0458a8,Textiles SKU-13089,Textiles,6204.52,False,False,False,False,234.12,Summit Suppliers
ef648930-2561-4e99-8f9e-b35f04c6f44f,Electronics SKU-13090,Electronics,8517.63,False,False,False,False,375.64,Eastern Suppliers
80b1fb33-979c-4bac-9d20-9d9b10d0002a,Automotive Parts SKU-13091,Automotive Parts,8708.11,False,False,False,False,373.33,Pacific Suppliers
e1c639c5-2d59-4be9-8999-53b655410ee8,Consumer Goods SKU-13092,Consumer Goods,3926.4,False,False,False,False,634.43,Eastern Suppliers
408a1b80-7ced-41c1-a483-2c21ccd3be1a,Electronics SKU-13093,Electronics,8517.59,False,False,False,True,217.67,Summit Suppliers
eaff5a96-0fd6-4957-a161-740969046d09,Chemicals SKU-13094,Chemicals,3824.9,True,False,False,False,297.61,Eastern Suppliers
b5965c04-20cf-4e9f-b33b-8e9aafc8ce50,Furniture SKU-13095,Furniture,9403.46,False,False,False,False,286.1,Nova Suppliers
a87440c0-3d7f-4769-bc45-b88152e9bbb0,Consumer Goods SKU-13096,Consumer Goods,3926.73,False,False,False,False,95.86,Metro Suppliers
f8753df5-d22b-4204-a261-fbf11f356d2a,Medical Devices SKU-13097,Medical Devices,9018.64,False,False,True,False,369.39,Eastern Suppliers
34f21d9e-a4f8-4b92-9d26-b06cf7a72511,Furniture SKU-13098,Furniture,9403.12,False,False,False,True,38.57,Nova Suppliers
356f4ad2-24ee-4e55-b3f7-e8d42084345f,Furniture SKU-13099,Furniture,9403.91,False,False,False,True,678.69,Eastern Suppliers
18576145-62be-44cb-9720-dfd64dedb6ca,Medical Devices SKU-13100,Medical Devices,9018.47,False,False,False,False,63.19,Nova Suppliers
24f71a87-22ea-41c0-a786-11ca0c7f106b,Automotive Parts SKU-13101,Automotive Parts,8708.55,False,False,False,False,324.02,Nova Suppliers
7ea6fa8e-8fdd-40ab-8d1b-38eaf0c8dbd3,Automotive Parts SKU-13102,Automotive Parts,8708.53,False,False,False,False,319.89,Unity Suppliers
94b10487-5621-480e-bf30-99c2084b50de,Machinery SKU-13103,Machinery,8479.64,False,False,False,False,522.95,Eastern Suppliers
bfd662ca-963e-4288-ad4b-60c3a879c6c2,Automotive Parts SKU-13104,Automotive Parts,8708.98,False,False,False,False,233.62,Summit Suppliers
cc954162-7c28-483c-bdcf-03352f12697f,Pharma SKU-13105,Pharma,3004.45,False,False,False,False,838.65,Eastern Suppliers
3d628fa1-93fd-4f40-bf9b-2acda369dbb4,Machinery SKU-13106,Machinery,8479.11,False,False,False,False,347.75,Eastern Suppliers
a7f603d7-cb54-41d2-9ee6-9774f2a31e65,Electronics SKU-13107,Electronics,8517.37,False,False,False,True,622.55,Eastern Suppliers
4bf8a4ea-dcd2-4a0e-8b69-e7f23b89a867,Electronics SKU-13108,Electronics,8517.89,False,False,False,True,342.44,Metro Suppliers
375c8410-9a6b-42e3-9f90-7be15ae02efb,Consumer Goods SKU-13109,Consumer Goods,3926.43,False,False,False,False,339.9,Pacific Suppliers
a05d7825-d254-4705-84f1-18460d2f6dbe,Furniture SKU-13110,Furniture,9403.31,False,False,False,True,383.58,Nova Suppliers
6524ac42-12b3-4d22-999a-d4649822a701,Textiles SKU-13111,Textiles,6204.89,False,False,False,False,700.69,Metro Suppliers
00dabb22-f3b3-4177-8e44-a84baa0c9cad,Pharma SKU-13112,Pharma,3004.55,False,False,True,False,67.66,Summit Suppliers
cc3fd02f-6a32-446b-848f-277db5d37b7a,Pharma SKU-13113,Pharma,3004.27,False,True,False,False,549.54,Eastern Suppliers
be159e90-7edb-4b08-91b4-d664cb6c078f,Pharma SKU-13114,Pharma,3004.41,False,False,True,False,284.45,Metro Suppliers
d344588e-1767-4767-b724-a1df33b5b34f,Pharma SKU-13115,Pharma,3004.18,False,False,True,False,335.87,Pacific Suppliers
a6391013-d3e4-41f3-8a0d-6cb28bcfdf30,Consumer Goods SKU-13116,Consumer Goods,3926.18,False,False,False,False,177.94,Pacific Suppliers
afb8fc4e-c83f-4640-a698-aa32920298d7,Automotive Parts SKU-13117,Automotive Parts,8708.61,False,False,False,False,106.64,Pacific Suppliers
3a81f1d2-27b6-4348-a666-c45d9713878c,Pharma SKU-13118,Pharma,3004.78,False,False,False,False,525.2,Summit Suppliers
cf41bcd5-de0c-4781-8976-0821c5a29e24,Consumer Goods SKU-13119,Consumer Goods,3926.77,False,False,False,False,339.6,Unity Suppliers
7c72e24b-5d57-4a22-a5fa-e703c80cb9af,Automotive Parts SKU-13120,Automotive Parts,8708.1,False,False,False,False,627.52,Pacific Suppliers
e2f36fc1-b644-4521-8431-7b6a97dffb58,Consumer Goods SKU-13121,Consumer Goods,3926.76,False,False,False,False,305.01,Summit Suppliers
69c83c10-0c08-41c9-9a0a-43953be14bb1,Medical Devices SKU-13122,Medical Devices,9018.48,False,False,False,True,88.48,Nova Suppliers
aa03e798-ac06-4f31-a934-23a4188edacd,Pharma SKU-13123,Pharma,3004.29,False,True,False,False,160.76,Metro Suppliers
73704c22-e8ee-4c99-a5e2-7bf89a541270,Furniture SKU-13124,Furniture,9403.82,False,False,False,False,442.89,Nova Suppliers
c52cdd68-e438-4c80-9016-b3ff96a979c9,Consumer Goods SKU-13125,Consumer Goods,3926.83,False,False,False,False,531.95,Pacific Suppliers
f2161bd4-59a7-44b9-9af9-11cd6c3cb5fa,Pharma SKU-13126,Pharma,3004.58,False,False,False,False,777.12,Pacific Suppliers
8ffc7da9-f57d-4db6-a7cb-ed3a362d30e7,Consumer Goods SKU-13127,Consumer Goods,3926.76,False,False,False,False,283.96,Pacific Suppliers
4f4a7068-b957-4a04-830b-0db4dab24a3e,Food SKU-13128,Food,2106.51,False,False,True,False,216.51,Eastern Suppliers
7f94fedf-290e-43ce-9aa3-7521b7fb2767,Automotive Parts SKU-13129,Automotive Parts,8708.13,False,False,False,False,788.45,Eastern Suppliers
4cfbb7a6-26d0-4eb3-b025-206b4450b3b4,Consumer Goods SKU-13130,Consumer Goods,3926.54,False,False,False,False,493.11,Nova Suppliers
c2f2402d-84be-45af-b406-e63a4676591a,Electronics SKU-13131,Electronics,8517.22,False,False,False,True,133.5,Metro Suppliers
d6967acc-cc64-4423-848c-8571b6ff73d5,Textiles SKU-13132,Textiles,6204.23,False,False,False,False,761.13,Unity Suppliers
228087d1-fedb-4f96-94df-75f7d6df0b72,Pharma SKU-13133,Pharma,3004.14,False,False,False,False,193.18,Metro Suppliers
54eb833a-e35b-417e-9b80-bb8473d2e545,Machinery SKU-13134,Machinery,8479.11,False,False,False,False,547.17,Pacific Suppliers
1bae7fe4-ac1c-449b-b5de-2b18cfd3738d,Furniture SKU-13135,Furniture,9403.21,False,False,False,True,287.49,Unity Suppliers
c625c603-7570-4843-b78f-dc43d0ee2759,Pharma SKU-13136,Pharma,3004.79,False,False,True,False,556.53,Pacific Suppliers
03ad2752-1880-4b45-af21-a719b16405dd,Machinery SKU-13137,Machinery,8479.53,False,False,False,False,796.41,Summit Suppliers
e5779a8d-f8d4-4c64-ab88-1818cf75b141,Food SKU-13138,Food,2106.12,False,True,False,False,351.66,Eastern Suppliers
7cde6f00-e070-4c9f-a7fe-1d2fa1d8a2a0,Textiles SKU-13139,Textiles,6204.79,False,False,False,False,670.61,Unity Suppliers
c154e54f-7c14-4955-b7f3-504efea1b53c,Machinery SKU-13140,Machinery,8479.42,False,False,False,False,347.48,Unity Suppliers
eb132b8c-890b-4c35-be0d-01edefb9bbd9,Automotive Parts SKU-13141,Automotive Parts,8708.68,False,False,False,False,444.44,Metro Suppliers
7daddb10-0fbc-4e05-a836-11869fa5eed4,Electronics SKU-13142,Electronics,8517.47,False,False,False,True,406.61,Eastern Suppliers
e1fcb76d-5a42-4c45-b95b-e280efaad9dc,Textiles SKU-13143,Textiles,6204.3,False,False,False,False,237.77,Metro Suppliers
2d920ddb-0cda-4b59-b4d5-afeb2599e507,Electronics SKU-13144,Electronics,8517.51,False,False,False,True,391.23,Metro Suppliers
4b32a20a-0193-453e-8e3c-c69b07ab83c1,Automotive Parts SKU-13145,Automotive Parts,8708.89,False,False,False,False,27.96,Eastern Suppliers
fb933772-60b6-4364-85c1-5b6178cc459e,Medical Devices SKU-13146,Medical Devices,9018.28,False,False,False,True,806.99,Nova Suppliers
6ebe2b2c-0624-4e06-8030-a474f6c9a2d2,Medical Devices SKU-13147,Medical Devices,9018.68,False,False,False,True,373.06,Nova Suppliers
06cef6c1-5ee1-4646-877e-22bc75948fc8,Textiles SKU-13148,Textiles,6204.25,False,False,False,False,816.76,Nova Suppliers
2ba3bfe6-7ace-4fce-9dc5-d1439064fb88,Electronics SKU-13149,Electronics,8517.26,False,False,False,True,567.15,Eastern Suppliers
83d25b00-4285-4fcd-908d-31befba0c272,Chemicals SKU-13150,Chemicals,3824.8,True,False,False,False,409.2,Summit Suppliers
b899d774-8263-4025-a8c0-e25754f0146c,Furniture SKU-13151,Furniture,9403.48,False,False,False,False,846.53,Summit Suppliers
2d2bc834-a6da-471c-916a-d3dd670b9f59,Electronics SKU-13152,Electronics,8517.79,False,False,False,True,215.07,Summit Suppliers
fa108639-fb79-46c7-b2a7-71ec882225d8,Food SKU-13153,Food,2106.2,False,False,True,False,263.81,Unity Suppliers
cdfd243a-1747-4af0-8643-bfd63aa2cf53,Automotive Parts SKU-13154,Automotive Parts,8708.76,False,False,False,False,436.86,Summit Suppliers
9d07ebc4-02e1-427f-b3d0-4b58447a41f1,Chemicals SKU-13155,Chemicals,3824.27,True,False,False,False,294.59,Metro Suppliers
e55e9d6c-5967-4226-872d-5021eff12d84,Electronics SKU-13156,Electronics,8517.59,False,False,False,True,670.13,Nova Suppliers
f3f7cb5d-57fa-4c26-9824-b3dc7774cb89,Food SKU-13157,Food,2106.72,False,False,False,False,126.37,Nova Suppliers
2d14c0be-fc05-4ae6-8aec-d13b15d021e2,Machinery SKU-13158,Machinery,8479.9,False,False,False,False,701.51,Unity Suppliers
45c2e5a4-76c2-4305-8f6c-d3a9302faf53,Pharma SKU-13159,Pharma,3004.89,False,True,True,False,656.95,Unity Suppliers
0a22f3d0-6688-44f9-94fc-a4ca344e0846,Furniture SKU-13160,Furniture,9403.46,False,False,False,False,283.16,Unity Suppliers
d72d69ff-c0cf-410a-9f60-8f71f0a9ef75,Consumer Goods SKU-13161,Consumer Goods,3926.3,False,False,False,False,672.29,Unity Suppliers
6c57b54b-e748-4cfb-b298-0874302ac7da,Consumer Goods SKU-13162,Consumer Goods,3926.37,False,False,False,False,282.92,Nova Suppliers
62221df8-a55b-4a2f-b0ea-ef45f0c6052a,Consumer Goods SKU-13163,Consumer Goods,3926.1,False,False,False,False,320.26,Summit Suppliers
91f66417-a3c6-4791-87ee-768f50a5ba04,Textiles SKU-13164,Textiles,6204.78,False,False,False,False,423.49,Unity Suppliers
e21180fb-6c2d-46b7-b5c3-48dca3d94f2a,Pharma SKU-13165,Pharma,3004.51,False,True,True,False,708.99,Nova Suppliers
d6ff4e33-dc04-4e92-b60e-594f2c4cc894,Consumer Goods SKU-13166,Consumer Goods,3926.88,False,False,False,False,66.82,Metro Suppliers
bd62073d-88f0-4457-80fc-b31b42e74a33,Medical Devices SKU-13167,Medical Devices,9018.95,False,False,False,True,780.37,Metro Suppliers
46a8a964-42a8-4d6c-8e23-0fd7b7f53bb7,Pharma SKU-13168,Pharma,3004.73,False,True,False,False,24.5,Unity Suppliers
b8e32bdb-9b94-492a-99ca-f7de137fcb83,Automotive Parts SKU-13169,Automotive Parts,8708.61,False,False,False,False,7.88,Eastern Suppliers
22adf77a-8323-4265-8643-339601e45112,Furniture SKU-13170,Furniture,9403.5,False,False,False,True,639.5,Eastern Suppliers
e4c1e76b-aab4-4168-8cc8-69dc813996a5,Automotive Parts SKU-13171,Automotive Parts,8708.9,False,False,False,False,787.08,Metro Suppliers
9ae66b8a-933b-4acf-8a68-4b3903ddcc3c,Chemicals SKU-13172,Chemicals,3824.4,True,False,False,False,269.08,Summit Suppliers
c15ceefa-dc7f-481a-a4c6-b1763fd9c2bc,Food SKU-13173,Food,2106.9,False,False,True,False,81.79,Nova Suppliers
3ff9518a-9d3d-431e-9122-13a4fdbbb2fa,Medical Devices SKU-13174,Medical Devices,9018.46,False,False,False,True,390.76,Eastern Suppliers
fddaf9fb-8f6e-44d0-ab87-83646f447aa6,Electronics SKU-13175,Electronics,8517.75,False,False,False,True,65.05,Summit Suppliers
b58341bd-7ae3-498b-905d-8870744da678,Consumer Goods SKU-13176,Consumer Goods,3926.68,False,False,False,False,31.02,Metro Suppliers
85b4439e-a72c-45a6-bf92-12b739affcf1,Chemicals SKU-13177,Chemicals,3824.14,False,False,False,False,551.86,Summit Suppliers
c72b84a5-ac3f-4ec9-bb30-0e07cbcfdf13,Machinery SKU-13178,Machinery,8479.56,False,False,False,False,835.86,Summit Suppliers
7995b186-04fe-49c3-8594-41a0f35bd392,Pharma SKU-13179,Pharma,3004.46,False,False,True,False,182.54,Pacific Suppliers
e47203a2-dc27-4dc6-ad71-5203800cfcda,Medical Devices SKU-13180,Medical Devices,9018.89,False,False,True,True,538.77,Pacific Suppliers
ed44dbbe-f5ed-4c41-bdb4-e207a95f35a0,Textiles SKU-13181,Textiles,6204.14,False,False,False,False,185.46,Unity Suppliers
8de659c6-942c-44cb-af84-0dd29bb9ddde,Chemicals SKU-13182,Chemicals,3824.77,False,False,False,False,29.35,Eastern Suppliers
5674dddd-5592-42f9-8a7e-d2edb59ceae3,Textiles SKU-13183,Textiles,6204.92,False,False,False,False,488.44,Unity Suppliers
60bd4fc9-58b8-41fc-9ee7-3913aba9f457,Food SKU-13184,Food,2106.69,False,False,True,False,450.76,Unity Suppliers
f941dd16-f851-4b8e-bbb6-44412d99e19d,Pharma SKU-13185,Pharma,3004.86,False,False,False,False,525.05,Metro Suppliers
17751327-8864-46ad-8598-11e13ce73def,Textiles SKU-13186,Textiles,6204.41,False,False,False,False,707.77,Eastern Suppliers
3b86b90a-84c9-4041-9864-06828f032d74,Pharma SKU-13187,Pharma,3004.18,False,False,False,False,212.79,Nova Suppliers
57e54833-f20a-4288-813a-35f7419d444c,Chemicals SKU-13188,Chemicals,3824.17,True,False,False,False,393.15,Unity Suppliers
86e41f19-8537-4136-8cb1-9e2539ad7e49,Furniture SKU-13189,Furniture,9403.97,False,False,False,True,556.06,Unity Suppliers
a224143b-ba3d-43b0-8f6a-820a7279cc76,Automotive Parts SKU-13190,Automotive Parts,8708.7,False,False,False,False,525.53,Pacific Suppliers
b366acc3-dab2-4481-bf6c-cade7ec6c314,Machinery SKU-13191,Machinery,8479.24,False,False,False,False,117.94,Nova Suppliers
94f8ab0b-c70d-4870-a422-91d69f5fa2c5,Consumer Goods SKU-13192,Consumer Goods,3926.19,False,False,False,False,456.49,Eastern Suppliers
cf3bd2b9-b158-4b95-ada0-9886d6b64c51,Electronics SKU-13193,Electronics,8517.31,False,False,False,True,32.41,Eastern Suppliers
90e05676-9f60-4d7b-9972-8941045966d4,Medical Devices SKU-13194,Medical Devices,9018.42,False,False,True,False,385.74,Eastern Suppliers
16752e90-80f9-4358-9f06-f21b2e5dc241,Textiles SKU-13195,Textiles,6204.23,False,False,False,False,689.86,Nova Suppliers
c9cf1f8a-5a90-404b-aab2-345afd5a4a2d,Furniture SKU-13196,Furniture,9403.78,False,False,False,False,808.47,Unity Suppliers
94723355-4b15-4720-a00b-8c89019bfdbd,Machinery SKU-13197,Machinery,8479.7,False,False,False,False,383.6,Pacific Suppliers
a39e28dc-6120-4056-923c-96ecb6ffd496,Pharma SKU-13198,Pharma,3004.3,False,False,False,False,165.46,Summit Suppliers
36e20987-7724-4d2c-b95a-d26d51709afb,Textiles SKU-13199,Textiles,6204.81,False,False,False,False,441.8,Unity Suppliers
63f7e215-656f-44be-9ec2-9b672687fa87,Automotive Parts SKU-13200,Automotive Parts,8708.43,False,False,False,False,532.08,Unity Suppliers
95bb0c24-74f2-4817-bf1e-11608d7ff7cd,Medical Devices SKU-13201,Medical Devices,9018.36,False,False,True,False,379.53,Summit Suppliers
394d2e8d-ff0f-4f28-b18e-3e6110cdc60f,Food SKU-13202,Food,2106.96,False,False,False,False,28.83,Nova Suppliers
c0062b89-0bc4-4f3d-9c27-3eacbd59b34f,Pharma SKU-13203,Pharma,3004.43,False,False,True,False,5.13,Unity Suppliers
9a4f8441-5ae3-449b-87a7-2af1ba059c1f,Medical Devices SKU-13204,Medical Devices,9018.38,False,False,False,False,416.19,Summit Suppliers
a6fad093-8202-4cd2-ae21-247612e61199,Food SKU-13205,Food,2106.9,False,True,False,False,775.58,Unity Suppliers
044343f1-9ccc-4196-a3d3-49ef9c701efa,Consumer Goods SKU-13206,Consumer Goods,3926.9,False,False,False,False,632.28,Pacific Suppliers
c466fbf7-1550-4ec6-a70f-5e889fa68cb7,Consumer Goods SKU-13207,Consumer Goods,3926.81,False,False,False,False,125.21,Nova Suppliers
480d1bbe-98e0-452f-bb76-9e397a42a8da,Automotive Parts SKU-13208,Automotive Parts,8708.89,False,False,False,False,274.19,Unity Suppliers
3660f21a-900d-4ab5-a5bb-ae4df0b89e0c,Consumer Goods SKU-13209,Consumer Goods,3926.98,False,False,False,False,14.39,Summit Suppliers
d6fa5ccf-4fbc-449f-a90a-9dddd14b0966,Food SKU-13210,Food,2106.28,False,False,False,False,268.87,Nova Suppliers
4f1e68a7-cd90-4780-921a-8cda752b8866,Food SKU-13211,Food,2106.11,False,True,True,False,8.44,Pacific Suppliers
e47a2170-cf0f-449b-a374-2d9d0f34f575,Automotive Parts SKU-13212,Automotive Parts,8708.39,False,False,False,False,459.26,Unity Suppliers
5a0700c7-2456-4ec1-a15e-cc04b076c544,Medical Devices SKU-13213,Medical Devices,9018.43,False,False,True,True,809.65,Summit Suppliers
f80b5840-ae19-4967-8b3c-38d622675f85,Medical Devices SKU-13214,Medical Devices,9018.87,False,False,True,False,107.59,Nova Suppliers
174ec7ae-38e3-4ff6-83cf-c5d239498127,Automotive Parts SKU-13215,Automotive Parts,8708.25,False,False,False,False,164.78,Metro Suppliers
ef9054dc-2506-4ce6-9f3d-ed8a83ef62e1,Electronics SKU-13216,Electronics,8517.98,False,False,False,True,651.42,Pacific Suppliers
2c600ea2-ea33-4d59-b3cd-34a11beb42f9,Consumer Goods SKU-13217,Consumer Goods,3926.13,False,False,False,False,208.53,Nova Suppliers
643bc3ea-bd28-410f-aa18-5ec119ff21fc,Food SKU-13218,Food,2106.8,False,False,True,False,58.32,Summit Suppliers
9ee7a167-a48f-4376-82f0-2848ccb47127,Textiles SKU-13219,Textiles,6204.47,False,False,False,False,514.77,Pacific Suppliers
b4506a43-ef2a-4bef-bd2f-481f8a0db74f,Electronics SKU-13220,Electronics,8517.54,False,False,False,True,592.75,Summit Suppliers
d7f7a865-cdca-4f4a-aec5-bb9fce6f82ad,Chemicals SKU-13221,Chemicals,3824.98,True,False,False,False,364.98,Unity Suppliers
02811994-781f-4cc2-a12e-6740ef958465,Food SKU-13222,Food,2106.68,False,True,True,False,95.95,Eastern Suppliers
43b4a387-f0c8-445a-a763-f5276976447d,Automotive Parts SKU-13223,Automotive Parts,8708.71,False,False,False,False,78.74,Eastern Suppliers
0064cfd3-6e12-40b5-a456-312235a23b4f,Medical Devices SKU-13224,Medical Devices,9018.51,False,False,False,True,342.38,Metro Suppliers
0b900100-abf0-48ab-adad-5ff982667794,Textiles SKU-13225,Textiles,6204.99,False,False,False,False,410.88,Nova Suppliers
b5ccb196-68b3-4a59-9f7e-764ebb211496,Consumer Goods SKU-13226,Consumer Goods,3926.71,False,False,False,False,539.63,Unity Suppliers
dcbb9efe-2d32-4667-9ce3-2212c8c1eb1e,Furniture SKU-13227,Furniture,9403.27,False,False,False,False,759.2,Unity Suppliers
a542e271-b7ff-4fd3-b7bf-2dc3d04c9918,Consumer Goods SKU-13228,Consumer Goods,3926.49,False,False,False,False,466.89,Eastern Suppliers
5be9e252-8f3d-4323-b3cc-0802380e953d,Furniture SKU-13229,Furniture,9403.15,False,False,False,True,321.81,Summit Suppliers
85c2a8ce-a14a-41b9-98d4-2657a64c549d,Food SKU-13230,Food,2106.23,False,False,True,False,762.36,Pacific Suppliers
79460938-dfb5-4b92-a45f-da55524221bf,Electronics SKU-13231,Electronics,8517.71,False,False,False,True,197.36,Summit Suppliers
3d5f7cfc-5db0-445c-a07b-0e6dcf17300e,Pharma SKU-13232,Pharma,3004.53,False,False,False,False,712.12,Metro Suppliers
9cc38f48-2b15-4cf1-a9b7-07da996a10e3,Automotive Parts SKU-13233,Automotive Parts,8708.44,False,False,False,False,65.85,Nova Suppliers
708e4bf4-1b9b-448e-b932-89f6748be03c,Textiles SKU-13234,Textiles,6204.44,False,False,False,False,176.6,Nova Suppliers
34564fb0-8066-47af-99be-aeeaf2bcc8a3,Furniture SKU-13235,Furniture,9403.43,False,False,False,False,843.18,Eastern Suppliers
553c3f75-7df0-45cd-95cd-f01e82d47f29,Machinery SKU-13236,Machinery,8479.27,False,False,False,False,168.89,Eastern Suppliers
dbf6230d-53b4-4fea-8745-23c11446cfc7,Pharma SKU-13237,Pharma,3004.81,False,True,True,False,303.99,Nova Suppliers
651671c0-ae2b-4008-9e3e-0b416359487b,Chemicals SKU-13238,Chemicals,3824.68,False,False,False,False,6.18,Summit Suppliers
3f5e6e3d-b1db-43d7-9f8d-d5bd3c68ff14,Machinery SKU-13239,Machinery,8479.94,False,False,False,False,235.0,Eastern Suppliers
4b199111-47cc-4828-b8ab-8df6888cdde2,Machinery SKU-13240,Machinery,8479.31,False,False,False,False,44.64,Metro Suppliers
5f32978c-5739-43fc-82da-1422bf9b41d3,Machinery SKU-13241,Machinery,8479.13,False,False,False,False,57.85,Summit Suppliers
ef553bc1-ffc4-4265-96fa-ba8b5ba1ac3f,Machinery SKU-13242,Machinery,8479.42,False,False,False,False,786.52,Unity Suppliers
2d39240c-cb43-4535-b6d1-7c61ab1c55fa,Consumer Goods SKU-13243,Consumer Goods,3926.26,False,False,False,False,692.86,Pacific Suppliers
c4ab3dc8-6a56-4146-8eb1-f77ac87cfa64,Pharma SKU-13244,Pharma,3004.58,False,False,True,False,184.8,Pacific Suppliers
47ecf637-1416-4ff4-a7de-c41d7041bbe3,Furniture SKU-13245,Furniture,9403.5,False,False,False,False,411.11,Pacific Suppliers
cafec8ee-2775-4891-ad8e-0f8f0544e77a,Furniture SKU-13246,Furniture,9403.27,False,False,False,True,88.94,Nova Suppliers
6534d26d-ce4e-48f0-ac5d-9aa70f42c1f8,Consumer Goods SKU-13247,Consumer Goods,3926.32,False,False,False,False,183.74,Eastern Suppliers
f354cd7d-a2d6-4ff2-b395-58ae87e6eb76,Electronics SKU-13248,Electronics,8517.35,False,False,False,True,60.26,Summit Suppliers
1b7edd78-703b-466b-8665-0d0bc27c9902,Food SKU-13249,Food,2106.97,False,True,True,False,565.2,Unity Suppliers
08f75e03-c223-487f-9e37-125a3f335b94,Chemicals SKU-13250,Chemicals,3824.5,True,False,False,False,654.81,Unity Suppliers
96050643-081f-4881-a9e8-ea2fcccd7c7a,Pharma SKU-13251,Pharma,3004.76,False,False,False,False,60.34,Summit Suppliers
c3ba7900-dca7-4d54-8656-12272d9d78be,Pharma SKU-13252,Pharma,3004.23,False,False,True,False,199.49,Eastern Suppliers
53018d48-bee4-4764-8a5e-51078108299c,Textiles SKU-13253,Textiles,6204.29,False,False,False,False,703.62,Unity Suppliers
ca2bfcaf-5bb3-49ea-a6f7-c209126b5304,Electronics SKU-13254,Electronics,8517.53,False,False,False,False,732.85,Nova Suppliers
13580752-6652-4e5e-b39d-ceb729da1979,Automotive Parts SKU-13255,Automotive Parts,8708.27,False,False,False,False,782.75,Metro Suppliers
2e911e73-cce6-4d9d-84e2-5aa710268254,Automotive Parts SKU-13256,Automotive Parts,8708.81,False,False,False,False,549.66,Eastern Suppliers
e4981082-13f8-488c-8c85-eba6c8fb0a20,Electronics SKU-13257,Electronics,8517.4,False,False,False,True,77.56,Unity Suppliers
e69237fd-c45b-44bd-861d-8aa6c4f85d55,Consumer Goods SKU-13258,Consumer Goods,3926.97,False,False,False,False,360.85,Nova Suppliers
886e638e-3f29-4c48-8224-baf0eab845a5,Automotive Parts SKU-13259,Automotive Parts,8708.38,False,False,False,False,712.67,Nova Suppliers
e67595e4-320f-4cb3-aac4-31e0ac9d114c,Furniture SKU-13260,Furniture,9403.26,False,False,False,True,653.5,Summit Suppliers
19d3c985-1921-4bec-87c0-befa9005a296,Chemicals SKU-13261,Chemicals,3824.75,True,False,False,False,331.21,Summit Suppliers
c0ad8fbc-207c-41dc-8d48-98eb631f6c97,Automotive Parts SKU-13262,Automotive Parts,8708.55,False,False,False,False,838.96,Metro Suppliers
1ccc38bc-7eb7-4d36-9a7d-cc9db4b486b9,Chemicals SKU-13263,Chemicals,3824.72,True,False,False,False,345.92,Unity Suppliers
49cd6d2c-7019-4a3f-ae36-d7f474d8d475,Food SKU-13264,Food,2106.42,False,True,True,False,131.51,Summit Suppliers
ed9696cb-081f-46f3-8ab7-93a27ef8a9d8,Chemicals SKU-13265,Chemicals,3824.6,False,False,False,False,592.47,Pacific Suppliers
60c6fda4-49cb-46fb-b129-fcf8be205047,Food SKU-13266,Food,2106.96,False,False,False,False,452.03,Nova Suppliers
00a1490a-2a80-44bf-9bdf-8cd0d070808c,Machinery SKU-13267,Machinery,8479.55,False,False,False,False,706.09,Nova Suppliers
9482ad8a-5a4e-47ea-8692-c0ba6ec68906,Medical Devices SKU-13268,Medical Devices,9018.92,False,False,True,False,579.93,Nova Suppliers
11e29074-f17c-4885-b28f-29e360d9b761,Textiles SKU-13269,Textiles,6204.53,False,False,False,False,93.27,Eastern Suppliers
3c7bcd90-1a57-4397-af0f-5feb619068e2,Electronics SKU-13270,Electronics,8517.48,False,False,False,True,212.17,Pacific Suppliers
2b717874-1484-4c82-9daf-df57a65c822e,Food SKU-13271,Food,2106.1,False,False,False,False,438.12,Metro Suppliers
511fcbd2-c502-4c3e-9a49-4ba8f55c1ef4,Machinery SKU-13272,Machinery,8479.69,False,False,False,False,67.78,Metro Suppliers
23a8f4fc-1e86-421c-8cb7-d616cd33725e,Medical Devices SKU-13273,Medical Devices,9018.72,False,False,True,True,413.06,Pacific Suppliers
f3ce3506-4a12-48b1-8c88-07fe435493c0,Chemicals SKU-13274,Chemicals,3824.92,True,False,False,False,607.82,Pacific Suppliers
9d263079-3f37-42d7-a318-08820acafbf8,Textiles SKU-13275,Textiles,6204.11,False,False,False,False,124.92,Nova Suppliers
55fbd2a5-d81c-4758-a71e-0ffae23bc638,Food SKU-13276,Food,2106.66,False,False,False,False,212.54,Pacific Suppliers
43786b63-3e12-4294-9326-5f9296cfcb7e,Medical Devices SKU-13277,Medical Devices,9018.83,False,False,True,False,389.22,Nova Suppliers
189847e4-a292-4edc-a24e-36c9b114584c,Automotive Parts SKU-13278,Automotive Parts,8708.8,False,False,False,False,9.94,Pacific Suppliers
cc58105b-dacd-49af-9e4e-5f331255e5ca,Electronics SKU-13279,Electronics,8517.9,False,False,False,False,187.91,Metro Suppliers
b6264a0f-c64b-4d99-a03c-fb25ff855e84,Consumer Goods SKU-13280,Consumer Goods,3926.27,False,False,False,False,674.03,Nova Suppliers
af4e19c0-c30f-4cf5-90b7-fe4f516f6326,Textiles SKU-13281,Textiles,6204.87,False,False,False,False,202.28,Summit Suppliers
8c09a3a0-cdde-4711-91a8-13e73546357d,Electronics SKU-13282,Electronics,8517.38,False,False,False,True,157.02,Pacific Suppliers
4f167db2-f1fc-48bf-b471-5a46bc05c0b1,Machinery SKU-13283,Machinery,8479.76,False,False,False,False,213.03,Eastern Suppliers
443f9fa0-b1cf-4188-929d-17fcf9670e63,Electronics SKU-13284,Electronics,8517.74,False,False,False,False,167.15,Eastern Suppliers
e50ede6f-e4d6-4887-9e17-1acdb50f8f9b,Chemicals SKU-13285,Chemicals,3824.72,True,False,False,False,744.94,Eastern Suppliers
632a7856-333b-4d9e-96fa-221827886677,Food SKU-13286,Food,2106.56,False,False,False,False,554.37,Metro Suppliers
ba540bdf-c2a7-492d-867c-9f26cba5f082,Automotive Parts SKU-13287,Automotive Parts,8708.22,False,False,False,False,479.56,Metro Suppliers
ec00062a-ff8c-40f7-94d9-da3c7c41ee79,Furniture SKU-13288,Furniture,9403.24,False,False,False,False,353.53,Summit Suppliers
09081b1f-f7bd-410f-94ec-fbb58878ba7c,Electronics SKU-13289,Electronics,8517.91,False,False,False,True,414.84,Nova Suppliers
6a453fcd-8638-49d8-8642-159049dd8b80,Consumer Goods SKU-13290,Consumer Goods,3926.75,False,False,False,False,116.72,Pacific Suppliers
154e813b-1002-4fa0-a470-c75eefd100e3,Electronics SKU-13291,Electronics,8517.38,False,False,False,True,524.83,Metro Suppliers
4564151a-c518-4804-9a02-2502c9f30a50,Consumer Goods SKU-13292,Consumer Goods,3926.24,False,False,False,False,820.21,Unity Suppliers
a136f511-607c-4d5f-9810-ebeafe8556ab,Machinery SKU-13293,Machinery,8479.32,False,False,False,False,268.24,Metro Suppliers
e202c379-2310-43ec-9e58-e8533678689e,Pharma SKU-13294,Pharma,3004.37,False,True,True,False,558.58,Eastern Suppliers
66a2b99b-4f1a-4082-a2d9-5a5f752a4893,Pharma SKU-13295,Pharma,3004.9,False,False,False,False,831.69,Nova Suppliers
a5f70a74-ab4d-4c66-9671-48aee96e8f94,Chemicals SKU-13296,Chemicals,3824.87,False,False,False,False,469.03,Nova Suppliers
16f81644-f7ab-499e-8835-a927d7ffa64e,Machinery SKU-13297,Machinery,8479.31,False,False,False,False,501.62,Pacific Suppliers
919f2b88-7400-4cf5-95a2-3b695a3447ef,Textiles SKU-13298,Textiles,6204.77,False,False,False,False,381.52,Eastern Suppliers
8361263e-e8af-4c94-8eba-98a2f1c0eaee,Textiles SKU-13299,Textiles,6204.64,False,False,False,False,481.39,Pacific Suppliers
31db8852-7b07-4e53-8588-8843dc32c852,Consumer Goods SKU-13300,Consumer Goods,3926.74,False,False,False,False,496.62,Eastern Suppliers
a1f69a65-a731-4139-87c4-00abc374ed48,Medical Devices SKU-13301,Medical Devices,9018.39,False,False,False,False,610.15,Unity Suppliers
9ab809af-f54c-476a-9b05-43baa50d592f,Electronics SKU-13302,Electronics,8517.96,False,False,False,False,231.86,Metro Suppliers
8d8270d4-37a8-4034-b2e1-5b882e583826,Textiles SKU-13303,Textiles,6204.3,False,False,False,False,222.39,Unity Suppliers
77674090-1348-4a99-9022-e8ce1d3c9e15,Food SKU-13304,Food,2106.9,False,False,True,False,245.01,Eastern Suppliers
579c6e78-a831-4bd5-a810-641f70268ad9,Medical Devices SKU-13305,Medical Devices,9018.64,False,False,False,True,698.25,Eastern Suppliers
e2264f5a-2a6a-44a0-8747-57e608e9a1c7,Consumer Goods SKU-13306,Consumer Goods,3926.39,False,False,False,False,550.03,Summit Suppliers
835892c2-8ebe-43c8-adca-9b8d1a4164e7,Chemicals SKU-13307,Chemicals,3824.86,False,False,False,False,271.73,Metro Suppliers
baf6b943-2527-4444-a5cd-05a9f0dd88e0,Consumer Goods SKU-13308,Consumer Goods,3926.76,False,False,False,False,321.32,Eastern Suppliers
45ee19d8-4aff-429d-bcfc-7b8928582a2d,Electronics SKU-13309,Electronics,8517.77,False,False,False,True,715.09,Nova Suppliers
658fe0e6-12b1-465c-a40d-92a8dbd6d6cb,Food SKU-13310,Food,2106.96,False,True,True,False,796.93,Unity Suppliers
9d19ff8a-b9e2-4e1e-922f-2290f922e6bb,Chemicals SKU-13311,Chemicals,3824.2,False,False,False,False,174.12,Eastern Suppliers
b4e94c14-d746-47c2-83dd-8779d46166be,Pharma SKU-13312,Pharma,3004.89,False,False,True,False,162.85,Unity Suppliers
38355b38-3328-45b5-886b-21bf8cb2aaeb,Pharma SKU-13313,Pharma,3004.81,False,False,False,False,810.84,Nova Suppliers
f036237d-cb66-411e-8396-f7067f7872d4,Medical Devices SKU-13314,Medical Devices,9018.72,False,False,True,False,544.47,Eastern Suppliers
64009b09-5e26-49bc-9dce-edc8741bd96b,Textiles SKU-13315,Textiles,6204.73,False,False,False,False,26.28,Eastern Suppliers
26947996-498e-4f3a-89a2-89aae0a42e9f,Pharma SKU-13316,Pharma,3004.95,False,True,False,False,106.81,Nova Suppliers
2aa35248-3642-4485-abdd-2807f4e4d5e3,Automotive Parts SKU-13317,Automotive Parts,8708.74,False,False,False,False,717.84,Pacific Suppliers
d77b671c-6e5e-4dde-b3de-24677ff71ab3,Consumer Goods SKU-13318,Consumer Goods,3926.5,False,False,False,False,700.22,Unity Suppliers
fbb5f520-d1cb-4d40-829a-28ed1dfa6985,Electronics SKU-13319,Electronics,8517.7,False,False,False,False,298.33,Summit Suppliers
1956541d-21dc-4fc5-b125-e57a8a6ad82e,Automotive Parts SKU-13320,Automotive Parts,8708.84,False,False,False,False,271.23,Nova Suppliers
3511ba55-8d81-4cd4-8aaa-5dad91762c22,Medical Devices SKU-13321,Medical Devices,9018.58,False,False,True,True,105.66,Nova Suppliers
e3f6882f-f102-479d-9f8e-f092bc37aecd,Automotive Parts SKU-13322,Automotive Parts,8708.88,False,False,False,False,333.56,Eastern Suppliers
bba68fdc-8e1a-46bc-91e7-82f585952368,Furniture SKU-13323,Furniture,9403.94,False,False,False,True,356.74,Pacific Suppliers
e745c464-8ae7-4b90-99b3-bd4f0ac6ebcd,Textiles SKU-13324,Textiles,6204.79,False,False,False,False,753.8,Eastern Suppliers
d05063de-9895-454d-9eca-df68906ad029,Medical Devices SKU-13325,Medical Devices,9018.75,False,False,True,False,24.42,Eastern Suppliers
39d28276-45d4-4cfc-beb4-d375249c0b09,Medical Devices SKU-13326,Medical Devices,9018.51,False,False,False,False,188.12,Eastern Suppliers
66f9d23a-1942-4140-b4df-de5b374a72da,Automotive Parts SKU-13327,Automotive Parts,8708.18,False,False,False,False,424.68,Metro Suppliers
318b9372-013e-41c3-83fd-d7c8934117c4,Food SKU-13328,Food,2106.16,False,True,True,False,168.24,Summit Suppliers
a81f9bf3-ef99-4184-9557-36be0b0ef8d3,Chemicals SKU-13329,Chemicals,3824.65,True,False,False,False,550.1,Pacific Suppliers
0776b83a-bb15-42ca-8a4d-aa21d3cd7b62,Pharma SKU-13330,Pharma,3004.5,False,False,True,False,594.84,Metro Suppliers
d611f27f-5e6d-4b98-a17f-90579e7be2a8,Automotive Parts SKU-13331,Automotive Parts,8708.56,False,False,False,False,15.77,Metro Suppliers
0c559ea5-0d15-4726-a2bb-532cef126020,Furniture SKU-13332,Furniture,9403.86,False,False,False,False,687.79,Pacific Suppliers
5d840eee-19ed-49a9-af7e-7d50776dff51,Consumer Goods SKU-13333,Consumer Goods,3926.89,False,False,False,False,267.97,Pacific Suppliers
01b0604b-132e-4ca3-8d2f-f14fb8ea9be9,Consumer Goods SKU-13334,Consumer Goods,3926.31,False,False,False,False,484.9,Metro Suppliers
a57ab42b-3081-403e-a6cc-6da919669492,Pharma SKU-13335,Pharma,3004.79,False,True,True,False,28.02,Eastern Suppliers
fe14cc87-f43a-4a67-8c54-a0d1dc51d00e,Textiles SKU-13336,Textiles,6204.68,False,False,False,False,184.98,Nova Suppliers
cb51d226-15d5-4f21-bae6-723c6f09c04f,Food SKU-13337,Food,2106.54,False,False,True,False,214.81,Metro Suppliers
fa642923-69fb-4452-9987-2649eb29e6f2,Medical Devices SKU-13338,Medical Devices,9018.43,False,False,True,True,802.08,Summit Suppliers
11218863-e9c2-4167-a8ae-3cf4e515c80a,Pharma SKU-13339,Pharma,3004.4,False,False,False,False,244.95,Metro Suppliers
c329bef2-ca00-4157-8dd9-cc225da41101,Furniture SKU-13340,Furniture,9403.61,False,False,False,False,820.15,Pacific Suppliers
a0a648a7-cc83-4672-b2f3-6153d455b13d,Medical Devices SKU-13341,Medical Devices,9018.76,False,False,True,True,262.16,Pacific Suppliers
4b8efbff-277a-49f8-b489-17245eefbd34,Pharma SKU-13342,Pharma,3004.66,False,False,True,False,351.57,Summit Suppliers
17332660-3efe-4fff-bf60-588c1de52248,Textiles SKU-13343,Textiles,6204.85,False,False,False,False,533.54,Pacific Suppliers
4dd68d5a-c8e0-4f49-b66b-8aecb8ba3bda,Consumer Goods SKU-13344,Consumer Goods,3926.91,False,False,False,False,226.4,Summit Suppliers
25a027bd-eeb5-4f74-88b9-fa20050bbf9d,Pharma SKU-13345,Pharma,3004.82,False,True,True,False,274.88,Nova Suppliers
c7260fa4-7479-40f8-b67c-a2bb911f73ec,Medical Devices SKU-13346,Medical Devices,9018.27,False,False,False,True,499.3,Pacific Suppliers
9705baff-bf70-448b-a179-65b2fe514b82,Electronics SKU-13347,Electronics,8517.87,False,False,False,False,168.33,Eastern Suppliers
d6d177df-4ce9-4ddb-8eda-815af05bd655,Chemicals SKU-13348,Chemicals,3824.65,False,False,False,False,124.73,Nova Suppliers
b50107dd-cf85-4c9d-8cbd-8febd95c58c5,Food SKU-13349,Food,2106.49,False,True,True,False,659.59,Summit Suppliers
cc4b6d3f-3d5e-4abe-ac49-d88633c5dc50,Food SKU-13350,Food,2106.21,False,True,True,False,160.18,Nova Suppliers
e11a6baf-967e-4dac-9b97-52e6ecf42747,Food SKU-13351,Food,2106.99,False,True,True,False,117.32,Summit Suppliers
2421183d-e49e-4cac-b134-02a362d70570,Chemicals SKU-13352,Chemicals,3824.16,True,False,False,False,158.82,Summit Suppliers
c9d49c2f-e85f-4863-849e-834e7fb4665c,Consumer Goods SKU-13353,Consumer Goods,3926.44,False,False,False,False,38.05,Metro Suppliers
207c6c3f-73ca-4040-9f7d-b1b93293187b,Medical Devices SKU-13354,Medical Devices,9018.82,False,False,True,True,556.61,Metro Suppliers
5b6d3b70-8bef-4428-acd1-af8b334ef177,Textiles SKU-13355,Textiles,6204.92,False,False,False,False,467.84,Nova Suppliers
c5769c92-c4db-4aa0-90f4-1be4e0b6b02a,Machinery SKU-13356,Machinery,8479.63,False,False,False,False,698.28,Metro Suppliers
5e4f6341-9c60-4624-b113-bf94e2453101,Electronics SKU-13357,Electronics,8517.85,False,False,False,False,622.58,Summit Suppliers
1d5f15e1-903b-447b-97e9-04961bccebf8,Consumer Goods SKU-13358,Consumer Goods,3926.71,False,False,False,False,399.1,Metro Suppliers
2cadd275-f6b2-4e52-bd03-633b1c5daa53,Textiles SKU-13359,Textiles,6204.45,False,False,False,False,637.75,Nova Suppliers
99efdd04-ca0e-4939-9796-01013221517d,Electronics SKU-13360,Electronics,8517.68,False,False,False,False,610.52,Summit Suppliers
bf430341-a6a9-49d3-bdea-3048afa813c8,Automotive Parts SKU-13361,Automotive Parts,8708.72,False,False,False,False,40.93,Pacific Suppliers
0db22929-f08c-453d-b5b7-4ce16c834369,Electronics SKU-13362,Electronics,8517.86,False,False,False,True,621.81,Unity Suppliers
5a157b2c-5725-4871-9b1c-aced70b51117,Electronics SKU-13363,Electronics,8517.48,False,False,False,True,789.68,Metro Suppliers
bd232da7-06cc-420e-a2f2-208f02a85921,Furniture SKU-13364,Furniture,9403.37,False,False,False,False,808.29,Summit Suppliers
606e6266-935a-481f-9eee-cca04c8ec481,Pharma SKU-13365,Pharma,3004.99,False,False,False,False,196.41,Eastern Suppliers
b857ee6d-f294-4117-8a49-967bdec9484e,Machinery SKU-13366,Machinery,8479.62,False,False,False,False,442.32,Unity Suppliers
006444df-6cfd-4e3e-8300-a9ea0bf24f8d,Machinery SKU-13367,Machinery,8479.96,False,False,False,False,755.21,Nova Suppliers
2615d8cf-43bc-40ab-b770-4c3bde8d8735,Food SKU-13368,Food,2106.6,False,True,True,False,484.44,Eastern Suppliers
aa75c502-9f40-4e16-9ba5-f9c364d969b6,Pharma SKU-13369,Pharma,3004.16,False,True,True,False,330.32,Nova Suppliers
c4ad9054-51af-4f84-9fcc-153fa5f41ae7,Electronics SKU-13370,Electronics,8517.99,False,False,False,True,132.03,Eastern Suppliers
5efc0860-dabd-4b61-9a1e-e9bf04af345d,Electronics SKU-13371,Electronics,8517.95,False,False,False,False,398.85,Unity Suppliers
3bcb91f0-ed6d-4a71-aeb7-fe3ce2c94caf,Food SKU-13372,Food,2106.18,False,False,True,False,128.27,Pacific Suppliers
0c3ca1f3-a028-4211-9118-1a82a8ff6589,Consumer Goods SKU-13373,Consumer Goods,3926.6,False,False,False,False,491.18,Metro Suppliers
972c3b4c-cd50-4941-81d2-677004f33e6f,Food SKU-13374,Food,2106.9,False,False,True,False,726.91,Nova Suppliers
2242b53f-28bb-46be-be52-8491e4b5948b,Chemicals SKU-13375,Chemicals,3824.13,True,False,False,False,426.5,Pacific Suppliers
9b21bf9c-acd4-4d1c-9ada-4743037407c0,Textiles SKU-13376,Textiles,6204.76,False,False,False,False,600.8,Pacific Suppliers
f608359b-514b-4ad9-b528-5d7901046352,Furniture SKU-13377,Furniture,9403.98,False,False,False,True,413.26,Metro Suppliers
e1d6523b-420a-4509-9a27-fa38006e180d,Medical Devices SKU-13378,Medical Devices,9018.37,False,False,True,True,742.23,Eastern Suppliers
eca0c749-19da-48cb-adf4-de8b6d904fb3,Food SKU-13379,Food,2106.2,False,False,True,False,816.61,Summit Suppliers
f9f2aeb2-2319-468f-a61a-a8cd6fa905c0,Furniture SKU-13380,Furniture,9403.71,False,False,False,True,392.3,Nova Suppliers
4b386b47-c2cf-4c4d-b868-7d0bfb6e06d8,Furniture SKU-13381,Furniture,9403.98,False,False,False,False,137.27,Eastern Suppliers
d5ca995e-2f86-4559-a5b2-6466411e17df,Automotive Parts SKU-13382,Automotive Parts,8708.79,False,False,False,False,462.44,Nova Suppliers
cb3c46bc-e539-4464-a78e-61962827a68f,Medical Devices SKU-13383,Medical Devices,9018.52,False,False,True,False,330.18,Summit Suppliers
d2404d90-633e-409d-82f7-815b809d0ecc,Machinery SKU-13384,Machinery,8479.17,False,False,False,False,681.77,Eastern Suppliers
6f4132ba-d661-4096-845d-33ba57643a40,Chemicals SKU-13385,Chemicals,3824.81,True,False,False,False,849.79,Unity Suppliers
3ce2aa21-901a-4811-a0f0-4e718cd2ffdc,Chemicals SKU-13386,Chemicals,3824.85,True,False,False,False,397.31,Pacific Suppliers
d1958873-f83e-439f-900a-3dab301dd10a,Food SKU-13387,Food,2106.62,False,True,True,False,77.26,Nova Suppliers
9e3baf01-366d-4eb9-94de-d96ff0e0cdd5,Food SKU-13388,Food,2106.22,False,True,True,False,124.12,Summit Suppliers
44993578-e31e-4d7e-b410-e00e8acc80a4,Textiles SKU-13389,Textiles,6204.51,False,False,False,False,196.49,Nova Suppliers
fef4a737-6b03-4a36-9dfb-19cd4d6a301b,Pharma SKU-13390,Pharma,3004.51,False,False,True,False,392.58,Unity Suppliers
5d34c523-5f9b-459c-a9a3-2d338f2b1ad4,Automotive Parts SKU-13391,Automotive Parts,8708.59,False,False,False,False,792.1,Pacific Suppliers
a1eb0203-135c-4ae5-afcd-55cd449d2333,Food SKU-13392,Food,2106.22,False,False,True,False,755.76,Pacific Suppliers
8407824f-f27a-4573-9887-1c85fcf0e748,Electronics SKU-13393,Electronics,8517.75,False,False,False,False,136.15,Metro Suppliers
cc6a00d6-5768-41ea-b994-8fd3ab862c06,Electronics SKU-13394,Electronics,8517.17,False,False,False,True,764.63,Metro Suppliers
4adf785b-2278-467c-a32a-a04daacad306,Pharma SKU-13395,Pharma,3004.1,False,False,False,False,91.63,Metro Suppliers
ba45438b-97d5-48f3-b2b2-b9692fb6f9ed,Pharma SKU-13396,Pharma,3004.91,False,False,True,False,349.76,Metro Suppliers
0c5412e8-8911-474a-8b2c-a69d2ac1a8ae,Pharma SKU-13397,Pharma,3004.85,False,False,True,False,263.94,Pacific Suppliers
f86adf1c-9818-40a0-a6ae-1270bed66e75,Chemicals SKU-13398,Chemicals,3824.76,True,False,False,False,141.87,Unity Suppliers
e2a0a452-b806-4dbb-bcc2-213f123749ca,Medical Devices SKU-13399,Medical Devices,9018.17,False,False,True,True,56.41,Nova Suppliers
79cc8bd3-be37-4048-81d8-d3ac517ad6ac,Chemicals SKU-13400,Chemicals,3824.76,False,False,False,False,725.68,Eastern Suppliers
c90d421a-3c04-472d-9d52-7f17caf1a2b6,Chemicals SKU-13401,Chemicals,3824.71,True,False,False,False,289.69,Eastern Suppliers
00a471f3-2ab8-4e22-ba15-8e6ceaf4c92c,Textiles SKU-13402,Textiles,6204.66,False,False,False,False,322.89,Metro Suppliers
73187cfb-458d-4055-91fe-686a9c0bdabb,Automotive Parts SKU-13403,Automotive Parts,8708.75,False,False,False,False,674.2,Pacific Suppliers
6f1a320d-d01a-42a8-936e-8481ecd1b4f8,Electronics SKU-13404,Electronics,8517.15,False,False,False,True,681.12,Nova Suppliers
3a2a5a91-b45b-44ba-962b-26ef2a29e1b5,Furniture SKU-13405,Furniture,9403.42,False,False,False,True,160.34,Pacific Suppliers
bf831906-56ca-4407-a0de-7cf8f3cb6b17,Medical Devices SKU-13406,Medical Devices,9018.24,False,False,False,True,274.34,Metro Suppliers
f76adf5b-520c-450c-8d28-cc596ce83773,Machinery SKU-13407,Machinery,8479.45,False,False,False,False,446.51,Pacific Suppliers
57ea1e45-0064-48cf-8022-53bdf6f06812,Chemicals SKU-13408,Chemicals,3824.44,True,False,False,False,574.68,Pacific Suppliers
cdcf781c-69e8-4638-aa6e-c2ed7f179f8e,Electronics SKU-13409,Electronics,8517.4,False,False,False,True,5.55,Nova Suppliers
7ddacb3c-4e87-4e57-84cb-b7ccb8d5816a,Automotive Parts SKU-13410,Automotive Parts,8708.43,False,False,False,False,576.07,Summit Suppliers
db2eac52-f243-4ced-b8fa-f62812fe28cf,Textiles SKU-13411,Textiles,6204.19,False,False,False,False,617.34,Pacific Suppliers
0e155a48-f7f7-4a23-b829-66250a543ff6,Food SKU-13412,Food,2106.11,False,False,False,False,485.24,Summit Suppliers
b033f415-5b77-4da8-9711-5503819e9862,Pharma SKU-13413,Pharma,3004.66,False,False,False,False,130.59,Summit Suppliers
056b1dd6-2f01-4c8c-a9bc-9feb0e14596e,Consumer Goods SKU-13414,Consumer Goods,3926.14,False,False,False,False,757.12,Metro Suppliers
f337b1a3-b79d-40ce-8e5d-4295e7bc974e,Automotive Parts SKU-13415,Automotive Parts,8708.66,False,False,False,False,123.19,Pacific Suppliers
02eeafa5-2c3d-4147-ab2a-451fb66c0669,Furniture SKU-13416,Furniture,9403.12,False,False,False,True,90.39,Eastern Suppliers
108890b9-92a4-41d0-83bc-43d97ad02093,Chemicals SKU-13417,Chemicals,3824.2,False,False,False,False,401.95,Metro Suppliers
8af0c4bc-60b8-4736-9356-26b5855dd6d3,Pharma SKU-13418,Pharma,3004.75,False,True,False,False,345.01,Nova Suppliers
60988cac-4091-407f-91cb-50abe0481452,Chemicals SKU-13419,Chemicals,3824.84,True,False,False,False,675.1,Unity Suppliers
c8e6c916-e060-46a8-87aa-0636517616fe,Food SKU-13420,Food,2106.35,False,True,False,False,406.06,Metro Suppliers
1a43e6f3-972d-4c32-9e65-408fe6dd00a2,Electronics SKU-13421,Electronics,8517.73,False,False,False,False,454.37,Unity Suppliers
700eb654-da3f-43c2-b61c-912fddde0488,Chemicals SKU-13422,Chemicals,3824.2,True,False,False,False,363.94,Eastern Suppliers
33032477-4223-42d9-a4bb-76d3fc88cd47,Machinery SKU-13423,Machinery,8479.23,False,False,False,False,338.74,Eastern Suppliers
b446abcd-d41a-4a26-af0a-003070398431,Electronics SKU-13424,Electronics,8517.55,False,False,False,False,252.52,Unity Suppliers
b436f611-649d-4d6f-9741-79741d31bdab,Pharma SKU-13425,Pharma,3004.96,False,True,False,False,111.94,Unity Suppliers
e9e7fdbf-5e46-4e7f-a9d0-4414c6c3889d,Textiles SKU-13426,Textiles,6204.13,False,False,False,False,91.75,Nova Suppliers
b8d07d06-d49e-4ded-884b-37012612443f,Furniture SKU-13427,Furniture,9403.85,False,False,False,True,248.64,Pacific Suppliers
0b3ce13a-5309-4878-8051-aea3262b5ba8,Textiles SKU-13428,Textiles,6204.86,False,False,False,False,661.51,Summit Suppliers
39ac756d-4ea8-4ae6-a74f-11792b5a81f5,Textiles SKU-13429,Textiles,6204.42,False,False,False,False,26.86,Summit Suppliers
401c5bf1-9c16-44d2-92b4-194edd67e561,Pharma SKU-13430,Pharma,3004.55,False,False,False,False,825.08,Pacific Suppliers
f0cbf20f-dd0d-40e6-995e-2280c5cf7a1c,Medical Devices SKU-13431,Medical Devices,9018.84,False,False,True,False,40.51,Pacific Suppliers
214664ba-43f4-4a17-884d-22733c3c86c0,Consumer Goods SKU-13432,Consumer Goods,3926.85,False,False,False,False,2.56,Metro Suppliers
9e29dae8-ad0c-40d9-b908-af1cb54758f3,Chemicals SKU-13433,Chemicals,3824.91,True,False,False,False,752.53,Pacific Suppliers
7d2b1c68-8e83-407c-8b0f-7c62c691c224,Consumer Goods SKU-13434,Consumer Goods,3926.42,False,False,False,False,192.79,Pacific Suppliers
bf6ccfca-49da-488d-b33b-250d5f8eb799,Chemicals SKU-13435,Chemicals,3824.67,True,False,False,False,285.61,Pacific Suppliers
ebdab554-f8a5-4396-b119-664bb6f8f17c,Machinery SKU-13436,Machinery,8479.91,False,False,False,False,613.29,Pacific Suppliers
222f2c66-2a6d-4a3c-bc18-d75223182dec,Textiles SKU-13437,Textiles,6204.41,False,False,False,False,715.85,Eastern Suppliers
464b0d14-cc0e-4859-a5a2-010d0f3af925,Textiles SKU-13438,Textiles,6204.86,False,False,False,False,696.31,Eastern Suppliers
7e4896d5-d2eb-4dfb-b6e2-a2c2b0840849,Consumer Goods SKU-13439,Consumer Goods,3926.41,False,False,False,False,814.13,Summit Suppliers
331d143c-e30e-40a7-b791-f680a8f7a5cc,Chemicals SKU-13440,Chemicals,3824.86,True,False,False,False,693.37,Metro Suppliers
848f8d43-15fa-459f-ae93-50fb09bab51a,Chemicals SKU-13441,Chemicals,3824.97,True,False,False,False,671.57,Unity Suppliers
7c6ff8b3-d12c-4f45-9bf9-0bec44fb01a9,Medical Devices SKU-13442,Medical Devices,9018.5,False,False,True,False,696.74,Eastern Suppliers
d562db19-97bc-4ca3-a7c3-2d9a95143825,Furniture SKU-13443,Furniture,9403.22,False,False,False,True,160.02,Pacific Suppliers
5af13800-2b11-4d31-a38c-3d1f54837155,Medical Devices SKU-13444,Medical Devices,9018.78,False,False,False,True,762.32,Pacific Suppliers
fab54966-ab10-44f3-8119-06c0d009bfe5,Consumer Goods SKU-13445,Consumer Goods,3926.28,False,False,False,False,174.59,Summit Suppliers
7ed39389-1f3c-47e0-9980-caad37b60a11,Textiles SKU-13446,Textiles,6204.7,False,False,False,False,128.59,Nova Suppliers
66c0ebf9-0228-4cac-bf05-9dc289f72347,Food SKU-13447,Food,2106.18,False,True,False,False,763.37,Pacific Suppliers
55aebecc-83e5-46fc-8c43-3014ac98abe5,Furniture SKU-13448,Furniture,9403.82,False,False,False,False,315.92,Summit Suppliers
ed555117-2f11-4965-b7d0-b3e18ec64f97,Electronics SKU-13449,Electronics,8517.32,False,False,False,True,325.69,Unity Suppliers
1267885e-035f-4a2e-88c6-49d17bbb6b69,Food SKU-13450,Food,2106.5,False,False,True,False,730.52,Pacific Suppliers
f658305a-601b-4cbf-90e5-86385330b732,Chemicals SKU-13451,Chemicals,3824.56,True,False,False,False,825.42,Summit Suppliers
091e93e6-330d-4382-b1aa-2f3534fa7e72,Electronics SKU-13452,Electronics,8517.4,False,False,False,True,309.69,Pacific Suppliers
9cd212e5-c3b4-49c0-af84-95554ca345f4,Food SKU-13453,Food,2106.28,False,False,False,False,444.02,Unity Suppliers
720b90d4-79d5-421c-861d-39bfc0398cb2,Textiles SKU-13454,Textiles,6204.2,False,False,False,False,17.82,Summit Suppliers
4a5aeaeb-ea10-43d1-aadf-7a5d8011a828,Machinery SKU-13455,Machinery,8479.84,False,False,False,False,432.52,Unity Suppliers
5c8d9362-e4e8-4424-b201-37e13103dd13,Automotive Parts SKU-13456,Automotive Parts,8708.2,False,False,False,False,16.59,Eastern Suppliers
327e56d7-a800-4a68-ba4b-329c307d597e,Food SKU-13457,Food,2106.22,False,True,True,False,176.08,Metro Suppliers
9da185dd-52ef-4df7-8375-bf89547a0312,Electronics SKU-13458,Electronics,8517.36,False,False,False,True,305.37,Nova Suppliers
53d46437-a265-4a20-a6f3-eddedcb87268,Consumer Goods SKU-13459,Consumer Goods,3926.42,False,False,False,False,344.4,Pacific Suppliers
6056a7b5-6527-475f-9e0c-1532a329f2a2,Machinery SKU-13460,Machinery,8479.73,False,False,False,False,624.14,Summit Suppliers
e40b14a6-9d69-4eac-aa81-ef523262354f,Food SKU-13461,Food,2106.25,False,False,False,False,713.88,Unity Suppliers
78f394cc-64db-4764-b1c2-c51ca5374f8b,Automotive Parts SKU-13462,Automotive Parts,8708.48,False,False,False,False,257.32,Pacific Suppliers
0887d2a4-8744-48b9-9e1c-6a2193493d44,Pharma SKU-13463,Pharma,3004.38,False,False,True,False,655.39,Metro Suppliers
6a0774b0-4e39-4252-968e-d46dfbf987c7,Chemicals SKU-13464,Chemicals,3824.39,False,False,False,False,665.85,Nova Suppliers
382ff7dd-864d-4ef2-bb91-214f53bda81f,Electronics SKU-13465,Electronics,8517.42,False,False,False,True,428.01,Metro Suppliers
898124f7-85a5-4829-b819-d6012025e52d,Machinery SKU-13466,Machinery,8479.38,False,False,False,False,75.56,Pacific Suppliers
91a14c0a-102f-4f5c-a780-7b58f1ee6290,Chemicals SKU-13467,Chemicals,3824.49,False,False,False,False,376.41,Unity Suppliers
8221c550-6eea-4d18-bc9e-17e2733c462b,Automotive Parts SKU-13468,Automotive Parts,8708.44,False,False,False,False,550.26,Metro Suppliers
ae58967d-f5fc-436c-84b3-7f102ee95f80,Pharma SKU-13469,Pharma,3004.36,False,False,True,False,641.16,Summit Suppliers
ec11aef1-93a7-4c73-b986-0200ec1b0bec,Electronics SKU-13470,Electronics,8517.52,False,False,False,True,389.18,Metro Suppliers
a61bb3bc-c730-414c-ab6b-6f43d62c8711,Machinery SKU-13471,Machinery,8479.76,False,False,False,False,318.71,Pacific Suppliers
eaaf632a-49b3-4e78-bf7b-36ce93e6e884,Medical Devices SKU-13472,Medical Devices,9018.75,False,False,False,False,69.6,Unity Suppliers
ad8673c2-2ac6-4583-92a1-cb939b5bbdff,Machinery SKU-13473,Machinery,8479.34,False,False,False,False,546.2,Eastern Suppliers
b5e7950a-7f34-42ae-9bc6-49441c1537c3,Textiles SKU-13474,Textiles,6204.31,False,False,False,False,636.33,Unity Suppliers
523d1517-25b7-4fac-8f4b-3db90ebc9e9f,Automotive Parts SKU-13475,Automotive Parts,8708.16,False,False,False,False,547.39,Eastern Suppliers
5d0ae152-ff60-4ddc-a53d-3e17dbeecaf0,Electronics SKU-13476,Electronics,8517.8,False,False,False,True,413.9,Pacific Suppliers
acca2385-48d7-4b58-835d-a77b9776c691,Textiles SKU-13477,Textiles,6204.37,False,False,False,False,236.94,Nova Suppliers
011b62fd-1831-4e17-8a37-db02bba73066,Automotive Parts SKU-13478,Automotive Parts,8708.87,False,False,False,False,247.39,Nova Suppliers
f2cc6a9f-0d5f-4249-b074-093059ac79ed,Medical Devices SKU-13479,Medical Devices,9018.67,False,False,True,False,770.09,Summit Suppliers
9d9e0b3c-a246-43f1-ae6b-a12fecbb423b,Consumer Goods SKU-13480,Consumer Goods,3926.88,False,False,False,False,725.73,Metro Suppliers
d6d41184-298c-4cce-ae88-57e6abc1c3d5,Furniture SKU-13481,Furniture,9403.46,False,False,False,True,385.52,Pacific Suppliers
d218699a-f960-4a3e-960f-3a946e818194,Furniture SKU-13482,Furniture,9403.5,False,False,False,False,579.97,Unity Suppliers
b9a39bcf-2951-4b2a-862f-fb7652296f20,Automotive Parts SKU-13483,Automotive Parts,8708.31,False,False,False,False,541.83,Metro Suppliers
710b8209-1742-4ef9-9c1b-2e4ea24b5502,Pharma SKU-13484,Pharma,3004.51,False,False,False,False,348.94,Metro Suppliers
18756803-0d18-4258-b87e-4a79d2e35eba,Pharma SKU-13485,Pharma,3004.91,False,True,True,False,53.27,Metro Suppliers
f5e6a8d2-ad36-4d12-bd8e-8b500c9f8e03,Electronics SKU-13486,Electronics,8517.42,False,False,False,True,747.03,Eastern Suppliers
28961a7e-67a7-4a09-b693-deec354a18ca,Machinery SKU-13487,Machinery,8479.33,False,False,False,False,761.32,Unity Suppliers
93a88983-610d-4af6-a184-0732761311ce,Consumer Goods SKU-13488,Consumer Goods,3926.22,False,False,False,False,535.19,Summit Suppliers
597224ce-1a82-44fa-b228-72eb04fb4dbe,Consumer Goods SKU-13489,Consumer Goods,3926.68,False,False,False,False,721.33,Unity Suppliers
a2f33398-61a3-4b18-95c5-b307bd03f720,Chemicals SKU-13490,Chemicals,3824.72,False,False,False,False,820.46,Metro Suppliers
93b3b32e-810d-4d4b-9b37-56b10a6a464a,Food SKU-13491,Food,2106.44,False,False,False,False,247.71,Nova Suppliers
616f8e2e-5740-481d-a95c-3970f0a881d5,Furniture SKU-13492,Furniture,9403.19,False,False,False,False,808.88,Summit Suppliers
f7d4d772-50c0-4244-8348-6c9fee01819d,Chemicals SKU-13493,Chemicals,3824.86,True,False,False,False,55.03,Summit Suppliers
765e105b-e6af-4ae2-8993-3bf83cdd228b,Machinery SKU-13494,Machinery,8479.63,False,False,False,False,310.64,Eastern Suppliers
ea075b7d-18eb-4c1d-a206-3c710fa36698,Medical Devices SKU-13495,Medical Devices,9018.3,False,False,False,False,281.96,Unity Suppliers
c867f9d8-948c-4361-bca2-fb5a52c40fc2,Electronics SKU-13496,Electronics,8517.56,False,False,False,False,396.25,Unity Suppliers
14db205f-1040-43d1-94ec-7398fd1ef8c5,Consumer Goods SKU-13497,Consumer Goods,3926.76,False,False,False,False,274.39,Nova Suppliers
db3bc6b3-70cf-4a7e-8730-fc699c92b1be,Pharma SKU-13498,Pharma,3004.43,False,True,True,False,361.26,Nova Suppliers
df700dcc-d132-4967-9d0f-41c2b6bc179c,Textiles SKU-13499,Textiles,6204.95,False,False,False,False,725.3,Nova Suppliers
3f1d2f09-8750-48c8-9fc4-1fba00694cd1,Electronics SKU-13500,Electronics,8517.51,False,False,False,False,128.57,Unity Suppliers
72ba8c1c-8fdc-4e53-98cc-8916a073229a,Automotive Parts SKU-13501,Automotive Parts,8708.77,False,False,False,False,356.62,Nova Suppliers
249e3966-ca97-4bb2-b917-3ac23f3d51ee,Textiles SKU-13502,Textiles,6204.34,False,False,False,False,671.66,Nova Suppliers
e29ad0f8-d6ab-451b-bc24-be5d15bfc45f,Furniture SKU-13503,Furniture,9403.9,False,False,False,True,152.26,Summit Suppliers
694e803e-7a69-48af-91a5-544cb8399d51,Machinery SKU-13504,Machinery,8479.47,False,False,False,False,63.98,Eastern Suppliers
bcb01154-2cbb-4acd-b3c7-b1b8eb5642be,Furniture SKU-13505,Furniture,9403.83,False,False,False,False,489.94,Eastern Suppliers
946145d7-0c3b-4cb6-a1cb-f12b83ad82aa,Furniture SKU-13506,Furniture,9403.5,False,False,False,True,713.31,Eastern Suppliers
e10566eb-1f63-4e3c-ae57-5c18634a7874,Medical Devices SKU-13507,Medical Devices,9018.54,False,False,True,True,197.24,Nova Suppliers
878b95db-b49b-466a-a7ca-18d2c25cd39f,Food SKU-13508,Food,2106.24,False,True,False,False,810.74,Metro Suppliers
5ab06bcf-5819-42e6-be38-05278db79908,Medical Devices SKU-13509,Medical Devices,9018.7,False,False,False,True,639.73,Eastern Suppliers
b77e0c2b-528f-4924-995d-fc603f9631d7,Medical Devices SKU-13510,Medical Devices,9018.94,False,False,True,True,248.33,Nova Suppliers
be94406e-d4d6-4d02-9077-a200724668c1,Food SKU-13511,Food,2106.95,False,True,True,False,695.9,Unity Suppliers
c16c5247-e772-45dd-9a71-725333af1692,Furniture SKU-13512,Furniture,9403.21,False,False,False,True,502.07,Metro Suppliers
db20652b-46c0-4c63-a62f-05c6fd89693f,Medical Devices SKU-13513,Medical Devices,9018.38,False,False,True,True,425.67,Unity Suppliers
bd05d51f-a072-4d64-b221-dfca826fb2c1,Automotive Parts SKU-13514,Automotive Parts,8708.44,False,False,False,False,235.2,Nova Suppliers
eacf6c7e-69ee-4df5-a3f7-7dad27eeeef7,Pharma SKU-13515,Pharma,3004.21,False,False,True,False,112.2,Pacific Suppliers
b84df815-3369-4c71-babe-4334b454afff,Machinery SKU-13516,Machinery,8479.36,False,False,False,False,779.66,Pacific Suppliers
04ee7009-3e9d-4b48-b38e-8333f8cf152c,Textiles SKU-13517,Textiles,6204.45,False,False,False,False,121.44,Nova Suppliers
c6678edb-0143-4efc-82c6-b1bdd7a7e82a,Consumer Goods SKU-13518,Consumer Goods,3926.62,False,False,False,False,39.21,Eastern Suppliers
1aade83f-6620-4a71-af69-9f821563c807,Automotive Parts SKU-13519,Automotive Parts,8708.39,False,False,False,False,756.15,Summit Suppliers
75a6bffe-6790-4cd2-a195-f2a4c735274f,Electronics SKU-13520,Electronics,8517.38,False,False,False,True,166.49,Eastern Suppliers
195e759a-b3c4-4289-b072-d086424d3faf,Textiles SKU-13521,Textiles,6204.9,False,False,False,False,64.95,Metro Suppliers
2e730245-2110-40a6-b26c-48e0e7ae47c2,Furniture SKU-13522,Furniture,9403.3,False,False,False,False,690.72,Unity Suppliers
46368710-646c-43c1-a6cc-be3c3a6b7595,Consumer Goods SKU-13523,Consumer Goods,3926.64,False,False,False,False,693.08,Nova Suppliers
67fd1304-8a35-49a7-a109-052c07025932,Medical Devices SKU-13524,Medical Devices,9018.23,False,False,False,False,374.31,Pacific Suppliers
fa3d77f9-673f-4ae9-bafd-9711b373d82a,Electronics SKU-13525,Electronics,8517.76,False,False,False,False,334.06,Nova Suppliers
04349797-4712-457a-a6da-0e9ea6a386de,Food SKU-13526,Food,2106.95,False,True,False,False,765.85,Metro Suppliers
198fb08a-21e3-44b6-916b-70500db3ee23,Consumer Goods SKU-13527,Consumer Goods,3926.96,False,False,False,False,385.82,Nova Suppliers
84f9d630-27fd-4f9a-ab59-05369ae2bf23,Textiles SKU-13528,Textiles,6204.35,False,False,False,False,61.79,Unity Suppliers
eaba741a-a5b9-4b72-8cac-885f60546534,Machinery SKU-13529,Machinery,8479.57,False,False,False,False,205.06,Nova Suppliers
e9dba707-d002-4556-a046-5fc72b580d60,Automotive Parts SKU-13530,Automotive Parts,8708.26,False,False,False,False,724.93,Nova Suppliers
76d68758-f03f-4fe3-bc18-f72d03a7ac9d,Pharma SKU-13531,Pharma,3004.75,False,False,False,False,324.83,Nova Suppliers
5ee5a785-8508-47de-93e4-13404058401a,Medical Devices SKU-13532,Medical Devices,9018.92,False,False,True,False,258.66,Metro Suppliers
82186ea1-ae10-4f65-8eec-93e700683dfe,Electronics SKU-13533,Electronics,8517.25,False,False,False,False,554.7,Pacific Suppliers
e386bd22-ea53-4efe-ac9b-87d262bb05bb,Food SKU-13534,Food,2106.65,False,True,False,False,723.32,Metro Suppliers
c5a3fde4-45dd-4ea0-a3cc-8a238b240af0,Consumer Goods SKU-13535,Consumer Goods,3926.89,False,False,False,False,377.9,Metro Suppliers
1d5c870f-4c12-4e80-b70c-9d25a9807cd0,Pharma SKU-13536,Pharma,3004.17,False,False,False,False,703.65,Metro Suppliers
ea0fa164-6320-40eb-8606-79b76c1d3def,Food SKU-13537,Food,2106.3,False,True,True,False,444.51,Eastern Suppliers
d4eff0ca-5940-452b-bd1c-5d2ea80cd2be,Consumer Goods SKU-13538,Consumer Goods,3926.66,False,False,False,False,428.19,Unity Suppliers
c00d6b72-f683-430d-b7a8-1f52e7a37415,Food SKU-13539,Food,2106.44,False,False,True,False,419.47,Eastern Suppliers
186889df-aaf8-404b-b156-e7168f3e79d6,Chemicals SKU-13540,Chemicals,3824.79,True,False,False,False,458.98,Summit Suppliers
ed1cca47-7e2b-47d4-9869-51aa2290ff4b,Machinery SKU-13541,Machinery,8479.32,False,False,False,False,464.56,Eastern Suppliers
04774d21-8c75-4c3a-b6fb-db5022b7efe3,Automotive Parts SKU-13542,Automotive Parts,8708.42,False,False,False,False,728.78,Summit Suppliers
a17a5312-b4da-4f27-94a8-f92e88024231,Textiles SKU-13543,Textiles,6204.52,False,False,False,False,149.67,Metro Suppliers
bfe527a8-27dc-45ca-bcdc-94a5ee9496ba,Chemicals SKU-13544,Chemicals,3824.21,False,False,False,False,264.68,Metro Suppliers
b4ba459c-d3ae-4aef-9d8c-18bd6eca47cf,Textiles SKU-13545,Textiles,6204.78,False,False,False,False,731.81,Summit Suppliers
e09e1bbe-1322-48a4-a2a6-e4a623385a01,Furniture SKU-13546,Furniture,9403.66,False,False,False,False,102.45,Unity Suppliers
1d694e65-ce44-461d-ad60-36abe11314c1,Consumer Goods SKU-13547,Consumer Goods,3926.51,False,False,False,False,679.72,Nova Suppliers
f456b8b2-df92-4b12-bfd6-795a2c07b9a9,Automotive Parts SKU-13548,Automotive Parts,8708.5,False,False,False,False,397.22,Unity Suppliers
bd380cb7-afe7-4f9a-a8cc-7c34eb3169f8,Medical Devices SKU-13549,Medical Devices,9018.74,False,False,False,True,711.39,Nova Suppliers
99b5b602-174a-4af8-a55a-1cf70d87cd38,Pharma SKU-13550,Pharma,3004.52,False,True,True,False,467.35,Nova Suppliers
c7d6ad55-e1da-4475-9ae4-f44b6e5cbdd2,Furniture SKU-13551,Furniture,9403.7,False,False,False,True,617.62,Metro Suppliers
a48f8249-55b5-4fb3-b1ce-0d4c6dd24774,Chemicals SKU-13552,Chemicals,3824.41,False,False,False,False,228.41,Eastern Suppliers
795f9ce5-67ca-44d7-a0bd-3579566ac319,Medical Devices SKU-13553,Medical Devices,9018.45,False,False,False,False,382.6,Pacific Suppliers
89464723-f9e0-40ae-8c8f-c341ed69c226,Food SKU-13554,Food,2106.86,False,True,True,False,132.1,Nova Suppliers
1578eb8e-43e3-433b-8d50-61b7ac1618b2,Medical Devices SKU-13555,Medical Devices,9018.48,False,False,True,False,209.73,Eastern Suppliers
9549b878-d0a0-4d34-b1ab-4423a756c094,Machinery SKU-13556,Machinery,8479.46,False,False,False,False,764.13,Summit Suppliers
98c1874d-119a-47ac-882a-44d241e0d704,Consumer Goods SKU-13557,Consumer Goods,3926.29,False,False,False,False,355.25,Eastern Suppliers
82484c9d-8f28-4f9b-b50e-c9cdddd83d21,Consumer Goods SKU-13558,Consumer Goods,3926.48,False,False,False,False,554.86,Metro Suppliers
6b883437-3d29-47b1-b35e-f22f5a6953d1,Automotive Parts SKU-13559,Automotive Parts,8708.25,False,False,False,False,409.69,Nova Suppliers
7b5569a7-73a4-4625-b6e4-8cc8e4dd53ff,Machinery SKU-13560,Machinery,8479.2,False,False,False,False,568.25,Metro Suppliers
c8bfdfb9-ee92-4568-bb81-1ad80790779f,Furniture SKU-13561,Furniture,9403.31,False,False,False,False,168.09,Eastern Suppliers
1f55e00f-00a1-4df0-bb51-ca4e34a86257,Consumer Goods SKU-13562,Consumer Goods,3926.7,False,False,False,False,584.86,Unity Suppliers
fdab95d1-312d-4bea-9eaa-cb2dd6621751,Pharma SKU-13563,Pharma,3004.99,False,True,False,False,457.74,Pacific Suppliers
2b6727b3-4160-4d15-941b-3037aad6547f,Consumer Goods SKU-13564,Consumer Goods,3926.3,False,False,False,False,232.12,Eastern Suppliers
5783e575-7ae6-46d1-8121-40d0f3e03edc,Furniture SKU-13565,Furniture,9403.54,False,False,False,True,828.84,Metro Suppliers
bbd81594-05ed-45c5-8537-581a1219f58e,Chemicals SKU-13566,Chemicals,3824.63,True,False,False,False,697.96,Eastern Suppliers
06ffaaf2-6a86-4b6e-81bc-0f0302f72091,Medical Devices SKU-13567,Medical Devices,9018.12,False,False,True,False,800.23,Eastern Suppliers
10c5a254-6e98-4560-bfb0-a439844baff0,Textiles SKU-13568,Textiles,6204.66,False,False,False,False,414.08,Summit Suppliers
32d5b776-6df0-4f42-82a4-fc4c76fa3039,Pharma SKU-13569,Pharma,3004.35,False,True,False,False,392.06,Metro Suppliers
30ab4d4e-bd44-4377-95a9-3820cec74e7c,Medical Devices SKU-13570,Medical Devices,9018.52,False,False,False,False,181.42,Eastern Suppliers
8918df29-55c4-4fbe-87cb-9897db0156ae,Pharma SKU-13571,Pharma,3004.32,False,False,True,False,402.0,Eastern Suppliers
52c88ebe-dd8f-41d3-a2ab-9e96e9987fef,Furniture SKU-13572,Furniture,9403.18,False,False,False,True,335.24,Metro Suppliers
2e744294-105b-4950-b52f-e8148428a98f,Food SKU-13573,Food,2106.29,False,False,False,False,722.62,Metro Suppliers
808a9575-1491-4648-bd06-67362f6b68dd,Chemicals SKU-13574,Chemicals,3824.72,False,False,False,False,256.0,Summit Suppliers
d9789f73-04cd-4268-b0cb-a2e18cb11ff6,Chemicals SKU-13575,Chemicals,3824.71,True,False,False,False,180.3,Unity Suppliers
b01dfd05-c38d-46f7-a1b1-79f778e9d02e,Medical Devices SKU-13576,Medical Devices,9018.21,False,False,True,False,579.92,Eastern Suppliers
34ed6a58-f059-48ab-9c7c-456062ed6f34,Medical Devices SKU-13577,Medical Devices,9018.52,False,False,True,False,54.53,Unity Suppliers
e708aea6-6c88-426a-821e-865fb641681d,Food SKU-13578,Food,2106.93,False,True,False,False,459.97,Pacific Suppliers
c3c6e22e-2c25-41aa-b015-793ca0585aeb,Pharma SKU-13579,Pharma,3004.88,False,False,True,False,244.62,Eastern Suppliers
428cd4a7-557b-4060-abc6-982b71d9508d,Textiles SKU-13580,Textiles,6204.94,False,False,False,False,299.17,Eastern Suppliers
c6fdf28d-5daa-4c1d-80fc-77f5927414ae,Consumer Goods SKU-13581,Consumer Goods,3926.41,False,False,False,False,436.23,Pacific Suppliers
820932c3-f1ff-4a79-be67-8329e2fc7027,Food SKU-13582,Food,2106.81,False,False,True,False,491.34,Metro Suppliers
93a041e3-b868-4b19-9797-8ab816ad0721,Textiles SKU-13583,Textiles,6204.8,False,False,False,False,424.8,Eastern Suppliers
2fb00bd2-2847-466e-ad8a-97c6bd7cd784,Consumer Goods SKU-13584,Consumer Goods,3926.35,False,False,False,False,5.78,Pacific Suppliers
e090270a-5e73-4070-8611-ae0a3e10f791,Automotive Parts SKU-13585,Automotive Parts,8708.67,False,False,False,False,118.63,Unity Suppliers
a9bf5f6d-0e77-4b69-9654-958818d701ee,Chemicals SKU-13586,Chemicals,3824.82,True,False,False,False,250.42,Pacific Suppliers
fb316d72-219c-4349-aea8-3bd2351cc004,Electronics SKU-13587,Electronics,8517.29,False,False,False,True,837.22,Metro Suppliers
fd314099-fdef-4964-a951-695716ff8dfc,Chemicals SKU-13588,Chemicals,3824.59,True,False,False,False,34.57,Metro Suppliers
fffcb134-944f-49af-91a4-9019acfbaaab,Electronics SKU-13589,Electronics,8517.55,False,False,False,True,812.47,Unity Suppliers
f1433afc-04ab-450f-a904-2115475ab611,Chemicals SKU-13590,Chemicals,3824.14,False,False,False,False,524.97,Pacific Suppliers
d898393b-f72f-4b71-bcdb-98d6bb197d7b,Chemicals SKU-13591,Chemicals,3824.98,False,False,False,False,83.27,Pacific Suppliers
0454ce01-58fd-4130-9b31-7cec7c47d0cc,Chemicals SKU-13592,Chemicals,3824.38,True,False,False,False,230.07,Pacific Suppliers
af53aeed-3615-460c-a170-d081dd16f6d1,Consumer Goods SKU-13593,Consumer Goods,3926.24,False,False,False,False,489.46,Eastern Suppliers
a0421e4f-c419-4692-918c-7bbeb1446f9a,Automotive Parts SKU-13594,Automotive Parts,8708.36,False,False,False,False,426.34,Unity Suppliers
6c9a2647-1a66-4660-9f70-e9e3b33b1d66,Pharma SKU-13595,Pharma,3004.23,False,True,True,False,106.83,Unity Suppliers
600f67b7-bd66-4dad-887b-709143719a24,Medical Devices SKU-13596,Medical Devices,9018.64,False,False,True,False,148.36,Eastern Suppliers
6e444b6d-3476-4f4d-946e-72c8edabfe36,Automotive Parts SKU-13597,Automotive Parts,8708.89,False,False,False,False,811.61,Pacific Suppliers
55ecb620-26a3-4492-aaae-a0929c441688,Pharma SKU-13598,Pharma,3004.46,False,False,True,False,357.07,Summit Suppliers
f0fc33e9-538b-460f-8467-2dd34cb5188c,Automotive Parts SKU-13599,Automotive Parts,8708.27,False,False,False,False,795.52,Pacific Suppliers
94910c08-fb5c-46a7-b36e-2a9cd93a93f9,Textiles SKU-13600,Textiles,6204.73,False,False,False,False,101.44,Metro Suppliers
e2b09652-af16-4dab-a277-400b018df3e9,Machinery SKU-13601,Machinery,8479.87,False,False,False,False,745.66,Summit Suppliers
634da2ed-b16d-4aaa-bb5d-e612df89d2a9,Textiles SKU-13602,Textiles,6204.87,False,False,False,False,681.08,Metro Suppliers
fd99cb21-bd77-44c8-bc39-67c6f8b71e9e,Electronics SKU-13603,Electronics,8517.75,False,False,False,True,609.36,Eastern Suppliers
120897c9-162f-4ce7-91c6-32fdb9985bac,Medical Devices SKU-13604,Medical Devices,9018.73,False,False,True,True,826.8,Summit Suppliers
08a1fa8d-d48e-4db5-b602-3f17b49ce829,Food SKU-13605,Food,2106.23,False,False,True,False,450.26,Pacific Suppliers
60bca98d-c492-44b6-b823-fcfbfc1d1e28,Food SKU-13606,Food,2106.52,False,False,True,False,530.83,Unity Suppliers
38d2bc8c-bc4a-4375-8658-dfe342ef0b26,Pharma SKU-13607,Pharma,3004.2,False,False,True,False,208.7,Unity Suppliers
26144965-8fa5-48cf-801e-e60065f55d32,Medical Devices SKU-13608,Medical Devices,9018.69,False,False,True,True,665.99,Summit Suppliers
ec5ec318-9729-46b7-b30b-c69ddc1d17a9,Consumer Goods SKU-13609,Consumer Goods,3926.54,False,False,False,False,293.56,Metro Suppliers
4e701f29-a7f8-43c2-ab3d-4260f1ea9881,Chemicals SKU-13610,Chemicals,3824.21,True,False,False,False,667.46,Pacific Suppliers
0bb3289a-eb03-47a8-a04f-40698c903cf8,Electronics SKU-13611,Electronics,8517.63,False,False,False,False,819.29,Nova Suppliers
6f17d6c3-369e-482e-b190-bbedee62ed2a,Automotive Parts SKU-13612,Automotive Parts,8708.55,False,False,False,False,408.72,Eastern Suppliers
406b920c-a1ab-4328-9619-4304a8bd7f56,Furniture SKU-13613,Furniture,9403.8,False,False,False,False,13.07,Metro Suppliers
8352d881-8716-4240-8d11-764d3164676d,Textiles SKU-13614,Textiles,6204.76,False,False,False,False,679.31,Eastern Suppliers
599ab7e7-1d1d-4743-b9c6-4152ff8d27d4,Food SKU-13615,Food,2106.55,False,False,False,False,8.03,Pacific Suppliers
348b7b9b-c2ea-4a40-931b-c51b9e712ab9,Medical Devices SKU-13616,Medical Devices,9018.27,False,False,False,False,117.87,Summit Suppliers
0aa57faa-8f12-4353-8895-dc374622842c,Medical Devices SKU-13617,Medical Devices,9018.76,False,False,False,True,589.29,Nova Suppliers
cfdd833d-2f94-463d-a477-f219fc626641,Chemicals SKU-13618,Chemicals,3824.8,True,False,False,False,299.47,Eastern Suppliers
bba2c91a-3bdc-4b61-99af-640b664df0f5,Electronics SKU-13619,Electronics,8517.27,False,False,False,False,541.26,Metro Suppliers
99445728-988f-4ded-bb35-519684f9c1ca,Chemicals SKU-13620,Chemicals,3824.1,True,False,False,False,771.59,Summit Suppliers
5487b6b6-105d-4a36-b894-c41e5d5b23a6,Textiles SKU-13621,Textiles,6204.92,False,False,False,False,51.92,Pacific Suppliers
25c6f122-3d8b-4535-9610-c423327c76b9,Electronics SKU-13622,Electronics,8517.53,False,False,False,False,691.42,Metro Suppliers
83cc3769-1677-4c48-871a-e0e921a52220,Food SKU-13623,Food,2106.25,False,False,True,False,724.15,Eastern Suppliers
a4859436-f788-4166-ba87-c23d342cbaf3,Machinery SKU-13624,Machinery,8479.69,False,False,False,False,105.13,Nova Suppliers
e235f53f-61c9-4709-b7a7-6d2bf581720c,Consumer Goods SKU-13625,Consumer Goods,3926.66,False,False,False,False,113.78,Unity Suppliers
1bfd7553-412d-4717-b389-d8a7a8359ec4,Machinery SKU-13626,Machinery,8479.64,False,False,False,False,334.79,Summit Suppliers
921ff93f-afb9-49e3-9d78-030bd91950b3,Chemicals SKU-13627,Chemicals,3824.81,True,False,False,False,832.42,Nova Suppliers
04ef1bca-4b49-4661-85f4-d08bca6f83ae,Medical Devices SKU-13628,Medical Devices,9018.59,False,False,False,True,460.35,Eastern Suppliers
f35daf21-5807-4102-9c44-96fb898ae24b,Medical Devices SKU-13629,Medical Devices,9018.29,False,False,False,True,425.83,Pacific Suppliers
3527d558-e21e-4a20-a11e-46422704bbb4,Textiles SKU-13630,Textiles,6204.23,False,False,False,False,602.17,Pacific Suppliers
be167dbe-e52c-407a-a02a-9feb50df3345,Consumer Goods SKU-13631,Consumer Goods,3926.33,False,False,False,False,229.83,Summit Suppliers
00a60d63-0715-45dd-88f9-039e646c1bcb,Food SKU-13632,Food,2106.38,False,True,False,False,708.12,Summit Suppliers
35984af8-4184-449c-99cc-22c9193d8ad0,Medical Devices SKU-13633,Medical Devices,9018.11,False,False,True,True,630.2,Eastern Suppliers
176853cb-6285-4433-938c-10cb1c0f5c64,Consumer Goods SKU-13634,Consumer Goods,3926.47,False,False,False,False,322.56,Metro Suppliers
5841ecae-bac9-4fa8-955a-f1006dac03f6,Pharma SKU-13635,Pharma,3004.94,False,False,True,False,602.78,Nova Suppliers
6c70da90-e8cc-496b-9eec-ed38f1ad82f9,Automotive Parts SKU-13636,Automotive Parts,8708.84,False,False,False,False,739.72,Pacific Suppliers
cfed738e-7ed5-42fe-b7cb-1c1eea8f034b,Medical Devices SKU-13637,Medical Devices,9018.38,False,False,True,True,350.87,Eastern Suppliers
71b58b4a-7e82-48c4-bfa2-8642b58ba46e,Consumer Goods SKU-13638,Consumer Goods,3926.91,False,False,False,False,377.73,Nova Suppliers
fd06a035-f552-4bb3-a713-9779a04ea713,Textiles SKU-13639,Textiles,6204.39,False,False,False,False,545.75,Pacific Suppliers
bb187cd8-4a71-4574-aa59-d101e37126bd,Furniture SKU-13640,Furniture,9403.29,False,False,False,True,295.58,Metro Suppliers
42d9b9d2-c9a5-4bdf-9f13-b61e106fe23d,Food SKU-13641,Food,2106.52,False,False,False,False,274.0,Metro Suppliers
b6964d50-c2c0-4024-8379-de9505a0cadb,Machinery SKU-13642,Machinery,8479.35,False,False,False,False,96.19,Summit Suppliers
0ca6e2be-3a19-411c-9ee3-3fc2b436107b,Food SKU-13643,Food,2106.63,False,True,True,False,564.71,Pacific Suppliers
b3c2877e-903c-453c-b619-cef0c6c1c56f,Chemicals SKU-13644,Chemicals,3824.88,True,False,False,False,541.85,Metro Suppliers
2b178a76-0d67-499b-ba55-37441ebba5ce,Automotive Parts SKU-13645,Automotive Parts,8708.22,False,False,False,False,255.76,Summit Suppliers
26224074-83a2-4d65-9b11-1a367da14e59,Consumer Goods SKU-13646,Consumer Goods,3926.28,False,False,False,False,166.16,Unity Suppliers
a90e1bb1-d52c-4312-a39c-0fb88d2dc949,Machinery SKU-13647,Machinery,8479.34,False,False,False,False,521.67,Metro Suppliers
6537084d-8798-4e02-b1e0-4d5ab104a810,Electronics SKU-13648,Electronics,8517.6,False,False,False,True,265.48,Summit Suppliers
a685983c-74b8-416c-86e4-c39184f52b84,Pharma SKU-13649,Pharma,3004.71,False,True,True,False,381.91,Eastern Suppliers
7a623a89-0504-4236-9df5-678057a5bdf4,Textiles SKU-13650,Textiles,6204.13,False,False,False,False,245.38,Unity Suppliers
5129b50a-b449-4786-914a-93f1cb43774c,Medical Devices SKU-13651,Medical Devices,9018.64,False,False,False,True,728.04,Eastern Suppliers
5f36c2cd-cc80-48cb-aa7e-477e52741201,Textiles SKU-13652,Textiles,6204.78,False,False,False,False,437.55,Nova Suppliers
17d70bda-b13b-40ca-a494-83fca6a11f82,Textiles SKU-13653,Textiles,6204.88,False,False,False,False,789.19,Nova Suppliers
cdb0cdfb-3d0e-49ba-8e25-33937ffe2fa6,Medical Devices SKU-13654,Medical Devices,9018.59,False,False,True,False,526.98,Summit Suppliers
60a2748b-fcc0-426d-b51e-23117cf3d62e,Machinery SKU-13655,Machinery,8479.77,False,False,False,False,569.73,Eastern Suppliers
15980d40-46bc-418d-ac1b-034c9b635f4c,Electronics SKU-13656,Electronics,8517.28,False,False,False,True,670.24,Eastern Suppliers
15e0806d-54ba-4a98-9888-06de78331ec9,Machinery SKU-13657,Machinery,8479.29,False,False,False,False,698.52,Metro Suppliers
0b016193-52cd-40ee-8922-49a615c3d161,Food SKU-13658,Food,2106.63,False,False,True,False,113.97,Summit Suppliers
40fee1b0-8a22-43c2-b1bf-6c3cfe0c6f4a,Medical Devices SKU-13659,Medical Devices,9018.76,False,False,True,False,80.59,Summit Suppliers
7468976c-1932-4a57-ac5b-4fbbd3754416,Chemicals SKU-13660,Chemicals,3824.33,True,False,False,False,443.88,Summit Suppliers
07241599-f53f-46e2-9a24-ce42d13cafc3,Medical Devices SKU-13661,Medical Devices,9018.88,False,False,True,True,77.26,Nova Suppliers
391f72db-5dd9-4e5a-8afb-b64e61192b6a,Consumer Goods SKU-13662,Consumer Goods,3926.18,False,False,False,False,81.83,Metro Suppliers
0264a4c4-67a5-46cd-afa7-8a2428d4b0b8,Chemicals SKU-13663,Chemicals,3824.13,True,False,False,False,429.0,Nova Suppliers
ddfb1887-5e0b-44e3-baa7-9dfb2cd4df76,Consumer Goods SKU-13664,Consumer Goods,3926.44,False,False,False,False,345.75,Unity Suppliers
d0e3e928-7d2d-4db0-a4a9-7246ab2ba2b3,Food SKU-13665,Food,2106.2,False,True,False,False,427.99,Metro Suppliers
64b6a7c6-23bb-45e4-ab63-dd8d46eb2382,Pharma SKU-13666,Pharma,3004.59,False,True,True,False,832.59,Metro Suppliers
ee387223-83e5-4512-a874-f15ff04b01c2,Food SKU-13667,Food,2106.54,False,True,False,False,544.05,Nova Suppliers
fe7f058d-d618-407a-b159-a68bb70cee3a,Chemicals SKU-13668,Chemicals,3824.54,True,False,False,False,675.58,Unity Suppliers
52a428f5-7941-4a80-91a9-33d8e973c6fa,Textiles SKU-13669,Textiles,6204.33,False,False,False,False,110.48,Eastern Suppliers
ba94960b-8267-4fc4-b47d-12a2dcc146d2,Automotive Parts SKU-13670,Automotive Parts,8708.11,False,False,False,False,403.19,Metro Suppliers
3ee0e1ac-92b5-42b6-b349-d0f7fdb11546,Machinery SKU-13671,Machinery,8479.37,False,False,False,False,269.73,Pacific Suppliers
e20bcd72-a837-467b-ace9-b89bbda0a075,Chemicals SKU-13672,Chemicals,3824.73,True,False,False,False,345.77,Unity Suppliers
e1b90ae8-74eb-42a4-928b-225bd3db87f1,Consumer Goods SKU-13673,Consumer Goods,3926.89,False,False,False,False,706.76,Eastern Suppliers
290ac496-d7c5-43ec-8ccb-ad7cbaa94424,Automotive Parts SKU-13674,Automotive Parts,8708.86,False,False,False,False,688.18,Unity Suppliers
4fd0a3a5-82dc-485e-9bff-ca6f35285934,Furniture SKU-13675,Furniture,9403.23,False,False,False,True,795.77,Eastern Suppliers
a812b385-0e79-4580-b6fd-d373ad1cee53,Consumer Goods SKU-13676,Consumer Goods,3926.3,False,False,False,False,97.18,Nova Suppliers
79b016f3-d2d9-4bde-805d-7edf2964eb9f,Machinery SKU-13677,Machinery,8479.76,False,False,False,False,365.87,Metro Suppliers
7148fe58-c988-4dea-9794-3167d798f509,Chemicals SKU-13678,Chemicals,3824.68,False,False,False,False,409.87,Unity Suppliers
e70ccc61-8a40-40a9-8f70-baf56eef99d3,Textiles SKU-13679,Textiles,6204.96,False,False,False,False,339.17,Unity Suppliers
9ac232e1-a17b-442b-8a7d-6dd48180ee71,Consumer Goods SKU-13680,Consumer Goods,3926.37,False,False,False,False,392.72,Unity Suppliers
e44e0c66-c399-4899-9ddd-b408585262ba,Machinery SKU-13681,Machinery,8479.37,False,False,False,False,631.92,Nova Suppliers
be59fd15-ef22-4ed6-b861-ba7c150fa8f4,Food SKU-13682,Food,2106.76,False,False,False,False,711.99,Eastern Suppliers
2bf9c5d1-9494-469c-85d7-f650a48af737,Pharma SKU-13683,Pharma,3004.23,False,True,False,False,677.11,Pacific Suppliers
ee6fd31f-686e-4439-b3eb-fa0e228bd5ff,Chemicals SKU-13684,Chemicals,3824.53,True,False,False,False,718.48,Nova Suppliers
637fd42a-587e-49a7-acd9-c8361972a09d,Automotive Parts SKU-13685,Automotive Parts,8708.26,False,False,False,False,759.85,Unity Suppliers
5cc57e26-a735-4acf-a8ee-062a08183d6e,Automotive Parts SKU-13686,Automotive Parts,8708.85,False,False,False,False,422.71,Nova Suppliers
ebb6bab5-325a-4544-ab57-0df5e7c15c6b,Electronics SKU-13687,Electronics,8517.96,False,False,False,False,622.31,Unity Suppliers
76dee629-e58e-4e3b-9f5c-07545377d53a,Automotive Parts SKU-13688,Automotive Parts,8708.13,False,False,False,False,437.52,Nova Suppliers
f6746edb-2169-4177-8494-f907842db45d,Machinery SKU-13689,Machinery,8479.95,False,False,False,False,356.74,Nova Suppliers
18576aa4-4a54-46be-81b5-3db834ff09ed,Medical Devices SKU-13690,Medical Devices,9018.46,False,False,False,False,326.84,Eastern Suppliers
bdc6990e-c1bb-4c65-a4dc-4bc500c00a08,Furniture SKU-13691,Furniture,9403.83,False,False,False,False,808.48,Pacific Suppliers
a49afbf2-2d5f-48bc-9c01-e8bb0bc4b958,Automotive Parts SKU-13692,Automotive Parts,8708.38,False,False,False,False,522.75,Eastern Suppliers
c06eacbb-87ab-482e-bb80-686c9a5f7bc2,Food SKU-13693,Food,2106.45,False,False,False,False,373.38,Metro Suppliers
f679d0d8-df17-491a-ab92-8b57534992f3,Pharma SKU-13694,Pharma,3004.94,False,False,False,False,118.34,Eastern Suppliers
0c77ef44-bb68-448a-8cfc-965cf557a645,Automotive Parts SKU-13695,Automotive Parts,8708.87,False,False,False,False,380.35,Summit Suppliers
f57f0878-6cdf-4a3c-8078-92e55e7ac73e,Textiles SKU-13696,Textiles,6204.32,False,False,False,False,205.01,Nova Suppliers
a9ca6ac2-79f3-4ead-9134-986fa6432ade,Textiles SKU-13697,Textiles,6204.83,False,False,False,False,471.5,Summit Suppliers
e76239db-65e9-4be5-9eba-691977cf928b,Medical Devices SKU-13698,Medical Devices,9018.37,False,False,True,False,539.93,Pacific Suppliers
cfaa6505-c427-49d4-8a70-2324729000e6,Textiles SKU-13699,Textiles,6204.77,False,False,False,False,362.22,Summit Suppliers
17e435c7-2fc2-48bf-95a9-d78f3488f33b,Machinery SKU-13700,Machinery,8479.88,False,False,False,False,287.13,Pacific Suppliers
5abab806-0118-4652-80bc-8099f2b1515f,Textiles SKU-13701,Textiles,6204.59,False,False,False,False,788.11,Summit Suppliers
decfcd77-68d9-4268-9409-49528b8b5b22,Pharma SKU-13702,Pharma,3004.96,False,False,True,False,282.66,Eastern Suppliers
1cedd2b2-28f2-42bf-a24a-04887d809021,Pharma SKU-13703,Pharma,3004.73,False,False,False,False,563.54,Nova Suppliers
420b82b5-fb72-4f9b-8fb9-eaf446b51bcf,Pharma SKU-13704,Pharma,3004.35,False,False,True,False,821.04,Nova Suppliers
d2eeae64-8917-4492-a2c8-4af57c2d4bf3,Medical Devices SKU-13705,Medical Devices,9018.53,False,False,True,False,14.16,Summit Suppliers
484826ee-030a-4376-9be4-a27821f96d46,Medical Devices SKU-13706,Medical Devices,9018.76,False,False,True,True,610.12,Summit Suppliers
a7b695fd-42c6-4e8a-9ebb-4bb7970babf8,Furniture SKU-13707,Furniture,9403.95,False,False,False,False,560.99,Metro Suppliers
e40be414-c004-4184-8f5f-5eddb6794656,Automotive Parts SKU-13708,Automotive Parts,8708.82,False,False,False,False,557.24,Unity Suppliers
7cc88049-3095-437c-a260-7934d4f5d9f1,Automotive Parts SKU-13709,Automotive Parts,8708.63,False,False,False,False,427.2,Summit Suppliers
cf2492ad-40bf-4c61-9775-eca2daea7914,Automotive Parts SKU-13710,Automotive Parts,8708.7,False,False,False,False,697.86,Eastern Suppliers
99d1eb01-7e1a-4b8d-9781-2cc2e42c29e7,Consumer Goods SKU-13711,Consumer Goods,3926.22,False,False,False,False,568.43,Summit Suppliers
60fc35f0-f35f-4108-b11c-169e3be75dfc,Automotive Parts SKU-13712,Automotive Parts,8708.9,False,False,False,False,728.64,Unity Suppliers
79a74a1f-1a26-48a9-8e77-178459a39021,Food SKU-13713,Food,2106.3,False,True,True,False,578.26,Pacific Suppliers
6359c5ad-22cf-4192-b37d-f1cded4cc6e9,Medical Devices SKU-13714,Medical Devices,9018.46,False,False,True,False,383.19,Nova Suppliers
9b567c03-0d8d-4820-b6d4-45540696e7fa,Electronics SKU-13715,Electronics,8517.94,False,False,False,False,352.72,Pacific Suppliers
2ec3fd05-e106-457f-b55f-45bcc69ed053,Chemicals SKU-13716,Chemicals,3824.98,True,False,False,False,400.29,Metro Suppliers
00e78b4c-a625-4b66-9c98-5e1208c6081d,Consumer Goods SKU-13717,Consumer Goods,3926.94,False,False,False,False,123.43,Unity Suppliers
0cefdb3e-57d1-4b25-a4de-351f21ac56d1,Textiles SKU-13718,Textiles,6204.46,False,False,False,False,702.55,Summit Suppliers
97429739-dc8f-4b70-b0ed-c5cd1e81482b,Food SKU-13719,Food,2106.73,False,False,True,False,209.37,Unity Suppliers
98c265b7-2269-495c-b2c4-2d7cf24a6636,Automotive Parts SKU-13720,Automotive Parts,8708.85,False,False,False,False,167.79,Summit Suppliers
3a3726ab-0f86-4ed5-be83-826b31e4d52f,Pharma SKU-13721,Pharma,3004.1,False,True,True,False,293.93,Nova Suppliers
5034c69f-9b0f-48a0-a84c-9dfe54c440e5,Textiles SKU-13722,Textiles,6204.79,False,False,False,False,578.35,Metro Suppliers
856b4ca9-bfae-4b7b-9184-a647f672e1f8,Machinery SKU-13723,Machinery,8479.4,False,False,False,False,379.02,Metro Suppliers
40b816fa-3227-4e45-9a7e-4215f2cc10c0,Consumer Goods SKU-13724,Consumer Goods,3926.19,False,False,False,False,761.45,Eastern Suppliers
df6c6462-2d33-4192-a397-dc621efd0981,Food SKU-13725,Food,2106.94,False,False,True,False,113.4,Pacific Suppliers
fd2b7bd6-1dcf-44e1-b150-2205fbe8be60,Food SKU-13726,Food,2106.97,False,False,False,False,38.94,Pacific Suppliers
bbbafeb2-4167-4399-9b72-8a9a2f1f8530,Medical Devices SKU-13727,Medical Devices,9018.88,False,False,False,False,16.3,Nova Suppliers
eb93873a-5975-4964-aebd-040aaf6d753f,Electronics SKU-13728,Electronics,8517.33,False,False,False,True,485.89,Pacific Suppliers
8cd1d2fd-eb5d-4573-99f1-14468d195e12,Furniture SKU-13729,Furniture,9403.2,False,False,False,True,54.19,Pacific Suppliers
11eb77e2-ddcf-451e-a223-dd0e79ed36f4,Medical Devices SKU-13730,Medical Devices,9018.95,False,False,False,True,209.64,Pacific Suppliers
f00d4479-b3b1-43ed-98e6-6315302c5e4d,Pharma SKU-13731,Pharma,3004.35,False,True,True,False,305.22,Eastern Suppliers
809d9c43-e794-45b3-a490-2169abeda74f,Food SKU-13732,Food,2106.13,False,False,True,False,822.54,Metro Suppliers
d5eace96-194a-4dd5-ade7-72c526d3bb01,Pharma SKU-13733,Pharma,3004.21,False,True,True,False,591.12,Eastern Suppliers
bd8d52e2-219c-4958-a2a5-f811f5c52d30,Machinery SKU-13734,Machinery,8479.58,False,False,False,False,291.72,Unity Suppliers
1d6bb6d1-93de-4dfb-9bf0-0c41d0bed7f4,Chemicals SKU-13735,Chemicals,3824.86,True,False,False,False,536.03,Metro Suppliers
69f1d55b-4fc3-4cd7-8697-c24110f13349,Pharma SKU-13736,Pharma,3004.67,False,True,True,False,768.5,Unity Suppliers
9ba1f794-23fc-40ed-8baa-68a151420762,Electronics SKU-13737,Electronics,8517.37,False,False,False,True,121.51,Summit Suppliers
e26167ff-42ac-4c42-bdd0-acf4a783f714,Consumer Goods SKU-13738,Consumer Goods,3926.97,False,False,False,False,444.79,Unity Suppliers
6a855b07-5331-494c-b3ab-2643960d4bd3,Furniture SKU-13739,Furniture,9403.43,False,False,False,False,503.78,Metro Suppliers
4dd678ee-30ef-413c-9f85-4e016c7c2882,Consumer Goods SKU-13740,Consumer Goods,3926.92,False,False,False,False,296.39,Unity Suppliers
a99debd3-53e5-47cb-9cae-aacf32d93326,Consumer Goods SKU-13741,Consumer Goods,3926.31,False,False,False,False,785.21,Nova Suppliers
1dd7c916-c776-4bf9-aac3-5ba422408391,Electronics SKU-13742,Electronics,8517.83,False,False,False,False,475.53,Metro Suppliers
9538c7cf-738d-4539-9b1c-e908d374244a,Food SKU-13743,Food,2106.7,False,False,True,False,396.7,Pacific Suppliers
8bcbb30d-cdb3-496e-bf29-d3711760fc4a,Food SKU-13744,Food,2106.14,False,False,True,False,465.02,Summit Suppliers
49d13965-f086-4084-af5b-588dfcabeed2,Chemicals SKU-13745,Chemicals,3824.31,False,False,False,False,668.87,Summit Suppliers
1ef0a530-a6c9-4591-a1d0-d7ac159e0590,Automotive Parts SKU-13746,Automotive Parts,8708.51,False,False,False,False,141.05,Eastern Suppliers
41080212-f448-449c-bd89-ebb39ae1fe99,Furniture SKU-13747,Furniture,9403.68,False,False,False,False,642.17,Pacific Suppliers
12f91191-2140-4440-be09-1f0cab800eb6,Furniture SKU-13748,Furniture,9403.67,False,False,False,True,214.2,Nova Suppliers
e8c5e81b-7af6-4e75-bacd-14a6b77dfa03,Automotive Parts SKU-13749,Automotive Parts,8708.32,False,False,False,False,366.0,Pacific Suppliers
f11133e5-561a-4d43-8ef2-1a6a43ca9dd3,Food SKU-13750,Food,2106.5,False,False,False,False,823.59,Summit Suppliers
572f8662-76d2-4c8b-bf91-4bb6d9fccc07,Automotive Parts SKU-13751,Automotive Parts,8708.28,False,False,False,False,428.47,Summit Suppliers
f86c77d6-85c5-4cd4-949c-ea759862dc03,Textiles SKU-13752,Textiles,6204.54,False,False,False,False,717.75,Eastern Suppliers
ccd2cb2f-9016-42c8-a215-25ac1db24ecc,Electronics SKU-13753,Electronics,8517.26,False,False,False,False,347.33,Unity Suppliers
235b1e5d-9343-4e27-b496-366e24ba7581,Medical Devices SKU-13754,Medical Devices,9018.75,False,False,False,True,635.92,Pacific Suppliers
726f1620-45d6-41b3-b319-a0f05ec8fd85,Medical Devices SKU-13755,Medical Devices,9018.22,False,False,True,True,455.91,Pacific Suppliers
352348fb-c118-4b39-a6b6-cf739a4638d2,Food SKU-13756,Food,2106.85,False,True,False,False,88.98,Unity Suppliers
2e2b8f61-6429-4b56-b3e9-5c7b35d37a4b,Electronics SKU-13757,Electronics,8517.91,False,False,False,True,329.5,Pacific Suppliers
f6a97805-0c7b-4089-846f-d039462a991a,Pharma SKU-13758,Pharma,3004.71,False,True,True,False,810.08,Summit Suppliers
1a13634e-2040-4888-b6c9-d208bb73ad52,Electronics SKU-13759,Electronics,8517.44,False,False,False,True,815.49,Eastern Suppliers
ba1cde67-a9ed-41d3-9817-e38aef13b310,Food SKU-13760,Food,2106.54,False,True,True,False,281.52,Summit Suppliers
b5572648-c7ea-4d20-8be6-1d6d4ae48c03,Chemicals SKU-13761,Chemicals,3824.24,True,False,False,False,637.16,Metro Suppliers
78b49905-961f-400c-aded-bdd97b6b19ee,Furniture SKU-13762,Furniture,9403.87,False,False,False,False,838.92,Eastern Suppliers
924780e8-aa8f-435e-bc22-3912eac1e56b,Medical Devices SKU-13763,Medical Devices,9018.7,False,False,True,False,296.73,Eastern Suppliers
a01ee50b-32fc-43c7-a369-9998d8387f0b,Consumer Goods SKU-13764,Consumer Goods,3926.17,False,False,False,False,101.99,Pacific Suppliers
26c0cf8b-59fb-409c-9336-ed5b8cc2a390,Medical Devices SKU-13765,Medical Devices,9018.2,False,False,False,True,546.3,Summit Suppliers
8e5df8ef-37b1-4128-9efd-2004b2d85f74,Electronics SKU-13766,Electronics,8517.21,False,False,False,True,702.34,Eastern Suppliers
9d23f6ee-f76c-46a3-8ad6-7e8b7ed1ef33,Furniture SKU-13767,Furniture,9403.51,False,False,False,True,537.52,Eastern Suppliers
6ef0a34e-8c13-437c-9efa-ff420e14abeb,Medical Devices SKU-13768,Medical Devices,9018.22,False,False,True,False,836.6,Nova Suppliers
4a31afc0-d9e9-4e08-a345-03afa5c2b15b,Medical Devices SKU-13769,Medical Devices,9018.46,False,False,False,False,350.2,Summit Suppliers
4099220d-0e8c-48ac-97ed-692bc930bbda,Medical Devices SKU-13770,Medical Devices,9018.68,False,False,True,False,421.37,Summit Suppliers
2d4b4abc-fd71-457e-acd2-1b8766e6a99f,Medical Devices SKU-13771,Medical Devices,9018.37,False,False,True,False,806.74,Metro Suppliers
fdf60489-d1ca-4fa8-99dd-b43440e06d30,Machinery SKU-13772,Machinery,8479.83,False,False,False,False,343.73,Nova Suppliers
a2f459e9-c060-41a0-9461-ee3fe8f19c27,Machinery SKU-13773,Machinery,8479.27,False,False,False,False,691.93,Pacific Suppliers
cbcccaa0-ee46-4786-adff-399fe38157a4,Automotive Parts SKU-13774,Automotive Parts,8708.38,False,False,False,False,229.12,Eastern Suppliers
3d8cc835-36ae-459e-af30-84d6a3058fff,Chemicals SKU-13775,Chemicals,3824.2,True,False,False,False,472.24,Unity Suppliers
12f6555e-47ef-404b-a034-51cfac457f82,Automotive Parts SKU-13776,Automotive Parts,8708.73,False,False,False,False,31.47,Unity Suppliers
040fedd5-25a0-4e02-af80-cc9a3fb1a714,Electronics SKU-13777,Electronics,8517.72,False,False,False,False,242.96,Unity Suppliers
9b522d4b-3226-496c-8edb-c0e4a73a7277,Medical Devices SKU-13778,Medical Devices,9018.89,False,False,False,True,412.89,Summit Suppliers
e079e5ec-be12-41e7-b479-8a878fc4ff9e,Food SKU-13779,Food,2106.19,False,False,False,False,369.62,Summit Suppliers
8a714243-883e-44bb-bb7d-f8615ded71ed,Textiles SKU-13780,Textiles,6204.98,False,False,False,False,615.73,Pacific Suppliers
f1646a7d-b6ac-451c-989a-85fd90331611,Medical Devices SKU-13781,Medical Devices,9018.53,False,False,True,False,747.08,Metro Suppliers
f13405b2-36cc-4a77-93f4-17ac70729eae,Textiles SKU-13782,Textiles,6204.25,False,False,False,False,640.1,Metro Suppliers
3a45b526-7897-4dea-ac1f-32180e195de4,Automotive Parts SKU-13783,Automotive Parts,8708.9,False,False,False,False,750.26,Eastern Suppliers
de93f3e7-2ab1-4216-91e2-525c6523a232,Machinery SKU-13784,Machinery,8479.17,False,False,False,False,315.52,Nova Suppliers
462b7913-ea3e-4f94-8393-0ab21a152e4f,Chemicals SKU-13785,Chemicals,3824.66,False,False,False,False,133.73,Unity Suppliers
76579734-3f29-4a89-9116-f648bd3f1e53,Pharma SKU-13786,Pharma,3004.49,False,True,False,False,39.14,Metro Suppliers
9b033ecf-2650-449f-8acd-40c9ce562054,Textiles SKU-13787,Textiles,6204.63,False,False,False,False,59.13,Nova Suppliers
3385e261-77e8-41ea-8abe-ccde551787c4,Consumer Goods SKU-13788,Consumer Goods,3926.79,False,False,False,False,163.95,Nova Suppliers
c2a1dbb1-0e63-422a-a20b-a811bbc81886,Electronics SKU-13789,Electronics,8517.22,False,False,False,True,709.8,Eastern Suppliers
423a9b52-9181-44ad-a7c2-2918544e3498,Medical Devices SKU-13790,Medical Devices,9018.38,False,False,False,True,647.3,Metro Suppliers
4da377fc-64d7-43c1-b89e-e8a8ad9d3a6a,Chemicals SKU-13791,Chemicals,3824.63,True,False,False,False,4.8,Unity Suppliers
15314ed0-b38c-4265-81fa-0d1d09204ed1,Food SKU-13792,Food,2106.43,False,False,True,False,196.37,Nova Suppliers
69d4877f-b8a0-44e1-a823-697e07d46d74,Textiles SKU-13793,Textiles,6204.52,False,False,False,False,2.19,Pacific Suppliers
c39e4494-ab18-4077-b843-316689e42eaf,Textiles SKU-13794,Textiles,6204.2,False,False,False,False,315.59,Unity Suppliers
ca271b56-e501-46c9-835f-a9a9fd58b0f3,Textiles SKU-13795,Textiles,6204.2,False,False,False,False,185.81,Eastern Suppliers
d5ac241d-47ce-4db5-acba-c980775bd4d0,Electronics SKU-13796,Electronics,8517.27,False,False,False,True,101.54,Eastern Suppliers
378f3ed9-3740-44d5-91b5-57259e72f775,Chemicals SKU-13797,Chemicals,3824.53,False,False,False,False,2.31,Eastern Suppliers
a54ded2f-d1f5-4740-b883-e9c965d2feed,Automotive Parts SKU-13798,Automotive Parts,8708.52,False,False,False,False,693.68,Unity Suppliers
6a982a9e-9ae8-493d-8a2f-06231e91b324,Medical Devices SKU-13799,Medical Devices,9018.7,False,False,False,False,55.26,Nova Suppliers
1ba21ee4-5a38-4a2d-846c-d175513bcf8f,Food SKU-13800,Food,2106.67,False,False,True,False,835.48,Unity Suppliers
01357ad0-53cd-4cff-93fc-dd552a03cc39,Food SKU-13801,Food,2106.34,False,False,False,False,156.3,Eastern Suppliers
45cfe887-95a5-4e68-a4f9-ac9b8362e5f4,Pharma SKU-13802,Pharma,3004.68,False,False,True,False,692.92,Metro Suppliers
01c823e6-7148-4469-acc2-4b48a07d1c79,Machinery SKU-13803,Machinery,8479.58,False,False,False,False,483.65,Eastern Suppliers
f5182d39-309c-46a8-8cf6-a41908dd3474,Chemicals SKU-13804,Chemicals,3824.92,False,False,False,False,661.08,Eastern Suppliers
737b6f1f-b7f3-43a6-8e73-e6e0e02fb342,Medical Devices SKU-13805,Medical Devices,9018.4,False,False,True,False,446.57,Summit Suppliers
405373df-bab2-46bb-899e-5bb79888cdec,Textiles SKU-13806,Textiles,6204.54,False,False,False,False,159.94,Pacific Suppliers
c4f76d61-bfab-4653-9e5f-e65d43eb67e0,Machinery SKU-13807,Machinery,8479.7,False,False,False,False,534.58,Eastern Suppliers
eb395ace-ab44-4d54-ad47-9093cfa9c9a9,Furniture SKU-13808,Furniture,9403.18,False,False,False,False,670.03,Metro Suppliers
7ed23243-e43a-41e0-abac-0d314dbe4bc0,Pharma SKU-13809,Pharma,3004.11,False,False,True,False,213.18,Unity Suppliers
b76a00d9-365e-45cb-b2e2-e69b50008de9,Pharma SKU-13810,Pharma,3004.61,False,True,False,False,668.99,Summit Suppliers
2411a902-27b1-4b97-a2a5-97de2b1b5deb,Machinery SKU-13811,Machinery,8479.31,False,False,False,False,674.66,Metro Suppliers
6b17c3bd-c3e6-4095-ad63-22adac7f5d94,Electronics SKU-13812,Electronics,8517.35,False,False,False,False,49.17,Nova Suppliers
b50de086-76a5-4ab6-bb38-d365cb6de3b8,Pharma SKU-13813,Pharma,3004.58,False,False,False,False,226.71,Nova Suppliers
77d775f5-05c2-4a08-a638-6a8310a39a4f,Electronics SKU-13814,Electronics,8517.4,False,False,False,False,443.97,Unity Suppliers
074a774c-c56f-4ba1-b1c4-fb7cd93a2b9b,Textiles SKU-13815,Textiles,6204.45,False,False,False,False,10.19,Metro Suppliers
cc136c9a-b4e6-4965-8289-ef9fa8ec5981,Textiles SKU-13816,Textiles,6204.96,False,False,False,False,619.7,Eastern Suppliers
9d726d3c-e244-4516-bec8-09fcb4d44e21,Food SKU-13817,Food,2106.7,False,True,False,False,684.17,Pacific Suppliers
0793ae9b-22e5-4236-936b-a28f23b58e03,Food SKU-13818,Food,2106.5,False,True,True,False,570.79,Eastern Suppliers
4a65a45a-8971-4d8f-8321-5e1d0613f16f,Consumer Goods SKU-13819,Consumer Goods,3926.27,False,False,False,False,793.96,Pacific Suppliers
4c1f6754-3ff6-4f8e-8133-25c3d22dd856,Furniture SKU-13820,Furniture,9403.41,False,False,False,True,783.14,Metro Suppliers
ce95f8fe-c128-49a3-ab0a-63535da7d840,Medical Devices SKU-13821,Medical Devices,9018.5,False,False,False,True,667.24,Eastern Suppliers
62f4776d-4347-4c19-bb24-bcfd11df4a03,Automotive Parts SKU-13822,Automotive Parts,8708.58,False,False,False,False,261.14,Unity Suppliers
29e63503-9722-424e-93df-a9bed0437542,Machinery SKU-13823,Machinery,8479.18,False,False,False,False,8.94,Nova Suppliers
5d5b8cc2-50a8-4b03-ad2d-af42a8f3c2a9,Pharma SKU-13824,Pharma,3004.99,False,True,True,False,133.4,Metro Suppliers
2ed41ee6-5dd2-4743-bafb-ec8c8a6a49cc,Pharma SKU-13825,Pharma,3004.16,False,False,True,False,703.42,Summit Suppliers
0fba905d-b245-4894-8f6c-ac569264dc1d,Automotive Parts SKU-13826,Automotive Parts,8708.99,False,False,False,False,116.88,Eastern Suppliers
f221b024-af8f-43b0-809c-18b926c0c563,Automotive Parts SKU-13827,Automotive Parts,8708.38,False,False,False,False,378.85,Nova Suppliers
707b080e-a337-43f1-a852-49f2f32bbd5c,Chemicals SKU-13828,Chemicals,3824.32,False,False,False,False,811.73,Nova Suppliers
f212f19e-7919-4470-ac49-9a45ead741f3,Pharma SKU-13829,Pharma,3004.6,False,False,False,False,692.33,Metro Suppliers
adf32647-2a95-4dfb-a7e1-53c3d940ba44,Chemicals SKU-13830,Chemicals,3824.95,True,False,False,False,150.8,Summit Suppliers
5f0a320b-2d40-4d25-afe4-5e4d90c2a2ee,Medical Devices SKU-13831,Medical Devices,9018.24,False,False,True,True,802.97,Summit Suppliers
e390c42b-f563-4788-aa67-85d76798f939,Food SKU-13832,Food,2106.82,False,False,True,False,724.36,Metro Suppliers
0c04aa8b-5f7c-4276-9221-d87c128bd02a,Machinery SKU-13833,Machinery,8479.44,False,False,False,False,400.35,Eastern Suppliers
1467cb2e-b2a4-43af-b72b-9e96d4c21d42,Electronics SKU-13834,Electronics,8517.45,False,False,False,True,287.43,Unity Suppliers
6d748523-9d1a-43d3-85e1-73e9b59d85f7,Textiles SKU-13835,Textiles,6204.35,False,False,False,False,189.1,Eastern Suppliers
587e74a9-a506-4e9b-b5b1-071d1bfd70aa,Medical Devices SKU-13836,Medical Devices,9018.74,False,False,False,True,723.32,Nova Suppliers
71ae3910-99cf-412e-b75a-4902fd840eec,Automotive Parts SKU-13837,Automotive Parts,8708.14,False,False,False,False,813.71,Unity Suppliers
fcb4ea6a-14b4-4f01-ad67-54f241f69e99,Pharma SKU-13838,Pharma,3004.98,False,True,True,False,254.37,Eastern Suppliers
2e367289-7937-4e57-8f40-42e2f9a22037,Textiles SKU-13839,Textiles,6204.79,False,False,False,False,665.04,Eastern Suppliers
8b09da14-cf97-404d-9bb6-5a271b526e41,Chemicals SKU-13840,Chemicals,3824.27,False,False,False,False,688.1,Eastern Suppliers
1f01a508-c409-461e-a539-3f353b50cd3d,Pharma SKU-13841,Pharma,3004.99,False,True,True,False,152.08,Unity Suppliers
d28afefb-2837-4df6-b446-75574d19d30b,Automotive Parts SKU-13842,Automotive Parts,8708.58,False,False,False,False,225.45,Eastern Suppliers
c4b4e5bd-6096-4352-8846-d551ceea058d,Consumer Goods SKU-13843,Consumer Goods,3926.37,False,False,False,False,225.05,Summit Suppliers
5461e8e3-5f0f-4f05-b0b8-244e196c1254,Electronics SKU-13844,Electronics,8517.89,False,False,False,False,317.0,Eastern Suppliers
c1f20676-d76c-4f26-9e2f-0e87bf57c47f,Machinery SKU-13845,Machinery,8479.71,False,False,False,False,810.08,Nova Suppliers
08b8f82e-edaa-42fa-8854-28b482346e31,Automotive Parts SKU-13846,Automotive Parts,8708.48,False,False,False,False,540.56,Summit Suppliers
9b30acd3-385d-4c5e-baf2-fd9cf1a9e505,Furniture SKU-13847,Furniture,9403.76,False,False,False,True,606.01,Summit Suppliers
2ae3c126-e903-4167-9f21-3031c0ab6176,Pharma SKU-13848,Pharma,3004.57,False,True,True,False,338.25,Pacific Suppliers
f3aaf7cb-26e0-4e16-aaab-b9615fbd5bbc,Consumer Goods SKU-13849,Consumer Goods,3926.25,False,False,False,False,584.38,Unity Suppliers
8ddac596-27ca-456f-b798-99cec8bf834a,Food SKU-13850,Food,2106.74,False,False,True,False,281.8,Nova Suppliers
ec0bf815-9808-4441-9d98-b570e7a00b10,Medical Devices SKU-13851,Medical Devices,9018.44,False,False,False,False,743.04,Metro Suppliers
760162a8-23c6-4646-8d9c-f0d90fc0b94f,Furniture SKU-13852,Furniture,9403.53,False,False,False,True,298.97,Pacific Suppliers
544ea976-e9ee-4c79-bb2e-b51a1a591919,Medical Devices SKU-13853,Medical Devices,9018.78,False,False,True,False,100.04,Nova Suppliers
f37eb8f1-1694-4ee2-81d9-30a6299d89c2,Chemicals SKU-13854,Chemicals,3824.64,False,False,False,False,88.76,Summit Suppliers
eab725e6-940a-4095-b2cd-bdd6ec1efe7f,Textiles SKU-13855,Textiles,6204.95,False,False,False,False,243.88,Metro Suppliers
29b4cd48-ce62-44b5-af6d-141129f11fee,Consumer Goods SKU-13856,Consumer Goods,3926.19,False,False,False,False,397.63,Eastern Suppliers
f8f2ee65-9306-4a6a-b131-122519d45ed1,Machinery SKU-13857,Machinery,8479.14,False,False,False,False,107.47,Unity Suppliers
635c1470-fe25-4973-9167-cfc748243c89,Food SKU-13858,Food,2106.21,False,False,True,False,82.94,Metro Suppliers
284d7a4e-4098-4959-9ff9-241282f7551b,Electronics SKU-13859,Electronics,8517.82,False,False,False,True,225.3,Pacific Suppliers
db054042-09ed-48c3-9b1e-8c84fcca46a6,Machinery SKU-13860,Machinery,8479.7,False,False,False,False,469.04,Nova Suppliers
161a8484-4fe6-49fa-b421-81c5a0cfcb4a,Machinery SKU-13861,Machinery,8479.57,False,False,False,False,419.91,Metro Suppliers
1a515414-1977-4959-a846-d5225247c8c4,Textiles SKU-13862,Textiles,6204.3,False,False,False,False,14.98,Unity Suppliers
fbf8e01f-2e2a-4069-ada4-f881a47c309b,Chemicals SKU-13863,Chemicals,3824.37,False,False,False,False,151.78,Nova Suppliers
1a58cea8-ae64-4d04-9e29-1c9cd4ecdc56,Automotive Parts SKU-13864,Automotive Parts,8708.29,False,False,False,False,831.15,Summit Suppliers
4d04074c-aeaf-47db-b6c3-ef6135b517e1,Textiles SKU-13865,Textiles,6204.61,False,False,False,False,758.58,Eastern Suppliers
f84e83b6-29ab-4177-8282-de935383d941,Furniture SKU-13866,Furniture,9403.24,False,False,False,False,191.15,Metro Suppliers
9bf5b897-854c-4267-9cbf-28a125ee1dca,Electronics SKU-13867,Electronics,8517.13,False,False,False,True,239.63,Unity Suppliers
aad1d26b-605a-4985-97fc-9d3a073e8d92,Pharma SKU-13868,Pharma,3004.94,False,False,True,False,153.34,Pacific Suppliers
ff13622a-3ae1-46d4-af8a-80a49a235940,Furniture SKU-13869,Furniture,9403.89,False,False,False,True,440.68,Metro Suppliers
0d8cbc17-00de-498e-9e41-f21344151f8a,Electronics SKU-13870,Electronics,8517.12,False,False,False,True,592.81,Unity Suppliers
9ba21350-5d80-448e-a95b-6183322facff,Textiles SKU-13871,Textiles,6204.75,False,False,False,False,624.68,Eastern Suppliers
3fbbc09c-c061-43d5-b443-28df0201bfc7,Chemicals SKU-13872,Chemicals,3824.98,False,False,False,False,776.22,Eastern Suppliers
6a3814b2-8e19-410c-b540-4b270e9c286a,Consumer Goods SKU-13873,Consumer Goods,3926.83,False,False,False,False,659.63,Pacific Suppliers
7109f86e-5608-4853-8df2-03f6d81b4881,Pharma SKU-13874,Pharma,3004.61,False,True,True,False,326.24,Summit Suppliers
c41c2db3-e90f-4ea4-8126-34b7e2cdda26,Automotive Parts SKU-13875,Automotive Parts,8708.66,False,False,False,False,394.5,Metro Suppliers
44023b13-5205-4fb6-b2c8-be697b9e5097,Consumer Goods SKU-13876,Consumer Goods,3926.64,False,False,False,False,461.39,Metro Suppliers
4337a674-dd14-4a40-ab83-c4211b0eccec,Pharma SKU-13877,Pharma,3004.29,False,False,True,False,70.58,Pacific Suppliers
7d31d7b9-655c-4716-be93-a647616ab06f,Consumer Goods SKU-13878,Consumer Goods,3926.78,False,False,False,False,787.05,Metro Suppliers
0a836a38-e179-4f2b-9250-64ba3b23c164,Automotive Parts SKU-13879,Automotive Parts,8708.8,False,False,False,False,732.18,Summit Suppliers
49484b91-db2a-42e5-ba51-08abdba92d64,Medical Devices SKU-13880,Medical Devices,9018.91,False,False,True,True,120.46,Metro Suppliers
4e024603-276b-41a5-aac4-dd2433619da7,Machinery SKU-13881,Machinery,8479.87,False,False,False,False,732.32,Pacific Suppliers
0cda2740-237a-4387-8aa6-244bd9e7c25a,Textiles SKU-13882,Textiles,6204.75,False,False,False,False,583.2,Pacific Suppliers
43069e52-1a95-4cf8-9430-f05f5be09f87,Furniture SKU-13883,Furniture,9403.18,False,False,False,False,190.75,Nova Suppliers
5574b807-34d8-4242-a516-ac4a852371ab,Automotive Parts SKU-13884,Automotive Parts,8708.5,False,False,False,False,431.35,Pacific Suppliers
3a0ca5d8-16a4-49fe-8c07-052e46e687a2,Electronics SKU-13885,Electronics,8517.87,False,False,False,False,154.44,Unity Suppliers
cc26b374-29ed-4b13-ba79-ef7738717d42,Food SKU-13886,Food,2106.48,False,True,True,False,583.8,Summit Suppliers
5da6fcef-48d5-448d-91a9-74322151ec1b,Pharma SKU-13887,Pharma,3004.11,False,False,False,False,669.15,Pacific Suppliers
06e420da-1bca-413f-90cd-efeafb5acc6f,Pharma SKU-13888,Pharma,3004.35,False,True,True,False,370.58,Eastern Suppliers
56c40ec0-3d92-499c-ba27-80e9cab2f1e0,Machinery SKU-13889,Machinery,8479.36,False,False,False,False,654.88,Summit Suppliers
675361f1-1558-450a-903b-cea08a8be7dc,Consumer Goods SKU-13890,Consumer Goods,3926.14,False,False,False,False,436.91,Nova Suppliers
111e4635-cefe-4663-8b20-35b9701736b9,Pharma SKU-13891,Pharma,3004.84,False,False,False,False,386.33,Eastern Suppliers
80bfb669-9e40-403f-bb08-5a44063e8efe,Medical Devices SKU-13892,Medical Devices,9018.42,False,False,True,False,832.13,Unity Suppliers
03150684-af4c-4171-b011-09339d84f7a9,Machinery SKU-13893,Machinery,8479.6,False,False,False,False,60.63,Pacific Suppliers
980783f5-46e2-4ee4-81c5-6a40a1eccda9,Chemicals SKU-13894,Chemicals,3824.78,False,False,False,False,264.53,Nova Suppliers
98254d2e-602e-4ab4-95ed-c091b5621b50,Furniture SKU-13895,Furniture,9403.25,False,False,False,False,320.8,Summit Suppliers
ba5a0b2b-16f2-493f-9e90-3cc5ff3d735b,Chemicals SKU-13896,Chemicals,3824.28,False,False,False,False,489.81,Eastern Suppliers
347cffe7-eea9-46b2-8ab7-a02e1805b25d,Food SKU-13897,Food,2106.73,False,False,False,False,390.04,Unity Suppliers
4a54a509-42f7-40f9-bc7a-bbe188c133db,Textiles SKU-13898,Textiles,6204.62,False,False,False,False,253.96,Unity Suppliers
19e0845d-d9f3-4257-825b-a2a4226d03e2,Chemicals SKU-13899,Chemicals,3824.85,False,False,False,False,512.32,Eastern Suppliers
7c3c669d-496c-4248-85ed-894f1dbdbbd8,Machinery SKU-13900,Machinery,8479.17,False,False,False,False,109.43,Metro Suppliers
dcd02f76-6c44-4a0d-b4b8-b53cbd5f948f,Pharma SKU-13901,Pharma,3004.34,False,False,True,False,202.21,Nova Suppliers
9013e73d-4d15-4334-a107-d11f98c436fb,Furniture SKU-13902,Furniture,9403.81,False,False,False,True,361.67,Unity Suppliers
91c51602-8ad2-482a-88ee-bd694e0cc976,Chemicals SKU-13903,Chemicals,3824.52,False,False,False,False,531.97,Summit Suppliers
978345fb-c9cc-42a2-85bd-03d137b66324,Automotive Parts SKU-13904,Automotive Parts,8708.64,False,False,False,False,616.06,Summit Suppliers
72b0adc9-0973-4493-a9d8-9f0a83a7cff4,Pharma SKU-13905,Pharma,3004.62,False,True,True,False,2.84,Unity Suppliers
54788a65-f53e-43de-97ea-2f5a70ac1dc4,Consumer Goods SKU-13906,Consumer Goods,3926.44,False,False,False,False,693.02,Summit Suppliers
a6930576-8b75-4aad-ae50-5c781f3f91bc,Textiles SKU-13907,Textiles,6204.39,False,False,False,False,715.68,Pacific Suppliers
8f05d2e2-fcb6-43d9-998d-a8ff2329d42f,Consumer Goods SKU-13908,Consumer Goods,3926.68,False,False,False,False,701.31,Pacific Suppliers
1a62a145-2d9a-4ba9-b9a9-aaf0563ffcc0,Textiles SKU-13909,Textiles,6204.93,False,False,False,False,460.51,Eastern Suppliers
d83eda1d-da7a-40d4-b135-8a704db41be4,Electronics SKU-13910,Electronics,8517.55,False,False,False,True,478.34,Pacific Suppliers
07760065-d4b6-4873-8670-bd08d5d0802c,Pharma SKU-13911,Pharma,3004.33,False,False,True,False,46.29,Unity Suppliers
9319a344-969a-43a8-8c38-8e5542fe662b,Medical Devices SKU-13912,Medical Devices,9018.17,False,False,True,True,848.92,Eastern Suppliers
e809e2c1-da19-45cb-b437-08913f0fea99,Automotive Parts SKU-13913,Automotive Parts,8708.28,False,False,False,False,516.0,Summit Suppliers
2043e1c7-c65c-4f56-b44d-627e99491f9b,Chemicals SKU-13914,Chemicals,3824.45,True,False,False,False,319.5,Eastern Suppliers
fe2a06f5-9443-4cb6-be1f-bc051f9011b1,Machinery SKU-13915,Machinery,8479.1,False,False,False,False,515.51,Nova Suppliers
aa84a3cc-e786-4201-91a6-d9e1ec61fef0,Machinery SKU-13916,Machinery,8479.29,False,False,False,False,688.24,Pacific Suppliers
61c2bff4-0119-40cd-970d-8f3c09d89aa5,Pharma SKU-13917,Pharma,3004.79,False,False,False,False,315.03,Eastern Suppliers
607cee9e-1760-4ddd-8210-95703c995bfe,Furniture SKU-13918,Furniture,9403.78,False,False,False,False,842.78,Metro Suppliers
dcd735d6-0cc8-44fc-b94b-24b73ddebc6b,Machinery SKU-13919,Machinery,8479.74,False,False,False,False,735.52,Eastern Suppliers
b5bd89f7-8646-4941-98dd-e4e985ab183a,Electronics SKU-13920,Electronics,8517.92,False,False,False,True,253.95,Unity Suppliers
092f89b2-c19e-494d-9fda-4fdad7711020,Automotive Parts SKU-13921,Automotive Parts,8708.3,False,False,False,False,341.03,Unity Suppliers
1733a526-9b90-43dd-bf19-fb2cf717cfca,Pharma SKU-13922,Pharma,3004.29,False,False,True,False,529.22,Nova Suppliers
31bb2b7d-ff1a-4dc2-81bf-68c006a1c009,Textiles SKU-13923,Textiles,6204.79,False,False,False,False,661.8,Nova Suppliers
ee0047db-b4d0-4d69-b924-85ab3e897de1,Furniture SKU-13924,Furniture,9403.69,False,False,False,True,398.87,Eastern Suppliers
e7edac25-c7f3-46c7-86ad-d016e2ebc300,Pharma SKU-13925,Pharma,3004.84,False,False,True,False,700.38,Nova Suppliers
38508b8f-1a0a-427c-bab9-1714d962a638,Automotive Parts SKU-13926,Automotive Parts,8708.72,False,False,False,False,433.88,Nova Suppliers
e8ac80a2-4fa5-4fe9-8336-0af44df665e6,Electronics SKU-13927,Electronics,8517.34,False,False,False,False,683.33,Metro Suppliers
92353555-fb0f-40dd-a3e7-612a47762088,Consumer Goods SKU-13928,Consumer Goods,3926.97,False,False,False,False,661.76,Unity Suppliers
40271422-9e98-4a73-b2a8-324e10befffb,Chemicals SKU-13929,Chemicals,3824.25,False,False,False,False,304.91,Eastern Suppliers
25e27ab8-2f49-4e9f-8853-55cd915c00c0,Electronics SKU-13930,Electronics,8517.93,False,False,False,True,770.94,Eastern Suppliers
25322b61-3529-490d-a30c-ff6145ddd9dd,Medical Devices SKU-13931,Medical Devices,9018.31,False,False,True,False,469.51,Pacific Suppliers
659d1e13-d9e4-4d11-bef1-b7d86a326785,Pharma SKU-13932,Pharma,3004.65,False,False,True,False,424.12,Metro Suppliers
2a0bf501-9d14-4dba-830c-a6033a67a823,Consumer Goods SKU-13933,Consumer Goods,3926.29,False,False,False,False,452.66,Eastern Suppliers
25769ce8-16d1-49d9-b27c-836d2298f4b0,Machinery SKU-13934,Machinery,8479.62,False,False,False,False,104.32,Eastern Suppliers
e990fb09-1cb2-4652-bbc0-3e2f492718dd,Consumer Goods SKU-13935,Consumer Goods,3926.16,False,False,False,False,150.29,Metro Suppliers
c7e1b900-1518-497e-b95d-808d73a0c0b0,Food SKU-13936,Food,2106.74,False,False,True,False,644.42,Unity Suppliers
742cf775-7e6a-467a-9d19-8c636299101b,Chemicals SKU-13937,Chemicals,3824.37,False,False,False,False,795.11,Metro Suppliers
8fc510c5-e7d7-43bf-b9c8-f70961f9419e,Consumer Goods SKU-13938,Consumer Goods,3926.97,False,False,False,False,621.59,Unity Suppliers
72bf13b3-bd64-42f7-8b48-2d4a0ae41fa9,Machinery SKU-13939,Machinery,8479.79,False,False,False,False,696.24,Metro Suppliers
34dea794-f7cb-4d3f-b8c3-2e0d1da74790,Medical Devices SKU-13940,Medical Devices,9018.49,False,False,True,True,339.33,Nova Suppliers
7160b3db-9ce3-428c-8c4a-f6a993266c36,Medical Devices SKU-13941,Medical Devices,9018.17,False,False,False,False,551.58,Nova Suppliers
d8a715a3-4fb8-4335-90fc-9b85b23410a1,Automotive Parts SKU-13942,Automotive Parts,8708.69,False,False,False,False,661.61,Pacific Suppliers
36121cb8-2474-4008-ae13-b44738fee369,Chemicals SKU-13943,Chemicals,3824.5,False,False,False,False,123.02,Pacific Suppliers
2e4419bc-f7dd-480e-b814-a866e91d2d39,Textiles SKU-13944,Textiles,6204.95,False,False,False,False,631.09,Pacific Suppliers
b26c710f-2a31-45ff-bf78-cace982ba5f2,Electronics SKU-13945,Electronics,8517.21,False,False,False,True,590.14,Pacific Suppliers
b1463350-478c-49df-afde-2c1c227f9215,Chemicals SKU-13946,Chemicals,3824.81,True,False,False,False,669.21,Metro Suppliers
4318ddbc-0768-4caf-b028-945afdef0dbd,Machinery SKU-13947,Machinery,8479.62,False,False,False,False,211.5,Metro Suppliers
885a907d-11a0-4d94-88a0-1c74debca597,Textiles SKU-13948,Textiles,6204.7,False,False,False,False,530.7,Unity Suppliers
ee38c950-8e9d-486f-94d9-94b8db879d79,Machinery SKU-13949,Machinery,8479.57,False,False,False,False,570.49,Unity Suppliers
960ce3a5-e200-44bf-8824-679ca3a8d0a1,Chemicals SKU-13950,Chemicals,3824.17,True,False,False,False,128.85,Summit Suppliers
9de9b999-5508-4dbd-b8fd-283253e31eb5,Consumer Goods SKU-13951,Consumer Goods,3926.95,False,False,False,False,576.74,Unity Suppliers
2e47e367-0154-4090-ba66-c323d64082f7,Consumer Goods SKU-13952,Consumer Goods,3926.75,False,False,False,False,729.88,Unity Suppliers
fb627cf7-00aa-4975-9f57-202493fcd0e2,Electronics SKU-13953,Electronics,8517.11,False,False,False,True,491.66,Pacific Suppliers
3c35db49-84a2-48ea-a1df-e850a4ceb119,Consumer Goods SKU-13954,Consumer Goods,3926.65,False,False,False,False,612.02,Unity Suppliers
5a6825f5-0be7-4024-82fc-d8e5897cd2cc,Food SKU-13955,Food,2106.93,False,True,False,False,126.9,Nova Suppliers
938f47c4-a301-4ca4-a42c-9156fdf46787,Food SKU-13956,Food,2106.59,False,True,False,False,719.66,Unity Suppliers
7e503923-7ba6-4edb-96a9-cf5933243181,Food SKU-13957,Food,2106.58,False,False,False,False,815.58,Metro Suppliers
d02b0219-04f8-4b38-bc16-6fd0c3dde411,Medical Devices SKU-13958,Medical Devices,9018.51,False,False,True,True,107.87,Metro Suppliers
1b00c5f1-fc02-4bdf-8cc0-33f8fe8d7aa2,Electronics SKU-13959,Electronics,8517.26,False,False,False,True,766.78,Pacific Suppliers
809847e7-b12c-4e7c-b662-135037f8af46,Chemicals SKU-13960,Chemicals,3824.12,True,False,False,False,623.53,Unity Suppliers
b4be67f8-a072-4a6d-9622-38048feb66d3,Pharma SKU-13961,Pharma,3004.12,False,False,True,False,534.06,Summit Suppliers
5a755338-1d19-4534-aec2-b3ed96b563dc,Furniture SKU-13962,Furniture,9403.71,False,False,False,False,23.26,Pacific Suppliers
72d10c18-2208-4060-8b50-05d6c99ca863,Chemicals SKU-13963,Chemicals,3824.28,False,False,False,False,384.7,Pacific Suppliers
f8c65ec6-459e-48b6-9a57-5103fb7b7a33,Electronics SKU-13964,Electronics,8517.33,False,False,False,True,476.09,Eastern Suppliers
2b8e37ac-86ea-46d8-a623-f185b89e8bc4,Food SKU-13965,Food,2106.15,False,False,True,False,604.53,Nova Suppliers
6afcede2-d7ba-4c28-8184-d70ac9735fc0,Consumer Goods SKU-13966,Consumer Goods,3926.43,False,False,False,False,439.35,Unity Suppliers
0cc488c5-4568-4fe0-b530-e88578e8b34e,Consumer Goods SKU-13967,Consumer Goods,3926.85,False,False,False,False,240.34,Nova Suppliers
cb6e81ad-39b3-4b96-ab77-230b108abbd2,Chemicals SKU-13968,Chemicals,3824.9,True,False,False,False,395.09,Nova Suppliers
cdf2e441-e4ed-4e18-aba5-7e65b2793899,Consumer Goods SKU-13969,Consumer Goods,3926.15,False,False,False,False,507.44,Summit Suppliers
cbec5ff0-4149-4d4b-9e5b-449c2533ea1e,Electronics SKU-13970,Electronics,8517.19,False,False,False,True,662.11,Metro Suppliers
4e8a21ee-cc5f-4638-97aa-81f16d364e60,Chemicals SKU-13971,Chemicals,3824.49,False,False,False,False,621.74,Eastern Suppliers
ff828a07-0e3e-4def-a2e4-4a18ac9ff1b8,Pharma SKU-13972,Pharma,3004.76,False,False,False,False,293.86,Unity Suppliers
5b9457f4-68e2-4e26-8378-c2c99832e6fa,Chemicals SKU-13973,Chemicals,3824.31,True,False,False,False,118.87,Pacific Suppliers
deb41a2d-99fc-4eae-9126-6f719d2881da,Consumer Goods SKU-13974,Consumer Goods,3926.32,False,False,False,False,548.56,Unity Suppliers
17e5dca5-2527-4326-9888-65469cc70c12,Machinery SKU-13975,Machinery,8479.79,False,False,False,False,363.67,Unity Suppliers
09cd49c5-b58c-44dd-ab3f-b393bbb37ef7,Pharma SKU-13976,Pharma,3004.5,False,False,False,False,729.02,Unity Suppliers
248a339c-b4a3-4792-997e-18718798a25e,Automotive Parts SKU-13977,Automotive Parts,8708.46,False,False,False,False,752.98,Metro Suppliers
782496ef-bea5-4413-878f-9ffe3fc3824a,Textiles SKU-13978,Textiles,6204.77,False,False,False,False,9.17,Pacific Suppliers
558b528b-3162-47f5-97ba-6f68f7f5f588,Chemicals SKU-13979,Chemicals,3824.75,True,False,False,False,514.32,Pacific Suppliers
3160de75-f056-4e22-9ad7-4f20b6c58366,Furniture SKU-13980,Furniture,9403.76,False,False,False,False,63.75,Metro Suppliers
2e6c270d-5f98-44d8-9bef-9cd454ee7212,Chemicals SKU-13981,Chemicals,3824.12,True,False,False,False,27.73,Nova Suppliers
5624ad09-6bfa-44d8-8b65-46d61f7e34d7,Pharma SKU-13982,Pharma,3004.34,False,False,True,False,710.63,Pacific Suppliers
18c7b495-78d1-4263-894e-b0ce6a8c2722,Chemicals SKU-13983,Chemicals,3824.52,False,False,False,False,34.36,Unity Suppliers
c00781f5-de6b-4db7-adf9-61c8435947be,Automotive Parts SKU-13984,Automotive Parts,8708.56,False,False,False,False,300.7,Summit Suppliers
48427764-fa84-4bb0-8a1a-14f3f168d306,Chemicals SKU-13985,Chemicals,3824.31,False,False,False,False,93.45,Eastern Suppliers
be22d365-174d-4fbb-9cde-7f5c07395a39,Machinery SKU-13986,Machinery,8479.95,False,False,False,False,840.49,Eastern Suppliers
c1c1c40d-fcbd-4cf0-ba63-68bebb052058,Furniture SKU-13987,Furniture,9403.57,False,False,False,False,213.28,Metro Suppliers
b5790812-5902-4a76-9c3b-5332e67cefdf,Medical Devices SKU-13988,Medical Devices,9018.54,False,False,True,False,153.77,Nova Suppliers
39b64355-e32d-45f8-b686-d78954611bdf,Medical Devices SKU-13989,Medical Devices,9018.15,False,False,True,False,301.67,Eastern Suppliers
c9d7cab5-b314-40bd-a73c-602e4f5591db,Consumer Goods SKU-13990,Consumer Goods,3926.3,False,False,False,False,17.28,Summit Suppliers
7ce609f3-7939-494d-a372-29aadc930aa2,Automotive Parts SKU-13991,Automotive Parts,8708.48,False,False,False,False,646.75,Unity Suppliers
65882bd8-751b-48b7-b4bf-786a3a28137c,Furniture SKU-13992,Furniture,9403.24,False,False,False,True,336.01,Pacific Suppliers
bc2f2c79-69ac-4bdc-a22d-dd5547efe2e2,Medical Devices SKU-13993,Medical Devices,9018.63,False,False,True,True,222.85,Eastern Suppliers
a46e2cdd-6cd8-49a6-9261-f768aa7df20d,Textiles SKU-13994,Textiles,6204.29,False,False,False,False,453.65,Unity Suppliers
39430220-bafd-4393-ab8b-e1dddf11aa5e,Machinery SKU-13995,Machinery,8479.11,False,False,False,False,462.17,Eastern Suppliers
3db27e23-14f2-4115-a0ab-c3e1a4f13fbe,Furniture SKU-13996,Furniture,9403.21,False,False,False,False,547.93,Pacific Suppliers
bccb46e6-4f9f-475c-9cff-b4577c32aacd,Consumer Goods SKU-13997,Consumer Goods,3926.7,False,False,False,False,671.92,Metro Suppliers
21586d95-3d5c-4d4c-8110-94676750a099,Medical Devices SKU-13998,Medical Devices,9018.4,False,False,False,False,521.31,Eastern Suppliers
b889cea4-8cc6-4805-b58f-32a48d468f3c,Electronics SKU-13999,Electronics,8517.92,False,False,False,True,828.76,Nova Suppliers
f69f1be6-d50b-49aa-b003-a850c613b191,Textiles SKU-14000,Textiles,6204.73,False,False,False,False,674.38,Nova Suppliers
3f3d3635-6995-4a99-b1c8-98e645946777,Electronics SKU-14001,Electronics,8517.73,False,False,False,True,802.71,Metro Suppliers
3002558c-689a-4d6c-96c6-973f5dccb33e,Automotive Parts SKU-14002,Automotive Parts,8708.36,False,False,False,False,759.67,Nova Suppliers
196e5452-9384-4aff-8626-f34fd40142f8,Electronics SKU-14003,Electronics,8517.58,False,False,False,True,73.26,Unity Suppliers
12cf812a-98d9-40b2-91bc-5fefc2c2abb6,Medical Devices SKU-14004,Medical Devices,9018.31,False,False,True,False,130.01,Unity Suppliers
dba98fb0-7d07-4407-8fdc-611cfb2d57c0,Food SKU-14005,Food,2106.3,False,True,True,False,320.55,Unity Suppliers
e30481b1-b4c7-4006-adca-a9f49aec124e,Machinery SKU-14006,Machinery,8479.81,False,False,False,False,378.46,Unity Suppliers
89dd4a34-9d2c-4aad-8a48-446f92ce6a36,Machinery SKU-14007,Machinery,8479.67,False,False,False,False,458.25,Nova Suppliers
05fa6ccb-e9d9-4845-894b-c1b77e3c113f,Electronics SKU-14008,Electronics,8517.95,False,False,False,True,541.38,Metro Suppliers
4ec6624f-977d-4f5b-b325-b11ea34b8d11,Pharma SKU-14009,Pharma,3004.16,False,True,False,False,436.51,Metro Suppliers
10090784-677f-453a-8faa-1848aca52b76,Machinery SKU-14010,Machinery,8479.58,False,False,False,False,189.88,Nova Suppliers
b55871d2-88c8-43c0-89c6-092f0f43aa47,Textiles SKU-14011,Textiles,6204.85,False,False,False,False,794.45,Nova Suppliers
81d8405f-a472-4bba-831c-adb8d898ae6a,Food SKU-14012,Food,2106.26,False,True,True,False,358.46,Eastern Suppliers
23570e5d-f291-4030-a262-94ec8f0b3f52,Furniture SKU-14013,Furniture,9403.44,False,False,False,True,609.9,Nova Suppliers
ac484b0d-176f-42bf-88bd-309cac24fba3,Food SKU-14014,Food,2106.11,False,False,True,False,705.79,Pacific Suppliers
9aec485f-2d31-42a3-92ed-792870a19fe2,Food SKU-14015,Food,2106.25,False,False,False,False,445.91,Unity Suppliers
78e966b1-985c-4075-bf4e-1eab3a984c9a,Chemicals SKU-14016,Chemicals,3824.74,True,False,False,False,841.42,Unity Suppliers
566c7e03-7fe9-4bd7-80a3-f48ed9947eca,Machinery SKU-14017,Machinery,8479.47,False,False,False,False,370.61,Pacific Suppliers
dcb7e5ca-bf92-4ac2-ae4a-cfe662b70c26,Consumer Goods SKU-14018,Consumer Goods,3926.75,False,False,False,False,134.9,Summit Suppliers
a037c014-8e9e-42f8-a959-911ef914587c,Machinery SKU-14019,Machinery,8479.98,False,False,False,False,757.59,Nova Suppliers
0e5ec2e5-75e1-418d-90a8-9da137db0943,Machinery SKU-14020,Machinery,8479.57,False,False,False,False,173.08,Pacific Suppliers
9e0588cb-826d-46d0-b763-f2ee1a3c128c,Automotive Parts SKU-14021,Automotive Parts,8708.88,False,False,False,False,564.33,Pacific Suppliers
0e78fd4c-7140-4581-9188-5f3105dce5c7,Pharma SKU-14022,Pharma,3004.32,False,False,False,False,782.14,Nova Suppliers
d59357cf-2fcc-4f59-819d-8f7de7250182,Machinery SKU-14023,Machinery,8479.66,False,False,False,False,694.42,Eastern Suppliers
001d04a0-c74b-4159-aac9-f9ab13834e9b,Furniture SKU-14024,Furniture,9403.94,False,False,False,False,737.35,Unity Suppliers
63545c0e-f2b8-40fc-b966-dce503f194d8,Machinery SKU-14025,Machinery,8479.61,False,False,False,False,759.87,Metro Suppliers
64a36265-77c8-455b-b807-c3400bf2ae98,Medical Devices SKU-14026,Medical Devices,9018.61,False,False,True,True,621.56,Summit Suppliers
a5ec4e5f-beb7-45e1-ac53-04b2fa2b05cb,Medical Devices SKU-14027,Medical Devices,9018.55,False,False,True,True,185.69,Metro Suppliers
f5dcd227-cf35-4073-8a55-d028e44a7e14,Medical Devices SKU-14028,Medical Devices,9018.67,False,False,False,True,391.12,Nova Suppliers
3f9f9a73-f474-4d46-80d2-3e03a40eddd6,Furniture SKU-14029,Furniture,9403.33,False,False,False,True,681.13,Nova Suppliers
33505428-2160-4526-a22a-5905d2841d0d,Furniture SKU-14030,Furniture,9403.87,False,False,False,False,544.28,Nova Suppliers
7a59eb03-884d-4ed9-bb10-c644f9eab9da,Food SKU-14031,Food,2106.42,False,False,False,False,363.96,Unity Suppliers
454d367a-1e9c-444d-91da-853d631a1cae,Automotive Parts SKU-14032,Automotive Parts,8708.33,False,False,False,False,221.78,Summit Suppliers
412b9bcd-ec82-4624-b783-5deb46675e95,Chemicals SKU-14033,Chemicals,3824.27,False,False,False,False,558.15,Metro Suppliers
aa4d029e-8b60-4d63-ae35-ee0eaaae11bf,Consumer Goods SKU-14034,Consumer Goods,3926.98,False,False,False,False,4.37,Unity Suppliers
eaf932a6-c967-473d-bd96-57a893e3e4dc,Medical Devices SKU-14035,Medical Devices,9018.98,False,False,True,False,543.16,Summit Suppliers
5f805e6a-ab3f-4cdf-816e-b718bc293c86,Chemicals SKU-14036,Chemicals,3824.45,False,False,False,False,785.03,Unity Suppliers
e12e0c57-7a76-49d5-ba96-0cf34429d8c6,Chemicals SKU-14037,Chemicals,3824.66,True,False,False,False,469.35,Eastern Suppliers
2dd70e23-d9ef-4fcc-ac9d-8c9da194e993,Food SKU-14038,Food,2106.44,False,False,False,False,724.41,Nova Suppliers
e65c39c4-38bf-4a42-8599-0ed0d0180bcb,Electronics SKU-14039,Electronics,8517.43,False,False,False,False,252.56,Metro Suppliers
0ccaadc5-0ebb-4bea-bab9-df7da3d33b5f,Chemicals SKU-14040,Chemicals,3824.46,True,False,False,False,60.18,Nova Suppliers
d1d17c31-0380-4342-a3c2-7ab401fab63b,Chemicals SKU-14041,Chemicals,3824.67,True,False,False,False,79.15,Pacific Suppliers
416c1baf-4099-4e9e-83cb-d30af41b1473,Food SKU-14042,Food,2106.52,False,False,False,False,430.52,Nova Suppliers
eabc5561-614f-4815-a476-f1aa6063b6a6,Medical Devices SKU-14043,Medical Devices,9018.89,False,False,False,True,568.23,Unity Suppliers
4a197999-2831-4bb2-b8ec-819598e6a070,Textiles SKU-14044,Textiles,6204.55,False,False,False,False,698.47,Unity Suppliers
efb53297-1328-4357-bad3-f8b61fbf54f0,Automotive Parts SKU-14045,Automotive Parts,8708.11,False,False,False,False,243.66,Metro Suppliers
5e8227b9-e492-4d82-8211-ae291c604e23,Consumer Goods SKU-14046,Consumer Goods,3926.29,False,False,False,False,4.25,Metro Suppliers
4e1a337c-064a-4c28-b552-9b5d00fb0122,Furniture SKU-14047,Furniture,9403.13,False,False,False,True,525.45,Nova Suppliers
5a793170-2bde-4af0-9279-6a6ee97cf182,Machinery SKU-14048,Machinery,8479.62,False,False,False,False,846.31,Pacific Suppliers
2fba74d7-985a-4123-87b8-8c0631cff9de,Textiles SKU-14049,Textiles,6204.66,False,False,False,False,70.76,Pacific Suppliers
fa9ba11c-b3d1-4721-a5b3-7b6b203e9d5e,Consumer Goods SKU-14050,Consumer Goods,3926.3,False,False,False,False,576.44,Summit Suppliers
c9a524f1-8a76-4d97-a309-d439329316d4,Consumer Goods SKU-14051,Consumer Goods,3926.92,False,False,False,False,207.99,Unity Suppliers
e44dd04a-4d05-4b5d-95cd-bbf878d54416,Machinery SKU-14052,Machinery,8479.36,False,False,False,False,652.34,Metro Suppliers
2a8b1e15-ef83-496f-8292-0571dbc42e59,Food SKU-14053,Food,2106.46,False,True,True,False,285.66,Unity Suppliers
db0fcec1-acbc-45d7-a891-997146fc769c,Automotive Parts SKU-14054,Automotive Parts,8708.57,False,False,False,False,357.81,Unity Suppliers
be5e7609-f26c-4d8e-8473-129ae6fc83c8,Medical Devices SKU-14055,Medical Devices,9018.49,False,False,False,True,157.71,Metro Suppliers
92212139-e5d0-4ce5-8aec-45220c8f852e,Consumer Goods SKU-14056,Consumer Goods,3926.53,False,False,False,False,450.9,Pacific Suppliers
e4971a0d-171e-43a1-98f2-0c77df0e9427,Electronics SKU-14057,Electronics,8517.82,False,False,False,True,73.77,Nova Suppliers
79db6b83-c4ed-4b81-a628-e6a017335cb2,Consumer Goods SKU-14058,Consumer Goods,3926.17,False,False,False,False,839.1,Metro Suppliers
d6d52865-9278-4a28-b674-9c2f8a17d73e,Automotive Parts SKU-14059,Automotive Parts,8708.27,False,False,False,False,341.95,Summit Suppliers
68810d12-696d-43c4-943f-b5c676607bfd,Food SKU-14060,Food,2106.6,False,True,False,False,542.26,Unity Suppliers
148583c2-3363-41c6-aad1-b76a19abf7fe,Consumer Goods SKU-14061,Consumer Goods,3926.27,False,False,False,False,236.77,Summit Suppliers
ea3b6bf4-56d1-4517-8f74-dcaa8c741ada,Automotive Parts SKU-14062,Automotive Parts,8708.23,False,False,False,False,75.84,Eastern Suppliers
0417170e-483f-4805-97b1-40ff3d972e59,Automotive Parts SKU-14063,Automotive Parts,8708.38,False,False,False,False,774.37,Eastern Suppliers
8bf7cc69-b78f-4de8-a38d-2744bd6a5e32,Electronics SKU-14064,Electronics,8517.31,False,False,False,False,121.78,Metro Suppliers
e85585b7-0f1c-42fe-a900-6e12f48720cf,Consumer Goods SKU-14065,Consumer Goods,3926.59,False,False,False,False,360.36,Eastern Suppliers
c06cc2d4-7282-4ea2-b549-e63faaa09f40,Chemicals SKU-14066,Chemicals,3824.54,True,False,False,False,158.86,Summit Suppliers
4c033704-7001-4a73-b81c-aa5b48ccc476,Automotive Parts SKU-14067,Automotive Parts,8708.95,False,False,False,False,794.71,Nova Suppliers
6c532e3b-4a88-4eaa-b609-f9eac8f7a82f,Furniture SKU-14068,Furniture,9403.6,False,False,False,True,81.04,Unity Suppliers
87c29c39-3537-4bf6-a12d-afe7688e830e,Consumer Goods SKU-14069,Consumer Goods,3926.33,False,False,False,False,486.9,Eastern Suppliers
13b69e1f-739b-4b2d-bbac-28b80ddb1e01,Food SKU-14070,Food,2106.71,False,True,False,False,616.7,Eastern Suppliers
08ce3177-edb4-4e8d-bd22-e01f27af11d0,Textiles SKU-14071,Textiles,6204.32,False,False,False,False,383.71,Metro Suppliers
e2c7ca14-974d-4b9d-9240-a12915768bfd,Textiles SKU-14072,Textiles,6204.94,False,False,False,False,122.51,Nova Suppliers
1877c821-b396-4c49-b971-238969a374c1,Furniture SKU-14073,Furniture,9403.68,False,False,False,True,114.58,Nova Suppliers
9566209f-d50e-47ec-b265-745d0497655f,Pharma SKU-14074,Pharma,3004.38,False,False,True,False,574.85,Unity Suppliers
fc6d33e0-a04c-427d-ab8b-68c8d07f4fa5,Furniture SKU-14075,Furniture,9403.52,False,False,False,True,687.07,Unity Suppliers
6966172c-4171-4e9e-93a3-67c55cfb9d01,Chemicals SKU-14076,Chemicals,3824.14,False,False,False,False,309.81,Summit Suppliers
cea69294-ea8e-4f90-b166-98f147b33c88,Chemicals SKU-14077,Chemicals,3824.27,False,False,False,False,141.34,Summit Suppliers
1f15c700-50e0-4add-abdc-ca0a6c1ffd0c,Textiles SKU-14078,Textiles,6204.66,False,False,False,False,455.02,Unity Suppliers
0371c3a8-06b5-4177-9bb5-ab61379944c8,Pharma SKU-14079,Pharma,3004.64,False,True,False,False,847.06,Eastern Suppliers
ca6ab13a-5678-45b7-b572-259acd078ee2,Medical Devices SKU-14080,Medical Devices,9018.17,False,False,False,False,503.31,Unity Suppliers
1eb6216f-7f8a-4450-8dcb-d3fd0147732b,Automotive Parts SKU-14081,Automotive Parts,8708.67,False,False,False,False,498.66,Summit Suppliers
c711246c-b5e6-4e8b-bd5d-ad257998f8fb,Medical Devices SKU-14082,Medical Devices,9018.49,False,False,False,False,251.99,Summit Suppliers
fb17f2e8-5866-49c5-ada1-def421f7d54d,Textiles SKU-14083,Textiles,6204.89,False,False,False,False,705.37,Unity Suppliers
564b7e01-d69b-4907-baec-3293a2583867,Food SKU-14084,Food,2106.97,False,False,True,False,39.93,Summit Suppliers
63b4b2c6-b461-487e-9200-e8846861e6a2,Machinery SKU-14085,Machinery,8479.51,False,False,False,False,273.8,Nova Suppliers
8ade9448-8df9-4ae1-b3d0-3b860d1a361c,Consumer Goods SKU-14086,Consumer Goods,3926.84,False,False,False,False,134.33,Metro Suppliers
18a1d7e4-44d3-4937-acee-80ac416e529f,Medical Devices SKU-14087,Medical Devices,9018.84,False,False,False,True,310.22,Unity Suppliers
462dac2e-6055-4697-93d7-ab7bcb551c2f,Food SKU-14088,Food,2106.19,False,True,False,False,818.45,Unity Suppliers
56b241dc-3ac4-427c-8be2-f40db9cc4e99,Food SKU-14089,Food,2106.34,False,True,True,False,233.5,Nova Suppliers
a2e09661-955d-4543-ae99-6200a931f12d,Consumer Goods SKU-14090,Consumer Goods,3926.58,False,False,False,False,735.2,Unity Suppliers
461e3426-8c98-449b-b2f4-cb1f06215963,Textiles SKU-14091,Textiles,6204.58,False,False,False,False,198.99,Pacific Suppliers
d0b8baeb-edd3-4244-80c2-b54ec93785b8,Food SKU-14092,Food,2106.28,False,False,False,False,647.83,Summit Suppliers
55a21528-2f61-4e39-9b9e-7c921d7b8064,Chemicals SKU-14093,Chemicals,3824.71,True,False,False,False,202.98,Eastern Suppliers
f55556be-8e9a-48f2-a1f8-523890372479,Chemicals SKU-14094,Chemicals,3824.94,False,False,False,False,707.69,Eastern Suppliers
ea3ede39-3f21-4f2e-9bbf-dcde7ea3dd1e,Consumer Goods SKU-14095,Consumer Goods,3926.38,False,False,False,False,521.62,Pacific Suppliers
0f3139de-1ba3-400f-9d07-5f6a535891f6,Medical Devices SKU-14096,Medical Devices,9018.27,False,False,True,False,657.52,Unity Suppliers
7efd7298-011e-4955-a3b5-e43901c2ffe5,Consumer Goods SKU-14097,Consumer Goods,3926.75,False,False,False,False,688.47,Nova Suppliers
79ea38dc-4fa2-4202-9c5b-92ff4e0e0b3b,Pharma SKU-14098,Pharma,3004.37,False,False,False,False,828.77,Unity Suppliers
070e8b1e-5a8e-421a-bbdc-5f1c1fd73163,Machinery SKU-14099,Machinery,8479.95,False,False,False,False,203.16,Summit Suppliers
375c16d0-aca2-4542-9060-fc933f9229f3,Automotive Parts SKU-14100,Automotive Parts,8708.62,False,False,False,False,359.01,Metro Suppliers
ab7baf41-8869-423a-978e-fd06ee68ff31,Electronics SKU-14101,Electronics,8517.29,False,False,False,False,48.2,Nova Suppliers
ec956628-1b46-4a15-9449-093606908358,Chemicals SKU-14102,Chemicals,3824.14,False,False,False,False,612.69,Pacific Suppliers
fa1ac266-c6ae-4d3f-9ba4-e017345c80d6,Pharma SKU-14103,Pharma,3004.73,False,True,False,False,592.16,Pacific Suppliers
456b2416-7913-4fbf-810d-9d4b69e56c08,Electronics SKU-14104,Electronics,8517.19,False,False,False,False,162.63,Eastern Suppliers
0c79bdc7-1178-49c1-ab47-c934ce95a13f,Medical Devices SKU-14105,Medical Devices,9018.36,False,False,False,True,25.42,Summit Suppliers
64076edf-5e20-48b5-86b3-3321218e7db3,Medical Devices SKU-14106,Medical Devices,9018.33,False,False,True,False,324.8,Summit Suppliers
6e4249d3-bcf1-4c52-a482-5d3496cc8ca5,Furniture SKU-14107,Furniture,9403.16,False,False,False,False,269.92,Metro Suppliers
ef3840ad-e96c-4523-9f91-834a8eeca8c2,Consumer Goods SKU-14108,Consumer Goods,3926.3,False,False,False,False,283.82,Eastern Suppliers
ef3bbee1-30f7-43aa-a1bf-5b3e31d7126e,Food SKU-14109,Food,2106.99,False,False,False,False,699.89,Metro Suppliers
ccf42bd6-0f6f-468d-8499-ba4df2f52bf3,Pharma SKU-14110,Pharma,3004.87,False,True,True,False,430.71,Nova Suppliers
4ff7fd63-1350-4d70-afc4-8485ac1315e9,Consumer Goods SKU-14111,Consumer Goods,3926.38,False,False,False,False,565.84,Nova Suppliers
5df98938-6a2a-461f-8295-dbd71932b03d,Automotive Parts SKU-14112,Automotive Parts,8708.28,False,False,False,False,271.64,Metro Suppliers
ae5a7d4e-896c-487a-a3c9-8af66abae918,Automotive Parts SKU-14113,Automotive Parts,8708.38,False,False,False,False,703.15,Eastern Suppliers
27f40856-0b87-4de8-ba4f-ff507d918273,Chemicals SKU-14114,Chemicals,3824.77,True,False,False,False,50.41,Unity Suppliers
b80ff33d-937a-4d47-8e6b-b6b377e02f94,Textiles SKU-14115,Textiles,6204.35,False,False,False,False,536.22,Eastern Suppliers
cb8ee85e-e716-47eb-85c1-6eb079bebf35,Pharma SKU-14116,Pharma,3004.32,False,True,False,False,550.94,Summit Suppliers
57720428-35bf-488b-961c-c0fbc269417f,Furniture SKU-14117,Furniture,9403.84,False,False,False,True,218.98,Unity Suppliers
5233d0fe-b40d-4622-a4fe-990fbdb0b629,Medical Devices SKU-14118,Medical Devices,9018.36,False,False,False,False,232.91,Unity Suppliers
20faebfe-e5ec-4706-880e-4fd02efb8924,Food SKU-14119,Food,2106.37,False,False,True,False,440.21,Unity Suppliers
e1d51f6d-bf98-4e74-b8cd-705aad702fa8,Pharma SKU-14120,Pharma,3004.73,False,True,False,False,505.19,Pacific Suppliers
e759fe4e-1232-4e5d-90e5-e36ed576ca20,Medical Devices SKU-14121,Medical Devices,9018.76,False,False,True,True,822.24,Unity Suppliers
acc667ca-f4c2-49cd-990e-71125136642a,Pharma SKU-14122,Pharma,3004.33,False,False,True,False,405.66,Eastern Suppliers
a185a054-445e-440e-ab6f-37281380d855,Furniture SKU-14123,Furniture,9403.68,False,False,False,True,315.83,Metro Suppliers
95fdc89a-b3a0-44b6-b962-77d17390b827,Textiles SKU-14124,Textiles,6204.81,False,False,False,False,812.48,Eastern Suppliers
dadcd96b-ddb0-4323-b026-19fb63966703,Machinery SKU-14125,Machinery,8479.2,False,False,False,False,71.98,Summit Suppliers
bdf41733-c17b-4405-91b5-1ea8a85910a4,Food SKU-14126,Food,2106.55,False,True,True,False,54.75,Summit Suppliers
3db79f26-ea9e-46fe-8133-249e39952f1f,Pharma SKU-14127,Pharma,3004.99,False,False,True,False,2.04,Unity Suppliers
7c735b4a-1275-49d3-9a7f-6a8fdfb90364,Consumer Goods SKU-14128,Consumer Goods,3926.33,False,False,False,False,158.08,Summit Suppliers
c28e8fe5-1d5c-4a1b-ba98-1f38f5f92364,Textiles SKU-14129,Textiles,6204.53,False,False,False,False,152.67,Metro Suppliers
4befa7bf-e299-4e01-b315-5c429667cfd1,Furniture SKU-14130,Furniture,9403.32,False,False,False,True,822.91,Pacific Suppliers
e858d47f-94c3-46de-9fce-605b9a808d99,Medical Devices SKU-14131,Medical Devices,9018.13,False,False,True,True,789.86,Unity Suppliers
53d7273b-debd-47fc-92f6-88c36f382006,Food SKU-14132,Food,2106.61,False,False,False,False,680.44,Nova Suppliers
2b327a45-6658-4853-b98e-958fe12737ec,Chemicals SKU-14133,Chemicals,3824.21,False,False,False,False,621.77,Nova Suppliers
eac06a6e-9901-4a4c-bfcd-2d0e9e7092e1,Food SKU-14134,Food,2106.84,False,True,True,False,250.8,Pacific Suppliers
1d47bf1e-7ec9-48e1-b9ef-792d2f6758d9,Automotive Parts SKU-14135,Automotive Parts,8708.91,False,False,False,False,516.55,Pacific Suppliers
d2348e19-9a75-43f8-9fb0-e1c7983c1a3a,Pharma SKU-14136,Pharma,3004.36,False,True,True,False,469.42,Summit Suppliers
4bb4dc4e-13b2-45af-a85e-d07513f76d04,Machinery SKU-14137,Machinery,8479.51,False,False,False,False,288.18,Summit Suppliers
0cad1110-1f04-484b-b9db-846039e2afef,Machinery SKU-14138,Machinery,8479.78,False,False,False,False,734.29,Summit Suppliers
2b63436f-6b0f-4f2d-81b2-5e9c206d887c,Machinery SKU-14139,Machinery,8479.77,False,False,False,False,678.17,Summit Suppliers
693a8075-408d-47dd-9aa1-898401228b7c,Chemicals SKU-14140,Chemicals,3824.89,False,False,False,False,739.4,Summit Suppliers
dffca5b5-9440-4662-82f9-acbf04ffa5a1,Textiles SKU-14141,Textiles,6204.59,False,False,False,False,593.55,Unity Suppliers
93e5ab26-7f9c-4037-ba51-13119bfa1731,Machinery SKU-14142,Machinery,8479.17,False,False,False,False,301.75,Pacific Suppliers
ac936a1d-40c7-41fb-b7ca-1611238b0114,Chemicals SKU-14143,Chemicals,3824.14,True,False,False,False,301.8,Metro Suppliers
99822a46-7232-4a88-89a9-3e341099265b,Pharma SKU-14144,Pharma,3004.82,False,False,False,False,365.31,Eastern Suppliers
f4a34e44-5c3d-4186-8277-8f8f421939c6,Textiles SKU-14145,Textiles,6204.61,False,False,False,False,571.92,Unity Suppliers
2dc5c0fd-c505-4504-939b-6614638265bb,Chemicals SKU-14146,Chemicals,3824.29,True,False,False,False,143.06,Pacific Suppliers
29d486c9-b514-4ac3-b640-88cf1ae41ef1,Food SKU-14147,Food,2106.3,False,False,False,False,508.43,Eastern Suppliers
def12c8a-a34f-464f-8148-04a8f1833e68,Chemicals SKU-14148,Chemicals,3824.45,False,False,False,False,212.34,Pacific Suppliers
6ead8772-0e65-4c37-97a1-2c331c8cd607,Furniture SKU-14149,Furniture,9403.13,False,False,False,False,799.54,Pacific Suppliers
6eab010f-8c30-444b-8b5e-a2d6762cb544,Electronics SKU-14150,Electronics,8517.85,False,False,False,True,598.63,Eastern Suppliers
1e16eb2a-ca2c-4432-8fb4-9f97e6eaa444,Machinery SKU-14151,Machinery,8479.33,False,False,False,False,378.68,Nova Suppliers
2dc0f188-719f-4d59-b407-ddefb2167576,Medical Devices SKU-14152,Medical Devices,9018.43,False,False,False,False,658.63,Nova Suppliers
7d62be57-e9cc-412e-8535-c7b7c3c37c3f,Electronics SKU-14153,Electronics,8517.2,False,False,False,False,425.0,Pacific Suppliers
54989cf0-3f60-468b-a590-49bc33cc7e03,Furniture SKU-14154,Furniture,9403.47,False,False,False,False,155.45,Pacific Suppliers
01521d24-4a59-404a-92d3-3516c05d5d01,Consumer Goods SKU-14155,Consumer Goods,3926.35,False,False,False,False,96.68,Unity Suppliers
6848fb2a-c6f8-49f9-a9e8-87cb2b3e39f2,Machinery SKU-14156,Machinery,8479.9,False,False,False,False,757.67,Unity Suppliers
890a466b-6e83-4c36-afa8-eb10b0822f6c,Pharma SKU-14157,Pharma,3004.8,False,False,True,False,86.78,Pacific Suppliers
0ea551f0-73ca-48b5-8588-7664a2221ec9,Automotive Parts SKU-14158,Automotive Parts,8708.98,False,False,False,False,674.54,Metro Suppliers
c2e21e93-3533-4bfe-a9bd-d5d08836d018,Automotive Parts SKU-14159,Automotive Parts,8708.95,False,False,False,False,760.41,Pacific Suppliers
746bbdba-2f5a-4dff-888e-fca97e2907b7,Pharma SKU-14160,Pharma,3004.85,False,True,True,False,201.06,Pacific Suppliers
3d5763f5-94b0-4f1a-a282-b855d6d05415,Consumer Goods SKU-14161,Consumer Goods,3926.47,False,False,False,False,681.81,Metro Suppliers
81762a45-58fe-4ac0-bfd5-999a6dcdd7c0,Medical Devices SKU-14162,Medical Devices,9018.49,False,False,False,False,355.89,Summit Suppliers
1fa134b1-27f7-4c3a-980d-59fe32b88d35,Textiles SKU-14163,Textiles,6204.13,False,False,False,False,18.38,Metro Suppliers
84229f90-bf9d-4438-925e-1cd2233997e8,Medical Devices SKU-14164,Medical Devices,9018.25,False,False,True,True,286.01,Eastern Suppliers
7a50e3a7-741f-4c56-b47e-36fc692f4cbc,Chemicals SKU-14165,Chemicals,3824.9,True,False,False,False,210.77,Metro Suppliers
2bfdc208-cbd8-4a03-a911-01e280329965,Food SKU-14166,Food,2106.99,False,False,False,False,474.56,Eastern Suppliers
82b28e03-8187-4916-8f5d-72248596ab2a,Chemicals SKU-14167,Chemicals,3824.39,False,False,False,False,615.92,Nova Suppliers
cc0290f9-1708-43e3-a41a-b1fa7e8676be,Furniture SKU-14168,Furniture,9403.58,False,False,False,True,618.07,Pacific Suppliers
8b5d0098-97b4-44bc-bc6c-a326672f8a52,Furniture SKU-14169,Furniture,9403.23,False,False,False,False,232.91,Nova Suppliers
f6fc8313-810e-456c-b1e4-559e544221ce,Food SKU-14170,Food,2106.58,False,False,False,False,412.98,Pacific Suppliers
c6003287-d589-432e-8b45-efb2de96194a,Medical Devices SKU-14171,Medical Devices,9018.22,False,False,True,True,811.1,Unity Suppliers
b409ba76-1152-4528-93b7-1ae3e99ce189,Consumer Goods SKU-14172,Consumer Goods,3926.37,False,False,False,False,713.35,Nova Suppliers
c1d9870e-5439-43a6-a425-4ef6c491199d,Food SKU-14173,Food,2106.59,False,False,True,False,728.69,Summit Suppliers
27a13fa2-87a6-4378-a45e-fc62b315167c,Textiles SKU-14174,Textiles,6204.11,False,False,False,False,138.22,Nova Suppliers
456758ce-fe9f-4eb2-8f7f-8acb3a2f8d35,Automotive Parts SKU-14175,Automotive Parts,8708.78,False,False,False,False,774.63,Summit Suppliers
e4585cb8-7bb3-4aad-a872-e34888cb4840,Food SKU-14176,Food,2106.92,False,True,False,False,789.96,Nova Suppliers
b547738c-b980-40d5-8ebe-a31a30a9bc0b,Chemicals SKU-14177,Chemicals,3824.55,True,False,False,False,61.39,Nova Suppliers
d65e257c-f203-47b8-b7e2-fb62078329b0,Medical Devices SKU-14178,Medical Devices,9018.39,False,False,False,True,309.16,Pacific Suppliers
f4e277f2-2a81-4976-ad77-a60fba249eef,Furniture SKU-14179,Furniture,9403.92,False,False,False,True,461.11,Metro Suppliers
f5b031d8-0a75-46af-95f4-410ad07a4e76,Furniture SKU-14180,Furniture,9403.73,False,False,False,True,671.68,Eastern Suppliers
82db6cf2-285a-4653-92a9-a818ef0f986c,Pharma SKU-14181,Pharma,3004.52,False,True,True,False,582.86,Unity Suppliers
950b740d-d10a-410e-8b86-becfa6226877,Textiles SKU-14182,Textiles,6204.15,False,False,False,False,91.88,Nova Suppliers
aaab82f0-ba48-4ed0-a2f2-f0f5de8c8294,Consumer Goods SKU-14183,Consumer Goods,3926.14,False,False,False,False,633.5,Nova Suppliers
531a6f9e-e01b-4782-ad3a-288057fac3fa,Automotive Parts SKU-14184,Automotive Parts,8708.41,False,False,False,False,127.08,Unity Suppliers
3494a6d2-260c-4041-a67a-5b0a94eceb73,Furniture SKU-14185,Furniture,9403.7,False,False,False,False,155.67,Summit Suppliers
16ae5c86-e4ca-4553-8c4c-101f9eb37864,Automotive Parts SKU-14186,Automotive Parts,8708.9,False,False,False,False,830.67,Metro Suppliers
69bd7d16-945e-45d5-b967-dc844372d0e0,Furniture SKU-14187,Furniture,9403.78,False,False,False,True,367.62,Unity Suppliers
a7e9417a-0fef-4580-b12f-c857aae34896,Machinery SKU-14188,Machinery,8479.5,False,False,False,False,788.89,Pacific Suppliers
091bacc9-9f84-431f-8cf0-513258e5b743,Medical Devices SKU-14189,Medical Devices,9018.92,False,False,False,False,30.54,Nova Suppliers
35e3de45-045f-4dd6-abfd-b5e28760a5c6,Textiles SKU-14190,Textiles,6204.19,False,False,False,False,123.27,Eastern Suppliers
145c34c1-33da-4d85-a038-b3de51b5d166,Medical Devices SKU-14191,Medical Devices,9018.88,False,False,True,False,384.92,Unity Suppliers
0d25f7af-5f56-498e-a2c9-90eef86a2e9d,Electronics SKU-14192,Electronics,8517.16,False,False,False,True,790.47,Summit Suppliers
394c0e9f-e1e3-4174-89de-3a40651718d7,Textiles SKU-14193,Textiles,6204.83,False,False,False,False,299.57,Unity Suppliers
80402056-1dab-4ff7-94d1-ace4195d7596,Food SKU-14194,Food,2106.68,False,True,True,False,654.81,Nova Suppliers
139cdd8a-014e-488d-beb3-316276f31375,Machinery SKU-14195,Machinery,8479.62,False,False,False,False,822.48,Nova Suppliers
9a9143e0-385f-43cb-a940-a005a707b485,Consumer Goods SKU-14196,Consumer Goods,3926.86,False,False,False,False,599.85,Nova Suppliers
e743b1a7-ac55-403b-85df-3ce9458f8fa4,Pharma SKU-14197,Pharma,3004.36,False,False,False,False,21.09,Unity Suppliers
f467b4b5-e4bf-4212-853b-c7c915735a6d,Textiles SKU-14198,Textiles,6204.37,False,False,False,False,683.74,Summit Suppliers
170037e9-b41f-4f1d-a875-9f0f780f36d6,Machinery SKU-14199,Machinery,8479.15,False,False,False,False,727.96,Nova Suppliers
b6541e34-35eb-41bc-9c87-b3aaef5d36fc,Machinery SKU-14200,Machinery,8479.82,False,False,False,False,389.12,Eastern Suppliers
a0f4182a-b572-4e59-9c1e-fe243166adc7,Automotive Parts SKU-14201,Automotive Parts,8708.63,False,False,False,False,589.31,Nova Suppliers
f0d06069-8f1b-4afa-b274-129b1ea0406e,Textiles SKU-14202,Textiles,6204.63,False,False,False,False,484.22,Metro Suppliers
2f7a9079-f868-4a75-9b27-f807b0946232,Chemicals SKU-14203,Chemicals,3824.2,True,False,False,False,83.65,Summit Suppliers
28df2eff-5f65-4f49-a187-85438c5c6a92,Food SKU-14204,Food,2106.83,False,True,False,False,255.46,Pacific Suppliers
17704992-26ea-4bd5-ab36-1759f1e87003,Chemicals SKU-14205,Chemicals,3824.41,False,False,False,False,151.62,Unity Suppliers
e3197548-c88b-4e08-8666-d85496373bd8,Medical Devices SKU-14206,Medical Devices,9018.95,False,False,False,False,91.09,Summit Suppliers
93eabe4b-dc82-487f-920c-2ea93088665c,Textiles SKU-14207,Textiles,6204.77,False,False,False,False,684.86,Metro Suppliers
3b5ae28a-008e-4884-86d4-7c1fbd6aaefc,Chemicals SKU-14208,Chemicals,3824.98,False,False,False,False,175.26,Unity Suppliers
1eaf5dd1-0de6-4fbe-bf3f-c071261e4234,Pharma SKU-14209,Pharma,3004.63,False,False,True,False,493.69,Eastern Suppliers
11f389ba-b2b9-44a5-a8d7-e0bd9967e116,Machinery SKU-14210,Machinery,8479.81,False,False,False,False,47.35,Summit Suppliers
c2e8ee5d-45b5-4b20-8aa8-be0e9ce26834,Consumer Goods SKU-14211,Consumer Goods,3926.17,False,False,False,False,654.25,Eastern Suppliers
527cf1d3-a602-4b91-a17b-83f39c061d19,Consumer Goods SKU-14212,Consumer Goods,3926.4,False,False,False,False,494.84,Eastern Suppliers
f9b079a9-6bf9-4ccb-81e4-83becde94b12,Textiles SKU-14213,Textiles,6204.5,False,False,False,False,816.87,Eastern Suppliers
eafa57dc-36dd-4343-9b76-b20591126311,Furniture SKU-14214,Furniture,9403.96,False,False,False,True,652.69,Nova Suppliers
4296a905-5d9c-4e43-bc7d-8c7243500200,Consumer Goods SKU-14215,Consumer Goods,3926.83,False,False,False,False,295.47,Nova Suppliers
318def4e-389e-443c-976d-adcdda44e9c3,Food SKU-14216,Food,2106.13,False,True,False,False,410.07,Nova Suppliers
a3acb650-a122-4d95-a8ec-c59c3269f545,Electronics SKU-14217,Electronics,8517.84,False,False,False,False,643.33,Eastern Suppliers
2a517a1b-2ef9-4aa7-a559-68536724206e,Pharma SKU-14218,Pharma,3004.69,False,True,True,False,619.72,Metro Suppliers
f4a7c208-84d4-47b7-8fbb-62080e69d9b5,Consumer Goods SKU-14219,Consumer Goods,3926.86,False,False,False,False,80.89,Summit Suppliers
8f17bea7-3dba-4451-be61-ac210af3f138,Electronics SKU-14220,Electronics,8517.49,False,False,False,True,804.32,Eastern Suppliers
84efb4dc-de77-4d57-93b4-567424f99636,Automotive Parts SKU-14221,Automotive Parts,8708.15,False,False,False,False,841.58,Eastern Suppliers
1218a9f3-697c-4bdc-acba-95ee3f06f518,Automotive Parts SKU-14222,Automotive Parts,8708.26,False,False,False,False,805.76,Eastern Suppliers
fd382281-2913-4b5d-b8f2-86c02d7e63b2,Textiles SKU-14223,Textiles,6204.59,False,False,False,False,75.79,Summit Suppliers
42992b89-7bad-423a-8618-1f3262c07460,Textiles SKU-14224,Textiles,6204.28,False,False,False,False,153.22,Unity Suppliers
1b0e51cf-4224-4d39-9353-56afcfd80a92,Electronics SKU-14225,Electronics,8517.85,False,False,False,True,719.35,Nova Suppliers
d4a6b007-3775-4957-8f53-5bf78f0a96df,Pharma SKU-14226,Pharma,3004.33,False,False,True,False,797.34,Nova Suppliers
92bb8374-40d7-4dd7-9281-1febf31d292c,Furniture SKU-14227,Furniture,9403.95,False,False,False,False,153.39,Metro Suppliers
659839f9-04d4-4f84-9ac0-cf9708c02cb6,Pharma SKU-14228,Pharma,3004.49,False,False,True,False,484.98,Pacific Suppliers
ff568661-0c56-4e00-8d6a-df3f78c32da7,Food SKU-14229,Food,2106.68,False,False,True,False,669.02,Eastern Suppliers
e9594da8-87b8-44e4-8eb8-568f05da4961,Electronics SKU-14230,Electronics,8517.41,False,False,False,True,554.04,Pacific Suppliers
410e0d15-0b27-4ab0-9f89-869d6f5bfab0,Food SKU-14231,Food,2106.9,False,False,True,False,310.19,Eastern Suppliers
a2bb99fd-dc72-401f-893d-b13a4b03bd68,Electronics SKU-14232,Electronics,8517.79,False,False,False,True,517.21,Unity Suppliers
ce9ce221-1ac2-45fa-bdd1-6aca19680f71,Consumer Goods SKU-14233,Consumer Goods,3926.1,False,False,False,False,740.01,Eastern Suppliers
8a378b88-edab-4265-ad60-cadc36acadb9,Medical Devices SKU-14234,Medical Devices,9018.56,False,False,True,False,565.47,Summit Suppliers
0f946b00-43cd-45cb-9c44-92f759dac979,Textiles SKU-14235,Textiles,6204.87,False,False,False,False,431.79,Unity Suppliers
0c90d5fd-e2e3-4c53-b7f0-33ca0ed7475e,Pharma SKU-14236,Pharma,3004.14,False,True,True,False,222.93,Nova Suppliers
7228f087-3143-4b5f-85b0-936f200f5596,Food SKU-14237,Food,2106.15,False,False,False,False,605.17,Summit Suppliers
ebddb066-a547-46d7-a330-1e2f2d25b509,Textiles SKU-14238,Textiles,6204.25,False,False,False,False,374.02,Unity Suppliers
37991a15-20d3-4cc1-8ce2-17d5cd30c8a9,Chemicals SKU-14239,Chemicals,3824.3,True,False,False,False,651.26,Eastern Suppliers
b19d493a-d4b6-42ac-a37a-9e546a415199,Pharma SKU-14240,Pharma,3004.82,False,False,True,False,428.88,Summit Suppliers
dca4bf85-5432-4f88-ba5c-f55d6ef3c5bf,Furniture SKU-14241,Furniture,9403.14,False,False,False,False,229.77,Eastern Suppliers
e63589bc-9de4-4aef-b1f4-19b5d81fbc73,Textiles SKU-14242,Textiles,6204.17,False,False,False,False,360.07,Metro Suppliers
bbb2451d-3a5a-48e2-b1af-7097698ab349,Medical Devices SKU-14243,Medical Devices,9018.87,False,False,False,True,625.94,Eastern Suppliers
5748c35a-9640-47dd-b953-17a4a767ae05,Automotive Parts SKU-14244,Automotive Parts,8708.36,False,False,False,False,241.62,Unity Suppliers
d69ea38c-783e-43e6-bec5-5f0e000ebc68,Automotive Parts SKU-14245,Automotive Parts,8708.3,False,False,False,False,374.63,Nova Suppliers
5e846062-4c1f-4682-a971-e7889959ee77,Pharma SKU-14246,Pharma,3004.24,False,True,True,False,264.29,Eastern Suppliers
e61ac119-b3f2-48f8-b89d-a442b8ba91e3,Textiles SKU-14247,Textiles,6204.31,False,False,False,False,566.36,Summit Suppliers
7ceb2630-6a7e-48f0-9f8e-ec36599a225e,Textiles SKU-14248,Textiles,6204.95,False,False,False,False,103.51,Eastern Suppliers
d514d99e-51c6-4f24-8321-784c7b78d200,Furniture SKU-14249,Furniture,9403.72,False,False,False,False,458.8,Nova Suppliers
c0dd9219-d410-4cb4-9a9d-af966586fc46,Automotive Parts SKU-14250,Automotive Parts,8708.84,False,False,False,False,735.29,Metro Suppliers
bbd3b803-57e4-42d5-9231-ff01f7d65038,Medical Devices SKU-14251,Medical Devices,9018.26,False,False,True,True,259.37,Pacific Suppliers
d3478482-45c9-4eb0-b72f-f48e2bab130b,Furniture SKU-14252,Furniture,9403.4,False,False,False,False,425.49,Summit Suppliers
4beee700-e6b2-457e-aa87-5d65404d1371,Textiles SKU-14253,Textiles,6204.82,False,False,False,False,579.84,Unity Suppliers
1908c33d-24d2-4e76-aa63-22bac592e48e,Chemicals SKU-14254,Chemicals,3824.57,False,False,False,False,34.17,Metro Suppliers
d5f92a24-864f-4542-b339-34a14529ac0e,Consumer Goods SKU-14255,Consumer Goods,3926.53,False,False,False,False,60.92,Unity Suppliers
f728137d-5325-4629-a23e-1b5e9093fd45,Consumer Goods SKU-14256,Consumer Goods,3926.41,False,False,False,False,735.72,Metro Suppliers
c7b9cb5b-47af-4519-908f-968e6885d3a8,Pharma SKU-14257,Pharma,3004.81,False,True,True,False,707.1,Unity Suppliers
3f0a2c69-3e68-4c3b-9549-a553705d9dce,Food SKU-14258,Food,2106.56,False,False,False,False,411.41,Pacific Suppliers
c0051053-4684-4c1a-a09c-a45cc077bb99,Medical Devices SKU-14259,Medical Devices,9018.43,False,False,False,False,6.79,Unity Suppliers
77c99609-4e26-4726-a91d-5939954512ca,Consumer Goods SKU-14260,Consumer Goods,3926.18,False,False,False,False,515.08,Eastern Suppliers
e344c3e8-6008-4846-a9cf-376454b3e56d,Pharma SKU-14261,Pharma,3004.84,False,False,True,False,504.19,Eastern Suppliers
9a266902-0a2b-414d-8bbb-3f66b5f5a847,Medical Devices SKU-14262,Medical Devices,9018.78,False,False,False,False,616.45,Eastern Suppliers
76df9c66-a095-478d-a87c-1dcae7e0b833,Electronics SKU-14263,Electronics,8517.83,False,False,False,False,473.08,Nova Suppliers
9319f100-5e39-4b7c-ade8-a00c6dc04877,Pharma SKU-14264,Pharma,3004.84,False,True,False,False,689.34,Eastern Suppliers
fceb1d0f-2e4b-49d7-9897-d486ec90d16a,Chemicals SKU-14265,Chemicals,3824.74,False,False,False,False,256.82,Unity Suppliers
6b9bb76d-0913-4c60-a780-8d831a6ff6f1,Textiles SKU-14266,Textiles,6204.49,False,False,False,False,420.55,Metro Suppliers
21a554af-5a3f-4d46-836d-2d69634cc50c,Electronics SKU-14267,Electronics,8517.72,False,False,False,True,322.11,Nova Suppliers
81c8fc3e-177b-4aca-8a83-2e8808bbc363,Medical Devices SKU-14268,Medical Devices,9018.86,False,False,True,True,756.77,Summit Suppliers
60170a89-7d8b-47f7-8d1a-c890dca0f171,Pharma SKU-14269,Pharma,3004.94,False,True,False,False,153.43,Pacific Suppliers
d86f6a98-5086-4769-85d2-0accce30a4e4,Furniture SKU-14270,Furniture,9403.25,False,False,False,False,298.94,Nova Suppliers
f14763b0-2bb7-4584-8675-b101ccef7e2b,Textiles SKU-14271,Textiles,6204.45,False,False,False,False,97.64,Eastern Suppliers
09d863a8-e687-4d86-ac66-7a5f1c0e7431,Furniture SKU-14272,Furniture,9403.28,False,False,False,True,668.79,Pacific Suppliers
2660aa62-3eb8-4a69-8d8c-58e123bccbf7,Food SKU-14273,Food,2106.13,False,True,True,False,125.23,Summit Suppliers
026e63c6-053e-4e41-a859-446cfc66ab28,Automotive Parts SKU-14274,Automotive Parts,8708.21,False,False,False,False,402.6,Pacific Suppliers
92749096-b0ba-40d9-a363-e105ce0e2208,Chemicals SKU-14275,Chemicals,3824.72,False,False,False,False,459.29,Pacific Suppliers
95e0b5c1-da63-4e7a-b76d-59a7bc28b926,Electronics SKU-14276,Electronics,8517.33,False,False,False,True,351.71,Pacific Suppliers
ff7f99b5-3bea-4c4b-8bd6-0315d49acfc3,Medical Devices SKU-14277,Medical Devices,9018.71,False,False,False,False,494.88,Eastern Suppliers
b3ce469b-a972-4a7b-a576-5822da7ffbf3,Automotive Parts SKU-14278,Automotive Parts,8708.22,False,False,False,False,769.78,Eastern Suppliers
9372ece5-cea0-4f32-9740-1c94897c81ba,Textiles SKU-14279,Textiles,6204.32,False,False,False,False,208.3,Unity Suppliers
35bb6e1a-b04f-497b-8421-a25effc27944,Textiles SKU-14280,Textiles,6204.34,False,False,False,False,302.26,Unity Suppliers
dc694931-f787-4448-8b94-d8eb3baa2a5c,Consumer Goods SKU-14281,Consumer Goods,3926.4,False,False,False,False,698.7,Pacific Suppliers
30519d1c-9ab9-443e-bc8c-fcd942cc92d6,Textiles SKU-14282,Textiles,6204.56,False,False,False,False,18.47,Eastern Suppliers
d547b9e9-2266-4a4d-a6df-4ef12da7f007,Chemicals SKU-14283,Chemicals,3824.64,False,False,False,False,95.71,Pacific Suppliers
c7b9fb22-40c9-42dc-bc76-1615b5491ef2,Machinery SKU-14284,Machinery,8479.23,False,False,False,False,121.18,Metro Suppliers
cba256dc-94fb-4d4a-8c30-064d5f6a4718,Electronics SKU-14285,Electronics,8517.56,False,False,False,True,171.72,Metro Suppliers
8448e976-3e3e-4e85-a957-c2b9f880e0a5,Chemicals SKU-14286,Chemicals,3824.71,True,False,False,False,665.61,Nova Suppliers
cc3da9fc-ee67-4ca1-87e6-6a818f2b2169,Furniture SKU-14287,Furniture,9403.94,False,False,False,False,154.85,Pacific Suppliers
06838378-6cf9-43a0-b412-0d17474fae35,Electronics SKU-14288,Electronics,8517.65,False,False,False,False,205.57,Eastern Suppliers
a846cb07-4cfc-4ed3-b78b-4a4e83edb4a6,Furniture SKU-14289,Furniture,9403.83,False,False,False,True,677.88,Metro Suppliers
2b5ca45f-d6a8-4499-a4ff-34dd976a20ff,Chemicals SKU-14290,Chemicals,3824.14,True,False,False,False,587.86,Nova Suppliers
55e0bf28-3823-428d-a9b1-f13e836feed4,Chemicals SKU-14291,Chemicals,3824.66,False,False,False,False,13.37,Metro Suppliers
cbbe34a9-4010-4438-8b0f-256b4026340e,Machinery SKU-14292,Machinery,8479.99,False,False,False,False,294.23,Summit Suppliers
e0ed9ed9-fe62-4b58-b285-fa03fa897e46,Chemicals SKU-14293,Chemicals,3824.17,False,False,False,False,559.34,Unity Suppliers
a230f5ed-3360-4217-8d3d-0892ebd08c68,Consumer Goods SKU-14294,Consumer Goods,3926.16,False,False,False,False,347.56,Metro Suppliers
2ab680b0-49a7-4463-8452-ea518414b197,Automotive Parts SKU-14295,Automotive Parts,8708.58,False,False,False,False,700.97,Nova Suppliers
e0b542a5-3926-4cec-bdd7-fef0fa9b2f13,Machinery SKU-14296,Machinery,8479.38,False,False,False,False,132.49,Unity Suppliers
acc9c66d-da74-4afb-b056-34c5cbbd4234,Food SKU-14297,Food,2106.14,False,False,True,False,789.54,Unity Suppliers
8c980118-c9a9-4e74-977d-b7e0e49730c1,Medical Devices SKU-14298,Medical Devices,9018.91,False,False,False,False,616.1,Summit Suppliers
705985af-bf2b-480d-afb3-8b1b01f5795c,Electronics SKU-14299,Electronics,8517.39,False,False,False,True,414.36,Nova Suppliers
e2b071a0-06f8-4525-9cb1-5f0dcd11c619,Consumer Goods SKU-14300,Consumer Goods,3926.12,False,False,False,False,400.4,Pacific Suppliers
d8c6a3bb-dbab-47d1-bc47-b6a8b61cdbdc,Chemicals SKU-14301,Chemicals,3824.86,False,False,False,False,520.9,Nova Suppliers
785f8df7-1ce9-44a8-97df-1228c2f970cf,Food SKU-14302,Food,2106.69,False,False,False,False,619.99,Unity Suppliers
b73dbb58-67e7-440e-b71b-cb629f321380,Chemicals SKU-14303,Chemicals,3824.32,True,False,False,False,292.36,Eastern Suppliers
3dc66c1d-64b7-4a03-8785-7f3add4fd272,Electronics SKU-14304,Electronics,8517.18,False,False,False,False,570.22,Unity Suppliers
5d4a284d-aaf2-4fe6-8ed5-9b121d618fc3,Machinery SKU-14305,Machinery,8479.65,False,False,False,False,86.0,Metro Suppliers
e6f70c82-ec9b-427b-95cc-dfc639238944,Food SKU-14306,Food,2106.16,False,False,True,False,152.39,Eastern Suppliers
d1c5b802-1c7c-448e-aab5-83f3760125a8,Electronics SKU-14307,Electronics,8517.44,False,False,False,False,782.07,Pacific Suppliers
07548eca-f758-471a-8f9d-cecaa4e8da4b,Consumer Goods SKU-14308,Consumer Goods,3926.47,False,False,False,False,24.62,Metro Suppliers
6302480e-0cf9-4068-9f79-988e7dafb34c,Furniture SKU-14309,Furniture,9403.82,False,False,False,True,716.45,Summit Suppliers
630a8e1b-f9b0-47da-8c14-8c18220d5f17,Consumer Goods SKU-14310,Consumer Goods,3926.86,False,False,False,False,778.52,Nova Suppliers
3494f28d-ccbd-42a6-89f9-e3d75fa1aaee,Textiles SKU-14311,Textiles,6204.58,False,False,False,False,283.86,Nova Suppliers
d681dacf-5b7e-4515-a03a-7554b218ad8a,Pharma SKU-14312,Pharma,3004.96,False,False,False,False,758.62,Eastern Suppliers
09ffe7ae-5ecd-481c-9fc7-b0b53be8e755,Chemicals SKU-14313,Chemicals,3824.61,True,False,False,False,844.55,Metro Suppliers
29429cd2-d79f-474b-a225-980d6c03747b,Chemicals SKU-14314,Chemicals,3824.79,False,False,False,False,711.77,Nova Suppliers
cc440ad7-2feb-4d17-b95b-008ac742d2c4,Food SKU-14315,Food,2106.89,False,False,True,False,684.59,Unity Suppliers
113732a4-e143-43d5-b968-c794f9198383,Consumer Goods SKU-14316,Consumer Goods,3926.7,False,False,False,False,756.96,Unity Suppliers
6d017fbf-dc56-4962-9f6b-77e632c1933d,Chemicals SKU-14317,Chemicals,3824.55,False,False,False,False,226.22,Unity Suppliers
c25f457e-5325-4224-9a2e-8970230097e0,Consumer Goods SKU-14318,Consumer Goods,3926.47,False,False,False,False,406.89,Unity Suppliers
9615bbc4-c370-4ce8-a1bd-0685f7379802,Pharma SKU-14319,Pharma,3004.2,False,False,True,False,735.72,Summit Suppliers
6a0b80a0-9967-4ffc-a22a-e678c6c15280,Pharma SKU-14320,Pharma,3004.98,False,False,False,False,328.59,Summit Suppliers
1a461af7-8e72-4eba-9e26-24efe9598c97,Food SKU-14321,Food,2106.69,False,True,True,False,112.21,Summit Suppliers
64964e79-617f-4a60-bd63-7491195244bc,Automotive Parts SKU-14322,Automotive Parts,8708.64,False,False,False,False,573.89,Eastern Suppliers
ecd381f0-853b-457e-972a-2a2b75e4e286,Medical Devices SKU-14323,Medical Devices,9018.77,False,False,False,False,771.49,Pacific Suppliers
aa98d604-a529-4fdb-9898-87cefa8ab3b0,Food SKU-14324,Food,2106.67,False,False,True,False,519.14,Metro Suppliers
32feed23-5971-4750-8aed-85500aac1d8c,Food SKU-14325,Food,2106.86,False,False,True,False,297.49,Unity Suppliers
57289fba-b35a-4a37-a3d1-bee481d61592,Chemicals SKU-14326,Chemicals,3824.3,True,False,False,False,180.57,Pacific Suppliers
b6505ae6-701a-4ebd-ab36-6b531c5dfe67,Automotive Parts SKU-14327,Automotive Parts,8708.73,False,False,False,False,20.74,Metro Suppliers
b6aeb3a6-3784-4a54-a0a2-b534d9628918,Chemicals SKU-14328,Chemicals,3824.34,False,False,False,False,531.32,Unity Suppliers
fc5d1a81-670d-462f-acba-8daf42f2c0e9,Textiles SKU-14329,Textiles,6204.41,False,False,False,False,673.56,Pacific Suppliers
4660b2ce-bb87-4db6-bdff-42c1ea43a0a3,Food SKU-14330,Food,2106.42,False,False,False,False,485.98,Nova Suppliers
c37754c1-5534-49c0-a69f-75df919c4a28,Chemicals SKU-14331,Chemicals,3824.48,True,False,False,False,695.84,Eastern Suppliers
df69075c-ca73-49a9-b4cd-b5c2e0855ddd,Electronics SKU-14332,Electronics,8517.66,False,False,False,True,769.2,Eastern Suppliers
a0e5bc1e-ff90-47a6-ba3b-86b102bf1534,Chemicals SKU-14333,Chemicals,3824.6,False,False,False,False,665.88,Eastern Suppliers
e192a681-be82-4998-8cb0-e09cb5292945,Chemicals SKU-14334,Chemicals,3824.23,True,False,False,False,717.04,Pacific Suppliers
ff10c944-d43e-417f-b907-fd5da7a9edef,Machinery SKU-14335,Machinery,8479.42,False,False,False,False,559.68,Summit Suppliers
d3420aa5-0493-459f-8b2f-68ed695e27da,Consumer Goods SKU-14336,Consumer Goods,3926.72,False,False,False,False,438.31,Eastern Suppliers
08ba0de0-066d-44c6-9c33-6f4f4260a41c,Electronics SKU-14337,Electronics,8517.25,False,False,False,False,77.56,Summit Suppliers
a86a4dcb-72bf-4955-8986-7b945c5b2f2f,Medical Devices SKU-14338,Medical Devices,9018.7,False,False,True,False,519.22,Summit Suppliers
c7e276cc-c2aa-4e64-a932-b9abbe9d86dd,Medical Devices SKU-14339,Medical Devices,9018.15,False,False,False,False,359.06,Summit Suppliers
0b517a82-be32-4deb-aa5b-d3a3838a60ae,Automotive Parts SKU-14340,Automotive Parts,8708.49,False,False,False,False,351.95,Metro Suppliers
24fec43a-7b51-4f6e-bda4-393c464a2d0c,Food SKU-14341,Food,2106.92,False,True,True,False,112.39,Unity Suppliers
dd91f88a-6088-4096-8443-9b0eb08e7ea3,Chemicals SKU-14342,Chemicals,3824.59,True,False,False,False,558.14,Unity Suppliers
d1b5e907-183a-409c-8d26-3a4b4e2cad7b,Consumer Goods SKU-14343,Consumer Goods,3926.72,False,False,False,False,347.06,Metro Suppliers
c3a5f52e-13f2-4a82-bc6c-4fa398209012,Furniture SKU-14344,Furniture,9403.5,False,False,False,True,101.94,Unity Suppliers
021a87a0-b98f-454f-a568-6801f34a17d7,Furniture SKU-14345,Furniture,9403.28,False,False,False,True,561.17,Nova Suppliers
f53def18-5b06-4761-8579-94e763bbc975,Furniture SKU-14346,Furniture,9403.97,False,False,False,True,308.41,Pacific Suppliers
13b4bd77-56dd-447b-a73f-026bd8d37ef9,Pharma SKU-14347,Pharma,3004.88,False,True,False,False,847.37,Metro Suppliers
a05e74b6-75b9-43bf-92f9-e1982b7cc10b,Medical Devices SKU-14348,Medical Devices,9018.72,False,False,False,True,637.03,Summit Suppliers
d1e0da95-ffba-45cc-ac9e-79f1935ba01d,Consumer Goods SKU-14349,Consumer Goods,3926.97,False,False,False,False,243.63,Nova Suppliers
c4235240-0ad5-480a-a803-178ed753e5cd,Electronics SKU-14350,Electronics,8517.45,False,False,False,False,742.22,Eastern Suppliers
e1c4e4e5-23ca-485e-9350-8e9c065f5e84,Textiles SKU-14351,Textiles,6204.74,False,False,False,False,111.63,Eastern Suppliers
683f98cb-f060-47b1-bcc6-1123deb101c5,Furniture SKU-14352,Furniture,9403.53,False,False,False,True,497.8,Nova Suppliers
3a2d6f79-acce-4bc1-97e7-ac72a2887656,Food SKU-14353,Food,2106.75,False,False,True,False,5.92,Metro Suppliers
0d81c277-c96f-42f6-afde-2241c03dcd20,Food SKU-14354,Food,2106.6,False,False,False,False,439.77,Unity Suppliers
9d845c90-a5fe-4abd-a7ec-baae8c74b452,Medical Devices SKU-14355,Medical Devices,9018.2,False,False,False,True,652.95,Eastern Suppliers
abe4ce5b-863d-43b1-a084-edc844bde06b,Food SKU-14356,Food,2106.42,False,False,True,False,528.88,Unity Suppliers
9694a715-7d5c-454b-acb4-2d1aef81c79c,Food SKU-14357,Food,2106.99,False,True,True,False,175.39,Unity Suppliers
2548935f-9fd7-435e-8acf-1d1be2013bdd,Pharma SKU-14358,Pharma,3004.18,False,False,True,False,576.72,Eastern Suppliers
e8341f6b-5f40-41a3-bc4a-fcbafb942cf8,Automotive Parts SKU-14359,Automotive Parts,8708.14,False,False,False,False,796.19,Metro Suppliers
4999cc74-43d4-4151-bd60-d41b5cfcd1d7,Food SKU-14360,Food,2106.79,False,False,False,False,233.04,Metro Suppliers
5c6b6307-a302-49f1-afb5-bd916c6fb7f9,Consumer Goods SKU-14361,Consumer Goods,3926.5,False,False,False,False,188.27,Nova Suppliers
d977a1d1-0740-4de8-982a-f9b17d6d7f3c,Machinery SKU-14362,Machinery,8479.31,False,False,False,False,182.42,Unity Suppliers
40b56614-e280-4f39-8dd6-bad96fdc6b11,Electronics SKU-14363,Electronics,8517.24,False,False,False,False,700.37,Pacific Suppliers
9dcaf600-236d-4c56-b491-4984cf74fcfd,Electronics SKU-14364,Electronics,8517.38,False,False,False,True,762.39,Unity Suppliers
dd23db2b-b386-4316-92c3-222ae2d3de39,Electronics SKU-14365,Electronics,8517.99,False,False,False,False,10.69,Pacific Suppliers
f1dd60fa-8557-4535-a7ed-a77e76a6cb32,Furniture SKU-14366,Furniture,9403.98,False,False,False,False,180.08,Summit Suppliers
afdd00e7-2969-4d97-8757-3d19332662de,Food SKU-14367,Food,2106.87,False,False,True,False,808.4,Metro Suppliers
45220b3a-bcdb-43c8-a4c7-856a5f87f9dd,Consumer Goods SKU-14368,Consumer Goods,3926.58,False,False,False,False,614.51,Unity Suppliers
c09fa489-3092-49fc-a749-9d7034377cb7,Chemicals SKU-14369,Chemicals,3824.96,False,False,False,False,650.82,Unity Suppliers
08483a20-31b2-40b1-8114-ae0a7847277b,Electronics SKU-14370,Electronics,8517.88,False,False,False,True,517.72,Summit Suppliers
a09d9fb7-cbc6-4440-8387-55b27e8ab26a,Pharma SKU-14371,Pharma,3004.43,False,False,False,False,609.4,Pacific Suppliers
00278e3a-31d3-40e7-8d84-dce70ab3af3c,Textiles SKU-14372,Textiles,6204.83,False,False,False,False,585.35,Pacific Suppliers
c9a7d573-25b0-42a0-8b15-3e298935ca7d,Machinery SKU-14373,Machinery,8479.42,False,False,False,False,176.46,Metro Suppliers
feaf47a4-5620-449a-9728-858391427e45,Automotive Parts SKU-14374,Automotive Parts,8708.81,False,False,False,False,375.81,Nova Suppliers
24317d0e-ad8b-4aee-832c-79457a45a978,Medical Devices SKU-14375,Medical Devices,9018.9,False,False,False,True,837.9,Pacific Suppliers
48384c61-ab3e-4fa4-aba9-394a24efa0be,Electronics SKU-14376,Electronics,8517.97,False,False,False,True,386.22,Pacific Suppliers
cf09d8b8-8dc4-4c8f-ba7c-7da004201a24,Machinery SKU-14377,Machinery,8479.6,False,False,False,False,668.42,Summit Suppliers
cb5c0b90-a0fc-4648-8da9-3582bfa324ac,Automotive Parts SKU-14378,Automotive Parts,8708.32,False,False,False,False,679.73,Unity Suppliers
3f8e94de-f238-4448-9265-e3887c8ab0b9,Food SKU-14379,Food,2106.52,False,True,True,False,398.24,Metro Suppliers
269303aa-2e1a-4fa3-a869-2cbb62ee28fd,Consumer Goods SKU-14380,Consumer Goods,3926.88,False,False,False,False,587.43,Summit Suppliers
5ea179a8-350f-419b-8c82-6642fbd481b7,Machinery SKU-14381,Machinery,8479.12,False,False,False,False,301.12,Summit Suppliers
c7c16d5c-f59e-406e-88c4-4433b8151957,Furniture SKU-14382,Furniture,9403.97,False,False,False,False,491.61,Eastern Suppliers
f102210a-1b08-45de-8bb8-d4d9442f02eb,Furniture SKU-14383,Furniture,9403.11,False,False,False,True,89.31,Summit Suppliers
414b89a0-bf04-4464-913c-81e7b8a5b543,Textiles SKU-14384,Textiles,6204.55,False,False,False,False,155.03,Unity Suppliers
df350f22-485f-4ec8-98bc-a4d63aa1d438,Consumer Goods SKU-14385,Consumer Goods,3926.51,False,False,False,False,409.16,Summit Suppliers
5da107ed-ae53-477e-8fb1-e5275780b29a,Consumer Goods SKU-14386,Consumer Goods,3926.83,False,False,False,False,257.16,Pacific Suppliers
2a6f3f47-4631-4349-a06e-76343a8b168d,Pharma SKU-14387,Pharma,3004.71,False,True,True,False,325.58,Unity Suppliers
78fa2322-2fe1-4f8b-a897-0ea8a8ef574b,Furniture SKU-14388,Furniture,9403.8,False,False,False,True,734.72,Eastern Suppliers
e6b186d8-a68c-47c7-bc7b-ad427f1b34c0,Textiles SKU-14389,Textiles,6204.11,False,False,False,False,148.28,Nova Suppliers
f40d2f3d-5820-4c43-b6f4-737ac8b885cb,Consumer Goods SKU-14390,Consumer Goods,3926.54,False,False,False,False,85.37,Metro Suppliers
636e0932-b260-42d1-bafe-61a1387db280,Electronics SKU-14391,Electronics,8517.52,False,False,False,True,294.62,Nova Suppliers
4270cb51-88d3-4d87-a27a-026739a61132,Pharma SKU-14392,Pharma,3004.14,False,False,True,False,435.66,Summit Suppliers
6939e8bb-946d-417a-bf69-6dd1577a2372,Automotive Parts SKU-14393,Automotive Parts,8708.64,False,False,False,False,659.96,Metro Suppliers
2cfe17e1-7df7-40e1-beba-352c0c7beb25,Consumer Goods SKU-14394,Consumer Goods,3926.81,False,False,False,False,646.93,Eastern Suppliers
572664c2-db8b-44b9-a2a0-54473d70b7c3,Automotive Parts SKU-14395,Automotive Parts,8708.62,False,False,False,False,701.99,Nova Suppliers
356037d7-3178-4409-b351-a696a66f012f,Automotive Parts SKU-14396,Automotive Parts,8708.25,False,False,False,False,416.34,Summit Suppliers
69e0fd93-ae2e-4fd4-b7ee-1c3373a71a6d,Electronics SKU-14397,Electronics,8517.71,False,False,False,False,76.25,Eastern Suppliers
fb921db8-ced3-4eed-b5b0-3191e25afa5a,Consumer Goods SKU-14398,Consumer Goods,3926.18,False,False,False,False,453.69,Metro Suppliers
ad8c2601-1c80-4636-a023-6d44eaa09daa,Food SKU-14399,Food,2106.14,False,True,True,False,670.73,Summit Suppliers
7f15fa2b-10bf-404f-a727-1907d51db611,Textiles SKU-14400,Textiles,6204.68,False,False,False,False,678.63,Unity Suppliers
16487dea-287c-43a1-afba-06ae2bd3faa6,Textiles SKU-14401,Textiles,6204.68,False,False,False,False,152.73,Nova Suppliers
74fd36f6-19f3-47c9-afbc-894d1cbcd20f,Furniture SKU-14402,Furniture,9403.31,False,False,False,False,538.47,Unity Suppliers
46cce5c9-5fdb-44ff-9264-fd0dff80c7b1,Furniture SKU-14403,Furniture,9403.71,False,False,False,False,642.46,Summit Suppliers
889fb840-538c-4fde-8b10-8d2d0f6abad9,Medical Devices SKU-14404,Medical Devices,9018.23,False,False,True,True,667.3,Pacific Suppliers
f66fdbaf-5c65-41be-b9c1-de80befafcec,Furniture SKU-14405,Furniture,9403.86,False,False,False,False,746.18,Pacific Suppliers
5a63575f-4237-4c17-bfd8-7c4d545c374a,Electronics SKU-14406,Electronics,8517.37,False,False,False,False,497.85,Unity Suppliers
0fee092e-c996-4852-bee2-9a82191c9f8e,Furniture SKU-14407,Furniture,9403.13,False,False,False,False,405.02,Metro Suppliers
7ccb8439-62ce-479d-aad8-b61b95714739,Textiles SKU-14408,Textiles,6204.96,False,False,False,False,367.45,Pacific Suppliers
d2727233-82e5-47cd-ad76-3cce7dab4904,Consumer Goods SKU-14409,Consumer Goods,3926.7,False,False,False,False,231.32,Eastern Suppliers
1d1d9d01-9be6-4097-9c5a-4dd85d8c91e5,Automotive Parts SKU-14410,Automotive Parts,8708.55,False,False,False,False,326.88,Metro Suppliers
ce4654cb-c732-487e-99b1-a0231329c8b8,Machinery SKU-14411,Machinery,8479.81,False,False,False,False,545.23,Eastern Suppliers
1ec0f4f8-7e7e-4973-b679-0cb7a9721a9c,Chemicals SKU-14412,Chemicals,3824.62,False,False,False,False,22.01,Summit Suppliers
7055f1f9-6e7d-437a-8753-aa66b8411e9d,Consumer Goods SKU-14413,Consumer Goods,3926.68,False,False,False,False,230.69,Nova Suppliers
480e8005-def7-4927-b539-53b3e8968076,Consumer Goods SKU-14414,Consumer Goods,3926.3,False,False,False,False,688.19,Eastern Suppliers
d450f93b-a392-4723-80a1-5b0dd9ce1e6d,Machinery SKU-14415,Machinery,8479.39,False,False,False,False,845.53,Pacific Suppliers
0c9dcb4b-ae8e-448c-b0d9-c2f832e0774f,Automotive Parts SKU-14416,Automotive Parts,8708.7,False,False,False,False,657.58,Eastern Suppliers
e77a501e-fb8e-45fd-823a-a3dd5656c11f,Machinery SKU-14417,Machinery,8479.78,False,False,False,False,283.27,Eastern Suppliers
f1b6ac3c-9827-40ba-b0f0-29ac0236a403,Chemicals SKU-14418,Chemicals,3824.58,True,False,False,False,298.77,Pacific Suppliers
f0a0c0ef-0e33-46e1-9a55-da00ad9eda21,Automotive Parts SKU-14419,Automotive Parts,8708.96,False,False,False,False,563.63,Metro Suppliers
3fcbe500-f1ce-4921-afc4-1afb5ddce307,Furniture SKU-14420,Furniture,9403.87,False,False,False,True,729.96,Summit Suppliers
1f898e9b-54b6-47be-b779-4c7e71976aea,Consumer Goods SKU-14421,Consumer Goods,3926.85,False,False,False,False,325.08,Summit Suppliers
27a1cd0f-eeb4-4b77-88a8-fb922f2b3cf1,Pharma SKU-14422,Pharma,3004.19,False,False,True,False,103.61,Eastern Suppliers
5b368a7a-e570-4d73-93a1-96cbe812b0c5,Pharma SKU-14423,Pharma,3004.34,False,True,True,False,759.9,Eastern Suppliers
1207f113-d02c-46c2-a06f-b07e11b00853,Chemicals SKU-14424,Chemicals,3824.28,True,False,False,False,747.49,Unity Suppliers
82f651db-90b3-490a-92ab-2fb09112c940,Chemicals SKU-14425,Chemicals,3824.85,True,False,False,False,177.2,Metro Suppliers
80d0a52f-2360-4158-897b-881dee7edc1a,Furniture SKU-14426,Furniture,9403.25,False,False,False,True,55.41,Nova Suppliers
f53b80a8-c5d3-4831-a451-26785d477af8,Medical Devices SKU-14427,Medical Devices,9018.26,False,False,True,True,401.99,Pacific Suppliers
4502e599-2334-4b34-876b-26a037e9b098,Textiles SKU-14428,Textiles,6204.43,False,False,False,False,279.02,Eastern Suppliers
7ca97513-9639-4d98-9334-49eb349ae1e0,Electronics SKU-14429,Electronics,8517.53,False,False,False,True,791.55,Summit Suppliers
6fcac2aa-3c73-4e21-915e-7ed77b44f5c9,Medical Devices SKU-14430,Medical Devices,9018.55,False,False,False,True,224.61,Pacific Suppliers
9bc961ba-5cc6-4581-ad44-ea339e55e578,Automotive Parts SKU-14431,Automotive Parts,8708.65,False,False,False,False,489.59,Nova Suppliers
1d319d99-53e6-4a73-be01-9a3d6446d2fd,Automotive Parts SKU-14432,Automotive Parts,8708.23,False,False,False,False,108.0,Metro Suppliers
f659b59b-7b7e-4034-aced-a145b947e395,Consumer Goods SKU-14433,Consumer Goods,3926.25,False,False,False,False,441.89,Nova Suppliers
f9014b10-d448-4924-888d-85164d5a2757,Consumer Goods SKU-14434,Consumer Goods,3926.17,False,False,False,False,511.65,Pacific Suppliers
7c4ae225-8cc3-4b05-bd74-571f006cf69f,Consumer Goods SKU-14435,Consumer Goods,3926.9,False,False,False,False,397.98,Unity Suppliers
e4064ede-a98e-4885-8eac-51be4d745268,Furniture SKU-14436,Furniture,9403.28,False,False,False,True,847.83,Unity Suppliers
f9c9bd0e-5094-41d4-84c7-ca55d33194bd,Consumer Goods SKU-14437,Consumer Goods,3926.68,False,False,False,False,837.27,Pacific Suppliers
c89f923a-46a6-46f2-8e9d-5eed1660a868,Automotive Parts SKU-14438,Automotive Parts,8708.86,False,False,False,False,831.53,Pacific Suppliers
2e09317e-7328-4873-9e70-ae16a98125d0,Medical Devices SKU-14439,Medical Devices,9018.54,False,False,True,False,529.69,Unity Suppliers
1f56c13d-2cc0-4262-bbb3-110b611e37cf,Furniture SKU-14440,Furniture,9403.94,False,False,False,True,296.36,Unity Suppliers
c18078fb-3893-4955-949d-b3576eaa9973,Automotive Parts SKU-14441,Automotive Parts,8708.48,False,False,False,False,318.87,Eastern Suppliers
4f901698-354b-497b-82df-e4ef5075805c,Textiles SKU-14442,Textiles,6204.3,False,False,False,False,171.89,Metro Suppliers
bff29471-e55f-4c6b-9454-fe3cb0fc4014,Machinery SKU-14443,Machinery,8479.56,False,False,False,False,109.88,Pacific Suppliers
3d01a060-fbb1-4941-acea-a21788b11e0b,Electronics SKU-14444,Electronics,8517.89,False,False,False,False,448.93,Pacific Suppliers
a4116a1d-7edf-4af2-920d-9352af6b425e,Consumer Goods SKU-14445,Consumer Goods,3926.14,False,False,False,False,620.91,Nova Suppliers
3ea55f94-f2ad-4488-9c2f-123835c29d09,Pharma SKU-14446,Pharma,3004.47,False,False,False,False,229.04,Summit Suppliers
e6861e0d-1129-471c-be5c-e9a11acb6302,Food SKU-14447,Food,2106.87,False,False,False,False,697.64,Eastern Suppliers
86a0ec49-b08c-46a0-98c2-09e5d11e2d04,Food SKU-14448,Food,2106.54,False,True,True,False,102.83,Nova Suppliers
ecfab5f6-254c-4232-9223-9ab777d47038,Consumer Goods SKU-14449,Consumer Goods,3926.16,False,False,False,False,583.68,Metro Suppliers
73decb31-be49-4b98-b1a7-29dfb63f7e10,Consumer Goods SKU-14450,Consumer Goods,3926.95,False,False,False,False,91.34,Nova Suppliers
dd9bcccf-8e91-4e82-883a-4e9a35a33cf2,Textiles SKU-14451,Textiles,6204.51,False,False,False,False,388.35,Metro Suppliers
af5218bf-0ecd-465a-a0db-ced3e3f42bf0,Textiles SKU-14452,Textiles,6204.35,False,False,False,False,513.05,Unity Suppliers
e3dcf868-729d-46a8-995e-cc333369c9d2,Pharma SKU-14453,Pharma,3004.85,False,False,True,False,351.59,Metro Suppliers
47c3733c-3ae2-4826-8fdc-436a9e85c038,Food SKU-14454,Food,2106.44,False,False,True,False,302.39,Nova Suppliers
662b6af5-7c9a-43f1-a559-6ff831c74b95,Machinery SKU-14455,Machinery,8479.13,False,False,False,False,456.98,Summit Suppliers
e99dbcfa-2ad6-458d-90fe-508fc7ba1945,Medical Devices SKU-14456,Medical Devices,9018.59,False,False,True,True,176.22,Unity Suppliers
566ea01f-5483-4d35-843f-3bf50cd2c9d0,Food SKU-14457,Food,2106.75,False,False,False,False,185.29,Eastern Suppliers
1d2890c1-575b-4a78-b914-33528b3e0316,Furniture SKU-14458,Furniture,9403.28,False,False,False,False,78.39,Nova Suppliers
be897932-213c-46cb-9699-9a3c325327ef,Automotive Parts SKU-14459,Automotive Parts,8708.77,False,False,False,False,830.56,Pacific Suppliers
d1aad1cf-3a3a-49e2-bde9-6506213d8fbe,Food SKU-14460,Food,2106.52,False,False,True,False,53.38,Nova Suppliers
38de0ff6-6c1e-4a5e-9a51-65a7d761f324,Automotive Parts SKU-14461,Automotive Parts,8708.8,False,False,False,False,58.53,Nova Suppliers
50d7fb0f-c029-4116-9722-fc057c1adc8e,Medical Devices SKU-14462,Medical Devices,9018.28,False,False,True,True,362.11,Summit Suppliers
ad9d161d-5119-4487-8630-2198bf078bc6,Food SKU-14463,Food,2106.36,False,False,True,False,267.68,Eastern Suppliers
b40caf13-fc3d-461a-9392-97e070ff30cb,Furniture SKU-14464,Furniture,9403.2,False,False,False,True,509.16,Metro Suppliers
967bf5ae-cc25-4286-8f09-6e3635974592,Consumer Goods SKU-14465,Consumer Goods,3926.34,False,False,False,False,27.06,Unity Suppliers
ba5f86c2-5b72-4308-b6c1-7e111919d6ce,Automotive Parts SKU-14466,Automotive Parts,8708.47,False,False,False,False,191.74,Metro Suppliers
54cc6804-7b93-41f8-96b7-9c3793b85c62,Medical Devices SKU-14467,Medical Devices,9018.19,False,False,False,False,132.17,Nova Suppliers
dd0460ac-93dc-4d4c-b711-f45e1a0bf5e0,Consumer Goods SKU-14468,Consumer Goods,3926.42,False,False,False,False,845.55,Nova Suppliers
f6df5b5a-9089-44fe-80d0-e07c1ae44147,Furniture SKU-14469,Furniture,9403.75,False,False,False,False,755.33,Metro Suppliers
d70cbb5a-3cb8-4dbd-8333-bcb7d9728e57,Pharma SKU-14470,Pharma,3004.68,False,True,True,False,709.81,Unity Suppliers
3b62015b-5d6c-4f93-a13e-57bd59ab09d0,Automotive Parts SKU-14471,Automotive Parts,8708.25,False,False,False,False,224.7,Unity Suppliers
73e71290-19bf-4d00-b7cd-ba1bc611c8df,Medical Devices SKU-14472,Medical Devices,9018.72,False,False,False,False,330.19,Metro Suppliers
4718a7c2-cff2-41f9-9d07-3ccd728b1326,Pharma SKU-14473,Pharma,3004.5,False,True,False,False,298.96,Unity Suppliers
01302963-0d16-4cd5-b15e-07ed8bf4d3bb,Pharma SKU-14474,Pharma,3004.49,False,False,False,False,663.04,Summit Suppliers
59949410-f7e1-4de0-b896-245df5d72422,Textiles SKU-14475,Textiles,6204.31,False,False,False,False,430.45,Pacific Suppliers
d01500ad-94f5-4ce4-b107-bd661a3a8b7e,Furniture SKU-14476,Furniture,9403.5,False,False,False,False,473.99,Pacific Suppliers
47b71f05-cabe-4f7d-83f4-402b914773db,Consumer Goods SKU-14477,Consumer Goods,3926.3,False,False,False,False,657.56,Metro Suppliers
c76ff1d9-3970-478f-96e0-34d7365c1047,Furniture SKU-14478,Furniture,9403.59,False,False,False,True,201.57,Unity Suppliers
22158fdf-cd63-4194-8e54-052cd0fa4500,Automotive Parts SKU-14479,Automotive Parts,8708.97,False,False,False,False,53.55,Metro Suppliers
0e871fc8-b877-43c1-bfa5-a1c8a3a8c908,Chemicals SKU-14480,Chemicals,3824.59,False,False,False,False,412.46,Pacific Suppliers
8519b3e2-ed85-4a0d-a5be-ac22cd265f40,Pharma SKU-14481,Pharma,3004.33,False,False,True,False,766.05,Eastern Suppliers
e8218bba-d208-413e-b823-5ccf14f90fd1,Consumer Goods SKU-14482,Consumer Goods,3926.89,False,False,False,False,688.32,Nova Suppliers
b2f99257-1c60-43e2-9f31-b79394b4ed1e,Consumer Goods SKU-14483,Consumer Goods,3926.86,False,False,False,False,175.41,Pacific Suppliers
81b72165-3efe-4a4f-a52a-8c7b7f247992,Consumer Goods SKU-14484,Consumer Goods,3926.86,False,False,False,False,832.27,Summit Suppliers
7906f45e-34e5-4d77-9e51-363fe9d7816b,Chemicals SKU-14485,Chemicals,3824.91,True,False,False,False,603.05,Nova Suppliers
c3512a4a-7a5e-41a5-b039-515ea9a8c812,Food SKU-14486,Food,2106.8,False,True,True,False,724.81,Unity Suppliers
2cd14acd-7408-404d-9467-ad2148713b8e,Machinery SKU-14487,Machinery,8479.74,False,False,False,False,390.98,Unity Suppliers
1c132427-0046-4c54-897d-2a3c529bfbe3,Medical Devices SKU-14488,Medical Devices,9018.36,False,False,True,True,798.23,Metro Suppliers
758e04d2-69b8-4f89-8fe9-0534151f0bc3,Machinery SKU-14489,Machinery,8479.23,False,False,False,False,765.99,Summit Suppliers
fa2331d6-4f1f-4e97-868b-8207c28961c1,Textiles SKU-14490,Textiles,6204.29,False,False,False,False,618.28,Nova Suppliers
ce91f532-b4ca-45cc-b00c-8cdcfa9e7670,Furniture SKU-14491,Furniture,9403.94,False,False,False,True,409.53,Eastern Suppliers
8a35f16e-a04b-43f7-9aed-334b15efa10c,Medical Devices SKU-14492,Medical Devices,9018.59,False,False,True,True,205.83,Metro Suppliers
b6ae4528-bdef-45cc-8fb7-5b3a7a97d6e9,Furniture SKU-14493,Furniture,9403.12,False,False,False,False,424.56,Unity Suppliers
0bece922-353e-4a7d-b383-fff0a2a8e934,Machinery SKU-14494,Machinery,8479.49,False,False,False,False,604.37,Metro Suppliers
bd489e78-b754-4323-a295-0c8773ea921b,Pharma SKU-14495,Pharma,3004.18,False,True,True,False,143.45,Nova Suppliers
0e82b594-7e16-49a5-82be-85c50b848c8b,Medical Devices SKU-14496,Medical Devices,9018.5,False,False,False,True,638.51,Summit Suppliers
9477f89a-01c2-4c00-aa02-243250250915,Automotive Parts SKU-14497,Automotive Parts,8708.2,False,False,False,False,478.21,Pacific Suppliers
0a0f6a2b-d840-452c-aff7-d08e260b23a5,Textiles SKU-14498,Textiles,6204.73,False,False,False,False,510.65,Unity Suppliers
e3048575-cbef-48c5-86b3-b1d5d67b3c32,Medical Devices SKU-14499,Medical Devices,9018.16,False,False,False,True,217.65,Summit Suppliers
220020be-0901-48fa-ac80-2f54230b9468,Furniture SKU-14500,Furniture,9403.17,False,False,False,False,597.96,Pacific Suppliers
3ee4fb26-ffb0-4468-a6b2-9e6ce7aaf3e7,Food SKU-14501,Food,2106.69,False,True,True,False,139.74,Eastern Suppliers
b69040bc-bed5-4fd4-935c-deccda573c30,Consumer Goods SKU-14502,Consumer Goods,3926.63,False,False,False,False,272.64,Unity Suppliers
a77bebec-8098-4fd3-ad81-1d9b8b70793a,Machinery SKU-14503,Machinery,8479.88,False,False,False,False,459.09,Pacific Suppliers
1faaade2-c226-4722-aa00-3d9d8f8d6fd8,Consumer Goods SKU-14504,Consumer Goods,3926.83,False,False,False,False,274.31,Metro Suppliers
07e40c64-e40b-41a4-8621-4e5d1b722fef,Medical Devices SKU-14505,Medical Devices,9018.96,False,False,True,False,653.28,Eastern Suppliers
9d026bd6-8fcf-42b8-87be-5e427fc7cab5,Machinery SKU-14506,Machinery,8479.6,False,False,False,False,452.04,Nova Suppliers
43889f69-4b90-4ac1-ac6c-55cd78334332,Textiles SKU-14507,Textiles,6204.5,False,False,False,False,207.72,Pacific Suppliers
26e81ccb-eaa3-41c4-bfa3-07ec6c85b13b,Chemicals SKU-14508,Chemicals,3824.81,False,False,False,False,341.92,Eastern Suppliers
b2b41ebc-a0cc-49f9-a38b-cc49d8415bdd,Pharma SKU-14509,Pharma,3004.27,False,True,True,False,324.97,Unity Suppliers
6a0ee9f5-7389-41d9-b19a-15cf052706ee,Textiles SKU-14510,Textiles,6204.4,False,False,False,False,661.75,Metro Suppliers
b3ea3676-70c5-48ee-92e5-963bdb218ebf,Automotive Parts SKU-14511,Automotive Parts,8708.92,False,False,False,False,316.67,Metro Suppliers
a20408b5-1afc-4c7a-ab19-82d8a022be6e,Electronics SKU-14512,Electronics,8517.28,False,False,False,True,661.56,Eastern Suppliers
a0e282ab-4de1-491b-9953-af10d7348a2d,Furniture SKU-14513,Furniture,9403.72,False,False,False,False,393.78,Metro Suppliers
ea241f81-9837-4714-8969-6b9d03a88838,Chemicals SKU-14514,Chemicals,3824.17,False,False,False,False,160.82,Summit Suppliers
3fb7b7ed-969e-45e4-9c9a-fcb48f6be291,Consumer Goods SKU-14515,Consumer Goods,3926.12,False,False,False,False,64.61,Metro Suppliers
b36334e1-8f04-49fd-976e-fc661ffd8d1e,Furniture SKU-14516,Furniture,9403.17,False,False,False,False,496.65,Eastern Suppliers
2f91828c-bc31-4251-84b5-39589bf0cfbf,Medical Devices SKU-14517,Medical Devices,9018.71,False,False,True,True,31.84,Unity Suppliers
fef7d26f-204e-4c40-82e7-72f046d295c5,Consumer Goods SKU-14518,Consumer Goods,3926.11,False,False,False,False,451.74,Nova Suppliers
362ceeab-e70f-4474-a8d3-6d6667d61a6f,Textiles SKU-14519,Textiles,6204.86,False,False,False,False,813.8,Nova Suppliers
493def4f-cf26-4521-bbac-0b57501caaa5,Textiles SKU-14520,Textiles,6204.35,False,False,False,False,617.38,Nova Suppliers
ca00e8be-ee6b-4ab7-a713-6ae9ba0098ee,Pharma SKU-14521,Pharma,3004.56,False,False,False,False,416.93,Pacific Suppliers
bd63a86c-77f6-4a5b-8085-a013bc796e29,Furniture SKU-14522,Furniture,9403.33,False,False,False,True,487.7,Summit Suppliers
0986cefc-ce63-493f-be72-2dcce6e6d44b,Textiles SKU-14523,Textiles,6204.4,False,False,False,False,500.94,Metro Suppliers
58ac16e5-6b9c-4794-bbbf-948dc9cab947,Electronics SKU-14524,Electronics,8517.79,False,False,False,True,452.15,Unity Suppliers
b6f2eabc-9702-42e8-90eb-719a67d69cdf,Machinery SKU-14525,Machinery,8479.58,False,False,False,False,407.71,Metro Suppliers
bd15f674-9936-4e56-bcf6-bbe5a19171cb,Medical Devices SKU-14526,Medical Devices,9018.24,False,False,False,True,251.11,Metro Suppliers
3a442891-3b6a-43c6-83b1-c38a5846b64a,Food SKU-14527,Food,2106.16,False,False,False,False,266.17,Metro Suppliers
612abb98-dbeb-457b-aebd-101d8cca0b95,Machinery SKU-14528,Machinery,8479.21,False,False,False,False,808.83,Summit Suppliers
973d2dc1-f178-4eb6-8286-77b9fc0bab33,Food SKU-14529,Food,2106.1,False,True,False,False,553.67,Summit Suppliers
2b22dac6-c320-4b17-bde4-f2a61cda0011,Food SKU-14530,Food,2106.77,False,False,True,False,11.64,Eastern Suppliers
8b39932a-269f-4523-a905-80a4b27679fd,Furniture SKU-14531,Furniture,9403.25,False,False,False,True,532.38,Pacific Suppliers
7e82f819-d1e7-4f0a-9ac1-0aed86ca6263,Pharma SKU-14532,Pharma,3004.84,False,False,False,False,157.83,Unity Suppliers
865af3a6-15c6-482d-9a9d-4f1497d19636,Electronics SKU-14533,Electronics,8517.71,False,False,False,False,553.84,Eastern Suppliers
1d3457e7-f0a5-46c6-a1bb-122208445ea5,Medical Devices SKU-14534,Medical Devices,9018.48,False,False,False,True,331.52,Metro Suppliers
fe39f29b-ee57-4783-bb6e-e32144882ad2,Machinery SKU-14535,Machinery,8479.77,False,False,False,False,568.26,Unity Suppliers
5b4fe9b2-9159-4195-a097-3ab0175cb052,Automotive Parts SKU-14536,Automotive Parts,8708.15,False,False,False,False,300.58,Unity Suppliers
61b3cfb1-7051-4deb-a949-c2d2e239c55d,Furniture SKU-14537,Furniture,9403.17,False,False,False,True,593.0,Eastern Suppliers
7f61c6b0-4be7-4885-8eff-9ad8aa21cb3e,Consumer Goods SKU-14538,Consumer Goods,3926.55,False,False,False,False,408.95,Unity Suppliers
22075fd6-62ff-4ebe-b484-cba3a9ff230a,Electronics SKU-14539,Electronics,8517.26,False,False,False,True,94.87,Nova Suppliers
08dcffee-1a24-4b13-afe7-33d889609119,Pharma SKU-14540,Pharma,3004.54,False,True,True,False,452.19,Eastern Suppliers
00a8a816-de74-486b-8489-bb541a830df5,Automotive Parts SKU-14541,Automotive Parts,8708.44,False,False,False,False,308.11,Unity Suppliers
443db3a4-e1ad-4976-af3d-171c4b8b88af,Food SKU-14542,Food,2106.36,False,True,False,False,680.46,Unity Suppliers
464008d5-3b7b-4f85-89ad-36b59ef177e9,Pharma SKU-14543,Pharma,3004.34,False,False,False,False,637.32,Metro Suppliers
8660fdb2-532f-47a8-8ad0-0e5bac38de59,Automotive Parts SKU-14544,Automotive Parts,8708.27,False,False,False,False,311.88,Nova Suppliers
1135aedd-c29c-4221-a0f9-08ba49ab8434,Textiles SKU-14545,Textiles,6204.72,False,False,False,False,77.98,Metro Suppliers
7191e40d-1e15-43f3-bdd0-2d6a6ffc10b2,Pharma SKU-14546,Pharma,3004.98,False,False,False,False,838.15,Metro Suppliers
676f2da8-82d2-4f46-b250-452305d8d254,Consumer Goods SKU-14547,Consumer Goods,3926.27,False,False,False,False,68.44,Metro Suppliers
abc799c5-c6c1-4631-bd88-899c4e3f04ec,Machinery SKU-14548,Machinery,8479.22,False,False,False,False,414.66,Pacific Suppliers
b714e629-6ecb-4c94-b86c-55fb14db7909,Consumer Goods SKU-14549,Consumer Goods,3926.74,False,False,False,False,486.08,Unity Suppliers
6ba04ca8-1fdd-45f1-8426-90f0f308752f,Furniture SKU-14550,Furniture,9403.55,False,False,False,True,226.58,Metro Suppliers
4b3129d1-ab59-486a-8ec8-4762f4bd8eaa,Automotive Parts SKU-14551,Automotive Parts,8708.19,False,False,False,False,143.55,Eastern Suppliers
013f7287-8bc3-43be-bf58-c392d9fa3302,Textiles SKU-14552,Textiles,6204.38,False,False,False,False,770.09,Nova Suppliers
6eb6e9af-16a7-4e48-8408-f8d90f98092e,Medical Devices SKU-14553,Medical Devices,9018.61,False,False,True,False,14.69,Pacific Suppliers
8d7fe17d-a8fa-4ea6-8407-ead7a281259b,Automotive Parts SKU-14554,Automotive Parts,8708.56,False,False,False,False,313.34,Eastern Suppliers
0dd76433-18f1-446e-aa31-0afdb6d76aa6,Food SKU-14555,Food,2106.73,False,True,False,False,305.81,Nova Suppliers
a82b6a16-1107-4deb-8ce1-e36d9e5a347a,Automotive Parts SKU-14556,Automotive Parts,8708.98,False,False,False,False,845.95,Nova Suppliers
d90de5ef-deab-4c29-8eeb-b551986d7d8e,Automotive Parts SKU-14557,Automotive Parts,8708.13,False,False,False,False,527.98,Eastern Suppliers
72da08df-3dfb-46c1-951a-acaad716f3ca,Consumer Goods SKU-14558,Consumer Goods,3926.5,False,False,False,False,371.2,Metro Suppliers
15b67c12-c836-48fe-8dda-cbae00013f37,Pharma SKU-14559,Pharma,3004.63,False,True,False,False,406.94,Eastern Suppliers
890be7a5-8acf-47e3-819c-5dbb0f60af5d,Electronics SKU-14560,Electronics,8517.2,False,False,False,False,592.17,Unity Suppliers
06506963-bfcc-4732-a086-7872de4ed888,Textiles SKU-14561,Textiles,6204.19,False,False,False,False,154.83,Pacific Suppliers
ec3e55cf-733d-4168-88ec-08007b4b6d3e,Pharma SKU-14562,Pharma,3004.51,False,False,False,False,52.82,Eastern Suppliers
9c0e1cb9-ae40-4579-b603-e7249ca27086,Pharma SKU-14563,Pharma,3004.15,False,False,True,False,602.98,Summit Suppliers
134e503b-2978-4100-83a0-bcf84301b5e9,Medical Devices SKU-14564,Medical Devices,9018.42,False,False,True,True,575.4,Pacific Suppliers
8fb1c7e9-e0d8-43a6-8802-1236bbc663c7,Machinery SKU-14565,Machinery,8479.35,False,False,False,False,439.44,Nova Suppliers
125fb8d7-5731-464c-8ae0-d29ad783b248,Consumer Goods SKU-14566,Consumer Goods,3926.61,False,False,False,False,662.63,Metro Suppliers
c6ccfe3e-00ec-487b-9459-7be8fb8aec05,Electronics SKU-14567,Electronics,8517.35,False,False,False,False,561.56,Nova Suppliers
3d7d8558-c542-4f8e-9f7f-9df6b3449656,Machinery SKU-14568,Machinery,8479.39,False,False,False,False,685.79,Eastern Suppliers
9cd4c7eb-e501-4d3d-8b65-ca155076f9a8,Automotive Parts SKU-14569,Automotive Parts,8708.4,False,False,False,False,342.86,Eastern Suppliers
f428af64-66a0-4415-a575-7d2f3b017c91,Consumer Goods SKU-14570,Consumer Goods,3926.66,False,False,False,False,418.25,Nova Suppliers
aec06227-1584-49c7-91e5-b72e86d2a6e3,Automotive Parts SKU-14571,Automotive Parts,8708.38,False,False,False,False,644.04,Unity Suppliers
dd499d02-ae7f-48ef-95ae-d34cba29e22a,Textiles SKU-14572,Textiles,6204.42,False,False,False,False,163.64,Unity Suppliers
ccbbcb72-66f3-43f2-8fcf-de60800bac47,Chemicals SKU-14573,Chemicals,3824.84,True,False,False,False,761.44,Pacific Suppliers
eeec34a8-144e-4747-842c-f03e7eb75441,Food SKU-14574,Food,2106.66,False,False,True,False,521.97,Eastern Suppliers
599de508-6a63-47e0-aca6-662c1dcfb6e2,Electronics SKU-14575,Electronics,8517.28,False,False,False,True,399.08,Nova Suppliers
2afaef47-0a47-47f6-9de1-87fd704ec9c9,Furniture SKU-14576,Furniture,9403.38,False,False,False,False,843.21,Metro Suppliers
7f34d053-f72e-4be7-ac1b-8d7e2c154830,Machinery SKU-14577,Machinery,8479.37,False,False,False,False,571.68,Eastern Suppliers
b3c62b7f-2ef8-46e6-b778-6ee037fac382,Consumer Goods SKU-14578,Consumer Goods,3926.9,False,False,False,False,544.23,Pacific Suppliers
f9eac800-c4b9-40a1-8003-0a39fcd99077,Electronics SKU-14579,Electronics,8517.42,False,False,False,True,51.79,Unity Suppliers
d9a5e924-bc04-4486-8e93-66b0027d7a0d,Machinery SKU-14580,Machinery,8479.48,False,False,False,False,737.64,Pacific Suppliers
12355899-a8a3-4783-b91e-8384eaca9d13,Machinery SKU-14581,Machinery,8479.97,False,False,False,False,303.95,Eastern Suppliers
06ad04d8-4112-401c-8333-63ec8a833953,Pharma SKU-14582,Pharma,3004.83,False,False,False,False,517.05,Pacific Suppliers
fa5bc123-a512-48e5-b4cb-31ae1821f431,Textiles SKU-14583,Textiles,6204.15,False,False,False,False,201.63,Unity Suppliers
037120f0-f9c7-4b1d-9243-5a9260cd7f43,Furniture SKU-14584,Furniture,9403.26,False,False,False,False,338.85,Summit Suppliers
8c0b2f3e-f3f0-4f2f-8bc3-eadd41f0975f,Consumer Goods SKU-14585,Consumer Goods,3926.6,False,False,False,False,97.04,Summit Suppliers
70d3b428-275a-4847-b5d2-4ce05a97b2ad,Food SKU-14586,Food,2106.64,False,False,False,False,739.16,Pacific Suppliers
14b55f3d-3c42-417f-9323-4e81909af577,Medical Devices SKU-14587,Medical Devices,9018.28,False,False,False,True,263.7,Nova Suppliers
59f65b46-45ad-4469-bf9f-82564e9d74f4,Electronics SKU-14588,Electronics,8517.44,False,False,False,True,253.85,Pacific Suppliers
a4a25daf-50fb-4443-a237-be48ee0a1707,Food SKU-14589,Food,2106.44,False,True,False,False,648.11,Summit Suppliers
2456b820-18ce-41bc-923c-54ad45d0d376,Furniture SKU-14590,Furniture,9403.55,False,False,False,True,113.4,Unity Suppliers
cb515eb0-e5ee-4f25-9540-bc0e3c578bd1,Chemicals SKU-14591,Chemicals,3824.82,True,False,False,False,361.28,Unity Suppliers
45f5ca3d-36eb-4b17-8bd0-e5dd1f92398d,Medical Devices SKU-14592,Medical Devices,9018.8,False,False,True,True,75.11,Metro Suppliers
fc498fe3-4024-4b24-811a-0979eac1ef52,Automotive Parts SKU-14593,Automotive Parts,8708.4,False,False,False,False,427.77,Metro Suppliers
a1463fec-65ec-46ff-a494-8f632085efbc,Food SKU-14594,Food,2106.87,False,False,True,False,664.58,Nova Suppliers
136d81c3-aaed-4d76-b510-e540630846dc,Furniture SKU-14595,Furniture,9403.23,False,False,False,True,119.98,Summit Suppliers
0464d2d7-651e-41f2-87a7-6f1198850e22,Electronics SKU-14596,Electronics,8517.63,False,False,False,True,100.24,Pacific Suppliers
8b7763cf-e98a-4e07-8cbf-0f496e3c1a51,Pharma SKU-14597,Pharma,3004.6,False,False,False,False,611.42,Pacific Suppliers
13a37a36-f7bb-4f69-ba55-0a2a2cd19a3b,Consumer Goods SKU-14598,Consumer Goods,3926.41,False,False,False,False,520.72,Unity Suppliers
8a080236-1002-4fe0-8d77-d3beca499a64,Food SKU-14599,Food,2106.68,False,False,True,False,733.46,Pacific Suppliers
e26f3066-1f2f-4242-9037-a2fa2ba32401,Electronics SKU-14600,Electronics,8517.49,False,False,False,False,724.97,Eastern Suppliers
6116cef8-3dc6-4dbf-bb47-c436c64eeb47,Chemicals SKU-14601,Chemicals,3824.14,True,False,False,False,233.59,Nova Suppliers
f4ea1b11-e339-43c9-b71f-4264c7f6a170,Machinery SKU-14602,Machinery,8479.97,False,False,False,False,442.51,Nova Suppliers
dc7a78a1-201f-44e4-ac68-0dc9501e3111,Medical Devices SKU-14603,Medical Devices,9018.55,False,False,False,False,338.55,Summit Suppliers
7c5cbe5f-876c-469d-9d43-6c62f8e18d73,Pharma SKU-14604,Pharma,3004.47,False,False,False,False,577.96,Pacific Suppliers
d6fee812-1121-42f0-a985-4819e5705e32,Automotive Parts SKU-14605,Automotive Parts,8708.78,False,False,False,False,320.9,Summit Suppliers
60caa3de-4f30-4d54-bfe6-977e79e95f92,Pharma SKU-14606,Pharma,3004.9,False,True,False,False,124.55,Pacific Suppliers
67d00e3c-350a-4d8e-b9e7-cc0bc90f7a39,Automotive Parts SKU-14607,Automotive Parts,8708.67,False,False,False,False,47.73,Pacific Suppliers
6f5b1e7a-3ce7-4571-8b94-6f83a724f7ac,Medical Devices SKU-14608,Medical Devices,9018.49,False,False,False,True,44.06,Nova Suppliers
8bd144cf-59ba-41aa-9cae-0f2efecbb027,Textiles SKU-14609,Textiles,6204.71,False,False,False,False,742.21,Metro Suppliers
09831e62-2750-4e54-936c-38bc4b986652,Textiles SKU-14610,Textiles,6204.99,False,False,False,False,547.42,Nova Suppliers
c0ede497-437d-4f09-a5e2-0bf5bd750e4f,Pharma SKU-14611,Pharma,3004.7,False,False,True,False,250.68,Pacific Suppliers
75d435b2-90b6-47a1-bdfc-17f8b266ffab,Medical Devices SKU-14612,Medical Devices,9018.27,False,False,True,True,20.29,Pacific Suppliers
62c7350d-f17f-4c42-ae0d-950fad06b3d8,Furniture SKU-14613,Furniture,9403.34,False,False,False,False,527.78,Eastern Suppliers
f08a0811-b8f1-4973-9711-f668826048f3,Consumer Goods SKU-14614,Consumer Goods,3926.93,False,False,False,False,783.79,Metro Suppliers
f6592340-0337-4166-9730-f6708a372beb,Chemicals SKU-14615,Chemicals,3824.73,False,False,False,False,413.83,Unity Suppliers
a69ac4a0-801a-4180-86aa-a1aa269eebbc,Textiles SKU-14616,Textiles,6204.45,False,False,False,False,493.56,Pacific Suppliers
092e8129-8063-4b53-98ef-f08094ed66c8,Textiles SKU-14617,Textiles,6204.8,False,False,False,False,529.54,Summit Suppliers
325c5dc7-f96f-4e55-943a-7c2636223e50,Textiles SKU-14618,Textiles,6204.11,False,False,False,False,582.23,Pacific Suppliers
9547f3bb-5ff2-4670-9903-13adba4c22f0,Furniture SKU-14619,Furniture,9403.16,False,False,False,True,582.95,Pacific Suppliers
cc1951fc-1b12-4db7-82d4-971b0cd23123,Furniture SKU-14620,Furniture,9403.3,False,False,False,False,521.49,Summit Suppliers
f6c87884-4215-45c1-9097-5e66a4ab0570,Food SKU-14621,Food,2106.99,False,False,False,False,503.43,Eastern Suppliers
0ccfc4c2-90e5-4171-8780-b1369c5bcf1c,Textiles SKU-14622,Textiles,6204.66,False,False,False,False,739.5,Summit Suppliers
a64cf684-8fd6-42fd-a24b-0cdedfcc71df,Medical Devices SKU-14623,Medical Devices,9018.92,False,False,True,False,436.3,Metro Suppliers
6b787c9c-4fcd-4d3c-8fbf-1374ec4f0554,Consumer Goods SKU-14624,Consumer Goods,3926.59,False,False,False,False,673.22,Unity Suppliers
b5d8ea57-3663-4054-8597-0f38ff349f05,Furniture SKU-14625,Furniture,9403.78,False,False,False,True,828.18,Nova Suppliers
d6624ce3-6b9a-4f56-a426-5c5f5a203d55,Textiles SKU-14626,Textiles,6204.24,False,False,False,False,464.08,Pacific Suppliers
438b3d17-db8b-415b-866e-6b4043bd4915,Automotive Parts SKU-14627,Automotive Parts,8708.16,False,False,False,False,213.14,Eastern Suppliers
c8545fc3-71e9-4ab7-9a0b-3d98b430ebeb,Textiles SKU-14628,Textiles,6204.55,False,False,False,False,704.82,Unity Suppliers
00d4db30-fe2f-4124-b0de-01de72f1dcef,Furniture SKU-14629,Furniture,9403.83,False,False,False,True,79.84,Pacific Suppliers
761a34c8-1565-4c3c-abb2-131b4b4e428d,Electronics SKU-14630,Electronics,8517.63,False,False,False,True,841.14,Metro Suppliers
390c844a-8e59-47e1-ac1c-b3227019716f,Textiles SKU-14631,Textiles,6204.37,False,False,False,False,201.08,Unity Suppliers
4013f69d-42b8-47cd-881e-332b29435cf4,Furniture SKU-14632,Furniture,9403.34,False,False,False,False,308.42,Pacific Suppliers
6d4af68b-307d-4556-9a14-fe7e716e4b47,Food SKU-14633,Food,2106.94,False,True,False,False,785.14,Summit Suppliers
65cf9c97-8eba-41a8-8368-9ca1780f484e,Machinery SKU-14634,Machinery,8479.92,False,False,False,False,267.86,Nova Suppliers
2d207ed3-8d3e-4130-9158-034027320ad0,Medical Devices SKU-14635,Medical Devices,9018.22,False,False,False,False,291.95,Summit Suppliers
0b180b14-568e-4ce5-8ede-275059c504d1,Electronics SKU-14636,Electronics,8517.1,False,False,False,False,279.97,Eastern Suppliers
4e20a1e9-8a5c-455b-b16a-3f6d58cdf829,Furniture SKU-14637,Furniture,9403.83,False,False,False,False,259.74,Pacific Suppliers
8d24721d-ac99-4a68-ae32-500bc0b6973b,Textiles SKU-14638,Textiles,6204.21,False,False,False,False,136.13,Eastern Suppliers
08566565-bb5f-4bcd-a8da-a1051b41d248,Automotive Parts SKU-14639,Automotive Parts,8708.98,False,False,False,False,157.49,Summit Suppliers
6bd20519-e0f5-483c-b333-394df3a510f3,Furniture SKU-14640,Furniture,9403.46,False,False,False,True,346.15,Summit Suppliers
f01526ca-e7da-4952-8085-db67e82e01bc,Consumer Goods SKU-14641,Consumer Goods,3926.11,False,False,False,False,370.69,Unity Suppliers
ad0e41d4-f9ed-4d7b-b89a-50edbae5bf8e,Furniture SKU-14642,Furniture,9403.56,False,False,False,False,16.51,Metro Suppliers
684f6828-760a-446a-9973-909c09509b92,Chemicals SKU-14643,Chemicals,3824.84,False,False,False,False,115.75,Metro Suppliers
70fb73f2-77fa-49ec-bf6f-a3fee191dd95,Machinery SKU-14644,Machinery,8479.57,False,False,False,False,491.43,Metro Suppliers
4bf5e56a-1df2-441c-ad34-b9c2147dc70d,Textiles SKU-14645,Textiles,6204.46,False,False,False,False,378.96,Nova Suppliers
5efd85fb-85ff-4372-88c8-699c7e97c134,Automotive Parts SKU-14646,Automotive Parts,8708.75,False,False,False,False,316.26,Pacific Suppliers
612ff14c-0713-474c-9d58-2c943bc5f9b9,Food SKU-14647,Food,2106.97,False,False,False,False,684.06,Pacific Suppliers
2ac76f9a-988f-44f6-85f4-c8f3959a75d2,Consumer Goods SKU-14648,Consumer Goods,3926.37,False,False,False,False,347.42,Pacific Suppliers
a9fa7eed-0e5f-4e0b-9ee3-f44429a391f6,Medical Devices SKU-14649,Medical Devices,9018.63,False,False,True,True,349.95,Unity Suppliers
c8f88cde-b278-4ecd-a2bd-74fdf21fa53c,Medical Devices SKU-14650,Medical Devices,9018.85,False,False,True,False,787.37,Nova Suppliers
9afa8070-7df0-4eb8-a55b-07290fa6d607,Electronics SKU-14651,Electronics,8517.57,False,False,False,True,763.25,Nova Suppliers
d6edf2ce-5bc0-451c-bca9-216e4975f14c,Pharma SKU-14652,Pharma,3004.27,False,True,True,False,58.99,Unity Suppliers
d061e356-4744-412b-80aa-81f1395ad1c9,Machinery SKU-14653,Machinery,8479.17,False,False,False,False,307.69,Nova Suppliers
9b1a6ea9-b146-4774-be0c-d88100a3608f,Pharma SKU-14654,Pharma,3004.96,False,True,True,False,606.37,Nova Suppliers
9eaddd3f-8f42-4ed6-a977-a7b45ac89f69,Pharma SKU-14655,Pharma,3004.34,False,True,True,False,63.64,Eastern Suppliers
5082b60d-ccd1-4700-895e-b5e61d9a18a2,Textiles SKU-14656,Textiles,6204.92,False,False,False,False,287.98,Summit Suppliers
a48b0499-3075-4484-9406-648c9d09b445,Consumer Goods SKU-14657,Consumer Goods,3926.19,False,False,False,False,749.83,Eastern Suppliers
a1e5bae6-a553-4db4-a4f6-50f045ac5950,Pharma SKU-14658,Pharma,3004.61,False,False,True,False,386.92,Eastern Suppliers
611383d1-fcec-4fb4-88f0-538726027374,Automotive Parts SKU-14659,Automotive Parts,8708.98,False,False,False,False,33.27,Eastern Suppliers
e97eec87-5eca-4e36-937b-3f8a0e02db9d,Automotive Parts SKU-14660,Automotive Parts,8708.69,False,False,False,False,577.11,Pacific Suppliers
ca5d1c1d-9931-4138-9437-7ca909a3bf8b,Furniture SKU-14661,Furniture,9403.3,False,False,False,False,28.12,Nova Suppliers
3442b722-7f58-4b2f-92d3-fc4160fc03ac,Automotive Parts SKU-14662,Automotive Parts,8708.33,False,False,False,False,250.65,Pacific Suppliers
c992a0bb-317b-4595-bb47-bc4ad5b9bc9a,Food SKU-14663,Food,2106.37,False,True,False,False,698.39,Unity Suppliers
da01e441-df3e-4c50-93d8-8d5460e39e55,Chemicals SKU-14664,Chemicals,3824.57,True,False,False,False,218.78,Summit Suppliers
9da88f33-a31a-41f7-ad20-fd20782cfecd,Pharma SKU-14665,Pharma,3004.67,False,True,False,False,841.86,Nova Suppliers
64fb9438-c243-464b-ad40-90531f7914a7,Chemicals SKU-14666,Chemicals,3824.68,True,False,False,False,404.28,Pacific Suppliers
002a9f28-e562-4301-8e8f-9f15677d5720,Medical Devices SKU-14667,Medical Devices,9018.89,False,False,True,False,389.17,Pacific Suppliers
435e34bc-9628-4277-a116-a74348302ec1,Electronics SKU-14668,Electronics,8517.57,False,False,False,True,34.47,Metro Suppliers
de3002ca-3419-41d2-94e5-862872e38fb8,Pharma SKU-14669,Pharma,3004.14,False,False,True,False,816.95,Summit Suppliers
49a4ac0e-962a-4cf2-906e-f0f5ec8e68f8,Pharma SKU-14670,Pharma,3004.93,False,False,True,False,367.68,Metro Suppliers
ae6ad819-7095-4900-840a-c8e076f9ce88,Automotive Parts SKU-14671,Automotive Parts,8708.8,False,False,False,False,741.73,Pacific Suppliers
d26057c2-d348-4b1b-84e2-6afe1759d2fd,Food SKU-14672,Food,2106.25,False,False,True,False,468.23,Eastern Suppliers
f884a50a-6753-4799-815f-ae8c82c8addc,Furniture SKU-14673,Furniture,9403.54,False,False,False,True,755.33,Pacific Suppliers
6b271994-06f7-469f-ab48-044cad66271d,Consumer Goods SKU-14674,Consumer Goods,3926.3,False,False,False,False,618.67,Metro Suppliers
f9d10312-bf04-40f4-9ff2-d856dc9f8385,Automotive Parts SKU-14675,Automotive Parts,8708.11,False,False,False,False,404.36,Nova Suppliers
f21ff5e2-769a-4404-88c9-92ac344f4efc,Chemicals SKU-14676,Chemicals,3824.24,True,False,False,False,93.94,Nova Suppliers
f127963c-b84b-47cd-aaa2-ea18a5df0666,Food SKU-14677,Food,2106.78,False,False,False,False,721.3,Eastern Suppliers
97a2333a-d145-4ccd-a749-eb4b9ccb2781,Textiles SKU-14678,Textiles,6204.69,False,False,False,False,635.94,Pacific Suppliers
12db4aec-9d9d-42c4-b45e-d9bd3ab4424d,Machinery SKU-14679,Machinery,8479.22,False,False,False,False,585.61,Eastern Suppliers
4b37f6e6-1236-492f-8500-506b0207daf7,Chemicals SKU-14680,Chemicals,3824.85,True,False,False,False,294.12,Summit Suppliers
8879ded6-0e20-4299-b2d9-be95f287e047,Automotive Parts SKU-14681,Automotive Parts,8708.27,False,False,False,False,61.03,Pacific Suppliers
92307bbe-de24-4bd4-8bda-540fe064e19e,Medical Devices SKU-14682,Medical Devices,9018.64,False,False,False,False,486.34,Unity Suppliers
4315429d-10da-4147-95e6-441102518f91,Consumer Goods SKU-14683,Consumer Goods,3926.1,False,False,False,False,599.92,Summit Suppliers
2a606449-adba-4275-946c-4e56e23dd1ea,Electronics SKU-14684,Electronics,8517.79,False,False,False,True,633.86,Nova Suppliers
bff1cfb3-cb79-4269-b15a-c1cfc12d70a5,Textiles SKU-14685,Textiles,6204.32,False,False,False,False,41.82,Nova Suppliers
d57a94ec-dd2e-4fce-816e-e85af90dd8ed,Electronics SKU-14686,Electronics,8517.97,False,False,False,False,618.81,Eastern Suppliers
e71dcdf7-f0df-44b4-8daf-9b726f43817d,Medical Devices SKU-14687,Medical Devices,9018.17,False,False,True,False,117.27,Metro Suppliers
b575a914-e1ea-4068-bece-cc80ee31b8bb,Machinery SKU-14688,Machinery,8479.54,False,False,False,False,310.39,Metro Suppliers
b1c9f102-8f8f-4e8b-a9fe-88fd0801d2c7,Medical Devices SKU-14689,Medical Devices,9018.97,False,False,False,False,641.72,Eastern Suppliers
d8853218-ffb1-487d-a501-a6f3bbf18b57,Chemicals SKU-14690,Chemicals,3824.48,False,False,False,False,694.09,Metro Suppliers
2f4598b8-746c-412b-859e-414ee36191e7,Electronics SKU-14691,Electronics,8517.41,False,False,False,False,396.69,Unity Suppliers
de1d61bc-beef-44e5-925a-48262558114c,Consumer Goods SKU-14692,Consumer Goods,3926.28,False,False,False,False,42.77,Pacific Suppliers
61f7daed-610b-4f6f-8854-32504b2d8487,Electronics SKU-14693,Electronics,8517.21,False,False,False,True,429.0,Nova Suppliers
e4604935-b056-4fe2-9621-ee1ad0d6bbec,Chemicals SKU-14694,Chemicals,3824.34,True,False,False,False,218.0,Summit Suppliers
369ae678-64e4-426e-bbe2-8510c768689b,Consumer Goods SKU-14695,Consumer Goods,3926.89,False,False,False,False,8.01,Metro Suppliers
8fa39a4d-7b58-4b3d-b3da-aa5e1c6ada70,Furniture SKU-14696,Furniture,9403.7,False,False,False,True,319.81,Pacific Suppliers
6680d05d-f85e-4898-b6eb-0e449b91730b,Food SKU-14697,Food,2106.66,False,False,False,False,148.92,Pacific Suppliers
29ded474-81e3-464a-a053-350fd16f5202,Furniture SKU-14698,Furniture,9403.38,False,False,False,True,164.94,Unity Suppliers
d5decb16-22a9-4066-8a95-aa371e5686e1,Furniture SKU-14699,Furniture,9403.6,False,False,False,False,274.47,Nova Suppliers
131949dd-a6b0-41fb-8a08-bf9317470ee8,Automotive Parts SKU-14700,Automotive Parts,8708.83,False,False,False,False,525.38,Unity Suppliers
3042caa2-39f4-4147-8077-ec5dc7124a72,Chemicals SKU-14701,Chemicals,3824.82,True,False,False,False,117.2,Summit Suppliers
1f29d914-61b1-462e-831c-455fb9cf9231,Medical Devices SKU-14702,Medical Devices,9018.16,False,False,True,True,517.44,Metro Suppliers
26e5bf3f-503d-42c1-88d4-7b1ab841bd53,Chemicals SKU-14703,Chemicals,3824.29,False,False,False,False,712.75,Pacific Suppliers
19c684c3-0319-4830-8e0e-c5d39978dc28,Electronics SKU-14704,Electronics,8517.74,False,False,False,True,418.36,Nova Suppliers
fe014ca9-a10b-477a-9cbe-c619f4cf09dc,Electronics SKU-14705,Electronics,8517.62,False,False,False,False,215.53,Nova Suppliers
821fe89d-c161-4a7b-af75-f122ec15eb62,Textiles SKU-14706,Textiles,6204.88,False,False,False,False,535.79,Unity Suppliers
1e167d92-9f3b-4638-8650-6ff3c7c0fc11,Automotive Parts SKU-14707,Automotive Parts,8708.2,False,False,False,False,811.53,Nova Suppliers
bc570efe-c134-45aa-b23b-bfdfe1f67420,Pharma SKU-14708,Pharma,3004.17,False,False,True,False,250.47,Pacific Suppliers
d3c63c8e-0929-4047-ae2a-2dfaadd8a595,Consumer Goods SKU-14709,Consumer Goods,3926.88,False,False,False,False,763.25,Unity Suppliers
d91c4e56-5bf0-4aa5-acb0-2fa5782a85d9,Pharma SKU-14710,Pharma,3004.86,False,True,True,False,396.91,Metro Suppliers
c43feb4b-8c2a-44e5-8409-f7648e16df6d,Textiles SKU-14711,Textiles,6204.8,False,False,False,False,266.2,Pacific Suppliers
be24e61e-76df-46f6-b43f-60c67622963a,Electronics SKU-14712,Electronics,8517.89,False,False,False,True,323.04,Metro Suppliers
f0f41389-16ad-4809-a740-fddd137a83f4,Consumer Goods SKU-14713,Consumer Goods,3926.82,False,False,False,False,709.24,Summit Suppliers
83684dc7-09f6-4b82-af25-88af9b00559b,Machinery SKU-14714,Machinery,8479.97,False,False,False,False,358.97,Summit Suppliers
4c79f53d-f960-49df-bc93-207cbc60b037,Consumer Goods SKU-14715,Consumer Goods,3926.99,False,False,False,False,576.66,Metro Suppliers
fa790868-60b0-48ff-9df3-2b1563346028,Pharma SKU-14716,Pharma,3004.68,False,True,True,False,551.8,Eastern Suppliers
5e82f54d-330a-4710-9e71-2c8260228682,Consumer Goods SKU-14717,Consumer Goods,3926.48,False,False,False,False,524.52,Eastern Suppliers
ad43dd19-14c6-4a2c-b0e2-2500d2e754e8,Consumer Goods SKU-14718,Consumer Goods,3926.13,False,False,False,False,602.39,Pacific Suppliers
d0563b30-607f-4766-9f23-54d4608509d1,Chemicals SKU-14719,Chemicals,3824.43,False,False,False,False,125.73,Nova Suppliers
360f4273-b619-4c82-af51-5877968a9445,Furniture SKU-14720,Furniture,9403.28,False,False,False,True,309.07,Metro Suppliers
1d31d4fd-7a38-4f37-99b2-8a68d14b5146,Medical Devices SKU-14721,Medical Devices,9018.56,False,False,False,False,357.46,Eastern Suppliers
030d978d-78f8-4380-ad81-48841d2001bb,Food SKU-14722,Food,2106.96,False,False,True,False,392.93,Eastern Suppliers
06a69637-ad2b-4f10-90ec-5939d1331d85,Automotive Parts SKU-14723,Automotive Parts,8708.84,False,False,False,False,190.69,Summit Suppliers
570d3a79-ad81-4f2b-8030-537d5edc61c2,Consumer Goods SKU-14724,Consumer Goods,3926.61,False,False,False,False,824.38,Unity Suppliers
b436ea80-890e-4dfe-9d04-33f6443b249d,Electronics SKU-14725,Electronics,8517.59,False,False,False,True,10.11,Metro Suppliers
00f03b75-c89f-4895-8832-8a1220636eab,Machinery SKU-14726,Machinery,8479.38,False,False,False,False,487.58,Nova Suppliers
cd597615-5179-403b-8678-cc72b385166c,Chemicals SKU-14727,Chemicals,3824.77,False,False,False,False,247.85,Pacific Suppliers
08d72e2e-0173-4244-8b20-bcf49631de2c,Medical Devices SKU-14728,Medical Devices,9018.69,False,False,True,True,202.12,Pacific Suppliers
5b5764a9-98bd-45d7-87f7-1c351c80d724,Food SKU-14729,Food,2106.37,False,True,True,False,685.6,Eastern Suppliers
fd732203-77f7-44fb-b3bb-9d19b314bb50,Pharma SKU-14730,Pharma,3004.39,False,True,False,False,308.61,Unity Suppliers
c39eec4b-242b-47f5-bbef-2a396e4e2dd6,Electronics SKU-14731,Electronics,8517.72,False,False,False,False,77.81,Eastern Suppliers
cda93252-4e73-4b78-96df-390a87398da0,Automotive Parts SKU-14732,Automotive Parts,8708.32,False,False,False,False,566.26,Metro Suppliers
43631d28-b0ee-4dae-9785-e401f3208ffc,Furniture SKU-14733,Furniture,9403.2,False,False,False,True,694.08,Pacific Suppliers
5d71935b-89bc-48e3-9709-7eff9f4ef321,Textiles SKU-14734,Textiles,6204.28,False,False,False,False,361.91,Summit Suppliers
ded2dde5-6c15-4688-91b6-2428f24263e5,Consumer Goods SKU-14735,Consumer Goods,3926.95,False,False,False,False,848.95,Summit Suppliers
490b04da-6d00-4da7-8c64-4b01231a4d97,Pharma SKU-14736,Pharma,3004.66,False,False,True,False,713.45,Unity Suppliers
fbf3a3f8-3d4a-4ca5-a856-214646cb6aab,Automotive Parts SKU-14737,Automotive Parts,8708.73,False,False,False,False,742.45,Pacific Suppliers
ccbd179a-948b-4159-b556-4f578b8cc89d,Textiles SKU-14738,Textiles,6204.12,False,False,False,False,84.69,Nova Suppliers
47eee689-eaff-40af-803d-1925474cb1e8,Automotive Parts SKU-14739,Automotive Parts,8708.27,False,False,False,False,318.12,Pacific Suppliers
ad32ded8-ff13-4e1a-b1ba-2c67626c9550,Textiles SKU-14740,Textiles,6204.59,False,False,False,False,223.51,Unity Suppliers
c35abd4c-3289-4cff-88fd-ba9e2bf80b74,Chemicals SKU-14741,Chemicals,3824.76,False,False,False,False,792.38,Unity Suppliers
e49350bb-5ad8-4a17-991a-ddf133430cdf,Textiles SKU-14742,Textiles,6204.72,False,False,False,False,490.4,Unity Suppliers
e94d3847-be6b-42ef-899c-418121ea4315,Medical Devices SKU-14743,Medical Devices,9018.99,False,False,False,False,267.93,Unity Suppliers
4adf94f4-7ea8-4805-83db-2a014a584493,Textiles SKU-14744,Textiles,6204.65,False,False,False,False,781.34,Eastern Suppliers
0a6ca72b-3363-4326-901a-eb3054023ce5,Automotive Parts SKU-14745,Automotive Parts,8708.33,False,False,False,False,784.17,Pacific Suppliers
2a9f891b-2d1a-4a27-b9e4-f63e52c73e69,Automotive Parts SKU-14746,Automotive Parts,8708.38,False,False,False,False,118.19,Summit Suppliers
d3634e2e-edc7-4a31-8ebf-7d2450576e46,Chemicals SKU-14747,Chemicals,3824.99,True,False,False,False,606.01,Eastern Suppliers
9d4042b0-350f-406f-9009-11372c63c293,Medical Devices SKU-14748,Medical Devices,9018.29,False,False,True,True,390.17,Nova Suppliers
619e7b60-6e48-472d-a46d-41112e490daf,Electronics SKU-14749,Electronics,8517.21,False,False,False,False,575.14,Metro Suppliers
f4395ce7-291b-440c-9db0-d3241db3f7af,Machinery SKU-14750,Machinery,8479.55,False,False,False,False,326.5,Eastern Suppliers
0345afc8-624a-44e8-ac4b-af5fa629d64f,Textiles SKU-14751,Textiles,6204.66,False,False,False,False,322.1,Pacific Suppliers
4b05250d-38c3-43e6-b9ff-5deb223e1de6,Machinery SKU-14752,Machinery,8479.76,False,False,False,False,197.45,Unity Suppliers
58c6a283-38f6-4237-a086-56b2773ea3ea,Automotive Parts SKU-14753,Automotive Parts,8708.93,False,False,False,False,729.85,Pacific Suppliers
a640415a-4ae0-49bd-8daa-a122c4a65f92,Chemicals SKU-14754,Chemicals,3824.87,False,False,False,False,327.5,Nova Suppliers
9cc60465-e5a5-4a46-bdd4-24b347625d8b,Automotive Parts SKU-14755,Automotive Parts,8708.82,False,False,False,False,122.32,Summit Suppliers
a68c7b59-6ca4-4631-a589-06c9c3f86eab,Automotive Parts SKU-14756,Automotive Parts,8708.11,False,False,False,False,342.01,Nova Suppliers
87df4946-1bdf-4832-ba66-8f9ac0a63c26,Automotive Parts SKU-14757,Automotive Parts,8708.57,False,False,False,False,795.09,Metro Suppliers
713b857d-02e9-4cf6-9b57-27823185607c,Food SKU-14758,Food,2106.87,False,False,True,False,116.36,Metro Suppliers
3fdb217c-271f-4288-bd4e-4974b7cc0535,Textiles SKU-14759,Textiles,6204.79,False,False,False,False,182.33,Eastern Suppliers
503a955f-2465-45fa-af8f-499bc29b778f,Chemicals SKU-14760,Chemicals,3824.74,True,False,False,False,627.05,Metro Suppliers
ee9a33d9-7611-427d-9588-e6db1fdc65e8,Electronics SKU-14761,Electronics,8517.21,False,False,False,True,670.01,Eastern Suppliers
0654a325-5bff-4d22-a83c-ff0347465668,Food SKU-14762,Food,2106.19,False,True,False,False,457.15,Nova Suppliers
54cec2a7-a774-47f0-be00-65c4d11aafa4,Textiles SKU-14763,Textiles,6204.38,False,False,False,False,527.62,Pacific Suppliers
417f4ea1-feab-4fc4-893f-27cd77b05028,Chemicals SKU-14764,Chemicals,3824.89,True,False,False,False,727.83,Metro Suppliers
ee21209c-e071-47f2-93df-533322482f42,Electronics SKU-14765,Electronics,8517.11,False,False,False,True,704.73,Pacific Suppliers
43f6e9dc-e983-4d7a-910b-a8835523ff26,Consumer Goods SKU-14766,Consumer Goods,3926.84,False,False,False,False,707.13,Eastern Suppliers
29d0209f-d77d-44be-8fbe-390826d50a14,Consumer Goods SKU-14767,Consumer Goods,3926.51,False,False,False,False,830.84,Unity Suppliers
888b1f11-6f48-483f-9e0c-578f9241f568,Food SKU-14768,Food,2106.38,False,False,True,False,60.05,Nova Suppliers
6141e539-ccc3-4476-b0aa-796fcae9edf1,Textiles SKU-14769,Textiles,6204.92,False,False,False,False,3.34,Unity Suppliers
d26c97b5-ae7d-4f2d-98d0-b65fdb5cced4,Food SKU-14770,Food,2106.28,False,True,False,False,134.41,Unity Suppliers
ebd7f0ba-5244-48b3-b62a-326be4df858f,Machinery SKU-14771,Machinery,8479.76,False,False,False,False,41.64,Unity Suppliers
6d7e080a-33e3-47e8-8ad9-09ddc2f0ee12,Furniture SKU-14772,Furniture,9403.19,False,False,False,False,784.01,Nova Suppliers
c2c69e20-9a15-4164-bf28-faea9dfb005e,Machinery SKU-14773,Machinery,8479.57,False,False,False,False,24.46,Eastern Suppliers
f492f2fb-9fc7-4a3d-9453-c2bd26314dd3,Medical Devices SKU-14774,Medical Devices,9018.3,False,False,True,False,570.07,Metro Suppliers
1947c2ed-ddcd-4eba-8e9a-d2eb6f85818c,Medical Devices SKU-14775,Medical Devices,9018.36,False,False,False,True,497.17,Pacific Suppliers
cb724d6d-fe7d-4813-a6ff-ded278be6d81,Textiles SKU-14776,Textiles,6204.86,False,False,False,False,334.36,Pacific Suppliers
4379e295-55aa-4ba3-8d93-f5942b94b819,Pharma SKU-14777,Pharma,3004.66,False,True,False,False,273.48,Metro Suppliers
b82e9d69-c503-42cd-a1b3-8391e67d26c8,Chemicals SKU-14778,Chemicals,3824.21,False,False,False,False,590.83,Unity Suppliers
c89e2157-f817-43ea-ad73-353fc12b0712,Automotive Parts SKU-14779,Automotive Parts,8708.17,False,False,False,False,152.79,Nova Suppliers
c83516d9-cc19-4f3c-a6f2-e5153803e7c9,Machinery SKU-14780,Machinery,8479.22,False,False,False,False,693.25,Pacific Suppliers
0ada0415-8ffc-4e31-8af7-59c5cc662343,Automotive Parts SKU-14781,Automotive Parts,8708.53,False,False,False,False,689.28,Nova Suppliers
d37a6f7b-03ff-4a26-86a0-8fd0da610dcc,Machinery SKU-14782,Machinery,8479.32,False,False,False,False,794.82,Pacific Suppliers
b8ea3df4-c7d0-4350-86a9-9d4023189e28,Automotive Parts SKU-14783,Automotive Parts,8708.75,False,False,False,False,245.05,Summit Suppliers
57a250fe-cf69-46b4-a088-9914b659470d,Machinery SKU-14784,Machinery,8479.73,False,False,False,False,703.35,Pacific Suppliers
e502f247-fe01-4d73-99cf-da8527c2cd2b,Pharma SKU-14785,Pharma,3004.77,False,False,True,False,313.76,Pacific Suppliers
a99fd295-233a-4a1c-be73-b1824a903dc4,Chemicals SKU-14786,Chemicals,3824.92,True,False,False,False,709.61,Eastern Suppliers
a1c07fce-4eef-4f97-81e0-1546688c6958,Food SKU-14787,Food,2106.67,False,True,True,False,694.99,Unity Suppliers
379d1b99-e126-4784-9da0-c01ce0c31737,Consumer Goods SKU-14788,Consumer Goods,3926.69,False,False,False,False,268.51,Summit Suppliers
59cd7b92-c91d-491a-9ea3-e205e1520b0a,Machinery SKU-14789,Machinery,8479.38,False,False,False,False,310.5,Unity Suppliers
c7c2361f-11ff-4b60-a5f3-ac85f847ba89,Furniture SKU-14790,Furniture,9403.9,False,False,False,False,409.73,Summit Suppliers
6985bad6-87f2-45ea-9a57-f91e1be40e86,Electronics SKU-14791,Electronics,8517.98,False,False,False,True,664.76,Unity Suppliers
e8698a29-59c9-4ac4-a3c6-3ce3462961ca,Furniture SKU-14792,Furniture,9403.14,False,False,False,False,394.46,Unity Suppliers
0201ef6b-178b-4acc-a498-e74e4ef0ee23,Consumer Goods SKU-14793,Consumer Goods,3926.74,False,False,False,False,758.4,Pacific Suppliers
e27c0d30-3488-45ba-a9f2-86c5d79c1cb4,Textiles SKU-14794,Textiles,6204.33,False,False,False,False,312.04,Unity Suppliers
e27d52ba-a344-4115-b8de-6812636d4576,Textiles SKU-14795,Textiles,6204.41,False,False,False,False,559.93,Summit Suppliers
66cf8077-3caf-459f-95d6-0b6d05fb9bbc,Food SKU-14796,Food,2106.77,False,True,False,False,211.33,Pacific Suppliers
e0361e60-35d4-4b0e-aba1-24dc72ac91bd,Medical Devices SKU-14797,Medical Devices,9018.3,False,False,True,True,790.95,Unity Suppliers
1db06117-e366-430f-a1ef-dfaae5498064,Food SKU-14798,Food,2106.3,False,False,False,False,517.94,Pacific Suppliers
17422310-172e-4e14-b7fd-cf46e21f1028,Automotive Parts SKU-14799,Automotive Parts,8708.34,False,False,False,False,334.13,Metro Suppliers
db7ad2bb-1cb6-46c4-8f8c-b14b3ffbece6,Food SKU-14800,Food,2106.75,False,True,False,False,633.09,Metro Suppliers
fe3614e0-d6af-4fb2-969b-f721e0353a12,Consumer Goods SKU-14801,Consumer Goods,3926.23,False,False,False,False,262.72,Pacific Suppliers
bcf8e2f4-e62d-4266-89cd-2cd5efe22795,Medical Devices SKU-14802,Medical Devices,9018.75,False,False,False,True,421.38,Eastern Suppliers
773a5bd3-9570-491a-ac5b-3e2f0a0ede8c,Pharma SKU-14803,Pharma,3004.81,False,False,True,False,92.46,Pacific Suppliers
9bfc25e3-409a-4a15-a8a0-04b37ab78472,Food SKU-14804,Food,2106.74,False,False,True,False,495.06,Summit Suppliers
ad05d516-cb74-448c-b26a-94669f10d649,Consumer Goods SKU-14805,Consumer Goods,3926.72,False,False,False,False,741.25,Unity Suppliers
75a07a44-9f1b-468d-a4ca-d22549f4444f,Food SKU-14806,Food,2106.77,False,False,True,False,462.98,Metro Suppliers
d6d1870f-3d6f-492d-93fa-692f12650b5f,Chemicals SKU-14807,Chemicals,3824.88,True,False,False,False,581.91,Summit Suppliers
5fcd49f4-9406-4a39-b062-379a0bf04eeb,Automotive Parts SKU-14808,Automotive Parts,8708.21,False,False,False,False,42.9,Eastern Suppliers
9c4013ed-f4db-46d4-ad2c-e892f48d0a26,Furniture SKU-14809,Furniture,9403.68,False,False,False,False,746.38,Unity Suppliers
ae7f1a23-dc70-4614-a0d3-655e5c51c32f,Electronics SKU-14810,Electronics,8517.26,False,False,False,True,635.9,Summit Suppliers
b7296dae-706c-49c4-917c-b18df107cd0c,Textiles SKU-14811,Textiles,6204.25,False,False,False,False,137.57,Unity Suppliers
8883eb2e-e1f8-4e7f-a0d6-50e441e0da9d,Electronics SKU-14812,Electronics,8517.38,False,False,False,False,745.8,Summit Suppliers
5b9484c0-aecd-4eb4-8813-742df54fbf73,Automotive Parts SKU-14813,Automotive Parts,8708.77,False,False,False,False,581.5,Metro Suppliers
4caf2256-e29a-443c-83a2-8ff69e19dc97,Furniture SKU-14814,Furniture,9403.62,False,False,False,True,609.57,Summit Suppliers
0b43c057-3275-4407-a162-335efa0d0cbf,Furniture SKU-14815,Furniture,9403.77,False,False,False,False,450.42,Pacific Suppliers
1d333f0b-b10d-428e-b947-0aa106a7755c,Medical Devices SKU-14816,Medical Devices,9018.29,False,False,True,True,134.8,Pacific Suppliers
fbdb0162-ed36-4067-a544-4528f93f5d68,Pharma SKU-14817,Pharma,3004.7,False,True,True,False,334.8,Summit Suppliers
8cdec1d5-ab7d-41ca-9f51-90339914594f,Pharma SKU-14818,Pharma,3004.55,False,True,True,False,342.14,Summit Suppliers
d2065ebc-0ff5-4bc5-ad33-9c719b16ea40,Automotive Parts SKU-14819,Automotive Parts,8708.18,False,False,False,False,534.51,Summit Suppliers
ebd54bb5-a43e-4712-899d-a49f021d1455,Electronics SKU-14820,Electronics,8517.15,False,False,False,True,352.57,Unity Suppliers
61aefee9-0884-489b-98da-22d90abf09b4,Chemicals SKU-14821,Chemicals,3824.68,False,False,False,False,463.26,Eastern Suppliers
bd2ffe87-a2c5-4da6-bada-8e1f87bf415e,Medical Devices SKU-14822,Medical Devices,9018.28,False,False,False,True,343.68,Summit Suppliers
0888e2af-2459-47e0-9f0d-43bca9bad69a,Consumer Goods SKU-14823,Consumer Goods,3926.78,False,False,False,False,189.39,Nova Suppliers
e08b7903-9d2d-405f-9d66-2f14c8e1acb5,Consumer Goods SKU-14824,Consumer Goods,3926.62,False,False,False,False,94.91,Metro Suppliers
b83a5456-46fb-41bc-8b26-410ca63b16a4,Automotive Parts SKU-14825,Automotive Parts,8708.87,False,False,False,False,465.33,Summit Suppliers
341010df-4968-4e58-a3e9-3bee339eed74,Food SKU-14826,Food,2106.5,False,False,True,False,298.52,Summit Suppliers
6321bc18-e791-41a4-9cd9-c31cd0b79a67,Pharma SKU-14827,Pharma,3004.33,False,True,True,False,620.96,Unity Suppliers
c5245859-e639-4fc3-9de2-7ece0f9b14b5,Furniture SKU-14828,Furniture,9403.99,False,False,False,False,836.28,Summit Suppliers
57e94c2c-3a74-4a61-a80e-500f78ca6b72,Machinery SKU-14829,Machinery,8479.57,False,False,False,False,638.49,Pacific Suppliers
7956981f-d932-4118-8aef-2bfa7c254ee1,Automotive Parts SKU-14830,Automotive Parts,8708.3,False,False,False,False,183.72,Unity Suppliers
dd07ca8a-7d6e-4161-abe2-d4d134e871b0,Furniture SKU-14831,Furniture,9403.39,False,False,False,True,752.94,Metro Suppliers
62dde914-c3aa-452d-a40e-24bbb50c20fe,Consumer Goods SKU-14832,Consumer Goods,3926.7,False,False,False,False,381.71,Metro Suppliers
e8433625-7ce8-46a7-86b2-5f484915522a,Pharma SKU-14833,Pharma,3004.23,False,False,False,False,210.96,Unity Suppliers
be410f31-0fe0-4b0a-840e-b6489e6cb72c,Machinery SKU-14834,Machinery,8479.57,False,False,False,False,301.0,Pacific Suppliers
eba5bdee-3fc3-4554-8675-a7a2bf527b30,Consumer Goods SKU-14835,Consumer Goods,3926.45,False,False,False,False,235.71,Summit Suppliers
5f79677e-0a9a-403b-8802-84d9d29cd3c4,Machinery SKU-14836,Machinery,8479.46,False,False,False,False,253.34,Eastern Suppliers
d13d69c5-558f-4568-882c-880eccf62b06,Consumer Goods SKU-14837,Consumer Goods,3926.98,False,False,False,False,469.45,Pacific Suppliers
2d4ce2ae-0e25-41e2-90b2-019227a8fb79,Chemicals SKU-14838,Chemicals,3824.61,True,False,False,False,603.45,Metro Suppliers
615baadf-6580-42d1-ac0e-a5606cd8633e,Pharma SKU-14839,Pharma,3004.57,False,True,True,False,644.83,Eastern Suppliers
9337aeae-7b02-47f7-bc2d-d6acb2b5524d,Textiles SKU-14840,Textiles,6204.16,False,False,False,False,686.97,Pacific Suppliers
15eac900-4b25-48c8-9855-a158932e4499,Food SKU-14841,Food,2106.54,False,False,True,False,285.43,Pacific Suppliers
150b4c1e-6ef8-49a6-9ec1-9262ad411401,Pharma SKU-14842,Pharma,3004.59,False,False,True,False,370.53,Eastern Suppliers
01cfb037-a49d-4480-aa8f-23f5e255bb85,Chemicals SKU-14843,Chemicals,3824.18,True,False,False,False,192.77,Eastern Suppliers
643faa0a-142c-4e76-96df-54b276b15176,Consumer Goods SKU-14844,Consumer Goods,3926.44,False,False,False,False,214.64,Eastern Suppliers
6e41b48c-bc4c-45ff-b2dc-4e0c1fe17506,Automotive Parts SKU-14845,Automotive Parts,8708.42,False,False,False,False,597.12,Nova Suppliers
f9bd2cae-a8ea-42ff-a83c-ce64275a059e,Electronics SKU-14846,Electronics,8517.7,False,False,False,False,425.42,Nova Suppliers
4af88fc2-09ee-46c9-a6aa-dbc26d4eadbd,Automotive Parts SKU-14847,Automotive Parts,8708.39,False,False,False,False,376.58,Unity Suppliers
3485aee6-4274-43ed-84c6-b1dde098c38d,Furniture SKU-14848,Furniture,9403.8,False,False,False,True,208.49,Eastern Suppliers
a7388e64-da84-487a-a2ef-b5130c5c85bb,Furniture SKU-14849,Furniture,9403.2,False,False,False,True,15.72,Nova Suppliers
837c890f-7934-47f7-8608-aa5da45cf6c5,Chemicals SKU-14850,Chemicals,3824.34,True,False,False,False,122.86,Metro Suppliers
3e2468fd-38ef-4ddd-91ae-56b151320724,Pharma SKU-14851,Pharma,3004.19,False,True,False,False,562.92,Unity Suppliers
e9aa7f54-d76d-4769-a9c3-f4f5274b253a,Electronics SKU-14852,Electronics,8517.38,False,False,False,True,204.61,Nova Suppliers
a6a32ff7-40ae-486c-834f-676630b5c7ec,Medical Devices SKU-14853,Medical Devices,9018.48,False,False,False,False,320.72,Eastern Suppliers
c1592b3b-cdfc-45ed-ad53-d0e6f4b1737c,Textiles SKU-14854,Textiles,6204.15,False,False,False,False,432.72,Nova Suppliers
39fb5283-c3e7-4161-933f-5ea4a24ab46a,Medical Devices SKU-14855,Medical Devices,9018.91,False,False,False,True,125.52,Summit Suppliers
313bcaeb-6a24-4840-bdb2-32fa08725a22,Machinery SKU-14856,Machinery,8479.88,False,False,False,False,800.1,Unity Suppliers
4e77711a-2248-454c-8d6d-6fe6c2b240de,Pharma SKU-14857,Pharma,3004.37,False,True,True,False,377.66,Unity Suppliers
53904c9f-19e1-4e0e-909c-a83917296ef7,Food SKU-14858,Food,2106.82,False,False,False,False,25.39,Pacific Suppliers
84c5968e-7cea-4f13-86fc-493786c7d9e5,Automotive Parts SKU-14859,Automotive Parts,8708.18,False,False,False,False,423.41,Eastern Suppliers
c1ca57b5-ea7a-453e-b7ca-6317e811d4fb,Automotive Parts SKU-14860,Automotive Parts,8708.94,False,False,False,False,343.82,Pacific Suppliers
72ca05fd-9809-4582-a98c-63d8f5dbf9a4,Medical Devices SKU-14861,Medical Devices,9018.87,False,False,True,False,127.31,Unity Suppliers
1954e7fe-ff14-4036-91ce-329024088677,Automotive Parts SKU-14862,Automotive Parts,8708.58,False,False,False,False,583.95,Summit Suppliers
ddf274e1-56fb-4ebf-951e-1e2801450dc2,Textiles SKU-14863,Textiles,6204.26,False,False,False,False,446.46,Pacific Suppliers
109bc4fd-8de8-4617-b8e6-83e014ab95ca,Machinery SKU-14864,Machinery,8479.42,False,False,False,False,729.85,Summit Suppliers
24e98e92-9f54-4362-bbd8-8fdc0be1f62f,Furniture SKU-14865,Furniture,9403.94,False,False,False,True,631.51,Unity Suppliers
8ee6030a-b94f-4f73-8a40-09329d8f668a,Food SKU-14866,Food,2106.53,False,False,False,False,128.21,Metro Suppliers
95e7e182-b3d1-4635-90e1-532fc4f7a3f5,Medical Devices SKU-14867,Medical Devices,9018.28,False,False,False,False,657.44,Metro Suppliers
e6013e45-5d75-4c05-8de6-a024bc56642e,Chemicals SKU-14868,Chemicals,3824.75,True,False,False,False,370.35,Nova Suppliers
603dd4c3-3f16-439d-af80-038abecd305e,Chemicals SKU-14869,Chemicals,3824.66,True,False,False,False,487.06,Metro Suppliers
5672afb9-bf55-4860-be14-997bbe33e453,Electronics SKU-14870,Electronics,8517.43,False,False,False,False,15.95,Metro Suppliers
bec45cf0-fb73-42ec-b7bb-c25479492307,Machinery SKU-14871,Machinery,8479.57,False,False,False,False,111.08,Nova Suppliers
bc339b9a-6e73-41e8-be21-60652496a07b,Food SKU-14872,Food,2106.21,False,True,True,False,125.08,Unity Suppliers
789bb418-41f1-450b-9eb5-b1082e5195e3,Automotive Parts SKU-14873,Automotive Parts,8708.63,False,False,False,False,494.03,Eastern Suppliers
4ad4729f-810c-45f9-9fbd-330c3acd9534,Chemicals SKU-14874,Chemicals,3824.44,True,False,False,False,409.04,Unity Suppliers
65afc73d-c55b-4f0a-80f0-d3ec83aa73a6,Pharma SKU-14875,Pharma,3004.1,False,False,True,False,365.51,Pacific Suppliers
aa16203a-2005-4f1d-80ae-cff743020be8,Medical Devices SKU-14876,Medical Devices,9018.39,False,False,True,True,84.3,Metro Suppliers
bb069bcb-c3c1-47ac-b81c-e343faac9d36,Furniture SKU-14877,Furniture,9403.1,False,False,False,True,455.28,Unity Suppliers
38e4eccb-b629-45c9-ae2b-1692cbb933f9,Chemicals SKU-14878,Chemicals,3824.78,False,False,False,False,794.07,Summit Suppliers
37bad2f0-28b6-4856-8885-664986d5e0a2,Chemicals SKU-14879,Chemicals,3824.19,True,False,False,False,456.01,Nova Suppliers
2caa498e-952c-4774-a7eb-ebdd1c877251,Chemicals SKU-14880,Chemicals,3824.94,True,False,False,False,637.97,Metro Suppliers
a9a57eb1-893d-40cd-84fa-133f9de0c6a4,Electronics SKU-14881,Electronics,8517.43,False,False,False,False,262.44,Summit Suppliers
d344887c-8bed-4a2d-8914-bd6c17de3aaa,Furniture SKU-14882,Furniture,9403.71,False,False,False,True,45.85,Summit Suppliers
c7c1deb5-3a3f-4739-8428-6e8d95d8d202,Chemicals SKU-14883,Chemicals,3824.78,True,False,False,False,681.53,Unity Suppliers
26adfacd-da2a-43ce-be65-d947096edeca,Consumer Goods SKU-14884,Consumer Goods,3926.28,False,False,False,False,833.95,Unity Suppliers
d5f02a15-a147-44b5-a735-da5c577491f5,Machinery SKU-14885,Machinery,8479.27,False,False,False,False,667.5,Unity Suppliers
a2a584b7-2689-474e-a417-acdaf2d8ed7e,Electronics SKU-14886,Electronics,8517.54,False,False,False,False,225.1,Unity Suppliers
062fdaf7-667e-4834-b255-9d52e9e99bb7,Furniture SKU-14887,Furniture,9403.26,False,False,False,False,791.61,Metro Suppliers
981561be-4798-48e6-8685-4b6e5cbc46c4,Electronics SKU-14888,Electronics,8517.73,False,False,False,True,168.03,Summit Suppliers
c0135133-a876-49de-b3f6-6ad5c63bdc2d,Pharma SKU-14889,Pharma,3004.42,False,True,True,False,410.34,Nova Suppliers
3fe81c17-0ed2-413c-82a0-b1b9070ad249,Chemicals SKU-14890,Chemicals,3824.27,True,False,False,False,189.91,Summit Suppliers
7d476ae8-3b0b-4376-9efd-402218ad89b9,Furniture SKU-14891,Furniture,9403.14,False,False,False,True,279.88,Metro Suppliers
f5432591-a75d-4e44-87b8-3de398353624,Medical Devices SKU-14892,Medical Devices,9018.12,False,False,False,False,154.24,Unity Suppliers
ad06b003-4490-43a7-8f54-aabadd395e73,Electronics SKU-14893,Electronics,8517.83,False,False,False,True,814.81,Unity Suppliers
fcea6d97-c368-47c0-8a3d-030a7eb03cad,Pharma SKU-14894,Pharma,3004.26,False,False,True,False,435.45,Pacific Suppliers
b4ab1198-b919-4b5f-a1c1-23eee3b82a2a,Chemicals SKU-14895,Chemicals,3824.49,True,False,False,False,342.39,Nova Suppliers
f73645dd-9c5b-41d4-8477-a97596f7c183,Medical Devices SKU-14896,Medical Devices,9018.38,False,False,True,True,439.96,Summit Suppliers
5e2ac5c0-3fc4-4dfc-b82c-0d93281cf460,Consumer Goods SKU-14897,Consumer Goods,3926.63,False,False,False,False,223.45,Nova Suppliers
6452d420-0ef8-49c5-ba3e-877142b50fab,Pharma SKU-14898,Pharma,3004.35,False,False,True,False,404.11,Pacific Suppliers
1c1b3980-be6b-478b-89f7-0268141c75ea,Automotive Parts SKU-14899,Automotive Parts,8708.31,False,False,False,False,556.92,Pacific Suppliers
8c3d5c7d-c045-49e4-8e64-f6b8d5c976bb,Food SKU-14900,Food,2106.91,False,True,False,False,218.59,Pacific Suppliers
138bd23e-1c66-4df0-990f-bf947f3c0009,Medical Devices SKU-14901,Medical Devices,9018.25,False,False,True,False,415.89,Unity Suppliers
128b1e01-224c-43d1-83a5-f6dde5d06218,Consumer Goods SKU-14902,Consumer Goods,3926.19,False,False,False,False,605.3,Metro Suppliers
e8b8ee47-221e-4035-a953-3584d9d65278,Pharma SKU-14903,Pharma,3004.73,False,False,True,False,512.09,Pacific Suppliers
a479e544-bb38-4e4d-9322-97ca7f009492,Furniture SKU-14904,Furniture,9403.42,False,False,False,True,464.43,Summit Suppliers
80680337-c62d-4045-8068-392d5be17994,Consumer Goods SKU-14905,Consumer Goods,3926.13,False,False,False,False,444.15,Metro Suppliers
2f0bfa77-4296-41d1-ab28-3885d00c9254,Chemicals SKU-14906,Chemicals,3824.54,False,False,False,False,717.17,Pacific Suppliers
655419d2-b8ea-4b1a-b012-bd3d59152fff,Furniture SKU-14907,Furniture,9403.51,False,False,False,False,614.19,Nova Suppliers
e6035e97-4207-496c-b225-cca507b7093e,Automotive Parts SKU-14908,Automotive Parts,8708.64,False,False,False,False,268.14,Eastern Suppliers
b9840c92-e691-47b2-8d7d-90e93701683b,Electronics SKU-14909,Electronics,8517.88,False,False,False,True,91.01,Unity Suppliers
a9a2373f-55ba-4614-b4ce-792ed2277ba3,Medical Devices SKU-14910,Medical Devices,9018.35,False,False,True,True,93.44,Unity Suppliers
558bc613-430a-45b6-a062-6b1596f72dcf,Pharma SKU-14911,Pharma,3004.83,False,False,False,False,162.88,Summit Suppliers
1ebda034-05d1-4770-a446-77a700975b25,Medical Devices SKU-14912,Medical Devices,9018.39,False,False,False,True,265.33,Pacific Suppliers
5bda661a-8487-4396-9481-cf97e731c6b6,Machinery SKU-14913,Machinery,8479.69,False,False,False,False,25.77,Nova Suppliers
020a205e-a55c-4e0a-9122-82747a3f4bfe,Automotive Parts SKU-14914,Automotive Parts,8708.81,False,False,False,False,105.75,Metro Suppliers
b7cc6568-59ee-4902-85f4-f26e6ce977b1,Medical Devices SKU-14915,Medical Devices,9018.6,False,False,False,True,72.23,Nova Suppliers
8e19e444-a065-4079-963d-6f72bad67ae7,Pharma SKU-14916,Pharma,3004.19,False,True,False,False,67.82,Pacific Suppliers
dd91b899-512b-4cab-9ceb-edb5ce10526d,Machinery SKU-14917,Machinery,8479.56,False,False,False,False,685.53,Unity Suppliers
cf1e50f8-c278-4fcc-b467-0545e1e14991,Furniture SKU-14918,Furniture,9403.59,False,False,False,True,258.88,Summit Suppliers
c3f3e266-1335-4e62-808d-771a490f8c53,Electronics SKU-14919,Electronics,8517.9,False,False,False,False,490.64,Metro Suppliers
228a8c42-ebd0-48fa-a519-5505081c914a,Electronics SKU-14920,Electronics,8517.1,False,False,False,True,12.93,Summit Suppliers
940ea71f-889e-473f-bba3-5693e7240124,Pharma SKU-14921,Pharma,3004.74,False,True,False,False,637.55,Pacific Suppliers
948c5b8d-fa43-46fd-b3ea-dc25906bc2cd,Machinery SKU-14922,Machinery,8479.54,False,False,False,False,206.52,Summit Suppliers
a1d399d0-7dae-4d5d-a13a-ecc53cf0a390,Automotive Parts SKU-14923,Automotive Parts,8708.57,False,False,False,False,87.28,Eastern Suppliers
5f696774-f837-495e-a194-dfda13ee9f8b,Medical Devices SKU-14924,Medical Devices,9018.44,False,False,True,True,234.26,Nova Suppliers
6f70b137-c1f9-4921-a409-bf2733c2c1f3,Automotive Parts SKU-14925,Automotive Parts,8708.92,False,False,False,False,390.7,Nova Suppliers
610510ed-6da5-4ec8-bc85-ed6c0a281073,Chemicals SKU-14926,Chemicals,3824.46,False,False,False,False,103.69,Nova Suppliers
9bae3abd-9305-4613-a7d9-67850e9f3fab,Furniture SKU-14927,Furniture,9403.84,False,False,False,False,502.32,Nova Suppliers
4a51c621-0c56-4edd-870f-649c0d1faf62,Machinery SKU-14928,Machinery,8479.42,False,False,False,False,378.89,Summit Suppliers
f74c2597-f5db-43ee-af9b-9c575e78ede1,Textiles SKU-14929,Textiles,6204.93,False,False,False,False,466.21,Pacific Suppliers
1fedd8df-f2d7-4304-8ad1-3587b0ab0e30,Consumer Goods SKU-14930,Consumer Goods,3926.46,False,False,False,False,316.78,Summit Suppliers
4360b95b-87d8-4d27-915e-69150922cf56,Medical Devices SKU-14931,Medical Devices,9018.68,False,False,True,False,400.99,Eastern Suppliers
87add348-558b-442f-8b37-42ea84daee72,Furniture SKU-14932,Furniture,9403.6,False,False,False,False,161.5,Nova Suppliers
5fafc4b5-a403-4d08-b604-48ac327e45e4,Medical Devices SKU-14933,Medical Devices,9018.25,False,False,True,False,414.53,Pacific Suppliers
8e439152-71c4-4677-b5fd-bfbffb6b67c5,Electronics SKU-14934,Electronics,8517.35,False,False,False,False,835.47,Eastern Suppliers
92f9aa29-25ce-4ade-aa72-0e8faa19fb0f,Electronics SKU-14935,Electronics,8517.57,False,False,False,True,795.24,Pacific Suppliers
dbb5611f-d14a-41d2-bc6e-245b88c14ee3,Consumer Goods SKU-14936,Consumer Goods,3926.17,False,False,False,False,761.48,Metro Suppliers
d2a86582-0275-4c50-b1f3-76b3d039a500,Machinery SKU-14937,Machinery,8479.72,False,False,False,False,420.99,Eastern Suppliers
a5209855-18f6-4857-bbe2-cd1b7cd03032,Textiles SKU-14938,Textiles,6204.17,False,False,False,False,198.79,Metro Suppliers
e13a8dd5-890b-4319-b4ae-c7878980450e,Consumer Goods SKU-14939,Consumer Goods,3926.67,False,False,False,False,20.84,Nova Suppliers
47a041dd-5fd3-4057-a78d-9ad2e5aaf1a4,Consumer Goods SKU-14940,Consumer Goods,3926.91,False,False,False,False,106.24,Metro Suppliers
88b9d155-6bbc-44a2-ad1d-730a299cd06a,Medical Devices SKU-14941,Medical Devices,9018.73,False,False,False,False,624.62,Pacific Suppliers
8a3ff96f-143f-4a7f-9d51-088c6e589d29,Machinery SKU-14942,Machinery,8479.11,False,False,False,False,373.91,Pacific Suppliers
641edae2-0317-4b54-ae74-47fdd525d0a1,Medical Devices SKU-14943,Medical Devices,9018.9,False,False,False,False,384.64,Pacific Suppliers
92ae15b6-0b02-4522-9b04-51b60bce149f,Chemicals SKU-14944,Chemicals,3824.49,True,False,False,False,809.1,Pacific Suppliers
15e9ebce-a9cd-4377-af7d-4e481230f862,Electronics SKU-14945,Electronics,8517.41,False,False,False,False,478.95,Unity Suppliers
ca20455a-ba0d-4860-90e2-daa06798dc6f,Machinery SKU-14946,Machinery,8479.36,False,False,False,False,396.93,Nova Suppliers
d067e661-63f2-4430-b0ea-d910a94cbb77,Consumer Goods SKU-14947,Consumer Goods,3926.82,False,False,False,False,389.12,Metro Suppliers
7971550f-ec15-4695-a6b9-79d231d307e4,Food SKU-14948,Food,2106.22,False,True,False,False,766.37,Summit Suppliers
ba0b9170-59e2-4907-840f-3ece79d55e84,Food SKU-14949,Food,2106.13,False,True,True,False,101.31,Pacific Suppliers
704d8071-27d0-429f-9396-c3e56aa0209f,Textiles SKU-14950,Textiles,6204.93,False,False,False,False,756.51,Eastern Suppliers
96c29ae4-a098-4348-9cf7-6038d145a7f3,Food SKU-14951,Food,2106.96,False,False,True,False,123.76,Nova Suppliers
fca040a8-9370-43ee-97b2-e6560e0fdae4,Automotive Parts SKU-14952,Automotive Parts,8708.85,False,False,False,False,278.91,Summit Suppliers
b9355ef0-2ecc-4cb1-af6e-7188dd20c1b1,Automotive Parts SKU-14953,Automotive Parts,8708.44,False,False,False,False,59.21,Metro Suppliers
bcd0d38c-dcf3-457e-922a-8a13589b190f,Furniture SKU-14954,Furniture,9403.65,False,False,False,True,587.38,Summit Suppliers
48bf96a3-1a2d-4434-971b-a7ec0e5c8df3,Electronics SKU-14955,Electronics,8517.69,False,False,False,True,256.04,Eastern Suppliers
a945e97c-a584-4267-8ae6-4e759e262509,Furniture SKU-14956,Furniture,9403.56,False,False,False,True,150.87,Unity Suppliers
30d53f56-b6d6-4d5d-8a1a-208f915085dc,Food SKU-14957,Food,2106.32,False,True,False,False,361.52,Unity Suppliers
1e64030a-3ac6-4a24-9a0a-15d5034d6881,Furniture SKU-14958,Furniture,9403.62,False,False,False,True,818.27,Nova Suppliers
6ad23273-30d8-4a7d-95f6-990c90fd9546,Chemicals SKU-14959,Chemicals,3824.15,True,False,False,False,387.15,Unity Suppliers
3f0014c1-bbd8-4927-a6e3-153aa6d93b26,Pharma SKU-14960,Pharma,3004.46,False,False,True,False,377.79,Eastern Suppliers
f43702a2-a641-4ace-a2ad-33432a7ca624,Pharma SKU-14961,Pharma,3004.19,False,True,True,False,554.47,Unity Suppliers
cdfa3fdb-c753-4fcc-a917-fca6b4682c11,Furniture SKU-14962,Furniture,9403.4,False,False,False,True,405.64,Metro Suppliers
2f4aedad-9797-4a65-9c1c-5c2427929571,Furniture SKU-14963,Furniture,9403.3,False,False,False,False,152.45,Pacific Suppliers
8e128efe-ad79-4e21-84cc-3f833061813d,Automotive Parts SKU-14964,Automotive Parts,8708.25,False,False,False,False,552.32,Eastern Suppliers
e4a96167-f5f2-4537-9815-62be59e35faa,Automotive Parts SKU-14965,Automotive Parts,8708.4,False,False,False,False,600.98,Nova Suppliers
bee53c98-4974-461d-b792-90f821a4aa5d,Chemicals SKU-14966,Chemicals,3824.21,True,False,False,False,583.84,Eastern Suppliers
c19828fa-43a8-4f05-aa41-b20cd7e31378,Automotive Parts SKU-14967,Automotive Parts,8708.14,False,False,False,False,260.51,Unity Suppliers
7437c0e8-f20b-479b-a69f-21fac9321749,Pharma SKU-14968,Pharma,3004.32,False,True,True,False,602.96,Pacific Suppliers
2ba83ba8-4855-4481-8543-cd8ce28f0019,Consumer Goods SKU-14969,Consumer Goods,3926.87,False,False,False,False,704.52,Eastern Suppliers
a5d2434d-c39a-4fe9-b3af-78c1a626618f,Automotive Parts SKU-14970,Automotive Parts,8708.93,False,False,False,False,250.55,Nova Suppliers
599d2a14-b993-453d-b4fd-bb43d3d523b5,Electronics SKU-14971,Electronics,8517.72,False,False,False,True,90.55,Nova Suppliers
9bd8f630-2ca6-4c5d-838f-326da228352b,Chemicals SKU-14972,Chemicals,3824.41,False,False,False,False,275.86,Eastern Suppliers
215b8f75-e39a-4951-bdb4-583cad05abd1,Furniture SKU-14973,Furniture,9403.13,False,False,False,True,20.4,Summit Suppliers
2addfbbd-186b-4aec-877b-5ece94a4e0d9,Pharma SKU-14974,Pharma,3004.31,False,True,False,False,324.64,Nova Suppliers
a7338641-c8b9-49c7-9577-2f48f50d6bc0,Medical Devices SKU-14975,Medical Devices,9018.65,False,False,False,False,757.43,Summit Suppliers
128cbfa1-d260-420a-ab44-aa6a0c47a351,Chemicals SKU-14976,Chemicals,3824.77,True,False,False,False,748.05,Eastern Suppliers
1c673bd8-e33d-4773-983a-d68ee2dcbd9f,Chemicals SKU-14977,Chemicals,3824.3,False,False,False,False,279.93,Nova Suppliers
c86a38b4-9aa8-4731-80db-dbd2ce1b2744,Textiles SKU-14978,Textiles,6204.61,False,False,False,False,556.65,Summit Suppliers
ae169bc3-cc5c-4888-9d96-af6b76b63aa5,Furniture SKU-14979,Furniture,9403.49,False,False,False,True,790.36,Eastern Suppliers
0cd907bf-c4ca-4650-ac0e-3b7c42e0be30,Medical Devices SKU-14980,Medical Devices,9018.66,False,False,False,False,638.53,Eastern Suppliers
b7fb8f16-cab8-437a-a9a0-5844b4220f48,Electronics SKU-14981,Electronics,8517.18,False,False,False,False,303.13,Pacific Suppliers
388d0f9f-501b-4d2b-ab67-f8f1543ba2ce,Chemicals SKU-14982,Chemicals,3824.49,False,False,False,False,419.09,Metro Suppliers
ef94f63b-f87d-43f6-958e-0989b21af21e,Automotive Parts SKU-14983,Automotive Parts,8708.27,False,False,False,False,106.04,Eastern Suppliers
d48f6a8a-96a9-488c-811f-df3b6a393654,Chemicals SKU-14984,Chemicals,3824.38,False,False,False,False,711.18,Pacific Suppliers
c2737d6c-63de-4090-b968-f5f875cd831f,Textiles SKU-14985,Textiles,6204.24,False,False,False,False,291.16,Summit Suppliers
150e63f3-ed7c-4182-8d04-bbe2a240f60a,Furniture SKU-14986,Furniture,9403.95,False,False,False,False,67.13,Metro Suppliers
a4fcb96f-3158-4328-8791-5ba2f65f61a8,Furniture SKU-14987,Furniture,9403.16,False,False,False,True,699.98,Unity Suppliers
9139d34a-d230-4fcc-8522-0a9b8b7b26fb,Machinery SKU-14988,Machinery,8479.82,False,False,False,False,708.76,Unity Suppliers
2e5d55d9-2246-42a4-b3fb-5986406cd086,Consumer Goods SKU-14989,Consumer Goods,3926.61,False,False,False,False,828.31,Unity Suppliers
aeb14fbb-5bbf-4327-aa4d-cb2ea11ba989,Automotive Parts SKU-14990,Automotive Parts,8708.46,False,False,False,False,836.29,Nova Suppliers
fb46880b-8a29-4d67-bc14-36b394b11b92,Consumer Goods SKU-14991,Consumer Goods,3926.67,False,False,False,False,645.98,Metro Suppliers
d3cde2ed-aa96-452c-8000-4fe1957f5a66,Machinery SKU-14992,Machinery,8479.91,False,False,False,False,798.46,Eastern Suppliers
4a734fba-b580-45c7-ba8c-b0a8a8e1e59c,Textiles SKU-14993,Textiles,6204.4,False,False,False,False,624.56,Unity Suppliers
a56b8690-c26b-47d0-8b23-d2d97ed2d05c,Textiles SKU-14994,Textiles,6204.99,False,False,False,False,760.64,Metro Suppliers
660ba1fc-68f2-470b-967e-8684573cadb7,Consumer Goods SKU-14995,Consumer Goods,3926.84,False,False,False,False,212.89,Pacific Suppliers
6eaa82e1-ab59-4732-a011-7d3bfe6a4874,Automotive Parts SKU-14996,Automotive Parts,8708.66,False,False,False,False,241.4,Eastern Suppliers
41f562f2-da27-482a-89f2-a41937646977,Medical Devices SKU-14997,Medical Devices,9018.19,False,False,True,False,526.02,Metro Suppliers
76c63151-9840-43a3-8cea-8b91263977c2,Automotive Parts SKU-14998,Automotive Parts,8708.46,False,False,False,False,547.98,Eastern Suppliers
9831e87e-16b0-4d9f-bb82-3ad93ac37c89,Automotive Parts SKU-14999,Automotive Parts,8708.57,False,False,False,False,228.18,Nova Suppliers
