route_id,origin_city,destination_city,origin_country,destination_country,origin_port,destination_port,distance_km,average_transit_days,route_risk,traffic_index
3e26abf4-dd1f-4e19-8ed5-ffe4905d68ad,Delhi,Felixstowe,India,United Kingdom,Mundra Port,Port of Felixstowe,2362.24,7,Medium,59
08f37f99-d81e-4b50-8bfc-7a8f52c55352,Dubai,Guangzhou,UAE,China,Khalifa Port,Shanghai Port,5909.7,11,Medium,61
daa7dccb-ed0c-4209-9334-1d610a45fd90,Manchester,Houston,United Kingdom,United States,London Gateway,Port of LA,7078.61,10,High,81
51b0b9ea-adad-4653-a483-299806a540cf,Houston,Singapore,United States,Singapore,Port of LA,Port of Singapore,7653.63,11,Low,34
966d3609-db70-45a9-b45c-72cdcbe36c5d,Felixstowe,Bengaluru,United Kingdom,India,London Gateway,Mundra Port,1172.25,4,Low,41
31c203c8-94c5-4b9e-950d-465f940e7e13,Yokohama,Amsterdam,Japan,Netherlands,Port of Osaka,Port of Rotterdam,10423.43,21,Medium,64
aa06b85c-2ea3-4ada-becf-db3486529cdd,Felixstowe,Incheon,United Kingdom,South Korea,Port of Felixstowe,Incheon Port,7623.27,14,Medium,56
ea77a4ed-6364-4bc6-8360-1f943aa28093,Ningbo,Dubai,China,UAE,Shanghai Port,Khalifa Port,1676.25,7,Medium,52
68110bbc-ffe9-47a7-abf1-744c11761dd7,Chicago,Seoul,United States,South Korea,Port Houston,Incheon Port,4091.49,11,Medium,49
5b1ca3ed-f04f-4e15-9fc1-e8e01bca8fb3,Busan,Kolkata,South Korea,India,Incheon Port,Kolkata Port,3109.88,7,Low,30
f43714bf-71b1-4909-906e-96b5eb0983a7,Felixstowe,Abu Dhabi,United Kingdom,UAE,Port of Felixstowe,Jebel Ali,1987.31,6,Low,32
c3856cd7-bd7f-4103-809e-de1d13853733,Amsterdam,Hamburg,Netherlands,Germany,Port of Rotterdam,Bremerhaven,3132.01,6,Medium,40
21cf1991-0499-4650-a4f1-677e13bb9c6d,Singapore,Delhi,Singapore,India,Port of Singapore,Chennai Port,7600.03,15,Low,17
d48b08ef-7150-4478-b6f6-a4d701b95f1c,Dubai,London,UAE,United Kingdom,Jebel Ali,Port of Felixstowe,6772.36,9,Medium,50
39b20382-e6de-42c9-82f3-a3f10e9fe625,Bremen,Mumbai,Germany,India,Port of Hamburg,Kolkata Port,6606.73,8,Low,39
f894290b-40cb-40cc-a0a4-4da6672fe3d0,Ahmedabad,Singapore,India,Singapore,Chennai Port,Port of Singapore,3822.82,11,Low,34
e7733b69-62ea-432b-bc01-d254b4104a75,Amsterdam,Yokohama,Netherlands,Japan,Port of Rotterdam,Port of Osaka,3836.56,7,Medium,50
85ec4eee-9025-4d1e-88ec-6a5ecad7057c,Incheon,Felixstowe,South Korea,United Kingdom,Port of Busan,London Gateway,4944.87,12,Low,33
5ba1bab2-43bd-4866-bc7f-faddf2b37496,Abu Dhabi,Hamburg,UAE,Germany,Jebel Ali,Port of Hamburg,8531.54,18,High,65
8bc7957f-3ff1-4716-9108-7cd7a23e1530,Los Angeles,Houston,United States,United States,Port Newark,Port of LA,199.75,5,Low,27
00e52fe2-c4eb-4cb2-a87a-ce803aa2a9eb,Bremen,Ahmedabad,Germany,India,Port of Hamburg,Mundra Port,2833.94,5,Medium,59
13e406a3-a561-40e6-a7d9-8553b81143a4,Dubai,Rotterdam,UAE,Netherlands,Jebel Ali,Port of Rotterdam,5273.73,8,Low,18
795bbcb6-716a-486c-9ff3-97662f55f3bc,Kolkata,Hyderabad,India,India,Kolkata Port,Chennai Port,2210.62,8,Medium,41
c1b350f8-1bcb-4e03-ade7-34d1af1cb725,Shenzhen,Yokohama,China,Japan,Ningbo-Zhoushan,Port of Yokohama,10554.91,16,Low,36
e88d4d29-21d9-4b2e-a286-0c7dc33c4a52,Bengaluru,Sharjah,India,UAE,Mundra Port,Khalifa Port,3883.82,9,Low,30
5c3b999c-b3cb-4b97-a56f-a246cf92a928,Singapore,Abu Dhabi,Singapore,UAE,Port of Singapore,Khalifa Port,9233.41,19,Critical,93
a5d8dba4-0c8c-46b8-b755-dfffcc4e521e,Houston,Osaka,United States,Japan,Port of LA,Port of Osaka,740.36,6,Low,32
78cf88d2-9b81-4c5b-a4dd-5d8e9c50253d,Osaka,Hamburg,Japan,Germany,Port of Yokohama,Bremerhaven,9454.49,15,Low,41
d864620c-eb46-42d7-aaa1-151ec9748071,Houston,Rotterdam,United States,Netherlands,Port Newark,Port of Rotterdam,7155.89,11,High,87
fca90666-96d6-4637-9bf5-613280badb3a,Kolkata,Tokyo,India,Japan,Kolkata Port,Port of Osaka,10133.94,13,Medium,57
9c0ceb94-ef66-48c0-9d34-ed1554a502cb,Chennai,Singapore,India,Singapore,Mundra Port,Port of Singapore,3442.72,8,Low,39
e531f611-b192-42d8-844f-c07735e6d652,New York,Amsterdam,United States,Netherlands,Port Newark,Port of Rotterdam,9684.37,21,Medium,54
663f2c94-e77e-4ee3-8a10-202478ecd463,Los Angeles,Houston,United States,United States,Port Newark,Port of LA,190.98,5,Low,31
bba2a6dd-f736-4c9c-8fa4-55a2ba9d31e3,Houston,Mumbai,United States,India,Port Houston,Mundra Port,1528.65,4,Medium,60
bf6fc0e1-798f-4a07-82a1-6cfc6bd91d31,Dubai,Incheon,UAE,South Korea,Khalifa Port,Incheon Port,8456.8,11,Low,33
7f798f8d-bd7b-4ea2-88a0-5a45789b8584,Chicago,Bremen,United States,Germany,Port Newark,Bremerhaven,8458.4,15,High,87
d653345c-bdfc-44a0-afeb-3c4974cc0f5d,Manchester,Dubai,United Kingdom,UAE,London Gateway,Jebel Ali,1898.4,6,Medium,51
080fce6d-227a-4161-9589-9109c99996ac,New York,Shenzhen,United States,China,Port of LA,Ningbo-Zhoushan,3062.07,6,Low,43
792276ba-9fa6-4dec-a2f4-30c2ffffffe7,Chennai,Hyderabad,India,India,Chennai Port,Kolkata Port,886.27,3,Medium,53
31f4fa6a-ff25-48d9-8cf6-be80ff3630e8,Singapore,Sharjah,Singapore,UAE,Port of Singapore,Khalifa Port,12363.82,20,Low,41
c0ca5700-e35d-4703-bcf0-3d83cf80b17a,Amsterdam,Felixstowe,Netherlands,United Kingdom,Port of Rotterdam,Port of Felixstowe,10203.03,17,Low,39
5fcec911-77aa-476d-b443-a508b12a0942,Abu Dhabi,Shanghai,UAE,China,Jebel Ali,Ningbo-Zhoushan,4414.36,10,Low,26
1f0dc583-c827-4176-a252-f487120d6a06,Abu Dhabi,Manchester,UAE,United Kingdom,Jebel Ali,Port of Felixstowe,2914.12,8,Low,33
f52abb29-26cd-404e-97f9-efab35f86038,Amsterdam,Kolkata,Netherlands,India,Port of Rotterdam,Kolkata Port,8077.92,14,High,62
4f972d73-b886-4ddf-98e6-1ba16071967a,Felixstowe,Abu Dhabi,United Kingdom,UAE,London Gateway,Khalifa Port,5596.13,12,Low,36
0ca0a4c1-4e1e-43a0-bad4-391278505eac,Los Angeles,Guangzhou,United States,China,Port Newark,Shanghai Port,4256.99,11,Medium,55
1677bf24-99a9-4a50-a48a-542b880c7955,Guangzhou,Bremen,China,Germany,Ningbo-Zhoushan,Port of Hamburg,5231.39,8,Low,16
0cca9b30-cfed-4707-a399-448a12989df9,Dubai,Chicago,UAE,United States,Jebel Ali,Port Newark,7871.73,16,Low,28
9220516a-61f6-4930-8705-9326caf1b153,Frankfurt,Seoul,Germany,South Korea,Bremerhaven,Port of Busan,2894.44,7,Medium,65
9ae39d88-1e69-4645-b7a2-62b29afe3ab6,Incheon,Los Angeles,South Korea,United States,Incheon Port,Port Newark,9370.64,20,Medium,55
d6003518-7e14-44c1-ba50-0c080e7c807c,New York,Kolkata,United States,India,Port Houston,Mundra Port,12180.82,30,Medium,54
67f77ec5-818d-4a2e-81a7-71b867743730,Osaka,Yokohama,Japan,Japan,Port of Yokohama,Port of Osaka,2057.66,6,Low,21
0b809a4c-302d-49bd-8a7d-b8c9836bf4df,Rotterdam,Shenzhen,Netherlands,China,Port of Rotterdam,Shenzhen Port,4002.45,9,Medium,65
512ad239-a60e-433e-8fdf-0960e7523609,London,Tokyo,United Kingdom,Japan,Port of Felixstowe,Port of Osaka,641.83,6,Medium,44
93b2f282-71cf-43c1-80bc-1d659af74540,Seoul,Shanghai,South Korea,China,Incheon Port,Shanghai Port,9253.06,23,Low,40
44ef17ef-bb81-4664-b2f7-76ba54ec9ba6,Dubai,Hamburg,UAE,Germany,Khalifa Port,Port of Hamburg,3118.68,8,Low,43
a7f02cad-6990-4457-962f-615792973e52,Amsterdam,Frankfurt,Netherlands,Germany,Port of Rotterdam,Port of Hamburg,5330.37,8,Low,39
75ad65d7-c0c7-45a9-be55-bc2cdb2f0b61,Yokohama,Sharjah,Japan,UAE,Port of Yokohama,Jebel Ali,10721.5,19,Low,15
2b76577f-045f-48d3-b5d0-7e4d4148e38d,Chicago,Busan,United States,South Korea,Port Newark,Port of Busan,1232.79,6,Low,24
13f94beb-782d-4021-961a-a248f617c212,Manchester,London,United Kingdom,United Kingdom,Port of Felixstowe,London Gateway,1975.83,8,High,77
6081a1d6-7ae3-4d44-9ea6-c717517cf4ab,Abu Dhabi,Osaka,UAE,Japan,Jebel Ali,Port of Osaka,4893.33,12,Medium,55
a4b202be-5e45-44b1-819d-7f2abf475eff,Felixstowe,Amsterdam,United Kingdom,Netherlands,Port of Felixstowe,Port of Rotterdam,10365.16,24,Low,42
0fef2ca2-bd04-4f68-9bcc-40238eabc0a0,Frankfurt,Osaka,Germany,Japan,Bremerhaven,Port of Osaka,8743.95,12,Low,20
c04a84d9-934d-4459-8edd-93ffd2ec005f,Shanghai,Singapore,China,Singapore,Shenzhen Port,Port of Singapore,8485.99,13,Medium,44
28bf753b-5190-4a1e-998b-cf3ca5e64bfe,Felixstowe,Singapore,United Kingdom,Singapore,London Gateway,Port of Singapore,1348.71,3,High,66
cfa96287-a054-4077-8cee-8964787bbae8,Amsterdam,Seoul,Netherlands,South Korea,Port of Rotterdam,Incheon Port,12490.87,21,Medium,59
708bf42b-9714-4d21-8206-558ce0424d4c,Rotterdam,Chicago,Netherlands,United States,Port of Rotterdam,Port of LA,7135.12,12,Medium,53
318d93db-0a9a-42b4-a7ce-aebbe9f77b7d,Tokyo,Seoul,Japan,South Korea,Port of Osaka,Port of Busan,7597.0,15,Low,40
c657aa77-1ca9-4a88-a070-3de0a98525b3,Busan,Dubai,South Korea,UAE,Port of Busan,Jebel Ali,3153.78,9,Medium,48
62c824af-1e9d-4179-8f4f-50105da85799,New York,Hyderabad,United States,India,Port Houston,Nhava Sheva,5047.94,12,Low,29
177d861b-762b-4a03-91cd-53e1d8a4e603,Dubai,Osaka,UAE,Japan,Khalifa Port,Port of Osaka,4431.01,10,Medium,48
ffdd3f77-e92d-4fc7-a615-e0c680d4282b,Delhi,Manchester,India,United Kingdom,Chennai Port,London Gateway,9558.28,15,Low,22
e53bf927-d6bd-4af4-bf9c-f4cb667092d1,Chennai,Abu Dhabi,India,UAE,Mundra Port,Jebel Ali,952.78,3,Medium,44
58d0931d-3c67-4665-8a35-db06fa3aa6a8,Singapore,Tokyo,Singapore,Japan,Port of Singapore,Port of Yokohama,10918.05,26,Medium,62
a8772643-aed8-4a93-9f39-b2c0d63b4ae7,New York,Busan,United States,South Korea,Port Newark,Port of Busan,4173.47,9,Medium,38
d05de934-5a5a-4ae1-8f46-c77ce852ecc1,Sharjah,Abu Dhabi,UAE,UAE,Jebel Ali,Khalifa Port,823.09,2,Medium,67
ae87c739-d482-4d2e-bc30-76adacf70748,Amsterdam,Bremen,Netherlands,Germany,Port of Rotterdam,Port of Hamburg,5692.11,10,Low,41
300be267-c96d-4a27-9942-70ed2a6cb561,Guangzhou,Rotterdam,China,Netherlands,Ningbo-Zhoushan,Port of Rotterdam,6246.58,11,High,69
34852b51-014e-4096-90db-d750eef59e09,Rotterdam,Ningbo,Netherlands,China,Port of Rotterdam,Shanghai Port,2855.28,5,Critical,86
9052da00-5c61-418f-a8f4-3defcf0af3a6,Rotterdam,Singapore,Netherlands,Singapore,Port of Rotterdam,Port of Singapore,3624.75,7,Low,40
9e65d442-ead4-46c4-bdf8-42dcf63d605b,Bremen,Shanghai,Germany,China,Port of Hamburg,Shanghai Port,3261.32,10,Medium,42
3ed6d77c-386a-446e-bd5b-6cc9f6a24e02,Houston,London,United States,United Kingdom,Port Newark,Port of Felixstowe,9885.16,16,High,68
ac6d0674-5bde-4385-85f7-26d3cf2d5b2c,New York,Ningbo,United States,China,Port Houston,Shenzhen Port,1417.22,3,Low,25
e2abece2-270c-4af6-9c60-cbf80a7741cf,Incheon,Bremen,South Korea,Germany,Incheon Port,Bremerhaven,936.94,2,Low,40
fd25363d-b278-468b-8215-da4f9355ab5e,Singapore,Seoul,Singapore,South Korea,Port of Singapore,Port of Busan,11231.09,20,Low,32
aaf38868-8a1f-4f6b-80f8-f9d39ed21481,Guangzhou,Seoul,China,South Korea,Shanghai Port,Port of Busan,7803.71,14,Medium,46
94a2ab68-5e98-4df9-88b3-71378b7532f5,Shenzhen,Singapore,China,Singapore,Shenzhen Port,Port of Singapore,6284.51,13,Medium,54
f666f15e-533b-46fa-8ce6-91700ce170ce,Singapore,Frankfurt,Singapore,Germany,Port of Singapore,Port of Hamburg,7083.34,17,High,63
cb8bb6d9-f39b-4088-bfb6-d2677f59bf98,Sharjah,Singapore,UAE,Singapore,Khalifa Port,Port of Singapore,4394.3,10,Medium,38
48d9f345-69fa-4e15-b565-67e5f11c7817,Houston,Singapore,United States,Singapore,Port of LA,Port of Singapore,3106.59,7,Low,36
36339d01-5204-49d1-8649-4d5a16201973,Singapore,London,Singapore,United Kingdom,Port of Singapore,Port of Felixstowe,1119.25,3,Medium,36
e53d64c1-95d2-414c-a5f2-4349ab14ca3b,Seoul,Frankfurt,South Korea,Germany,Incheon Port,Bremerhaven,1942.53,3,Low,45
5cadca57-2f23-479b-8b6a-3a22da0c700d,Kolkata,Busan,India,South Korea,Mundra Port,Port of Busan,8733.38,13,Low,19
891c9ec7-11d8-4fd8-ba6b-875fda148f9c,Frankfurt,Felixstowe,Germany,United Kingdom,Bremerhaven,London Gateway,6914.71,19,Medium,54
e92b72bd-c149-46b9-a605-a1801bae549f,New York,Tokyo,United States,Japan,Port Houston,Port of Yokohama,7490.91,13,High,76
86bc49c8-1c5a-411e-8668-3d7db6f92820,Amsterdam,Busan,Netherlands,South Korea,Port of Rotterdam,Port of Busan,307.61,3,Medium,62
70373ef0-8150-49b6-a20f-595c226178da,Yokohama,Seoul,Japan,South Korea,Port of Yokohama,Port of Busan,4930.08,13,Low,41
8551b99f-2a54-4c12-9c29-6b3c2e36832b,Chennai,Hyderabad,India,India,Chennai Port,Kolkata Port,789.43,4,Low,35
513761d9-8985-4c71-8f4a-11e9a24e0591,Amsterdam,Yokohama,Netherlands,Japan,Port of Rotterdam,Port of Yokohama,855.83,5,Medium,53
14245022-6805-4e12-be0f-d7fc5a475e05,Amsterdam,Frankfurt,Netherlands,Germany,Port of Rotterdam,Port of Hamburg,3832.12,9,Low,27
87776f8a-23f0-46bd-a59c-5afb2f160f06,Los Angeles,Osaka,United States,Japan,Port Houston,Port of Osaka,3949.79,7,Medium,36
d3698067-74be-4e95-a569-c4a421aa6610,Kolkata,Rotterdam,India,Netherlands,Chennai Port,Port of Rotterdam,1043.0,4,Critical,100
4a985c79-af07-40c7-bff8-3f20208a5a52,Felixstowe,Busan,United Kingdom,South Korea,Port of Felixstowe,Incheon Port,6188.86,14,Low,18
72957b58-99d0-4875-96c1-fde96bbdafe3,Sharjah,Mumbai,UAE,India,Jebel Ali,Mundra Port,4635.69,10,Low,22
1eca37d8-915a-4582-9a7d-857ca3c6b408,Singapore,Felixstowe,Singapore,United Kingdom,Port of Singapore,Port of Felixstowe,1782.0,5,Low,24
be4590e1-3138-4e8d-b5b9-cb99392f6eaa,Osaka,Singapore,Japan,Singapore,Port of Osaka,Port of Singapore,10183.77,14,Low,35
e3c1d3dd-c655-4db0-9a2a-ebeea77ffc56,Ningbo,Felixstowe,China,United Kingdom,Shenzhen Port,London Gateway,3362.0,8,Medium,46
751e8787-5a61-429f-8f7c-dcd7e8c1e4f2,Houston,Chicago,United States,United States,Port of LA,Port of LA,609.82,6,Low,26
9d6096f5-d8d6-4149-b466-b4c52a701d01,Incheon,Busan,South Korea,South Korea,Port of Busan,Incheon Port,929.61,5,Low,15
794f5eaf-3a11-4bbe-8519-ee070a350597,Chennai,Singapore,India,Singapore,Mundra Port,Port of Singapore,6139.12,14,Medium,43
0112ec0e-87c7-4984-aa9f-8ef6efe54509,London,Abu Dhabi,United Kingdom,UAE,Port of Felixstowe,Khalifa Port,8762.71,16,Medium,39
ffdb8952-74bc-4548-bace-e39b2d5ad459,Busan,Bengaluru,South Korea,India,Port of Busan,Mundra Port,5633.28,10,Low,43
aece1c36-056d-42fe-8582-915fa27f1751,Rotterdam,Chicago,Netherlands,United States,Port of Rotterdam,Port of LA,5303.97,12,Low,17
5da927b0-db6c-47f9-9a48-135a6975b702,Osaka,London,Japan,United Kingdom,Port of Osaka,London Gateway,4675.82,7,Low,35
088f566e-5b69-45ca-afcd-eea4409da1b5,Yokohama,Amsterdam,Japan,Netherlands,Port of Yokohama,Port of Rotterdam,12290.32,25,Low,42
bce9126f-e49d-49c0-a5eb-4557a2a2f58e,Bengaluru,Manchester,India,United Kingdom,Mundra Port,Port of Felixstowe,2285.19,5,Medium,42
6220435d-293d-4503-a81d-a5b91728536d,Felixstowe,Chicago,United Kingdom,United States,London Gateway,Port Newark,11696.23,24,Medium,63
8f02aa3e-21d7-4226-a6a4-0f4fa6b122b8,London,Rotterdam,United Kingdom,Netherlands,Port of Felixstowe,Port of Rotterdam,8400.11,21,Medium,57
a8f41b42-79b6-4d4c-bc7b-287fd23670c8,Los Angeles,Felixstowe,United States,United Kingdom,Port Newark,Port of Felixstowe,2215.98,4,Medium,60
0406a116-4c7d-44c4-9849-266fcf567558,Felixstowe,Singapore,United Kingdom,Singapore,London Gateway,Port of Singapore,4470.48,9,Low,21
1c54f111-a16c-4e6b-81c2-173c7c6b4e9d,Amsterdam,Los Angeles,Netherlands,United States,Port of Rotterdam,Port Houston,889.63,3,Medium,51
5aee1535-3970-485c-ae9d-a574c69a592b,Busan,Frankfurt,South Korea,Germany,Incheon Port,Port of Hamburg,4290.88,7,Medium,57
ddb72827-3fd5-48a7-8928-eadb815ea291,Houston,Abu Dhabi,United States,UAE,Port Houston,Khalifa Port,11597.37,19,High,73
aff900ab-630d-4b5c-bdad-b26861d915fa,Singapore,Bremen,Singapore,Germany,Port of Singapore,Bremerhaven,10489.08,17,Low,23
0a9fbaf3-cb41-4147-a743-ff3a0f8cac88,Singapore,Manchester,Singapore,United Kingdom,Port of Singapore,London Gateway,4042.29,8,Low,23
dbe2c87e-07b0-4414-a504-ba665696635d,Incheon,Los Angeles,South Korea,United States,Port of Busan,Port Houston,8693.35,15,Low,44
413a54cd-1fc9-4e47-a7c7-8d639d1a48ec,Shanghai,Frankfurt,China,Germany,Ningbo-Zhoushan,Bremerhaven,5877.73,8,Low,17
22c83957-4043-4dd0-bc0c-26c8151fe1ae,Seoul,Bremen,South Korea,Germany,Port of Busan,Bremerhaven,10048.69,23,Low,35
d2e3e61b-f2d8-4935-b15a-5548fcaf537e,Houston,Yokohama,United States,Japan,Port of LA,Port of Osaka,10214.36,21,Medium,63
3e33da08-79f5-41f5-b154-5bcba7ee1bdf,Hyderabad,Singapore,India,Singapore,Mundra Port,Port of Singapore,577.46,5,Low,22
e0a84e14-2ccc-4a79-9e7b-1d262b2f8ced,Bremen,Shenzhen,Germany,China,Bremerhaven,Ningbo-Zhoushan,826.86,6,Low,26
3b926c59-6280-4d43-bc74-e327a09a650c,New York,Incheon,United States,South Korea,Port of LA,Incheon Port,928.79,3,High,70
193728d1-1f78-4fa1-b8de-3d94e598ea90,London,Singapore,United Kingdom,Singapore,Port of Felixstowe,Port of Singapore,6477.18,15,Medium,61
4e14b8b5-1004-43ae-9252-d1c95b327659,Shenzhen,London,China,United Kingdom,Ningbo-Zhoushan,London Gateway,2548.76,4,Medium,68
d646d531-0dee-442c-98e6-0f8ab706275a,Abu Dhabi,Hamburg,UAE,Germany,Jebel Ali,Bremerhaven,10191.6,15,Medium,67
45d05625-6c04-4dd9-b5f6-68f5b8f53e1a,Rotterdam,Houston,Netherlands,United States,Port of Rotterdam,Port of LA,8076.15,16,Low,23
2129a77d-3c53-4b8a-8626-cb9caa764d9e,Felixstowe,Singapore,United Kingdom,Singapore,Port of Felixstowe,Port of Singapore,2347.44,4,Critical,98
5119c9ef-ac20-4676-b5b7-db4db73e1524,Abu Dhabi,Bremen,UAE,Germany,Jebel Ali,Bremerhaven,10258.47,19,Low,32
39fa2ad3-38d2-45b9-a55e-6c04765d9d58,Frankfurt,Singapore,Germany,Singapore,Bremerhaven,Port of Singapore,1349.68,6,Low,30
02263d06-19b2-451e-88f5-f8783c78861b,Amsterdam,Rotterdam,Netherlands,Netherlands,Port of Rotterdam,Port of Rotterdam,1497.84,4,Medium,35
13d040cc-dda7-4bb0-8e92-0d0505560ed0,Felixstowe,Abu Dhabi,United Kingdom,UAE,London Gateway,Khalifa Port,4135.89,6,High,80
8cb7a55c-0673-455e-84dd-e1f22ec30d4b,Yokohama,Rotterdam,Japan,Netherlands,Port of Yokohama,Port of Rotterdam,3216.08,5,Medium,63
8d0db1ad-df44-499e-ad93-d194e7bdcc81,Tokyo,Felixstowe,Japan,United Kingdom,Port of Osaka,Port of Felixstowe,638.26,5,Medium,56
24e63764-d0c8-4504-be05-b6fdad1b03d2,Sharjah,Singapore,UAE,Singapore,Khalifa Port,Port of Singapore,11711.58,19,Low,29
077bbfb2-51b1-4b20-8329-3b70e730e952,Felixstowe,Hamburg,United Kingdom,Germany,London Gateway,Port of Hamburg,3645.01,9,Low,44
4a353ddf-9a51-4eda-9abd-bf0f28ead5e5,Yokohama,Chennai,Japan,India,Port of Yokohama,Nhava Sheva,5815.18,10,Low,20
c6c8c3dc-8906-4159-b056-b4c28e052305,Abu Dhabi,Los Angeles,UAE,United States,Jebel Ali,Port Newark,10108.06,23,High,67
fad9a65d-7df2-4626-bc64-ca20c9a43ffb,Chennai,Frankfurt,India,Germany,Kolkata Port,Port of Hamburg,7002.45,12,Medium,60
1ae03496-397d-4e62-840b-9944df8d6a9e,Houston,Felixstowe,United States,United Kingdom,Port Houston,London Gateway,11202.42,19,Low,18
a5cdffe2-3e56-4a79-902d-e6687ff43718,Guangzhou,Felixstowe,China,United Kingdom,Shenzhen Port,London Gateway,9201.85,14,High,77
67e32015-fec0-42f2-a8c2-9cd5ba0cb67e,Abu Dhabi,Osaka,UAE,Japan,Jebel Ali,Port of Yokohama,6418.0,10,Medium,47
52280225-25c2-42dd-802c-3bda9c69621f,Singapore,London,Singapore,United Kingdom,Port of Singapore,London Gateway,9857.58,18,Medium,43
8c8b97ed-f840-4f0a-be3c-aeb6b3c88e56,Bremen,London,Germany,United Kingdom,Port of Hamburg,Port of Felixstowe,1761.28,3,High,79
65c8626d-bac4-4764-96e5-6ee6ac4b7a51,Tokyo,Shenzhen,Japan,China,Port of Osaka,Ningbo-Zhoushan,2127.21,7,Low,18
3ea5e00f-f26e-4e25-8e2a-5143a92f6b93,Rotterdam,Yokohama,Netherlands,Japan,Port of Rotterdam,Port of Osaka,7553.21,13,Low,42
7e74a09d-931a-42f6-bcdd-06a2ffc87d5f,Frankfurt,Manchester,Germany,United Kingdom,Bremerhaven,London Gateway,10749.78,25,High,83
f24031e3-51a7-4989-ae9d-39cb92d4369f,Abu Dhabi,Felixstowe,UAE,United Kingdom,Khalifa Port,London Gateway,9090.77,15,Low,34
2bb0737d-2fc0-4e8f-9b5c-f4d3cbd59284,Seoul,Houston,South Korea,United States,Incheon Port,Port Newark,6131.8,12,Medium,36
b6752078-901f-41a7-afb8-2b13ebb0c9b4,Singapore,Dubai,Singapore,UAE,Port of Singapore,Khalifa Port,10907.33,26,Low,38
97b4d5bd-61d7-4945-afa4-17df7c5581a2,Yokohama,Mumbai,Japan,India,Port of Osaka,Mundra Port,562.93,1,Medium,41
a754d4f6-e155-4dcc-88b8-399de18d337f,Bremen,Abu Dhabi,Germany,UAE,Bremerhaven,Jebel Ali,7603.29,14,Low,42
962b512a-aa6e-4ccc-8d95-43c5cfcbc3a1,Felixstowe,Singapore,United Kingdom,Singapore,London Gateway,Port of Singapore,5507.1,13,Medium,45
3d07b69c-f0d3-4716-919c-b460488a370b,Delhi,Incheon,India,South Korea,Kolkata Port,Incheon Port,8130.37,17,High,71
5ff78c1d-d3b3-4ecb-9a42-7bd9aa61b62f,Delhi,Abu Dhabi,India,UAE,Nhava Sheva,Khalifa Port,10477.03,21,Low,38
b33da70f-7882-4f49-b35d-2fa9a3cee6f7,Shanghai,Hamburg,China,Germany,Shanghai Port,Port of Hamburg,4228.71,9,Low,19
6956e972-d50c-4be5-9d6f-371760d344a0,Chicago,Dubai,United States,UAE,Port Newark,Khalifa Port,10523.32,26,Medium,52
257f78c6-9ae0-4774-b25a-4d4ffc067424,Chennai,London,India,United Kingdom,Mundra Port,Port of Felixstowe,7274.7,17,High,72
f5e907e2-ce0e-4e3c-9ffd-50a9afc7b9d2,London,Frankfurt,United Kingdom,Germany,London Gateway,Bremerhaven,10182.01,18,Low,18
98670b1a-7ea0-4388-adb1-028a1a99ae7c,Shanghai,Singapore,China,Singapore,Shanghai Port,Port of Singapore,2793.57,8,Medium,51
e1058e44-4b77-435b-91ef-d1dd182baa75,Los Angeles,Dubai,United States,UAE,Port Newark,Jebel Ali,5407.33,11,Critical,89
e493d3fb-07df-4b43-8ba2-cb282d7c58bf,Shenzhen,New York,China,United States,Shanghai Port,Port of LA,8367.27,20,Medium,57
cb2e438d-f5f6-4539-81b1-7b60dea424dd,Manchester,Felixstowe,United Kingdom,United Kingdom,London Gateway,Port of Felixstowe,1791.47,7,Low,19
9b07dcbb-24cc-4694-8f74-c6e141a11031,Abu Dhabi,Rotterdam,UAE,Netherlands,Jebel Ali,Port of Rotterdam,12116.77,18,Low,39
42484b39-ec47-4ffc-b3e5-f240ad16fe85,Bremen,Busan,Germany,South Korea,Port of Hamburg,Incheon Port,342.87,3,Medium,61
703bfa45-7e4f-4edc-85d4-f87721796fe7,Kolkata,Delhi,India,India,Mundra Port,Mundra Port,2240.64,5,Low,19
717ca7d5-1d63-4521-bcae-67791dcb927d,Bengaluru,Rotterdam,India,Netherlands,Kolkata Port,Port of Rotterdam,4516.2,12,Medium,61
7cbdb9b9-0e70-47a7-b7ee-5d5194261694,Los Angeles,Seoul,United States,South Korea,Port of LA,Incheon Port,9695.04,15,Medium,50
78eecace-479c-4f36-9b52-c006487945cf,London,Dubai,United Kingdom,UAE,Port of Felixstowe,Jebel Ali,9689.23,12,Low,29
f94c7746-1181-445c-8dde-52cecf47db91,New York,Sharjah,United States,UAE,Port of LA,Jebel Ali,8850.38,17,Medium,43
fa8d33cc-64aa-48b3-a2cc-3a1270be4977,Shenzhen,Shanghai,China,China,Shanghai Port,Shanghai Port,1865.5,8,Medium,68
2f41009d-dd96-4570-a5c1-b4908eca9b1f,Busan,Hamburg,South Korea,Germany,Incheon Port,Bremerhaven,6161.32,13,High,70
7ccd0eab-ef77-4e7a-a34f-b0d933ec88ea,Felixstowe,Hamburg,United Kingdom,Germany,Port of Felixstowe,Port of Hamburg,639.71,4,Low,21
91926ef8-d5dd-440c-83ba-d5189d3421b4,Yokohama,Busan,Japan,South Korea,Port of Osaka,Incheon Port,5889.48,8,Critical,86
594dc8d6-f393-4f9d-a6e7-bf7105b7c37c,Kolkata,Felixstowe,India,United Kingdom,Mundra Port,Port of Felixstowe,10258.31,13,Low,34
07831918-2917-41a6-b642-0ccac86d9870,Osaka,Rotterdam,Japan,Netherlands,Port of Yokohama,Port of Rotterdam,7612.68,17,Medium,64
40af0777-4947-4886-9412-18a79bab43c9,Hamburg,Dubai,Germany,UAE,Bremerhaven,Khalifa Port,2310.74,4,Medium,47
e9432ec3-3bbf-41aa-b475-1744cd555538,Busan,Incheon,South Korea,South Korea,Port of Busan,Incheon Port,515.77,5,Medium,58
645943cc-2b9e-4fd2-a531-b3a1748d660e,Singapore,Guangzhou,Singapore,China,Port of Singapore,Ningbo-Zhoushan,1988.35,4,Low,36
74d1d403-4672-40fa-aada-df1e5a615940,Sharjah,Singapore,UAE,Singapore,Jebel Ali,Port of Singapore,10074.69,20,Critical,89
434743b5-9196-4ce1-b930-bf7f5dc87bff,Los Angeles,Singapore,United States,Singapore,Port of LA,Port of Singapore,2334.42,3,Medium,64
7f42c487-fee0-444c-8d3e-502cd08cebf7,Dubai,Chennai,UAE,India,Jebel Ali,Mundra Port,8682.58,11,Critical,97
9df80f48-a827-4efe-95e4-011c22f055c6,Seoul,Busan,South Korea,South Korea,Port of Busan,Port of Busan,1832.3,6,Low,34
c02bf7ed-72cd-4f0c-bf67-7ba080db67bf,Los Angeles,Shenzhen,United States,China,Port Houston,Shenzhen Port,8998.12,14,High,69
adeafa46-05fe-4dd6-8737-2fd0e0b3ee31,Shenzhen,Chennai,China,India,Shanghai Port,Kolkata Port,835.52,2,Low,28
797e5325-f13c-4dc2-b385-82c0976f9eed,Osaka,Singapore,Japan,Singapore,Port of Osaka,Port of Singapore,1586.42,3,Low,36
eb598f91-b404-4036-a58c-47d095a5a819,Delhi,Abu Dhabi,India,UAE,Mundra Port,Jebel Ali,8700.36,20,Low,22
3b14da5f-1a14-498a-9238-644678ecc76d,Singapore,Guangzhou,Singapore,China,Port of Singapore,Shenzhen Port,9727.97,16,High,86
66e690fd-9bd4-4ac7-baad-411c1259c7b7,Bremen,London,Germany,United Kingdom,Bremerhaven,London Gateway,3608.37,7,High,70
c2053a26-5430-4fb3-8c69-7942f3998dea,Felixstowe,Frankfurt,United Kingdom,Germany,London Gateway,Bremerhaven,5937.49,11,Medium,52
de018ec9-4362-44cc-9156-ed9c70d2f679,Chicago,Amsterdam,United States,Netherlands,Port Houston,Port of Rotterdam,2151.97,7,Low,15
912607ac-0b50-466f-8ca1-58765f6d996a,Chicago,Chennai,United States,India,Port of LA,Chennai Port,8723.47,20,Low,41
056bcc2f-cf36-460c-b65c-190105eb198b,Felixstowe,Chicago,United Kingdom,United States,London Gateway,Port of LA,11665.94,28,High,75
60383852-0e8c-48dc-b465-7c7632b0e2db,Ahmedabad,Tokyo,India,Japan,Kolkata Port,Port of Yokohama,12393.79,23,Medium,51
92283cb1-796c-4687-912e-7c5e9ef25aa6,Osaka,Singapore,Japan,Singapore,Port of Yokohama,Port of Singapore,909.81,6,Medium,56
b1768ee7-53b5-47dd-86dd-e25c57cebf6f,Mumbai,Incheon,India,South Korea,Chennai Port,Port of Busan,6225.32,11,Medium,40
0a162c81-7cc4-4bec-a560-6f33a8e53ebe,Kolkata,Hamburg,India,Germany,Kolkata Port,Port of Hamburg,3639.94,12,Medium,61
ef12afcf-079a-4527-86cf-aff4cca731c6,Shenzhen,Chicago,China,United States,Shenzhen Port,Port Houston,1197.2,3,High,80
8f243547-b90f-4d1c-b086-6f0c3ff47c63,Shanghai,Manchester,China,United Kingdom,Shanghai Port,London Gateway,12326.06,18,Low,23
ebfaae1e-9785-4e6a-8d9d-ca997bbced07,Rotterdam,Kolkata,Netherlands,India,Port of Rotterdam,Kolkata Port,8144.39,12,High,64
7714efd5-9414-4afe-83e1-f677273df04a,Bremen,New York,Germany,United States,Bremerhaven,Port Newark,2623.14,8,Medium,41
9199190d-f31c-4ebd-bd0c-bd4c9ff08d56,Dubai,Tokyo,UAE,Japan,Khalifa Port,Port of Osaka,1079.33,3,Medium,41
d4bd1153-78c7-43c7-afa8-3872616753a1,Busan,Seoul,South Korea,South Korea,Incheon Port,Port of Busan,1487.92,6,Medium,42
a00318a1-83e3-4b16-b06a-5f66c0e24cb0,Singapore,Dubai,Singapore,UAE,Port of Singapore,Khalifa Port,7600.69,10,Medium,60
9d988a23-35c8-4f57-a418-ca767b77d520,New York,Hamburg,United States,Germany,Port Houston,Bremerhaven,8918.96,13,Medium,36
1a7f524d-a91f-40b4-80a2-95beb8fd2339,Busan,Ningbo,South Korea,China,Port of Busan,Shanghai Port,4461.3,12,Low,17
7e807c66-88b5-4709-9da5-abc8dcfffcb4,Mumbai,Los Angeles,India,United States,Kolkata Port,Port Newark,6157.86,17,Low,45
81edaea4-ca26-4115-a724-db966df9a57f,Chennai,Busan,India,South Korea,Chennai Port,Port of Busan,11952.96,25,Low,22
6f3223f1-36b0-4849-a212-1b9212d0ea71,Singapore,Ahmedabad,Singapore,India,Port of Singapore,Nhava Sheva,8272.99,13,Low,32
8d6a814c-8e01-44e8-86b9-e882a4e15e44,Kolkata,Shenzhen,India,China,Kolkata Port,Shenzhen Port,872.0,2,High,72
20a31283-cbde-41a9-befc-801bf2bb01b6,Singapore,New York,Singapore,United States,Port of Singapore,Port Newark,10241.48,16,Low,24
6b47f543-ded7-4c31-bdb0-0f0fc181ba17,Sharjah,Los Angeles,UAE,United States,Khalifa Port,Port of LA,4846.27,13,Low,42
d8a4e161-4ebe-404a-bfc3-dbb624174e9c,Rotterdam,Osaka,Netherlands,Japan,Port of Rotterdam,Port of Yokohama,2252.01,6,Low,38
2a9769b7-9898-452e-a026-1bd19e4b8013,Busan,Seoul,South Korea,South Korea,Incheon Port,Incheon Port,1459.73,4,Medium,50
9a8b0265-253b-443a-be2b-5dd19e321a0c,Incheon,Bengaluru,South Korea,India,Port of Busan,Nhava Sheva,3749.85,9,Medium,44
0b7f552f-7294-4c09-9f05-08abbc3f6087,Bengaluru,New York,India,United States,Kolkata Port,Port Newark,586.09,3,Medium,59
4fe77f83-0711-47fd-b5bb-67adb320812b,New York,Abu Dhabi,United States,UAE,Port of LA,Khalifa Port,2458.97,5,Low,30
f95ee1bf-f1c9-4abd-b072-d5fe29504d80,Shanghai,Ahmedabad,China,India,Shenzhen Port,Kolkata Port,6935.31,10,Low,40
92b75711-f7c7-4aad-b787-4a53c7d95437,Tokyo,Hamburg,Japan,Germany,Port of Yokohama,Bremerhaven,7444.89,17,Low,15
2fbf7f9e-2a00-49c9-8f27-11529a663066,Singapore,Incheon,Singapore,South Korea,Port of Singapore,Incheon Port,12059.73,19,Low,20
088559ea-c13c-47df-815e-f210aa5f79fb,Amsterdam,Osaka,Netherlands,Japan,Port of Rotterdam,Port of Yokohama,3662.78,11,Low,44
601d0202-1696-4186-ab1f-6e5ecb6c93c0,New York,Guangzhou,United States,China,Port of LA,Shenzhen Port,5390.31,10,High,74
ae546093-f301-4ec3-8ee3-be85400f6a48,Kolkata,Hyderabad,India,India,Mundra Port,Nhava Sheva,696.58,3,Low,15
0a4e75f8-0667-4078-a200-2a94d11a2364,Sharjah,Kolkata,UAE,India,Khalifa Port,Nhava Sheva,4307.06,11,Low,26
aa633f85-3014-4c42-bbfd-8d96b745c0b8,Hamburg,London,Germany,United Kingdom,Port of Hamburg,Port of Felixstowe,3641.94,9,Low,34
e251c161-d3ac-4a3a-9e02-37634466b317,Osaka,Shanghai,Japan,China,Port of Yokohama,Shenzhen Port,3996.36,8,Medium,51
c64634d9-e4ec-45f2-ae79-9f28d7e1c751,New York,Busan,United States,South Korea,Port of LA,Incheon Port,4570.51,6,Low,41
27fdd162-c7fd-43ce-bea7-ab22a47eb652,Bremen,Delhi,Germany,India,Port of Hamburg,Chennai Port,7677.23,20,Low,39
fe197042-841e-41fd-b728-574fa76ad7c6,Osaka,Chicago,Japan,United States,Port of Osaka,Port Newark,12211.29,19,High,65
407f6e0a-0f8c-4013-bfaf-db907923593e,Sharjah,Singapore,UAE,Singapore,Jebel Ali,Port of Singapore,1011.42,3,Low,31
395da5db-58c9-445e-b2a9-d67e273325df,Abu Dhabi,Dubai,UAE,UAE,Jebel Ali,Khalifa Port,1200.12,4,High,71
bdbc3749-1109-46e7-9e04-a0dc74c81270,Osaka,Dubai,Japan,UAE,Port of Osaka,Khalifa Port,7046.14,13,Critical,86
e44b52e4-38eb-4ee1-a0ab-aa141395358d,Osaka,Frankfurt,Japan,Germany,Port of Yokohama,Port of Hamburg,6069.48,12,Low,44
9be3fba4-80c0-4902-8603-e35b6ea1fd5f,London,Tokyo,United Kingdom,Japan,London Gateway,Port of Yokohama,6533.58,16,Medium,39
63f5c966-00d8-4087-9568-dcd2ccbd14aa,Felixstowe,New York,United Kingdom,United States,Port of Felixstowe,Port of LA,7963.74,13,Low,24
db77701b-0012-47fd-a976-302e7d0dc823,Singapore,Osaka,Singapore,Japan,Port of Singapore,Port of Osaka,5460.49,9,Low,18
479016ac-f322-4890-9b7f-4514c66cdecd,Frankfurt,Tokyo,Germany,Japan,Port of Hamburg,Port of Osaka,10426.1,21,Low,34
ca4fc348-1cfc-4867-8c00-f62ff4ce7cad,London,Osaka,United Kingdom,Japan,London Gateway,Port of Yokohama,7456.98,10,Low,36
56b07185-447d-4938-8a18-39b32ddef9cd,Frankfurt,Ningbo,Germany,China,Port of Hamburg,Shenzhen Port,7033.5,14,Low,33
9b749723-394a-47c5-b184-ecbf292301b4,Busan,Singapore,South Korea,Singapore,Incheon Port,Port of Singapore,7564.96,13,Low,26
b59ac38b-ce09-4f5c-b3c8-23614b47b2a5,Amsterdam,Manchester,Netherlands,United Kingdom,Port of Rotterdam,London Gateway,7737.74,18,Low,15
97119c32-0cd6-4dd9-be30-89ae1c72cd5f,Rotterdam,Los Angeles,Netherlands,United States,Port of Rotterdam,Port of LA,2157.0,4,Medium,41
4d1caed6-562d-41c0-9e11-c9e2ace895b3,Shanghai,Chennai,China,India,Shanghai Port,Chennai Port,7303.75,12,Low,38
1c051bd5-c546-450b-89ef-22d8af2bc485,Bengaluru,Felixstowe,India,United Kingdom,Mundra Port,Port of Felixstowe,11052.36,13,Low,30
b6a583f2-a774-44e1-8d35-672edffc215f,Yokohama,Rotterdam,Japan,Netherlands,Port of Osaka,Port of Rotterdam,11822.0,19,High,64
2081eea8-93c2-4433-aa8a-84393841fd28,Frankfurt,Hamburg,Germany,Germany,Bremerhaven,Bremerhaven,173.42,1,Medium,45
8ef4d827-0888-4cfd-a0e6-97f5a9bd5105,Ahmedabad,Shanghai,India,China,Chennai Port,Shanghai Port,12019.5,19,Low,37
5bbe03c3-2ff5-43c9-9849-547d3a38af83,Singapore,Rotterdam,Singapore,Netherlands,Port of Singapore,Port of Rotterdam,12447.15,22,Medium,66
c2b666a7-4411-475b-b368-7f4d4e1ba72a,Abu Dhabi,Busan,UAE,South Korea,Khalifa Port,Port of Busan,7486.22,13,Low,34
6a7d0ea6-fdc3-4cf1-999a-c5a459268ee3,Bengaluru,Rotterdam,India,Netherlands,Chennai Port,Port of Rotterdam,7497.83,11,Medium,67
15977798-bca5-4034-be78-e3b8b94a726a,Mumbai,Incheon,India,South Korea,Chennai Port,Port of Busan,10911.24,26,High,86
f16d651f-959f-469a-9af0-783d3f396ac9,Rotterdam,Mumbai,Netherlands,India,Port of Rotterdam,Nhava Sheva,4755.58,15,Medium,63
d74d91f7-508e-4d92-a864-fbadd743b4aa,Abu Dhabi,Guangzhou,UAE,China,Khalifa Port,Shenzhen Port,11282.89,15,Medium,37
d4eac616-c8d5-4685-9841-0c9080bf7878,Felixstowe,Incheon,United Kingdom,South Korea,Port of Felixstowe,Port of Busan,7955.18,10,High,83
49a1263f-390f-4d75-8809-0e82d3a2518b,Osaka,Incheon,Japan,South Korea,Port of Yokohama,Incheon Port,5214.81,12,High,69
af05b2e9-6881-4e8a-82bf-be3d3c27fbf6,Busan,Incheon,South Korea,South Korea,Incheon Port,Port of Busan,1632.16,3,Medium,68
fc093d95-c24e-4d46-a28b-134eb17ee269,Hamburg,Incheon,Germany,South Korea,Bremerhaven,Port of Busan,687.46,6,Low,32
3f8e75b7-5834-483f-9739-401ec0f62f39,Guangzhou,Mumbai,China,India,Shenzhen Port,Nhava Sheva,8556.9,18,Medium,48
b7306135-caa9-4914-9976-a044407ffc13,Hamburg,Abu Dhabi,Germany,UAE,Port of Hamburg,Khalifa Port,2289.26,7,Low,20
096da341-ca0a-479e-a8f4-5b5ce61878f7,Ningbo,Amsterdam,China,Netherlands,Ningbo-Zhoushan,Port of Rotterdam,6950.05,9,Low,35
8c124808-a97b-4ea5-ba2c-bf0a8effe044,Hyderabad,Singapore,India,Singapore,Chennai Port,Port of Singapore,3079.79,8,High,73
af021bdf-5e3b-444f-867a-7714cc881e50,Singapore,Amsterdam,Singapore,Netherlands,Port of Singapore,Port of Rotterdam,9115.71,16,Low,24
83af86cb-3761-46d9-9ca8-a2f636410618,Ahmedabad,London,India,United Kingdom,Mundra Port,Port of Felixstowe,3071.67,5,Low,18
bf4c8d31-670c-4d2d-b658-115d5d017ab8,Kolkata,Chennai,India,India,Chennai Port,Chennai Port,2257.04,3,Low,36
3f3e30d4-a90a-4e9a-98a7-a89ada8eba3e,Kolkata,Chennai,India,India,Nhava Sheva,Chennai Port,659.87,6,Medium,52
f8a8cd1e-0e93-4dee-8dd1-5fd78267856d,Busan,Singapore,South Korea,Singapore,Port of Busan,Port of Singapore,5290.2,12,Medium,41
a56cdc94-703b-4b50-bf11-71c58d93b1ab,Chicago,Amsterdam,United States,Netherlands,Port of LA,Port of Rotterdam,6672.57,19,Low,16
043e4c57-f7ce-411a-ab5c-8e08067b01a2,Abu Dhabi,Houston,UAE,United States,Khalifa Port,Port Houston,9469.09,11,Low,18
f3d32129-01c6-47e3-aff6-1b38fd2c2f64,Mumbai,Chicago,India,United States,Chennai Port,Port Houston,7691.08,16,Low,28
864287be-9d3d-45ce-ab57-bb01f5029674,Incheon,Felixstowe,South Korea,United Kingdom,Port of Busan,Port of Felixstowe,7988.23,14,Low,30
7d19fedf-e007-4b42-b73f-cdbcb911dcba,Guangzhou,Seoul,China,South Korea,Shanghai Port,Port of Busan,1779.66,7,High,74
3697692b-2c30-43b3-b03f-1a29074effd1,Bengaluru,Manchester,India,United Kingdom,Nhava Sheva,London Gateway,1954.12,6,Medium,60
e0a29f68-6e95-480b-a28c-7d6920f1c529,Felixstowe,Abu Dhabi,United Kingdom,UAE,London Gateway,Khalifa Port,10054.13,17,Low,45
73f5c9fd-74be-4793-80b0-16b2537ca578,Bremen,Singapore,Germany,Singapore,Port of Hamburg,Port of Singapore,3376.61,6,Low,21
ccd46fd5-c988-4f3b-8042-9337e4e57063,Delhi,Chicago,India,United States,Nhava Sheva,Port Houston,10865.73,16,Medium,58
6d62ebbe-c5ce-42e2-85e0-bf5797bb1d09,Singapore,Chennai,Singapore,India,Port of Singapore,Chennai Port,636.39,5,Low,40
d0bdda8e-c9c9-4f6b-854f-760fc7e051e5,Hyderabad,Dubai,India,UAE,Mundra Port,Jebel Ali,2341.32,7,Medium,57
ce99d6c9-23a0-4063-beb9-169e370ebf7e,Singapore,Incheon,Singapore,South Korea,Port of Singapore,Incheon Port,5436.85,11,High,81
920c2852-9be0-4a5e-8472-79318ffc7ed3,Yokohama,Kolkata,Japan,India,Port of Osaka,Kolkata Port,3190.0,10,Low,37
b45cebec-a65f-4a1c-b38f-4bd17a07a372,Chennai,Abu Dhabi,India,UAE,Kolkata Port,Khalifa Port,1861.64,4,Medium,50
a3b19d16-c3ec-46b1-956e-c33f013a2093,Shanghai,Osaka,China,Japan,Ningbo-Zhoushan,Port of Osaka,4734.83,10,Low,33
ce6ba3fb-7e2c-4bc7-8d3a-9eeded72195d,Tokyo,Osaka,Japan,Japan,Port of Osaka,Port of Yokohama,667.56,3,High,62
e84fc69d-1263-4a5d-9ec5-98eaee3dc174,Felixstowe,Yokohama,United Kingdom,Japan,Port of Felixstowe,Port of Yokohama,7819.23,12,Low,30
5be0a188-8600-4383-8519-12d555a3ddd5,Tokyo,Ahmedabad,Japan,India,Port of Osaka,Chennai Port,3568.85,10,Critical,98
ba5ab620-70bb-41b6-93f0-419cac4ff289,Singapore,New York,Singapore,United States,Port of Singapore,Port Newark,6728.51,14,Low,39
0957cdde-8e49-412a-96ad-d9b2c6be498c,Amsterdam,Shenzhen,Netherlands,China,Port of Rotterdam,Shenzhen Port,8575.68,20,Medium,60
e2b89da7-94d6-4217-97f4-5f7e8c518f45,Seoul,Dubai,South Korea,UAE,Port of Busan,Khalifa Port,4933.18,10,High,79
54d28bc1-0615-409d-bc62-dff28b97b837,Busan,Incheon,South Korea,South Korea,Port of Busan,Port of Busan,430.09,4,High,75
3ec0a4d4-854a-4a8f-802c-864657059853,Amsterdam,Hamburg,Netherlands,Germany,Port of Rotterdam,Port of Hamburg,2507.03,7,Low,29
727184f5-c5c5-4c4c-b3e2-6d7041055dc1,Singapore,Bengaluru,Singapore,India,Port of Singapore,Mundra Port,8127.46,20,Medium,57
8b6b81f6-a690-43f4-8753-1ccd8f5743ee,Amsterdam,Shenzhen,Netherlands,China,Port of Rotterdam,Shenzhen Port,4260.99,9,Medium,65
974747cd-deb7-4479-8d3b-6ddb396c6fa2,Singapore,New York,Singapore,United States,Port of Singapore,Port Houston,6320.4,14,Medium,68
fde2dc6f-0baa-44f0-b04f-56e728fe35ef,Yokohama,Seoul,Japan,South Korea,Port of Yokohama,Incheon Port,11608.27,19,Low,38
817b5e6f-8295-4234-807b-87461936e899,Shenzhen,Felixstowe,China,United Kingdom,Shanghai Port,Port of Felixstowe,10809.3,17,Low,28
65fd91ed-8c33-47ff-bbd4-2b68b9c1945e,Chennai,Busan,India,South Korea,Mundra Port,Incheon Port,4085.54,8,Low,29
db7efeac-34e4-43f8-9afb-d517b1814134,Chicago,Seoul,United States,South Korea,Port Houston,Incheon Port,11427.49,18,Low,23
cdf23ad7-5f12-4c87-abce-07aa6ee778bf,Hamburg,Rotterdam,Germany,Netherlands,Port of Hamburg,Port of Rotterdam,1321.76,5,Medium,40
c950f351-8f62-4d0a-88bf-f70e1f9113af,Singapore,Hamburg,Singapore,Germany,Port of Singapore,Port of Hamburg,11460.52,16,Medium,43
50a11ca3-83f3-41e6-88bf-9e56f5ea5ea8,Bremen,Ningbo,Germany,China,Port of Hamburg,Shenzhen Port,7241.73,16,Low,28
f9b5b860-3316-4331-86ea-ce0d09652d68,Yokohama,Houston,Japan,United States,Port of Osaka,Port Houston,10507.41,17,Low,32
75c0bdfb-db3b-41fa-bc38-f478b7138e13,Houston,Delhi,United States,India,Port Houston,Chennai Port,4765.61,9,High,87
873e2b3a-12ac-47b9-a5ad-50698d95d4aa,Tokyo,Ningbo,Japan,China,Port of Osaka,Shanghai Port,10605.25,26,Low,43
9e35f286-bd95-4720-9711-e897b5c6f92e,Bengaluru,Sharjah,India,UAE,Chennai Port,Khalifa Port,7313.15,17,Low,42
94d39c17-a78d-4220-a81d-081651e60771,Singapore,Frankfurt,Singapore,Germany,Port of Singapore,Bremerhaven,5966.97,10,Medium,66
edd174f0-ce69-4b22-8323-a0d5663c153b,Sharjah,Abu Dhabi,UAE,UAE,Jebel Ali,Khalifa Port,759.57,4,Low,20
719f8e91-bb2f-4ee3-a14f-17375937f0c7,Singapore,Incheon,Singapore,South Korea,Port of Singapore,Incheon Port,9587.09,15,High,69
8c47ab2b-6f8c-47f2-aa53-7462c3df2e3c,Seoul,Felixstowe,South Korea,United Kingdom,Port of Busan,Port of Felixstowe,10578.17,15,Low,20
469600a5-ab1b-4023-a5a2-44a640459a8a,Frankfurt,Amsterdam,Germany,Netherlands,Bremerhaven,Port of Rotterdam,6003.21,9,Low,45
969845d1-9f77-495f-b3e4-ae3c3c9198f7,Singapore,Chennai,Singapore,India,Port of Singapore,Chennai Port,12326.62,20,Medium,46
401e16d4-f2dc-4b97-a4a2-87464078ff8e,Felixstowe,Mumbai,United Kingdom,India,London Gateway,Mundra Port,1164.0,2,Medium,58
a2c513ad-63b4-45be-9594-8dc0d3ce3272,Bengaluru,Singapore,India,Singapore,Kolkata Port,Port of Singapore,6710.06,10,Medium,62
e263f8fa-6218-4f42-ab32-b077748471eb,Tokyo,New York,Japan,United States,Port of Yokohama,Port Houston,11904.23,27,Medium,50
e99d7bea-4861-4c93-b78b-7b3fa2dc7d99,Yokohama,Singapore,Japan,Singapore,Port of Osaka,Port of Singapore,8854.82,14,Low,19
b3e52fbd-1a37-4c41-b613-160145801871,Busan,Sharjah,South Korea,UAE,Incheon Port,Khalifa Port,11249.35,16,Medium,51
1aaa479f-2f23-47a3-b618-4726922017e9,Ahmedabad,Seoul,India,South Korea,Nhava Sheva,Port of Busan,6823.51,11,Low,19
5c06d403-364b-4f95-bda6-1b028c522abd,Sharjah,Los Angeles,UAE,United States,Khalifa Port,Port Newark,584.03,1,High,68
a5bdfac3-8c3b-40f7-8387-3bb44df02998,Ahmedabad,Los Angeles,India,United States,Kolkata Port,Port Houston,5449.01,13,Medium,35
c6f1ddf4-ea69-4184-b995-863876937865,Dubai,Singapore,UAE,Singapore,Jebel Ali,Port of Singapore,7057.79,14,Low,32
0f30ca6e-6b73-4cde-bf44-c020b8607548,New York,Yokohama,United States,Japan,Port Houston,Port of Yokohama,2662.91,10,Low,29
ebf753bd-ecf0-4504-b434-d409f2b42480,Shenzhen,Seoul,China,South Korea,Ningbo-Zhoushan,Port of Busan,10458.42,23,Medium,57
0f5bf131-0f27-4037-af42-a367922b332b,Hamburg,Guangzhou,Germany,China,Port of Hamburg,Ningbo-Zhoushan,7082.04,12,Low,41
4ea5fa7b-4960-4c13-bfd1-bf5a52130339,Singapore,Hamburg,Singapore,Germany,Port of Singapore,Port of Hamburg,8728.46,16,Medium,36
470274c0-be60-4d75-8a8f-1adea022b9a4,Tokyo,Singapore,Japan,Singapore,Port of Osaka,Port of Singapore,11799.27,18,Low,38
6ae30527-a6f1-4e4d-950c-71d23be3b30d,Los Angeles,London,United States,United Kingdom,Port Newark,Port of Felixstowe,4131.52,8,Low,16
6f1a7899-fd14-4caa-8486-ce9ca033573f,Manchester,Rotterdam,United Kingdom,Netherlands,Port of Felixstowe,Port of Rotterdam,3834.86,9,Medium,36
bcadbd83-1231-4f35-ad99-a5ab4badfa1c,Felixstowe,Tokyo,United Kingdom,Japan,Port of Felixstowe,Port of Yokohama,11147.3,19,Low,17
dac46f70-670e-4c53-acb7-04ee37698760,Manchester,Guangzhou,United Kingdom,China,Port of Felixstowe,Ningbo-Zhoushan,5946.79,10,Medium,52
a210a63b-a46f-4186-a7f2-7badf9f836c0,Shanghai,Houston,China,United States,Shenzhen Port,Port Newark,6893.56,16,Medium,39
c91c5d20-034a-4d94-8631-7fed3e69d3f4,Los Angeles,Chicago,United States,United States,Port Newark,Port Newark,1760.33,7,Low,23
66f4ce98-ec79-47ae-809b-01435f7dea7c,Abu Dhabi,Shanghai,UAE,China,Jebel Ali,Shanghai Port,8581.36,17,Medium,57
8f99597b-7ed8-4011-97ec-13837702f1d4,Singapore,London,Singapore,United Kingdom,Port of Singapore,Port of Felixstowe,5804.86,15,Medium,41
050b9231-8bfa-4150-8e61-47621d3cc48a,Guangzhou,Delhi,China,India,Ningbo-Zhoushan,Chennai Port,4160.61,7,Medium,49
21fb82c9-7de0-4745-98c1-05772b78b3f9,Tokyo,Ahmedabad,Japan,India,Port of Osaka,Nhava Sheva,6578.51,14,Medium,64
616dada7-bc2d-4c81-8fdc-9a7b31fd8c55,New York,Dubai,United States,UAE,Port Newark,Jebel Ali,7841.14,18,Low,43
3d9064e0-a7af-40ea-80f8-b8232962d890,Seoul,Busan,South Korea,South Korea,Incheon Port,Incheon Port,1239.59,7,Low,25
8f1f839c-cd2b-4978-8cf3-1473de5ebdde,Bengaluru,Yokohama,India,Japan,Nhava Sheva,Port of Yokohama,3880.82,7,Medium,50
0053d7ec-53bd-4b37-9863-34ddb3d848e4,Chicago,Hamburg,United States,Germany,Port Newark,Port of Hamburg,975.37,5,Low,41
28ee3219-baa2-4d6e-9f34-5ad76636dc0d,Chicago,Dubai,United States,UAE,Port of LA,Khalifa Port,11250.88,15,Low,22
82b1a92e-501a-46f2-b735-8b530d06b94e,Bremen,Rotterdam,Germany,Netherlands,Bremerhaven,Port of Rotterdam,6347.1,9,Medium,56
b6155b06-e0a1-4a54-9c40-6918a8269fac,Hyderabad,Ahmedabad,India,India,Kolkata Port,Chennai Port,1679.53,7,Low,34
8cce2fad-fc0c-4ccc-b829-bcc5a9e05529,Hamburg,Tokyo,Germany,Japan,Bremerhaven,Port of Osaka,12232.34,18,Low,39
2b6d07e3-d7e2-40bc-836c-839d94814b46,Sharjah,Ningbo,UAE,China,Khalifa Port,Shenzhen Port,12017.71,17,Low,36
3720408a-34aa-46c4-a356-269f8c43deb5,Singapore,Mumbai,Singapore,India,Port of Singapore,Kolkata Port,12047.9,20,Low,17
5dcf685a-678e-4f5c-a4fd-dcb27e5fd0d4,Singapore,Los Angeles,Singapore,United States,Port of Singapore,Port Houston,1459.44,5,Medium,46
9d175356-a40c-47ab-a258-bbca728c9808,Manchester,Guangzhou,United Kingdom,China,Port of Felixstowe,Shenzhen Port,4352.91,8,Low,38
a647b8ff-51e9-428d-96a3-77d6bbf68281,Abu Dhabi,London,UAE,United Kingdom,Jebel Ali,London Gateway,7399.84,13,Medium,68
cbb0756e-ddca-4448-98fc-a9106a63a2bb,Houston,Rotterdam,United States,Netherlands,Port Houston,Port of Rotterdam,1656.58,5,High,72
048d2de3-c6ca-4617-b413-0d3bdefa0672,Ahmedabad,Chennai,India,India,Kolkata Port,Nhava Sheva,2309.54,7,Low,34
2c222627-e4f9-4042-ae0c-ee44393e55e9,New York,Shenzhen,United States,China,Port of LA,Shanghai Port,3837.66,6,Medium,66
1c10f03b-b0ea-420a-b0ca-05acbd06eac1,Manchester,Rotterdam,United Kingdom,Netherlands,Port of Felixstowe,Port of Rotterdam,3266.35,7,Low,29
3d3b150a-ce11-4e8f-b8c0-eba9b7e54f1e,Manchester,Singapore,United Kingdom,Singapore,Port of Felixstowe,Port of Singapore,1359.66,4,Medium,67
70fefa75-0897-40b8-b2f5-0a96c407da95,Bremen,Frankfurt,Germany,Germany,Bremerhaven,Bremerhaven,1013.41,4,Medium,59
f8a8f1cd-aea3-4b2d-b822-ee46229c3308,Singapore,Chicago,Singapore,United States,Port of Singapore,Port Newark,11536.36,21,Low,19
1bbe1c8f-8083-40ca-8e33-ab6b4cad0dfe,Amsterdam,Felixstowe,Netherlands,United Kingdom,Port of Rotterdam,London Gateway,10071.0,18,Low,38
df733ded-1656-4f4f-8959-d86d64082082,Hamburg,Frankfurt,Germany,Germany,Port of Hamburg,Port of Hamburg,940.14,4,Medium,68
ffb8e8e8-f20c-41a5-9338-da90b74da0b6,New York,Chennai,United States,India,Port of LA,Nhava Sheva,5544.42,7,High,84
d509c057-a0b8-4cef-89e7-085f2744cba9,Incheon,Bremen,South Korea,Germany,Port of Busan,Bremerhaven,871.48,5,Low,31
ac55b67e-92f7-45b4-a93e-70afb9f6ed66,Osaka,Manchester,Japan,United Kingdom,Port of Osaka,Port of Felixstowe,6069.54,12,Critical,84
f7e6dba7-1fa0-4979-a68e-d7095068ad9c,Osaka,Chennai,Japan,India,Port of Yokohama,Nhava Sheva,918.59,5,Low,37
68426c15-d56f-41ae-87f2-afa91499b54c,Shanghai,Dubai,China,UAE,Shanghai Port,Khalifa Port,7319.2,14,Low,25
87b0bbc8-fbb8-47b6-a691-87327aadd8ef,Rotterdam,Sharjah,Netherlands,UAE,Port of Rotterdam,Khalifa Port,2800.47,5,Medium,49
77ea9459-5eaf-45ea-bc33-8751b49150d9,Shenzhen,Sharjah,China,UAE,Shenzhen Port,Khalifa Port,328.83,4,High,61
3b1095b0-b5b5-44ec-9853-98112d5ebe27,Ningbo,Shenzhen,China,China,Ningbo-Zhoushan,Ningbo-Zhoushan,1426.53,4,Low,23
4c46043d-a664-4506-9794-dfe6fc0002dd,Houston,Chennai,United States,India,Port of LA,Mundra Port,7803.08,18,Medium,42
007e2047-38ed-4c2a-ba18-575317a5b760,Houston,Singapore,United States,Singapore,Port of LA,Port of Singapore,2840.02,9,High,88
98014834-7261-4eeb-bc7f-0e67b8283d8e,Houston,Hamburg,United States,Germany,Port Newark,Port of Hamburg,11329.08,19,High,62
be9daffd-5b1c-40f6-a130-3435524e7c26,Manchester,Busan,United Kingdom,South Korea,London Gateway,Port of Busan,8274.53,15,High,87
9832fce7-5f8b-4253-b4d0-b705a5b43964,Yokohama,Singapore,Japan,Singapore,Port of Yokohama,Port of Singapore,4173.65,6,Low,38
b3923ba8-54f1-4be8-bc96-e2d8143a5874,Bremen,Singapore,Germany,Singapore,Bremerhaven,Port of Singapore,9618.83,18,Medium,35
1d874907-6374-454a-b5dd-629c09bf3a88,Amsterdam,Ningbo,Netherlands,China,Port of Rotterdam,Shenzhen Port,382.29,4,Medium,36
3c68faef-7ecb-403d-b28d-4db67fa20fb2,Bremen,New York,Germany,United States,Bremerhaven,Port Houston,7968.59,17,Low,15
618d8b87-b5af-42b6-8e60-1f5ec56af20e,Rotterdam,Mumbai,Netherlands,India,Port of Rotterdam,Chennai Port,2118.86,5,High,75
61ccb937-b510-4dfd-9cf6-b390fdc9e3bb,Rotterdam,Delhi,Netherlands,India,Port of Rotterdam,Kolkata Port,5750.12,10,Medium,56
324b0c5e-cf7c-42d5-b522-aae7633f49ba,Singapore,Dubai,Singapore,UAE,Port of Singapore,Jebel Ali,12318.4,23,High,70
ee226985-e7fd-4379-97cf-987fd4fc4483,New York,Hamburg,United States,Germany,Port Houston,Bremerhaven,2732.18,8,Low,30
25567105-a233-490b-bd9a-bbb7ac7c3cde,Ningbo,Tokyo,China,Japan,Shenzhen Port,Port of Yokohama,11320.11,22,Low,29
5b1c9745-13bf-49f1-b9f1-2fb63f3ea6e6,New York,Chicago,United States,United States,Port Newark,Port Newark,2333.77,5,Medium,52
f194f33d-3694-4c22-9018-0522a6550d9b,Yokohama,Hamburg,Japan,Germany,Port of Osaka,Bremerhaven,3504.81,9,Low,25
2e9db014-6ac7-4c07-ba98-341b5ef4bf05,Ningbo,Incheon,China,South Korea,Shenzhen Port,Incheon Port,9329.26,15,Medium,58
2bebedce-995d-4d90-9c2d-0517fc16e172,Busan,Amsterdam,South Korea,Netherlands,Incheon Port,Port of Rotterdam,6224.61,9,Low,37
9182888d-fa70-44c6-96f6-886bb5bdeaf0,Shanghai,Chicago,China,United States,Shenzhen Port,Port of LA,3882.17,12,Medium,56
05912193-9a03-4817-936a-d38a6c18ba94,Seoul,London,South Korea,United Kingdom,Incheon Port,Port of Felixstowe,8222.3,11,High,76
67e74135-a384-4b61-8465-58dd963293d8,New York,Hamburg,United States,Germany,Port Newark,Bremerhaven,2202.32,6,Low,34
3099395e-f18e-45a6-9605-73ec41d14d91,Busan,Hyderabad,South Korea,India,Incheon Port,Kolkata Port,4363.38,10,Medium,61
6e38491a-d8fb-40b2-8078-2814df093edf,Seoul,Ningbo,South Korea,China,Incheon Port,Shenzhen Port,5907.54,12,Low,39
bb85b5aa-f74b-4d66-8ea9-b7cccd0b8593,Hamburg,Yokohama,Germany,Japan,Port of Hamburg,Port of Yokohama,6478.18,12,Low,34
4c46e0e2-b643-47d4-b89e-80006ceda026,Shenzhen,Houston,China,United States,Shenzhen Port,Port Houston,3329.42,8,Medium,51
346dca6c-e749-4744-832d-04fdcad1c693,Amsterdam,Hyderabad,Netherlands,India,Port of Rotterdam,Mundra Port,9954.09,18,Medium,66
ce3e2fbf-213c-41ab-96dc-1ffd4fff82d9,Dubai,Sharjah,UAE,UAE,Jebel Ali,Jebel Ali,1427.3,3,Low,42
d7b1a5be-192f-408b-8b3d-dcddfac87430,Houston,Singapore,United States,Singapore,Port Houston,Port of Singapore,11676.04,16,High,76
1f7f8a32-a82c-4249-8104-aa07c03396c0,Frankfurt,Rotterdam,Germany,Netherlands,Port of Hamburg,Port of Rotterdam,11162.61,24,Medium,62
d5b9a3a5-01d9-4641-b4d1-3a0fa693f3a9,Seoul,Singapore,South Korea,Singapore,Port of Busan,Port of Singapore,4955.51,10,Low,39
9d5339ce-b2de-43c2-894c-62330d6c2b7f,London,Amsterdam,United Kingdom,Netherlands,Port of Felixstowe,Port of Rotterdam,436.71,5,Low,24
2e997930-3d27-48a8-80cd-3cd8b4318fdd,Hyderabad,Shenzhen,India,China,Nhava Sheva,Shenzhen Port,764.57,6,Low,22
b880db0c-cc99-44c2-bccc-fdac8225c3de,Dubai,Felixstowe,UAE,United Kingdom,Khalifa Port,Port of Felixstowe,5243.24,8,Medium,43
e0f6d7ba-cf9c-4be7-80fe-7e690a31eec0,Rotterdam,Shenzhen,Netherlands,China,Port of Rotterdam,Shanghai Port,2365.92,5,Medium,66
2ef83b21-b161-483d-80b1-b6f397bb2fe9,Guangzhou,Rotterdam,China,Netherlands,Shanghai Port,Port of Rotterdam,6100.88,12,Low,42
e24b9e1a-ac2d-424b-8a7f-471948eff5bc,Seoul,Singapore,South Korea,Singapore,Port of Busan,Port of Singapore,12351.05,17,Low,32
d348b90c-bb8d-43a4-8229-f70f0419035f,Singapore,Yokohama,Singapore,Japan,Port of Singapore,Port of Yokohama,3551.97,5,Low,20
df475be3-9017-44e1-bf60-891f747f6996,Tokyo,Chennai,Japan,India,Port of Osaka,Nhava Sheva,2605.79,9,Low,36
502e3e34-1e3e-4092-ae67-75bc8dc31a55,New York,Felixstowe,United States,United Kingdom,Port Houston,Port of Felixstowe,608.39,4,High,83
3fea9912-c378-4877-b35c-f9ae71a295b5,Manchester,Busan,United Kingdom,South Korea,London Gateway,Incheon Port,7667.37,11,Low,35
2a40dbd5-633c-47ac-ab59-c226d10aece2,Hamburg,Osaka,Germany,Japan,Port of Hamburg,Port of Yokohama,4371.13,8,High,68
b3b74119-cfd2-4af6-8b44-b6b601b7b611,Incheon,Bremen,South Korea,Germany,Port of Busan,Bremerhaven,4315.05,8,High,84
7b98c13c-65c0-4b4d-8e7d-65402bd5181b,Guangzhou,Yokohama,China,Japan,Shenzhen Port,Port of Osaka,9337.23,23,Medium,68
eda633a3-0977-464e-80cc-455b29b52724,Amsterdam,Busan,Netherlands,South Korea,Port of Rotterdam,Incheon Port,9919.87,21,Medium,46
83862138-b0d9-4c27-a754-58a5668fea60,Los Angeles,New York,United States,United States,Port Houston,Port Houston,459.64,2,Medium,43
b55cf8e9-a23a-462a-9737-480355ed00a0,Shenzhen,Rotterdam,China,Netherlands,Ningbo-Zhoushan,Port of Rotterdam,6998.21,10,Medium,63
b01cd28c-c7d7-4b1c-b849-7cfb81c5dd56,Incheon,Hamburg,South Korea,Germany,Incheon Port,Port of Hamburg,1789.87,7,Medium,49
23795386-7525-435a-922a-390fb1764b21,Amsterdam,Ningbo,Netherlands,China,Port of Rotterdam,Ningbo-Zhoushan,692.76,2,Low,42
0219f863-70dd-4c53-9b27-894a9b457b20,Dubai,Amsterdam,UAE,Netherlands,Jebel Ali,Port of Rotterdam,5231.22,14,Low,42
c95e0aec-0948-4226-a0d3-f56db44505b8,Ningbo,Seoul,China,South Korea,Ningbo-Zhoushan,Port of Busan,9561.09,14,Medium,43
a5303fd4-70c3-4f19-94e4-23e4a59df0de,Hamburg,Seoul,Germany,South Korea,Port of Hamburg,Port of Busan,1613.64,7,Medium,36
a3bdac35-d46a-4372-96d9-fdcbf3d39f5d,Singapore,Hamburg,Singapore,Germany,Port of Singapore,Bremerhaven,7862.57,13,Low,32
2a70983d-faa2-47c0-a006-7d6bcc30200d,Guangzhou,New York,China,United States,Shenzhen Port,Port Newark,12207.05,19,Low,35
4d1b683e-1019-4336-b143-cdbbee986ace,Tokyo,Incheon,Japan,South Korea,Port of Yokohama,Incheon Port,8655.59,21,Low,27
fa859a71-11bf-4b88-9b67-86277e93b3cc,Hamburg,Kolkata,Germany,India,Port of Hamburg,Kolkata Port,857.27,4,Low,44
c22aef4d-60d9-492f-8ac8-4a0529354f36,Guangzhou,Rotterdam,China,Netherlands,Shanghai Port,Port of Rotterdam,10688.67,25,Low,33
eb742e4c-41b4-47da-96e9-ea14c20f743a,Ningbo,Sharjah,China,UAE,Shenzhen Port,Jebel Ali,11344.08,24,Low,21
a03a5eec-993b-4a57-a6b2-353a1f3b5a66,Los Angeles,Shanghai,United States,China,Port of LA,Shenzhen Port,4492.52,7,High,79
a8cd268f-1c09-434d-a235-36595eaf9589,Houston,Busan,United States,South Korea,Port of LA,Port of Busan,3045.54,10,Low,41
14dc694e-602f-4a49-93b2-8bffe58b376a,Ningbo,Shanghai,China,China,Shanghai Port,Shanghai Port,501.76,3,Low,27
6bfb4297-6916-4728-b026-d0734ad0ae41,Los Angeles,Singapore,United States,Singapore,Port Newark,Port of Singapore,7324.44,12,Low,18
6efa75b0-5d1d-44b2-a69d-3350660c5d1f,Chicago,Dubai,United States,UAE,Port Houston,Jebel Ali,8223.71,21,Medium,38
558bd1ab-57f4-4525-a8cf-fe481b219a8a,Singapore,Yokohama,Singapore,Japan,Port of Singapore,Port of Yokohama,6559.26,11,Medium,65
d5f59bf8-d834-4737-bd3f-10189715e1f2,Ningbo,Amsterdam,China,Netherlands,Shenzhen Port,Port of Rotterdam,10707.18,23,Low,33
cd3dac0f-80da-48ad-9ef4-d8b1b4c87793,Manchester,Abu Dhabi,United Kingdom,UAE,London Gateway,Jebel Ali,8170.46,11,Low,30
5b221618-67c1-4597-ab41-866ef6e540ba,Hyderabad,Singapore,India,Singapore,Nhava Sheva,Port of Singapore,1937.42,3,Low,45
7de361cd-12c8-46fe-9e42-39bd053fa846,Mumbai,Bengaluru,India,India,Nhava Sheva,Nhava Sheva,1742.88,7,Medium,59
d7b2783b-3e5c-401c-a15b-a975a830891e,Hamburg,Rotterdam,Germany,Netherlands,Bremerhaven,Port of Rotterdam,8419.34,21,Low,28
e9bca3ad-96c0-4880-8fce-d861cc4a9b4b,Chennai,Manchester,India,United Kingdom,Chennai Port,London Gateway,3072.35,11,High,77
9682a0d6-fc27-45da-a08b-b7a0ed3f1014,Kolkata,London,India,United Kingdom,Mundra Port,London Gateway,6740.81,12,Low,23
c1425e99-00e5-40d0-b79b-e44842d0c21a,Shanghai,Ahmedabad,China,India,Ningbo-Zhoushan,Nhava Sheva,5960.82,13,High,88
95f599fc-090b-4191-b227-069eee2a21d6,Amsterdam,Rotterdam,Netherlands,Netherlands,Port of Rotterdam,Port of Rotterdam,456.05,5,Medium,41
6c3f2efd-3ce9-4aed-ab15-95bf3dd03c39,Dubai,Bremen,UAE,Germany,Jebel Ali,Bremerhaven,6956.76,15,Low,29
e58a972c-cf69-4a1a-8120-40000b4dd92b,Seoul,Bremen,South Korea,Germany,Port of Busan,Bremerhaven,1146.25,5,Medium,48
da8a17b0-363d-4683-afc1-0fe816d9ccb0,Bengaluru,New York,India,United States,Mundra Port,Port Houston,11770.71,18,Low,37
2ef1c123-97fd-481d-8b0e-7fc72fa8908a,Incheon,Dubai,South Korea,UAE,Port of Busan,Jebel Ali,9846.57,12,Medium,39
265e8d72-aa65-4fac-a0c4-e4f76d9a64df,Bremen,Manchester,Germany,United Kingdom,Bremerhaven,London Gateway,8846.88,20,Low,15
e1a79d3e-049e-40b0-8731-eb114e3678e1,Amsterdam,Yokohama,Netherlands,Japan,Port of Rotterdam,Port of Yokohama,3122.76,8,Medium,60
fee75f4a-01db-4ba2-baad-656dc9f6e32d,Sharjah,Amsterdam,UAE,Netherlands,Jebel Ali,Port of Rotterdam,3518.92,7,High,68
10300dd1-2291-4623-89db-bbf53cd840cb,Houston,Frankfurt,United States,Germany,Port Newark,Port of Hamburg,5234.73,9,Medium,40
8c349051-c827-43bc-85bd-bdb3b5d9dc1b,Kolkata,Manchester,India,United Kingdom,Kolkata Port,London Gateway,6082.34,13,Medium,66
721075cf-fa0d-4a51-9425-e2f422ee49e5,Hyderabad,Delhi,India,India,Mundra Port,Nhava Sheva,903.0,3,Low,18
c957f7a3-aaf7-4094-8e0f-d3b61dc1df4b,Yokohama,Amsterdam,Japan,Netherlands,Port of Osaka,Port of Rotterdam,12273.12,30,Medium,63
29896354-9738-49aa-9731-dcab42751860,London,Singapore,United Kingdom,Singapore,London Gateway,Port of Singapore,10443.83,19,Low,37
b056f9d9-7a0f-42ab-b5bd-069de5d0ca17,Manchester,Frankfurt,United Kingdom,Germany,London Gateway,Port of Hamburg,11081.29,16,Low,44
c2ceacd2-a61a-41fd-ac5d-7873b562f0ea,Kolkata,Delhi,India,India,Chennai Port,Nhava Sheva,1219.57,5,Low,16
9aeaad3d-3d02-4be8-9055-5b0448329e54,Dubai,Singapore,UAE,Singapore,Jebel Ali,Port of Singapore,3183.11,9,Medium,37
68feb0ac-d77a-4673-8867-5bb50c2c4361,Abu Dhabi,Ningbo,UAE,China,Jebel Ali,Ningbo-Zhoushan,11153.25,26,High,80
b3dc6032-fe3a-471b-9823-6ecc749e744d,Los Angeles,Abu Dhabi,United States,UAE,Port Newark,Khalifa Port,9466.77,18,Medium,57
e2047de3-2519-4aa6-8d2b-8535eaa9aebf,Abu Dhabi,Bengaluru,UAE,India,Khalifa Port,Nhava Sheva,369.64,5,Medium,44
abf4e6aa-1945-4b17-8237-eb80f62f74bd,Singapore,Incheon,Singapore,South Korea,Port of Singapore,Incheon Port,9707.3,20,Low,29
2c116705-d9c3-442c-9e0c-8451e466fc22,Incheon,Osaka,South Korea,Japan,Port of Busan,Port of Yokohama,11804.12,18,Low,31
c7d8de96-5899-4a28-a048-15aa25f23ccb,Houston,Delhi,United States,India,Port Newark,Mundra Port,6245.49,11,Medium,65
bfaa2c4b-5565-437c-95be-a6cffaecfcc7,Osaka,Incheon,Japan,South Korea,Port of Yokohama,Port of Busan,7293.8,15,Low,37
cc2b3edb-d8e8-4b1c-b539-67f6d2c03165,Busan,Ningbo,South Korea,China,Port of Busan,Shenzhen Port,2748.11,5,Low,39
f4d8ef0e-2e32-421e-a8d3-ffa4cd1af3c6,Shenzhen,Dubai,China,UAE,Shanghai Port,Khalifa Port,1435.55,3,Low,29
507a4446-9033-4393-9507-0fce0c37d2a4,Singapore,Bengaluru,Singapore,India,Port of Singapore,Kolkata Port,7758.41,17,Medium,42
fa0379fa-9960-4819-bac8-588444c2b7fc,Delhi,Singapore,India,Singapore,Nhava Sheva,Port of Singapore,12448.33,23,Low,24
7b52bd9d-09c2-4820-bb9d-f56e5b8d28ed,Busan,Frankfurt,South Korea,Germany,Port of Busan,Bremerhaven,6564.84,11,High,79
0e927dd8-1c3b-4741-b9a0-f28b0bf28cbd,Felixstowe,Yokohama,United Kingdom,Japan,Port of Felixstowe,Port of Yokohama,12193.58,17,Critical,100
cd19afe3-9e96-4cd6-a4f7-e47f94334ce4,Chicago,London,United States,United Kingdom,Port Newark,London Gateway,10225.06,15,High,73
32c119b7-816e-439c-b6e3-76bff0f488b2,Yokohama,London,Japan,United Kingdom,Port of Yokohama,London Gateway,4218.17,9,Low,39
8a8316de-e5a6-4b62-b3c8-2f2f25ff79fb,Hamburg,Yokohama,Germany,Japan,Bremerhaven,Port of Yokohama,541.81,4,High,70
4ad95a75-c36f-4908-a851-c9388fb5b00f,Chicago,Amsterdam,United States,Netherlands,Port Houston,Port of Rotterdam,2651.15,10,Critical,89
7f6a14a5-594b-49c1-89c1-4192795b5579,Seoul,Ningbo,South Korea,China,Incheon Port,Ningbo-Zhoushan,10796.64,20,Medium,53
5772c720-d05c-49cb-bdd5-c90460e64068,Hamburg,Yokohama,Germany,Japan,Bremerhaven,Port of Yokohama,11389.53,22,High,81
bbba4a4b-6f95-4383-bc95-61ec76674b0e,Osaka,Incheon,Japan,South Korea,Port of Osaka,Port of Busan,9979.72,12,Medium,39
b924a1ce-987f-4622-8f74-7290186d58ce,Shanghai,Abu Dhabi,China,UAE,Shenzhen Port,Khalifa Port,6652.69,13,Low,44
45f804a5-64dd-482d-82dd-e3714764a8cc,Felixstowe,Yokohama,United Kingdom,Japan,Port of Felixstowe,Port of Yokohama,10836.6,27,High,83
dc8baf6d-bafd-4ebf-add7-5c33bee0ec93,New York,Hyderabad,United States,India,Port Houston,Nhava Sheva,5178.99,9,High,85
b3022c27-fd95-42e6-9731-0aec2702e31b,Felixstowe,Manchester,United Kingdom,United Kingdom,London Gateway,Port of Felixstowe,1239.81,3,Low,15
5544e009-d5d9-400c-b958-d27e15cdeca0,Singapore,Amsterdam,Singapore,Netherlands,Port of Singapore,Port of Rotterdam,5962.33,11,Medium,61
89716028-7fe1-4abd-aba8-555678ae9429,Singapore,Dubai,Singapore,UAE,Port of Singapore,Khalifa Port,10296.96,19,Low,30
a50f3755-6507-44a4-b708-3a767625f1c3,Amsterdam,Hyderabad,Netherlands,India,Port of Rotterdam,Kolkata Port,9119.35,21,Medium,50
bead82b7-b9fa-481e-b54c-d1c1d4f84fdf,Bremen,Amsterdam,Germany,Netherlands,Port of Hamburg,Port of Rotterdam,8457.93,13,Low,45
52d6c365-d5b2-4196-a9c9-5f1e940a9694,Singapore,Manchester,Singapore,United Kingdom,Port of Singapore,Port of Felixstowe,11951.59,17,High,86
4f66150f-199d-48be-a21f-490be67048cd,Dubai,Seoul,UAE,South Korea,Khalifa Port,Port of Busan,1403.9,3,High,83
be9fabdb-f108-431f-a143-cd11b3b1c112,Shenzhen,Felixstowe,China,United Kingdom,Shenzhen Port,London Gateway,2024.7,5,High,86
743e0e4a-92cd-458b-aad6-5684579fdf8f,New York,Singapore,United States,Singapore,Port Newark,Port of Singapore,9969.37,21,Low,33
7a7d9629-8d41-49a3-bf4e-4882dabd1524,Sharjah,Chicago,UAE,United States,Khalifa Port,Port Houston,9218.39,14,Low,41
75fa0bfe-afef-4874-937f-a976874b29b1,Shenzhen,Amsterdam,China,Netherlands,Ningbo-Zhoushan,Port of Rotterdam,7157.1,11,Medium,40
266940b5-c664-4bbd-9dc5-0581c9e6185f,Ningbo,Tokyo,China,Japan,Shanghai Port,Port of Osaka,11405.17,20,Low,19
93b8a364-5703-4ca9-b945-86abc87e189f,Incheon,Houston,South Korea,United States,Port of Busan,Port Newark,11845.52,16,High,62
bcdda7b7-179b-4b36-b946-6c14495d56ae,Seoul,Hamburg,South Korea,Germany,Incheon Port,Bremerhaven,9557.67,15,Medium,57
fa6704e7-c810-423e-91c6-9d8b0ad22a6d,Rotterdam,Singapore,Netherlands,Singapore,Port of Rotterdam,Port of Singapore,6004.15,13,High,81
45541e08-c676-46c2-8546-00fb6044caac,London,Rotterdam,United Kingdom,Netherlands,London Gateway,Port of Rotterdam,2094.2,7,Medium,43
b294099e-474d-4dec-b1b4-44805bf4b2cf,Los Angeles,Felixstowe,United States,United Kingdom,Port of LA,Port of Felixstowe,5356.95,10,Low,28
3f56eaa9-9a73-454c-8dd4-f331e85c83b1,Shenzhen,Yokohama,China,Japan,Ningbo-Zhoushan,Port of Osaka,528.37,4,High,74
6c19e71b-bd32-489e-aee0-ff42f96dda43,Amsterdam,Bremen,Netherlands,Germany,Port of Rotterdam,Bremerhaven,10708.24,20,Medium,58
fdfd4b6a-e432-4b36-98b1-c41ca664ae19,Frankfurt,Hamburg,Germany,Germany,Port of Hamburg,Port of Hamburg,1894.02,7,High,73
1631efa3-f631-488e-ab0b-63766578ddbd,Felixstowe,Houston,United Kingdom,United States,Port of Felixstowe,Port Houston,12490.55,24,High,86
b07fbd20-18b5-4f32-8224-8941c6e55bda,Delhi,Bengaluru,India,India,Nhava Sheva,Kolkata Port,2056.56,6,High,81
e16180bb-9b3e-4a54-8c1e-68f6051a4a71,Seoul,Mumbai,South Korea,India,Incheon Port,Mundra Port,9780.07,24,Low,22
0d64b993-6ca6-4b7e-817d-3408cfa41294,Manchester,Abu Dhabi,United Kingdom,UAE,Port of Felixstowe,Khalifa Port,8880.82,15,High,72
09dc0eb6-2b02-4093-a5cf-be4fd7a23703,Frankfurt,Tokyo,Germany,Japan,Port of Hamburg,Port of Osaka,11903.96,15,Medium,46
4ded4d54-d45c-41e9-ad72-1e347814b170,Frankfurt,Singapore,Germany,Singapore,Port of Hamburg,Port of Singapore,2130.73,7,Low,29
a12cad5c-1238-47d9-aa88-ee7090732e56,Dubai,Abu Dhabi,UAE,UAE,Khalifa Port,Khalifa Port,628.63,5,Low,26
cea1670e-f275-4404-8216-0edae4e526d4,Singapore,Sharjah,Singapore,UAE,Port of Singapore,Khalifa Port,3526.47,7,High,63
4ea346ed-f0e5-4374-8183-2fa6f348cbdf,Singapore,Bremen,Singapore,Germany,Port of Singapore,Bremerhaven,1433.67,3,High,70
4bbdc0c7-5f67-4bdd-8c0c-af0de3060d28,Rotterdam,Chicago,Netherlands,United States,Port of Rotterdam,Port Newark,9281.25,19,Low,44
ce806d44-7ed0-49b9-9ecf-cb38e23e7e39,Ningbo,Felixstowe,China,United Kingdom,Shenzhen Port,London Gateway,12399.47,18,Medium,68
1e986387-b586-47d9-b556-5120d91c418b,Dubai,Incheon,UAE,South Korea,Khalifa Port,Incheon Port,9470.46,23,Medium,68
d6b37d89-236a-44eb-b8e7-0f890c0b16a4,Rotterdam,Chicago,Netherlands,United States,Port of Rotterdam,Port Newark,9263.95,14,Medium,41
0f1ede53-4f78-4178-87c3-7509e113bf65,Dubai,Busan,UAE,South Korea,Jebel Ali,Port of Busan,9856.28,20,Low,30
07317100-bbcf-4550-b65d-72e0b81c2830,Amsterdam,Guangzhou,Netherlands,China,Port of Rotterdam,Ningbo-Zhoushan,8741.2,13,High,63
b9ff515e-75d8-401b-bc86-44d106dd12e6,Amsterdam,Singapore,Netherlands,Singapore,Port of Rotterdam,Port of Singapore,11809.76,21,Low,33
7a00c926-fcb3-4ea3-a156-2bd0563bd07a,Singapore,Chennai,Singapore,India,Port of Singapore,Kolkata Port,5652.17,11,Low,36
5efab4bd-51a5-4bfc-83ec-39849737927a,Tokyo,Seoul,Japan,South Korea,Port of Yokohama,Port of Busan,6572.31,11,Medium,44
34033e58-4ce0-4dc9-ad50-eb41a593d5c7,Ningbo,Amsterdam,China,Netherlands,Shanghai Port,Port of Rotterdam,2066.01,3,Low,41
5df36d65-1e03-482a-bf02-ee5fea6600a6,London,Incheon,United Kingdom,South Korea,Port of Felixstowe,Port of Busan,1999.59,3,Low,22
fbf8977e-5c12-4bc2-95bf-3e574efe3b06,Chicago,Singapore,United States,Singapore,Port Houston,Port of Singapore,1698.48,6,Medium,62
6228e7cb-1db7-4e42-9fd6-302137604d99,Mumbai,Bremen,India,Germany,Nhava Sheva,Port of Hamburg,5657.77,14,Medium,61
6ef80d0b-3622-45b2-8ff5-7f4f6b1af213,Shenzhen,Amsterdam,China,Netherlands,Shenzhen Port,Port of Rotterdam,3947.72,10,Medium,40
04e7e6f0-04e2-47eb-a8e1-e7f3b5214e0a,Shenzhen,New York,China,United States,Shenzhen Port,Port Houston,5461.07,7,Medium,49
2245c48a-1f15-496b-8cf8-dffa1a5918f0,Houston,Felixstowe,United States,United Kingdom,Port of LA,London Gateway,9298.98,20,Medium,35
1acd120e-5dd9-40d2-ba2c-842a19ae4080,Dubai,London,UAE,United Kingdom,Khalifa Port,London Gateway,5729.06,12,Low,29
0f5d1f64-0828-487d-a493-d96779907ea8,Rotterdam,Shanghai,Netherlands,China,Port of Rotterdam,Shenzhen Port,3795.91,10,Medium,68
3afc37b7-8b5b-407b-9913-c75587ec2cb4,Rotterdam,Felixstowe,Netherlands,United Kingdom,Port of Rotterdam,London Gateway,9806.46,12,High,81
2e2017eb-04b5-4fd2-b736-f99cbbaf2a98,Rotterdam,London,Netherlands,United Kingdom,Port of Rotterdam,London Gateway,3662.65,9,Medium,43
95f7b6e2-4271-4fac-896b-71e24fb6d500,Kolkata,Tokyo,India,Japan,Nhava Sheva,Port of Yokohama,6076.38,13,High,74
8799113e-df17-4ba4-beba-0a257389d752,Hamburg,Shenzhen,Germany,China,Port of Hamburg,Shenzhen Port,4169.89,9,Medium,66
5c32d0f5-79fc-4963-bae2-3ac59cc8ef8c,Osaka,Rotterdam,Japan,Netherlands,Port of Yokohama,Port of Rotterdam,3843.1,6,Low,42
b95e49ea-8f86-409a-abdd-f4e9726937fd,Amsterdam,Frankfurt,Netherlands,Germany,Port of Rotterdam,Port of Hamburg,3521.9,5,Medium,52
84994709-5ccd-483c-8d66-f0c6729f270b,Hamburg,Tokyo,Germany,Japan,Bremerhaven,Port of Osaka,6057.25,10,Medium,42
ecc7dd96-cd50-420a-a49c-75cd57ffb0fd,Abu Dhabi,Amsterdam,UAE,Netherlands,Khalifa Port,Port of Rotterdam,496.73,1,Low,44
2c61152c-ebe2-4ffe-8256-6457fc1b4662,Rotterdam,Seoul,Netherlands,South Korea,Port of Rotterdam,Port of Busan,11449.66,21,Low,29
ebaa79d1-4bfc-4baf-ad76-09a3b3594e13,Sharjah,Rotterdam,UAE,Netherlands,Khalifa Port,Port of Rotterdam,4767.58,10,Low,23
30e831cd-c42d-49ff-a43a-206657a2ac99,Hyderabad,Abu Dhabi,India,UAE,Kolkata Port,Jebel Ali,11635.22,15,Low,27
0b33da94-8b96-4ea1-8a23-9047ef79bac8,Seoul,Singapore,South Korea,Singapore,Port of Busan,Port of Singapore,1447.47,6,Low,29
ac36f087-14fb-465d-922b-2065c7ba842f,Seoul,Dubai,South Korea,UAE,Port of Busan,Khalifa Port,2405.34,5,Low,19
87befc6e-932e-415e-8f23-541097299c20,Frankfurt,Abu Dhabi,Germany,UAE,Port of Hamburg,Khalifa Port,10971.09,19,Medium,45
f8669510-1dee-4987-b8ce-b0155e4b3ff5,Singapore,Abu Dhabi,Singapore,UAE,Port of Singapore,Jebel Ali,7811.5,12,Critical,97
cc4b5031-c720-4c13-88c5-d3093943b791,Rotterdam,Singapore,Netherlands,Singapore,Port of Rotterdam,Port of Singapore,3427.17,8,Low,41
e6c8322c-0191-4436-99c1-b1ca1ef0c203,Los Angeles,Frankfurt,United States,Germany,Port Houston,Bremerhaven,7001.16,11,Low,20
90c0b2cf-2ed8-4e11-b9b8-abc982532385,Chicago,Seoul,United States,South Korea,Port Houston,Port of Busan,3443.24,10,High,72
182a6232-5038-43a4-9049-d0b7fe69aaf9,Yokohama,New York,Japan,United States,Port of Osaka,Port Newark,2398.68,4,High,64
7cf91eeb-f6d6-4d95-ae0a-ce39eb2f3269,Houston,Hamburg,United States,Germany,Port of LA,Port of Hamburg,9339.44,13,Low,43
583f43b4-cb30-4b4a-8f2b-c8556f8efa06,Osaka,New York,Japan,United States,Port of Yokohama,Port Newark,8633.31,15,Medium,37
1db372dc-6a61-4fd2-af96-f36bb8aaa444,Chicago,Incheon,United States,South Korea,Port Newark,Incheon Port,5138.68,12,Low,25
db1c3a44-fdfe-4059-95ac-71b6c640b5c5,Busan,Mumbai,South Korea,India,Port of Busan,Nhava Sheva,9508.72,17,Medium,35
6da8b7b2-84a2-40c7-9e1e-2fe1e24ed6e0,Busan,Hamburg,South Korea,Germany,Port of Busan,Bremerhaven,10148.64,24,Low,16
2a23972d-4a31-4365-bbad-7d1bcb31c4f4,Mumbai,Abu Dhabi,India,UAE,Kolkata Port,Jebel Ali,6117.5,10,Medium,49
1dd0317f-2fd5-4e29-8b60-37896c1085b8,Singapore,Dubai,Singapore,UAE,Port of Singapore,Jebel Ali,8579.14,13,Medium,59
b76b9a8c-cb8c-4fe9-a648-39403c602b56,Singapore,Manchester,Singapore,United Kingdom,Port of Singapore,London Gateway,4020.04,12,Low,22
a933cc2a-2284-488d-be7c-1dfc941a312d,Delhi,Manchester,India,United Kingdom,Kolkata Port,Port of Felixstowe,7826.92,17,Low,35
01f689c6-e17c-4690-b80b-f7f057b0b2ed,Bremen,Tokyo,Germany,Japan,Port of Hamburg,Port of Osaka,10956.84,24,Medium,55
a5e5882a-b970-451b-98a5-6e30a524010e,Frankfurt,Felixstowe,Germany,United Kingdom,Port of Hamburg,Port of Felixstowe,6091.73,12,Medium,60
d9b17187-4b83-47d5-93e4-16ffe6eeb12b,Felixstowe,Busan,United Kingdom,South Korea,Port of Felixstowe,Incheon Port,3140.54,6,Low,24
ec8cc0b4-b9da-45a0-ba10-b4860c004b6c,Amsterdam,Chennai,Netherlands,India,Port of Rotterdam,Kolkata Port,12459.04,20,Medium,57
5563210a-263d-42c2-b871-63968b5a1f41,Tokyo,Seoul,Japan,South Korea,Port of Osaka,Port of Busan,9788.49,15,High,72
779b6a36-5bf5-4dc9-9105-50fe4cd121ce,Hyderabad,Frankfurt,India,Germany,Nhava Sheva,Bremerhaven,5824.48,11,Low,42
51ac7bf4-2314-4bd1-9151-efb072a2d01c,Seoul,Incheon,South Korea,South Korea,Incheon Port,Incheon Port,1195.85,6,Low,18
17a739db-5713-4f89-93f4-bb4b88d68ff3,Busan,Singapore,South Korea,Singapore,Port of Busan,Port of Singapore,3993.07,9,Low,21
2106035e-9c80-419e-915a-78db9b9ca53b,Bremen,Houston,Germany,United States,Port of Hamburg,Port of LA,9164.74,24,Low,29
c1542f5a-575e-4a95-816f-eae6b3e8c849,Abu Dhabi,Tokyo,UAE,Japan,Khalifa Port,Port of Osaka,9704.63,14,Low,22
f63fbb68-dea3-4ad1-9016-b2c509558b6d,Singapore,Sharjah,Singapore,UAE,Port of Singapore,Khalifa Port,6404.6,11,Low,20
b0d6ab29-137e-4eb5-aca4-477bc9186cfc,Hamburg,Ningbo,Germany,China,Bremerhaven,Shanghai Port,5692.56,11,Medium,59
242d82ff-8696-4d29-9686-c3b350b7d9ac,Hamburg,Dubai,Germany,UAE,Port of Hamburg,Jebel Ali,10873.82,19,Low,25
632b1ff6-e161-4893-9807-df8dfb386685,Singapore,Chennai,Singapore,India,Port of Singapore,Chennai Port,4167.26,7,Medium,58
733f71b3-f1d4-45ca-98be-b70e3d083bef,Dubai,Ningbo,UAE,China,Khalifa Port,Shenzhen Port,4678.17,6,Medium,63
0b6e7195-85c1-4ad8-b7d2-7bf298aebead,Guangzhou,Felixstowe,China,United Kingdom,Shenzhen Port,London Gateway,8268.52,22,Low,43
8e94e998-8502-43d0-97b8-f909b2f68312,Felixstowe,Rotterdam,United Kingdom,Netherlands,London Gateway,Port of Rotterdam,8849.05,15,Low,19
6cc8b3e2-5fc5-46db-8920-443784703832,Ahmedabad,Felixstowe,India,United Kingdom,Kolkata Port,Port of Felixstowe,9815.97,15,Medium,56
314f22ae-487f-4c34-a6d0-dc830fc80a78,Busan,Incheon,South Korea,South Korea,Incheon Port,Incheon Port,1254.26,4,Low,30
16cf9f67-92f7-40c9-a494-9888a8942270,Amsterdam,Busan,Netherlands,South Korea,Port of Rotterdam,Port of Busan,7179.96,12,Low,22
89f70d3d-4f22-4358-b23d-ada3f598b65d,Shenzhen,Shanghai,China,China,Ningbo-Zhoushan,Ningbo-Zhoushan,1702.98,5,Medium,65
830b5aa7-d349-429a-8911-2a9e690e4d3f,Singapore,Busan,Singapore,South Korea,Port of Singapore,Incheon Port,4132.26,9,Low,34
f7bc4fcc-4474-4a16-9b43-f08db8bd4e15,Busan,Abu Dhabi,South Korea,UAE,Port of Busan,Jebel Ali,7108.41,9,High,76
bad18ac0-ace9-4db8-b7a0-4167335e9672,Shenzhen,Busan,China,South Korea,Shenzhen Port,Port of Busan,11370.58,19,Medium,61
7ae44a1d-83f4-4052-98cc-48c53cd7bc38,Houston,Hamburg,United States,Germany,Port Newark,Bremerhaven,7107.36,11,Medium,44
d9493147-b487-4b39-a287-175b7a1ef6c8,Seoul,Guangzhou,South Korea,China,Incheon Port,Shenzhen Port,3677.14,10,Low,15
1055b223-2bd9-4217-ac5b-6e9fae0fac9a,Rotterdam,Singapore,Netherlands,Singapore,Port of Rotterdam,Port of Singapore,7777.94,18,Low,42
f91f6609-2b8c-4075-9b6f-cdbb676e3e8c,Yokohama,Ahmedabad,Japan,India,Port of Yokohama,Mundra Port,12448.04,28,Medium,35
1034c849-2c94-4463-a8a2-c4e16adf6773,London,Busan,United Kingdom,South Korea,Port of Felixstowe,Port of Busan,7199.21,15,Low,34
e5263d17-7ef3-4669-81e9-e5010fc47104,Los Angeles,Ahmedabad,United States,India,Port Newark,Nhava Sheva,2803.96,7,Low,37
2d10f431-bc6f-4c51-be3c-83fe41c5b0ca,Busan,New York,South Korea,United States,Incheon Port,Port of LA,8426.04,13,Low,31
0284efe7-43c5-4150-89af-5fa759eb8a5f,Shanghai,Felixstowe,China,United Kingdom,Ningbo-Zhoushan,London Gateway,3635.79,9,Low,19
8a2d95c6-e566-4c46-933b-cdcf37e0a074,Hamburg,Abu Dhabi,Germany,UAE,Port of Hamburg,Khalifa Port,7436.48,18,Low,29
68694995-bc56-4109-a3dc-fe1e5befa9de,Felixstowe,Hamburg,United Kingdom,Germany,Port of Felixstowe,Bremerhaven,2778.2,10,Low,45
46f01e50-0040-4dc9-b5ea-d87e833175d4,Rotterdam,Chicago,Netherlands,United States,Port of Rotterdam,Port of LA,2783.72,4,Low,45
40778c94-7147-483c-abfc-808135f66d71,Los Angeles,Singapore,United States,Singapore,Port Houston,Port of Singapore,3677.42,7,Critical,89
1bbce9e8-fe89-40c4-9f35-0e95e5df74f0,Guangzhou,Hamburg,China,Germany,Ningbo-Zhoushan,Bremerhaven,8941.27,15,Critical,99
1993f9b1-9f13-4ed6-8cf1-e0fd5e30f6d3,Incheon,Houston,South Korea,United States,Incheon Port,Port Newark,7589.06,10,Low,17
3e971ac4-88c0-4622-92af-24571e4ffa41,Dubai,Hyderabad,UAE,India,Jebel Ali,Kolkata Port,10602.31,18,Low,17
6390840b-0b75-4c1c-8ce2-212e19d34c5b,Houston,Sharjah,United States,UAE,Port Newark,Jebel Ali,1286.53,3,Medium,60
fa6799c5-5758-4f97-b171-087fb513b96b,Abu Dhabi,Sharjah,UAE,UAE,Jebel Ali,Jebel Ali,424.93,4,Low,39
9774a75a-f212-42bb-b642-0fd93e2a8376,Singapore,Mumbai,Singapore,India,Port of Singapore,Chennai Port,4553.08,8,Medium,65
24fbf8a8-e0cf-45f3-94d1-a07b4139cf4c,Hyderabad,Shenzhen,India,China,Nhava Sheva,Ningbo-Zhoushan,2726.32,6,Medium,35
b328e1e2-1ffa-4412-a553-4fdbea0cf6ea,Manchester,Incheon,United Kingdom,South Korea,London Gateway,Incheon Port,3272.96,6,Medium,49
e292326d-5eaf-4cdc-b89e-bf255948c64e,Yokohama,Chicago,Japan,United States,Port of Yokohama,Port of LA,1435.66,6,High,66
45a952c2-87bb-44f4-a79b-19377eef8600,Houston,Felixstowe,United States,United Kingdom,Port Houston,London Gateway,553.15,3,Low,34
7f90c526-3529-4e56-b258-d9963393e0fe,London,Felixstowe,United Kingdom,United Kingdom,Port of Felixstowe,Port of Felixstowe,662.48,1,Low,16
dedab7fd-6f1c-4011-94d6-b40a65f4a32a,Frankfurt,Shanghai,Germany,China,Bremerhaven,Shenzhen Port,5846.9,10,Medium,66
02d7f778-26eb-4287-a360-ae9c6c17ca0a,Dubai,Incheon,UAE,South Korea,Khalifa Port,Port of Busan,4964.38,11,High,66
22b50079-197c-4dc7-98a1-d08e04f995d2,Chicago,Singapore,United States,Singapore,Port Newark,Port of Singapore,7519.55,13,High,88
ca4084a6-b6ae-4472-8e8d-8fbfc886e133,Dubai,Tokyo,UAE,Japan,Khalifa Port,Port of Osaka,5831.44,12,Medium,62
184bd60d-db66-420a-9ae3-65b623449866,Dubai,Shenzhen,UAE,China,Jebel Ali,Shenzhen Port,8286.88,18,Medium,42
590a3933-1fc3-44c5-95f4-8ef288dcd31e,Manchester,Singapore,United Kingdom,Singapore,Port of Felixstowe,Port of Singapore,11383.97,23,Medium,54
cd3828ce-96b6-4243-92ff-3a8213039d75,Houston,Chennai,United States,India,Port Houston,Chennai Port,8810.81,18,Low,39
c4c18196-1cce-49b8-9171-958d797b0b96,London,Ningbo,United Kingdom,China,London Gateway,Shenzhen Port,8221.4,14,High,87
24927d09-02d5-4d6a-864c-a609b927099a,Amsterdam,Los Angeles,Netherlands,United States,Port of Rotterdam,Port Newark,3686.65,7,Low,27
d591befe-23fa-4593-b1aa-9fe8fffc11b4,Guangzhou,Manchester,China,United Kingdom,Shanghai Port,London Gateway,7821.35,13,Medium,64
60ca555f-9577-4f15-b45d-71f8d5aa731f,Abu Dhabi,Frankfurt,UAE,Germany,Jebel Ali,Port of Hamburg,10541.4,18,Low,34
18dd1518-2947-4d68-b24f-0f8fc964b98a,Amsterdam,Osaka,Netherlands,Japan,Port of Rotterdam,Port of Osaka,3046.85,8,Low,28
c9e4aceb-a828-4c22-aae1-5723d08652ad,Osaka,Sharjah,Japan,UAE,Port of Osaka,Khalifa Port,3121.6,9,Medium,53
2d97a267-515d-4162-b5b9-2a1a9b91fcda,Singapore,Manchester,Singapore,United Kingdom,Port of Singapore,London Gateway,9401.63,19,High,73
e34a1bb9-28a1-456c-885b-5742567a3390,Bengaluru,Tokyo,India,Japan,Kolkata Port,Port of Yokohama,7481.16,16,Low,44
c2867809-7ffa-4410-90ff-7cb75f5c825d,Chicago,Dubai,United States,UAE,Port of LA,Khalifa Port,11306.63,18,Low,40
7ac435db-6d84-4371-8049-0ab055b4c071,Amsterdam,Busan,Netherlands,South Korea,Port of Rotterdam,Port of Busan,3353.05,5,High,86
415056fb-69fe-449c-abae-ab71dd1209e0,Abu Dhabi,Ahmedabad,UAE,India,Khalifa Port,Kolkata Port,8351.93,15,Medium,41
2e0d26dc-3d49-4087-aacf-cf6bdd5af7a9,Felixstowe,Incheon,United Kingdom,South Korea,London Gateway,Port of Busan,6954.84,12,Low,36
433775e6-8508-4084-bf57-31c537814161,New York,Ningbo,United States,China,Port Newark,Shanghai Port,1087.66,6,Low,43
5dcd5de6-a593-4650-970b-0cdbf9c521f4,Amsterdam,Tokyo,Netherlands,Japan,Port of Rotterdam,Port of Osaka,5612.42,12,Low,45
449d83ff-7b21-429e-ac59-e490fc50f09e,Shanghai,Abu Dhabi,China,UAE,Ningbo-Zhoushan,Khalifa Port,12106.09,16,Low,22
29e90889-4bb5-4aaf-948d-7d3bfedbe632,Singapore,New York,Singapore,United States,Port of Singapore,Port Houston,5786.03,7,Low,42
263b28f8-4282-464a-ae6a-bb7f2ca776bb,Osaka,Ahmedabad,Japan,India,Port of Yokohama,Nhava Sheva,3064.57,7,Low,36
77821566-ea67-4ff9-a774-731deabc3244,Busan,Seoul,South Korea,South Korea,Incheon Port,Port of Busan,906.3,3,High,79
dcd30978-b49d-4553-b4b0-5f273525e82e,Singapore,Felixstowe,Singapore,United Kingdom,Port of Singapore,London Gateway,11197.98,24,Medium,36
2fd77b37-3326-4ada-b3fb-c3964c9f916a,Rotterdam,Bremen,Netherlands,Germany,Port of Rotterdam,Bremerhaven,6465.94,8,Medium,54
13570a0f-db47-44b6-98b8-199e124acb76,Yokohama,Hamburg,Japan,Germany,Port of Osaka,Port of Hamburg,6189.42,11,Low,37
2d6bdc66-2471-44eb-8660-d986d2498bc3,Amsterdam,Singapore,Netherlands,Singapore,Port of Rotterdam,Port of Singapore,3601.34,5,Low,40
9443e2a1-c6f1-46ad-9f23-75b12f354984,Frankfurt,Yokohama,Germany,Japan,Bremerhaven,Port of Yokohama,6348.93,11,Low,18
0dfde268-145d-4d85-8b39-5690f2bf1a17,Abu Dhabi,Singapore,UAE,Singapore,Khalifa Port,Port of Singapore,5893.33,12,High,62
067192c3-eefd-4bc9-9787-79e0b015f76b,Chennai,Incheon,India,South Korea,Mundra Port,Port of Busan,7623.27,16,Medium,40
aa607bb0-65c2-40ee-baf9-779a8a7a17d2,Busan,London,South Korea,United Kingdom,Port of Busan,London Gateway,6898.25,11,Medium,45
2e150cef-c6a8-4333-a2b6-dae788b79ac9,Singapore,Los Angeles,Singapore,United States,Port of Singapore,Port Houston,7733.77,16,Low,33
b2ebfc86-0f00-4f69-9478-961d226932e6,Osaka,Amsterdam,Japan,Netherlands,Port of Osaka,Port of Rotterdam,4501.98,11,Low,37
d21a06b9-44e6-46fc-8348-8a85f5a9eb91,Abu Dhabi,Chennai,UAE,India,Khalifa Port,Kolkata Port,9524.59,16,Medium,60
503c2d7b-c802-41c2-a6ca-51ed91d4c55e,Dubai,Chicago,UAE,United States,Jebel Ali,Port Newark,2559.56,7,Low,41
fbf92fe0-349e-41ca-b95a-dbf624f21dc6,Houston,Dubai,United States,UAE,Port Newark,Jebel Ali,6651.48,14,Low,22
753ebd32-66e4-48f5-9b1e-a9950d7e4d6d,Osaka,Mumbai,Japan,India,Port of Yokohama,Mundra Port,1184.58,5,Low,23
74687221-3547-49d5-8e3f-7690e34da54e,Singapore,Shanghai,Singapore,China,Port of Singapore,Shanghai Port,6090.98,13,Medium,66
c30a8a54-9fd8-4f68-a726-cf965f067e2d,Chennai,Amsterdam,India,Netherlands,Kolkata Port,Port of Rotterdam,9098.62,18,Low,15
e99f3291-dd21-4b14-be0d-2b07f4c94be3,Incheon,Singapore,South Korea,Singapore,Incheon Port,Port of Singapore,6473.56,10,Medium,41
3615cb4c-d548-4ede-be3e-6dee43917117,Sharjah,Dubai,UAE,UAE,Jebel Ali,Jebel Ali,1588.94,5,Low,27
cf619367-46e8-481e-9bf4-1d204a3a5dcb,Felixstowe,Manchester,United Kingdom,United Kingdom,London Gateway,London Gateway,1898.27,5,Low,31
92430e4e-e609-440e-a681-941757b6a480,London,Frankfurt,United Kingdom,Germany,London Gateway,Bremerhaven,6496.13,12,Low,27
0accf824-b7ce-4d8b-819a-34edc3f5fbcc,New York,Kolkata,United States,India,Port Houston,Nhava Sheva,10050.24,19,Low,40
f7a442d6-cea9-4c5b-b351-6240b63f8165,Delhi,Rotterdam,India,Netherlands,Chennai Port,Port of Rotterdam,8875.49,19,Low,16
f6c4db60-0de2-4e91-b798-59e58af02e7c,Amsterdam,Hamburg,Netherlands,Germany,Port of Rotterdam,Port of Hamburg,6596.94,12,Medium,65
6443a1c9-d9cf-4cb1-88a8-ab321575eb8a,Chicago,Singapore,United States,Singapore,Port Houston,Port of Singapore,1129.29,3,Medium,68
6d80a0cf-692d-479e-b2b2-90a8d62f324c,Shenzhen,Yokohama,China,Japan,Shanghai Port,Port of Yokohama,3280.84,11,Low,17
29648eca-87d1-42b9-aa00-5213196d9dd4,Felixstowe,London,United Kingdom,United Kingdom,Port of Felixstowe,Port of Felixstowe,1071.01,5,Medium,44
a91ea324-5b23-459e-9846-4b78d7051530,Hamburg,Sharjah,Germany,UAE,Bremerhaven,Khalifa Port,7283.06,13,Medium,58
ecbe9a4d-d6e5-4cf3-8f95-b0e471c554fc,Guangzhou,Tokyo,China,Japan,Shenzhen Port,Port of Osaka,4720.6,8,Medium,37
4844aac8-b94e-4418-be0c-595737b2275e,Singapore,Busan,Singapore,South Korea,Port of Singapore,Incheon Port,6686.69,17,Medium,45
11d7a296-86ea-4bc9-8ef7-bcc4954b8ca8,Osaka,Ningbo,Japan,China,Port of Osaka,Ningbo-Zhoushan,4439.11,10,Low,41
df775c95-9cc9-4f05-9ab6-9aef78bafaa0,Felixstowe,Amsterdam,United Kingdom,Netherlands,London Gateway,Port of Rotterdam,8614.62,14,Medium,55
f60be73b-fa10-43c7-97e5-5cb0f08123ff,Incheon,Osaka,South Korea,Japan,Port of Busan,Port of Osaka,8878.72,16,Critical,83
5c907049-17d2-4693-92f8-77bc3ce95bea,Shenzhen,Ahmedabad,China,India,Ningbo-Zhoushan,Chennai Port,4001.1,11,Low,37
5c351177-aac0-493e-a4a9-47f86780ab5c,Rotterdam,Manchester,Netherlands,United Kingdom,Port of Rotterdam,London Gateway,761.45,5,Medium,35
b76c3b54-fa51-4d04-9dba-7be6a9702b75,Amsterdam,Rotterdam,Netherlands,Netherlands,Port of Rotterdam,Port of Rotterdam,1023.75,3,Low,37
09edc199-aa61-48c1-830b-1dfebbe623c1,Manchester,Bremen,United Kingdom,Germany,Port of Felixstowe,Port of Hamburg,6710.8,9,High,67
4fa706c0-c6ca-4e2f-ad44-939ee99a2e39,Felixstowe,Rotterdam,United Kingdom,Netherlands,London Gateway,Port of Rotterdam,10299.04,18,Low,29
6dff89ab-332c-4742-a8e8-759e939f555c,Frankfurt,Abu Dhabi,Germany,UAE,Bremerhaven,Jebel Ali,7722.86,15,Low,17
e5e51e9c-1ba4-4ead-89c0-72d0e2cbc9f7,Chicago,Sharjah,United States,UAE,Port Newark,Jebel Ali,4097.14,13,Medium,52
3ed8d66e-88aa-4e27-aec1-54156df4d2d3,Hyderabad,Hamburg,India,Germany,Kolkata Port,Port of Hamburg,10572.43,14,Medium,54
951442b3-817e-4fc2-9ac4-74fd2cc50fc6,Hyderabad,Frankfurt,India,Germany,Kolkata Port,Bremerhaven,2525.35,6,Low,38
6abb827f-7cb6-43ae-87da-ebb135b5739b,Hamburg,Yokohama,Germany,Japan,Bremerhaven,Port of Osaka,11620.55,22,Low,19
e7e2a55d-9a0a-4f76-9d9d-3206d319187b,Tokyo,Ningbo,Japan,China,Port of Osaka,Shenzhen Port,6810.15,15,High,77
61ee7782-25a7-43a1-a476-ba8843e16037,Mumbai,Seoul,India,South Korea,Chennai Port,Incheon Port,10957.81,18,Low,33
a73f5b3b-e402-4d0f-9d70-926cae6bc048,Los Angeles,Busan,United States,South Korea,Port Houston,Port of Busan,4304.99,8,Medium,46
00dc1341-4423-482f-9919-9a21e186906b,Shenzhen,Sharjah,China,UAE,Shenzhen Port,Khalifa Port,9510.7,16,Low,16
979912fe-3dda-4a07-8d75-c347cbfab5cb,Manchester,Dubai,United Kingdom,UAE,London Gateway,Khalifa Port,695.39,3,Medium,55
e5304188-ccb9-4399-8d6f-6ebe382ceda4,Amsterdam,Chicago,Netherlands,United States,Port of Rotterdam,Port Houston,5807.97,11,Medium,46
0a984d8a-862a-495f-a6dc-96dd67a4e275,Frankfurt,Seoul,Germany,South Korea,Port of Hamburg,Incheon Port,8862.64,12,Low,20
809f24b6-b12b-4030-a6a3-46d08f6618e9,Ahmedabad,Tokyo,India,Japan,Kolkata Port,Port of Osaka,7535.06,12,Low,23
e235e7eb-acca-4bed-b6cc-35ec86276c51,Kolkata,Abu Dhabi,India,UAE,Chennai Port,Jebel Ali,4310.03,6,Low,21
fe17f7a6-3dbc-4c41-aa27-620c99849ddf,Chicago,Seoul,United States,South Korea,Port Houston,Port of Busan,9347.48,13,Medium,47
a9d7dddf-c18b-48a3-b87b-bb6bbda7e43b,New York,Hyderabad,United States,India,Port Newark,Kolkata Port,9864.34,19,High,68
4ba0ab2b-1cb6-4e0e-a106-e1baf3b7c6c2,Ahmedabad,New York,India,United States,Mundra Port,Port Newark,6334.85,11,Low,31
24b53448-e17f-4296-b292-e15387865ccd,Seoul,Ningbo,South Korea,China,Port of Busan,Shanghai Port,11704.76,18,Low,25
1282a62e-0fa2-47d2-af01-23af18c720e0,Frankfurt,Osaka,Germany,Japan,Bremerhaven,Port of Yokohama,8286.29,19,Medium,49
c8f00799-a70e-4726-ba9b-afdeccf92ab4,Seoul,Chicago,South Korea,United States,Port of Busan,Port Houston,11125.35,19,Low,29
28cf9af7-6da9-4423-aa6f-df74e3d88fef,Sharjah,Delhi,UAE,India,Khalifa Port,Chennai Port,794.71,5,Medium,51
7eb60482-2d59-4333-9147-6fb331513341,Singapore,Incheon,Singapore,South Korea,Port of Singapore,Incheon Port,6377.46,11,Critical,92
1156e235-5bf2-40b9-9d0e-9b1ff9d29153,Osaka,Amsterdam,Japan,Netherlands,Port of Osaka,Port of Rotterdam,6723.68,11,Medium,61
93bbe695-03bb-4698-b6d8-fdb980697317,Manchester,Frankfurt,United Kingdom,Germany,London Gateway,Bremerhaven,4065.62,6,Medium,62
9885a38a-d2f4-46e5-8e43-0dde10a5e64f,Incheon,Felixstowe,South Korea,United Kingdom,Port of Busan,London Gateway,10179.27,18,Medium,44
76cd116e-b302-43d4-ab9f-05682159dcf9,Busan,Ahmedabad,South Korea,India,Incheon Port,Chennai Port,1360.39,5,Medium,38
571c0976-f64a-47bd-b281-25b5022a7c07,Chennai,Incheon,India,South Korea,Nhava Sheva,Port of Busan,7400.13,10,Low,22
464cc8f2-0b64-4604-b388-5cbb9335889e,Chicago,Yokohama,United States,Japan,Port Newark,Port of Osaka,6918.78,9,High,81
aee51fc0-0699-4d0f-bb19-aade06b65340,Chicago,London,United States,United Kingdom,Port Newark,London Gateway,6253.24,8,Medium,64
9ad7eaa7-73ed-45a4-8548-07062a644460,Houston,Kolkata,United States,India,Port Newark,Kolkata Port,6123.12,10,High,64
e2860bd8-9869-4631-9a04-18f94da24044,Tokyo,Incheon,Japan,South Korea,Port of Yokohama,Incheon Port,3491.09,11,Medium,46
6830390c-c387-467b-bc4e-1d90e3d2d570,Sharjah,Yokohama,UAE,Japan,Jebel Ali,Port of Osaka,11524.88,14,High,86
639dce2f-9326-472d-a3d1-0c8cbdd44124,Singapore,London,Singapore,United Kingdom,Port of Singapore,Port of Felixstowe,6816.68,17,High,66
138f4098-af7c-4716-bec1-6d939900c705,Sharjah,Ningbo,UAE,China,Jebel Ali,Ningbo-Zhoushan,8092.9,18,Low,24
61480315-2f48-403e-ba7a-4fa45b6003a1,Rotterdam,Frankfurt,Netherlands,Germany,Port of Rotterdam,Port of Hamburg,7101.14,11,Critical,93
e48731c2-b1fb-4551-a2bb-ccf25d68c225,Singapore,Amsterdam,Singapore,Netherlands,Port of Singapore,Port of Rotterdam,6612.39,15,High,79
bfef0344-34e6-42cc-b086-63776af67d13,Seoul,Los Angeles,South Korea,United States,Incheon Port,Port Newark,6051.92,10,Medium,50
91b25186-6bc0-4564-8908-5d182662e160,Hyderabad,Yokohama,India,Japan,Kolkata Port,Port of Osaka,3749.12,9,Critical,92
ba1a279f-e9d9-4857-b82c-d69bc26db7db,Dubai,Abu Dhabi,UAE,UAE,Jebel Ali,Jebel Ali,1856.34,7,Medium,59
499c2860-e4b2-4a34-8bdd-8590bf14a8b5,Shanghai,Incheon,China,South Korea,Shanghai Port,Port of Busan,2643.93,7,High,79
ade6273c-14c9-4b68-8a3a-9703a953e506,Sharjah,London,UAE,United Kingdom,Jebel Ali,London Gateway,6969.66,13,High,73
bb3fc668-0398-496d-b40d-977807ebe91b,Shenzhen,Chennai,China,India,Ningbo-Zhoushan,Kolkata Port,6333.73,13,Critical,94
16ff7cdc-a8cd-4171-ac9a-1d1565b9725c,Hyderabad,Seoul,India,South Korea,Chennai Port,Incheon Port,6016.83,9,Medium,46
369f4d68-edbf-4e2b-9a14-69e4590be629,Singapore,Los Angeles,Singapore,United States,Port of Singapore,Port of LA,10290.21,17,Low,18
ee6e76f1-e1fc-400b-898f-04655953b6cc,Yokohama,Singapore,Japan,Singapore,Port of Osaka,Port of Singapore,5992.8,13,Low,42
1a627de1-6113-42d7-be1f-786c39081e4c,Rotterdam,Manchester,Netherlands,United Kingdom,Port of Rotterdam,Port of Felixstowe,9759.29,14,Medium,43
fbcdb57c-0386-4cbf-a2c1-535fc4be32b4,Singapore,Chennai,Singapore,India,Port of Singapore,Chennai Port,1202.93,5,Low,39
12f0aae6-9dfb-436f-a5c2-68fa3649deff,Guangzhou,Felixstowe,China,United Kingdom,Shenzhen Port,London Gateway,7945.74,11,High,81
55d193e0-47af-4e24-8997-66a67ce5090f,Seoul,Busan,South Korea,South Korea,Port of Busan,Port of Busan,1514.19,3,Medium,40
679a6ab4-dfef-4db8-a8a3-c3a2f7b11cbb,Shanghai,Dubai,China,UAE,Ningbo-Zhoushan,Jebel Ali,2808.98,5,Low,44
63c2324f-fe72-4fb7-928a-3e005c34f087,Incheon,Busan,South Korea,South Korea,Incheon Port,Port of Busan,369.26,5,Medium,51
0e45fd3e-aae0-470d-abdd-4de2904255a3,Shanghai,Manchester,China,United Kingdom,Ningbo-Zhoushan,Port of Felixstowe,5948.18,10,High,85
4783fd41-a50b-48d4-9d40-291252435b06,Frankfurt,Abu Dhabi,Germany,UAE,Bremerhaven,Jebel Ali,8239.6,14,High,69
88c7c76d-072a-413d-a30e-0c0b38bacef8,New York,Amsterdam,United States,Netherlands,Port of LA,Port of Rotterdam,2699.45,5,Low,15
778e4b49-e5e4-4e57-898c-7334de42f420,Tokyo,Singapore,Japan,Singapore,Port of Osaka,Port of Singapore,10033.39,26,Low,19
4e38d0aa-dd70-41e5-9838-3ffa7777e67b,Singapore,Delhi,Singapore,India,Port of Singapore,Nhava Sheva,4172.5,9,Low,35
fe4060f8-f54c-4206-9836-200b0db57896,Rotterdam,Incheon,Netherlands,South Korea,Port of Rotterdam,Port of Busan,6000.84,10,Medium,61
2dedbe7c-283b-4ba6-b888-8ac9af4b884d,Chennai,Osaka,India,Japan,Chennai Port,Port of Osaka,6127.17,15,Medium,54
03993641-9b2c-40a4-8f14-316afd4c21b3,Singapore,Busan,Singapore,South Korea,Port of Singapore,Incheon Port,9204.5,16,Low,42
b4ccd9e3-0292-4b1a-8ffd-bd1b2bd7f165,Singapore,Felixstowe,Singapore,United Kingdom,Port of Singapore,London Gateway,7582.58,19,Medium,51
453e854f-09a2-46ac-b873-96ff1a6280a1,Guangzhou,Chicago,China,United States,Shanghai Port,Port Newark,6273.19,14,Medium,63
c05e90fa-4dfa-425c-9095-66a7a7f5411a,Amsterdam,Sharjah,Netherlands,UAE,Port of Rotterdam,Jebel Ali,3308.91,7,Medium,58
47dcede2-6982-4518-baae-8bd3dc312457,Delhi,Manchester,India,United Kingdom,Kolkata Port,Port of Felixstowe,10575.88,17,Medium,35
ba4dbfed-9e02-4ace-ba10-98e7601a497e,Ningbo,Manchester,China,United Kingdom,Ningbo-Zhoushan,Port of Felixstowe,6363.06,11,Low,34
88d17d83-705f-4ab7-aa3d-65c1f96e416a,New York,Chicago,United States,United States,Port Newark,Port Houston,1913.41,8,High,66
6ff75d02-4618-407b-b947-fff1eed4ff5f,Dubai,Shenzhen,UAE,China,Khalifa Port,Shanghai Port,10549.99,21,Critical,98
92291e0b-e919-4257-9680-510a4af26b91,Abu Dhabi,Busan,UAE,South Korea,Khalifa Port,Incheon Port,11989.44,18,High,88
412e267b-9b77-4170-886d-79032da7ec9d,Bengaluru,Singapore,India,Singapore,Chennai Port,Port of Singapore,9447.89,19,High,84
e497dd09-128f-434a-9453-c8ff98f7b4dd,Chicago,Los Angeles,United States,United States,Port of LA,Port Houston,949.48,4,High,72
8deeef4a-c3c5-4a93-9bdc-461380989d63,Sharjah,Mumbai,UAE,India,Khalifa Port,Nhava Sheva,5326.63,10,High,80
26c836bd-b7d7-4ef9-a013-54b4cdc5f95e,Frankfurt,Rotterdam,Germany,Netherlands,Bremerhaven,Port of Rotterdam,5434.96,13,High,62
d2beda6b-b9bf-43a2-986a-0b4d3cbf8853,Singapore,Delhi,Singapore,India,Port of Singapore,Kolkata Port,3098.6,8,Medium,64
f4b7b64b-7982-4319-b0fd-9a161503e7eb,Bengaluru,Shanghai,India,China,Mundra Port,Ningbo-Zhoushan,2966.53,9,Low,28
b838c6ab-e6c7-4c27-9fca-80bc7ef0c74b,Osaka,Los Angeles,Japan,United States,Port of Osaka,Port Newark,2298.38,5,Low,23
a51c5645-b280-4485-b5f2-44f918a0cebe,Bengaluru,Los Angeles,India,United States,Kolkata Port,Port Houston,1472.18,8,Critical,90
9f004cd8-8a2f-4386-b1c9-d7cb13c7c1ee,Felixstowe,Sharjah,United Kingdom,UAE,London Gateway,Khalifa Port,7457.03,15,Low,24
17983748-cd08-4295-97e7-d99b7553041e,Mumbai,Frankfurt,India,Germany,Nhava Sheva,Port of Hamburg,4152.14,9,Medium,43
604463d2-a804-46ce-b6e5-4088969a6b4e,Abu Dhabi,Dubai,UAE,UAE,Khalifa Port,Khalifa Port,1140.18,6,Low,27
cb464949-e6d7-4c26-af2f-4eea626fb997,Shenzhen,Shanghai,China,China,Ningbo-Zhoushan,Ningbo-Zhoushan,257.2,2,Critical,82
2236c5a0-ca66-4b73-bd7a-91df1bedd154,Busan,Singapore,South Korea,Singapore,Incheon Port,Port of Singapore,4054.49,8,High,70
7a6b9638-814f-4db0-9bd2-f136e11a559b,Guangzhou,London,China,United Kingdom,Shanghai Port,Port of Felixstowe,695.19,5,High,72
b1c5c4fb-818b-4446-8b55-8b7688baff6e,Amsterdam,Incheon,Netherlands,South Korea,Port of Rotterdam,Port of Busan,8165.62,12,Low,22
6414ab3d-add8-4959-99d6-7a6984020337,Abu Dhabi,Dubai,UAE,UAE,Khalifa Port,Jebel Ali,2369.14,3,Low,23
17b9bf2c-c687-4318-851f-636f94e3c335,Busan,Amsterdam,South Korea,Netherlands,Incheon Port,Port of Rotterdam,4449.19,8,Low,32
65537a78-d4e7-42fe-aa08-820f598368fb,Seoul,Manchester,South Korea,United Kingdom,Port of Busan,London Gateway,6519.29,15,Medium,38
69d51948-bba7-4c86-859b-218caeaeb8b2,Frankfurt,London,Germany,United Kingdom,Port of Hamburg,Port of Felixstowe,3679.16,9,High,77
c21b098a-7fe5-4467-9166-61693d610a0e,Amsterdam,Kolkata,Netherlands,India,Port of Rotterdam,Chennai Port,6964.96,15,Medium,49
3bc42e89-7f27-4b75-8159-8ac155d483a7,Amsterdam,Shanghai,Netherlands,China,Port of Rotterdam,Ningbo-Zhoushan,6400.07,10,Medium,61
dc5b315d-796a-4558-8ddf-a6d4fb10fd10,Houston,Felixstowe,United States,United Kingdom,Port Houston,Port of Felixstowe,2035.41,6,Medium,64
2dd5267e-fc25-44cf-9218-fa769547974e,Amsterdam,Incheon,Netherlands,South Korea,Port of Rotterdam,Port of Busan,3133.18,6,Low,36
1ac7f7d9-6a4a-4f1f-a4d0-b1fc7fd614f9,Felixstowe,Singapore,United Kingdom,Singapore,London Gateway,Port of Singapore,4456.22,6,High,81
fdc4c546-fb95-43c2-9785-03dfc48eadbd,Guangzhou,Ningbo,China,China,Shanghai Port,Shenzhen Port,483.78,4,Low,27
907a997f-1731-4fc9-a130-548f4720938e,Felixstowe,Los Angeles,United Kingdom,United States,Port of Felixstowe,Port Houston,5683.58,11,Low,38
27aca95a-d7ba-45b6-8472-8e55cbac44fb,Osaka,Singapore,Japan,Singapore,Port of Yokohama,Port of Singapore,2619.64,5,Medium,61
fa8b56f5-ffdd-4dc4-a578-8c6f87b288c5,Felixstowe,Hamburg,United Kingdom,Germany,London Gateway,Port of Hamburg,8886.67,16,Medium,52
1d386345-4d68-4dd5-9ca1-d8340701a1a5,Abu Dhabi,Rotterdam,UAE,Netherlands,Jebel Ali,Port of Rotterdam,11175.06,19,Low,15
1650b023-6f09-4383-b127-c57e44b55a3d,Yokohama,Tokyo,Japan,Japan,Port of Yokohama,Port of Yokohama,413.81,1,High,80
1a4b579c-e9a5-4360-a8e3-869af056d03c,Shenzhen,Bengaluru,China,India,Ningbo-Zhoushan,Chennai Port,6627.32,11,Medium,37
2e43c7eb-9eca-4be8-99fb-9525c104ad61,Amsterdam,Sharjah,Netherlands,UAE,Port of Rotterdam,Khalifa Port,6546.35,14,Low,29
05dc5268-71b7-475d-937d-01e24f6e1754,Hamburg,Sharjah,Germany,UAE,Bremerhaven,Khalifa Port,6230.64,10,Medium,54
6ea2d4b9-ba9b-44e3-99b3-7ea72eea4eb1,Tokyo,Dubai,Japan,UAE,Port of Yokohama,Jebel Ali,4339.41,9,High,77
44f1ef5a-b5e4-4e8b-991c-3873cb712a06,Mumbai,Dubai,India,UAE,Kolkata Port,Jebel Ali,873.43,5,Low,23
e5925be1-ba83-4a13-b625-667e7ad7e18f,Sharjah,Felixstowe,UAE,United Kingdom,Khalifa Port,London Gateway,3177.76,7,High,81
d9b923b6-624c-4653-9047-dd653e14fd56,Tokyo,Singapore,Japan,Singapore,Port of Osaka,Port of Singapore,5207.87,9,Low,22
9891df3e-fb6a-43c5-ac99-881d4f2bd3f9,Shanghai,London,China,United Kingdom,Shenzhen Port,Port of Felixstowe,3004.44,8,Medium,67
ef3c3752-f0d6-4c51-a91a-be71ea54e40f,Rotterdam,Frankfurt,Netherlands,Germany,Port of Rotterdam,Bremerhaven,4227.14,9,Low,20
5def7b95-c4f6-4d8c-b31d-3ebb1183e5ba,Rotterdam,Hamburg,Netherlands,Germany,Port of Rotterdam,Bremerhaven,9080.2,17,Medium,65
0195020d-c964-44ac-8720-ae19f9578e5c,Hyderabad,Yokohama,India,Japan,Nhava Sheva,Port of Osaka,12457.78,31,Critical,91
0e1a06f9-f7b9-4ab2-ab9d-c5d835cb5041,Manchester,Tokyo,United Kingdom,Japan,Port of Felixstowe,Port of Yokohama,682.49,5,Low,22
15ac36b7-d2b6-4000-aad0-732a289c700a,Singapore,Abu Dhabi,Singapore,UAE,Port of Singapore,Khalifa Port,1058.17,5,Low,34
a784c3e6-f743-47ea-8bc3-9fc4a30d8dd9,Frankfurt,Amsterdam,Germany,Netherlands,Bremerhaven,Port of Rotterdam,2326.96,6,High,77
14051530-9cf0-41cc-8399-5868a7882f25,Yokohama,Singapore,Japan,Singapore,Port of Yokohama,Port of Singapore,7746.42,13,High,87
da64e09f-1178-49ce-bf14-e40a9e3a06da,Ahmedabad,Manchester,India,United Kingdom,Mundra Port,Port of Felixstowe,1846.03,4,Medium,46
8a164c7f-0bb0-477c-b86d-0407470c2bf0,Amsterdam,Mumbai,Netherlands,India,Port of Rotterdam,Nhava Sheva,4481.93,7,Medium,40
b647315d-4fe2-4bee-92bf-9b76184d6030,Singapore,Dubai,Singapore,UAE,Port of Singapore,Jebel Ali,1267.71,5,Low,44
a4c5da70-31f1-4304-aac7-19f74688de95,Rotterdam,Chennai,Netherlands,India,Port of Rotterdam,Chennai Port,482.06,5,Medium,64
00972a48-b26f-4feb-8bbf-2d06e4fa1133,Hyderabad,Dubai,India,UAE,Mundra Port,Khalifa Port,11939.49,16,Low,24
3e373df2-96d1-4d9c-969d-06b5c7931275,Guangzhou,Chicago,China,United States,Ningbo-Zhoushan,Port of LA,5308.05,11,High,65
62f9ef19-72e2-4aef-8831-0d5f8af02943,Incheon,Singapore,South Korea,Singapore,Port of Busan,Port of Singapore,6391.72,12,Low,21
7194c970-9702-48cc-9dde-276da7a768e3,Ahmedabad,Busan,India,South Korea,Nhava Sheva,Port of Busan,4895.42,8,High,80
2a9176c7-fe0a-4c84-ab93-e054eb447447,Bremen,Seoul,Germany,South Korea,Port of Hamburg,Port of Busan,6343.04,13,Medium,38
1685b44e-5c42-4287-bc93-82b48f27347b,Houston,Amsterdam,United States,Netherlands,Port Houston,Port of Rotterdam,324.9,4,Low,33
95169d61-9b7d-4d6f-8f7f-adc287924934,Guangzhou,Felixstowe,China,United Kingdom,Ningbo-Zhoushan,Port of Felixstowe,8548.1,21,Low,37
8d811ba8-80b1-4f62-ab5f-0e3688981c0b,Hyderabad,Frankfurt,India,Germany,Kolkata Port,Port of Hamburg,6357.5,13,Low,33
580e0a7c-4772-40eb-9df5-127250884229,Singapore,Incheon,Singapore,South Korea,Port of Singapore,Port of Busan,5221.14,6,Medium,59
e741a8df-c431-4079-92b3-a6e19c426709,Singapore,New York,Singapore,United States,Port of Singapore,Port Newark,11647.8,27,Medium,48
3199e417-5f33-492f-80e8-f032a5e1c7e3,London,Singapore,United Kingdom,Singapore,Port of Felixstowe,Port of Singapore,5990.48,8,Low,39
73943b91-4883-4c6c-b630-3069c0b1ed83,Hamburg,Busan,Germany,South Korea,Bremerhaven,Incheon Port,9492.78,18,Medium,68
452b48f6-a710-43ac-9fec-ae3d66125af7,Hyderabad,Amsterdam,India,Netherlands,Chennai Port,Port of Rotterdam,5332.02,14,Medium,67
ccfcfd92-e46f-45a4-b17e-dfa72f0a0dca,Chicago,Seoul,United States,South Korea,Port Houston,Incheon Port,8452.54,16,Medium,56
4cbce6b5-692b-40fc-ad30-925b67fe7a3a,Amsterdam,Dubai,Netherlands,UAE,Port of Rotterdam,Khalifa Port,10317.03,19,Medium,62
c4dc77e0-9287-4d84-80ad-aa1546e6ddbc,Chicago,Singapore,United States,Singapore,Port Houston,Port of Singapore,2991.31,5,Medium,60
299fb256-e3fd-4257-a4ff-0b6300c32b9d,London,Bremen,United Kingdom,Germany,Port of Felixstowe,Bremerhaven,9629.17,12,Low,43
9bf49a05-efe0-425e-bf75-f4a30c5e8895,Seoul,Los Angeles,South Korea,United States,Incheon Port,Port Newark,8944.79,13,Low,40
0867749d-4f87-4f2f-ab9f-68ebe5de607d,Seoul,Dubai,South Korea,UAE,Port of Busan,Khalifa Port,2334.2,4,Critical,92
daf1eb50-ed8f-4be7-a5ed-3e84d49d411a,Shanghai,Osaka,China,Japan,Ningbo-Zhoushan,Port of Osaka,12226.65,21,Low,19
50b30b6c-4015-40a4-96df-9fa11dff2343,Yokohama,Bremen,Japan,Germany,Port of Osaka,Bremerhaven,1033.13,4,Low,35
1c6db822-b495-4959-83ea-ed4a6fbdc584,Dubai,Busan,UAE,South Korea,Khalifa Port,Incheon Port,6524.4,12,Low,26
61346859-d8fd-400b-9e0f-ca53ca5fea09,Sharjah,Abu Dhabi,UAE,UAE,Khalifa Port,Khalifa Port,2270.08,8,Medium,63
225ed563-1539-4246-8ee7-702f95708ca3,Seoul,Frankfurt,South Korea,Germany,Incheon Port,Bremerhaven,2965.03,5,Medium,54
a531be7d-3c4a-4770-89db-8c1459f6cf81,London,Houston,United Kingdom,United States,London Gateway,Port of LA,8929.03,13,Low,41
40a78399-9eab-4fae-9b87-3c77e6c5b157,Frankfurt,Seoul,Germany,South Korea,Port of Hamburg,Incheon Port,6532.03,9,Medium,46
93941b6b-1b17-4163-8b80-dd8ef73c9c54,Singapore,Hamburg,Singapore,Germany,Port of Singapore,Bremerhaven,2103.16,6,Low,35
f0e613a7-b158-44df-9999-a1151c65085a,Singapore,Yokohama,Singapore,Japan,Port of Singapore,Port of Osaka,3140.78,6,Medium,38
5119cf66-9a48-458d-9cc9-f2afaf77e2af,Yokohama,Manchester,Japan,United Kingdom,Port of Yokohama,London Gateway,11515.82,18,Low,38
1674194c-f28a-4046-af87-be371ba1ec32,Dubai,Kolkata,UAE,India,Jebel Ali,Chennai Port,2759.89,8,Medium,58
d2c14dc9-c61c-479b-a0e3-cd78f4cce960,Los Angeles,Singapore,United States,Singapore,Port of LA,Port of Singapore,1851.0,4,Low,19
dad50f4d-906b-4615-b5f2-ac2fb2c7e72c,Frankfurt,Los Angeles,Germany,United States,Bremerhaven,Port of LA,9923.91,18,Medium,36
6faab487-3643-4090-8d13-1a56fd43de84,Singapore,Manchester,Singapore,United Kingdom,Port of Singapore,London Gateway,3277.97,6,Medium,63
c1b66e7c-575f-42ec-9c33-c762c5771a7a,Amsterdam,Abu Dhabi,Netherlands,UAE,Port of Rotterdam,Khalifa Port,6681.73,13,High,75
5fc22ca5-37a6-443f-aa4c-8cb9e9244fd5,Hamburg,Busan,Germany,South Korea,Port of Hamburg,Port of Busan,10511.45,22,High,73
4c22c013-2b4b-413b-9288-392bbd07343a,Shenzhen,Dubai,China,UAE,Ningbo-Zhoushan,Jebel Ali,3762.27,12,Low,32
2848f33f-5a7e-46ba-8c68-15eaea4ee0b2,Rotterdam,Guangzhou,Netherlands,China,Port of Rotterdam,Ningbo-Zhoushan,10704.7,21,Low,21
b9bef1ad-d0b2-42ea-a967-0c6a4171ec09,Chennai,Busan,India,South Korea,Kolkata Port,Port of Busan,11269.46,16,Medium,63
05ef8c63-1ab2-465d-b476-52ea969e9660,Amsterdam,Incheon,Netherlands,South Korea,Port of Rotterdam,Port of Busan,6428.2,13,Low,32
f95806f5-c13a-4414-8040-5511733889ea,Yokohama,Seoul,Japan,South Korea,Port of Yokohama,Port of Busan,1710.95,6,Medium,46
72c042d7-d080-413c-9a10-68499a213deb,Ningbo,Busan,China,South Korea,Ningbo-Zhoushan,Incheon Port,10304.81,23,Medium,50
5336c482-afca-440e-8e2e-d5404a0aea9b,Rotterdam,Singapore,Netherlands,Singapore,Port of Rotterdam,Port of Singapore,9127.35,22,Critical,86
79abad27-17c8-4899-a50d-7826b8117d07,London,Singapore,United Kingdom,Singapore,Port of Felixstowe,Port of Singapore,9408.63,19,High,73
fd1b3a0c-17e5-486b-8d47-1748ea8f198f,Amsterdam,Osaka,Netherlands,Japan,Port of Rotterdam,Port of Osaka,2343.05,6,Low,40
dea4ba49-fe5c-453f-97f0-070868a51e1b,Amsterdam,Chicago,Netherlands,United States,Port of Rotterdam,Port Newark,9325.38,15,Critical,82
f1f3d405-f3e2-49bc-880d-05172949b8ef,Manchester,Frankfurt,United Kingdom,Germany,London Gateway,Port of Hamburg,4095.3,11,Critical,93
a5425a3b-e5c5-408a-96f9-25f3d2c65cc5,Osaka,Sharjah,Japan,UAE,Port of Osaka,Khalifa Port,11096.28,19,Medium,51
f279c3f1-395d-496f-8a08-289652015dbf,Dubai,Singapore,UAE,Singapore,Jebel Ali,Port of Singapore,8173.92,13,Medium,67
501bf54d-78e4-498c-897e-af5072c02d5a,Shenzhen,Rotterdam,China,Netherlands,Shanghai Port,Port of Rotterdam,11261.15,19,Medium,35
b9ac16f7-eada-4e48-8ea0-2cd48935f009,Houston,London,United States,United Kingdom,Port of LA,London Gateway,10846.63,16,Low,27
1f15a488-cc35-449c-bd72-99b992bf54f9,Chennai,Felixstowe,India,United Kingdom,Nhava Sheva,London Gateway,1670.83,4,Medium,39
3cd67c4c-6479-4e82-9275-18d0b945e673,Busan,Los Angeles,South Korea,United States,Incheon Port,Port Newark,4748.46,10,High,67
54f25180-ef68-443f-95cd-2d0fd15abfbd,Felixstowe,Osaka,United Kingdom,Japan,Port of Felixstowe,Port of Yokohama,8048.37,13,Low,39
daf63cb3-197d-4e92-95f8-ade038997f35,Singapore,New York,Singapore,United States,Port of Singapore,Port Houston,9478.88,18,Low,28
8364341d-091a-4b07-bd92-b6f49523308d,Rotterdam,Amsterdam,Netherlands,Netherlands,Port of Rotterdam,Port of Rotterdam,2293.19,4,Low,18
fb1a0e84-2677-4509-a4b7-8f6f4e050ca1,Ahmedabad,Felixstowe,India,United Kingdom,Nhava Sheva,Port of Felixstowe,264.07,2,Low,31
4e1e7ed3-181a-4109-a91b-e86f33599551,Mumbai,Shanghai,India,China,Nhava Sheva,Ningbo-Zhoushan,8326.34,12,Medium,68
77c8ec3c-f37e-4126-91ca-7e281bbed925,Incheon,Amsterdam,South Korea,Netherlands,Port of Busan,Port of Rotterdam,5257.19,12,Low,31
01ba762c-45d1-4cdf-8343-bc91d866305e,Sharjah,Yokohama,UAE,Japan,Khalifa Port,Port of Yokohama,3010.78,10,High,61
42f7d158-dd90-4ecd-a23b-1b2f4c6bcf0e,Bremen,Seoul,Germany,South Korea,Port of Hamburg,Port of Busan,5138.0,12,Medium,37
f0f65a12-c028-4b20-92d5-21d5445f2c50,Singapore,Incheon,Singapore,South Korea,Port of Singapore,Incheon Port,4467.0,8,High,64
03b99f44-02be-4d0e-9a00-eb987a6e1ca7,Incheon,Rotterdam,South Korea,Netherlands,Port of Busan,Port of Rotterdam,9580.07,23,High,75
ba9bd223-aa09-44e5-9fdd-853f5c940ba6,Chennai,Kolkata,India,India,Nhava Sheva,Nhava Sheva,2281.17,5,Medium,68
27d81513-5228-4117-945f-4f97b9d3d3d5,Houston,Osaka,United States,Japan,Port of LA,Port of Yokohama,1322.99,5,High,84
6f8777b8-771b-46c5-bf30-fb7f4d9e461d,Singapore,Tokyo,Singapore,Japan,Port of Singapore,Port of Yokohama,10939.64,24,Medium,66
395ba0f4-9dee-44de-bb24-d0e2b47f502a,Los Angeles,Singapore,United States,Singapore,Port Houston,Port of Singapore,11139.05,21,High,75
d2bf357b-e123-4ee3-ae06-676a79bcfb26,Seoul,Busan,South Korea,South Korea,Incheon Port,Port of Busan,276.01,4,Low,30
e0885f6d-7555-40a9-b6d2-5a226101e2d6,London,Chicago,United Kingdom,United States,London Gateway,Port Houston,7125.24,12,Medium,55
3455d976-caad-4383-8a6a-e0bef7bb885a,Hyderabad,Los Angeles,India,United States,Chennai Port,Port Houston,11823.86,28,Medium,47
ff18a5a9-2d34-4239-b227-22c25c824399,Dubai,Busan,UAE,South Korea,Jebel Ali,Port of Busan,12432.25,22,Low,20
9c142111-71bb-409c-ba9d-a83f5156c3f3,Busan,Singapore,South Korea,Singapore,Port of Busan,Port of Singapore,8317.6,14,Medium,40
92e9d5c5-b796-4ff5-8637-6fd2da777321,Yokohama,Dubai,Japan,UAE,Port of Yokohama,Jebel Ali,5914.76,10,Low,26
3aca87c5-b137-48cd-abe5-b75748512158,Singapore,Tokyo,Singapore,Japan,Port of Singapore,Port of Osaka,627.15,6,High,68
758c1da9-bf28-4b53-953e-6b424e867fc6,Osaka,Felixstowe,Japan,United Kingdom,Port of Yokohama,Port of Felixstowe,7684.97,17,Medium,37
76288964-4d57-4a60-9698-068258e1fa62,Felixstowe,Rotterdam,United Kingdom,Netherlands,Port of Felixstowe,Port of Rotterdam,8358.86,16,Low,42
15f5fad6-a25d-4043-ae3d-a39941f9082d,Los Angeles,Sharjah,United States,UAE,Port Houston,Khalifa Port,1276.8,6,Medium,64
077eaa72-2377-4f28-83b5-1bdee77d43ac,Singapore,Houston,Singapore,United States,Port of Singapore,Port Houston,598.16,4,Medium,58
f7264cf6-3f75-4933-b0ba-00780196004d,Manchester,Singapore,United Kingdom,Singapore,London Gateway,Port of Singapore,10877.3,15,Low,44
5ee0eeb9-c1ab-4793-81b5-4e2b6090e56a,Delhi,Dubai,India,UAE,Nhava Sheva,Jebel Ali,3980.86,6,Medium,58
41d77d96-a69a-4300-bbde-1c2bc46a97fd,Busan,Singapore,South Korea,Singapore,Port of Busan,Port of Singapore,1013.97,4,Low,35
de88d1df-060b-4515-913d-94dfd5185a08,Amsterdam,Incheon,Netherlands,South Korea,Port of Rotterdam,Incheon Port,1255.4,2,Low,41
18e9acac-f0a4-4a20-8ace-c1550828b44f,Chennai,Bremen,India,Germany,Chennai Port,Bremerhaven,8881.5,16,Low,39
e7ac2e88-a207-4d1b-99f8-e53791a56bcc,Busan,Osaka,South Korea,Japan,Incheon Port,Port of Osaka,9102.22,15,Medium,41
10fca928-04e3-4210-9fd5-8baa41da259c,Busan,Amsterdam,South Korea,Netherlands,Incheon Port,Port of Rotterdam,8313.04,19,Medium,41
d7b0697f-88d8-43e8-8438-cac901d1b8df,Amsterdam,Bremen,Netherlands,Germany,Port of Rotterdam,Bremerhaven,2545.53,7,Medium,59
67f88e57-6a41-4160-93a2-120648ef5fec,Mumbai,Tokyo,India,Japan,Nhava Sheva,Port of Yokohama,6459.85,13,Medium,56
fe51352a-1a6d-49c7-9eb5-dbd7aac05c2a,Abu Dhabi,Seoul,UAE,South Korea,Khalifa Port,Incheon Port,7433.62,12,High,71
d851e7e5-bccb-45a9-981b-fd2ba7ef4848,Singapore,Delhi,Singapore,India,Port of Singapore,Nhava Sheva,831.56,3,High,70
6bcfba85-81b0-4183-9a51-502a2378801c,Manchester,Osaka,United Kingdom,Japan,Port of Felixstowe,Port of Yokohama,9515.0,16,High,71
c12ba73e-4f43-46be-9c90-f8f7a0fe770d,Hyderabad,Guangzhou,India,China,Nhava Sheva,Shenzhen Port,608.59,2,Medium,41
93cc9fb8-2097-4c09-9191-aedc20387797,Seoul,Abu Dhabi,South Korea,UAE,Port of Busan,Khalifa Port,9077.1,14,Low,31
72d7c918-e680-4296-910a-3ecf221291fe,Frankfurt,Shenzhen,Germany,China,Bremerhaven,Shanghai Port,9528.33,22,Medium,44
43eafeea-f4b8-4327-8a51-f2c047496a0c,Amsterdam,New York,Netherlands,United States,Port of Rotterdam,Port Houston,3210.14,6,Low,19
0e871d85-e5b7-41ae-97f2-f1d17f62a122,Singapore,Mumbai,Singapore,India,Port of Singapore,Mundra Port,690.64,3,Critical,90
d1de2aab-3125-457b-beb0-4c0421dda26b,Singapore,Seoul,Singapore,South Korea,Port of Singapore,Incheon Port,12005.16,29,Medium,54
b237b842-0fc7-47b9-a157-3a905fa685fe,Amsterdam,Shenzhen,Netherlands,China,Port of Rotterdam,Shanghai Port,9030.74,20,Medium,52
6162ba33-8b14-4a21-962a-340e9423b276,Singapore,Bremen,Singapore,Germany,Port of Singapore,Bremerhaven,10183.27,20,Low,28
aa873375-1f10-4cec-827d-64fc3208412d,Abu Dhabi,Hamburg,UAE,Germany,Khalifa Port,Bremerhaven,10233.59,18,Medium,67
2e183ba8-9920-4bdb-96e9-3a954619b34d,Hamburg,Singapore,Germany,Singapore,Port of Hamburg,Port of Singapore,549.26,2,Low,27
b04d7382-18ba-404a-af2f-db8ad6fcb9b0,Amsterdam,Singapore,Netherlands,Singapore,Port of Rotterdam,Port of Singapore,6669.95,12,Low,27
2a1a693f-af12-4c4e-9db2-f6f825b8197c,Singapore,Hyderabad,Singapore,India,Port of Singapore,Kolkata Port,7817.47,18,Medium,59
1a2fa8b7-2810-4ec9-ac35-076034f80c58,Tokyo,Ahmedabad,Japan,India,Port of Yokohama,Nhava Sheva,4567.73,9,High,74
538ddef3-6904-45f0-bdf7-124759f837b6,Singapore,Chicago,Singapore,United States,Port of Singapore,Port Houston,8839.47,21,Medium,44
2e9f0940-517f-4e17-8bcb-4b2810964fa1,Osaka,Houston,Japan,United States,Port of Osaka,Port Houston,8459.56,15,Low,38
ae43747d-890a-4bfa-b4c1-1ae1f780061b,London,Shenzhen,United Kingdom,China,Port of Felixstowe,Shenzhen Port,6843.47,14,Low,37
f7189a50-87f9-491f-80c8-4e5624b7c527,Yokohama,Los Angeles,Japan,United States,Port of Osaka,Port of LA,8011.7,14,High,74
d43f447b-70ea-4559-b565-bc7b5d4e96e2,Tokyo,Felixstowe,Japan,United Kingdom,Port of Osaka,Port of Felixstowe,2258.13,8,Medium,54
bd1cb21c-5914-46c5-8894-c5b2a698bc34,Seoul,Shanghai,South Korea,China,Incheon Port,Shenzhen Port,10566.57,23,Low,36
ba2451b7-03ed-478d-bd68-8140a1b9d281,London,Seoul,United Kingdom,South Korea,Port of Felixstowe,Incheon Port,7236.39,10,High,66
4f165d4e-21cc-49f0-813e-d6214405388f,Rotterdam,Busan,Netherlands,South Korea,Port of Rotterdam,Incheon Port,11704.83,23,High,88
5b073d46-4819-4c12-ac11-d8c441e2e8a3,Seoul,Shanghai,South Korea,China,Incheon Port,Shanghai Port,866.24,6,High,79
9fb074be-9d1f-47e6-b784-a4e20dd59f50,Dubai,London,UAE,United Kingdom,Jebel Ali,Port of Felixstowe,1028.59,5,Low,39
d510b46a-f046-4153-8cdc-7ec84599dab3,Felixstowe,Amsterdam,United Kingdom,Netherlands,Port of Felixstowe,Port of Rotterdam,441.41,1,Low,20
a39afdde-f59a-4fa8-934b-15f7c72b4b6e,Singapore,Busan,Singapore,South Korea,Port of Singapore,Port of Busan,1144.52,3,Low,31
ad9529d5-eef0-47c8-9696-d6fa985727e1,Shenzhen,Chicago,China,United States,Shenzhen Port,Port of LA,5366.98,12,Critical,90
c0f21ad1-5e23-41d9-8391-19a5cb46345a,Chicago,London,United States,United Kingdom,Port Newark,Port of Felixstowe,12392.69,16,Low,18
d0eaa071-071f-4cb2-aa6e-1339273945f5,Felixstowe,Manchester,United Kingdom,United Kingdom,London Gateway,London Gateway,1376.87,7,High,68
819fc592-c0a6-4737-915d-bf020935bb22,Shanghai,Singapore,China,Singapore,Shenzhen Port,Port of Singapore,9671.09,17,Medium,63
85a092c3-c578-4161-adaf-f54628303ede,Hamburg,Ahmedabad,Germany,India,Bremerhaven,Kolkata Port,5443.44,10,Low,44
065e4640-d409-44eb-8cf1-dbade2a10d7a,Frankfurt,Shenzhen,Germany,China,Bremerhaven,Shanghai Port,1499.15,6,Medium,45
9264c905-0fdd-4d01-a2f5-d07407480503,New York,Manchester,United States,United Kingdom,Port Newark,Port of Felixstowe,8121.58,16,Low,26
a0e1ce2d-b770-4075-b323-283945ba891c,Singapore,Seoul,Singapore,South Korea,Port of Singapore,Port of Busan,9027.32,14,Low,44
e0270858-0929-4a0a-a151-ac28bd07421c,Osaka,London,Japan,United Kingdom,Port of Osaka,London Gateway,10265.72,22,High,60
b201a553-6f7c-41d1-942b-8d17a4204dae,Abu Dhabi,Sharjah,UAE,UAE,Khalifa Port,Khalifa Port,1704.76,5,Low,43
6b5b0244-da82-48e3-a83b-4daf406f146e,Singapore,Tokyo,Singapore,Japan,Port of Singapore,Port of Yokohama,4414.66,10,Low,16
5bf36edb-9bb6-4614-a6b7-57a24487da75,Busan,Felixstowe,South Korea,United Kingdom,Incheon Port,Port of Felixstowe,6738.92,12,Medium,44
6fd7e4aa-b427-4ed1-9597-55a33e98eb75,Kolkata,Hyderabad,India,India,Mundra Port,Chennai Port,210.78,2,Medium,57
f6ece48c-e2ab-482b-9e24-9722f5c1c0ce,London,Busan,United Kingdom,South Korea,London Gateway,Incheon Port,6928.16,11,Low,42
82b77aa7-3666-4091-865c-9fa8836f4b99,Hyderabad,Hamburg,India,Germany,Kolkata Port,Bremerhaven,3923.77,5,Medium,67
b410a5b1-a566-4d08-b686-bb079dab7867,Ningbo,Sharjah,China,UAE,Shenzhen Port,Jebel Ali,7335.91,16,Low,34
952de75d-f5c8-4d63-90ed-52d1c3ce1a67,New York,Rotterdam,United States,Netherlands,Port Houston,Port of Rotterdam,10525.21,27,High,72
130cf530-10df-42e4-9f88-dc17323ea8dc,Felixstowe,Tokyo,United Kingdom,Japan,Port of Felixstowe,Port of Yokohama,794.9,5,Medium,41
1c39fb0a-a70b-4e2d-ae0e-bc226b3913fc,Singapore,Incheon,Singapore,South Korea,Port of Singapore,Incheon Port,5978.44,8,Low,26
39f20f2c-2ff5-4cc1-ac31-c2700c884bea,Frankfurt,Singapore,Germany,Singapore,Port of Hamburg,Port of Singapore,9914.8,16,Medium,55
45a361bd-5ca9-407b-a024-2168fa465282,Amsterdam,Hamburg,Netherlands,Germany,Port of Rotterdam,Bremerhaven,11060.32,18,Low,19
4adf517f-45e9-4ec5-8725-0614d9a988cc,London,Incheon,United Kingdom,South Korea,London Gateway,Incheon Port,9115.77,15,Medium,67
f254cb33-fbe0-463a-b9fc-b8c16981bdb6,Tokyo,Bremen,Japan,Germany,Port of Osaka,Port of Hamburg,11847.38,21,Medium,36
7f63bd42-a7ba-4b83-87e5-35fdeff0e2e9,New York,Delhi,United States,India,Port Houston,Chennai Port,6256.15,9,Low,26
d176175b-ab36-4d4f-b389-c2950f098e04,Tokyo,London,Japan,United Kingdom,Port of Osaka,London Gateway,12378.95,19,Low,37
45cbdf7c-c569-48a9-b42e-8f00d3d4e116,Singapore,Manchester,Singapore,United Kingdom,Port of Singapore,Port of Felixstowe,10564.14,15,Medium,42
c4176068-ab75-40bb-9723-328665ef8858,London,Felixstowe,United Kingdom,United Kingdom,London Gateway,Port of Felixstowe,2358.58,9,Low,22
c877ff99-b792-40a8-99a9-5377e670801c,Busan,Rotterdam,South Korea,Netherlands,Port of Busan,Port of Rotterdam,7418.87,10,Medium,54
94b4ba80-88e7-48fb-bd30-3e023b3b00f8,Abu Dhabi,Seoul,UAE,South Korea,Jebel Ali,Incheon Port,1365.51,3,Low,15
26522c60-c51b-4bde-8498-34051892233a,Amsterdam,Houston,Netherlands,United States,Port of Rotterdam,Port Newark,2251.21,7,Low,29
112c194b-48a6-4d5a-aa4e-c9e6c480381a,Singapore,Felixstowe,Singapore,United Kingdom,Port of Singapore,Port of Felixstowe,1355.76,4,Medium,41
fb1b7125-3811-416a-a020-0080e54f7496,Ningbo,Seoul,China,South Korea,Shenzhen Port,Incheon Port,3508.4,10,Low,35
3626b8b7-e5c0-4319-bb6c-426fb4229094,Hamburg,Rotterdam,Germany,Netherlands,Bremerhaven,Port of Rotterdam,7397.73,17,Medium,47
84bd20b6-44b9-49ff-8b0a-aa2f2343671d,Singapore,Dubai,Singapore,UAE,Port of Singapore,Jebel Ali,11627.0,24,Low,41
65a955a4-092a-4f05-8b6c-10824d13a857,Seoul,Dubai,South Korea,UAE,Incheon Port,Jebel Ali,5960.56,14,High,69
58eb5a62-42d7-4ca0-9049-8bcabf9fa786,Bremen,Incheon,Germany,South Korea,Bremerhaven,Port of Busan,5778.09,13,High,72
2539c754-59fb-4b7d-bf18-7d6f6c5821fa,Osaka,Houston,Japan,United States,Port of Osaka,Port of LA,2322.12,6,Medium,48
137986bf-2d47-4fb4-85a2-1e36a6b634f3,Singapore,Amsterdam,Singapore,Netherlands,Port of Singapore,Port of Rotterdam,11490.26,20,High,79
a5fc4a6a-cd5b-479f-ab84-3d4a11287b70,Ahmedabad,Bremen,India,Germany,Chennai Port,Port of Hamburg,11498.78,21,Low,32
f596e1be-1301-4921-8f82-87301dc8e28e,Houston,Shenzhen,United States,China,Port of LA,Shenzhen Port,9386.79,20,Medium,57
c5d1c163-5c55-48fe-8cf8-d9b148df487d,Osaka,Hamburg,Japan,Germany,Port of Osaka,Port of Hamburg,8441.76,11,High,71
35caa95b-7312-415f-a6bd-2419a1d108e8,Dubai,Manchester,UAE,United Kingdom,Jebel Ali,London Gateway,8574.97,12,Low,42
dc36e0b0-00a3-4dd6-81d8-6a71ce0babf9,Amsterdam,Frankfurt,Netherlands,Germany,Port of Rotterdam,Bremerhaven,5627.72,10,Low,24
1572c6df-6408-42eb-8630-a10706690d9d,Rotterdam,Abu Dhabi,Netherlands,UAE,Port of Rotterdam,Jebel Ali,7734.8,16,Medium,41
4bdbac5d-7247-490a-80c0-653356754df2,Yokohama,Dubai,Japan,UAE,Port of Osaka,Khalifa Port,12279.89,16,Low,33
a9045062-69bc-4c5d-a68a-1821672ec2a0,Sharjah,Yokohama,UAE,Japan,Khalifa Port,Port of Yokohama,10378.48,17,High,74
cdeb4d04-7bab-42a6-9410-d43e58ff7152,Osaka,Chicago,Japan,United States,Port of Yokohama,Port of LA,8042.1,19,High,67
32983469-72a2-48dc-a4cc-b5a490bf052e,Sharjah,Amsterdam,UAE,Netherlands,Khalifa Port,Port of Rotterdam,2364.99,6,High,81
e36b0ec9-d8ec-4a4d-a3dd-276b49ce296c,Abu Dhabi,Incheon,UAE,South Korea,Khalifa Port,Port of Busan,9233.83,14,Medium,51
6201ea35-7378-41e6-8da1-f00f4786143a,Kolkata,Abu Dhabi,India,UAE,Nhava Sheva,Khalifa Port,8115.58,17,Medium,42
ba12b379-84ab-4c95-888d-0bfca77530b1,Manchester,Amsterdam,United Kingdom,Netherlands,London Gateway,Port of Rotterdam,10454.21,13,High,67
6745edb9-988e-4d27-819e-828c81af8f0d,Seoul,Shenzhen,South Korea,China,Incheon Port,Shanghai Port,10641.65,18,Medium,38
c827c97e-892a-439c-9403-81d22e74107d,Busan,Ningbo,South Korea,China,Incheon Port,Ningbo-Zhoushan,12170.45,24,Low,45
d0448ee1-a31a-4535-80e5-2d351783e010,Chicago,Incheon,United States,South Korea,Port of LA,Port of Busan,8055.26,14,Medium,52
387b2848-9961-4764-99b1-c20bd973ce64,Busan,Hyderabad,South Korea,India,Incheon Port,Mundra Port,8294.85,17,Critical,82
23eba76b-63dd-47bd-99f8-015b443a9f58,Abu Dhabi,Delhi,UAE,India,Jebel Ali,Kolkata Port,9322.09,24,Low,29
8dc38400-6e16-493e-a83b-199fe3f11dba,Hamburg,Singapore,Germany,Singapore,Bremerhaven,Port of Singapore,6530.3,9,Low,17
622d2b30-b07b-402f-a269-cbba95fd132a,Houston,Osaka,United States,Japan,Port Newark,Port of Yokohama,6532.47,13,Medium,67
af78eb57-9aff-4175-9dd4-30d023e053d8,Abu Dhabi,Incheon,UAE,South Korea,Jebel Ali,Incheon Port,1520.41,4,Low,20
9f7249df-732f-4753-86f0-bce7f72352de,Sharjah,Singapore,UAE,Singapore,Khalifa Port,Port of Singapore,5724.66,11,Low,45
cdec20c5-e637-46d7-8b3a-03ab98b0187b,Osaka,Hyderabad,Japan,India,Port of Yokohama,Nhava Sheva,8013.54,13,Low,42
89d3d3d1-48f5-4799-a204-949d41b09536,Ningbo,Shenzhen,China,China,Shanghai Port,Ningbo-Zhoushan,277.46,5,Medium,54
a8041acb-e978-4a23-a0a3-a4a0a2cb9fa9,Chicago,Tokyo,United States,Japan,Port Houston,Port of Osaka,6042.74,14,Low,41
fbdefd26-8b45-404c-81bf-129c28d91690,Osaka,Dubai,Japan,UAE,Port of Osaka,Jebel Ali,4889.44,9,Medium,38
53809903-5865-40d4-8747-93ab6c4d1462,Houston,Amsterdam,United States,Netherlands,Port Houston,Port of Rotterdam,4523.55,7,Medium,44
1df17630-1009-46e9-8a13-d14a69e03f1e,Kolkata,Tokyo,India,Japan,Chennai Port,Port of Yokohama,3437.76,8,Low,31
457891a1-fb6f-4265-9b6f-83643e2d2002,Singapore,Chicago,Singapore,United States,Port of Singapore,Port Newark,6891.88,14,Low,16
5a73ca4a-6f45-4f29-8982-e91a7bbd99cc,Shenzhen,Rotterdam,China,Netherlands,Shanghai Port,Port of Rotterdam,5747.61,10,Medium,48
e564ea3a-94f0-4554-aae8-fcb60d2e9c6c,Bremen,Felixstowe,Germany,United Kingdom,Port of Hamburg,London Gateway,7002.1,11,Low,40
2f80d618-bb55-47ba-a2d0-7ce69b6c0f8e,Rotterdam,Manchester,Netherlands,United Kingdom,Port of Rotterdam,Port of Felixstowe,5242.74,8,High,65
8fac1c2f-48c2-4379-9ec7-df510f555e8b,Amsterdam,Tokyo,Netherlands,Japan,Port of Rotterdam,Port of Yokohama,3214.82,6,Low,30
6c0f6d67-6a4f-4927-abb8-0e1806386ed4,Hamburg,Shenzhen,Germany,China,Bremerhaven,Ningbo-Zhoushan,9115.26,13,High,67
b42dfef8-dc15-44b6-a43b-1309114ebb07,Amsterdam,Rotterdam,Netherlands,Netherlands,Port of Rotterdam,Port of Rotterdam,1738.98,6,Low,25
d77cd0d6-8e48-453d-b11a-ad9941595e7f,Los Angeles,Abu Dhabi,United States,UAE,Port Houston,Jebel Ali,7986.51,11,High,69
3e3bfcf7-a2ab-475d-a76e-9bff90cea559,Abu Dhabi,Singapore,UAE,Singapore,Khalifa Port,Port of Singapore,7583.18,12,Medium,48
dc3c74af-5540-4f3d-ac56-5f8b1d69f14f,Frankfurt,Manchester,Germany,United Kingdom,Port of Hamburg,London Gateway,6647.43,14,Low,45
1d338709-ca30-4026-83c2-7aecfd31a464,Incheon,Amsterdam,South Korea,Netherlands,Incheon Port,Port of Rotterdam,3093.24,4,High,65
c902c152-e95a-445e-8358-7f612e99e36b,Tokyo,Houston,Japan,United States,Port of Osaka,Port Houston,3655.53,5,Low,28
71b8dd49-08e7-4511-9f71-33aafd06bf75,Osaka,London,Japan,United Kingdom,Port of Osaka,Port of Felixstowe,12197.0,20,Low,16
10e0ddfc-a529-434a-b868-fdbdc17cb3a8,Osaka,Incheon,Japan,South Korea,Port of Yokohama,Port of Busan,10541.68,19,Low,16
aeb5c27d-53a6-405e-b1dc-3770c417a41d,Bremen,Shanghai,Germany,China,Port of Hamburg,Ningbo-Zhoushan,3964.05,5,Low,18
2bea1e8d-42fe-41ec-ae98-e6bdbff62796,Rotterdam,Dubai,Netherlands,UAE,Port of Rotterdam,Khalifa Port,6986.78,18,Medium,38
5bc05ecd-1119-4d16-97a0-95d19d93151c,Frankfurt,Rotterdam,Germany,Netherlands,Port of Hamburg,Port of Rotterdam,7974.78,12,Medium,64
dd7f5465-9d17-4244-9d99-1d1bd282c151,Ahmedabad,Ningbo,India,China,Mundra Port,Shanghai Port,10655.78,16,Medium,50
fe178cd7-4bdd-4a64-8a84-53699d5962da,Rotterdam,Ningbo,Netherlands,China,Port of Rotterdam,Shanghai Port,6660.64,18,Low,41
bce139a1-a542-4825-b2db-1a3c99f8ba1b,Tokyo,Kolkata,Japan,India,Port of Osaka,Mundra Port,6539.05,11,Critical,82
a67b3323-2644-435e-a375-a1f47ac54247,Ahmedabad,Hamburg,India,Germany,Chennai Port,Port of Hamburg,5648.21,13,Low,34
764f0f47-e071-4aca-87e3-9fe59eb37416,Hyderabad,Shanghai,India,China,Chennai Port,Shanghai Port,8301.94,17,Medium,68
6d5309f4-aa21-49e4-ad66-8468cc3ed4f7,Ningbo,Amsterdam,China,Netherlands,Ningbo-Zhoushan,Port of Rotterdam,9134.7,22,Medium,58
411c7cda-8cd2-4f97-b30d-ee3a9d463754,Chennai,Busan,India,South Korea,Mundra Port,Incheon Port,4225.0,8,Medium,52
e8b8a46d-c009-43d4-b330-05266edbd066,Osaka,Seoul,Japan,South Korea,Port of Yokohama,Incheon Port,12231.37,18,Low,20
1bbc03af-c888-4f09-aff7-4005935301f3,Hamburg,Seoul,Germany,South Korea,Port of Hamburg,Port of Busan,5942.41,10,Medium,68
2b56ced1-f5e2-448c-b013-b42b6fbff77b,Dubai,Delhi,UAE,India,Khalifa Port,Nhava Sheva,6774.13,13,High,70
e29a7939-c922-47aa-b9ff-62552cda5f64,Frankfurt,Amsterdam,Germany,Netherlands,Port of Hamburg,Port of Rotterdam,4528.82,8,Medium,43
b90ef543-104c-45d7-aa8c-403e8b32681a,Bremen,Singapore,Germany,Singapore,Port of Hamburg,Port of Singapore,12318.52,21,High,69
2db91901-fd7b-4210-8a3a-91cd0a5017b1,Osaka,Tokyo,Japan,Japan,Port of Osaka,Port of Yokohama,511.56,6,High,75
9454202b-9cb9-4cd6-afec-02ca68072581,Abu Dhabi,Bremen,UAE,Germany,Khalifa Port,Bremerhaven,11937.09,16,Low,24
dc6609e5-ecfe-431f-a682-53c37c5dd84a,Ningbo,Amsterdam,China,Netherlands,Shenzhen Port,Port of Rotterdam,1560.47,3,Low,45
aa7a95c6-42df-40cd-ad35-f29adcbe0fad,New York,Osaka,United States,Japan,Port of LA,Port of Yokohama,3373.76,9,High,78
afbadae6-a8b8-412e-b15c-239277124595,Abu Dhabi,Chennai,UAE,India,Jebel Ali,Nhava Sheva,11673.99,18,Medium,41
cfdd00c4-5434-4788-9cc7-86e2d3cdd4d0,Amsterdam,Sharjah,Netherlands,UAE,Port of Rotterdam,Jebel Ali,3684.54,7,Low,33
f5d47b1d-4e30-41ca-9b8b-9301c27e0949,Bremen,New York,Germany,United States,Bremerhaven,Port Newark,1340.15,6,Medium,59
65fcfd44-437a-414c-a405-d03cc41eaaff,Shanghai,Tokyo,China,Japan,Shanghai Port,Port of Yokohama,8547.89,22,Low,29
6ce74833-a266-4989-9c63-3a82446f0de0,Hamburg,Kolkata,Germany,India,Port of Hamburg,Chennai Port,3907.32,6,Medium,57
87f17275-411b-4468-bf9b-a39d8572abb7,Hamburg,Houston,Germany,United States,Bremerhaven,Port Newark,5224.18,8,Low,25
db8834ce-e90c-4142-a130-2849188c1ce1,Mumbai,Dubai,India,UAE,Mundra Port,Jebel Ali,2976.76,5,Low,24
d525b46c-81a6-46b8-9caa-743fdea3a98a,Incheon,Abu Dhabi,South Korea,UAE,Incheon Port,Jebel Ali,11457.99,22,Critical,86
a123e955-74c0-4634-b6a5-8b20ff5e094d,Singapore,Sharjah,Singapore,UAE,Port of Singapore,Jebel Ali,2860.41,7,Medium,61
1ac9ff7a-313a-4a89-86e2-c076a18c96b8,Busan,Kolkata,South Korea,India,Incheon Port,Chennai Port,10373.17,17,Medium,53
b8972601-8ca9-4bb0-b7be-616bedf26437,Sharjah,Felixstowe,UAE,United Kingdom,Khalifa Port,Port of Felixstowe,9051.58,18,Medium,65
5b1d6eb0-3a31-4cc8-af5f-c1c1abcd6ee9,Rotterdam,Delhi,Netherlands,India,Port of Rotterdam,Mundra Port,7965.33,10,Medium,45
4ca13922-88a3-406c-9119-b822ba79aa57,Singapore,Rotterdam,Singapore,Netherlands,Port of Singapore,Port of Rotterdam,654.31,5,Low,15
352ba1f4-a9da-4f44-8c41-29bb665911cc,Bremen,Sharjah,Germany,UAE,Bremerhaven,Khalifa Port,6774.03,13,Low,28
3ab5ad25-3b5b-4a67-aefe-abb233e00de2,Busan,Yokohama,South Korea,Japan,Incheon Port,Port of Osaka,4128.05,8,Medium,40
b07f4925-1b5a-43b8-b98b-db28159d82b1,Chennai,Mumbai,India,India,Kolkata Port,Nhava Sheva,1165.82,5,Low,25
ab171611-d210-47f0-9b46-94c752dbc3f8,Incheon,Houston,South Korea,United States,Port of Busan,Port Houston,8996.51,13,Low,27
88ce6540-5a49-44ca-9539-066161795c48,Los Angeles,Bremen,United States,Germany,Port Houston,Bremerhaven,7352.87,15,Low,26
68634524-6882-44ae-ae76-bee127ce5d70,Abu Dhabi,Dubai,UAE,UAE,Jebel Ali,Jebel Ali,1743.32,5,Low,42
f27d5b57-4fa5-4ef4-a68b-9a922dd843e3,Guangzhou,Houston,China,United States,Shenzhen Port,Port Newark,5936.74,10,Low,37
084f9eef-27fa-435c-84cb-1bb7b4b3d81c,Hamburg,Abu Dhabi,Germany,UAE,Port of Hamburg,Jebel Ali,7801.97,16,Medium,66
37edd87c-292e-46c4-8cbb-c32708da51fe,Hyderabad,Hamburg,India,Germany,Kolkata Port,Port of Hamburg,9939.32,19,Medium,57
84fb44ae-1c0c-484e-8340-3c048033667d,Ningbo,Chicago,China,United States,Shanghai Port,Port of LA,486.81,2,Low,28
652a13a6-3869-47f2-a1ff-50c5adf4701e,Hyderabad,Kolkata,India,India,Chennai Port,Mundra Port,2262.49,6,Medium,61
ab9c78b8-e4bd-42be-9482-1c018bb092cf,Sharjah,Rotterdam,UAE,Netherlands,Khalifa Port,Port of Rotterdam,5798.46,16,High,76
899c122a-7ed7-4974-9924-b5feb26470b8,Amsterdam,Osaka,Netherlands,Japan,Port of Rotterdam,Port of Yokohama,7767.13,12,Medium,52
99f46797-ba8c-4bca-9837-0b88af74fa6b,Felixstowe,Manchester,United Kingdom,United Kingdom,Port of Felixstowe,Port of Felixstowe,1141.92,2,Low,32
daca3819-7945-41c0-ad70-83e9574708e4,Manchester,Houston,United Kingdom,United States,London Gateway,Port Houston,11114.03,26,Low,18
21f1bb37-a353-4d86-b626-b15ba37dd8a8,Felixstowe,Amsterdam,United Kingdom,Netherlands,Port of Felixstowe,Port of Rotterdam,11418.34,17,Medium,51
6e7b0374-c505-4c11-b8de-ec3bec946921,Houston,Tokyo,United States,Japan,Port Houston,Port of Osaka,291.0,1,Medium,47
c8561dbd-5288-4a23-b58e-09e43b00d188,Shanghai,Delhi,China,India,Ningbo-Zhoushan,Nhava Sheva,4057.19,9,High,60
9896c6ad-27b0-45a6-bcec-be9452dec534,Frankfurt,Tokyo,Germany,Japan,Port of Hamburg,Port of Osaka,6320.13,15,Low,29
21602258-182d-4e0c-9d89-8e978a23bb38,Abu Dhabi,Guangzhou,UAE,China,Jebel Ali,Shanghai Port,2887.67,6,Medium,52
ffd1f413-270a-4e96-a54a-7488ac91d25b,London,Hamburg,United Kingdom,Germany,Port of Felixstowe,Bremerhaven,3462.23,9,Medium,47
e21a8f6c-a34a-4f0d-97d8-d66601f23d8c,Guangzhou,Tokyo,China,Japan,Shenzhen Port,Port of Yokohama,12034.97,19,Medium,44
0c343f11-0b21-4d6c-bad5-88b38e733309,Osaka,Hamburg,Japan,Germany,Port of Yokohama,Port of Hamburg,738.39,4,Low,18
07e10b2d-96e1-4b50-b8f3-946553359868,Felixstowe,Chicago,United Kingdom,United States,Port of Felixstowe,Port of LA,8755.84,14,Medium,46
0a86be4b-f3b1-4d25-8f35-31d4d8fe9274,Chennai,London,India,United Kingdom,Mundra Port,London Gateway,2694.75,6,Critical,89
3754bdac-1401-4d22-bf61-8fbe11d74c85,Tokyo,Chennai,Japan,India,Port of Yokohama,Nhava Sheva,3837.03,10,Medium,48
b98e9d4c-4ea8-4de9-ad56-fe8e9587d62b,Guangzhou,Amsterdam,China,Netherlands,Shanghai Port,Port of Rotterdam,3321.95,6,Low,17
08b0407c-9ed4-4744-951c-727636131abd,Los Angeles,Houston,United States,United States,Port of LA,Port Newark,1394.59,6,Medium,56
80b3391d-4cbf-458f-8270-e9d9928d27d0,Amsterdam,Hyderabad,Netherlands,India,Port of Rotterdam,Nhava Sheva,5855.22,9,Low,15
094150c1-7510-45fc-acbf-ca117ee71c08,Hamburg,Yokohama,Germany,Japan,Bremerhaven,Port of Yokohama,7825.52,13,Medium,47
a0adf6fe-b45a-495b-b90d-ba5076339bff,Seoul,Amsterdam,South Korea,Netherlands,Port of Busan,Port of Rotterdam,6999.57,11,Low,20
87748a78-55b7-42a8-9d5a-c48d217c1b41,Rotterdam,Singapore,Netherlands,Singapore,Port of Rotterdam,Port of Singapore,2887.48,6,Low,30
24d8ed25-644e-4966-a9a8-da82c2b0fa3b,Singapore,New York,Singapore,United States,Port of Singapore,Port Houston,8942.26,18,Medium,37
44e2dbda-0f02-4079-9679-a0309c169abb,Abu Dhabi,Rotterdam,UAE,Netherlands,Khalifa Port,Port of Rotterdam,1011.71,3,Low,38
e0eab1dd-dd1c-446d-bf00-ba79f6516e12,Amsterdam,Los Angeles,Netherlands,United States,Port of Rotterdam,Port Newark,5874.14,9,Low,16
3bfb18a7-10f1-4c24-bea4-15c0ab6497d5,Yokohama,Dubai,Japan,UAE,Port of Osaka,Jebel Ali,9512.26,24,Medium,48
a4dcd3fb-2b67-48cb-94e3-a75ef3ce6532,Bremen,Amsterdam,Germany,Netherlands,Port of Hamburg,Port of Rotterdam,2176.29,7,Low,23
e74b8108-05ba-42c0-bae1-9ffb17000a9d,Tokyo,Hyderabad,Japan,India,Port of Osaka,Mundra Port,8332.16,17,Medium,63
0d67c434-7932-43e1-9408-4454bf3255f6,Felixstowe,Seoul,United Kingdom,South Korea,Port of Felixstowe,Incheon Port,7254.6,12,Low,20
f4de4c6b-66e8-4bd1-ac07-ee7dc96fe43b,Seoul,Kolkata,South Korea,India,Port of Busan,Kolkata Port,7208.74,17,Medium,39
b1d19cff-e326-4dbf-8442-57764323fc33,Singapore,Los Angeles,Singapore,United States,Port of Singapore,Port of LA,7795.63,18,Critical,99
fb5d7494-9958-467e-b929-ff72d49179ad,London,Houston,United Kingdom,United States,Port of Felixstowe,Port of LA,6342.51,16,High,60
5ac0ffec-334b-4744-b276-4ccc216fab84,Incheon,Kolkata,South Korea,India,Port of Busan,Nhava Sheva,4085.41,9,High,83
c16dc525-8172-4d94-acdb-ec0d14182320,Busan,Dubai,South Korea,UAE,Port of Busan,Khalifa Port,10063.16,24,Low,17
bee5922b-8c16-4233-92c3-3ed498c2826c,Abu Dhabi,New York,UAE,United States,Jebel Ali,Port of LA,1106.32,4,Critical,98
85dd64a7-df03-4518-9658-32ed87205ccb,Chicago,Hamburg,United States,Germany,Port Newark,Port of Hamburg,2548.46,9,Medium,68
bf4643f6-e576-404a-9009-52fa2d17b812,Singapore,Busan,Singapore,South Korea,Port of Singapore,Port of Busan,3971.3,11,Low,45
add490a5-050b-48d3-951a-2cc3a90e8e51,Guangzhou,Felixstowe,China,United Kingdom,Shenzhen Port,Port of Felixstowe,2510.0,3,High,76
8286b31c-9d13-400e-bfa2-ff6e4196099e,Bremen,Singapore,Germany,Singapore,Bremerhaven,Port of Singapore,5951.93,13,High,71
9c660da0-e656-4b28-a178-e5778e6ba634,London,Manchester,United Kingdom,United Kingdom,London Gateway,Port of Felixstowe,445.26,5,High,85
64e86a84-97e0-441e-b54a-5458434313ef,Amsterdam,Singapore,Netherlands,Singapore,Port of Rotterdam,Port of Singapore,11606.29,26,Low,18
61a34491-377b-46dc-98e5-52a376bc5e0f,Ahmedabad,Singapore,India,Singapore,Mundra Port,Port of Singapore,10037.51,14,Medium,56
960645bb-4ee6-4b95-bce3-372f14a2ab4f,Yokohama,Hamburg,Japan,Germany,Port of Osaka,Bremerhaven,4423.48,8,Medium,36
dfedef4d-9cde-4eb5-b809-c3c58847f3fe,Incheon,Osaka,South Korea,Japan,Incheon Port,Port of Osaka,4345.43,10,Medium,68
633799a6-71c3-466a-822a-b172bb7793d6,Osaka,New York,Japan,United States,Port of Yokohama,Port Houston,614.82,4,Medium,36
e39008c3-4d65-48b5-ab09-f8a4fd65ffda,Guangzhou,Sharjah,China,UAE,Shanghai Port,Khalifa Port,3615.11,7,Medium,60
35da8f96-2a3b-47fc-984f-b4ee6ff2875f,Singapore,Sharjah,Singapore,UAE,Port of Singapore,Jebel Ali,6979.57,14,High,63
905591ca-801d-46b8-841d-78fa96c8f269,Hyderabad,Los Angeles,India,United States,Chennai Port,Port of LA,1706.58,4,Low,26
01ffb1a3-7ecc-4ce5-8633-918bbf993bf9,London,Chennai,United Kingdom,India,Port of Felixstowe,Nhava Sheva,4907.28,9,Medium,65
2af0ecb7-7d56-4191-946a-0800dfa6303e,Houston,Yokohama,United States,Japan,Port of LA,Port of Osaka,8588.61,18,High,77
ea773cbc-b112-4888-b76d-74ca1ba59d2e,Incheon,Yokohama,South Korea,Japan,Incheon Port,Port of Osaka,2345.85,9,Low,24
8b845c8d-b5fe-48eb-8017-9a2541a1c907,Guangzhou,New York,China,United States,Ningbo-Zhoushan,Port Newark,10599.73,18,Low,40
f8e8c28b-7818-4c02-8c29-a33c347ea637,Ningbo,London,China,United Kingdom,Shenzhen Port,Port of Felixstowe,713.05,3,Medium,49
45184da3-0439-4539-931f-44d5804fc88b,Singapore,Bengaluru,Singapore,India,Port of Singapore,Chennai Port,11105.39,18,Low,34
7500507e-9792-4b67-b2f2-73aefbfba430,Yokohama,Amsterdam,Japan,Netherlands,Port of Osaka,Port of Rotterdam,4035.88,10,Low,37
d9a2f0b8-bcb6-443a-bf9f-f09baa057af8,Shenzhen,London,China,United Kingdom,Shanghai Port,Port of Felixstowe,2566.64,6,Low,26
29d84ad1-d78b-431e-8368-62fbfe543b1f,Shanghai,Abu Dhabi,China,UAE,Ningbo-Zhoushan,Khalifa Port,1539.8,7,Low,32
8bbb76bd-5492-4cc7-9fec-210bf7db4e52,Frankfurt,New York,Germany,United States,Bremerhaven,Port Houston,5753.83,15,Low,17
9eeebc3d-7a41-44b9-839a-85354c0effb0,Guangzhou,Osaka,China,Japan,Ningbo-Zhoushan,Port of Osaka,6438.78,13,Low,15
bd75d02f-8fa8-4e98-9078-fdd90740ae81,Seoul,Singapore,South Korea,Singapore,Port of Busan,Port of Singapore,11776.31,21,Low,16
1d3be8b9-3a92-4627-b6a0-df5b5b39ac6f,Frankfurt,Osaka,Germany,Japan,Port of Hamburg,Port of Osaka,6348.77,17,Medium,66
d84bca65-2d6b-437e-be81-e29248b1e194,Shenzhen,Mumbai,China,India,Shenzhen Port,Chennai Port,4538.49,10,Low,24
20c9d5d6-ad23-45d6-b1ea-488bc14f9abe,Incheon,Dubai,South Korea,UAE,Port of Busan,Khalifa Port,12051.47,19,Medium,40
b801a380-285c-49f7-9f58-72643ff3d077,Tokyo,Rotterdam,Japan,Netherlands,Port of Osaka,Port of Rotterdam,9524.67,18,Medium,36
57a617e2-93b6-4983-9526-76f1076660d9,Frankfurt,Incheon,Germany,South Korea,Bremerhaven,Incheon Port,9550.69,23,Medium,63
72771ed9-a614-4a75-ab79-f0c4213872b6,Rotterdam,Hyderabad,Netherlands,India,Port of Rotterdam,Chennai Port,6843.61,11,Medium,44
e8746e3a-f666-4e1b-9768-5090d099b7a0,Abu Dhabi,Singapore,UAE,Singapore,Jebel Ali,Port of Singapore,3183.29,8,High,81
7f6625f6-fa83-42bb-935c-848de6acd615,London,Dubai,United Kingdom,UAE,London Gateway,Jebel Ali,11436.74,18,Medium,48
8fcb1a33-36a1-4701-a44a-c35b1cb6bedf,Shenzhen,Incheon,China,South Korea,Shenzhen Port,Port of Busan,6092.61,10,Low,17
a431cc16-5e15-4658-8d92-8b4c704b6d72,Guangzhou,Abu Dhabi,China,UAE,Ningbo-Zhoushan,Jebel Ali,2557.15,7,Low,30
de652d7e-c98d-4237-946c-0cea318c790d,Sharjah,London,UAE,United Kingdom,Jebel Ali,Port of Felixstowe,11713.99,25,Low,44
5d767a86-f58f-4f56-b58e-62dc6fe5fd41,Amsterdam,Chicago,Netherlands,United States,Port of Rotterdam,Port of LA,2241.54,5,Medium,54
c612802a-cf2c-41c6-ac13-bfad2074ab2d,Chennai,Hamburg,India,Germany,Nhava Sheva,Bremerhaven,1007.58,5,Medium,45
4e3a1611-8898-45ad-a682-65de51991c3e,Chicago,Tokyo,United States,Japan,Port of LA,Port of Osaka,267.04,4,High,76
bf855e8e-243e-425c-aad5-8309416b35df,Frankfurt,Singapore,Germany,Singapore,Bremerhaven,Port of Singapore,2969.34,7,Low,24
66b52eee-0bf4-4564-9af4-5aece9349e07,Incheon,Busan,South Korea,South Korea,Incheon Port,Port of Busan,2157.8,5,Low,32
1045b623-30da-458b-8520-9a37585bc4b6,Amsterdam,Guangzhou,Netherlands,China,Port of Rotterdam,Ningbo-Zhoushan,9540.46,14,High,87
1c6ad978-f0d8-46aa-9b7a-9392f5d9ad89,Mumbai,Los Angeles,India,United States,Chennai Port,Port of LA,4909.3,6,Medium,67
a4133ca6-713a-4605-b81d-c619f115da13,London,Bremen,United Kingdom,Germany,Port of Felixstowe,Bremerhaven,10427.97,18,Medium,65
7664c557-5545-4cd6-96f8-1b5c9b91254a,Abu Dhabi,Ahmedabad,UAE,India,Jebel Ali,Chennai Port,4720.77,9,Medium,48
67ec8e7e-84ba-401b-baf0-ff8fdd2e0c18,Singapore,Bremen,Singapore,Germany,Port of Singapore,Port of Hamburg,8743.76,20,Medium,64
0c78344a-7c5c-487c-a7ac-f9199c98b44b,Shenzhen,Kolkata,China,India,Shanghai Port,Chennai Port,2113.03,3,High,62
0a0f6127-2785-45d6-9d47-558588e5e26c,Osaka,Incheon,Japan,South Korea,Port of Yokohama,Port of Busan,3493.35,5,Low,22
a6086387-64a0-447f-b536-7564e5743180,London,Singapore,United Kingdom,Singapore,Port of Felixstowe,Port of Singapore,1396.92,4,Low,37
73404f9d-1d6a-4f38-bf36-20b9f72f03fe,Los Angeles,Tokyo,United States,Japan,Port Newark,Port of Osaka,10291.86,18,Medium,40
cf5a9816-bae3-414b-9104-f4f5f04bcff0,Houston,New York,United States,United States,Port Newark,Port of LA,1306.38,5,High,61
cb3b1f1a-a347-4f05-9d16-9c5e69c75b21,Chicago,Manchester,United States,United Kingdom,Port of LA,Port of Felixstowe,10848.05,19,Low,38
aa812746-9a54-456c-af9d-b90c0edfdb9f,New York,Busan,United States,South Korea,Port of LA,Port of Busan,3114.54,5,Low,21
c21cc31c-01ed-4703-883e-b8b3a4565f1a,Chicago,Osaka,United States,Japan,Port of LA,Port of Yokohama,9977.97,26,Medium,52
3b6e635e-e402-4084-8dd9-b3a77680c9c5,Manchester,Los Angeles,United Kingdom,United States,Port of Felixstowe,Port of LA,11663.41,22,Medium,40
1a0d714e-9da4-4872-ad64-c8f0b5871730,Dubai,Shenzhen,UAE,China,Jebel Ali,Shenzhen Port,9284.26,13,High,75
dc4ea06f-6c6e-424c-bcc4-f1e00be07ed5,Singapore,London,Singapore,United Kingdom,Port of Singapore,London Gateway,3363.87,6,Medium,42
ec7075b5-1534-4064-a5c5-fd6f63753c50,Hamburg,Tokyo,Germany,Japan,Bremerhaven,Port of Osaka,8752.61,11,Medium,67
b57b0b11-5e59-4ac4-936c-4e446aba3ccc,Rotterdam,Shanghai,Netherlands,China,Port of Rotterdam,Ningbo-Zhoushan,6072.96,9,Medium,51
7b5e7f40-1a6b-4b53-82a6-aad0c665cf49,Hyderabad,Manchester,India,United Kingdom,Nhava Sheva,London Gateway,5275.51,7,Low,30
16b905d8-27cc-4ada-bab4-670683e5b1e9,Abu Dhabi,Houston,UAE,United States,Khalifa Port,Port of LA,12481.92,20,Medium,54
fe30f598-e9c5-4c94-afa5-1d79972b2d51,Singapore,Manchester,Singapore,United Kingdom,Port of Singapore,London Gateway,1511.88,7,High,60
ee0fa632-d31b-41e2-9a52-1f248230df54,Busan,Osaka,South Korea,Japan,Port of Busan,Port of Yokohama,941.72,2,Medium,62
83d25e76-8d0c-42c9-9a07-7e5cd47599de,Singapore,Houston,Singapore,United States,Port of Singapore,Port of LA,8460.79,13,Low,27
df80eb4d-1e55-4790-9e35-08013ea97d63,Hamburg,Busan,Germany,South Korea,Bremerhaven,Incheon Port,3437.84,9,Low,43
ebbba3dc-7373-40c1-9b05-5a6807b161cf,Rotterdam,Ahmedabad,Netherlands,India,Port of Rotterdam,Chennai Port,7876.41,13,Medium,56
ecef741c-f979-4a94-a826-279fac1fcb59,Mumbai,Guangzhou,India,China,Kolkata Port,Ningbo-Zhoushan,520.87,5,High,86
c0eb8780-5489-47d1-97df-f4d57261caea,Amsterdam,New York,Netherlands,United States,Port of Rotterdam,Port of LA,8931.16,10,High,77
28216e50-f497-4fed-af55-8e2d5edcee0c,Dubai,Amsterdam,UAE,Netherlands,Jebel Ali,Port of Rotterdam,8569.41,18,Low,40
e7d213c0-8625-48e1-a1ed-faa1b8fa0e1b,Yokohama,Tokyo,Japan,Japan,Port of Osaka,Port of Yokohama,1501.85,7,High,76
a7a040b3-9e3c-4911-86ba-ccfb3202268d,Shenzhen,Ningbo,China,China,Shanghai Port,Shenzhen Port,1661.48,4,High,80
14c23aba-08de-4591-b008-a81b7db60894,Chennai,Osaka,India,Japan,Kolkata Port,Port of Osaka,8760.64,11,Medium,55
435b57ba-e35a-41ff-add2-4f6c4e5f0dfd,Seoul,Busan,South Korea,South Korea,Incheon Port,Incheon Port,1517.09,3,Medium,58
74b81e57-a4b4-4d5e-bb8f-5c9acdaf0894,Shenzhen,Hamburg,China,Germany,Ningbo-Zhoushan,Port of Hamburg,8692.26,15,Medium,37
87626c61-f00d-44eb-8a9d-4b5f43aa50f7,Frankfurt,Seoul,Germany,South Korea,Port of Hamburg,Incheon Port,9818.52,17,Low,42
5411f480-9333-48a7-8ec8-5967edf7d483,Hamburg,Shanghai,Germany,China,Bremerhaven,Shanghai Port,2345.72,5,Low,42
42ec4597-7164-4956-b2a1-a15d60db2969,Busan,Ningbo,South Korea,China,Incheon Port,Shanghai Port,7314.19,10,Medium,35
660486f7-66cc-4ca6-9885-146cab821453,Frankfurt,Yokohama,Germany,Japan,Port of Hamburg,Port of Yokohama,1844.27,4,Low,35
b07f3c8a-73ef-4cab-a171-d0a72b737efc,Busan,Ningbo,South Korea,China,Port of Busan,Ningbo-Zhoushan,3463.75,8,High,70
beb89174-4d02-4df7-8699-d1cd0c88654c,Amsterdam,Shenzhen,Netherlands,China,Port of Rotterdam,Shenzhen Port,11901.01,27,Low,44
5f8f0176-8b9a-4899-acf2-2eb4968e3473,Seoul,Sharjah,South Korea,UAE,Incheon Port,Khalifa Port,3277.45,7,Low,25
f703dc02-4c7f-4985-aeea-e475f115c15a,Shenzhen,Dubai,China,UAE,Ningbo-Zhoushan,Jebel Ali,6216.8,12,Medium,56
9d7217bd-3735-4aab-89a2-430a2b53f86a,Kolkata,Manchester,India,United Kingdom,Nhava Sheva,London Gateway,4307.39,12,Medium,68
e8f17c95-21f5-4f25-8478-2c351f42ebeb,Los Angeles,Guangzhou,United States,China,Port of LA,Ningbo-Zhoushan,7860.37,17,Medium,44
58eec3cd-6640-41d8-8ee4-975e1c5c1652,Osaka,Dubai,Japan,UAE,Port of Osaka,Jebel Ali,6323.15,13,Low,36
1e333438-71f9-4e22-be8e-565392e54c0d,Hyderabad,Seoul,India,South Korea,Kolkata Port,Incheon Port,12012.93,25,Medium,41
f0255390-1192-4b98-af9d-6ede294d3352,London,Singapore,United Kingdom,Singapore,London Gateway,Port of Singapore,6657.35,14,Medium,45
b627dc72-b43f-433a-ac5e-c2e320d40184,Felixstowe,London,United Kingdom,United Kingdom,Port of Felixstowe,Port of Felixstowe,524.1,1,Low,36
4f897180-5967-4b46-9966-9d6a5c18ed43,Bremen,Sharjah,Germany,UAE,Port of Hamburg,Khalifa Port,11661.74,21,High,88
3c739d86-af1d-43ea-af8f-4579c53f81f0,Dubai,Hamburg,UAE,Germany,Khalifa Port,Port of Hamburg,4488.61,12,Low,16
402b14d8-6ba0-4f8a-a563-15e8f5481adc,Singapore,Amsterdam,Singapore,Netherlands,Port of Singapore,Port of Rotterdam,8853.25,15,Low,21
d79a9acf-8f4a-4c26-8158-ba04a3985ccb,Hamburg,Abu Dhabi,Germany,UAE,Bremerhaven,Khalifa Port,1649.04,6,High,78
7b05d4ff-7e89-42e0-9f75-79fc9dc7032b,Amsterdam,Bremen,Netherlands,Germany,Port of Rotterdam,Bremerhaven,5925.43,8,Low,45
4767485e-70ee-4951-8dbb-6adcdfd2cc85,Chicago,Bengaluru,United States,India,Port Houston,Mundra Port,8559.76,15,Medium,35
efcd151b-9904-474a-a4f6-356c0b4eafe1,Tokyo,Seoul,Japan,South Korea,Port of Osaka,Port of Busan,11495.85,26,Low,36
db645af6-6a4a-42af-8c83-e59f44ec72b5,Amsterdam,Frankfurt,Netherlands,Germany,Port of Rotterdam,Port of Hamburg,7688.13,15,Low,35
c350cbea-f422-44e4-82eb-860d11f3d28d,Amsterdam,Abu Dhabi,Netherlands,UAE,Port of Rotterdam,Khalifa Port,3478.27,12,Low,22
5486c874-744b-4926-af06-2a8843c8e2da,Ningbo,Delhi,China,India,Shanghai Port,Mundra Port,9062.96,18,Medium,49
47b3df18-53ac-4565-a6fc-8f3d3b6fed88,Los Angeles,Delhi,United States,India,Port Newark,Mundra Port,3841.53,10,Low,30
c621609c-c281-40c4-b6bd-b710c980e88b,Frankfurt,Seoul,Germany,South Korea,Bremerhaven,Incheon Port,762.84,5,Medium,53
a782e3a0-0c33-4eb8-9955-93cab2475e5b,Rotterdam,Yokohama,Netherlands,Japan,Port of Rotterdam,Port of Yokohama,902.49,2,High,64
9665a2e7-860f-4d68-838d-1180a9dc018b,Sharjah,Shenzhen,UAE,China,Khalifa Port,Ningbo-Zhoushan,9337.07,18,Medium,41
f89a7996-b27e-49d6-bcd9-a5a7c63e7ad2,London,Singapore,United Kingdom,Singapore,London Gateway,Port of Singapore,2309.31,4,Low,41
1d5824c5-d752-4b3b-ad42-0ef42b7e6103,London,Tokyo,United Kingdom,Japan,Port of Felixstowe,Port of Osaka,11525.26,22,High,74
168c6690-e914-46c6-9c00-467c95f66b96,Chicago,Abu Dhabi,United States,UAE,Port Houston,Khalifa Port,12157.06,16,High,78
119c86e5-74ef-4229-bc05-d571eae2025c,Kolkata,Yokohama,India,Japan,Kolkata Port,Port of Yokohama,3897.47,9,Low,35
9e0e8256-35b8-4fce-b9d0-375a7726cb05,Rotterdam,Shenzhen,Netherlands,China,Port of Rotterdam,Shanghai Port,9630.93,11,Medium,41
d5d3d00e-648f-4b01-ba29-2119bbadd526,London,Bengaluru,United Kingdom,India,London Gateway,Mundra Port,389.81,5,Low,36
82c10e7e-9247-4340-9a68-fc0f3700d2a3,Busan,Rotterdam,South Korea,Netherlands,Incheon Port,Port of Rotterdam,12045.46,16,Low,34
704f1fa7-45bb-47b2-9145-329958d2a024,Tokyo,Yokohama,Japan,Japan,Port of Osaka,Port of Yokohama,1127.33,3,High,88
37c330c7-4274-42ea-ad94-d4aa7bb7951b,Hamburg,Amsterdam,Germany,Netherlands,Bremerhaven,Port of Rotterdam,7270.85,11,Low,36
bd8632bd-f755-411e-a266-31d897ed5675,Busan,Singapore,South Korea,Singapore,Port of Busan,Port of Singapore,3051.54,8,Low,37
3425f432-c501-4e8f-bae2-bd1ec52d35f5,Shanghai,Abu Dhabi,China,UAE,Ningbo-Zhoushan,Khalifa Port,1891.3,7,Low,35
fc386d55-7ef4-47de-bbd9-e5d648958943,Sharjah,Amsterdam,UAE,Netherlands,Jebel Ali,Port of Rotterdam,9382.77,20,Low,24
061bea80-37b0-45d2-a498-cd28243e6dc0,Rotterdam,Chicago,Netherlands,United States,Port of Rotterdam,Port of LA,5857.19,15,High,62
5d22e29b-9fd1-49a7-a388-8ce15f967f57,Bremen,London,Germany,United Kingdom,Bremerhaven,London Gateway,6309.03,8,Low,18
7e535641-7518-4b57-977c-463fc144a63f,Bengaluru,Ningbo,India,China,Kolkata Port,Shanghai Port,11691.07,19,Medium,54
4012e7e8-8877-47ef-a1e7-c2b70785a207,Bengaluru,Guangzhou,India,China,Nhava Sheva,Shenzhen Port,5802.02,12,Low,23
4bae5e1c-969c-4f9a-bd06-5ac6ec826143,Sharjah,Houston,UAE,United States,Khalifa Port,Port of LA,2469.29,7,Medium,57
3e8cf05f-4315-454f-828c-8aadd1e5a9df,Houston,Ningbo,United States,China,Port Newark,Ningbo-Zhoushan,8900.58,23,Medium,42
66d131c4-7305-42cd-b85f-c37e49f618b4,Manchester,Rotterdam,United Kingdom,Netherlands,Port of Felixstowe,Port of Rotterdam,11120.58,14,High,82
22cb6729-1682-4e7e-9955-300ae2e37e8b,Singapore,Shenzhen,Singapore,China,Port of Singapore,Shanghai Port,2217.81,6,Medium,63
470f7954-3e7c-42ac-8ca5-199ace03d7d3,Singapore,Tokyo,Singapore,Japan,Port of Singapore,Port of Osaka,8493.4,13,Low,28
3fca9a32-dd17-47bd-bea6-823c921637be,Singapore,Shenzhen,Singapore,China,Port of Singapore,Shanghai Port,1311.89,6,Low,26
e2b0dc21-dec8-466b-819c-a8a28abb0497,Kolkata,Hyderabad,India,India,Chennai Port,Mundra Port,716.22,3,Low,40
75399bd8-810a-44f5-8060-b31afb0bf9b9,Seoul,Singapore,South Korea,Singapore,Port of Busan,Port of Singapore,3923.0,7,Low,41
d474465f-21b1-4276-8166-89b588c02533,Guangzhou,Delhi,China,India,Ningbo-Zhoushan,Chennai Port,627.81,4,High,80
7ead2876-72e2-4185-9a9b-d24783ba553f,Los Angeles,Singapore,United States,Singapore,Port Houston,Port of Singapore,3261.32,7,Low,18
6dbb0135-e515-4fa6-bab6-5fd3ce47f7b3,Frankfurt,Dubai,Germany,UAE,Bremerhaven,Jebel Ali,3162.35,9,Medium,61
1bca042c-7a8a-413c-95f3-41f3cb6e89ba,Singapore,Los Angeles,Singapore,United States,Port of Singapore,Port of LA,2096.27,8,Medium,51
59547bc0-4b5a-4acf-b191-7027374fa809,Tokyo,Sharjah,Japan,UAE,Port of Osaka,Khalifa Port,896.47,2,Low,23
3dead699-85b5-4530-99c3-0e9349baf267,Houston,Seoul,United States,South Korea,Port Newark,Incheon Port,4624.08,9,Low,28
45ec3f56-6093-43dd-b2a1-06ec4686d7c8,Kolkata,Singapore,India,Singapore,Mundra Port,Port of Singapore,9284.66,15,High,72
717a391a-a2c5-4b2d-9047-da1790d96911,Hamburg,Rotterdam,Germany,Netherlands,Port of Hamburg,Port of Rotterdam,12282.11,19,Low,42
f9913b2f-452d-4249-8e07-ecc9becfa7ac,Houston,Singapore,United States,Singapore,Port Newark,Port of Singapore,8263.77,16,Low,31
0cc53bfb-803b-400e-a507-44fd217002a9,Seoul,Shanghai,South Korea,China,Incheon Port,Shenzhen Port,319.22,1,Low,16
59367a78-a1cb-4555-970f-8e6a288fc71f,Dubai,Ahmedabad,UAE,India,Khalifa Port,Nhava Sheva,1068.96,2,Low,16
2d0a1c1c-2275-44d7-b174-c7896eeb3d8d,Chennai,Osaka,India,Japan,Chennai Port,Port of Yokohama,3299.15,6,Low,42
155efdbe-e3e6-46f9-a0cf-299423c77137,Osaka,Dubai,Japan,UAE,Port of Osaka,Jebel Ali,6945.79,10,Medium,38
4deb8122-0ed5-498d-b40c-77e1d9efabad,Ningbo,Incheon,China,South Korea,Ningbo-Zhoushan,Incheon Port,4836.32,11,High,68
9ac8329a-0dcb-4e67-aea8-e18368144409,Frankfurt,Dubai,Germany,UAE,Bremerhaven,Khalifa Port,10197.57,16,High,85
3d894de3-1179-48d5-bb0a-d22c348959e9,Chicago,Hamburg,United States,Germany,Port Houston,Bremerhaven,6089.08,11,Medium,49
a0e85737-d912-4ebb-907f-39dbb8595754,Yokohama,Ningbo,Japan,China,Port of Yokohama,Shenzhen Port,3628.39,8,Low,18
6518751f-e6c1-43d8-9fd1-35199193c06d,Chicago,Frankfurt,United States,Germany,Port Houston,Bremerhaven,6564.33,15,Low,21
06e1dd7d-39c5-4066-9afb-07f1bb3ec659,Abu Dhabi,Hamburg,UAE,Germany,Khalifa Port,Port of Hamburg,10407.26,16,High,70
a1555ab6-01a9-42db-a3f8-6892e7c31546,Singapore,Shanghai,Singapore,China,Port of Singapore,Ningbo-Zhoushan,2916.1,6,Medium,41
3ef8c32d-54e9-459d-aecc-8e4259004350,Shanghai,Chennai,China,India,Ningbo-Zhoushan,Nhava Sheva,8216.79,10,Medium,40
69f68709-eebb-4a9f-9065-144cf4478d32,Amsterdam,Dubai,Netherlands,UAE,Port of Rotterdam,Khalifa Port,4089.6,11,Low,43
00f9a4cb-a22a-4949-bcf0-240ef629760a,Hamburg,Osaka,Germany,Japan,Port of Hamburg,Port of Yokohama,5255.32,13,Medium,38
3a2d4c1f-9acc-4d2c-82d1-79e9c5f790c0,Dubai,Ahmedabad,UAE,India,Khalifa Port,Mundra Port,3249.83,9,Medium,38
c91bf63d-330a-4cd2-9ec9-b6276bae662a,Busan,Tokyo,South Korea,Japan,Incheon Port,Port of Osaka,7178.21,9,Low,19
de2d2686-eacd-4207-ba78-18872d62b24a,Bremen,Hamburg,Germany,Germany,Bremerhaven,Bremerhaven,1344.27,3,Low,43
8f30b8e8-052f-4ede-91a1-9a95ed37431b,Los Angeles,Sharjah,United States,UAE,Port of LA,Jebel Ali,12407.44,20,Medium,62
0b1bae7a-0d5c-4737-9c4f-3fd179a67f2a,Los Angeles,Osaka,United States,Japan,Port Newark,Port of Yokohama,1518.36,5,Low,37
6e38ef3e-625d-4008-ae63-ca63b0b29180,Sharjah,Guangzhou,UAE,China,Jebel Ali,Ningbo-Zhoushan,12311.55,21,Low,15
18cee08d-de55-4610-9fcc-e2c223b09677,Guangzhou,Rotterdam,China,Netherlands,Ningbo-Zhoushan,Port of Rotterdam,6143.95,13,Low,22
546af8c7-a2f5-4e9e-a4e1-d8b18679ab7d,Dubai,Los Angeles,UAE,United States,Jebel Ali,Port of LA,9911.71,24,Low,32
73604e3e-4bd7-4d25-b7b1-8b3549438c8e,Rotterdam,Abu Dhabi,Netherlands,UAE,Port of Rotterdam,Jebel Ali,6166.48,11,Low,18
5dc30185-b215-43f4-9036-072fadc3fa9a,Busan,Amsterdam,South Korea,Netherlands,Incheon Port,Port of Rotterdam,8720.27,12,Low,38
945f31d2-b304-42d9-8e15-5070d3fc5605,Shenzhen,Tokyo,China,Japan,Shenzhen Port,Port of Yokohama,5528.98,9,Low,23
f40ae971-9ed9-4a76-803d-5ec55810b44b,Ningbo,Felixstowe,China,United Kingdom,Shenzhen Port,London Gateway,11900.58,18,Medium,65
50299068-e69d-4d5b-adfe-4aa98fd2715a,Yokohama,Los Angeles,Japan,United States,Port of Yokohama,Port Newark,4682.21,6,Low,26
d01112f2-295a-49b1-b581-5b306d909278,Shanghai,Bremen,China,Germany,Shanghai Port,Port of Hamburg,9893.14,13,Low,15
d5d65cf3-9a70-41ea-81e1-10d47ec21646,Singapore,Abu Dhabi,Singapore,UAE,Port of Singapore,Khalifa Port,3059.24,8,Medium,47
822ee8a6-6064-460f-871b-d0d2566ad03a,Yokohama,Houston,Japan,United States,Port of Osaka,Port Houston,1153.35,3,Medium,58
aa4fbc23-6a33-4268-a2d1-caae10606b9b,Ningbo,Guangzhou,China,China,Shanghai Port,Shenzhen Port,465.13,3,High,73
c31781dd-3187-4238-b109-7b637a852cc8,Seoul,Amsterdam,South Korea,Netherlands,Port of Busan,Port of Rotterdam,812.19,4,Low,22
16a1cefb-bf7e-4a9a-8d22-888c03576104,Singapore,Bremen,Singapore,Germany,Port of Singapore,Port of Hamburg,940.4,3,Low,34
ec01e139-baf2-405c-9385-4515e327b17d,Tokyo,Singapore,Japan,Singapore,Port of Osaka,Port of Singapore,2397.52,9,Medium,62
82a84ece-b0be-4e89-937e-a2e29895a831,Manchester,Abu Dhabi,United Kingdom,UAE,Port of Felixstowe,Jebel Ali,10178.51,17,Low,34
81c82ed4-b7fe-47c6-ae88-f48e45d4fd07,Manchester,Chennai,United Kingdom,India,London Gateway,Mundra Port,2176.58,6,Medium,62
1c434031-32bd-4d56-b2fe-f151d3ff769c,Amsterdam,Seoul,Netherlands,South Korea,Port of Rotterdam,Incheon Port,7213.19,13,Low,17
28c15150-f8ce-4a75-9c32-c89efb3187b7,Amsterdam,Houston,Netherlands,United States,Port of Rotterdam,Port Houston,11633.44,26,Medium,67
c99308ec-304b-4630-9f64-ad823ac66c88,Rotterdam,Sharjah,Netherlands,UAE,Port of Rotterdam,Khalifa Port,3859.4,7,High,63
1dddc3d9-2d9a-448c-8e25-4720f6a9f9aa,Manchester,Tokyo,United Kingdom,Japan,Port of Felixstowe,Port of Yokohama,1673.79,3,Medium,44
bde4302c-f1bd-454e-8893-79989c6b0cdf,Incheon,Manchester,South Korea,United Kingdom,Incheon Port,London Gateway,5334.83,11,Low,26
3ef298f1-e486-487f-ba10-2c0358908110,Sharjah,Shanghai,UAE,China,Khalifa Port,Shanghai Port,612.73,1,Medium,37
fe1a9879-b5b5-4fea-8ce4-2233085e53f6,Singapore,Sharjah,Singapore,UAE,Port of Singapore,Jebel Ali,5272.84,10,Low,15
0d59a822-d6a9-4f80-a1d9-6a04bffa75b7,Rotterdam,Osaka,Netherlands,Japan,Port of Rotterdam,Port of Yokohama,10388.28,23,Low,16
552fd907-f00f-4134-a51b-c3888137d2d2,Amsterdam,Abu Dhabi,Netherlands,UAE,Port of Rotterdam,Jebel Ali,8122.9,19,Low,36
66019be7-0105-4060-9f02-045bb2a9d235,Dubai,Shenzhen,UAE,China,Khalifa Port,Ningbo-Zhoushan,5890.08,9,Medium,46
13c7c3f8-3e1d-435b-a9b0-4c4aca2c3597,Sharjah,Manchester,UAE,United Kingdom,Jebel Ali,London Gateway,8069.34,13,Low,28
52fc2c0b-e059-474b-a4b9-7d0ebf97d589,Kolkata,Manchester,India,United Kingdom,Kolkata Port,London Gateway,9118.37,19,Critical,89
f4b09e11-b54a-47d7-ac19-e7fdb3d1222a,Los Angeles,London,United States,United Kingdom,Port Houston,London Gateway,2072.95,7,Medium,58
104262ff-7c31-4419-92e8-9decdba89306,Busan,Felixstowe,South Korea,United Kingdom,Port of Busan,Port of Felixstowe,656.75,6,Medium,36
e9ad3c3b-b261-4ed9-9341-28d5041c52b2,Ningbo,Houston,China,United States,Ningbo-Zhoushan,Port Houston,11166.74,17,Medium,58
cb92a301-f2d3-425b-90ee-19508a49875f,Seoul,Manchester,South Korea,United Kingdom,Port of Busan,Port of Felixstowe,7040.67,11,Medium,60
7927b3c1-7705-4490-bd23-825a408f67a2,Shanghai,Osaka,China,Japan,Shanghai Port,Port of Yokohama,10900.05,19,Critical,82
66f49df0-57cc-41c0-97a7-8c05e532a397,Busan,Chicago,South Korea,United States,Incheon Port,Port Newark,3891.41,6,Medium,52
dfd48fbe-a2a4-46b4-ba06-01d8aa04542d,Frankfurt,Amsterdam,Germany,Netherlands,Bremerhaven,Port of Rotterdam,11316.02,24,Medium,56
800b424e-7762-4569-b9a0-c59398b467d3,Ahmedabad,Singapore,India,Singapore,Nhava Sheva,Port of Singapore,5825.97,12,Low,31
01f8a657-2f94-4074-b16e-64e55155cbde,Chicago,London,United States,United Kingdom,Port Houston,London Gateway,7365.05,18,Medium,55
5136c169-cf3b-42ea-9619-d2be64ff9461,Houston,Los Angeles,United States,United States,Port of LA,Port Houston,2265.59,6,Medium,54
8368fa52-78fa-4dce-bfb0-fa59ed736c1d,New York,Singapore,United States,Singapore,Port of LA,Port of Singapore,662.06,1,Low,38
c6d379ec-39d2-4e9e-8851-1d8d3ca6aff1,Ningbo,Kolkata,China,India,Shenzhen Port,Kolkata Port,10006.71,16,Medium,55
381f9d5e-c048-4e77-815b-5a04cdd8c8be,Osaka,Singapore,Japan,Singapore,Port of Yokohama,Port of Singapore,1578.31,7,Medium,54
bfc06207-52aa-4d99-ba1a-6e6d98ad56f6,Tokyo,Osaka,Japan,Japan,Port of Yokohama,Port of Yokohama,1297.1,3,Low,38
b88b6577-5736-47dc-b5f8-1c42691a9337,New York,Osaka,United States,Japan,Port Newark,Port of Osaka,4177.64,10,Medium,50
da1cd46c-c866-4264-9a03-6f4787ea1893,Yokohama,Mumbai,Japan,India,Port of Osaka,Mundra Port,3665.49,10,Low,34
0554a8fe-74a3-4457-b0b4-edd21af9eca1,Yokohama,Singapore,Japan,Singapore,Port of Yokohama,Port of Singapore,2320.25,8,High,80
f0d47ea7-41d8-4d90-86df-ca1f0b67ca89,Shanghai,Ningbo,China,China,Shanghai Port,Shanghai Port,683.12,4,Low,23
7a7ca7d6-0282-4280-9573-5a238895d835,Tokyo,Seoul,Japan,South Korea,Port of Osaka,Incheon Port,8796.74,17,Low,37
ac5c898a-27d7-45aa-8746-8944eecb5b54,Bengaluru,Bremen,India,Germany,Kolkata Port,Bremerhaven,3331.99,12,Low,21
3da33d02-d597-40be-a4c6-62e6c279462a,Hamburg,Yokohama,Germany,Japan,Bremerhaven,Port of Yokohama,9419.29,17,Low,36
72a7e535-6680-4bcb-8fa7-15297e1ccd9c,Amsterdam,Osaka,Netherlands,Japan,Port of Rotterdam,Port of Osaka,9232.15,19,Low,31
38eaf516-dae7-4cad-8c54-8bef70991ce3,Osaka,New York,Japan,United States,Port of Osaka,Port Newark,8819.68,23,Medium,68
99e20ff1-ef52-4d60-8ee7-62b1171fe424,Abu Dhabi,Manchester,UAE,United Kingdom,Jebel Ali,Port of Felixstowe,4605.58,10,Medium,57
9fde566a-5001-40d3-960e-622b4b0d1679,Dubai,Sharjah,UAE,UAE,Jebel Ali,Jebel Ali,291.61,3,Medium,38
35f43100-ae7c-45e7-adaf-27661d7b1267,Bremen,Yokohama,Germany,Japan,Port of Hamburg,Port of Yokohama,10900.34,25,Critical,97
256802cc-305a-420d-9f1d-de5e15f79a52,Chicago,Rotterdam,United States,Netherlands,Port Newark,Port of Rotterdam,12083.16,19,Medium,43
67d9a95c-845a-42b9-a90d-c72b5dcd8aae,Singapore,Felixstowe,Singapore,United Kingdom,Port of Singapore,London Gateway,1792.75,5,Medium,50
6ca70ef8-ba12-4a7e-84d0-024c9dadc4ec,Kolkata,Incheon,India,South Korea,Kolkata Port,Incheon Port,10499.78,19,Critical,89
4b9aa772-a2c1-4b91-910a-8287ff0d0ccc,Busan,Guangzhou,South Korea,China,Port of Busan,Shanghai Port,7935.88,10,Medium,57
b211fe24-c212-406f-ac67-ac1f2fd58658,Singapore,Incheon,Singapore,South Korea,Port of Singapore,Incheon Port,6283.62,10,Low,15
5169c2c4-150c-43e5-9bec-1057044fe75e,Bengaluru,Singapore,India,Singapore,Mundra Port,Port of Singapore,9351.13,12,High,84
97538c3e-09db-4ac3-946c-ab4d6e5fce0f,Houston,Bremen,United States,Germany,Port Houston,Bremerhaven,8060.93,19,Medium,40
78456863-a5f0-4afd-b66e-7ed3ccc8584e,Shenzhen,Houston,China,United States,Shanghai Port,Port of LA,4420.34,10,Medium,61
3c86d69a-22cd-4455-9999-b19eab1685cc,Abu Dhabi,Bengaluru,UAE,India,Jebel Ali,Chennai Port,7514.27,19,Medium,58
e65a81ce-1ce4-4cc9-8d60-abfc24f4f44c,Ahmedabad,Frankfurt,India,Germany,Kolkata Port,Port of Hamburg,3113.19,9,Low,16
54c62c74-8cb5-45fa-b81f-0ff82682233f,Rotterdam,Guangzhou,Netherlands,China,Port of Rotterdam,Shanghai Port,1630.35,7,Low,35
cae37a31-d1cf-4c7f-9bf5-9a58763d7767,Shenzhen,Chennai,China,India,Shenzhen Port,Mundra Port,5713.79,15,Low,23
d5d5dd17-2d3b-497c-8625-c493a3134f7e,Dubai,Delhi,UAE,India,Jebel Ali,Kolkata Port,9174.65,19,Medium,43
fb0a254e-76c6-46b1-aba7-b2a78218417b,Yokohama,Abu Dhabi,Japan,UAE,Port of Osaka,Jebel Ali,9391.75,15,Low,16
51e319dc-a4a8-482e-b1ab-96aaced74ccf,Sharjah,Hamburg,UAE,Germany,Jebel Ali,Port of Hamburg,5944.56,11,Medium,40
883ef939-fb3a-4e8f-8221-10fcf183b7a3,Tokyo,Dubai,Japan,UAE,Port of Osaka,Jebel Ali,5545.36,11,Medium,64
6d1f1452-a4a2-43ba-8199-e084201e7e59,Houston,London,United States,United Kingdom,Port Newark,Port of Felixstowe,5904.95,12,High,73
4e7e688a-0300-4290-84b0-304e716e3dd0,Dubai,Felixstowe,UAE,United Kingdom,Jebel Ali,London Gateway,9520.11,19,Medium,58
b79f9745-410b-40d1-a7a8-4d9f8a94cbce,Yokohama,Singapore,Japan,Singapore,Port of Osaka,Port of Singapore,5348.19,11,Low,21
fbed0eee-ab91-40d9-b1a5-280277651773,Amsterdam,Osaka,Netherlands,Japan,Port of Rotterdam,Port of Osaka,4974.68,9,Medium,43
112138eb-895c-4065-9c56-db95cd2fcad9,New York,Mumbai,United States,India,Port of LA,Chennai Port,10493.02,15,Medium,48
7d331ae9-b6b9-464b-8f42-2cf99ff98f63,Felixstowe,Hamburg,United Kingdom,Germany,Port of Felixstowe,Bremerhaven,861.93,3,Medium,56
6c4879d5-1cd4-4f4f-a615-410f40809b1e,Amsterdam,Singapore,Netherlands,Singapore,Port of Rotterdam,Port of Singapore,2470.32,6,High,75
e994f15a-4db8-4f77-bcd6-f12ed951e49e,Frankfurt,Felixstowe,Germany,United Kingdom,Bremerhaven,London Gateway,1478.76,4,Medium,37
c23a0680-1b48-48e4-857c-27df9ea1432a,Frankfurt,Chennai,Germany,India,Bremerhaven,Chennai Port,10640.68,22,Medium,48
0fa54a0f-c3cc-4be6-9c99-08bd20516841,Busan,Frankfurt,South Korea,Germany,Port of Busan,Bremerhaven,11658.41,19,Critical,87
f16630b8-2af0-4737-9939-700b990b46fd,Amsterdam,Busan,Netherlands,South Korea,Port of Rotterdam,Incheon Port,1486.47,4,Low,32
97f35943-2f53-4faf-9378-23582d48fde5,London,Singapore,United Kingdom,Singapore,London Gateway,Port of Singapore,6079.08,10,High,76
efc0dcfa-aa6d-433a-8c8f-3c632e04dfe0,New York,Chicago,United States,United States,Port Houston,Port of LA,1414.62,6,Medium,50
44dfee22-23d2-45f4-9ae5-a5f2a39521fd,Abu Dhabi,Rotterdam,UAE,Netherlands,Jebel Ali,Port of Rotterdam,268.72,1,High,73
e77396e9-5b6e-487d-b093-ca4cb45cf54b,New York,Chicago,United States,United States,Port of LA,Port Newark,370.16,1,Critical,97
39d71ae1-c320-45e7-9246-b8e0239053a9,Bengaluru,Busan,India,South Korea,Kolkata Port,Incheon Port,8173.98,13,Low,29
f24c7dfe-8506-42cb-9c42-ea4fadb4f880,Rotterdam,Chicago,Netherlands,United States,Port of Rotterdam,Port of LA,894.61,4,Low,34
b5659f68-36c2-4bc6-aedd-56883aeacb9e,Felixstowe,Osaka,United Kingdom,Japan,Port of Felixstowe,Port of Yokohama,2132.47,3,Medium,68
1af3a54e-b8ff-41a4-aedc-75512db8c912,Frankfurt,Yokohama,Germany,Japan,Bremerhaven,Port of Yokohama,3774.72,8,Medium,64
5e131304-6941-4879-9dd0-d52d8e2ddf96,Amsterdam,Incheon,Netherlands,South Korea,Port of Rotterdam,Port of Busan,2667.09,8,Low,23
aa8c74a2-9da1-49dd-9daa-e8fcc74296b9,Shanghai,Shenzhen,China,China,Shenzhen Port,Ningbo-Zhoushan,1400.18,4,Medium,68
63d6ef63-9322-4c89-bd3c-7a026b8ea742,New York,Chennai,United States,India,Port Newark,Mundra Port,2734.99,4,Low,39
3a8c83f3-213c-4c5f-b2c2-bb4e8676cde1,Osaka,Abu Dhabi,Japan,UAE,Port of Yokohama,Khalifa Port,9276.99,16,Medium,65
37887863-6150-4c89-bfb5-6d49be75bbe1,Felixstowe,Osaka,United Kingdom,Japan,London Gateway,Port of Osaka,8018.74,12,Medium,41
6ea5fa92-e743-461c-a6f1-06054e5cc99e,Dubai,Amsterdam,UAE,Netherlands,Jebel Ali,Port of Rotterdam,7691.53,13,High,88
bdf6a833-e0bb-41dd-b969-b6dc9e542686,Hamburg,Shanghai,Germany,China,Port of Hamburg,Ningbo-Zhoushan,2837.7,8,High,79
99e8b5fe-2c7e-4caf-bdef-a0bffefcdae0,Hamburg,Amsterdam,Germany,Netherlands,Bremerhaven,Port of Rotterdam,12092.61,14,Low,26
54760e5d-82d9-486a-af3f-bc0dbd917f06,Seoul,Rotterdam,South Korea,Netherlands,Incheon Port,Port of Rotterdam,12288.5,19,Low,20
f6cbeb77-f49c-4447-b9d7-5c0ec5b86714,Osaka,Shanghai,Japan,China,Port of Osaka,Shanghai Port,9892.06,15,Critical,100
279bcef3-0d16-4331-a46b-63b77e477aec,Amsterdam,London,Netherlands,United Kingdom,Port of Rotterdam,Port of Felixstowe,9183.13,19,Medium,67
f3753b41-7ae3-40c2-9665-1619e8aa07d9,Frankfurt,Seoul,Germany,South Korea,Bremerhaven,Incheon Port,6451.35,12,High,83
3e70ca80-b856-49a5-9599-5f948a82c90c,Houston,Seoul,United States,South Korea,Port Houston,Incheon Port,3469.11,5,Low,45
32c0c7e2-b61b-4849-87c4-ec67ae83d5a7,Dubai,Houston,UAE,United States,Jebel Ali,Port Newark,12368.11,24,Low,43
214d5843-5579-4cdd-a770-1df7fda1faa4,Houston,Shenzhen,United States,China,Port of LA,Ningbo-Zhoushan,3220.78,8,Medium,49
991c68f5-57e3-4406-a97f-56e03260fa47,Felixstowe,Ningbo,United Kingdom,China,Port of Felixstowe,Shenzhen Port,2633.4,7,Low,33
f404b9b1-bc5d-461d-a3f9-cf2f751657e8,Bremen,Rotterdam,Germany,Netherlands,Bremerhaven,Port of Rotterdam,7651.47,18,Medium,46
b00a25ca-e7a4-4305-a13f-43532a378321,Amsterdam,Rotterdam,Netherlands,Netherlands,Port of Rotterdam,Port of Rotterdam,1753.22,4,Low,33
6bc152a2-a7bd-40d6-b129-e8612917e253,Yokohama,Singapore,Japan,Singapore,Port of Yokohama,Port of Singapore,10975.72,20,Medium,44
c389fedb-020a-4465-a56c-964bfa8bcb73,Rotterdam,Osaka,Netherlands,Japan,Port of Rotterdam,Port of Osaka,2838.44,6,Low,20
88285ae6-d9b2-4eaa-a6e4-49ed304530d8,Shenzhen,Seoul,China,South Korea,Shenzhen Port,Port of Busan,9600.87,18,Medium,57
5cb4535b-9c9b-4847-9ba5-71c956f52827,Rotterdam,Seoul,Netherlands,South Korea,Port of Rotterdam,Incheon Port,9774.81,13,Medium,48
43b44bb6-def7-458c-84a2-7e36ecdf1dd0,Osaka,Rotterdam,Japan,Netherlands,Port of Yokohama,Port of Rotterdam,9401.79,20,Critical,93
cff9cb18-9f40-4282-bd72-aa54ed28b115,London,Bremen,United Kingdom,Germany,Port of Felixstowe,Bremerhaven,3970.83,13,Low,18
dc53914d-ceee-45ab-8c51-2ac11cd15780,Hyderabad,Rotterdam,India,Netherlands,Mundra Port,Port of Rotterdam,509.36,1,Medium,61
36d9872a-80f7-483c-8462-d327fe1d61ea,Bremen,Rotterdam,Germany,Netherlands,Bremerhaven,Port of Rotterdam,7376.37,18,Low,35
a1e40e80-22fa-4a0e-b06a-cdc59eb7f7dd,Mumbai,Osaka,India,Japan,Chennai Port,Port of Yokohama,3542.03,5,Low,22
077bc22f-762c-4b1b-9844-6d54b72ecc4d,Incheon,Osaka,South Korea,Japan,Port of Busan,Port of Osaka,5719.61,11,Critical,86
c459c0bb-5b9d-4bd4-b76a-8223f7145be4,Tokyo,Bengaluru,Japan,India,Port of Osaka,Kolkata Port,638.74,2,Low,31
0d7ca8d0-03c5-464b-afbd-ea4bcd20cdd7,Osaka,Hamburg,Japan,Germany,Port of Yokohama,Bremerhaven,8736.73,15,High,73
fa17e5e8-88fb-4e72-97a2-4718d40086b1,Tokyo,Shenzhen,Japan,China,Port of Yokohama,Ningbo-Zhoushan,3796.95,8,Low,32
9f245616-7f1d-465e-ba08-6bd6092c8a42,Shanghai,Dubai,China,UAE,Ningbo-Zhoushan,Jebel Ali,11053.39,13,Low,42
60379ee9-f0b5-4445-9b43-d96ab7346680,Seoul,Osaka,South Korea,Japan,Port of Busan,Port of Yokohama,8389.35,18,Low,25
ca24e39a-17e8-460e-ab11-a7091e2f1b2c,Amsterdam,Houston,Netherlands,United States,Port of Rotterdam,Port Houston,12396.03,26,Low,33
80321385-17fb-44f4-a88b-c593b163536a,Singapore,Rotterdam,Singapore,Netherlands,Port of Singapore,Port of Rotterdam,11239.31,21,Critical,82
0ce481e0-c3ad-460c-b4d1-7e6e2bfd256d,Rotterdam,Chennai,Netherlands,India,Port of Rotterdam,Mundra Port,1899.59,6,Medium,58
c6767317-0665-4604-a027-a58e43457fd0,Frankfurt,Manchester,Germany,United Kingdom,Bremerhaven,London Gateway,1802.36,4,Low,30
cbf288bb-3578-4c56-a709-a6da896b3c5c,Seoul,Hamburg,South Korea,Germany,Port of Busan,Bremerhaven,8491.63,20,Low,20
7cfcc2ed-696a-4f30-bc66-a1415b5d81f5,Guangzhou,Felixstowe,China,United Kingdom,Ningbo-Zhoushan,London Gateway,4008.59,9,Low,25
3b3fed70-0692-4354-b8a9-7e444db2b2bf,Incheon,Tokyo,South Korea,Japan,Port of Busan,Port of Yokohama,7276.69,10,Medium,43
a5b9f077-5ee3-4601-94dd-4b483272fef5,New York,Bremen,United States,Germany,Port of LA,Bremerhaven,2979.28,9,Low,31
74596cb7-bf9f-4007-9375-e6b98dfabf59,Felixstowe,Frankfurt,United Kingdom,Germany,Port of Felixstowe,Port of Hamburg,3473.27,8,Low,23
f8976f7d-5951-4b49-827f-f9bc64d4b686,Incheon,Abu Dhabi,South Korea,UAE,Incheon Port,Khalifa Port,5812.72,9,High,77
b80bdc02-2ca0-45d2-8ee5-2ff5afcc7ac1,Manchester,Busan,United Kingdom,South Korea,Port of Felixstowe,Port of Busan,5755.48,12,Critical,97
c3564211-94d8-4694-bd01-2ffafc55a03b,Rotterdam,Chicago,Netherlands,United States,Port of Rotterdam,Port of LA,8766.82,17,Low,39
8097afea-fc77-41da-bfc8-09277253f449,New York,Singapore,United States,Singapore,Port of LA,Port of Singapore,4508.28,6,Medium,43
b08d3f7c-4334-4ec8-a8fe-d6228ecccc69,Bengaluru,Sharjah,India,UAE,Mundra Port,Khalifa Port,10762.81,22,Low,37
667c69dd-fa92-42cb-9027-57c168650f79,Busan,Hamburg,South Korea,Germany,Incheon Port,Port of Hamburg,3511.87,7,Low,18
a4a888b7-5a09-42f5-a43d-8cd385bfced0,Chicago,Los Angeles,United States,United States,Port Newark,Port of LA,2293.33,4,Medium,51
144f5925-40d0-4984-9bc0-2817d627a8c4,Dubai,Amsterdam,UAE,Netherlands,Khalifa Port,Port of Rotterdam,11928.87,26,Medium,37
5f9453d9-3bd5-4f88-99e3-25e7c6274275,Yokohama,Amsterdam,Japan,Netherlands,Port of Yokohama,Port of Rotterdam,10449.6,15,Medium,54
0a2ec4fa-6311-4ada-a471-4799a1b02376,Hamburg,Bremen,Germany,Germany,Bremerhaven,Bremerhaven,1887.72,5,Low,30
2c142381-d3e6-4524-bcff-9a97b992effc,London,Tokyo,United Kingdom,Japan,Port of Felixstowe,Port of Osaka,8457.45,12,Low,45
fc234d05-8ed5-4299-8b4f-86280eadd542,Singapore,New York,Singapore,United States,Port of Singapore,Port Houston,265.7,3,Medium,36
0cd582b5-3ad6-4d01-911c-f7bfa38a8a3f,Shenzhen,Incheon,China,South Korea,Shenzhen Port,Incheon Port,12320.65,18,Critical,82
2faf66b3-c6d0-4f56-ae6c-874d102facdf,Incheon,Frankfurt,South Korea,Germany,Port of Busan,Port of Hamburg,5705.76,12,Medium,51
8459a573-bf5f-4a84-b164-698eeebd6283,Singapore,Seoul,Singapore,South Korea,Port of Singapore,Port of Busan,8172.81,19,Medium,66
a4a88c9d-234c-4fe9-9e1a-cd248d8edc19,Guangzhou,Amsterdam,China,Netherlands,Shenzhen Port,Port of Rotterdam,10150.81,19,Low,19
905b89aa-bd12-4fc0-8baa-e709252f47f4,Seoul,Amsterdam,South Korea,Netherlands,Incheon Port,Port of Rotterdam,6200.12,11,Low,37
fb9c829d-e942-4f7c-bbf1-1ecd6934d752,Felixstowe,Houston,United Kingdom,United States,Port of Felixstowe,Port Houston,924.14,3,Low,42
2a74a241-ad1c-4459-b24d-11f3469fe05a,Frankfurt,Busan,Germany,South Korea,Port of Hamburg,Incheon Port,3958.52,8,Medium,46
4e35804a-8927-4fb3-bf96-837e33348930,Rotterdam,Shanghai,Netherlands,China,Port of Rotterdam,Shenzhen Port,5265.36,7,Medium,66
b72508d5-63b4-42ed-a1fe-367df4fb6a23,Delhi,Frankfurt,India,Germany,Chennai Port,Bremerhaven,7729.29,19,Low,31
0aed75f8-59d8-4216-b255-b43e18be4ce7,Delhi,Shanghai,India,China,Kolkata Port,Shenzhen Port,12434.41,22,Low,34
94d4e958-c20c-4635-8ef5-7ebe2742b1c9,Rotterdam,Incheon,Netherlands,South Korea,Port of Rotterdam,Incheon Port,1184.56,3,Medium,64
eabb52c2-7e36-4648-a33b-b9b8e85f6aae,Amsterdam,Guangzhou,Netherlands,China,Port of Rotterdam,Ningbo-Zhoushan,4270.21,9,Medium,46
7145cd2a-cf09-4380-8db1-3dbaadcba3a5,Singapore,Incheon,Singapore,South Korea,Port of Singapore,Port of Busan,6480.8,10,Low,35
64dfa20d-3ae8-4ff9-a73a-f741fd842845,Mumbai,Chicago,India,United States,Mundra Port,Port Newark,4475.73,11,Low,25
0123213a-7076-4e0b-a82f-25b6e8575ce7,Manchester,Dubai,United Kingdom,UAE,Port of Felixstowe,Jebel Ali,6927.71,12,High,87
7e9c6173-ff7d-4030-b60b-5d11a1c8727f,Busan,Delhi,South Korea,India,Port of Busan,Chennai Port,9559.48,24,Low,16
5979691f-79fd-4097-a21d-a13d7bd0e656,New York,Manchester,United States,United Kingdom,Port Houston,London Gateway,10718.7,14,Low,45
009372d1-f2d9-492b-8535-539572b20ed8,Bremen,Frankfurt,Germany,Germany,Port of Hamburg,Port of Hamburg,326.52,5,Low,37
86c2ac23-dfe4-4fdb-9b64-270dfc8c5f32,Amsterdam,Rotterdam,Netherlands,Netherlands,Port of Rotterdam,Port of Rotterdam,1192.92,2,Low,41
e0e6a011-7c9a-4b46-99ad-6d059417fd7a,Rotterdam,Houston,Netherlands,United States,Port of Rotterdam,Port Houston,2435.17,5,Medium,42
09f9fe45-cb48-4ffb-a3c3-26e009673b8a,Tokyo,Yokohama,Japan,Japan,Port of Yokohama,Port of Osaka,1748.51,7,Medium,45
4b111525-5f33-4385-ae18-e976ac50c4b4,Amsterdam,Ahmedabad,Netherlands,India,Port of Rotterdam,Mundra Port,4394.64,9,Medium,35
fc773a21-a0ff-4b4b-88fd-ceb2a5a150a0,Rotterdam,Chicago,Netherlands,United States,Port of Rotterdam,Port Newark,908.05,2,Medium,52
fc106a61-1bea-4dfb-a249-6f9bfc487a23,Frankfurt,Dubai,Germany,UAE,Bremerhaven,Jebel Ali,8601.29,18,Medium,63
8a57a17c-ba74-46b7-bd6a-04246bbc8829,Amsterdam,Los Angeles,Netherlands,United States,Port of Rotterdam,Port of LA,1400.9,5,Medium,43
8d6e33dd-123a-404b-babb-573489080f06,Ningbo,Houston,China,United States,Shanghai Port,Port Newark,6768.08,12,Medium,56
173ec934-a758-4c00-99f5-4a627f1c6002,Abu Dhabi,Rotterdam,UAE,Netherlands,Khalifa Port,Port of Rotterdam,5260.52,11,High,85
8bb76114-b5c4-4586-8b0b-27994c335fe1,Singapore,Amsterdam,Singapore,Netherlands,Port of Singapore,Port of Rotterdam,4071.02,9,Medium,38
8d36b022-b32c-4ff8-a082-302b96f589a4,Sharjah,Ningbo,UAE,China,Khalifa Port,Shenzhen Port,7956.28,14,Medium,62
ca5401f2-2dab-4a0f-adf3-34a3fe9279e8,Dubai,Frankfurt,UAE,Germany,Jebel Ali,Port of Hamburg,8364.86,13,Medium,48
85710fad-8407-4d1e-8514-538486fcd1af,Bremen,Abu Dhabi,Germany,UAE,Port of Hamburg,Jebel Ali,5181.59,10,High,73
192b9aaa-2dcd-4779-bd28-c2977c0347d8,Seoul,Busan,South Korea,South Korea,Incheon Port,Port of Busan,2112.23,4,High,77
c4fb4de0-b7eb-4afd-a3c7-07bf12e80e31,Amsterdam,Chicago,Netherlands,United States,Port of Rotterdam,Port Houston,6407.81,10,Low,39
ee631d01-68e3-4265-a633-52a9360e5ec9,Tokyo,Singapore,Japan,Singapore,Port of Osaka,Port of Singapore,9324.97,17,Low,21
3a629a27-77ed-4da7-8099-a77fbe2c168c,Mumbai,Los Angeles,India,United States,Mundra Port,Port Newark,9868.15,13,Medium,35
e40679ac-59e4-4b3b-983e-bf972a270421,Tokyo,Seoul,Japan,South Korea,Port of Yokohama,Port of Busan,7286.68,12,Low,42
6ec8cb8c-6a9a-41ce-b31e-b380906ca8c1,Shanghai,Los Angeles,China,United States,Ningbo-Zhoushan,Port Houston,1607.21,5,Low,35
c234ea4e-a466-4023-8474-2d06cf8f0390,Osaka,Yokohama,Japan,Japan,Port of Yokohama,Port of Osaka,2111.9,4,Low,40
46ba4a94-d121-4f9d-b829-867c2400f1f9,Abu Dhabi,Frankfurt,UAE,Germany,Jebel Ali,Bremerhaven,5848.81,11,Medium,53
acdfe097-2c54-4f04-80e8-4bf88cbc2f42,New York,Hyderabad,United States,India,Port of LA,Nhava Sheva,3489.81,9,Low,41
90686ae5-7c43-46dd-8742-7cdf4561089c,Manchester,Chicago,United Kingdom,United States,Port of Felixstowe,Port Houston,3567.71,5,Low,15
331fb772-86ed-4887-8bbc-fd5e550b0b47,Singapore,Chicago,Singapore,United States,Port of Singapore,Port Houston,9490.67,15,Critical,92
14c4e36e-0a96-447f-abde-5483d28fd708,Manchester,Seoul,United Kingdom,South Korea,London Gateway,Port of Busan,7575.79,15,Low,30
7f99dd88-1f2e-4087-8e3d-f45aa9407994,London,Shenzhen,United Kingdom,China,Port of Felixstowe,Shanghai Port,1913.41,5,Medium,49
ba16965b-514c-4841-a2c6-f2b097e4771a,Los Angeles,Singapore,United States,Singapore,Port Houston,Port of Singapore,1427.55,5,Low,25
159f5ff1-8014-4013-80f0-5d1f640d8a5a,Incheon,Ahmedabad,South Korea,India,Port of Busan,Chennai Port,5687.38,13,Low,17
be2b7ec0-e18d-465f-8b8e-ebb5a8a220e8,Singapore,Manchester,Singapore,United Kingdom,Port of Singapore,London Gateway,1473.98,5,Medium,49
973b3555-6585-4558-b338-13d000c9a89c,Singapore,Guangzhou,Singapore,China,Port of Singapore,Ningbo-Zhoushan,11979.35,14,Critical,97
c06797be-0100-4881-be1f-556822d6713b,Busan,Yokohama,South Korea,Japan,Port of Busan,Port of Yokohama,11952.93,21,Low,24
0ef3e874-c731-4ac8-aaad-562d0693b7f7,Shenzhen,Tokyo,China,Japan,Shanghai Port,Port of Yokohama,2522.03,5,Low,39
f1d5f98b-9e34-4a73-b05e-aff04730c2a6,Abu Dhabi,Rotterdam,UAE,Netherlands,Khalifa Port,Port of Rotterdam,5977.33,14,Low,28
bf320313-b8b2-4bef-957a-b766a2641a7d,Frankfurt,Osaka,Germany,Japan,Port of Hamburg,Port of Osaka,4211.75,9,Low,18
3fa4a8c5-8c2c-42bf-8aca-e0ce0ff0f2e0,Hamburg,Singapore,Germany,Singapore,Port of Hamburg,Port of Singapore,635.34,6,Low,20
347e85ec-a2ab-43c9-be74-43ae3650740e,Abu Dhabi,Tokyo,UAE,Japan,Khalifa Port,Port of Yokohama,9646.76,24,Medium,55
55089181-1a6b-4497-af7f-cb8b7ff99ccf,Sharjah,Abu Dhabi,UAE,UAE,Khalifa Port,Khalifa Port,2350.93,4,High,77
41c330f4-747f-42d0-8923-a1cb4def059a,Singapore,Seoul,Singapore,South Korea,Port of Singapore,Port of Busan,11636.02,21,Medium,68
865517c4-ae18-433d-9f32-877fff462a88,Felixstowe,Yokohama,United Kingdom,Japan,London Gateway,Port of Osaka,4670.7,9,Low,27
49ba8353-e3b4-405b-b3a9-d4f339e2e330,Shenzhen,Yokohama,China,Japan,Ningbo-Zhoushan,Port of Yokohama,2754.1,5,Low,25
1d5b1103-b9b8-434c-a199-e81fa3054346,Sharjah,Houston,UAE,United States,Khalifa Port,Port Newark,11400.15,20,Low,45
49cfbe3b-ecc0-4e2b-9bfa-4fda107fe849,New York,Houston,United States,United States,Port Newark,Port of LA,736.94,1,Low,30
4ae366c6-c361-4045-9fca-0abfdc0e2e47,Tokyo,Amsterdam,Japan,Netherlands,Port of Yokohama,Port of Rotterdam,1637.23,4,High,83
8c91659c-915c-4eec-86ef-777598492347,Abu Dhabi,Singapore,UAE,Singapore,Jebel Ali,Port of Singapore,8883.91,19,Low,29
a85bd951-10e1-4acb-b110-e3b3d7cc2ea7,New York,Tokyo,United States,Japan,Port Houston,Port of Osaka,4291.87,6,Low,21
ebadb054-7049-48b5-b200-f0135dda96bd,Yokohama,Rotterdam,Japan,Netherlands,Port of Osaka,Port of Rotterdam,12202.49,21,Low,29
03a52110-34bc-426b-8e00-1b7f721200bf,Sharjah,New York,UAE,United States,Khalifa Port,Port of LA,10320.87,16,Low,34
2c69fb98-ee1e-4a18-ba74-41ab9cf4ccf5,Chennai,Amsterdam,India,Netherlands,Mundra Port,Port of Rotterdam,5249.58,6,Low,35
642cd6b6-162b-4d48-a2f9-c0c355b55a9a,Rotterdam,Osaka,Netherlands,Japan,Port of Rotterdam,Port of Yokohama,5815.89,12,Medium,65
528981b5-da81-40a6-b89b-1ca4ab941b4e,Los Angeles,Houston,United States,United States,Port Newark,Port Houston,833.67,2,Low,20
dfec7c9c-af78-4db1-905b-2f76e97f1710,Ningbo,Manchester,China,United Kingdom,Shenzhen Port,London Gateway,4475.87,6,Low,31
d746a7e6-f31f-4e77-8c83-0fb1319ac857,Shanghai,Sharjah,China,UAE,Ningbo-Zhoushan,Jebel Ali,9346.2,19,Critical,91
59398941-1e9e-4eab-bfc7-d67fc9e08f85,Hamburg,Singapore,Germany,Singapore,Bremerhaven,Port of Singapore,684.3,3,Low,24
557b93c9-bedd-47e1-9ff0-35df927004d7,Singapore,Guangzhou,Singapore,China,Port of Singapore,Ningbo-Zhoushan,2147.33,5,Medium,61
b2dd6e1a-64d8-48e5-a6b0-1ab7c196b789,Sharjah,Shenzhen,UAE,China,Jebel Ali,Ningbo-Zhoushan,7333.43,16,Low,41
0f7945ea-09c8-44e9-b23d-6fd62236daa5,Seoul,Ahmedabad,South Korea,India,Port of Busan,Kolkata Port,9580.91,18,Medium,61
aff9c3ae-94af-49c1-ad85-a16ae3f1b33c,Kolkata,Busan,India,South Korea,Nhava Sheva,Port of Busan,8995.48,15,Medium,41
39ed86f8-8193-4ba2-afa4-a9ff155c10b6,Los Angeles,Singapore,United States,Singapore,Port Houston,Port of Singapore,582.82,2,Medium,47
7d345439-b63d-47fe-9148-710d4d1e9d7b,Rotterdam,Singapore,Netherlands,Singapore,Port of Rotterdam,Port of Singapore,7259.56,9,Low,34
cfde802e-f9fd-4da1-bdaf-cf19dd191aea,London,Singapore,United Kingdom,Singapore,London Gateway,Port of Singapore,1133.11,4,Medium,54
fef003dd-1cfc-4fbd-ad89-b5d4daaf093e,Ahmedabad,Hamburg,India,Germany,Kolkata Port,Bremerhaven,3341.28,8,High,61
1e902c63-b5f1-4490-83c0-dd3e9acbbf15,Rotterdam,Bremen,Netherlands,Germany,Port of Rotterdam,Bremerhaven,9309.01,19,Low,26
828f9506-458c-4e05-a6c9-5d8e32cda590,Ningbo,Osaka,China,Japan,Shenzhen Port,Port of Yokohama,6106.02,13,Low,36
621056d2-36d1-4e55-bfb3-c2b588503551,Dubai,Abu Dhabi,UAE,UAE,Jebel Ali,Khalifa Port,1115.43,3,Low,31
325ee717-4a72-45da-a509-760a3f232394,Mumbai,Felixstowe,India,United Kingdom,Kolkata Port,London Gateway,9696.32,20,Low,24
af7635b3-a22c-4ed0-b365-1f6e5dbc0f7c,Rotterdam,Shanghai,Netherlands,China,Port of Rotterdam,Shanghai Port,714.82,5,Critical,88
7a5ce969-bd1f-4a4f-b458-a1726d62e139,Guangzhou,Singapore,China,Singapore,Shanghai Port,Port of Singapore,9069.85,16,Low,23
d032aabe-199c-4600-9730-a45e0aec44b9,Ningbo,Amsterdam,China,Netherlands,Shanghai Port,Port of Rotterdam,4421.44,7,Medium,59
014497ab-d50e-447f-9d4a-7044541cb639,Yokohama,New York,Japan,United States,Port of Yokohama,Port Houston,1431.75,7,Medium,35
73e6efca-8d9b-4981-9095-58405a257f86,Rotterdam,Houston,Netherlands,United States,Port of Rotterdam,Port Newark,11549.6,17,Low,22
a6e7dc3c-f399-4ee4-98ad-406b2893b9cf,Seoul,Hyderabad,South Korea,India,Port of Busan,Mundra Port,1261.0,3,Medium,63
0ad4e95f-8fd1-44ad-8ded-0b6e96c7ccab,Houston,Sharjah,United States,UAE,Port of LA,Khalifa Port,5617.98,11,Low,18
bd337c72-77f0-4620-9280-0825d2e7627c,Singapore,Seoul,Singapore,South Korea,Port of Singapore,Incheon Port,3739.37,5,Medium,38
a719cb9a-b19d-48f9-8a28-8dc72a430377,Los Angeles,Ningbo,United States,China,Port Houston,Ningbo-Zhoushan,1481.27,5,Low,18
d138edad-062b-4131-ae57-7894f4b751c2,Abu Dhabi,Amsterdam,UAE,Netherlands,Khalifa Port,Port of Rotterdam,5314.66,12,Low,26
949a99fd-45ee-4b6e-bc37-9a61acc43de5,Delhi,Rotterdam,India,Netherlands,Mundra Port,Port of Rotterdam,7971.11,18,High,69
801471db-6481-465c-a2ec-6654f765fdd5,Kolkata,Incheon,India,South Korea,Mundra Port,Port of Busan,6430.71,10,Medium,51
8e279238-0525-4fa4-8065-2f4d9e5f15cb,Singapore,Rotterdam,Singapore,Netherlands,Port of Singapore,Port of Rotterdam,457.65,4,Medium,49
01781fc2-7a66-42aa-bcb9-36a9eb526642,Ahmedabad,Rotterdam,India,Netherlands,Chennai Port,Port of Rotterdam,8544.3,18,High,80
b3327073-d03e-46b4-9a1a-f71c3cbdd355,Los Angeles,Seoul,United States,South Korea,Port Houston,Port of Busan,1629.52,5,Critical,90
d4a37c49-154a-443d-bda0-1212e3f0d1b0,Yokohama,Bremen,Japan,Germany,Port of Yokohama,Bremerhaven,921.88,6,Low,31
4b3fabe2-f771-4f63-b551-7ed8593365df,Singapore,Incheon,Singapore,South Korea,Port of Singapore,Incheon Port,1233.43,6,Low,24
beb9e9ce-7459-4e97-b2d8-e989c7b4c9b4,Chicago,Delhi,United States,India,Port Newark,Kolkata Port,12452.93,16,Low,21
09423e44-ce96-4992-88ff-0d9f526dba48,Tokyo,London,Japan,United Kingdom,Port of Yokohama,London Gateway,595.99,5,Medium,57
6a8619fb-ebfa-462c-be2f-ce0f5d0d1122,Shanghai,Busan,China,South Korea,Shenzhen Port,Incheon Port,6168.07,10,Medium,58
c1aeb0da-ff9b-4411-943b-d3b3fc6ea017,Guangzhou,Felixstowe,China,United Kingdom,Ningbo-Zhoushan,Port of Felixstowe,7464.5,12,Medium,56
b86e1425-ae2e-4f4f-8005-664a4c581214,Yokohama,Ningbo,Japan,China,Port of Yokohama,Shenzhen Port,10343.43,14,Low,35
bf126c2c-3382-4460-bc75-f17aff07937b,Rotterdam,Seoul,Netherlands,South Korea,Port of Rotterdam,Port of Busan,9945.29,19,High,84
4ffb1b2f-49b9-4bf5-b136-a0897568a7c3,Manchester,Shenzhen,United Kingdom,China,London Gateway,Shenzhen Port,8524.87,14,Low,41
80984b19-cf97-4c08-96d4-f1ed77c5ab00,Singapore,Manchester,Singapore,United Kingdom,Port of Singapore,London Gateway,9671.49,13,Low,38
621c5f89-9993-4bc3-9dd1-515cd308981d,Osaka,Felixstowe,Japan,United Kingdom,Port of Osaka,Port of Felixstowe,6668.76,10,Medium,41
d232d5d5-407e-4462-8773-429ce79d4a2a,Guangzhou,Ningbo,China,China,Shanghai Port,Ningbo-Zhoushan,2280.97,7,Low,35
587e5f41-6a1d-49c4-945d-f8794b0501cf,Felixstowe,Amsterdam,United Kingdom,Netherlands,London Gateway,Port of Rotterdam,2092.44,5,Medium,46
e7d958a3-8c48-4639-a80e-09114089c2c1,Shanghai,Singapore,China,Singapore,Shenzhen Port,Port of Singapore,5336.5,11,Low,28
e1b25d00-7be2-4e85-b6ce-bcf718759b26,Rotterdam,Ningbo,Netherlands,China,Port of Rotterdam,Shanghai Port,5878.22,9,Medium,53
68fe2f03-a2b2-40ad-bea4-594eb76b818c,Ningbo,Felixstowe,China,United Kingdom,Shenzhen Port,Port of Felixstowe,7700.52,15,High,64
33ec0f4e-e113-41d0-b7f9-03ad660d23b3,Manchester,Bremen,United Kingdom,Germany,London Gateway,Port of Hamburg,6657.96,18,Low,38
75423be8-921e-4b4b-967a-5b0c52f73d49,Abu Dhabi,Yokohama,UAE,Japan,Khalifa Port,Port of Osaka,11346.38,18,Medium,51
d4b1c23d-574c-4c54-a978-e537e541b4a2,Kolkata,Bengaluru,India,India,Mundra Port,Nhava Sheva,484.94,4,Medium,56
42da10ff-7551-4225-926a-8598c79700ed,Chicago,London,United States,United Kingdom,Port Newark,Port of Felixstowe,9191.08,16,Low,42
4bceb89e-30fb-4f1d-bc6b-3fc9bc10a44f,Felixstowe,Dubai,United Kingdom,UAE,London Gateway,Khalifa Port,1078.07,2,Medium,35
0203e97b-8d1f-43fe-87f9-f08063af2644,Chicago,Seoul,United States,South Korea,Port of LA,Incheon Port,1577.36,4,High,83
2aff0571-1dba-4d0e-9943-40239ac675a0,Singapore,Ningbo,Singapore,China,Port of Singapore,Shenzhen Port,4196.4,11,Low,17
46690d17-100c-4bf9-b8d3-f783d1b8260c,Frankfurt,Felixstowe,Germany,United Kingdom,Bremerhaven,London Gateway,11133.11,20,Medium,37
897b319a-e64f-4366-939e-739eb39c34f7,Dubai,Guangzhou,UAE,China,Jebel Ali,Ningbo-Zhoushan,10983.08,26,Medium,42
14c16831-ae90-4b7c-9ba6-c4bad171af71,Singapore,Bremen,Singapore,Germany,Port of Singapore,Port of Hamburg,3432.33,8,Low,40
925a8a94-0918-475a-95a1-dbcb33eb4a1e,Ahmedabad,Singapore,India,Singapore,Nhava Sheva,Port of Singapore,340.02,4,Medium,49
d0256c7a-15f8-4f3b-aefc-6c06038ee5d8,Rotterdam,Abu Dhabi,Netherlands,UAE,Port of Rotterdam,Jebel Ali,10493.91,17,Medium,63
bcd7bca0-e363-4898-abb0-e63cb0a8137a,Rotterdam,Shenzhen,Netherlands,China,Port of Rotterdam,Ningbo-Zhoushan,8076.45,10,High,76
0d444e25-2acc-4911-9f2a-73d3c8d50eb5,Ningbo,Bengaluru,China,India,Shenzhen Port,Kolkata Port,3289.39,6,Low,35
050a7dc1-f668-4d59-b74c-9b5027257091,Chicago,Houston,United States,United States,Port Newark,Port of LA,590.16,4,Low,28
dfcf5814-8d6d-483c-94a6-9fc96bfc5708,Felixstowe,Manchester,United Kingdom,United Kingdom,London Gateway,London Gateway,1532.9,7,Low,29
1556cd25-6ff1-4ad8-afc3-4c14ff025a89,Abu Dhabi,Ningbo,UAE,China,Jebel Ali,Ningbo-Zhoushan,7869.36,15,Medium,68
ec88a9c2-daf9-4121-883e-deb839225d38,Guangzhou,Busan,China,South Korea,Ningbo-Zhoushan,Port of Busan,7210.71,20,Low,45
0a5e5755-fab7-4a5b-8239-5e42315d2933,Osaka,Singapore,Japan,Singapore,Port of Osaka,Port of Singapore,9208.8,13,Medium,55
c34d1023-2449-4a5d-8d7d-ad6ca2a67413,Yokohama,Dubai,Japan,UAE,Port of Yokohama,Jebel Ali,1494.97,4,Medium,66
8e13bea1-c1fe-4eae-bcd8-eac793c4998a,Yokohama,Tokyo,Japan,Japan,Port of Yokohama,Port of Osaka,519.05,3,Low,41
a4657b3a-635b-4cab-85c5-a302e37be248,Singapore,Felixstowe,Singapore,United Kingdom,Port of Singapore,London Gateway,12191.59,15,Low,32
93bfb8e7-57d8-49c7-b5ba-9f52024dc3aa,Frankfurt,Dubai,Germany,UAE,Bremerhaven,Jebel Ali,2362.75,6,Low,21
fc457d47-b073-48af-86c1-4dd4646f9aa0,Osaka,Singapore,Japan,Singapore,Port of Osaka,Port of Singapore,5373.24,11,Low,31
1ee51ec6-eeb0-4c96-a5dd-5c1a0fb8886f,Shanghai,Rotterdam,China,Netherlands,Shanghai Port,Port of Rotterdam,5400.24,12,Low,27
e976d485-4d29-46ab-8f4e-7d392ceb3db2,Amsterdam,Singapore,Netherlands,Singapore,Port of Rotterdam,Port of Singapore,5507.68,9,Low,26
c23adec8-cd6d-42ae-9b35-fe181eec4d68,Seoul,Singapore,South Korea,Singapore,Port of Busan,Port of Singapore,7910.26,13,Low,32
05ade679-d01c-4f4b-806e-2c2e05e79e6f,Delhi,Chennai,India,India,Nhava Sheva,Mundra Port,535.31,2,Critical,83
8d15b030-b3a2-4a35-9957-3184a729ce2a,Mumbai,Amsterdam,India,Netherlands,Mundra Port,Port of Rotterdam,1580.78,3,Low,17
44200d6a-6b19-4ec4-bb58-6b54bdbbbc2f,Seoul,Rotterdam,South Korea,Netherlands,Incheon Port,Port of Rotterdam,8842.69,19,Medium,56
a155fbef-5310-4c7a-bb3a-82dea32a65c3,London,Dubai,United Kingdom,UAE,Port of Felixstowe,Jebel Ali,3488.37,7,Medium,46
ea5509bf-277f-4fd5-8b16-77021bbc72f5,Los Angeles,Hamburg,United States,Germany,Port Newark,Bremerhaven,11301.49,17,Low,27
554d426b-b3ab-4723-813f-145b30ffb0d2,Ningbo,Yokohama,China,Japan,Shenzhen Port,Port of Osaka,1920.55,6,Low,35
a9e0dcf8-68b4-4059-9f6b-7c110cbee339,Manchester,Kolkata,United Kingdom,India,Port of Felixstowe,Chennai Port,3381.07,8,Low,43
b80b847d-e334-4260-9f8e-298a7abd09af,Houston,Hyderabad,United States,India,Port Newark,Chennai Port,2017.25,6,Low,35
a66f2d41-4b93-4eb4-ad01-2cbec3bc8ca9,Singapore,Chennai,Singapore,India,Port of Singapore,Mundra Port,11827.04,26,Medium,59
30b3d3b3-f5d5-4b9d-9ca4-e08805f5994f,Abu Dhabi,Ahmedabad,UAE,India,Khalifa Port,Kolkata Port,6527.78,12,Medium,66
1e7ed389-7b64-4b6b-905c-82a0ddc5aa13,Sharjah,London,UAE,United Kingdom,Jebel Ali,Port of Felixstowe,6739.73,15,Low,21
d6de95c3-95aa-4224-8b84-f3b62b5bbc3d,Shenzhen,Rotterdam,China,Netherlands,Shenzhen Port,Port of Rotterdam,2110.62,7,Medium,38
9bd0f163-bdbd-4357-bd88-390ed617c1c6,Manchester,Ahmedabad,United Kingdom,India,London Gateway,Kolkata Port,2993.94,7,Low,29
c875b43d-1910-4429-8a33-3f2a0de11a6f,Sharjah,Bremen,UAE,Germany,Jebel Ali,Port of Hamburg,1898.58,5,High,83
aa5630db-b967-489d-866f-eca46bbfbb27,Rotterdam,London,Netherlands,United Kingdom,Port of Rotterdam,London Gateway,1844.16,7,Low,25
7e426038-305a-4f92-8c3e-1784aaddc3d7,Amsterdam,Singapore,Netherlands,Singapore,Port of Rotterdam,Port of Singapore,5359.2,8,Low,36
37fff594-5e56-4da5-9dd7-79da2a732ed9,Yokohama,Ahmedabad,Japan,India,Port of Yokohama,Chennai Port,2815.08,5,High,81
e58e1c1f-37e7-4a2a-aaf7-2207534679d7,Frankfurt,Bengaluru,Germany,India,Port of Hamburg,Mundra Port,8059.1,11,Low,19
d920f47d-0c53-4699-a2ac-a471a0f46951,Hyderabad,Dubai,India,UAE,Nhava Sheva,Khalifa Port,2888.27,6,Low,22
f628fe40-3c2f-4aa6-a522-acf2a926be1e,Ningbo,Ahmedabad,China,India,Shenzhen Port,Chennai Port,465.0,1,Critical,85
108b1f21-ed19-4ceb-9e88-51f3c238b68b,Singapore,Manchester,Singapore,United Kingdom,Port of Singapore,Port of Felixstowe,1148.28,3,Medium,61
76a7ae2d-9a13-49a2-ba46-244d0f11421c,Tokyo,Yokohama,Japan,Japan,Port of Yokohama,Port of Yokohama,1226.39,2,Low,24
f89b5067-fd1c-437c-a8af-06971d59ad70,London,Rotterdam,United Kingdom,Netherlands,Port of Felixstowe,Port of Rotterdam,8081.42,14,Low,32
d869e408-5805-4f35-920f-08c73fc4b3bc,Rotterdam,Seoul,Netherlands,South Korea,Port of Rotterdam,Port of Busan,3678.69,10,Low,19
7874c5cd-b4e5-4d43-abf3-13a397dc353d,Busan,Bremen,South Korea,Germany,Incheon Port,Bremerhaven,11884.16,23,Low,19
d246dbeb-3c67-426f-ae0a-72c53c4280ea,Los Angeles,Abu Dhabi,United States,UAE,Port Houston,Khalifa Port,9136.9,21,Medium,48
882e6df2-31fc-4565-8bde-2384a7eb53aa,Yokohama,Frankfurt,Japan,Germany,Port of Osaka,Port of Hamburg,7613.8,9,Medium,42
27b62ecb-f2da-44b7-bc91-8a51c9cf9b5a,Frankfurt,Chicago,Germany,United States,Bremerhaven,Port Newark,4510.56,9,Low,31
68ce8e80-8027-4048-9a96-9b6c4748da55,Guangzhou,Tokyo,China,Japan,Shenzhen Port,Port of Osaka,11465.66,22,Medium,63
b4e5e3bc-cbf4-4379-9bc5-e81aa0edade7,Frankfurt,Delhi,Germany,India,Bremerhaven,Mundra Port,11673.77,13,Low,45
976712a8-9254-45c3-aaf4-a8d2bf73fdff,Houston,Shenzhen,United States,China,Port Houston,Shanghai Port,5596.38,9,Low,42
0d6247f9-ec73-498b-89dd-00208c93b0a5,Seoul,Delhi,South Korea,India,Incheon Port,Nhava Sheva,8917.33,15,Critical,90
a337097c-4ed7-4767-b506-26b14b274350,Singapore,Yokohama,Singapore,Japan,Port of Singapore,Port of Osaka,8942.5,16,Medium,36
6c6d9045-9197-4926-b518-f8e594f06096,Incheon,Felixstowe,South Korea,United Kingdom,Port of Busan,Port of Felixstowe,11686.87,25,Medium,67
c76731ec-e77b-452d-b9de-28663e03435f,Frankfurt,Sharjah,Germany,UAE,Bremerhaven,Jebel Ali,3267.14,9,Medium,35
2b184e9e-2b72-4075-8321-8f4d4ce45330,Seoul,Osaka,South Korea,Japan,Port of Busan,Port of Osaka,2655.93,7,High,69
ea962791-7f94-45cc-95ad-eae30ff81144,Hyderabad,Houston,India,United States,Nhava Sheva,Port Newark,5032.51,12,Medium,65
a5349a91-5072-4bed-b280-d797efe7393b,Dubai,Rotterdam,UAE,Netherlands,Khalifa Port,Port of Rotterdam,5733.05,9,Low,20
b37201a5-1ca9-4ce5-8317-a1b0b59fa10a,Chicago,Houston,United States,United States,Port of LA,Port of LA,2383.9,8,Low,28
c6e4b092-7a34-4509-a1d1-092bef7929ba,Bremen,Bengaluru,Germany,India,Port of Hamburg,Mundra Port,4094.98,7,Low,26
6e6589cf-5698-40c0-9c38-b1707dd6367b,Osaka,Tokyo,Japan,Japan,Port of Yokohama,Port of Yokohama,1268.48,6,High,84
a6963910-483f-4aa5-af7f-93abef510312,Shenzhen,London,China,United Kingdom,Shenzhen Port,Port of Felixstowe,3669.99,5,High,60
8aa7474a-1396-4302-87cd-f758a98e4c4f,Abu Dhabi,Hamburg,UAE,Germany,Khalifa Port,Bremerhaven,9918.77,17,Medium,46
aa8e4399-068b-4d97-b86d-984e50145e04,Yokohama,Tokyo,Japan,Japan,Port of Osaka,Port of Osaka,1637.99,7,Medium,62
e6c8f354-795e-45dc-8088-911b370e5ad4,New York,Singapore,United States,Singapore,Port Houston,Port of Singapore,3438.76,9,Low,37
a2fb1cdb-e2f9-4fd3-9aa1-27a27331c699,Hamburg,Chicago,Germany,United States,Bremerhaven,Port Newark,3111.55,8,Low,44
c159a152-9d6c-4b2f-a52c-db6b43d6ced1,Felixstowe,Dubai,United Kingdom,UAE,Port of Felixstowe,Khalifa Port,4999.16,13,Critical,96
7aab5c2c-966b-4516-ae91-88989baa93a8,Houston,Singapore,United States,Singapore,Port Houston,Port of Singapore,4386.42,14,Low,40
95ec3db6-afbf-4a39-86e6-733d2ee241cf,Tokyo,Rotterdam,Japan,Netherlands,Port of Osaka,Port of Rotterdam,4826.89,13,Critical,91
6435b1a8-cb1b-4770-8658-3e3bdf700e3a,Singapore,Hyderabad,Singapore,India,Port of Singapore,Chennai Port,8282.32,13,Low,32
63f0f700-6074-4922-a036-25747132672f,Felixstowe,Singapore,United Kingdom,Singapore,London Gateway,Port of Singapore,11118.14,21,Medium,48
ab16f4e3-1efd-47e7-b389-6e335faf94ad,Tokyo,Bremen,Japan,Germany,Port of Osaka,Port of Hamburg,8652.68,14,Low,20
ce7923b4-af5e-4658-883d-942a9bb186a0,Yokohama,Hyderabad,Japan,India,Port of Yokohama,Chennai Port,6344.29,14,Low,21
ee25d429-e659-4060-9f2e-dbac33349463,Bremen,Sharjah,Germany,UAE,Port of Hamburg,Jebel Ali,3765.38,9,Low,38
669f958f-3498-480e-a51a-e9ecd31d7728,Rotterdam,Houston,Netherlands,United States,Port of Rotterdam,Port of LA,10584.18,23,Medium,38
e734135f-83fd-4fac-b558-cd1519c3e124,Osaka,Kolkata,Japan,India,Port of Yokohama,Mundra Port,10279.16,17,High,69
7b1e6e00-e46f-4631-a39a-6c3d1991a654,Chicago,Osaka,United States,Japan,Port Houston,Port of Osaka,5230.25,8,Low,38
faf8ab3c-47c1-4953-8094-32cbfc517b67,Singapore,Ningbo,Singapore,China,Port of Singapore,Shanghai Port,2467.78,9,Low,39
13acb201-aee5-4ff4-9fe2-be42693e1e03,Osaka,Rotterdam,Japan,Netherlands,Port of Osaka,Port of Rotterdam,2840.99,9,Low,19
0f33724c-f3ea-484b-b0e1-673047fad500,Yokohama,Incheon,Japan,South Korea,Port of Osaka,Incheon Port,6334.83,13,High,72
a0c757b9-a49b-49b7-9b87-75906c66f79d,Ahmedabad,Houston,India,United States,Mundra Port,Port Houston,1374.33,2,High,76
790b72b9-8304-4ab9-9571-1a7a4acd69cd,Seoul,Busan,South Korea,South Korea,Port of Busan,Port of Busan,1718.89,3,Low,18
6d02d912-2b1c-4184-9faa-c9418b029b69,New York,Hyderabad,United States,India,Port of LA,Chennai Port,4631.54,13,Low,42
26e203e7-5735-4039-b41f-d2e4057494cf,Amsterdam,Los Angeles,Netherlands,United States,Port of Rotterdam,Port of LA,3188.33,5,Medium,60
a09d86ec-8e2f-4594-ba18-c57146c3c01c,London,Amsterdam,United Kingdom,Netherlands,Port of Felixstowe,Port of Rotterdam,1076.31,5,Critical,100
9a2b0c75-2f38-419d-b1bd-5f9c3f397ae9,Delhi,Singapore,India,Singapore,Chennai Port,Port of Singapore,6253.38,10,Medium,35
256ae131-1514-40bd-bf32-5aa1f680c550,Mumbai,Rotterdam,India,Netherlands,Nhava Sheva,Port of Rotterdam,2572.79,4,Low,23
eb9d8acf-d157-418b-91d0-fa9e9703cc5a,Tokyo,Houston,Japan,United States,Port of Yokohama,Port of LA,9446.89,19,Medium,48
93e68416-d1b3-4164-8e46-7552d712dcd4,Guangzhou,Manchester,China,United Kingdom,Shanghai Port,Port of Felixstowe,1202.27,4,Low,40
2c590f2b-b3b0-4fa1-90e8-7d6154c036fa,Yokohama,Chennai,Japan,India,Port of Yokohama,Nhava Sheva,6659.04,15,Low,24
05f33bbd-d246-4982-abe9-3024cbb6b104,Amsterdam,Los Angeles,Netherlands,United States,Port of Rotterdam,Port Newark,666.33,2,Low,18
16129ecb-cd99-4736-9b09-28a7b7cb04ec,New York,Frankfurt,United States,Germany,Port Houston,Bremerhaven,3162.33,7,High,76
0e85ec12-a88e-4b24-89dd-2a1d32dea571,London,Bremen,United Kingdom,Germany,London Gateway,Port of Hamburg,3149.73,5,Low,41
ceb620e6-1ee0-43f3-989c-2615ca88811e,Hyderabad,Chicago,India,United States,Chennai Port,Port of LA,11095.14,18,Medium,63
a3513079-303d-41c6-9a07-d45c706989ba,Shanghai,Singapore,China,Singapore,Shenzhen Port,Port of Singapore,9836.68,13,Medium,65
fb0b9659-0003-4145-bf7e-dc0ac4ff8879,Busan,Tokyo,South Korea,Japan,Port of Busan,Port of Osaka,9409.36,11,Low,22
07a4e3ce-ecc2-4d24-900b-559529af0eb8,Singapore,Felixstowe,Singapore,United Kingdom,Port of Singapore,London Gateway,6991.36,10,Low,36
b1c31937-fc43-49f7-84c1-93f6065bdb74,Bremen,Mumbai,Germany,India,Bremerhaven,Mundra Port,2825.1,8,Medium,43
7f295f15-e63d-481f-97c0-f3d8157d2b81,Tokyo,Dubai,Japan,UAE,Port of Yokohama,Khalifa Port,2488.82,4,Medium,49
697aa592-f4ce-4ef9-9fcb-aebaf777f4f8,Chicago,Osaka,United States,Japan,Port Houston,Port of Yokohama,8053.52,18,Low,39
dc14f736-8948-4dbf-ab38-4e260e280e91,Bengaluru,Chicago,India,United States,Mundra Port,Port of LA,2896.75,5,Low,18
b95835fa-8f7a-48a2-86ef-f3fc795587b2,Amsterdam,Ahmedabad,Netherlands,India,Port of Rotterdam,Kolkata Port,10069.27,23,Medium,44
f8d5014c-1af8-4241-86c8-45824fcae4ad,Hamburg,Bengaluru,Germany,India,Port of Hamburg,Kolkata Port,10866.63,14,Medium,57
366b4485-d936-4744-be0a-54f1dcdae036,Singapore,Yokohama,Singapore,Japan,Port of Singapore,Port of Osaka,9081.45,13,Medium,41
67c7fc01-6f2a-40d2-b2a7-3db1352b5e93,Rotterdam,Amsterdam,Netherlands,Netherlands,Port of Rotterdam,Port of Rotterdam,2029.94,3,High,81
47703a6d-edb1-465d-be7e-492c6b458ba6,Guangzhou,Bremen,China,Germany,Shenzhen Port,Bremerhaven,3685.97,8,Medium,37
1f5a6715-75bf-43ca-858f-923bf773a078,Seoul,Hamburg,South Korea,Germany,Port of Busan,Bremerhaven,8166.91,13,Medium,56
7f0105a6-4468-43e8-9832-a649c20a05e1,London,Rotterdam,United Kingdom,Netherlands,Port of Felixstowe,Port of Rotterdam,10114.02,16,High,74
0cca08c1-44ad-4c96-b59b-a7e301b40c0b,Felixstowe,Mumbai,United Kingdom,India,London Gateway,Chennai Port,8179.56,17,Medium,62
dfa18c3d-407c-4830-b041-4fc2a98b0cfc,Manchester,Amsterdam,United Kingdom,Netherlands,London Gateway,Port of Rotterdam,11571.12,24,High,76
831dd9d8-4eff-4c61-bdc0-824da6167959,Singapore,Guangzhou,Singapore,China,Port of Singapore,Shanghai Port,2435.53,4,Medium,45
0e23c618-74c1-4606-9031-ef72bbc6cdf8,Yokohama,Tokyo,Japan,Japan,Port of Osaka,Port of Osaka,1612.39,3,Low,23
ff6ba785-163a-4096-9a73-670f84c4805b,Tokyo,Chennai,Japan,India,Port of Osaka,Kolkata Port,10038.62,20,Low,27
5f52827d-aab9-49c6-8080-90cd2d0b30f2,Bremen,Frankfurt,Germany,Germany,Port of Hamburg,Bremerhaven,728.17,3,Low,43
6c651871-b7fc-4272-b08c-14852a179c6c,Incheon,Abu Dhabi,South Korea,UAE,Incheon Port,Khalifa Port,5703.65,11,Medium,60
035bd976-7fdb-44d8-b336-0f70de97c2f1,Seoul,Shenzhen,South Korea,China,Port of Busan,Shanghai Port,9782.5,14,Medium,42
b6acdc4e-540f-44f2-a4a5-e7dbf6f1af3b,Bremen,Shenzhen,Germany,China,Port of Hamburg,Shanghai Port,11309.64,17,High,64
16d555f1-1326-46ac-b7bf-f821a6942330,Felixstowe,Shanghai,United Kingdom,China,London Gateway,Ningbo-Zhoushan,7861.67,12,High,77
d70daba9-f22f-47b6-b011-832c31be6485,Hyderabad,Guangzhou,India,China,Kolkata Port,Shanghai Port,12164.73,23,Medium,47
09203efa-9745-445d-86ca-fb04f32be8c3,Yokohama,Chicago,Japan,United States,Port of Yokohama,Port of LA,8042.59,14,Critical,83
2d588272-8ea5-4e15-80d3-9c500e9d102f,Houston,Shanghai,United States,China,Port Houston,Shanghai Port,2586.01,4,Low,19
a6c6f939-3851-40cc-8ea0-ebe02541cd6c,Yokohama,Frankfurt,Japan,Germany,Port of Osaka,Bremerhaven,11397.18,20,Medium,47
12d57362-02fa-4865-8d47-d46c59699724,Hamburg,Felixstowe,Germany,United Kingdom,Bremerhaven,Port of Felixstowe,6470.08,17,Low,40
6a95f02b-0c70-4e66-910b-de381990272d,Frankfurt,London,Germany,United Kingdom,Bremerhaven,London Gateway,1658.63,7,Low,34
efa43658-7fb9-46a0-8b51-ed26671486ed,Abu Dhabi,Rotterdam,UAE,Netherlands,Jebel Ali,Port of Rotterdam,8778.89,15,Low,18
9a292cd6-4308-46bc-b30c-bcdede7001ad,Frankfurt,Singapore,Germany,Singapore,Bremerhaven,Port of Singapore,6541.1,8,Medium,42
515a3bb3-b6bd-4ad9-9f87-0ec48c6ae8ac,Amsterdam,Hamburg,Netherlands,Germany,Port of Rotterdam,Bremerhaven,2616.06,6,Medium,44
c8b7b1ae-8f5c-4327-bf6d-c3474cafb837,Dubai,Singapore,UAE,Singapore,Jebel Ali,Port of Singapore,8954.36,17,Medium,54
d0ed8bc0-1b5e-4897-8b13-198cb3dc7beb,Shanghai,Singapore,China,Singapore,Ningbo-Zhoushan,Port of Singapore,4539.79,11,High,82
51228b0b-b2f7-427c-a0bb-26a9ae8d32f5,Singapore,Incheon,Singapore,South Korea,Port of Singapore,Incheon Port,252.36,2,Medium,35
92e96892-c669-4e59-9a05-b777b18b43df,Sharjah,London,UAE,United Kingdom,Jebel Ali,Port of Felixstowe,4501.48,10,Medium,36
1bc16a7a-95d0-4533-8190-d177e22504e7,Chicago,Shenzhen,United States,China,Port Houston,Ningbo-Zhoushan,3897.97,7,Low,30
0e9f7ee9-3bf1-418c-adbf-f2a0a8e4489c,Dubai,Ningbo,UAE,China,Jebel Ali,Ningbo-Zhoushan,5148.14,13,Low,19
feaf3d2d-9700-49a6-b280-e50b3758344a,Singapore,Incheon,Singapore,South Korea,Port of Singapore,Incheon Port,3689.64,11,Medium,62
81941545-21a0-4e18-8d73-10a3aae77ca6,Tokyo,Singapore,Japan,Singapore,Port of Osaka,Port of Singapore,6769.91,9,High,86
fa467eac-c897-4c54-823b-7b91a5277f7a,Singapore,Hyderabad,Singapore,India,Port of Singapore,Kolkata Port,3766.2,10,Low,35
a194bf79-e991-47e2-a88e-9e0a8027604c,Tokyo,Manchester,Japan,United Kingdom,Port of Yokohama,Port of Felixstowe,5210.71,9,Low,45
dd6e1fc2-4943-4abb-b772-8d9a3db8f67c,Singapore,Amsterdam,Singapore,Netherlands,Port of Singapore,Port of Rotterdam,1770.69,6,Low,18
d009923c-c3d9-4a3c-a5fe-1caf45706c0f,Chennai,Rotterdam,India,Netherlands,Kolkata Port,Port of Rotterdam,11074.72,18,Low,20
f150ca91-7e53-4996-83f1-cc0936f25b61,Shenzhen,Shanghai,China,China,Ningbo-Zhoushan,Shenzhen Port,2166.9,5,Low,40
c775902f-e287-444c-b4c5-5c6cfac1b83b,Rotterdam,Osaka,Netherlands,Japan,Port of Rotterdam,Port of Osaka,4828.18,10,Low,29
c5129c4c-9423-4c52-bdc5-d309a0e72da8,Sharjah,Dubai,UAE,UAE,Khalifa Port,Khalifa Port,2133.22,3,Low,44
43d4f32e-6482-4802-ad93-239bb238ee59,Incheon,Sharjah,South Korea,UAE,Incheon Port,Khalifa Port,9634.43,16,Medium,45
f5834b7c-af65-46ff-b454-9b1268376725,Shanghai,Hyderabad,China,India,Shenzhen Port,Mundra Port,4473.77,7,High,87
132e9d6c-0bd1-49e6-ac62-8dd9fa1df63c,Amsterdam,Delhi,Netherlands,India,Port of Rotterdam,Kolkata Port,9857.84,17,Medium,38
1458afda-a8b2-413d-8b53-446c441083db,London,Osaka,United Kingdom,Japan,London Gateway,Port of Osaka,11232.98,20,Medium,65
8d0f9071-1558-4b64-a7d8-09ddb7909f46,London,Houston,United Kingdom,United States,Port of Felixstowe,Port Newark,12313.55,15,Medium,65
28ea8903-8451-4e26-8c2e-83405a568b84,Ningbo,Hamburg,China,Germany,Shenzhen Port,Port of Hamburg,8208.37,14,Low,27
db510e17-ce28-43dc-b741-842234f9d811,Hamburg,Houston,Germany,United States,Bremerhaven,Port Newark,10676.15,24,Critical,95
ef7fce8f-62f0-4fe1-9773-b638f7e0a911,Singapore,Amsterdam,Singapore,Netherlands,Port of Singapore,Port of Rotterdam,5720.92,10,Low,41
20f994aa-66c6-4be7-bf5f-cba405c941d9,Rotterdam,Dubai,Netherlands,UAE,Port of Rotterdam,Khalifa Port,5919.18,7,Low,18
42463e7b-8f8e-419e-9029-52a5274a5850,Singapore,Bengaluru,Singapore,India,Port of Singapore,Nhava Sheva,3401.31,8,Medium,57
251bbe3e-d7df-4e25-b342-cc0ac3a52cca,Hamburg,New York,Germany,United States,Port of Hamburg,Port Newark,5285.88,8,Medium,63
b04ce2b6-a670-401b-924c-8ceeeec01d35,Hamburg,Amsterdam,Germany,Netherlands,Port of Hamburg,Port of Rotterdam,1780.39,4,Critical,92
e4c8256d-370c-431b-8af9-a6caa389efd6,Incheon,Seoul,South Korea,South Korea,Port of Busan,Port of Busan,186.16,5,Critical,90
4294db10-45a8-4ac5-a4f6-d2d5fef4edea,Delhi,Felixstowe,India,United Kingdom,Mundra Port,London Gateway,1774.24,5,Low,38
2e40613e-4a3e-483d-94d6-a08b65098cfe,New York,Yokohama,United States,Japan,Port Newark,Port of Yokohama,785.39,4,Low,18
13b32053-3c0d-4f17-875c-e25901248f5b,Incheon,Amsterdam,South Korea,Netherlands,Port of Busan,Port of Rotterdam,12251.36,17,Low,39
4ea63829-9db0-4bec-bfd9-ac11472a784f,Seoul,Houston,South Korea,United States,Port of Busan,Port of LA,1623.73,3,Low,22
efe1333a-8943-44ad-a5a8-f10fd0f26f85,Los Angeles,Shanghai,United States,China,Port Houston,Ningbo-Zhoushan,9618.2,22,Low,18
b2fb595f-cb4f-4d07-996b-2d9159022a5a,Ningbo,Osaka,China,Japan,Shenzhen Port,Port of Osaka,5366.68,10,Medium,53
85a46808-4366-4969-8a88-8acba6e51327,New York,Ningbo,United States,China,Port Newark,Shanghai Port,3524.47,8,Medium,58
d88dd0d8-aa81-4d3d-9db0-ca414bb807fe,Rotterdam,Manchester,Netherlands,United Kingdom,Port of Rotterdam,London Gateway,7577.51,18,Low,17
951ec8cd-a017-4ad0-9323-53d4848a6d04,Incheon,Hamburg,South Korea,Germany,Incheon Port,Port of Hamburg,6386.38,10,Low,20
232c558b-3777-4f84-936a-52b540ef3396,Amsterdam,Hamburg,Netherlands,Germany,Port of Rotterdam,Bremerhaven,586.34,4,Medium,38
c6b370a9-2c52-487e-89dd-1130d5e96e50,Ningbo,Seoul,China,South Korea,Shenzhen Port,Incheon Port,10735.92,21,Low,20
f98d9eed-ba65-43d0-a5d5-855039e3d3ab,Bremen,Busan,Germany,South Korea,Port of Hamburg,Incheon Port,6239.49,10,Low,20
2009a0b9-16a7-474c-ab8b-3c6369191fe4,Manchester,Houston,United Kingdom,United States,London Gateway,Port Houston,6238.05,17,Low,41
b96ef0d3-3a2c-4ad5-b9dc-58982fd5fa63,Shanghai,Abu Dhabi,China,UAE,Ningbo-Zhoushan,Khalifa Port,6818.58,9,Low,42
91b96de5-1da2-43aa-832e-48718f825a2d,Yokohama,Frankfurt,Japan,Germany,Port of Osaka,Port of Hamburg,9740.13,25,Low,28
7d96108c-58df-4fa2-8afd-d5305897cf84,Singapore,Ahmedabad,Singapore,India,Port of Singapore,Nhava Sheva,7869.07,13,Low,18
4ec9cc0f-5b7e-49a3-9f13-5462cb81a913,Osaka,London,Japan,United Kingdom,Port of Yokohama,Port of Felixstowe,5143.18,7,Medium,38
20fc98ae-3017-4c08-aaeb-f1d4f2e339cb,Los Angeles,Busan,United States,South Korea,Port Houston,Incheon Port,1191.34,5,Low,23
0d3b221e-88a1-4d87-a266-6d30f2f00d28,Hyderabad,Hamburg,India,Germany,Chennai Port,Bremerhaven,289.11,4,Low,23
8a6a1a06-c71c-414d-b2c3-ff4a74146a7e,Hamburg,Singapore,Germany,Singapore,Bremerhaven,Port of Singapore,4688.83,12,Medium,44
2d5ee024-6829-4e78-8c71-c2a07cf6b519,Incheon,Tokyo,South Korea,Japan,Port of Busan,Port of Osaka,9980.27,16,Medium,40
949fb55f-672d-4884-83d2-f1fa440f1ad9,Osaka,Shenzhen,Japan,China,Port of Yokohama,Shenzhen Port,12473.01,25,Medium,39
a7c30c1d-4042-4e99-b4e3-76ee0961786c,Abu Dhabi,Osaka,UAE,Japan,Jebel Ali,Port of Yokohama,755.97,3,High,86
5c38b4b0-ce0a-4575-873e-5b9cde9674cc,Singapore,Shanghai,Singapore,China,Port of Singapore,Ningbo-Zhoushan,11792.81,22,Low,37
b0f145bc-869f-4186-a43d-4d8a1e5cc707,Hyderabad,Tokyo,India,Japan,Mundra Port,Port of Yokohama,2633.49,4,Medium,44
e0465b0e-b684-4340-90e5-1fd99572b257,Singapore,Houston,Singapore,United States,Port of Singapore,Port Newark,2825.94,8,Low,24
dbfd41c3-0862-4c3d-a0d5-170150d6b96e,Rotterdam,Amsterdam,Netherlands,Netherlands,Port of Rotterdam,Port of Rotterdam,642.95,2,Low,42
a7562c85-733a-4eee-9480-8988144309a0,Shanghai,Sharjah,China,UAE,Shanghai Port,Jebel Ali,7867.37,14,Low,32
294b09b3-d2df-4459-9688-74afe91a8b68,Osaka,New York,Japan,United States,Port of Osaka,Port of LA,1925.17,7,Medium,35
afbc0327-c7b0-4d11-aa14-e11b7e32e89e,Singapore,Felixstowe,Singapore,United Kingdom,Port of Singapore,Port of Felixstowe,11404.92,28,High,77
2d451378-5537-484c-943e-3afd579a36b8,Singapore,Guangzhou,Singapore,China,Port of Singapore,Shanghai Port,3257.88,8,High,69
462cb414-9078-4173-afe1-ced6acc7f64a,Felixstowe,Tokyo,United Kingdom,Japan,London Gateway,Port of Osaka,11499.41,16,High,66
a88d7502-767e-47a4-b1eb-40feb050b1d1,Houston,Bremen,United States,Germany,Port Houston,Bremerhaven,4108.0,7,High,69
161bfa07-2885-4f14-a6a4-c71a0992c030,Felixstowe,Tokyo,United Kingdom,Japan,Port of Felixstowe,Port of Osaka,1183.62,5,High,74
5d540c14-0909-4789-9b3e-96dfee7557c3,Chicago,Singapore,United States,Singapore,Port Newark,Port of Singapore,10622.12,17,High,82
97a02e58-ac07-485f-ba5b-6793f6cab5d0,Bengaluru,Delhi,India,India,Mundra Port,Nhava Sheva,2190.82,7,Low,39
d11fce17-5c29-46d0-ae7c-d58f9366e9ff,Busan,Chennai,South Korea,India,Port of Busan,Chennai Port,2265.08,3,Low,22
7e146a1e-3a67-4d9a-bf34-67447c33c5b7,Felixstowe,Kolkata,United Kingdom,India,Port of Felixstowe,Kolkata Port,8811.81,18,Low,23
6df2c690-35e8-414d-a2ea-2c636431c8e7,Bremen,Hyderabad,Germany,India,Bremerhaven,Mundra Port,12491.6,17,Low,43
7e1fb980-e619-48a9-baa9-819e84444248,Ningbo,Shanghai,China,China,Ningbo-Zhoushan,Ningbo-Zhoushan,668.43,2,Low,28
8c52b1eb-8b7b-4555-845b-322870a641ea,Dubai,Guangzhou,UAE,China,Khalifa Port,Ningbo-Zhoushan,8960.96,16,Low,38
c7c98353-6ebf-4b35-b3d5-9e65ab4dde26,Seoul,Frankfurt,South Korea,Germany,Incheon Port,Bremerhaven,9880.1,16,Medium,59
f1f5174d-575f-42b9-9554-8541b79bb8f9,Los Angeles,Abu Dhabi,United States,UAE,Port Newark,Khalifa Port,2588.36,9,Low,38
3b27f183-de91-4314-8e74-2cc5a10d2363,Amsterdam,Osaka,Netherlands,Japan,Port of Rotterdam,Port of Osaka,5070.56,10,Low,41
4fff880c-df2b-4ec6-aa7d-af3ebd2c864a,Dubai,Houston,UAE,United States,Jebel Ali,Port Newark,1746.59,3,Medium,64
2a54e6b6-98a9-4e52-8626-dbe343448d9f,Yokohama,Manchester,Japan,United Kingdom,Port of Osaka,London Gateway,10480.45,22,Medium,62
4dcc6704-8868-42ae-a3cd-b04d2a115e4a,Sharjah,Osaka,UAE,Japan,Khalifa Port,Port of Osaka,3101.19,8,Medium,64
e2b88766-02d3-472a-abce-6a7ffba5567a,Abu Dhabi,Los Angeles,UAE,United States,Jebel Ali,Port Houston,11058.47,16,Medium,62
ecf2ab22-d73b-4975-8995-31a60511cf52,Guangzhou,Shenzhen,China,China,Ningbo-Zhoushan,Ningbo-Zhoushan,1561.84,5,Medium,40
39e7a033-5df3-43b3-ad84-a9aaa5b4d7cf,Rotterdam,Frankfurt,Netherlands,Germany,Port of Rotterdam,Port of Hamburg,8123.54,18,Low,36
b867f216-6e17-4d8f-a42f-c6b64a58eff3,Singapore,Incheon,Singapore,South Korea,Port of Singapore,Incheon Port,4696.77,10,High,80
670454bf-5f43-4bfc-b56d-ee60b0ef6616,Manchester,Guangzhou,United Kingdom,China,Port of Felixstowe,Shenzhen Port,6963.74,12,Medium,35
6bf4868b-7c94-493c-bfed-7b887b3ad1a4,Hamburg,Singapore,Germany,Singapore,Port of Hamburg,Port of Singapore,6221.29,11,Low,43
3df9cf5a-afc4-4766-971a-a66a05584317,Shanghai,Delhi,China,India,Shenzhen Port,Chennai Port,8007.01,18,Low,20
815ca9b9-77ea-4ce1-86e1-2b77cac63df2,Rotterdam,Singapore,Netherlands,Singapore,Port of Rotterdam,Port of Singapore,11405.35,23,Low,16
7928f22f-f65c-45e4-a322-794835e359fd,Frankfurt,Abu Dhabi,Germany,UAE,Port of Hamburg,Jebel Ali,2760.32,5,Medium,46
7a67ae41-e6d5-445b-aa06-8dcab74f85fd,Seoul,Yokohama,South Korea,Japan,Incheon Port,Port of Osaka,7160.24,13,Low,35
968ceaab-f986-497d-8f3a-89abc6b9e2db,Felixstowe,Shanghai,United Kingdom,China,Port of Felixstowe,Ningbo-Zhoushan,5728.63,15,Medium,60
868c7904-ef9c-4c9a-bfc2-8aba90fe7d75,Delhi,Ningbo,India,China,Chennai Port,Shenzhen Port,3869.71,9,Low,20
ff1fc1da-f2de-42e8-8abe-283627bc96fd,Rotterdam,Seoul,Netherlands,South Korea,Port of Rotterdam,Port of Busan,10188.34,14,Critical,86
ab9858c9-e12d-4ad2-ad7b-39eba395e227,Amsterdam,Busan,Netherlands,South Korea,Port of Rotterdam,Port of Busan,4937.12,9,Low,28
0bde38f9-3eb9-4a22-8a37-1b97744084ca,Busan,Houston,South Korea,United States,Incheon Port,Port Houston,7700.54,13,High,88
2e279642-00e8-4aa1-89f8-d001dfb2d9c4,Shenzhen,Yokohama,China,Japan,Shenzhen Port,Port of Osaka,1754.42,4,Low,24
397bc2d8-c458-40e7-9614-b46f4fa15d4b,Ningbo,Hamburg,China,Germany,Ningbo-Zhoushan,Port of Hamburg,1004.11,2,Low,25
b4bd8800-aec1-4428-af3d-6febf726e41a,Chennai,Busan,India,South Korea,Nhava Sheva,Port of Busan,6740.73,17,Medium,44
7f13b79a-b0cd-41ef-b4e8-a4d6eba9ee71,Rotterdam,Manchester,Netherlands,United Kingdom,Port of Rotterdam,London Gateway,2434.99,8,Medium,54
4e297017-563c-460c-8a93-beb769a87b96,London,Shanghai,United Kingdom,China,London Gateway,Shanghai Port,513.12,5,Low,20
6ce94033-67e1-4a78-8c0a-a9beeef1e735,Seoul,Singapore,South Korea,Singapore,Incheon Port,Port of Singapore,730.59,3,Medium,48
b86cc23c-1313-42e3-b7f3-44184e5d7a20,Mumbai,Felixstowe,India,United Kingdom,Nhava Sheva,Port of Felixstowe,10317.26,17,High,70
b8591fe2-65d4-48d9-9b99-0c273acd5c7a,Bengaluru,Singapore,India,Singapore,Nhava Sheva,Port of Singapore,12305.33,20,Medium,61
15ef26fc-30c4-4086-b166-b4f7cd2fc66b,Busan,Chennai,South Korea,India,Incheon Port,Mundra Port,5882.88,13,Medium,55
118ac75d-a2c5-4182-b891-19b625919e3e,Osaka,Manchester,Japan,United Kingdom,Port of Osaka,London Gateway,3397.73,5,Low,31
6dc000a9-14ae-43d7-99ef-3dba8280703a,Abu Dhabi,Amsterdam,UAE,Netherlands,Khalifa Port,Port of Rotterdam,9392.58,14,Low,38
c4f7b4ad-4d03-49ac-8193-b3c32b13e338,Frankfurt,Rotterdam,Germany,Netherlands,Port of Hamburg,Port of Rotterdam,5229.32,9,Low,38
d6a0871d-b446-440e-9fe0-39230224cf5f,Seoul,Ahmedabad,South Korea,India,Incheon Port,Mundra Port,4785.62,8,Medium,67
66e27488-25b9-4781-98d5-cdf72352f236,Singapore,Osaka,Singapore,Japan,Port of Singapore,Port of Osaka,5665.4,15,Medium,45
768fd286-00b5-465f-bbf7-b94048d76473,Bremen,Singapore,Germany,Singapore,Bremerhaven,Port of Singapore,3709.4,10,Medium,37
6609540c-4d20-476d-adb8-c65772d97c68,Los Angeles,Seoul,United States,South Korea,Port Newark,Incheon Port,10171.55,16,Low,17
9f461723-c1d4-483b-a668-d75577fbbb0d,Busan,Guangzhou,South Korea,China,Incheon Port,Ningbo-Zhoushan,3007.87,11,Low,26
28996b5d-1266-4384-ba0a-41c42858b050,Manchester,Osaka,United Kingdom,Japan,Port of Felixstowe,Port of Osaka,2337.71,4,High,85
066f9cb0-5e09-4be5-891c-56eda46060bb,Los Angeles,Seoul,United States,South Korea,Port Newark,Port of Busan,6157.39,9,Low,37
9b2fe2ea-1af1-4156-92c2-b97338a2ab4e,Manchester,Osaka,United Kingdom,Japan,London Gateway,Port of Yokohama,8489.09,13,Low,20
6bd6571e-7142-46e9-b076-a441a655b714,London,Kolkata,United Kingdom,India,London Gateway,Nhava Sheva,10330.7,17,Low,24
d90d84ae-9c1f-4d84-8cc8-d7f47113cb55,Hamburg,Felixstowe,Germany,United Kingdom,Bremerhaven,London Gateway,9867.34,17,Low,32
96b5c8e1-0d07-4637-a490-499504a37532,Bengaluru,Hamburg,India,Germany,Kolkata Port,Bremerhaven,11140.66,17,High,81
ac400a06-d2d9-467d-ac2b-91f1a77a4c8e,Los Angeles,Manchester,United States,United Kingdom,Port Houston,London Gateway,10298.7,20,Low,30
410ad725-3599-4955-913d-5edefe1948aa,Shenzhen,Abu Dhabi,China,UAE,Ningbo-Zhoushan,Khalifa Port,968.16,2,Low,42
be397876-2c7c-47c7-b325-ad8ba57c9b87,Chicago,Singapore,United States,Singapore,Port Houston,Port of Singapore,7940.91,16,Low,39
8240a45e-4242-4b71-aeb9-c16607d106ac,Houston,Bengaluru,United States,India,Port Newark,Mundra Port,11505.0,25,Medium,65
d2d515f8-b611-4a7c-bd54-c097f1e2e5ea,Frankfurt,Shanghai,Germany,China,Bremerhaven,Shanghai Port,12264.12,18,Low,26
60d2e483-7491-48de-900a-efbbd81610b8,Houston,Abu Dhabi,United States,UAE,Port Newark,Jebel Ali,4313.84,8,Low,45
768f0393-35bb-48a0-8ff7-26cbf3963272,Amsterdam,Abu Dhabi,Netherlands,UAE,Port of Rotterdam,Khalifa Port,4682.35,9,Medium,36
f1da0bff-66dc-4fee-b02e-a497a6a18da2,Abu Dhabi,Yokohama,UAE,Japan,Khalifa Port,Port of Yokohama,10758.37,20,Medium,35
6631fa3d-bf5b-451d-83dc-713de1f2a67c,Incheon,Houston,South Korea,United States,Port of Busan,Port of LA,11524.18,19,Low,16
535dc93a-30ce-4b17-acf6-a80cd2280720,Singapore,Rotterdam,Singapore,Netherlands,Port of Singapore,Port of Rotterdam,1026.88,4,High,63
6831663a-7ea9-4e52-a8a6-bd4558ac99e9,Sharjah,Tokyo,UAE,Japan,Jebel Ali,Port of Osaka,11097.12,13,High,80
2c1906dc-33e9-4b3c-8945-ed7ada2a2e11,Incheon,Houston,South Korea,United States,Incheon Port,Port of LA,8130.96,19,Low,34
6c02c9e3-ca64-42ce-a5d2-a53848fae655,Osaka,Houston,Japan,United States,Port of Yokohama,Port Newark,5519.91,8,Medium,42
7be1e9e7-c673-4f77-81a8-da20a5b72cd3,Rotterdam,Tokyo,Netherlands,Japan,Port of Rotterdam,Port of Osaka,8798.05,14,Low,39
194e91ef-af03-4912-bda2-fe5e76220521,Abu Dhabi,Ahmedabad,UAE,India,Jebel Ali,Nhava Sheva,4264.0,12,Medium,67
543c61a2-14a2-4863-b8b9-9398f6035731,Singapore,Felixstowe,Singapore,United Kingdom,Port of Singapore,London Gateway,9761.64,25,Low,18
b3766382-7eb4-4fd3-b572-b88097e1eddd,Abu Dhabi,Frankfurt,UAE,Germany,Jebel Ali,Port of Hamburg,7636.33,13,Low,39
3db02101-d66a-4fbf-930c-97256988ca9d,Amsterdam,Shanghai,Netherlands,China,Port of Rotterdam,Ningbo-Zhoushan,5831.9,7,High,81
f2d35457-c68a-4418-bff3-517364c22ff2,Los Angeles,Hyderabad,United States,India,Port of LA,Chennai Port,9431.65,14,Medium,64
d2884199-7823-4114-a185-205496eea9c4,Busan,Frankfurt,South Korea,Germany,Incheon Port,Port of Hamburg,1403.26,6,Low,33
fcc331e7-057e-4245-ab18-55e71fd64c21,Kolkata,Ningbo,India,China,Nhava Sheva,Shenzhen Port,3227.18,7,Medium,62
6eef20d6-3e77-4f3a-af55-5869981519df,Dubai,Sharjah,UAE,UAE,Khalifa Port,Jebel Ali,2145.21,5,Low,41
c5b497d4-6cbc-4098-b518-e6718fa601ec,Abu Dhabi,Tokyo,UAE,Japan,Jebel Ali,Port of Yokohama,1345.27,4,Medium,49
a0d2a28c-0307-4da4-a567-c5d3b844a6b4,Osaka,Delhi,Japan,India,Port of Yokohama,Mundra Port,5222.59,7,Medium,62
e6989324-7a70-4e87-bc56-eeeebc67146e,Hamburg,Dubai,Germany,UAE,Bremerhaven,Khalifa Port,902.45,6,Low,24
de64cac1-5ed8-4f05-89e0-609479ced2f4,Kolkata,Frankfurt,India,Germany,Kolkata Port,Bremerhaven,2430.83,5,Medium,56
362bb529-f6b3-41b2-a678-48e28264c654,Shanghai,Manchester,China,United Kingdom,Ningbo-Zhoushan,London Gateway,9197.5,14,Medium,54
2e9987e4-d3db-49e9-b247-70fcd18f46c5,Ningbo,Chennai,China,India,Shenzhen Port,Mundra Port,10351.36,17,Low,43
bb597d95-daa7-4c4e-ae7a-87d56787ed45,Rotterdam,Dubai,Netherlands,UAE,Port of Rotterdam,Khalifa Port,4095.95,7,Medium,42
7a1e9078-22b8-417d-87f2-f4814ef221ed,Yokohama,Ningbo,Japan,China,Port of Yokohama,Shanghai Port,6701.34,17,Low,24
4019458e-d0bc-4013-a8c8-2089fa3a72a9,Sharjah,Manchester,UAE,United Kingdom,Khalifa Port,London Gateway,7799.4,12,Medium,56
a22094b3-832e-4e87-83cd-5b257e9588a6,Ningbo,Osaka,China,Japan,Shanghai Port,Port of Yokohama,5713.58,16,Low,30
ff6620e6-084b-4dac-a3cb-91b68520e2ab,Hyderabad,Sharjah,India,UAE,Chennai Port,Jebel Ali,11570.05,25,High,67
07bf3507-dd01-4727-9fbd-361168395b7f,Mumbai,Bremen,India,Germany,Kolkata Port,Port of Hamburg,3604.01,7,Medium,47
0da7a6a8-8607-413d-99d1-a8bbde565cb2,Mumbai,Ningbo,India,China,Kolkata Port,Ningbo-Zhoushan,8428.49,12,Medium,51
3ffd9663-7fa9-42e8-8fd5-41503f8212b2,Ningbo,Tokyo,China,Japan,Ningbo-Zhoushan,Port of Yokohama,3662.14,10,Critical,84
1b2ebd2b-fe4a-4181-93cd-f97f1931fa4c,Ahmedabad,Delhi,India,India,Chennai Port,Nhava Sheva,763.24,3,Low,22
848366ee-0fdb-444b-a998-2ff24847ac5f,Seoul,London,South Korea,United Kingdom,Port of Busan,Port of Felixstowe,6259.08,10,Low,35
401b095c-3bfe-4288-95da-c93479c5aeba,Seoul,Incheon,South Korea,South Korea,Incheon Port,Incheon Port,848.45,3,Critical,84
7809d2f6-e99e-416f-b61e-6ecf1d698138,Busan,Amsterdam,South Korea,Netherlands,Port of Busan,Port of Rotterdam,2785.14,7,Medium,46
64b5ee63-a1fb-4227-872f-ca04408f42f8,Singapore,Manchester,Singapore,United Kingdom,Port of Singapore,London Gateway,12429.38,18,Low,39
9790d807-a400-4a77-a188-de8544930ac6,Kolkata,Guangzhou,India,China,Kolkata Port,Ningbo-Zhoushan,4655.59,14,Low,40
ef3191c9-e4c0-4c01-b96a-dcb4d851440b,Felixstowe,Sharjah,United Kingdom,UAE,Port of Felixstowe,Khalifa Port,2524.31,9,Medium,38
26964f61-6903-4bb5-b020-888e228d29fc,Houston,Los Angeles,United States,United States,Port Newark,Port of LA,1681.14,4,High,78
a6702011-703e-4110-8fff-67657e394bc1,Delhi,Hyderabad,India,India,Mundra Port,Kolkata Port,1815.95,5,Low,33
8f649767-3252-4bda-bc61-dddcba9f95f4,Houston,Singapore,United States,Singapore,Port Houston,Port of Singapore,7690.84,12,Low,23
ce7416d1-4dd3-451d-8a55-62db5b681b7b,Incheon,Abu Dhabi,South Korea,UAE,Incheon Port,Khalifa Port,9631.97,14,Medium,45
f3988ed2-16c7-46ea-8db3-9122f98dcd1c,Yokohama,Singapore,Japan,Singapore,Port of Yokohama,Port of Singapore,8913.88,16,High,62
3ffe4090-bd53-4e85-a16a-0ace89434111,Bremen,Singapore,Germany,Singapore,Port of Hamburg,Port of Singapore,11617.97,26,High,73
4c285380-56fe-4492-9835-0ca0a40dbda1,Seoul,Frankfurt,South Korea,Germany,Port of Busan,Bremerhaven,2112.91,6,Medium,41
cd59633f-bf7a-4823-b266-da959228e2da,Bremen,Amsterdam,Germany,Netherlands,Port of Hamburg,Port of Rotterdam,5275.04,9,Low,17
7b2c7541-634b-49e7-af38-41474fbbdcbe,Seoul,Ningbo,South Korea,China,Incheon Port,Shenzhen Port,8164.95,12,High,68
19de79c9-3a85-4b6d-81f3-272ad2158361,Abu Dhabi,Bengaluru,UAE,India,Khalifa Port,Mundra Port,10137.43,20,Low,16
f9319cab-29df-4c86-95e6-0ff4350e95c7,Rotterdam,Mumbai,Netherlands,India,Port of Rotterdam,Nhava Sheva,4630.52,11,Low,21
c6c1eb42-58a1-420d-9d23-485e091b0558,Amsterdam,Abu Dhabi,Netherlands,UAE,Port of Rotterdam,Jebel Ali,763.45,3,High,70
80e8c41f-73fb-4778-833a-04ab8758c973,Hamburg,Bremen,Germany,Germany,Bremerhaven,Port of Hamburg,802.6,3,Low,44
21a0d58c-ad66-4cc3-8266-35a6216f31a0,Shenzhen,Busan,China,South Korea,Ningbo-Zhoushan,Incheon Port,3601.7,8,Medium,46
9083f192-ade4-4ab8-b800-4f120cdb684d,Dubai,Singapore,UAE,Singapore,Khalifa Port,Port of Singapore,5448.21,11,High,71
6e2f47a4-b3ec-4ea2-9b0c-035f2361acec,New York,Busan,United States,South Korea,Port Newark,Port of Busan,9669.1,16,Medium,37
ab55006a-dac6-4968-9c05-87786d40bf46,Osaka,Houston,Japan,United States,Port of Yokohama,Port Newark,8070.63,15,Critical,88
1002efe5-6b65-42f4-adfb-7ac15031dda7,Ningbo,Shanghai,China,China,Shenzhen Port,Shenzhen Port,1544.08,5,Medium,41
bd3fbb71-93b6-4c49-8202-ed964794d18f,Manchester,Bremen,United Kingdom,Germany,Port of Felixstowe,Bremerhaven,2835.98,5,High,80
cd195796-b599-47e8-99e4-feba05fd7f27,Busan,Singapore,South Korea,Singapore,Port of Busan,Port of Singapore,3586.22,10,Medium,44
ada85362-dd64-46c8-a4be-0071459912db,Incheon,Shenzhen,South Korea,China,Port of Busan,Ningbo-Zhoushan,643.31,5,Medium,46
82fd55e4-df6a-4b5a-b6d8-0ee792a6e16e,Frankfurt,Chicago,Germany,United States,Port of Hamburg,Port Houston,11728.18,25,High,88
f15bc2fd-2d72-438f-8648-497ed6ec7665,Incheon,Tokyo,South Korea,Japan,Port of Busan,Port of Yokohama,7196.58,13,Medium,45
f3e79da0-24a2-4ab1-9774-c423cb81a99a,Hamburg,Amsterdam,Germany,Netherlands,Bremerhaven,Port of Rotterdam,12369.46,22,Medium,50
c161d2d0-dedf-4148-9d0e-7a76d579b652,Felixstowe,Rotterdam,United Kingdom,Netherlands,Port of Felixstowe,Port of Rotterdam,4687.4,8,High,62
da90bce3-f4a5-4ba2-927e-e26959d849eb,Frankfurt,Felixstowe,Germany,United Kingdom,Port of Hamburg,Port of Felixstowe,526.07,3,Medium,63
58651cd0-64da-436c-8d9c-750e671e3b1c,Chennai,Yokohama,India,Japan,Nhava Sheva,Port of Yokohama,3855.04,6,Medium,45
2206bc11-20b5-41f4-9152-e0da0e8891f4,Bremen,Kolkata,Germany,India,Port of Hamburg,Mundra Port,863.0,3,High,63
9d25f1ca-b8d9-40cd-ac9c-4ad5436ac59f,Singapore,Bremen,Singapore,Germany,Port of Singapore,Bremerhaven,9143.37,21,Low,27
cb053ca8-b6e7-4413-b04f-fdf1722d4ec5,Shenzhen,Felixstowe,China,United Kingdom,Ningbo-Zhoushan,Port of Felixstowe,12456.16,17,High,70
88c72117-8e20-4e16-a9ae-e4f80f266e4e,New York,Yokohama,United States,Japan,Port of LA,Port of Osaka,2110.03,5,Low,35
853a24b1-c478-4a72-867d-4b868fd13b11,Singapore,Manchester,Singapore,United Kingdom,Port of Singapore,Port of Felixstowe,3536.51,10,Low,25
50ba0dd5-c8d3-4ef8-99cc-e3c0bc908223,New York,Delhi,United States,India,Port Newark,Kolkata Port,7479.4,19,Medium,52
b4c9f96e-8726-4f05-9220-15e173bf0149,New York,Singapore,United States,Singapore,Port Houston,Port of Singapore,2918.0,5,Medium,49
f8dfa440-d739-4448-8f93-d09f134679d8,Busan,Chicago,South Korea,United States,Incheon Port,Port Newark,2096.78,8,Low,15
da37ac9f-b34f-468f-8e19-a807bffd7ab3,Busan,Felixstowe,South Korea,United Kingdom,Port of Busan,Port of Felixstowe,12312.38,22,Low,22
0a272e8a-d966-4e63-b0a3-6d24505cf175,New York,Abu Dhabi,United States,UAE,Port of LA,Khalifa Port,9182.01,18,Low,28
7277a8f0-0664-4266-b0c4-72ab5771f602,Busan,London,South Korea,United Kingdom,Port of Busan,Port of Felixstowe,8837.3,13,Low,34
244fcfce-f1bc-4de2-8d74-9047f0c7c784,Houston,Singapore,United States,Singapore,Port of LA,Port of Singapore,5987.73,12,Low,37
d0ee1982-67e8-4cf6-a294-e8671adea511,Bremen,Frankfurt,Germany,Germany,Bremerhaven,Port of Hamburg,1500.46,6,Low,30
0e7a44c7-453a-4ca6-b31c-ed7634890a3b,Abu Dhabi,Frankfurt,UAE,Germany,Jebel Ali,Bremerhaven,2990.29,9,Medium,50
1b9be887-590c-48b1-b19a-8c56fbb8097a,Yokohama,Osaka,Japan,Japan,Port of Yokohama,Port of Yokohama,350.04,1,Low,24
670bbf0f-426e-474d-b6d5-bb8cede5c2d5,Guangzhou,Rotterdam,China,Netherlands,Shanghai Port,Port of Rotterdam,12201.62,19,Medium,57
fd213195-c85c-4cef-bb07-1852741f1293,Rotterdam,Seoul,Netherlands,South Korea,Port of Rotterdam,Port of Busan,5152.14,13,Low,24
3ab196d0-ecca-40f8-b8cc-a0864839df83,Ahmedabad,Amsterdam,India,Netherlands,Chennai Port,Port of Rotterdam,1651.85,4,Medium,61
fc673f8c-4f5b-4e75-b0b9-064d85e233c8,Abu Dhabi,Busan,UAE,South Korea,Khalifa Port,Incheon Port,8231.13,18,Low,22
4f9121f0-093c-4ca4-81eb-d9be9d458137,Singapore,Amsterdam,Singapore,Netherlands,Port of Singapore,Port of Rotterdam,3605.47,8,Low,19
c66829fc-add1-4f8e-b06b-d69f46adca41,Dubai,Rotterdam,UAE,Netherlands,Jebel Ali,Port of Rotterdam,1469.38,3,Low,16
1bf53685-f8d7-4167-8abb-830145e8170d,Frankfurt,Yokohama,Germany,Japan,Bremerhaven,Port of Osaka,8206.79,14,Low,43
a4b1434a-b68f-469c-bbbc-f800f8993973,Hamburg,Amsterdam,Germany,Netherlands,Bremerhaven,Port of Rotterdam,1364.19,5,Medium,51
7dcd43a7-dc7a-4073-81c6-2caf2b29a0e5,Guangzhou,Manchester,China,United Kingdom,Ningbo-Zhoushan,London Gateway,8321.22,17,Low,18
dc7bef6b-56ed-4355-a543-4e94c2c11f43,Hamburg,Amsterdam,Germany,Netherlands,Bremerhaven,Port of Rotterdam,10101.94,18,Low,40
85506b75-d491-4789-832e-8da7bf3fd85d,Mumbai,Abu Dhabi,India,UAE,Chennai Port,Jebel Ali,11025.75,16,Medium,44
ab6a206b-f87d-4710-b112-34a23adc1b6c,Singapore,Amsterdam,Singapore,Netherlands,Port of Singapore,Port of Rotterdam,7721.67,13,High,84
24ec1fcb-a3a1-4523-80df-960b1624addb,Hamburg,Chennai,Germany,India,Port of Hamburg,Chennai Port,5946.22,11,High,77
cdeecb2d-c48e-4caa-b98f-64f1fbdda4ac,Houston,New York,United States,United States,Port Houston,Port Newark,1277.98,5,Low,33
4d25bb9c-311f-4745-ac44-06828a324bce,Felixstowe,Houston,United Kingdom,United States,London Gateway,Port Houston,12208.47,20,Medium,42
09d871d1-dc7d-4629-ae90-f0e3000cd5f9,Manchester,Rotterdam,United Kingdom,Netherlands,London Gateway,Port of Rotterdam,7146.09,19,Low,29
e5863387-bfb5-4649-ab1c-892b33de7f58,Amsterdam,Hyderabad,Netherlands,India,Port of Rotterdam,Nhava Sheva,1803.49,5,Low,43
56115aa1-4f7c-4d95-a1fa-5933968afbb3,London,Los Angeles,United Kingdom,United States,Port of Felixstowe,Port of LA,5015.45,7,Low,29
dc77e4b8-ce0e-4031-be2b-4ea246198421,Delhi,Manchester,India,United Kingdom,Kolkata Port,Port of Felixstowe,12256.5,30,Medium,58
020c71d9-52c7-4a3d-ad82-3602a91a8c1b,Seoul,New York,South Korea,United States,Incheon Port,Port Houston,5176.39,10,Medium,57
5fe3842d-e186-4186-865d-5bc1d5575f0e,Amsterdam,Felixstowe,Netherlands,United Kingdom,Port of Rotterdam,London Gateway,11253.78,19,Low,45
712551c0-2f54-4b9b-95a2-e2e500c029c3,Hamburg,Kolkata,Germany,India,Port of Hamburg,Nhava Sheva,3029.12,9,Medium,37
6f4339ee-fe4a-487e-a8dc-bf45a0175d5b,Felixstowe,Amsterdam,United Kingdom,Netherlands,Port of Felixstowe,Port of Rotterdam,6983.4,12,Low,40
676277d0-431e-46cf-bf61-f303c070b7c3,Frankfurt,Sharjah,Germany,UAE,Bremerhaven,Jebel Ali,11232.14,29,Medium,43
c39bc41b-f0c7-4ee6-a1cf-2a62286d3d78,Houston,Hamburg,United States,Germany,Port Newark,Port of Hamburg,10994.61,17,Medium,56
628fa947-e438-447b-b54f-741ad7ec73ae,Bremen,Los Angeles,Germany,United States,Bremerhaven,Port Newark,11609.52,24,Low,23
25a66447-9a0b-49e6-8c2e-f25daf57b1e6,Delhi,Rotterdam,India,Netherlands,Nhava Sheva,Port of Rotterdam,9220.45,14,High,75
f244c8b4-e683-42bb-b2d9-617645ab18f2,Seoul,Rotterdam,South Korea,Netherlands,Incheon Port,Port of Rotterdam,4287.79,8,High,81
ef8d2c6e-5f2b-4f25-9513-2c431c623b14,Sharjah,Singapore,UAE,Singapore,Jebel Ali,Port of Singapore,10480.32,20,Low,20
a9fc610d-38ff-4e4b-91ee-9ecc69297c8d,Incheon,Manchester,South Korea,United Kingdom,Incheon Port,Port of Felixstowe,11283.65,15,Low,39
665c9eab-c11f-455b-9623-f7d6f565fac2,Yokohama,Osaka,Japan,Japan,Port of Yokohama,Port of Osaka,2050.6,8,High,76
0fb9741c-742f-4c40-91b3-b3cbe20e7d95,Shenzhen,Osaka,China,Japan,Shanghai Port,Port of Yokohama,1422.63,7,Medium,38
f414d8b8-3fcf-431c-b30c-a9788a93cebb,Amsterdam,Busan,Netherlands,South Korea,Port of Rotterdam,Incheon Port,9475.64,17,Low,43
233b097c-454b-4a03-a3c6-e7e6b63ce907,Singapore,Ningbo,Singapore,China,Port of Singapore,Shanghai Port,5611.23,12,Low,19
e5a6c9ac-2ae2-45e4-b478-c3e335a8e517,Tokyo,Bengaluru,Japan,India,Port of Yokohama,Nhava Sheva,3581.7,10,Low,15
79296204-2961-41f8-ad68-19938f60ef45,Bremen,Manchester,Germany,United Kingdom,Bremerhaven,Port of Felixstowe,3277.55,6,High,72
dddbaace-4601-457f-be78-a72a423e0dd9,Chennai,Singapore,India,Singapore,Kolkata Port,Port of Singapore,1316.7,6,Medium,37
f1d3c8c4-aeb5-484b-b898-f3e650408248,Manchester,Los Angeles,United Kingdom,United States,Port of Felixstowe,Port of LA,2878.79,5,Low,29
eb8840af-d0c4-4900-9195-e0d106f8d85b,Abu Dhabi,Incheon,UAE,South Korea,Jebel Ali,Incheon Port,10034.27,22,Critical,90
f7d8dd1d-16cf-478f-8d02-b69896a7f964,Seoul,Kolkata,South Korea,India,Incheon Port,Nhava Sheva,6671.76,12,Medium,68
1cc76ce2-d1b2-4dc1-9244-cf4f52b2e999,Incheon,Sharjah,South Korea,UAE,Port of Busan,Khalifa Port,12074.81,19,Low,42
824c0151-219a-42ea-b9bc-5804c30a303f,Chicago,Incheon,United States,South Korea,Port Houston,Port of Busan,5730.17,8,Low,39
3eec0772-c916-4ffb-895c-e6268e489384,Shanghai,Incheon,China,South Korea,Shenzhen Port,Port of Busan,1749.04,7,Low,24
314a9740-715f-4ed6-ae7d-b46d788d9e03,Ningbo,Amsterdam,China,Netherlands,Ningbo-Zhoushan,Port of Rotterdam,6380.98,16,Critical,86
1b5eb1c7-f9e4-43ca-b5a4-ab57c39fb5d0,New York,London,United States,United Kingdom,Port Houston,London Gateway,8569.56,15,Low,43
debf67e5-dca8-446e-83df-b3938fd9ab8e,Busan,Singapore,South Korea,Singapore,Port of Busan,Port of Singapore,3612.16,8,Low,42
4c879ba0-99cc-410a-9964-1350a161f701,Chicago,Abu Dhabi,United States,UAE,Port Newark,Jebel Ali,5460.85,10,Low,28
e90e0e13-34bb-4b65-83ef-8209fc0cd5b0,New York,Guangzhou,United States,China,Port of LA,Shanghai Port,10251.13,15,Medium,49
b621f9d2-ded9-4273-a44c-e0aa19445bad,Abu Dhabi,Hamburg,UAE,Germany,Jebel Ali,Bremerhaven,3760.97,12,Low,23
1ae1e3f8-77ac-425a-99f4-294fa4cc9361,Incheon,Rotterdam,South Korea,Netherlands,Incheon Port,Port of Rotterdam,5084.73,8,Low,15
52de8939-8f49-4249-b603-9f23a070f9fd,Incheon,New York,South Korea,United States,Incheon Port,Port of LA,5586.75,11,Low,20
c3da9c2a-572a-4218-8f39-8a6fc36253fe,Tokyo,Abu Dhabi,Japan,UAE,Port of Osaka,Khalifa Port,11629.47,17,High,62
0968d563-4c6a-42a5-856a-520a6ffe6b18,Kolkata,Seoul,India,South Korea,Nhava Sheva,Incheon Port,10867.8,19,Medium,49
37b4a3b0-70f3-41b6-8cfc-a4383a129365,Los Angeles,Chicago,United States,United States,Port Houston,Port Houston,2111.55,5,Medium,46
e772b34a-5f57-4206-847c-871b80101a8a,Bremen,Busan,Germany,South Korea,Port of Hamburg,Incheon Port,2592.58,8,Medium,56
4d6dfb7a-d7b9-4331-a216-5fdce151948c,Seoul,Guangzhou,South Korea,China,Port of Busan,Shenzhen Port,9902.25,14,Medium,64
47ad017f-8358-455c-ad47-cff8a07775ef,Chicago,Amsterdam,United States,Netherlands,Port of LA,Port of Rotterdam,8419.95,17,Medium,62
16607d3a-226e-453f-afb5-70c8d5d8e872,Frankfurt,Dubai,Germany,UAE,Port of Hamburg,Khalifa Port,7644.56,16,High,75
5f00c721-3e57-4474-a1b9-c8c8d0313088,Osaka,Rotterdam,Japan,Netherlands,Port of Osaka,Port of Rotterdam,1993.34,7,High,85
7542e07f-0b27-4202-bb7d-477c8af48b77,Abu Dhabi,Dubai,UAE,UAE,Khalifa Port,Jebel Ali,932.07,3,Low,37
9df13e3a-68d9-4f96-96bf-d1becbf2b49e,Houston,Ahmedabad,United States,India,Port Newark,Mundra Port,8702.48,12,Low,22
aef1b92e-50d6-4c05-8795-0de4c2e57dd9,Chennai,Manchester,India,United Kingdom,Kolkata Port,Port of Felixstowe,8068.41,17,Medium,44
00868b14-3484-4104-83b2-46a544a6017d,Rotterdam,Amsterdam,Netherlands,Netherlands,Port of Rotterdam,Port of Rotterdam,1752.3,6,Low,45
95c2bfae-9c73-4050-af97-487d00f72474,Abu Dhabi,Singapore,UAE,Singapore,Khalifa Port,Port of Singapore,11911.51,19,Medium,35
04ab599e-6a28-4241-996b-bc31221d28f6,Abu Dhabi,Chennai,UAE,India,Jebel Ali,Chennai Port,9521.3,22,Medium,63
bde66a85-ff2a-4dd2-b2b7-5cef1952b79f,Tokyo,Osaka,Japan,Japan,Port of Yokohama,Port of Osaka,362.65,4,Medium,58
f406ffe6-8567-4181-842f-5fb8c258094a,Seoul,Singapore,South Korea,Singapore,Port of Busan,Port of Singapore,644.52,3,Medium,44
1a61c4d3-0382-4a9e-b85e-2c59981425e3,Rotterdam,Amsterdam,Netherlands,Netherlands,Port of Rotterdam,Port of Rotterdam,1892.61,6,Medium,56
9e674c97-ed8a-4171-88cc-fd3b9ea36489,Frankfurt,Singapore,Germany,Singapore,Port of Hamburg,Port of Singapore,9122.71,18,Medium,67
518ad1a5-cc10-4780-bcd5-ab6b66247615,Busan,Singapore,South Korea,Singapore,Incheon Port,Port of Singapore,12115.78,21,Critical,99
5dbf42d4-9ac9-4e9a-aec8-c20eec2fb216,Chicago,Bremen,United States,Germany,Port Houston,Port of Hamburg,7296.61,17,Low,17
24be4cb8-22c2-4b18-884f-057b2c4e4595,Hamburg,Tokyo,Germany,Japan,Bremerhaven,Port of Yokohama,5140.0,12,Medium,55
55d32227-fd03-498b-933b-f544c41f3ff8,Mumbai,Busan,India,South Korea,Mundra Port,Incheon Port,5395.69,10,Medium,39
b62de13c-2fba-47f2-8c15-4c962bb913a3,Sharjah,Mumbai,UAE,India,Jebel Ali,Kolkata Port,2841.07,10,Low,23
27915764-22dd-429b-8c60-a79c1899b73e,Seoul,Chennai,South Korea,India,Incheon Port,Kolkata Port,6890.29,17,Medium,51
ad18dcf1-2db7-4ac7-8c14-d95dd9678f66,Mumbai,Hamburg,India,Germany,Nhava Sheva,Bremerhaven,7910.65,16,Medium,42
578e43b5-6779-4185-8832-fb2e7c1bd639,Osaka,Hyderabad,Japan,India,Port of Yokohama,Chennai Port,8615.31,23,Medium,54
c2d69799-fd9f-4c86-8da9-d7e8ece35cc5,Rotterdam,Dubai,Netherlands,UAE,Port of Rotterdam,Jebel Ali,6547.07,15,Medium,41
b847ceb0-33bb-4fb2-b362-cfb2a66fea12,Amsterdam,Sharjah,Netherlands,UAE,Port of Rotterdam,Jebel Ali,670.78,6,Low,16
8b836650-d9df-419c-995e-a7e129a2c381,Frankfurt,Amsterdam,Germany,Netherlands,Bremerhaven,Port of Rotterdam,10780.9,22,Low,17
ebd1ee70-b722-4e99-864f-31c899aaff71,London,Incheon,United Kingdom,South Korea,Port of Felixstowe,Incheon Port,8197.23,16,Low,28
d92b4e16-59c9-4fcc-88a1-8f8d8a1f1bff,Bremen,Houston,Germany,United States,Port of Hamburg,Port Newark,8767.8,19,Medium,42
09832bda-d72f-42f1-81b7-eb2d972c9ec6,Singapore,Osaka,Singapore,Japan,Port of Singapore,Port of Yokohama,3406.86,5,Medium,62
027f366d-1093-49e2-9387-bd50ca52de25,Shenzhen,Singapore,China,Singapore,Ningbo-Zhoushan,Port of Singapore,5809.61,11,Low,23
04db3481-ba98-4046-aef4-974b1fc6e3ff,Guangzhou,Shanghai,China,China,Ningbo-Zhoushan,Ningbo-Zhoushan,474.49,5,Low,43
a69e6c80-6f68-4930-b4e6-2b9563e3b36b,Incheon,Chennai,South Korea,India,Incheon Port,Nhava Sheva,6918.02,11,High,73
b82b4a37-0c82-41ed-9617-1ac80c754842,Guangzhou,Chicago,China,United States,Shenzhen Port,Port of LA,295.76,4,Medium,42
53341750-2c84-472b-8644-d3c7d033750c,Singapore,Bremen,Singapore,Germany,Port of Singapore,Bremerhaven,8660.07,14,High,83
08116839-b0cd-4e87-b5ca-9da7d9ac9b0f,Delhi,Dubai,India,UAE,Mundra Port,Jebel Ali,10511.96,20,Low,34
68ab0961-7132-4cbd-b4b8-09eced2594de,Singapore,Tokyo,Singapore,Japan,Port of Singapore,Port of Yokohama,6917.24,11,Low,31
8c00a44c-8f8f-42e3-83d6-cfc7ec8845d8,Delhi,Bremen,India,Germany,Kolkata Port,Bremerhaven,10590.5,22,Low,43
0ce53480-190b-4655-8e70-26978b10c24f,Incheon,Los Angeles,South Korea,United States,Port of Busan,Port Newark,951.26,3,Medium,61
7d18618f-ac5b-4a07-9c34-b9a15c915f02,Manchester,Busan,United Kingdom,South Korea,London Gateway,Port of Busan,3139.87,9,Medium,66
2036816a-74f8-49fe-b4f9-bc3ac92d053e,London,Manchester,United Kingdom,United Kingdom,London Gateway,London Gateway,1906.21,5,Low,32
632be533-8cea-4f3a-8055-a11ec98f7b79,Dubai,Shanghai,UAE,China,Khalifa Port,Shanghai Port,5096.39,14,High,87
b01a05b8-b1a9-43d3-b505-7ac7db9019df,London,Singapore,United Kingdom,Singapore,Port of Felixstowe,Port of Singapore,5824.36,13,Medium,41
56acb7ed-80e7-4bfa-9135-9753af20c695,Felixstowe,Osaka,United Kingdom,Japan,London Gateway,Port of Yokohama,8919.29,14,Medium,55
4d486706-b4ff-4bbb-84b7-a8c4d6f76081,Rotterdam,Dubai,Netherlands,UAE,Port of Rotterdam,Khalifa Port,2661.61,6,Critical,85
9a992689-72ad-4984-ae7d-1434ddf32df7,Los Angeles,Mumbai,United States,India,Port Houston,Mundra Port,8904.5,16,Medium,63
1718f728-0cee-4241-8a84-8f6d1863ccf9,Chicago,Ningbo,United States,China,Port Newark,Shenzhen Port,11898.89,16,Medium,65
8dbdd0d2-1c7c-4cb7-89e6-83c959013f82,London,Shenzhen,United Kingdom,China,London Gateway,Shenzhen Port,2443.27,6,High,66
69a3b4e1-0a8f-4b75-8299-df908333da32,Rotterdam,Dubai,Netherlands,UAE,Port of Rotterdam,Jebel Ali,4162.59,9,Medium,62
e7d74917-95bd-46cd-8d8e-d65f1ba10ba1,Rotterdam,Dubai,Netherlands,UAE,Port of Rotterdam,Khalifa Port,5867.15,12,High,63
bc2bea61-ea00-4c41-99ea-47643184ef36,Abu Dhabi,Seoul,UAE,South Korea,Khalifa Port,Incheon Port,11552.74,19,Low,31
f06cb3f2-d7c1-48a6-9a5f-ee092a7c2588,Sharjah,Osaka,UAE,Japan,Khalifa Port,Port of Yokohama,5413.8,11,High,73
aad6e84a-c2bf-4473-ba21-b0dcea87f860,Sharjah,Guangzhou,UAE,China,Jebel Ali,Ningbo-Zhoushan,8691.06,12,Medium,55
838dec2c-5f9a-424a-bf3e-bbdcf5ff84bc,Osaka,Dubai,Japan,UAE,Port of Yokohama,Khalifa Port,746.19,2,High,67
ad8147ac-61a9-4792-b2df-ded4d3708e20,Singapore,Bremen,Singapore,Germany,Port of Singapore,Bremerhaven,11371.45,21,Medium,35
57ea2b0f-bf04-4403-999b-63adbd2318d5,Osaka,Hamburg,Japan,Germany,Port of Yokohama,Port of Hamburg,6378.07,15,Low,43
19a051dd-8c67-4fe2-b22e-e3e0d3cc3652,Guangzhou,Singapore,China,Singapore,Shenzhen Port,Port of Singapore,10468.28,19,High,78
33e1d8cf-c183-4cef-9649-be16010619f3,Houston,Ahmedabad,United States,India,Port of LA,Mundra Port,2351.74,6,Low,18
b25f3b38-0fbb-48cc-9a99-103225d8a581,Rotterdam,Felixstowe,Netherlands,United Kingdom,Port of Rotterdam,London Gateway,8268.99,15,High,72
3814407a-d1bd-41ff-ae8f-1cfd7a34616a,Yokohama,Guangzhou,Japan,China,Port of Yokohama,Shanghai Port,1378.1,6,Medium,48
66bab9ae-553b-4c6a-91ad-17ac745a4cb5,Seoul,Singapore,South Korea,Singapore,Port of Busan,Port of Singapore,5492.1,11,Low,41
efd92aa7-1da1-4d1a-94ba-fc741ebae2ee,Bengaluru,Singapore,India,Singapore,Chennai Port,Port of Singapore,1862.59,6,Medium,51
97c3e405-f6b0-40a8-a141-e9f3a525a707,Singapore,Yokohama,Singapore,Japan,Port of Singapore,Port of Yokohama,5248.83,11,Medium,67
6f408247-7c08-4de0-be60-529204db9ae2,London,Yokohama,United Kingdom,Japan,London Gateway,Port of Osaka,9544.07,15,Low,30
6c96dc6a-9bdd-4180-b3ef-a644bf2de42c,Singapore,Abu Dhabi,Singapore,UAE,Port of Singapore,Khalifa Port,3744.77,11,Low,45
132e3ba0-07a0-4c30-b15e-ab5471a9c8cc,Houston,Singapore,United States,Singapore,Port of LA,Port of Singapore,1615.55,5,Low,36
e5ae2291-6ffe-46a2-b5d8-874adef20bdd,Shanghai,Tokyo,China,Japan,Ningbo-Zhoushan,Port of Osaka,3567.43,5,Medium,40
fff7a086-4cd7-45d9-8b0c-c401d06a3a53,Hyderabad,Singapore,India,Singapore,Chennai Port,Port of Singapore,3605.98,8,Medium,57
e8fd9e1e-ffcc-4227-a24d-02a7f68ab103,Shanghai,Singapore,China,Singapore,Shenzhen Port,Port of Singapore,1214.19,2,Medium,59
d663fa78-7c5f-461a-9c55-df70abe2b3dc,Osaka,Tokyo,Japan,Japan,Port of Yokohama,Port of Yokohama,1307.16,3,Low,25
cefd5126-f169-46f0-bae3-66ca50827919,Bremen,London,Germany,United Kingdom,Port of Hamburg,London Gateway,5497.12,10,Medium,47
ec15b601-0594-4d86-adfc-2de00a3b1be8,Osaka,Manchester,Japan,United Kingdom,Port of Osaka,London Gateway,11482.36,21,Medium,68
4134f1cf-a395-43d3-af40-60680ed748ec,Incheon,Houston,South Korea,United States,Port of Busan,Port Newark,4483.94,12,Low,40
39227721-5c46-479e-9b6a-86f6c7e45714,Kolkata,Chicago,India,United States,Mundra Port,Port Houston,8402.6,11,High,66
5569cac3-597c-4b0c-86ed-44e8c4010179,Seoul,Bengaluru,South Korea,India,Incheon Port,Mundra Port,9696.75,16,Medium,38
d2fb5466-b350-45b1-b63b-728390024bdd,Singapore,Amsterdam,Singapore,Netherlands,Port of Singapore,Port of Rotterdam,2765.53,7,Critical,96
f2ae239a-185d-4f69-bc0d-6422d4730f73,Rotterdam,Bremen,Netherlands,Germany,Port of Rotterdam,Bremerhaven,1079.24,5,Critical,84
9d7505ed-6ce6-4e8a-8485-f0f30e9f51e1,London,Guangzhou,United Kingdom,China,Port of Felixstowe,Ningbo-Zhoushan,10423.29,20,Medium,49
626f2fcd-4f6c-4ba2-b8e3-66cd35a65e2e,Ningbo,Sharjah,China,UAE,Shanghai Port,Jebel Ali,10201.48,17,Low,18
6169ed7e-8568-46e7-a8e4-a6623a241cab,Seoul,Bremen,South Korea,Germany,Port of Busan,Bremerhaven,12239.51,21,Low,35
d1043993-deab-4999-9d11-2f6429962e23,Singapore,Manchester,Singapore,United Kingdom,Port of Singapore,London Gateway,8817.41,11,Critical,96
4176de5f-f60f-4ab2-bd2b-4e83669c7cd9,Shenzhen,Incheon,China,South Korea,Ningbo-Zhoushan,Incheon Port,4977.12,13,Medium,65
28aa1d06-409d-4e36-9f93-ec97986301a3,Hamburg,Rotterdam,Germany,Netherlands,Port of Hamburg,Port of Rotterdam,2166.38,5,Low,32
8ccba725-6fd1-456d-968d-562eed682807,Frankfurt,Ningbo,Germany,China,Bremerhaven,Shanghai Port,3107.0,11,Medium,52
c40d6fd0-e55b-49bc-80cc-e1a1e55c29c6,Dubai,Busan,UAE,South Korea,Jebel Ali,Incheon Port,4772.13,11,Medium,51
d2726287-342b-46da-8ea5-03a5f1a2b4f9,Delhi,Manchester,India,United Kingdom,Mundra Port,Port of Felixstowe,9166.6,13,Low,31
aa8febee-1e16-45df-98dc-ac12ad24ef16,Incheon,Yokohama,South Korea,Japan,Incheon Port,Port of Yokohama,5648.97,13,Medium,60
e21ecfc7-31b3-4b9f-af33-136962ddf7d2,Bengaluru,Seoul,India,South Korea,Nhava Sheva,Port of Busan,4002.63,9,Medium,62
2921390e-d372-4809-936d-d525bba041bf,Felixstowe,Singapore,United Kingdom,Singapore,Port of Felixstowe,Port of Singapore,8575.19,13,Low,25
220e5c83-402d-4abd-9c76-e143ba6c925c,Sharjah,New York,UAE,United States,Jebel Ali,Port of LA,8810.82,18,High,65
6e8af1c3-ebe8-478b-bbee-e7f080564b1b,Frankfurt,Sharjah,Germany,UAE,Port of Hamburg,Khalifa Port,4104.73,9,Medium,66
f8510393-9516-4b5c-9fc0-f489dfcb203e,Osaka,Frankfurt,Japan,Germany,Port of Yokohama,Bremerhaven,2740.76,8,Medium,62
1024c738-ff33-4248-a77b-8c7613ead5c9,Amsterdam,Ningbo,Netherlands,China,Port of Rotterdam,Shanghai Port,7042.29,17,Low,15
b88b3108-ae15-44db-b1e6-c1282ccf5a2a,Tokyo,Busan,Japan,South Korea,Port of Yokohama,Port of Busan,8024.65,13,Low,37
40f67d20-42a2-4e3b-97e5-fd36bf98a2be,Los Angeles,Shanghai,United States,China,Port Houston,Shanghai Port,11542.87,19,Medium,50
318816b6-378c-4f33-957e-a17e6e6910fc,Osaka,Shanghai,Japan,China,Port of Osaka,Ningbo-Zhoushan,10224.94,14,Medium,55
b7edb233-069b-4d01-861f-feeb00bd9d38,Ahmedabad,Osaka,India,Japan,Kolkata Port,Port of Osaka,6300.13,12,High,68
bc472a1e-a305-4c21-966b-6df9ba3a6c3c,Amsterdam,Sharjah,Netherlands,UAE,Port of Rotterdam,Jebel Ali,5854.36,9,Medium,42
bb78a377-4e5a-4cb1-8fdb-8279bff44440,Los Angeles,Singapore,United States,Singapore,Port Houston,Port of Singapore,5222.2,6,High,74
facb0090-b56b-4ca3-81d7-3750aac55ef4,Los Angeles,Delhi,United States,India,Port Houston,Kolkata Port,12125.78,15,Low,31
8b12ac2f-d5b4-4854-ae24-2a5b352b675f,Yokohama,Houston,Japan,United States,Port of Yokohama,Port of LA,9026.15,15,Medium,49
fe1301aa-5040-410c-8a73-fbd76da8c7fd,Shanghai,Seoul,China,South Korea,Shanghai Port,Incheon Port,7034.13,11,Medium,52
74584374-a65c-47dd-809b-6723781b61b6,Frankfurt,Dubai,Germany,UAE,Bremerhaven,Jebel Ali,10886.47,15,Medium,41
080ec611-b5dd-410a-a196-47110305f606,Singapore,Hamburg,Singapore,Germany,Port of Singapore,Bremerhaven,3747.78,7,Medium,44
b2aa16f4-a65c-4866-a883-addf14ab24bf,Felixstowe,Incheon,United Kingdom,South Korea,London Gateway,Port of Busan,9103.84,15,Medium,48
11f398f8-6120-4c81-9f49-5c7fe8b711e9,Singapore,Ningbo,Singapore,China,Port of Singapore,Shenzhen Port,6618.03,15,Low,19
1274cbc3-6ea3-4821-9378-6b44955244de,Tokyo,London,Japan,United Kingdom,Port of Yokohama,Port of Felixstowe,8590.71,15,Low,17
ec8d8dcf-156c-4cba-9352-03d4846356bf,Shanghai,Chicago,China,United States,Ningbo-Zhoushan,Port Houston,3738.36,10,Low,32
9e115813-2dd2-4dec-8e32-65627d08e5c5,London,Tokyo,United Kingdom,Japan,Port of Felixstowe,Port of Yokohama,10642.5,19,Low,20
fb9ef1ad-6f2a-40e2-954e-fa5750173dd2,Abu Dhabi,New York,UAE,United States,Jebel Ali,Port Houston,1490.59,4,Low,26
d8a7dce7-346b-47e3-9772-e24643eeecfa,Incheon,Chicago,South Korea,United States,Incheon Port,Port of LA,4469.72,8,Low,15
32d8bdb3-3453-458d-bd19-b7d904bf6075,Felixstowe,Singapore,United Kingdom,Singapore,London Gateway,Port of Singapore,3942.65,8,Medium,47
702684e2-8da8-40e0-8b36-81585893db7f,Rotterdam,Dubai,Netherlands,UAE,Port of Rotterdam,Jebel Ali,4184.84,9,Medium,65
917193fc-237b-46bb-8db4-1e901b0104b5,Los Angeles,Hyderabad,United States,India,Port Houston,Nhava Sheva,7785.2,12,Low,16
c4bd807a-d7da-4997-ad29-1771eff1b6c5,Abu Dhabi,Singapore,UAE,Singapore,Khalifa Port,Port of Singapore,7331.3,16,Medium,63
0532cc45-ca9e-444c-8218-1a6f473cf0d2,Hyderabad,Manchester,India,United Kingdom,Chennai Port,London Gateway,768.81,5,Medium,60
2b40d139-7f86-4bfb-b693-c10fd9ab08f4,Rotterdam,Felixstowe,Netherlands,United Kingdom,Port of Rotterdam,London Gateway,6681.13,14,Low,18
04271df6-e46c-4027-99f7-68f1262e65a2,Chicago,Incheon,United States,South Korea,Port Newark,Port of Busan,4417.17,10,Medium,37
bf314f5e-9b2d-46a0-95ad-ff97cfc1334c,Mumbai,Frankfurt,India,Germany,Mundra Port,Port of Hamburg,7584.78,14,Medium,61
3780aa62-bd81-4581-8b18-5b6172a4e48c,Manchester,Los Angeles,United Kingdom,United States,Port of Felixstowe,Port of LA,6656.19,14,Low,42
6dba9df1-2179-4c7b-9417-64b87ec17eb4,Osaka,Guangzhou,Japan,China,Port of Yokohama,Shenzhen Port,11516.77,16,Low,42
3bae6ba5-ee39-409b-b179-1dcda3812142,London,Mumbai,United Kingdom,India,London Gateway,Nhava Sheva,5380.83,15,Low,15
178e203f-f12e-4c96-b837-3eaa72b78231,Felixstowe,Delhi,United Kingdom,India,London Gateway,Nhava Sheva,11579.17,25,Low,45
24440b95-b9d8-4cfa-90a1-be4e70f781cd,Guangzhou,Incheon,China,South Korea,Shanghai Port,Incheon Port,1167.68,6,Low,32
c0249ec4-4ca8-4646-84bd-c180ce33db3a,Tokyo,Osaka,Japan,Japan,Port of Osaka,Port of Osaka,1231.05,5,High,76
be3f8d21-d0c9-4db1-a657-fdc875192d93,London,Bengaluru,United Kingdom,India,Port of Felixstowe,Nhava Sheva,1161.54,5,High,85
20c29fb7-901d-4b6d-acfe-b6587886c6a0,Singapore,Hamburg,Singapore,Germany,Port of Singapore,Port of Hamburg,672.14,3,Medium,52
79c4a2c5-fb24-44e8-bc08-575490a6ddb7,Chicago,Singapore,United States,Singapore,Port Houston,Port of Singapore,6654.53,9,Low,20
e35d575e-7c86-4ba8-aaab-3fb3d9a372fb,New York,Houston,United States,United States,Port of LA,Port Houston,1849.47,7,Low,38
02ef08bc-56cc-4639-8cc6-e8a6230b8986,Guangzhou,Bengaluru,China,India,Shanghai Port,Kolkata Port,6964.65,11,Low,19
8651fb27-a251-4a4d-b469-d37bd5477c86,Seoul,Yokohama,South Korea,Japan,Port of Busan,Port of Yokohama,10550.36,25,Medium,64
0ea776f2-238d-4c28-99d7-51daf7934d38,Singapore,Chicago,Singapore,United States,Port of Singapore,Port Newark,6416.24,10,Low,44
0c7a5a5e-1434-4430-9b8a-2fc5a608e6e9,Busan,Singapore,South Korea,Singapore,Port of Busan,Port of Singapore,8157.8,10,Medium,57
1ed5fe10-f22d-4ab1-a2e5-6389e5d46d06,Yokohama,Shanghai,Japan,China,Port of Yokohama,Shenzhen Port,6013.56,11,High,71
6606d5f7-3186-45f5-b7ae-98771fccaa34,Sharjah,Seoul,UAE,South Korea,Jebel Ali,Incheon Port,11353.37,22,Low,30
f057bebe-f08c-460b-bb83-352ee225a0d7,Ningbo,Chicago,China,United States,Shanghai Port,Port Houston,11412.01,22,Low,36
4dc91ba8-ec1b-4380-b110-672a15b77a06,Singapore,Bengaluru,Singapore,India,Port of Singapore,Chennai Port,1482.9,3,Low,18
c10d637b-b134-48de-878b-de4e3cf0527a,Los Angeles,Manchester,United States,United Kingdom,Port of LA,London Gateway,4319.11,7,Low,20
f43575d8-9ea3-430b-9b1c-dd3120d33cd2,Bremen,Delhi,Germany,India,Port of Hamburg,Kolkata Port,3880.03,10,Low,28
c1ec55dc-4134-439d-be1a-eccfc5d73c4f,Seoul,Amsterdam,South Korea,Netherlands,Incheon Port,Port of Rotterdam,1881.78,4,High,87
61558b33-887d-4e38-b82a-6dcaa001b9dc,Manchester,Yokohama,United Kingdom,Japan,London Gateway,Port of Yokohama,4179.84,6,Low,22
57dcaa32-65da-43d0-ae44-5f1144553b54,Frankfurt,Hyderabad,Germany,India,Port of Hamburg,Mundra Port,7309.62,15,Medium,61
7d72bbf7-a14b-4d82-b78b-745c4fadeef8,Frankfurt,Kolkata,Germany,India,Port of Hamburg,Mundra Port,1697.98,4,High,72
3dccce9d-7ff6-4cf5-a536-c8ef6c046ddc,London,Kolkata,United Kingdom,India,Port of Felixstowe,Kolkata Port,10497.04,14,High,62
34367313-5697-416e-a23d-9cd81c3d72ce,Singapore,Abu Dhabi,Singapore,UAE,Port of Singapore,Khalifa Port,9789.76,19,High,82
27a533e1-f53f-4971-9658-71a5eeee8fc9,Felixstowe,Amsterdam,United Kingdom,Netherlands,London Gateway,Port of Rotterdam,569.55,3,Medium,61
9decc600-9674-4a34-985b-91ae39b9ec41,Dubai,Shanghai,UAE,China,Khalifa Port,Shenzhen Port,6037.2,14,High,86
208411b1-0523-4ab2-9e00-a7bbcbfd6526,Shanghai,London,China,United Kingdom,Shenzhen Port,London Gateway,7283.16,14,High,77
017804c2-418b-45c9-866f-5705ab09cff0,Hyderabad,Mumbai,India,India,Nhava Sheva,Mundra Port,1470.45,5,Low,42
251811e4-9b9a-4dd6-b497-485ae7347e95,Felixstowe,Rotterdam,United Kingdom,Netherlands,Port of Felixstowe,Port of Rotterdam,5915.05,14,Low,40
aa0f2ab1-8337-4b21-b16a-944996298b01,Sharjah,New York,UAE,United States,Khalifa Port,Port Houston,3041.28,6,Medium,61
4c04bf5e-30ef-4a1a-af79-ef6e5964399f,Tokyo,Delhi,Japan,India,Port of Yokohama,Chennai Port,3725.29,9,High,88
0ee963dc-d258-4bda-bc12-9c3e40ded541,Bengaluru,Los Angeles,India,United States,Nhava Sheva,Port Newark,7569.96,12,High,65
3865e6ea-70d2-40fc-b422-a0cda6b00cab,Sharjah,Singapore,UAE,Singapore,Khalifa Port,Port of Singapore,6297.78,10,Medium,47
414f37c1-e214-43e5-b0d7-4f7411341abd,Singapore,Sharjah,Singapore,UAE,Port of Singapore,Jebel Ali,9854.6,19,High,71
36e999d6-a0a8-464b-8c45-4d28d99effec,Hamburg,Kolkata,Germany,India,Port of Hamburg,Chennai Port,4798.7,9,Low,37
38d9b77b-33f5-4d53-8d56-fcba3d3e415c,Shenzhen,Dubai,China,UAE,Shanghai Port,Jebel Ali,7268.68,14,Medium,61
aecd32fb-ee08-4ddd-ba57-f3e7834d21dd,Hyderabad,Abu Dhabi,India,UAE,Chennai Port,Jebel Ali,1916.45,5,Medium,54
5be1e98e-4f06-4efa-afc1-4467c4fd0685,Tokyo,Singapore,Japan,Singapore,Port of Osaka,Port of Singapore,8988.26,17,Low,31
43e57d7b-a3c5-4c09-92fd-ba716d007449,Ningbo,Hamburg,China,Germany,Shenzhen Port,Bremerhaven,511.45,5,Low,32
c4b2b967-2fa7-4ab1-919f-7e46c8d7ea87,Singapore,Incheon,Singapore,South Korea,Port of Singapore,Incheon Port,12010.67,15,High,61
63155b60-c851-46c4-a419-8c78124bf743,Houston,Singapore,United States,Singapore,Port of LA,Port of Singapore,6703.19,9,Medium,45
f49fb37f-8938-43ae-a882-9ad15d42f846,Houston,Busan,United States,South Korea,Port of LA,Incheon Port,8624.35,19,Low,39
283efaf4-9f5e-400e-a76c-f7d7e24784b9,Abu Dhabi,Busan,UAE,South Korea,Jebel Ali,Incheon Port,7390.21,13,Low,24
45606d4d-9b87-47b6-b238-5928c6c8d4c8,Seoul,Singapore,South Korea,Singapore,Incheon Port,Port of Singapore,2781.73,7,Low,41
bfe81d25-27ff-4ae7-86e6-a1885fa28b2b,Incheon,Singapore,South Korea,Singapore,Port of Busan,Port of Singapore,4343.1,8,Medium,47
f9ec5beb-c6c9-4538-b5eb-d76131eb4398,Ningbo,Abu Dhabi,China,UAE,Shanghai Port,Jebel Ali,9800.74,14,Medium,67
5949c593-7631-4cc3-b8b2-9e1ed7c48635,Dubai,Singapore,UAE,Singapore,Jebel Ali,Port of Singapore,526.94,2,High,70
03fb361b-e6a1-4326-b1b8-b4200ef4515f,Shanghai,Hamburg,China,Germany,Shenzhen Port,Bremerhaven,11441.3,14,High,61
017ce9cb-c8d0-43b5-8ca3-8648d09eef8f,Singapore,Amsterdam,Singapore,Netherlands,Port of Singapore,Port of Rotterdam,9654.46,12,Medium,47
6d15a1fc-17c7-474c-9e06-9afc349e456e,Tokyo,Frankfurt,Japan,Germany,Port of Yokohama,Port of Hamburg,422.68,2,Medium,42
f3b83686-188e-46b0-b244-1f68b4a24842,London,Singapore,United Kingdom,Singapore,London Gateway,Port of Singapore,12058.59,29,Medium,49
855afd6d-7716-48ab-aed1-200ac32a966d,Felixstowe,Seoul,United Kingdom,South Korea,London Gateway,Port of Busan,8272.5,15,Medium,61
21be01a2-5463-4cb9-9fee-ccb7859853f9,Frankfurt,Felixstowe,Germany,United Kingdom,Port of Hamburg,Port of Felixstowe,3800.13,9,Medium,40
36c41dbb-6310-4fd6-b87c-dc8213444f9c,Los Angeles,Hamburg,United States,Germany,Port Newark,Bremerhaven,5692.16,7,Medium,51
b8d0d523-386d-43c0-b36b-2db57a20a2b7,Osaka,Frankfurt,Japan,Germany,Port of Yokohama,Bremerhaven,3587.02,8,Low,35
b669f57e-b3b6-495d-9c40-6b9418111866,Busan,Manchester,South Korea,United Kingdom,Port of Busan,London Gateway,8112.34,17,Low,20
7394a705-7407-4b5d-ad79-a38ad229f0d5,Osaka,Rotterdam,Japan,Netherlands,Port of Yokohama,Port of Rotterdam,2853.46,7,Critical,92
3f173b32-0c8f-41b8-8a2a-3fa304ff6355,Ningbo,Los Angeles,China,United States,Ningbo-Zhoushan,Port Newark,11923.18,17,Medium,63
8f955ce3-5f7f-441b-a714-cf0d3270af31,Frankfurt,Ningbo,Germany,China,Bremerhaven,Ningbo-Zhoushan,3851.5,9,Low,35
f7309478-f1d6-47bc-a9f4-c5c6c4ddf0e5,Singapore,Los Angeles,Singapore,United States,Port of Singapore,Port Houston,6031.95,12,High,60
4b46dcfa-1767-493a-b7cc-572a17d7d9ed,Singapore,Seoul,Singapore,South Korea,Port of Singapore,Port of Busan,1238.93,2,Low,21
a6834c8b-ec10-4738-9c59-551efb673610,London,Manchester,United Kingdom,United Kingdom,Port of Felixstowe,Port of Felixstowe,2014.47,8,Low,31
1357122f-b854-41f8-be81-8e86607f2065,Singapore,London,Singapore,United Kingdom,Port of Singapore,Port of Felixstowe,257.09,5,High,61
ca2895ea-25f7-49c7-8c0d-f9c1cbadcfb2,Felixstowe,Rotterdam,United Kingdom,Netherlands,London Gateway,Port of Rotterdam,11290.1,19,Low,36
eb47f781-0784-4fc2-a198-be3d2e5d5b92,Ningbo,Shenzhen,China,China,Shenzhen Port,Ningbo-Zhoushan,1618.34,7,High,85
00e07355-8763-4972-8f4e-f566f66efe6b,Houston,Yokohama,United States,Japan,Port of LA,Port of Osaka,11787.15,27,Low,32
76424569-c0be-402c-964d-76f7a63de92d,Guangzhou,Chicago,China,United States,Shanghai Port,Port Newark,8034.54,20,Low,34
1a87806d-fa36-4ed3-aa6e-b8dd6103a427,Seoul,Tokyo,South Korea,Japan,Port of Busan,Port of Yokohama,6197.96,14,Low,17
b5706d54-8994-4056-85b3-d2bd67986a2d,Hamburg,Delhi,Germany,India,Bremerhaven,Mundra Port,3708.07,6,Low,16
7943e7fa-61c0-4862-b2c7-165646966649,Seoul,Incheon,South Korea,South Korea,Port of Busan,Port of Busan,1895.54,3,Low,44
244837d9-7725-4d2a-95b8-086c2aa8ecff,Delhi,Singapore,India,Singapore,Mundra Port,Port of Singapore,3874.4,11,Medium,47
584558a0-a9fa-4469-86b7-be1638c66db4,Singapore,Felixstowe,Singapore,United Kingdom,Port of Singapore,London Gateway,11406.32,21,Medium,59
ca65767b-7b88-4ae1-ad87-4de20fac0977,Shanghai,Busan,China,South Korea,Ningbo-Zhoushan,Port of Busan,9354.56,13,High,65
f673db77-2ad1-4bb1-a0e0-3fae91831be0,Shenzhen,Yokohama,China,Japan,Shanghai Port,Port of Osaka,4568.46,12,Low,29
ccd24c24-4965-4998-a564-1dc77fdc1290,Singapore,Seoul,Singapore,South Korea,Port of Singapore,Port of Busan,3750.66,8,Low,20
a954047e-f4e2-4a23-aa82-030c9b6805ad,Ahmedabad,Sharjah,India,UAE,Nhava Sheva,Jebel Ali,8857.91,23,Medium,66
6ef7f588-3803-4e6d-b892-609966155228,Rotterdam,Felixstowe,Netherlands,United Kingdom,Port of Rotterdam,Port of Felixstowe,11717.5,24,Low,20
81481207-f78c-47a4-b93c-3adec518d278,Hyderabad,Los Angeles,India,United States,Nhava Sheva,Port of LA,7626.57,15,Medium,44
a3aa9b1f-7949-466f-a5f2-5707230d0f4c,Shenzhen,Sharjah,China,UAE,Ningbo-Zhoushan,Jebel Ali,5810.09,11,Medium,41
311c6e8c-a14d-478e-ad6b-820045d53c09,Shanghai,London,China,United Kingdom,Shenzhen Port,Port of Felixstowe,8800.05,18,Low,42
a34e05db-a610-4576-88c8-c7948e586d6b,London,Chicago,United Kingdom,United States,Port of Felixstowe,Port Newark,554.42,5,Low,43
8f18244a-87a0-4b6f-86eb-e0a7994375b2,Shanghai,Felixstowe,China,United Kingdom,Shenzhen Port,London Gateway,5678.34,10,Medium,67
0b26d003-795a-4fd4-8a4e-6d04e99a41cd,London,Kolkata,United Kingdom,India,Port of Felixstowe,Nhava Sheva,1947.63,7,Low,22
fce5edcd-70f3-4423-b35d-851e73421999,Dubai,Singapore,UAE,Singapore,Jebel Ali,Port of Singapore,11011.96,21,Low,18
418357f4-f3be-471e-a210-27f2f410e7a4,Bremen,Singapore,Germany,Singapore,Port of Hamburg,Port of Singapore,11598.97,20,Low,28
7586a15b-4d49-440c-8ccc-7f6e91b90382,Abu Dhabi,Busan,UAE,South Korea,Khalifa Port,Incheon Port,1122.3,6,Low,45
bc5e8104-93a2-4040-8bc6-f8bc6183fe3c,Frankfurt,Busan,Germany,South Korea,Bremerhaven,Incheon Port,11034.45,19,Low,25
195ec7c6-946a-4469-8f36-91086ebd5e0d,Seoul,Frankfurt,South Korea,Germany,Port of Busan,Bremerhaven,5672.65,14,Low,34
8c8502e8-0530-4e2c-aa80-699327fcbbec,Shenzhen,Abu Dhabi,China,UAE,Shenzhen Port,Jebel Ali,585.39,3,Medium,68
c2322410-6eae-4475-a8f7-325995f15bb2,Amsterdam,Incheon,Netherlands,South Korea,Port of Rotterdam,Incheon Port,7472.42,12,Low,44
86b59ce3-8ee2-4f6f-a562-1b67f808d196,Hamburg,Rotterdam,Germany,Netherlands,Port of Hamburg,Port of Rotterdam,6877.52,14,Medium,48
1681814a-9c3e-40bf-b44c-9c08426589c1,Bengaluru,London,India,United Kingdom,Chennai Port,Port of Felixstowe,5898.5,14,Low,33
88943afb-c0a8-4ba2-9326-2c8fcdb678f4,Yokohama,Bremen,Japan,Germany,Port of Osaka,Port of Hamburg,9767.56,17,Low,36
98dc7c07-0869-4d25-be58-0671ac366292,Delhi,Houston,India,United States,Kolkata Port,Port of LA,6253.86,14,Medium,36
03155c20-e9cc-4fea-8980-3957661c2088,London,Seoul,United Kingdom,South Korea,Port of Felixstowe,Incheon Port,2992.56,7,Medium,36
9f734a65-7f0c-4e0a-a243-8fbec4b8b124,Hamburg,Busan,Germany,South Korea,Port of Hamburg,Port of Busan,636.58,3,Medium,48
7004068f-382b-40d8-b24a-0de9334a3714,Busan,Yokohama,South Korea,Japan,Incheon Port,Port of Yokohama,3007.64,8,Low,35
934a16f6-f65b-4269-9ac2-403dce66f9c7,Seoul,Mumbai,South Korea,India,Incheon Port,Chennai Port,11335.79,21,Low,24
85630d74-4ac5-4653-930f-f88acad49df8,Manchester,Chicago,United Kingdom,United States,London Gateway,Port of LA,4002.95,10,Low,30
aee8c263-54eb-488a-ae29-7fca5ec8ce64,Bremen,Bengaluru,Germany,India,Bremerhaven,Nhava Sheva,9338.39,20,Medium,48
3cd624d7-3928-4494-b8f7-dc2eedaba23d,Tokyo,Amsterdam,Japan,Netherlands,Port of Osaka,Port of Rotterdam,9794.51,24,Medium,66
95fc8631-0228-4f58-97b4-f12666d9c1f2,Felixstowe,Delhi,United Kingdom,India,Port of Felixstowe,Chennai Port,9094.57,14,Low,35
6ce463b0-6862-4d18-99c3-3c11b6e47ef1,London,Singapore,United Kingdom,Singapore,London Gateway,Port of Singapore,4301.2,7,Low,16
f05261ea-6142-4dd4-aa05-bb68b699906a,Busan,Yokohama,South Korea,Japan,Port of Busan,Port of Osaka,6609.5,14,Medium,37
f7d864ee-817b-476b-a9f6-dc00f8a90106,Rotterdam,Tokyo,Netherlands,Japan,Port of Rotterdam,Port of Yokohama,2750.84,9,Low,20
70e86c71-5e76-4907-8ccd-a5cac2e5f949,Shenzhen,Singapore,China,Singapore,Ningbo-Zhoushan,Port of Singapore,6329.63,9,Low,27
76679e56-6b61-45d8-9019-01d1f71fa632,Bengaluru,Abu Dhabi,India,UAE,Mundra Port,Jebel Ali,4451.61,9,Low,31
bff24073-6f02-4fa3-ae9f-d9b229888a04,Rotterdam,Abu Dhabi,Netherlands,UAE,Port of Rotterdam,Jebel Ali,2794.82,7,Low,16
5e8c04d8-8ce6-4db1-997c-d6617a31c5ad,Chicago,London,United States,United Kingdom,Port Houston,London Gateway,9009.89,18,High,64
67b0e1a4-bd53-4ea2-b743-37024b17c869,Rotterdam,Yokohama,Netherlands,Japan,Port of Rotterdam,Port of Osaka,9215.24,15,Medium,66
6b85e1a4-7976-4268-b17a-237765e9ac40,Shenzhen,London,China,United Kingdom,Ningbo-Zhoushan,London Gateway,5573.41,12,Medium,57
15c906fa-f5ce-49ea-95df-f188ec69d3c5,Frankfurt,Ningbo,Germany,China,Port of Hamburg,Shenzhen Port,12167.35,18,Low,20
4f82fa51-f196-4953-9bc0-a210d96139cb,Busan,Chennai,South Korea,India,Port of Busan,Kolkata Port,11135.16,24,Low,31
e88df90e-1d5b-484a-96f2-7cef28168b50,Tokyo,Dubai,Japan,UAE,Port of Osaka,Jebel Ali,12034.19,15,Medium,48
4e4ac11b-5ed2-45ed-a684-5a14134b4f40,Abu Dhabi,Mumbai,UAE,India,Khalifa Port,Nhava Sheva,1222.5,3,Low,17
fda15169-1220-4fd5-b818-28d113efb4ad,Seoul,Chennai,South Korea,India,Incheon Port,Nhava Sheva,9637.01,17,Medium,54
c220fa8a-8c9f-48fe-8f9f-b0e75867cf44,Yokohama,Dubai,Japan,UAE,Port of Osaka,Khalifa Port,11676.98,21,Low,45
89e8adec-daee-4a90-9524-832574225fe5,Chennai,Shanghai,India,China,Chennai Port,Shanghai Port,5906.45,8,Low,35
0729208b-d4c2-4e1b-98ea-60ccab8829aa,London,Abu Dhabi,United Kingdom,UAE,London Gateway,Khalifa Port,8030.77,17,Low,35
fa899ef2-3a32-4499-935a-71e61057566c,Manchester,Singapore,United Kingdom,Singapore,Port of Felixstowe,Port of Singapore,610.39,5,Low,25
33234beb-b940-474d-8d69-c784ecc84839,Guangzhou,Chennai,China,India,Ningbo-Zhoushan,Kolkata Port,9316.41,19,Low,22
5e0e6a09-a147-4a53-86c2-8b4b9cf20a69,Felixstowe,Seoul,United Kingdom,South Korea,London Gateway,Incheon Port,8395.41,16,Low,36
2a793684-039a-446f-a25b-8d7776fe3852,Abu Dhabi,Rotterdam,UAE,Netherlands,Khalifa Port,Port of Rotterdam,5205.21,9,High,74
d1429771-d0e5-4fbf-9b00-a3855dbffb54,Houston,Singapore,United States,Singapore,Port Houston,Port of Singapore,2849.05,7,Low,30
3a680436-542c-490c-909e-bb21fbba975f,Hamburg,London,Germany,United Kingdom,Port of Hamburg,London Gateway,12428.7,19,Low,39
9a4ae687-fbce-4651-b441-cdbe33554af6,Bremen,Shenzhen,Germany,China,Bremerhaven,Ningbo-Zhoushan,9129.48,16,Medium,65
12fbac73-f57a-4a9a-af99-db0351f0d942,Hyderabad,Rotterdam,India,Netherlands,Mundra Port,Port of Rotterdam,12461.2,19,High,71
02fb136c-f3b5-4bf5-a44a-61d68fc8e3bd,Amsterdam,Felixstowe,Netherlands,United Kingdom,Port of Rotterdam,Port of Felixstowe,6794.49,11,Medium,67
d98ba8eb-7a20-42e4-b585-8b6ff21a0ff8,London,Delhi,United Kingdom,India,Port of Felixstowe,Mundra Port,2504.05,8,Medium,49
07ad59bb-b5a7-466c-bede-b148a0ad5410,Shanghai,London,China,United Kingdom,Shanghai Port,London Gateway,7817.59,17,Low,31
8c9ab0fb-1583-481b-8b61-782d8cec772c,Ningbo,Osaka,China,Japan,Ningbo-Zhoushan,Port of Osaka,9384.88,17,High,81
a44203c3-0e0a-4a07-a288-e36e2c96770b,Rotterdam,Busan,Netherlands,South Korea,Port of Rotterdam,Port of Busan,6517.27,12,Low,30
bf31efd3-65c5-4182-b045-5ace4fbafed5,Los Angeles,Seoul,United States,South Korea,Port of LA,Incheon Port,5898.86,10,Medium,64
d095363a-7e7a-4edb-ab9f-68c4b28f1fe6,Rotterdam,Ningbo,Netherlands,China,Port of Rotterdam,Shanghai Port,6011.07,11,Low,23
cfb98f8b-fa04-435f-a090-9e8e2ff2ca59,Shanghai,Tokyo,China,Japan,Ningbo-Zhoushan,Port of Yokohama,8455.99,12,Low,40
e9680ae8-5da3-4291-a7a3-2b7cee2d5634,Busan,Yokohama,South Korea,Japan,Port of Busan,Port of Yokohama,3460.91,7,Critical,82
c69e953a-5314-4a1a-acdb-b737acf90a15,Yokohama,Felixstowe,Japan,United Kingdom,Port of Osaka,Port of Felixstowe,10447.85,18,Medium,47
269f7a67-e148-4587-b8f8-e7998ab29c2c,London,Guangzhou,United Kingdom,China,Port of Felixstowe,Shanghai Port,1090.05,6,Low,20
6f7f984b-9050-478d-aa3c-187257590e73,Dubai,Busan,UAE,South Korea,Jebel Ali,Port of Busan,2290.31,7,Medium,58
779dcfd0-a093-4ca5-8141-a0e6fc2d1ce8,Tokyo,New York,Japan,United States,Port of Yokohama,Port Newark,5285.76,12,Medium,35
92c61f6c-3a4e-43f2-b926-4fc945eec44e,Shanghai,New York,China,United States,Shanghai Port,Port of LA,2869.41,7,Medium,57
6935baca-4b8a-4e2e-9461-b1b8287d71c3,Bremen,Singapore,Germany,Singapore,Port of Hamburg,Port of Singapore,10777.98,14,Low,15
39eb3adf-ba19-4ebf-a67d-eff4dcda1b73,Felixstowe,Amsterdam,United Kingdom,Netherlands,Port of Felixstowe,Port of Rotterdam,11514.6,21,Medium,49
bdeef621-b040-4f53-8f20-16d814b6864b,Felixstowe,Hyderabad,United Kingdom,India,Port of Felixstowe,Nhava Sheva,9542.09,15,Low,34
434bf467-80c8-400f-8b5a-66a602944523,Rotterdam,Tokyo,Netherlands,Japan,Port of Rotterdam,Port of Osaka,4435.82,13,High,72
2c8497d4-9d76-42fb-a350-1fa13d98ebd7,Bremen,Shenzhen,Germany,China,Port of Hamburg,Shanghai Port,11165.53,19,Low,39
270a34b0-8a68-4b41-ba2b-c85280dd1437,Incheon,Busan,South Korea,South Korea,Port of Busan,Port of Busan,1125.6,5,Low,32
128d9880-b6fa-4138-829c-167fb4648aa3,Dubai,Felixstowe,UAE,United Kingdom,Jebel Ali,London Gateway,9985.2,13,Low,45
09513560-8c70-4c4a-9e76-642fbb13d040,London,Delhi,United Kingdom,India,London Gateway,Nhava Sheva,5673.97,9,Medium,37
6faf81c8-085f-42b5-aadf-67bd07896ffa,Abu Dhabi,Hamburg,UAE,Germany,Khalifa Port,Port of Hamburg,5406.14,9,Low,25
80f2f815-f26d-47c3-b784-95edfec342ff,Shanghai,Frankfurt,China,Germany,Ningbo-Zhoushan,Bremerhaven,11770.19,22,Low,30
9238528b-5d76-4ad8-88d4-455c1663e046,Frankfurt,New York,Germany,United States,Bremerhaven,Port of LA,4398.94,7,Low,45
5237b9f8-e188-449b-8f99-070a62cd062d,Los Angeles,Bremen,United States,Germany,Port Houston,Port of Hamburg,9025.92,16,High,78
d5c29dd0-9a02-4cb8-8957-4c3ab076af1f,Delhi,Singapore,India,Singapore,Mundra Port,Port of Singapore,693.79,4,Medium,43
bbbc1e10-af1c-46c2-b2b1-8838c863ac08,Yokohama,Chicago,Japan,United States,Port of Yokohama,Port Houston,5816.61,10,Low,20
1a2e2100-cd88-483a-8989-7f7f8a92048c,Singapore,Amsterdam,Singapore,Netherlands,Port of Singapore,Port of Rotterdam,8390.76,13,Low,28
4328b8b1-cc42-4fd3-b308-b63e9709f0ac,Guangzhou,Yokohama,China,Japan,Shanghai Port,Port of Yokohama,6295.0,12,Medium,53
cf2b9130-794a-4c04-a86e-172a4f6be2c0,Manchester,Tokyo,United Kingdom,Japan,London Gateway,Port of Osaka,3523.65,8,Medium,44
060e86af-7ea3-4c22-80f2-ff5f314387dd,London,Ningbo,United Kingdom,China,London Gateway,Shanghai Port,12068.51,24,High,82
5a23a7e9-8739-43b4-9a41-9eaa6d94a375,Los Angeles,Hamburg,United States,Germany,Port Newark,Port of Hamburg,8325.99,17,Critical,86
d77339ce-ae0d-4b96-868c-1ba24c615bbb,Rotterdam,Abu Dhabi,Netherlands,UAE,Port of Rotterdam,Khalifa Port,11105.33,23,High,86
40ca1c4b-da27-4476-9cc2-97eaf959defc,Chicago,Singapore,United States,Singapore,Port Newark,Port of Singapore,5764.84,15,Medium,44
9aa59c63-29e2-4775-8b9b-a00e41785f4d,Shanghai,Yokohama,China,Japan,Shenzhen Port,Port of Yokohama,5459.49,8,Low,22
2282d593-750c-422d-b213-5d197748d8bc,Singapore,Rotterdam,Singapore,Netherlands,Port of Singapore,Port of Rotterdam,8049.69,16,Medium,57
8e69253e-2a65-4dcf-b30d-60dbd8aebfff,Houston,New York,United States,United States,Port of LA,Port of LA,859.78,3,Medium,62
d52e699a-5417-4ae4-923e-9eaa0ffd484a,London,Abu Dhabi,United Kingdom,UAE,London Gateway,Jebel Ali,3297.55,9,Low,24
4459cd27-f604-4750-9fb2-a6ced3da1395,Felixstowe,Bremen,United Kingdom,Germany,Port of Felixstowe,Bremerhaven,8444.3,18,Low,35
cf57e203-fb73-4449-8220-83b42805e72a,Mumbai,Incheon,India,South Korea,Chennai Port,Incheon Port,1009.04,4,Low,28
e8987b60-0650-44c7-a545-5b07edd2b155,Seoul,Houston,South Korea,United States,Incheon Port,Port Newark,6256.85,17,Medium,68
0b68912e-6b7e-4f1c-bc5a-cd59e8a52544,Amsterdam,Singapore,Netherlands,Singapore,Port of Rotterdam,Port of Singapore,8052.8,16,Low,40
d4e2cd3d-c4c1-4fc4-8f92-828688dbcdd6,Singapore,Busan,Singapore,South Korea,Port of Singapore,Incheon Port,7511.93,11,Low,16
910e0be6-c0cf-4dfe-8c45-68eb50c3a35d,Singapore,Shenzhen,Singapore,China,Port of Singapore,Shenzhen Port,1724.43,6,Low,38
4fc66e39-784f-42cf-b382-d3bb56a90f5c,Incheon,Singapore,South Korea,Singapore,Port of Busan,Port of Singapore,9527.69,15,Medium,39
b77ff50c-ccfe-49e1-aa21-8bcf7c558c34,Amsterdam,Singapore,Netherlands,Singapore,Port of Rotterdam,Port of Singapore,993.31,5,Low,39
df26b402-7765-4431-b125-704f5adf1f1c,Los Angeles,Singapore,United States,Singapore,Port Houston,Port of Singapore,7536.38,13,Low,22
f1ad13f7-e446-46b4-917c-e97cb9865137,Singapore,Hyderabad,Singapore,India,Port of Singapore,Nhava Sheva,11270.28,17,High,84
08322241-db5e-41da-859d-cf8ec7c7f0f6,Yokohama,Singapore,Japan,Singapore,Port of Yokohama,Port of Singapore,2064.79,7,Low,30
709f90fa-0910-49b9-9c7f-a7ac73751766,Tokyo,London,Japan,United Kingdom,Port of Osaka,London Gateway,9582.99,15,Medium,41
4c41f9ea-5ecd-4c34-9791-d1bef6868955,Chicago,Incheon,United States,South Korea,Port Houston,Incheon Port,6996.42,11,Medium,44
ecfb835b-15cf-42a6-9df7-4581150993d5,Felixstowe,Hamburg,United Kingdom,Germany,Port of Felixstowe,Bremerhaven,10113.29,19,Medium,62
d2b617fa-47e4-48d3-937c-37a55d10750d,Busan,Bremen,South Korea,Germany,Port of Busan,Bremerhaven,2667.24,5,Low,21
825a6e3c-10af-44dd-8dc8-2cb83ad355e2,Chennai,Rotterdam,India,Netherlands,Mundra Port,Port of Rotterdam,2923.3,8,Low,16
35b07add-bbd8-4545-9bab-c57ebaa4fe8d,Singapore,Dubai,Singapore,UAE,Port of Singapore,Jebel Ali,3833.31,7,Medium,57
61565909-57d2-4abd-bdc6-1c59047b4866,Rotterdam,Ningbo,Netherlands,China,Port of Rotterdam,Shenzhen Port,6645.11,11,Low,23
605e4d7b-d01c-42d7-b588-790127a9e694,Amsterdam,Felixstowe,Netherlands,United Kingdom,Port of Rotterdam,London Gateway,1763.31,8,Medium,50
675c029c-4d01-43bc-bc83-6d8a4c622fb6,Abu Dhabi,Sharjah,UAE,UAE,Khalifa Port,Khalifa Port,265.25,4,High,73
86b20f9e-2395-4da2-bd0e-024e615b7c25,Amsterdam,Bremen,Netherlands,Germany,Port of Rotterdam,Port of Hamburg,5105.02,9,Low,30
fe1b82a5-31e6-4006-92b9-ae0765270951,Rotterdam,Amsterdam,Netherlands,Netherlands,Port of Rotterdam,Port of Rotterdam,1623.01,5,Low,22
6e5b2fb4-a605-4084-bfe5-f3070a36e7f9,Manchester,Hamburg,United Kingdom,Germany,Port of Felixstowe,Port of Hamburg,10875.55,17,Medium,37
1d668c13-a82f-4930-a94b-c8233ae127bc,Shenzhen,Manchester,China,United Kingdom,Shenzhen Port,Port of Felixstowe,7018.51,13,Medium,53
e13089b2-15a1-47c8-9f62-853b335fcf4d,Felixstowe,Yokohama,United Kingdom,Japan,London Gateway,Port of Yokohama,5990.57,13,Critical,88
ec6543f0-8358-419f-adb1-41ac31892858,Hamburg,Abu Dhabi,Germany,UAE,Port of Hamburg,Jebel Ali,1873.46,7,Low,15
76594574-5c9f-4e44-ace6-5e65a5114f9b,Singapore,Dubai,Singapore,UAE,Port of Singapore,Khalifa Port,2476.04,5,Low,24
97c54782-99ce-479a-a090-6c94685efc9a,Singapore,Shenzhen,Singapore,China,Port of Singapore,Ningbo-Zhoushan,4919.46,10,Critical,92
71581163-8246-47b3-9e25-80b190425580,Seoul,Shanghai,South Korea,China,Incheon Port,Shenzhen Port,4289.55,6,Low,38
6ec63e38-229e-4e5b-9f1f-2fca4922f388,Singapore,Osaka,Singapore,Japan,Port of Singapore,Port of Osaka,2639.28,8,High,84
9e5ab92f-b14c-404c-9824-dd01771848ca,Mumbai,Yokohama,India,Japan,Mundra Port,Port of Yokohama,10845.08,15,Medium,47
4bb14617-d57d-4c6a-9d43-ff44cd20d33d,Osaka,Bremen,Japan,Germany,Port of Yokohama,Port of Hamburg,2714.58,10,Low,45
bdf52c2f-1f59-426d-8356-2c50095d8f7e,Rotterdam,Sharjah,Netherlands,UAE,Port of Rotterdam,Jebel Ali,11924.72,27,Medium,68
3e05cf51-6cad-4469-94a8-46953cdf1a77,Los Angeles,Seoul,United States,South Korea,Port Newark,Incheon Port,9783.83,14,Low,26
c61528e6-2f7e-46f1-bdbd-cb139dbccc64,Shenzhen,Yokohama,China,Japan,Shanghai Port,Port of Yokohama,9470.22,19,Medium,45
7ad9c14c-07d4-4a72-bede-de7967991ab1,Shanghai,Hamburg,China,Germany,Ningbo-Zhoushan,Bremerhaven,6647.44,12,High,69
459d3b5e-7b10-4a62-b871-9539ecd3cf8b,Dubai,Chennai,UAE,India,Khalifa Port,Mundra Port,2570.28,8,Low,38
c70009f8-e9a8-48f9-8140-8185d6b05375,Ningbo,Bengaluru,China,India,Shanghai Port,Mundra Port,12421.21,20,Medium,42
c1135070-d4e3-47cd-944e-cf547024cf3d,Chicago,Hyderabad,United States,India,Port Newark,Kolkata Port,2759.95,5,High,63
7aae6090-ff21-4093-b31b-916ba260759f,Incheon,Yokohama,South Korea,Japan,Incheon Port,Port of Yokohama,12112.83,22,Medium,58
8f71fd5e-c285-46ac-a753-0e9e1ba9c9b0,Felixstowe,Rotterdam,United Kingdom,Netherlands,London Gateway,Port of Rotterdam,4013.38,5,Medium,41
816e60ac-1b2a-47de-9399-6507bd5b0083,Singapore,Rotterdam,Singapore,Netherlands,Port of Singapore,Port of Rotterdam,11751.69,28,Low,31
4d8c1e1e-3738-4eaf-8f3b-522c48b36d4d,Osaka,Los Angeles,Japan,United States,Port of Osaka,Port Houston,4729.21,7,Low,37
21cdd867-c03d-423f-b8ad-f3e771692443,London,Seoul,United Kingdom,South Korea,Port of Felixstowe,Incheon Port,9908.63,17,Low,15
cddb3406-83fe-4a4c-9601-3c1a2dcd00ca,Seoul,Bengaluru,South Korea,India,Port of Busan,Nhava Sheva,7714.67,9,Medium,67
c0359232-1c18-41a0-b66d-3cf472e61fb2,Rotterdam,Chicago,Netherlands,United States,Port of Rotterdam,Port Houston,6342.63,15,Low,38
a8e2c908-35ff-4eb5-923c-129eceeed6cd,Osaka,Rotterdam,Japan,Netherlands,Port of Yokohama,Port of Rotterdam,11881.51,29,Critical,87
99428af9-63dc-45f5-904e-0e5a2fbeedd8,Manchester,Sharjah,United Kingdom,UAE,Port of Felixstowe,Jebel Ali,1215.39,6,Medium,55
867d9710-7dfc-4cb3-a1e4-a0a4c301f00e,Incheon,Manchester,South Korea,United Kingdom,Port of Busan,London Gateway,9822.69,19,Medium,59
c549c09b-ecb0-49f9-900c-38418c7292bc,Bengaluru,Shanghai,India,China,Mundra Port,Ningbo-Zhoushan,11379.9,15,Low,17
51e6fe25-910e-4746-ba3d-7db47e83dd84,Amsterdam,Singapore,Netherlands,Singapore,Port of Rotterdam,Port of Singapore,1576.23,7,Low,39
f403bbfa-0fd9-4f85-978b-abfe22268941,Rotterdam,Singapore,Netherlands,Singapore,Port of Rotterdam,Port of Singapore,11617.84,22,Low,23
9635c945-f2ff-4d63-803f-3164b95b1608,Houston,Guangzhou,United States,China,Port of LA,Shenzhen Port,8914.12,15,Medium,51
71ef8f4c-dffc-4f5b-b04e-35d528d1bfb5,Hamburg,Dubai,Germany,UAE,Bremerhaven,Jebel Ali,8309.28,11,Medium,47
9b033bdc-2eec-4d3d-9914-e4fe60e3c575,Seoul,Sharjah,South Korea,UAE,Port of Busan,Khalifa Port,3591.19,5,High,69
aa26f8da-ea1a-46fd-9223-4872c1148167,Mumbai,Dubai,India,UAE,Kolkata Port,Khalifa Port,11006.8,18,Low,37
81b37726-1288-4c1a-a28f-0cc92e21611e,Chicago,London,United States,United Kingdom,Port of LA,London Gateway,9854.3,14,Medium,52
0649f30e-c65a-4c39-affa-b7ac9d223064,Guangzhou,Los Angeles,China,United States,Shanghai Port,Port of LA,5836.56,10,Low,38
feae2072-f983-48b0-ab7c-cbfb67b38f32,Sharjah,Incheon,UAE,South Korea,Khalifa Port,Port of Busan,2511.23,7,Low,40
0fa7e9c5-693a-43f2-9bcd-2fa61d640b8d,Singapore,Sharjah,Singapore,UAE,Port of Singapore,Jebel Ali,6006.91,13,Low,31
1c4520b2-fd3f-49b9-b6d4-c8bb851abfff,Manchester,Delhi,United Kingdom,India,Port of Felixstowe,Mundra Port,7542.31,17,Medium,50
3014f9d1-fe5d-4eaf-b0e6-3a20d47d2a3e,Felixstowe,Delhi,United Kingdom,India,London Gateway,Chennai Port,11986.1,16,Low,37
0a2e0ea2-9a6a-4219-b414-ebbeb750326e,Bengaluru,Bremen,India,Germany,Chennai Port,Port of Hamburg,4695.61,8,Low,31
b4ff5932-b576-4fc3-bf29-ead04da43597,Guangzhou,Houston,China,United States,Ningbo-Zhoushan,Port Houston,7273.44,12,Low,37
65a4e99d-5e96-4d07-aa20-4cffc93b04f9,Dubai,Bremen,UAE,Germany,Jebel Ali,Port of Hamburg,4929.29,8,High,87
fcac5c61-ea07-4181-bd3a-440015206381,New York,Felixstowe,United States,United Kingdom,Port Newark,London Gateway,2543.41,8,High,83
a566251b-5409-4c98-91cf-555df521706f,Osaka,Amsterdam,Japan,Netherlands,Port of Yokohama,Port of Rotterdam,8263.54,19,Low,37
81d45630-428a-4a61-b95f-fcc4a8511e57,Sharjah,Houston,UAE,United States,Jebel Ali,Port of LA,7821.61,10,Medium,57
f7161eb0-f23d-4173-bed8-4b01e0fb9eb0,London,Tokyo,United Kingdom,Japan,London Gateway,Port of Osaka,2506.21,6,Low,34
243652fe-cc32-4cfc-af28-3cc5ad93c458,Amsterdam,Yokohama,Netherlands,Japan,Port of Rotterdam,Port of Yokohama,6007.75,18,High,64
55f494e7-8079-4a32-ae53-51688c747e90,Ningbo,Hamburg,China,Germany,Shanghai Port,Port of Hamburg,7746.36,20,Low,29
3115caeb-433d-46a3-bc11-970134cac294,Singapore,Osaka,Singapore,Japan,Port of Singapore,Port of Osaka,9044.32,17,Low,38
b50c3068-d294-4e4c-9387-d6336cd7d2f1,Bremen,Felixstowe,Germany,United Kingdom,Bremerhaven,Port of Felixstowe,10086.76,20,Medium,62
787e11c8-d84c-465a-b132-d88f60849700,Busan,Manchester,South Korea,United Kingdom,Incheon Port,Port of Felixstowe,11630.17,16,Low,40
b73269ec-401c-4a71-acdf-011535a47e3e,Chicago,Bremen,United States,Germany,Port Newark,Bremerhaven,7258.81,12,Low,28
b553c517-1d3c-475c-adf6-3580efbc7056,Ahmedabad,New York,India,United States,Nhava Sheva,Port Houston,7046.56,17,Low,17
a6ad1bf3-8f59-42ad-ab88-446490f8c1aa,Los Angeles,Bremen,United States,Germany,Port of LA,Bremerhaven,2641.15,6,High,68
1e8b0381-899b-4ffe-a524-831a2b1967b0,Hamburg,Los Angeles,Germany,United States,Bremerhaven,Port Newark,2523.85,5,Medium,64
495af045-883a-4195-9180-cdf6c2599fe1,Abu Dhabi,Felixstowe,UAE,United Kingdom,Jebel Ali,Port of Felixstowe,8884.84,14,Medium,56
36b6c62c-658e-49b1-8c5d-8ec1d768b5e3,Shanghai,Amsterdam,China,Netherlands,Shenzhen Port,Port of Rotterdam,5661.83,9,High,72
456b2781-43dc-4996-8dc9-f93497b0740a,Osaka,Manchester,Japan,United Kingdom,Port of Osaka,London Gateway,8177.22,14,High,87
9bb4b709-8aeb-4f30-af29-903f41e946b7,Amsterdam,Incheon,Netherlands,South Korea,Port of Rotterdam,Incheon Port,2861.54,4,Low,20
de0cb57b-e1f8-4526-90c0-fdf9ec43486c,Incheon,New York,South Korea,United States,Port of Busan,Port of LA,8284.55,17,Medium,55
10b5f4d7-2ee6-4372-9efc-a35871f6f155,Mumbai,Los Angeles,India,United States,Mundra Port,Port Newark,2076.93,7,Medium,43
606a79be-2376-49d2-afdd-5db13dd8b04a,Singapore,Dubai,Singapore,UAE,Port of Singapore,Jebel Ali,7689.96,14,Low,36
d0800d7b-8c23-484d-8795-ca5f7fe72d26,Osaka,New York,Japan,United States,Port of Yokohama,Port Houston,10240.9,25,Low,30
eda78b86-3e91-4c70-b086-f08d290f3215,Bengaluru,Los Angeles,India,United States,Mundra Port,Port Houston,5261.62,14,Medium,56
c76ad157-6ba7-434e-980d-eaacc2b3956c,Hamburg,Delhi,Germany,India,Port of Hamburg,Kolkata Port,5223.5,10,Medium,58
66c8c504-a691-4f8a-9faa-2d94b231d42e,Seoul,Amsterdam,South Korea,Netherlands,Port of Busan,Port of Rotterdam,2814.18,4,High,82
929e5ea3-80ac-47db-a01d-55e25f92c4a8,Rotterdam,Shanghai,Netherlands,China,Port of Rotterdam,Shanghai Port,10940.14,19,Medium,37
8a645d36-b435-4729-8a5c-c2e70a33f296,Felixstowe,Singapore,United Kingdom,Singapore,London Gateway,Port of Singapore,1021.8,6,Low,36
7acf0945-d2e7-48bd-a6a7-991c6121d514,Busan,Sharjah,South Korea,UAE,Port of Busan,Khalifa Port,3458.58,8,Low,37
54579b39-6f25-4634-80a9-ba927e21a121,Shenzhen,Abu Dhabi,China,UAE,Ningbo-Zhoushan,Khalifa Port,7386.46,14,Medium,44
61797a49-0a06-4795-a999-a2f2c51a7eb0,Rotterdam,Chicago,Netherlands,United States,Port of Rotterdam,Port of LA,6258.6,9,Low,39
c2abf6d5-6dd7-44fd-a84f-28a4b39bc054,Osaka,Amsterdam,Japan,Netherlands,Port of Osaka,Port of Rotterdam,8867.9,17,High,85
b0ce3f23-6eae-435e-8770-84da780976b4,Bengaluru,Yokohama,India,Japan,Mundra Port,Port of Osaka,7962.91,20,High,76
96331946-e99d-494d-bfcf-34eb100bce1c,Singapore,Shanghai,Singapore,China,Port of Singapore,Ningbo-Zhoushan,6065.56,14,Medium,62
686a694a-aba1-47d5-a4c2-8013eb12341a,Yokohama,Tokyo,Japan,Japan,Port of Yokohama,Port of Yokohama,477.81,5,Medium,53
4ada7f91-3b40-40de-bc46-585ad58b93c5,Los Angeles,Bremen,United States,Germany,Port Houston,Bremerhaven,5907.66,12,Medium,66
06d32b7d-3b2a-47c6-8576-36e4b73df919,Frankfurt,Los Angeles,Germany,United States,Port of Hamburg,Port Newark,10224.0,20,Medium,64
b62ae26b-1b3a-41f4-8b26-81981550f907,Los Angeles,Singapore,United States,Singapore,Port of LA,Port of Singapore,9482.98,22,Medium,39
8abc54ac-8651-4b45-8dea-322980e6ba3d,Shenzhen,Amsterdam,China,Netherlands,Ningbo-Zhoushan,Port of Rotterdam,6944.97,11,Medium,41
21f28df2-8593-45df-be8b-1a8861b3863c,Hamburg,Amsterdam,Germany,Netherlands,Port of Hamburg,Port of Rotterdam,3557.72,6,Low,26
9b5e6b6f-d6bd-4bbd-a9eb-a550b0796faa,Hamburg,Guangzhou,Germany,China,Bremerhaven,Shanghai Port,6280.92,8,Low,37
1b2a8d58-30f7-457e-994c-30b2b28d3d4f,Tokyo,Yokohama,Japan,Japan,Port of Yokohama,Port of Osaka,673.95,6,Low,16
b9949b29-c943-49d5-9067-ca0dbb8bf8fb,Manchester,Frankfurt,United Kingdom,Germany,London Gateway,Bremerhaven,7275.33,13,Low,41
1407805a-ec1c-490d-85f2-d88c80dd7c8e,Manchester,Chennai,United Kingdom,India,London Gateway,Nhava Sheva,4371.17,8,Low,17
87b98bc8-4bca-46bb-9c4a-2b2fa7e4a60b,Tokyo,Manchester,Japan,United Kingdom,Port of Osaka,Port of Felixstowe,426.24,5,Low,19
27e43892-975a-4b41-b2b3-298dac9c54e3,Hyderabad,Manchester,India,United Kingdom,Mundra Port,Port of Felixstowe,7629.28,12,Low,37
0a56261a-6dae-4068-80e2-9a99dc63069a,Delhi,Amsterdam,India,Netherlands,Kolkata Port,Port of Rotterdam,12304.92,26,High,79
e183f36d-ed61-4eac-9d84-054fe72b7f47,Osaka,Frankfurt,Japan,Germany,Port of Yokohama,Port of Hamburg,11704.36,23,Low,21
9a1b2a3c-f230-4c1c-b891-957b98db175c,London,Ningbo,United Kingdom,China,London Gateway,Shenzhen Port,1942.49,5,Medium,53
89917ccc-e72a-4da1-876e-a671c65d545f,Bremen,Singapore,Germany,Singapore,Port of Hamburg,Port of Singapore,3528.1,9,High,63
5eb49547-c1ea-41bb-8021-79db34c7c142,Bengaluru,Incheon,India,South Korea,Chennai Port,Port of Busan,8563.01,16,Low,22
d96e9799-d359-48ae-b1b7-32620b9a10c0,Hamburg,Chicago,Germany,United States,Bremerhaven,Port of LA,10954.79,19,High,80
71cf2821-fbbe-43eb-b159-03ef1ebded68,Singapore,Los Angeles,Singapore,United States,Port of Singapore,Port Houston,12499.35,30,Low,37
c0847211-b436-4516-b2cc-4716c2cf0e00,Los Angeles,Shanghai,United States,China,Port of LA,Shanghai Port,7509.11,17,Medium,41
16fa3d64-0dcd-4521-99a2-90f33bdb03ce,Amsterdam,Guangzhou,Netherlands,China,Port of Rotterdam,Ningbo-Zhoushan,11584.9,14,Medium,55
51f09997-2b4d-4f5e-a406-71c0f60ba357,Bremen,Manchester,Germany,United Kingdom,Port of Hamburg,London Gateway,1062.34,6,Low,22
87a99bf7-b841-423a-bcec-7c9f2b23f183,Amsterdam,Manchester,Netherlands,United Kingdom,Port of Rotterdam,London Gateway,10755.66,18,Medium,53
775f6b3f-c87f-49fb-8271-8f5e13058cc6,Chennai,Busan,India,South Korea,Mundra Port,Port of Busan,9206.19,17,Medium,66
8b509e8e-0508-448b-8db6-b20aa978851b,Shenzhen,Hyderabad,China,India,Shenzhen Port,Kolkata Port,7086.72,13,Medium,60
6a7d48c3-31b8-4303-ac1a-944c30769d4d,Dubai,Hyderabad,UAE,India,Khalifa Port,Mundra Port,12193.99,18,Critical,91
1203ff32-8f84-47ae-9bd4-0dc7536aabd2,Los Angeles,Felixstowe,United States,United Kingdom,Port Houston,London Gateway,4318.98,9,Medium,62
3a43cb88-bcec-4808-a74d-d4795c603014,Tokyo,Shanghai,Japan,China,Port of Yokohama,Shanghai Port,11081.89,20,Low,31
61595e40-5ed3-496d-8c05-d772e2da62b6,Singapore,Mumbai,Singapore,India,Port of Singapore,Nhava Sheva,1304.46,2,High,66
49f29de8-2cd4-417e-9305-ba704f216fc5,Singapore,Osaka,Singapore,Japan,Port of Singapore,Port of Yokohama,6045.09,10,Medium,68
21679b78-749f-44a3-8c8e-7d22128fec0f,Yokohama,London,Japan,United Kingdom,Port of Osaka,London Gateway,11140.3,21,Medium,36
edfd33f7-1d18-4907-b7b2-24fa7f6776b1,Tokyo,Los Angeles,Japan,United States,Port of Osaka,Port Houston,3581.67,9,Low,17
7c411005-f594-4916-bba4-7c2a20516c41,Rotterdam,Hamburg,Netherlands,Germany,Port of Rotterdam,Bremerhaven,10773.5,23,Low,33
4fc4830c-7735-4e68-8e9e-40dd9469ecc0,Singapore,New York,Singapore,United States,Port of Singapore,Port of LA,7256.64,12,Medium,45
3ca7f8f7-17c1-4c5d-a802-a62cf96ab344,Dubai,Ahmedabad,UAE,India,Khalifa Port,Chennai Port,4847.48,6,Low,25
cf66d717-27d9-41f1-a88e-59353d60af4e,Hamburg,Shenzhen,Germany,China,Bremerhaven,Shenzhen Port,4360.99,9,Low,21
8161f0bd-d908-4db6-8489-fc36d211034c,Rotterdam,Manchester,Netherlands,United Kingdom,Port of Rotterdam,London Gateway,6528.24,11,High,60
0f581d72-d296-4cb0-9a5f-38da4ba224fb,Felixstowe,Busan,United Kingdom,South Korea,Port of Felixstowe,Port of Busan,12402.63,26,Low,26
f49b7edf-e102-44c6-bf26-cd8fe5e7c452,Rotterdam,Houston,Netherlands,United States,Port of Rotterdam,Port of LA,9527.54,23,Low,22
f238df76-9c6b-4c96-96f9-d0fe33ffa74b,London,Busan,United Kingdom,South Korea,London Gateway,Incheon Port,4954.67,12,Low,42
46fddc82-b570-4c85-8b9e-a53228c2ca5d,Amsterdam,Abu Dhabi,Netherlands,UAE,Port of Rotterdam,Jebel Ali,1722.24,4,Low,25
b08b3c93-8387-44d0-9941-0e0402ace57a,Kolkata,Singapore,India,Singapore,Chennai Port,Port of Singapore,9894.06,12,Low,19
d5bbc869-7621-4483-8ab3-049117c65063,Singapore,Abu Dhabi,Singapore,UAE,Port of Singapore,Khalifa Port,7672.73,20,Critical,91
b4267dd7-f961-4cda-9db5-6bc257508133,Ningbo,Singapore,China,Singapore,Shenzhen Port,Port of Singapore,8729.07,17,Medium,66
e7e916a3-81af-4f0d-96ed-87fca61cabd8,Bremen,Ahmedabad,Germany,India,Bremerhaven,Kolkata Port,1754.02,6,Low,44
69b5cf9b-05dc-46be-8535-d1a64196a45d,Ningbo,Chicago,China,United States,Shenzhen Port,Port Newark,4109.01,8,Critical,96
9caf4476-8014-4e2b-88a4-7e8e6f911062,Chicago,Singapore,United States,Singapore,Port Newark,Port of Singapore,6891.52,15,Low,37
a43dcefd-2355-4d4e-96d3-f4c8c2efc194,Seoul,Yokohama,South Korea,Japan,Incheon Port,Port of Osaka,3507.27,5,Medium,61
264ed81d-7b60-4cc1-98ef-df03405fd575,Dubai,Chennai,UAE,India,Khalifa Port,Chennai Port,3893.34,6,Low,29
8e73ef34-3598-4fe8-a1b6-d8e7ae42cdc2,Singapore,Chicago,Singapore,United States,Port of Singapore,Port Houston,473.75,4,Low,40
74a43856-242d-4ecb-a056-e3b506ead5de,Hamburg,Tokyo,Germany,Japan,Bremerhaven,Port of Osaka,9344.41,15,Low,37
119f08ce-f3ba-4b93-95df-dccfb98bdaac,Yokohama,Dubai,Japan,UAE,Port of Osaka,Khalifa Port,10481.36,18,Medium,67
0166e13a-a9c5-453b-90c8-edc9a0f70a12,Busan,Singapore,South Korea,Singapore,Port of Busan,Port of Singapore,4536.16,7,Medium,41
48e77322-c55b-4e73-8962-d3dc837b918d,Frankfurt,Dubai,Germany,UAE,Port of Hamburg,Khalifa Port,5413.72,8,High,80
4baa9508-2754-43c2-861e-aca9b6fb7a66,Chennai,Los Angeles,India,United States,Chennai Port,Port Houston,8763.94,15,Medium,45
e265be65-2bad-4679-a1e8-5113c34d2b33,Hamburg,Hyderabad,Germany,India,Port of Hamburg,Mundra Port,9717.08,14,Low,41
ad902ff5-a8be-40c2-ae4c-57bf4483c855,Tokyo,Singapore,Japan,Singapore,Port of Osaka,Port of Singapore,8045.45,12,Low,26
08cd70d1-1feb-4d68-85cf-5bbb4c1b5335,Kolkata,Felixstowe,India,United Kingdom,Chennai Port,London Gateway,11776.2,20,Medium,39
dd3c74d5-fee9-4b9e-a89f-cfb1c849d3b0,Sharjah,Singapore,UAE,Singapore,Jebel Ali,Port of Singapore,8013.79,15,Medium,44
c4d41812-ecc4-473d-9063-d98482905923,Kolkata,Manchester,India,United Kingdom,Nhava Sheva,London Gateway,2803.89,6,Medium,65
839e0358-c6bf-400f-a039-d7c67fe275f9,Dubai,Hamburg,UAE,Germany,Jebel Ali,Port of Hamburg,5112.59,12,Low,36
51764bea-819a-4a76-bc79-b6041bf89368,Chennai,Chicago,India,United States,Mundra Port,Port Houston,5441.47,16,Medium,64
b6f3f248-c1a7-412b-8572-4115ad541cb1,Singapore,Chicago,Singapore,United States,Port of Singapore,Port Newark,11933.67,22,Low,39
a0f6d645-7e2d-4465-b094-61edfe08c889,Seoul,Busan,South Korea,South Korea,Incheon Port,Port of Busan,1485.1,6,Low,21
73837e8d-9934-4d77-9418-1048c89ba784,Bengaluru,Shanghai,India,China,Kolkata Port,Shenzhen Port,6297.31,14,Low,32
fdd9f67a-e678-46fe-8ec6-563aa591282e,Shenzhen,Osaka,China,Japan,Shenzhen Port,Port of Osaka,8609.27,11,Low,26
f212749d-e8f7-43c2-ac5f-2a9b31746493,Bengaluru,Incheon,India,South Korea,Mundra Port,Incheon Port,7727.85,21,Medium,38
6e9ce9de-4b3a-4188-8f24-d318c9242ef7,Singapore,Houston,Singapore,United States,Port of Singapore,Port of LA,5558.69,12,Medium,56
816dad08-735a-4b65-b04f-dc35fd7617d7,Amsterdam,Sharjah,Netherlands,UAE,Port of Rotterdam,Jebel Ali,6635.9,13,Low,36
4110a06b-706a-4eb9-b4a7-691e41312943,Incheon,Guangzhou,South Korea,China,Port of Busan,Shanghai Port,12316.07,27,Low,25
0235b0c4-4c13-414e-8933-f69ea7d55b5e,Frankfurt,Hyderabad,Germany,India,Bremerhaven,Chennai Port,11484.56,17,Low,30
3b8678d8-69b2-4803-af57-312e90d00c61,London,Manchester,United Kingdom,United Kingdom,London Gateway,Port of Felixstowe,1387.28,7,Medium,35
70c79ee1-88f2-4240-805e-74ee0fb45316,Singapore,Abu Dhabi,Singapore,UAE,Port of Singapore,Khalifa Port,4485.97,10,High,64
ff08ee23-e595-493c-b660-3745156b40d1,London,Singapore,United Kingdom,Singapore,Port of Felixstowe,Port of Singapore,12330.63,28,Medium,65
677f6747-1586-4b4a-ade6-3df187edf661,Manchester,Rotterdam,United Kingdom,Netherlands,Port of Felixstowe,Port of Rotterdam,352.55,5,Low,42
c400f450-6e5e-4b63-af93-896236e03088,Manchester,Hamburg,United Kingdom,Germany,Port of Felixstowe,Bremerhaven,10209.41,23,Medium,68
8d5b3e27-86c5-4583-92be-1e138f471ad1,Frankfurt,Bremen,Germany,Germany,Bremerhaven,Bremerhaven,1460.29,8,Low,28
12d667a2-0a9d-4ff7-976f-5deadb625864,Tokyo,Bremen,Japan,Germany,Port of Osaka,Bremerhaven,12008.94,20,Medium,54
1860dced-9b95-48f4-a2ac-40a967857e65,Chennai,Rotterdam,India,Netherlands,Nhava Sheva,Port of Rotterdam,776.61,4,High,88
ce9e0ea2-de86-4650-8f20-3bda60fa8c15,Osaka,Hamburg,Japan,Germany,Port of Yokohama,Port of Hamburg,9397.69,18,Medium,57
e41c54d8-a8a6-401b-acfd-eeda8f35db63,Singapore,Manchester,Singapore,United Kingdom,Port of Singapore,Port of Felixstowe,6104.65,14,Medium,61
df06026f-3a28-4cf0-9d19-bba4843cba94,Shenzhen,Tokyo,China,Japan,Shenzhen Port,Port of Yokohama,11464.62,15,Low,28
d8b8dc1c-00c5-465d-b088-e4f01383b8d1,Kolkata,Rotterdam,India,Netherlands,Nhava Sheva,Port of Rotterdam,10413.87,20,Medium,66
7f505159-ac0b-4643-bd44-9ee944bc18b1,Guangzhou,Shanghai,China,China,Shenzhen Port,Ningbo-Zhoushan,1896.34,4,Low,23
efafbcf9-544d-4534-990c-f981279bd756,Sharjah,Manchester,UAE,United Kingdom,Jebel Ali,London Gateway,8549.68,18,Low,42
d4795d93-ce6a-4d7b-9637-8ece8b04685c,Tokyo,London,Japan,United Kingdom,Port of Yokohama,London Gateway,10928.48,14,Medium,66
24371512-4251-4692-8288-73d375e3ff34,London,Manchester,United Kingdom,United Kingdom,London Gateway,Port of Felixstowe,1915.87,6,Medium,51
ce0c96ea-b8cc-48b9-800f-28b971aa162f,Felixstowe,Sharjah,United Kingdom,UAE,London Gateway,Jebel Ali,6551.71,12,Low,36
dedc5157-4a37-4a90-ac1f-5169890e537a,Hamburg,Sharjah,Germany,UAE,Port of Hamburg,Khalifa Port,12281.96,28,High,87
de4b9917-dd84-4839-8dbc-0c317f763d3d,Bremen,Osaka,Germany,Japan,Port of Hamburg,Port of Yokohama,4526.06,12,Medium,42
72b15676-e0f3-4ec9-aa26-4e1bd3d8310b,Shenzhen,Sharjah,China,UAE,Ningbo-Zhoushan,Khalifa Port,6270.0,9,Low,43
6f8e7b0e-ff05-486b-9e01-220c13a8d5c4,Frankfurt,Rotterdam,Germany,Netherlands,Bremerhaven,Port of Rotterdam,7985.64,18,High,87
c35f5441-35ef-4186-9554-2ba5c0a5f39d,Incheon,Frankfurt,South Korea,Germany,Port of Busan,Bremerhaven,621.89,6,Medium,49
1148a05d-4695-4d7a-96f0-546f64669b04,Hyderabad,New York,India,United States,Chennai Port,Port of LA,12132.2,21,Low,40
19951d35-8a0c-4a32-b8d8-2ecc02c29d6c,London,Seoul,United Kingdom,South Korea,Port of Felixstowe,Port of Busan,3981.06,11,Low,38
19b55fea-2ac9-4526-a4c9-d60e4bb4f4d1,Mumbai,Bremen,India,Germany,Chennai Port,Port of Hamburg,10419.17,14,Medium,51
fce733bb-0c08-425e-97d6-84103d550b50,Singapore,Hamburg,Singapore,Germany,Port of Singapore,Port of Hamburg,2580.78,5,Medium,62
8890c32c-a140-4151-839d-d86b8a9e53c9,Incheon,Hamburg,South Korea,Germany,Port of Busan,Port of Hamburg,2259.67,8,High,85
2d125a37-ab1d-40c5-802a-ff2a27a3814f,Guangzhou,Amsterdam,China,Netherlands,Shanghai Port,Port of Rotterdam,5987.85,9,Low,38
04316b4a-14e4-456b-ba9b-489f71019502,Felixstowe,Chicago,United Kingdom,United States,Port of Felixstowe,Port Houston,2986.87,5,Medium,53
5259026f-a25c-44b3-a079-7b347d80eb01,Manchester,Los Angeles,United Kingdom,United States,London Gateway,Port Newark,10012.58,20,Low,19
19b36c7d-2110-4f4d-85be-621ac3d1675c,Yokohama,Manchester,Japan,United Kingdom,Port of Yokohama,London Gateway,1611.42,7,Low,45
651104fa-a5c1-4d20-b950-1987436dc199,Felixstowe,Ningbo,United Kingdom,China,Port of Felixstowe,Ningbo-Zhoushan,5720.92,10,Low,18
ea411fca-19e6-466c-8148-722ba318130c,New York,London,United States,United Kingdom,Port of LA,London Gateway,5592.43,11,Low,30
a3274b1c-5e2c-46ee-9190-fc07e24fd9c8,Yokohama,Guangzhou,Japan,China,Port of Osaka,Shenzhen Port,12186.5,25,Medium,42
e2c59e34-e4ef-4615-8b0e-ac1fb0431c8a,Rotterdam,Manchester,Netherlands,United Kingdom,Port of Rotterdam,Port of Felixstowe,5804.58,14,High,60
a4932c61-5438-42d3-8173-c0cf3dd10254,Manchester,Rotterdam,United Kingdom,Netherlands,Port of Felixstowe,Port of Rotterdam,7728.23,20,Low,36
aa8f1884-6b0e-4ca6-bb4e-f2eb56bd89a6,Abu Dhabi,London,UAE,United Kingdom,Jebel Ali,Port of Felixstowe,7258.9,12,Low,18
5f42abf2-726a-40de-a89e-416c9a2be5b2,Abu Dhabi,Amsterdam,UAE,Netherlands,Khalifa Port,Port of Rotterdam,851.83,2,High,77
35177914-9738-472b-ac50-a7809c49ff23,Shenzhen,Felixstowe,China,United Kingdom,Shanghai Port,Port of Felixstowe,8135.25,18,Medium,36
95f25640-00de-4cb1-9383-73407014b47e,Incheon,Bremen,South Korea,Germany,Incheon Port,Bremerhaven,1447.81,7,Low,19
0f56c6a8-593c-4ebb-961b-5793d514c352,Los Angeles,Ningbo,United States,China,Port Newark,Shanghai Port,5297.44,13,Low,36
4e20fdb8-138e-49db-ab0d-2d1ce6cc5d9b,Yokohama,Kolkata,Japan,India,Port of Yokohama,Mundra Port,7157.92,13,Low,15
d0aa3e42-d506-4a79-8a29-3e0149b2f0c1,Sharjah,Dubai,UAE,UAE,Jebel Ali,Khalifa Port,268.37,2,Low,43
0a8c271e-853d-4ff2-a8bf-ce8ea3e6f3f6,Busan,Singapore,South Korea,Singapore,Port of Busan,Port of Singapore,10762.82,25,High,60
5a66aea7-c039-4c17-838f-1435fcd3f7f3,Tokyo,Singapore,Japan,Singapore,Port of Yokohama,Port of Singapore,3176.15,7,High,65
e1703e5f-4572-4ae9-bf6b-27e2de34ff17,Abu Dhabi,Houston,UAE,United States,Jebel Ali,Port of LA,11788.75,23,Medium,46
3eac7dfd-44ce-4f17-9123-dfb797e369ea,Bremen,Singapore,Germany,Singapore,Port of Hamburg,Port of Singapore,4474.38,10,Medium,52
70acd505-8e1f-44bc-b70b-bf6469aacd72,Incheon,London,South Korea,United Kingdom,Port of Busan,London Gateway,8945.86,16,Low,39
494e3caf-db73-41de-85e9-cef4721726d8,New York,Yokohama,United States,Japan,Port Houston,Port of Yokohama,488.67,5,Medium,52
548c9cad-20d9-4b1e-9bfa-8d69cf377d01,Seoul,Sharjah,South Korea,UAE,Port of Busan,Jebel Ali,1219.88,5,High,70
5adf22e2-3ee9-4555-8df7-2d301e485ef9,Houston,Hamburg,United States,Germany,Port of LA,Port of Hamburg,9488.53,16,Low,20
0c4485e9-ac92-4b57-86c9-b724ad92709c,Tokyo,Kolkata,Japan,India,Port of Yokohama,Chennai Port,9988.82,24,High,86
221e603b-0065-4d36-98f3-782857a39dc7,Frankfurt,Singapore,Germany,Singapore,Port of Hamburg,Port of Singapore,3890.1,6,High,84
b9263f59-6282-418b-ba97-0309b66b1de1,Felixstowe,Frankfurt,United Kingdom,Germany,London Gateway,Bremerhaven,2602.24,8,Medium,46
26d6ffed-4844-42a9-b572-a8c9af25451f,Tokyo,London,Japan,United Kingdom,Port of Osaka,Port of Felixstowe,10583.77,15,Low,43
8e9138a8-2c14-4d37-adf6-54918884edad,Sharjah,Ningbo,UAE,China,Khalifa Port,Shanghai Port,2197.94,5,Low,26
930998a6-7e37-405f-b457-40d2d06ec356,Mumbai,Kolkata,India,India,Chennai Port,Kolkata Port,2051.75,4,Medium,66
b4455a6c-ef77-4c1b-99ef-bb046244b4fc,Incheon,Felixstowe,South Korea,United Kingdom,Port of Busan,London Gateway,9408.37,16,Low,41
fe7b60ce-1eba-4422-ac76-382d1b078e85,Singapore,Los Angeles,Singapore,United States,Port of Singapore,Port Newark,10611.99,17,Medium,46
fa18bea5-0596-4191-9b94-8980e7e47628,Osaka,Frankfurt,Japan,Germany,Port of Yokohama,Bremerhaven,6086.33,13,Low,21
b59cd89b-a4cd-424f-b627-2d4691d9b740,Singapore,Los Angeles,Singapore,United States,Port of Singapore,Port Houston,1772.32,4,Critical,96
99f5b0e2-9248-4d04-9523-b5e80985cc7e,Busan,Incheon,South Korea,South Korea,Incheon Port,Port of Busan,899.9,2,Critical,96
c4800306-db78-4cad-8b5f-c4b512855aac,Seoul,Bremen,South Korea,Germany,Port of Busan,Bremerhaven,10219.14,17,Low,19
ec50a868-0f12-408d-b06c-06566a4b1134,Tokyo,Yokohama,Japan,Japan,Port of Yokohama,Port of Osaka,284.8,3,Low,44
999f24d7-ccba-4179-8acf-1206c3404c5a,Tokyo,Bremen,Japan,Germany,Port of Yokohama,Port of Hamburg,12368.47,19,Medium,61
a15e365d-5fbb-4e6a-9ed3-183fd7263abe,Frankfurt,Ahmedabad,Germany,India,Port of Hamburg,Chennai Port,528.21,2,High,70
15826df2-1a62-48b7-8eb1-04abb9197242,Bengaluru,Ahmedabad,India,India,Kolkata Port,Mundra Port,579.6,3,High,82
372172e5-e310-4122-8fc1-7dc5501e20c7,Abu Dhabi,Busan,UAE,South Korea,Khalifa Port,Incheon Port,2532.23,5,Low,25
ab7b60f6-ec10-4002-bd5a-50664093563d,Delhi,Frankfurt,India,Germany,Mundra Port,Port of Hamburg,9747.72,21,Medium,66
606d63f9-449d-4c61-b2f0-aa8118f2ad21,Manchester,Hamburg,United Kingdom,Germany,Port of Felixstowe,Port of Hamburg,10457.46,14,High,82
81c8cd60-2697-4ca7-ab91-5742a9c29ca1,Bremen,Amsterdam,Germany,Netherlands,Port of Hamburg,Port of Rotterdam,10773.67,19,Critical,84
4f3be640-1f89-4040-a27a-b50dd31b9866,Manchester,Amsterdam,United Kingdom,Netherlands,Port of Felixstowe,Port of Rotterdam,5256.89,13,Medium,60
5eff27d2-e30f-4f89-a115-5d155a049b6a,Singapore,Chennai,Singapore,India,Port of Singapore,Mundra Port,8698.69,20,Medium,54
1ef0effe-3a9e-4bf1-b4b8-860d2c2ebfed,Amsterdam,Frankfurt,Netherlands,Germany,Port of Rotterdam,Bremerhaven,7890.37,11,Medium,49
490b5afb-a969-45ce-abb6-bfba3f2f222f,Delhi,Osaka,India,Japan,Kolkata Port,Port of Yokohama,611.41,2,High,66
906bf8f2-f9e0-4dfc-8054-1e4e73d16037,Rotterdam,Busan,Netherlands,South Korea,Port of Rotterdam,Incheon Port,1448.95,7,Medium,42
7c964863-ac1c-49d5-bfbe-4263b2433dc3,Singapore,Tokyo,Singapore,Japan,Port of Singapore,Port of Yokohama,11034.63,21,Low,30
3d144a7c-e30f-416e-a4b1-01fed3927b81,Rotterdam,Shanghai,Netherlands,China,Port of Rotterdam,Ningbo-Zhoushan,5886.05,13,Low,19
b7acd00b-9077-4917-aa84-fc66b3efa5c0,Guangzhou,Chennai,China,India,Shanghai Port,Chennai Port,2079.27,7,Low,23
65229fca-9a0f-459a-9569-bac3946fc29d,London,Seoul,United Kingdom,South Korea,Port of Felixstowe,Port of Busan,1988.3,5,High,71
7d0f472d-6338-47a7-ac42-3e078d971d94,Singapore,Tokyo,Singapore,Japan,Port of Singapore,Port of Osaka,9487.95,20,Low,16
89ae3635-915e-49f6-9aeb-768a5d1c7ff0,Chennai,Sharjah,India,UAE,Mundra Port,Jebel Ali,4278.26,8,Medium,47
a29b1f37-1824-41dd-ad2c-4580bfa93298,Seoul,Sharjah,South Korea,UAE,Port of Busan,Khalifa Port,6266.66,10,Low,16
653fe9c2-c0d6-44ec-9d00-76d52de3dd44,Osaka,Shanghai,Japan,China,Port of Osaka,Shenzhen Port,1942.25,8,Low,30
b263bdfe-ae25-4c07-b9c0-50cce43f8b52,Bremen,Sharjah,Germany,UAE,Bremerhaven,Jebel Ali,5311.28,10,Low,30
60e26608-04b8-4838-97be-b2ad6933c272,London,Los Angeles,United Kingdom,United States,Port of Felixstowe,Port of LA,11186.28,22,Medium,50
db6c1e84-c9c6-4723-ba17-7260b8fc3a7a,Guangzhou,Osaka,China,Japan,Ningbo-Zhoushan,Port of Osaka,9215.98,18,Low,28
fabfcd16-328a-4117-b84b-5ec1059f2bd3,Seoul,London,South Korea,United Kingdom,Port of Busan,London Gateway,9653.69,15,High,65
9e0170f6-9f70-40ae-8500-235d7358b33a,Ningbo,Seoul,China,South Korea,Shanghai Port,Incheon Port,8231.15,18,Low,24
da6b4ef2-b5e6-4554-b98d-7b306e11694d,Shenzhen,Seoul,China,South Korea,Shenzhen Port,Incheon Port,11207.21,21,Medium,39
3639bf29-10e1-45ba-a5e5-9139ada0de71,Singapore,Tokyo,Singapore,Japan,Port of Singapore,Port of Osaka,6020.06,10,High,62
ac1fc2c6-546f-482c-9bbb-37487d65004d,Amsterdam,Rotterdam,Netherlands,Netherlands,Port of Rotterdam,Port of Rotterdam,2008.08,6,Medium,39
15877499-f280-481a-a199-069c2cae4c00,Amsterdam,Manchester,Netherlands,United Kingdom,Port of Rotterdam,London Gateway,4840.35,11,Low,36
880e1bfa-8672-4ad5-93ef-2190305e3002,Hamburg,Osaka,Germany,Japan,Bremerhaven,Port of Osaka,10450.99,13,High,80
e917fdb2-b74c-4a93-bfc2-0c8377da0714,Rotterdam,Seoul,Netherlands,South Korea,Port of Rotterdam,Incheon Port,5932.28,15,Medium,48
af24b3a4-87d9-4823-8d1b-fbae9d50264c,Incheon,Bengaluru,South Korea,India,Port of Busan,Chennai Port,10878.93,14,Medium,53
d11b8398-e9da-4bf1-94df-af17e2973666,London,Abu Dhabi,United Kingdom,UAE,Port of Felixstowe,Jebel Ali,7634.07,14,Low,27
1c90d8a1-b14d-4d37-8fff-f1e42b9485a4,Los Angeles,Rotterdam,United States,Netherlands,Port of LA,Port of Rotterdam,6791.44,12,Low,24
f9c50886-6917-4717-87c9-efaa79acd60e,Abu Dhabi,Guangzhou,UAE,China,Jebel Ali,Ningbo-Zhoushan,8230.19,19,Low,16
47def469-389f-4c9b-902a-d55f3153c94d,Seoul,Singapore,South Korea,Singapore,Port of Busan,Port of Singapore,6787.23,10,Low,38
65b6c88c-a251-46b3-800d-5e7da7df2f0f,Hamburg,Incheon,Germany,South Korea,Port of Hamburg,Port of Busan,9864.41,22,Low,26
1a88173b-9814-4a08-a4ad-a6259663411d,Guangzhou,Bremen,China,Germany,Shenzhen Port,Port of Hamburg,635.66,1,Medium,55
cbbcee11-bec1-479d-b1ea-a71bcca28500,Seoul,Osaka,South Korea,Japan,Incheon Port,Port of Yokohama,7101.76,16,Low,28
304a2d40-08ec-48e6-b92d-e1b7e0d148a5,Shenzhen,Singapore,China,Singapore,Shenzhen Port,Port of Singapore,7200.2,14,Low,15
1f6e9fad-9dcc-4dd8-9cb7-c1a3eda7fcfd,Busan,Tokyo,South Korea,Japan,Incheon Port,Port of Osaka,6663.87,17,Medium,61
9d45ee26-c33b-4706-959e-5ec9d9e09c5b,Dubai,Rotterdam,UAE,Netherlands,Khalifa Port,Port of Rotterdam,982.1,3,Low,19
3a526f12-476e-41d9-bf43-4428cf118532,Felixstowe,Singapore,United Kingdom,Singapore,Port of Felixstowe,Port of Singapore,5102.27,12,High,75
89607d0d-0503-4316-b895-0a399d9ab873,Amsterdam,Hamburg,Netherlands,Germany,Port of Rotterdam,Port of Hamburg,5343.06,14,Critical,98
ff146fea-8374-4901-9880-4016d8367e1e,London,Abu Dhabi,United Kingdom,UAE,London Gateway,Jebel Ali,6350.88,9,Medium,41
d7bb8e8d-2145-4f41-96ae-48c9e3f89c42,Sharjah,Rotterdam,UAE,Netherlands,Khalifa Port,Port of Rotterdam,6388.46,10,Low,29
c9d00b7d-477a-474a-84c7-8f035f031caf,Bremen,Houston,Germany,United States,Bremerhaven,Port Houston,894.66,3,Medium,64
c437ecc1-a0e6-4478-9d60-6763f5297438,Bengaluru,Abu Dhabi,India,UAE,Chennai Port,Jebel Ali,7744.39,13,Medium,37
8131d044-7f98-45b6-9cf0-c249b8110f3b,Manchester,Frankfurt,United Kingdom,Germany,Port of Felixstowe,Bremerhaven,1199.03,5,Low,15
9ef12d9a-1463-4115-b0fc-1c8b4496aa11,Felixstowe,Amsterdam,United Kingdom,Netherlands,Port of Felixstowe,Port of Rotterdam,520.71,4,Medium,53
08707084-6284-481d-a09d-802b98be0bec,Busan,Manchester,South Korea,United Kingdom,Port of Busan,Port of Felixstowe,9743.76,20,Low,43
74c227ef-aaa4-4553-9d9e-4ad4b0ada4f9,Osaka,Manchester,Japan,United Kingdom,Port of Yokohama,Port of Felixstowe,2663.85,8,High,67
8c073e21-a0d1-49ab-be74-c5a51a516b2b,Tokyo,New York,Japan,United States,Port of Yokohama,Port of LA,7457.13,14,Low,15
1189f9c7-aa9c-45bc-8ef1-f9d4ccfca4ab,Ningbo,Ahmedabad,China,India,Shenzhen Port,Chennai Port,7512.67,9,Medium,56
bce19fbb-e770-4e82-a606-6a7bbcb07ac4,Dubai,Chicago,UAE,United States,Khalifa Port,Port Newark,9250.62,16,Low,25
eeda51b0-2c84-495b-9a11-af7446ab3d1b,Seoul,Bremen,South Korea,Germany,Port of Busan,Port of Hamburg,1177.98,3,Low,23
04d80be4-2825-4084-b095-44376616dbcf,Los Angeles,London,United States,United Kingdom,Port Houston,Port of Felixstowe,11310.05,17,High,61
b7281690-c9a6-48a5-a278-b49863591bdf,Sharjah,Rotterdam,UAE,Netherlands,Jebel Ali,Port of Rotterdam,505.97,6,Medium,41
0e592d5d-9428-48f2-ba74-a577d11264c2,Dubai,Ningbo,UAE,China,Khalifa Port,Shanghai Port,5514.79,12,High,77
57bb8f9b-b80d-4aac-9967-e806c16b13a1,Osaka,New York,Japan,United States,Port of Yokohama,Port Houston,12323.8,25,Medium,48
4e8226fa-95a4-4098-bf15-bc8451df172f,Singapore,Kolkata,Singapore,India,Port of Singapore,Kolkata Port,4237.74,10,Low,44
596108db-55af-416e-bded-46951e5e0320,Osaka,Ningbo,Japan,China,Port of Osaka,Shanghai Port,10744.26,15,Low,38
e3177378-56ea-4209-9884-6e364ab31bda,Incheon,New York,South Korea,United States,Incheon Port,Port Newark,1803.89,7,Low,39
0616585b-e59a-4b24-b465-5fcb8cdd5029,Yokohama,Mumbai,Japan,India,Port of Yokohama,Nhava Sheva,9940.37,16,High,81
2d90fa7c-4757-4ab9-aa37-49a10c6dd8c5,London,Busan,United Kingdom,South Korea,London Gateway,Port of Busan,3868.41,8,Medium,66
9cc712ba-ab56-4f68-a3de-7d3f5cf5dbb3,Abu Dhabi,Rotterdam,UAE,Netherlands,Jebel Ali,Port of Rotterdam,9493.7,21,Low,15
77b807cc-fb93-4c0c-8fc7-b734678be2dd,Amsterdam,Tokyo,Netherlands,Japan,Port of Rotterdam,Port of Yokohama,7485.53,19,High,66
d2181648-1c71-48e0-8a5f-eb3df4974035,Singapore,Frankfurt,Singapore,Germany,Port of Singapore,Bremerhaven,9269.09,12,Low,37
f4e1f953-d62f-4df9-aa94-fbee0bebbfe9,Chennai,Singapore,India,Singapore,Kolkata Port,Port of Singapore,5928.45,11,Low,25
995e4d65-113a-4a67-8732-848975c8cf59,Tokyo,London,Japan,United Kingdom,Port of Osaka,London Gateway,8458.86,14,Low,28
45fce3c0-9653-4855-955f-8336e8a63e52,Chennai,Tokyo,India,Japan,Nhava Sheva,Port of Osaka,7681.98,12,Low,23
24308e9f-5c13-4b39-9f2c-9efb97648e46,Chicago,Hamburg,United States,Germany,Port Houston,Bremerhaven,12470.65,28,Medium,39
b3483e7b-8b34-45ff-a01e-3e8ee9d5e5fa,Sharjah,Chennai,UAE,India,Khalifa Port,Chennai Port,5648.94,9,Medium,60
eb7a4491-ac01-4e10-b078-04b7a2f359b7,Bremen,New York,Germany,United States,Port of Hamburg,Port Newark,7607.12,12,Medium,56
e4f97a35-cdc7-433d-af51-22a780a15a28,Ningbo,Los Angeles,China,United States,Ningbo-Zhoushan,Port Houston,3942.79,8,High,87
ee93b3f4-99ce-4a6d-80c7-31ff7e4b7320,Felixstowe,Shenzhen,United Kingdom,China,Port of Felixstowe,Shanghai Port,12133.68,15,Low,25
21d32e7c-e88e-42b8-89b4-747327cd3d6a,Singapore,Bremen,Singapore,Germany,Port of Singapore,Bremerhaven,1642.06,6,Medium,66
ee3769a1-c450-4033-84b5-518c075109ec,Hamburg,Shenzhen,Germany,China,Bremerhaven,Ningbo-Zhoushan,1013.11,5,High,60
440a7cbc-34ab-4658-a226-eb9e3ede8d58,Guangzhou,Singapore,China,Singapore,Shanghai Port,Port of Singapore,2873.11,6,Medium,63
5e98fe40-2e87-4038-a3ec-5a69bedda38e,Felixstowe,Hamburg,United Kingdom,Germany,Port of Felixstowe,Port of Hamburg,6163.33,13,Medium,58
bf92b871-54f6-4e03-8164-242d241665c3,Osaka,Shanghai,Japan,China,Port of Yokohama,Shenzhen Port,3274.1,5,Low,36
11e994fc-e99c-4424-b69d-fa3d46aded19,Abu Dhabi,London,UAE,United Kingdom,Jebel Ali,London Gateway,10728.27,14,Medium,39
d9b5e73e-d446-4f93-905c-68a35c9d36ab,Frankfurt,Singapore,Germany,Singapore,Port of Hamburg,Port of Singapore,966.88,6,Medium,39
45bdf424-9c13-4204-acbc-ad97d781f242,Houston,Ningbo,United States,China,Port Houston,Shenzhen Port,1972.16,6,Medium,37
22d9ca52-2e06-43dd-8df3-8c759db113a2,Tokyo,Manchester,Japan,United Kingdom,Port of Osaka,Port of Felixstowe,7389.57,11,High,75
78e5bc6f-f069-4834-9f37-c98aa0717a53,Manchester,Singapore,United Kingdom,Singapore,London Gateway,Port of Singapore,11103.14,24,High,62
d8ece417-0b9a-4c49-badd-dc0090b3d02c,Singapore,New York,Singapore,United States,Port of Singapore,Port Newark,635.89,2,High,63
fe9433c5-3327-4837-aa85-7f22c92526b9,Singapore,Frankfurt,Singapore,Germany,Port of Singapore,Bremerhaven,6963.1,19,Low,37
afe62f9e-5e56-40a4-934d-97c2274567b8,London,Singapore,United Kingdom,Singapore,London Gateway,Port of Singapore,8314.0,19,Low,36
0530972c-c455-4e6e-9101-5a53a350f239,Hamburg,Delhi,Germany,India,Bremerhaven,Kolkata Port,8213.31,15,Low,34
c5cc2ba4-2597-413d-a349-5354526a02b9,Tokyo,Singapore,Japan,Singapore,Port of Osaka,Port of Singapore,5363.86,9,Medium,61
bd71051e-23cc-4025-b3ea-4ca81311882a,Seoul,Guangzhou,South Korea,China,Incheon Port,Ningbo-Zhoushan,10597.99,15,Medium,37
f1a24324-8f88-426a-9eb9-ae917327b614,Dubai,London,UAE,United Kingdom,Jebel Ali,London Gateway,11658.23,19,High,77
31f7b8d4-ba09-43e6-903f-ee93bf378d82,Rotterdam,Guangzhou,Netherlands,China,Port of Rotterdam,Shanghai Port,658.39,4,Critical,99
7fe399ec-ceae-4a19-8a95-26e2362196c2,Los Angeles,Incheon,United States,South Korea,Port Houston,Port of Busan,4617.69,13,Low,25
6201d43a-fbf4-47ec-ae9b-4ae01b4044ff,Amsterdam,Chennai,Netherlands,India,Port of Rotterdam,Mundra Port,12459.62,21,Medium,64
2c98f295-5acc-4a7e-bebe-190996009fc9,Mumbai,Singapore,India,Singapore,Mundra Port,Port of Singapore,10999.52,19,Medium,58
3140946f-bf1a-4b02-9475-cbbe2c7ff86c,Singapore,Busan,Singapore,South Korea,Port of Singapore,Port of Busan,6846.15,15,High,78
e4236fb6-be04-4cf4-801a-436d2347cee4,Osaka,Abu Dhabi,Japan,UAE,Port of Osaka,Khalifa Port,3778.1,8,High,87
bc05c5ce-48c0-4016-8d81-740faf942b37,Felixstowe,Seoul,United Kingdom,South Korea,London Gateway,Incheon Port,7123.33,9,Low,32
85298df1-c841-4899-85c7-b232e0475d07,Manchester,Chicago,United Kingdom,United States,Port of Felixstowe,Port Houston,11878.78,17,Medium,55
76d14d8c-4f20-45b0-8846-2c4ed5fdd452,Singapore,Guangzhou,Singapore,China,Port of Singapore,Ningbo-Zhoushan,8459.28,12,Low,20
99794f22-920b-4433-936c-a618f85b6b7f,Ahmedabad,Mumbai,India,India,Mundra Port,Mundra Port,825.27,3,Low,37
5964a390-880c-4895-89ec-07f93ca8c463,Hamburg,Abu Dhabi,Germany,UAE,Bremerhaven,Khalifa Port,877.89,2,High,64
218e7999-0d06-47d1-bace-be9ff31e4448,Hamburg,Houston,Germany,United States,Bremerhaven,Port of LA,9601.23,24,Medium,65
78639a1d-c78f-4937-abcf-196ef7e24385,Los Angeles,Shenzhen,United States,China,Port Newark,Shenzhen Port,8585.95,19,Low,45
f2569aba-1f95-4e1b-88b7-cdc175d7e1b3,Osaka,Shanghai,Japan,China,Port of Yokohama,Shanghai Port,10910.91,18,High,78
d3a20103-0267-4f49-8868-3e0bfcdad437,New York,London,United States,United Kingdom,Port of LA,Port of Felixstowe,6543.28,13,Medium,61
575dc375-ca5b-404d-9cc2-0fa6d396106f,Hyderabad,Amsterdam,India,Netherlands,Kolkata Port,Port of Rotterdam,3593.97,7,High,62
f1dfa6cf-3a70-4365-8df9-9c6493646305,Rotterdam,Felixstowe,Netherlands,United Kingdom,Port of Rotterdam,London Gateway,1498.62,3,Low,27
01516f87-b633-4493-88c5-4ff9f474f1a2,Osaka,Bengaluru,Japan,India,Port of Osaka,Nhava Sheva,9172.82,18,Low,44
0e8a3735-962b-4bd8-a6b6-7415fa8e162c,Hamburg,Amsterdam,Germany,Netherlands,Port of Hamburg,Port of Rotterdam,2376.1,3,Medium,63
af992ffc-6211-4d1b-af9a-26cec80b2a86,Bengaluru,Shenzhen,India,China,Nhava Sheva,Shanghai Port,4461.84,8,Medium,41
3d9d463c-6b04-4568-9899-abeacaceb33a,Shanghai,Abu Dhabi,China,UAE,Ningbo-Zhoushan,Khalifa Port,251.66,4,Critical,86
5b58eab6-e127-4fd3-8f41-8737e47ba4dd,Shenzhen,Manchester,China,United Kingdom,Shenzhen Port,Port of Felixstowe,7976.36,14,Low,17
9475e51e-a58e-47fa-ada8-f5178b5ba682,Chennai,Rotterdam,India,Netherlands,Chennai Port,Port of Rotterdam,10843.1,19,Medium,45
164dad51-c280-403b-8d6f-35b9ff89abf0,Singapore,Bremen,Singapore,Germany,Port of Singapore,Bremerhaven,9173.63,24,Medium,59
aed3a256-0707-47c3-985a-5d6c8b9334f4,Manchester,Yokohama,United Kingdom,Japan,Port of Felixstowe,Port of Yokohama,539.89,1,Low,33
c3ee8008-1591-495f-b404-e91f48e16136,Tokyo,London,Japan,United Kingdom,Port of Yokohama,Port of Felixstowe,3356.36,10,Low,32
60a4d0be-427a-4e6b-8281-2b77faded531,Houston,Amsterdam,United States,Netherlands,Port of LA,Port of Rotterdam,1775.39,5,Medium,36
e75e17fe-bf54-4d90-a0fb-6121e6d6ea21,Amsterdam,Singapore,Netherlands,Singapore,Port of Rotterdam,Port of Singapore,2800.28,8,Low,15
2a0e7220-3ee9-41b0-9432-7a95e5175faa,Singapore,Abu Dhabi,Singapore,UAE,Port of Singapore,Khalifa Port,6969.91,12,Low,16
dcbe70e3-561c-4052-8c94-1f3e7c56686d,Osaka,London,Japan,United Kingdom,Port of Osaka,Port of Felixstowe,904.96,5,Low,20
f2d1d794-2f0d-4921-b376-4150e0cc6ac0,Incheon,Amsterdam,South Korea,Netherlands,Incheon Port,Port of Rotterdam,1516.04,7,Low,30
43c3c99d-d3a5-410c-a72e-ad283ab3d93e,Singapore,Chicago,Singapore,United States,Port of Singapore,Port of LA,267.99,2,High,66
002a1917-cdd5-4d5b-bac4-8eb50dc1c9d5,Manchester,Dubai,United Kingdom,UAE,Port of Felixstowe,Jebel Ali,7403.44,16,Low,36
d1e8c2b3-858e-4551-8635-6332bff7f120,Guangzhou,Manchester,China,United Kingdom,Ningbo-Zhoushan,London Gateway,3649.14,9,Medium,51
be506eb0-8994-42e5-b840-3bd367bb199e,New York,Yokohama,United States,Japan,Port Newark,Port of Osaka,5012.55,9,Low,15
dab4a343-1673-4a40-bca1-1ab359cef75b,Singapore,Dubai,Singapore,UAE,Port of Singapore,Jebel Ali,5294.65,13,Medium,54
985933c5-254b-47a6-a484-31840e25f875,Osaka,Singapore,Japan,Singapore,Port of Yokohama,Port of Singapore,9577.56,16,Medium,62
f81741f8-ea95-4d22-9b9e-f2df237723a0,Dubai,Yokohama,UAE,Japan,Jebel Ali,Port of Osaka,6891.48,11,Low,36
22ac81e1-9261-46b4-938a-4a75b3abb6b9,Incheon,Amsterdam,South Korea,Netherlands,Incheon Port,Port of Rotterdam,11557.6,25,Medium,54
32ff3328-2ceb-4bee-908f-7afb985f9fe2,Sharjah,London,UAE,United Kingdom,Jebel Ali,Port of Felixstowe,4652.26,9,Low,15
52748a98-3dbe-479d-815b-e2295991495f,Felixstowe,Bremen,United Kingdom,Germany,Port of Felixstowe,Port of Hamburg,9701.62,14,Medium,37
3d7375b6-c06b-4515-9d1f-0c7fc00b31bf,Guangzhou,London,China,United Kingdom,Shenzhen Port,London Gateway,5474.22,11,Low,36
044c8083-3894-4e61-a816-dfd173b925da,Incheon,Rotterdam,South Korea,Netherlands,Incheon Port,Port of Rotterdam,386.55,4,Low,37
e3b6e33f-b557-4db8-b92e-9a956ef49769,Singapore,Felixstowe,Singapore,United Kingdom,Port of Singapore,Port of Felixstowe,6378.92,19,Medium,62
4a6314a7-a1f4-4b73-b562-9ff968e789f3,Osaka,Ningbo,Japan,China,Port of Osaka,Shenzhen Port,5366.49,13,Medium,58
4768b762-6cf4-4fbe-849e-713aad03ea76,Amsterdam,Abu Dhabi,Netherlands,UAE,Port of Rotterdam,Khalifa Port,3538.07,8,Medium,48
07b7a4cb-e562-450c-a5fb-082cc5cf1ccd,Abu Dhabi,Yokohama,UAE,Japan,Khalifa Port,Port of Osaka,1988.8,7,Low,19
c7903964-e2dd-4bd0-a763-79890277cbbb,Osaka,Felixstowe,Japan,United Kingdom,Port of Osaka,London Gateway,10895.62,18,Low,33
cb40e2ad-297a-4386-8918-1f2d8344ec5c,Abu Dhabi,Incheon,UAE,South Korea,Jebel Ali,Port of Busan,8570.29,14,High,72
d93180d6-c0b9-4fdb-9a65-9f79ca8f7cdb,Osaka,London,Japan,United Kingdom,Port of Yokohama,Port of Felixstowe,999.43,5,Medium,68
02a91c68-a7cf-4c30-8e62-c3d01127933d,Ningbo,Chicago,China,United States,Shenzhen Port,Port Houston,5318.42,7,Low,20
70addb06-1258-4b9c-8c16-ab98f49dcabf,Felixstowe,Yokohama,United Kingdom,Japan,London Gateway,Port of Yokohama,3000.58,6,Low,21
62053027-3a42-4fcc-ba47-c6f27fa90a2b,Busan,Hyderabad,South Korea,India,Port of Busan,Chennai Port,1225.97,4,Medium,35
b65c8bba-c379-43a7-98b5-e82f3a228688,Singapore,Dubai,Singapore,UAE,Port of Singapore,Jebel Ali,7150.51,14,Low,34
d8d2585c-4fd4-4cd7-bcd2-3b15a70f2587,Singapore,Rotterdam,Singapore,Netherlands,Port of Singapore,Port of Rotterdam,10501.8,26,High,71
0af7dd98-ff7d-4f0c-97de-cee710055a43,Manchester,Ahmedabad,United Kingdom,India,Port of Felixstowe,Mundra Port,9007.85,16,Low,25
6b09995c-c55a-48f5-ac18-c114a474ad1a,Felixstowe,Tokyo,United Kingdom,Japan,London Gateway,Port of Yokohama,12130.91,27,Low,38
790fbee7-78cc-43a0-80ff-ba8d0a0e48cf,Seoul,Frankfurt,South Korea,Germany,Incheon Port,Port of Hamburg,2281.92,5,Low,24
372772fa-a27c-4c2c-b773-d22abad6a75f,Tokyo,Abu Dhabi,Japan,UAE,Port of Yokohama,Jebel Ali,1909.54,8,Medium,46
45a7649c-f932-4a45-9d0f-4e84cb1799a2,Felixstowe,Los Angeles,United Kingdom,United States,London Gateway,Port of LA,9670.81,21,High,88
793f0aa3-42fb-433e-ba88-140245d44c1b,Singapore,Frankfurt,Singapore,Germany,Port of Singapore,Port of Hamburg,2671.2,5,Low,34
13305acc-ee47-4bf9-8bf9-d55ae4f77ce7,Ningbo,Tokyo,China,Japan,Ningbo-Zhoushan,Port of Osaka,4361.95,10,Medium,45
573f076f-b8bb-4fd2-8f33-b1eba458cf7d,Yokohama,Amsterdam,Japan,Netherlands,Port of Yokohama,Port of Rotterdam,3686.51,6,High,77
e70cde9a-b031-4be2-8842-7b6b399f03d2,Los Angeles,Yokohama,United States,Japan,Port Newark,Port of Yokohama,10425.9,12,Medium,65
ffbd4b50-4a48-4071-b366-e9292959a2c5,Rotterdam,London,Netherlands,United Kingdom,Port of Rotterdam,London Gateway,7274.18,12,Low,42
0134619c-9408-46d2-abee-2b76333d0bc5,Frankfurt,Chicago,Germany,United States,Port of Hamburg,Port of LA,12358.4,24,Medium,54
91e68ce4-a3b0-49d4-9695-aeb7a4b0c525,Tokyo,Frankfurt,Japan,Germany,Port of Osaka,Bremerhaven,2371.84,5,Low,20
20fdc3e7-7b13-4b59-a83e-7456aabdf84d,Houston,Yokohama,United States,Japan,Port of LA,Port of Yokohama,3673.14,11,Low,43
f69bbcc5-e777-4245-b4cb-5ae1e30bfe44,Delhi,Singapore,India,Singapore,Mundra Port,Port of Singapore,8577.65,15,Low,36
39290d35-52d5-4284-a90d-5c04177bddcb,Felixstowe,Singapore,United Kingdom,Singapore,Port of Felixstowe,Port of Singapore,2159.55,7,Low,19
a644bd7d-2bdb-4c8d-bcd8-246a6ff9ec27,Amsterdam,Houston,Netherlands,United States,Port of Rotterdam,Port of LA,1012.66,4,Medium,65
a1a9033d-ef7e-4916-8c7a-875c38458083,Hamburg,Shanghai,Germany,China,Bremerhaven,Shenzhen Port,2389.79,7,Low,43
0b2db7d6-c49f-4e6b-9384-4a0a924fa1e5,Hamburg,Ahmedabad,Germany,India,Port of Hamburg,Nhava Sheva,11921.55,19,Medium,39
9198dbe3-8fdc-4080-bdd5-85151e065d5d,Frankfurt,New York,Germany,United States,Port of Hamburg,Port of LA,6916.16,10,High,75
8199d82f-d73c-4e9b-b3af-988b3f561c01,London,Chicago,United Kingdom,United States,London Gateway,Port of LA,6128.1,13,Medium,64
367e4b25-547a-4a6e-8411-6d1d18a74555,London,Chicago,United Kingdom,United States,London Gateway,Port Newark,3060.93,7,Low,41
8264caf1-cc0e-4ec5-b9e2-0e9d938f3d0f,Hamburg,Yokohama,Germany,Japan,Bremerhaven,Port of Yokohama,11629.43,23,High,82
a310bcd1-d68c-4743-a86c-08966417944f,Sharjah,Dubai,UAE,UAE,Jebel Ali,Khalifa Port,1804.08,6,High,75
558b182e-9ce0-497c-a4d3-d9a2074c0b8c,Ningbo,Abu Dhabi,China,UAE,Ningbo-Zhoushan,Jebel Ali,3643.51,6,Low,17
922f70be-2345-4dd8-8de4-27d8c8010c82,Singapore,New York,Singapore,United States,Port of Singapore,Port Houston,10433.27,14,Low,20
958bf509-0603-43cb-b287-952190747c54,Shenzhen,Guangzhou,China,China,Ningbo-Zhoushan,Shanghai Port,1884.09,5,High,81
02e18966-f231-404f-9ac2-9637e55d7230,Sharjah,Amsterdam,UAE,Netherlands,Jebel Ali,Port of Rotterdam,11596.83,17,High,70
71803652-603b-432b-bfd5-1214d04102bc,Ahmedabad,Singapore,India,Singapore,Mundra Port,Port of Singapore,11430.78,19,Medium,59
8d25f487-fab5-4083-a22c-ded43d3459c8,Bremen,London,Germany,United Kingdom,Bremerhaven,London Gateway,9993.73,17,Medium,37
e4abd9e9-878e-416e-811e-fa001ecb6930,Chicago,Rotterdam,United States,Netherlands,Port Newark,Port of Rotterdam,10704.31,17,Low,36
5b7a6146-ddbf-4c1f-89c3-40dcfcf0ad95,Amsterdam,New York,Netherlands,United States,Port of Rotterdam,Port of LA,11838.67,27,Medium,36
aaa337ec-888d-47ed-a752-0a3adb223a58,Rotterdam,Seoul,Netherlands,South Korea,Port of Rotterdam,Port of Busan,11021.49,17,High,60
b306bee7-4f64-4120-b173-8b8b023fa381,Singapore,Delhi,Singapore,India,Port of Singapore,Kolkata Port,5781.22,15,High,80
60fb12c6-7cc9-4df3-864a-2cbd4fffb6e7,Shanghai,Osaka,China,Japan,Shenzhen Port,Port of Osaka,3075.65,5,Low,39
fb99eb3b-e6ff-438a-9652-9d09633a974f,Hamburg,Shanghai,Germany,China,Port of Hamburg,Shanghai Port,6762.3,19,Low,17
95b1c57c-2981-4ebe-a6e8-78eeba830ef6,Chicago,Dubai,United States,UAE,Port Houston,Khalifa Port,2705.51,4,Low,25
8a622940-9d04-4dc7-8dac-d983f8828153,Ningbo,Houston,China,United States,Shenzhen Port,Port of LA,3582.78,9,Low,24
1bc2b3fd-b2be-4fe8-b28a-2557f6c96458,New York,Busan,United States,South Korea,Port Houston,Port of Busan,6879.32,11,High,81
5da6781a-5eb0-4ad8-af1b-a3be432ce452,Chicago,Singapore,United States,Singapore,Port Houston,Port of Singapore,11902.52,25,Low,28
cb8b2ef9-5764-45a2-88c5-5f583e2bc478,Bengaluru,Rotterdam,India,Netherlands,Mundra Port,Port of Rotterdam,11219.36,16,Medium,49
8ca9301f-87a4-4743-a544-2d9538e38ec1,Delhi,Osaka,India,Japan,Chennai Port,Port of Yokohama,2576.95,4,Low,41
5352e0ff-6039-4cb5-b34d-a8b5675ad5a0,Kolkata,New York,India,United States,Nhava Sheva,Port of LA,5603.67,15,Low,24
cbe2c960-63aa-4643-9348-36c98dd670ff,Osaka,Incheon,Japan,South Korea,Port of Yokohama,Port of Busan,2509.78,7,Medium,39
6bc1744c-cb62-4195-9a3e-a0add4635735,Singapore,Frankfurt,Singapore,Germany,Port of Singapore,Port of Hamburg,5397.22,13,Medium,52
523707d0-5569-49fe-811b-e88d75eae12d,Osaka,Dubai,Japan,UAE,Port of Yokohama,Khalifa Port,649.45,4,Medium,40
426336a0-dc0c-4f0e-9dfc-48514a4a12e4,Hamburg,Rotterdam,Germany,Netherlands,Port of Hamburg,Port of Rotterdam,6128.38,12,Low,44
d3a4fb00-7dbc-4b35-a956-d015747826c2,Seoul,London,South Korea,United Kingdom,Port of Busan,London Gateway,5956.06,16,Medium,41
cb199953-9194-4018-bc36-ada81d613504,Mumbai,London,India,United Kingdom,Chennai Port,Port of Felixstowe,1890.36,7,Medium,45
f986621c-a652-4d60-a0c8-3ccf5e4b7ca9,Chennai,Kolkata,India,India,Mundra Port,Nhava Sheva,1053.98,6,Low,34
eb5e3b8d-f09c-404c-864f-48fa09a45cb8,Bremen,London,Germany,United Kingdom,Bremerhaven,Port of Felixstowe,8548.74,19,High,67
3773d913-68bc-46a0-8f02-d53ac2acdb30,New York,Busan,United States,South Korea,Port Newark,Port of Busan,7955.9,13,Low,24
e52a0792-2ac4-46e7-9aca-4bdfa971ed88,Amsterdam,Singapore,Netherlands,Singapore,Port of Rotterdam,Port of Singapore,1737.89,4,Low,39
c294e233-a1b7-455b-8ac7-86b3874b8e54,Osaka,Los Angeles,Japan,United States,Port of Yokohama,Port of LA,10757.53,13,Medium,51
ceaf4aa1-fb83-44ac-9d52-44083b0deee6,Amsterdam,Shenzhen,Netherlands,China,Port of Rotterdam,Ningbo-Zhoushan,3375.2,5,Medium,57
c4a364ae-5f18-426e-a49a-a2464abacdac,Shanghai,Amsterdam,China,Netherlands,Shenzhen Port,Port of Rotterdam,11439.4,19,Medium,66
ddbfbbdc-4b6b-44c6-97cb-3f544b2b4779,Felixstowe,Frankfurt,United Kingdom,Germany,Port of Felixstowe,Port of Hamburg,7614.07,14,High,75
d8fb583f-eac8-40fe-a172-52efe139d8b9,Sharjah,Frankfurt,UAE,Germany,Khalifa Port,Bremerhaven,10426.7,23,Medium,57
cd43fea9-2f19-4b2b-b933-d239fe0366e3,Felixstowe,Busan,United Kingdom,South Korea,London Gateway,Incheon Port,10190.6,19,Low,22
76dcb439-059b-4fe2-85c5-5c86780bedf4,Dubai,Rotterdam,UAE,Netherlands,Khalifa Port,Port of Rotterdam,8201.65,21,Medium,47
50b62ac2-6623-49a4-be48-61cb50395e4d,Manchester,Yokohama,United Kingdom,Japan,London Gateway,Port of Osaka,8748.49,19,Medium,65
966795ea-30e0-4eee-9b55-85009f3b4e2a,Busan,Osaka,South Korea,Japan,Incheon Port,Port of Osaka,10710.8,15,Medium,45
52f15b3a-60a4-457c-ac2c-b672c6a13614,New York,Ningbo,United States,China,Port Newark,Shenzhen Port,3589.57,7,Low,44
ad7b6866-dd1a-4947-a148-7d2c8d207c5f,Seoul,Bremen,South Korea,Germany,Port of Busan,Bremerhaven,1803.81,6,High,81
03dbc80a-edca-4fe6-97bb-a62807165367,Seoul,Busan,South Korea,South Korea,Port of Busan,Incheon Port,1415.07,5,Low,31
455b47ec-d59f-4a62-932c-c805d6ceee5c,Manchester,New York,United Kingdom,United States,Port of Felixstowe,Port Houston,1014.4,4,Low,20
e88d0a0a-634a-440c-b6a2-a29a878ae2df,Abu Dhabi,Amsterdam,UAE,Netherlands,Khalifa Port,Port of Rotterdam,5870.0,11,Medium,67
8adbd5b1-9f9f-4a75-803e-668b7d31d1ea,Seoul,Singapore,South Korea,Singapore,Incheon Port,Port of Singapore,10376.49,18,Medium,49
a6445e15-bb5c-4f9d-ae67-1cae87764de0,Hamburg,Singapore,Germany,Singapore,Bremerhaven,Port of Singapore,3051.25,10,Medium,37
053506f8-707b-47eb-8929-a4d5cc889f14,Incheon,Osaka,South Korea,Japan,Port of Busan,Port of Yokohama,9016.8,18,Low,28
84860db5-9eed-47ad-a4b8-d2965221b99a,Manchester,Houston,United Kingdom,United States,London Gateway,Port of LA,8361.36,15,Low,37
fdbd9e47-3617-4271-a43d-1d3841d2f638,Rotterdam,Abu Dhabi,Netherlands,UAE,Port of Rotterdam,Jebel Ali,4651.49,9,High,74
667fc4a0-6752-46b2-b325-4c28910f5b16,Yokohama,Dubai,Japan,UAE,Port of Yokohama,Jebel Ali,4140.43,7,High,66
db417b50-3df7-4d94-915f-8204f3eb98eb,Los Angeles,Yokohama,United States,Japan,Port Houston,Port of Osaka,11082.63,19,Medium,62
2bd1e752-d5e2-4a39-96b1-7a46ae632393,Singapore,Manchester,Singapore,United Kingdom,Port of Singapore,Port of Felixstowe,9401.04,14,Low,33
0746cd5f-b7a9-4c24-b518-5ba1b8591967,Seoul,Sharjah,South Korea,UAE,Port of Busan,Khalifa Port,2749.87,8,High,78
183c7ef2-fa02-4317-a310-e409aee19fd5,London,Frankfurt,United Kingdom,Germany,London Gateway,Port of Hamburg,3102.75,9,Medium,47
bea617ee-6d37-469f-9b4f-b5954b807114,Amsterdam,Sharjah,Netherlands,UAE,Port of Rotterdam,Khalifa Port,836.57,5,Critical,86
8dd6f6db-5ec1-4a14-abaa-92b184b5a4bb,Yokohama,Dubai,Japan,UAE,Port of Yokohama,Jebel Ali,1472.17,2,High,60
4fc159e2-0b4d-476b-be6e-db300a3aabfe,Guangzhou,Felixstowe,China,United Kingdom,Ningbo-Zhoushan,London Gateway,4919.87,8,High,83
8d1972eb-afee-4474-ba08-565108aa9652,Seoul,London,South Korea,United Kingdom,Incheon Port,London Gateway,5428.4,12,Low,33
8d6d83db-5d6b-4413-aba0-0a3fcf18526b,Manchester,Singapore,United Kingdom,Singapore,Port of Felixstowe,Port of Singapore,5670.37,16,Medium,48
fc57bbb4-2c97-475f-9ca0-1b5de3e75d78,Amsterdam,Singapore,Netherlands,Singapore,Port of Rotterdam,Port of Singapore,2391.95,4,Low,24
09f14629-ad3a-4d65-a2e4-d385e0e3be10,Houston,Incheon,United States,South Korea,Port Newark,Port of Busan,453.49,1,High,63
7a6f14b7-a90f-4dc7-af63-485ca3dff2ec,Rotterdam,Shanghai,Netherlands,China,Port of Rotterdam,Shenzhen Port,5474.52,11,Medium,66
d3208589-8975-4894-afdb-27aeb51e3ad5,Singapore,Abu Dhabi,Singapore,UAE,Port of Singapore,Jebel Ali,1653.79,5,Medium,41
f3f1a8a4-5401-4cbc-8381-46e021b33c38,Rotterdam,Incheon,Netherlands,South Korea,Port of Rotterdam,Port of Busan,8420.38,15,Medium,44
17a14307-a603-4e0f-8d23-b49687ee5b5b,Busan,Yokohama,South Korea,Japan,Incheon Port,Port of Yokohama,5117.4,9,Medium,53
15df0a89-47de-4d7d-85cc-9c729497f41e,Singapore,Tokyo,Singapore,Japan,Port of Singapore,Port of Yokohama,1188.54,2,High,61
6bcd17f2-f3ff-4270-884c-2140bf46ed5d,Abu Dhabi,Singapore,UAE,Singapore,Jebel Ali,Port of Singapore,8799.8,20,Low,16
bd00c2f4-a1b6-4f9a-8a57-6cbce354d8c3,Frankfurt,Guangzhou,Germany,China,Bremerhaven,Shenzhen Port,10529.07,18,Medium,49
f0f9064b-09a2-4408-b97a-e0fa2b24b164,Sharjah,Frankfurt,UAE,Germany,Khalifa Port,Bremerhaven,11444.37,17,Critical,97
15f06b5d-d46c-4078-ac80-c2716cc95d21,Incheon,Los Angeles,South Korea,United States,Port of Busan,Port of LA,11988.9,24,Low,24
caa0fd92-7521-4f00-938b-f775f63ffadd,Singapore,Chicago,Singapore,United States,Port of Singapore,Port Newark,10346.5,18,Critical,93
233cfe28-d6ae-452b-8e96-4e77647e54d4,Felixstowe,Dubai,United Kingdom,UAE,Port of Felixstowe,Khalifa Port,11375.04,16,Medium,55
54a15bb4-1cad-4b63-9b3e-17f2f87dc1b8,Singapore,Dubai,Singapore,UAE,Port of Singapore,Jebel Ali,619.65,6,Medium,44
9cec3ef8-2c24-430b-b3ed-8fcb99923d01,Seoul,Amsterdam,South Korea,Netherlands,Incheon Port,Port of Rotterdam,6277.01,13,High,73
040d2133-ce89-4dcd-9b43-3db9d8629658,Ningbo,Rotterdam,China,Netherlands,Ningbo-Zhoushan,Port of Rotterdam,4064.99,6,High,67
1ca97d29-3b12-4b71-8773-3a2d61e10106,Amsterdam,Los Angeles,Netherlands,United States,Port of Rotterdam,Port Newark,10978.0,25,Low,31
aa51d038-7d82-43de-b08a-cc126e16cc3b,Abu Dhabi,Sharjah,UAE,UAE,Jebel Ali,Jebel Ali,474.46,2,Medium,39
f7db6b93-41e5-4545-ae44-0781b90832a2,Hyderabad,Hamburg,India,Germany,Kolkata Port,Port of Hamburg,3027.9,7,Critical,92
6fb15e71-8bb4-4ceb-bce9-957d4e1ef495,Los Angeles,Amsterdam,United States,Netherlands,Port Houston,Port of Rotterdam,7396.7,16,Low,42
452d4f09-1512-401c-b837-f3cbee3502fa,London,Singapore,United Kingdom,Singapore,Port of Felixstowe,Port of Singapore,4795.46,13,Critical,83
c4ca5ea0-59c2-4895-9ccc-883b782b56ce,Rotterdam,Busan,Netherlands,South Korea,Port of Rotterdam,Incheon Port,9438.9,13,High,85
31db3048-bfc2-4dd3-80fe-39cd28b4c2ee,Mumbai,Bengaluru,India,India,Mundra Port,Chennai Port,539.67,4,Low,20
61a7377d-b96d-4db4-944e-0c4cbf5c8345,London,Yokohama,United Kingdom,Japan,London Gateway,Port of Osaka,1097.43,3,Medium,63
4b3546c6-7715-4608-b35f-fd25cf87877f,Busan,Ahmedabad,South Korea,India,Incheon Port,Kolkata Port,7198.96,13,Critical,99
f143a31c-65b5-4363-96be-35e50b7e50e2,Incheon,Los Angeles,South Korea,United States,Incheon Port,Port Houston,11726.17,16,Low,45
e39410be-8bf9-4d9a-bea4-fa1448118d35,Busan,Tokyo,South Korea,Japan,Incheon Port,Port of Osaka,2307.86,5,High,86
daccc368-4d19-4908-9828-0e66e51d15e3,Seoul,Singapore,South Korea,Singapore,Incheon Port,Port of Singapore,10790.68,18,High,88
f0a1356a-53a4-4e98-8e16-e8e53336e200,Felixstowe,Tokyo,United Kingdom,Japan,London Gateway,Port of Osaka,3162.06,7,High,71
6e5a7d12-bd21-415e-8c4a-dbcd837b538d,London,Shanghai,United Kingdom,China,London Gateway,Ningbo-Zhoushan,7481.48,21,Medium,39
113809ed-82c1-478b-bc48-b34e84efc171,Chennai,Incheon,India,South Korea,Mundra Port,Incheon Port,11639.08,15,High,65
fb24a19f-c00d-42d8-b244-c633c30a857d,Bremen,Dubai,Germany,UAE,Port of Hamburg,Khalifa Port,6739.05,11,High,81
2809878c-a433-44ce-807d-d03ad8f8a1eb,Amsterdam,Ningbo,Netherlands,China,Port of Rotterdam,Ningbo-Zhoushan,12205.85,24,Low,37
6aebb774-5d62-49b6-aa50-7888349706e9,Rotterdam,Houston,Netherlands,United States,Port of Rotterdam,Port of LA,823.63,5,Low,28
0c3fb74a-5bc5-4b21-9cda-d0c22550df7b,Sharjah,Mumbai,UAE,India,Khalifa Port,Nhava Sheva,943.76,4,Medium,62
eff99c24-8045-480c-8faf-c9bf5389a2c7,Guangzhou,Osaka,China,Japan,Shanghai Port,Port of Yokohama,4434.08,9,Low,44
2a6804b3-ff30-4e85-a9e4-6c553e217e86,Tokyo,Ningbo,Japan,China,Port of Yokohama,Shenzhen Port,505.92,3,Low,34
5c218e1e-4e8b-4161-9b32-27144f3d8850,Shanghai,Chicago,China,United States,Shenzhen Port,Port of LA,4803.71,7,Low,23
a4d368f5-b113-49b6-8a86-fa6dfdcbf482,Rotterdam,Amsterdam,Netherlands,Netherlands,Port of Rotterdam,Port of Rotterdam,1292.28,6,Low,26
1d233f35-4f08-49df-a040-9c52c1460459,Busan,Bengaluru,South Korea,India,Incheon Port,Chennai Port,6236.44,14,Low,23
cb6bd469-c6c5-4745-9843-f5366e07e520,Ningbo,Shanghai,China,China,Ningbo-Zhoushan,Shanghai Port,494.84,4,Medium,37
cdbfefbe-8fc3-48c3-a6bf-5121592349d4,Delhi,Kolkata,India,India,Chennai Port,Mundra Port,1883.7,7,Low,17
f5a33617-b063-4794-b8ec-5266d4318a87,Frankfurt,Chicago,Germany,United States,Port of Hamburg,Port Newark,1057.55,3,High,81
f04dcaa6-0592-46c3-b70a-3804338b9c59,Seoul,Felixstowe,South Korea,United Kingdom,Port of Busan,London Gateway,8122.1,18,Low,24
4d60c557-7d50-442c-94ba-03aaee57f9dd,New York,Sharjah,United States,UAE,Port of LA,Jebel Ali,11951.29,27,Medium,67
3cd414d6-47b4-4eac-a2e0-9e17d02d4166,Manchester,Chicago,United Kingdom,United States,London Gateway,Port of LA,1864.45,5,Medium,58
412305a5-dbe5-4a7b-80f3-620ffc967004,Frankfurt,Singapore,Germany,Singapore,Port of Hamburg,Port of Singapore,2201.82,3,Low,35
ecad2c7c-3471-4f84-a728-9b4f8e2dcaad,Bremen,Yokohama,Germany,Japan,Port of Hamburg,Port of Yokohama,639.37,2,Medium,46
be2112e4-3059-4ea8-a34e-7457d145cd82,New York,Hyderabad,United States,India,Port Houston,Mundra Port,10372.98,16,Low,23
a460ac57-34eb-4c0a-ad00-d00cb9e6b2b1,Chicago,Singapore,United States,Singapore,Port of LA,Port of Singapore,12242.59,17,Medium,46
86c2363a-bd11-4acb-b5b4-93d971c123ae,Sharjah,Frankfurt,UAE,Germany,Jebel Ali,Bremerhaven,3861.62,7,Medium,56
f26ba3ef-fb35-47b9-8beb-84ffb52af791,Singapore,Rotterdam,Singapore,Netherlands,Port of Singapore,Port of Rotterdam,6576.4,16,Low,42
414b6527-bf45-422e-8327-358d38af7a64,Amsterdam,Hamburg,Netherlands,Germany,Port of Rotterdam,Bremerhaven,2745.85,7,Low,19
c88da717-cd2f-4d1a-a19a-cecbdd5104bc,Ahmedabad,Bremen,India,Germany,Chennai Port,Port of Hamburg,8004.66,12,Low,31
a2b7bdea-9f39-4a34-badf-ec5b0362b335,Mumbai,Ahmedabad,India,India,Chennai Port,Mundra Port,234.47,3,Low,38
b51f6615-a5a4-4df7-816d-39ac50a8cc90,Hamburg,Incheon,Germany,South Korea,Bremerhaven,Incheon Port,564.18,4,Medium,38
cde4e90f-53e5-4487-9f5a-c11e7225a572,Singapore,Delhi,Singapore,India,Port of Singapore,Kolkata Port,8364.56,19,Low,15
af53252b-44bf-4d69-8dbe-b60f4a92b3fb,Mumbai,Guangzhou,India,China,Chennai Port,Shanghai Port,1934.59,6,Critical,95
45f92c3e-c889-4d10-8ec5-e136acbcd7b4,Tokyo,Frankfurt,Japan,Germany,Port of Osaka,Bremerhaven,4018.02,12,Medium,50
954ec482-d32e-4182-9308-3c1c81bdf016,Abu Dhabi,Osaka,UAE,Japan,Jebel Ali,Port of Yokohama,6677.03,13,Low,17
f58a3b34-c491-4803-aa80-d707ca5adfc0,Osaka,Hyderabad,Japan,India,Port of Osaka,Chennai Port,805.54,2,Low,23
afbf7388-0421-4efc-8e8b-b47d5073fd41,Bengaluru,London,India,United Kingdom,Chennai Port,Port of Felixstowe,7222.86,14,Medium,43
3cef0425-ca66-407a-a4b2-ed5e3a1e5102,Houston,Singapore,United States,Singapore,Port of LA,Port of Singapore,2015.75,3,Medium,56
310813e4-7b4f-49f8-92df-bc9756d70d89,Osaka,Busan,Japan,South Korea,Port of Osaka,Incheon Port,6883.54,11,Medium,37
2b8dc255-8433-4732-9ab1-3b02f2889579,Dubai,Singapore,UAE,Singapore,Jebel Ali,Port of Singapore,9410.34,12,Low,16
67a3ebeb-ccf9-4f26-b9e0-dd88f39ec4a4,Osaka,Seoul,Japan,South Korea,Port of Osaka,Incheon Port,5382.21,12,Medium,36
e277fad7-f9bc-4eb0-93cd-084ce854393a,Chicago,Frankfurt,United States,Germany,Port of LA,Port of Hamburg,11169.55,17,Medium,60
486be001-5db4-41cb-9836-c3b04160c2da,Manchester,Abu Dhabi,United Kingdom,UAE,London Gateway,Khalifa Port,5555.6,13,Critical,89
374e120c-57b4-45ee-8161-60a97c5ed3fe,Busan,Seoul,South Korea,South Korea,Incheon Port,Incheon Port,927.26,3,Critical,88
b0fac17c-18b9-459b-ba16-b5c1921d74a6,Rotterdam,Los Angeles,Netherlands,United States,Port of Rotterdam,Port of LA,7101.38,17,Critical,93
41a01d0a-d22e-4266-ad09-e9895e5f4654,Hamburg,Rotterdam,Germany,Netherlands,Port of Hamburg,Port of Rotterdam,3822.07,5,Low,43
aa7cf2df-dda6-4e94-86dc-4f74a7d22385,Hyderabad,Chicago,India,United States,Chennai Port,Port Houston,5895.54,17,Low,22
d50b12af-8cab-4894-8078-328e8cf5d4fb,Frankfurt,Hamburg,Germany,Germany,Port of Hamburg,Bremerhaven,364.86,4,Low,26
27c72141-6da3-4e77-8757-6e88f7e43545,Shenzhen,Ningbo,China,China,Shanghai Port,Shanghai Port,213.79,1,High,79
afda8dd5-05ed-476a-b08e-7ea8c3239768,Houston,Seoul,United States,South Korea,Port of LA,Incheon Port,4514.51,11,Medium,46
d2f5198c-4a60-48b5-94d0-60d464d91658,London,Osaka,United Kingdom,Japan,London Gateway,Port of Osaka,10831.41,15,Low,21
e06ade7d-8f24-4e6f-b8a0-349b9c4aacd6,Shenzhen,Ningbo,China,China,Shanghai Port,Ningbo-Zhoushan,949.0,6,Critical,86
b57b057e-778e-4c64-948a-85a66b388301,Houston,Chicago,United States,United States,Port Houston,Port of LA,1579.92,6,Low,37
b22ec82c-1d53-4e88-876e-12ccbcaf9343,Abu Dhabi,Frankfurt,UAE,Germany,Khalifa Port,Bremerhaven,4856.44,10,High,69
dfd43c12-5d86-48f2-9f2b-67fbd2012397,Busan,Felixstowe,South Korea,United Kingdom,Port of Busan,Port of Felixstowe,1837.35,3,Medium,55
8ebb9581-c42f-4d05-80a1-f25ae9544400,Hamburg,Yokohama,Germany,Japan,Port of Hamburg,Port of Osaka,989.3,3,Critical,89
f33feff2-7422-426b-ab2f-7298da8939cb,Frankfurt,Manchester,Germany,United Kingdom,Port of Hamburg,London Gateway,8196.22,15,Critical,91
d099c4ed-7951-4599-99f8-88f75a0fd130,Busan,Houston,South Korea,United States,Incheon Port,Port Houston,2224.5,5,Critical,96
8061269d-2be6-48d9-a56c-7d3d605786fe,Amsterdam,Singapore,Netherlands,Singapore,Port of Rotterdam,Port of Singapore,9700.71,18,Medium,43
a6fef429-0cdb-45fc-be4a-7a4c5d0486a6,Busan,New York,South Korea,United States,Incheon Port,Port Houston,2767.63,7,Critical,98
3fb1333a-0fb9-4ba5-a687-c2f80b4cbe24,Guangzhou,Incheon,China,South Korea,Ningbo-Zhoushan,Port of Busan,2953.6,7,Medium,36
4f1bbd18-c469-49be-9ea7-4c4a09332f2e,Incheon,Shanghai,South Korea,China,Port of Busan,Shanghai Port,3030.27,6,Low,37
dd37422d-27ab-4e7f-91ec-7a3e7c06861d,Los Angeles,Amsterdam,United States,Netherlands,Port of LA,Port of Rotterdam,6536.83,18,Low,40
154d34e6-2b97-41f5-b4f5-c1f6f0ae542c,Ahmedabad,Singapore,India,Singapore,Mundra Port,Port of Singapore,3626.53,8,Low,38
b13dd629-31c1-4973-a415-f827ec22730b,Rotterdam,Tokyo,Netherlands,Japan,Port of Rotterdam,Port of Yokohama,1710.8,6,Medium,65
861568fd-167f-4272-aa43-6ef326537fc2,Guangzhou,Hamburg,China,Germany,Ningbo-Zhoushan,Bremerhaven,3064.97,7,Medium,61
496f8249-e6a6-4c48-ab1a-6c433c836cc0,Chicago,Guangzhou,United States,China,Port Newark,Ningbo-Zhoushan,7035.43,12,Low,28
df03c0ad-c6ce-4c92-b318-1b0600c8fb07,Hamburg,Sharjah,Germany,UAE,Port of Hamburg,Jebel Ali,2388.47,5,Low,40
e529cf08-c8fc-4eef-8a1d-d722e1cb9f2f,Frankfurt,Singapore,Germany,Singapore,Port of Hamburg,Port of Singapore,8317.77,13,Medium,37
dff624f8-b44b-4901-9588-1d096372173b,Abu Dhabi,Seoul,UAE,South Korea,Khalifa Port,Incheon Port,6361.06,12,Low,40
280908c7-98fe-4644-afa1-638fadef39fa,Ningbo,Osaka,China,Japan,Shenzhen Port,Port of Yokohama,8944.66,14,Low,19
93d17a6f-abae-4289-be01-268135b55934,Seoul,Ningbo,South Korea,China,Incheon Port,Shenzhen Port,5218.69,14,Low,34
b6898119-ff07-44f6-a193-e8149017b7cf,Singapore,Manchester,Singapore,United Kingdom,Port of Singapore,London Gateway,9172.76,14,Medium,64
55928607-1ae0-4ffd-88ce-2eed1c6c6e8f,Amsterdam,Abu Dhabi,Netherlands,UAE,Port of Rotterdam,Jebel Ali,2512.26,8,Low,18
35fdc0e6-2b4b-44f8-8ce3-4b3f4b5ab58b,Seoul,Incheon,South Korea,South Korea,Port of Busan,Port of Busan,1658.96,6,Medium,43
283239ad-6380-4b87-a1cd-2f676126be4e,Dubai,Osaka,UAE,Japan,Jebel Ali,Port of Osaka,7108.68,12,Low,36
22464f2e-21ed-4a88-8917-69650555f572,Singapore,Chennai,Singapore,India,Port of Singapore,Mundra Port,8910.23,18,Medium,54
c60da7cc-1f81-4457-b94c-ce9f9749c456,Chicago,Sharjah,United States,UAE,Port Newark,Jebel Ali,8573.83,17,Low,32
3c425a2a-2e6e-4df2-ad87-070538445816,Incheon,Yokohama,South Korea,Japan,Incheon Port,Port of Yokohama,5518.04,13,Medium,66
f0d8edfa-f8ee-4eae-92a6-fd55456de773,Singapore,London,Singapore,United Kingdom,Port of Singapore,Port of Felixstowe,6432.0,14,Medium,58
9a9d4c4e-be04-482d-9c66-fafff863c26c,Tokyo,Shenzhen,Japan,China,Port of Osaka,Shanghai Port,2276.73,5,High,79
6e81b9d1-d0d8-488b-99df-91c92ec33081,Rotterdam,Chicago,Netherlands,United States,Port of Rotterdam,Port of LA,4667.63,9,Low,26
e6c5c7cc-850b-4b57-8de3-bbee681a9f8a,Singapore,Busan,Singapore,South Korea,Port of Singapore,Incheon Port,12412.42,25,Low,29
1b10daef-5f79-498e-ad39-26cb5d8db1af,Yokohama,Singapore,Japan,Singapore,Port of Yokohama,Port of Singapore,5202.93,15,Low,35
276a9bfa-505c-48cb-8e20-db0ddc0bf8b3,Shanghai,Hamburg,China,Germany,Ningbo-Zhoushan,Port of Hamburg,4169.78,6,Medium,68
19ee4f1d-8506-4d45-b2a2-d0b9e30351f3,Singapore,Guangzhou,Singapore,China,Port of Singapore,Ningbo-Zhoushan,1155.81,4,Medium,46
a9a12427-a134-4ba3-b6bf-8cee5223089c,London,Singapore,United Kingdom,Singapore,London Gateway,Port of Singapore,8405.54,13,Low,15
b52c1959-1cab-4e7c-a901-964f41702a40,Mumbai,Hyderabad,India,India,Nhava Sheva,Mundra Port,421.37,3,Low,31
c4589a79-c15d-4ff2-9868-efdf364ff95d,Rotterdam,Dubai,Netherlands,UAE,Port of Rotterdam,Jebel Ali,4715.98,9,Medium,50
82d4ac6f-f909-479e-9643-dc49ef9bd62e,Rotterdam,Osaka,Netherlands,Japan,Port of Rotterdam,Port of Osaka,11916.25,20,Low,38
351eee0c-6392-468b-9ff8-aef7482d30fe,Guangzhou,Amsterdam,China,Netherlands,Ningbo-Zhoushan,Port of Rotterdam,2968.14,6,High,85
cea52f8e-759e-4cf0-ba84-9fb0a6007581,Singapore,Rotterdam,Singapore,Netherlands,Port of Singapore,Port of Rotterdam,4210.74,9,Low,22
2f55efde-a227-4fa0-a926-bd5db85f6b59,Seoul,New York,South Korea,United States,Incheon Port,Port Houston,9667.19,17,Medium,39
d13927d6-0823-4fd3-a3a1-d1f193a11398,Chicago,Dubai,United States,UAE,Port of LA,Jebel Ali,516.1,4,Medium,43
c38fe813-2222-423c-bcbb-c9f406a9dd16,Yokohama,Hyderabad,Japan,India,Port of Yokohama,Kolkata Port,4209.03,12,High,72
44ee7fab-1faa-48a2-a6c7-1d893f55804d,Tokyo,London,Japan,United Kingdom,Port of Yokohama,London Gateway,7472.13,11,Low,20
218db329-28f0-42f2-8224-6a91adbc6c59,Singapore,Bengaluru,Singapore,India,Port of Singapore,Mundra Port,1977.06,6,Low,34
8f237321-fec0-4192-93fd-33029d708359,Amsterdam,Busan,Netherlands,South Korea,Port of Rotterdam,Port of Busan,541.06,2,Low,31
39988816-e233-410d-912f-44c9a1256ce1,Amsterdam,Sharjah,Netherlands,UAE,Port of Rotterdam,Khalifa Port,10524.43,22,Low,16
7a2818d8-dd9d-4845-b59c-0018da9efec6,Seoul,Hamburg,South Korea,Germany,Port of Busan,Port of Hamburg,8756.68,12,Medium,54
493d0649-f393-4ad4-b062-3a4d27a84e97,Singapore,Houston,Singapore,United States,Port of Singapore,Port Houston,4067.32,7,Medium,53
ba91cc12-b881-4a80-9cf8-566058534b84,Dubai,Singapore,UAE,Singapore,Jebel Ali,Port of Singapore,1603.13,7,Low,45
72affe1c-388f-4754-82a2-a30a51d15b19,Incheon,Dubai,South Korea,UAE,Port of Busan,Khalifa Port,11954.02,27,Medium,56
d16c6d8b-a0bc-4e96-af53-78729fb08bec,Singapore,Sharjah,Singapore,UAE,Port of Singapore,Jebel Ali,422.38,4,Medium,61
f52dab87-a118-4a02-8a81-f99bbf1d18f2,Sharjah,Amsterdam,UAE,Netherlands,Khalifa Port,Port of Rotterdam,11102.78,14,Low,42
9ade407f-0db1-4bdb-b44e-bc7106cc823a,Chennai,Hamburg,India,Germany,Mundra Port,Bremerhaven,7690.59,14,Low,36
7cf86583-7678-4ea8-ada2-5456629bc7ad,Hamburg,Osaka,Germany,Japan,Port of Hamburg,Port of Osaka,802.44,6,Medium,46
3d9f847a-59b0-41d6-b0a4-3d01e5833fc8,Abu Dhabi,Bremen,UAE,Germany,Jebel Ali,Bremerhaven,1162.1,3,Medium,47
9ddf7698-246d-4a6a-9988-b99822c49d34,Yokohama,Seoul,Japan,South Korea,Port of Osaka,Port of Busan,9915.04,14,Medium,35
081a682d-0f28-44d7-ab69-aa5f141cb190,Amsterdam,Hamburg,Netherlands,Germany,Port of Rotterdam,Port of Hamburg,2493.0,5,Medium,60
2a2b2c70-0844-4f33-b886-189faf361245,Sharjah,Dubai,UAE,UAE,Jebel Ali,Jebel Ali,1402.9,4,Low,31
b9c9e46f-5ca3-41ef-bc31-f62bc0da58b7,Los Angeles,Seoul,United States,South Korea,Port of LA,Port of Busan,5490.23,10,Low,44
af3d2bad-e640-4d92-b88e-7394a2c42c62,Incheon,Singapore,South Korea,Singapore,Incheon Port,Port of Singapore,10544.79,20,High,84
d48e0a0c-2bfc-44ad-87b4-33ff696714c4,Los Angeles,Houston,United States,United States,Port Newark,Port Newark,531.42,4,Low,43
7b178f27-f9fa-4457-83b6-294e3ae9bc9a,London,Shenzhen,United Kingdom,China,Port of Felixstowe,Shenzhen Port,7098.38,14,Medium,65
6185b56e-b930-4538-886a-453fb74fbf8d,Frankfurt,Guangzhou,Germany,China,Bremerhaven,Ningbo-Zhoushan,4856.08,9,Low,17
ca5f8ef9-2139-410f-9dee-915590ae6a80,Singapore,Shanghai,Singapore,China,Port of Singapore,Shenzhen Port,8639.53,11,Low,27
f22c9284-2e85-45b6-a8ff-5e049aa3608c,Shanghai,Rotterdam,China,Netherlands,Ningbo-Zhoushan,Port of Rotterdam,8772.28,24,Critical,89
bec1eaf9-4a9e-4042-aec1-267bf27dd5dc,Amsterdam,Felixstowe,Netherlands,United Kingdom,Port of Rotterdam,London Gateway,10425.94,17,Low,42
01c90fc4-0008-428c-a470-6d90ccd3e6ef,Busan,Amsterdam,South Korea,Netherlands,Port of Busan,Port of Rotterdam,915.89,6,Medium,40
09f805e4-70fc-472e-a024-98e4dcb446f9,Busan,Singapore,South Korea,Singapore,Port of Busan,Port of Singapore,4439.94,7,Low,33
7f6c6851-484a-4eb6-b7c0-d296a8f25a45,Frankfurt,Chicago,Germany,United States,Bremerhaven,Port Houston,8271.45,14,Medium,47
d2d54562-f49a-4660-a67f-87101f362c1a,Mumbai,Singapore,India,Singapore,Mundra Port,Port of Singapore,7041.28,18,Medium,53
4d66fbf9-057a-4f9f-a5ae-66d46f6c0290,Sharjah,Rotterdam,UAE,Netherlands,Jebel Ali,Port of Rotterdam,4465.09,12,Medium,51
0c7875d1-6df2-4be9-878e-eeb46aa3a93a,Incheon,Hamburg,South Korea,Germany,Port of Busan,Bremerhaven,12129.03,17,Low,41
196d4b9c-2392-4294-a9b1-ed1fe385dd42,Dubai,Guangzhou,UAE,China,Jebel Ali,Ningbo-Zhoushan,11548.28,21,Low,34
714bf959-1e1a-4369-9d2d-9289c120e56c,Singapore,Shenzhen,Singapore,China,Port of Singapore,Shenzhen Port,1578.67,3,Low,44
3858125b-4d20-4d3a-a8e6-46d04ef06234,Bremen,Sharjah,Germany,UAE,Port of Hamburg,Jebel Ali,3231.89,9,Medium,38
2861c9dd-9b93-4484-aac8-d185510fc853,Houston,Osaka,United States,Japan,Port Houston,Port of Osaka,7888.49,12,Medium,44
51065ad2-5c42-4fd6-b142-20132477ce98,Bremen,Incheon,Germany,South Korea,Bremerhaven,Port of Busan,2735.99,9,Medium,35
48809065-6208-4115-8ff5-834b5760a84a,Amsterdam,Sharjah,Netherlands,UAE,Port of Rotterdam,Jebel Ali,9250.48,17,Medium,67
c952de2d-43c8-421c-b2fa-4e80d6d9fe48,Manchester,Delhi,United Kingdom,India,Port of Felixstowe,Chennai Port,8295.21,14,High,85
0b9f7caf-6923-4325-be98-42be4f3a7c24,Ahmedabad,New York,India,United States,Mundra Port,Port of LA,9420.8,20,Low,45
5ce2e9a6-a324-4013-b963-add76d497cfa,Bremen,Busan,Germany,South Korea,Bremerhaven,Incheon Port,5604.67,11,Medium,41
b84eb47d-8e07-41a8-a9f7-7a82024d10a1,Houston,Tokyo,United States,Japan,Port Houston,Port of Yokohama,5404.17,10,Low,24
3abff544-9e7e-4a53-8bf5-01d6d7faf146,Hyderabad,Singapore,India,Singapore,Kolkata Port,Port of Singapore,7821.86,19,Low,32
f6d90860-1185-486b-b022-370b9bd7318d,Sharjah,Los Angeles,UAE,United States,Jebel Ali,Port of LA,1400.71,3,Medium,38
fa18de1a-d8e8-4111-b5bd-d55d6bfb0b4a,Osaka,Felixstowe,Japan,United Kingdom,Port of Yokohama,London Gateway,9552.44,15,Low,26
612d7f70-33c0-415a-82f0-20cafea72b76,Felixstowe,Shanghai,United Kingdom,China,Port of Felixstowe,Ningbo-Zhoushan,4438.96,14,Medium,39
0a6fd3df-9a81-4aa5-89b1-a957fa91dcc5,Mumbai,Incheon,India,South Korea,Kolkata Port,Port of Busan,11811.76,22,Medium,54
655657eb-778f-48b4-bd7c-60045cbc366a,Abu Dhabi,Ningbo,UAE,China,Jebel Ali,Shenzhen Port,12371.66,16,Low,20
239ff340-8473-44ff-b6fc-18b4ff15eb18,Ningbo,Frankfurt,China,Germany,Shanghai Port,Port of Hamburg,526.0,4,Medium,56
10206a53-c3f9-4891-b6fb-5abe06f2f7f1,Osaka,Amsterdam,Japan,Netherlands,Port of Yokohama,Port of Rotterdam,3515.43,6,Critical,91
564c706c-a301-4d51-bde6-c245e1187011,Manchester,Incheon,United Kingdom,South Korea,Port of Felixstowe,Incheon Port,5222.36,13,Medium,48
f4dbd17e-be90-4f12-a912-b86a47b72c8c,Osaka,Yokohama,Japan,Japan,Port of Osaka,Port of Yokohama,1523.53,6,Medium,48
a06dfdc4-aa4a-400b-ac1b-c6700df685a8,Guangzhou,Rotterdam,China,Netherlands,Ningbo-Zhoushan,Port of Rotterdam,11366.92,20,Low,42
bd5c1ae3-c388-462e-8052-b076ecf02e3d,Singapore,Frankfurt,Singapore,Germany,Port of Singapore,Bremerhaven,8032.69,14,Low,21
6d476e07-baea-47fd-a6f9-a7232f60fe48,Yokohama,Guangzhou,Japan,China,Port of Yokohama,Ningbo-Zhoushan,1232.75,3,Medium,36
982a2108-9978-448b-8ecf-c47a661462f8,Busan,Singapore,South Korea,Singapore,Port of Busan,Port of Singapore,3572.22,7,Low,42
7f226218-8a99-4978-965a-6a57456ac7db,Abu Dhabi,Singapore,UAE,Singapore,Khalifa Port,Port of Singapore,1870.29,5,Medium,54
e51e949d-53bc-4cc6-b68a-a1ce66dd364b,Sharjah,Felixstowe,UAE,United Kingdom,Jebel Ali,London Gateway,9802.87,16,High,63
1e997f87-bac8-4e61-b702-368aa2ad1395,Los Angeles,Sharjah,United States,UAE,Port of LA,Jebel Ali,1649.64,4,Low,18
101b8aa0-3e44-464e-be56-3ef85c71474a,Delhi,Busan,India,South Korea,Mundra Port,Port of Busan,8196.2,16,Low,40
9fabdbbf-ef67-4b5f-8e87-5810a5b3cea1,Singapore,Houston,Singapore,United States,Port of Singapore,Port of LA,7656.86,21,Medium,35
8826b670-aaf6-4a9e-a968-3e1ef62d3b0b,New York,Singapore,United States,Singapore,Port Newark,Port of Singapore,1945.95,5,Medium,57
ccbcb8fb-d569-4e0e-b949-440c66e367aa,Abu Dhabi,Seoul,UAE,South Korea,Khalifa Port,Port of Busan,10970.76,22,Low,19
60cd6bd7-be66-46f0-81b8-eca94a569d7d,Bremen,Guangzhou,Germany,China,Bremerhaven,Shenzhen Port,11584.39,18,High,88
d936bf06-8fa9-4f4c-bc05-ee33540fb33b,Singapore,Shenzhen,Singapore,China,Port of Singapore,Ningbo-Zhoushan,6388.18,8,Medium,59
f60c7cc7-35c0-4171-9c87-7a8b04a1c895,Singapore,Rotterdam,Singapore,Netherlands,Port of Singapore,Port of Rotterdam,7055.95,17,Medium,43
7062826b-c758-498f-899f-92a370f63673,Rotterdam,Hamburg,Netherlands,Germany,Port of Rotterdam,Port of Hamburg,679.73,6,Medium,56
43779ea0-b8d0-4612-ba6e-1f8ec3869e07,Shanghai,Ahmedabad,China,India,Shenzhen Port,Chennai Port,4435.41,10,High,65
766af2fc-9d16-4a03-a632-57e6405e2823,Incheon,Singapore,South Korea,Singapore,Port of Busan,Port of Singapore,4830.05,9,Critical,94
52be2c71-689e-4765-9f33-917276a82b88,Chicago,Busan,United States,South Korea,Port of LA,Incheon Port,3719.13,7,Low,36
79939d76-5fb5-4acc-b191-8698721dae3f,Chicago,Tokyo,United States,Japan,Port of LA,Port of Osaka,8319.07,12,Low,27
7af1899d-0c63-4484-a497-ba9d1e01c0a8,Delhi,New York,India,United States,Chennai Port,Port Houston,9152.44,20,Medium,67
a3b51a9e-8484-46f6-8702-684f97392491,New York,Chicago,United States,United States,Port Houston,Port Houston,1766.78,7,Low,33
77cb2e5c-1d58-4689-bb7d-3a3e66c76295,Incheon,Mumbai,South Korea,India,Port of Busan,Chennai Port,9933.75,18,Low,21
10ffcc82-4880-461b-b343-29b16ef540bb,Hamburg,Rotterdam,Germany,Netherlands,Bremerhaven,Port of Rotterdam,11253.61,17,Low,21
931411ca-d822-425d-9550-f495d3963d00,Ahmedabad,Incheon,India,South Korea,Mundra Port,Port of Busan,267.65,2,Medium,40
2684f7e9-542f-487a-9c39-519a7acef81a,Delhi,Amsterdam,India,Netherlands,Nhava Sheva,Port of Rotterdam,11720.18,21,Low,38
66b0c57f-11be-4b72-a095-1a60cfdcb6fa,Amsterdam,Dubai,Netherlands,UAE,Port of Rotterdam,Jebel Ali,9381.43,23,Critical,92
e966a4fb-134f-4cbb-a9c1-3a651f61565a,Frankfurt,Chicago,Germany,United States,Port of Hamburg,Port Houston,3201.08,6,Low,17
95cb1891-3211-43d6-b4dc-20354f64d9fb,Ahmedabad,Amsterdam,India,Netherlands,Kolkata Port,Port of Rotterdam,5395.25,9,Medium,65
f19b1777-368d-4316-a8d4-b3aca616ad1c,London,Amsterdam,United Kingdom,Netherlands,Port of Felixstowe,Port of Rotterdam,3047.82,7,Medium,45
4a7b68cf-d1eb-42b3-a527-fd89c74c7168,Hamburg,Manchester,Germany,United Kingdom,Port of Hamburg,London Gateway,1770.84,6,Low,27
02f9b184-c8dd-4312-b1ac-e70f2b1d183d,Kolkata,Tokyo,India,Japan,Mundra Port,Port of Yokohama,8239.32,13,Medium,37
07dcc087-9c97-4f73-8ac0-093ede33b225,Ahmedabad,New York,India,United States,Chennai Port,Port Houston,7463.24,17,Medium,64
9e6e502b-ff66-4fd3-a278-5ffbe08cdcff,Osaka,Tokyo,Japan,Japan,Port of Osaka,Port of Osaka,595.97,3,High,82
1fe7b409-7bb1-4570-a3d6-f2ca24bbd565,London,Dubai,United Kingdom,UAE,London Gateway,Khalifa Port,1776.81,4,Low,25
29839c2b-8cda-4fb2-aff6-be40d861a672,Guangzhou,Manchester,China,United Kingdom,Ningbo-Zhoushan,London Gateway,8900.71,17,Low,38
e661ef14-3f97-49c4-ade7-7cdd51a57482,Felixstowe,Abu Dhabi,United Kingdom,UAE,London Gateway,Khalifa Port,9073.43,17,Low,45
4c7b0d89-cc48-4226-829d-a44473b1edb0,Rotterdam,Yokohama,Netherlands,Japan,Port of Rotterdam,Port of Yokohama,6052.85,13,Medium,51
7f856fcc-d5b6-489e-9252-bc72ded9388b,Amsterdam,Shenzhen,Netherlands,China,Port of Rotterdam,Ningbo-Zhoushan,3002.67,9,Low,27
aa7da8a3-0548-454a-8980-89366c204817,Frankfurt,Shenzhen,Germany,China,Bremerhaven,Ningbo-Zhoushan,11798.89,17,Low,23
e11b43fa-7b33-49c3-82f1-e4db07fa54f6,Felixstowe,Sharjah,United Kingdom,UAE,London Gateway,Jebel Ali,7365.98,11,Low,45
d788480a-4102-43cc-a4a4-f03fa2f7d577,Busan,New York,South Korea,United States,Incheon Port,Port Newark,6900.43,15,Low,34
54485fd4-0a84-4333-a7b9-2f8f05e3ceb7,Singapore,London,Singapore,United Kingdom,Port of Singapore,London Gateway,2488.37,4,Low,43
237de155-0630-4608-a9d7-157be114bc9b,Dubai,Manchester,UAE,United Kingdom,Khalifa Port,Port of Felixstowe,7877.7,21,Low,34
c39e6ada-e23a-480a-86e1-ad95b4a9f382,Manchester,Rotterdam,United Kingdom,Netherlands,London Gateway,Port of Rotterdam,7046.62,11,Low,29
b31acc09-19ee-424c-adcd-32d9a77efacd,Amsterdam,New York,Netherlands,United States,Port of Rotterdam,Port Newark,11625.21,20,Low,20
5e996f6c-b2eb-4e0c-9c56-a28ae5ba9a4f,Singapore,Incheon,Singapore,South Korea,Port of Singapore,Port of Busan,9004.01,15,Medium,67
14f7a97f-760f-4c8c-956f-bbac6cf51b59,Delhi,Rotterdam,India,Netherlands,Chennai Port,Port of Rotterdam,5920.79,7,Low,20
b5ec2578-f285-4b0e-882f-74306e7921ef,Rotterdam,New York,Netherlands,United States,Port of Rotterdam,Port of LA,10649.99,17,Medium,49
8fac14d0-57d3-4304-aa8b-1f45170be663,Abu Dhabi,Los Angeles,UAE,United States,Khalifa Port,Port Houston,8220.19,19,Low,45
15c070dc-6678-43a3-b47c-35a28cfab2fc,Rotterdam,Shenzhen,Netherlands,China,Port of Rotterdam,Shenzhen Port,4757.02,13,High,64
e8e68eb3-2431-45b3-bc56-dacec179a9a7,Shanghai,Rotterdam,China,Netherlands,Shanghai Port,Port of Rotterdam,4203.36,10,Medium,64
ea4a623e-35f1-4053-8c99-41a88737f014,Frankfurt,Singapore,Germany,Singapore,Bremerhaven,Port of Singapore,3606.1,7,Low,21
e4b6b88d-0e73-4ed0-a054-3b6c54fd9f90,Shenzhen,Osaka,China,Japan,Ningbo-Zhoushan,Port of Yokohama,4111.0,10,Medium,44
489bc206-abf3-4670-b66d-bbbee6f5dfc1,Yokohama,Frankfurt,Japan,Germany,Port of Yokohama,Bremerhaven,10191.94,26,Medium,45
8cc98401-5051-48fd-9b48-e9f9f4b80fb7,Frankfurt,Los Angeles,Germany,United States,Bremerhaven,Port Houston,3780.77,7,Critical,97
cc4bb361-6fb9-45e3-a84b-7cbdcf23412e,Delhi,Hamburg,India,Germany,Mundra Port,Bremerhaven,3529.92,7,High,63
a731941d-e7a9-47ef-ba3f-091e4e2ae300,Tokyo,Dubai,Japan,UAE,Port of Osaka,Khalifa Port,3274.22,7,Medium,49
b1f4d0a3-7f1c-405c-98b8-0d6c6f061f48,Los Angeles,Seoul,United States,South Korea,Port of LA,Port of Busan,3088.25,6,High,84
a5808043-8f64-4a69-b7aa-c5ce79c5bfa3,Tokyo,Chicago,Japan,United States,Port of Osaka,Port Newark,6664.76,14,High,77
e612ec21-b6d1-47f2-b7aa-a9ff429ed4cb,Singapore,Kolkata,Singapore,India,Port of Singapore,Kolkata Port,5119.82,11,Low,40
8159c47d-7d58-4609-87d1-6950f8f7fe07,Rotterdam,Delhi,Netherlands,India,Port of Rotterdam,Mundra Port,3215.18,8,Critical,91
cfbad5fe-564b-43f8-82ce-615339e24950,Hyderabad,Felixstowe,India,United Kingdom,Chennai Port,London Gateway,1679.3,4,Medium,46
68008502-8769-4a3a-a49d-f01916fa65d9,Singapore,Sharjah,Singapore,UAE,Port of Singapore,Khalifa Port,9207.16,20,Low,38
ed838ed0-70aa-4f2c-88ac-10ab0cf649ba,Amsterdam,Manchester,Netherlands,United Kingdom,Port of Rotterdam,Port of Felixstowe,2510.03,5,Medium,37
01e5258a-e42e-472d-878d-252d7352ed14,Rotterdam,Singapore,Netherlands,Singapore,Port of Rotterdam,Port of Singapore,2450.52,8,Low,37
146c7d2d-3cff-4c5f-92e1-67a7c7af5076,Dubai,Abu Dhabi,UAE,UAE,Khalifa Port,Jebel Ali,1887.92,4,Low,33
79494640-cc02-4520-90d5-1808bf8350ca,Manchester,Singapore,United Kingdom,Singapore,Port of Felixstowe,Port of Singapore,9186.42,17,Low,43
47d444c3-d988-401b-8594-1a5a486e4628,Tokyo,Singapore,Japan,Singapore,Port of Osaka,Port of Singapore,6092.47,16,Low,17
3fee7039-efca-41c1-b0c5-6579dfad300d,Ahmedabad,Singapore,India,Singapore,Mundra Port,Port of Singapore,1702.37,6,Low,33
c1e4a59d-1036-4fd3-92a0-32ea43d61a48,Yokohama,Dubai,Japan,UAE,Port of Yokohama,Khalifa Port,1895.85,7,Low,44
d434430c-78f2-4c21-be6b-6bedb0fc0cbd,Chicago,Incheon,United States,South Korea,Port Houston,Incheon Port,6432.11,17,High,79
a3ca3645-1dd6-41c7-bfe0-1f00c96a7d62,Hyderabad,Dubai,India,UAE,Nhava Sheva,Jebel Ali,9058.21,16,Low,31
629ced7d-b653-469c-94d9-9a0d0f446dde,Mumbai,Singapore,India,Singapore,Nhava Sheva,Port of Singapore,1075.35,6,Low,37
f8c003b9-abb9-4a2a-b651-73b2f7b90ff0,Incheon,Sharjah,South Korea,UAE,Incheon Port,Jebel Ali,5748.54,10,Low,38
2cb77e8c-11da-4952-b5aa-f33c61ef031a,Hamburg,Yokohama,Germany,Japan,Bremerhaven,Port of Yokohama,650.03,2,Medium,49
db42ccba-d9e6-4b95-92dd-35eb3ef9590f,Singapore,Shanghai,Singapore,China,Port of Singapore,Ningbo-Zhoushan,5422.69,15,High,83
2db0e98e-eb69-41c7-a416-c4e7e83ae92c,Ahmedabad,Osaka,India,Japan,Chennai Port,Port of Osaka,2726.48,8,Low,45
136ec05f-7d33-4841-abed-d0ffaf7b425d,Busan,New York,South Korea,United States,Port of Busan,Port Houston,7435.92,13,Low,25
b44847a0-8099-449f-9dca-59f0d40543fa,Kolkata,Hyderabad,India,India,Mundra Port,Kolkata Port,1023.99,4,High,73
5ad4d710-65d9-42ce-b8dc-eada3f4f9862,Shanghai,Osaka,China,Japan,Ningbo-Zhoushan,Port of Osaka,5775.79,8,Low,43
8aad8377-969a-46a0-9326-53cb32309913,Singapore,Manchester,Singapore,United Kingdom,Port of Singapore,London Gateway,9450.89,13,Low,19
64240576-1a74-4944-b963-9b0b61393e5c,Kolkata,Rotterdam,India,Netherlands,Mundra Port,Port of Rotterdam,1901.46,5,Low,40
ea8d9f2d-391b-481c-bb36-961540d5753e,Rotterdam,Yokohama,Netherlands,Japan,Port of Rotterdam,Port of Osaka,10499.61,16,Critical,95
19b8a95d-accf-41d9-8add-5f45876550a6,Los Angeles,Dubai,United States,UAE,Port Houston,Jebel Ali,2803.78,5,High,64
53aaf932-10d5-4587-b911-ebdf0d7dbd27,Dubai,Ahmedabad,UAE,India,Khalifa Port,Kolkata Port,3999.43,7,Critical,84
1a259e7c-d5d8-4e35-93a5-d200d56f41f9,Tokyo,Abu Dhabi,Japan,UAE,Port of Osaka,Khalifa Port,7960.16,12,Low,24
231699aa-cd9e-4287-9400-45112957de85,Dubai,Delhi,UAE,India,Khalifa Port,Kolkata Port,6179.3,14,Low,31
b96a7c4d-b26d-45e9-a226-b67ec0790664,Shenzhen,Rotterdam,China,Netherlands,Shenzhen Port,Port of Rotterdam,572.1,5,Low,36
51475af1-b71a-45d0-ac12-8ced8cc4e3d2,Guangzhou,Singapore,China,Singapore,Ningbo-Zhoushan,Port of Singapore,6330.59,11,Critical,91
ff7bc71b-ea58-43ce-b0ba-54f7a7d8ff4f,London,Singapore,United Kingdom,Singapore,London Gateway,Port of Singapore,8643.33,16,Medium,42
2b7f758a-d254-4378-b600-574884de809a,Singapore,Amsterdam,Singapore,Netherlands,Port of Singapore,Port of Rotterdam,2463.08,6,Medium,57
f5b49cb8-ad3b-4165-a572-1c2d5a38a121,Amsterdam,Sharjah,Netherlands,UAE,Port of Rotterdam,Khalifa Port,3852.05,12,Low,41
f74d6caf-e06b-462f-8777-b92da6d74247,London,Singapore,United Kingdom,Singapore,London Gateway,Port of Singapore,8260.21,15,Low,17
70377ad6-6025-4ad0-9085-2e1a08e88d75,Manchester,Busan,United Kingdom,South Korea,London Gateway,Port of Busan,8895.69,11,Critical,93
256fdbab-3904-42dc-b8e0-f5ca2302317c,Amsterdam,Singapore,Netherlands,Singapore,Port of Rotterdam,Port of Singapore,1243.97,5,Medium,61
8e0936ad-fbba-40f1-812d-d108e4eb130d,Felixstowe,Singapore,United Kingdom,Singapore,London Gateway,Port of Singapore,8109.05,17,Medium,46
27f6cd72-335e-4ec8-9696-c46664e84618,Osaka,Abu Dhabi,Japan,UAE,Port of Osaka,Khalifa Port,3864.41,10,Medium,55
507020df-d3e6-464e-9057-32d22053bfbb,Hamburg,Tokyo,Germany,Japan,Port of Hamburg,Port of Osaka,6896.49,13,Low,36
5b13a85b-b32d-4beb-8370-e30b5352d0e6,Bremen,Tokyo,Germany,Japan,Bremerhaven,Port of Osaka,6746.65,10,Low,45
a47919ff-fb22-42f0-9a5c-5d6ea46b3866,Hamburg,Frankfurt,Germany,Germany,Port of Hamburg,Bremerhaven,1541.76,2,High,83
0a5562be-e0a7-4ff9-8084-760e20247515,Delhi,Incheon,India,South Korea,Nhava Sheva,Incheon Port,10500.42,16,High,72
9555dd87-1351-4f68-9a35-0fdabdc036ad,Singapore,Osaka,Singapore,Japan,Port of Singapore,Port of Yokohama,1363.43,4,Medium,52
b7de9197-3d46-48b5-830e-8186b768344b,Incheon,Shenzhen,South Korea,China,Incheon Port,Shanghai Port,7080.4,16,Medium,66
767ec4ec-02e1-4d55-8dde-620eb8d5e0e5,Manchester,Chennai,United Kingdom,India,London Gateway,Nhava Sheva,11372.15,22,Low,36
db6e9e10-6dd4-4c75-9c29-e1f9b6cce3b3,Amsterdam,Osaka,Netherlands,Japan,Port of Rotterdam,Port of Osaka,3440.68,11,Medium,45
11704d29-eaed-4a11-aef7-988061c31d58,Amsterdam,Busan,Netherlands,South Korea,Port of Rotterdam,Incheon Port,7709.1,18,High,88
d5b9b95d-7e33-4ed5-842d-2c3fddd236a1,Frankfurt,Abu Dhabi,Germany,UAE,Bremerhaven,Khalifa Port,10560.06,23,Low,36
6fd5cb5d-43cb-43a0-8aa0-c26ac63ac886,Hamburg,Rotterdam,Germany,Netherlands,Bremerhaven,Port of Rotterdam,4811.09,10,High,72
e975ea1c-22d7-4e6c-be4d-573988d8b6e9,Shanghai,Mumbai,China,India,Shenzhen Port,Chennai Port,4031.25,10,Medium,50
be4f26c9-f56d-4f7b-abfe-210d5ea5731c,Abu Dhabi,Hyderabad,UAE,India,Khalifa Port,Kolkata Port,4445.69,10,High,77
16ce2987-975b-45cf-880d-0882e8bada5d,Abu Dhabi,London,UAE,United Kingdom,Jebel Ali,London Gateway,12482.38,18,Low,17
bb4cb896-a8d2-4a7d-b3a2-a2f08f01cf02,Singapore,Hamburg,Singapore,Germany,Port of Singapore,Port of Hamburg,11528.46,22,Low,34
1d9a7927-4c56-407c-8575-dccc2e4df795,Frankfurt,Busan,Germany,South Korea,Port of Hamburg,Port of Busan,8677.29,15,Low,26
0938bf23-fa0e-4e29-b996-4961d14880be,Yokohama,Incheon,Japan,South Korea,Port of Osaka,Incheon Port,9056.76,15,Low,26
7991b0ba-e2e1-4597-a0af-2642827cf5d5,Amsterdam,Kolkata,Netherlands,India,Port of Rotterdam,Chennai Port,6313.06,13,High,65
ce53b5fb-0066-47bd-b893-062ae1225092,Amsterdam,Tokyo,Netherlands,Japan,Port of Rotterdam,Port of Yokohama,4096.6,8,Medium,53
aabef4d9-34a5-44ed-afb2-a5f2cf03074d,Seoul,Frankfurt,South Korea,Germany,Incheon Port,Port of Hamburg,10480.39,19,High,69
a9e93f52-1957-428f-860d-f4dc14cc7159,Rotterdam,Felixstowe,Netherlands,United Kingdom,Port of Rotterdam,Port of Felixstowe,619.36,6,Medium,46
9cc10c68-9bf3-4abf-9473-ce09d1506c81,Frankfurt,Manchester,Germany,United Kingdom,Port of Hamburg,Port of Felixstowe,11509.59,21,Medium,64
8b0c9b57-a688-44d3-abd8-f169cc4c6eb0,Chicago,Amsterdam,United States,Netherlands,Port Houston,Port of Rotterdam,560.55,6,Low,43
ad32a614-be3f-450a-aac9-a878fd243985,Tokyo,Hamburg,Japan,Germany,Port of Osaka,Bremerhaven,9637.91,15,Medium,42
c9769078-6c36-496d-8e29-36317d40c7b9,Osaka,Hamburg,Japan,Germany,Port of Osaka,Bremerhaven,6126.85,12,Medium,64
746e00e3-9267-4225-a7c7-8d721ceb95d2,Felixstowe,Incheon,United Kingdom,South Korea,London Gateway,Port of Busan,4894.58,9,High,83
b286e22f-0797-44c1-804c-f6e23e2191b9,Singapore,Felixstowe,Singapore,United Kingdom,Port of Singapore,London Gateway,8456.66,17,Medium,51
ea438ee5-d988-4db3-b468-8be392906f2e,Ningbo,Rotterdam,China,Netherlands,Shenzhen Port,Port of Rotterdam,474.33,3,Medium,40
7089018c-ef42-4f35-ba46-f6baa6ed1479,Bremen,Los Angeles,Germany,United States,Bremerhaven,Port Newark,2834.71,7,Low,34
e70f6d11-9e42-4851-a33a-83d354ddf329,London,Tokyo,United Kingdom,Japan,London Gateway,Port of Yokohama,962.87,2,Low,26
1ab7c95c-a023-498a-89d0-13cc936de0db,Rotterdam,New York,Netherlands,United States,Port of Rotterdam,Port Houston,2291.8,3,Medium,50
797c8f84-2976-4ac3-9aaf-c3aa826cc1ea,Sharjah,Singapore,UAE,Singapore,Khalifa Port,Port of Singapore,1230.67,5,High,62
53bd3cc2-0df3-4540-87e1-01c741850595,Tokyo,Dubai,Japan,UAE,Port of Yokohama,Khalifa Port,11661.59,20,Medium,40
94bf7778-830c-4aec-a821-ec490a11da35,Dubai,London,UAE,United Kingdom,Khalifa Port,London Gateway,490.01,4,Medium,64
d7033697-6f27-4000-baa4-33ab9aa0c821,Frankfurt,Singapore,Germany,Singapore,Bremerhaven,Port of Singapore,10140.67,21,Medium,54
6d251e79-34f0-416b-b975-b1167f3e93e8,Bremen,Delhi,Germany,India,Bremerhaven,Chennai Port,3618.35,8,Low,40
094344e4-83bb-45e7-9181-e78135c1084f,Delhi,Mumbai,India,India,Chennai Port,Nhava Sheva,1969.0,6,Medium,51
c11bc207-e07c-4da3-abbe-13f692249ae2,Abu Dhabi,New York,UAE,United States,Jebel Ali,Port Newark,3100.73,7,High,83
bb983f47-f38e-4ea7-a3b9-6066e9c21f46,Amsterdam,Incheon,Netherlands,South Korea,Port of Rotterdam,Port of Busan,10808.48,21,Critical,89
9cd1a3fa-fec1-47ae-b49a-9c20de07cddb,Yokohama,Chennai,Japan,India,Port of Yokohama,Chennai Port,8987.62,19,Medium,66
d49cd2e7-7a12-413a-81c8-61ca3d4b8581,Shenzhen,Singapore,China,Singapore,Shanghai Port,Port of Singapore,2729.28,9,Low,20
99f03048-c674-43c0-b937-94a1ab0e8a9b,Rotterdam,Abu Dhabi,Netherlands,UAE,Port of Rotterdam,Jebel Ali,7525.07,16,Low,25
91d9b05b-62e1-4118-94c8-5a3f5b9052e1,Chicago,Ningbo,United States,China,Port of LA,Shanghai Port,1336.13,4,Low,35
b6a21017-6ed1-4da4-9461-97ff5b444446,Osaka,Chicago,Japan,United States,Port of Yokohama,Port Houston,4467.84,10,High,63
0cf4f06c-2af2-4b47-b1c2-75aaf8cde011,Rotterdam,Frankfurt,Netherlands,Germany,Port of Rotterdam,Port of Hamburg,9195.04,23,High,73
cb017daa-c02d-4fda-bfe8-e33d35c9cb59,Rotterdam,Shenzhen,Netherlands,China,Port of Rotterdam,Ningbo-Zhoushan,3532.78,12,Low,42
8379cf40-81c6-4d2e-927c-87ecbba5bc09,Seoul,Frankfurt,South Korea,Germany,Port of Busan,Bremerhaven,12355.21,18,Low,32
b426deb2-2c1b-4c97-aa41-deacc006861f,Mumbai,Shanghai,India,China,Nhava Sheva,Ningbo-Zhoushan,7131.17,9,High,76
dcdfb774-0c70-4cc9-9df8-8b716f11e0fa,Kolkata,Guangzhou,India,China,Nhava Sheva,Ningbo-Zhoushan,310.1,2,Low,21
0ffd828b-b6f5-4906-9f16-4fe81045f08c,Singapore,London,Singapore,United Kingdom,Port of Singapore,Port of Felixstowe,5105.0,14,Medium,39
98cf913c-f386-4369-904f-f4a484840221,Seoul,Dubai,South Korea,UAE,Incheon Port,Khalifa Port,6990.67,14,Low,16
4891ede5-6852-4443-991f-c0c32ae226ee,Bremen,Frankfurt,Germany,Germany,Port of Hamburg,Bremerhaven,980.55,2,Medium,36
4bd7d5ba-e58f-4e02-b238-e5b14acbf230,Ningbo,Shenzhen,China,China,Ningbo-Zhoushan,Ningbo-Zhoushan,258.46,1,Low,41
00dad161-96fd-4352-accc-9ae0606a93c4,Amsterdam,Hamburg,Netherlands,Germany,Port of Rotterdam,Bremerhaven,11443.83,18,Low,41
c44cbef4-da6c-44c3-a3e9-bfe762260566,New York,Kolkata,United States,India,Port Houston,Kolkata Port,12433.29,19,Medium,54
af8b547d-bfdd-433b-96eb-8c0e3c3741e0,Kolkata,Singapore,India,Singapore,Chennai Port,Port of Singapore,5097.83,9,Medium,66
d6f1f912-a58b-45a2-8c4e-72d3d624ee6a,Hyderabad,Shenzhen,India,China,Mundra Port,Shenzhen Port,8541.54,12,Low,28
615677fd-600b-4198-85a4-86dda083bc24,Guangzhou,Shanghai,China,China,Shenzhen Port,Shanghai Port,1590.05,5,Low,19
26ff1488-b343-46b9-9dae-1f72e6c8d752,Osaka,Incheon,Japan,South Korea,Port of Yokohama,Incheon Port,819.9,5,Medium,51
1465b57f-3f0a-4905-9ab6-d54bf3284422,Hamburg,Kolkata,Germany,India,Port of Hamburg,Mundra Port,2879.8,4,High,64
a592fdea-b7b7-4ea3-a51d-168688842825,Felixstowe,Busan,United Kingdom,South Korea,London Gateway,Port of Busan,7208.54,13,Medium,54
a803128c-8de3-41c8-9ec1-58f15f5c103a,Amsterdam,Manchester,Netherlands,United Kingdom,Port of Rotterdam,Port of Felixstowe,2007.1,4,Medium,51
b08f17b0-c962-47fb-935e-52bb23f329eb,Sharjah,Dubai,UAE,UAE,Khalifa Port,Jebel Ali,754.7,6,High,79
b90b5c46-c557-45e9-bfd5-fcce271bc124,Chicago,Frankfurt,United States,Germany,Port Houston,Bremerhaven,895.81,3,Medium,44
a8e4a761-763c-4e7f-b603-a28424717e6b,Felixstowe,London,United Kingdom,United Kingdom,London Gateway,London Gateway,1576.7,4,High,82
ac5b079a-da3b-4b96-be90-2c8bf4400ec9,Felixstowe,Osaka,United Kingdom,Japan,London Gateway,Port of Osaka,6326.7,8,Low,23
a3c9cd78-9a4a-48cd-b473-c618e28859d5,Osaka,Los Angeles,Japan,United States,Port of Osaka,Port of LA,3743.55,9,Medium,45
aed877c9-457a-4f0b-8f87-0fb9c77d3771,Amsterdam,Manchester,Netherlands,United Kingdom,Port of Rotterdam,Port of Felixstowe,7458.67,19,High,67
499ba263-1531-4046-9377-2cdbadf9938d,Singapore,Sharjah,Singapore,UAE,Port of Singapore,Jebel Ali,8784.11,13,Medium,38
04881884-8f62-471c-ae6a-c7c9e341926c,Shenzhen,Singapore,China,Singapore,Ningbo-Zhoushan,Port of Singapore,2409.6,5,Medium,53
f27e777a-b2f1-4980-90ce-0c8633fb30dc,Felixstowe,Rotterdam,United Kingdom,Netherlands,Port of Felixstowe,Port of Rotterdam,10649.95,17,Low,40
b0cbc10d-b8f3-4f00-b818-0f06e8f6c64f,Chicago,Seoul,United States,South Korea,Port Newark,Incheon Port,3319.91,7,Low,40
71b0818f-cdbc-4f9a-891c-3d090b0d3fe5,Seoul,Houston,South Korea,United States,Port of Busan,Port Newark,7226.1,13,Medium,47
b0920389-346a-41f0-bf84-ced8311ed416,London,Singapore,United Kingdom,Singapore,Port of Felixstowe,Port of Singapore,695.43,3,Low,30
f833fe26-70ad-4bb2-8d6b-9d56340217e6,Mumbai,Shenzhen,India,China,Mundra Port,Ningbo-Zhoushan,6318.51,11,Critical,85
138319af-bdd5-47c4-8914-84f2c8de7bcb,Seoul,Rotterdam,South Korea,Netherlands,Incheon Port,Port of Rotterdam,2255.48,4,Low,36
ce7df630-824c-4eff-88a7-658bab79ccfa,Los Angeles,Singapore,United States,Singapore,Port of LA,Port of Singapore,11818.61,19,Low,23
6c482b20-3a75-4680-968d-6cf32fcd7e2b,Los Angeles,New York,United States,United States,Port Newark,Port Newark,853.85,6,Medium,48
333d6484-7a54-470c-9cf0-9ea9568b7f60,Singapore,Shenzhen,Singapore,China,Port of Singapore,Shanghai Port,3894.88,7,Low,32
649d3eb4-1bf9-4f2e-b143-07d745eaaf09,London,Los Angeles,United Kingdom,United States,Port of Felixstowe,Port of LA,5511.6,11,Medium,46
34bd8c60-9df0-42a0-9549-17121e3efa97,Ningbo,Sharjah,China,UAE,Ningbo-Zhoushan,Jebel Ali,11344.54,21,Medium,50
05f7df0e-b78d-4905-9a6d-2052ae395538,Mumbai,Rotterdam,India,Netherlands,Chennai Port,Port of Rotterdam,800.4,3,Low,39
96fdf016-dd32-4e28-8d08-d2a1540a62d4,Sharjah,Los Angeles,UAE,United States,Jebel Ali,Port Newark,269.6,2,Low,37
08487708-a4e3-438a-af40-c362f4775bed,Houston,Seoul,United States,South Korea,Port Houston,Port of Busan,4662.11,10,Low,37
79768994-ccf8-4255-a8f0-639cd78801a1,Seoul,Singapore,South Korea,Singapore,Incheon Port,Port of Singapore,1972.87,4,Low,25
17f8bc9c-14e1-4c83-98d5-fe4d738c9bc5,New York,Los Angeles,United States,United States,Port Houston,Port Newark,2056.79,5,Medium,44
e7c0c294-b662-4a43-96bd-4b9b2f457a54,Houston,Felixstowe,United States,United Kingdom,Port of LA,London Gateway,3809.41,11,Low,34
c274a5b1-fd24-4d64-8692-5b9f7f7539e3,Rotterdam,Kolkata,Netherlands,India,Port of Rotterdam,Kolkata Port,4490.97,7,Low,39
e8a068e7-0926-4899-baf9-ce2cdd7251ff,Bremen,Seoul,Germany,South Korea,Bremerhaven,Port of Busan,9136.39,16,Medium,42
b8d2f8bc-cdf5-4e3c-8b9c-f165bc3dbe81,Singapore,New York,Singapore,United States,Port of Singapore,Port Newark,1880.53,7,Low,37
cbe4f57a-0fd2-4fcb-818a-c3fc64371a2d,Shanghai,Osaka,China,Japan,Shanghai Port,Port of Osaka,12174.62,25,High,80
08213050-7358-40a5-8b33-6d76c8730335,Yokohama,Incheon,Japan,South Korea,Port of Yokohama,Incheon Port,2728.37,4,Low,30
8fd6cf4d-8aab-4260-a3e4-0d1ba8e78ac9,Amsterdam,Abu Dhabi,Netherlands,UAE,Port of Rotterdam,Khalifa Port,11523.19,25,Low,44
314f8893-406c-4dd6-944c-8e2921948b7b,Abu Dhabi,Shanghai,UAE,China,Khalifa Port,Shenzhen Port,10038.8,17,Low,36
f1e55549-35ff-450d-9843-c02ccd3cfc4b,Rotterdam,Felixstowe,Netherlands,United Kingdom,Port of Rotterdam,Port of Felixstowe,9529.03,18,Medium,56
5c0ab5ae-ce1f-482b-aa48-3153032e81d7,Singapore,Houston,Singapore,United States,Port of Singapore,Port Newark,2698.49,8,High,65
cc2a7997-6a4b-4659-97a8-72ed400db5e0,Hyderabad,Houston,India,United States,Kolkata Port,Port Houston,11882.77,18,Critical,98
7e4a344c-5aa6-40a4-8372-df422cc52e5e,Seoul,Busan,South Korea,South Korea,Incheon Port,Incheon Port,169.68,1,Medium,39
9d98db99-c5d8-47cd-9238-28eeec1fff5d,Seoul,Tokyo,South Korea,Japan,Port of Busan,Port of Yokohama,806.61,3,Medium,58
fc021864-24d2-465f-bcfa-5d8fc27175bf,Manchester,Tokyo,United Kingdom,Japan,Port of Felixstowe,Port of Yokohama,8420.6,16,Medium,66
95a3fee2-6bb4-4604-afbc-6a9a93d25aa6,Incheon,Guangzhou,South Korea,China,Incheon Port,Ningbo-Zhoushan,9897.81,22,Low,31
d1a30639-f5d8-4d7d-8add-dec16d4eba27,Amsterdam,Abu Dhabi,Netherlands,UAE,Port of Rotterdam,Khalifa Port,2526.18,8,Low,27
5c6849f9-ce72-41a8-9bce-65d5b4c2c6ef,Hyderabad,Tokyo,India,Japan,Kolkata Port,Port of Yokohama,1765.15,5,High,81
34178456-46c5-4020-a749-2ff8b4716983,Ahmedabad,Amsterdam,India,Netherlands,Kolkata Port,Port of Rotterdam,6225.25,9,High,83
05256e0f-86e9-4f05-96aa-9f2fb9bba05f,London,Chicago,United Kingdom,United States,London Gateway,Port Newark,7973.14,14,Low,41
c1902672-749c-4e33-8f05-f95ad0f82d8f,Mumbai,Seoul,India,South Korea,Kolkata Port,Port of Busan,10185.45,21,High,66
78190edc-edba-4b02-95e7-c3c1483fb98c,Seoul,Abu Dhabi,South Korea,UAE,Port of Busan,Jebel Ali,795.71,4,Low,32
134d55e8-bcf5-4746-8af5-42b77bafb7c6,Singapore,Yokohama,Singapore,Japan,Port of Singapore,Port of Yokohama,9496.94,24,Low,17
9b8aeb57-089d-4500-87bd-b39554762be9,Bengaluru,New York,India,United States,Mundra Port,Port Newark,9979.22,17,Critical,98
6ba77678-94d4-4d84-84cc-7e9ab19a1219,Seoul,Felixstowe,South Korea,United Kingdom,Incheon Port,Port of Felixstowe,3256.65,8,High,67
b57be5d4-062c-4144-90a4-cd3899964e1c,Kolkata,Singapore,India,Singapore,Chennai Port,Port of Singapore,5261.78,12,Low,15
53416b10-0b96-4fa7-a964-3d291097acd7,Hamburg,Sharjah,Germany,UAE,Port of Hamburg,Jebel Ali,2746.69,5,Low,29
46fcbc6c-e7bb-4012-a448-cb6560cd3b10,New York,Tokyo,United States,Japan,Port Newark,Port of Yokohama,9947.85,15,Medium,56
08ac472d-407c-4a2c-b4c6-aeb12d7fc0d6,Manchester,Kolkata,United Kingdom,India,Port of Felixstowe,Chennai Port,11288.65,17,Medium,65
ee72fe6e-f0ee-48d0-a230-90a303e9c78e,Singapore,Mumbai,Singapore,India,Port of Singapore,Chennai Port,759.92,3,Critical,89
9a99e428-10f5-4b9a-a283-735ebc923087,Sharjah,Rotterdam,UAE,Netherlands,Khalifa Port,Port of Rotterdam,8181.38,14,Low,42
ee664093-c095-4621-987a-2c1c58e2b411,Hyderabad,Los Angeles,India,United States,Nhava Sheva,Port of LA,7080.76,16,Critical,86
ce89f9ae-62bf-4453-846d-7324b2b6a24b,Felixstowe,Singapore,United Kingdom,Singapore,Port of Felixstowe,Port of Singapore,8766.76,13,High,60
489d18fa-3584-4f38-b123-38569b791965,Dubai,London,UAE,United Kingdom,Jebel Ali,London Gateway,8043.98,20,Medium,43
111835c8-4fe2-48ad-a3ff-8d60f6b96e41,New York,Manchester,United States,United Kingdom,Port Houston,London Gateway,1608.99,5,Critical,97
b0979f4e-8966-4231-9678-088da4dd0d06,Incheon,Delhi,South Korea,India,Incheon Port,Mundra Port,9903.83,19,Low,42
09460410-a4bc-4618-9933-c1712debfe54,Singapore,Houston,Singapore,United States,Port of Singapore,Port of LA,4524.73,10,Low,27
8f416502-7073-4a09-8a93-f75f0a2dce05,London,Singapore,United Kingdom,Singapore,London Gateway,Port of Singapore,1219.89,2,Medium,66
b526cc6b-27f2-429f-ae0d-cd120956f1bf,Seoul,Singapore,South Korea,Singapore,Incheon Port,Port of Singapore,8727.58,14,Low,27
3df4d733-927e-470e-9831-204c20f2085a,London,Manchester,United Kingdom,United Kingdom,London Gateway,London Gateway,1271.27,4,Low,40
515024f3-ddd0-4fd6-adcd-7e2bb39b05b9,Busan,Los Angeles,South Korea,United States,Incheon Port,Port Houston,5276.67,11,Medium,65
580935d2-bfc6-45de-b2de-7e090b130aba,Bengaluru,Singapore,India,Singapore,Nhava Sheva,Port of Singapore,9676.56,13,High,70
f1896d4c-fe88-49b7-9c9d-e4208f2177f6,Seoul,Hamburg,South Korea,Germany,Incheon Port,Port of Hamburg,1750.07,6,Medium,63
30e97b18-fa11-4d01-97e3-6418bf71b94c,Singapore,Chennai,Singapore,India,Port of Singapore,Chennai Port,8243.29,13,Medium,42
c1f6e24a-885c-4ed3-b4d9-96c9c1787233,Felixstowe,Incheon,United Kingdom,South Korea,London Gateway,Incheon Port,12111.98,18,Low,27
5b79094b-384d-4fcd-8d2b-b64975f6793d,Singapore,Bremen,Singapore,Germany,Port of Singapore,Bremerhaven,6626.07,15,Medium,41
3cb41a38-a6dd-4181-9ae0-a2c7b745cbc1,Los Angeles,Guangzhou,United States,China,Port Houston,Ningbo-Zhoushan,11535.71,22,Low,35
a0b40b32-c37f-4f70-aa08-1c36881695bf,Guangzhou,Hyderabad,China,India,Shanghai Port,Nhava Sheva,5911.32,15,Low,43
75b7e005-cebf-46c1-9b2e-9c0fa42b6a66,Singapore,Osaka,Singapore,Japan,Port of Singapore,Port of Yokohama,6729.74,11,Low,17
b63f946a-b9b3-4f00-a201-b9312105b1d2,Rotterdam,Manchester,Netherlands,United Kingdom,Port of Rotterdam,Port of Felixstowe,2888.88,6,Medium,36
20c11d7d-8546-4ce6-b793-2f8532e0a10f,Frankfurt,Kolkata,Germany,India,Bremerhaven,Kolkata Port,8015.66,11,Low,37
