history_id,shipment_id,actual_delivery_date,delivery_status,delivery_attempts
09a35845-c050-47bf-badb-06bc4fb95131,5fd50c5c-973f-43bc-a629-06e4b5cd541b,2026-01-13,Delivered,2
c565c006-cfaf-4723-a6bc-02a93924f3df,0b3e6b43-595b-47e2-b040-e49c8abc0fc3,2025-09-14,Delayed,1
9ebd52c3-5c48-4685-82ba-ddb07316ae87,eb90f8ca-5c5e-4cf8-942a-d65b9c1d8fd1,2026-04-15,Delivered,2
fa70e7f5-481e-4ef0-925b-859ff9e1c477,191fe38a-84f0-4897-83f3-9a017c58ff3b,2025-09-18,Delivered,2
7bafb062-044f-4bff-b6e2-e8d7df4aa928,7412c2d3-27ea-4c30-82a6-52ec50628f39,2025-03-14,Delivered,1
4b62ad11-6858-4e2f-bb51-e1d00228b2a4,73a69323-1d7f-42d2-849c-be60d0644392,2025-02-28,Delayed,4
2fa36a77-80df-4c3e-8c83-1d7cc61e190a,6cfe3c87-a603-4517-9471-1a5c2bff4922,2025-12-31,Delayed,2
986e5852-528d-40d7-8282-32ee88405f3e,944b0f0f-5828-4038-b55e-3782cd646852,2025-05-02,Delivered,2
04b756df-6cde-4720-bb39-1a20cab3d3ea,c4288638-6002-4895-b2a2-2532892a5873,2025-09-06,Delivered,2
7e75b1ac-5ce4-4c0c-80b0-0306b84cda4c,dc3c6115-c547-47b6-a02e-d6a0d3aab8cc,2025-11-23,Delivered,2
f64a4b24-1fb7-4a9b-8ce1-388946f53994,edfb13c9-5c5c-4efa-ac76-6a249f734b1b,2025-03-21,Delivered,1
0e883021-8a95-44c5-9a20-bf4e9771eca7,577c2cd1-818c-4499-be55-334e5e7baac5,2025-03-28,Delivered,2
698f515c-0245-4622-9968-67c8ad419415,ff378584-ae85-409c-9049-0d9b8b25a168,2025-10-14,Delivered,2
1fd2ac62-b503-4cf8-b66b-82b53f2b803a,780270c0-a7e2-4ac1-a62d-b9040b3a11bb,2025-03-03,Delayed,1
5c9269ab-39da-4230-b261-0f14922373a3,ea76f869-1f9d-43e9-9684-95e644434ab5,2025-07-02,Delayed,2
adce95e9-e186-4a1d-a051-f4b8930edfe6,e7e53f76-9c14-4422-af6b-a831187c2ea7,2025-02-19,Delivered,1
b0aa9792-180a-455e-81a0-2152ed562324,103b51ba-50c7-41ba-a79c-850e5c583c38,2025-04-20,Delivered,2
c4b9ca5e-a6af-46e6-b7a8-d32ddc056ffe,3ea44901-2d7b-4a8b-b93d-94466cf17827,2025-04-09,Delivered,2
43759aa8-47b2-4f98-acd4-e9e619c60b23,f00cca3f-8191-49ab-9441-e8534a7828fa,2025-07-11,Delivered,1
7825ea7b-f109-4627-ad4b-eac50fd3d005,ceba6c0e-8603-4529-9541-6e0f83ca1b4d,2025-06-04,Delivered,1
3358e0c1-e222-42a2-b43a-1ec4d875779a,c0d5bad1-7e77-47ec-9993-c00c937b14d2,2025-11-13,Delivered,1
03c9a85e-bfe5-429e-9179-0c7667bb48a9,6360b19c-ca79-450a-b40c-1a8c5da9f710,2025-05-05,Delivered,1
48658b77-4a20-4a96-82bb-aca3d39a6bde,d5fa79d0-4747-484f-a2f9-bd89e7ba0222,2025-03-28,Delivered,1
a273bc55-06f7-48ee-ba27-829f827bb714,66da8ae7-0799-4db5-a7e3-41587b2158bd,2025-11-18,Delivered,2
41da8110-a7fc-4038-8a58-2143c6278027,7c9c0f2b-dde6-4eb9-ac7b-7613ec28c744,2026-01-11,Delivered,2
2fec1b0f-2050-4c89-aef4-9ddf197e6e95,25cd962f-8773-4c20-9037-5e61103c10bb,2025-08-06,Delivered,1
b95b48c9-b901-4dac-a910-ea05b59f2309,75c53893-28b0-45be-9002-3e92f9ef35fe,2026-02-11,Delayed,2
f3ce2dd9-34d6-4653-832a-9b3bac5c7419,d11529e1-5c7f-40fc-b991-ce8c93690393,2026-02-12,Delivered,1
56708c25-ecdd-4efe-9974-a5cf484e8869,8e195477-b47a-43b5-aee2-ae6eae252d1b,2025-08-23,Delivered,2
d62b3650-c3df-40a5-b6a1-236cfd46789d,758f238c-3a26-41ba-95da-95105b09554a,2025-07-11,Delivered,1
19c4e4a6-58e5-4840-bd7f-5e60310d5276,dbdb1359-37c2-4acf-b855-1c7940b8a61f,2026-01-28,Delivered,2
c34278da-ce81-446c-83fd-b5c75caff739,4bd56ae1-e29e-4c5f-9020-8e22810b3a3e,2025-05-13,Delivered,2
3c3ae6d1-6c7b-48e4-b3e1-21ec28832e42,f9a5e338-612b-4277-b3e5-b217f5052b69,2025-06-10,Delivered,2
3f4d20bc-76db-4d79-844c-962a90f4d592,59c91d80-c10b-4ab9-a42f-6cca9997e1e2,2026-01-27,Delivered,1
da5d2260-dce2-4a2c-9259-a7d810b283b3,69f82d20-3011-42d2-b151-436ec9afbbbf,2025-03-11,Delayed,1
bb5b50a8-dafe-46bf-993b-9ede80498372,f2a2bec3-4db3-42a5-add3-99d1bbbe8df2,2025-03-08,Delivered,2
0aea339d-89f3-44c4-80e4-950a5e2b2715,7b48b5fa-3361-4369-b045-89bb5577482f,2025-03-01,Delivered,1
9ad600ed-a296-46a9-8b81-008ef62a095d,a0de7924-4f0a-41d0-9903-b102730aca78,2026-02-01,Delayed,1
561a3170-c5e9-46d3-8526-aaeef33e2425,d952f5ba-ce31-4a85-aedf-2e6c78bf7729,2026-04-15,Delayed,1
96763530-eae0-45ad-a2c2-dab4ec4c081a,e25e4fab-e213-4df1-847a-d9a004b6c672,2025-08-20,Delivered,2
5682c1b0-733f-45e7-8102-4754276336a9,1f111f2c-da6c-4341-b355-9ee0aadfeb06,2025-11-18,Delivered,1
97331eb9-f1f6-458c-a157-442dcbfb45a3,a2855800-6d8c-453d-9b65-6172d17010ac,2025-12-25,Delivered,2
3125ed5d-c45c-4dbe-95e3-15153a8133f4,3917879e-5ac6-4ddd-99bc-9888f03a0e9e,2025-04-16,Delayed,3
95d3a007-692e-4ca0-b54d-8e055a58cfad,7d02e36e-a619-44c1-a66b-aaa5a0cb18d4,2025-09-22,Delayed,4
60cfdf7d-a31e-4dda-9bb2-c4c31bac4e02,68e4edc0-29c1-4988-9448-356081077627,2025-05-04,Delivered,1
f213ad90-b474-416f-8802-d678702348cf,170afafb-872d-4662-9f14-b4987f59e842,2025-04-13,Delivered,1
f850e957-de5a-41db-a293-b8536f45ae57,7074da33-fe68-4549-bf89-24cdfef3d491,2026-01-20,Delivered,2
1ab9a70b-5231-4d15-9779-aead5194848f,3a3293bd-2446-4e5e-b733-51b076974f5b,2026-04-06,Delivered,2
396ce3d1-b96e-4fff-b396-1ed54d155c6f,4e9dabde-0ac6-4be4-a6aa-5cc697494340,2025-07-22,Delivered,2
28ff13b5-8afb-45ee-8db7-065ba9b1b49f,98324d21-e12f-4343-bb39-032e88fe450c,2025-11-13,Delayed,1
c028662c-5f85-4dc3-a607-1d0ea4cb9743,88b6ab28-a0b3-46e9-8ccc-f58591f82d81,2026-04-08,Delivered,1
8aa3fddf-4646-41c0-9666-f02e03ee4407,b3b913a6-8ff0-4ee2-8721-f893c7da1009,2025-08-01,Delivered,2
f5d04781-00b3-4e6a-8ccf-a90a448642ff,699f3484-2724-4b99-ac15-3906aba97694,2026-03-22,Delivered,1
a298d720-8047-4e91-a994-361e6982d34c,ff7e3bb6-2076-4867-9636-6f913b44a651,2025-06-01,Delivered,2
f1bb8101-87b2-45c4-bc84-ddb46197683a,b0a5ff2b-f3bf-451b-8ee6-e857d16f3cb6,2025-01-19,Delivered,1
9280ce1a-25c9-4644-a594-1064978e243d,4dbfd38b-cee2-4a3f-a804-52da0a988559,2025-05-14,Delivered,2
71989e12-67bd-42c5-be96-c4a973175d32,847a9bf6-9ae6-4534-a200-b959e160efb4,2026-04-07,Delivered,1
2cbc76e1-7e67-4b8a-a562-be0d48a8d7fe,ecec55c9-5d3b-4ba1-ab82-666d094926d6,2025-01-22,Delivered,2
c9524c6a-5285-4f12-8bfd-e3007ad0614f,2faafcde-f35e-46e8-b280-c466737f1482,2025-11-17,Delivered,1
d9b89c9b-888a-4707-be22-758b57fe1e1d,cc4c4a90-28dc-47b2-9ab6-ce35bec68d7f,2026-02-21,Delivered,2
8f14bd6a-2876-4bd7-b520-b8038d3ab368,744ed46c-295d-4390-9caa-093ca2495fab,2025-05-14,Delivered,2
c2d8556c-ca5f-4cc6-9002-0ce82c47f5a0,2578b7ee-86ca-4958-bf98-2d545f7ddcf8,2025-06-29,Delayed,2
c6d17f8f-24ce-4e86-a785-bd5d2628a0b9,70c23394-2977-4cb4-934c-d4030f5bc6e3,2025-10-07,Delayed,3
460a0bf6-68e0-4571-be6b-b61710170129,715136db-3320-40a5-86f5-0bfd263bf377,2025-11-07,Delivered,1
e0d87669-60a4-43ad-ae7b-6c7184bf711f,cb9bebd6-fcb6-4013-96ae-edcc47a6b371,2025-02-02,Delivered,2
6c3a4d12-f4d5-411d-a198-040f6549f3ba,f3de0f6d-532f-4411-873e-efa5a84d38b8,2025-05-05,Delivered,1
e8cd9689-403a-4d36-b45b-368a1f1de4a5,f41b5733-7e43-4a47-a9f7-0657177811bf,2025-03-17,Delivered,1
96de9b55-f9a9-42a0-99b7-c89a12c41c87,8f3dbd71-f84c-4307-84bf-5ae2671ddeb4,2026-03-15,Delivered,1
877ae791-cf77-46be-950d-1f537fa4e878,ff2d7e0d-fb4e-4f13-a7ec-c7ed28e25dff,2025-09-23,Delivered,2
b23bc0e5-8539-4c5e-8cac-038fe3770625,24f8a30d-e315-4d56-b7ea-f554a2304c7b,2026-01-08,Delayed,1
aa8c7a94-550c-4600-b812-189209971d7c,7952cdbe-1975-4e37-b276-5dec6efd27e4,2026-03-15,Delivered,2
37f14649-16e3-436f-ad01-003273e5108e,fecbed5d-64fa-405c-9757-f0bd01463311,2025-11-19,Delivered,2
15d9bd6f-bad5-4505-b77f-86c2a3bd1789,c7572819-1b8e-4dec-a323-4839f35b9d57,2025-07-03,Delivered,1
25abade4-8e07-41ed-acd4-01fca20b60f0,6887de15-06ee-4673-ba72-e2cc7e3ec8cf,2026-03-09,Delivered,1
10c6d966-3750-488b-886b-bdbb22c4e618,a740adba-3b5f-4cb3-903d-2ad8fb7293fe,2025-08-08,Delivered,2
a88f6563-3047-4013-9e6d-13e4351d523e,9621f665-d763-42dd-acc2-43a9d45b5cb5,2025-12-22,Delivered,2
4cc4cb17-e824-4e70-88d6-f0d57c6c1dd6,9f01265b-4a54-4451-973b-73cf77b988ab,2026-04-06,Delayed,3
dc3444b5-aed1-411a-9027-30b58775e9fa,73a57c86-a9b9-4415-add9-d514ddacbb83,2026-03-09,Delayed,3
03c05be1-85cf-4bda-8c91-0ce304b518d7,282d71aa-3f2e-4673-9325-e12dd9930501,2025-06-15,Delivered,1
0e475fe2-637d-4bea-9c2d-f5f106583737,1d103414-954f-4eba-9cca-3513d94f185b,2025-07-23,Delivered,1
6f9fbb07-1210-4744-8f7e-31307902cdfb,8f6bb357-8979-420d-b34f-021754181e92,2025-11-18,Delivered,1
1302dfc1-2b11-4100-a240-31b6fb611ae4,735690b6-08fd-4795-9d92-42a02cd6cf39,2025-08-03,Delivered,2
8db9e1c0-5153-4893-8cd4-82f5ec2313ae,f4e4049b-62b8-4ed4-90ce-e4593cefc39a,2025-09-11,Delayed,3
9f1f45fd-45ce-4def-8954-8fb19bc324fd,2137e0c0-358f-46ba-8062-8a5d333fc4aa,2025-12-13,Delayed,4
7ac448f9-c060-442a-a9ec-50dce98f4890,77042492-10e8-4d2f-98df-681e827902fc,2025-06-15,Delivered,2
8c69b6d8-896f-40b7-984c-8bd2a4851323,b3df8660-9386-411a-8547-4d3aa2327473,2025-08-01,Delivered,2
9e10f452-9f3a-4a7d-b9d5-a75210e590a4,5b7b4264-dd7b-4b95-a6cf-6b0534504fdc,2026-02-26,Delivered,2
7c0805f8-3772-434c-9588-d6efae7be8c0,4c163820-db8e-40e7-b7ec-8ec7c84e0af0,2026-04-03,Delivered,2
54d779b4-bfae-41bb-b95c-be37fd14fdb8,b98d371b-37ca-4137-8fbf-74297c62edb8,2025-07-16,Delayed,1
ae887368-d23b-4db1-8225-6c429172ca42,61c84b62-78ef-4cb7-a663-f39043b6932b,2026-03-13,Delivered,1
e2122577-8b7f-4767-b53b-d04bf3081109,bb911ae9-ce71-4182-9d66-60903a146a66,2026-01-30,Delayed,4
fd59e5d9-5394-4538-bedb-4404ef7ae39c,62440e07-623a-4a0f-833b-be39b3b87021,2025-01-16,Delivered,2
6503beaf-29b6-4abc-bb77-672c41810c55,6e6e339e-c6fc-4c9b-88d2-b583ab68123f,2026-04-04,Delivered,1
4453e97b-0d2e-46c0-8d54-e98970cee66c,19e1f6c3-cc16-47c5-afa2-67a112dc38b9,2025-10-28,Delivered,1
a0385f00-197b-4735-995f-5eb6ddd694b9,22ce524a-bee2-455c-8e32-7b1d10ffb469,2025-06-13,Delivered,2
3f11b228-26a2-4a5f-8450-9e99649f41a8,0e1a2bc7-02b3-45c2-b4fa-7bf984f619b1,2025-12-10,Delayed,4
bd33cb21-ae6d-4a58-8f22-6f4991396ae6,050211cd-c661-4952-8bd5-88be9a5947f0,2025-08-31,Delivered,2
054fb10e-c50a-4d71-86dc-ea6ab64df822,897ca402-b3fa-44c8-ac47-87e5d94f2df1,2025-03-07,Delayed,3
fd293bae-2bca-47cf-95b2-b76ba26af6af,cc75ce93-bd4c-405f-82d7-e5d1a1db1036,2025-12-01,Delivered,1
a71115dd-743e-4c6b-bc0f-dcd8cc286903,f85c2b57-af91-46df-945d-4b6e3bacb5b0,2025-12-31,Delivered,1
c6a3218f-81e1-408d-afe2-388a2f219ba3,86c656b4-62ff-41a2-9ea9-91c840773779,2025-09-25,Delivered,1
9ac22445-c221-460c-a1bb-5a3e0c8d3f1e,36f4b0ad-ce62-4763-a14a-e9d85da9f38c,2026-01-28,Delivered,2
b2cb24d0-7e6f-49a1-911e-583849da9df0,eccc4c47-7691-4b51-9faf-9d1d84d4e107,2025-01-14,Delivered,2
1ed2fc8d-e807-459d-af64-68ef5683d880,6ffe957b-b09f-477e-a1cc-1da110d7237d,2025-11-26,Delivered,2
fdac8e9b-6bf7-4059-9e5c-5a25fe423844,efc80eed-fe4e-4694-969b-03a59afce486,2025-06-29,Delivered,1
f6baa33f-1217-4cdd-93ee-4a68966b1ddd,1d366930-792b-4b94-99a9-ba38ba5e96d4,2026-01-02,Delivered,2
699bd7b8-3aa7-43e6-a6d2-8bf91e0bcb33,41493121-5cc7-4f47-94e9-1139e7b5a6b5,2025-11-26,Delayed,3
21d252ee-30cc-4a49-9bfa-23cf0be5a0c9,9d23603f-94c8-4e46-8d5f-e20d9a6b81cc,2026-01-11,Delivered,1
457c4d92-83af-472c-8848-fa88a0aba64c,844b2602-5314-47e6-bb1a-bfeee14931f8,2025-12-06,Delivered,2
ba7e081c-e79f-4acd-aa89-55b3777a32ab,16cca165-c838-440a-9dca-556dc15aad9d,2025-06-03,Delivered,2
118d5bce-da2d-4100-97c3-da86967f822a,39932988-054d-4910-9304-0746b1b12914,2025-08-11,Delivered,1
288642e9-b689-434a-9c9c-05ba1e64814d,26a95fdf-ddef-4105-972a-426238762004,2025-10-02,Delivered,1
c77187ad-fd71-4d5b-a354-982a00741a49,bbf71d98-b9e8-4987-9312-6b84917c2a1f,2025-05-22,Delayed,2
0c5eeffe-4bac-496f-b8fd-2580e18b5cb4,a4144a91-be27-45ba-8bb8-acca81536150,2025-01-29,Delivered,1
c5a94b97-1846-45bc-a6f1-000db5ad53c6,48ff7a38-a5ed-45a3-9586-c226fc40e789,2025-06-09,Delivered,1
bc7c7488-2b3a-497a-a882-b6b09f9e93e4,7d56b23f-e62c-4d4d-a38f-b00c5c106245,2026-01-09,Delivered,1
97a3f310-8f9d-468e-82c0-e629bb3c01e8,a313eaf1-7a32-4876-bad6-62663df8774d,2025-10-12,Delayed,2
43fd0db8-e40f-4d63-9d3f-3bb18cc1e546,50d18249-69d5-4860-8f62-af4c2c195077,2025-05-27,Delayed,4
f2f3ed36-b8c4-4a94-b948-69aace263fd9,0debc6eb-f0bc-440c-8c95-1c15758a8f5f,2025-09-08,Delivered,2
a838e543-4701-43ad-a8d6-a111b2b83449,223dabe5-8aa6-42c4-b44a-070d0123c8a5,2025-12-20,Delayed,3
763cb342-d1c8-43ec-9e92-f31bbdca78be,f6c3fdc5-9b4f-490d-a76b-3dcb566333b7,2026-02-04,Delivered,1
4f35cab7-c49c-4d48-8e9e-c607248c3f36,19439d31-1c90-42d8-81e7-ff163ca7bfbf,2025-08-29,Delivered,1
7418b571-5fb8-4d48-acda-e2da5ae0259a,7d306728-54a9-40ae-a160-97f73e0ff2c4,2025-08-25,Delayed,4
ac138b91-b9b3-40ab-ad10-14b2db1c91ce,4868dfef-5d3d-4374-957e-a7ccbc59fc7b,2025-12-31,Delivered,2
740a93f9-45b1-488c-aa86-b9fdd2947934,f6859e8c-194e-497d-bca9-948b23f5bf2a,2025-04-19,Delivered,1
9cc9c3a2-4fcd-4feb-9d40-23527150702f,3df2c137-16a6-4cd6-95b4-8a27b810e8cc,2026-02-13,Delivered,2
fd6df08a-7727-46e5-a8a4-557934424ace,448bbd2c-7655-4eb8-b529-40d1ab659108,2025-05-04,Delivered,1
2f68abbf-0bc0-4b62-ad80-7d0d3de436f1,4fb21a69-05f1-4603-9592-96be697d7922,2026-02-27,Delivered,1
7408d3f6-fc1c-4af9-a561-1707a1b25c37,032f0aeb-c797-445d-b681-5b79eef0c3d8,2026-03-10,Delivered,1
182ce96a-a16c-4a74-b6be-0facb8dd02b3,a92ba009-2bfe-4eb5-bbf8-28032eaf4213,2026-01-27,Delivered,2
5a99411d-5847-4885-a646-d1cb384e2e58,cc31e987-37bb-483a-a89f-d76c2f1eea28,2025-12-06,Delivered,2
d745796e-ed74-43ef-be7f-b9fd436b1d4a,a0920ce4-a13c-4422-81a2-6e920bacb557,2025-07-18,Delivered,2
8a25c02c-79e9-4d83-a946-2c2e9ad46f60,aa2b1747-5be4-4d44-b95d-acc224e0a715,2025-02-20,Delayed,3
9f22260a-ff48-4972-a317-10fcd2ee5043,bc7f9cad-8424-4dde-93a6-45de3600ec56,2026-01-03,Delivered,2
8f364c62-3cef-4736-a090-e00045c46232,0c20978b-c412-4c66-853b-e8d58f289d85,2025-02-19,Delivered,2
583d9a25-95a1-43e9-94bb-4c8b45027091,7b24dfe5-2e67-4b11-b44b-99cbd8f76a66,2025-08-27,Delivered,1
8d2ad5ce-94de-4f7d-9e02-a9d129d91c7e,f1a051a7-c36b-408f-983d-4832aed2c367,2025-12-04,Delivered,1
6ac7ff7c-6879-4384-8bb2-c9d30b441490,1f09db39-806f-4bbb-a345-63cbcc66c1f1,2025-09-09,Delivered,2
5922d8af-1ddc-4364-9802-8b86f9677945,fb4ff83e-308f-4306-ad20-602bab999019,2025-07-22,Delayed,3
d609bb91-f096-4861-9d8b-22ccdc12e815,82e46c05-0474-47d1-b8ee-636e5744e52d,2025-12-19,Delivered,2
9f1a548e-1b0c-4cc6-bfbe-be1af5ffebb6,03493b3a-625f-4934-85f9-bec7f07481c8,2026-04-08,Delivered,2
ebba7e4a-5aa1-4e4b-9768-86a6cc448377,c38afd7b-864a-4e95-9761-1f293ba7ad1e,2026-04-07,Delivered,1
f342aa80-2290-45a0-bfb1-85cdb12c8658,c65ef579-9e0a-4fbe-a709-e96b67b42f80,2025-06-09,Delivered,1
c210ab57-a78d-406c-bb66-d7e108c03a26,79fdcfc9-7f49-44d7-8f79-e834bb3b50d9,2025-10-26,Delayed,2
b41c9d7d-71c6-4335-8a3e-f8401d4c7c79,3a8b3e10-ac7e-425b-82ae-485b3a7693f6,2025-07-16,Delivered,2
64520d1f-8b0e-4972-9165-0a6d97926309,ebfac36f-148e-4132-a348-2550bdb2dbed,2025-07-12,Delivered,1
56016554-858c-4e77-b9e9-7e2c25821575,fdf72f1b-065c-4c2c-9852-0341acfde54d,2025-03-03,Delivered,1
f6d48f35-4235-4298-abe8-ef39688a584d,69e6b5b5-eb89-4a2d-b404-1e6c94699f40,2025-10-23,Delivered,1
188077a4-e31f-4296-aa5a-20c2215e5bbd,10d5bf29-ccd1-4b1d-9b9b-c83e42ff4168,2025-04-17,Delivered,2
7da37c0d-3b7e-440d-8e30-ea049b515237,0e1f9ba3-c906-4562-a4c6-39c6189b551d,2026-01-31,Delivered,2
68e8d950-b6e9-492a-b7bf-dadafa2efd5a,390a7a5f-16ff-4e29-9a5c-2ecf7ce09afd,2025-01-18,Delivered,2
dfcadd02-3eb1-490f-85bd-2f6245dffda7,5a1a52e7-eaa5-4403-a708-eee5ef35e7e5,2025-05-24,Delivered,1
bf7b6066-b03c-4b75-9d9a-7187eee18930,5e22adfc-f73a-433b-9c46-54c0bdd8954c,2025-09-01,Delivered,1
00a91783-d91c-4b7b-b5c7-de3148112656,95823d6c-72cd-4eb4-be7a-54e066e5a688,2025-05-23,Delayed,4
8fb8de91-7a06-48c1-8d1b-1b8805c63e8f,fd59929b-38da-4fdb-83df-0e77c8f41458,2025-05-27,Delivered,2
bb3d1ee4-48c0-43d4-9670-e84f363bdce7,e13a82fa-3f74-4c7c-bcd4-24047aee60a7,2025-12-15,Delivered,1
f88f130d-b99a-4541-80b8-dd89db232e4c,4f0b2af0-3ce6-4f04-8358-abc51faace2e,2025-07-02,Delivered,1
b99df29b-3b0b-47ad-8cd8-06496fd6ccdc,c77b2ad4-a1a0-494b-bb1b-3e629f7ffffb,2025-06-06,Delivered,2
10cb7754-fad1-4030-a15b-5d6d0de9f658,5cc67f95-0615-4649-8a6d-99115e84cfa1,2025-10-26,Delivered,1
d581774f-9acf-40a7-9c8b-bd81737e9350,58ffc6a1-b0c6-4409-91d8-aef39cc8ce1a,2026-02-26,Delivered,2
9fac6c46-1b3f-4117-8262-e88b6e8097c5,4608a2de-d4d1-45d6-bc1b-28f0e06d18c3,2025-04-29,Delivered,1
23e3f5b5-f924-4168-ade2-87f98b92d5e4,3083ab1d-a67f-4c9b-bcdc-f67b8d839dbf,2025-11-03,Delayed,3
f2f410c1-006f-4c9a-9dd1-aa6abf710fef,440b3d48-9566-4c2d-bf6b-9dbeb7b56e27,2025-04-16,Delivered,1
f968fffa-0897-4302-8f32-1213caf94193,3a1b5ba2-326c-425d-a144-fc9663e52a05,2025-12-27,Delivered,2
2a4d3c61-97c2-43ac-899e-1e58c554d023,38779e7b-4354-4d84-8d13-0d4fc30faf7b,2025-06-18,Delivered,1
a7f4e33c-b322-41d6-95a4-78efe349b1e2,0944bf72-b0b4-42a3-9b85-53af4afb0633,2025-04-17,Delayed,4
b702f44a-1cf8-4617-a435-d31a74fe61dd,43771e13-26e6-4a9a-bdcb-7f0b86c3673f,2025-07-24,Delivered,2
c635f416-f9ef-4aff-95fb-3d82ce612ed1,0bdb0b78-7933-45c0-8bcb-718cfd208d76,2025-05-23,Delivered,1
a65f7259-9acf-43a4-b77b-c24470920e5d,80334439-69d7-449e-8465-79b47fcf2236,2025-12-07,Delayed,3
6384dc95-0dbd-4819-8325-fcc40b92e90d,d05492f0-0a50-469e-80db-a0b2cf51b4e2,2025-11-10,Delivered,2
c393f991-64e2-4563-977f-d50ae04d24ad,d442548a-c35c-4abf-a4ac-445d7eb4601c,2026-03-27,Delivered,2
432554ab-3b4c-40ed-9757-997f02a9c2db,5b008b16-3ef7-48ea-98e4-94e6f5ad102d,2025-10-12,Delivered,1
53e7d475-3dc6-4376-9b93-55dbaf1deb64,226ce112-c953-47cb-9b6f-9f4e3492ad6a,2026-01-31,Delivered,2
6c498687-f6c6-4c0d-aab6-1479af6be881,b5cb6f83-2544-4151-b9a9-550a7fba0c3c,2025-03-09,Delivered,2
6f1f848e-b9b6-490a-a579-3807838dc652,cb9cbe03-6128-4a8a-9822-cd678e7abe4b,2026-01-26,Delayed,2
dd837919-99a0-4f1b-b610-1f3190f8e0f6,7766b6fd-12de-41f6-b337-fda621e70f87,2025-10-05,Delivered,2
0a7c3f53-db3c-4c95-b09e-2e705bfdbc4d,1a3167a3-aece-4a5f-9109-092d65830fa8,2025-12-28,Delayed,3
a27280b3-0f06-44bb-9a6a-e401e3b8c1ea,56fd92b7-2b78-4a37-a054-4799b2b6591b,2025-01-27,Delivered,2
969e84c4-864b-4a06-a2b8-1ee0d12449e8,02b79b9b-a0aa-459e-98d6-46d543dcfd9d,2025-03-03,Delivered,2
ad737d41-36ab-430b-9eb0-a7b270854c44,e129c98d-5516-40ef-87a9-df17a7ad1d01,2025-01-25,Delivered,2
bcfeb50d-edb9-4e28-9680-0b5b35b2616b,f38aa1b8-e400-49fe-9485-117be1290aff,2025-04-04,Delivered,2
496ce194-c792-40a5-bd51-d61d2a19f74e,9815445d-dbfb-4d46-a081-778a0995d383,2026-02-07,Delivered,2
226dad6b-b1d7-4204-a747-0cdc8fa84807,3da82a4a-2f8e-4c08-b4f0-0d98a89a5ce7,2025-11-17,Delivered,2
b46d9646-f867-407f-b515-a780125fef4a,da017c87-b342-4cb2-8fd0-28aca611d00d,2025-02-02,Delivered,1
be8f6471-90d5-4641-aa6e-bd9783c5d435,0491b90b-789e-4fe3-92f4-4b807b3257ac,2025-03-29,Delivered,1
8eb062da-e456-47b4-985a-677ec76feebe,6179ff65-10d3-4507-b516-62ec657b50f9,2025-04-19,Delivered,2
0edf7730-d9e4-4321-9815-b6a581c0b37d,bbe96034-b731-4c1f-b3b4-4dc6b23ee1ad,2025-06-18,Delivered,2
ccfa38fa-0b09-41ba-a4d3-139f4d818ebb,2736c118-a1d8-42b2-930c-9054991903e9,2026-03-09,Delivered,1
e97258d2-b536-490d-bb3d-17ea7b0077a6,4e2c3aff-cd81-49fc-b2b0-220369ee36d2,2026-02-13,Delivered,1
76c5a2e9-16ec-4c8a-a879-c9902dcc604e,4916abc6-13fa-42c9-9f69-af6a91b0695d,2025-06-14,Delivered,2
37125d55-d286-4fe6-8e5b-a242e4e057e7,3be5f793-28ff-4016-a46e-64f5b0661413,2026-01-23,Delivered,2
72b8d026-1fdc-49d3-a8cc-cd58eaa2de74,307e3fd5-0604-4a4e-8028-e583da817526,2025-06-18,Delivered,1
43699ff5-5913-4926-826d-2e6e33d151b8,5fe00d0e-fac1-4ccf-a2e8-97d84c4aa4fa,2025-10-11,Delivered,1
58454ef1-3628-4158-83ba-d36b48dc3bc7,47d569d8-d092-46aa-9759-d6944d6c5543,2025-07-22,Delivered,1
59af4260-9c2c-42dd-b9f0-90c3b24780a4,6ccb9b12-c85d-4c30-a846-9816138600da,2025-02-19,Delayed,2
123161fa-d8e2-4a96-8fd1-3550c8ae4eb6,967d6d6e-f175-4927-9121-d9cee989cabc,2025-07-29,Delivered,1
3f114f99-b31f-42b7-a8d0-55a7b83eac9c,20463051-e07e-4726-81b0-9da12b22bc55,2026-04-04,Delivered,2
58b69fc1-3c8c-4c65-9db5-2e370852d5df,559f09d0-6b8d-47ff-861b-8181ea393f76,2026-01-05,Delivered,2
1e39f7f1-0f02-4e3a-96bd-087c3046ce64,22c1ae7c-bf9a-4ced-b94e-4b92d603bee2,2025-12-06,Delivered,1
9283c5ce-36b2-4964-86d9-b94adc3f9572,e4418402-8271-48a7-9108-57f0006503e1,2026-02-12,Delivered,1
b2ba6415-3cb3-4480-80cf-15bfe2d8dc0c,3295f6f1-d2db-47c8-a9c2-40599106d315,2025-05-12,Delivered,1
4e17ff1f-148b-433d-870a-403945bdbf62,b55c0bf2-ead6-4676-8e87-5200d2573ca4,2025-06-06,Delayed,1
03798d30-9b62-491d-9ef8-2737e6eaa94d,c9c8a427-a278-4961-96ad-2e7a775ed64b,2025-06-01,Delayed,1
be9523fc-6b2c-4fc6-8781-db0d1d639661,038d3101-7801-4f1f-a577-99bc612662b0,2025-10-30,Delivered,2
d8a485ec-7c59-48c9-98fe-77fdddcd000f,b05a4f2f-5f8a-4c0d-ba7c-3b366ed5d134,2025-02-23,Delivered,1
977b3bc4-77ef-41ed-acb0-895c66f5fb7c,a81e1f03-50c9-4c40-9e35-60133fbe8993,2025-08-08,Delivered,2
423e66be-4052-4cc1-97c6-8f2021d02c4e,f5e4fd3a-1b7c-47eb-9eca-8feceeb829cd,2025-03-28,Delivered,1
028f7b4f-6ad2-4d63-bb00-cc1699298cce,1b9f8284-2406-4b4d-b926-cb319c239d7c,2025-03-31,Delayed,4
e2f9e4b6-570d-4faf-8937-cec786b11efc,c79bf452-704a-4eb7-a204-e467763e93cc,2025-03-10,Delivered,2
8c940301-0052-4a6f-9822-931219242a57,fb2b0ad3-459f-447e-9a92-b81d44f54c11,2025-04-14,Delivered,1
fd07411a-4372-4c90-92b3-e696be46426e,f3fa3976-d1c5-47d3-8946-c21a6c76d41a,2025-11-23,Delivered,1
4df053d6-fbc6-4665-bb2e-d7412237b022,b040a429-1b63-4479-bcb3-ea5cfd204218,2025-05-15,Delivered,2
29e67204-d686-4d12-87b5-de5c56c43632,caf4e0b6-073d-414b-9d1f-4423ca93bd84,2025-11-12,Delivered,2
dc1b57e0-902f-4e0e-b677-99fb1ba186dd,06e565e7-5ade-458b-ab7e-de2d5c681dd4,2025-08-07,Delivered,1
c0e81144-32bc-4657-b810-d9dd7b1e92f9,99b5f75d-5fa0-4d8e-b106-e2948b61ede8,2025-09-20,Delivered,1
7534c434-daef-43f4-bbc7-2a5949558294,7117e469-db61-4cf9-8fbe-60391adaf72e,2025-08-20,Delayed,1
c1b36ef7-0c47-403c-8e3a-edefa8af71d6,f3c12d9a-121a-4b7d-a902-032c26eb36bf,2025-11-07,Delivered,1
7434bf6e-188d-48b3-abca-34e4f6c98101,29f47205-c7d9-48ab-a318-64dccb2bebd7,2025-06-24,Delivered,2
4de692e9-f68d-47f6-9c43-ba7206049b70,ec0940a7-f781-4402-ac47-c0a4f3d6dbbc,2026-02-28,Delivered,1
e4afa14d-14e6-42f3-8431-4394ed1feb8c,ff95a715-cb67-49ea-a206-6a63b96bf6cd,2025-03-15,Delayed,2
495bcd2c-0c98-494b-865e-dc9ba7ad80de,50f28279-c5e7-4d70-9b80-eb65249ba74f,2025-01-19,Delivered,2
94747c48-ef89-468e-a7aa-bbcea5baa271,58d34108-7c91-4fe1-9fdf-fe63185cd132,2025-07-29,Delivered,2
2a79a9bc-d423-4de0-aea0-b7c0ca911986,b45bcd4b-bf0c-4212-a88c-5f0b6d2822f5,2025-04-18,Delayed,1
f9701c73-9853-4f10-949a-b242aa93e40b,91155d0e-2100-45cb-afa5-81d0235e6b76,2025-11-03,Delayed,2
272b4dd4-44f8-4bea-834e-d9b72e268bf2,6b06f232-022f-4f3b-b6d2-a1f5d78e5950,2025-05-03,Delayed,3
14071eed-25d5-4973-abf2-e3d11ccfad80,82c3277f-b0e2-4998-8b0e-209ba9cd30c6,2025-09-09,Delivered,2
4beeec05-1f29-4cdb-b084-2cad5d6702d0,d206e4b6-dfd3-4542-a3bc-70099c2ee186,2025-10-18,Delivered,1
f861d4d4-6dca-4cc1-9e5a-c83eb52c3a0b,229a8162-a733-47cc-ab1b-b20d994f3ecc,2025-05-16,Delivered,1
12814ab5-0618-44ad-a522-e5f1766b9b32,f2509273-2223-4d17-a0a8-df4db8c0035a,2025-05-27,Delivered,1
da25cc1a-73f9-459f-b9d3-11330b0c6c0a,9e8727f3-3fd5-447a-a548-d6f3d959fb16,2025-05-10,Delayed,3
53d621f7-6961-44f1-8610-fee94059cf7b,c9d1e8df-30cc-4adc-b00d-ccc5dc0bf4b2,2025-07-22,Delayed,2
fbf91c03-03c0-4646-8c15-77a556ea03e4,39a0fe78-d716-4323-9669-3e9fc9946e72,2026-01-05,Delivered,2
9a63765b-35c0-4636-86d9-41ea0015fb92,e5571730-8563-47c0-a8f5-0141c39032e4,2025-02-27,Delivered,1
d44f1697-fbae-47a1-9e05-743571f66324,2750a839-37e9-4138-9387-19f54d556093,2025-10-07,Delayed,3
d2aaa6f4-276f-43f2-b0ff-a83834c4c3c9,91bea52b-a06e-4bd4-8b00-33b60ccfaf17,2025-12-01,Delivered,1
481b2ae4-f36b-4889-acea-c8f088c2f0c1,84424189-6413-4d5a-86b2-317eb1dc30b7,2025-02-19,Delivered,2
76595eb4-aeab-4f03-92b5-a091b83d2654,58757feb-96c1-40cd-986c-add032a981ac,2025-06-09,Delayed,2
5dbacd65-1e20-451b-9faa-ea0b49c80845,ca8966eb-13ad-4bf6-bd7b-adb36e376f64,2025-06-18,Delayed,1
f4a606c9-11f0-4b06-818e-86ca068b38ce,5823e457-9d2e-4dbd-b29c-788ee37e3c7c,2026-03-03,Delivered,1
d843ea27-1b08-4955-b218-7ecdd78d2820,0abdf807-802c-44d4-b828-1397daffa81b,2025-06-29,Delivered,2
b3cdee88-56f0-4b63-9127-4a089816a5ff,9b0afe56-8ec8-4fcb-88ce-89aaf76c3d7a,2025-01-27,Delayed,3
84821244-c529-4d65-a68b-19787d05e0f4,9214f84f-f2f5-4fe1-8b4e-62b679e4860e,2025-12-12,Delivered,1
c5142b3d-9d1d-4f07-9ab1-5a6905b46d42,8a8c9f99-78f7-4521-8a61-842e71c5c99b,2026-03-05,Delivered,2
5650cc51-7e30-4dad-89b2-d25c0ec8e57d,8a60cc76-0297-453a-8a58-7fbfcc0cd89e,2025-07-29,Delivered,2
409a0366-69b7-472e-bdc9-31d400aba4bf,2562dc73-984c-4231-9630-6e4903ccdcf8,2025-07-20,Delivered,1
c378363c-5f60-4c76-b548-22dc11254557,87e94062-4999-4a4f-abba-6ea669f69832,2026-01-28,Delayed,1
76357e21-7085-4f8b-a23b-1b35cae107ff,b09d7582-7f21-4259-b678-1d5e78b08def,2026-03-20,Delayed,3
248b41ce-386c-4457-b94c-f50207be79ee,d7697476-4e28-4986-9ef3-6d9377ccaa83,2026-03-02,Delivered,2
bad42f9f-7651-4715-9a7f-0a7642171302,dbb310c5-85ff-4a80-9ab6-0c33350369db,2025-11-09,Delivered,1
bc7eeb8e-707f-405e-9744-896d7dd59f16,1cc97a7f-e77f-4a0d-bd73-13e9084eb72d,2026-01-03,Delivered,2
fb52ea52-f676-4df9-8ab0-bc7b2180818e,c1224576-aed5-4fe1-9144-bfe39ea3a227,2025-07-26,Delivered,1
10bb8832-53b0-410a-bb1b-dcfda076b5a5,4c73e2ef-02e0-4330-afcc-2d064346b163,2026-04-06,Delivered,2
6dcf106c-04dd-4b3b-920a-7c324dab1c1f,e6ab0d60-0bb2-4ab5-b8f7-91cc239a439b,2025-10-15,Delivered,1
d7c3f14e-87df-481c-b2f8-69c795ac5e2e,146de72f-9729-4d0c-a2cc-c9f7ec484aee,2025-11-10,Delayed,1
697da27f-ba0e-455f-a5ae-7f2a6ee77461,99dd0adc-a239-4c39-a166-8bc241219b69,2025-04-13,Delayed,4
56d3cfdc-8a93-462b-941f-28f4329bcc23,3e6ae3fd-feb5-4d8b-96e5-8036afd688a9,2025-02-15,Delivered,1
b7af5fb6-28ed-4835-8fbe-f8a561a55388,37149041-c006-447a-b579-a35d878bcdbb,2025-08-25,Delivered,2
b9f9a4bb-1f73-44e3-a908-ad3a10486d66,166bac0e-b776-440e-abe7-8cd8600854aa,2026-01-24,Delivered,2
5f8b45f6-887c-407b-bb3c-4e9ac81189b6,de9a6c61-8b5b-46a0-ab71-aba3d9020468,2025-08-29,Delivered,1
8be67994-77f3-44e9-8940-fb4901e81fb7,b8cdb661-ed74-46ec-a619-dd386faeda12,2026-03-09,Delivered,2
073aa12e-0a55-496e-9b52-0da6b7e1320d,cbee58ac-e602-4196-a9fb-bf03d852c83e,2025-09-01,Delayed,1
828174e4-6796-4171-92ca-9649edb9ecc8,712e9eec-1000-45b3-9446-4b32b0520b0e,2025-07-07,Delivered,1
74ad7411-83ed-4d00-80ba-275df12ea6e6,1bc7c5f1-af04-48ad-a9ee-647f7bb6f7f9,2025-05-18,Delivered,2
8c398e51-6774-41ac-977d-6a33a3af5fa9,44ec478e-d835-41da-a734-f39e8dd97467,2025-11-28,Delivered,2
65e0dedb-e689-4b71-aed9-37a811f5a729,be22a78a-df8f-4aaf-bb7a-ff1bcb7096c0,2025-09-26,Delivered,1
b853cdbd-f0e5-40d0-9c54-7de07ad24874,0d93389d-8c4a-4c62-a90f-d02b73781fab,2025-03-07,Delayed,1
f94f9b4f-5982-431e-9f47-d3955ef0a830,537ff64f-459b-4cbe-bbec-94032d525dc4,2025-08-28,Delivered,1
25def4bd-ec4c-44f0-a05b-7c00ea64080a,eb5d7a63-7b84-49d2-8932-521bfc97e20f,2025-12-20,Delivered,1
f101a87d-3c94-48da-be5c-597b2c67bf9e,dccce2b4-565d-41b0-bba8-b5070d75a41c,2025-08-27,Delivered,1
429b5b99-5d78-4ccd-9405-d28a71c3b1fa,ed00fd2e-7ae6-4587-b787-184865f6120f,2025-12-14,Delivered,2
641ac5af-7405-4ec3-bd8d-c54c6f8d3ddb,cfe43af8-5120-4e8f-a7a3-1424a42f3f4b,2026-03-03,Delayed,4
3c963857-7f42-42ca-baf7-ad4ef34cbf1a,a32aa3d3-be77-4a97-ad26-8c315461d0f5,2025-09-24,Delivered,1
beac81f8-ea4f-4ee5-a134-cbf9d2f73127,4265930a-ad87-437b-8642-c5bba2619f35,2026-04-03,Delayed,4
0357866a-9a6b-426f-a502-9f03873db176,bd7a4ff2-daf0-462a-85a7-d5661a1e3032,2025-10-07,Delayed,4
0946bff8-382d-4469-b483-ff854cd5f69b,1cce9985-2184-4735-9c65-3f8e59c0d710,2026-03-31,Delivered,2
172bdd59-7c0d-498a-b8e3-3de957fbcde7,9d7c5d92-1229-40e6-a687-41c8ac8eab0c,2025-05-21,Delayed,2
7ae05f28-e6fb-4e76-841d-3e9f537c5cc7,7f9fd9e3-27dd-40b1-88f1-24eb11f2169d,2025-12-17,Delivered,2
8c1cb2a1-a0e4-4c93-ae68-60276b5d4b92,2aa890e1-bc59-4f9c-8d0a-10da8a09d1d9,2025-05-08,Delivered,2
64db8790-f395-4363-a20c-f427c59d582c,2e0fc8ba-c184-47c4-8b76-9fafcc85f2c8,2025-07-04,Delivered,2
e0efd7f6-c096-4685-8e57-f7617739a7d4,71d0fb63-0a3d-499c-ab38-d5d0067aac8b,2025-03-01,Delayed,2
69ca253b-62de-4527-a66f-72c137798cd0,d2f28861-e8d4-4298-af64-799643af39a3,2025-10-21,Delivered,1
b4f9eaf8-31d0-43d9-9576-6563bfef1e7a,cc156800-9807-41d0-8632-4f7c5f4bd19e,2025-11-08,Delivered,2
f3649ab6-6131-4de0-9ae4-dfca9eda01b4,22033f68-e879-4bcb-8a28-599595edc3cd,2025-04-29,Delivered,1
c0d16ca8-293d-4b16-96c5-762b7028cd96,75a5c540-de9b-4eae-8070-355eb7a80299,2025-10-04,Delayed,1
8dbe9f01-49cd-477c-a3a6-cc59f9633bf5,a72f9531-301e-44b6-9c19-af063538c507,2025-02-03,Delivered,2
86602a63-087c-4d7f-bffc-d8e43697129f,1c4165e5-a2d0-4d10-a031-75201b14e2e5,2025-10-22,Delivered,2
e5223215-9c69-49e9-bcb4-d897cadd3063,8a6dc13f-dab4-4245-a8e4-0ce50c78ffb8,2025-10-07,Delivered,1
32044776-0091-4a28-9bc2-082b6446ac60,a62e636c-d321-4136-bb02-8bf59143a229,2026-03-19,Delivered,1
8e84729d-5edb-4195-a410-dbae15a1d9df,14e15aa1-a51b-43ac-81f1-6841c96d1876,2025-06-12,Delayed,1
a553a22e-8466-4473-997e-6b058f63b835,05f4c944-bde3-4c58-be75-e3e760bd5da3,2026-03-28,Delayed,1
bfb6a6a6-2de4-46be-999d-a197bfe8c2e1,d48a47d3-7d9f-4440-a13f-3f86948ff07a,2026-02-17,Delivered,1
ac91740b-ffa9-4af8-b7dd-f703e812524d,986edb9f-3da3-49fd-bc33-ff2b4dafdaf8,2025-10-22,Delivered,1
1e357137-ac1f-44f5-8c81-b3e1389b13b3,071efa4e-b424-44ff-b0d5-1320eb5db0af,2025-09-04,Delivered,2
dfa9b36b-0e50-452b-aba0-c784d4924b31,229d835b-0397-479a-966c-3acd2b8c6464,2025-05-28,Delivered,1
e7c475ff-c90e-4483-8436-cca2d4544d52,7cfa643d-361f-4145-ae23-fcdfb366985c,2025-05-03,Delayed,2
ce061733-b061-4260-b2bd-1731f108d18a,50a0eec1-793d-408e-a13f-427a352f6186,2026-03-23,Delivered,1
1a1c7ee2-5a85-445d-b831-773c78b974b7,ac406cf0-da0f-4d79-bb02-660b0bd83e5d,2025-12-17,Delayed,4
de8e2b7a-3472-4a73-978d-4e7079f2001f,3354590d-4833-476f-8205-97b2d8ea563e,2026-03-07,Delivered,1
b8cac0bc-0309-44b2-9f9c-bda519a5a9a1,2eb8dec9-297a-4d10-ab18-e3200c68eb45,2026-03-21,Delivered,2
d3a6a68f-daee-41d6-933d-540c76350082,87d1d52b-a6cd-4a90-98cf-d39a25006e6b,2025-09-13,Delivered,1
de02fdc2-2908-4115-9c96-b97adf2f5c9a,66a5b467-deb0-4cbe-bd53-cf08f7cddb0a,2026-01-15,Delayed,1
8dd64d0e-7085-4068-88aa-a8f4d61b38d4,e8aab9d1-cfc9-4f00-b468-3b3929c276d4,2025-06-15,Delivered,2
e3bcea2f-2bba-4a49-9a22-e74515949161,3f1d805a-e0ae-432f-82e0-41194811a9c5,2025-10-17,Delivered,2
599bc206-4d6b-4972-ac64-ce0c0fe6c50c,6350101f-e166-4bc3-9890-dee9d950ab82,2025-05-14,Delivered,2
f0ae4a30-ed59-4e2a-b16f-27fd6a5ba978,faa1074e-51da-48a4-9e09-c2be94f342b9,2026-02-14,Delivered,2
5db9d9e8-71cb-4eab-8280-07924d32baf8,f5a19352-8224-4d7c-8ab7-21d579f461dd,2026-02-26,Delivered,2
b00de934-f7c8-44c3-b5b9-07bc0eccda45,bf14a1fe-b645-4c2c-96f0-96a8fb46cc13,2025-03-11,Delivered,2
4e3ef226-14b8-4aa8-b074-279ddfb7950b,a95c0aba-f2ee-4ec1-a962-10a668035234,2025-02-13,Delivered,2
db7be0c2-8a6d-4bee-962d-3848e8cf1539,14ba3748-2d2b-4ed8-a767-0dde4bf5c001,2025-02-12,Delivered,1
8339796d-261b-4748-91f0-28b4c416a784,fbc03f4a-1280-40ea-b1ae-0bf149d336e2,2025-03-21,Delayed,4
220e0c1b-2f7d-4b75-bc07-b65bb089fa04,d8d32daa-d7a2-4de1-b525-a56003cd60ca,2025-02-19,Delivered,2
438fc5cb-c41b-46a4-a554-a9353dc5b205,6de705a8-f076-4ceb-9d31-6a0b1c871a29,2026-01-11,Delivered,2
ef637925-4be2-440e-abce-106fda4d4f99,a3ccfd4f-2a15-4eef-916d-596165157946,2025-04-06,Delivered,2
13ecc815-5d04-4d4a-a743-4a3234a2551e,61948e28-4b24-41d9-84ce-bd027e0360ce,2025-08-06,Delayed,1
c0f04d42-c271-40cb-bb87-ca6b578b86aa,20d290e8-3e43-4d57-971a-1c46350930e3,2025-11-17,Delivered,2
bf863c63-0e85-42c2-816c-612020cf3872,ee13cc9f-e9a0-4493-b364-62e15ca7a9d6,2026-03-24,Delivered,1
4260fe13-9c41-4449-896c-a2e66138228c,74bfdc66-f85e-43ac-8fc5-92b1ff10af3c,2025-02-25,Delivered,1
53ae6f99-a27b-4b40-95b5-58b99b4b80f7,896bda78-725a-4ccb-a64c-61b6af1f1af1,2025-02-16,Delayed,4
2ed6b807-bfec-4cf3-ae7f-adad40aca5b0,db89df97-4854-4615-a7a9-07f24de7b2c1,2025-07-01,Delayed,3
800ab808-9fdb-40c7-8b58-c06b16bef0f0,16ebb7bc-8361-4db3-a28f-f49d90268fe1,2026-01-13,Delivered,2
bb666c21-8a3b-41ea-97b6-803986fc1111,20f95c20-d71e-41bf-a640-8922ae847b65,2025-10-08,Delivered,2
9e368d09-10e8-435d-afcc-602fdb858172,b016c9af-89e1-4527-ad7f-73329d9c2e6f,2025-05-07,Delayed,3
17854a5d-b35a-478f-b989-2b8662c781e1,184ee971-bf8e-4b2c-bed1-f4860b516ed3,2025-04-08,Delivered,1
220f642b-aaff-45ed-9e82-3cfa0a6145b7,4f8856a1-18b2-4af4-9b40-aee47b01c109,2025-03-17,Delivered,1
33e7fe74-fb17-4dd2-a1bc-b2a35d5e3450,0b7e23c6-d3d9-43b6-8034-aac3b9ff5489,2025-12-16,Delivered,1
2cece27d-9d1e-4a35-98a7-1c4f70781971,74973dc9-a630-4965-a61d-08daf7f07baa,2026-02-05,Delivered,2
0f1502c7-3a77-4d26-91d0-464ed01bba49,db40f65b-0e4d-4e46-8729-823d7184090f,2025-08-03,Delivered,2
76f3e2cc-c871-44db-86a3-5eefc795266c,e874294e-a783-492d-b499-45b22ca3bb89,2025-12-23,Delivered,2
4cbb29d3-55dc-4252-8af8-c2fbf67a808b,a92e48a4-d7fd-4f58-bc0d-9d57f1b19f6b,2025-10-03,Delivered,1
a5cc98d7-6815-482b-99dc-e03a65c375a3,3c44951d-007f-4374-a743-c997be943d30,2025-11-27,Delayed,3
1c5d62a7-d14d-40ad-bfd7-1ae76dec7ecb,159da5f9-e386-4907-9494-339e2d59e039,2025-05-26,Delivered,1
fa24fe02-3c75-465a-b484-20d98a3fcd65,74939e7f-d84b-40c9-90e9-864ec30a8b4f,2025-01-30,Delivered,1
92872eea-1cf7-46ff-b2e8-2588786f65a6,9912d67a-caca-4bfd-b9fd-2e6831c492fe,2025-10-26,Delivered,1
89cdd39e-56c5-43a0-b2b0-292d6a84a5f6,b8ec1e3b-a511-4770-962f-d4d325dd6fcf,2025-11-05,Delivered,2
9288ec03-9916-4653-bb98-fabb76028c62,83d98f29-90e1-4ddd-a83f-5e281ff071b7,2025-04-18,Delivered,1
75e3e515-9856-4322-9436-7cf8de38fcbb,028f39f7-8599-42fa-a904-baa6a65a4a4f,2026-01-05,Delivered,1
55d0d29a-02e0-40b6-8e00-6095d93f2aad,ed2a0592-de48-432e-ae80-2484cde09508,2025-02-22,Delayed,3
822801c0-207b-485d-ba31-3b560bbbb3ee,ae542dd6-d3b5-4e27-baa9-936b6f24e892,2025-12-05,Delivered,2
7e2c87ca-29b3-4a50-a603-32dc53e731af,691b28b5-29a7-41fb-9773-1be5dec1f9a2,2025-06-01,Delayed,2
f91d02e8-20e3-45cb-a8e6-056b98ae8448,ce4767f0-b0ac-4a31-834c-9263afb418a9,2025-11-28,Delivered,2
fa32bb3e-9039-4610-bceb-6eb7f812beeb,469e7d97-2d01-4355-a634-53acd9c32764,2025-02-01,Delivered,1
11f626ee-82d4-4d17-a997-2c815ccc3630,4a67fde8-71ef-42c5-9a43-3f9fa60a428c,2025-05-13,Delivered,1
56d0a6d7-b74a-49d2-8e73-b846d9f31366,48c278c8-54e5-485b-b091-540895775400,2025-03-25,Delivered,2
267f3bf8-38c8-4dc1-9549-d5290f60aede,8983ad9a-2829-470a-be45-5cae0fffd351,2025-03-21,Delivered,1
3dd870bb-1c3a-443c-8ac8-d800504baf8d,264c6fd2-4b2d-4ec7-ba97-b206fdb7f424,2026-02-16,Delivered,2
9632c765-dae8-4ae8-af98-297b806bb4a3,23c91045-a52d-4be8-9906-a72b94d3262c,2026-03-23,Delayed,2
b817a05b-51f0-4786-91a2-80d061e91dca,46f62344-4568-48c3-8d2b-fbdd634c99c5,2025-05-30,Delivered,1
0f06b90f-0108-4dfc-bb18-fd8a21840f88,48de6fc1-3c8f-4706-bb8d-44c523c7490b,2025-11-29,Delivered,2
a88670ed-aaf2-48c1-a761-fd928de64353,fdb5a10c-fb4e-4a43-a848-da201bf594cb,2026-02-20,Delivered,1
068d9d94-eb8b-4f78-8e16-b099248d832f,2cc98f92-8762-42c1-b693-3c1882e740c3,2025-06-29,Delivered,2
fbfacbe7-8b61-458b-8d78-7ef3e76ea4ae,8d935cc8-7d68-4048-8d2e-d358991eb8c4,2025-07-24,Delayed,3
acb92a6c-f008-445c-ba0d-013a69b16e30,3e41464b-bf78-4396-be38-35b71ad03f96,2025-04-18,Delivered,2
65aebc41-3787-4b9f-9e09-471e30faa8e9,1e485f3c-383b-46ce-9c20-3667507a4be9,2026-03-08,Delayed,4
f1156a8f-c8d0-4813-8f5d-0b2b16e16ac5,2ce20fba-8595-4a8e-a757-3f59fa027864,2025-02-08,Delivered,2
a20b35c9-4e43-4d35-886a-a8051360ca9f,625b050f-bade-477b-8bad-b140639d5242,2026-02-19,Delayed,3
70abf473-a430-44bd-bc9d-199ac00ee391,c7fe904e-0a7f-42c2-8a90-e4c7fb167af9,2025-05-14,Delayed,2
4f7afa9c-9ca5-475c-8398-14c3b898ab61,80b955ae-c7bb-43ae-9751-2728d4fc16b8,2026-01-23,Delivered,2
6e5a92ef-a56d-4b22-8e7d-de9a5223152b,8acd9f6b-2fad-4144-b17a-bed80849efb0,2026-04-06,Delivered,2
1f545730-7639-45d5-8a5b-e001d7213ec9,88f51040-8808-4dab-a698-41b8a5b85514,2025-04-20,Delayed,1
95c858ff-a466-480c-8275-2eb054b3c0a2,469cbddd-ddbc-450f-b000-1040f8422feb,2025-03-26,Delivered,2
652403ed-b536-49c2-b636-f50e800cf78d,f03d1297-3b34-4934-934f-982d71765da9,2025-01-20,Delivered,1
8db238d1-7e9d-4aa6-8d5f-68c8bdf1e865,b93db117-e9d3-473c-8811-1ea72e75f47b,2026-04-16,Delivered,1
6974866c-34d1-46be-9d0d-62ba831d4177,3367360e-d18a-4e9b-9d9b-6cba0b851df6,2026-02-07,Delivered,2
d5fa63eb-b401-495b-b7a0-cd63a510eafd,2a9ce16f-b707-408d-8a8e-a3de5040ae7b,2025-02-21,Delivered,1
0ddb6f4a-6dfc-4c68-95f6-5a621c3f92ef,94bbbd32-33a4-40b7-aa5c-017c78f09c25,2026-03-10,Delayed,1
86e941fb-9612-4e5d-8e1e-ecfaccd0164b,840d0f1a-9154-4969-995b-6ebc0ef31cdf,2025-10-22,Delivered,2
055dbc8d-f8e7-4bd2-996d-5d099b815490,bf28742a-b73a-4548-94ce-d20b0657ed60,2025-11-05,Delivered,2
76508b7b-52be-435a-b229-8c21e792c635,c8948269-7a98-4ee6-82f5-d9a8308f2cdd,2026-04-21,Delivered,2
8df045bd-4e9b-409f-8fb4-81eda87e8f92,aa40e5b6-d40d-47cd-98c2-fdf0b101f8f3,2025-04-02,Delayed,4
3fe8fff7-7496-4fe1-9e66-10d0606ff386,aa8478b9-52e8-4bd3-a228-cb46e665202a,2026-02-28,Delayed,2
2e6e3147-90ca-41b2-9e40-cbda1fc9530e,e9b83b39-ac24-441a-ab87-a2fcbb67045b,2026-04-15,Delayed,3
74fb4870-d769-4abb-aa61-0169b9b1ba54,6aea8f1b-28a7-49b0-8380-ca56b9d20102,2025-06-02,Delivered,1
bb21a818-a08c-42ee-93ce-2fa0a4013c64,d93a6715-c353-4e1e-8e02-0e04a64e117d,2025-03-24,Delivered,1
20c1b3f8-0ec6-4db2-8b75-f35257ba8c62,046f8eee-6cb2-478f-8923-8a6dded54185,2025-12-26,Delivered,1
1e6af3a5-f9d6-4a89-bdec-219b722ec334,14e4aeec-76f3-4be3-bc0d-dba2993b734b,2025-03-23,Delivered,2
f026a908-ca0d-435a-9f1d-7fba1a28c624,b8ad7848-7e1a-45dd-a5c2-ecc0126f75ef,2025-12-14,Delivered,1
2f763352-754d-4364-83ef-ce50d866911d,a0ffe662-72d5-46fd-9658-9002d084aa64,2025-04-06,Delivered,1
bdcba92e-c4d5-4ada-9f71-6ff8df26a8e3,de43e478-eb3a-4d7d-84f2-7a623d8e5c80,2025-07-17,Delivered,1
97bda803-b2a9-4704-a435-0bc33c886fee,15bcf17a-ee85-4197-9e37-d8693fda3372,2025-08-17,Delivered,1
da23acfa-b2b1-4ccd-bd06-a473d0fa2c52,e3c8dc7e-85e9-435f-96af-9bb288c58c97,2025-06-28,Delivered,1
5a70b440-a8ea-4174-b234-ded8195c002f,b054cb93-fbc1-4754-a4df-305829984266,2025-05-14,Delivered,1
80f0005a-2b56-421e-b5b1-74c2c27cb6cc,3c2d27dd-fbc0-4cf4-ace4-41770d37116f,2025-03-28,Delivered,2
9dc97d02-e3dd-4c33-9d25-33b682c28b9f,64e1de2d-d6a0-4017-b524-b7db6282952e,2025-04-29,Delivered,2
449b73d1-4d40-44a1-9f42-b42350aec4ff,4e364129-c0b6-4b86-b864-10fac84b3a9e,2025-05-23,Delivered,2
e430e8f3-065a-4256-87de-e78d24442009,42420c43-2756-4dfc-ab51-e0a62a3a9d4a,2025-09-15,Delayed,2
a954265e-8ec2-4353-b63c-ad3a067ad404,1cc56775-bd23-466b-af6d-c5564d32c494,2025-05-27,Delivered,1
c60ee9b2-e96c-4764-9bb1-64763e0024d8,bc2c9508-e9aa-464c-a466-c4ddb49d2073,2025-12-06,Delivered,1
e0cc5ddd-90ad-4763-add6-7df0c60afde4,bd155c9f-9054-4fc2-9466-8cd7bd2bf942,2026-02-20,Delayed,2
f22aba88-4058-439f-a7b8-ba9ef8d53cab,a35ba83d-61ba-440b-aa72-d00e8427c5f1,2025-02-18,Delivered,2
652e754e-9565-48dc-9f9c-dd6c628dcd85,b3b0a2d1-0fe7-4283-9a9d-3ab4721546ef,2025-08-30,Delayed,1
849d348b-9cf8-4bcc-a572-e2969d6a557b,875f18fc-587d-4862-81ae-b1bf569ffc2a,2025-04-28,Delivered,2
08bbce16-5fe8-4e0e-b0a4-94b7738d40b6,93ea74d9-fa22-45aa-bfa9-65a2511e501e,2025-04-03,Delivered,1
03d115ec-c594-4d1c-b258-a95692052291,aa285078-636a-46fd-952b-2057256fc65e,2025-05-01,Delivered,2
2cae87dc-a1d7-4f4b-8839-2b1c02330d71,c51c6b92-4aea-478b-b7ae-0c2723fb9819,2026-01-15,Delivered,1
5d8a6aff-a8fd-4971-95be-ca3f514446af,ba38e8bc-6d14-4dbd-abe4-941f1c5f8446,2026-04-19,Delayed,1
5b4f8f83-9d0e-4251-b0d3-bcf021a74576,199cff25-1627-46da-a571-1a3ef88accc0,2025-06-25,Delivered,2
f9c8b2ba-407d-4135-8196-605d6cc55ea7,21d457e4-064f-43a2-b981-a731cd43229f,2025-03-15,Delivered,2
0b846718-8641-4fe8-b4b7-4958ca11aceb,29dd36d7-cabf-427c-b582-972cf6f51915,2025-03-18,Delivered,1
0acf3403-56b6-4e34-b682-99aa57125199,5de11de7-228f-4344-86e4-3305fbf9578a,2025-09-03,Delivered,1
0d273474-73c4-4d80-8eb6-6724e654ddb2,22f6a4f1-4f7f-4344-80d7-1a259d9cd67d,2026-02-22,Delayed,1
5ce1aac0-0baf-4e40-8fbf-96e181425ac5,f91c7611-eb75-480f-9ed4-8adcb45fcf20,2025-12-25,Delivered,1
ebd46957-058a-47ab-8e0e-d1823c75a238,8f359641-cdc0-4dc2-ae9f-761fa9fc1041,2025-10-21,Delivered,1
6d262ec0-3e33-4215-9050-d4113ae1a474,d5e5ea29-87ff-477a-b93a-24e4cd288386,2026-03-18,Delivered,2
26da1583-ff67-49da-b09e-975304f786a5,e7258225-3d68-4eca-9502-00d8772d33d2,2025-07-19,Delayed,4
1f61abe5-e1f5-423d-9b89-e398566fa5d2,8c5eda7d-9999-4e12-984b-50ee79da361d,2025-09-07,Delivered,1
b9e8b8b9-19fa-4edd-96e6-f33004bbbc7a,30c63ee3-312f-4939-a0d1-9559639e82f1,2026-02-26,Delivered,1
a212faf2-55df-4dc0-8589-c45de6fa90de,b9339e70-1e69-49cc-ace3-f3fd55b11027,2025-11-22,Delayed,2
aa12b443-290d-4146-85b7-826be30e9f2b,b50abadc-1f25-446e-83b2-967909b4e3cd,2025-10-28,Delayed,2
2694d09e-ad15-4030-853f-9d3138ee09f3,0c2fdb3d-fb35-4e96-93c0-60b1516e81f7,2025-06-01,Delivered,1
3fcea9eb-0ea0-4d7f-bdf9-9312fddf4c92,84631fde-78fd-41df-a635-5232d4771e1b,2025-02-09,Delivered,1
cb30bc8f-2c46-48a6-9b0e-42178792145a,bd9c6436-3bab-4cf8-b815-76ea66dc6708,2025-04-06,Delivered,1
0c58c270-187e-4626-8475-9792a4cc41c7,67a4db21-9471-4b55-9d9c-6e761b9153b3,2026-01-10,Delivered,2
20eae448-1649-4292-8fca-b21f66f50e1f,89cc2faf-ee3b-4070-8fbf-010fda6df075,2025-05-10,Delayed,3
a5e2864e-a896-4036-8ee5-f010047b5d69,4ae56173-df36-441c-af8d-6301a4dfdbf9,2026-01-21,Delayed,1
7c5c8f4f-6f68-46bb-a672-b7f47bc492df,f1f26518-99d6-41f4-bc86-8a0adf9e0a3c,2025-06-07,Delivered,1
178013d9-51e6-407b-84ee-04ef9fe3b196,88eb22b3-dc8a-4d05-8469-f98748f2968d,2026-02-18,Delivered,2
c8ea7f0f-cefb-4fcb-a2a1-a87cf7e91cd6,558b915a-a0a9-4ebd-882d-2212a62d1cf7,2025-06-29,Delivered,1
de90b0fd-4d98-445e-9633-3c4c2738734f,ebc046c5-b62e-42ac-b571-9d984ca8e69a,2025-04-26,Delayed,3
adf26e41-0ecd-43f8-822c-35f3043eaf59,cec2f1e6-a81b-4fa2-9062-35c27a232315,2025-07-08,Delivered,2
3efbf4f3-d6cf-4d24-ab44-f20752e69fd9,a97094ef-7e60-4ab7-8f59-c12363b69887,2025-07-07,Delivered,2
68d3ec55-9a3a-4fa8-b7a3-9d183230ba3f,a81c893a-5b0c-4a8c-99db-a5089cd41144,2025-12-15,Delivered,1
c640e139-7ecc-4678-b8e9-b76575580187,5c34190d-546a-43c9-ad5a-ecb5ddcfec9b,2025-08-26,Delivered,2
eecf5c68-4a02-47e3-aca5-ebc2d46cbf95,83447946-e465-4121-981d-45ec264091ac,2026-04-13,Delivered,2
a699c5d4-9209-47c6-8642-3bc337522a5e,d7b67fea-c6a7-4fdd-9819-eabbb86ee244,2025-09-17,Delayed,4
1291d6ed-911c-40ab-ba1b-10fb04a61cae,06ba6a8d-2e7a-402f-b522-5b9a98efb6e1,2026-03-15,Delivered,1
6f030209-824f-4a24-ac43-88203d68f8f3,2e6d8a29-62d9-4af5-b6f5-829d3c76295a,2026-04-02,Delivered,2
09441d34-b5b9-4d62-b9dd-f88a68926e29,5dc78c3e-e32c-420e-8db9-4a769854161b,2025-11-02,Delivered,2
6b3b50ea-2038-4ef8-81b9-00857aa753eb,b94d4ef7-3f86-433a-92e7-09eafe7ab994,2025-03-16,Delivered,2
83a7f9e9-8fc0-4bf5-9ffa-d62ba75e1048,996deed1-d2a5-4b22-9de5-ff141bf47f85,2026-02-16,Delivered,2
3ccd0ebd-2ef5-4b5f-a260-b7c942794d57,e8f7d4f6-0093-4700-b85c-900b37f84f27,2026-04-07,Delayed,4
8808588e-66c8-4d8c-bb37-596cc19ebfed,f92552a4-2c13-4ccd-a273-84d4f367f2a7,2025-11-07,Delivered,1
3fc7fbf8-77ee-4591-9f71-1d8996940387,0fc80a27-7633-40c9-bc67-6e5d24e48620,2025-05-20,Delivered,1
cb5f1d49-8bc7-42ed-99aa-5dd7cebd07f2,959ff188-5172-4652-ae48-716b7c90c6ea,2026-01-13,Delayed,4
a8b5320b-79cb-46f1-9fac-1a27fcfd1ca4,a3475722-023d-4a32-b52d-ece95d72ba54,2025-04-08,Delivered,2
bd980896-f794-4977-9c78-958c434ccd3c,2d632784-eae7-4801-9afe-a802a648c74b,2025-08-20,Delivered,1
ea7a5393-b02e-4789-826c-59dc67dd5ce1,621da6be-7312-4920-ab5d-41be4b90abf2,2025-09-17,Delivered,1
8a177a8f-2fb8-4201-a974-d6d0cf230388,a9236901-19f3-446d-b9ca-dab68a8563d0,2025-05-11,Delivered,1
7ac68334-4b18-46fc-96f0-cd0239e685be,f736d1d9-c439-4742-b747-0fef1fa58dfb,2026-02-08,Delayed,3
19e94a54-f4b0-47ed-a410-0ad309564134,c5b99c38-6392-40fe-ac87-5c2fac7f33d4,2025-11-26,Delivered,1
499340cf-5e04-484f-8382-3aca2a8a35b6,60f290e9-f1b8-47e8-83d2-7f1a61980498,2025-09-24,Delayed,1
e8d11559-42c5-4b23-a2b9-f792a2b55c5a,b61675d4-e47d-4f56-b253-c31c40a7eef1,2025-05-01,Delayed,2
5933abac-28c2-43cb-9ad7-89ff2262abc4,6a9e0ff0-d4e8-44c6-955e-c0edb96ce912,2026-03-27,Delivered,2
ede62e2e-edd1-48d3-9d7b-8b90a276f120,7b725174-96bc-47fa-8819-28ad37f23b23,2025-06-24,Delivered,2
d879e63c-dc0e-4747-86d7-3aefe40e580a,d5357c9f-86a3-4efb-940d-6fcea81553ee,2025-05-15,Delayed,3
60b029f1-a260-47e0-b19a-79c423309366,58e222a3-abd4-4eb7-a248-2f5c2a43c337,2026-02-24,Delivered,2
2837f7bd-9104-4c34-a4d4-df4446b18b6a,ae65684c-36eb-4084-a29a-7f1d32951f09,2026-03-29,Delivered,2
42439e24-023d-4b66-ba4c-2d13c43839a8,da7537a9-13dd-4606-aa17-8d6c4502b132,2026-01-17,Delayed,3
cb9a1b4a-fc61-4412-b04f-0c01cffbc19f,3e192ed0-f5b3-4a1e-a092-d0ca498eadfc,2026-02-06,Delivered,1
699e03a9-89fe-4e4c-ac4c-5bdbe2b937b5,32f1d862-2750-49f1-b61e-d16d9eb7362d,2025-06-16,Delivered,1
9edc4537-ec81-436a-8f26-b290ac98a698,d6f6ec2e-db6f-476d-af85-8e516ca69a39,2025-11-21,Delayed,3
d5dcecf5-4abe-4e42-b855-dd364f94fc35,32bf9184-8d4c-43cd-9140-3f3858a5f167,2025-02-23,Delivered,1
45f2aae3-51d3-4629-aa0e-894cdc9d5cb2,d7245b60-37c1-4d23-8db7-f47037124f6c,2025-04-27,Delivered,1
b3f33800-cbcb-45e1-b83a-7230b6a28f08,efcace51-cd60-4e1d-b28c-1bd8fdf90178,2026-03-14,Delivered,2
2c8ed72d-be17-4fa6-846f-88b1c69bf230,e551f006-3b8d-4af9-ac89-baca33273fb8,2026-04-10,Delivered,1
fd762d7d-e4e4-45c6-bb64-ecda856a9d09,eb2d45a9-375e-4c5d-8323-850f98a3a8de,2025-02-08,Delayed,3
09b420c2-1e9b-4a32-935f-05b6db5e1008,3381457b-3a28-455f-8509-a99daec98df6,2025-07-03,Delivered,2
3019c970-8e43-4424-ab8e-2057d8ab03d8,50c813b3-cb74-4e6a-818c-032ebd8d9785,2025-02-20,Delayed,4
d50b2de1-dea4-40d8-8061-c35c0a7bf107,73318a0a-57c9-43d6-b26d-d017237bf4d4,2025-08-02,Delayed,4
44d87d36-47b3-4fe3-9954-58ceba349ccd,b4731b9a-5f61-4b51-bb9d-096b2a0c1820,2025-09-17,Delivered,1
a3c6f2f2-f8a3-4449-bff4-580fd688542b,13f5abfa-7ea6-4e7b-a1d9-01182e7a8957,2025-04-22,Delivered,1
23ab89d2-ade3-4f1f-8848-ea87e326104f,2a007b3e-d89a-4f27-b6bd-a201cf63daab,2025-01-29,Delivered,2
ad281862-9434-4f67-8f09-129f87616f11,7ed5bf9d-5550-439a-85ca-11e75ef1d865,2025-05-16,Delayed,1
bc29d10c-877f-4c39-9aa2-73951e131c26,d335ad99-87da-4f8a-9beb-ad0d55c2d468,2026-01-03,Delivered,2
adea0919-d273-45d9-af3f-f7b4de36755a,caf269e5-0207-4540-97f7-9890bdc7a18e,2026-03-24,Delayed,4
faa99c12-49fe-4bb8-bb1d-561dd706a0b0,ff37779e-12f8-47fd-b66a-584a2eea270a,2026-04-23,Delivered,1
938cd9f9-17c8-4afb-819a-ea8790226d81,2369008d-0665-4704-93f9-dd0380e3f667,2026-02-09,Delivered,1
312abc38-a9f1-4c8f-a7b2-9220ad74587a,5ad30df5-c7ef-49d6-94d5-7c1f66b79202,2026-01-13,Delivered,2
39728701-9ef7-4c2e-bc9a-2f72331ca465,0f9679e4-f3e1-4aa5-99e8-eefa877f3319,2025-04-10,Delivered,2
3ab65d6c-644e-4bfa-8499-d454bd5d2f51,509f1751-a2db-4cb4-9ed2-ee28f247355c,2025-07-06,Delivered,2
622a7708-4d29-4c07-83fe-565cb40c0831,acc0503b-92ab-4cb7-beee-d0d0a0476cc8,2025-11-13,Delivered,1
c820118b-7628-4532-9d5a-62566e02ab43,1dd7287e-ded3-4ff8-8208-cd305c82b860,2026-03-21,Delivered,1
b8fc0ee7-2d22-46e9-90a2-5a30e35582e9,dce1ef6c-03fb-4f42-be66-17126b5ccbfd,2025-02-19,Delivered,1
ee282712-62aa-4f32-a9dd-23dbad52b5d2,f566d8c8-6a53-436c-9e00-408fbe4a27f4,2025-07-16,Delivered,1
a277b377-6b1f-4c72-aa50-70f3a9eb3bd8,5c44127c-3dbb-4842-b911-9baa10027ca1,2026-03-27,Delivered,2
e38c6c7b-a4fc-4590-86b1-487f6f991084,65b0a9f6-efc9-4b89-a1d9-60ebb5fba054,2025-10-29,Delivered,2
bc0831ba-68a3-4857-b646-8dc8c9f42b7a,3c858fd0-38ca-401c-b85c-0fa6d3fe8dd8,2026-03-23,Delivered,1
9ce1133d-91c6-479c-b782-0f8cb8f4e8ea,79ba6c53-638f-4c16-bfa3-5bb324617738,2025-05-04,Delivered,1
b470c2de-e2d0-4fb8-8ae7-0ce364fc0a4b,66f5d11a-257f-4869-a67e-1056382d2fca,2026-01-27,Delayed,3
c5ba0352-0222-4df1-bb89-a00ce5664ed9,1c427133-1804-4add-9491-d9f4ba000c82,2025-09-22,Delayed,3
95874824-c607-4db6-8185-c2c3aa459c67,67fb0583-f632-4df0-b083-4b2a71dc4bb7,2025-04-14,Delayed,2
8333ee13-ba7d-4ba6-bcf1-71fc044ce152,a59ac714-abe3-4dfc-94ac-c69139dc1497,2025-02-25,Delayed,4
dcbe831e-e036-4d4b-9593-1b79be04d428,36f2f044-2539-425f-b6d4-96b0203d1de1,2025-10-21,Delivered,2
5d101de3-91f1-44d0-97cb-27ac8eae5235,01fc0ab6-4526-4407-b926-8e7259ec9aad,2025-12-31,Delayed,2
5a0ec9a5-d95a-4fb9-be55-99f06d42f270,f9430817-5825-4180-ad90-e5f0b398b0f4,2026-02-25,Delayed,1
3feda78e-16b8-4d17-9891-8397d1e74d38,ce38e702-b689-4c4b-9089-42628df79218,2026-01-06,Delivered,2
48fb82dc-e03a-447b-9b7d-5e05fd144eee,a8ccab48-a7a3-473d-a1aa-8b3d1e85eb7b,2025-05-28,Delivered,2
ccdcdfec-ee90-4ec5-9bba-1c8864cf48b9,73921c37-3f17-4899-b5bc-9cb7195ac3cf,2025-03-16,Delivered,1
da2a47a5-a6a9-4577-a9ba-6c8f1968909e,f476d5b9-9198-4d99-b6ac-2205d9ca6f99,2025-09-02,Delivered,1
64e6f22d-b106-41bf-be40-864b6882e9bc,a26e4c59-f923-4a69-8fd9-ae32025cf6da,2025-08-13,Delivered,2
5a907304-afa5-476d-be3b-07a85eb9f8e0,09566447-5a25-47d1-aac4-f8bc7904c6cd,2026-03-21,Delayed,2
f9d1968c-77c3-4f83-8d99-c25c5f74ee84,bee3f015-65a0-4ffd-90c0-d7106b8d2ae4,2025-10-30,Delivered,1
e474db20-4de8-4951-8310-9c98e117047d,5d59e6a7-ceb9-432c-a168-36f9129a9bcb,2026-01-22,Delivered,2
27632880-324c-45f1-a3e2-638bc34396a5,2afd59cf-d97f-49ce-89a8-b639b6d4c7a9,2025-04-13,Delayed,3
27d1274a-1225-4f9e-99fb-de81a9d7df88,d0ddf3d1-edb5-4751-b7e6-4241cf0183b5,2025-03-10,Delivered,1
3c54f179-33b6-4a71-992e-9183da54fb46,e5573f7f-513f-4890-94bb-92e09d857290,2026-04-08,Delivered,2
3dd34921-3f81-43a1-871a-44d3179a9161,e47a5f69-3443-4568-ad95-588af2097e0b,2026-03-04,Delivered,1
0d5511e1-648a-40dd-9a47-55c7502f9101,25265bf8-8df6-489f-970a-d0a440a86626,2025-10-09,Delivered,1
228a2b05-4d63-480e-9561-be86c2253f54,c598da57-add1-48b0-b9e1-82efd32b5ee8,2025-10-30,Delivered,1
fe212d03-7261-4e33-ad44-74f8e4e873e9,ab855555-5135-4d70-a3b7-18a15ee3c530,2025-05-14,Delivered,1
edab70e0-bf6b-4260-a60f-6ec58eb17b5a,c5e6621c-dee6-4ac1-b490-5fdbbb74975f,2025-05-18,Delivered,2
6cd13a3e-88d7-4336-a468-45066e250321,1cf6676c-ff95-4d3c-abcf-d156b43f9d84,2025-12-06,Delayed,3
cfedd934-1ae9-4a1e-ba96-8dbfe0a6ec92,27ee4468-b350-46d3-b264-e7f00e24f0b7,2025-08-09,Delivered,2
ad30e875-637c-4250-97f4-d97ac093e1b9,94240c11-9845-43a0-a044-921b3bf22623,2025-12-30,Delayed,2
f391eaf2-cfcb-4eec-bb3c-38925c49f449,7382a5a9-da7c-475a-b001-31044250d03d,2025-11-07,Delayed,1
68232724-d55a-4e03-a7b2-bbabe9834761,8f4c2486-290f-4d32-a71d-8da170f9e32a,2025-11-07,Delivered,1
428776ef-eab7-487a-a944-4874dcafb9bf,cc9dc96f-cd7e-4a80-8654-3259bc14e802,2026-03-13,Delivered,2
4a6125ca-0d14-411a-8a9a-e742b3153919,d806e2c1-ea5a-4a87-bf66-c56592a25913,2025-08-29,Delivered,1
c0bcce94-cdfc-44d3-96ea-968bb959f17e,b3eaecfd-b143-455a-ad49-7c2e4848e3ad,2025-07-17,Delivered,1
0ad1c4bd-c811-44a3-8a62-451116ec7512,f9f47156-41b1-498e-98d4-33e62e05adba,2025-11-29,Delivered,2
78e3ec33-189f-4197-b7b9-3eb8aa72b242,5e9645ea-291d-4a09-a7c7-722c768c8707,2025-12-23,Delivered,2
a4a5ecac-890a-4667-9b60-c905d06b1b2d,50eaff0f-d56d-4d8f-8dcb-d6f25d40b98d,2025-05-18,Delivered,2
a6982a9b-a0cf-425c-abe0-4de8d309f9d8,e8e1c24c-13cd-474b-a145-41ae06d5fc73,2025-10-13,Delivered,2
0b088ddb-61cf-4ae5-bdd1-a488ad9a5953,768e639c-a361-4783-aca7-5a1a6134165c,2025-06-14,Delivered,1
1b7d191f-b9fb-4c10-a1e7-e251f776d025,109111a3-4e90-415b-ba82-11ea4ca687bf,2025-03-23,Delivered,2
0fd7a8a8-b8ec-450b-816f-da7f2c80e4a6,395a74d0-50bd-44ee-81f5-083fd7bbea8e,2025-05-10,Delivered,1
8182d561-9ddb-4454-853b-8b869b619886,0e9bf19b-9df6-4fbc-af7e-a71943afa4ed,2025-07-03,Delivered,1
0ee4aed0-5018-4d59-8a1c-2423d737c21c,565ee798-aebf-472c-ac36-6133e813c81d,2025-12-05,Delivered,2
5a25dee1-af29-47fb-b39b-72bb328240af,4863eae0-3213-4569-b121-1e7f5aba21f6,2025-08-10,Delivered,2
5a491ef8-a49f-4364-8d5f-49cb3195a838,968592f5-2221-45df-887f-9d6e1f46ef1d,2025-03-20,Delayed,3
58cb13c6-5be2-407c-a35d-158f84fceb56,a21fd360-7a1d-4342-8800-e128571d3b30,2025-03-07,Delivered,1
a9217c33-ccab-4af9-9b96-74190c1d602d,cd9cc82d-0e35-4e7e-89d5-d86c106d02ee,2025-02-14,Delayed,2
1da58b58-0baa-4675-bf60-e80963f7e952,ae5b132c-9b26-4094-ab38-16c95c4d437e,2026-03-18,Delivered,1
d9704165-3e87-4d4e-aabb-37f16a621ed4,de2a803b-e5b5-4f3d-b3a4-4cd23e9f1e40,2025-06-06,Delivered,1
1ac2479c-12f0-49ef-95f8-4966950d6899,1ed8ad38-c6b1-4333-bf85-059037a6fdcc,2025-08-29,Delayed,3
c23da73d-a6e8-481c-b437-36ed0cb1ea54,2036e396-172c-41a8-b151-6d1c1879e803,2026-04-04,Delivered,2
76c61ccf-43a3-4a00-a0a4-ab1d69a6a495,98ea1234-7e8f-4731-90ed-62d942e9cffa,2026-03-05,Delivered,1
12bf5792-8fc8-4bb4-88dd-1cd1e86e111f,abc29f94-1e7c-4835-a5e5-ecfa43abb4f0,2026-02-07,Delayed,4
db88ec4c-5398-4dd1-9a17-fe066dc91099,c183777a-3b6f-4ed5-a1df-75974d0f680d,2025-08-06,Delayed,1
90e65d37-bee4-4646-8e72-597ab2f2ac4d,f3fe259f-4e51-43b0-b263-24caade8d1d9,2025-04-21,Delayed,4
18bb0b69-d672-4c46-b26f-db233be1154d,e8fe38c7-f621-4b61-a742-ebe677664d0b,2025-04-06,Delayed,3
a7887929-e582-495e-ac76-a0a77358a98f,02ae035e-01f4-4da6-8a41-cd02c73fc70d,2025-10-20,Delivered,1
dea32995-f305-4999-a9da-5be2db664161,44f8a784-4dca-423f-8378-0af49069868d,2025-12-29,Delivered,2
62008753-f94a-4ab8-853b-79269275579d,bfb04740-b023-4b90-b1e1-51b9743ca35c,2025-09-07,Delivered,1
61f074cd-2d93-4cb3-81da-c9d300fc5af1,050ac6b8-8055-4826-9bd7-9fb54c3f95bc,2025-05-13,Delivered,2
6f9145b6-7623-4938-b127-b84a1a5343ac,d3f5a912-17a1-4bc9-bf2a-7c04b41653e9,2025-02-16,Delivered,1
11e707ba-b829-4e32-8c5a-a4904152cef1,f91c3a3c-9ea3-4238-9baa-9448b4fdc3a8,2025-05-31,Delivered,1
f84d3ec9-2228-4a2f-a6c0-01fe61aad1c6,467d5256-98bf-4f88-b441-ef83ac059a81,2025-01-20,Delivered,1
cb6c26d3-0694-408c-99b9-c409c0bbeb18,e2556eef-c5d8-403f-a660-ec4011416ce8,2025-10-11,Delayed,3
c77ffd53-c227-44d9-9cfb-9473fb1b7845,37f22a5a-2898-4423-be54-ef6fb1fea157,2025-06-26,Delivered,1
a81d7401-c287-4d69-9f04-4bfdd38c529e,757610f3-a755-4c8f-a975-6ede44a610d0,2025-10-18,Delivered,1
cdc34a46-9270-4de9-877c-9a1c0b8ee249,2bc3c422-f234-4425-90d8-2b9efd358bca,2025-05-12,Delivered,2
6cc42a61-0b23-4ff5-86dc-9b5b92759e35,fb3cfe8f-72bf-4315-918f-299910ea2914,2025-05-14,Delivered,1
43f32881-fc33-44a7-8896-9cb6c70ca294,56399023-11de-46f6-a1c7-6b1cbc4709fd,2025-06-10,Delayed,2
335d48ab-b32c-45d4-8d37-8f1b5f7660ed,91a9a6fc-e8b9-4ee6-8eff-e4d928244dc2,2025-12-04,Delivered,1
e467771d-19c2-4ea0-a20a-bb99dae3ad11,f657f196-f274-4695-abb3-5f24050a0fb0,2025-12-09,Delayed,4
c97dd41f-a2e7-4717-9b75-dfd0121531ce,2b041eb8-34b8-45ff-9c40-aff070f0b936,2025-06-05,Delivered,2
30a93a5e-c6e7-4f47-85f9-fbcb8bedc70f,b74911e2-469c-4699-9c15-906faadee71e,2025-09-06,Delivered,1
251a954a-25b2-4e7a-bc41-42f177be3d0e,8da67d32-2f54-40d2-9450-beb85b61e0d9,2025-07-06,Delivered,2
8f7bf3e3-1224-4006-a205-46f063def340,d8018767-2781-4b7f-b83b-e7d79cfe63bb,2026-01-10,Delayed,4
ef26c8cb-54d9-4530-9fbe-0563aba4f9ae,3876253e-f680-49bc-b6b0-d9c548308f98,2025-12-30,Delayed,2
c9ea516d-3320-421f-b2dd-25bf88d198ef,c435e983-5e9d-4915-af50-ccdb7e9ee9e8,2025-02-09,Delivered,1
8ddb75ff-a9e8-4cd5-a706-aea6b0b3f52f,acd6770e-8641-4329-aeed-4fd61266839c,2025-03-11,Delivered,2
a4927cde-de51-4e0c-9be9-3cfa24e9deec,ffa70ccd-de45-435c-80d2-0f45d089ee02,2025-08-28,Delayed,2
bf3e3cb6-8ad5-413d-9465-d990c358da78,28c571ac-0303-426d-992f-6d58ede5321c,2025-03-25,Delayed,2
1964cf0b-2c70-4217-85dd-6ab4f224bc95,6cf745cc-7005-4f04-950e-a17ff38e17ff,2025-07-06,Delivered,2
c055b3d9-0341-477c-b54b-4e322da090d5,6dbfbc3d-8ef8-49cf-8684-f40e486414b7,2025-12-28,Delayed,4
a3689a4d-60d2-4c44-abd0-2d4235c27676,7a7be4eb-1155-4cc6-a46b-14b41a80f00f,2025-05-10,Delayed,1
24da1227-4c55-4e34-a194-b15176bc6d34,6b152770-a59e-41a0-a0bc-45f458ba9159,2025-04-07,Delivered,2
6bf2a411-931c-446e-b0c1-f2f4bc96c149,65158fd2-a6c7-4e2b-b87f-42b2e81dc7f4,2025-07-27,Delivered,2
e43f7bd5-1f1a-4ee6-87e8-ddb3809c2947,371d1987-78c5-4ddf-af66-a9eaaa8ad59d,2025-06-28,Delivered,1
0af3cbe6-5b13-4c34-9d3e-a815d4e2a168,51890988-240a-4c79-a2cb-6bcb3f976903,2025-02-14,Delayed,3
86b2497c-afdf-4da6-bcc1-f1731084aca9,ac48251b-d271-40b2-a7db-8433c6ff8291,2026-02-22,Delivered,2
9402c7e0-1308-4e92-af3e-7dfdf761eb1d,785b031b-4f51-4fd4-84b1-3d29be1dad7e,2025-04-18,Delayed,1
086d7704-e9fa-464a-82d4-278d16f75f97,41254e77-ae1d-4baa-9afe-0434fbe6c5e4,2025-08-07,Delivered,2
5d252036-4460-40f5-94ea-3f7791fe90ab,d2c5e77d-39b4-4f3a-b8d7-351f05352c0e,2025-05-30,Delivered,2
de644bca-f381-4732-9a64-1bfca527a6d2,c260d471-02db-4f71-a72a-20497d81f4f8,2025-06-25,Delivered,1
8bb5ef57-3306-44ba-9217-9ec3aaf86d14,3f0f8b4b-0609-47da-a67e-7b4cbca01777,2025-06-01,Delayed,4
bcd3480d-0c95-45e0-b495-86489ea1cc73,8160a0c3-6400-462f-a97a-eebcedd349c1,2025-08-28,Delayed,2
cd89485c-9b34-467a-bb63-1b1c44bb78ee,15724a40-179d-4402-853a-5dccd7bbe2e1,2026-03-02,Delayed,1
dac36052-ce31-4616-8155-326dc6e654ef,46e82322-fdbe-4acd-8c08-562d4361ab3c,2025-08-16,Delivered,2
4d8d01d1-d793-4456-aae8-7ae88cc071f2,28b8f7f0-a51c-4433-b6fa-3c591bcb1a17,2025-01-25,Delivered,2
74f3e208-61c4-4c7e-9658-058be8d969c6,a128f468-e463-4028-b7cc-b893f1a9cbd6,2026-03-05,Delivered,2
9203caf7-ba4c-42ac-bdd7-05107bf10506,d64c5ae0-61ea-45a9-92b8-539acbb97b09,2025-06-28,Delivered,1
d3303c57-0465-4f1a-9198-c8187f0c47d9,4ceb5bf9-2297-431a-b8b7-072233d455da,2025-04-25,Delivered,1
570f9ef7-c63e-4e4b-a6e6-241dbb348da4,5940934d-e799-49ca-ba6c-abdd68b44408,2025-06-09,Delayed,2
6597a2d1-7ee8-48ed-a7ef-f88c7769be59,5cad264f-621a-4c70-b3a1-8b0a3648b4c9,2025-04-09,Delivered,1
3b336484-12b1-4b36-9469-943c58b3905c,563b53d6-b9dc-47c5-842e-23e9a7bf8abb,2026-03-25,Delivered,2
e526c24e-c578-430c-81f5-6f8a8653324a,4d655724-b3fd-4e56-a54b-f58c3f281d18,2025-09-19,Delayed,4
a087bd6a-9a8e-4424-8af2-9ac4f362c79f,7ae7e88f-ea21-4e54-a687-5609b97bfd60,2025-05-27,Delivered,2
89e98c37-d2e8-4cd6-9b4b-159a6baeb243,0ff9fff3-e1ff-4f69-afa3-77969038bd9f,2025-12-09,Delivered,1
6ff2a35a-21ff-4311-8784-7f65962ac277,c994a62b-7f0b-4d46-aea7-a13e5a5b1121,2026-01-02,Delayed,1
d94129aa-dcef-4dc6-a0b6-c5a906d96c82,7543a070-f951-4e92-ae33-2e2ce819e6d5,2025-06-12,Delivered,2
377d0010-7d15-4fb4-a2a8-1d7eefd30f46,7618c99e-3002-4896-b785-526959be1d52,2025-11-07,Delivered,1
7c9084c0-5a19-4c59-a6c6-0df8f0ed4278,d4850d06-e393-44fd-b291-1eb305a82167,2026-01-27,Delivered,1
d6f187f4-5fa9-4aa8-b6fb-4e9c324d8469,c64716ca-b722-4aae-8633-cb3658ed2d71,2025-06-03,Delayed,2
5755aa60-4a5e-4f83-8559-8465b85382ce,246c83be-0b3b-4677-b734-558c44a3f57a,2025-05-28,Delivered,2
507a8a5a-ebd1-4d26-b30e-d5fa627abb86,be8fdc14-3048-470c-b946-0b4d3d4e8563,2025-05-25,Delivered,1
59653f1e-72a7-4c23-bf84-b69a5c29384d,dd43026f-9fe5-44d2-b8b5-a52fb4435ea9,2025-06-30,Delivered,2
a7af6f28-d73a-4f72-bc78-3c54860098ae,9a658c2d-dd55-492f-b8d6-3581b18eae40,2025-12-15,Delivered,2
621d5edd-d839-4d40-ad4a-559f42bca3a1,c7b3cc1c-affb-437d-a07e-bdaf92943c8a,2025-06-09,Delayed,4
e5903064-8a03-4334-a282-1c75d2334e2d,960f13db-9140-4096-a31e-d1cd5d026f3e,2025-12-04,Delivered,2
b1ff3488-3316-47fc-96f7-a6912d4b7c22,a995d6a0-4d59-414b-9d8a-c94b87d7745f,2025-12-30,Delivered,2
50b3be5b-4958-4151-b6ac-e81526c69178,827c73b7-6746-422f-ab04-e05ace51062b,2026-01-09,Delivered,1
2edbd20a-85f9-46f0-a21a-24ef860aba84,36faee47-3c94-4a0f-8b4c-1904f1e6fcdd,2025-11-22,Delayed,3
3d0e4b49-415b-4e03-b102-f6de616b54b6,611e68ee-f3f4-4fdc-a951-4d748ab0adbf,2025-04-17,Delivered,1
35fb9d55-7df5-440f-ac5b-891df9e0849e,d9ccf4a8-fd93-41bd-9049-bce1512e07a8,2025-04-18,Delivered,2
9e0e54e5-0ee6-4429-967c-27fe87ecaf9c,f7162aea-36a8-4f7a-bc24-1798e2d54682,2025-01-21,Delivered,1
213b2572-0303-4b45-8f21-8882ffba57c5,bf3a9030-0aa7-479b-b876-80583394a34e,2025-12-07,Delivered,1
f82469a0-46ad-4134-8463-6c88ac916d3a,1996805a-2e85-4531-91d7-df626d7ebf4f,2025-06-14,Delivered,1
cc1363e5-b38e-4d58-a3cb-f33b8cc3a3cb,1c3798db-4315-45c3-8987-3403141c492e,2025-09-20,Delivered,2
118dbcba-2b59-403f-a9cb-936de7563694,b9b36514-b3d7-4f6f-986e-f9560c046e9c,2025-07-25,Delivered,2
313b7586-2241-4c0c-8593-cc202888903c,7d32f1c8-afc3-4bc6-826c-ed8203b88db0,2026-01-28,Delivered,2
e4d9eee1-8f74-4f31-a868-df1d513af8bd,ab272a29-7d2f-40c5-afdf-2a30b5b37af5,2025-04-29,Delivered,1
3ea01462-3c2e-4335-af80-f87017523d86,6daa0dbf-7d62-40c6-a0d8-bc12f26f3750,2025-04-27,Delivered,2
9e144346-d5c6-40b5-a996-7cc5729fe974,65ae37f5-fd7a-4e66-969a-b6f0a3954000,2025-12-31,Delayed,2
f6a53be8-0d8d-4883-9135-ef0495c231bc,d2a5b07a-3341-4c72-924b-f242958a2c09,2025-03-18,Delayed,2
0a799f11-ac2d-4bb2-a7bb-426817ba227a,1b4c7c37-6615-46fd-8026-ad8a3e4a945e,2026-01-01,Delivered,1
9cabb231-eddd-49cf-b2e2-b0c31f90ea7d,612ac6cb-ab15-4c44-8a28-0383f0f2cff5,2025-11-09,Delayed,1
319e87d0-66af-4e65-96e3-f0311c61cfa9,e32a9ee4-17fc-41d0-9ef9-6b1a8cc53f40,2025-05-15,Delivered,1
87298c95-08f7-4cf4-9997-cc80eb22076d,ae457977-1c0f-45c6-a683-eadc4edb8d69,2025-06-23,Delivered,2
0571ba71-1276-40f3-b8ae-39437c021afb,dfbf4f6f-4750-476a-810f-771374bd6068,2025-04-21,Delivered,2
12d1c62a-56d3-4d3c-bc49-cba0116c553c,2fee31d1-5274-4496-ab04-08bc0b442993,2025-03-12,Delivered,2
c0b18e5e-be2e-4635-af1e-80a496975d31,8f6e0caf-0655-429d-957f-73ac355dfd45,2026-03-13,Delivered,2
131de001-9bde-41e9-ae79-6eebf107b211,93d49992-e282-4afa-ad31-46ccafdefb42,2025-07-30,Delivered,2
32446282-6eb6-401f-b1ba-7fa1744de0f5,c49f1eb3-abbe-4224-9d7a-1ff542625c17,2026-03-17,Delivered,2
04315d33-eaad-4261-a9e1-00113ad7d356,7b3f1b3c-266a-4e59-b28e-1c677c6a056e,2025-10-08,Delivered,2
dddfcd58-3216-49d1-baf4-f1022243a88d,f1af80f2-ff6d-4275-a5c1-a11efdb3aa51,2025-02-24,Delayed,1
20d03bee-4951-4ab4-aaf0-1355e728cf4e,8e1002de-7b72-4b31-adaf-4e5f38190106,2025-11-13,Delivered,1
ba342241-ecca-4db2-bdae-b7d5c03b73ce,d64b449e-4db4-451a-a90e-7a02d2254467,2025-03-09,Delayed,1
84678c5a-ed83-468b-9a2c-ec55c3de7df2,1da01173-c67f-4834-b0da-220acde86567,2025-10-31,Delayed,2
e9c38cda-04e4-4f66-b678-6dda8f6ce0e0,e9a10c73-d4d4-48aa-a074-652cbb3a114b,2025-11-14,Delivered,1
beea70f8-5898-4aec-bf4c-8a00b75537db,94300dd2-1eb6-44a6-9761-bd4fe66cc61a,2025-05-18,Delivered,2
87ef8634-b60c-4b24-a69c-85a380725f86,4583622d-770b-473e-b7d0-f0b12e94c66d,2026-01-13,Delayed,4
5795df06-a7d1-4e69-915f-ca779e98f1e9,b969577e-7110-47c7-9812-939ba0b70b6f,2025-10-31,Delivered,1
21e14586-dbc5-4c33-99ed-baa3ee57cc3c,b59df3a0-2f5a-4d1a-b6eb-c7137aa93419,2025-10-25,Delayed,3
869d1540-d8a8-4002-9973-78aa1c50b0a1,120ce9dd-9d9e-4a32-9c19-6448809135dd,2025-10-18,Delivered,2
78d56432-e8f8-47fc-8e84-be8eecb3545a,88f2c702-8c25-4a46-9d46-799c57b52deb,2025-07-21,Delayed,1
53c7e8ab-e6ed-4bd8-ae18-46354862ab02,eccf9fb8-edc1-4114-86a4-b4c6491f8500,2026-03-15,Delivered,1
77f8bf20-8774-4062-9116-d7fd19742fa7,d9854575-e01b-4532-84d5-2a3771423926,2025-02-28,Delivered,1
1a8aaaba-9d32-45fb-a455-a1d1a12ebbdc,505273cc-54ef-4298-9aee-7845490d2ca0,2025-07-18,Delivered,2
b69a8a9b-cfef-42fd-ad7a-52d12519514e,e4fbc9f4-195d-4328-aec5-08a70abeca4e,2026-03-25,Delayed,1
258d8233-4216-45a9-a981-287afba6db3c,862003cb-4002-4837-b56f-7388180bea08,2025-12-05,Delivered,2
27481e31-0573-41ac-875f-73be35ad53a8,b1d61aa6-85c9-4285-a833-a95fef674027,2025-01-08,Delivered,2
cbab3c5b-3cf0-424e-bf52-6a0cc5b62539,c6950a11-3d80-4769-9115-0e8612119e37,2026-01-13,Delivered,2
7d205deb-6500-4276-829a-6289a0602e0d,38fe539d-546c-4bf8-b8bc-6122412cc3ab,2025-10-21,Delivered,2
beaec0ca-800b-4afc-a991-2ee36b6acbe0,478efdb4-8576-4b8f-b122-516c1c26e44d,2026-02-08,Delivered,1
d62be540-964d-476d-b8d6-7cbf9a293f81,4f44c498-acf7-4d05-b016-a85d9ca324a2,2025-11-17,Delivered,2
4d310beb-f801-4e8e-939a-0d67d6006b91,24c89a80-af7c-47c8-9e43-e5923c070c4c,2025-12-21,Delayed,3
00de8587-ef50-4528-bffe-e7114c7e925c,9658c2ec-390c-4cb7-a745-7b3ded62acf3,2026-02-26,Delayed,1
fc984636-a66b-449f-8113-094404dbb32e,6b5c9218-5b6f-495a-9c93-e61ebc737033,2025-12-08,Delivered,1
9bb927ee-258f-4bff-b266-906a8fe283b0,4a792f93-2236-4c09-93dd-69938a27797c,2025-08-15,Delivered,1
74753cf3-d706-449a-9168-d984ba84ec4c,a0ea7151-e7e4-42af-abee-460da9ee11c5,2025-09-10,Delivered,1
568e93d9-128b-43f1-961b-80df4911a609,106acf60-4c6d-40fb-90c8-0bec2ee36b89,2025-12-06,Delivered,1
34f75f08-3a29-4b73-9b43-0915996c5a45,ba6032bf-928f-46a5-ae51-e3fcbcca227d,2025-11-17,Delivered,1
aa494c94-2058-41a4-ab04-deb5e2421c11,03615165-9cff-4a38-9983-eaff63102668,2026-02-03,Delivered,2
eae48ebd-00ec-497f-8b2c-6e0bdd537e18,8d6fd24f-0594-42f7-9848-c89044668b27,2025-10-27,Delayed,4
45db2ed6-f2a0-47cb-9002-bcbcbf68a597,af069490-d951-4578-94fd-66d8082fd7d2,2026-01-02,Delivered,1
a40ca23b-202c-4225-92e7-97465778373d,5d2b5020-5b03-4e6f-8a5a-92d69139758c,2026-02-24,Delivered,2
5a741e18-e4a8-4d36-82fc-ed5fbfe6d1cf,37399041-afc8-476f-a209-9fd559579503,2025-05-06,Delivered,1
be8f9048-8e31-4fdb-860c-9597dc4d9605,bc2c413c-94fe-4076-952a-bc5e9dea0457,2025-04-23,Delivered,1
d0cf8120-b438-4cad-a53e-d987b2ea860f,d55dc7d2-223f-4426-83b3-ba2ea91bd3d7,2025-01-15,Delivered,1
fccb48f6-2d5b-4a16-ad8a-848497d7a87d,a8c613bc-f611-4eae-bc72-c734593d9526,2025-12-18,Delayed,4
2e524f6c-95f4-4ece-9cad-6ca3ba29cef6,8c2eddc0-cc84-42b9-be2e-4bbc30c01275,2025-09-07,Delivered,1
6590c3d6-af48-436f-83f2-d563897b7eac,cc15c616-52d7-48b7-a35d-03cebd11398b,2026-02-07,Delivered,2
164d847a-f3ac-40ed-9713-0c0c51829b32,2e4be5ed-d4bc-422f-9f73-50d0f23c2aac,2025-05-03,Delivered,2
617016bd-f723-4002-bdf8-8f5f2f9dc916,f6e458f6-245f-4f5c-bebf-0388c06e1c6d,2025-05-09,Delivered,2
69353fa2-dff0-4961-b5cd-460c1836a053,5dc6a0eb-db80-474b-a1ce-750d2d3781de,2025-08-09,Delivered,1
1df4cc24-a8f0-4b4a-a0d1-aff09e5f3447,7e18854d-34ac-4272-900d-79c955179a3b,2025-03-05,Delayed,4
e9209d1b-0b76-429c-88a3-8558fc79ef6e,c0138fb7-0368-4548-9ba1-c5e05178632b,2026-02-24,Delivered,1
aeec56b2-5d80-41d9-b91a-e17a24cbfea4,75c6c4d0-6b9d-486c-a420-b450ea142bc1,2025-10-02,Delivered,2
8f8448da-e95d-4a74-91bc-6f5b36a52271,ad2df680-167f-4809-a103-1960a9f4ca25,2026-01-19,Delayed,4
d31522b6-272d-47dc-bfd8-7cc606495032,6dca226e-9782-4830-b030-78f11452dae6,2025-05-13,Delivered,2
19b8e63f-ecaa-42e2-bc68-dfee3ee5bd6f,a5eedcab-79d8-467f-8a72-ebaada2eb36d,2025-10-25,Delivered,2
6ad27ee9-5a0f-408f-befa-c88e4c3c4a07,a73fca28-e62e-4616-b494-ae8a5a92f4da,2026-03-06,Delivered,2
d8b00b0c-d1f3-4bb9-b767-f6362c88c82e,f29ad83d-5888-4327-9509-d426e850b7bc,2025-03-04,Delivered,1
c7464008-da7d-42e3-b143-6dc59db7a44a,669b6cc3-2cd4-4e90-8e23-f6c07a4fa519,2025-03-07,Delivered,1
4c887b14-46ae-4a31-9f30-af74a902f120,ab68c33d-e041-43a2-9e75-4c287da8fe46,2025-06-17,Delivered,1
07958523-04aa-41f7-9eb4-567f821acfe1,78a67d8b-f326-428b-ab04-7de21cb608ec,2025-03-03,Delivered,2
4b0ba17d-ce23-48c7-a784-ad6f7edddfaa,38642ebb-e846-4a17-b6ae-8d01a227cdb3,2025-07-13,Delivered,1
876d6adf-d7a5-4a60-a0ea-918763d5990e,7e7b656c-a1e6-475f-9ab6-acf1d1a35bb0,2025-01-21,Delayed,4
7a0813d0-cb3a-47f9-ac65-22360850c231,1435225e-1f2f-4be9-a491-0d4477da1e06,2026-02-18,Delayed,3
b37c9dc1-7f2d-455a-844d-ff3108756328,886c3b08-232d-49bc-ace1-385fba86c6d3,2025-11-22,Delivered,2
c7175ba1-9661-4a9a-98a1-63d00a030d82,b931d6bd-8193-4425-944a-1ccebf027cb2,2025-06-07,Delivered,1
06c7f26f-5a93-4914-9021-b6d4774bdae1,3735915f-7332-4089-a720-23fbb3bc0570,2025-04-11,Delivered,2
84045f0d-5ca2-4562-b212-9920542179fe,711e04aa-cbbd-4aa1-ba06-fe2754d2be27,2025-08-22,Delivered,2
a6bef9ff-2833-4c15-ab29-7f138c9127ac,08e7962e-8716-4aad-ba2d-db0df3a80e9c,2026-01-28,Delayed,4
5007e295-0034-4763-adac-67bfcbfd2549,42ccdaf5-51d6-4d04-baf8-24746b5d9d38,2025-06-05,Delayed,2
a37e84e1-8412-4026-8b62-50bbf8ce3a7a,b6531f5d-7975-4ec9-be46-d8b7ab8d0be3,2025-06-14,Delivered,2
65def5ac-6770-4e65-a34c-f2cd125054a0,1d916027-bee0-4c4f-8eaf-d5c702f0da44,2025-10-12,Delivered,2
36791772-5171-4292-a2a9-a77236d38146,642f5719-da81-45cd-87ff-611eaa398d0f,2026-03-10,Delivered,1
b2356534-97d0-4eca-9dab-0a527a144f3a,9a83a85f-0634-4530-96c8-dcb3088dda5d,2025-04-17,Delayed,3
5a4e7812-a7c7-4096-89e2-91dbbeac9bf3,22a365d5-18e7-4006-abbd-7b04f8a043a9,2025-04-12,Delivered,2
61556d24-cf12-4cd9-b42d-3c863b3ac92a,33cb4d8a-8467-448a-9e7e-adc9a5f87f16,2026-03-03,Delivered,1
06c6feda-bb20-4bba-b05e-a937078432ab,ba9edf78-6336-4203-ab32-0e45546a0450,2026-03-25,Delayed,1
86c0485d-baf2-40b5-8a6c-867500e3b727,c216f38e-8967-4f0e-80dd-d52710691f19,2026-02-24,Delivered,2
c49f4228-c7b6-490e-8fdc-9364d5ffd9b2,2bd5d30f-e9a3-493a-8899-b12e665003bc,2025-09-18,Delivered,2
86a2b1cb-998c-41a3-9d23-dc54ff6edb29,62c469da-2808-47a7-a99f-ff4e4c0cab68,2025-06-19,Delayed,1
7887f5cd-bb88-44b4-b49c-9cc27d9b78cb,a59b59bf-68bb-4501-aa6e-40e99becf3b2,2025-05-03,Delivered,2
1f9a546d-4e50-4432-8141-3193920feba0,371b896c-252a-4506-b6a7-1f1f51326f0c,2025-04-05,Delivered,1
09ea0245-50fb-49ab-98d6-991c436a26da,5c248d7e-1ff0-475b-b3b6-eec18921e217,2025-12-26,Delivered,2
f05e08cc-3ef6-4abb-85c8-a915df7e3818,19b73c6e-4376-4435-9466-fbb8a284b78e,2026-04-18,Delayed,3
02fb833d-0358-4c4a-b86d-887b77949dbe,2c9b7b7f-1c74-4b7d-bb6d-9ab412a1b8a9,2025-09-28,Delayed,2
e694c9d5-9f69-4be2-aceb-6621dbbbaee2,b8075973-cbae-473e-afa0-9d6604e769b5,2025-01-25,Delivered,1
4a129444-e902-48e0-8e3a-8aeb41176aa6,ca71105e-1a80-4ce9-bc38-f76053436c3b,2025-11-17,Delivered,2
f8ecdd99-48ff-405b-a55a-4215e5530572,a6f5bbfc-e3e5-474a-a13a-72d2b0a7981b,2025-02-28,Delivered,2
95c6eade-4d16-4123-9bb5-c5be63481f07,dcdbc362-40c7-4a41-a2fc-28ab32167e2d,2025-02-10,Delayed,1
ceb5fac2-1a54-47bc-9111-4d2511399bb1,95643889-a87a-4638-a068-3701dd9996e0,2025-03-06,Delayed,1
41a01445-66f2-479d-92c2-30bc71f5a643,b2fcf069-14a5-43ed-978c-c2ea916d5083,2025-02-28,Delivered,2
c8d578e6-0837-441c-b3d4-74198b274a9d,01c0ef7f-c5bd-4bc3-a490-d84fffd8a72e,2025-03-10,Delivered,1
ade87650-05f9-41dc-89d8-09f3079688da,ecd6be8d-769f-4f59-90e6-ced6bcf1b8ce,2025-09-02,Delayed,4
6936ada5-09db-4be0-964a-db096c99bd94,a1d61c17-86e9-4bd3-9b4b-19fe86f44fcd,2025-01-22,Delivered,1
58ffb806-ebde-4ce6-97ea-b6026349b5b1,0b4766fb-e0b4-49ef-b966-50ec11ea09c9,2025-05-04,Delivered,2
f32e0c86-0238-4654-8491-df7fe45dda31,75fa4607-f8e0-4da4-bc45-6deff972a07d,2025-11-21,Delivered,2
a3a3b506-cdb4-4953-80a8-553245c39f79,cd8ac752-497f-4435-b6b9-b287c6c5097b,2026-02-24,Delivered,2
c37f2a5c-06a6-4b69-8681-7e9e2567d460,625b9fe6-4420-4bec-a18b-25d57cd604de,2025-03-01,Delayed,3
d978bcdd-f29e-491c-a3f5-98904015ee3b,81548e8f-9776-461f-976f-7d757281abed,2025-04-28,Delivered,2
20ee22ac-36dc-42a6-b861-1ffc0bb1b75d,1b171624-d317-4c8c-9aee-e5fadc21ae64,2026-03-04,Delivered,1
9d78a82a-24c9-48a5-a0e7-65efabc38509,87625161-c90d-42ab-94cc-9e1f614f91bc,2025-09-23,Delivered,2
a4cc1cce-a6b3-433d-a4fd-f0c353368005,cba4a235-a178-4105-bd30-de9ef2bd37be,2025-06-15,Delivered,2
5768e312-9519-4961-bcff-24062e09d5d5,8eec52ae-c2ba-4b90-8636-24ac2ae11a90,2025-09-19,Delivered,2
b2c1c834-6aae-4e76-a673-73e6d01ac9e3,6830e020-a936-42c6-973c-f22ae4f2ba30,2025-10-21,Delivered,1
26874053-6600-4814-876e-8993d6a4dcec,57ba3be3-f4a8-43c8-84a0-07b42534d556,2025-02-26,Delayed,4
de968243-1828-44fb-858e-f0fc597cabc2,6d7cb0f4-94cd-4f94-9854-d6b58614ccc0,2025-12-02,Delivered,1
fb0fe2ab-fd05-426e-9110-4c04df948c89,74d28eda-31f9-4c91-8fe8-567c40bbf79b,2025-05-18,Delivered,2
9664b83e-3900-48db-bd75-84fb77562ac2,9d26c12f-f2f8-480b-bb9d-815fadc808f2,2025-08-04,Delivered,2
7eca1e17-283f-48e0-aa77-c9dcc9dc51d0,803ab12b-54a6-4cf7-925b-5a3d1a004e4c,2025-12-20,Delivered,1
c500c31f-eae4-40dd-bae6-93821d7896fb,fe707339-85cd-4a87-b0fb-738e21aa87c6,2025-12-18,Delivered,2
627a8693-553a-48e8-88b5-8d71cb7546b0,faaf9a58-8f2a-4138-be0e-8b4b3978b753,2025-07-26,Delivered,1
c71a8375-2a5f-4c46-b269-eb8845a83f4e,57648a70-8294-423c-a3bf-0e2fd61a3224,2025-11-06,Delivered,2
307080c9-5d4d-4e89-8248-6727a9c8b771,cd9c1a8f-b6db-4ced-837f-6f97313194ca,2025-04-25,Delivered,2
1f32c9de-b7b9-4117-9821-14fb28b5d85a,b5f87d44-124a-42c7-8509-42d493be4af9,2026-03-17,Delivered,2
494c3155-7cb3-4a85-9874-59d72ef26939,0ab955d7-5e1a-4e26-8ec7-84ec23d482a6,2025-08-02,Delivered,1
898ee609-0391-4c5e-9605-8bff586aa389,e7a48023-ff2d-4b4f-8987-29bfc2127288,2026-03-17,Delayed,1
fb65e585-9acd-4ed8-a0dc-9e54b55a252c,c1394f5a-d61c-4906-a249-c92683d66f32,2026-01-23,Delivered,2
3fb2a3fb-8664-4dab-b82c-335c5a178890,324fcfc5-be95-4572-8883-179424e7e0a9,2025-11-21,Delivered,2
6101d167-7f92-4ed7-901c-1c326b92dba5,5caa19cb-d9da-43c6-b5c2-d9a5f98faeda,2025-03-10,Delivered,2
596a836a-ba1f-4d5f-a5b5-d45526203ada,131b4dbe-a10d-4ec8-81d4-e82956f3d8e0,2025-10-29,Delayed,2
1093b5d1-3aea-4721-af93-32b6863c1907,33d7cebe-1938-4c3d-a62d-7205cd6e915c,2025-03-30,Delayed,2
1374ac49-dab0-4e26-b104-2914e359c607,448f1275-5fe2-42d5-aa65-8c825034d3d9,2025-02-07,Delivered,1
7d889606-75c0-4093-8080-5f75853661ae,1860c97f-fe48-485b-901c-1424fac5de01,2025-01-17,Delivered,2
5f8f62b1-8439-41c2-a6bf-54e4a897c2d9,40abbadb-61be-4ff5-86fd-8508f9e0302c,2025-04-15,Delivered,1
ffbb5df1-772e-4f55-840b-9f8e068ae912,b12088a2-5b20-42ef-b0e3-9518aefcc067,2025-06-04,Delivered,1
6a71f136-890c-4a18-8251-b80728e5936a,43963c10-c257-49d2-bf6e-d06a01de09b4,2025-06-07,Delivered,2
51331ee9-e82c-4310-98f3-e734bee00fba,a89eff2e-8f5f-47e4-abf1-ef0ae8c6a849,2026-02-03,Delivered,2
93f451bc-a3dc-44ce-9f90-f353c1eed4b6,07135b34-4954-4e0b-91fb-c9130b850778,2025-05-30,Delivered,1
aecb2b41-1c44-4f3c-8ded-fa70d90a245a,dec44df0-ad06-4ea0-9f0c-4f695cee41a1,2026-03-06,Delivered,1
0abbe207-d08b-49cc-a2cb-7f092e578216,ab2f8fa4-b90c-44ca-9e1c-ae18b42c55b1,2025-08-23,Delivered,2
36a10ded-6c34-41b3-971d-1a970f94bb5a,15ce5ab8-29c5-46f3-9a81-452534500261,2026-03-02,Delivered,1
750c3760-4428-4b25-8fdf-8ce9cdcdd2bb,3d3a6f1b-5532-4771-a752-4a21f9b8bab4,2026-01-11,Delayed,1
49cc1b75-19e9-4643-aad6-1808a26a799d,654acc09-adf7-42ae-9c65-19cf16c25869,2025-10-03,Delayed,1
53f38784-92df-416a-8715-fd7e70a9c2c3,6145db4b-ade2-4b42-abe3-2dff2026244a,2026-01-28,Delivered,1
08e715a7-dba5-45dd-8df1-019f513f1828,7265c552-2690-41d4-8609-9a1f777f0330,2025-05-06,Delayed,2
ca938384-9af9-4d4b-93d9-f7263025e851,d5da8a70-9a3d-426e-9b74-03313349e002,2026-03-16,Delivered,2
4360dea4-de10-4a0f-8536-eb17e1c714a9,5e95890c-eb71-46e7-836d-cba03757fea5,2026-04-20,Delivered,2
75c64e15-382e-4100-9702-ca66a5a1e4fe,0ddaf13d-62e2-4be8-bcf9-e150c632e844,2025-05-14,Delivered,1
40eba460-0450-40e7-9adf-1495d00c73fb,0452f4fd-18fe-4e58-8b04-f51642e70078,2025-01-22,Delivered,1
df39a9f9-54fc-495e-9fad-1a723b761341,a4936e96-0640-466b-a2a8-0c968b32875c,2025-08-03,Delivered,2
bd0efe7c-fafb-4e47-adb0-72cf8dabe6b1,74e3e2ef-140d-489d-b162-e5abd9852778,2026-01-02,Delivered,2
39065e35-fdfa-44c3-b890-3b1c15a194b0,1336f405-d6ea-45b8-bd59-8ddf165c28ea,2025-09-22,Delivered,2
68ceaae3-6c18-43b8-a600-af9a210985f3,cf6bda22-c5a4-4d75-8ab0-1754138b73c2,2025-06-01,Delivered,1
de920175-91eb-4589-8d1b-fc5e6cc0fc34,ce803eb8-0603-4eaf-81b2-320930a03782,2025-05-11,Delivered,2
0b7a45c9-7468-40d2-a18f-d9dcc84976ca,b2caa4d8-b24b-4d54-ac6d-a060b7fdaa92,2025-03-22,Delivered,1
6ecd791c-8cfe-4922-98ad-4089f8842c24,f7e86e0b-3eb9-41cc-88dd-5f274bd0e5e4,2025-07-09,Delivered,2
3b90e93a-0cec-4753-92ba-16443ad0a809,b2ca6765-45f3-433c-b176-8ab015359903,2025-12-30,Delivered,2
adbc74ff-e68c-4a98-addc-167ab36ec15a,6b217f48-9ecc-4f47-b939-7c203a3d182e,2025-05-29,Delayed,4
5d98ac23-41a9-44c0-9895-005ec387dc0d,e0a3e4f9-912f-40dd-b74f-7bd89a281875,2025-01-19,Delivered,1
e1b64e6c-2662-4c49-b291-c66ce8697db0,c253bf71-ac44-4552-bc49-e68c359df7a2,2025-06-18,Delivered,2
067a73f8-8594-471e-9ec0-a0f0ca489d3b,1ca122cf-ef3e-4f87-bd9f-c931a6ad0a43,2025-11-19,Delayed,4
4b2680f1-d0f1-454e-945b-eb6b4a9a5b7e,0bc486d2-9502-45ab-a44b-fc6699d4cc4b,2026-01-11,Delayed,4
7568c536-83c6-4aaf-9227-2c61e5827d2f,ad8c4d38-61ed-4ca5-b2e4-d8aad0dddb2d,2025-08-21,Delivered,2
ee22b838-fc95-42a2-b984-d403fa543aa3,ead48f44-f267-47df-8166-80b1ac25a83e,2025-05-24,Delayed,3
643ba1bf-2821-4e09-b745-03c23ea1cb18,bcee5949-ef77-4f92-9415-6084a557c4c6,2025-06-21,Delayed,1
7b9dfafa-2e98-43a2-a79e-27c8d62a9bac,d343b3c6-db3c-4869-af1e-128634954a86,2025-01-31,Delayed,3
eeb52c48-9a8a-419b-984f-06ae54f597c6,15c247a1-9667-4342-a0f1-af0cf34d135e,2026-03-03,Delivered,1
2ba7d2a4-deaf-48aa-bbdf-fb8beee16b0a,5381b056-2bbc-4351-bd9b-a212f365cf77,2025-07-02,Delivered,2
0ce7d72c-e670-44a5-91bc-971085aae1d0,fef102d8-beb9-409c-9f6b-33a9655a2134,2025-11-10,Delivered,1
a1f55bb3-d4eb-4cd1-921c-0f27760f0d6a,1ab9a583-7188-44ec-b855-531e9e825b48,2026-02-03,Delayed,4
3a7e0ebe-70a5-450d-858f-b037b172f8a1,77df9e52-9426-4f79-8b48-490902d6a91f,2025-08-21,Delayed,3
3d9cffe1-28e5-465e-b7c2-134f4ae54582,74069b30-1e99-48bf-a7e6-3cac33cffd54,2025-07-24,Delivered,2
4ae3f191-ec36-4652-bf5b-b9e96f768c34,ebf0fb24-2394-4dc0-98cd-a7f627a64f8d,2026-04-02,Delivered,2
a182dfcd-c1ed-489e-85dd-556eed5d6c5e,b99bc65a-bce7-4a77-bdbb-6dae907a2edf,2025-08-16,Delivered,1
e020ca99-8c1c-4988-92d5-e54bfdefd0c8,92b9aea0-42ec-4f5a-9371-ff3723fca0a6,2025-05-20,Delivered,1
e2ca46b3-4b90-4898-8605-e30e4532bf63,9e51b208-b8e4-4b12-be14-e30a77a589b9,2025-07-23,Delivered,1
ba581880-872a-4012-a1b2-9a904213e709,c9bfa671-0395-4841-bb51-b15b1a9b7862,2025-09-09,Delivered,2
9e6fd6ab-b1c5-4f74-912d-79f2698cdfdc,a9df3bef-a8af-400a-a9b0-144408781875,2025-06-10,Delivered,2
184ae5ca-7924-41c2-a9d8-250285856433,9fc5449e-f393-4d4f-ad17-507d1b800b24,2026-03-02,Delivered,1
d78ff2e4-6dde-4030-8cb2-977f0e647d8c,7d7e67ed-506c-466e-9064-1e1859be11f7,2026-01-24,Delivered,1
3504546e-cce4-4fa8-8b20-1c9df0dba564,f4059208-74f6-4b88-85b0-d62ceab4c8bc,2025-04-16,Delivered,1
11c9b4e7-27dc-4085-86e8-73ead4fa3a6e,f14403ad-9baf-4231-82ac-8e9902bee2f9,2026-03-27,Delivered,1
a1a26ac4-b49b-4f71-8dcb-d87747810b87,0ccb9a36-ee7b-4cb0-8775-4ee5755f8789,2025-11-22,Delivered,1
f69c1e9a-2fa4-4c15-8af8-ee5495fd75b0,92dfed27-6ff2-4f12-841d-cdb9cd560b5b,2025-07-12,Delivered,2
1b0d5b2b-36ad-407a-9ec5-e47fcd80b8b1,00507aa4-6ee4-4eff-aab4-001b5b83855f,2025-02-08,Delivered,1
aeaa4a28-75e0-4c2f-b48b-9fa0a6e9b137,a96a5ccd-d42e-400e-928d-c533a82a7bde,2025-09-08,Delayed,4
bf8a816f-18e9-4c01-93fc-f72c372d49a6,488d50a1-c8db-4283-80f6-c25a3c59a0d2,2025-05-08,Delivered,1
c3c4efb9-99aa-4092-b392-40cd6a5ef9fc,96d7fb6a-e39c-48ab-8a22-3defb60e4df0,2026-03-10,Delivered,2
274e9ab9-4b91-454a-a6b1-137097c5c836,95957b0d-be8d-4430-b231-2c9be0b1f106,2025-03-10,Delayed,2
158fc0e5-ea2f-4994-ac3c-f1a9c915b38a,4bf6aa31-f0d5-4fce-8ef3-d58e12acb622,2025-02-18,Delivered,2
544ff910-9042-4978-a272-c1e787b57cb8,40d3f3b6-cc56-4683-97c5-a5afebbd1fa8,2026-03-11,Delayed,3
0b776b0f-53c9-444d-931b-61902510b8ea,350bf52d-cfe2-4aca-bcf3-b722de56793d,2025-06-23,Delivered,1
67573c0c-6dcb-4c67-a8a3-d3fd523c5a8e,b1ae414f-5ea9-4e2d-959a-ef60e9abfcac,2026-03-01,Delivered,2
86f813c1-09a7-48dd-8554-d33e80d6ed22,ae269132-0c83-4507-ad48-26fda3d9bbfb,2026-04-11,Delivered,2
eee64050-cc75-42e9-803a-891746ddb0ae,8de433ce-4df7-4632-bdf0-dcaff2a7fde6,2025-09-05,Delivered,2
82e9be63-a200-4810-af35-3ff4ed624d12,3bdc462b-10bb-4632-ab78-c3ebe119cd35,2025-09-03,Delivered,2
6b1b0755-ed43-45c7-8949-acf40b258dc1,5fa8d764-fc54-421f-a7e8-ee019ff2fcb7,2025-07-01,Delivered,1
38a7e6a8-224d-49f1-8ab0-27391f813eec,53ee8170-4610-421c-9f30-2ca9456de01b,2025-06-25,Delivered,2
6eed5427-a8ff-4017-8b38-7dc6c13cec9b,bc415711-d5c8-4401-83f9-b0310789b9cb,2025-03-19,Delivered,1
a74e897c-3061-4204-9b9c-bc90ac69fc17,a9a57e3f-acb9-44c3-96eb-44c10b506464,2025-05-27,Delivered,1
c0563a59-0bc3-46a7-a586-a6e3b2f600bf,6d1ec8c6-9612-4cd4-8493-695673f72c77,2026-03-07,Delayed,3
f7cf1126-d1ed-4e52-b445-c8bf33c7f32c,4d25ccf0-bde7-4fc2-865a-6df22b797201,2025-11-16,Delivered,2
9b472730-3a33-4fe1-84f9-b64f999d8143,6edfd700-8f3e-4ad3-96cf-1d511163f037,2025-05-27,Delivered,2
df276b58-4ddf-4efc-b63f-e067ae0e26eb,2fcfb016-11ad-4784-a2bb-92ba1a3c68a4,2025-10-05,Delivered,1
9afb6b29-9c82-46ab-97e2-fe83e5abe293,a78b04ab-20ec-4834-a66c-731a56df191d,2025-01-31,Delivered,1
9db60fa6-7ed4-4998-b652-9deaef1753e3,07ecda0b-6139-4478-b7e7-2218c70069e8,2026-01-02,Delivered,1
5fbeae94-83e4-413e-944a-ccbad149da59,7639ae65-ce48-41b7-94be-253165e1df2a,2025-06-14,Delivered,2
43af70ad-bfa0-4b8d-8fb6-895aebfc22c3,7ac35a08-1871-4eb7-8674-98148988019c,2025-05-21,Delivered,2
51aabfc5-e06b-483d-9a00-129dd0275b3c,88e4e2af-f072-4a04-aa3d-37a9482e709f,2025-03-09,Delivered,2
e52b3712-6da4-468d-943d-ce69e74752db,360127ea-cac4-4313-b8a0-337af9d2b159,2025-07-12,Delayed,1
2f0b0e58-a544-46ba-aaa6-f2ac54f72c46,3e3c8610-a8b8-4089-8d71-5ea720ac0616,2025-04-30,Delivered,1
8f78d656-69c1-4655-a386-1e7baccc616a,aac80ff1-3f33-41b6-a098-13ba78a824d4,2025-06-16,Delivered,2
b0d9336c-fb07-4e3e-8597-1b7712cdc399,ccca289b-caf5-4cc8-9bee-acf11d011f26,2026-01-04,Delivered,1
957db6d8-4bf7-4717-b135-250d35da57ec,2e617af5-cd23-409f-83b6-55b2191f23d5,2025-05-16,Delivered,1
ae88e93c-2e40-4d8a-b1d2-daf76f79c21b,35354386-d4b7-41a9-bf54-16dd1088ac4f,2025-08-30,Delivered,2
2316979e-0357-4615-bd00-b72a0509135d,931aafe0-b242-486e-a0ea-4efd577e25ee,2025-12-06,Delivered,1
fbe6acd2-3f47-48a1-97de-1af538c6439c,eca7b42e-acc2-471b-bcb2-bf2c71a6024f,2025-08-23,Delayed,4
c5db6a1e-107c-4aa7-ab91-d8e6a6de10e6,deddf5f5-e39d-45da-bcad-f0a0d4ab2bb0,2025-03-31,Delivered,2
b54e97ed-9136-4eaa-b2b5-1b0dbc69f1f4,6f4be581-1662-4f21-b053-0cf49c91e23b,2026-03-24,Delivered,1
51348689-62cf-4087-ad26-4006611a389a,2f765aca-910a-4814-beb1-23b53212dabd,2025-09-04,Delivered,2
9f5a5082-dcdd-42a8-a0f1-780c3045809a,89a3a13d-fb55-42cc-8f19-5d08873c940c,2025-02-19,Delivered,2
2c8b2b7c-8f7c-4dd0-b4f8-7d74252db1a2,46aedf35-e3ac-4a99-93a9-c3d08fb4cf3d,2025-07-01,Delivered,1
aa6cd3c4-6a7b-4029-8ad0-cd276f3a71fa,b3a55a11-20f0-4633-8f26-9eb33643a11b,2025-04-29,Delayed,1
0c581a2a-2109-4a24-b890-895f1aaba4fc,a18e9287-41e7-499f-8fba-c13f01f4d5fd,2025-11-09,Delayed,3
be17c523-aa18-442c-b9d9-3cfc0aa757cb,3dd6b532-52f8-4663-b723-c47af9b031b1,2025-11-04,Delivered,1
98528852-c6e9-4ba7-8c53-ea7edafbc9b5,89d1fac7-e43e-4072-b55a-3cd814a30241,2025-02-01,Delivered,2
5ead4fae-5e03-49f6-828c-d29a3e2be8c5,525b63e7-b5ed-4e3f-931d-b4046f5eacb4,2025-05-31,Delivered,1
3cb26dfd-3354-48f1-bd79-7966c23dc976,641d6ee7-60c8-463c-be35-ed5d49e92058,2026-02-06,Delivered,1
a4fe0e34-1f56-40d2-b8b3-b7703eed6766,cc7dd907-315b-49d4-a56e-d1f6331ccc3b,2025-11-29,Delivered,2
11969de7-a935-4b05-bba7-f212c62914cb,1d1b2059-8e39-4e5a-9edf-3d39d669abb9,2025-12-14,Delivered,1
99bdff7c-dc83-4a1f-aed8-ecddb0aea3e8,b94dc1ea-3d06-48a7-8a6e-435b657c744f,2025-04-30,Delivered,2
f4d61be9-74b8-4187-942b-edacf6ca0b39,49fa4f29-ae6e-4c66-a53d-a53f340e5745,2026-02-11,Delayed,1
9fc5470b-c3f8-47dc-bbe7-f4a6cf8ddad5,aece49a1-efd1-4e7a-af9e-a39baaf3a7ec,2025-06-30,Delivered,1
a8ba5c24-3a1a-4874-9244-c7abc2e491a1,5a16c1bc-21ff-4454-a8f5-cf7c9ed44afa,2025-03-11,Delivered,2
41cea564-14df-44ff-995c-59aaa867dfb4,ecc12816-657e-4c2b-8cca-a04fcd526f2c,2025-07-06,Delivered,2
cf1f1daf-7c48-40b4-9f25-eb3a7e7edc8c,7bd7cb29-198f-4bbf-84a5-07e218317bda,2025-03-04,Delivered,2
fb2a3b3c-c6c6-49b3-8dd5-c30e933ef47a,866fc6e8-c66b-4a20-9c61-a45a68be08fe,2025-11-07,Delivered,2
05a27f89-1d46-4337-acbd-c93bac7cceb3,96121c37-06c0-45e7-8fa0-a88e2d2b2d34,2026-04-19,Delayed,4
f0101e91-e0e9-4205-8726-94ad953c4b3a,7625d269-df55-4321-84c4-17b4a8800987,2025-04-03,Delivered,1
15208f29-1032-4207-a939-96da73429101,4a7e79ba-dcc0-40ee-ac7c-d09ff020bec9,2025-12-23,Delayed,4
6fd9daa3-7fe5-446f-8d8d-e00a7515f405,6386d960-91bc-4ec7-bee4-9947441e1fac,2026-04-14,Delayed,4
68583332-322f-4dcc-b25b-e62fe62c2775,03e438e0-c03d-4938-a486-daadb05daec5,2025-08-05,Delivered,1
ceb78a05-551b-4cab-af40-9626d6a2ff98,456d189c-efb1-4e74-b5af-d2813ad2b52e,2025-02-14,Delivered,2
23facf2e-fc08-4601-942c-bd74c84f55c0,23de2ab3-e4fc-41fb-be32-627a89729670,2025-07-27,Delayed,2
69049e70-364a-410b-ac9e-b45865927436,ef91bc89-1caf-44b9-9e86-0df789546616,2025-02-11,Delayed,4
690544c2-b451-4725-b2ab-ba9367c8f394,14989283-5f33-4d26-a2c2-43d331ded5b9,2025-07-24,Delayed,1
b186c457-887d-4284-949e-e9e8e98b9727,3531c938-7d9b-485b-8a8d-8e9b7849f1a2,2025-05-05,Delivered,2
abbf135e-c2c0-49e1-9144-1629adc0d7ea,4c7dbb70-5657-44a0-8a7b-6ed3300b56d3,2025-11-09,Delayed,2
b4d628f1-64fb-4eec-8a0c-70c4a5d269e8,1e8db863-5706-4818-bcdb-47a87ef59987,2025-05-08,Delivered,1
55c1a3ab-86f1-41e2-a3eb-611bc4064190,3855490e-b12c-4491-93ac-812e15df1cfa,2025-05-17,Delivered,1
e453a4e4-ed99-4d15-b5a7-0bec433f5d15,82151a0c-71fa-4548-b704-d6db7e06042c,2025-02-27,Delivered,2
e5180f4b-add6-4357-bdd0-f757b92d489f,00318bfe-92d3-4114-a073-94f4598d23f5,2025-03-13,Delivered,2
c47e0821-15c6-4493-b74d-63a22d1ec882,04af6aaf-4d1c-4f41-beeb-06ba623d679b,2026-02-04,Delivered,2
5ede6ca8-d408-44e1-9755-1f82c22a305f,54e661ee-8d0a-4d6c-b6dd-23240c974979,2025-03-30,Delivered,1
f1776f9c-6a3f-4928-a488-77689967ba36,67c9cc51-f8e0-4065-8770-dd4fc84def0a,2025-09-23,Delayed,1
abc7b457-9281-4ed2-bf6b-63ad88f6eff9,624c8edf-b768-4bd5-bc61-a23b6d41af5c,2025-08-17,Delivered,1
fe7381b4-253f-45dc-9bf6-8a6771653662,b311719b-be61-4bf0-bded-d424805f5720,2025-07-10,Delivered,2
b4884e93-d3d7-4cd6-ab4d-1bc8ac9b39d2,8cbdb70f-c762-47bb-9753-6615fe9f365f,2025-04-24,Delivered,2
8e3eace1-83ed-4f6a-9b74-d40c4eccf187,bd9592bd-a1fe-4a50-890a-248fe64a0e6e,2026-04-14,Delivered,2
8c1894d2-6a36-495f-b6a7-842c68bb83e5,e4743577-6cf3-41e0-9b6c-cfdc7c616cce,2025-08-06,Delivered,1
52b553d2-686e-487e-86ca-248536a5c3ec,b301562a-c8b6-49e5-8292-e54bf4693afa,2025-01-29,Delivered,2
c37dc32d-1d31-47ed-8e86-f301969aa0ee,d525c846-6caf-49c3-8643-53f6f4a758aa,2025-04-27,Delivered,2
57cc8a2c-46ba-446e-b270-aaa8778667fd,45a879cc-63a7-4333-bdcd-8b71cabc030e,2025-01-30,Delayed,3
f42c818a-3e3a-41c1-b550-d0aad2870f76,565fe05c-a8af-45f6-b51b-d34c7786df99,2026-02-18,Delivered,1
83c328ef-888f-4959-954d-8acdcab43a3e,7b4e41e7-45e6-4d21-8e5b-43755ca462c2,2025-08-14,Delayed,4
c3f59bdc-c7e9-4571-b790-1c0c9a2148e2,09cf09cd-fb08-45d2-bb15-e3cb0dc3e165,2025-09-24,Delivered,2
dfe2866d-e84e-4e3f-878b-26c76b840ef8,f453d986-093d-40b4-baf5-6d4041a26560,2025-03-28,Delivered,2
6bebd69c-0ad0-4c04-a5cb-cb47c901ce52,0f782546-4ea7-4a21-8a8a-3da8693f351d,2025-05-07,Delivered,2
706873cf-7bc0-40e1-b1b6-13f5f99d327e,dc84ff96-997b-4415-8150-aea5035d61d1,2025-08-24,Delivered,1
17d9b37d-be77-44c5-9413-20e490750ab9,6415f004-b60b-4a66-a6f8-70f9d915a34c,2025-02-05,Delivered,1
a2653343-575a-44df-96c5-74a02b37f5ca,259d97a8-cfc9-43e7-a63e-ea12ef9db7ed,2026-04-18,Delayed,3
f45cfb83-8994-4b87-b9d3-4473452003f2,9f6fb789-f195-41b0-b0d4-a7d565899d49,2025-04-06,Delivered,1
f35bedf5-25a6-47a1-81fc-c78fe50fb2a3,64431ece-0d82-474c-b6b5-19254739c9d8,2025-01-30,Delivered,1
2fd283a1-73f7-4dbc-87de-1f36133b81fe,baf81707-842f-4aff-8de8-657c58c0ba04,2025-06-28,Delivered,2
89ce3c6f-965c-4691-aadc-20933123544f,19e6b6a3-a13f-40fb-b76e-6761003b179b,2025-08-15,Delivered,1
5cba1a48-f4ed-414d-8ccd-5b0a04de6e1d,23eef143-edae-46df-bb6c-6b65c2bf0666,2025-11-15,Delayed,2
e60f3ad7-4601-40d4-8c88-077227c6e675,7c9e9410-a36b-4b27-8e85-34aa64592e0f,2026-01-30,Delivered,1
c20a1a61-6f6d-4abc-b434-73ab999fb46e,f87b3091-8993-4a7a-b8d4-7c1aace398f4,2026-02-18,Delayed,3
b1614aca-5a54-49f1-a0be-7ddcbcf5f153,ea76efa8-bcf9-4f08-9321-d6454a4d25f7,2025-09-05,Delivered,1
2331b00b-a0ff-4970-9baa-4b004aafa28a,52d60a5c-907b-482a-9945-c8067df4eee5,2025-09-25,Delivered,2
54ecc8b5-c9bf-4183-bda7-fdd86fd2f70b,5fff253f-c5e1-449e-84c4-1daeca912a3c,2025-01-20,Delivered,2
780a3beb-8493-41d2-8ff2-6eaf62b2f4e0,0965b1c7-1363-4c16-9af2-9ef8a0ad69cd,2025-05-03,Delivered,1
2c000149-20ea-4283-a3b5-79cdd4d520ea,da87fc53-8faf-4437-966c-afc19da0af3e,2025-04-28,Delivered,2
dee246bf-c72e-428e-8890-ff8fc6e39d1b,864e14c6-d891-476a-92e7-071304759a57,2025-08-13,Delayed,4
2f1bd346-e67c-40a8-addd-ac4cb4c53c3e,e9a1d5d7-106a-4033-a5fc-06a529b2c9e9,2025-08-19,Delivered,2
5c1f64d0-77f0-4da0-a137-d2ee3770225c,4b85653e-b129-4921-9c78-a2a15dcd2f67,2025-09-07,Delivered,1
0d8f7526-0f49-4fd4-9b51-c554d647ba11,bf49ae97-490c-42b2-bc74-57fca931d5df,2025-07-07,Delivered,2
a3a9aff5-f085-4471-8d2e-c3194ee5a6a6,1c5f23d9-ac01-4c2c-a1a2-3cbe03b8a920,2025-05-26,Delivered,1
2f06c119-4466-4365-b9f6-f88a2df8dc28,4357e6cc-89f6-4064-8c71-7f6a333d40be,2025-05-27,Delivered,2
8c70e6a4-9b5a-403c-929b-69bf5423c391,d069ffb2-a7bd-4b4a-be7f-0dfd29c237b8,2026-04-06,Delayed,3
6686f86b-843f-43b8-8215-62f6eaa1bf94,b653a749-4c35-4a4f-819e-219d32c42d31,2026-02-22,Delivered,2
48d457a4-d307-4717-905f-317bd655dad8,6c12ccff-0048-45e3-b19d-55e352ba4814,2025-07-20,Delivered,2
3ba701ac-981d-4830-a2a8-c58c628cad4a,5696a464-06d2-4f8c-bc52-695e28c23dfb,2025-07-06,Delayed,4
f64370f4-6503-4575-a102-8df549ae1b9e,da2c1ec8-d8e1-4195-b187-b64be6fdf1d3,2025-12-25,Delivered,1
674bf199-84ea-4b81-8fbf-683a042ae972,b8cd5d9f-c9a8-4331-aa9e-3162ebb896c0,2026-04-09,Delayed,4
5391dbef-ff73-436a-94f2-d24efaebc3f4,e9a3aacd-d8ef-41dd-8f41-8dd4dd59d436,2026-01-13,Delivered,1
b63827b0-3d1c-4a81-9b8e-1a932c5fc38a,27875e72-b69a-485f-b845-2b828f64f57d,2025-04-20,Delayed,1
d55f6ee8-7598-44cf-960c-5ba924b29f1e,33361d41-e390-4307-8b38-a25b4e1218e4,2025-10-11,Delivered,2
8959a201-3693-4f01-968e-d81a6ebb4789,c907dd99-4319-4461-898c-e8c06ffa9814,2025-03-12,Delivered,1
410e3723-d312-4348-aa25-38a8a42eb6c5,63ec7b0a-082b-4376-8035-95f2b1681341,2025-01-31,Delivered,2
d53e444d-05b8-405f-8ceb-96258fc716cd,8691af27-ec27-4b41-a156-18d5ec330228,2025-08-30,Delivered,2
a9225de8-f0a9-426f-910e-0258ece20910,7b6e21d4-7ca8-47a5-9121-e264be1d6827,2025-06-16,Delivered,2
95c57074-47d4-448f-98ae-5af972a2f64b,a4fc45c3-34d5-47bc-bd1b-677c4a843bc4,2025-03-11,Delivered,2
503347b4-332b-42fc-b6b0-000c697dba61,ea9fc49a-1026-4237-be78-5279a109b23b,2026-03-02,Delivered,2
2944ca1b-f1a2-4288-a3b4-2584c43be249,1a64db06-967d-43aa-bf30-2c32c9584106,2025-08-08,Delivered,2
d8d19954-cc2d-4191-8f7e-d55f17062070,c737020e-4d0c-44ba-923c-f7da960c22b6,2026-03-15,Delivered,2
ee39d25f-67ec-48ac-afef-22e6a99869c5,e1d9f294-3525-4161-960d-fd17fc96eada,2025-08-18,Delivered,1
8303de12-6c4e-49e3-9d5d-959c77e2072c,8da21fa9-ee0f-4f70-a8f9-37436c732796,2025-12-18,Delayed,3
6cdd92ee-68d4-44f5-bfa9-e210c8eca235,d88c8896-2da7-4aa9-b4e3-84f6a4c8df40,2025-12-28,Delayed,2
8502a73c-3d91-4153-8639-7cc65df35cfd,291b7ceb-ba32-4795-b480-6bcd3d1a7d22,2025-07-26,Delivered,2
5e4a6172-c0ff-4f81-8e10-319446382987,636acdcc-2c3a-4dd6-94ed-de48f9e482cd,2025-09-26,Delivered,1
95c54d92-0831-4c9e-bd77-5a80079a8a09,3ac3a3bc-9370-4bec-9feb-a55048b83f43,2026-01-07,Delivered,1
9369b780-0226-4bdc-ac7f-e5fab246988b,f0e4fe27-cec7-4aa1-9c29-40162516300c,2025-07-29,Delivered,1
9050b047-ef5f-4e4b-aaa6-7710e1cf6e0d,762ae677-505b-4343-af2a-e6fd015accbe,2025-04-17,Delivered,2
495969cb-2814-45d2-a726-defa37a58783,bdf9ca0f-c842-460a-8643-9e02ad5f8ffd,2025-04-11,Delivered,1
8498ee43-2351-4204-8be9-a88376d07ac2,3b86ea94-08b9-4cae-a0dc-e1b7d49e9cfd,2025-05-22,Delivered,1
29e7ad6e-93ed-4176-b2d4-40b10e883935,d5fac757-7141-4243-96c8-9a9367c24162,2025-02-15,Delivered,1
51af7bd2-6a59-419f-8d3c-193ebde9ce3f,2d6d304b-9279-4c5a-86b0-745a303cd64a,2025-03-04,Delivered,2
79b52fb9-312a-40b0-a959-c3ccaf45a239,7debba30-37ad-4459-a44a-73e6347920e2,2025-01-16,Delivered,1
77dedef5-f0dd-44cb-9618-3ad3af5cb3cd,22ed041e-b102-40e7-9de9-bfd700b9dd4d,2025-11-25,Delivered,1
b8dde0ed-49dd-42f6-a5be-a8355504a9b8,172c638c-9831-4449-902e-48a0604ff5bf,2026-03-06,Delayed,2
7dcdf29a-9b41-49de-b44c-da2340d7083c,ff07013f-9ba7-42bd-ac49-0e095614a449,2025-12-31,Delivered,1
97655ce9-e047-4911-9e5a-36e5d86f17fd,1308c73a-b2da-4bc7-9694-cbd449f03298,2025-12-07,Delayed,3
f3714c65-ad9d-470d-b96f-6dd36896e352,a8d40309-fc19-4ac6-b18f-85a2382d5c27,2025-10-23,Delivered,2
561bd45e-b9b4-4ca8-92b6-d92bdd0d7ce8,8cfc5d9c-9376-4796-96d2-887a2549a2b6,2025-01-20,Delayed,2
1df75ee0-1626-4349-8902-e250d85fb4e0,a88e8b8c-6466-451b-99fb-7073aa49b804,2025-04-15,Delayed,2
dca12484-40f7-4ce1-b7bf-a4d3db2d5ff7,0a5838ac-0e59-49ee-9764-ef9cd3f1316b,2025-08-21,Delivered,1
c92a1e1f-ac25-4fee-8709-e750193772db,7c1cf2b5-d4ea-4bdf-8b40-7b6aaf6b2930,2025-02-05,Delivered,1
cb6d9827-391d-438b-9e2d-42f7a793b7b7,d84ceea3-8984-4ed1-a646-f9e400d73653,2025-05-08,Delivered,2
310b0d9b-15f3-470a-bfb0-2da68532c89f,132d4a66-10d7-4a3c-9976-49a09ce431c0,2025-04-21,Delivered,2
1d89ed1a-f889-41d2-a602-74c4162d9052,a8dce3b9-0383-4205-b921-878f48302da6,2025-03-29,Delayed,1
2a8a3da4-22b0-4a13-9d15-944eaab72cee,4b7f5a09-57c2-45a1-8ec3-ca81e81efd54,2025-03-19,Delivered,1
c2c6ed52-1796-4acc-a128-8dcf5f556ee2,2894b25a-2324-4c33-9347-e488e6ae04c3,2026-03-28,Delivered,1
bf73997f-50a2-4b4e-880d-b701b2effebc,5c1ed351-1165-4e61-9623-746959cf5700,2026-02-19,Delivered,1
79677497-6a1f-4825-b599-287179c99753,812f709a-f7cd-4a92-bc82-cc8285897fff,2025-04-04,Delivered,1
1dccfd43-816a-44f6-89bd-78525d7713f1,302f7993-8c58-4e60-9258-f64063319432,2026-04-27,Delayed,4
f41f70cd-06e3-4a0c-9674-c7f02009f899,ca69d00d-7ba7-41a4-a149-daaa5d7c385c,2025-07-13,Delivered,2
39150f99-c694-43d4-ba6e-1e13c0d00f36,a4ab9aa8-cd6c-4c2d-a5ed-2e0b69c9d609,2025-08-17,Delayed,2
6432600f-fe79-4d59-a1e4-507f06f05a55,94f8a690-7728-4148-9581-2acd23e85eac,2025-12-24,Delayed,1
a8222027-6b07-49e3-a568-4ef804a72af1,53899c8e-eaf8-452a-8b0a-0919a63cca4f,2026-02-15,Delivered,2
e11feede-2f32-484f-9e09-ac98f4cec058,e23a39d4-ea04-45db-98b1-7fc567758d9f,2025-10-03,Delivered,1
66c914aa-7d74-402d-a1fd-74c47a0317ab,40d3126b-48b7-4ba5-9039-b63d19e7a183,2025-11-23,Delivered,2
2baf744b-144d-4f4d-8133-bf324d3282cc,1373d11a-97f8-4bd8-9e8c-b5f71892112b,2025-01-26,Delivered,1
c29e2e24-810f-4abf-8584-2c09d54931ff,cb05ce61-4d32-49d0-ad08-67754456bbcf,2026-03-10,Delivered,1
0b7cb27c-ec5a-4a5a-bc0d-f3af5b799677,f6ac9963-d22d-4ef8-aaf5-95ff1ea5002e,2025-11-09,Delivered,2
e8b0009e-3436-45a3-8665-ea29e971b200,a85d46da-4280-4f4a-bf4e-ac9a9643499b,2025-07-20,Delayed,4
c598ed31-ad22-448a-9fdd-ea002c948672,dab99fa0-88a0-4fb8-b363-066525473aef,2026-02-09,Delivered,2
fffcb008-02da-41de-97de-b028b36b7722,f351d437-ab55-456c-8f21-cb259a368157,2025-06-18,Delayed,1
6d4e70f1-3795-426f-a976-1085c5ecf084,6dadc63f-8011-42ce-b59f-386405d82e43,2025-08-10,Delivered,1
d27db375-0a91-493c-9a55-53fa0b295494,5aa26a9b-b985-40bf-8864-bfab8672d8cb,2025-10-30,Delivered,1
c4979bea-5737-494e-b229-e249b2abac10,1acb1cfb-f028-44f7-b6ef-d637ac3365a1,2025-12-03,Delivered,1
3af6547a-8eaf-4214-b289-94a6df26fb3c,8c3e541c-7d09-427b-bf7e-ef362a363b3a,2025-08-28,Delivered,1
fa0f6b36-6a13-4987-ad2d-a7bb2921f347,97a341ac-4e8d-445d-880f-269f92019276,2025-06-22,Delivered,2
6fbc3e9e-4389-46d1-a1c5-869e0bd14b44,36558818-738b-45ee-8472-c3a7b9621ee3,2025-01-27,Delivered,2
517e9fed-dc26-4a98-8946-54ec9dfe39ff,ee441d02-bd0e-44b0-88e3-f0bdcfaf406c,2025-02-22,Delivered,1
bf14d21c-6c00-4ad1-83c7-c05d1b3488a6,80dbcb65-e565-4e2e-847b-1c827cb6c725,2025-04-16,Delivered,1
7141b451-9a6e-40a7-8847-829cb2084f62,1057bbb9-ebb1-4f79-bfcd-ef565e11f3c7,2026-01-08,Delayed,2
4073f85e-3c19-47c8-8c27-4151e31912b1,94e7e6c4-a36d-4c09-a1c4-45343b247ecc,2025-10-08,Delayed,4
ce3608ed-0347-4ee7-a8c9-83d042107278,bea7315b-94e3-43b6-9e0b-0d866872a89c,2025-07-14,Delivered,2
5ea91a20-5712-4436-bf00-a1179b4b2402,67a6bfe2-da53-45e3-8da2-129dd961512f,2025-05-19,Delivered,1
be7bf427-8077-45e7-8631-dbe327fe9642,a655221f-fd0b-425e-b1b0-a5fdc8dcf8b8,2025-12-06,Delivered,2
010d2963-8cb9-4e1d-8165-1bac95cf7608,66fbbce4-ed7e-4048-be9d-55184ce6d718,2025-01-31,Delivered,2
26d9acff-fc4e-4031-950d-a79a9f574e32,48b10dd1-288d-4fd8-b6e6-3ff7ff2fac4f,2026-03-13,Delivered,2
c9a2f0a6-ede6-4d65-bdf6-7ab0c85efb7f,0f2324e4-8901-4e2a-adf3-5cc5b83500a8,2026-01-28,Delivered,1
550db5ff-b566-4b99-96fe-5182348c7f1d,085e50ef-2fe4-4fc0-98e2-7d99d29fc7cd,2025-03-08,Delivered,2
f5fa7704-aeb2-46e7-b09f-1b268980764f,68b88662-4d42-46ee-bb10-65e454a66876,2025-10-03,Delivered,1
64626742-7b44-40f1-ab11-8b54a9075a19,742133a9-188c-457c-8f9a-02fb7088e66a,2026-03-20,Delivered,2
9262da1e-143e-47ad-a518-8eee32dbf2ca,29a12206-b601-4791-9685-a690728d4010,2026-03-15,Delivered,1
73192547-f5ea-4805-92e8-a2df3bcad26b,094b29ae-5693-4463-9a02-059540037236,2025-11-19,Delayed,2
48d4c4f6-c9e2-43ae-8a8e-16eb2aaf827f,56ab8f47-1666-48c9-886d-397921781891,2026-01-19,Delivered,2
1c52edd6-9513-4551-8b52-e7eb6b2d4645,6660441d-6293-4c3a-9460-41e198425c2c,2025-05-18,Delivered,2
f9d19db3-614c-43b1-a4be-112f0c0151af,7f67c109-7bb9-4a64-b3a5-0e88a36a519e,2025-09-01,Delivered,2
7b0d5fa7-99b5-4044-acc7-1a9c4780810b,1d6df23d-f770-468d-b3dc-2ad3721e4c16,2026-03-21,Delivered,1
cc0dbe9e-6206-4d44-9c9e-9ed489ec6979,01b4da7c-b4c4-4dbc-80ca-28c95509c09a,2025-08-05,Delivered,2
2dd5709d-7f9c-4437-a0d0-4a8258bed138,e59f4c9e-61e3-4a17-acc9-12f8dbd7a25b,2025-10-06,Delivered,1
8891dacc-8c3a-40ef-914a-9afd1d30bf00,c528d745-7762-49cc-924d-9add935e7070,2025-10-01,Delivered,1
c983faba-02b5-45b3-9e5a-11912379a7bf,ec672527-7dad-41de-8eb7-ab311cd88095,2025-05-04,Delivered,1
9224beb5-8daf-412a-8966-f1b117763ad2,48a58084-360b-41c3-b968-ded83d55fb24,2025-11-19,Delivered,1
130320f6-691c-4825-b674-b3f4bc4d4ed5,54cc5e9c-cf6a-442e-9d53-94b64f5ed2c1,2025-07-27,Delivered,1
ff1d098c-414b-4ce1-bece-1cb8a36e648d,9ed210ef-cb15-4ca3-8169-4275cec48108,2025-12-13,Delayed,3
2a38ae82-26f6-4fd0-8557-052cd65d9d34,5486a1af-375d-4d1f-b227-f05e023997a5,2025-12-08,Delivered,1
2f5d55eb-b99b-4c1c-bfda-c0811d0c15c2,744b8ec9-483c-43eb-b9f9-e57bcc472860,2025-05-13,Delivered,1
5885f478-4cef-460f-81f1-e4568844aedb,03962667-a6c0-410e-9f64-a456048d27ec,2025-03-02,Delivered,1
c8b4bfe3-d88a-4467-a9be-c1eeba73108e,aedb9c98-b82c-4768-8ece-bf1fb1cb97cd,2025-11-04,Delivered,2
bc77bb05-b231-4e6f-adba-534c12cc010a,2d9c7f37-3400-442a-8d8d-c1d8f8535141,2026-01-14,Delivered,1
2d00229b-d49c-453a-8984-98bf55ecbc28,dccc303b-fc57-4dde-997d-cdbccb3bd4a4,2025-03-04,Delivered,1
540acaa7-1ced-4dd4-85b8-5f1d06cf3949,eb98dd12-99f1-4973-b3f3-6b31f8e80235,2025-05-27,Delivered,1
5b16a5eb-4851-41b0-8316-ae2f1ddef94d,6660eb68-1329-4cbc-823e-9c75db69069f,2025-10-18,Delivered,1
10d6ca9a-e736-495f-a594-75908d47184b,82825cff-d67f-401e-9616-d3f6d32b42e6,2026-04-16,Delivered,2
959782c8-a784-482e-9b90-8cb7a75dec87,f1207d60-9551-4c67-8936-2667f0870cb4,2025-12-24,Delayed,3
36e29e5d-c047-4987-8304-af15a625a100,7eb43b5f-1671-4865-9017-9ddf12b98242,2026-02-21,Delivered,2
c8351da4-bd33-4786-8221-944981a69aa2,41909be9-5056-4a96-8656-74b131302b66,2025-06-13,Delivered,1
9b5c0419-9c7e-4678-a665-9de9b380b5b2,ded77bca-f916-4f28-969e-a68334ad5240,2025-09-09,Delivered,1
28e777d0-105d-4bd8-9843-b5de07ea7f4d,1cf3664f-de4e-4f18-b507-b44dbb509970,2025-12-13,Delivered,1
a54ac26c-e179-4119-8cd2-8c77d8c60cda,21f1c3d5-cb5b-4eb4-aee4-f34b208b808c,2025-08-02,Delivered,2
f8409d45-f43e-46e1-8d8b-62facae4e595,65417fb8-8ae4-4717-8ded-7ef13931582f,2025-08-11,Delivered,1
6a94127e-26f2-483d-ae60-0bf9bd41b37a,65be65f9-081e-4cd8-bb0a-bd2828fcdbbe,2026-02-18,Delayed,3
8f59b517-906f-42b0-927b-db372b4e6fd4,1f26fff7-8716-4724-bcb8-fc317165c497,2026-01-08,Delivered,1
dab814b8-9601-435a-b6b3-9adfdeeff5a1,d97c6537-9a7e-4d29-94a7-6314c05a7a6a,2025-11-10,Delivered,2
7ee6b5ac-9b4d-4331-91c4-3d84c92fc395,00be4b1c-09c3-405b-b2b6-4dff9c1c126b,2025-03-20,Delayed,3
6236433a-0761-47cd-9e60-c570df1668f5,4bd7fc4a-6dcb-49e5-8376-3e45603813af,2025-07-04,Delivered,2
45f98f86-78c5-4556-bf4d-00db6e066fde,e5e7a80c-3668-4a31-ba99-e46bc3b1b698,2025-05-19,Delivered,1
1d16cc39-84b2-49fd-a00b-4f021fbc402e,c804023b-6993-48d0-aee2-33daac9c2cbc,2025-05-03,Delivered,2
4722a4f6-96f6-4ea3-afff-5411ea9f47ec,6aa7f536-e2a0-41de-90d2-a8438ff41549,2025-01-27,Delivered,2
7b71a787-e754-4c7b-bfbc-26f856abff4f,7f9b7515-f77b-4484-af6c-5c010d61ced4,2025-12-09,Delivered,2
97627f58-5a7e-49cf-947a-cab322d6915d,386fd05c-2b3b-4e25-9445-6344c1fbdd5c,2025-04-05,Delivered,2
92cff6ef-ef20-4eaf-baf7-3e6c373e17fa,0074b022-71e0-457f-b2ec-733bd225c4d8,2026-02-03,Delivered,2
a885b2e1-80c1-4d2e-89bd-00aec688491e,198cd5b1-ac9b-4e82-a556-11cf459a72f5,2025-09-04,Delivered,2
1aa42b07-8906-41cd-8d9a-742e508bc171,f2bc5575-e889-4024-bd36-8f41418e55e2,2025-11-08,Delivered,2
9f860a80-8ebf-41b7-b877-be3d8d23f865,2f674761-e8d0-441d-9ba0-b2f20e096d89,2025-08-24,Delayed,2
affbf62d-0d54-4240-bc74-caf4dc1ac903,86b7ee46-3104-4949-8a43-44c2b87c36cb,2025-06-30,Delayed,2
53008cb8-bd06-4898-a98b-54272c026829,91dde62f-35fe-49ad-b5c8-6bffc9958f0d,2025-05-10,Delivered,2
15c4a6dc-4851-48d4-89cd-b7631cdf3737,c7139421-2a4f-47cf-89a5-20048fecf645,2025-03-18,Delivered,2
461cbf25-f3ce-4b3b-8974-1acc3bbe8777,5b40a38a-3f5e-4f95-9d5e-fb28d0b1e589,2025-04-21,Delivered,2
db2ec35e-298d-4ada-8f82-fa63cf423def,2aaf0422-9883-4476-9dcc-ab727c8711fd,2025-06-10,Delivered,1
7658f742-5d76-4397-8b97-5ff967761d8b,317a6c12-2a56-42b1-82a3-aa8b4a47cd56,2025-12-08,Delivered,2
d580c1d1-6fa6-41f1-8086-ab72ea1ca0ff,ad5706ed-e1b3-446d-8e4e-71404a8326d7,2025-07-26,Delivered,2
a223d1cf-4580-4b3c-97e1-99cfd55bfa5c,2fc7e228-2752-44a8-80a5-681766b48cba,2025-01-31,Delivered,2
ea993b6f-2ea5-4142-81eb-6e69de124de9,89e13e7e-1070-4466-95d8-3e3f027fe3bc,2025-12-19,Delayed,3
5174d540-5634-4fa6-b8cc-dd2769042f34,96c16140-f489-4ac0-8d5f-3eaab151a156,2025-07-31,Delayed,3
2c480ed6-a0a4-4cba-9cd4-57a3d948c7d7,683922da-ea44-4b61-8724-e64511dfe065,2025-04-10,Delivered,1
4ed81962-aedc-4827-8753-14aeb7175ba3,e0374555-d841-4cdd-bb6a-f85b99bea782,2025-02-27,Delivered,1
2376064d-7340-4cc9-b3dd-c9e7185a9cc6,39779d7a-bdc1-43c0-bc4a-e7bc090af984,2026-02-28,Delivered,2
01202854-01ad-4fe0-89a8-7e90e8347d69,c973a3a6-f98f-4423-a546-dd8afe918f79,2025-06-11,Delivered,2
16b5285c-d975-44e2-a2ed-7ce05a3005ab,9d4cc40c-9418-4ed7-bd17-e809ee10dd4b,2025-11-14,Delivered,2
fcb28692-6eb1-4a3b-873c-935bc21aec6b,f8087214-42c9-4b9c-a659-d15e9cd0d8a0,2025-12-02,Delivered,1
b60f6496-8d9f-4cb5-a02c-68580b56bf2d,d8af8194-4627-4a03-94a5-f9849e37d579,2025-10-01,Delivered,1
b7ae8170-d87e-4cda-8f7c-c04b5361b571,1502c2b3-1c46-420a-9aac-4ecdc8c034c3,2025-07-20,Delivered,1
5a0a9c15-58e4-40b5-b2e0-9aec0ec6dd59,32f9099c-32a7-4072-b90c-9f9b5c13a01d,2025-09-20,Delivered,1
bf2b4736-c726-4462-b9f8-45bd610dae31,71aeb95b-cb9d-46b5-96d7-a5ac16e67820,2025-04-09,Delivered,2
59348fff-4197-481a-8366-ab989e48d27f,3aa17cce-f17e-4bf2-b2dd-4c7c7f036bb5,2025-03-17,Delivered,2
8b78d06a-31fe-4052-80b8-a1d155f5636c,e9d9f6a9-9a4d-424d-84d6-69e0932958c7,2025-07-09,Delivered,1
3cfa0018-28f3-4923-a2f0-8e8f7cb52a32,65e40e71-c59a-400e-b513-26f0d2025b27,2025-10-15,Delivered,1
93648ebf-e6bc-4f00-8a0d-472b86ced233,1fcc3e0e-1c0e-4dda-9e4e-6a7d70f8c15b,2025-10-29,Delivered,1
6a5f60ae-9ec6-4625-b30d-e467436b5143,23a600b4-0d16-4931-a6a6-df9a438a1795,2026-03-27,Delivered,1
7dbcef78-ffbb-443e-a95b-d7995fc534ab,796eb409-4155-47e4-b2bd-2e5262b04caf,2025-01-25,Delivered,1
bdd4f1b1-074e-448d-9377-426a308e9649,03d4446f-cde5-4ecf-a492-bc03b7e7c727,2025-04-07,Delivered,1
f52d16fa-d62e-4d8d-addd-6a47b4788370,5ace6870-cfe8-442f-b90b-be436e8e57bb,2025-02-23,Delivered,2
224d27aa-55bc-4d2e-aaf7-f9a4671c84a2,e27a3f76-d39e-49ef-af3d-d1083c5cd3d4,2025-09-06,Delivered,2
730d5509-b0b5-440b-b579-2c12e995cbab,31d45347-9caf-4865-ade7-1e8cc746a35a,2025-04-26,Delayed,3
6af3c3fa-0b91-41b3-8554-060c853f9b16,4e410384-7efc-4e4c-84fd-8c707d6fb952,2025-04-14,Delivered,2
0d603c7b-4f0a-445d-9ff7-ab8707fbb688,0f961f84-2846-4288-b5ec-4aee8e996c06,2025-08-29,Delivered,1
2273bc4d-fe70-4a7a-bd76-759113ab8c22,bbdefc6e-14d2-452d-8f1a-d5c3f568534e,2026-03-09,Delayed,4
98cbc1f9-1d30-4639-a721-f68c4360aad0,74579af9-57a8-498d-9339-e3695ec0720e,2025-06-28,Delivered,1
5b5a2314-8b84-4230-bcb9-53e7cf5467df,038cb258-4d00-4ef6-92c9-7b7a437c2bbb,2025-09-15,Delayed,2
94efe38e-b6cf-4ce6-bc83-1227c32d0df6,411a63d0-3fc7-4d2e-b070-84f8864ca589,2025-08-16,Delivered,2
acede7b6-d1b4-4ebd-bbad-4a33a1ca4c6a,bfca17a7-8fd4-45f1-9a8e-d6714b571ca2,2026-02-04,Delivered,2
a91816de-4988-44c1-87f7-2724ad928f30,105d641f-9870-4779-9692-4d23d5716b39,2025-02-26,Delivered,2
81c6bc61-bcb9-4c61-9fce-f3865be740be,9cc166e4-db6e-4d98-aafe-1423c3072f8c,2025-10-15,Delivered,2
179a8e3c-6922-4bd9-a268-2f0c46829903,ae83683d-1771-460b-a082-649616d4aaa7,2026-03-05,Delivered,1
7c75dc91-fc21-49d4-be82-d61213466f37,55e73a28-ee63-46f6-9ede-5a6700cc9235,2025-11-24,Delivered,2
cfa76289-1e4d-4d3a-9bcb-ac7ea3a11fd7,1a2341f5-0f7a-494b-8148-4ca77b5124a5,2025-06-11,Delivered,1
127a94bc-b0d0-48db-ad81-e6c40b92f757,3954794e-b54c-4466-9d2d-06c339caca3e,2025-11-20,Delivered,2
5d3f26c8-37bd-4a8c-b5b2-a71dd82efdd8,06901021-292e-4555-90a3-745d733a0c41,2025-09-20,Delivered,1
2806d36d-a47c-4299-949e-e89676e86b69,155c0ed5-268b-48fc-a85d-0bb6444245ad,2025-11-15,Delivered,1
e3de1065-9278-433f-bbad-0ef419294617,d6047a30-67c3-42b2-8cf2-b93420b6dadf,2025-02-12,Delayed,1
6f65177a-f98c-4f55-8275-efaf87ad1bfd,26d05073-c792-4151-a20f-21ccf53ec080,2025-01-30,Delivered,2
f7222d42-f268-4a50-86e4-03f12355b5e7,5699af8d-6f6b-4410-b783-3d480d3f1194,2025-08-01,Delivered,1
a8310d62-2309-44ef-9a01-32ae7bcb552a,b9615624-4b9a-4629-8348-07d10ac84270,2025-03-05,Delivered,1
dbba51c9-5545-4bea-a7b0-752ac92d47ed,41709891-5f1c-474f-b514-3dae610d54a6,2025-03-29,Delivered,1
c93feaee-fa91-46c2-9793-ea7c6829c643,48cfc2e0-7adb-4144-aaa4-594f2623949b,2026-04-22,Delayed,4
8d95308e-3b5d-4838-ae55-c45f69f0cc3d,cf65c86c-d7ec-4619-9a6a-8481f822ad16,2026-03-12,Delivered,1
7cae6781-fb4b-464c-ab4c-33dc6fe53500,d4377fbc-088c-40c9-8e81-b179eaf50cf6,2025-09-29,Delivered,1
690d8a73-8a28-4214-ac4b-6be8f7972651,0d9877da-8931-4814-96ac-558d17b889b7,2025-03-24,Delivered,1
212e6f51-6ee6-4aa8-ba05-d58495b8c38f,3776d231-e6d8-4fc0-ac46-2579975755d7,2025-09-24,Delayed,3
e9270671-0a2a-4374-9922-818bf96b1461,12296525-f824-43bf-b3e2-c3a08bd5b14e,2025-03-05,Delayed,1
dffc2008-b8c6-4d76-8f19-80ba6f9f2a13,be86acbb-2386-424d-aff7-0f08816e5adb,2025-03-14,Delivered,1
f4930e23-1f01-4e23-9415-bd7ac2122349,8531d13f-2188-446c-bd79-c153bcfa7ffe,2025-08-14,Delivered,1
77727001-137f-4cc0-b8d5-1d9d24e4fbb2,e642c32e-5eaf-4cf0-8897-84e3ea7d532f,2025-09-06,Delivered,2
53b0a52e-3693-4e3a-8fd4-ac0cfbd19f95,e3f58335-f3de-44da-b9b6-b8095729088b,2026-03-15,Delivered,2
b978acb1-39db-4c46-a32b-f0a3e32b04ad,3c796325-4f29-47ef-ab29-fee53d3aaee4,2026-02-12,Delivered,2
9580a66a-01cf-48f5-89d2-555f567bdc57,db6f96e7-7aca-4aad-954f-5d7e45111f54,2025-09-17,Delivered,1
f2f98c74-18c3-416d-ada3-857afa69031e,bb83911a-8534-40a4-a87b-5b1936efe993,2026-02-16,Delivered,1
b749f0dd-0ded-45d3-bc10-9a1b55ae486d,6ba3b7f7-4702-4b52-b499-ea5a82888710,2026-01-06,Delayed,2
3d0aa1c2-6e89-4094-a80e-43e0eb972e6f,b1194975-75cb-46c8-a2c7-45d3e7d77b4b,2025-11-17,Delayed,1
c0dab85c-c5f4-4d59-90d8-16d5983c9265,2ff6b3ba-9a8a-45b7-88ec-25be60f955e5,2025-07-01,Delivered,2
6764974f-7c95-4c83-ae9a-c4035d490575,48b654e0-5a5b-4752-90ee-2c8ec80ee386,2025-09-22,Delivered,1
6d2468e2-53f9-4f6b-8138-865a41c21e62,886d9906-b755-40f3-addd-7d183019e251,2026-04-11,Delivered,2
af9e764f-d2c6-4da9-b541-880d35409ad8,f429002a-0ab0-410b-92a8-4c0411e7195b,2025-05-26,Delivered,1
77d769e7-c473-4ccd-b152-6e803fbd61e8,40341dff-25fa-466d-8660-23e14ae90037,2025-06-08,Delivered,2
323b2504-3fc6-4fea-9848-b9cd69e02510,25ff22df-7b2f-402a-8575-515b0a725cb3,2025-03-03,Delivered,2
05bd9acd-4f82-4dd8-8a2d-3f222fb28e1a,74f0cc8e-c27a-4a85-951f-b60c742a2421,2025-02-18,Delivered,1
d8956d84-c091-46d3-8d23-a7cd1525cffc,7750967a-1dfd-4af2-98d8-dae37ba40d75,2025-08-06,Delayed,1
e80422ac-b456-4f5a-be90-e24c51969b94,6bf07b95-332a-4d5d-b9a2-2785dda7f518,2025-12-21,Delivered,2
264f00ad-a392-434b-ae6c-27ecdf379125,93d6add3-06cf-47f0-b3d7-9eaf57f8331f,2025-12-06,Delivered,2
da7c8213-6734-4fd5-9b7b-99c77a84da0f,38de5091-ff76-43bd-8761-b8fe69d9fb20,2026-01-06,Delivered,1
6a6f1037-28fd-4f8c-9034-d4ad93a8926e,812ae1ea-a4ce-43c5-8ba3-67d4e8320d85,2025-05-22,Delivered,2
84468147-93eb-453b-a2df-b1751f1c4d82,d5fd9408-3325-4f00-bd50-ffaa83c7d6ef,2025-07-08,Delivered,1
97ce35d1-eaaa-4655-bb85-0e51a7a53629,f0dce74d-04a2-4b9c-9ff9-15063874fc16,2025-08-08,Delivered,2
fe62a7ed-56d9-4343-85b2-a50bfbf5f019,f2221029-e32a-4994-b6cc-6712f6a34168,2025-03-03,Delayed,1
93504d9e-b04c-4b97-90fd-764c0eede947,55cc0f48-0f82-4b58-9787-e0c206938038,2025-09-09,Delivered,1
38010f70-9576-43f0-968a-f56cbe8d991a,af196e00-03ec-451c-b1aa-482d4ef8a203,2025-05-20,Delivered,2
e157787d-6273-42a2-bec1-591d54784f31,72e741f2-6b63-4efc-8911-35b05bc634ec,2025-04-20,Delivered,2
069760d5-7925-41c5-8db5-3359394c0b25,8e8c1411-1578-4ac3-8fd4-f16644e64ea5,2025-07-14,Delivered,2
418c6494-a844-46ba-92e4-30c85e0fcc5b,def48c74-e413-4f97-82c5-664f6a9f1976,2025-05-31,Delayed,2
bcfc1137-7750-4c3d-8bcb-47ec23b33f85,8e62e7f4-6568-46cc-aac6-374798983067,2026-01-27,Delayed,3
56c27c99-1859-4713-8973-6827539f300a,30678339-577d-4c1b-bd1b-0ee4cf6989d6,2025-02-01,Delivered,1
9d5ad970-7061-4fc9-b7b6-db087c6db959,c2b3fb07-f520-44b8-a0b0-97e9fca5c40a,2025-07-21,Delivered,2
798f088a-0ad5-4cf0-ac71-f2fafc01029f,3e7f47dc-5b7a-456c-8b9f-801d3767489a,2025-07-02,Delivered,2
4a2d86b5-8e9e-4ba8-bf01-80f33dab0e9d,793141d5-a215-4534-a045-7cb4aa1d72a9,2026-03-01,Delayed,1
3c3c24b4-ffb2-43f1-8f52-46c66873e1e2,f65f832e-1168-4b26-9394-376d40615c3b,2026-04-03,Delivered,2
31ce2ba8-3ca5-47b8-bb35-b14acb36d533,91ad21a7-afbb-4fc1-9468-a2d7d6385f4b,2025-05-31,Delivered,2
6375cc36-9c86-48ad-af5e-4396700739bb,df63f536-8fdf-4c36-b3f6-11a71581dc47,2025-09-25,Delivered,1
9700ccfa-b7a2-4dee-a5cc-db9a7baf6a9a,219246d0-9af4-429f-abd8-277b825c50f1,2025-03-20,Delayed,4
b2265d10-7dc6-4990-b804-d37151a4c521,ca2b4461-50d6-4235-9d91-ea243e255c80,2025-02-10,Delayed,2
86ef448e-8dc0-4399-8cad-4b79ccce1be5,2774f73c-6c25-4a86-b7cd-f7db7040573d,2025-07-17,Delivered,2
1be3ebe9-e651-4494-85d3-d43a77b34474,db9b0d3f-8453-4f7c-ad97-aff9ba9210d9,2025-04-27,Delivered,2
f2efc1df-8051-4987-80a0-28c86ce46e36,fad67031-1bf9-4c5c-b7e6-97899642c765,2025-04-01,Delivered,1
5a6063cc-832f-4d82-a914-ea4768e3ad63,db3a3e2a-b74d-4af7-92aa-256f9d756542,2025-01-19,Delivered,2
d9586e03-031f-4808-92eb-5b393c3e2544,1981019a-30b8-4ca6-8d10-b86d4f646da4,2025-12-13,Delivered,1
d8ba4173-94de-4440-9376-936229c4b25e,b06646ee-98c2-4b11-8e3a-1bccc608e91e,2025-12-25,Delivered,2
a3acd173-c90c-4492-8150-66837567ee78,22583785-7417-485a-bea4-6f10e8c84c75,2025-10-12,Delivered,1
77bfa79a-a2b0-4398-8fc9-d34658387bf3,e7d45e8a-4c5e-4a73-8f2e-06fda0a0f6af,2025-07-25,Delayed,3
aa495c89-5144-4db7-892f-8f3a865a1cdf,b0076497-682a-4d5f-9a41-2b9b18753851,2026-01-16,Delayed,1
977bd5ba-6c47-466b-9597-02084f217d6f,1b9bc76e-6285-4e26-a1f8-bec9c3662f48,2026-03-21,Delivered,1
4d003213-c677-41f3-a4d2-a48d6a0650a4,cf2b4077-2817-448c-ad7b-b8647c3fc491,2025-02-16,Delayed,2
c61a8b40-58c1-42c8-b67f-e62b975436b3,145b4071-5dab-4f39-8e35-fb2b8e8186e2,2025-04-25,Delivered,1
c3667641-7b89-48ba-8412-bc342b076668,b41194af-c4f0-4b84-a713-a9374ccbc00b,2025-05-05,Delivered,1
838e8147-e871-4311-807e-5196f959581f,7dd4826e-d097-4161-a0f8-913405ce96e6,2025-09-22,Delivered,1
eefd2c19-1937-485c-9a5b-301b9b6c8450,1fa24cf8-67d5-4bab-9e91-8ae9f7ed2e57,2025-03-13,Delivered,2
49603a15-90b5-4839-ad8b-ffbbc281416b,598fa8fc-771d-4700-a7e8-a660d74c6297,2026-01-02,Delivered,1
0f179c50-377f-4fa9-858b-8cc25b355e9f,287aa4be-c743-43bc-ae80-733979bb49ba,2025-01-31,Delayed,1
714504cf-9f73-4fd1-995a-6b9a1d351998,ae64d767-59d6-4bf1-8d99-1a5ca44df4ab,2026-03-31,Delivered,2
af2a4781-baed-45ac-9607-59daf97db068,ced98b43-f9d5-4e21-b0ea-a5b0d9bfb8f4,2026-02-09,Delayed,1
f81e375a-ed53-4f09-9c61-a43b06d093c2,ac11c572-c0cc-43b0-8643-89f7fb7a51ef,2025-07-12,Delivered,1
033d7c26-f3d8-4c37-a01b-cb87f7d37ce9,4f5e7117-ef50-4f31-81db-a573e6e3be6d,2025-12-23,Delayed,3
a48858ab-248e-43f1-8c61-bcc3f1e23329,f79ed6c4-1d5e-4dd3-a75e-861588f9c38d,2025-03-30,Delayed,4
221e76cb-7502-4fbe-9b20-8350f3f4b52f,62ac6dfd-d7fb-4891-ac54-529d1dcfceba,2025-12-24,Delivered,2
b09881e0-f7eb-49c9-b77c-abafdff9dd6d,8aaeebb0-5d0c-471d-b400-607979a0756f,2025-07-02,Delivered,2
be21b224-42e0-4283-bb3e-d6eb99574b49,346cb67e-e2e8-4d4e-8b03-222bae76e521,2026-03-05,Delivered,1
74652b29-1008-49bd-bad2-a5f2724e23c7,5817f3cc-ccb8-4d47-b15c-e80d8929104b,2026-02-08,Delivered,1
b428694a-89b4-420f-8fc3-04fb3792d2b4,ca88e463-2806-4eb3-9590-da363e13be4e,2026-02-20,Delivered,1
4ef85618-bf95-4eac-a51e-a69e8733b8af,73d0f42e-319f-4278-88c5-4639294b42cc,2025-08-18,Delayed,1
373dcb8b-0760-4531-9ccc-e6c654515d6d,eceb7cf1-2b43-43f6-9cae-fffb65c7d9c2,2026-03-04,Delayed,3
5c6e4112-e238-486b-84cb-d0e3187d84d0,f1c7d5e3-6daf-4ac8-b13a-c340e6e55745,2025-08-02,Delivered,2
eb0a5fc7-6eb4-4c66-963e-27270a64415d,b75b8a97-cf65-40c8-be66-66393f1639f1,2025-11-04,Delivered,1
354c47d2-3b49-4d1e-810c-39aadc368a72,15882c72-1850-4857-baf6-05fafaac1f02,2025-02-26,Delivered,1
5e69c1b5-2d22-4c68-a9bc-6cf26c2c6791,ae8059d3-5453-49cc-b0bf-72bb1f58e969,2025-10-01,Delivered,2
92751c86-d9d8-47a1-9264-9de1c0439d08,8b94de2f-3e1a-4fa7-b968-1a98d855439b,2025-06-26,Delivered,2
2b92b924-882b-4d91-8040-1aa795af467e,e0e73e96-1177-4fb5-86cb-cf1595821619,2026-02-04,Delivered,2
e6e786f7-d8b1-4088-bbfd-dbc5ee613217,29bfd470-ad26-4728-9f45-4b7d1168ef8b,2026-02-13,Delivered,2
341946c5-9401-4693-9ae2-64a33e83ffd0,429e2db3-be69-4e07-9e2a-c30348b1a128,2026-03-04,Delivered,1
fd0fd2fc-4554-4875-84c4-a67607d25c36,ee2cfb47-37e7-4d57-a6ec-50adeddeebb3,2026-02-04,Delivered,1
20d789c3-145c-48b4-9cf3-6b09aee4f84b,6886d343-a7ca-4c43-81b0-9812e2dd0c3d,2025-12-15,Delivered,2
d43c8de2-595f-435c-a340-e979798214be,16aa4700-d98b-46f9-8ee1-0ce16151f4e3,2025-05-22,Delivered,2
2be70873-1c7a-49d5-ac8f-6cb2ed8386f3,d2db7708-b639-4c22-a25c-bdcc77583a75,2025-03-28,Delayed,1
05d9ec27-4f23-4db5-a495-96044d86751f,2170cdde-69de-46bc-88ca-5bc6d002e949,2025-10-18,Delayed,2
f2082b5c-61ff-4353-9de6-df628c637077,f737cbb8-7520-4495-bc10-56af4bdd99bd,2025-07-25,Delivered,1
9327bd24-0e0b-4c85-9547-7ae5754b31f5,08c0f405-ce08-49eb-8a3f-ed2549b1e0f1,2025-08-03,Delivered,2
7a54689f-94fc-4292-9327-0d52e873e2d3,d5c893fe-0b86-4171-b90d-37380c41e272,2025-11-29,Delivered,2
ab90b29f-af2b-4eb1-833a-115ce8194e48,69b4dc3d-ed28-489d-8b57-9bc721ff4920,2026-03-04,Delayed,3
74c16faf-f5fb-4667-a7ee-449ae4c1ca94,9b36ccf5-7c26-4a29-924a-627b91ad5d65,2026-01-26,Delivered,2
d3357ba7-d1e4-44dc-9ad0-6277f568651e,99cb287a-e5f9-48e6-94c5-f59f88580a80,2025-03-03,Delayed,2
f2741561-fe89-4119-8bfc-5ae198ce861b,9cacaab3-33df-4deb-8ed6-56b39bd5dc68,2025-12-07,Delayed,4
206bb769-d3c8-4a1e-9d23-907109363eb6,2542413e-2a59-47f8-a422-c5242b9c1488,2025-07-20,Delivered,1
deee0b75-dfd1-471a-a1be-7b3b296b5a8f,9414e860-0139-4656-ab28-a7a9c816636e,2025-10-04,Delivered,2
1392a946-949d-4f8b-be12-22ecd08374c1,1af33cbf-43b3-49ba-8cea-a83375473efe,2026-04-19,Delivered,2
188b4cb0-f51e-4c35-ac00-f095a175e7d5,48c69a4e-dcc6-419a-83cb-2aa7fd36de00,2026-03-24,Delivered,2
18a520ed-3562-4abe-9f9e-a8ced5324083,d9e47228-b187-4a71-af2d-d5d2746b9e13,2025-02-10,Delivered,2
e4f5f560-3952-4fb5-8fcf-14868b86de65,1d5ddc8f-8479-47b0-b1d8-951844b95dcd,2025-11-26,Delivered,2
dfbfd5d7-88a9-4894-a2fb-2db66f776b16,1e3be5f3-13b3-4fd8-aacf-411386407f62,2025-04-19,Delivered,2
b9fe5d72-1c6d-4e78-a2d0-8c87f4bb0f26,cca3b6b1-c662-4666-bf1c-dd083eb261c0,2025-12-24,Delayed,2
5ae5887d-0c6f-46eb-b228-86e2b1e57aad,58330239-3b91-4fa9-9a54-bb629868b649,2025-07-23,Delayed,3
55e7e4c4-91cc-44e2-976b-04c55da8f964,13dd59e4-1f93-41e0-a327-f3b4b1ecd04a,2025-07-22,Delivered,1
76887162-ed47-492f-aa43-b75e7e424aec,bb771c97-ff69-4dfb-b065-fe91c7c420fc,2025-09-30,Delivered,2
5288412d-135e-40de-aac7-bd0ed2f42794,d1b5378a-8142-4fec-8942-bc0c2e715670,2026-02-03,Delivered,2
f56aab1b-72a3-4bb2-adfc-3b661501b1a8,03df0001-8daf-412a-9a60-d60f1d27d8f7,2025-02-24,Delivered,1
9c15f433-18c7-4f69-bb6e-816b06a8d445,73c0d9dc-dfc7-48cd-a2df-9de0c90ac9f7,2026-03-12,Delivered,2
ac7b6a1d-4af7-4beb-87b4-e93c4c56bd92,4a5a055b-ab6a-4fe7-b8a7-40405ffb1955,2025-10-02,Delivered,1
05e78fc2-b544-4908-9e69-74d7a3d7d298,175c4f84-9446-4c91-af16-80bcbf1c96af,2025-10-26,Delivered,1
c00b7146-a29c-419c-a093-8532b67c9c91,9b6f0e76-3437-4d19-bafc-6265892c890e,2026-02-18,Delivered,2
923d61b9-3b38-4a0d-9a53-c6908f899d78,745f0eb0-783d-4d3b-84d5-639eacbbc014,2025-09-20,Delivered,1
e87ed764-3f91-4c90-88f1-3778819a7b51,8f62a8e0-5bad-4d2d-94d3-3cc70904a5ba,2025-09-03,Delayed,4
20fc0e43-2e1a-4e06-ba31-c77f15ff6e95,1b2a3030-b433-4dd1-80bb-23776c03089f,2026-03-04,Delivered,2
965d5bbe-00f3-4ff6-8581-a7d49952d184,d5002840-f763-4cfe-82af-44969ec62865,2025-09-02,Delivered,1
e354c376-8907-43f8-a7e8-f5972c791481,4c605645-fc6b-4919-b336-d4c647609e61,2025-11-05,Delayed,2
a4c5c00b-fd80-478d-a996-a717613a17ff,5e1bd6e4-3545-428c-a5a4-ad289e6fda01,2025-02-11,Delivered,1
6cd05e2b-e2fe-41db-a022-b9ff19a9895e,502098a7-79bd-46ba-8451-e3547be763a9,2026-02-06,Delayed,2
67f28970-2157-4f1c-b836-de87e42d666a,60e1fb18-9ac9-4979-a50e-02b3e5c0abab,2026-03-28,Delivered,2
df3a7ff8-3566-4ac6-aff8-6b45517dafa3,7785a878-767b-4431-bb53-24d50d3748ec,2025-11-15,Delayed,2
492cf3e0-9203-4019-a5c0-25f54da06d53,6b09b6af-aa7a-4f3e-bc64-84d59e2f42ce,2026-01-03,Delivered,2
fcdccb08-1fcb-42cf-9133-37079602ae7c,c7b40cdd-672a-4fa6-a6a0-5fce9c561e0d,2026-02-22,Delivered,2
ec54ded7-84ab-4a1d-9c4b-ec3e4e4a0200,c4eeb37b-75e7-4d07-a970-d227f33ed9f1,2025-09-19,Delivered,2
d92da50e-eaca-4add-a2d0-2de38181af81,95fb297c-cb83-4093-88ae-a512cd0b6e4d,2025-02-17,Delivered,1
b9858111-7fdb-48c2-a580-56e1ebb8990f,5a50e755-44dc-4925-8132-bfe24869bc38,2026-02-09,Delivered,1
daeb44f2-9055-43ca-a94e-62218b734265,3caded36-b693-4d0a-b5e1-a1f1f1709498,2026-02-21,Delivered,1
2ee55c54-2851-4169-8f7b-7dbd7de9d151,b8da70b8-9d42-4b16-8174-4db03b2848bc,2025-07-18,Delivered,2
976ce64d-cd44-4de9-b7a7-147d46f53a7f,63b0dba1-cd45-4ce3-ace1-c4a4e0b038b2,2026-01-04,Delivered,1
a75654d5-f646-469a-ab19-9402bc122436,c543b6df-6195-4ad2-9413-5625b210fb2d,2025-11-26,Delivered,2
5f95bf1e-3ba4-4602-9596-92c31f3b04d9,921105c8-b1a3-430e-abec-fb03cda4438c,2025-12-23,Delivered,2
d0c5e80a-2aa7-4d1f-b391-a2d11a06eef6,7e22a94e-ef26-4f45-8d97-d188a5b80dda,2025-09-02,Delivered,2
fd39a07c-4c6a-4c12-a464-61993eb25d62,82ced0bd-6e23-4c87-80ea-94e24a3dcb6f,2025-10-04,Delivered,1
95d595d6-33b3-4d17-ab3b-401a23be6c87,74db16fd-11fb-4c76-b101-599f3b82c6f5,2025-09-03,Delivered,2
b8c114e2-3833-4843-9d89-c396d7315e5e,c64aa427-629d-4429-8530-8de62a22a091,2025-11-26,Delivered,1
dea034d6-53c8-453a-9a04-fa887a32edeb,f4801291-35ac-4edd-9606-e5446cd9d3ef,2026-02-28,Delayed,3
b0d64540-30c5-43d4-b97d-5b65808641f6,8ff7a18e-1bf7-4828-b9cc-8eec92c1d416,2026-04-14,Delivered,2
5a346b88-08e5-4a8f-a3c1-b2b2937270b5,553b23e3-de79-4ae0-b11e-2fbac35811a5,2025-09-30,Delivered,1
26bcfb45-2bb4-4a19-8fa1-7d7cbc4cdbd3,5ca44ffa-5b66-4e3d-96c6-a3b0715a023d,2026-03-27,Delivered,2
1e3f79bd-f162-492e-87ae-e218040bdaa0,13a8a23e-9004-49d9-8b0c-6697951563fb,2025-02-12,Delivered,2
cd664996-bc13-41ce-8894-326c274b9700,64bc7a4b-875b-4179-84ba-39b7b4c8c842,2025-08-17,Delivered,2
a400f91a-88fc-4b1a-94b6-c94ab2d5f9a5,96609cf7-66fc-4421-a845-65585c4c9f2f,2025-12-29,Delivered,1
9f4f43da-2cc7-4f9b-a598-3118e682c6c1,7e5765f0-f597-4504-aab7-61c994256105,2025-09-03,Delayed,2
8fbd3354-1bb3-4fe6-8a63-39ce2ba9c6db,fa1059eb-09e8-4eb3-af91-ff1550334b4d,2025-02-03,Delayed,3
1f421ee9-4bfc-42ad-89b3-bd6c26f4ba31,2a3979a5-8bfb-43e5-a0ed-e28562576d63,2026-02-02,Delivered,2
5bc668b2-72d1-4878-bbf2-b32f48e83cf2,d9d41e48-bdce-4191-b7fe-fd18c3ab16da,2025-08-06,Delayed,2
73028d25-67cf-41f7-b660-cdd9944a1a34,63a8e978-2618-47a7-8e6f-c6434d147d04,2025-10-07,Delivered,1
c71b85fc-5280-4c39-9f9f-3f05d3954673,0b423f91-bcdd-48ea-b532-e420e56390be,2025-09-30,Delayed,3
0ccde1e5-0a16-44ae-8b95-9c77ac05b300,7df3b2a8-7170-4c1d-8fd0-429ed4072c9b,2025-01-27,Delivered,1
10bc63fb-b609-440d-a26c-836aecc27a70,2e231ecf-885f-44c5-a9f0-ed434f941eef,2025-05-19,Delivered,2
76f22527-1c83-49cf-b16f-df7f45312625,51c83e52-1581-4485-aba1-6b174a9d663b,2025-12-22,Delivered,1
4bd17e17-2c8f-4c77-9db1-110151e571ec,66ed1b35-0e2f-41c3-aec5-ee3cb01a4005,2025-11-06,Delivered,2
bf79c239-a678-4494-9b86-d1f3680470cc,cb7500b1-45a1-4608-b4a4-fe9e8b0f968d,2025-04-09,Delayed,3
6a1e9731-a126-4e00-8f1e-998aba113688,8b53c701-e1ac-4454-946c-3e6c5ec5d373,2025-12-05,Delivered,1
28b808e7-c2a5-4199-9137-9ac91cce5b11,07f2781f-a354-4335-84ce-d6cd7d43db13,2026-01-03,Delivered,1
a1430618-63c7-4a1a-8487-e7cbc84f5d62,9b509329-f4a3-4efd-85da-660f905f8f64,2026-01-27,Delayed,2
bf450f38-e7a9-4138-9557-c64ea96b7b4a,e1469400-a8b4-4dd6-ba64-143bfe41c66e,2025-12-01,Delivered,2
20465539-1f8f-4ce5-8fc3-cc7e274d2a55,c7cee4ca-a1eb-450c-960c-09c541317c64,2025-04-09,Delivered,2
c4f18684-c34d-4cc0-a61d-dc1d9c191280,8e10529b-c1e8-4479-ac28-24652bdd9cae,2025-08-11,Delayed,1
80434b58-dbb7-4f6c-b4f5-12997a7a6a70,7dc861e6-b85d-43ee-81d8-54684408fe7b,2025-04-12,Delivered,1
5e3bbad2-ea97-4bcc-89f5-8b5bfd87f075,26618b11-db1d-4079-88f9-0ecac3390d01,2025-04-14,Delivered,2
549a00dd-7923-418f-8923-0fe34bdf28a5,3f3ea383-32e9-48fb-8623-30aba490d841,2026-04-03,Delivered,1
f880fc79-8e4c-4e4d-abad-d00dd259b7ed,506dd027-0a70-4c99-9e55-1ba68e36faff,2025-04-06,Delivered,1
4ca71bd2-fc33-4661-9450-aaa93fdf84ec,08515407-34eb-4341-b84d-e7d8329aa155,2025-02-22,Delivered,2
e6045260-956c-4393-aed0-4dcae8de3055,9ccebdb2-fe87-4b9c-b8c3-a042c7dbc61b,2025-03-04,Delayed,4
c2fac62d-cdef-4aa3-94e7-93b9bfa68138,11460b6e-dfab-4c3c-ab44-705be592a94f,2025-02-06,Delivered,2
724924c4-1dcf-4880-b655-2b2d4594fead,ba145bf5-0bb8-4a26-b71b-9b303f870cbd,2025-11-21,Delivered,1
f1f0a67e-4913-4a7e-a3bd-2ddcea36cccf,3762e7e9-9e21-4d93-a600-bc9fd5f1dc35,2025-09-10,Delivered,1
fa0debaf-a114-49b3-878e-92ff5236a72c,e8d23cdf-9922-451f-ab3a-a92c6c9cc99f,2025-12-20,Delivered,2
647b6f5e-eb96-4356-80d1-6df0ccdaf264,169dc00a-7301-476d-a4da-eed535d9362d,2025-07-09,Delivered,2
44d58ce8-908c-44c5-99a6-d02f0fd691de,c7b417f0-4164-42a4-b384-c8a9851c3013,2025-08-31,Delayed,1
e6dd389e-5403-469b-9c7f-a1945094cf97,65f9655b-fb52-47a4-9904-6f62dad3a19f,2026-04-09,Delivered,2
3e5b50c5-e6a6-4fc8-ab4b-23bcf10ac762,0f775ac0-3397-4d6c-8df8-c3500999b069,2025-05-05,Delivered,1
34b3b473-1a92-43d6-b027-64c6e86d3f64,2410fc9a-9f2b-49c3-b18c-987d6a6653ff,2025-12-11,Delivered,1
0609eb8c-9cf3-4d3a-9451-a87575dc9565,eb465c68-ec4f-4188-9b63-cf9693286482,2025-11-22,Delivered,2
68aaa61e-134b-472a-84e5-61d14009939b,cc062bd5-fe65-4be8-885b-e773da3f6953,2026-01-31,Delivered,2
e0346db5-5c4e-40ad-9d21-5903f73edf39,49eb9dbb-b9c5-4265-b014-70126b3bdc45,2025-03-08,Delayed,3
d8aa0c56-fe47-400c-8bcb-cc90cf14c257,0a68076c-a491-4e0f-b082-59ef0b82826d,2025-04-19,Delayed,4
e7d51875-faef-4185-83db-a0d6b4977368,65247114-3a72-458c-abb5-66bc9059b5ef,2026-04-29,Delivered,2
c385c148-0a0f-490c-86ab-2e2f1bc47722,4854a792-ec2e-4098-a298-24e55f24ed3b,2025-08-14,Delivered,1
eb6b835e-7903-4c45-89a6-de6ccb2b9b62,8deee6f2-fc80-4bb4-9324-a118b9067b65,2025-05-31,Delayed,1
7ee768dd-5cc5-4657-b42a-0a2016b31dba,c3a886d5-af5a-4512-a7b6-a903289e479e,2026-04-22,Delivered,1
65c1aa34-3205-4c27-80e5-39764d0ef3fa,07f48e8d-ae0e-4e85-838b-b06d05c6ceb3,2025-03-19,Delivered,1
553b85ac-5928-436d-919b-49ba088bb621,ecd89dd7-60b9-4d49-a4c2-9f8b669e27e2,2026-03-01,Delivered,2
e4e26e85-c2a4-48cd-a9b0-0ba82c68748e,82ac58da-71b4-4141-9249-cec5dc28bac2,2025-04-03,Delivered,1
cb2619a1-4cce-42e0-b15f-761ec698c48a,70443760-0592-4fab-b385-643dcf82391b,2025-12-09,Delayed,3
cec4bdcd-4ec0-43ed-a073-8b2dd4ecf5e3,92872192-e9c6-408b-a0bb-1d6bc3ead59b,2026-01-18,Delayed,1
33bdc46a-2624-4a49-a0c3-b5cbdc70812b,d56880d2-10d6-4271-bd60-ffef5bc6a66f,2025-08-22,Delayed,1
81d238f5-c145-43a6-aeb9-82800a2c1296,38869585-ab01-47f4-b220-e511d2ee6021,2025-10-14,Delivered,1
a604f78e-95a7-4707-b13b-9640834d25ff,29cbc1ff-d998-4052-925d-24555d37cdc2,2025-10-06,Delivered,1
bdc366fd-7372-4e04-a495-a38c87a1381d,63fa245a-d73a-47e7-8fb1-b635c2fc754a,2025-02-25,Delivered,1
ca24f91a-ac34-4ce0-89c0-57bbbd1b1943,34363a62-9f53-4c26-ab32-0de37fb2ae23,2025-10-27,Delivered,1
b593f549-16c6-41b2-8b19-1b906ed28210,f2a7ef9e-c631-4661-a74d-c8b2fa63ac40,2026-01-26,Delivered,2
f9f2d389-6dd3-46c2-8295-bac75785a341,d6d0e6dd-7678-4f67-908c-b85ffcc187be,2026-02-19,Delivered,1
d8d8cc65-1910-4fec-9ebc-7a5fb1dd41c3,171073aa-add4-40f9-a30c-45a9f60cf271,2025-07-07,Delivered,2
62c964f8-7aef-49b5-834a-671ce69697dd,54daa8c8-22a0-480c-8c61-590a207ad53f,2026-04-11,Delayed,3
177f1402-fb2f-4a06-9648-714fdcd48469,00d15079-93fb-49dd-bd45-d2bbb2e4c208,2025-02-12,Delivered,2
a72e5915-2089-4f37-bf2a-6e2f0e1eaa11,e3fec27c-b6f4-4610-a788-319636830691,2025-05-16,Delivered,1
4fb8755c-015a-4842-abfa-ebc5e01a8e39,aa1f88e0-7714-4f15-a52c-77d78e665aca,2025-12-04,Delayed,1
ba6ab9f7-77f4-4997-ad36-453215207298,b02a4fa8-e139-4159-bcc5-c555a9fba66e,2025-03-07,Delivered,1
9bdeb499-3f86-420d-8d4c-05ef8434bd95,8ff6a0c3-d206-4dfe-ad30-bf9387c7e590,2026-04-16,Delivered,1
d5c3cefc-b518-4048-a95a-28cd179b3f5e,55179dcb-f692-4d1e-b0cb-7b7a2ea4da00,2025-02-21,Delivered,2
eb5ea119-ccda-42cc-ab30-9583bea16396,9f90a038-dd2e-446b-add6-c0aed21af568,2026-04-09,Delivered,2
abb6b945-b521-4560-b951-6ed0915d0283,f2c6617b-cacf-4458-b43e-b59cfeaaee81,2025-09-25,Delivered,2
6b3793b5-97cc-4daf-968a-16fb64d22f73,42773e29-f140-4354-95ef-5968837db2af,2025-11-14,Delivered,2
0afb81ac-4d7e-431e-ac72-5ef607c86f25,5b3fd5ed-155e-4fbe-8be8-449f8d8413a0,2026-04-06,Delayed,1
d7859091-a292-47a6-9656-90d922a12b7a,ac8f8824-2f6d-49cd-8159-a95ae7a71184,2025-03-09,Delivered,1
cf7e5234-aa87-4605-8b87-1dda2055cab4,35e1e77d-7f23-4ab2-87ec-020f850c5252,2026-02-11,Delayed,4
79cc43c9-15df-4557-a302-5d394b107a92,997d1227-66d0-4562-b9fa-25442aff2b29,2025-02-13,Delivered,2
a631099a-f46c-4e1f-a413-eea2324bcc1d,89aed93c-4d0b-4685-bb0b-e43fad99a826,2025-04-05,Delayed,2
95c23b5d-73e8-4567-9883-3cc19fdec020,3ee84289-18f9-411f-8b1b-0faa5f35ab22,2025-08-20,Delivered,2
81d4f6e1-5de8-4e8a-a21d-fef94c42e34f,b9f80a53-dc1b-494e-a8c7-1f2ec82e8057,2025-02-01,Delivered,2
e556b91e-b650-4f67-8097-24aa984bc5de,a5ab3642-7f76-4c30-a846-1dfbfcc7ff8b,2026-03-16,Delivered,1
166daa1d-9e86-419e-b386-074a5a71281d,0fde3031-1904-4713-8af7-00611125f579,2026-03-07,Delivered,2
a5c0e02c-cd6f-4e7e-92a4-b701a7ffab0b,54d58ad7-5b1e-4afd-9dbc-5078513c7c8b,2026-03-22,Delivered,1
8ead813e-d089-4a70-b160-88c82e2589f5,fcad7572-b477-49b8-b1fe-f1735abffd3b,2025-06-13,Delivered,2
e34baacf-6aeb-4756-8864-a1e9b867347c,429d091e-9ea8-40a1-8f7c-c2c0e101ab30,2026-03-17,Delivered,1
a9ffd2d1-77bf-46b9-9501-dde2deee88b2,13f2553a-4c2e-4b94-8ea5-27469ab79c09,2025-08-06,Delayed,4
24503540-f4bf-4e63-8c82-ca54f4783355,5c844387-f424-4940-b4cd-c5d363f7d838,2025-03-04,Delayed,4
71a35323-3c3b-4929-8392-95dcd7393ead,e09f2b4b-c1be-491c-a8fb-c9a6fdab3715,2025-01-24,Delivered,1
c3a8594d-0c89-43df-82af-7584b0427389,780b7108-cb7e-4221-ab52-ea6471534033,2025-08-24,Delayed,2
00d7d000-b894-4767-9d44-8944fb7cdbf7,c27a9374-3368-4918-8152-a615f446c7d5,2025-10-06,Delivered,1
1579491d-3e21-4693-9f9c-33b7299dd2f0,72d1e061-8ed7-4b58-abb9-fc39ea9cf950,2025-06-21,Delivered,1
20c7aa08-1c0d-4f39-8846-580737fa6403,2db456ed-d0f4-4776-8ece-e43b0c26cc17,2025-06-27,Delayed,3
20893853-0252-4419-a504-01358a98cb84,427c6ef4-c89b-46f5-b440-7ecd191610fc,2025-05-05,Delivered,2
e0cd41e6-7480-445d-8dd7-2073e1694ac4,e5375c5c-6220-4727-b204-802da1cc86e8,2025-06-04,Delivered,2
fc9bcaad-8235-4022-999b-2fc65e28e400,7767c6df-500a-43a8-9b59-6fbe23bd7c1c,2025-11-26,Delivered,1
7bce7961-877a-4ccb-baf9-8bd344db70db,d5b145f3-abf6-47ad-b40a-9d3e6be5c63f,2026-04-11,Delivered,2
ce8abf1d-35fd-4831-b059-73fd764f7171,b0df659b-2b48-4a05-a959-d0b43ba38352,2025-07-08,Delivered,1
3a2f04c6-2ba5-442b-a937-f9b246f1434f,ecb76b58-023e-4ca8-acce-e1b8bc4c0cec,2026-01-08,Delayed,4
94c0ec8e-1f67-4006-8070-592d0dc74caa,db15bfa9-b482-4161-8465-a5857e4506ae,2025-10-09,Delivered,1
342660d9-4383-4a57-88a0-b3761389e8ae,8d6f2bbb-d264-4f24-9377-d5c5a6201509,2025-08-13,Delayed,2
ff9458ab-99ba-46bc-a10d-e820119fb361,61aba2df-d5e7-4f08-81b3-5b04e8f00fef,2025-12-07,Delayed,3
1cbb9f36-6ae0-480b-aeb7-be7b95611f67,e81dc733-6f73-4c22-9caa-e8210dcddf54,2025-03-30,Delivered,2
c1c859c3-fc70-44be-a8c8-7b5f70cfeeaa,089ec7c6-da32-44cc-a60a-94efce01ff95,2025-08-10,Delivered,1
5b8cd163-589a-4768-a725-ac22a402172c,d37a320a-60d0-439d-926b-1fceb3c2ffb8,2025-12-17,Delayed,1
bf2ef2e0-027b-4212-9c2c-e1b6a1af53e6,2031a125-d96e-4302-9c58-f392b2a273f6,2025-02-14,Delivered,1
e029e7dc-7f6b-47f2-854f-50859f49c394,0a77abf9-f7c4-4fa5-a4df-6ca59bcc4e2c,2025-12-11,Delayed,4
cefc1118-867f-4883-991b-f77b1b2affef,bb1190bd-b98c-48a4-8f62-17c755d347c7,2025-03-04,Delivered,2
b83e63dd-fd37-4f44-b4e9-a7b61e135644,cd918b03-b6cc-4ed3-8358-47dfab321e4b,2026-04-05,Delivered,2
9f56763b-4942-4564-a4d5-6baca111ce6b,43ec7100-ca96-496b-a50c-6ba1b8eaca05,2025-05-26,Delivered,2
c58ea549-382e-43d7-8dd6-699ffc31d940,2b5bfbde-9013-466a-a20c-15e18b329650,2025-12-11,Delivered,1
601f295e-d98d-4ae8-80be-f0aa02fbd569,45a26892-2f9e-4099-8928-2d123a6b135f,2025-10-22,Delivered,1
0b3c4503-2f91-42a0-9fe9-1b5d22cb45c9,d644d90e-5952-4993-b570-ded1c34561d2,2025-04-02,Delivered,1
f86ad44b-d6d5-4f2d-bcce-f3c62efea457,7af8d05b-776c-4ac8-a52a-9546d9098ebf,2026-02-22,Delivered,2
369066b3-7fb5-49e4-9db0-2c483e7243e7,a0aa67b2-03a3-4ccd-bbb0-ae9658d4ef8a,2026-02-21,Delivered,2
bd093272-5e2c-4dec-b231-3a7e4e7a0df2,79056dd6-b917-4720-9db5-e20cde8114da,2025-10-19,Delivered,1
b561da08-f941-4bba-b2a3-4781f1f52c5c,3b6a624b-9aa1-4751-a980-3c76d1332b63,2025-08-03,Delayed,3
8d0e82ba-4179-4574-8c78-d0b2d4f085d6,ec309e90-d4f2-4bc1-81cc-7054b93bd5c2,2025-07-12,Delivered,2
639238c7-0720-4f2e-a079-7d7adfe7503d,8abb63f8-347a-4335-b447-12863ed5d0bb,2025-03-11,Delivered,2
a9f78ecf-3d65-4629-9f22-20cafb2a3f1d,e68fc240-33b8-4974-b9cf-3d101be065e4,2025-10-07,Delivered,2
a6c9f310-a01c-4778-b7b3-6e8ab91c6052,4468fd8d-fbe9-4244-ba17-b331e5e52350,2026-01-10,Delivered,2
d688be28-5ecd-4fa6-b56e-665718ed64fd,216509ce-c185-4581-95f6-bff14dc4b2c4,2026-03-17,Delivered,2
6505efc3-3e1d-4e21-bcc6-5de5dba1e70f,f34a98c5-e9de-4462-813c-e77d59b15b77,2025-07-21,Delivered,2
c6da7d9b-303e-41b2-942d-755f42d4a4cb,59471e56-e715-4437-b14e-71dd746a0f50,2025-04-21,Delivered,2
0dddb24d-cd3a-46ca-b5d2-447f5eb193c5,2e917bee-9940-4e29-9470-36918441453b,2026-03-14,Delivered,1
4e726d6d-f45a-49da-932c-431ff4fe2d51,075f0101-faa8-420c-82fb-cbed9c27f5b1,2025-12-01,Delayed,1
218888e4-f0e2-48c4-a5d4-c53fbf48537c,9adeb4ba-e451-4c39-b046-810e84646b0b,2026-01-13,Delivered,2
5c78f314-76cd-4e4f-a533-40a6e5ecc27a,34824a5b-1e1f-442b-9b7a-725ba017a255,2025-03-15,Delayed,1
891ffd94-2fea-4e5c-8dd8-ac035638b35f,5463d06f-99de-4291-840d-982885b8c292,2025-09-08,Delivered,1
903149b4-8078-45c6-98b2-8bc95cd45d50,48b55bc8-080f-4d43-9c1b-7bfa49ee0bd9,2025-03-23,Delivered,2
9b27e60a-441b-41da-8654-22dc8ac06e38,62f85fe6-e001-4206-93ed-90a981d10ea1,2025-11-18,Delayed,4
d313d286-3d11-4e35-adc5-bc4673262980,ee63f249-d7c6-46b9-9a74-ef7864e49f3d,2025-08-21,Delivered,1
d07954f1-1abd-4079-88ca-83b30c86f65e,31d8c732-a211-4b28-8331-cfd23018750d,2025-08-28,Delivered,2
ebcdec3b-e198-499b-81c8-80cd414c7d0c,afcdc52e-9a79-4775-8b22-27f4490cdb51,2025-03-03,Delivered,1
7496e8aa-658e-4cce-aca5-c40f8b894cbb,6b4a98dc-3b63-408c-af0b-73e897e04ce7,2025-04-08,Delivered,2
942262b9-dbbe-4b62-bf19-8a33a025a317,afd5a2b0-217c-4766-bfc3-6f6f391c497c,2025-11-27,Delivered,1
4b1b2aa2-0094-41bd-bf9c-7287652d5dde,1e51c93e-2766-404b-9a4f-827e677eec79,2025-01-21,Delivered,2
eed10123-990c-4eae-b0fc-bf2b579c3504,500bbdec-3915-4df7-bd0d-9428e2869c8d,2026-02-27,Delivered,2
83b9b612-e373-4b85-9ad6-6b8f052335d8,5e804417-0349-47e9-ad38-d7f8b5fa0bf9,2025-11-30,Delivered,2
32c99b25-3013-47dc-9080-77d3c15ff020,f960879e-dbb5-497d-8fb3-a244f18ffbc1,2025-10-19,Delivered,2
a0b89d17-4d2e-4b4a-b046-5b79dee7590f,9e4008cc-4dc7-4fc2-bdd8-11be7f0c2886,2025-04-03,Delayed,2
fbadc977-eba5-4f0b-8c10-5c0905afae14,18f5a5a5-df12-4e1c-88cf-8b2eacdc7eec,2025-07-07,Delivered,2
9289d8e5-8794-4271-b4f9-17fa3355a2d0,d6cebd84-7248-4336-8ecf-4bd375958469,2026-03-14,Delivered,1
174a4374-acdc-4528-bf66-826c4e0572bc,64b06c24-5429-41f8-9150-6a39a9a39bea,2025-10-05,Delivered,2
94688845-7796-4034-aa17-fba5d4f74bc9,7f67c8b8-c896-4bea-a6a2-e45c76afa1b9,2026-03-17,Delivered,1
23dd314f-0df6-4fdd-b372-8df88b171af6,77dd4164-6895-40f2-b694-1829561c025a,2025-12-14,Delivered,2
ab313c23-d5aa-41a0-8f2e-f540c49c1849,6c98e432-4a1b-468d-890f-f351acfe0eb2,2025-08-28,Delivered,1
197373a0-efb6-4a14-9abc-7ae370ce9562,0fbcdadd-0229-4506-aef2-03d5455bf758,2025-05-16,Delivered,1
c95bd135-5714-43e1-b671-85e2fa011b27,b5b3b751-f8ca-47b4-a760-6e6830ee0dde,2026-03-08,Delivered,1
b63869e9-444d-444e-8ea0-3e5d2d5673a0,cb26e249-0a64-4224-b922-c43cb3425cc7,2025-11-10,Delivered,1
35f46541-61b5-4da4-91be-6e71bfab301d,d0dc2653-d7fd-4075-9655-ae3fee834a16,2025-10-09,Delayed,1
25a948dd-d416-4e96-ad69-7f938863c1f0,b9ef7bef-c8cd-48a6-8bae-f03ffaa62544,2025-02-01,Delayed,3
8fe78fee-011d-4e8e-a3cf-75b7a92d0d2d,c2d24f26-748e-4a06-a985-7c7c4169c9cb,2026-02-03,Delivered,2
0c85f99c-8e38-47bc-a1b1-68dae0ee0703,42791593-7912-43a3-bdf7-34d9e85840d2,2026-03-18,Delivered,2
6bc44909-f6a2-4191-a751-8e81b3fec6e1,86fc1ace-94a2-4cf5-a2f7-9065e4b80d7c,2026-03-26,Delayed,3
c6f86240-669c-4162-9cb6-d096360b4860,89e9ca30-f93b-4649-85b0-a8d59f30e1b6,2025-09-06,Delivered,2
803f8d39-5975-4f7a-8f25-bacd2c86a2d9,dbb80576-f99a-4566-a04f-631f5399ce23,2025-12-19,Delivered,2
880c3fbf-33b5-4634-b48c-424856f8ff2f,c4fb1e9b-191d-4832-86da-68e2b29f74d1,2025-06-02,Delivered,1
a577186b-82a1-4ba1-b049-aa7c7ad12a20,11454801-80c9-46c5-bf33-4bbd3731a5ee,2025-12-30,Delivered,1
e5b1afee-1638-4a6e-9cc1-c5097b35ee28,392d1013-5906-4865-8542-9ead65ecdd35,2026-04-04,Delivered,2
8e9a3543-79a8-4d49-be19-30795f8b5866,454b51fc-9a83-4f54-80a8-cc3c315f6e00,2025-05-20,Delivered,1
6348a4bd-a303-4c56-8f36-0fbfecc2d654,06535b75-64e6-4ef7-9fc5-9d9d51603eef,2025-05-27,Delayed,3
f4a82b9f-2080-48df-964d-fb764d01153a,013356ba-a7d2-4b66-91cd-027d65eb44a8,2025-04-29,Delivered,2
554d91b2-f6cc-4e48-a769-edc9741682ea,e23a02f8-afac-4f0f-b437-b553c42330d4,2025-02-05,Delivered,1
9c8bda92-8d6b-4846-b2c0-9d9a079c8d14,a67a65f4-dc1a-4215-a07f-584c53d6a09c,2026-04-01,Delayed,4
73a51e47-648c-4cc2-b8b7-a094fddf8497,de39f607-c5e1-4e2c-bb23-f6f1a1ae3a69,2025-08-24,Delayed,3
43a10d25-43d9-4a19-ace8-ba2258f20f8a,8d2eb46f-1d4c-4d29-84dd-771ad8511ee0,2025-02-13,Delayed,2
532dde71-c48f-428a-b711-bb1ca063adce,8655d51d-044d-4ee9-802a-8d305833409f,2026-02-18,Delayed,1
935c2082-f72a-424c-aa20-091b152037d4,f1ff3175-3cb3-4ab3-a45a-ed2342be4975,2025-08-03,Delivered,1
13353c85-eed5-44aa-8fdd-df893c7f79d6,c517e376-2385-4cba-aebd-7fd6504b1455,2025-05-27,Delivered,1
a786da15-4a8d-42eb-9331-9251c6721aee,9a209b39-490c-45a9-adcf-fddac23e72fa,2025-07-25,Delivered,2
bbca0da6-2882-43b6-8389-e37dc4421bbf,33be9e7d-d71b-4da0-8937-92f68463a7a2,2025-11-02,Delivered,1
54276afd-556c-47a3-a6b2-698517909f02,c948aaf8-c3fc-47cd-a0ab-3257feec8aed,2025-12-09,Delivered,2
a19b85e8-9958-4eaa-8496-f3cc09661f50,d3a6126c-82bb-4a44-89ec-3f40b4985158,2025-03-23,Delivered,1
f1c561b7-5004-4804-84dc-bad6071c078a,d25653eb-2435-4f04-8016-ee4b583ce473,2026-01-19,Delivered,1
6db3e71f-2589-427d-9ed6-490865279599,9dd32570-14a9-410a-82d2-5e530001cb76,2025-08-19,Delivered,2
cc5bd4ca-f767-4582-b6ca-8e78900aac76,1b8bccb0-632e-44c2-b48e-449197fdec11,2025-12-19,Delivered,1
56fdc758-f93d-401e-9088-c6feb76f9961,dc560e4d-a3bd-4a56-98a5-26bca49d7022,2025-11-11,Delayed,1
9cb51c4f-23ac-4ea7-8904-8169f113d3be,bc4810dd-fd37-43ac-a41e-5f1c2b9f2c94,2025-07-28,Delivered,2
4d80e5e1-1004-45ef-95b7-b2ff5e440d65,f42019a2-7a9a-4827-9c27-c610f2857626,2025-10-05,Delivered,2
b746ef28-ba85-451e-b5ce-c2211a30ed08,bcc15462-867d-49f9-a31b-59cb68f94576,2025-06-10,Delayed,3
6a5308e9-7709-44cf-84ce-bbe7a57335a1,a259d7d5-f2fd-4055-9db5-2e2fa0ec8a97,2026-01-21,Delivered,1
2d90f10d-bb52-4a41-a62c-c0bce1be01b6,6449665f-b343-4f4d-878c-04e73986994a,2025-08-31,Delayed,2
c12c700d-c96d-48e1-8800-f8343c554555,a74f8ac9-d390-45c4-a4fe-901739bd1074,2025-11-16,Delayed,2
a511c752-b413-4178-aae3-c6c3f64a3a4c,4ea65b00-07c3-4bcd-9b15-06c324ba8516,2025-08-17,Delivered,2
fde3235c-d590-4793-af4f-58790b471b09,3edaeb4b-2ff0-499a-a844-cd09a06a1f97,2025-12-17,Delayed,4
75c1338b-68fe-4527-9be8-41cd8b60de8e,db1355f0-c17b-45df-bf1f-58dadbeac4d0,2025-05-10,Delayed,4
6df89b01-eb4b-4e50-a100-c2a05f78b0fb,f2d1c10b-72c2-45e3-b501-3c456e7cf657,2025-06-20,Delivered,2
74994997-ca81-4058-860b-19a68a650585,18e7734a-7745-4f2b-9d42-220461358641,2025-07-06,Delivered,2
cefbb909-e431-4943-9bbf-4f72d4aefdfa,d84d5d1d-6ddf-408d-a273-ec0b806e5760,2025-08-01,Delayed,4
1683e94a-e154-41b6-bac7-f6ac8225a8e9,a848226e-b59d-435c-b90d-d42a4243b043,2025-10-06,Delivered,2
ee82cad4-4eb7-454c-98a7-d22d4bf10553,26a3af47-a483-4503-b212-5d598d43bfd1,2026-02-24,Delivered,2
06cfebe5-0ab5-47ef-8c48-10d3404be059,0017cb8e-f908-4903-a87b-42b41f7f2d72,2025-06-13,Delayed,3
6017569a-845c-4532-b421-a3e7b3fa19b2,dfc613a2-6131-4cd8-84d7-f348579ec777,2025-03-30,Delivered,1
b9461dae-a0e4-48f5-b703-a4c5e569fa2a,c1091c6b-ab1d-4987-87b7-c98e98c49fe4,2025-09-17,Delivered,1
048c494a-8035-43bc-8012-6ac7d7723d6d,854da2f1-ad82-4be8-84c7-83062fa8dd74,2025-07-05,Delayed,2
c89c1b8a-9828-4469-8b26-5694dfc33611,3a1b251a-f3e9-47cc-9ca4-1a6ea7e5868a,2025-05-02,Delayed,4
aebc252d-098a-4381-96fd-a51c0fee685a,aabcaf3f-33ea-4e2f-b7fd-710ff89f73c5,2025-10-01,Delivered,1
d6ff9021-83e4-4deb-be82-02ecc836a58a,cf004ab1-b790-473b-a8e1-83039183f8fc,2025-05-31,Delivered,1
dff59f8a-4186-4a15-87f3-4d72aa1f88a8,3309e233-a3b6-4409-9d55-186c780c43ba,2025-09-11,Delivered,1
683468f0-3d8d-48a6-8979-5f65c40624a8,36ebacfa-b1ba-40cc-afc8-2a05a2229245,2025-06-04,Delayed,3
36cfcb52-273d-42a0-bd75-32d02e848bee,4e4727a0-28ed-4670-ae55-8b1a233e95eb,2025-10-15,Delivered,1
bb17afea-4172-4217-82db-1eba9ba22bcd,40dbfc46-bfbc-47e4-b30e-99b2f69c44d9,2026-01-18,Delivered,1
4f464a4b-9030-4040-bdbc-9557fda55e22,67bc6a4b-6b5d-43ff-b161-d2586816e027,2025-11-21,Delivered,2
72e66053-49cd-4a68-b843-d225850bf348,18564d4c-a49b-4120-a21d-7e3051271389,2025-05-18,Delivered,2
09f34b48-36ce-4d08-86a0-0c7fa24780d1,fdb0a2d9-1318-4527-9b31-bd7f9cb220a3,2025-07-22,Delivered,1
da931d93-a2fd-4f28-b62c-222306bab97a,0215cd6e-2ba3-4d75-ad92-1047401c0195,2025-03-14,Delivered,2
7c5b084d-8e04-412e-82fb-d2effd2c2e53,10cab3b8-301a-4139-8e9d-659e2daac654,2026-03-17,Delivered,1
03006d5a-774f-4ba7-9197-decc553828da,e3083e64-0d29-44d3-a50e-29aaa61acf59,2025-04-05,Delivered,1
e2e10639-8919-4f11-99ab-b65c250b2ef5,b8f6ac5f-a9de-42dc-a540-8296784ec7ab,2026-03-20,Delayed,3
6dbf4006-c22f-4c9f-aee0-5e39ab20eca4,c241ed41-f1fd-428c-b01b-2c0efef792b9,2026-02-15,Delayed,1
5e34b57f-2744-49be-9b31-86fe7a28e19f,00f63d56-0c92-4c40-94ac-75e222cce67b,2025-07-24,Delivered,1
c4a7a98e-6d6d-4507-9eee-c9aa2b7d8d52,fbb764d1-dc8d-4bf5-8c7d-792ed10ff80a,2025-05-15,Delivered,1
07d42287-9a5e-4bb8-b33b-80ef6bf5de06,2364353a-fbf6-4010-9835-c26da51f6d6f,2025-09-07,Delayed,1
7b6f8cc3-7bb4-4b11-9a09-1ad2510906b9,17b86f67-e511-4046-86c9-95dc150af499,2026-02-03,Delivered,1
d92e249b-3999-482d-8c26-3d853222b842,3f008c4b-5bd3-4552-9fa3-f6e5661f9623,2025-10-19,Delivered,2
db8a3f82-0def-4327-8ba9-7a1b480b0e81,114ba73c-8596-4f65-b154-590f82f19b9b,2026-03-17,Delivered,1
e851f537-0c38-4921-9783-5b7ddbea5a92,80daa439-37e0-4b60-89e0-ce7969b96f6e,2025-10-21,Delivered,1
a253579b-0340-44e0-a24a-5fd2f76ab3e2,ac3e30a6-7bca-4c55-917c-22415e3df811,2025-09-07,Delayed,4
8190fbbb-45ba-4b9f-9da7-d994525fa165,80bb4650-178a-4f61-a00c-67f788b0729c,2025-03-17,Delayed,3
81460801-7aa2-43f7-bcde-850a8fd23367,c9884db6-da76-4a8e-807f-d59347393dec,2025-03-29,Delivered,2
c778ef04-c363-4f6c-b4fa-43cca64ad1d3,11839ce6-fc08-47ad-9291-4e1b01a7863b,2025-08-23,Delivered,1
d40659fb-46bc-4a7e-833c-cc90bd27f895,47bd26ca-7117-4998-a1bf-44f5cfff8966,2026-01-23,Delayed,4
8facb34f-0975-4e92-9780-23e762e72ec2,25a7170a-07c3-4170-9637-d252f058f04d,2025-12-22,Delivered,2
73e6f543-8081-4a35-b6b4-096b530144b3,213c4370-20cb-4a94-8eb6-ed641619bc58,2026-04-15,Delivered,1
22b2d43e-a649-4611-8cd0-f7ca12d93cca,4de76122-82ef-4a63-983c-df3d1fc7ed7b,2026-01-12,Delayed,4
adbe4228-60b8-4bfc-a955-78459e7077df,23049e7d-d641-4229-a4fc-a1b93684376e,2025-12-20,Delayed,3
d36d7691-b868-4839-9033-ccdb975986e4,fbcc95f9-2708-438a-ac89-7ed1a008a499,2026-03-25,Delayed,2
f478313c-9eab-4996-96fd-83f3d45e0721,b524bccb-3aa5-43a6-a955-8ca6c690ed11,2025-06-14,Delayed,1
855aef28-a024-4a2a-8b7b-99b37bdbad9c,ef49a175-56f4-4127-988b-94c089f6e354,2025-03-27,Delivered,2
bb381c47-3e92-4fcd-929f-13b03740f60d,c0dbdce4-2819-417f-8aef-617b388d9f49,2026-02-01,Delivered,1
cfa9e530-5cc5-4f9f-a5c6-d4a1d9ce33d9,c78961ea-3b9d-42bf-968e-42a5c2de1ddb,2025-10-15,Delivered,1
d126c90c-73f7-48e4-bc17-69c813cac1db,247a30de-6008-4251-991f-e9c009363c31,2025-11-19,Delivered,2
26480770-3b70-4f66-8a6d-15432defd4f1,d127ac19-511d-43e3-a85f-fdfcda8fe408,2025-08-30,Delivered,1
36648e6a-971b-4230-8b28-0da1e69eef9b,ef1c7954-83e1-4d24-8581-6290071aeed8,2025-10-23,Delivered,1
98926b08-1e8c-4ef8-bec1-64edd20624f6,5faa7fd3-0531-4482-9643-bdc05c7ae5eb,2025-06-04,Delivered,1
9f68e572-a0bb-437b-8bca-3b12163f2869,0c2bc80c-511f-40e3-8da9-d6d28c21a461,2026-02-10,Delivered,2
6622f016-7b1c-4a09-96d9-76c152f60454,7df9d6b3-2982-48ea-89be-735d89ca12a2,2025-03-17,Delivered,1
ef336b07-e5e0-40e5-ba72-0044c5c8ab8f,9cc60c85-d8b2-47a4-bd0a-0c070404e2ee,2025-10-30,Delivered,2
e2404057-71d1-479f-b5a1-10b240be3631,70040417-adf1-4dd0-9e76-1bdb8c23199e,2025-04-20,Delivered,2
2c4660d0-2c70-4d9f-91b0-e848380eb0c7,0ad61c8f-d64e-45b2-a827-c9023078a4b4,2026-02-07,Delivered,2
55c1ed80-762d-420a-8b61-67870c22ed1a,381644ae-5c3b-478d-a7d5-a41972f14b1b,2025-05-25,Delivered,1
35010b39-c941-43b6-8786-4b354d143dc3,f2e8f4ce-4486-419a-ac73-f3907b44e2da,2025-04-08,Delivered,2
34457eb7-0e08-475e-895c-a1deba72a2f5,c19c3c9e-8da9-45fd-9b51-3ca797ecd6a2,2025-07-10,Delivered,2
41d56765-04b6-433a-af40-bd68cc87a1d0,70dd9b86-5f6d-454c-9067-f544ce01494b,2026-03-12,Delivered,2
bef5b0ff-49ae-42d0-8b06-6010b64239b5,165479f8-f5d3-45ba-ad54-b4bca289a95a,2025-04-22,Delivered,2
6b06ff48-27c3-42db-84ec-f45b36a7e7c8,ef2aa92d-7843-45d3-aea0-1589db6ad401,2025-05-30,Delayed,4
32642c12-38a8-4064-ae65-490ef1dfada8,5c6183dd-ef61-4b6b-a86f-6f8734914a47,2025-07-10,Delivered,1
1cfe7c40-6810-4b12-bbe1-31f87c772c3d,55250bcb-0e0b-467a-b883-85b3e3fe8c7b,2025-05-06,Delayed,3
107ae2f0-797d-4d61-981f-b08500e529df,acc462d2-86f7-49b8-8f1c-3506d76dd6e4,2025-06-07,Delivered,1
76f5f0b6-ea77-4024-a22b-21a1ceee388e,dcd304f5-975a-4cab-886a-96413f8ee902,2025-07-08,Delivered,2
112c4979-e018-4ba9-9bac-34b9a04f0ace,0066b825-85cc-48f6-bba7-ea19e6a27b5f,2025-07-28,Delivered,2
0d47646a-1c46-4001-9e88-00e49a8e702c,75b7a02c-8970-46a4-ae0f-8a7cd8483d84,2025-07-12,Delayed,2
4e936c41-0777-4c96-bbdd-530f5cd94695,5f738e47-5822-42e1-913c-bafe4ec5efad,2025-04-19,Delivered,2
29dc39cf-93d0-4f6e-b147-5383cba7cef4,1a1bee6d-927a-4182-b6f9-9c81784bc349,2025-06-01,Delivered,1
5702dc4c-76b2-4181-afa6-34223d9f4726,2837f475-c914-44d1-90a1-c4efc854ea36,2025-07-02,Delivered,2
6a2f29b1-810e-4c67-9935-093aaae9b423,cc91414a-0761-45f6-95cb-23eed059cf31,2026-02-08,Delayed,2
406d18e0-76b5-48dd-8da8-c10f6ae6c2a0,686d86fe-6638-441f-b6b0-fce3b3c79947,2025-03-25,Delivered,1
b6d8139b-9018-4170-aaa4-78565d0bbd12,b08f4e92-2cbe-4a29-b790-b2600906836a,2025-09-15,Delayed,1
7eea26c1-c27d-49e3-a642-8af6835a7157,14a8e6c3-7a8e-43ec-a465-8d1774c27883,2026-04-11,Delayed,3
18ba3506-d0d1-4af6-bc35-8cad165097b1,7878be5d-2824-4413-93ed-77e7fd613d55,2025-12-17,Delivered,1
79d517b8-f9c2-4234-9582-c84634701baf,35600e2f-c593-417b-89e3-028e675bf505,2025-08-03,Delivered,2
9f602a48-b2ca-4df4-acb3-2a13043f6c43,a705ee9d-4c4f-4f4d-afbf-a436bd4f0ebc,2025-09-29,Delayed,3
25c97783-9235-4cf9-8c1c-2a1113dd6b14,c7a8397b-f5b9-47b1-bee6-4014028733ae,2025-03-28,Delayed,4
34d0119f-2668-4b66-8a70-62d5122f8aad,a444d00a-f16a-4077-b5c5-b5a87d380f4e,2025-05-25,Delivered,2
1d89933c-cec3-4570-8429-4c28f3608d89,dcbe94e2-7bb8-486a-9457-e6cdad49a525,2025-05-27,Delivered,2
7534af18-b2e3-4a83-814e-9f06d317ff85,2a555658-38cc-4453-92dd-f5cc989f0f07,2025-05-07,Delayed,3
37f3f1dc-7b3f-4108-808b-eadcf6df2d65,bf65549a-fd1b-4f2f-b10b-3d29470bf5ce,2025-03-25,Delayed,4
d1f8230b-ab4f-495d-9c09-c8539cf20c61,b5c71282-2b07-47f1-96de-a88426e6bfba,2026-04-16,Delayed,4
fb844b52-7ae4-4de2-842f-6b3c98c99426,93e9eaad-60ef-456f-986a-9c0b05124d28,2025-03-20,Delayed,4
6334fa2d-d37e-42e3-a8a6-167c67e5f5bb,3c8cfdea-9e87-4d6b-b187-1d64ee76d300,2025-02-22,Delayed,1
4d6d5764-ec96-491f-9596-bc4fb3b61cb4,94095633-0a5c-4145-b4a7-0144cd973d8e,2025-11-20,Delivered,2
8f44fb84-0c0e-4da6-b5f5-7fe0a0db997a,e61ee503-4106-468b-a29b-42b44eee07fe,2026-03-03,Delivered,2
a4df6cfa-9696-4ced-9b7d-6dd56368d4fb,fbc5e46e-fc12-4f8d-ba43-9181ea1d054f,2025-11-01,Delivered,2
6b8481aa-9dd4-4cf9-8d65-0543c11f8fdd,70c7f87f-fc51-48c8-9cad-7cf922fd42b2,2026-04-01,Delivered,2
05b226bc-c416-46e4-b908-24e8648ce902,6d7ae375-cef0-443d-8b34-8fda223600ff,2025-02-26,Delivered,2
f6c89652-8adf-457f-879c-1502875a86f4,424053d6-6268-4598-a267-113c2d5bc81f,2026-02-09,Delivered,1
2a85e8a7-6bf6-4972-81eb-d11080422249,9936b629-0cf8-46c3-8bd2-26699550f308,2025-12-16,Delayed,4
880b6012-f194-4b48-9da4-0f948634dba7,014b00ac-dff2-47a7-b97c-3a0a0406ecf6,2026-04-07,Delivered,1
3d176c3c-6e8c-4f13-94b4-147c7a960568,6c8764d0-894c-4c6e-86df-f34c424ca31d,2025-08-11,Delivered,2
5119a933-50e4-4fe1-8124-95ef84c01701,e9f878d8-4ffc-461e-9072-4bbcd6a3f6ce,2026-03-06,Delivered,2
9ab7dab7-6f3f-46b4-a578-4323127e9d9a,647829fc-042c-4522-a520-9099c16e0d09,2025-05-13,Delivered,1
1bf86fca-fb75-4b5e-b063-8f4fd9dc13f8,8a7725a0-ef44-429e-8f2d-022d629d33a6,2025-08-07,Delivered,2
f30f95e1-fe0d-427f-8e2f-63f43b0f6f3c,130c1c49-500a-4ff0-994d-17221f4f1151,2025-10-21,Delivered,1
813980c1-9cff-4eb0-a3d0-b7df70100963,01927911-4406-4716-be55-2978489afa0a,2025-07-25,Delivered,1
0a5c70e1-ea07-4b03-ad1e-c98d3642a47b,d5a6cb3b-d771-4494-8f2a-048f03e936b8,2025-04-02,Delivered,1
049dc8f2-776e-40af-91b2-d548527da367,b982d5a3-25b1-4c51-b04b-9a5fe3e78204,2025-05-08,Delivered,1
22cd3049-bf27-4fd5-9329-7e5025e9ecef,72f9e997-8505-4ee9-b32e-8c1662de7474,2025-03-21,Delivered,2
f51dffc5-be9b-49fb-a9c9-4f582b378b8f,17822660-51fa-4b3b-94b8-b19922c5fe50,2025-09-11,Delayed,1
0824bb10-a8fb-4fbb-ba07-dad5caa0c0fd,fc19a567-2b9b-43fc-a5f9-92a40d855865,2025-08-18,Delivered,1
8807669d-b6cb-4d33-96c6-ca4ed31bbf42,edbda790-cdbd-46f8-b7d9-a24dec92b0a0,2026-01-30,Delivered,1
c44f0c87-c64d-4827-b2f9-6d3dc02e33e0,e138c3bc-be26-401f-966e-357ecdc463bb,2026-02-11,Delivered,1
2a0caa63-770a-4635-b5db-8448ec5ac0ab,5aaf8439-204b-417c-933e-99c4627ba566,2025-11-12,Delivered,1
4962f62b-5b36-42c8-b034-4e1dbcc495bd,924a2290-06ed-4a2b-97b9-ada6d7d6703e,2025-10-23,Delivered,1
9f1531f6-dcc8-4583-9102-bc5e6e7bf466,35dc825f-57d3-4c8b-b042-b08f572134a2,2025-05-21,Delivered,2
970e53ff-6332-4f7e-869e-c516d182a029,21f32c2b-e4c9-47d9-9423-2ba03cd26f14,2025-09-05,Delivered,2
3889c44b-12f7-4421-bcd4-11ef128b4e8a,c6d378da-1969-463a-9620-ff92d4fba1a9,2025-02-08,Delivered,1
736895b4-f9c7-4ae6-b36d-e553fa33e947,87906031-eda7-4f7e-a596-eff16df754af,2026-03-06,Delivered,1
8e2b4666-65da-4403-afa0-c8c15d63f18d,00254f12-ec16-4046-b20c-0ad76ef49935,2026-04-01,Delivered,2
ad35edfd-7908-414c-bef6-3cab6a96e2e8,897eda4d-737b-4120-947f-cb4881c1830b,2025-10-06,Delivered,1
c331a8e9-9249-4432-9fe3-cd414a87a95c,94a17607-2e0d-41ee-a68f-2c3a0c97a2b5,2025-02-19,Delivered,2
1d5cc867-a248-41b0-b57f-856fe332afee,60eb3dec-6afc-4a9e-a38a-ce1a0fcecf9b,2025-02-28,Delivered,1
478aadaa-d4e7-4d4e-a7d0-fcda8c17caea,bc1eabcd-c597-4177-9975-99284bfa2b81,2026-01-30,Delayed,1
3f593afd-8ccc-41f8-bf16-5b8348b3c24b,77546566-3075-4439-8c95-e172e5108eeb,2025-05-22,Delayed,4
b51dcacd-cfc5-44b4-be26-bad7ef24052c,6efd5d51-f91b-4be7-8ed8-49ab7ab52084,2025-03-18,Delayed,3
0717ac40-f6a6-4b9c-ac85-af205cb6b73c,20c45968-3fb3-4366-8855-00d95d315e52,2026-02-27,Delivered,1
9964fff3-31a9-4d66-93ea-bcd05260c7ef,6c717fc7-b579-4e43-b1fc-2aa2ca9a8365,2026-04-01,Delivered,2
74398f1d-eb38-4c83-a435-29128036bd1e,e610a553-7e34-4f1e-88af-af3028630f31,2025-04-25,Delivered,2
84c69864-163a-4a28-9a22-53f7df956054,5244eb81-d5fc-4b8d-acc3-8656665ec6e5,2025-12-14,Delivered,2
52bd75ea-7f5f-4e8d-b06a-c4d7f7f2eac5,8bab3356-a7a8-49c8-8d09-925d988a5a08,2026-01-08,Delayed,1
6eb39ee2-70e5-4682-b1bb-b85c9ac49276,4237d1c9-0a69-4bbc-b229-c163b7170af4,2025-12-31,Delivered,1
34331db7-06db-41b6-8026-ffe9f175b867,6c33c756-2bde-4aae-ba00-23226664d4ef,2025-06-14,Delivered,2
dc5fb447-0cdd-442e-ad62-e4cf52756a81,042e0429-49ca-4eb6-b535-88bbc4dca5fe,2025-09-10,Delayed,4
0cdd8078-edb9-4ecb-b19a-e49600bee5e3,b00aa879-9ded-44bd-b62e-f29435231f26,2026-04-04,Delivered,1
6be9e40f-317b-4a70-ac5e-b3fb282da2d6,a6b1ac04-969e-4461-b7f7-ec892bb3a278,2025-12-27,Delayed,1
98a2f0e8-0cc6-4688-a3ba-74b6af1490c2,14803f4f-7bf2-4d59-a745-9a1fb7f2e068,2025-12-07,Delivered,1
50431d70-4c01-45d4-b90b-725d0660bd92,8107e3ed-ac51-4efa-8902-f80c9efe39ba,2025-01-26,Delivered,1
bde2fc0a-6263-4df9-8ad8-a5e2621e418a,9186e495-9050-43f3-878f-09b86ec1a7c8,2025-03-24,Delivered,1
bbc60357-5fce-460a-b48c-65fa6bbbbc08,bdb15b74-96ca-4e83-8dcf-bffaaeb48596,2025-11-02,Delivered,1
9c572a8b-8b39-4674-8ff1-d1260606ba4b,0830505c-2179-4327-8a90-4a96894b5272,2026-03-17,Delivered,1
f07e7685-04c7-4006-af65-b104e9a7ee82,3c5307a4-62d2-4898-a255-0f8c67d9f943,2025-10-15,Delayed,1
7e51e177-5943-4ff5-83a2-a3e5083b9396,8b4ccda3-ece8-4754-ad7f-51a4f05c5af6,2025-02-26,Delivered,1
b80d3e7f-72b1-48dc-a889-545ead7be996,eaac5ba4-b5ee-4ecf-9e8d-cf101fda0aff,2026-02-01,Delivered,1
c50dc6bf-fd97-4dbf-b3e2-d5bd8800a8be,51e8a092-163c-4c2a-b9ef-baa6bcad9d9d,2026-03-09,Delivered,1
531c7e42-3029-4ae5-b8e7-31e3ada32200,c553a6a9-1926-4e90-9e17-e802225fcadd,2026-01-23,Delivered,2
35772654-68fb-4560-aadb-94513bce0173,53a764c3-c79f-4d7e-b8ed-e5235b7aeecd,2025-09-06,Delivered,1
5535df36-30a1-44c6-90c2-656412e04481,ecdfebe3-f644-42d2-9c06-a15ec01f06db,2026-01-11,Delivered,2
b7a13d2c-4785-4f0a-be48-0e1bb5717161,0089efb5-3508-4818-8327-2e1cec8695a5,2026-01-17,Delivered,2
2818c078-d727-4950-8d23-cd89ae04bceb,3043820d-1211-4df2-acfc-df0ff6ddd09c,2026-03-27,Delivered,1
5ae02e4e-5959-49d1-8e26-74810485778a,358fbd69-c1d8-4a95-bfec-d36cf180682b,2025-04-07,Delivered,1
8357c3b8-ac7c-492f-8090-849f55415feb,1ea5c605-1c91-449c-b6f0-b31497bd0bbd,2026-02-06,Delivered,1
52f966ef-1b93-4d0b-84bf-e54d359e2be3,2e7b61ed-9c74-43ba-b352-3351425176ca,2025-06-25,Delivered,2
44d97a19-a92a-4686-9ef0-fa4cdd11ceb7,d9f1308a-2819-4c86-b09e-83a683c1d97d,2025-10-02,Delayed,2
df9426cc-4a23-4fb2-8181-0b39361861c3,738b0eec-24bc-4d30-8131-9dc42df9a5a0,2025-03-22,Delayed,4
a1e56fce-95c1-4bcc-8595-98571538fe5d,3b903faa-574a-4e14-8030-32af3c4319e1,2025-11-21,Delivered,2
4df4fe78-684e-470d-8464-300a7d806428,5eb66d7f-9014-44a8-93bf-5c650dcc9be6,2026-01-08,Delayed,2
12e567ce-6c0c-45fc-be5b-1ca45bf6330d,83a62a63-7b51-426e-ab61-32c435b25874,2025-12-27,Delivered,1
3d5bd188-b85e-4c61-94ff-08017abceedf,4e3994aa-e16f-45d4-9238-a84e31b41186,2025-08-06,Delivered,2
8308e31b-cc0f-468b-8bc4-8322f59c620d,e3169e61-69ba-4be4-b5df-8458e0dc4192,2026-02-26,Delivered,1
3c1918e5-7b6f-493f-87a3-234cf491233c,d5996cc0-61e9-4a45-a5ac-b6299f813227,2026-04-10,Delivered,1
a3206f1f-6deb-4b8a-b8d9-6745f7fb805d,b2650468-a8a6-4bb4-b481-971781f2bc84,2025-10-08,Delivered,1
6083603d-07e3-4231-89bb-59bbe9f9d909,b7c82f49-a5d9-4927-832e-3901b5c278cd,2026-02-16,Delivered,2
4735ce65-db42-48e7-9152-5817eb83f7e4,bb81750a-a4e9-4dd7-bc6b-595baf48e84c,2025-04-22,Delivered,1
59cbf84d-5d64-4738-8972-25154f51b4d4,0e887914-cc91-4d99-a8be-95666994670c,2025-10-22,Delayed,3
1343ab91-15c0-449a-8d86-09d6952584c2,ca813445-4dbc-416c-b850-822813d559cf,2025-10-05,Delivered,2
6ee6e603-0b35-4b07-b887-a845e6f583d0,c1058563-5445-48d2-b243-ced56c642620,2025-09-03,Delivered,1
47c9538c-092f-4edc-b2f3-69e86c9d7a19,4ea0016e-d532-415e-ab89-8c8d1162ddc6,2025-12-08,Delivered,2
2fa35e8f-4661-4819-857f-ac14ff5a6a9d,85fbfe5c-16cf-47e0-a29c-29b46192ca0b,2026-02-07,Delivered,2
0e8fd935-5fa3-4bf2-b4b7-2e341e3f7de9,92d9a39c-1e43-4679-b344-f3fc66b8f85d,2025-05-10,Delayed,2
e7cb5962-c5dd-44e0-997e-724364c89406,ac5c151a-16ca-4ca4-8350-4a7f123f1682,2025-12-17,Delayed,1
0ad3406a-828b-4b4e-8c07-4d95ab370d62,08267180-0734-48a7-8df4-da69bfa97463,2025-03-18,Delayed,3
01301c3b-359b-48bd-bf70-490b07b7f763,c7d0f788-90b6-458f-a773-2345ebed740f,2026-02-10,Delivered,1
714df5c7-8736-4567-8f8d-fdfca3a07a80,ba10a997-cc7a-4e9e-97ab-46e59d9b1818,2025-05-25,Delayed,1
77badb72-8229-48c5-9502-95cc5eb3b743,c0fe763b-aac7-4e3c-af8c-f635d34ecc36,2025-05-10,Delivered,2
56e31b39-1a02-44d3-8048-38349beae944,f733023a-3d26-4161-b181-8ca9ebacaabd,2025-03-09,Delivered,2
4571159d-3eba-4221-bcb0-ecfc6fe68747,30a2d2c7-4ceb-4d7f-8cf7-afaf34c8c480,2025-10-01,Delayed,3
0e2cda52-325f-4f33-be7e-8ec9165e6590,5714a8d0-c2f7-400a-8aeb-184012c5a442,2025-07-30,Delivered,2
9f1cdbcf-6dec-4b21-adf5-c7160a7db04b,2aeccae3-317b-4da0-9dcc-232a4a83e5a5,2025-12-19,Delayed,1
ca32708d-45a0-40ed-8183-5322b385f683,2197d703-6740-431b-8e5d-771ffc50874e,2025-07-29,Delivered,2
efa7d5c0-bf87-4d03-a16c-e44730a20e44,af62f9a3-bf08-440f-a480-cae3b79d7d50,2025-07-21,Delivered,1
15b0f5f4-77fd-4242-bfe2-9ccb2dc52a9e,014b3ab5-981a-4946-b780-7b3d0630c6c7,2026-04-11,Delivered,1
1acb63a5-deb4-46ef-b5fe-4198cff547f8,3604c6f2-acac-4ecb-b49c-d16abc33f562,2025-04-01,Delivered,1
5a929d53-84ad-44db-b046-3d7c27bf9727,51fa2c35-f930-4161-8409-91d72dfd8435,2025-03-11,Delivered,2
2e7e22ac-23f4-4e75-9c49-e45f42ecb086,32a7d885-b0da-4f1b-b0fc-1e18cbe94f1b,2025-10-06,Delivered,2
4c7f5a04-3350-4430-b284-a229b0c69d26,7198e513-419e-44b3-a0ca-c015aca7e0f9,2025-06-28,Delivered,2
a0067f5a-a6e9-4d2d-8160-b5418373f4cf,d30b73a4-8218-4f33-9eff-5431f2908335,2026-03-15,Delivered,2
65a90b61-d78f-47b5-959d-d2eb270df31b,04f1e21c-8f93-49c5-9686-511ce70c7434,2026-01-11,Delivered,2
cc0d710a-860e-44bc-a3bf-6bc1f2026388,473e2463-9d10-49a9-83b1-ec51459d3a3c,2026-04-14,Delivered,2
c0c02d3b-edf5-487a-9a5b-bea4d661a09b,ed4bda40-c73e-4bc6-907e-c812e5cd8067,2025-05-29,Delivered,2
a8e31168-f43f-4635-8676-c7adf7c2d26b,1d6fe5c8-c53f-44ea-8b73-fcb250438926,2026-03-03,Delivered,1
9003bb50-bcaf-4c60-a552-2969a954f5c6,3748d74f-e010-4cbe-b9e0-4d39275ea2ee,2025-02-19,Delivered,2
ec624362-aed0-4c2d-a536-0d2d7c2c9d09,f85b944c-8ced-485f-9c54-e136dac3dcfb,2025-07-08,Delivered,1
e78b5991-6fae-490d-a901-a69b1858fecb,7dc2bd16-519e-4da9-814d-3078b871de0c,2025-06-25,Delivered,1
4e5c4887-420f-4acf-bccb-45949f268a85,1348701c-6144-46bd-a1fa-a38aab2d1780,2026-03-19,Delayed,3
9d113f8e-f324-438c-b551-23208e4514ff,37680c50-7272-4ba6-a762-68b3393eddbf,2025-01-29,Delayed,2
65d97363-cb13-467b-9355-582287493f44,0e480fa3-3acc-4139-98fc-fe0f713084b4,2025-01-26,Delivered,1
b96b0236-a453-4913-ae7a-1c248e36e427,1d88bd62-c84e-4cf8-8ac5-e605f072d594,2025-01-22,Delivered,2
d5c07fc4-f2ed-45ef-9756-7b4bdd0e9e72,2194c269-5307-4007-a592-273cc7c78e42,2025-02-21,Delivered,1
bd64b34f-f1f6-4d57-b1d7-1e2bcb821454,b319f13f-cf2d-4c7d-b58b-d4b5b91e78ed,2025-06-05,Delayed,4
7ec320f6-d902-4c6f-86ff-1c9ef1ad682a,1b4a82e3-8838-47c8-b29a-bdb310f2f714,2025-05-09,Delivered,2
d55439c7-ff7e-4fb8-8f42-c36c1baf2ab9,15a6da81-44a4-4edf-bc70-4b91a2455faa,2025-02-09,Delivered,1
6712fba7-bbb3-4dee-92b1-35ccd6578740,c95ee34f-8e10-4bf8-bd33-3c2e5b19424b,2025-02-18,Delivered,1
c0ca02a4-dccc-4882-91a1-264122c584cd,c670b48d-c3c3-49c6-8f9c-360e3fa2a003,2025-09-21,Delayed,4
6967a892-b2cd-4fbb-9051-2ead1f968929,647be88d-ff66-46dd-bc81-93a63a884a1e,2025-02-10,Delivered,2
4bab093b-cc01-4980-8ec8-9080890fc178,50e76606-063e-40d7-801c-7cfde31390f7,2026-03-29,Delivered,1
c3708693-b119-4e42-bad3-1462f9b91ea3,c926a30a-e7fc-4206-a3be-405b2e7a66dd,2025-11-07,Delayed,4
4f1ee92f-6bd2-422c-bcdd-a0bce631d40d,6386c643-d036-452c-acc1-11ff3b224bf5,2025-05-26,Delivered,2
1d4c7c24-fc11-4c7f-87e0-6b007658f58e,699ebeec-aad0-4079-8d6b-7965bf72397e,2026-02-14,Delivered,2
49f78803-4e52-4ece-ad78-9cd3d3be810a,01b4f16d-3726-4401-834a-5d3bf57c53ab,2025-11-10,Delivered,1
aca678b0-4f5e-4a19-b2b5-af3ef18d659d,cd243cbd-a622-4333-a795-292a7f8918a5,2025-07-10,Delivered,2
f36590af-fd99-480e-9544-03befdf0302f,79d11417-9da1-4510-89be-ac87f9a0df39,2026-01-18,Delivered,2
fbc4cad0-16e8-4411-a028-772b6d2daa5e,8d2b9c4a-a686-4e3b-9079-23ce18b43ebc,2025-07-09,Delivered,2
ec13535f-03d2-465e-82a3-1eccd55cc73a,aa9c478b-3b13-4c38-8d78-babab4e5ed22,2026-04-02,Delivered,1
9cda7383-c62a-4a49-ae5f-aaac7fe353fc,981ba712-912c-4185-a521-5f0dcc63c3c3,2025-02-25,Delayed,3
fa0aa1c3-d65d-4b3e-a4a9-87b6f89678bb,32fd6906-e6c4-496c-9129-826e9ec01fa3,2025-11-08,Delivered,1
f9fb106e-6237-480f-a699-4eecac0c4a83,f54baff5-2e68-435c-a9cc-aa50fae471c4,2025-11-08,Delivered,1
5162849c-e540-478b-bedf-50416f3c20e5,cfbf12b8-2593-4ca1-a422-5e627866dfa4,2026-02-20,Delivered,1
92b983f6-40ba-42cd-8fe4-2f70ccce6bb1,674369b7-9d4c-4e29-a45e-ec79d8ec2679,2025-03-12,Delayed,1
f82f2d94-683f-4d65-8bd8-54311e3ea7cd,47afd258-6dd1-44e8-9808-8252b4bc4cf6,2025-08-15,Delivered,1
c9033002-9f68-49ff-99f4-7c4450c707e7,4fdb3397-209c-482e-a407-1e8bfe3af0e9,2025-12-02,Delivered,2
221db981-98af-44e4-b5d4-5d2b0c6c42f9,3a5aee56-5efb-4125-8d20-df1611386813,2026-03-07,Delayed,1
f0025341-560f-4791-9d8f-5a9f9d3f8f76,2ec78b01-015c-4b22-8ef8-c9754e64d5af,2026-01-06,Delivered,2
967cb9cc-ba02-4d1a-ae56-bfb96e1cd69b,7efef404-c83e-4553-905c-a1a4a1dc2398,2025-01-25,Delivered,2
ef389b49-d8b4-4bcb-8044-6b0c5d7047e9,14af7302-ff2e-431a-b33a-4880b087f19d,2025-10-20,Delivered,1
8cdd3758-0126-4cc3-8ef4-53b7a23f1fca,4ab6d582-7d5e-4348-9d1b-d364b2040c84,2025-07-13,Delivered,2
a2aae4d6-e0db-4aff-a01a-a2b3289360f7,94e7eed3-5d94-4bcc-b4bf-cd09799a3224,2025-02-24,Delivered,1
f2f668fa-5a31-4d1e-b29b-5838f3e60ddb,a678a0e7-bec8-4ab4-8910-e1116ce2feb4,2025-07-26,Delivered,2
3a31bec7-ba07-4879-9a9c-5ebf55748fc7,c2e7cbc3-2baf-4ca4-a345-dc0ce502d54f,2025-04-29,Delivered,2
508ac57e-ffbb-41b8-a0b1-a80623de900b,1bdcb79c-0b11-49d9-a623-4b049c9cc4d4,2025-10-10,Delayed,2
04aedca7-7149-4e26-bd8f-3b409b18085d,7915d7aa-97d0-4ca5-ae47-3ff55561ba31,2025-05-30,Delivered,2
2bac00c2-9402-4aae-b17c-b0c2d975822b,e41219c2-0135-4c06-a194-d7505a8fa2ce,2025-01-26,Delivered,2
b6e6b544-5c21-481d-99c0-ef997373c80b,29e7c227-2ea4-41d3-96d9-df09d315beb1,2025-09-06,Delivered,2
98f9c361-363e-4c17-92e4-b3a16f9b1b53,44b24033-d3c5-45dd-bb2b-2458fec7e935,2025-06-18,Delivered,1
81ab52d5-5052-4528-985e-c679019d78b2,09f5415c-a496-4acc-9bb6-3ed395f7ff70,2025-10-04,Delivered,1
1bcc1449-7d07-4f80-97ed-4db8ddd01658,0e490a70-15bd-4f32-b658-8e5add67692e,2025-08-05,Delivered,1
41d77737-4078-4519-a148-9dcd88c4df79,8977fb30-ccd8-4d0c-84b5-db2b88ac3b32,2025-03-11,Delivered,2
bc67438d-058a-4ba1-8870-1158a67be02b,de67626d-3e3d-4a0c-b76b-9086ec6812c3,2026-04-28,Delivered,1
a621f5b0-b049-4678-8c6b-908ce65ade81,1d265a23-51d5-47d4-9514-574c6712d9a9,2025-08-20,Delivered,2
a9f99fbe-c657-44fd-ac85-8b0fb61a5eff,c59a5fec-799b-4a44-b9f5-fe55a91e2c7d,2025-11-25,Delivered,2
563f02ee-a044-4dd5-8c24-cd731811b937,3cf98382-ab06-465f-b9b3-09d328591178,2025-07-12,Delivered,2
e1fa766a-50ac-4b81-9ccd-e28347ee8f58,b59c239f-820a-45c4-8a1d-72fdd2eea090,2025-11-20,Delayed,3
a51b79ff-723b-4a1a-9f7d-e4ac968707b8,7d19ecbb-ab67-4dff-90ec-f73489f9596e,2025-10-04,Delivered,1
f9ebad3e-eba0-4f96-87ab-75d678754613,2d4fb905-f1e5-45f4-b5ff-50548fc6f01a,2025-08-17,Delivered,2
273b7c48-aeb1-4397-8f54-2e358033a7c9,c0bca163-88a3-44cb-a131-12971125b443,2025-11-28,Delivered,2
ce1da102-5bd3-42eb-842d-1b15d51116f5,5aac779b-0bf9-45ea-aa10-fc3b37d8201d,2025-02-08,Delivered,2
2fb06a97-1b7f-4451-95f0-1b2e45aff4a6,b4000406-f6e3-4267-9c14-93ba13fe2e7f,2025-08-19,Delivered,2
cbca4b3b-a693-4402-b168-629b9b6cfbc7,d2f56a2d-4946-4ea9-aa89-2621dd2a785b,2025-12-10,Delayed,3
1b85aea7-bcb3-4178-8738-52ac212d9052,24effdbd-d3ba-4987-8a95-6c4083bb97af,2025-07-18,Delivered,2
ad1f7f34-3b5f-4f0a-9d10-29fe00ba487b,3885209e-480f-469b-8ed2-622e1875219f,2025-09-09,Delayed,4
30a83f25-8a19-4297-ba35-4d63370eff9f,60ca19bd-855a-4899-bf51-6ff27cf66150,2025-11-23,Delivered,1
82d34de0-52fa-47a4-b04d-7774c139ce7c,b7a0fa62-ef60-4319-8e2c-a1ef64bc108e,2025-09-13,Delayed,4
0aaac4b3-392a-467a-b187-190b1311a8e1,bc71c0ef-c029-45e9-ae1c-1fa003ae33fa,2025-12-03,Delivered,1
94583cf3-db15-4789-87fe-2702457826b2,85db7888-7321-4932-b162-c5f4f2fcb1f0,2025-07-01,Delayed,4
9618415d-7de3-4de9-b09b-3f909819453b,ad5b44b8-96d5-43c6-9b6e-c1f070db966f,2025-05-29,Delayed,2
01533505-8979-4587-a456-66c351743dad,149c1de3-7e0e-4cee-8401-6e98ef3d70c9,2025-10-01,Delivered,2
42368279-e7d4-42d0-82c3-d7205496ed07,0a128dd5-cf00-408d-b59a-6489ac4701ec,2025-05-07,Delivered,2
65478063-01f9-45df-98e8-093017ed068f,7e88e2af-c07b-44cd-a154-833840b2c433,2026-03-17,Delayed,2
2278ebd4-0653-4794-bffe-953ea0a5e25d,243e9e2c-2ab1-4383-a8ea-0c602cd751d0,2025-06-09,Delivered,1
80d05aea-b100-4011-ac0f-1354120f0f4f,4a7f1277-5030-4663-9f04-ae4574c194f5,2025-11-05,Delivered,1
43859e4f-5f47-48bf-9fb8-6d091ad5d882,ee76870d-e80d-4f6d-b95a-6604e7c6d197,2026-03-29,Delivered,2
b425254c-8dd9-4f19-b108-f800d667679f,d3d6a1d1-e024-4394-b170-6df1acc0cc3b,2026-03-25,Delayed,3
6f079c01-0b47-4f64-8127-5acea7dfac89,b8938ae8-0ef3-4295-966a-30fce3f7a7de,2026-03-10,Delivered,1
c1a9d803-2eed-4a73-a9de-e5e6afbc592c,4b2cf5a4-ea9e-44b3-9ef8-7526ce1956cc,2025-04-27,Delayed,4
87f885ae-3577-4ea2-ae42-279fba7f3c86,a8ceb7ca-d03e-428b-98f1-584e04a35001,2025-08-31,Delayed,3
85358d7a-a387-41a2-a2ee-15115135eb08,e69a1706-6ea8-43c9-8e92-4ab8a0c7f7c5,2025-06-19,Delivered,2
4e325779-a9b9-4995-aae7-87061137da69,832e6d3b-3a3e-4b2b-899a-ebe14d1bc1a5,2025-01-22,Delivered,2
64f6fd27-7b7c-471d-8bf1-47ba9b18c2d6,7da6d0f8-3bf9-4267-bcd4-38a8193c57c9,2026-03-20,Delivered,2
a2c514c2-ef4a-4ce9-b626-b01e09a702e2,0885527b-1167-42e1-b0f6-ea83b5597251,2025-04-13,Delivered,1
aa560f02-76f9-4c8d-baf2-3bd9854da117,392dac75-9480-46b8-8dd6-6f33344f541a,2026-02-10,Delivered,2
d09f01b2-6554-4d7d-8ac1-a4fa34322610,501f182f-61ee-43b9-88d2-6ac086699ce0,2025-03-06,Delivered,1
0637c36b-9d9c-4d85-9fa2-758bb2eb8902,64f0591e-3105-4198-b3d8-38bd53b15034,2025-01-28,Delayed,4
d2506a17-818d-401e-ad69-d04ed94c7c41,d1912afc-fe75-4729-a721-5b8e2dc2bce6,2025-03-29,Delivered,2
4deba4ee-e7ab-4b84-ab5e-6d8449b3ab7e,69fa0471-810f-4f1c-9b28-5758a5c4fe91,2025-08-03,Delayed,3
ee5af110-ef61-4a68-b452-f327a4348422,6975ab44-9983-4189-b126-21cfe9be8748,2025-08-23,Delivered,1
dd75be5d-4480-4c11-b384-034828fb83c7,c5647c53-2105-46fc-9f86-b2c377f2c099,2026-02-25,Delivered,2
e34b74dd-56ea-46a9-b254-510b0d59355d,aeee7319-fa04-4813-b6c2-5972db03761c,2025-07-07,Delivered,2
1a8ac02a-abdb-47e4-8105-a7a06113b2fb,ba736b3e-db2e-4473-984f-ee930ed93673,2026-02-04,Delivered,1
92290391-bb8b-442d-9027-cffeb2f0da93,fe7c1d24-ef34-4535-8e6a-4f0d67e4e332,2025-02-17,Delayed,2
f928fd0a-8dd4-44a7-bd1d-897b3a142237,a8b0e36f-c4c6-46c7-b448-815f75006cbc,2025-11-19,Delayed,4
ae4ece84-8b0a-47b1-a7fd-fff0a038731d,d15f065d-597c-4e37-b2cf-14f0a4c43b88,2026-01-30,Delivered,1
ea6da4f4-fcd0-4d07-b21f-290de7fbdf66,8a465577-ece9-4a58-8ba6-996246bfb5ea,2026-02-08,Delivered,1
17aa1ee5-4b42-498e-8f30-89adfc217385,e2a25636-2aca-4a4c-8cc8-feb1b8d66cfc,2025-07-13,Delivered,2
2f156b30-e4fa-4dc1-9c2a-a6c67078d996,f874407a-7574-4f60-8dd7-c3200b144ce0,2025-11-20,Delayed,4
08766a33-0112-4cef-b702-7d866eb79fc1,0e6d863c-0a17-4dda-9000-1bb7820eea6e,2025-03-05,Delivered,1
4a26161e-91f7-4b08-afed-5ba2e932a382,9d9ac68f-1394-421e-a5c4-bb488dc5fdd5,2025-10-12,Delivered,2
bbfa52a8-f4e7-45f1-ab94-6f47572066ec,d61a006e-63d9-4784-ad2b-5d37892e8ddb,2025-12-14,Delivered,1
373cb457-b556-4a9a-9950-b2413e30507b,582871ff-53b8-497d-b8f5-a7757e325447,2025-03-07,Delayed,3
b0c2a519-c51c-409d-957a-c12e2efa5baa,ef2a4e6d-ef22-4bfc-9678-abc0d15851c3,2025-05-30,Delivered,1
5bd86be2-e2b8-432c-bf0e-4bc43ca3164f,4a2134e8-b13b-419b-af74-643090d21ae6,2025-11-08,Delivered,1
b934197c-458b-4db4-a2ac-850c09c48408,462d0cc2-bcb4-4ab5-8b91-4ac695b959d8,2025-12-06,Delivered,2
3c7e7cb5-af3e-41ed-85e8-0b41cb3c84a9,c907470b-1588-45a5-a6b7-8bb82f4c14f0,2025-12-11,Delivered,1
53040dbc-5358-45fd-bb81-e43c0709ed51,48b68321-2858-404d-8e03-6394ff52adf5,2025-12-04,Delivered,1
10be8079-7813-4047-8373-67a33355e909,816ae341-dcab-4146-992d-7836885f7c97,2025-08-07,Delivered,1
451c82a9-68e3-4527-b0a9-ea4d50029a53,aedd3fcf-53dd-445c-bfb2-0296e85967d2,2025-12-11,Delivered,2
1af1097b-bcd8-46c7-8f38-18345abbce92,64bbbbeb-51e6-4bb9-8d03-58a08e2c0285,2025-07-29,Delivered,2
32a89006-12de-48a5-ab2d-80fdaaf3db44,fd7bbd23-c2c6-49f2-9ab6-9061383b6394,2026-02-18,Delayed,3
81c52ddc-2690-4f6e-a735-b1cca2914bc7,c41e83a2-c06a-4fa8-96bd-da873a816fdd,2025-02-04,Delayed,1
c66cd7fa-1bcf-4444-9829-4037ce869c3c,93f1afca-3ba3-4dda-b825-f99075e3732e,2025-06-03,Delivered,2
b8cf59fa-4443-4a9d-8906-b7a8124c0ff3,460293a4-9208-4d4f-9f42-795fa62db357,2025-06-21,Delivered,2
19319a8f-48e6-4247-a15b-2dc07cc01a59,b78803e1-dd04-4eb4-9808-b94186321dbb,2025-10-18,Delivered,2
68d37016-b5ef-4f6d-ac14-cc4b8b1599b4,f26cc562-a453-4d65-9476-56d2dfd4f1e4,2026-02-05,Delivered,2
e8ee9ff9-e836-4f09-bffa-ce8defc076c6,d87c3d24-6b61-42a4-a3ea-2a47d406e6ed,2025-12-11,Delayed,1
1207633e-bf04-4f54-9db8-90bf9ed9356e,0ce8f98f-4e84-4089-9383-1288c05a17ab,2026-03-21,Delivered,2
6790320e-760c-477d-a1d1-eadc4f9b21c4,246e57fa-b478-419c-b6ba-0272a34cbf7d,2025-12-27,Delivered,2
10effa68-39f0-49ee-a93f-788a705f9463,8f66899c-e407-4d9f-821c-60b539bf8d52,2025-05-18,Delivered,1
34af8404-9cdf-4a58-8b6e-e1ca2dbbc163,48e0c0ef-df65-401d-983d-a302611b348c,2025-06-14,Delivered,2
f24a39a0-81e1-4dea-a3a0-b7454104c7ef,7252a10e-5b1f-4442-8e0c-39a65ebdaaea,2025-01-29,Delivered,2
130e5b35-4869-4e0d-9723-0fd36520c4af,06f47814-46a0-4635-9e7d-981d23b45667,2026-01-30,Delivered,1
f60e64a4-6af4-48d5-b6b1-394b2f1b10b3,61f2c270-64e3-4be6-9963-657d1c04fd80,2025-12-08,Delayed,2
6bdac148-5d55-41e9-8731-25a4277baa9f,2e24a20b-49a6-4ca3-94c7-0358da79df3e,2026-01-31,Delivered,2
5dd06a95-6a98-4338-ba71-f45bf975376a,34f6686c-74ad-49e2-8d2e-da5e4fb9e87b,2026-04-26,Delivered,2
2650059f-6cc1-470d-8277-8392d1763b32,2d6f5ec2-9dce-426f-b33f-25b3513d321d,2026-01-24,Delayed,3
c0e83644-76eb-4cce-b698-28e5bbee8fb4,18115411-9115-48e9-95af-0bc81707c34d,2026-04-11,Delivered,1
b4eee8ca-405c-4f6d-a101-f4604b703eda,c3575440-3ee0-43f3-9660-28a08fc8d075,2025-12-25,Delivered,2
0c62252b-0381-42ec-b520-08885f7640f9,ee60dd3a-332f-4294-8367-902ed43a177c,2025-02-27,Delivered,2
c3d4bf90-1f3f-437f-8ac5-61e0c54b85ae,87396045-618e-4dd8-be6d-78754c8ce73b,2026-01-26,Delivered,1
0e3fabe4-f2ab-4ab7-b1d2-2cc08257ad21,fd13bf46-f6a0-4edf-ab5d-07c1bb91744e,2025-02-12,Delivered,2
0ed9160e-b7a9-4f19-a2a8-1bb230ede881,a152ff68-0488-45d5-ba89-d29fbbe597ce,2025-06-04,Delayed,3
c0b9df30-4be1-430d-a30a-82c87550bb90,6a1df52b-f0df-4067-a29f-d8090bf5af22,2025-09-20,Delivered,1
c71dbdf6-8903-49b8-b075-5adafefc02a7,9a989701-a34e-4c94-b3a6-102c3471eeaf,2025-09-24,Delivered,2
ef65422b-8917-44c9-9b64-5a6b8e45bfed,77fde519-5cf4-4831-b2c4-37ddcf794487,2026-02-17,Delivered,1
3cb46688-47f6-484a-bc6f-12d9e3309bb7,76e8f41a-bca6-428c-9f2d-132a391b87fd,2026-01-22,Delivered,1
144bb37d-7afb-48d0-937f-b622fc82d9de,7daf7530-6027-4144-b9e8-4e4f490e4d40,2025-02-14,Delivered,1
fefeecdc-6b25-4468-80da-213d91841b49,5e6fa349-3501-446e-8c1e-68226c315987,2025-12-09,Delivered,1
b646e91f-51be-47cc-be50-fb36862b6ea3,1cf0766b-71eb-49ca-b28a-eb29c0873182,2025-11-30,Delivered,2
970826fa-197a-429a-82a9-ff4d10abc6f6,920eedde-f0aa-4114-b995-2ad96dfc40d5,2025-09-18,Delivered,1
f8260187-af0d-4739-8e18-9df69340903f,b7998177-df09-44ce-9742-94c72f378f94,2025-03-29,Delivered,1
0d6e365d-5c63-423e-8bbd-db61a93663b7,a5b0414e-3c92-434b-9d9c-3052f06aea81,2025-02-25,Delivered,1
b64b0770-e753-4395-a497-7141c4d3e6ac,ca1dab4b-5fb6-41ed-8081-26b82306318c,2025-08-10,Delivered,2
60205afb-8018-410e-a5bc-fde699a32a38,96afc5d6-339c-4e86-a871-049252a493df,2025-11-19,Delivered,1
3bdcbbac-1083-4246-b188-ec68e5f0a593,c6eb433d-e78a-43c0-af42-85183150fc57,2026-03-30,Delayed,4
50615ab5-f91b-4470-9a99-8a04a4807b85,01c1b788-7b0e-4bf2-a6f6-d062993d4769,2025-09-22,Delayed,4
0655234c-d408-4bfb-909e-579c68ad1cfb,980b6f94-9145-4a93-8522-9849bcfc9dca,2025-08-01,Delayed,3
70366f99-370a-4dd9-b375-a60f88e0258f,08869d6f-a268-413f-9320-a49e3cb78fc4,2025-10-01,Delivered,1
2c823048-90c4-4a50-af9a-fb2cdcd09d1a,f80093de-3f88-4944-a4fa-55d59949a599,2025-01-23,Delayed,2
b63dc67d-ff20-4023-9c6a-9ddfd4b745e8,254ab5da-8df2-4b7a-9cca-06727036e5cb,2025-06-26,Delivered,1
3f3eb5f9-adc3-4d9a-8850-fcbe50ab09cb,32489434-bcee-44e4-8bec-bda630393d53,2025-04-02,Delivered,1
0df0e03d-3e92-44d2-9e73-8fdf6bbb2c3e,d45fadd9-ed05-46c9-adec-9f61301d3aa1,2026-03-31,Delayed,1
1fd48fee-5580-4fdf-a067-43d0585f4ba3,9f202ddb-1d23-4101-b1d1-f261534a4285,2026-02-21,Delivered,1
01293682-a322-4807-9f9c-96f5b0569355,7e601a9a-64a9-446c-b4ce-6ecd3ff12af5,2025-07-14,Delivered,2
8748687a-1823-487f-b2e7-a6231fe83d5f,58ddb5f0-69d2-4ee6-a20f-d7f697fa75f6,2026-01-29,Delivered,2
754a3e16-c724-4830-a2a0-10ee4ad7619e,6a891459-c491-4ec6-a147-80e373b715f3,2025-05-09,Delivered,2
8b76f8ad-efa4-4970-a64c-3211b1f9f69c,a6d446ca-8783-4397-b978-1eef09820a75,2025-07-27,Delivered,2
452df0f2-8acf-4d58-b4f7-fe67c08c48e8,080618bb-bd3a-4d83-8968-51cc8c9659a4,2026-01-11,Delivered,2
20089d26-1538-4cf3-893e-23812f191ac6,6e41a51f-22b8-40f0-bd44-4e09d3382b42,2025-12-14,Delivered,2
a5051e90-91ab-4c3d-9662-040118508646,c693c000-2841-4ece-9817-6c7cab27a8f5,2025-03-10,Delayed,3
8792004f-e691-437a-b73e-856d920b73ec,23906ba6-6571-4547-b59d-fd6c290fddab,2025-02-01,Delivered,2
756a24bb-4cb9-4216-b5d7-d007d5df3da8,8b95bfa2-b129-44ec-98d4-503dca821e9c,2025-06-02,Delivered,1
86e2c14c-3d2b-4eb6-b50c-539fa82e0dbc,4cf1220c-5b26-4736-9801-39a9aff12d74,2026-04-20,Delayed,3
5223dd5d-d6a7-4798-a57f-dce54426e1a9,94768442-014b-4d38-9e5f-7a2e6ad65498,2025-06-02,Delivered,1
ec9d57cc-4bf6-4bd2-8db0-e4b34561bf4a,c49e012e-9e8d-4238-a9f1-f24588f6d9c1,2025-09-16,Delivered,1
2f5dd010-a20e-48cb-a4e4-422b52bba3e8,3bf221cb-d1be-4809-b6ea-a93aacb88e6a,2025-05-09,Delivered,2
16c781a6-bab2-4cf1-a9ef-b7531757df96,e9d12fe6-7103-420b-8688-cf06877955ff,2026-02-27,Delivered,1
5de996ff-b6e6-429c-bb7e-56c71146cf0e,c1217444-9968-4a09-852d-b2b3a630cf93,2025-11-01,Delivered,2
bbf2250b-f637-4dd8-af71-fade5c027dc5,74ce4d2f-5429-47fc-95e2-37c8cecb24f1,2025-07-31,Delivered,1
6fc46733-b9ae-4fd7-a041-4c39124c30bd,d76b3729-aabd-471e-bf23-60a763059bd8,2025-10-22,Delivered,2
61aa6990-fa85-42b3-9100-bdbd46617f83,906f2b72-ab68-44c0-9471-4af96a8d6d34,2026-02-28,Delivered,2
87ceb8bd-2c17-46ee-b696-04727fcca115,ef88af2d-f5b0-416c-bb7d-ab719effed12,2025-09-07,Delivered,1
67766c8f-5d88-4a93-8003-7590ccdfaa10,08873061-795c-4462-bb5c-bb8c91c67761,2025-07-10,Delivered,2
3901420c-2831-4de6-9ba9-3f5aaf4f63e2,2899a519-b6f9-444c-a568-1fb7f39da967,2026-01-15,Delayed,2
d81adf17-97b8-4386-8c13-4529bd43cb7d,c9f19391-7bef-49ec-872a-e084565e1e39,2025-08-05,Delivered,2
b9c94d5a-d1ca-444a-b5e8-4a7718396643,d692e396-e4b0-4fca-90b5-daa67a1d7b66,2025-01-12,Delivered,1
8490dafd-3d8b-45e8-a8c8-4e9eb90f95da,ed2b5c96-c87b-4d70-8854-aa90cbd59114,2025-09-20,Delivered,1
e35a6374-6a3e-4cd8-b6d1-642867b32edc,9045c75a-9a4e-44ce-ab27-fa71997ce59b,2025-04-10,Delivered,2
761884e2-b6d3-4330-9a77-1875f0dff9a9,acc8da3b-3060-429a-bc2c-47cbc9bb539c,2025-01-24,Delivered,2
5b4f94b3-1393-441b-a8ed-9182f7ce02b6,1a0f710c-dab2-4283-b6ee-584e4e7bbd18,2026-01-24,Delivered,2
dc2b0abf-a7ab-432a-8adc-929d7b4c992b,f6d4ee21-78df-48ee-94ad-266c891cdd46,2025-09-18,Delivered,2
4f6c269b-8f2c-4b10-a406-eb252016acd1,e92d065d-285e-4074-97bc-4c55cf41518c,2025-10-02,Delivered,2
c878ba24-bc61-444d-bdb1-367bad652de5,9baff9fd-593f-4f8e-aba8-fc2d2c29fa4b,2025-03-17,Delivered,2
dd2888e2-92fb-437f-bf78-0f47a6f6bf62,e9b5b3f4-aa2c-4035-ad9f-9702a622a7cc,2025-10-24,Delivered,1
a1af7f2b-c895-4131-a551-39a7557fad36,9c5ae4cd-b619-4db5-a5c2-e5c72f7d69ef,2026-04-12,Delivered,2
0be68632-3017-4e9a-824e-23df7c31a3b7,d5421d38-1b69-47bb-85f5-61720502e7a2,2026-01-07,Delivered,2
37f4fcfb-7091-4bbb-a982-9916866e114c,d008f4bb-56db-4f65-a539-63c576db1995,2025-09-11,Delivered,2
8b67e15d-fda4-42c7-b80f-cf74ad279913,817ed612-91f1-4b31-8ec1-40db739201ba,2026-04-09,Delayed,2
d8065e3d-af30-40c3-b4d2-8f07b655e9af,45dd0c58-75bf-4429-bebf-e209f82b348d,2025-02-26,Delivered,2
e656b0a5-6560-456f-ba2e-d360fa4c7738,34477e51-24e6-435a-853f-125d7bf4a16b,2025-06-08,Delivered,1
808b4696-c6c9-45bc-bc72-f315c07b84dc,69fa3b64-d477-4536-b533-63d212f695cc,2025-09-15,Delivered,1
567817ff-79ba-4ba8-8291-b2040ad13dc9,e1076682-6a3a-4590-921b-557c53a4470f,2025-05-31,Delivered,1
615b4e19-8132-42c5-bf57-4555df6fa3ca,b6379fc9-8393-46ad-9e65-e1df89fbc823,2025-03-24,Delivered,2
41782c34-36d7-43cb-b688-42c03ee50579,996b738f-6fd6-4525-9b98-d6f6d7052aa7,2025-05-08,Delivered,1
1ce0c4d2-514f-4ca7-993d-18c621e19c4e,69cc6d93-978b-4098-8fbf-27f52369c397,2026-01-24,Delivered,2
880274fb-bf84-4e8f-be4a-4b43fb99f344,f716b299-76d9-4fb3-911e-ccd7cecb7b97,2025-05-07,Delivered,1
d60d5989-d789-4f0a-ace2-cf6cb3519b0e,9685c29b-7800-401a-beed-fd38beaac200,2026-01-17,Delivered,1
993a3cad-3bd6-49e1-b064-33131c12e193,7dcf382b-1554-4232-911a-f8a0835674db,2025-01-16,Delivered,1
eb3e0a19-8eab-4dbf-9413-634863dc8740,1bc2e837-3ea2-445b-a045-17f81b247476,2025-10-24,Delayed,4
b3c8075c-0976-49ba-8c6f-afb1f451e1ad,b3c51cf8-935b-4b46-b836-34bb99ff8315,2026-01-27,Delivered,2
ffcac298-4674-41b9-93cd-7deef854a22a,2b7663b2-4d2b-473c-8a3e-51cbf45cc922,2025-08-03,Delivered,1
dfdd4a79-6140-4fbd-8d83-0bce2a9e5709,a6f00597-ca93-415e-b68b-44142f5cc06e,2025-07-21,Delivered,1
e33b7543-2c17-4fd5-8d4f-5a5aeb054af2,4f9f98ba-feff-4971-8f22-19c23523c672,2025-05-03,Delivered,2
b1250674-3c70-4063-952a-023e76ad1b3c,bbb3fddb-8e0f-43d4-a406-925068629bca,2026-03-09,Delivered,2
bdd2cabd-c717-440c-b48c-a4702ef00da5,1976b763-31ae-4fe2-bb7b-e7cb1d8e62fc,2026-02-24,Delayed,2
9eaff1b6-2716-4a7b-b5ab-8e48bf788ee2,f120f7bd-f96a-46a7-9ba1-790fa6bd4bc5,2025-03-18,Delivered,2
970181e1-9758-4254-891c-d75973c09ead,15c27545-97c2-4e31-875d-9e06f5f480a4,2026-02-10,Delivered,2
76ff0768-1957-45a6-ae75-cda11bb2d631,315d574d-7073-4b3e-84ac-b5ee4acf1d07,2025-09-20,Delivered,2
e1a595ca-7006-486e-afab-fb6cf46aa068,131e9e47-ce11-465d-bca0-ecd0fc31fba1,2025-09-03,Delayed,4
4ab97e2d-90a4-44da-9b36-42f2fb99387a,64afd10e-f35f-49bd-b30d-a887a8cd6b71,2026-01-04,Delayed,4
ac2ff594-ea9e-4c25-a469-6be536dc939b,af8902b9-da57-4576-be13-111ba507e616,2025-04-17,Delayed,2
1249ea41-5ab3-4693-923a-4849b7bb0e7a,a679c03f-d95b-4ad6-aac6-a28c7fb80f8c,2025-01-28,Delivered,1
78ee5d22-604d-4859-88c7-f6d4700bdb5d,a51c0615-3e7a-41ff-a8ad-c2fb52fe1d48,2025-06-02,Delayed,3
fc4ee3b4-6c16-4289-8282-d46e0e936b85,6dd59b90-6563-462d-b02a-05f9def63f0b,2025-12-10,Delivered,2
5c46f6d0-b44e-481d-b004-1eb058eee717,c2acede0-2478-46cd-82d8-40566982387a,2025-07-12,Delivered,1
5a235f56-7eeb-475f-a963-0e2a175cda26,933c8051-cce0-4edb-aafb-819d928d00fd,2025-12-21,Delivered,1
9f8241fb-8aa8-4a40-90d6-6c27172eff5f,1c8aa273-16cd-460a-8177-72ffed8c17fc,2025-06-22,Delayed,2
2f0c8279-56f4-4f92-a3ec-d1dbc4c3b20b,f29104c1-9533-481c-b5d3-2ea9c167141b,2025-06-08,Delivered,2
bd3b3616-7b39-4bcd-a1ea-16bc94ebde24,4b29c4de-9f84-4818-b997-a9ba9b58f213,2025-04-18,Delivered,1
8be1cbbb-31cb-4bc5-9fb6-4048c03d6238,ee190ee2-f016-4f1e-976e-9142c72410a7,2025-09-04,Delayed,4
7db95e8f-9a77-4804-af50-7b03b1e4ae89,93437a0f-ceb4-4a56-9924-36bd84330d33,2025-04-24,Delivered,1
5a64b195-4ac1-4c1c-a848-ef0ad3643c2f,6ad39e71-b02b-454d-b7db-45dd3c0feb1f,2025-02-02,Delivered,1
00899bb8-f8d4-4590-a958-0eaded79e287,5b3bf3f2-061c-426d-8e91-e5636ee5375b,2026-03-19,Delivered,1
402c498f-2965-4887-847b-83df396d2451,711907f3-edc0-4c4e-9bab-459419c06e7d,2026-01-23,Delayed,4
b85e08c0-f756-4137-bd80-f8e867aa49b2,38e40f30-c7a2-48cc-b373-f1792e3cfdf4,2025-12-31,Delivered,2
d82774f1-0167-4139-bed0-d4fe4e155de5,88bb7d1a-6844-437a-8652-20313fa417b4,2026-01-25,Delayed,3
aac516dd-dda3-451d-a84e-5c2c8b2ecad0,f4093c39-ceff-4c0f-ae44-c6756843e661,2025-04-25,Delivered,1
a11fa94b-8953-4c90-80fa-ac5b2c5f71f6,7300aece-3d1b-4e84-80b8-73b6de72b959,2025-11-26,Delivered,1
cc373bea-25b2-4b1a-9428-710de0bb1c68,b5d95dad-f93d-420d-9714-849df4886e5b,2025-05-08,Delivered,1
9c115db2-708c-4f13-9481-979cb2b91e64,0c1625e5-9c0e-4023-9095-a0cca6bd4ed9,2025-08-04,Delivered,1
1970c589-3867-4377-98b7-138ba32f5745,8b1c5806-c99a-425a-a7c4-38a5b233eec6,2025-05-17,Delivered,1
637872ed-905f-4bb0-a4d5-aa381d51e93e,794b1077-23d6-4643-9804-96abe2d5ac1b,2026-01-08,Delivered,1
661e340a-dbe8-43c9-8ca2-4eb62a76bd4c,67f0f475-ce15-4085-89e0-d0f47e8529f3,2026-03-03,Delivered,2
ce48c790-8d85-4df3-b4af-4b91b67fcf76,fe743923-f800-4f83-a89a-f6412656c0dd,2025-08-22,Delivered,2
70f113d9-71f6-4307-82b5-f29d3e1743d7,f2f9ec8c-e61d-42b2-975a-d9eeba8eb28d,2026-04-09,Delivered,1
c69945b1-9230-4965-a157-8f0191545eaf,6e4c2782-b7fb-4b12-887d-4ea77723a7c3,2025-04-13,Delivered,1
9acd74d8-64c1-444c-8aca-71020d33861f,4a69928c-526a-489d-92a2-bb738c8ad501,2025-07-15,Delivered,2
908177b8-a121-43c5-bb1e-8e47c8a2f988,d842f877-c51c-4a45-a911-8e8e3063a7c9,2026-04-17,Delivered,1
16c4326c-acfc-4ef1-acae-317776369a53,02e5a836-36e9-48be-8d97-afdbdc760b7c,2025-08-28,Delayed,4
49be21fb-5eb3-44bc-83a9-321653a46ab4,4503ccb1-1cc7-4c4c-81d3-bccabefd8835,2025-04-07,Delayed,2
484cc8c8-e065-47f7-b6e4-53b0bf1f4e51,5514f467-22f2-490b-90dc-d534b95f4486,2025-01-25,Delivered,2
52dc8417-ce5b-45e6-8706-0f6e6b86a2fb,a189b4a8-8451-4875-9092-212c8ff0750c,2025-02-18,Delivered,1
4005c310-107b-4225-bbb7-f5c28e07b95c,e0deb04a-b82b-47ff-9e21-97fc8aa9234b,2025-09-06,Delivered,2
d8dcea54-f0c8-4a66-8713-8ec9b083c090,013b6d4d-4711-456c-9689-862e72f1e947,2026-02-11,Delayed,1
0dcc36e8-690e-40d6-a51e-7547a8e63bf7,89253fca-eff7-491c-bbf9-0223f553318e,2025-04-14,Delivered,2
3bcdcf4c-3914-4660-acc4-64268f11d5c9,28ce17a1-02b9-4474-b8b7-7a3a5ec0649f,2025-10-17,Delivered,2
4de0168a-9119-4f77-ad09-ea02ccb9e2b2,391739b9-d3bd-446c-b0b8-9478a93104c3,2025-05-22,Delivered,1
a2ca60b1-b2e7-4c63-89da-91abcaf38b88,f76f511b-943f-41fe-a16e-5b99d899966d,2025-09-03,Delivered,2
381713a4-281e-4b92-8133-5119c95b0878,f25aedea-fd72-4386-b199-8fc7a9738bbd,2026-01-26,Delivered,1
6786eb97-d2c9-4505-9908-cd203a1eca4c,57122ad2-507f-4499-b47a-4a05d3933d63,2025-06-29,Delivered,2
0ee212dd-c702-4209-a001-c9e41e5845a9,47018da8-99c7-4dbc-b121-bb3887ed1682,2025-10-27,Delivered,2
44db9afb-45b2-4d85-bca2-97e58da08bbf,c4148424-5656-4216-98c8-1fbae37a87c1,2025-11-20,Delivered,2
75a03088-687e-4412-95ef-a5c6b50acd12,83e758a2-f864-4868-863e-b9859834d2fd,2025-08-10,Delivered,1
7e971fba-ea7d-471d-b0a1-f1a546d60986,3508cef7-3944-4754-809b-52851c705192,2025-04-02,Delivered,2
6df83e07-f88b-42b2-aaa9-c53038c24e79,060cce48-21bd-4332-97bf-5740b1a68053,2026-01-20,Delayed,2
35306daa-9666-49d6-a131-91e1215e021a,53d514a8-04d4-4f57-998d-58e01434a521,2025-08-18,Delayed,2
8888d6ee-39ce-4dcd-b92e-50ba40794f1c,2c814e42-44c7-432f-9899-849cd79f58f6,2025-05-02,Delivered,2
35f46058-b3c8-40e3-b2c7-3367907b7e2e,5591e0b6-8f1a-48f8-85df-17a4875613f3,2025-07-07,Delivered,2
7941ab69-bf3f-49a5-af49-86605745ffcf,086f2895-3e1f-424c-99b9-864b7dc22651,2025-11-29,Delivered,2
57a809da-27c1-498b-9fd2-c2e5285f97d4,6b85b3e9-cfec-4ea3-ac2f-0a4ca26b65af,2025-05-07,Delivered,2
7c60b0a5-97f1-4eb8-9a5d-0bde20d39c2b,8331f343-f867-44fc-9aeb-47c9c5f32a17,2026-02-19,Delayed,4
7fcfccb3-a128-40f0-aefd-f858f35fa1c5,0c70d0d9-b06b-4d58-947c-273d76740fa8,2025-03-14,Delivered,2
2e1d8b51-47b1-4f39-a4e1-9dada0c7ea20,4602295b-1dd6-4824-be14-2949cef46c86,2025-02-20,Delivered,2
7f7bdeeb-744a-46bb-975f-c100e10c32a5,84890d63-d1a5-4699-ad25-c7b21d8d07e9,2025-03-29,Delivered,1
4b98ea79-f394-420f-b1fe-6f33b25efbd0,cde87095-800c-49e5-b4cb-f358604ce218,2026-01-21,Delivered,2
7dee7158-7194-4791-b2b6-011e233835ba,36874d46-a5cd-4b00-929d-f26809ac37d3,2025-09-30,Delivered,1
e1a642be-b2d8-4163-844e-0d5c3574937d,0ebc1b79-63db-4109-9728-50e66f673072,2025-11-06,Delivered,1
b79d4a9e-550c-4634-9ac5-1fb5f07591d3,0c9ced3b-8eb3-4cc8-94e8-10ce44423a31,2025-06-14,Delayed,2
ab466ff2-699c-4dcf-9486-b9b839508ce1,109a17ac-2370-4bf7-a962-d3d797a2527c,2026-02-17,Delivered,2
0fd06a51-b770-4c1f-9725-0e85af01cfb0,d067d043-293e-48d6-ae1b-0bb9988221ae,2026-01-25,Delivered,1
8c49b871-b61e-452e-9c5f-78d490543803,b1e42527-a10e-4399-9982-b71d6ec2f839,2025-06-22,Delivered,1
3da4e99c-6696-44f3-aef0-24225ba73724,019c820d-b08e-4484-99b6-3a20d760ded0,2025-09-22,Delivered,1
70704c70-aa25-4b98-9110-afcfaf95d6b7,b69a3415-853d-4226-b80f-669e5013784f,2025-02-25,Delivered,1
5b0e7a15-c618-447b-b7be-99db5289107b,d4e94fe6-7e5b-4fe1-af12-23e5b4debeb7,2026-02-27,Delayed,3
e0b28f77-346c-4b63-854a-d8cba19b1cd8,9035bf1d-422f-4921-863c-d7c242baec50,2025-09-22,Delayed,2
88f52642-293d-4760-87be-1a6432eead53,7f9694ca-fe09-4b80-90ca-9a261fc58277,2026-01-17,Delivered,2
61cdcc61-d865-409a-b9bd-0d1bc13f7f24,4d4a9fea-88cf-48c4-92bd-45df0d42cee4,2025-11-15,Delayed,2
961c42de-a3f7-4e4c-a9e3-b4567d3626bf,fec3241d-f595-4975-9a12-99b2f24557b7,2026-01-21,Delivered,1
12eec219-32f4-47ac-b31a-defbb6fdfb4a,9c10fc6a-59a1-4852-b39b-0ea9f2ec7fc2,2025-10-19,Delayed,3
381ab1b9-23f6-477f-8618-80336c8aea5f,8121a47a-e5c9-420d-aa6b-a7c20264cc05,2025-10-14,Delivered,1
53a6b9f7-fe2e-41ee-b674-4822e1f98add,ffd92219-5821-4919-b1e0-9ec99f08715d,2025-08-04,Delayed,1
4ede1c0b-af97-409f-8cf2-0789c9f8e380,7ef6cf33-b499-4733-9ba4-740bcfd8e160,2025-03-30,Delivered,1
8a126fd2-3fb3-4769-b744-b99511f5798f,96c554c0-c099-43f2-9a22-fb60899c24fa,2025-08-16,Delayed,4
3ada5f93-5206-46f2-bd29-21dc90cba734,e531f659-bcb0-4677-b120-b0a9bb0f3453,2025-10-12,Delivered,1
67bb25dd-a037-44d4-9b34-02174a283f6a,9087b1b9-a447-4da8-b904-acdbf8e245dc,2025-04-12,Delivered,1
b3deba8c-98c7-4e06-a6b4-1ea2111c2285,2a6f5af5-40e9-4a76-bc3e-0f44d29aa9b8,2026-03-27,Delivered,1
1a7dd5cc-6c20-44f0-9675-505850652cae,9c93fca4-17d7-4a84-b385-f15b8bca9e5b,2025-04-15,Delayed,1
e3d4db30-e3c9-4cac-a553-6262debb45ad,a8c96819-f2c4-43dd-9f9c-1ea04cbde328,2025-12-09,Delivered,1
8fb02fd7-47ce-48aa-9fb9-8d91a2203a34,f9235ab8-bd66-4ded-a6ae-6f4f82b8bbd5,2025-12-19,Delivered,1
e4312883-8b54-4150-8c99-1013654913c2,0baeeb09-b76c-4da1-9362-d59be470d57d,2025-05-31,Delayed,1
9e5e2b7a-7ed8-40a3-99cf-c68f023f7477,810d271d-280b-40cb-9819-3dda30e871f5,2026-04-04,Delivered,2
db7de4ef-3d26-46bb-bd47-b6264c91850e,1e404c5d-0977-4615-b31c-0a91db711374,2026-04-14,Delivered,2
5cb107c7-7b65-4913-b6e1-f12019f389b4,c74b2e53-b202-419b-8769-5614a16cf624,2025-08-27,Delivered,1
2e68b088-a79e-4b79-933c-596af54882d5,4cd18be0-458d-4ca2-839d-52545e2669f4,2026-02-11,Delivered,2
85463ff6-e33b-496c-a9b9-d636f173ace1,2fcf4587-2808-4cb8-bb86-75ebae453419,2025-02-23,Delivered,2
78a06738-5d21-48d7-8917-72aae3956dd0,49c63b01-ef5f-4c6c-a24d-edb96b6d2320,2025-07-21,Delivered,1
d40361c4-fb46-4b47-a4ed-01d0ff8be741,a7c3f876-86cd-4231-b8fe-87fae552904c,2025-05-06,Delayed,2
b3cbdd57-46dd-4254-8427-0ef527839388,099650d0-0ca1-4417-b766-d0323b88a18e,2025-10-07,Delivered,1
9ed32994-1cbe-4fb6-b3ce-ff852b7703e0,236a7077-3ecd-4140-aa15-823d2d494194,2025-03-26,Delayed,4
d986f327-c002-49d7-bd16-c6424c292858,c51103ff-3955-403f-8de1-125b24797759,2025-04-18,Delivered,1
901a8671-f5cb-4fc1-8d25-dfb157d09508,9f968e2a-d04a-43d0-8120-468ea76cf58c,2025-09-27,Delivered,1
ce2517c0-5ab1-4351-9ad6-5630cc09bfdb,19702241-d6b1-4257-b67c-6dcbcf7c498a,2025-03-22,Delivered,2
a914fa96-70e9-43b2-aca4-f77a26fe3ffa,157eea80-2935-4826-b0c0-86fdf180c1d6,2026-03-14,Delivered,2
e66cde69-8eb0-4b5d-adf2-4cfbfa255e4f,fc2d4464-0c41-4c3a-bb96-83efd692a2a9,2025-11-07,Delivered,1
cf912f7d-332e-42c2-877a-fc6bc9646f63,5ff3caaa-ed0a-4813-a850-c345c38e6c60,2025-05-04,Delivered,2
a32d6094-3190-4aca-9356-f7e149c829af,b0d5caec-2380-4657-9b1e-9a987207c0b2,2025-11-20,Delivered,2
b5f95271-085c-4875-83ee-a259a8263ec9,a5296d80-26a3-49e5-bc31-da8ae6412473,2025-05-09,Delivered,1
b779d46e-1f0e-4e70-b509-9870ad65a5f9,052aaaaa-28a5-4854-9b6b-eb059f60220f,2025-05-01,Delivered,2
5d828e6e-e07e-4a17-8a35-df8831ec3f38,838c946c-2eb2-43b8-bf05-4d309f5ca4ee,2025-03-06,Delivered,1
c5a94c5e-d565-419b-99a7-d445d7cf014d,e06aa7e4-22fe-4604-8a26-d4c37b96bb54,2025-04-03,Delivered,2
4dfebee6-62db-4b42-a040-51c1730a40f5,5bb5fb06-1ef2-4967-a408-ce5d72483f2c,2026-04-25,Delivered,2
d0688bf8-321d-436a-8668-332bf0ae265f,a69210cf-2c56-4afe-a00a-452197684ee0,2025-08-16,Delivered,2
0dfe98a4-767d-4be1-9419-b1c900729180,6cbf95df-1de9-437f-84d3-9cbe9b8f995e,2025-11-30,Delayed,2
9318497c-fa49-4ba6-b033-b9b0f4d7b6dd,3e2d23e4-23d8-4a09-bc8d-98e74da308bc,2025-01-29,Delivered,2
61020dc0-db36-4748-bc73-193ba1783d64,672c10ee-4876-43f6-bb69-d2027501162f,2026-01-23,Delayed,3
db1a91c6-0701-4051-9c27-08e2724b5139,5e1809af-b9a6-42e8-a300-d3539f2229f5,2026-04-12,Delayed,1
7847cf4d-027c-4336-800c-9530d81e4a40,a5e6fa87-41bf-4c97-bdc0-178a3a458768,2025-10-12,Delayed,1
a139691a-4ddc-4b9b-8649-225cfdb83656,94e7c8f7-f1b4-46be-9432-243501b3bfed,2025-05-26,Delivered,1
c064718a-fcd3-4150-8c43-090cb2b5c731,5e100fae-cf5f-480b-82e4-918736b1cfb5,2025-12-02,Delivered,1
86608eca-a547-479d-947d-028597dd3400,8d027e1b-6a58-49aa-ba67-e3cd7fb2644f,2026-01-04,Delivered,2
2f4443ce-5c23-4044-9bc6-67f8b64c3676,9f006784-0ae0-4b06-93b8-d8eca02060fa,2025-08-10,Delivered,2
73e19a76-d3f3-4340-bb49-03e28df26e72,49b21339-c485-4ff2-bfa3-e06ec6980f57,2025-09-11,Delayed,1
d3f3734d-b30d-419d-bedb-3b21dd4a0eb3,41a9c81a-6e60-487d-ad70-c55ecaa500b4,2025-05-27,Delivered,1
548d93c7-859c-4879-a4fd-fb3bb930a792,0096fc97-35ff-444a-9c3b-087fc2698300,2025-09-29,Delivered,1
2da7abe0-844b-462a-9ff0-083a0633e715,cb6ba535-0747-4dfe-a4ed-726d7aa42fa9,2025-07-01,Delayed,1
91acdccb-1cdb-44f9-99a6-c4f57e0513e3,14a876f4-f285-4367-9138-8a9d853fe78e,2025-08-18,Delayed,3
af0a9815-16e3-455a-acab-75b62c04b8c4,cc82a105-2ce3-438d-bdc9-3b81eca27f6c,2025-10-09,Delivered,2
4d8374a0-ea95-4ab5-ab22-a28c04959610,75599643-401d-4db0-9810-00568771e101,2025-06-09,Delayed,3
5a8afb39-6e7a-4fb4-8a32-60d229c113ea,9b6b654a-e3b5-45f9-b9bf-cb7bd6419040,2025-08-22,Delivered,2
8134eba1-ca55-4591-a9ff-b5b54bb90057,1ce55164-363e-4ad1-93cc-e797d7020435,2025-02-18,Delayed,1
c15e6dee-844b-4527-87a1-0fa3d8ac5b9c,18451fbd-63ec-41ec-9a66-4635e143b15b,2025-05-23,Delivered,1
3afe6f23-ab59-4518-ab08-8d4ca713986a,80bca8ed-cf12-4a41-9ac0-fbbe1e61a93d,2026-03-31,Delivered,1
13833218-7477-4971-a9d9-1528587f9514,763dbdf9-d5ff-4dd7-8236-8c78b2dc242d,2026-01-15,Delivered,1
e1bffa65-ad0b-47b7-bd36-33f60060922f,a06ce09e-d4fb-48fd-a956-4c2b00e1727e,2026-03-03,Delivered,1
42d99a74-cbd8-44b8-b8a8-009932c81dae,7d5bd07f-d29e-44d6-b302-0166ee31114e,2025-05-25,Delivered,1
c1b93c8d-17ab-43bb-ad40-adb0661b8a13,55c60794-a4a5-4090-aeed-4f6a34a02f0e,2026-04-24,Delivered,1
16892ab8-e97b-4c9c-8fe0-f605397ab7a2,ebe8c78c-040a-476e-89fe-d59d72aeffba,2025-09-24,Delayed,2
2cb9ea39-319b-4279-9dcf-39c63b0df9fe,a7234604-a202-4676-b822-f8325fd98a58,2025-08-11,Delivered,1
a278682d-6c55-4f7e-a611-8c46beeff3f7,7eef570e-4e01-465c-88a8-541d7b78639d,2026-01-04,Delivered,1
04c35602-6f66-4811-9018-c8c8c3aca44a,a0698076-c4ac-4b5a-bb75-7937ea4758a8,2025-12-27,Delivered,2
69a17a40-a6db-4144-90df-7dd350ba4fb0,391b7300-1599-41af-a074-fe97bfe04c3d,2025-04-06,Delivered,2
f81881bd-d460-4b09-84fc-5253dd3e99f9,7a23aba9-bbef-4293-8ba5-1e48e01532e4,2025-11-08,Delivered,1
bc8260e2-cefb-40ca-b55c-127a47a41a42,f957d4a8-b051-457e-ae99-12ee93e7a83e,2025-08-19,Delayed,1
b524cb4d-4723-47f6-b8d8-bcd7b08c3410,d38f7874-5883-4481-ab12-25a495825c8d,2025-11-26,Delivered,2
52de030b-f8d9-4f99-aaff-2cd518ce2c06,8b4ed8a9-5dde-4776-b9f1-a0ebe3c54cad,2026-01-29,Delivered,2
edb4e3ce-b06b-470c-8af8-28716d355795,4e322225-e818-4d32-9000-8c5877b4604e,2025-09-29,Delayed,1
fb955c5e-04ad-49fc-a385-4a124c8916fc,d3668677-71e2-4ebb-98a4-ed443ca72132,2025-08-10,Delivered,1
81d1e40a-212e-4e73-b142-f868236b4669,e904d249-f792-4ff7-a264-a7860035cdf4,2026-04-02,Delivered,2
aec7270e-59fd-4354-91b6-796775b8b398,b4d33d8f-de3f-42f0-9b9f-300878d8acde,2025-07-02,Delivered,2
b599de8c-026d-46b9-bdcc-cecb1fc4a395,c7481d5c-21fd-41fb-a82a-dcd997338e93,2025-12-22,Delivered,2
05e4d683-674d-468d-8f5c-2557543ac8a3,03841d6a-ffb1-4d17-92f1-4f515003b466,2025-04-29,Delivered,1
e8e96833-aa3b-44af-85c6-312880825738,09c46264-8f95-467b-a369-86ce9532b3c7,2025-07-26,Delayed,4
36672e78-cb4e-4dde-a766-c96a72bb03e9,2a05fec5-2031-47e8-87c3-9108940199e2,2025-06-17,Delivered,2
566989c7-283a-4afb-8c63-ed68155561f1,60120de5-efa5-4abc-a6c0-a7d1cf3056dc,2025-07-09,Delivered,2
0e7c2fd0-c348-47f9-9236-2fb63d6ac0b9,71ad9dc8-6130-48c0-9d94-c09b11ca06c7,2025-08-15,Delivered,2
32b4d7bf-d667-4b05-b6fa-4f9d873b6902,317f0c33-d124-4975-84e0-9141420829d8,2025-04-24,Delivered,1
f5378f39-4718-4ea7-a76c-fb427648d78e,d4af711d-e32c-4608-9956-81d953387413,2025-12-10,Delivered,1
1c7d48b6-4f38-447c-9dcb-709cdfd06ffb,9cd96c50-98df-4929-8cc5-ea55ca44b1bd,2026-04-10,Delivered,2
4545e7d6-5e3f-47ba-8b33-a6ff893bcc2c,d0fb11b2-32e0-4f4e-af47-56b5cf7d3e3e,2025-03-12,Delayed,2
04380fd2-e63c-471e-aeed-05184f039a1d,cef99376-d09f-4dec-8425-d3e927558827,2025-04-02,Delivered,1
71f0f2be-8a63-4657-9c79-82eda300447c,540906cb-e676-4167-ba10-68d32f086ff4,2025-04-09,Delayed,3
994c72ac-b387-4b1b-8d57-a9fe792c653d,4d8bbf2f-63d9-4217-8254-052d269cd1d9,2025-05-11,Delayed,4
3c8ca5fb-9f12-45ad-a6b5-e8ad3481d7ac,c86137ef-38b6-44bc-8a69-96826c80c836,2025-03-01,Delivered,1
c14b8058-91a7-4053-9271-225e5dc83b93,d5b67fe3-680b-478c-8836-88f316c31b64,2025-10-07,Delivered,2
fd217432-1069-4a5d-81ef-77b09ba73693,dc0a9982-2501-4cba-9795-7e0c9e0a2710,2025-12-11,Delayed,2
031104bb-c896-4e20-9640-a6685567cf85,553b772f-3566-457e-9764-132aa91fdd8b,2025-06-18,Delivered,2
3185d158-1e70-478a-9651-58102741c06b,0ada4c5e-9205-4977-a18e-2fed90f11e04,2026-03-27,Delivered,2
cd4d0843-7a94-44a7-becc-8cff7637c2f6,6dab039d-9f45-4977-839f-9ce8bbccbff5,2025-09-05,Delayed,3
ca1b07bb-0ace-4431-8180-b0b8efdedfff,67689d45-b17e-43ea-b7ab-d1a443c98a45,2025-01-23,Delayed,1
6c7278ea-54c1-4c6c-93d0-9e8e51d15f8c,e5e107fa-67da-4ac9-9260-50c3d3d60151,2025-02-23,Delayed,4
4ff7be84-6c68-4891-b49d-485ce11ef034,87bd3889-5a9b-4831-9725-444a66ed6b71,2026-02-11,Delivered,1
64efbc06-010c-47e9-b163-73a6a8c2d8df,d78a5f1b-9fa2-4fea-bb73-9b1dd249cffb,2026-01-15,Delivered,2
7f209a0f-db40-4a4d-acc0-760bdd23afa0,d3fceb53-00c3-429a-a692-c6ad0acb0bfa,2026-02-05,Delayed,4
bb39149a-b939-4743-8cec-ac911e3f1dfb,d7054a9b-2d8f-46cd-bd6d-fd6dcb041afa,2026-03-04,Delivered,2
dee8977c-bb85-47a7-9fc1-f73c642e9275,73a091ef-976c-4f01-9619-59d57ddbfff6,2025-07-14,Delivered,1
1fa64409-ada1-44d3-bd5a-405049815ecd,0059ee9f-4e19-47ed-a456-2de940f085c6,2025-02-05,Delivered,1
89a57980-bb9a-491c-a1eb-34958dd6ed37,da67db30-acfa-43bd-8e43-c11d7eb701ee,2025-04-30,Delivered,2
94b2772e-e871-4609-8ce0-dea34775b602,97d699b9-ea82-4c69-a8c6-14254255bae3,2026-03-06,Delivered,1
85cfef9a-8cd6-4f0f-9f72-82594c409a88,b87d980c-ff3c-4dba-bd00-ed6ce32dca32,2025-09-27,Delayed,1
6795d99f-f8fd-4de6-8034-c39c99d56953,a390bf2e-3e44-44b3-bd0f-b4ce8f1d5010,2025-03-28,Delayed,2
729b824f-577b-41a2-a06f-9b0a40cf6541,b3a733de-f5d2-4932-805d-6fbad1a1ef1e,2025-02-10,Delayed,1
b2165832-a741-4412-a3dd-9d84baf3e9d1,a8dccbb6-adaf-4816-b4aa-2088e0ba40aa,2025-02-24,Delivered,1
46d2e0c3-d28c-43cf-bccb-506b8abc39c9,a4f239d6-17f6-4cba-b554-6051d11a6693,2025-12-20,Delivered,1
51f0fdd4-8100-466f-9de4-5689c30e86b0,54130903-10b3-4124-994d-2bf944745520,2025-10-27,Delivered,1
5ff8edbd-e297-4598-9168-8d8382177b79,9290a37d-306b-4542-b2a2-546dc4e1ff90,2025-02-07,Delivered,2
bcce189a-cf20-4b26-a680-0d43290d5bf1,fd541c08-9217-40c5-9092-3a5e2ea8c55f,2026-03-09,Delivered,1
7d31b27d-503d-40c4-8ccd-642c36e3ac72,fde0875f-de32-402a-86d3-51eb99a58e4d,2025-03-14,Delivered,1
c7b8b9b5-e00b-41c1-8b3a-634e2001e09c,01be3495-e836-49e0-a2d9-6453b19a6f3a,2026-02-10,Delayed,1
a9050c8c-9e00-43bb-9c29-54bb3b63fbc9,0f1a4e63-a790-4fa7-a291-d97d282815e2,2026-04-22,Delivered,1
565bdb80-7c68-41bc-938d-ac43ba54f5a9,8095de9a-9e28-455d-b832-69195e9bed0b,2025-07-11,Delivered,2
7e5b0045-d0ea-462a-994a-5690bc2a26ab,37d6d61e-53fa-4a2b-a86a-533bab1eb0b6,2025-09-02,Delivered,2
1f9403a5-2361-4f9c-b03c-a0c4199d3a9f,51e024c4-610b-472b-bad5-b6f2d509be09,2025-02-23,Delayed,3
1d1433bd-7eeb-4bc2-bf2d-512c226ee671,720779e6-b482-4a8a-80ed-a0f0d5a96499,2025-08-08,Delivered,2
8e15b75a-a381-4916-96bf-147ea7c65697,be4c47cf-4ac3-449a-b155-86b08f7cf21f,2026-01-03,Delivered,1
f51baad5-03de-4afd-9644-9c7f56d13e10,04954988-cc1b-46e7-a6f2-425dd0de983f,2025-01-26,Delivered,1
91e10737-7701-4fc3-ac4e-c422d50fc897,9473143f-dd0d-4878-850c-a088fa76d850,2025-04-28,Delivered,1
6402da26-d495-4b16-a679-3291a1d8d112,4c8e417b-a5ac-48de-bf4e-7f2f1948dd4a,2025-05-02,Delivered,2
be495dd5-7c69-4753-8d3d-4e9a74e4aa0a,f84e34c7-5ef2-4af7-bf64-c2c67ae1ae79,2025-05-14,Delivered,1
b84650c7-0c8f-4001-965b-8e4d2083c6eb,3ed1663c-d1d3-4d0f-afe4-6595201939bd,2025-04-20,Delivered,2
86f58ade-0293-4ede-9ad0-97fd99becffd,10f74f35-e27a-4aca-89c1-3c190b7f2726,2025-02-08,Delayed,2
37d8c655-de94-4bec-9061-c5c846628543,b0603ace-ba72-4646-85e5-da5078e6e3f4,2025-03-21,Delivered,1
813688d5-986d-4c0e-a11b-7ccbe2dedded,14efc926-dac0-4a1a-8dbb-0ad67f7842f8,2026-01-18,Delivered,2
7d839da9-badd-4d44-8dc1-dbeb5d6352a3,8c4d8116-10a7-4fb5-9051-09f672fc5270,2025-06-05,Delayed,1
fa911e21-bac6-471e-96a5-113f88dcd842,4a6cf516-66fc-42d2-a84d-267ca6196b47,2025-12-05,Delayed,1
76c0bf21-669c-4470-b9cf-a9a3286e39d2,5282fb0d-76ab-492f-bdd2-15c3fd509650,2025-12-14,Delivered,2
3a3b05ca-e3ae-4011-a3a3-1018b46e84d9,781f6970-eab0-4bd6-b492-ba7dbd5ec778,2025-08-29,Delivered,1
dc41ae73-6503-4f23-85be-a2c1a2b2f046,7b2fe1be-1ad3-42d9-bd84-290aa6fce682,2025-10-23,Delivered,1
50be258b-1c24-4470-8232-39d90079138b,4d2278d8-814d-44bb-8ac1-c0a1f55761e0,2025-03-27,Delivered,2
6f79d30b-9075-429d-aa43-05538ce84725,270cac88-dfc5-44ac-9190-bbb41342f7d8,2025-04-03,Delivered,1
54656900-a227-4fa0-9316-9f41b393ce6b,e90216fd-d14a-4587-96be-8cdec968d1f8,2025-03-16,Delivered,2
d0deec5d-808f-4b0a-89a5-3a4f9fa5c36c,9ef0fcd5-12b3-4a82-85ba-76f8116318bb,2026-01-30,Delivered,1
3a88e637-496c-4a46-b6d0-c71b6b33f139,17248f1c-818f-4d8a-afe0-573336425df5,2025-09-13,Delivered,2
00f03cdf-b324-497c-ae29-7621bfe11254,940cd604-9a8c-47bf-bb4d-02efdcfd22e4,2025-11-23,Delivered,2
f366a914-52d1-4be0-ac2f-e2ca805b291c,b220c27a-93f8-4d68-a81f-5ce364341ef5,2025-06-02,Delivered,2
3344c50b-e1c1-4997-bf42-e3cd204a105b,66a03d70-3178-428d-8b66-0fce17fcbb64,2026-04-12,Delivered,2
2ea7cd9e-4965-4e69-9ad4-548eb86b3b3f,28ecfe6e-a36d-48c4-92f2-f28e502df3d1,2025-10-02,Delivered,2
9cc74518-73eb-42eb-b80f-d40a8427a47b,aa83dbab-2a92-4897-ae2a-aed9ad9588f8,2026-03-23,Delivered,1
05e917ee-f2fa-44a8-8c1e-6345eb15cac6,f17be6e2-efaf-4e4a-bf5a-d3666a233dbd,2025-08-19,Delayed,3
38131ab8-c85d-4ae2-a9d1-2a277057f316,286da55d-fb4e-41ce-a000-5c75fec3a9cf,2025-12-04,Delivered,1
7a97dc60-3c1f-47ea-ac23-b15d61ee8bab,a6e3b4a7-5a82-49db-b838-dbe93e8a3114,2025-06-09,Delivered,2
6dc7339a-c8d2-41fc-8725-637427cee49a,5bb55b77-aa8f-46cd-9734-4f35e2e70ffa,2025-05-22,Delayed,1
863ffe39-a5e6-4ac1-ad20-ce8038a5e8a5,562189f6-6e4c-4b89-a0c7-bb020c4d3b46,2025-11-04,Delivered,1
284fb5fc-22ed-424d-bee2-8e9ef116c628,4965660e-a85d-48fd-a873-2633d9f634b7,2025-04-15,Delayed,2
a9af0c6f-f046-441a-87ba-0b14bed9a2cd,a768e41b-4fc0-41e1-8b59-512d9e387064,2025-06-17,Delivered,2
93d760f1-ac0a-4fde-8966-9bef68a024f6,93948792-0110-4cb2-87e5-c7fbc3471f6f,2025-08-07,Delivered,1
065b1a0c-027b-4bf4-abed-06b17ca5f250,1ee8f880-24c6-4aea-b2f6-32df43b75f60,2025-08-14,Delivered,1
38ff0181-0630-48e0-a325-1f1269d12e49,b70a184b-94bb-42bb-86ce-0ffac0f7774d,2025-11-04,Delivered,1
428b1752-7f7f-4653-be72-4b8a354398c4,10561f2a-fa23-40e9-b9b8-a74e37f1dbe3,2025-02-13,Delayed,4
69dd71c4-edaa-44e5-a1bd-73de724e92a3,ad82c6d5-c2a2-4ca9-80e9-fe94f1a876db,2025-10-20,Delivered,2
f60d8874-aff7-439a-8f4f-3a40b664a15a,7fff9b95-fb0d-48dd-bd01-d7aaa8fd9a77,2025-03-14,Delayed,2
c3c57654-0332-42b3-98cb-cabaeaee8453,d0db31db-71de-4aba-b03c-95cefc0049a4,2025-03-19,Delivered,2
62b49533-0cfb-47e4-bdcb-9aad7338bb39,10d533ff-9ed3-4114-b21c-bc8119a11e84,2026-01-25,Delivered,1
6b3ebdc8-0f45-478e-8aa2-8d606ecfc071,6203141c-e3b2-495d-bcd7-86e2bcea405e,2025-01-22,Delivered,1
6316c17e-4437-4174-b52a-eb8152c4259e,a1437c8f-f2eb-4d9f-8635-68334bb8732d,2025-11-24,Delayed,3
84b9db8b-f650-4b83-977d-f7fc1f7e5219,eb222178-f32f-47e4-9847-93b6c39bad2a,2025-12-16,Delivered,1
4be78a9a-5e1e-462b-a8e4-fbf44b9bfc96,fd7f9b1b-01b6-440e-a313-9f64d0585312,2025-05-07,Delivered,2
b870c9d2-00ae-4895-a029-1ad1f7a40fdb,c302c366-66d3-4a35-8e25-918068560a2e,2025-05-20,Delivered,2
b8f091eb-1451-4bda-93c0-9c6599cdfffb,a25a54c2-3fa4-4162-839e-a50c97a99779,2025-08-15,Delivered,1
eeb51bbb-a8b6-4adc-8119-78aa59d35b1e,c9222f76-b30a-4d16-8d79-371ddfb57327,2025-02-04,Delayed,4
5cd3743e-746d-4282-8cfa-e71ee2842d80,5eb9ba3c-8b54-478c-b9c8-e3968d849af0,2026-01-06,Delayed,3
97ce8fb5-47dc-40fc-bbb3-667356c854f8,78816779-e70b-475d-bb11-79700dc02723,2025-05-28,Delivered,1
a9d0ec5e-651b-4b2a-b40f-5af72b49c4be,769265fa-4407-4e79-be7d-a191fbcfdba6,2025-03-23,Delivered,2
5fe842c8-de78-468e-9a9f-2446d1917da0,10d03f28-5782-45bb-b723-38baf44bcb7d,2025-11-15,Delivered,2
d74962c0-738f-4a04-a78f-d388b9da6d0e,4d3e0aff-052f-4d5d-894e-d9890a35fda6,2025-03-17,Delivered,2
d89423ac-5fa8-420c-b113-d0e07f518d24,a1edbc58-8af0-4213-93e7-9b86e0ab5d8c,2025-03-27,Delivered,2
d595153a-5fae-4fcd-9079-313be6141f42,1e0e3f18-a4fe-428f-b86a-7dad5de1ccb8,2025-10-16,Delivered,1
b49c6601-b632-48d6-8116-77dab63774a1,b5794458-cbbe-4724-8d4c-bda72305ffc7,2025-08-11,Delivered,2
91f9dcec-c0cd-4732-81d3-177739924a64,a262d374-668c-41a6-a9f3-f4fa8f6dd2e8,2026-02-04,Delivered,2
ced08d16-606f-497c-814c-013876c49f07,50e89534-1ce2-4b26-b0bc-672af55a4bc0,2025-05-18,Delivered,1
821e76c1-79ac-4343-8141-1f32d57b9b4e,f4934401-b417-4123-8014-a52b5f9436d2,2025-09-01,Delivered,2
6f4a801f-304e-4e06-9516-db4edd7537ff,6059109f-19c1-4e32-acdf-c7bbbd23e0b0,2026-03-18,Delivered,2
1425c279-8a43-4bdb-8f14-21b5bcd5b9dd,4edd448f-2ed3-4fdc-b1b8-f9b9ebb88625,2025-03-14,Delivered,2
1007db43-9067-4ed0-92a8-db113364295d,55f6973f-059e-49ab-85bb-d7455ded256c,2025-11-10,Delayed,2
34ee0886-0f29-4e1e-b280-05179a344026,6ca2df93-abf6-4e83-a8de-02265cb6dc10,2026-02-04,Delayed,4
f321d66b-18af-4623-bd49-8163c393c551,e18de703-8599-4c45-bb6c-0bec23f4d69f,2026-04-06,Delivered,1
f60bff54-c73f-4626-b521-d547f866291d,f128384d-5309-42b3-b913-761f7e6a6993,2025-01-24,Delivered,2
7747ad36-5f7d-4768-94fd-4d23fcd14e83,74dbf4b8-328e-4402-8509-d9683f55c538,2025-12-15,Delivered,2
ccacaafa-fbf0-48ae-8eab-46ac761dfafb,5a2efcee-a4ac-4e41-8d97-f5e191ba9a73,2025-12-09,Delayed,4
26ab99c9-1a55-42d7-b9d7-3aafef211257,21883218-86b6-4111-a02f-ee4cd3218be6,2025-02-24,Delivered,1
dd2c6d5c-be4e-435d-8c66-c69ffd44c3bb,691de5a7-629b-4e62-8aea-9df299cae478,2026-03-22,Delivered,1
44ec5223-945e-469a-99d5-fc14f7bcc909,930e5210-3661-4d65-ba43-a2f8cbd20952,2025-02-01,Delayed,1
2064edb2-365d-433e-ac8b-d0f3b780b798,b80066b4-16f7-4807-82e3-827938fff38f,2025-06-30,Delivered,2
bba346df-3ec2-409c-a715-4476a3565ba2,b6a2865c-9534-4165-939d-1b99ba6b9805,2026-03-22,Delivered,1
95554458-2cc3-4b18-82f9-ef3f700af060,4db6c052-298a-4e97-868b-8fb61db3a71f,2025-11-22,Delivered,2
67ac5c98-ccaa-4bf9-aeae-d3de44e84a3c,7a6dbcf1-96ce-4a5a-8bac-661b1ffd162d,2026-03-04,Delivered,2
0e120297-d0db-45d7-8f80-ca78e8de6535,1474d01a-e3ec-4193-ab4d-9ba7c0742a7c,2026-02-05,Delivered,1
d86420f8-1cce-4b23-a18a-e3b1d769253f,3f08bc85-c6a2-44c6-9537-1cf300521b18,2025-06-23,Delivered,1
bff1f04b-f471-4480-bf2c-83eb9e19e6d7,1ed462e1-6659-421f-aef1-c86f23e5b279,2026-03-11,Delayed,3
edf3bce0-b4d9-4a80-a953-8fb287815867,64b9cafe-3262-4f06-8fb8-fb48e55e51f9,2025-05-26,Delayed,1
5688d127-5d1b-41c5-b865-14995f776b07,3908aafb-e63a-4748-84b3-6af18eb23162,2025-12-30,Delivered,1
692d7fa4-5d61-417c-84a2-ae79fbb469d4,7f77ac80-6510-4f03-a534-58641a0f8575,2025-02-17,Delayed,1
238e5ba9-1a45-4a35-9897-ce95feeb9267,db156f8a-73be-4f91-b9e2-734f6fc97f4f,2026-04-17,Delayed,2
be4d0f42-fb86-45ec-adcd-4c1034f9f271,a9cc33ac-5e3a-4cda-9289-83800848e70b,2026-03-22,Delivered,2
d06a1cdd-947d-4e75-800b-3f1df1ddd5af,94f08d54-1fa5-4ed7-bef3-ff37a4ecca63,2025-07-28,Delivered,2
7285f5bb-f41f-48ce-9d6a-a15685ef6f13,7c14804e-b1c2-43d2-9836-46b38ad6f126,2026-04-03,Delivered,1
c3391196-4479-40eb-96ba-d556c82b3ec4,44b03761-209b-4579-bf6a-16fced51788c,2025-06-22,Delivered,2
9b1ef300-5f3f-46a2-9c0b-9ec91ee616ab,b706db81-66dd-4462-9c57-bbb788598054,2026-01-14,Delivered,2
02b83aa0-d05e-4b93-93e8-adcbb14e124b,32852df9-1566-4cfd-a47e-30b7398659c8,2026-04-03,Delivered,1
0ea13bba-f38c-4234-bb9c-a28fdc133bef,f21e2a44-7fc8-4ab3-b3e3-2c0fb88057dc,2025-06-06,Delivered,2
21237729-c25a-4c48-bb54-5cc7d3e7c63c,b3ca1c4c-de64-476a-8124-d8ba0a290a1b,2025-11-20,Delivered,1
bb6a28c9-cced-40fa-b12a-ea17e75dd989,2742a3be-c0f7-429f-b02a-d63a673f0e6c,2025-08-10,Delivered,2
c9638ad1-dd29-4f6b-9c35-8359439a952c,b66344f9-8b86-49fa-96b5-655d4bc3727b,2025-05-23,Delivered,2
234f4d9c-d404-4c85-aa7d-06a7f45082ba,347cb93c-d5df-4782-af68-6dab3f18ab71,2025-05-19,Delivered,2
7deee683-c43d-4c3c-b387-c7e558364057,ed5c0e1c-d323-46b2-a578-b7a0e29d136b,2026-03-02,Delivered,2
1cf0a728-edb9-4530-b77b-5861da38e70b,bbf6e0e5-3a42-41eb-b00c-42b8b72a10b7,2026-01-04,Delivered,1
b95e7042-9223-4aa2-94cd-b1d530a547c5,d6519dc3-9a8c-4382-9ea5-4289417263d7,2025-08-03,Delivered,2
ab7fbc95-fcd0-4d03-9259-3be74eda261d,1ab8478b-c5b7-4ef7-b5fe-43975e62b4cf,2025-03-12,Delivered,1
8fd3da38-e804-43cd-8122-3c9d6d0d2edf,c00d928c-9fa4-4e85-9efe-07643477fe61,2025-10-01,Delivered,2
f8c97810-b23c-4508-b30c-6df77095e21a,530e472c-8e22-4278-b9c0-057f41719d9a,2025-02-16,Delayed,4
3489e603-34a7-4d86-a541-ce0412879c67,770588e0-0347-4a94-a848-5b0f82506528,2025-10-13,Delivered,1
7649efb8-fe50-4dff-9c90-a69411d94dbf,efa35e98-244f-4cfd-bc60-626cc01eb7ee,2026-04-03,Delivered,2
31cc0db5-6131-4001-8fc8-13dfee5c4bc1,17d1f66e-2ced-41e6-8e71-731b3526b59b,2025-05-01,Delivered,1
65a3a468-7fc8-4303-9104-8134f7904ff6,a0d6dad2-da52-43bf-a434-1ae1f5867a2f,2025-08-05,Delivered,1
eaab96e7-b00a-41d7-b78f-7925d5741f9a,22ccab35-ce6d-47b4-9e0d-7fbe7c1ec6cd,2025-08-01,Delivered,2
a54af1e9-7735-4f16-a7a8-941b7b7dd35d,81ba001a-1165-45ee-bb72-5522f80d05c5,2025-09-08,Delivered,1
dcaf7fbd-964e-4f7b-ab05-4000ca439ed0,bb7e0cb0-3121-4eee-908c-d365bf3bc53c,2025-09-23,Delivered,1
9b3f6f95-9031-40e5-ab31-6981552ad410,fbcb2735-2c18-49c9-826d-cd960573ca91,2025-08-18,Delivered,1
7d625b35-0a59-47d5-8d9a-a6ee514b99e9,3cbbf78a-4fed-43ef-9d5b-48488ff35e7c,2026-04-12,Delayed,3
00d042ed-5a16-46d6-b857-8bbd7f79ea8d,f6e52fbd-5615-46c9-a916-68aea792853c,2025-09-21,Delivered,1
218ce133-ab48-4749-ba36-fe546d6ebaf7,c2a3b3ee-3a3c-4fb4-b687-a4bff5800098,2025-08-04,Delivered,2
d85479d2-b5d3-4b7e-b544-6f5d67e41b50,fb7deefc-a1eb-4cb2-afda-daf48749cd2d,2025-04-06,Delayed,2
7ca60115-ff30-4105-8051-553fded76ddb,b490d761-eb28-46b0-8ec9-48834056f9a7,2025-10-24,Delivered,2
7ebf20cb-786a-4fcf-9943-950cb9249305,cbe63332-72a3-4622-8188-0b4e7d9b0141,2026-02-22,Delayed,2
492931e0-f05d-4dcf-8be6-484e56b837da,38e29361-7caa-4746-a437-d676a34f3861,2026-03-25,Delayed,2
fce1d502-cd70-43e2-867e-3a96913a35f2,33cb4165-8be7-4a38-8391-829aeade9706,2026-03-23,Delayed,4
456b7354-9567-46ae-b42d-7f52b17dcd4b,a24985b6-9b45-438d-b0bc-9e36f699130e,2025-11-15,Delivered,1
f46fc002-4eb3-40c6-9f43-186d4b895b68,c63ad96a-fe0f-4236-af3c-290b072ac292,2025-01-16,Delayed,1
7f331b0a-1656-4fae-bb9f-0dcef3956111,351b8141-dcaa-4bc6-9573-50baf7d99ae7,2026-02-12,Delivered,1
40011966-c2c0-46cc-a91c-d430313008f5,417b9653-4de4-42da-86ce-40fc45558a04,2025-04-30,Delivered,1
c3ba2cc1-5922-4f68-b579-ffae1514a856,0e6bf983-e31c-403b-9eed-d675e5280ce3,2026-04-15,Delayed,1
d9473fe3-c6af-4a79-a116-9032e9585192,463e9ccc-77c4-4a66-bf60-79e90ab0fede,2026-04-24,Delivered,2
2cd4b045-ffe2-41c2-aacf-772da1edcbef,d2220c89-e6eb-4e57-9e46-3c7e7ea98f7f,2025-01-26,Delivered,1
e72278db-4bc4-4898-ac60-4c95c2993c5f,60a9e0bb-e383-47bc-b81c-68ecd287ac11,2026-01-03,Delivered,1
f0b6e7e8-22ec-4f77-a77f-e4884a29e838,30a4f678-5247-4203-b191-749b4e50b0a5,2025-12-31,Delivered,1
09eb69a5-1a2a-4213-b656-cf34744c84c6,7185f61e-0816-4966-8cc0-f7b3497b0da1,2025-10-28,Delivered,2
41fc983f-2100-4531-8306-82381cd530f0,dff5c81e-f4f6-41ba-ae2a-a34a309d0c08,2025-12-24,Delivered,2
6a10ef61-5697-4457-ae4a-2a01599ec66c,895b3c79-6923-4a28-a1f1-268a3b5bb4e8,2025-04-08,Delivered,2
a10bf15f-0c17-4ca6-b350-721ad37a6233,a14bb0bb-6750-4c69-b5c0-49c1d383aa92,2026-03-20,Delivered,1
303a8296-fded-4320-a1f1-e06fa10f0177,96681416-04f2-4280-9611-5a745079fade,2025-03-01,Delivered,1
fb0caa09-6b61-49e9-895d-6b7727315ea0,a07edb3e-32ca-4b41-85d6-113e06080512,2025-04-07,Delivered,1
89ff2a44-2061-41c1-b196-0cdde20b8846,aa20f361-176e-4b79-a9ad-a7980692247e,2026-04-24,Delivered,1
f80e3f4d-710f-4bc4-a62c-b817009a54f6,647bfaa2-ae76-42ba-a4f0-dc5676f151de,2026-03-13,Delivered,1
f0599865-fb71-45c4-a0af-452f965f9289,4dc1bbb6-7d6d-497f-bc2c-fe6b483a59da,2025-08-12,Delivered,2
c33149ec-31fd-449f-afb8-bdeced7293de,a9806d74-3a24-4428-a4e3-d7dff54e2d88,2025-07-26,Delivered,1
723ea7ef-ed73-4e1d-80a4-8b5894e19481,d5d07d77-6911-4d8a-9ce2-6b8352582b39,2025-06-21,Delayed,3
33f1cf9a-2625-4f31-94b4-3fe4d6c28ba0,e54bc3d9-421f-4541-b2d5-40dd3a326eb2,2026-02-07,Delivered,1
c7b4d8cb-8a77-40aa-a47a-3633a8fde761,28d35775-b80f-45fd-ab73-ae3bb5470c15,2026-02-09,Delayed,2
00ed7a48-3906-4be0-9077-d351c53d7f36,4722991e-5d51-40d3-af1d-4608d044da34,2026-01-14,Delivered,1
5baba669-a251-452e-ae0d-5185ce5ce345,c1e5f1b2-edb4-4c9a-a2a5-56a7c79b0d98,2025-02-25,Delivered,1
73b80751-a245-4140-9f9c-6dce3382ded9,361ac9ac-1956-4d5a-9a45-6f9747fc59d7,2025-08-27,Delivered,2
11c4fc15-4e69-4184-9f2e-687e4c791f47,71255f7a-18c8-41e4-a738-fa4ca561ba04,2025-04-14,Delivered,1
091ee0b0-28d8-42ae-b417-5ae384e05d43,b1929426-050f-4602-830c-f9dae7199299,2026-05-02,Delivered,1
cf0c56cb-c55c-4bd2-b641-d32f1b6fc96c,c642aa89-e97b-406d-a234-6cea495b51f0,2025-11-06,Delivered,2
ee5f31fe-e83c-4559-be7c-b4acdcfd5dc2,7fd73b41-99a4-47d9-8860-4e89f9ca138d,2025-08-17,Delivered,1
14237831-7ad6-4a3e-b4f9-da02feb6dddc,7d19acbb-b141-495f-ad19-c796f9b5b8e2,2025-05-10,Delayed,3
60835e98-f9a7-4d8b-8593-9b8e16a6fe9a,495e2959-0086-4934-8e8f-bdacf214c3d9,2025-12-15,Delayed,3
2a894644-3868-4a16-91f4-6e9693092359,13b83f4d-98c3-485a-a78b-6bd03cb5ac7e,2026-02-28,Delivered,2
241c10dd-3516-42a6-89b8-36644d970db1,11dcfb84-193e-4441-96a5-178c8d51f551,2025-02-14,Delayed,3
69ce48f8-305e-485d-95f6-298b6054608e,79e60a44-8299-48cc-a3fb-93c05c1c7801,2026-01-14,Delivered,2
b0fb279a-0cd1-4e44-85fe-ba0ecf997050,401c5109-33bc-4fd5-b6fe-6dc2abe11806,2025-12-30,Delivered,2
ac0de8eb-9076-42cb-8001-002d57156362,2ac6c9ad-8426-4c9e-b3d1-d566b4e1ac43,2025-08-25,Delivered,1
b3299d2e-0e4e-4fce-84e5-533787ba0423,dc2b5b3c-1761-4ae9-8a28-8e08d92ddae0,2025-02-15,Delivered,1
74f48706-d5f5-4082-9468-f717c1182e6e,f88aca0a-dcfe-4400-959d-db271375c428,2025-07-28,Delivered,1
8d30d18f-e24a-485c-af93-25cd06c26c17,9052e7e4-3979-4e11-979b-c12b0357b743,2025-04-05,Delivered,2
8262c015-3e6b-4355-a73b-96e6b9bf2035,c986bef3-1e8b-45c8-82f0-1d5506aa9e38,2025-08-24,Delayed,4
7f5241d4-1f64-4d2a-96eb-0d88afc4872a,1702b467-11f5-4039-85cf-1145393d1688,2025-06-12,Delivered,1
f226cc6b-41ae-401f-91f6-1c4e80110ca2,a175f05f-4ccb-4a95-8118-d4f79df1babf,2025-12-24,Delivered,2
687afcb1-0dc6-4244-8cfa-1b29e1690672,07f719c2-7277-48a1-ba85-64d0dc45c635,2026-05-03,Delivered,2
7020099c-4e99-4b87-a2f6-c4c4776e10c1,857037f6-193a-4189-9468-eb7da5cb009a,2025-12-25,Delivered,1
1c914303-9669-4146-afdd-3fec52348e7d,cfd44b9f-dcdc-41fb-8c1c-c355e9ce2046,2025-04-26,Delivered,2
57a6e91d-2eba-4000-8488-29b54586a32c,2514ca9e-3c3c-4439-9fb5-4fc00ace54f2,2025-08-30,Delivered,2
676933b7-bd13-44e3-8e28-1e7e55825ef6,eeb50909-2ab4-46a6-b277-ea1e5adc1183,2025-10-24,Delivered,1
f29ce578-511e-468d-8202-a4aaaa560f29,1a753287-2730-442d-a775-4340346360d2,2025-11-19,Delayed,2
50c0b9ff-7436-48ed-85ac-a69ea7552c4e,a6cbbb38-0735-412d-9dfa-2683dcadbb9c,2025-05-27,Delayed,1
018bf18f-67e3-4096-a27c-dd424bfc9f9b,94e2f2a7-f0ce-4d67-a081-8fdf7b14c256,2025-11-16,Delayed,3
977a2fed-680c-4410-86d5-31b0098adc44,5de8f42f-3505-45ac-920b-9aef90521513,2025-10-26,Delivered,2
3d815fb2-9e27-4a27-9745-d806c90cd63d,98780acf-d2d6-4ee5-b404-a68946df1882,2026-01-05,Delivered,2
663da74a-ffbb-44bb-8533-38dac86993c5,4c586292-4890-450f-88e0-00b13c0d4de2,2025-06-21,Delivered,1
230215dc-c983-48af-aadd-e072f7fd88c1,fde6e35c-4714-46c9-a798-f443c92ad218,2025-12-16,Delivered,2
4d19bf1e-fb63-4b67-abe7-85a6f8829af9,a50ec0ac-ae82-433c-9f0c-fda664d8b82d,2025-02-09,Delivered,1
9760efe8-5d70-4560-84e7-275b8b18174c,19e34d9d-abf0-476f-84fd-54a82a8e6f3b,2025-03-09,Delivered,2
18be0fc3-3540-405d-b426-2fc53f07f2cc,4e3a8c55-5bda-4d19-b324-3e4fc4aeff9d,2025-04-17,Delivered,1
7e4801c0-47ab-4629-bc30-befe79a42c42,d2255893-4a9f-4a22-942a-6768c50f5e29,2025-06-23,Delivered,2
7e76bf12-97bc-4681-b6b6-3b35d8d08eac,2c1d825d-5dcd-4a09-a28e-f80747e50e6a,2026-02-11,Delivered,2
1cedeb26-d21d-43b8-af0b-fd03a9f1d6db,6e442b71-4979-445f-82c1-32d4fe629cc7,2026-01-08,Delivered,2
a075d7fd-4f63-42d8-8d25-22876715cbc4,c460183a-77f2-40b8-a04e-0c9cbc1b0b74,2025-10-17,Delivered,1
57c18431-3a63-4877-908f-42ddb4af463c,5ff7500c-892f-4dcf-abc3-8b14aee69b4b,2026-01-23,Delivered,1
b47fd261-63e9-4e23-8824-47c36f82f303,1bb4ea91-0042-4478-9e6c-992e9c5814ef,2025-02-20,Delivered,2
d60857b9-9225-445e-9e5c-162d0ef88b2a,a7bc2e78-7982-4d9a-b324-fd7f7cb7bc54,2025-07-07,Delivered,2
2c3d66e1-2dbf-45b6-81fa-7767bb596da0,6b8a641d-e1b7-4a59-b9b2-df0b9bf99494,2025-05-05,Delayed,3
b35df56c-7dc2-4448-b06b-6eace1963020,8b4b11ca-d27d-496b-86c9-f5277758f8ad,2025-06-17,Delivered,1
d72778f8-e685-4401-9d38-76c07d99fd21,906e5d99-35e3-41a7-a343-eb24eeede1e5,2025-12-26,Delivered,1
01ff284e-36dd-4ff6-a495-eadbc0423fa2,0a55ff6b-0812-40d7-977d-2e0531e6608d,2025-08-30,Delivered,1
74cd5241-1963-490e-b1b8-a461362bd49c,6bfffff0-1d27-48dd-9006-49c4077e1238,2026-04-07,Delivered,2
d735107d-e1a7-4a61-a20e-158c53f6ebf2,551f86fe-8872-4925-8a11-2383ae7ded2f,2026-02-18,Delivered,2
dbf1a8b8-35f1-4635-a2bf-c7b63ec658d5,f5aeb6e8-5106-45cf-930d-fe2bfde54f11,2025-06-25,Delivered,1
1c516ef6-2b40-4d4a-af97-717f705a3432,451e163f-2927-42a0-8a36-3e5be3ac29ea,2026-04-17,Delayed,2
8aec9958-72ed-432b-8dd7-f6395e3f5497,ac00445c-ce8d-4c5c-a5fc-ca96f09aa672,2025-06-05,Delivered,2
8af8d76a-6ebc-445d-8de8-8bff0dfc7067,c15042e5-798e-46dc-9a3a-0c6e870db6d7,2026-01-01,Delivered,2
4a1feb35-1851-4b32-be0b-7012d9512dc2,0b309b04-d8aa-4321-94c7-7af9086a5d56,2026-02-03,Delivered,1
81b4c1f7-8f56-4932-b40c-293777abc799,e1e1cd6b-8a6e-4ecf-9d93-07e449cfdf96,2025-11-15,Delivered,2
eeff353b-c843-43fd-913a-3f2e0f63c591,28aaf055-8b29-4ab9-86ed-4d4ed722b431,2025-01-30,Delivered,2
fab10484-c78b-4d68-83d1-7a8e8869c004,9b04a8d7-99ec-4e94-a053-41e0b90fe6a9,2025-12-07,Delivered,1
2df34ff5-4986-48f0-9aad-d69e5d25eb3b,aff70caf-b0a0-4bdc-b464-433bc97368fd,2026-01-20,Delayed,4
27b462f8-804d-4254-9d22-21a0145e57b4,8e0544b9-d31c-4490-94f1-2c02656dc73c,2025-08-25,Delivered,1
97174ab6-4f4c-48b4-92bd-cba3aeec0f8f,3a1eb13a-128d-404a-a5c2-370ee22dc56e,2026-04-05,Delivered,1
650eb9f6-96dd-4878-a3de-4e51187833dc,acc09c96-6e72-4fe6-8574-05f0b79a6f38,2025-05-11,Delivered,2
a95e212b-061a-42ad-b956-af01ea35806c,7f74976b-2cf7-40e9-ada8-0387bf3ae3e7,2025-05-17,Delivered,1
aad509f9-afb9-43dd-a88d-895efe026ae2,bcb979fe-9d84-4484-9eba-35cc116aa619,2025-09-04,Delayed,3
576db316-a053-497e-92c7-57184fbdd688,bfc082b2-7d7f-47c7-be7c-3fb1a06e6421,2026-03-12,Delivered,1
a1da30f9-dc8b-4fc7-bea6-e93ab065d73d,521da88a-157e-4c00-91a2-c09e644156a1,2025-10-10,Delivered,2
be5e275f-2f6e-41de-8a49-f68a7d8500cf,7de2240a-f23d-4cf0-a10b-e85b83294d63,2025-01-28,Delivered,1
253628c5-c1d5-433d-8384-de7191076485,44ac12fc-5b83-4932-ac34-eccf7e4aea4e,2025-04-20,Delayed,2
3f3ee08e-4de9-4cd3-92ab-5ec36e545ce6,c075cdff-8a71-4a87-83da-d9cf0ecf4bf5,2025-12-27,Delivered,1
aa5ddd8f-a5c0-491d-8544-f6d38290a996,999fcd3c-0e1b-42da-be48-463b877714b9,2025-09-04,Delayed,3
71c5e2f9-c656-43c3-b708-28051798402e,91351f90-04f2-43ac-98b5-06b9bfc5434e,2025-11-16,Delivered,1
bacc2fc8-65a3-41e7-9110-70bd99286b79,a0cc53dd-c81b-4d58-8758-43742fd142ef,2025-10-25,Delivered,1
6c017f0e-4c12-4008-9029-2ef5bba75e7f,ede74ad8-8992-4edf-97e5-acc1ecb21d07,2025-12-29,Delivered,1
8e4ca6c2-a3ab-47fd-b21a-159c2659fe33,32b8233e-0860-4601-b74e-1bf541e9d855,2026-01-14,Delivered,2
180236d9-ba58-41a5-bb45-effdadeaef40,6b86fedd-8d02-43f3-b479-f3dcf3bf0e61,2025-03-11,Delivered,1
d679f3eb-f848-485b-9330-1ef1494b9127,b98a60a3-4724-4c1f-9343-e196e4a1a88c,2025-12-11,Delivered,1
e3f9f8c9-762c-4a9d-8a0a-d4288071b0b4,27d20c8c-5358-4947-b746-1cc3a9437b13,2025-07-03,Delivered,1
ef5c3908-f36c-4c39-bee7-00384c85064e,b32baf1e-19d5-43fa-a203-6e3780a37b05,2026-01-05,Delayed,1
dc7fe045-2c14-445e-b8e1-7d839ddcf04f,a375ccf4-a455-47db-a063-b93279d6cf43,2026-04-08,Delivered,1
bc6d1870-5bfd-4349-8076-d66ea958ff7c,8da4425d-60eb-4c9e-a915-a2f8d7a52850,2025-02-17,Delivered,2
bfb6d337-d581-4402-bc1f-f311dd60b02d,0359da2e-de12-448a-b42b-eb16972add4a,2025-10-24,Delayed,1
001b106e-0960-4257-a04b-bb050b9ada56,7a59c637-4612-4ed9-ac84-7cb6548cb614,2025-12-31,Delivered,2
e905f9b8-beac-481c-b136-97aaf2c57672,190ce45a-e3bd-455e-a4fe-8826c8668a45,2025-05-04,Delivered,1
abae860c-568d-4730-a4d2-a503d8626798,35ea7aab-7c34-4db4-a68f-303bcc0a3076,2026-03-14,Delivered,1
dfbd0dce-3863-4fef-bbbd-614cea057ea7,3609232d-8b3a-4155-b2da-e21d9b710d63,2025-04-01,Delivered,2
edb0e733-3a35-4237-8bb0-d46e13ccd188,3ccf31a2-2dbd-442b-a637-292c13a2d278,2025-07-12,Delivered,2
16c770f2-d3f4-412f-9ee7-5a57c53d5e99,e52ba49c-2ea2-42b0-8461-8038db61b33a,2025-09-26,Delivered,1
210da73b-63c4-47cc-afad-30337565b7a8,2c02e2c5-5419-426e-ac9a-7b9db0fae71e,2025-08-09,Delivered,1
53e96087-9503-4c22-b17c-54c74c1c82f4,134599e7-9a24-49fb-bffc-4857fdb4d838,2025-03-10,Delivered,1
27257472-76ee-4a11-bdb2-7befaebe37e3,b6c843bf-6be7-49a9-bf8d-48793d32e87f,2025-11-30,Delayed,4
62edc4c4-be84-4e19-b51f-c3b65a54bfdf,642e31c0-c26f-473f-9279-b3794a0b1b05,2025-05-24,Delivered,1
58ae91f3-29f9-4c25-a126-9f640c9f1a1c,f2303e08-b024-4415-bc09-0df3ec129e4f,2025-12-21,Delivered,1
ef51cad7-189a-4970-af39-465b21dad534,76636e4a-e6f3-401b-b634-20f4519bd58e,2025-10-04,Delayed,1
7fabc5c0-5ed1-4cee-85d9-c245229bab8b,e770f2f5-4577-42a0-ae97-68898df758c1,2025-07-04,Delivered,2
59cb5546-fabf-4fcc-a671-9a6449ad905c,e205648c-d62c-4743-adfd-3ccc9a8501f6,2025-02-10,Delayed,1
575393c2-187f-4822-ab7d-3596d926979c,9ff5de6c-6434-4231-bd0b-d80e9a82522b,2025-07-14,Delivered,1
3e09d7be-41d2-49e5-856a-159e4513f48b,7bea9601-41ae-4a60-8e06-ac68e19b0581,2025-09-22,Delivered,1
9a8e77f2-a85d-4154-80f1-1870645c4469,3727343b-94e0-4460-b054-c2d73972c7ed,2025-03-03,Delivered,1
e79bdc0f-7a8c-44f5-8851-e3d40a923585,54b86443-3dc1-4f19-ab69-dad47d874f52,2026-03-10,Delayed,3
a79f39db-48a0-47f7-84e7-9831b4666946,facfef9c-57bd-4f39-8109-d7d61edb5a18,2025-11-13,Delivered,1
1ac8cf76-5d92-4dd3-a6a6-a898672be09a,02963c68-cd4e-4fee-84f8-faa3aedf1af4,2025-07-23,Delivered,2
9878d794-8cf3-4d4e-829a-7630c61c0ba3,9022ffe1-4e93-4ce9-add8-caa982d83041,2025-02-07,Delivered,2
c19047ff-d663-4cbb-b215-7dfed5768931,13bd7ac0-06cc-4dcd-b7c1-f5dffc557741,2025-09-30,Delivered,2
83a121cf-c6eb-4655-9e2b-e749bc580253,83201487-85bf-4753-b8d4-05d4b01a213c,2025-02-27,Delivered,1
03e18c8b-ac0e-42d7-938c-d1c340e2006b,042dd508-b066-479f-af8d-d28bbc97312e,2025-11-18,Delayed,3
ccadfb8d-a7cd-4ce2-b977-a104c3607dca,7e13f694-52f8-4e9f-bf55-872a5c295a09,2026-01-31,Delivered,2
81d849bc-0494-49f1-9048-8a56a56aab4e,e625c2bd-6807-4fae-940f-bf2d65cbe20d,2025-09-19,Delivered,1
c6eae6cc-fa1f-4a48-b607-83e8e49717ac,c3550877-a7ff-458d-a046-2ac0a4b73895,2025-10-02,Delayed,1
bff0f7fb-8862-4188-b151-6bc33b0a7871,9ca73e57-2875-4f1a-b9da-45bea118dc8a,2025-05-12,Delivered,2
cf122b51-769c-4711-9777-2b07721bc959,bebc0191-7522-493c-84b7-afdd178c7c0d,2025-02-02,Delivered,2
20d7b726-334d-404d-801e-101b7b05c050,d04dff3a-b9d6-4d23-8954-b1444e791060,2025-06-13,Delayed,1
a57e8975-2d8b-4ff3-8226-418b70469c76,c141f9e0-0710-40b0-a1f8-5de7b9caf799,2026-04-19,Delivered,2
983777a6-66b6-4694-b22e-a989a33e532b,8fbc6504-df16-4696-99e7-31596535cbbf,2025-07-14,Delivered,2
5f63d1cb-d507-4f79-b63b-60f674b33c87,a840b6da-cbd6-4d3a-a95c-8de711bc3ef8,2025-11-28,Delivered,2
26885ac2-4c23-47d1-a28b-9dee73efa547,5c10d13c-628e-4c86-926d-85736c8a6858,2026-01-02,Delayed,1
3df216f0-a1b7-4522-b0aa-123add7760e6,f6843947-0aec-4044-891f-88c04af0f54c,2025-02-09,Delivered,1
80afa538-880c-4c70-8ba2-c30168605fa9,5206d969-0b1d-42ed-9ba6-8f3216950645,2026-02-04,Delayed,3
a5020b98-5104-4687-9bcb-6e7db6bd128f,cb6ab04a-3337-47f7-9f4d-7e8d816a8841,2025-08-25,Delivered,1
3d07b572-950d-417a-8112-896c69949931,1193b8bc-2189-450d-b625-f1260f8fffac,2025-09-12,Delayed,2
6072c07b-a046-4815-98e5-4f5f1176279a,2cb511b6-c54e-40d2-b067-541a05d9e105,2025-09-30,Delivered,2
6907252d-e3ab-4d2a-8ef9-fd40b73ce9ce,1587fa19-cc96-4fb1-88ad-a78beec576bf,2025-12-19,Delayed,2
edae1b25-d201-40cc-b802-a3788555fa89,cc60d035-ff07-4eb0-9400-47e1dc84f656,2025-09-21,Delivered,2
ea2cbc63-0e62-49b1-a193-bde03535b6af,13413dd7-2fa4-47c2-9650-36ec70f0edb6,2025-08-10,Delivered,2
a8db0433-01a7-4bdb-ad4f-622748f7c43a,a4b0c38f-6f72-4fe1-b430-9c2b2a8db8cf,2026-02-10,Delivered,2
cb4a37f6-f025-41d6-a180-b0fdb63cd0ab,99dc17ed-f484-4b82-9a3f-fbfc22b338aa,2025-12-22,Delivered,1
f1038416-bcb7-4d42-abe8-668d79b1cea4,bd79c330-6b88-460a-aad1-ddedb9af7d97,2026-01-01,Delivered,1
50da8d61-d2b1-44e6-a598-fd7d74406cce,2e402f0e-15ab-4be2-aa24-e88a58d77cf8,2026-01-28,Delivered,1
3367908a-1936-48b9-8a01-e3a651617ffd,c8a0af4e-b793-4359-8b14-d228169c8cb7,2025-05-28,Delayed,1
e09117ff-b6d2-456c-b30f-de6f8e129830,0e6f5faf-b948-4e5c-802e-a44b63452e6d,2025-04-23,Delivered,1
dd45feac-be3f-4f88-bfa7-554b8c0c2686,372908a4-b622-4bcf-8edb-a10fbbcc6f76,2025-02-23,Delivered,1
6f5ef3e2-077c-432a-907e-368f100d2795,092c3a02-f321-44e4-9ac0-e3484de09ec0,2025-11-23,Delayed,3
822560ac-9946-4a4b-a21d-ac1e126b4fb4,cfb19ebe-3b52-4b3e-ad71-217f9512262b,2026-02-03,Delivered,2
b0a2d424-8cab-4b50-bffc-cb17c6976ebb,058a4df2-a2e2-4763-a595-0a6476fdcaaa,2025-10-06,Delayed,4
1ac61033-1c26-4b30-aba5-266b2c9eb6a6,d6b8eb00-a8b3-47f6-b66d-d8323a013a05,2025-04-17,Delivered,2
a4217610-e3d9-479e-acc5-a0ba274b9dd5,ca597302-37dd-451c-8cc9-5359b0ee309c,2025-03-01,Delivered,1
98eb3df5-2aca-4491-b293-ed8b7263a9f8,58512ff3-bf2f-4308-bbf0-f148a62f7e73,2025-04-16,Delivered,2
a13ecd2b-f443-4b4d-ad70-187620173ff6,bcabb58c-2c9c-4a2f-bc6f-faf3ae14e8a4,2025-03-16,Delayed,4
28c25100-2cc7-41e4-8841-fd4a798f640f,d0e551f0-75fe-458a-98aa-85d2e874fc4e,2025-01-30,Delivered,2
743a8446-4712-4488-b9e1-4b11711b9d87,e84754ee-90a7-49d8-b1cb-91e25d6f14b1,2025-06-24,Delivered,1
48ea0950-09ad-4e5c-8aca-124739d52782,b2ba2915-4bbc-4cb3-a436-4ac74d900143,2025-08-25,Delayed,4
9779eed1-1b11-47d9-9cdb-d941cc5f3e14,1e93ec7e-3b7d-4bbb-9c2c-f2e2b4bbdb61,2026-03-18,Delivered,2
31255361-2db5-4b69-9fef-aa57fe47a207,ec47850d-896c-4165-a499-6ce1ffcc4e0f,2025-06-25,Delivered,2
07d7f2eb-a88b-4e59-9d15-47ace753f4ba,52cd332f-7741-49f7-92f5-5d96fdcc831e,2025-11-05,Delayed,2
ed3e1c8a-c5df-4784-ad7d-f75e83def351,685d6ba9-d20d-4190-9be3-6c2c4e6b6cef,2025-09-20,Delivered,1
9134c837-13ae-4608-b9cf-fe61cdf94ce1,93db8f47-0168-416d-a8ef-f20d04b97955,2025-02-14,Delivered,2
a0a85d65-8a9a-40f4-97cb-24dcdf58025c,7e6ff434-d3c5-4ea2-9e34-5ca91ac47015,2026-03-31,Delivered,1
cc6c7f01-96aa-4b8d-812c-f497924e1522,07714664-15ef-4f28-8288-279314363ac4,2025-08-04,Delivered,2
cfa54205-9d61-41d6-b8f4-96052c4d6198,f282ef7f-9586-479e-b359-ec4a69f685ae,2025-01-29,Delivered,1
7b4ec121-87de-4885-8fe3-56c9aff25004,c3eb1189-9de3-41b9-a7a4-77737986ff41,2025-04-30,Delivered,2
e783b9d1-5649-4263-8485-d7b23d7937b7,d459aba0-4cca-4345-9798-6af15aa3c5f0,2025-06-20,Delivered,1
93dc0f39-24ac-412e-9394-db2a6f07c4f3,187ea3ee-ebe1-48fa-91ea-8f754f59e815,2025-05-17,Delayed,4
ad45f95c-18ec-4e1f-b10c-780a6b4c054d,87473e7b-63fe-4ff8-ba96-b62f1d667403,2025-04-14,Delivered,2
c017bf79-bf9e-4a5c-b809-02302831e64c,a99d57de-5147-4954-9f2b-8b0514cc74ef,2026-02-08,Delayed,3
c746ccc7-f694-47ec-9e44-edf2a9a486d8,84c161bd-c9ae-41fa-a277-9e0ebc68257e,2025-01-25,Delivered,1
ad98277d-1921-4a54-b794-57cc9c2e5ae4,3bf8ea34-bc69-4b91-8052-661fc7af9e67,2025-09-30,Delivered,1
462e0595-ef66-4d70-815c-4c0d1de8bbdb,46024c6d-eb18-40e9-be87-93f34c2a7eab,2026-03-06,Delivered,1
fa642b47-624d-43b7-b0ce-349a1b94289c,25aa9194-9039-4096-a30b-570eb3bfcf4e,2025-04-18,Delivered,1
9d83f7e3-5f66-4688-8be3-6dc20e017298,b53484bd-122c-408f-952e-e4852d877162,2025-01-24,Delivered,1
70c4f80b-4379-4cc9-ba93-e44e2819e730,dacc3a5c-632e-4c41-a1c8-902eb4848517,2025-08-22,Delivered,2
7573b0a3-49d6-4116-a8f3-50b87d282a16,bbcb7877-0664-4500-a7d9-fc372a853111,2026-03-24,Delivered,1
3a9f7e3e-fbb5-4a23-ba81-b6317ea186ae,c3ef925e-ed99-420e-8a7d-a23a6b19ec46,2025-06-01,Delivered,2
c7eee004-53f5-42f7-adea-1660059ec352,b95199fe-7384-49be-bd92-61c5ed52b574,2025-06-06,Delayed,2
eb8007b3-af57-4df1-8b5a-54b9f837e697,9c451479-f6cc-4b01-a463-6ed5690de64f,2026-02-27,Delayed,2
549ef5dd-cc6b-499d-84c7-323f1748c9c2,fd9aac3e-b931-45f4-96e5-00183d4243ba,2025-11-11,Delivered,2
7fe70976-ff5c-4bf4-85c9-06ad294ae9eb,d108a628-0c2e-4c6d-9b77-43e0f6090f60,2025-11-03,Delayed,4
ffb41a0a-3438-4972-acca-7ca74d92f2fe,f2f63c08-af29-4ea2-b9bb-1632e0532133,2025-05-23,Delayed,3
c768da2b-8505-46c3-85e8-bc63dd8dbeb6,c4e233d0-e828-4a54-bff4-cf70df7e03ea,2025-06-16,Delayed,1
03d47bf0-3f23-42ec-961b-5cfc1e6da0de,e2e4fa68-9939-483e-b0ea-3db5b668e594,2025-11-28,Delivered,2
83bdaa2f-2fdf-462e-b528-a27c7727440b,baa9ff60-6b2c-460e-b922-9f9e6f29df1f,2025-09-14,Delivered,2
1fa5ce60-27fa-4e68-a7d3-e61ef07b263a,4c3aa740-eb7d-41ed-a668-ef966007c219,2025-04-09,Delivered,1
c07ddc3b-c3b7-4c1d-8ffc-d410001c2e55,ed5196b9-9fc9-4ffe-ad9e-9872f17b50b9,2026-01-13,Delivered,2
798ac8dd-f5cb-471f-88a0-e4017cce8b19,f4c7a03a-c017-471c-afb2-71a24bf0d250,2026-03-25,Delayed,1
4e8328fe-6d73-4e6f-ab05-9128c2b7e64d,8f607bda-4df7-4544-8bdd-28b20179538d,2026-04-01,Delivered,1
eadbe30d-0fef-41a7-9cc6-bc84a340a4db,16cec497-8deb-49ae-acd9-ede80a53be5d,2025-05-10,Delivered,1
b7d7528d-f1df-4596-8635-7f0267931f86,5d102dbb-cec2-4692-bf8e-366915d7f3e1,2025-05-19,Delivered,2
0367e77a-9ecf-4842-bb8e-288fc398c5f7,1b8a71aa-bf0a-4fb3-90f4-5c8dc7328fe4,2025-08-03,Delivered,1
bf4c0e44-b9bd-40aa-81cc-49c1e6ccdf97,2c17aa39-be71-417c-bf82-0850ba033210,2025-06-10,Delivered,2
9d1e7f3a-fb0d-40a9-add3-28ff49678c0d,9b4c6427-a3a9-4acd-b730-9dd6a930c3f2,2025-09-19,Delivered,2
bee94bf5-2018-47b3-857d-a1c1addce17b,5c68a72a-64ff-43c9-907a-29afc5e53eff,2025-03-09,Delivered,2
a046f19a-7fcb-4dc3-96e0-a2447155f41c,a9772910-a068-4b69-9347-adf6b6d9c83d,2026-02-24,Delayed,1
27f1ac18-072f-4394-9591-3c3189100f2b,4280eb52-fbc5-41d8-a4fd-b5eec168ad0e,2025-09-12,Delivered,2
ad309fe5-5b27-4b56-9c5d-c9bcd143d013,9c5cbd5b-ca11-48cc-ad9c-78dacba8aea8,2025-09-08,Delivered,2
c7ffc20f-d77f-42b8-b92e-3f8edc56ea12,f4b9c18f-51b6-4b3a-a1d5-a6f593c588da,2025-07-05,Delivered,1
d0dea446-1a96-4c58-a44a-440bed10534b,ffe37cab-965a-4811-a29f-09ba11c95a5b,2025-02-05,Delivered,2
a6cb8338-a19e-4b06-93bf-ea86ffd5dc08,823d2e85-1e0a-4cd2-8652-eea1028d2bf9,2025-03-25,Delayed,3
3d866cac-f040-4e2e-b407-7e1a021312fa,7959d668-d63f-4b5e-b535-4011d5a6c44c,2025-05-12,Delivered,2
0bb519f1-5c90-403a-b7e1-ed8ed2a84330,2f849fdf-24c3-48c6-a45a-ae00695d821e,2025-08-28,Delivered,2
e67940dc-d152-479b-a534-21407329afb8,445c0d86-34dd-491f-b99e-893af893a842,2026-02-06,Delivered,1
c5346d8a-6c28-4fee-95a0-58eb5d901b03,3d7430cb-b312-429f-9c6d-b4cfe2b83c31,2025-01-31,Delayed,4
dae422d0-1232-4896-86ad-3830725353a0,70731287-45af-4b5e-af67-0eb92059f9a8,2025-10-10,Delivered,1
ee886197-ee0e-44fb-a5da-a25752615f24,35124c84-be08-4d05-88ae-36ef19473585,2026-01-04,Delivered,2
9ad98ae2-ed87-4123-9b51-d3b017a7cacd,f1f00894-dc0f-4df2-9870-8dbbbba6d946,2025-08-23,Delayed,3
71c5c8bd-67b0-4a88-a594-ad0868318c66,9a576b0d-1104-4d10-aef2-c5e67f431bff,2025-03-04,Delayed,3
bcb9b78d-d095-4be4-9f15-205db450a421,b974f884-9538-496f-9e4b-690d492d30d5,2026-04-14,Delivered,1
f554d0d4-db97-4605-97d7-149988883a19,11ec00a0-2d98-4fb0-8394-e6bd30b578de,2025-05-31,Delivered,1
906f1bdb-c278-4630-903e-6a9fa814d5b2,ef8084b7-7745-4059-a0e7-900d7f9bd65b,2025-07-06,Delivered,1
c33da4ef-41a9-4c4b-8d22-7102e2869f1b,43c9bdcb-1299-4938-8c02-236ad0b0d128,2025-09-13,Delivered,2
1783e2c2-1f7a-4468-b945-dfcf5fd0df11,3849a5fb-adba-45ec-9d7c-55cffcd88f89,2025-12-04,Delivered,2
b7fda2f8-f8a6-4bc6-82f0-c5e403e3413e,fa3a367d-bc6c-40e9-8ee7-d52637dd3a12,2025-12-29,Delivered,2
af4ecc05-4601-4851-92a3-8e2a0f3c0ee7,573c2997-495a-4c93-9a6d-b990b6586d8d,2025-06-03,Delivered,2
46a16cd5-926a-402d-b54e-5e2acb5ff6ac,74679d00-92b3-4fd4-b074-d2358b44acf1,2025-06-27,Delivered,1
c14e97d5-b4a0-4529-a134-60231ddcee74,98f41276-59b4-484f-9ac7-7329dcfacf37,2025-12-03,Delivered,1
9f68472a-565e-4a13-8cb8-0aca4f6f95d4,6df777ad-f20c-4923-abce-fcbfea7c61c4,2026-01-02,Delivered,2
741cc3fd-40c8-4c76-add7-b2a20c18e56f,859305a7-d257-45ac-9bc9-c6dcd0352ce4,2025-12-30,Delivered,2
afe65d86-f5ba-4b57-b44c-bcb079fdeaae,47e30d94-51c5-4a33-ac62-f1f3b2f6a8fa,2025-12-14,Delivered,2
653b1543-7c61-43b8-b31e-73c289b7ceff,154698e1-2f4f-4b4e-8020-34794fa4c9ab,2025-04-06,Delayed,2
fbef5b99-0ab3-478e-a815-d9157505a2c5,2093d5ee-865e-46a0-ba7b-c76b15c3f5d1,2025-02-25,Delivered,2
751ed37d-3fc5-46ed-bc41-7f1e3ab76111,e2bcef76-d703-4296-b42c-4d68b6b8cde0,2025-05-19,Delivered,1
7609b61f-4efa-4024-9588-9fb8a8612358,ebd7a929-0d05-4286-9b9b-0752db9f923c,2025-12-14,Delivered,2
39e3e1d4-bb63-4af6-9b1d-ae637155d32b,84edbb21-6b0b-4c4d-a22e-fa2d7e3bbd1f,2025-11-14,Delivered,2
63d9b230-1e63-4778-a43d-735baf792e11,f5662ac9-2f71-42b7-8572-9dc31b205cfa,2025-03-10,Delayed,3
6c28229a-48ec-4e22-9897-a0d59c60032c,b8e6d0bf-ad0e-4816-ab92-a557fa61f76e,2025-08-24,Delivered,2
556ccb8c-19ad-419d-8096-9fa913e5fed3,2119184c-fb8c-40b0-af66-d45499e32758,2025-12-21,Delayed,4
2ad35293-5dac-4ba7-b124-e401835acf16,dc6e3406-3eeb-48fc-b970-76b1eb30a1b2,2025-04-27,Delivered,1
9e30158e-e446-413b-9352-22ccdea0e5b9,f7f8137c-06fa-474e-aa32-885faf65f1b4,2025-11-27,Delayed,3
7376d2bb-2e66-4c89-97e8-8a6f28a25fb4,6cc20be0-39b5-4af1-aee0-e60ee111f11f,2025-04-26,Delivered,1
d5b38e8f-018d-474a-8df4-6506bbe17744,107b3887-7f36-4c3b-81d6-609c08f51075,2026-01-17,Delayed,3
a99a10ae-fddd-4781-bda2-6581b2a85aee,80f1a752-5261-4d7c-81e5-ef39cb70a392,2026-02-05,Delayed,2
97b61ecb-0ceb-41e5-850c-2a480a90a6da,8d5a5918-9346-4fcf-9d39-18834d4c9ac8,2025-05-08,Delayed,1
c6e3be46-e99c-4bd6-9671-919951b45900,e98fa82f-9e6e-4980-bd48-fe38a8ffcb78,2025-10-21,Delayed,3
1397ca67-816b-459d-a3f3-e241ff925d0b,f94b5495-43d7-4a60-bb19-cb52babde480,2025-12-20,Delivered,1
361cc502-f0dc-413d-adb7-00fca2ed8502,a80b4321-d0b3-44b5-aec2-75a8ed2841ad,2025-10-26,Delivered,2
ad8b578c-5294-4357-9756-022d606a64fd,8400bfc7-252d-4ced-84e3-5ac36fb0315a,2025-08-15,Delayed,2
0739a6b2-f3c3-4fc3-bb19-04ac0a6e6016,e3aaaa75-661b-4537-acb0-fe35cffbcbbc,2026-01-29,Delayed,3
e9a10e6a-a26e-4df2-ac24-8c759ea4b844,03e3f1f9-9c0a-4a72-adf2-c76015396bd5,2025-08-26,Delivered,1
475bb720-ee1f-4297-8cc4-885109b4da00,a9d2731d-ddf7-4de0-9075-4a3389f0c3dc,2025-07-10,Delayed,2
8dc49e83-5777-4ae6-b785-415be418f44e,ecda2d30-c4e7-46a0-9e1b-43bd1e77acea,2025-11-08,Delivered,1
4360f312-4b4d-4d65-975a-463b4ff4fd54,cd5f644f-b844-4f85-98c2-832edd091f4f,2026-05-02,Delivered,1
9cd4207e-fe7f-43f5-b174-1cff9f01cb2d,69a79937-e9c7-49c7-ac43-14c7c1515688,2025-10-30,Delivered,1
c2a79c87-5138-44f5-975a-978076a0dbbd,60f6f772-e907-4029-a2a2-ffa5c92c5780,2025-11-08,Delayed,4
f5ea49dc-d092-43be-b62f-391671ff994f,c2e89e05-d903-43b3-b30f-8729f0e95dd8,2025-10-24,Delivered,2
0e042dc2-269e-44e6-9112-bef5e65a7bde,62d45cc8-8bbc-402d-811a-6e4efef87c10,2025-09-19,Delivered,2
f249b67d-ffdf-4f88-88d4-a7589f631dc4,e291d298-7167-40a3-8993-03489f8e558c,2025-10-09,Delayed,3
cb2c987e-70e6-4e15-bb83-d6a54c3305dd,bf67fa83-fde3-44ae-ac2b-68371cdddd47,2025-08-20,Delivered,1
af7a44af-dd21-49d5-9026-8944c78d6c3d,d27fdfd3-6740-47df-8ed0-8e949fc7f1fe,2025-03-18,Delayed,3
638466f2-f831-4c4c-ba9b-0f0d42683558,5c6590a3-0f76-467a-971b-d69ef4c68a0d,2026-03-08,Delivered,1
ad460a32-ba44-4474-8f97-89827392043e,f80d2482-fddd-4ac1-8cee-4bde5db0a430,2026-02-21,Delivered,1
bcafd037-c7d8-4c37-b88e-627cbf3a127e,d866ce04-3d01-495f-8eb7-674f19abf140,2026-02-02,Delivered,2
b4906d4e-7b71-4e99-af6f-29c043afbd60,76762f31-226e-4d71-a8a7-feb3ba046211,2025-11-10,Delivered,1
f870d6a0-f97d-4c93-9618-d5f972b46e34,d5d30b5f-0ccd-4cf4-8178-603343e39412,2025-04-10,Delayed,4
737c3980-b566-4e2c-9dc0-31ad54dc2588,f00d7ffd-cdbe-453f-ae26-69cc4ca14e9a,2026-01-04,Delivered,2
cfcf47bd-ce32-4080-a7ee-1d8ac6e8130a,62b17303-4c9b-49c5-994d-18215fb2a8fa,2026-03-15,Delayed,2
9059cc1a-6fcc-4803-ba3a-68e7c5ea92fa,0fd3a67e-fe89-40d0-bad7-c83b9e623ed4,2025-03-02,Delivered,2
2909470d-d440-4212-9d94-babe0891e413,9ea8eee6-cf9a-4fe0-bc54-db3179638b6c,2026-02-16,Delivered,2
06e7a69c-e374-45cb-80c0-32a0f7fb84db,f48c7cf4-20b9-49ef-a772-0ceec428e98a,2026-02-04,Delivered,2
c8530310-bb7b-41ac-8b25-7694c7022dac,49e45c76-5780-4684-9ddc-6ffd0e58f1f9,2026-04-01,Delivered,1
c8046b37-7829-4e57-b4fa-cabe54478570,59be08d4-f568-4495-94c5-24c88739937b,2025-03-06,Delivered,1
5d942f95-ec32-4530-821c-bccec44b945e,bcb58892-8a43-4a3e-b390-38181f529942,2025-05-26,Delivered,2
8d2c3fce-0076-49f3-b0f7-2d6cef01c95e,542c5086-a4b5-4a24-89a0-3e86501dc6ac,2025-12-30,Delivered,2
62913456-c3e9-426d-9094-08cb309dda95,f13f347d-ef5b-481a-893b-eafafe5d10a0,2025-06-13,Delivered,2
82c1f2db-5815-4838-a4cd-e00a50935339,6a3468d6-d7c9-4b11-a358-d7720db4a861,2026-03-21,Delayed,1
89564dc3-980f-423f-8aef-908a5672e257,9932cdbe-37fa-4624-bfa9-7e11ee18586d,2026-01-16,Delivered,1
0f504a17-abca-45e3-ba0d-f47bdf01e2c8,04caf640-d16d-4e9b-88a8-fedb8daaa349,2025-04-14,Delivered,2
3be5b33c-52c5-4e47-ba9e-d3408fdb008d,a4bde873-39b8-4633-8bb6-a2879bfc0f4e,2025-07-14,Delivered,1
ba806467-9b3b-499f-9baa-e04af2c6f8f8,7204df3f-e213-4529-b290-cff928c4d7ce,2025-09-08,Delivered,1
c2a7433f-a22c-4c4e-86e2-ba6861ba9169,73662c85-5669-445d-af06-f27bcac21216,2025-08-04,Delivered,2
5b1aaf39-3ad3-457f-9a82-be177ae7b8f5,bf30e5a0-8568-4a22-8989-275d434f1226,2025-05-05,Delivered,2
0ae32b13-244e-413a-a58a-b48fff079a38,8b411a6e-f083-4758-814f-04bdb2308d7a,2025-06-02,Delayed,2
5ca06efa-5dcc-4613-84ce-2ad94c353ef5,e2d1777c-7406-4b09-94ad-4cadd74a6d41,2025-09-07,Delivered,2
65e963a3-b8d2-4dfe-9ca8-daa702932d8e,e14b9b4b-429e-4940-93d6-741485dba1b2,2026-03-31,Delivered,1
dcd03714-622a-4b27-a132-de9ed7988c79,ae5c1a11-a9c8-424d-b5f0-1b2c3e5568ec,2026-02-02,Delivered,1
04301107-4fe3-4a37-ab86-0e9d3f66d19a,9fa7f361-ae14-4b02-bb2d-f70400bf45ab,2026-03-22,Delivered,2
adbb04f4-b179-405f-9e8b-b84f98c1859c,e7542cd5-8de7-4929-b02e-0d8ec05287d3,2026-02-18,Delivered,2
63a8b860-6e1e-4231-8dca-af3cf1854ff7,cfea8705-719e-48da-a6ee-d64521116628,2025-12-14,Delivered,2
ad73e24e-6ae8-4ad6-a631-728722548b9d,6db778f9-7e73-4656-9c14-6b637d6929cd,2025-05-19,Delayed,1
d1dfc972-4d37-4c8c-86a6-0d3ec2a11d15,e4d55de1-3ba9-48ba-a9c9-76c893c673ae,2025-01-24,Delivered,1
aaae26f3-c58c-44dc-b4eb-218d11067c61,c3cbb230-fdd4-40c4-a523-adeddaca0eef,2025-05-14,Delivered,2
86eb67e8-8bc0-4121-a3c5-6f3d74b843c9,fa34d502-f701-4927-94d2-7cbad00e0295,2025-03-14,Delivered,1
4405c946-ed55-48f6-83fd-fea378c9d54e,dda578e8-5e23-4cf2-b90d-1d6ada5e08d7,2026-03-16,Delivered,2
16ce6aa1-cf09-41bf-96c5-752f514b829f,3a3e22f6-4e35-4887-b087-35a7184e2822,2025-03-21,Delivered,2
74a76397-4906-474c-8d5e-30a1cdce646f,608ed3c5-bd11-4fa9-8445-e081c69b4029,2025-06-29,Delayed,2
6e6436ae-4f49-45cb-9236-6da16f2312a0,278e7a8a-9881-4314-a260-3f5d8630d879,2025-10-24,Delivered,1
ad0879f2-f3b1-4d39-a99e-89e79ca8719c,68e10fe0-b837-4cf6-8391-71c436a789cd,2025-08-01,Delayed,2
f799116c-abf9-42b1-98ab-101fbe3e1af4,4550d539-3104-4e07-b911-3c81e259979c,2026-01-22,Delivered,2
2424380d-1ec7-40aa-8a01-976f97a2a6c2,5680e2ea-afec-491a-b940-d9132110582d,2025-08-26,Delivered,2
81e194e5-f680-4dca-bdeb-22dbdadd1b8a,346a1407-9d5c-4cc5-a5ef-3eb28517a670,2025-10-07,Delivered,1
b52e318f-6fb1-4117-9026-0a8e64e016d3,0d5fa5d5-05f7-45cf-a288-869f00c8b034,2025-12-11,Delivered,2
5ecb074b-f8fd-4701-976d-41d748826dec,3137efae-0df8-424f-9b6f-919a37cbd199,2025-07-04,Delivered,1
de9f996c-3dc6-4103-a4bc-de7f27a22d80,c9c50ce5-74c5-457c-a804-f790304b351c,2025-07-09,Delivered,1
8ba168e0-e0f8-49d3-9bdb-14c23c078efb,0e5c6394-2dcc-4ee1-b7ac-d9ed062e4547,2026-02-20,Delivered,1
9d1e4350-420e-4571-b3c5-4e0fc467124a,42d14bd7-b645-4b6e-b9f3-4d6f57960055,2025-06-13,Delivered,1
acf367b3-1352-4be0-89f7-c9a5fc863889,76dde740-89c0-4b6a-863e-635e12bbea50,2025-04-14,Delivered,2
8b565389-998f-4126-bf6c-72b2f720dac7,e58d0237-f054-45cc-8262-93e769bfe0b8,2025-01-30,Delivered,2
2d03506c-2a41-4439-ac1d-66aa110a3f4e,5c488130-3d0b-4f9a-8f5e-b6e28aecfd90,2025-06-19,Delivered,2
fcf8d436-13c4-4030-bf84-718f5b2fdff0,b8ee5c22-328f-453e-86c5-47d75760a86a,2025-08-11,Delivered,2
fe7d11a3-ff94-446a-8124-cdb6ae4ec63c,5e7e5c01-e3c5-4151-a4b4-3abf7b6d00d4,2025-03-30,Delivered,1
1d86c3b6-c8f7-49ef-8afd-9d94d7752cdd,ff7f113c-80e0-4763-b7c4-7a8116182bc8,2025-03-01,Delivered,1
09da0fa7-fba8-422c-a081-a40aacc179b1,ab8a3537-6969-41dc-a8b5-b3de0db2d87c,2025-10-02,Delivered,2
73a44477-5c4b-4b44-b587-8827016797b1,b9b51588-1bf9-47f4-be9b-f886d0ebd99e,2026-01-05,Delivered,1
92e64f96-1bac-4083-ac01-da5c3c70bb07,cf5ec12b-afa6-4d4d-bd53-811dddd4376c,2025-09-02,Delivered,2
1d9b8c5a-2e16-4fa4-bfab-7d5004cd0f34,d3725bff-b71e-4ee7-8392-f8c8cdb6042f,2026-01-03,Delayed,2
35dba6a2-f288-41c0-bf52-1909792dcb71,a2f8453a-6ee5-496b-9219-88fa3f81adeb,2026-03-25,Delayed,2
bce82bfe-ca70-48d9-9016-b92c4a52b5d1,c846fcdc-88e2-44e6-b7cb-d855547f4f7e,2025-04-21,Delivered,1
223e0f18-a958-4462-872c-9b8351df8bc2,77cb7d22-0e97-48df-bc98-1408c27db9c0,2026-04-17,Delivered,2
76556ebc-5de2-4815-b907-a51ce933c15f,44434852-1e5b-4d55-bfaf-b0136a383437,2025-02-22,Delivered,1
60df2a83-f54d-4a5c-83fc-e0c8b614bbb6,9dbe851f-7797-46a1-ae8b-0e02969249d6,2025-08-10,Delivered,1
fc4e0f05-8a19-4d57-b077-4d0d38d59d35,b5a49ca3-6b15-437d-84fc-0832ad1c95ea,2026-04-04,Delivered,1
16c1d727-1812-47b0-96ca-07c4e1e1531e,1cc86053-1a1b-4aff-992d-686bc1abb894,2025-01-29,Delivered,1
0c5f8779-71c3-4d7e-9c13-f39d1f502326,e3919299-2555-414b-881e-31105193167e,2025-03-14,Delayed,1
930fbc4f-9d57-459d-9283-b2e22fb4abad,090882f9-d520-492f-9de3-fa42bbd6ce42,2025-03-18,Delivered,1
39763c79-cbdc-4a5d-b5d3-d569d16bb5e2,e0eebe79-6482-48cf-823d-118441965ea3,2026-01-22,Delivered,1
e2f6df42-8e83-4f7c-8abb-5a839da32bc6,0c24aecb-adcd-482d-adcb-f966b9ec2e04,2025-08-31,Delayed,3
f29c708d-eb84-482e-a299-ca655f5177ea,27ebef14-44d5-41ca-a89a-c653899b6785,2025-06-17,Delivered,1
afda5b4f-df31-4013-936a-b30190f3b9cb,c2f2fed1-8816-43af-b1af-3018db93865b,2026-01-02,Delivered,2
f6e5869e-b56b-4e81-a79d-195a23da97be,0c277f65-2bcc-48f1-9692-0be48c58d216,2025-02-21,Delivered,1
14c5b313-9678-4276-a649-818870a5445d,625a0250-4863-4eff-800b-58432f662be3,2026-01-24,Delivered,2
b5c36c59-59fd-4af0-9601-7402373bae04,3ce294ff-e0c2-426b-9b2a-e37ce45a62b8,2025-07-10,Delivered,1
6605db46-cd94-4153-b8e2-4bc3b26991e8,f9fd9308-7241-42ea-b4d5-c5686a91070d,2026-01-19,Delivered,2
33939a30-9cf4-4421-bfe8-72dd814f39d3,679aa10b-fb3f-4f0f-8133-b6594501fe94,2025-06-13,Delivered,1
6915f9a0-81f8-43cf-a6d4-9323178faae3,c4a0b3c9-bfae-4fd3-a81d-d425528825b0,2025-06-29,Delivered,2
2b768617-77e3-4da9-b9a9-b57fbdc1d640,3c69954f-c129-4b76-8523-f1de8b82bc34,2025-12-03,Delayed,1
d52363e0-34bb-4783-8a93-cddf48826c0c,701377f6-ab3d-4697-b348-146944645e93,2025-11-05,Delivered,2
f3c1e44e-b0e8-4828-93ac-a12dcea4056a,9c0cfa0b-1102-4bcc-be04-d65e5528cdbe,2025-09-04,Delivered,2
fc8dfcb8-faff-4508-bf82-86eac460712f,ede2b701-52b0-422a-9585-cde1633616a7,2025-04-24,Delivered,2
97aa1fb5-cb7f-4844-bd57-531bf5aa1cb3,c5b644c5-138b-4f9d-acde-302a4e9485be,2025-06-10,Delivered,2
ea85404e-57c5-4c85-8862-ad0367befbb6,f5caadf7-89bd-44e3-bad9-dd466fedef29,2025-06-17,Delivered,2
4a65cdd7-318c-44cf-aea5-e7056966ea0d,0f5be3a2-8128-40ff-aea5-07092f488360,2026-02-22,Delivered,2
642ebef0-dd63-413f-8b0e-171214d3c7f5,c29f3fe3-5a7d-4ba0-87a2-0a5c12506aa3,2026-01-29,Delivered,1
6f34553b-3593-4b7e-af40-81ab4860df17,17fe2e55-d193-45ce-8c66-88a522e78abe,2025-12-18,Delivered,1
c524301d-4705-421b-af60-17ed4446cf94,9eccad43-abe1-4470-b155-861462185667,2025-08-05,Delivered,1
ee7025d1-cc69-4639-8d99-34c5798808bb,7e65c3e2-b756-4f39-8f25-5d1d4c90c80d,2025-12-13,Delayed,1
4e084465-600f-4eb3-91e7-f8d345191b19,727b07f1-33f7-46fd-9096-f21eaef9bafc,2026-01-25,Delivered,2
b5b34416-c4e8-4c0e-8547-0795c29994da,db468ee9-113e-4bb0-8e0d-ef019042c542,2025-03-11,Delivered,2
a336eaa9-5b78-437e-9a92-fb1ce32b528c,6ce7268a-04e6-461e-a6a3-97c14b8376dd,2025-01-27,Delivered,2
76ee8a24-c3df-4887-8edf-55a26360e1de,1281dc93-ab2c-40d3-ad80-da19b1a04e98,2025-09-12,Delivered,2
b082c9c8-a200-44ec-8ef1-b76dabe26e6d,15608b6a-a7d8-4023-9d18-802f06ff2164,2025-07-31,Delayed,2
1eaecebe-991c-4d88-82b5-eff0cb5ed76f,9d092ab0-98a3-4823-b432-d66265af0c99,2025-04-30,Delivered,2
90d232c1-3d02-463c-bd14-98ca1d9b6425,239a8f70-c343-488b-87c8-96445ea989cc,2025-02-28,Delayed,2
5583146e-1d8d-4462-bd1c-429024bf399a,2ea928bc-212d-409d-a854-a30fd03a43b1,2025-12-29,Delivered,2
f80e5206-8f14-4eb7-8c9e-bf9ce6cb2b40,6fd0e7c9-fc80-49d8-a3cd-28a3c3b45ff0,2025-08-07,Delivered,1
ee7e4ba9-bc01-44e0-9e3e-76a6d1c12778,9461b664-b4df-4b4e-aeea-1d89e5e2e883,2025-11-09,Delivered,1
6d27e7db-c799-49d3-b28c-76e500dd6057,2272dd36-4166-4b43-a7b8-6c5bc753765c,2025-03-25,Delivered,1
fc514bd0-9a56-4ce1-b74d-148f802b5eb5,17280f73-4596-45a3-9dd3-6103d1809018,2025-12-11,Delayed,2
5901a5cb-40ea-40a9-bb1f-67d2e28dd90f,2484980c-cac7-43d2-94a6-fa73d7458caa,2025-06-28,Delivered,2
6a113491-5bbf-4bfc-8c55-843100b580dc,c9e11ed3-8932-4eb1-9e0e-f0b028b2b8fb,2025-02-20,Delayed,3
e6db6330-c7d3-43ad-8055-1a7db22b4aee,9dfae398-0c4f-4ccc-a8d2-fef960e57991,2025-02-25,Delivered,2
7ed18295-0770-4c04-bf0c-65f1f07572c3,3127535d-c9eb-4fd6-a814-4c9e2a6d6f56,2025-04-02,Delivered,2
ee30db31-65ff-4214-aa05-8a0edf5be496,39b6d3c2-8371-47cf-aa6d-0bdb346ac8ca,2025-07-23,Delayed,1
e794b5b6-dd9b-47de-8731-a1052b8f15f5,64dca07a-b025-4efd-a64c-4b84046208bb,2026-01-08,Delayed,2
3f12deb6-4637-4d6b-b92b-18cbd6320e0b,b873954f-d368-4efa-8bef-0b5628b7b249,2025-02-11,Delayed,4
e854bf71-82f6-4a15-bb1a-507bb410a206,907f8b5b-e8ae-49cf-b185-30198a68e75f,2025-07-10,Delivered,1
63254581-d5a7-48c0-b1c5-ba3f8d5f63c8,1a864887-74f2-49ce-afa3-f2f6dfc0d7bb,2025-11-16,Delivered,2
5c61952c-b3ec-41db-9ccc-5b936e6d9273,5aab4347-6ae5-4360-bb3a-bf1416a9b20d,2025-09-01,Delivered,2
b9aa5bca-0bb3-4523-a547-53abf6038196,9627a150-e52a-43aa-90f3-3ae7df65bcb9,2026-01-15,Delivered,1
c6f64108-0e53-442f-8356-54d35665221e,ab468d52-7f30-4dfb-b06f-f56bcbe0551a,2025-05-08,Delivered,2
5ba6f5e7-3e2c-4ca0-aeec-3dbf62a5a5f1,a487dc26-31ba-4d3b-b8b7-c8da9c34d18e,2025-11-08,Delivered,2
92c30ce7-b4b7-4bfe-81bf-759da581b715,39d41a37-2891-42b5-b73d-e91ff75dcb49,2025-05-01,Delivered,2
a20372aa-e787-4bc7-8a96-2e9530beae3d,b858f56a-e0ed-446f-bde1-ebacfb8768b7,2025-05-12,Delivered,2
2ab646ba-6e8c-43ed-9321-3549b10be743,89d580a1-20c8-41f4-ae20-6f0e4f1e8e1b,2026-03-28,Delayed,3
a3e1f04e-5374-4ffd-84c1-83fd27cadd02,eee41242-3a12-49aa-9c8e-c56b8da5e115,2026-02-03,Delivered,1
29a76007-c595-46ba-96a4-1cd059935d32,e1a0971d-129e-47d1-8e13-dbbf110c72ec,2026-02-06,Delayed,3
434cd305-5ebd-41fa-8a2a-cb127294cdc5,eced6770-c32b-40af-9aec-43cc542792e0,2025-09-15,Delivered,1
81480f80-a260-4175-af0a-2f9210f7c3f8,6c19fd5d-142a-46e5-9b37-4021ac96dfb0,2025-09-25,Delivered,1
1019813e-dc65-437e-8245-dc7e93f25b77,cb9aecca-fc8a-4718-a23b-a3f3451bc178,2025-10-15,Delivered,1
5c16e7a3-ba3e-4568-bee6-8e80cfc3812b,b479b5d7-d1e3-44bd-9099-e19ed032f85c,2026-03-24,Delayed,2
5b233237-21cb-4846-b595-1768d4733aaf,4e6a1c43-33a9-407b-8bf3-51846a42d76f,2025-10-11,Delivered,2
a50aeeea-9e26-4174-bc9b-0699e5e74d95,373c1b04-95ae-47e0-a22d-182d3496eaf1,2025-11-16,Delivered,1
296b950e-da87-4b09-ac43-29e98d4fcb3a,f09c21a4-de67-4b6a-93b5-4c49b7476fa7,2026-01-05,Delivered,2
6e5360b7-f774-480d-9052-8e511a53cc93,66a8d889-29dc-4ae8-a125-b1a15ec00b87,2026-02-23,Delivered,1
04a83d2c-92d6-4144-9609-18db6a74fc6a,73500f14-26cf-431c-ab5e-51a991215276,2025-10-29,Delivered,1
774e430d-af8a-4f38-97b1-061afff84ab9,5024f114-0795-4584-ac17-3aa9751dc755,2025-09-14,Delayed,2
a577b95b-cee1-4f56-a3c4-29b662caf9f9,614d0409-b7b3-4a9f-b621-95dd29cb6718,2025-02-10,Delayed,4
c16205e7-e3bd-4bd1-b9cb-2f4b4fd396e4,9549db54-c96c-4f65-8094-41c2ad44e951,2026-02-05,Delivered,1
c943b36d-a21f-4211-be74-27773988502e,cc587e2f-6cc9-4cb6-943c-6bad540f9522,2025-03-06,Delivered,2
90db9c76-00a8-42e3-b255-5f1ede675ab6,651762ce-4138-4db7-a084-1cf271caed0a,2025-02-15,Delivered,1
2c1fdb8f-f7d8-475d-8240-8e300f959b54,b3a491d9-3f57-4122-9434-3c4f3857f68c,2026-02-12,Delayed,2
77bf1175-9db1-4b03-a76b-866740e9954f,1fce7956-6e8e-4cd0-9467-56a54b06323c,2026-03-08,Delivered,2
1ceae638-b791-439e-83a1-e61a03c53598,719a71d8-a56d-4f37-8a1c-53ae554965f8,2026-03-31,Delayed,4
0790b232-d21c-4955-a45a-6f56728641e0,e0be74a7-fb77-4a7f-b237-b0648bc09283,2026-02-22,Delivered,2
11d4e947-35fc-4b62-82f9-38a9001bddf3,1e6cc04a-bdaa-421f-85fb-f90ad37fdfe0,2026-01-31,Delivered,2
143ef652-d07d-4e79-a79e-f8491f2db94d,8348d51f-e644-4b0f-9d1e-88d33caa623b,2025-03-08,Delivered,2
87405926-a80b-4d55-8ca1-e5c064323570,a428cac8-ba1b-4059-bf83-e7b29f42845c,2026-03-03,Delivered,2
42a39e1c-54d2-4fbf-aa28-a76b658ac867,2913db1c-a192-4ac0-b1ae-3cb67031f6e7,2025-08-08,Delivered,2
f8039d54-4356-4e08-bbfa-4ac8c616b4f1,3a4b8c9a-c403-4f9a-b5fa-1cda26a871b4,2026-04-01,Delivered,2
6c4a4c4e-8776-4600-8bb7-082863bc5196,3100cf86-39da-448b-a11e-5f2ca3f916fd,2025-03-17,Delivered,1
63caada4-1c25-457c-80f3-c9f6fd72ae20,8563d0d1-6464-4e4c-a58c-2ae55a54834c,2025-07-24,Delivered,1
96a0d36e-f9a8-4cd3-af5c-01089a12ddf5,5bc05b06-b670-4439-8d07-6db99babf6da,2025-03-26,Delivered,2
029d2c69-404c-41d0-ad0b-43b76993e513,61f3bc69-08fa-441e-9241-23ca117616d5,2025-02-27,Delivered,2
be4b9794-a73b-4efa-b93d-92a1f970472a,347dbb7a-4e4e-4000-9e9f-ddf7a9129d69,2025-03-04,Delayed,4
c5948dc2-0a07-4782-94a5-28d4cbaac954,84445898-0787-427c-b1a4-5fcc72006faa,2026-03-29,Delivered,1
86e4953a-491f-4a5c-b896-e03db83be9a3,2eefa0df-aff1-45c4-942e-b6f20576d9a5,2025-11-27,Delivered,2
5baa7d34-bc27-43ed-812b-214b5ac8b3ee,cb3a6700-55c0-4408-a5d0-fcdbfa293e1d,2025-10-29,Delivered,2
e7aa7c28-9f34-4303-a1b5-f00ebe23b239,74f79813-5d08-43e1-b48c-8b80c25702b7,2025-12-17,Delayed,3
94d07348-4f46-4635-82b7-57ba7d9949ce,a6ee5e63-871c-40be-b2cb-94f38a8089e0,2025-06-28,Delivered,2
7e738668-8927-4bb5-a6a3-9bf0c9ab082f,a8c997d4-0c7a-4d5d-bf78-c1bbeadf65f1,2026-02-25,Delayed,3
1de8bf36-87d6-44cd-9c56-2b427122725c,5a1c383e-0b24-4524-b879-4ea1d752aeb2,2025-09-26,Delivered,1
fc6ee108-a654-40bf-9be7-d4767bd509b1,843d2cec-81c7-45c7-a6e9-bf6a8ff36d80,2025-05-14,Delivered,2
06db6663-0453-401a-bd85-5f871e0b94bb,aefe6847-d56f-4f71-b318-a4901a8dea40,2026-02-27,Delivered,2
7695c4f3-7675-4976-a5cd-6ddcd912ee5d,e0f81bcb-2e2a-4824-9872-d48c12ea0ab2,2026-04-08,Delivered,1
77f95dec-b30b-4aaf-b9e8-b9def1ba6806,ee8fc8de-dbac-4b31-bd46-8d3a5906b866,2026-03-02,Delayed,3
f40ab639-96aa-41bb-8ac2-e271a196773d,3a5944b4-a832-4191-8c2d-afcf7494c958,2025-10-24,Delivered,2
885f42d5-9440-4195-8cf7-0b4a7a058602,e3cba780-7f81-4da7-94d8-189aaebfabee,2025-11-08,Delivered,2
5836585c-b8af-40c3-9a4d-085c880a1411,f8ab38c7-7cba-40ed-83cf-450d48ba26de,2026-01-10,Delivered,2
1c7fcaeb-1b02-4124-b811-2b74f2daf4cc,10fbe524-6edf-4903-aff1-0e0a51f3b8cd,2025-03-27,Delivered,2
cb87302b-a2e1-4ff8-a32d-194a9bf544e3,afd1d358-d4b3-4287-8b9e-afde5c446fe0,2025-10-04,Delivered,1
4457cf2c-2626-4f0c-bfee-f76fe6bc5e90,b1e96a15-8638-4681-9050-bc259ec2ff2a,2025-12-30,Delivered,2
4de972cc-4cf7-4afb-a43c-f2ae3eda68e1,a678181f-7764-4d8a-9a9f-4ee0d5841373,2025-05-04,Delayed,2
2c395a08-6049-423d-a38c-7e0fb11121e2,2ae94da6-1517-40b5-bc6d-bc7d7c6bfe74,2025-07-23,Delivered,1
44ed9209-b9dc-41b4-81cb-64c31945dfb7,6ecc3b99-5fc6-4711-827e-a3a487101c16,2025-08-13,Delivered,2
0f34f6f7-d54d-4d04-9554-7ec77c1f5350,51fe5932-d56a-447e-9cf8-2f2ed3eeeebc,2025-05-03,Delayed,1
4000fba2-febd-4488-a451-fe3ca3bf24fe,1069802b-b7ab-4f44-a583-d92b52d81cfa,2025-11-01,Delayed,3
aea9842f-3134-496e-a187-e43ddcc676d5,2272605d-0e41-421a-851d-045b4df21180,2025-01-30,Delivered,1
dd1c4c98-0d21-48d7-ade7-2ca5401496ae,f4f25062-e035-4e1a-ab18-0cc25e063361,2025-07-04,Delivered,1
9c668b59-8439-424f-a9a3-bc3df1c1cb4d,64c0f183-40db-425c-9671-b9e34961283f,2025-11-03,Delayed,2
3d956bd6-74dd-41f9-bf0c-2ea577b18cf2,3787f63c-0ce8-423e-8ab4-91eb039f3599,2025-07-23,Delivered,2
e2f1d1e1-f1ab-485a-8890-5ca8c22419c0,43344d8c-3520-4f41-9e9a-b89c1860466a,2025-08-11,Delivered,2
a9a645bb-d4e7-4f02-88b5-a0647139f7c8,51aaa8f2-62be-48e4-b604-d75b58873cf3,2025-03-31,Delayed,4
62d0989b-498b-4995-8c08-aa59dfb66018,a7f93a19-d600-49c9-9185-4f7657b2b6a7,2025-09-10,Delivered,1
e31a4944-b0aa-42be-9c29-69f32a86c831,a6a00b02-709d-49ef-b0bd-2e847a666cbc,2025-06-01,Delivered,2
2bf351e4-9aaf-47ae-acc4-7d1d77b267d9,c9d12fcf-0677-4e47-836a-f32b5015469f,2025-07-15,Delivered,2
2ffe7740-4f83-4d28-8673-fedbf197a8b0,340218f6-44ec-4a4f-ad63-1525460224e3,2026-04-21,Delivered,2
33d80de3-02a4-4d34-9637-f7e3fecf8363,16ccb352-d8ae-4c15-b58e-842be8e932ad,2026-04-11,Delivered,2
8198fcb1-0db4-4b2c-ba3a-87447401cf9a,6a63bf19-ebbc-4aa2-8980-44a4ae5bf19e,2025-09-24,Delivered,2
a1ea5727-cfeb-4ea9-a97e-16025b07dd3d,ae36837c-3de4-41a3-8ed1-ec379a22b198,2025-10-16,Delivered,2
fcfafbd6-943f-4856-b919-72b0ed90d327,32c3e8db-72fd-4130-9893-24ee889a37ff,2025-02-02,Delivered,1
7432bb1f-0bcf-41c2-b79b-69e7be0010f5,c5bfcc29-37c7-4c45-bfec-07780fd6d79b,2025-11-27,Delivered,2
6f06fc60-9eb2-4ca6-b56f-1919240b0293,7582b5b3-5bff-4d0b-85f9-3765898a9cdb,2025-01-20,Delivered,1
0e5eacdd-d2fc-4c64-8ad9-a48ebfed2bfd,7783c03a-4a7a-45d3-9ede-fe9d67d16d25,2025-03-25,Delivered,1
5d674896-2eb4-4452-b623-91aeea8b4a1b,7d109b75-fb9c-4a2a-8583-02393fb6679b,2025-12-17,Delivered,2
38557988-bb00-4236-b0af-b686dc9b2c09,76c58948-2637-4077-bc82-4fef914ae9dd,2025-04-15,Delayed,3
25737b9f-d6c4-442a-a065-b3d7d2d02180,24281a31-1a34-4ac0-bca2-cc136d48e593,2025-01-18,Delivered,1
6ac87219-a2c7-499a-a4c9-ff304b4ee1f7,423efce5-6369-4df4-9ffd-dbd6cb2afde5,2025-08-06,Delivered,2
71339724-4338-446d-8ce3-e619628215df,1d655610-be0c-49c0-a4de-11d05c26da22,2025-10-04,Delivered,1
1be591cf-93bf-4139-88c0-191429c72dc1,9b9dfed5-02d1-4d8e-a106-543d90f82441,2025-12-22,Delivered,1
81c6dc99-a644-4837-898c-9504d99f1490,289bbd62-347e-488e-bf0a-9a2fcd82e1c4,2025-03-31,Delivered,1
3bfa5678-5cc2-4326-b9c2-88ebba509eea,a472c4d7-3f7e-4299-b024-cf0503da06dc,2025-02-27,Delivered,2
e27c162e-a9b8-4c2e-9c0c-03f609f6698b,7287f3b9-c287-4d02-ab9a-63f09c84a041,2025-11-17,Delivered,2
08a566a6-d39f-464c-8182-eb900e27cc90,01a4b84a-af3a-4d9f-bc05-fd5ad6ffd402,2025-02-17,Delivered,2
d96c1062-2213-4ece-b66d-038bed69d2a0,2698cab5-6bb3-4dd8-95be-e69ec86addb9,2025-02-16,Delivered,2
8f2e1dfe-0ff1-4e56-9cff-80293a1eb532,5d9aaf82-5ab4-4a69-a0ce-5d92a4f8fe32,2025-02-18,Delivered,2
d31d8afe-cd44-48c4-ad42-c0cf4e56be63,aeb1f77f-0b7b-4d80-94ba-5c0f37604787,2025-09-09,Delayed,1
44e6a20a-8a18-48a8-b25c-2d9359f7d175,9be6425a-827c-40be-b8fc-57b7f1311cb6,2026-01-17,Delivered,1
223bcd96-d1b9-438a-84dc-1e7cb5f8a145,ab049ded-4216-474c-96f8-527f87fb24aa,2025-03-26,Delivered,2
2c5d86ce-4855-4398-82ae-a435666f4b72,0d8e65c9-f178-4001-b606-8251f3cf495c,2025-09-09,Delayed,2
a9eb3bd4-1d7d-4314-bf41-636b98ea8fcb,36e3decc-7d46-4fa3-9a05-f9c38562e443,2025-04-22,Delivered,1
ddb395ba-ab4b-44d7-b634-c5300e2054c0,4331ecf9-e8dd-4924-a252-4c0ae58903c0,2025-03-04,Delayed,3
99628488-688b-44cb-9595-6efc5f2ade80,f4790b33-706f-4ad7-8a70-481a569cb95f,2025-09-14,Delayed,2
86c08a18-f8cf-458f-b776-9a5215eeb8ff,364ba1dc-3458-4929-a4dc-91aa6328cac3,2025-05-26,Delayed,3
72582131-c84f-428a-b390-3045e70b30e7,57cafb5f-e623-4aad-bbf1-350da45602a8,2025-07-23,Delayed,1
b83ea774-b4bc-48ed-a837-18d19298b301,95d55fe1-94c0-4e76-b8ec-44abad121a84,2026-03-16,Delayed,4
45a976c0-f125-42bd-9ca4-0a1f16bdd0a9,f071a6ee-87b2-469b-8eb9-9443ba5c5b71,2026-02-20,Delivered,2
5311849d-13fd-4058-bbcb-c62377ae8fba,5c83628a-0a13-4f88-a50c-d3ff2d8e55fd,2025-01-19,Delivered,1
d2a4dee6-a9b7-447f-a642-068399ef932a,5c8a529d-6fbb-4c48-a49c-e2331b8d3570,2025-10-26,Delivered,1
37a9e617-8499-4905-9d92-c3fc43d572f9,f4b29620-2fff-4ce6-8296-2fb4a5ceccc1,2025-06-14,Delivered,1
508e72a9-1864-4932-a02a-258ce8c04024,afc5bba6-ad32-49d5-88f7-423b8004aeb9,2026-04-23,Delayed,1
cc226292-aedd-4052-9d37-63af72f76914,1ba88cc6-4675-466c-9a25-4288b8595675,2025-10-15,Delivered,2
72a8c7e9-962c-4d11-8a6d-af7465b51fc9,0a67c063-8980-4470-92e4-59109a470b4b,2025-12-11,Delivered,2
3a92f01e-a121-43b7-b974-e7d1fac5ee53,c2d05631-cab7-45f4-8ed0-00e85d36aa3e,2025-05-12,Delivered,1
7351cd5e-3f8a-4281-9f5f-86ba66d90490,58cda2c8-705f-4b3a-99db-3ccb846193e3,2025-03-16,Delayed,3
bee2f197-f746-4d3b-b65f-f685f9734d4e,53580b83-c119-4192-8ea8-f598a8f95ffb,2026-03-17,Delayed,3
430866d1-419b-429e-93da-285306b02850,2d1071ce-8df2-4bcb-8397-e22cd6bd6d59,2025-11-09,Delivered,2
f4e732ab-98d5-40c8-a007-c6c9c4118195,577489a3-3027-47c8-aa7b-1dcb96a86641,2025-03-31,Delivered,2
943f8d56-29e8-43b7-9838-eae876f3c58e,7cac133c-2bc7-4746-b767-72e5fbe222df,2025-11-24,Delivered,1
d5a8768e-da23-4c2b-815c-019937edc6e4,92a61628-81f6-49fe-a2b7-fb79196db9b5,2025-11-08,Delivered,2
1bea7056-3414-4fe1-8c2c-55baf7377aba,88075537-cf2c-4172-8f1a-c725de8416df,2025-02-01,Delivered,2
6354a6fd-e46b-4aa0-b507-a4f4abebf792,98a6d8d1-224f-49ee-a86e-c6f918244dd4,2025-03-14,Delayed,3
c9ec3afa-3aac-46d4-98cf-4189fc4f9096,5ddfc8f0-e18e-4df5-bd70-1d2fde45a874,2025-11-26,Delivered,2
ee947b86-364d-4e37-8745-42d4a53fd5ad,2e9d4609-6978-43fb-8e7c-a09df03a6d7b,2025-04-27,Delivered,2
2a76cab0-fada-44b8-8ddf-50f036a1de31,24b15c53-2ae7-4b36-904b-897ca804da66,2025-07-29,Delivered,2
9c06fe99-ebb8-4283-a985-66eeef0d201e,f8b64e84-574e-4e86-9421-1147e18baa78,2025-06-10,Delivered,1
e966605e-519e-4ab4-b170-153c7acc737c,b5f52409-144a-4028-827d-67c0629c05f9,2025-03-15,Delivered,1
2e1d46d7-23ec-4717-ac41-b6ab9b6bb030,63c86cb6-a896-4869-80f4-eac21859b886,2025-06-23,Delivered,2
3712e40a-6b6e-42aa-924f-ce1e3d5a4a80,339a83f8-6fd4-4285-afac-439e76d9a566,2025-03-30,Delivered,2
ccf46008-3e61-434f-b504-9bd18d65242e,40d7d78a-de23-4906-a9c3-f5415943f075,2025-01-29,Delivered,1
7ee0ded6-8585-4349-b0d3-b9e40dcbcfaf,64f64f91-5b09-44b3-9422-2efed5e258d7,2025-10-27,Delayed,3
577664be-1b0a-4cbd-924a-1206c52ad951,ec5e3b06-a7bc-4c92-a9b3-e8de59cc15db,2025-08-25,Delayed,2
8a389dd3-67f3-48ea-af3e-385aabf78516,8aad5306-9954-47ac-95b7-0eabe20ed2f4,2026-03-28,Delayed,1
f26f081f-7ba1-4fe3-93cf-48b9e8dacceb,b658e801-9459-4948-894d-95cdd76778c8,2026-03-13,Delivered,2
1b7e0895-44f5-4eae-82fa-537141f7fa54,d5ff8ed1-5137-49eb-ae2d-8b2e4e696e67,2025-08-31,Delivered,2
1c865077-5440-407e-9299-fd41c353c9d0,64a10f06-a14d-4200-95f6-1f055e444b58,2025-12-30,Delivered,2
3973aa56-3d12-437a-a9b4-5e9f6670abf8,277616d8-76fd-496f-a74c-7003101576f7,2026-02-12,Delivered,1
ae1fb85b-5666-44d9-a3ce-1b2572973d92,4059caab-d97b-4f68-a254-fccd133c124f,2025-11-28,Delivered,1
b694c6b1-092f-4dbf-b3a5-28ddbeceb25b,cc5cb161-223f-4df5-aff9-3e169a687067,2025-04-14,Delivered,1
22609794-ebb7-4f3c-8b1d-a5c9a3dc174e,d5259752-dbd9-4e3e-a434-a9bfa4c9756e,2025-01-18,Delayed,3
70d21d8c-4d14-415f-ae96-eb6a2ffb5971,0a43ba9f-9b50-42de-954b-9ef403e0f7fd,2025-10-02,Delayed,4
a407dd73-4efb-4796-bc7a-e55b90749a9f,62dba954-8eeb-4237-8c8c-471d9426f7e4,2025-12-11,Delivered,1
8a1ccd06-372a-433f-91a7-bbec9567cbc8,4d546112-5e5a-42cf-b0c7-36e9697853f1,2025-11-01,Delivered,1
d23e2663-dc88-4d0e-95d0-8d59ab6d04b9,990b796a-7eda-4e4a-b125-8ec0e4c6cf76,2025-10-30,Delayed,4
ea704908-d880-4e5f-91e4-9623a71155f1,a9e87bf0-eda5-4a44-929e-6170d627be20,2025-03-23,Delayed,4
4b617e92-cec7-4845-9b09-f826dc3c7714,f9b02e47-5e29-4769-b5ec-441921b00108,2026-01-25,Delivered,2
bc972cbd-c4cb-45e0-a754-9c6b7215babc,8bd6a924-dd43-4837-a688-13be86a0eda6,2025-09-03,Delivered,2
c500af7d-beb0-4f3c-beca-f52af48762ed,a80da5e3-0ff4-4273-9e17-6b1b760ee5f9,2026-03-28,Delivered,2
d427c56a-d55b-46cd-916c-d833a6545346,0767a6b0-734b-4320-89a0-3e196a321f6c,2025-07-17,Delivered,1
adcf258d-df76-423f-8bb7-b2317f0e98ab,9341414a-eb78-4f41-a62b-131cde8beadf,2026-02-11,Delivered,2
d8482805-d94e-4288-a9d1-c75ba0964b8f,38de23c3-5398-4cd2-912d-98f7c5e76e13,2025-12-09,Delivered,1
0824865d-b8e8-412d-8e1c-7340c72d5d3e,ff214274-d09d-43cb-b87e-7987fa1f6f24,2026-03-31,Delayed,1
b6b3b822-7e60-45e6-84fa-cfa9297d7961,537ee8de-9ea5-4c01-8ebc-19b25c87b1c7,2025-02-07,Delivered,1
8155cec2-3a7f-439e-9b22-3f8a843d2cb6,94223837-beac-4912-973b-03e0d7d6da4a,2025-11-11,Delivered,2
62fa72f2-c53a-4546-9f82-54af91dd42e2,4be6286e-a56a-4e23-bbee-8d64d54fbf9b,2025-04-04,Delivered,2
25dbd01a-c373-430a-9849-1f93d958cba4,b317bcb4-8df1-4098-a741-89df6a980211,2026-02-01,Delivered,2
22f8cd49-c2e7-4931-af53-522843a3ca1c,e103d317-d6af-49b1-afdd-2bc4a4b7c865,2025-04-21,Delivered,1
6f1e9fbb-6986-414d-9ad3-2017330f26a3,a7b138ba-6269-45e9-b849-e873de4fb434,2025-06-14,Delivered,1
5ce1a4e3-4c8e-4c58-b092-431c06f9bb1a,3a594df3-79aa-44b5-bbd0-31a39d23df9a,2026-04-11,Delivered,1
76308989-069f-454e-b8fd-18c0b254daa8,eaab18d9-03c1-4b65-a4d9-76fbe8311b55,2025-02-12,Delivered,1
e98e7110-f09a-44b1-bd1a-067fe79a53d5,f6900751-421a-4762-8f01-41263d085ee7,2025-08-19,Delivered,1
30c72db9-9c29-426f-9f92-445ef77a97ab,24ca0d8e-37ad-4f61-b5d6-ee6caf9b4e8c,2025-02-11,Delivered,1
1f7b4bad-a610-44a5-a3ca-9ae2a735467f,3b03f91e-0978-4812-ad96-e31633e1109e,2026-01-09,Delivered,1
19171944-40c4-404d-b671-ddc93f9ac361,f966b506-0126-4d71-8e77-7fd70ab56fbf,2025-09-22,Delivered,1
ada962a3-50b3-45b1-98cf-a96d7dc3862f,fe7a6a6b-3e20-4e95-ae15-b2f1df7ab01e,2025-10-05,Delayed,4
56c11ecb-f959-4fb1-8e1a-5607429d9d1e,0cea4557-db15-4a4e-b6cb-feeefc291eb8,2025-07-14,Delivered,2
6c52f100-92fc-4274-b95b-551db754f0e2,3d69f80f-1e6c-48a6-a2e4-3b92afaf80b9,2025-05-25,Delivered,1
4234254a-a7f4-4cd9-9d1e-81333a3f7dfc,92f9662d-bac0-4ae2-8521-58e6e61eb89d,2025-05-04,Delivered,2
ccbd016a-582c-4493-bfb9-ac2a424e8785,30fa20fb-cdb6-4d28-bec0-9515dc8e9880,2025-09-09,Delivered,1
e00b60d2-1faf-4774-b254-1ab9ffe3830a,573b515f-1445-4a7e-8b9d-b26f70d64620,2026-03-28,Delivered,2
a13e68d6-a02f-4c3c-a964-bec5394ed247,04f95f19-f1e2-47d8-81f9-fb842f33eaff,2025-03-25,Delivered,1
76fb81dd-011f-408f-b424-63ee0504712f,91ad8e46-835a-49d5-8b28-7ced68585460,2025-05-18,Delivered,2
d826e9b2-8253-4cea-8d43-721085d64410,e6574f5f-0046-42f1-9521-e5c7344dda7d,2025-12-05,Delivered,1
96261984-bf58-49cf-a6de-41a7dce3ff14,898a53fb-c792-4c4f-9a89-99e334d08ccb,2025-08-07,Delivered,1
2ed5c612-1ab3-48f8-97ab-958fa441e2c2,4c2b8aa1-61c5-461a-a1f1-0dd8c0de96ad,2026-02-01,Delivered,2
6e5a40e5-b2ba-41db-bea5-c2f38d6129cb,45dbb889-0563-43c8-9fa8-4d257e62b872,2025-03-02,Delivered,2
b214c8cd-c430-4879-ac96-86f88913911f,98817d92-78a3-4156-b5bc-564dfeb58617,2025-01-08,Delivered,1
d16e2ff5-3186-4873-95c8-952bd4f6c5ab,d2d80641-7733-412d-8ac0-591cf23adffd,2025-02-04,Delivered,2
f28ccc99-75d2-47b1-8d8e-6e83e27d2526,a8024ac5-d0cc-4c1a-9119-95c36e55e6f6,2025-08-26,Delayed,1
14f780ef-c35b-4741-bfbb-348d34f0845e,fac0aebb-2a19-4753-8e43-a99f9ef687af,2026-01-09,Delayed,1
9af53d8f-5d1a-4a14-8707-1ea47b5d6e6a,d00b1770-c10e-42f1-b6f8-9257fb23ae8c,2025-08-16,Delayed,1
84872fad-e6de-48c6-9f02-06fb361905c9,4766e71b-bb33-4469-b95d-0b0d99a69ba5,2025-10-11,Delayed,1
66979ef3-8efe-4e94-99be-b3061216b7b8,36b35d2a-f4d8-4da6-a598-97b501a277b5,2025-06-04,Delivered,2
8bb75981-0876-4973-a312-125b4d3b1b5b,3fb7af1a-3e3f-4816-aa34-2793d3c3cb6f,2026-04-07,Delivered,1
e2b12b82-f95a-4cb1-bfee-540fb50fcf0b,f842d4cb-6cf6-45c5-81cc-76ced3a8d559,2026-03-08,Delivered,1
eeba7863-13a7-4d97-afc0-611648da39ba,46a25dd1-8fdd-42f1-ac26-149c8d605242,2025-07-05,Delayed,1
e86b2230-ac8a-4d82-9c0b-56fb04b691b7,f9a62edb-d31d-4ac5-864a-87fb22d5c554,2025-03-21,Delayed,2
4f22a63c-b9d1-4c73-b047-4456a3198bfc,735b246f-be64-4838-a42a-fc3e0a22d95a,2026-04-02,Delivered,1
4bd48fda-5b09-4e58-a569-af969cab9c76,955ab6ef-c470-4a3c-8b2a-e36ab9333082,2025-06-06,Delayed,4
25286670-7622-4a1a-88bd-21b46a9e5cc6,f87f76d8-ef4a-4628-a9a7-021da2f0325c,2025-02-26,Delivered,1
d9b6eb51-4082-44ef-a996-5c7915852742,14e9b0d0-d4b5-4bcf-acce-19535aada62a,2025-09-24,Delivered,2
6d588a4a-5a2b-4cad-84dc-06c5a3b50c7b,04100d00-39a0-4ef9-9d6d-9d97d9bb20b2,2025-07-31,Delivered,2
914d2a19-0151-4f0b-a515-01cb6d78291f,67f6b33b-e48b-40f9-8055-9adc0019e9a2,2026-01-19,Delivered,1
1d6200a8-c340-4e02-85a8-6e37aaafddd1,93e888c6-376d-484c-88cf-7964414ff176,2026-03-29,Delivered,1
4e3b2ad9-3805-48e6-925a-ba8b4886fcfb,7ce5059d-2204-4cce-a3b6-a2aff0b08e12,2025-09-02,Delayed,2
9d9b4707-b5cd-43cb-8086-d87dd7aa125b,3e7f7573-3e26-4acd-9ea0-6429787851bf,2026-02-03,Delivered,2
756993ea-b36e-468e-be2e-427f03c8f90f,243944c4-641f-42b4-a4fa-51b3bd8f8338,2025-04-28,Delayed,3
ba05b3da-ba7d-48e1-a566-8155c6eef538,31e2b128-05ec-4982-af52-3e3b77798eaa,2025-05-07,Delayed,2
a988bc58-1a9b-48ec-8a55-1b14a17d8029,93db8191-2760-440b-9a96-d1ef31cf240e,2025-06-10,Delivered,2
c3e29259-b62f-4941-b241-490a2dd69fd3,155e8a56-6cd2-489e-aec1-4e40f8efddab,2025-09-03,Delivered,1
3cc3ccd2-554e-4ff9-a117-d61abfde8387,3cd01739-6771-4707-ad78-8d224b6fd159,2025-11-01,Delayed,4
162c8ae0-5a4e-4b6b-b52e-05eb3a649687,a21500ef-a2b4-4df6-acda-44423d0dff60,2025-09-12,Delivered,1
0b1577f7-3dae-4cb7-ac25-e4ade2743d49,e396b0d0-2872-4fc6-b28f-163909dfa3d3,2026-01-03,Delivered,1
1dcbd27c-5ef3-457d-ae0d-288c99ca02a5,155f1bfc-0300-454f-979e-bb7d445ba6f1,2026-03-12,Delivered,2
b57645ca-f61f-491e-ab6e-15af93d30ec5,05d056df-d274-4540-9226-25087c6f3299,2025-12-19,Delivered,1
a7ae112a-63c2-4c47-900f-f76a95944eba,0fe99180-bd08-42c5-aa51-ac538708b41d,2025-08-08,Delivered,1
905343aa-5c58-4b73-8359-e6c88eaf8f2b,4404be0a-d91c-4f14-8095-9b0c5e903c8f,2025-11-15,Delivered,2
938d0b24-452a-4e95-8983-bfba9edfa114,0267f682-3125-4f37-8efc-75de2cb71f18,2025-08-19,Delivered,1
af1d6f7e-ff19-45cd-a73d-1c5cecd71de7,373609d0-b6f4-4d58-9031-c1272cb25ab5,2026-04-10,Delivered,1
4b4eb999-dcc2-43df-91ee-71b86cc595b0,9d79a3d0-cfd1-496d-803a-4ff88b55ba5b,2025-04-06,Delayed,1
856ee71e-5d28-426c-bc87-6e87e246f185,e76648b7-c086-4b32-85f6-590d9384ae7b,2025-03-30,Delivered,1
4d46e56b-5095-4404-aacb-5829d856b9bb,08c9ba8f-19d5-4cb8-87a0-cf87e8a12773,2025-04-25,Delivered,2
f4862f91-26bf-4ac5-a37e-7f3a9f3b0ceb,ddeb503e-dee8-4313-b766-dbcc017bfe85,2025-03-16,Delivered,2
00b038c3-557a-496a-9982-a2650889f984,465e033d-d195-43c1-ae0c-bbe37b8a4ade,2025-08-07,Delivered,2
1550c4ec-d227-4f20-b5df-c34f77153813,78b7bfa8-05e5-482d-b940-1a3fc1b1f325,2025-06-08,Delivered,2
f8776532-8d20-4461-b784-a34ca1f2c634,3c7653e4-136c-4c59-97c3-43684162c0a5,2025-06-16,Delivered,2
a58761aa-12a7-464a-942a-4129829b4606,fe8cde93-048a-4696-8db3-4a768e15c46c,2025-10-19,Delivered,1
69c92943-af98-4b5f-9d15-0f406584e2df,9198f094-1690-4156-a9eb-2a1600f68f3c,2025-05-07,Delivered,2
fd139718-ffbc-4185-b827-3193817684cd,12d1c3ff-a19e-4a04-a101-7466c1159363,2025-07-10,Delayed,1
f2ba6ad4-853b-4dd1-93f2-4cc09d4ef2f6,c09ee167-d8c4-41fd-a0ad-519982eaffc7,2025-04-06,Delayed,1
76772497-0de4-4d82-a580-f4ec82b4a37e,6e868dae-6dcc-4850-b09f-95b67bdeac50,2026-03-30,Delayed,3
bea0b518-a9ee-4cca-b8e8-6cbcde4629b7,83af15f0-8ac6-49d1-8c51-fe5fab8be51a,2026-01-15,Delayed,2
5f9e01f7-7a82-4043-958b-e8670f38d3c1,a6dc5087-9952-48c4-b27a-189e679d2d4e,2025-12-30,Delivered,2
b67471d6-0dcf-48d7-9b58-1aa4df478c42,33dbdbd5-dfed-441f-81cd-e540fe1272ff,2026-01-11,Delayed,2
3af8cee9-304c-4e62-b81d-2603d4702372,46486db7-3166-400d-92b0-10777905ba50,2025-07-23,Delivered,2
255b7bef-9004-4f7e-8a2f-968ce6bf1293,95069d04-745d-4dee-875d-b18f56bbb8e2,2026-03-14,Delivered,2
ff8530f5-96f5-415f-9e6c-39bad83495e1,b0a9fd57-eadc-4280-a270-afc4dbaea3bc,2025-03-30,Delivered,2
4071b5a1-074a-4c35-bbc9-545128153bff,5c2c8176-ccd5-4f68-86e5-cffdd2e79b49,2025-10-02,Delivered,1
59902c6e-c6be-4529-9041-5de5ad92334f,acab6538-b28e-4664-b8d6-1ab3cd49bb50,2025-09-06,Delayed,2
7f80d416-3d16-4404-95a6-72a29faa2ec5,c0a22258-54c9-4ed8-a8b1-8b63e40129d2,2026-04-11,Delayed,3
6eb44872-2f9f-4317-aad6-67426534122f,f3fe49d3-6144-4ef2-b523-08e7dfac5d27,2026-02-13,Delivered,2
885c3371-9cd7-48e5-9a4a-ca756c633c72,70e0ba3c-d2a9-42d0-9bc9-1ca4ce66cf21,2025-11-15,Delivered,2
f3b9163f-cd1e-469c-8a33-143871203b44,cd7ef617-3bcc-41eb-be29-b75783b21df2,2025-10-11,Delayed,3
e4dce5bb-9a7b-4e50-b5db-8c51f565954d,aec9c75d-bd62-40f9-b4c0-05bdf6d913c2,2025-06-16,Delivered,2
eaf4f509-4c3b-4801-9921-3c1bb60d3afb,d5ffeb5f-aba2-49a4-831f-e4bffcc84a38,2025-12-27,Delivered,2
f75e0580-4867-4468-ba9a-5a41516cb8b2,e10548a8-3be5-476a-8e6c-45a2176a43f0,2025-05-12,Delivered,1
f04c4e1e-605b-4e95-a5de-43e07e2f6c6a,c0db54c4-a0b2-4731-803d-bf9bad3c5af9,2026-03-24,Delivered,2
47b798d8-6337-48a7-9a0c-03bf772ba4a4,453f9516-8596-4c96-8e6f-4b19322e53ac,2025-02-28,Delivered,1
49f1ec41-40dd-4105-b199-aa6869ff0170,a2994646-70e3-43bb-851c-c9f74c82cf66,2025-04-27,Delivered,1
80c7d55b-b678-4ceb-8b9d-d48b3ff02395,f1fd1d2d-b1a6-47a5-bf08-766c76e318b5,2025-08-04,Delivered,2
21ec8711-277d-4f87-88b7-12793a04f46b,f3992af2-84a5-412a-a62e-43fc0e0dbb38,2026-01-20,Delivered,2
0210a11b-ca45-40eb-b441-bc874d6be436,ef04a0e4-cfd5-41cc-a9df-00c14f3b9e2c,2025-11-23,Delivered,2
1579c36b-625b-491e-8c6b-51f9bbb10e25,9cf18fde-d5b3-4eaa-84dd-1bff78cf2b5f,2025-11-06,Delayed,4
2e2466b9-e9ae-47ff-a412-34b855938bd3,818c5817-630e-43b2-b02d-9500e5d3ba56,2025-12-25,Delivered,2
9aaf7e55-142d-498a-80cc-f3380e25245f,aa29652c-5ebf-445a-85fe-9dfa4e725b5b,2025-04-09,Delivered,1
35afed46-8619-42f5-bce9-53974f4f76ac,0061864e-6f70-42e7-86f0-3d7812f7e695,2025-09-17,Delivered,2
f61f9378-551f-43ba-9709-17ed182e9030,513df186-d395-48b6-98c3-e9e8686a6e3f,2026-03-20,Delayed,4
76462785-305a-44a7-b018-86ee1e0b210d,df0bb936-96c7-483d-b793-9ceacb54b33f,2025-06-27,Delivered,2
91d3ef7a-3fc1-49f0-9426-5182d75db39f,c8ef35fa-c0de-452b-9e4b-2416ffc6e73d,2026-01-03,Delivered,2
eea2a9ec-e196-437f-ad48-f6e057d059fd,deb74456-a448-4467-a9da-a6f686fa4da9,2026-03-13,Delayed,4
7947f79d-f002-4c8c-9e39-53ee17f834e3,0839d19b-14d9-43fa-8428-24ca5424ea7f,2025-04-06,Delayed,3
a6f3e09e-f334-4f11-a66a-9c0a0633f1ca,12bd3694-71ae-4014-9090-a49e9bbc05a8,2025-09-16,Delivered,1
594c87aa-4e8d-48f9-bb79-0989c7ef4812,a30a831f-fe5d-46d8-94d1-276294dd4a5f,2026-03-27,Delayed,4
884c68e5-1bae-4a94-a89a-7b8b83edb3ae,f2ccf353-d58d-4a0b-8f76-a4a7ef8b20b5,2026-04-03,Delivered,2
e9cbe427-7d13-48dd-8d0a-27584a4c3924,64ce371f-aa19-48fe-9dc3-48624f3ccac1,2025-12-09,Delivered,2
01d43915-d2f1-4ce3-9c41-a53b0e1cc8f6,6987f11e-1cf4-4572-aad3-292a7a266b6d,2025-11-08,Delivered,1
169f3e88-71fd-45dd-a885-3b2591f84b24,312d7bba-fb72-42b4-ad10-7761a96695bf,2025-10-15,Delivered,2
7037d064-32d2-4adc-a50d-85f6cf13c059,f54a4f11-ee96-44a3-ae63-a46b3157e4e0,2026-04-03,Delivered,2
7ceaeef4-3a19-4bee-8d61-673607700c7a,9f67a36e-a064-40b3-96d6-737ee5e105c4,2025-03-10,Delayed,4
14ad0a45-9116-4532-9cfa-63a70ec690ad,7e2f958c-7f98-4a67-a41f-53617f8c19a9,2026-04-04,Delivered,1
92061d55-9f94-42cc-b8e7-bdb0d379c442,3b3cde3f-38dc-4142-acf4-3454baa2a0ff,2025-04-05,Delayed,4
ec269d36-9a58-4ce9-94ad-07aeb106510c,6c534c0e-e166-4adc-b6cd-743fb366a4fc,2026-02-11,Delivered,1
b02f1caf-3ac7-49d2-9ffd-54f5d84203b6,f89e6451-61dd-4b7f-9d2d-efb715db00df,2025-11-06,Delivered,2
ce44ab86-e586-4345-a8de-e2f2de04e51f,0082b645-3a15-420b-8419-045accae0baf,2026-02-04,Delivered,2
02f22691-01e6-43b8-9f27-f017d4064a9c,5edab3ed-9d6f-46cb-8fdc-22174e29c2f8,2025-03-18,Delivered,2
08f48b0b-c2bc-4d4b-a36b-182e9df58378,842c2de0-82d1-44b3-bbf4-b3ccd5ac7fd0,2025-10-29,Delivered,2
6eff200a-2bb0-4b30-8dde-f4e145b92217,385da085-4b4e-4f3f-ad98-02bafa3aaa85,2026-01-24,Delivered,1
463b29bb-780b-4e19-998e-846cfa67e75a,17b9f71a-d8ea-4518-a6ef-91cef2079d50,2026-01-04,Delivered,2
d74ce68f-4cc9-435a-86fc-236aa46f79d6,436e2d56-c608-41c2-80d6-0f7151d1c75c,2025-02-14,Delivered,2
00d243ee-2635-46cc-b7ab-031a42e61922,fde9b8bd-9288-4b7e-a776-6ed1b1d45a1d,2025-10-22,Delivered,1
74cff8e6-ce69-476d-a2ce-8c924ec7f6cb,75a0c054-82d4-4d83-ad93-1e1a82e0e1ba,2025-12-24,Delivered,2
c90bcf1c-f4c7-4435-9ace-84e13df0cfbc,a8937a71-19bb-497a-89e4-983fd8178b54,2025-12-18,Delivered,1
27f68395-7caa-4701-8b39-50beb7fd4cc2,04f6303f-7b25-4ea6-b2b7-56002da21885,2025-08-28,Delivered,1
4458caf6-648a-4ed5-b837-359509267fd2,7ed2723d-a831-4f3d-af7f-4e30f27f1966,2025-06-26,Delivered,1
7fc4f950-89ce-4b76-a066-dae55ce0776c,6015ffb4-244a-4a8d-8e10-ef45712c3f32,2026-01-01,Delivered,1
1bdf880e-603b-4fb4-a207-9eb37ca8de83,0bb655af-4f35-4359-ba42-94255d17b36b,2025-02-16,Delivered,1
1cc4efe2-bf92-49be-9677-70da8c861c28,d3903a7d-af77-45a9-9389-277fde2679a6,2025-08-16,Delayed,4
13a6ac6f-e876-4ec5-8e3b-47a3b67c1025,6121aeb8-0eab-4e19-aba4-64486837c2df,2026-02-07,Delivered,2
f4ed3561-46f5-4918-a0b5-dfeb7590de18,41d94325-cb25-4e10-a4de-c140bcd8df72,2025-04-17,Delivered,1
f6092b8d-b20f-4191-86d4-69590a0911a6,57edb870-cac3-4429-bdb0-a60e8da46674,2025-02-07,Delivered,2
8f3440ad-f135-49f5-82a5-6b33d08b60ff,adfa7e29-4359-460f-958e-6dca2e2ff672,2025-02-28,Delivered,1
a6df5b3b-caa2-46da-a737-ac1b28e4be57,17a38585-5ea9-4744-a947-6c7567e8370e,2026-03-31,Delivered,2
37e96e07-549a-4973-ad75-b9c46a9d1291,30edfa91-57de-4db2-8007-457adeb8f6f5,2025-06-03,Delivered,2
04489674-c277-434f-a026-1840ee12d83e,05d1cfb3-b1cd-4ed3-a4db-42e610edff70,2025-11-21,Delivered,2
c5c6f26e-9355-4f70-8568-924727049d7a,aa81e322-d1ab-45ab-8b02-672d89579491,2025-07-04,Delivered,1
a0ddc0ae-1ced-49d2-865f-12bd94c03e90,0698f5f6-c529-41c7-bcca-92163798b7eb,2025-12-27,Delivered,1
4f8e5bdd-8068-4db3-9c16-496574902168,5cbf004d-dde4-41aa-9000-560a79b1e418,2026-04-01,Delivered,2
e06bed09-ba9d-4ac7-aee9-c2ba1295df13,afebf15b-815f-4565-ad2e-063edcb03a0c,2025-11-10,Delayed,3
3811a781-a738-4f8f-b69b-eaa548a0f3ec,6113ca3f-5a8a-435e-8bec-7a53dd62e389,2025-07-12,Delivered,1
57b86a02-9fad-4e12-8ed0-b594e7ce000e,404ce47a-5cf4-4962-8f32-0471679a9333,2025-10-11,Delivered,2
1bc8e443-5bd1-4818-ab31-a9f09e646c40,dd40c4b7-b266-406f-bb81-e5eed4c58bf7,2025-10-02,Delivered,2
b8a75836-ed9f-4875-a5e5-d27e9a7fce83,d3e4531b-1cd7-439c-8014-079ad6aed754,2025-09-23,Delivered,2
c3ae523a-1eea-47f3-920f-9cb06f1ac059,7766a28e-3eb9-4afc-9656-6f48d905de88,2025-10-15,Delivered,2
baa0344e-8342-416f-91e7-5051a794447f,f61409c0-630c-4c64-84a4-042749210c00,2025-12-29,Delivered,2
28a0bc5e-86af-410f-a290-66bd9ddac223,f024e1ba-8f5a-4e36-af83-e1fc8db1361e,2025-12-05,Delivered,1
86690b01-962f-40cf-9c37-f8181a249578,4bc63b75-9db5-4033-bc0d-ed2625259cdf,2025-04-03,Delayed,1
cf24cc32-320f-4968-b188-8be9866dfa14,9519e944-5b49-4ebe-a896-f72676d55916,2025-02-11,Delayed,2
0fb0a019-bab9-4681-b57f-2daf51994224,adc4682f-6475-4816-93a0-ad81c97b132a,2026-01-27,Delivered,1
623251f2-4d4c-4f50-8d83-009aec0b0548,45db67f1-f866-4158-9616-ff8cc300d9ef,2026-02-08,Delivered,2
f9496dcc-eeb8-4c14-956c-57ef3dc8b0ad,388835fc-72ad-4817-8672-a17d08f1ad04,2025-07-12,Delayed,4
b98733a6-1f27-47b7-8307-11e19df9849e,a402135f-a5ac-4d1d-bf3e-bf2ea1ec81a4,2025-03-30,Delivered,1
5cb548ad-bf66-4694-9ed1-c32bdf7c2992,9e939178-ac21-418d-88aa-28ad434d9757,2025-09-30,Delivered,2
3d6f8292-46e7-4c1c-bace-943e638e8f9b,cf97a928-c197-46cb-9268-ab9ae3ef5be6,2026-03-29,Delayed,2
86652ac1-43c6-4921-9ff2-ffd784ae4029,0e60aa61-37d4-435c-90a5-2f5f0131f397,2025-10-01,Delivered,1
8cd03610-7cfb-444e-9b10-9604c035216c,92c1e48d-8408-4162-9fb4-9e00a1b5bf7a,2026-02-07,Delivered,1
d34a3f7c-77ab-4d58-8823-f6829a803cdb,da22789b-e5a7-41af-92a4-b81f9fcec899,2025-03-23,Delivered,2
5e864734-27c5-4952-8f17-bb6155d45082,ce934cdb-660d-44ce-87ea-8f58085a8fd4,2025-08-12,Delayed,4
d3ff250a-ebde-4b3f-8396-db53be716cc8,7f230cce-73c2-46b8-90f2-52594e6a4824,2026-03-23,Delivered,1
88440eb7-9cfb-456f-b66d-7a76f56da5f4,a7b65b1f-c67f-4c6e-a4ff-5b6ffbc89734,2025-05-04,Delivered,1
3a2d2fb1-0bf4-4c5c-9370-e6cf4a8af86e,533aea4e-d4d3-44d1-8472-1ef83264e4cd,2025-10-18,Delayed,3
a3ba214d-5464-4e23-ad9e-cc173df041c4,88de03fd-9541-41bb-8436-5bc251c6be19,2025-09-08,Delayed,3
18e3ff8b-f7aa-46d3-92d7-26a6348414a8,9ef40ff8-7baa-4132-8bb2-cd528872a7e4,2026-02-07,Delivered,2
ad322f6b-b63e-4762-9b0c-8bc218833699,1edd84cf-d6dc-41b7-b4e4-b5bf5ba9a0e3,2026-01-29,Delivered,2
1c5d705a-97ee-42cf-b297-085f31ed6378,bd086726-6340-44be-86ef-853519c751c7,2025-05-31,Delivered,2
bc1034dd-7912-4de1-80fc-25844e5b3f12,2640e71a-c82b-47c3-8362-41b77c56b856,2025-07-28,Delivered,1
514f38e3-beb0-40c2-a383-0118a570feef,9fe093ce-57e2-4a79-92e9-86b9f5d1e9ee,2025-02-25,Delayed,1
3f8d4977-f130-4f27-b00e-555940debcfb,0361d896-7457-4855-af33-55f3be6729e8,2025-12-25,Delivered,2
b6b716a0-8638-43ef-9159-070faf9c0471,1b5654f6-0fad-46e3-805c-0d73f7eb4967,2026-02-10,Delivered,1
d3bd84ec-2fde-43fe-903f-03f6e84f7159,839ee530-84ab-464c-b27f-2cd91d8e2c5b,2025-10-28,Delivered,2
c753e96c-657c-4c55-b384-6606ba79b693,2367bf3a-3371-428b-8d57-424cc09c03ff,2025-04-20,Delayed,4
51ae6205-e019-4976-8efe-702499d840d1,7ecf27c7-d43a-45a5-b980-dacc01638781,2025-09-19,Delivered,2
c7a54d5d-d56a-4c07-b02b-8e3b757f45ff,a6b896ee-df4f-413e-8632-82d558c0927b,2026-04-24,Delivered,2
9e596e2c-bae6-4757-9f4a-b7415f969e21,f724f258-2fb8-41e0-ad9b-26d0bf522a27,2026-01-02,Delivered,1
87a79165-731a-4b42-bb8c-a4118c362fd6,9a0dece8-f337-4321-842d-6cdf64d7de33,2025-10-27,Delivered,2
75bf341a-af38-4660-b80c-4c43e98f6b87,b7552c4b-f4ee-4719-8992-ba9aa5b6463f,2025-01-23,Delivered,2
160a7996-a05e-40a6-b112-31768c693705,0ec7917e-ca7f-4bc9-8fbb-d26e4626476b,2026-02-11,Delivered,2
c4afbaff-1a80-4858-9da8-1730b52467e5,28efb988-4901-4698-8e6c-ac0bbbf1c706,2025-02-11,Delivered,2
3a71f622-79f8-4703-9370-bab8531f3a09,77f82876-a52e-4ff8-8917-76aee6030f40,2026-01-23,Delivered,1
98357331-24ff-42d5-8026-d0da65ecbc39,c4bb3a8e-980c-4408-b46f-ea8c0407d57a,2025-12-01,Delivered,1
a2b26c5d-aa8e-4766-ae7e-8ade6cfeece4,963b9d32-9ba6-4354-95f6-bddabb844b1a,2025-11-11,Delayed,4
881fc425-3f2a-442c-8153-f016ee77b70d,96a2c4be-e256-4ee7-b566-3170b0a29abc,2025-02-06,Delivered,2
c740bf2a-5d68-401a-9ecd-9400d3d441b5,285a9354-35df-44e5-a1f2-a4a47e74b011,2026-01-03,Delivered,1
271477a7-0e0f-4274-8273-3daed9abe30d,6879d9c3-ecbb-476f-b8eb-0f0bdc7da63e,2025-02-13,Delivered,2
d124d5a8-ba8d-4ffb-9d2f-6cbffd882b2f,3ee2060e-5fad-42be-b4a4-3e6a8a5efe03,2025-07-31,Delivered,1
b926b634-ba0c-4b9d-bae6-cd59b003c1ea,b902e2bf-12fb-4054-bb41-398a86f62df6,2025-08-11,Delivered,2
08bf66b8-5e9c-4227-b3a9-6be4aed6b9a0,d078cccc-9227-4b8d-9498-6d6e4c7bbff3,2025-03-13,Delivered,1
51e7d559-84bf-4c4c-8c41-d8c4c9a5c640,e645355f-d693-4816-8152-916ceeba483e,2025-09-01,Delivered,2
b417a804-62f0-400d-aba0-516792880d16,59111a6d-a805-45e3-b0b8-cc652b76e192,2025-10-18,Delayed,2
ce2ba7ef-273a-469e-98dc-f9c184846eeb,fc44d52b-bca1-4495-9824-a2cfed4d8902,2025-04-21,Delivered,1
9018112f-9d94-40b4-a8a4-3caf2d59d268,1e334fff-2aaa-43af-b14a-fe38104daf00,2025-08-13,Delayed,4
859f00de-1c05-4ff5-81bb-54f76f9f6dfc,a5b4e3d3-1809-495e-8005-64607c0df632,2025-11-02,Delivered,2
9e9a3c00-953f-4bd0-80a1-033ea8860e12,e90b6eb6-8114-4834-b259-fcaf65514623,2025-12-24,Delivered,1
e5923f11-84cf-4f11-be25-0103699f6189,ec4a0ef7-eb65-426e-a555-1663e474a079,2025-02-22,Delayed,2
9f5a8aca-7524-4a4d-8067-202d409a3b41,f9eba3e9-ba73-4665-bc3f-5623752cf818,2025-06-13,Delivered,1
7b0dbfd5-b65c-4c8d-8bf5-590d1bcf151e,d5c7aec3-f7e5-4099-8b29-6636d56e574a,2026-02-08,Delayed,3
fcf58d63-a713-42b7-a35c-53bfd8d310db,d825eae1-6d84-4893-b468-6ff06b486623,2025-06-25,Delivered,2
2a3a0b0a-f30b-46a8-9e40-deb1cb9fd0b0,02ce70c3-c5ea-400f-ae7f-191913e84c00,2025-01-17,Delivered,1
ec9fbf78-7069-48f5-aec0-b1d4e2d09566,b05ca77b-0737-4ee6-8f11-a3feb4529c12,2025-07-03,Delivered,1
a4201400-5148-46a0-8d64-535892fbd525,677ee359-0b46-4ae7-ad2c-d7c245c8a0ac,2026-02-03,Delivered,1
d9d53de6-7afd-4fb5-a885-b006b8244c26,5d8213de-bf35-4c31-8000-b39f96abd556,2025-08-05,Delivered,1
087838bf-f61f-4ed9-86e8-992e17015b04,7afb2254-d487-4629-b330-49d44ccd2d01,2025-03-29,Delivered,2
4db749ad-84a3-438d-bac5-8f0e965861ac,b4e6e528-cecf-4eca-b487-4093a5b607e8,2025-09-28,Delivered,1
da624a2e-2316-437f-ad17-82784500c531,8ec15b73-48d0-4f55-8ce4-71600c0ee627,2025-10-21,Delivered,1
ed3a73e9-60eb-4de1-b6b6-999ebe565e16,5b7c19ee-2848-4a40-88e0-cbdee5a7345d,2025-04-30,Delivered,1
6267b57e-ca2a-424c-bedc-b27e3e00be53,eeadf356-9b40-4919-850b-fce1b764950d,2025-09-20,Delayed,3
a4ef7702-3f9e-49c2-b177-d80618d6aca1,1714ac48-abc6-456f-858f-de87df832b30,2025-06-25,Delivered,1
26ce8480-0bb0-4431-ab5b-e0834856c7db,aceb7e98-ce94-49f1-b027-f430b4d1c670,2025-02-08,Delivered,1
93d76a6a-5c86-4a0a-abd0-532b755ad186,2117b38f-8435-4e7a-8017-18ceeead751c,2025-03-31,Delayed,4
97fbe042-0739-44f7-ae3d-1c2e3069467a,75fd6232-8226-4101-9923-c8458c858162,2025-08-13,Delivered,2
a5a4942f-3f38-4ef3-aea5-2faef8de0525,ee6aa7bf-433c-4105-8f09-3d93d68c1053,2025-09-10,Delivered,1
d4363fd4-2039-47e5-a80a-d820afcc60d4,4be01ab1-e6e7-4be1-89ec-8cb0bd405990,2026-03-13,Delivered,1
d6da38b6-31a2-4c56-a15a-6661e6da7a0b,1410cfd8-bcee-42ef-93de-9aad9b2a6543,2025-05-30,Delivered,1
e22fea54-3a41-4b81-93fd-6af2c2d85e1f,e5a4087c-fa1e-43e6-9ef2-8904b36b6d6c,2025-02-05,Delayed,3
34e49551-bc7a-44b1-a543-a05a2e0dd2b5,82aa5de1-5e9e-46ca-9af3-970bd670e32e,2025-08-21,Delivered,1
c592a97b-b79e-4847-b9e7-1b37bb0a9203,80e3af19-6238-46cc-a58b-8dcc674f8088,2025-10-03,Delivered,1
d9544999-cd7d-4b66-b25f-a438e40ecd0a,b598a83a-a3d7-43af-9209-617f5ae6cc6c,2025-05-11,Delivered,1
ec1fe6e3-e20f-4073-b0ca-dc4c07d48805,3a7c53a0-ccfe-41bf-ada9-bd40ff89fe12,2025-12-03,Delivered,1
6cfbe96b-08ff-46d1-94b9-0102834a3741,a16253e2-157c-447e-a493-757c74022808,2026-04-07,Delivered,2
a4d002c8-d6e9-450a-9408-20689b49af16,f31a6423-e868-4d1b-a6c6-3f7e61e16e3a,2025-09-18,Delivered,1
c2dc28a2-16e3-43e4-8ee9-e181a6c6b17c,b05e5acc-7c1a-4b77-bb19-436d589a6d63,2025-02-08,Delivered,1
c9bbefd0-e6bf-42fb-b25d-7b4d4392f8e3,fed5e5be-fc3f-43c1-af09-f05e3daa4408,2025-08-25,Delivered,1
ed25800a-11f0-4bb9-b895-aab1c85709a1,4dbc4c5a-4025-41d0-a70a-355854c67e33,2026-04-15,Delivered,2
d6aa075d-8af4-4180-93f3-573c51df0f2d,94e9a179-16ee-4147-8bba-a2c0386bbb3f,2026-04-06,Delivered,1
8b306d13-0a7d-49ff-9f8d-5c3c68989e7c,6ad100de-fed4-4e10-80f3-51019867b834,2025-12-13,Delivered,1
8e76e801-98bb-4668-a953-de62c90c3c06,f3b13e58-8874-4d7c-8c16-ba72da1901ff,2025-01-21,Delivered,1
34f0212e-fa76-45c4-aa26-4ca60a4fe26c,4fd73670-f2b7-4286-b232-8c0c52e925cf,2025-02-13,Delivered,1
75b253d5-ff84-45c7-b837-bd82f8fe5c16,da9f88ac-d379-4489-9005-94068132e92a,2025-10-15,Delivered,2
47094516-2898-4b75-8444-d259ebb9c346,60a070a2-a427-4757-9f25-efd391a2e7aa,2025-06-27,Delayed,3
ca8c3a99-5b5e-4771-8b6a-2eb034e07a16,58b138ad-366c-4452-99fd-42fb6df56639,2026-04-02,Delivered,1
ede0616d-20b7-4c15-9254-21949fffe099,fff8ceb6-2ed5-4d05-ac9b-ca3e8908d72f,2026-01-29,Delivered,2
c53b6cf9-5695-461e-b8a4-b37409a2c932,f7fe9973-566b-4058-910b-2a73780f7b5a,2025-04-14,Delivered,2
42620276-fb41-426e-b87b-e072dbf5543e,be17fece-ac76-4f20-8ea8-60e3dcac114f,2025-08-07,Delivered,2
a7ee52ae-5f8b-493a-8a58-61dcc44107a0,7d5d1f75-25ce-4e0f-b0d8-c53c224bc2d9,2025-10-22,Delivered,2
5713cd00-ff72-4da3-828d-7c21958737d5,e965e54c-29dd-478e-b9af-50cf7474ee2d,2025-10-30,Delivered,2
6b0f70d8-7d23-4ca9-a0e9-ace0b835ef9a,ef9638e6-efb1-42e4-9524-ec28a9976c6d,2025-04-24,Delayed,2
a98d3b81-cd6d-49d4-bef9-dfeb9fe4edf0,2251d97b-a04f-4eb1-8774-b9991659c606,2026-04-05,Delivered,1
944b5d7b-4407-4ae8-a752-d77c7debbc8a,25aa00a2-b5eb-4ae8-88cb-51a58b53afdd,2026-02-09,Delivered,1
a5d9d750-977c-497d-a386-eeef16fc14c8,62b2b624-1bd8-484d-9f71-40c682e31d14,2025-05-26,Delayed,1
0b8e236d-1bdf-4eef-a3b7-a7d09cf3e679,41aeedad-1f57-4ab3-85d6-e7baa4ccf337,2025-10-20,Delivered,2
31975a0a-6b92-4306-b5bd-6ce5bd9d1f68,2b785449-9a8b-48d3-81e1-a2daaf361c93,2025-07-08,Delivered,1
2aa488c0-3ca1-4d4c-b1b3-187a552999fe,24ebb1a0-674d-4a06-9c68-355009e036a4,2025-07-02,Delivered,2
9abb420f-f478-492e-975d-d0af84817ef7,a0410637-3e74-461c-ba3e-809810c9694f,2025-01-28,Delivered,2
043066e5-3dbf-4681-b907-d7528bb8cdeb,ef373b58-9f91-426d-a2f1-80405a6fafe0,2025-10-28,Delivered,2
e04bdd08-0edd-4a35-8bfa-47eeaad0ec08,0be9cb03-2788-44d6-8f33-115d2e77cbd8,2026-02-06,Delayed,2
81c82655-0dcb-43ac-8515-c47488abf935,19a3dcb2-3a0d-4f20-83bc-48680522e730,2025-07-09,Delivered,2
ac1313fd-2305-481f-b1c4-3c7024634491,d69447e0-e8eb-40c2-b28b-4bb828b0415a,2025-06-11,Delivered,2
62129f22-0505-4323-bf16-7635d88b1be1,09178971-7175-4d53-a7d0-7c4a51007787,2025-03-14,Delivered,1
1333b9a8-4644-436c-9a6c-148b99ec9f31,ed7dbd7c-d18b-4cee-86c1-5bd4f2de5245,2025-04-13,Delivered,2
461d0be5-54c0-47b8-bdff-004ec0777e2d,188fb3d3-d949-41e2-b15d-b7fef7abff57,2025-03-13,Delivered,2
b0a8920a-ef4b-4f9b-85c7-f2ad99670262,05ed3ed7-7b70-4b68-8fda-7ce3216e4251,2026-03-22,Delivered,1
d0dd3a32-efda-4069-80fd-55f616af7f20,07631cab-e622-4485-889e-70ec363d9190,2025-10-25,Delivered,1
1101aa07-2174-4741-b5f4-ab0ca930650f,b5741a0b-8023-4f30-83fc-ae77ecdce55c,2026-03-02,Delayed,4
f89abddd-a604-482b-9913-5393c57baf8b,1952a01a-72ea-4e10-bdf9-69e76844b00b,2025-09-05,Delivered,1
dca9695e-7f63-4e36-96df-a96386a0df38,d740fe26-1528-4796-88f1-8148e89e1261,2025-02-05,Delivered,2
21682772-7d10-4619-a6b3-88d6d8e79820,78ca7a18-900b-4aa3-a88c-6581d587cb3d,2026-03-17,Delayed,1
d9d9a064-9c17-4dfd-b89c-5d3867e3e4f8,8636f9a7-c98f-484f-ac22-84930f9d18cc,2026-02-10,Delivered,2
adc95010-52a5-4ef8-b330-96e403ef6eb0,3429e46b-0e82-40be-9dc7-38fa42841f16,2026-04-05,Delivered,2
3e2fe0b0-954e-4381-99b5-22a72666998c,eda7744e-14cf-4e80-a804-a7853e1d9c63,2026-02-09,Delivered,2
80adca86-9a4b-4361-80e5-3a5f878f5298,1c2c74ec-7952-4999-b244-d28225533ae3,2025-10-17,Delivered,2
22fbea9a-38de-46b4-841d-3121bf9f6963,f19577e7-cf65-4c23-99f7-26a9360f18d7,2026-01-04,Delayed,3
6d1a4260-cbaf-4fe7-b1fd-4634399e410b,dfc8447b-07a0-41e6-b3fc-b0708cdd823b,2025-04-22,Delivered,1
3e46b708-4999-4661-bb86-6b539f7bad4b,c6b2da4f-4edb-486e-83b3-c8496ffee76c,2026-04-04,Delivered,1
c39c554f-61c0-4d3b-a97f-7302c349db9e,5a19249f-7612-424e-9d21-a769fecf2b77,2025-04-13,Delayed,3
5f47beb5-05df-417c-b978-2398660aea6a,66d5339d-b3f9-4678-a991-2a5191ec124a,2025-12-04,Delivered,1
dbf52123-643e-40fe-8af3-106ca4ad77b2,ac3e3989-f1c0-4f05-b6ad-1c9d1f829b41,2025-08-28,Delivered,2
f8013944-ec99-4c7c-8156-21106bad36d8,6f11b644-21fa-4020-90d2-5f95dbd7c8c6,2025-12-07,Delayed,1
7a1d6ff2-393a-495d-a8c1-9084f2b1ce32,7a6fce91-2295-4e62-aa3c-0adf81cf03f1,2026-01-15,Delivered,2
47f3eed8-5035-42e7-a6a4-434622395a6b,a6658384-4220-48f8-afad-880b0eba7f44,2025-09-24,Delivered,1
38920c75-23ff-4e66-b4e2-cc5cf3f4b11b,c0fc8438-ec87-48ba-9333-196c6f386a81,2025-12-31,Delivered,1
5e724607-5908-4054-a587-949c7c6d4aa8,c8dc8f0b-5448-46f1-a72e-2c60e603cdfe,2026-02-07,Delivered,2
739d1bf7-9efa-481b-9735-806a5b27b194,5db3772d-97e0-42a0-ac2a-c9e41b105131,2026-02-09,Delivered,2
9825c5eb-f600-4ad2-a517-663464020a3d,02bbf0d0-f498-4efc-8136-c79adeee8208,2026-01-29,Delivered,1
877b936a-418b-4b34-99b1-bebb834ebed4,d1e291af-57ed-4b25-be22-77cbca825b51,2025-12-13,Delivered,2
92bac182-4144-4316-a634-d581f721edb2,006c832e-cdf9-4777-9f35-fbac0e67206e,2026-03-30,Delivered,2
437ee85c-0031-415c-8ee8-94c628930e72,935f8e00-5eda-4fee-a4b6-5e0976b6bebd,2026-04-16,Delayed,2
caab2b8a-d71f-4832-82e2-cfef0a521bf5,082e220a-a890-427d-958d-d90613a158cf,2026-02-16,Delivered,2
3c025a46-9a2b-499d-9405-1f75a966ce4c,d97416e9-a540-45b5-9ca8-324542ba0099,2026-03-20,Delivered,2
52c8cf81-a8c3-4975-8c4d-ca4732377e60,961e6010-da16-426f-b195-8e13d6408741,2025-05-05,Delivered,2
97dd1b1c-3fb8-4c90-adea-bcc2f64413e3,1a64de43-0ea1-4e7a-b086-19d447cafa94,2025-07-25,Delivered,2
3caf8114-8f5a-43ae-982c-c1c9e9e41dfb,91208978-800a-4553-b41c-3823f2db2ab6,2025-08-25,Delivered,1
4f86eaed-ca18-4065-b358-8efbe38bc973,0462012f-226e-4139-a9b1-c0fe8e22c8c7,2025-10-07,Delivered,1
a6168697-7cb8-4a5f-a32f-48dbf476b674,72939aae-038e-463b-aa77-d40044ea2688,2025-10-11,Delivered,1
5e5fb725-f6ce-4119-b31e-31c22fd24cce,dc96ae62-af3e-416b-a502-f5574790ed25,2025-01-28,Delayed,3
d37b06fc-8bcf-4f76-b237-6c6bf2454f5f,c6326d0e-2317-4f5f-89ba-d16e254d6ca8,2025-04-23,Delivered,2
ed983e6c-cdaf-4a0b-bc78-653c2e31dff3,5bbf5639-79c7-49c9-ba00-567ebb0e05e2,2025-10-22,Delayed,4
580ab1ca-6a97-493d-95f0-770fc38745b1,15ef243a-8330-4724-81fa-b325b4c8cd2c,2026-01-13,Delivered,2
33ea9cd2-4e43-4639-8a94-803a085a8864,d33d7aec-634f-4739-b28c-d556d8404e55,2026-01-04,Delivered,1
30a15a7c-3748-4730-b81d-55bb225df0ea,bf0f4614-5c7f-4999-a67a-60eacbf40411,2025-09-23,Delivered,2
f230b6a3-474b-42aa-87d6-362412440a6f,168bb250-1c3e-40c5-843e-cdb5e4a0ec6a,2026-03-25,Delayed,4
c19e609c-dfe5-43b4-8dfd-09b2b5a178cd,1f90536c-5993-4223-b1ee-c89b684af32f,2025-09-15,Delivered,1
9f63b3d5-ae9a-4db1-9fd9-44ddd8e27460,208dd2ea-6c3f-462f-aac9-ae2c14a38f48,2025-02-27,Delivered,2
d315d793-c330-4799-a73c-bc6a9864f355,79127483-57de-427e-ba59-9a5c4446cf38,2026-02-17,Delivered,1
ee825eec-7a52-4fe1-a9b8-7a9a3153d470,73560931-92b5-4761-adda-67afd2d01361,2025-03-06,Delivered,1
d02b8fa3-9188-4f6a-a2c7-281bcda53043,647d0b1f-ae4e-4fb0-8c5d-2ea7db47af22,2025-05-22,Delivered,1
4c3d40c2-6e6e-4ee8-b06e-f85e198d591f,37aa0353-e8c6-44c7-b7fa-d2ac5bb8449d,2025-11-01,Delivered,1
40e399a2-36e1-4c29-9a88-13eb9b7db84f,6249ced3-467a-4abf-bc2a-124fc7023d3f,2026-01-30,Delayed,3
e70f888d-e9dd-4292-80f7-3854175f5666,fedb65e7-7101-442f-a872-413efec3b121,2026-02-09,Delivered,2
1505f9d5-cf03-4946-90cb-8d9b5b0eaf76,146b523e-d847-40c1-84f2-a0d42b940c35,2025-02-10,Delivered,2
a48e5bdc-1bb3-4929-90d0-b8e3af605d7b,c9af5559-b1df-4d38-bb1e-4aaa7f85b7fc,2025-07-29,Delivered,1
e354a5ca-03a0-4a22-9041-3ecd2e9fa2bd,6106ece6-430d-4114-929a-7c661e20c584,2025-11-19,Delivered,2
c7e040d1-29f8-4285-874d-e49646a41725,a3870bb7-0418-4504-a951-9b8499a21d1c,2025-10-30,Delayed,2
5085bba4-3946-499d-b78e-6c6ab4bbdf4a,e169e38d-1c07-41eb-bd12-0c96b04a72f0,2026-05-02,Delivered,1
f8fa798e-550d-46e1-991e-62c385b45c42,4494dab2-9a2c-4695-a194-fa0fd22cf530,2026-03-10,Delayed,1
9ff8d3a8-a0ad-4fd6-8a1e-1f0a4dbe2971,64f6ae8d-e1db-422e-af6d-3a07a7f74542,2025-11-20,Delivered,2
eee46eef-36aa-450a-bef8-a25d4a235a0b,de84947e-02eb-48e3-9cda-708a2b97961d,2025-01-30,Delivered,1
b1031a70-f6fa-4c5b-848d-091b984b61ca,5d4eef92-bb59-437e-8443-974b614691e5,2025-07-29,Delivered,1
7cae94fc-4c06-4b7e-a47c-f5627238b0b6,5f418e90-bec1-46e9-ad62-5e15104a7335,2025-04-19,Delayed,4
1717407e-69f2-42cc-ae1a-ccb69ecd0898,abd91e48-de21-4c0f-9238-2fb9042baf93,2025-09-20,Delivered,1
77f13c9e-5f8a-49a0-b7b4-c50db964f66d,b5991e98-9343-4e54-b5de-34ee50bc4bf6,2025-10-21,Delivered,1
a39f55ee-26bd-4828-8e2b-7ecb2a43a25f,0e6974fa-dba4-4763-958a-eaa2fb664ede,2025-12-07,Delivered,2
6759dea2-a6f8-4367-a9f5-94eea5ee0d49,1924cec5-933c-4cc2-82c6-f37c104d9377,2025-12-30,Delayed,1
2553abe9-6a30-4c6d-ad6c-c9f3c4c8bd45,5019bc75-dedc-467e-8de5-29e07cf258f2,2025-07-15,Delivered,2
736afc6a-8b2b-4fec-9550-5cabbbaac003,14bc9c0a-118d-4f68-901c-0ffabafbb9f9,2025-07-18,Delivered,1
24320b16-38bf-4a51-ae93-f2b60ef6530b,fd1f67d0-0e30-45d3-ae94-4eba0f55000f,2025-12-05,Delivered,2
49eb3ce1-2f7e-4ba3-a99d-29401777479b,b39ccdcd-1b02-4bf6-a56d-520811896b8b,2025-06-17,Delayed,1
d57b9db9-8424-4fc9-983a-30cd3e00b7f5,de07dc53-0bf5-40ff-9622-ceeeb75d7695,2026-02-04,Delivered,2
0da79cb9-2ff1-408c-be72-bd77e22a68c1,c67f793e-f7cb-4e93-9a82-507e907639c9,2025-11-18,Delivered,2
06515cb0-b523-4360-a4e7-a74fae79044e,232a29eb-35cd-44b9-a2ee-a46fca0a037c,2025-11-15,Delivered,1
917bbd34-db4f-48bd-8ad2-354d7e910aa5,9bc67821-795b-4589-b57a-4c71f0c1b6b7,2026-01-05,Delivered,2
a32b4122-e360-436e-9d11-b98aaef49658,b489ef5a-aee8-40ac-9726-c86276cd2c1c,2025-07-20,Delayed,2
83c99e00-3b4c-47ce-98d0-6c067f26d0ad,d7d3fdc8-9312-469b-996d-4a71e386a870,2026-01-29,Delayed,2
8fdfc47b-5843-457a-b998-5d464cbb43f9,042b9505-d242-4bc8-b49c-4816e2bfcadd,2026-01-15,Delayed,3
a2c069e9-5879-4bab-9ff3-65fe1a905de6,bcd5d1fe-1aeb-456f-a491-34e96693caa1,2025-03-25,Delayed,2
27483e56-2f93-41f6-882b-5c7bf5bb4370,c48b45aa-53d9-4008-9af0-b77ce8edb4d5,2025-10-21,Delivered,1
7f2c90ff-26e5-4b56-935a-850faaa3e22b,0a00fd65-5be6-46c7-93ac-75629a787e2f,2026-01-27,Delivered,1
58eb5b97-9d46-460c-ac2f-359cdc4c0c6d,4cd9bdea-507c-4086-ab5a-0cbe48e80089,2025-12-17,Delayed,1
0edb944d-6d15-4cf1-8231-33c5a5d2a214,13c47334-e6c8-4065-b8e9-f73da4b37daa,2025-02-02,Delivered,2
cc9e2f6a-0432-4d9c-a7a2-bc68a3463188,175302ea-1b77-4eea-9715-c72c76fed147,2025-06-29,Delivered,2
a9593ccf-30a1-43b3-a27c-4ee00e18a5a6,81c4fae7-4356-416a-a114-a0b4bdfbff26,2026-02-21,Delivered,2
d94b88bd-c537-40b3-8e53-56c0143e1b69,63d48d81-f8ff-46de-b3f6-e0504c8e00c6,2025-07-26,Delivered,2
9a565e19-c7cb-4473-86de-77b15db899f0,4d14cdc5-02bf-4758-8b2e-8c9bfd473f7b,2026-01-13,Delivered,2
deb47d21-9797-4f5d-a75f-887b233de73e,490901a8-deab-44e0-9561-713d288e6b2c,2025-04-09,Delayed,4
aef63795-6ba6-490b-b0d2-62d7228c94dc,0c00f299-9209-4628-97dd-d8f29cc7f28c,2025-02-20,Delayed,4
be45f28b-5a4d-4052-b193-2bcca2b241e4,4f4ca0f3-9769-468a-ae23-43ff8013c510,2025-06-29,Delayed,2
06a3ee45-67b1-4956-892e-330b0ed328a5,05ef90fe-f310-4145-94af-f7689f5abef8,2025-08-04,Delivered,2
30f3e639-8004-4457-9c89-1e9d093ffd79,99ba2a03-eb3d-4477-ad67-fb4ad8ea95e5,2025-04-29,Delivered,2
4a1d297d-d1dc-4f5c-91ea-f84fc6f0f0c4,bd18dd16-0b8b-4e73-8c07-dfa83024a4b3,2026-03-04,Delayed,2
5fdbe179-089b-4de7-8da9-ce12e9e38d34,97d35b68-4c9d-4d8f-8287-8df962cc745e,2026-02-23,Delivered,1
4163e31f-cbd1-4aed-946e-e0ef93b81655,11ab4462-1e77-4bf1-82a3-ea4dc0700e53,2026-01-05,Delayed,3
89cf2ad3-1129-43c6-a197-57aa24485b06,8b794e9d-3216-43ca-be04-772cda55e4ee,2025-10-05,Delayed,3
fe897760-71c3-46f5-b203-2b0e59c2066a,e40f7b4d-47d9-43dd-b460-31d43c61abe6,2025-07-02,Delivered,2
ee3584c9-f6e0-4ebd-b781-01e4f1b521e1,af280ea0-2650-43cc-9126-e179a9c356c1,2025-08-06,Delivered,1
319523ec-abf6-497c-9fce-c42bb1adf83a,49e43814-ffe4-46ed-907e-9584bcf011c6,2025-07-18,Delayed,4
c52c755a-889a-496c-beb5-8170b2a80ed1,fefaf12e-8205-4314-90d4-b98719c1b80c,2025-10-12,Delivered,2
28d17015-a866-4e02-976c-c442ec55f197,10162f59-4765-4986-89ac-0ee174668bf3,2025-05-10,Delivered,2
d0e914fd-4784-43a5-8704-cbd7a60d9cf2,02593ef5-3585-4aee-8532-81758589c18b,2025-10-28,Delivered,1
a1f6b089-405b-4c77-b279-2ec94731405c,714e5adb-77fd-41d5-80b6-bd2bef119a43,2026-01-10,Delivered,2
f4cfc773-328c-4c24-8b89-497123de9bba,ffb893f0-41d5-40f4-9631-44f306d77ea1,2026-02-06,Delivered,2
e6b17fbe-75de-4aa7-9dc8-0bca1f62afb0,e149c8ff-63d0-4ecc-a7d4-3bf92eb7bd33,2026-03-02,Delivered,2
e129c348-f609-4452-91c2-761834fcb02e,400940ae-9c4b-42c7-a6a6-9681c1a5153e,2025-10-23,Delayed,2
e46ae789-4d1f-4d10-aef2-d0f4858abed0,d9f90c6a-6114-4bed-88a4-a662b669075d,2025-07-20,Delivered,2
29eb959d-9cbf-4c77-bbe0-686f480df7e1,e1a79dcc-5f80-44c0-a2f8-6312ed5a91df,2025-01-27,Delivered,2
14b55474-a8fd-4da0-b9a7-ec54f9802771,146c9703-fc54-4bf4-bd61-f2c2e0b43bf0,2025-07-09,Delivered,2
4c696fe4-1de6-4402-93e1-35c815385c61,f28f6029-9dae-4a43-85cd-909852c86e9f,2025-05-26,Delivered,2
da81f3f2-e84e-481a-9eb9-60cecae5b595,ad949821-f198-4cc0-bbe2-c0026a45d64a,2025-11-18,Delivered,2
399d2ff3-2f96-4fb2-87bd-b6ddae89f6f7,9b4bb853-367b-4194-b798-c11a572004c4,2025-06-11,Delivered,2
1a2831de-d227-4bae-a966-a77014fb294e,c77759a1-ef6e-4c4b-a59e-e18f921633a7,2025-06-09,Delivered,1
1d3b6c87-c3c4-4267-ad72-42b5d1afd57a,c58f5362-030f-4eaa-a9f4-49fdeeb5a986,2025-09-16,Delivered,1
8b332f11-5cca-465c-9aad-a3ca7d5920fe,2fd470ec-7eee-4738-84c0-babb7a231f53,2025-05-26,Delivered,2
383503c6-a171-4195-b001-5ba1511c591f,cc6f06a4-2699-4b1d-86a4-49973600353f,2025-07-27,Delayed,1
8fbca9ab-6123-4540-a763-ef614450aebf,0cc2fc13-8485-425f-b79d-421668ee4853,2025-03-05,Delivered,1
9e5e9471-0969-4fd8-a73c-0050c97cbe3a,6285dbd9-20a3-48bc-88b8-5336b83f478a,2025-09-26,Delivered,1
3730707b-2d94-4d03-a9ca-69098c34e706,d2d5f7b0-2e61-484c-8933-991a033b8e99,2026-02-16,Delivered,2
5e117eb7-cb6c-4e61-8f74-f9e631853611,f4e0fdaf-f26d-4427-845f-4fc6d2dfa1f7,2025-08-17,Delivered,1
7b4a3372-e100-47fd-bb33-3d9fb81f5d4e,8330479d-6b33-4cf8-bc7d-4508de41b14c,2025-06-11,Delivered,1
26c32fbe-2d1f-4829-849b-13dc13979bbc,97c65049-c0ab-403d-b3d9-9dabe0a1a90e,2025-04-09,Delivered,1
42ee5add-1833-4d7c-9dee-7df776e1f1d8,9b7ef6d2-e318-4803-8045-ac4018a026cc,2025-09-05,Delayed,2
4e8906ee-f26f-40bf-9387-877d4a7c08ec,15eabbe0-c1fb-4d9a-ad0c-a10d65ca32a7,2026-03-14,Delayed,1
d22367fe-6a1f-4184-a357-96c2760a9f9e,ba82e33a-ed54-4c23-a3a6-122d8b5420d9,2026-03-13,Delivered,2
ce0d976a-62e1-47ec-8dc3-3a65333e2ec4,d2794e41-8729-4174-a3ad-bc67b23e3c6c,2025-05-11,Delivered,1
655f9580-5f78-4cd4-aae5-0c970ee98fde,1d56b0fa-a660-4949-a2b8-64232c4c6e20,2026-02-10,Delayed,3
67a8fd62-5504-477e-88b4-c1fb90fd92d2,18698d1b-219b-41df-ae33-e54901fe542a,2026-02-24,Delayed,4
dc516666-bdc0-4831-9ab7-28c870c98708,d29f602e-dd00-4924-8ede-5f27d8e09320,2025-10-15,Delivered,1
4cf89835-9328-4da0-a0e7-972304b76e85,672caed7-3cdc-4260-aae4-238e520a2a55,2025-09-11,Delayed,1
2fb5da1e-7707-4108-98c5-1fc9de0af4c8,d07b7bf9-f4a8-4a96-bbc5-56457f636d4f,2025-02-15,Delayed,3
5c42428d-d803-4060-a583-88a4128ee27c,5df23506-4d07-4065-b9fa-551e18641f60,2025-04-25,Delivered,1
a43e6441-29ea-4431-a4cd-caefb3fdb81e,ff25cedd-9f73-48bc-8a84-b7a416a954be,2025-08-11,Delayed,2
575b59d4-2cc5-4120-9b4b-3a7321d6d221,ed0655b6-4498-42a9-a8a9-a579234f78b2,2025-11-06,Delivered,1
1cef582e-a7ea-41b9-b84b-35e7cfd2dde3,4eb769c7-607d-4b9d-9d75-74f2e0bf638c,2025-08-05,Delivered,1
fe378e5a-380f-467f-8c78-d4662d46a9da,e288a128-ef3f-4fbb-b5c2-e911fdc95716,2025-02-23,Delivered,2
93cdb70c-06f6-46c7-a717-18bef0551096,0108d150-cad4-4c71-b1fc-b5b8b70f96a5,2025-02-25,Delivered,2
95884bf9-7733-4059-9cc7-3ab7d98c69e7,9e8a3b59-ae63-40dd-903b-d1edf4e6a155,2025-02-01,Delivered,1
0104100f-89b6-4482-8625-97bacac80e91,5514f87b-4497-442f-b0cf-57cf7036ccfb,2026-03-20,Delivered,1
62a10de5-a1f7-4188-b5b0-12d66f2bdf65,14f707a0-0e98-48c5-8a7c-632a54a7ecd8,2025-02-06,Delivered,2
e814979f-4d67-4e8b-b46a-6a36488bf31f,7c0bf974-7fc0-4172-b94b-2a916207cc37,2025-05-29,Delivered,2
30750583-fdd6-4afc-9fe1-f6c25a3e9fc1,87c801b7-f940-4f5b-8677-6ecb5b1685e3,2026-02-09,Delivered,1
7118c386-a25d-4fd9-b5d4-6daef9f820be,16cf9c9e-27e0-4fb7-93b9-fa314639168f,2025-10-11,Delayed,1
c6fcc1fb-f348-4189-9d66-15050d5cc987,5efca0c0-0b98-4a32-b280-8ff23183b80d,2025-05-31,Delivered,2
698c28b7-9c8b-4983-bf67-b6fb8663df49,2cc183f3-4a7b-482e-8169-5aadb0976e80,2025-04-08,Delivered,1
dd632f6c-d00c-4d1c-9232-1b327be68441,bc95cb4c-fb79-4526-a830-0c3d2c3c9b84,2026-03-18,Delivered,2
35106b02-397c-4e44-bb3e-0801b9ba8e7f,7c532f0b-5ea9-4acb-96a0-56812fae614d,2025-03-19,Delayed,1
7c939a18-10f6-4c09-a2aa-af26c77b33b9,a4b3b414-8741-4052-8b32-ac0b3b5ef1dc,2026-01-10,Delivered,2
50dacdf4-16d5-47ff-9f30-84b2afa0b31a,0d053bcc-182b-4430-902f-02f43de7c03b,2025-09-23,Delayed,2
d337e28a-c7df-4729-ab1b-bc545f52f136,964f4d20-5bad-469b-b64b-ff0cd5f28e86,2025-10-22,Delivered,2
973cc5d7-7c61-4bb6-b176-095e80bf5599,ab49c0b1-c3fb-4b71-9c35-a73b3b234753,2025-05-28,Delivered,2
6753faad-d9e9-42b1-b694-153243de429e,8bf004a6-3fe6-4f4b-93cd-f804fa08fe61,2025-11-19,Delivered,2
a8d59772-f25c-4eea-8bea-ebb25938ebe1,ef93421b-5c3d-4e45-acc7-7fedc5492c6f,2025-04-21,Delivered,1
ec85d47d-0ef2-45e3-ba97-2f0944694147,ffab13fd-1c65-4574-a092-cca1f0205cc4,2025-10-05,Delivered,2
57d7baba-48e1-4c0c-bd0e-46b6767c8564,9131ecf9-af1b-4b71-986f-b4f4e3634268,2025-05-23,Delayed,1
f859f6aa-ab3e-439d-9f2c-868cb243457a,82f98dc1-796c-44ca-8c4e-72ffdfd2fa57,2026-01-24,Delayed,4
73aea509-e31b-422f-a8f0-e42fe94a6514,7784edad-1f30-401c-9a79-d28f88fc71d3,2026-02-11,Delayed,4
9c5c0817-7764-4407-ae48-68c432cdded9,9c6fbef3-eeb2-4f36-ac92-c6af42fa1b3d,2025-02-21,Delayed,2
46911787-baf5-465b-bf49-4114a1e7db77,85b1acdd-4a3e-4930-b529-12fd55580e8f,2025-12-23,Delivered,1
27249e0f-85e9-4247-8bfd-759ce223a226,548cc853-34ff-4fee-bca9-fd7377cf0130,2025-11-19,Delivered,1
7fa1e0d8-b26f-4022-9b88-4f7e9d8cc551,37c596c7-17f4-4beb-8634-3a73d4de6a03,2025-08-23,Delivered,1
aeec471d-0b94-4d16-bb08-11d8cb875181,e653a461-0a0d-42a8-91e3-3621bb04aeec,2025-09-04,Delivered,1
cbef24cc-6fbc-4254-ab66-bf35781cf1c4,126e8975-ad06-4a3f-8e4d-19ebf2b970d4,2025-03-07,Delivered,1
2075fa67-bbc7-46d9-bd53-5223fcaea1d0,500a8771-9df1-4cdd-b8d5-5a0d2d3b9043,2025-02-01,Delivered,1
7ce0127f-fd08-45e5-9b9a-0803f36eda85,3a8b5e6e-124c-47e2-a91a-aae9f2dec9d9,2025-10-03,Delivered,1
683b96d0-ac40-4110-98c3-93ccea113eaa,cbadf0a7-2e31-42d3-bd6d-de7ab091afdb,2025-02-16,Delayed,3
0afaec3a-2f75-4929-b436-352095b1ac08,243ec3a5-5145-4bee-b9ee-ff0383c54781,2026-02-16,Delivered,1
1bf1221e-0527-48db-add6-45b487dd5c2c,cb4ed528-fbfe-4ffc-ace8-22b68d67fa56,2025-02-16,Delivered,2
ec40e97f-81e6-489c-8afd-a15d26e4c9bf,236a7641-04d9-4e6f-8759-caec96f142f2,2025-10-13,Delivered,1
189f69a4-66c2-40b3-9b4c-6a72220750d6,302ba8fb-9baa-4c27-89d0-fe6b816fdbd5,2025-09-02,Delivered,2
44891fb5-ce36-4d55-9711-873285a4d676,98616998-ca10-4d3f-ae7b-654f32d11492,2026-03-15,Delivered,2
bcaf00eb-c2d7-49cc-9c76-59835379bb1b,bb02e46f-4e4b-4703-a80d-0e502862dc75,2026-02-05,Delayed,2
482e2b23-e1ee-4dad-8774-3fb330a70156,a099a0bf-0d94-49b8-9299-b365a95137ab,2026-04-05,Delayed,4
3e6e60d1-c67c-4a7e-9984-f4d0b908004b,50a824f2-b108-48d1-b800-8fd48f4e2bda,2025-05-01,Delivered,2
5713220e-ba9c-4d35-a6ff-b5e7e5a3aa6e,e7a2f34f-aa77-4fe7-a142-e12d1e7f4740,2026-04-23,Delayed,2
e830bb33-6daa-438b-84dd-79fa105072a9,840b79d5-5d60-4d0d-a0bc-0dfcbcc12fa2,2025-04-05,Delayed,1
c1fc33c2-94a4-4c64-bf55-eb6a8a990dc5,e1d2780b-83ed-4d1e-bf99-b0c3a2d19047,2025-07-30,Delivered,2
3cf87bd7-c7b1-4c2d-9d68-17cc99554260,b509b595-8910-4984-b980-1be8236119c5,2025-07-05,Delivered,1
ef978029-91c4-4607-b76f-40727c246370,6479be4c-fda7-4077-a807-990875253701,2025-01-25,Delivered,1
2ab6feb5-0da9-449b-b156-1f77ce466bbb,73becb29-f99b-43aa-afd3-515bd3f8bc8a,2026-03-04,Delivered,1
b1ac227c-7145-465f-947d-144eaf5775a4,f754519e-2311-49bf-861c-11490dc56088,2026-02-17,Delayed,3
a5fe79c1-a2bc-481a-9d0e-5e876a95b979,25b3db05-22d7-47c4-b968-bb8a7a92642e,2026-04-08,Delivered,1
8856d80c-f13d-4311-8e6d-cf8bd051c052,e7c1e715-48f7-4fc8-922b-84424a2a3699,2025-03-15,Delayed,4
8c6aa11b-3139-4740-b451-3e6453090a43,df833edb-657c-472c-b5da-a2b3b9f22979,2025-05-31,Delivered,2
a10be8c5-2547-41d7-a072-59bf1e715185,5fb6de7b-9559-4cb0-b7d0-ebbb2619dae8,2025-08-27,Delayed,1
1b0a17bb-1387-492b-b923-a1cca9061a0b,23f5911a-c968-47a4-a7aa-fd2949613cd0,2025-09-30,Delivered,2
af1c6ff5-49dc-47fd-a207-17025c91c903,95c6a8e4-bf16-4db0-bb50-2bb92456b3a5,2026-04-17,Delayed,3
66d7fea2-c81d-4eed-8206-c5487e9f2b83,3c98d4aa-7e55-45c1-944c-70822483c702,2025-11-22,Delayed,4
dfba927b-09ee-4a28-b17c-5fba965165c6,ea1d4100-f492-4f83-a7d1-c858e8c0f487,2025-02-01,Delivered,1
ef41a76a-216a-42de-9c82-b558c5197709,1d556248-a176-4e44-b1ea-d7b96f088a7c,2025-06-22,Delivered,1
c2dd8235-12b7-43ee-b018-969130cf4a12,048546fe-b37b-41f1-961d-c9d0838d149e,2026-04-06,Delivered,1
6984b36c-4d24-41e2-b639-fb38ca82df45,428430cb-3d27-4bcc-8968-b6e61e90138e,2025-06-04,Delayed,4
24108aa9-3582-416f-b525-1439c36a9d8b,51812144-30b8-4cb5-a660-5e115388178f,2025-06-27,Delivered,2
56c4b949-1eeb-42dc-be68-1132f133e43d,e223fe08-723c-47ca-9770-a30465d0d17c,2026-01-28,Delayed,1
f3c6d78e-f765-431f-84f3-0dad8010e3f4,3426e4c9-74ca-478f-9ced-b71cd4e83af4,2025-06-05,Delivered,1
3462aa63-d528-461d-b976-22f8ffe689fd,1cdaedc9-c024-4b12-9b9a-63b5cdd1b0c7,2025-03-08,Delivered,2
47571753-caf7-4508-b603-99eafc269cae,f96d1c35-206b-42fe-8194-8aa4579766ef,2025-07-10,Delivered,2
c3949fa2-4cc6-488d-a54b-de954e36c6d7,c805d637-9b3e-4f79-9f26-b58bc7947ffb,2025-03-01,Delivered,2
391cd439-0b0b-4b07-bb36-ef10c5d98b1f,ce0ef7f5-f665-4936-9f45-f3e59af592f0,2025-12-15,Delivered,2
a3d9c3d2-6d71-444f-8ddd-1659aa944613,cf3fb189-aa49-48f6-9797-37a11bc8b4b9,2025-08-07,Delivered,2
5d61e22d-e76e-4086-b152-2b40fed1dbba,b684b2f4-2bdd-4c89-86cc-f50d7df178fb,2026-01-02,Delivered,1
235c4fb7-0652-431a-984a-25901dad0e1a,dcbc0734-3763-443c-b02f-4be33c6f1542,2025-11-29,Delivered,1
cf0ba52e-2e3d-4e84-b580-7a9081b898fa,54e314ba-cd26-4cac-a050-119d5cd67233,2025-03-14,Delayed,1
d1f89c74-5235-484d-9ce3-f070958fc3fe,0450890f-b66e-446e-a272-fcc759920855,2025-06-17,Delivered,1
1f261b83-c019-41da-963d-277b017271c2,19aa5e6b-a77f-4783-a398-209582fdc738,2026-04-20,Delivered,1
6e43cb82-5b5d-4b42-8358-f3d48c3271b5,012494ba-55b1-46d0-a07d-051f3066108e,2025-03-29,Delivered,2
8e1df37a-d8ef-4bb8-a741-eb03112a5ae2,cca29436-a2bf-4039-975a-77c3254c3109,2025-02-03,Delivered,1
a2368e30-a067-402b-861d-c848eaecbd38,aa5d1bea-3ca6-4684-809a-be5ad4edfccb,2025-07-17,Delayed,3
794a3ad0-08fd-4b17-9611-3fb6b36bca23,fb9df399-90f6-4231-8f52-a9014ec455c0,2025-03-17,Delayed,2
0a2cff96-b327-45bc-b1a0-78576e8f07fc,cca506aa-3dd7-4c5f-aa73-aeb8bbe08fd0,2025-09-22,Delivered,1
19705795-fd49-45a9-9426-b38bb1d77dd7,6d9dfc57-b27b-4e5d-b67d-862fb9a9d20d,2026-04-05,Delayed,1
e6de8f5d-4e8c-42c6-9d81-4d8c6587d451,fb0eb354-983e-4781-a7a4-fdf63148c094,2026-01-11,Delivered,2
cd6f83f0-6164-4d09-a118-070737463705,80bb72e1-32ff-47e4-9021-273ea84d8606,2025-10-21,Delayed,4
a04d111a-becd-4c9b-9ef0-030d6b72bde6,ed8a19bb-9fbd-442b-9fe8-e7d4c26c9d4f,2025-04-27,Delivered,1
1d8d5761-430e-44a7-9fec-d31b56d31ffd,d3eec4a7-2545-46a8-81a6-ad6592edec76,2026-04-18,Delivered,1
d25d01a7-b57c-4946-8ca6-222d7c38926e,0dc0f0d8-cc14-4a51-a779-4a2dad3b9a97,2026-01-04,Delayed,3
18c50ad6-db31-41b7-a420-a5b20941cc32,c03ac6ff-bdda-4207-be53-f91119b5a03e,2025-12-31,Delivered,2
0bb27f1d-5767-44da-b692-648c2e023027,83cc88ba-b174-41a5-801f-7468b1659275,2026-03-17,Delivered,1
db320660-d5f4-4d12-8f9e-d1064b0d56c6,5a327044-14c5-4d57-9abc-37836baa9383,2025-06-14,Delivered,2
be9bec37-8e6e-44ee-9d5f-4e1c9ec46555,d11d9c7f-310b-4b84-a185-ecee1c1af7d8,2025-08-15,Delivered,2
17983b19-e522-48f0-a056-65f6dba72d9f,37fe24d5-d6f1-425e-a72e-dd922828a8cc,2026-04-03,Delivered,1
abab9932-fbef-474a-9053-9e27d839c0f1,0b54c1d7-bf82-460e-bb1f-472addfa048e,2025-03-10,Delivered,1
f086d0b3-4d62-4249-86a7-887500c530d7,e3779d55-f020-4e85-8abd-38b9f07ec57e,2025-03-26,Delayed,3
e164aca5-b313-4d22-ad0a-722b63666bb1,bba91577-7a5c-44cd-94a6-d35d624ab3c8,2025-06-17,Delivered,2
af34404f-7a31-4061-b183-5dfdc5df01d3,3698a364-ecd3-4b1c-bc78-227721630002,2025-07-27,Delivered,1
3aa6411b-5ccb-41a3-b3c4-d7cd8f61f5ad,91ed87b3-9596-44e2-b791-6e4e0c55d556,2026-01-06,Delayed,1
7bd6d368-d444-48b1-a179-51f32db0db0a,a1f58995-3499-4153-8be7-27e2dbca1e78,2025-03-30,Delivered,1
16471e22-339d-42a3-a95b-30bf9c3e9932,f21d334b-517f-43d2-8642-270c9e2fa12b,2026-03-29,Delayed,4
3f79263f-e7f5-430f-9d1e-dc043cde76cc,c5caa7fd-55cb-4027-b171-3ac8338d029c,2026-02-03,Delayed,2
cb140d02-826c-403a-a91d-ecc68c7fe23d,e803499f-bed2-48ee-bd31-09de14f64c7a,2025-11-21,Delivered,1
4bf6e203-1f74-41b6-ac32-ef2d73d6d89e,8b820e7a-62e3-4614-b6be-c5477b3c7136,2025-07-23,Delivered,1
a533c2d7-1159-40d8-a6cc-b6dc509e43e9,b68a7266-26b0-42a8-b1e4-97378d03af4f,2025-11-17,Delivered,1
ad0e4969-1256-4795-86ba-4e276d677bab,8560ae78-5e4b-40e9-86ac-71379e401d18,2026-03-21,Delayed,4
6394d0d0-f714-4c53-af71-f07f14a77f45,bb45fa7f-eb6a-401c-9c7d-09d9860b7271,2025-11-01,Delivered,1
b228a502-36c3-45b6-8675-84e8de65d0b0,b978904e-bcc6-420a-88d5-725d9570a331,2025-06-24,Delayed,2
7a7512d8-c3d7-47c6-8500-3b73cc9f6e8a,f45a28c0-a799-4baf-a860-0522e11a3bb6,2025-04-18,Delivered,2
242360e2-0f97-4cff-b3f2-970bfb7e2a26,6f84e1af-7b94-4627-b46c-0baed79559f8,2025-08-13,Delayed,2
9ff0332b-668d-4b61-89b3-1f402fe6f923,20564a46-e70a-471e-a367-c2cd66c4c9d4,2025-09-14,Delivered,2
a2f849e9-281b-48e2-9017-8b98a7869e0e,3639a04c-2c14-4314-8c9b-17de74c56659,2026-03-19,Delivered,1
b9425d51-93ab-4a21-905e-8868f24490ee,b26b500a-ec1d-469c-a175-d3cac5f317ca,2025-10-11,Delivered,2
1de6201d-f0f8-495b-ab8a-aaa83ee493d3,3bbef547-62a3-4e82-9272-b7d4c6d63b40,2025-06-04,Delivered,1
b9e1b75a-1e83-49a9-928a-363cc3b4f299,683d583b-e306-4539-9115-47a4f182f866,2026-04-09,Delivered,2
0f7073ec-56bb-4c2e-b643-3bbabe7bd413,e44e3ed0-41b3-4e89-bda7-b76e6a7167b8,2025-11-18,Delivered,1
42755853-5a26-4cde-ae73-1e6d01a812e9,91efc832-4da8-4bf2-b409-92bb72dff1ef,2025-07-21,Delivered,1
93dabd0a-8cab-43b0-960f-0cdd8166b023,b2ee5a67-4d2a-4cda-97e7-115743f34572,2025-06-06,Delivered,1
69bc86cc-0559-4c01-a516-3cde832b214b,2aa2d231-979e-4f49-98da-f786467ff0b9,2025-02-10,Delivered,2
c2c0e7e8-8329-4733-ab32-cc8b5f07e151,590419e7-1140-48b8-964c-f23438f2de7b,2025-02-20,Delivered,2
4747ce15-0b97-4b0e-ae74-a50ed0015d9f,97eb77f6-910b-40a2-a6fe-d9d78199d3d0,2025-12-29,Delivered,1
1c54fcb4-2cca-4440-a896-724b273c5800,fdc31ec7-a3f9-4b58-8ccc-78a9b5365465,2026-04-11,Delayed,3
4a8e5044-bc71-42dd-a046-51365677c8c7,ece6b990-d4bf-4bb4-9098-ecd4cd58c96d,2025-11-28,Delivered,1
00a4e1b2-4d96-4d2f-8078-11653e877a87,3136cc46-e7cc-4eea-baae-e4e57d201748,2025-12-10,Delivered,1
1dcb19a6-ab5d-41f1-a75d-aec658111774,881bef23-84ec-49f0-80ab-ce835b55aae1,2025-07-25,Delivered,2
80e120e9-8e75-4013-84f4-5fb1aad5511d,c4bc867e-b982-4948-b9be-9232353a2d73,2025-12-30,Delivered,1
9d37354b-48db-45bc-af1e-faea5c6078a5,b656d26f-c333-4632-bfd9-ef0c3c43e32a,2025-03-25,Delivered,1
fe556443-416f-4031-9e50-570efd999460,75b91ffd-0a90-4251-b77e-351861dc017d,2026-02-18,Delivered,2
c38ce9de-3dd0-4b6f-b9e4-0ff0c773ab1f,e2c8021a-fb85-47a5-af25-b4a746cf5d6c,2025-03-22,Delivered,1
2888a7fd-046e-4d20-9904-0df5bfa7c2e3,72958f91-cbe9-4e6f-bf8e-bf662066c600,2025-03-20,Delivered,1
f65cc329-40f7-4301-9428-b04fa58a3d58,88a3b31e-99a5-4454-8fc9-1c5714e83f0a,2025-05-30,Delivered,2
cf2e0ea1-4e3d-4f81-8130-895499b07c97,1fbfeea8-348d-434a-b65b-2dab4031968a,2025-07-30,Delivered,1
538c32c6-c61a-4117-872f-b15200553917,ff205fd7-6ddd-4ff9-a777-5ef92d4637cf,2025-12-31,Delivered,1
9c82720f-aeb7-495e-93eb-6d35654bb4aa,7610c65d-2b4a-4b09-a555-80ee0343202f,2025-11-22,Delivered,1
085a3798-ef4e-4c7d-a5fe-991a1c10baf4,1813c593-4bff-4dd5-bbeb-41109f0c3d7c,2025-02-15,Delivered,2
ea421b47-620a-4581-8990-31ff176d3a0b,b7165893-8ef7-49cb-9356-4f237254e40a,2025-08-31,Delivered,2
f11e5289-60d1-496e-8c42-0ba6599ebf64,facf72ff-1faa-415c-9d83-7137f8124d88,2025-09-03,Delivered,1
0a68be68-eddc-4a96-bb87-949f1317ce48,a03d82b1-ac62-4654-8984-4a05066b136d,2025-09-19,Delayed,3
b2cb5376-6530-4fbb-aa4a-6aa2ee77004a,b89c79a6-e878-4e44-86ab-c2168fe88b15,2025-09-13,Delivered,1
63a5c67f-5b8c-44b0-8ac2-6e80ac211622,6ebbfb7f-03a0-41c2-9465-6f953b89e984,2025-07-21,Delivered,2
a84c5ed1-84de-4a42-9c12-eb208b93b749,8ff509c3-c8b9-4f8a-8614-7741aaef5a9d,2025-10-11,Delayed,4
dfbc5b7e-bb91-4028-b1bb-644d3aedc4ef,5ae918c2-1b0f-40ed-a436-19091cbca720,2025-05-06,Delivered,1
06feebc3-d665-442f-be54-a4a7d033600f,f598e991-471f-4494-81a6-676b855fdfd3,2025-09-29,Delivered,2
bf883a9b-2844-4a22-a3af-f35ce2bd2064,8a8b18df-e3c8-4e27-b43d-b66d8bcc2c55,2025-06-22,Delayed,3
f7839630-f40a-474b-b3e4-8590af6953ce,ab3e151b-cef0-4c25-8667-68c0fb4fd589,2025-10-19,Delayed,3
ba789567-60f7-4bdf-8d2e-6d25e5d795c5,c4e13d20-c026-4c15-9ab3-317301fcb02c,2026-01-20,Delayed,3
44cb7999-79e5-476d-a874-67596b9110f2,130f82fe-9080-4c9e-97bb-07de338c2a4b,2025-04-25,Delivered,2
2c6a9efc-9d71-4f78-9425-0563ca83b9ca,f58edd7b-e372-4251-8b0a-c9e53f0ccad1,2025-10-25,Delayed,4
3350ee9a-40da-4ee7-9fe6-098f8b71ff95,dd8d8b7c-8372-4e70-9fa6-01045a3dbdb1,2025-09-16,Delayed,3
07b9fe82-4878-424a-a622-4cb14d653880,ecf36b66-f514-42c5-aa39-ad90c3a898a6,2025-12-09,Delivered,1
6af195b1-cb9a-415b-a3e3-6acd224da0c0,91211239-e232-4ab7-a517-db3da0a8b148,2025-03-08,Delivered,2
5a2fa262-9d1c-45be-989d-d04d773e9f74,0b9a2e32-8706-46cf-b08f-4e34ef788d4f,2026-02-25,Delivered,2
68a1f446-149e-47c6-9694-5ec5f7be9f49,e1a3a561-4bff-453f-a302-dcce0a715ad1,2026-02-05,Delivered,1
98f8d924-af8b-4b9e-ae0b-1e0b2b772a95,85177f2a-ac72-4fc5-8177-348146477958,2025-04-30,Delayed,2
72348845-6c0e-405e-b0e2-9ee2826d16b2,8239b416-2cee-4569-94e9-0f7006fc156e,2026-02-27,Delivered,2
022340fb-74d8-4bf7-ac5a-380dc2ac9ac6,6a1c49fe-f519-4e47-bf0d-7cb305222d0a,2025-07-01,Delayed,4
e5d2bc93-415b-4e56-8531-01a936564bf2,f3508833-d83d-4259-8ba1-c66d0ed68eee,2025-12-29,Delivered,2
56aa8fe0-fd90-4f91-b66c-c377bf95a485,2d94d8f4-6f48-4197-992e-5a8230f9752c,2025-04-26,Delivered,2
c9a1a284-0203-4adf-8bd1-9817ef9e002f,04fd182d-247c-4435-b5fc-4f85e1c51e2e,2025-06-21,Delayed,1
56732a5e-d654-40a0-adf8-bdbb1e65bee0,415b03bf-72c2-45c5-91c9-4f2289909c26,2025-07-11,Delayed,4
cff2e829-a42c-4032-af6b-dbea23a9542a,c6d553a8-556e-408d-9f15-cd9383107749,2025-09-23,Delivered,2
6b950e34-c666-4891-897b-3b46cf8d0124,7a53c3ec-0815-47ed-a732-4e3fd7017eb5,2026-01-21,Delayed,4
45b7537b-2663-4d88-97b6-e6ac155a29aa,34644dcd-a101-4594-af17-edc42481e2d4,2026-01-17,Delivered,1
85774260-da0b-4b63-b86e-ec21e9260160,dd17ee8a-ec06-4e0e-9359-5eecd66fd19e,2025-07-30,Delivered,1
cd445a7f-b6bd-40a0-be27-c8b591457fce,c1a613c8-c46a-4ca2-b976-f7a4e475f279,2026-01-22,Delayed,1
c0d0b4e0-4d85-4527-be57-36d072ab6566,e7f046c0-02d4-4583-bbd0-282423d193ef,2025-03-15,Delivered,2
7144d469-ec5b-4baf-bffd-5f7daa97eee3,50b7b06c-6dcb-4c0d-b333-6e840a9dafe3,2025-03-12,Delivered,1
b5cbb431-0ba9-4e1b-b64a-ee95cffe51e0,235ad0fd-5070-403a-a9fa-b226ed9a8bde,2025-02-03,Delivered,2
69d0e5ec-25b1-48ca-bb66-79041ef0bc8b,6db8045e-c488-452d-bf58-cb773f2171d5,2025-12-19,Delivered,2
bde04396-6287-4ffd-9b0b-5501be9ec0bc,31e7a3f2-8de8-4789-a23a-5ed191fd0eaf,2025-11-23,Delivered,1
15ccf145-7007-4ec9-bd35-5f23e49f4b23,87bef224-c7aa-49f5-8b1d-b589464130a9,2025-11-22,Delivered,1
66c17459-9d17-47e7-a369-0016f1617c79,70b3f4aa-13e1-4531-8c4d-bdec4d59c706,2025-07-12,Delayed,2
e0f0e6fa-7f5c-425e-8231-715cb6f8eaa2,4bb105cc-6d4f-4410-9af9-f090839fe786,2025-04-30,Delayed,2
43e84db8-47ff-4a23-872d-b89da1e17b00,9f3fbc74-45c8-4be3-b301-14152d2ab2dc,2025-05-15,Delivered,2
01da8b0b-6fd6-4c16-baca-3fd66523b3a4,fbd45f5a-8e49-437c-9f80-b764635c0161,2025-11-12,Delivered,2
dac34bdf-6e86-4377-9150-c01a0eca0438,477db4e3-64aa-4daa-962a-a72ff81e5690,2025-03-14,Delivered,1
d792553b-cac6-415f-bf60-b99bb2042f92,e1ca746e-3d08-493c-92b7-71838425f935,2026-01-03,Delivered,2
32d8502a-fe0a-4030-9988-6e53beac1a3e,1f5ef1dd-5a82-45b8-b313-7254b378213d,2025-11-03,Delivered,1
7c417641-8f69-4f06-9c83-79b60404dd4b,daefa4b0-b083-4654-88e7-510b24f39035,2026-01-05,Delivered,2
8a78709e-292b-4ed1-a6b2-a32da21a281a,0387329c-a533-4ec8-834a-0aaff0e08384,2025-02-21,Delayed,3
82dc7e8d-67fd-49fc-8057-1a1206373819,84dd0cc1-a785-415e-a77d-8ffdf3d09be4,2025-11-14,Delayed,2
cda45f21-b924-411b-8d31-530e7900d9cf,018c24b5-38b1-4c6e-9096-dcf97aadfe00,2025-04-04,Delayed,3
5940cdce-787c-4130-b358-22a789862b0d,b5c9e9a9-87db-41ef-9a35-7f5430fc6a41,2025-04-09,Delayed,1
bf34dd16-5468-4494-8afd-b4c6c04806a6,35680a78-96aa-488a-aacf-12cf7a6e3b2c,2025-08-05,Delivered,1
938cf564-a69a-49eb-a3cc-e255c7a10291,7167e90c-8276-4a82-ada2-7da85dfafd9f,2026-02-11,Delivered,2
88a201b8-eea5-447b-bb0b-9efad4a47950,f9e3a869-7ebf-41ad-ac1f-72088ce9ecfa,2025-07-10,Delivered,1
e38e4832-8994-4426-be6c-54ffa2b44ac4,a8893365-71fa-4a57-81c5-38093ea5c98f,2025-02-22,Delivered,2
1d14aa9e-530a-43a5-8daa-e645fbc1dbcf,62ce9a72-4d46-48fb-bba2-e80ecd8b45bd,2025-08-06,Delivered,1
fd5c9eac-43d8-462d-8243-6e1b57c7b481,9e249e15-0957-4ed9-ab50-fd78b9095201,2025-08-25,Delivered,2
cfe298ba-14e8-454b-8b5a-e06a2b06eca3,f945b990-7a1e-4064-912d-e3dcb8d4e35f,2025-03-09,Delivered,1
e6b64677-c0ce-4186-999e-c53fb8e9974c,ef3d12e9-750b-4161-952c-65085ace4991,2026-03-17,Delivered,2
fe70ff24-c8d5-4a4c-b139-10a19a09df11,e6254fc5-2a7d-4e8a-9925-6cc24fecbf18,2026-01-17,Delivered,2
6584fbd5-b155-4e8f-a768-e7dc8fa21239,2101bded-52e2-47c7-96ae-8f024d29fa32,2026-04-11,Delayed,3
0f912773-27b0-4fbe-a121-fe63b28b2d51,7a9a4eed-66b0-4d3f-bc4c-fe8e611dc2ad,2025-03-25,Delivered,1
15a7ab44-5d03-4f2c-b261-836707e21df3,4d5ad7d8-a1c0-41ad-93f0-6e6497986e51,2025-09-10,Delayed,3
12bbfaaf-5b18-40ac-bf01-43842fc31038,a3065a45-b8d1-42ae-9f74-2131c6bf513b,2025-09-13,Delayed,3
9f50cbb3-3bf0-4b7d-ac73-f6fbe6778459,88cc7e65-3b5f-4674-8281-b849feb20988,2025-08-16,Delivered,2
825ee1d3-0a4b-48a8-ad73-b5d36c061de8,5c9ea636-0436-4969-8be9-0e631dcee816,2025-02-19,Delayed,2
0de4b9a4-6e5b-46c6-95d7-3b9439c38ef6,22eb196c-cd72-421e-b87b-da2d51125d1f,2025-07-11,Delivered,2
81f06d60-a5f1-4427-a0f5-49e4169f2377,66697c3f-3acd-4ce2-8b1f-61b2f15eb2f0,2026-03-12,Delivered,1
d7d1daee-7e70-43ee-99bd-44d4e26a4154,67541f11-8c14-4ac7-a728-1334592bcac2,2025-03-08,Delivered,1
c938d68f-45b6-4bce-862e-81bcf3e0f1de,60442226-9f0a-4aa5-8c4b-6b9a341ffca0,2025-05-07,Delivered,1
47d7708a-94a7-4508-9fc5-acd6df79ba2f,e0cebb62-a6a9-452d-901e-ca1d51f6bab0,2025-11-19,Delivered,2
f6fe36cf-48fd-478d-a236-f70b431915b5,580e9822-fc43-4bae-b294-53915eed340d,2025-07-27,Delivered,2
6a189221-8e33-4105-9795-61fa4ead243e,9f74fda9-9fac-44db-ab80-2441456fae62,2026-03-27,Delivered,1
168cab59-44d6-4f1c-99bf-22f8b6756f99,ee05c2b4-3d0b-4819-972c-4a1dea2678e5,2026-05-12,Delayed,4
65c94c7b-3a6b-4d3f-9e7d-ff918494cc2a,14ab11d0-0573-4867-81f3-52ff6dc5091f,2026-02-07,Delayed,3
52b17f29-494c-4779-b5fc-cdde33853b64,ef7a8907-12c5-4827-b89a-21f8d2579cc2,2025-08-10,Delivered,2
7289db5b-6706-43d7-8969-7391ac034afa,548e44e7-5e07-4dbd-a8d6-79af3b687559,2026-03-04,Delivered,2
7d7da4b0-b04e-4309-ae00-0f60bae1e924,ed232d6f-bd89-49b9-88e8-5b8418b7722e,2025-12-31,Delivered,1
7bc8f0f3-796e-4c22-9acb-debea33d4c0d,ae886250-bf90-47d3-8207-ae7ed58d61fa,2025-03-30,Delivered,2
44e833c0-0d73-48ba-8af2-e08ddf3f3c70,b7feb5f4-4e49-489d-990a-ca5cd960703a,2025-06-16,Delivered,1
58574cd1-0849-4e2a-acdb-8b785358e918,14e9f6a9-6f47-41e7-85d9-594694bd8ceb,2025-09-06,Delivered,2
6723685f-8144-4aa3-922c-6dcddad5cc14,4eede34e-6404-4ba9-a523-23686f648973,2025-11-28,Delivered,2
4c62da2e-ddf9-4991-8230-d10abf9192d0,fab5428a-fcb3-440b-b566-4b95e0e0ba97,2026-01-22,Delayed,3
0ec91049-f2e9-4426-bf0f-2c40dc8a1e33,ce6b3692-30c9-49a0-8d68-be59c74ef80e,2026-02-23,Delivered,1
99495aed-ca35-48af-a036-be0085f31328,b0478098-0151-4982-a716-219c0f46a442,2025-05-26,Delivered,2
8bcefb3d-4522-42a0-86c4-5de8f71e8e07,7c8de244-43bf-41f1-9ae5-dc3572249556,2025-12-03,Delivered,1
d0c367cc-9c09-4db0-a77a-80ba0d42cff6,39b36dc8-8940-4dc8-b249-90329fd08b70,2025-10-01,Delivered,1
b275f0df-a996-4fff-b133-2bc3ebde9082,b7a0b94e-615b-4c04-b31e-bc63e0e0f1aa,2026-03-28,Delivered,2
f534bdc4-9404-4635-99a8-26ecc4b6fc60,c43afc60-ee96-4f2d-9dc1-e4cab0928d34,2026-03-09,Delayed,2
dfe9f51a-3442-4c1d-8e17-8ccc15ffda53,f2b3e3f8-5fbb-48bd-8a1b-50d0146a8cbc,2025-07-30,Delayed,1
38a73ded-c241-4a22-b5a7-8a0a6e1c2de0,54b85925-9fa5-4eee-8e57-47c633f0137e,2025-08-17,Delivered,1
6aec2799-70f9-43cf-9e28-c9984b6eeda0,62ffdda9-da4f-4716-b616-0898e0c4c6a9,2025-05-23,Delivered,2
ce24ad14-6633-4bd9-af91-b9c68d5e7b5c,15a9373d-dcf5-422e-98e7-60a3bd63d385,2025-12-25,Delayed,3
217fc099-4080-4cbd-a676-14cea25b588c,6f7acf43-f45f-4f00-a4ab-2d11e4ad2c1e,2025-10-23,Delivered,1
c5d217ec-a20c-4923-ac64-a9a30a694323,50721cf1-cc4c-4103-8614-bf7752d7d8b0,2025-09-01,Delayed,4
2fdd55c6-8ccb-42b9-853f-5f9b728bb620,65703720-5439-4070-873d-6933af6179ef,2025-09-16,Delayed,2
206d177e-19c1-4323-89f9-49b7ef8c2d59,555314c0-d3c2-45ef-8e1b-2c7452df8a13,2026-02-10,Delivered,1
a7cbe88a-196b-4104-b271-3ebe3b198c9f,aa3f9cad-d078-4f5a-825e-7746ab276cb6,2025-03-11,Delivered,2
054ef219-d5d4-4c41-8dca-2e09ff8f5a6c,d838d0cc-2a11-4a52-8e8c-e1d600ee565c,2025-03-18,Delivered,2
494baf86-2fdc-4e61-b510-1f000cdfdaf2,7744c133-8f0d-44e9-a8f2-cedf0fe586a2,2026-03-16,Delivered,2
c013733f-fdfb-49a6-bf30-55f54854ee8c,a4cbe6b7-1bcb-43a4-8469-1749d96cdeab,2025-07-03,Delivered,1
8ce72ebf-dc3d-4f0a-b957-01aaae79dd28,e1e329e0-2105-4f21-bc3f-f9639e30216e,2025-11-28,Delivered,2
0c07e845-7981-4bd8-b204-85af0a4f9f24,aad3653d-a84c-4824-87da-39ad10b5eca0,2025-03-17,Delivered,1
ae842cdb-1254-4627-821d-8215e5600b69,3601f205-cc19-4677-93d0-a180397ec5f7,2025-12-31,Delayed,2
4157cb37-4adb-4907-99c6-12ccdeda33a2,b9d7465d-8b60-4987-b836-b6c36007e676,2026-04-09,Delayed,3
efd39b97-a201-407b-9d5d-e70d10e90066,ad85eca0-c541-4039-b9e4-bcfbc3eb2f1b,2025-11-10,Delivered,1
60d55a44-9460-46a8-b04b-8d708627f5e9,c0eb0ba2-eb64-4edb-bb7f-ebb89057de29,2025-12-21,Delayed,2
2ea4d847-c9b0-4813-bca1-e0b790459e69,358b709f-6bce-40c5-bf5c-ae2bf2f23132,2025-10-30,Delivered,2
f7413253-8920-4094-adcf-1336b0f7a636,2d1cdf92-6fd1-453d-b9c7-52508838a344,2025-10-18,Delivered,2
4fddbd81-2a88-455c-90b5-a3abdf642e15,533b1b95-175c-4c41-8a48-a79db00a03e3,2025-10-25,Delivered,2
740b956a-a2ab-490a-b340-3dffaececfc3,0345c821-9f54-4389-9f30-51db6c26051b,2025-03-10,Delayed,2
f2b3ed48-f24e-4176-a561-a9982955239d,9e149ce6-64c7-49d6-a17e-a07cd4712c0f,2026-01-07,Delivered,1
a11c1ae2-26fb-4662-bbb9-426842a45f27,746c9411-3162-4bec-a429-06608170b460,2025-04-15,Delayed,3
a6966bdb-f58a-4f5b-a7c4-7f322f7190cf,57d4dffe-d702-4309-8f85-20f37ea454c6,2025-03-07,Delivered,1
fd00622a-2578-4b9d-b85f-e87dd846da63,42875223-dfbb-4d39-a084-646d35bfaf8e,2025-05-24,Delivered,1
9dc41052-37f9-4278-9748-f7a4981d189f,679c8b02-d3b4-438f-a99b-dc9d7a3b69fe,2025-03-01,Delivered,2
bb8f9c98-b550-40d2-b491-2ea42fad5128,a96cb465-5bf8-4f9a-bcd5-68a222377d2e,2025-08-29,Delayed,2
43bfd05f-3bca-4b60-86e6-bc89d8623b3b,df0fa426-98b6-478f-9ece-4482d212114f,2026-01-31,Delivered,1
5f907ce4-b7f0-4531-bf88-35530fabcded,a160326e-bae2-45c2-b2c6-feec23b11412,2025-02-28,Delayed,2
c7531b77-859b-4625-84fd-5f81c5816d77,20c29c62-5037-425f-8599-74806e746b86,2026-01-18,Delivered,2
71da250b-cbaa-46ed-874c-4b200162b830,5ec8c601-d5c4-4894-82f2-5235d5924158,2025-10-10,Delivered,2
5867d452-66ee-49f5-b03a-936db727b832,83a39475-48c1-4acc-8126-14e7fcf8c3af,2025-03-21,Delayed,4
b424c939-7c9b-45f8-9b39-485d279f3a47,d9045e85-af3b-4578-93a6-345a4d237853,2025-11-27,Delivered,1
228cc090-f729-409a-b258-79906935f580,d38a5138-8a9d-4523-aa34-06313c2767e4,2025-01-27,Delivered,1
c950b2be-7455-439a-84ff-8d67739fc658,264cd43c-98f1-4b5c-bcd7-2ee1c6b7ef47,2025-12-08,Delivered,1
6053f6d1-e687-4984-996a-1db281dda178,f40ec8f5-3a38-4948-8556-b83b3c51aca2,2026-02-24,Delivered,1
aed6729b-311b-4fb2-9507-0d993d42315c,6a7a5097-5a65-44dc-990f-a362748622e8,2026-04-04,Delivered,1
a2e398e2-1c55-46ae-b321-1dbbe2cf9f1b,44e2ff45-c23f-4e71-a81e-38bb62e57125,2025-09-29,Delivered,1
5df6469e-76f5-491e-a858-fe481c013d5e,8794942a-1973-4a32-b543-5d0c30461f94,2025-06-01,Delivered,1
659546b2-2c10-4fd2-bbe2-579f11f8cc75,a8dc820e-246c-4658-8d7c-3469048b87b0,2025-04-23,Delivered,2
7de93430-b836-44b7-b89a-7ef214e75d38,db57fd1f-e1ff-4496-80d0-5ed9e6f62c33,2026-01-06,Delivered,2
2c88ecf9-eaed-4619-8db6-c4177c9f2652,c5fcf384-bcc1-4b44-a5a9-d175c8bea32a,2025-01-21,Delivered,1
68403c33-227e-4188-8e9e-0d22931c1db6,9b3c8b1f-5fd7-4519-8f3b-b6bbe992cc22,2025-05-27,Delayed,1
5e04ee0f-b2e4-4754-b0e9-5dd7ca28a5b1,219de1c2-84d9-42e0-ae11-5b653abdab46,2025-11-19,Delivered,2
81a4c5a0-caa3-47e3-a7ea-35a530955dc8,85d4a183-532c-479d-adb8-902df8f4c5df,2025-03-21,Delivered,2
fd8802bb-03de-4ec2-9a87-e13e6a9ad05f,d05df162-9547-4ab6-a70c-e54576d1a8ff,2026-01-22,Delivered,2
03df230f-5978-4bd3-b776-a7bef074fc64,2119efd6-645c-4133-b512-e219205c0d51,2026-03-23,Delivered,1
e9a68952-5a46-4ba5-889a-62ccb7c7b749,7ee15b97-c3a0-470a-92a2-97cc53da205c,2025-05-27,Delivered,1
088cc410-793a-4a6f-a64e-7e0de4df7256,e51fb79f-3e9a-49cf-ad06-78eac5837e13,2025-05-02,Delayed,2
1f091203-2474-4caf-8a70-bc4360cd9dfb,699a95bc-9e88-4540-9405-30cde56c13ea,2025-06-02,Delivered,1
c3e90d93-959a-4574-9536-d0ded1d60363,ba3cca2d-2c26-4c9d-bdf9-53bfa4193b6a,2026-03-18,Delivered,2
97ba856b-bfa2-4643-9750-775e7fe8e656,4dac7fb0-5d3c-4fb0-a83e-7ce04ffe6c54,2025-10-19,Delivered,1
f854afc1-6431-4a07-a3ea-2f77700a7c18,4b7d78bd-ff56-410f-a119-036ecaec0bb7,2025-07-18,Delayed,1
4c621f24-4027-408e-8826-66d036d4961d,c4dd30e0-258f-4094-bb44-bcf27f3b9249,2025-08-19,Delivered,1
2face5be-fe6e-4695-91a1-5631f117a75c,a21a9994-b31d-42b5-b838-4c8dc8457986,2025-03-05,Delivered,1
bce33e90-460e-4e50-baf2-0b75fd6922db,5d3a2067-e829-46dd-8b83-e7e52835ded3,2025-04-29,Delivered,2
6254f1f4-4196-4d18-af44-e5a3d1915904,6f9a7401-5767-4060-b6e8-7de3eed133f0,2025-12-11,Delayed,2
4e09eb55-d01f-4c55-b74f-e2b0546849e5,09fa0956-9d61-4015-bddc-9538cba98e8f,2026-02-18,Delivered,1
bf100cfc-b887-4ca4-8eaa-318e59d7bdb3,32e1afbe-4d43-4f84-a98c-7edf0ec5339a,2025-11-20,Delivered,1
e4323ba4-66e2-496f-ac42-7323f7e50f9b,d9ba5ea1-45b4-4eeb-8696-543232b1b303,2025-03-29,Delivered,2
5da8d3c4-626d-4048-86cc-8271c05fa178,52f7362a-ac10-4b7a-b80b-fb4888785f24,2026-04-02,Delivered,2
b4692a49-5edf-462f-b134-4184cee9a36a,7e2ce994-e5b3-4251-9cc1-645cbdf8bbbe,2025-11-23,Delayed,4
c1ff82ea-76b1-433f-87e6-796dd461a169,8c96ed1f-6077-4480-9041-eee97307654e,2026-03-04,Delivered,1
b7ef15d1-ada5-4445-a0c7-a8d581c210d4,30e186b8-61ad-4d22-b190-212820487cfd,2026-04-14,Delivered,2
33fcaffb-d5b4-4f50-bedf-5f00493b8601,c10d9d6d-c4e1-4fb7-9fc2-aee719d28d64,2025-07-10,Delivered,1
8a88f792-a530-48a1-be0a-991146a22bad,2e012251-0754-49ad-979f-baf93a047eee,2025-05-21,Delayed,2
f024ae7e-26d4-47ff-8749-71e293217d2d,79a77668-6acf-457d-a345-112e465c1baa,2025-02-28,Delivered,1
6d1def42-62ee-4c61-82bc-f26d47b91715,3408b7a7-2469-4432-a99b-7d3c7225e3e3,2026-02-20,Delivered,2
665b16c1-ded6-49fa-8660-46430d18c204,3fc654d6-bab1-4c67-a686-3b420cb7519d,2025-07-07,Delivered,2
6603238d-ea7e-49ec-b10c-c4032931e3d0,67d71486-a85c-4e54-888a-06187e95ffee,2025-04-03,Delivered,2
093372c3-4294-4c5c-8dc0-18f2a23c9333,98977eb2-6b36-41f5-9e14-4f5623cca2aa,2026-01-08,Delayed,4
eaf82ea4-2988-4c38-b10c-3c9950f6bb28,91984595-f299-459a-b273-577f0114d29b,2025-04-16,Delivered,1
0bb57267-45f9-4e00-9ce7-b161c0bea5a9,d99d7628-9065-4573-a792-72c5b2849528,2025-09-08,Delayed,2
9ecd039c-3282-46f5-8ee3-0b0014e70e78,50d2916b-dd5d-4f6c-93c5-ab02b009eeca,2025-12-14,Delivered,2
e26c1db2-542f-4f76-baad-79f427155ba5,c48e9d6e-0e8d-414c-80a1-f335d168f42e,2025-10-27,Delivered,2
45bf1961-52bd-4822-a6b7-21c473251367,0d5002fa-5f10-45a2-945c-1f88e5f1f7d6,2025-09-24,Delivered,2
b3df1cd0-a6ad-4d11-9fe0-9361f8e91a41,22462556-a231-4228-ab9b-48ead96c21c0,2025-09-16,Delivered,1
a7e730f2-58f7-43ac-8b6c-9c1333d056a4,0cb08e9e-983f-4be8-bc49-be8a928291ca,2026-01-31,Delivered,1
4f13521d-0dff-4ad9-9bb0-3376e342ba78,9ff01039-2e0a-41e1-84c2-71349a6369ae,2026-02-25,Delivered,2
6eaa043f-57b7-4906-bcc8-402666500fd9,66ee6920-4632-4db3-b7f6-aafde7e251bc,2025-04-15,Delivered,1
8c21e035-2f81-41e1-b58a-8ba03f752bb7,f6006d4d-a014-4364-aaa8-cdbe9896ff08,2025-06-28,Delivered,2
57f95b82-1b5f-48e0-9911-c8b2f448eaa9,3e5ffe00-7fa4-491b-9dcd-17369230d3ae,2025-06-07,Delivered,2
1388a261-bf52-4fba-b3ef-d797a26844a6,bf529bed-1fd2-4810-b6cc-9b20eec5205d,2025-08-09,Delivered,1
c23ab327-b312-4cd3-bc94-768b74557de5,8b34af0c-888d-4438-b8be-bfacf2856ab2,2026-03-24,Delivered,1
ade353a3-55a8-4491-8054-cc48bc1b250f,64bed278-9c81-43c2-9e6f-6147b8fb0c59,2025-12-26,Delivered,1
7ebac646-27ca-4389-ab4f-678fc7015856,a6571035-62ff-46b4-a707-7f3a336aa99f,2025-04-05,Delivered,1
3292d0c6-c743-43ee-a79e-817b9311fb23,49a37776-ebc8-48a9-ae90-6136ed0eeaf3,2025-12-24,Delayed,3
90fc489b-678a-4e85-8714-f516bcfcf0f2,39d4e909-f34c-4792-8c2e-4db14d5df519,2025-07-22,Delivered,2
b50cb2ca-539b-435a-95b3-fa111fc5c8dc,11b23a92-68eb-4f79-bfae-b7f6257250a0,2025-04-30,Delivered,1
e1b1d63f-d87c-429b-ac65-723a3a85130f,683fce0c-5a0b-4721-b07d-f67baa5ac3b0,2025-12-29,Delivered,1
24008e2d-206e-43fb-9f19-ee5276d36b1e,6052c525-e12c-487d-804a-733a5590b4ba,2025-12-24,Delivered,1
05d18037-54c4-41fc-81eb-0e4bd674ea73,2faa114f-0f5a-4113-9e80-d97bdaf8b3a6,2025-02-08,Delivered,2
c71043fc-d0bc-4102-9806-a0d5e1da3fb6,c1189066-53ba-40a7-a3ab-27818101fa8a,2025-12-04,Delivered,1
a8b7fb2e-6798-41a6-8dc9-3860ade2c928,94e238b9-c55d-492c-b2d2-abfec4c7d6b9,2026-02-28,Delivered,1
391678ae-524e-4b25-bc39-77508fb9c438,74bfa2fc-05b3-4b36-84ed-229414b46c76,2026-01-04,Delayed,3
69d4fb35-259d-486c-ba3d-e55afef0c771,0f69fecb-0f3d-4c01-b52b-026b9119b832,2025-03-03,Delivered,1
1c58d82d-4dd3-4083-aa60-dcd353b025de,22119053-476a-4e91-bd6c-6face2fd79cf,2025-07-27,Delivered,1
c96fe233-6969-4a82-9fcd-f121add4fddf,e1befdee-3878-4e89-9713-917fb6f48f6b,2025-12-07,Delayed,3
4ab13a82-4656-4d54-bb76-285ee1e5cf8a,4e4204b2-6203-4b09-9b1e-7818af736d41,2025-02-19,Delivered,1
f1063a5c-f24e-4966-9eb9-01996b4b55d7,0bbde1d1-f665-4f68-9f3f-593277d257b3,2026-03-22,Delayed,3
9f80bfaf-165e-49aa-b295-ebd07f3b1d4b,c96183c4-f2b8-4db1-a3a4-c2664dd5cd3e,2025-05-25,Delayed,2
fca60a91-94a2-4950-b4be-369a944bb8d0,e76349b1-a405-4b5e-8397-53f499a71bbd,2025-11-16,Delivered,1
ee8146e8-d36e-4e1d-b04e-93fba63b5645,8d0eaf9d-1eba-4e92-ab37-f4709ea281e9,2026-03-24,Delivered,1
46be3832-1157-437f-88ee-c1dcb5ac0c09,9cbc3ec5-a1aa-49f4-80e6-701b801c2790,2025-11-14,Delivered,1
a56f40c5-6322-437e-983e-67a05a1d3d37,d8e09209-03fc-49fe-b32e-550c81caab7d,2025-11-03,Delivered,2
da3c6406-65ae-4ebc-9250-1875706c8ca9,ae34f8bf-b500-47ed-bfee-bb342be795ce,2025-11-02,Delayed,3
aa4854bf-d2c8-4e50-a0d9-3a437f569f65,0dcfc194-a3c5-4435-a209-fcc12370570b,2025-09-12,Delayed,3
45dbb20b-db28-4697-9215-dcc256dc2af0,602e3ff8-1de9-44d3-ae7c-055058686a95,2025-09-02,Delivered,1
83f851cd-86be-45b3-afdc-65d47632211b,53fc9cb2-3404-40a6-b54f-73cb36cf72e3,2025-02-13,Delivered,1
eb5fbb53-8dae-4667-a25f-f5f45d678184,4587e21c-00f0-4867-a9fc-a58f117242f5,2025-12-22,Delayed,1
854da9a3-2961-43e9-b4ba-9593567dfb2b,4a677360-cb1b-490a-a79b-f241dcf442e4,2025-05-08,Delivered,2
cf866d41-74ff-4b11-93cb-7c738cbf5267,b412857a-97d5-479f-99a7-57b38cd71be1,2025-10-10,Delayed,4
f6991e8f-c1af-4d9e-b447-12e162692b03,5e401cb5-be1f-4d0e-b16e-72221aa57921,2025-10-05,Delivered,2
437177a6-11b8-4e41-a6eb-4892583631a7,7bafbdfa-d5ac-459f-8a77-6c40875e647f,2025-05-23,Delivered,2
61f92e76-3abb-4315-9283-0e604a8f1c52,5c7cd891-6a80-43c3-a6a9-99a8b19b756c,2025-12-21,Delivered,1
138071d5-b61c-42ea-a9f4-a8430c76c43a,75eb4c60-644f-44ad-b26a-2bd17765ccfd,2026-04-15,Delivered,1
80cf7d3b-a9e0-4d8a-b8cd-c475c70188f6,825ae616-fd3f-4127-9239-ee57f7d74c6e,2025-07-09,Delivered,2
b6eb49ef-46fe-4f33-b347-a117d329509e,bd70e779-5f94-4c7d-a5f6-5f2da8e27762,2026-04-02,Delivered,1
24817f64-343b-4c73-824c-79d511123420,b7db764e-3a38-42a2-a524-91264de81adf,2025-08-18,Delivered,2
eb44c4fd-bbde-45cd-bcf1-0a64148d29ec,5173a44f-58fb-4c13-9c69-6a8d8e9b411d,2025-03-22,Delivered,2
4e350585-1e6c-4242-8d5f-f00886f9f697,b7f340cb-a9fa-4869-8747-73e77dc1138d,2026-02-22,Delivered,2
42c5f414-e5d7-4e9b-8696-d8fb7fd0389f,a78dbc19-4423-4bd5-8f44-0139aa389ac2,2026-03-25,Delivered,1
96fb370b-2dbb-4a51-8f75-ea9f997537bb,ac48de09-1087-4155-a6c7-b6267dc2f82e,2025-08-03,Delivered,2
02ae1532-c8f5-4838-8e06-d64b6a62d42d,6f451b95-2ce4-414a-bd63-1ef232fdc059,2025-02-08,Delivered,1
e672697e-4c39-46e7-a997-17cf942020b2,d0672de2-ffc8-4e7c-bef6-d299f3117e9b,2025-03-31,Delayed,2
61377a15-f6a4-4ea3-b2e0-1e7e4161446e,0a07c3b2-d7bd-4e02-b429-22acec857da2,2025-12-12,Delivered,1
2e2ccec5-e309-4b63-8267-b94e5125519d,f2f49b65-9e71-48ff-86b5-b89c22fc4ca9,2026-02-02,Delivered,1
2e5f9d2f-bbcd-4510-8b72-53528d21e0a8,b30ae770-9f12-4fbe-9e63-ebc1546db6f8,2025-07-06,Delivered,2
8f87f43e-3628-459b-b5a5-8b51e681664b,a3c4afa7-2529-420b-868d-3b092bf84d54,2025-08-17,Delayed,3
4ef19e82-0dfe-4c91-b0a1-801051b68d31,84b2f879-a2a4-4f24-8692-78f2a01b4543,2025-09-15,Delivered,2
0a92baff-98da-4964-a848-913842a1c673,7ddf6d64-ab62-4846-913f-156dd197c822,2025-09-03,Delivered,2
a463cb0b-7039-470b-8d93-96f7d0f4b40b,bb4952ac-ab3b-4f18-a9f9-85737c620092,2025-01-31,Delayed,3
a53a210a-4258-4ec6-b3b6-b25dd7f74979,4a6d494a-d878-4699-9a89-00c3f89893b6,2026-02-20,Delayed,2
86b67fd0-d253-413f-8fb8-9e7f0c01958e,45244baf-aa6f-4d6c-9163-f574baf6bf1d,2025-04-03,Delivered,2
4b8012d1-22da-48e8-abca-aa2a85d47b3b,31fc9c84-48ac-45e4-8a4b-3708d526ceb2,2026-01-03,Delayed,2
9fd9086d-eb20-4b3f-837d-aaef402016a4,33b33c19-9df7-4f26-9d1a-8580b8863bbd,2026-02-27,Delivered,1
8928849a-76d6-4ee6-9991-cc456dcd995e,b4672059-76d2-4651-8ecd-ef1e71c23527,2026-02-08,Delayed,1
3e5ce82b-c6aa-41b2-b59e-2243ee8527d9,f33c5f41-8f98-4575-8a9a-9f858da31285,2026-01-25,Delivered,1
e663da65-562c-47ee-b77e-6ba068c14c4a,1354c00f-3ce9-4e6a-9786-a0908a5518e8,2025-12-18,Delivered,2
905aecb7-f0a7-4637-933a-6e29b85801a8,24079a38-2a31-47ac-af9e-23c2befb263b,2025-07-11,Delayed,2
d5fcb124-8566-497b-8779-92564645ed6e,2e3b55a7-715d-4b9d-839c-bb20805da602,2026-02-11,Delivered,1
8245a195-df4d-471a-b856-807563eaf1f2,d029a2f7-3064-453c-aa41-a3d68c56a81c,2025-08-22,Delivered,1
6a46bb15-bb6a-4cc7-9ef7-ced243d21db9,1465a6d3-4aff-4e83-a157-a6ffd4d69ad2,2025-06-18,Delayed,3
13cce5e1-ef10-42a6-9cea-1cef2a3b7a2c,97af200d-5ea8-4f58-906c-07f8f70a62de,2025-03-23,Delivered,2
716f3aa8-53e5-4327-9af6-a11328c7bb18,69639177-4224-48b3-a1ec-acb11eb8967d,2025-10-25,Delayed,4
801f8d67-1a82-49f6-9075-f7336791fc82,40a51f6f-6f6c-47e4-a5a7-1725c75fece7,2025-10-29,Delivered,1
32c38a57-a3bf-44bb-b276-35b50d385912,35290652-9444-4e78-8ff2-f82fe2081af8,2025-07-21,Delivered,1
9f5402a2-8b0f-446c-8a5c-42cb31e692ba,e2c88431-c05d-46ad-864e-53c501f9195e,2025-11-21,Delivered,1
df067fda-9edb-4a2d-bede-b51fce51077c,f5ddf724-374f-41e6-be39-e0dd8582723b,2025-04-04,Delivered,1
bfb06add-220f-48a8-90c7-4b1f48cd8938,d95f20aa-54c7-4c61-a9a7-e61dea6543ef,2025-05-27,Delayed,1
fa2ca895-740d-464d-a688-06b62ac59f85,c06b7058-4c95-49a7-89cd-5150428fd8c5,2026-03-10,Delivered,1
5720d11e-edf1-481c-b488-8c21d5b7de16,95af32e4-d600-4d2f-a3c9-58949710eb3e,2025-05-31,Delivered,1
be9af1a8-524d-47e8-99ab-2ce5a9f89329,bd0e4021-6b37-4dd5-a9e3-1993199958f4,2025-10-09,Delayed,3
4fca560b-8c19-4301-9d61-f959b5ea002e,a1f9768c-8414-4b3e-b6a5-3b5f85e70621,2025-10-12,Delivered,1
7f019833-55e6-4140-bbd7-02700bf4d3af,2d679668-7cd4-4f0e-a1f0-ace451a7c984,2025-09-29,Delivered,2
93d104a7-70c0-40ca-a1d0-7ca6bb212bc7,0d3b0265-6b06-4d52-8192-818b218683e5,2025-04-10,Delayed,3
e2f44fdf-bd46-48ab-b086-d7ca7fe5a894,43450232-a98a-499f-a30d-96628b9272a9,2025-03-07,Delivered,2
bc6555f7-3bc0-4fa5-b1ad-70db95fadd93,26d03bb0-d2db-446d-a324-7ca997af21c3,2025-10-28,Delivered,1
ef70f4b4-c86f-433e-a888-370bb11958c7,637b56da-9faa-4348-afed-659d24068aa9,2026-01-18,Delivered,2
c37d1905-ff87-4192-aa2b-243ccf6fcae0,c042f6f9-4041-4929-9750-fb92796bd1af,2025-09-03,Delayed,1
6607307b-b2e2-4e12-a667-12e00c584ff5,4c3a02dd-b131-47a2-912f-ebcaebe5424b,2026-04-11,Delayed,3
4006d387-234a-41a8-9922-e2df2d5c0b53,06f05fdd-9e1c-419e-90b4-75f6f5521aaa,2026-04-06,Delayed,1
c3803ab3-2ae5-49ea-af2d-368cb664df44,8d87de62-d0d7-4433-bab0-ec83eaae9747,2025-10-16,Delivered,1
3ecf34d3-8b2c-4a5a-92fd-99c2297d83c2,a5615810-3bc4-4ae8-8d8d-4d570997db52,2025-02-22,Delayed,2
e5ff4ce8-1bcf-429a-987c-12444deae20a,f3ffeac5-a74f-45f5-a607-4c75e3cd5916,2026-03-24,Delivered,1
2b6bea7d-d5b9-490a-9975-19380d620e1f,c8556c42-d732-4ba9-ad93-3e2e6a978d77,2025-05-04,Delayed,3
4605f214-01a8-41ff-a5bb-b85984df27bb,f73e1b29-8859-4204-9eb1-1a1b1555b8e4,2025-12-30,Delivered,2
00d20b69-c64a-468d-be63-3c443329dda9,45bd9734-372a-49af-a7b5-f03ce948897e,2025-12-11,Delivered,1
d9ff1289-f1e3-4cee-b950-291ea759e1f7,5ee0a0f5-6d5a-4416-a3d9-e8bef2de6463,2025-12-06,Delivered,2
6f10fdf6-3288-4600-83d7-ae01e888794c,0c8e21d6-eee7-4f59-bf26-3b9a1ecf7cbb,2025-12-19,Delayed,2
2ffc1f56-7378-4ed5-a5b1-ea3c9276be48,ec414011-0687-4a3e-9576-4ae02d9064c4,2025-11-04,Delayed,3
3dd2014b-ddb7-4bdd-80f6-c2439fe59188,ef96a93c-6bb1-4db2-bdff-9dd90d871d3b,2025-01-14,Delivered,2
37afe72e-b425-4561-a9ba-c6574078c2bf,3426a6e3-ba42-4f5a-8e80-a799e1c70eb8,2025-10-17,Delivered,1
47c1f802-6a70-485a-9b83-6dc0a579a584,553bb824-a882-4958-aff7-b1f7fb005962,2025-07-21,Delivered,1
5d71cf7f-93f2-4666-ac10-1cc8526d12b9,94d74ff1-75cd-4393-bbd2-49e3c71f3daf,2025-06-21,Delivered,2
cb86d29c-c67f-4ac0-8eb6-28e2e9a5326c,5011c740-2176-4725-8d97-345f800b27eb,2025-03-12,Delivered,2
7b0bfe14-f424-4a71-b580-190813223538,9f1d3857-05fa-4f67-8ab9-ceb23849aab3,2025-09-02,Delayed,3
c9a39513-568f-4013-af5c-cc9d9b747fcd,ba0b8618-4663-4232-af03-1c9e6db5cc56,2025-12-07,Delivered,2
2c54db8a-6ddf-491d-a610-7590dc09fac8,bab55a8a-be4c-406b-a7a7-41970d914031,2025-09-07,Delivered,1
134084a9-cbbe-481f-8d7f-e1b49af7bb27,1fd7abe3-f281-4ae6-919b-9c7e7edc03e0,2025-08-05,Delivered,2
ddfff8ab-3140-4a3f-94a5-2d7ce4558c23,103673b7-d26d-4656-a909-45d311631d5d,2025-10-19,Delivered,1
576504e1-a3f6-4212-a331-deb6f6261d3b,3b9e4682-66fa-4595-88e7-71f77776c970,2026-02-08,Delayed,2
c49e13cf-64a1-4e1c-9f35-79870c2a8985,f33d1dd2-e062-4a23-81fc-942d52edcfe3,2025-06-25,Delivered,2
fcec0cdb-636e-4002-be8d-8563c83fa532,8bf1c835-e81a-4867-ae0f-a5f45179c3c1,2026-04-01,Delivered,1
5d042c03-d469-4fac-8d8d-4cea5333f55e,fc144b19-664c-4a2a-b84d-c0c56232d656,2025-05-20,Delivered,1
ba858a6b-9bf0-4c2c-a744-d14f00ab1e1b,ede2d241-5b96-4d21-85f6-2e8f10ae287b,2025-07-22,Delayed,1
42ff0bf0-020e-419e-8a78-f8110bd60858,3d8e3c20-2896-4f8c-a782-88fd9303a801,2026-04-11,Delayed,1
6ee535e7-4ef4-47d8-a8a2-0b0f6ea02b79,03859d2f-66ff-4feb-b0b7-ba79fb06ed3b,2026-01-29,Delivered,2
0a8e85fb-0a08-421d-a760-36763046a168,d46fa0c8-ee1c-4307-bc12-65b7d2bf10e6,2025-11-11,Delivered,2
831f9bfd-909b-4366-b9d6-cbe17c8c6621,becb8da6-4621-438b-8d72-d902a2a20994,2026-04-08,Delivered,2
3955928c-8099-40a9-9641-6ece2b627e99,9d941f55-b588-412b-abb8-e30cc3beb5cd,2025-01-22,Delivered,1
24971117-e861-4bc9-9b8c-3dac7554da14,292659db-eee5-486b-a527-23a2500da166,2025-09-25,Delayed,1
8bc4a3d5-41d8-4a58-8169-3aa8c6a7e235,fe6b0d92-a030-4a05-9e28-ff54f5d38614,2026-01-21,Delivered,2
dfc99b6b-d8d3-453c-8eeb-71593ba7fd8a,044a2057-e114-4231-b1e4-3bb9578b91e5,2025-02-27,Delayed,1
6275d197-c2a6-4295-8625-24afe9d3438c,e37392bd-9228-420d-9260-d94659ccde86,2025-03-08,Delivered,1
05c00a82-46a4-4ac1-9554-09c821fa5307,ec3f27c2-652f-48d3-8e4f-3ccd0fb43fa6,2025-02-22,Delivered,2
536c1f87-fa55-43ce-9e2f-8884725dbd93,136bbd97-e73e-40d0-b1db-8636bdd94d13,2025-08-16,Delayed,1
93b0e1e8-c2ee-4d71-b0ea-d64939f1e814,14631e17-e0e1-4a1e-a1ac-07d75636ff64,2026-04-04,Delivered,2
5666c42a-b08d-4e57-a5ad-1fcc7f46c2c2,9be1e10c-ff5b-4867-ac93-8d5be0253287,2025-10-09,Delivered,1
c8213b43-aee5-4409-9274-b93e48f29fe6,2d15ba61-ad22-4b39-9fed-6fcf9fb1713a,2026-01-09,Delivered,1
a1b2cdc7-1698-4409-bce6-3c078a742710,e10074c0-53a7-4049-9103-9cddd91ba2d4,2025-08-06,Delivered,2
42857cc2-ad94-4847-8088-5510cfe081f4,170f9882-5282-4e79-b31d-d4d6e2af185a,2025-09-12,Delivered,2
c56e4e2a-f77d-4f2c-bb48-a1d65036e60d,f2448688-4fa6-4d1c-a52c-6d7afc4b9e63,2026-01-25,Delayed,2
c6fc5059-fe5c-49cd-86c5-535cb093000d,acfec090-3e7d-431d-a35a-fb750533945d,2025-03-17,Delayed,2
c2bc1628-51dc-4590-943f-b99bbf3972c0,5260ca62-c984-4f84-9dbb-0a223cdf3052,2025-12-20,Delivered,2
87319fef-94aa-44d3-bdc4-c400b635bc80,b70b3f4a-e2c8-4509-8aac-9a45d2598824,2025-04-08,Delivered,2
f6e5318d-2d28-48a2-a9cc-41bf8a9fee38,4932f746-5ea2-4bf8-b79f-9cc8f4c4ecb4,2025-08-26,Delivered,2
c5e44a83-dbd3-4b7a-9d6c-71d11448b1e9,c91c7d51-b372-4ff0-b9a0-6dc945d9bb38,2025-09-30,Delayed,4
0cfc9d4d-8e5a-4cc8-b9c0-346608669408,a695b466-c7e4-49a7-80ad-10b55be7dd93,2025-03-11,Delivered,2
2cf82dca-52db-498c-852e-04bed28ddf60,572b0245-e34d-4394-9c48-cd6316f7ddea,2025-07-21,Delayed,4
60e78489-c308-45ab-b439-0ad400816ca0,f463f253-57e6-479e-8b08-736655b54088,2025-08-04,Delivered,1
c46b44b1-b4d1-48fd-8a81-668c30be568c,3a7202a9-c417-417e-8914-9ee9145a7667,2025-06-24,Delivered,2
81e9b9d7-ab27-4cf3-b012-f5dbe074a1c5,82fcdd2a-860a-4788-b097-18ed99d615a5,2025-11-06,Delivered,2
1bbee41c-9540-41d4-a344-bd8486dee501,a1323f02-5953-44c8-982f-0aed8914d3fc,2025-02-22,Delivered,1
79767b42-3652-49a8-b820-263a367e7859,440d1809-1c31-47b6-aefd-b33b25cf9490,2025-12-25,Delivered,1
4b7fb2d4-142e-4bd3-ac8c-e441c1be7055,27c924dc-e806-436a-9a75-b1679e9bccfc,2025-11-19,Delayed,1
bf69d717-9bb3-4a0d-b562-f9694f891e8e,31344acd-e20c-4e46-9cad-9dbf64f6397f,2026-01-15,Delivered,1
d6031d9e-dcb1-4e49-88e9-d18a53922948,cbb85bed-678e-49ae-b6b7-b818553b8fdc,2026-01-17,Delivered,2
eecd8a71-3e33-4d45-bc10-1578b69fcb90,58abdae9-c569-44a9-ab19-7487ede6a21d,2025-05-13,Delivered,1
9998936c-782f-4b4c-bc69-1f90e5f40dde,9979028c-7042-4e27-81e6-f335b217254d,2025-06-15,Delivered,1
9a0672dc-6641-46ff-91b7-dcf4a57a8739,f76616db-910d-49d7-ab5e-1b4b0d6f9dd1,2026-02-25,Delivered,2
aa6354dc-9f11-4d0d-8c03-ba0471700c91,b4364372-11fb-41f8-aebb-8535c38831cb,2025-05-05,Delivered,2
f191c791-caf5-44b8-9515-dd43e409a1f4,dbaf96ab-fa13-457b-87a0-2587efca9bdf,2025-04-18,Delivered,2
ef92d672-e806-41fd-a87f-991c88351b79,cd4a9ad7-1c85-4e5e-9ac5-8a3380c685ac,2025-08-14,Delivered,1
bd0c5596-248c-4e55-ad87-5cf9fb9ef731,c046a36d-fb61-42e0-a82d-419c02db0541,2025-06-09,Delivered,2
e7678030-d6e3-4f0a-8f08-872f9a1f52d8,6b14388d-397a-4ca9-8636-d067cf4c4a84,2025-10-21,Delayed,4
ac755ef4-4abe-41c7-ab77-6b9b21f5c535,a5049967-5c98-4e13-ba09-b7a44af349ef,2025-10-06,Delayed,4
a27a45e3-7a56-494f-a66b-03b0694985f5,6ed3e0ae-8649-42e0-946c-b820fcf5e876,2025-08-03,Delivered,2
75b0d527-92a4-4187-833a-fc1bb78dd41b,8d521e5a-262b-4d50-bd88-56333e02dac3,2025-06-19,Delivered,1
a4b9d066-5bce-4b4b-b06d-9e26670ff60e,591042f0-59f0-4998-acda-1551eeacbfcc,2025-03-27,Delivered,2
1a787a8c-2545-45a6-b4cc-9358e67675c9,c5f9a9bc-52e8-49e3-babc-352d1a51c4f3,2025-03-02,Delivered,2
acf60d09-cb3a-4d84-86e3-5f2035ef72d1,75bec670-9164-4165-b2b7-3e8643005070,2025-09-18,Delayed,3
edb22a52-d822-4ef4-83eb-652179eeeb56,586f8794-def1-400f-84e5-6a3e1eaed597,2025-02-23,Delivered,2
5a403d1b-cbee-4b4c-8e76-b83ef3d7e9bb,d71476c6-d417-4e01-996b-75f1cb0bd45e,2025-12-01,Delivered,1
19f18c6b-abde-4ab3-be4c-fdfc03ebcc13,3dd10145-b3ad-49de-a04a-37bafc94110a,2025-04-24,Delivered,1
3aa97e33-f810-48df-a4b2-a6df4430e0e6,26a3c5d0-9b3c-4286-ace0-222c20ca76f6,2025-03-02,Delayed,2
61d44428-09db-4d09-bcbc-d37557e7e769,7ab48658-1180-4892-aff1-e8ac953dcc2b,2025-02-26,Delivered,2
6f2f6e43-7445-4124-af9e-ea92652c3062,e5a525e5-e0f7-42db-86b3-f04758b3f9d9,2025-06-26,Delivered,1
d27cdb45-9991-4b55-80bc-ed156be774e7,c7d42706-6e82-429f-8bd6-17370360ed8b,2026-02-09,Delivered,1
44b1c067-da24-4262-8cf5-6f3980a4e1f3,4f62045d-d1e2-44a9-bedf-c74c43146fef,2025-04-30,Delivered,1
2ebf00cb-adbd-41d0-b076-b2a75c02d6eb,e3af6365-adf0-432c-a645-a23aa9f4047b,2025-07-17,Delayed,1
4d4b5257-5265-4cbd-9c2a-58ebc358813c,9e166ea3-4914-4968-acab-07e6ea18fe77,2025-04-09,Delivered,2
9b0c49f5-6b0f-4f1d-b248-cc5b29ed5313,347e142b-ef8d-41b2-a72a-01642c08c033,2025-07-20,Delayed,3
bf1bcfec-79b2-4838-af10-9a2a2eedfb0f,dff2c6fa-0afd-42c4-a83d-abfc6959040e,2025-06-21,Delivered,1
9ad5e2ba-9b5d-4716-8bb9-51defe15fce0,5685b329-3aa2-4a56-bbe9-64742fc6f1f7,2025-09-08,Delivered,1
0208beb4-76f4-4a49-9f46-6e97143cd97b,6d2934b9-351a-416a-9767-bbb95ec38c68,2025-04-11,Delayed,3
83d72388-a852-4c83-a811-76b406b48d11,2597aa17-4367-4c57-8cd4-8f31c081f4c7,2025-01-28,Delivered,1
48462d97-909c-4295-b55d-3d0a96956f07,0804f4f3-98ce-493e-bb1c-9a20d5066f96,2026-02-22,Delivered,2
9a3f2b7b-99a0-4f11-b529-c2a1f82ec16b,e5b39885-7d53-4f99-b79a-383b00d29183,2025-07-28,Delivered,2
b65014d3-97d3-4616-8bc9-c04ccf52d680,5fa5866b-bfd0-44b4-9f56-5cff4edd7c03,2025-08-16,Delivered,1
351fda42-8b5a-402e-a657-39d94ee78d61,95035924-266a-4ed9-a162-b8aa444a59a0,2025-07-11,Delayed,3
6812173d-edb8-4e2b-883e-5bc689a67bd2,675f3683-c81e-4f4e-a867-4bf284449fef,2026-05-05,Delivered,1
6406f9f8-212d-4f9d-8654-2f766fa3b564,0813ea81-0c60-4f17-83e0-9f9d1aa8a642,2025-09-19,Delayed,2
9c3dde7a-da5f-4eb3-98df-48ab18172d36,b11ff6a7-07bd-4612-8d1d-31914e96b8d9,2025-04-13,Delivered,2
09ea9662-983f-493b-b471-2d1aa190619f,26407434-f2a6-45e5-b71f-2a5a5dab18a6,2025-12-04,Delivered,2
c0b68fd3-d094-4b0a-b26a-5c9141515a56,59231eef-d268-403d-b75a-dd9e6b12764b,2025-04-15,Delivered,2
ddc04dda-1ca2-48cc-be4f-499b7dac7d2b,690b5208-4b39-4210-a088-50cbfda4e99d,2025-03-29,Delivered,2
8fa55d37-6fee-4664-ad9f-a6f15dd956d7,27064c76-e4e0-4983-9774-732620360d48,2025-12-25,Delayed,1
48fb1f4c-9b3f-47c2-8269-78d3e0668a03,1427a4cc-f8b5-44a7-be7e-40d786c02321,2025-10-01,Delivered,1
d133dbb9-ebb3-4a11-9a2c-9dffd1ea6ad5,3e7011c7-ecaf-4612-9adf-0d3e5998da6f,2025-07-12,Delivered,2
def74a5d-20f2-485d-bf86-439e6fd4aa95,ed741010-82fe-4289-bb80-fbed935fae73,2026-01-29,Delivered,2
de64b419-8baf-4e36-876b-2514fcff4e4e,4027cd21-7f9b-4d0f-91a7-9cd0cd9f1ad1,2025-11-29,Delayed,3
37513b89-4e89-449d-983b-a5ffdf4bfe20,85a574ab-9995-4fff-841d-328fdd861466,2026-01-25,Delayed,3
8977948e-ed9d-4ed4-83a4-bc5296a9ac83,a5b6c136-2aae-4c75-ba4f-911615f5cb72,2025-07-27,Delivered,1
2c1528a0-e102-4afe-a811-ba3ab983d2ca,b1b502f7-d47e-4d29-ad54-ea4ff57daf51,2025-11-12,Delayed,1
7ba8da1b-2a79-4746-8bec-aa298d9fb44e,c442e68c-b6ad-42e5-ad37-e6fcd8bcecb2,2026-02-28,Delivered,1
1945ec7f-b804-40a6-a67d-7ab80bf0491a,1bf62eaf-baa4-439c-8444-99a163121871,2025-12-16,Delayed,4
144cbf19-8d48-4f4c-b648-7bb9db680f25,147b34c5-4d7d-4cff-85c3-6ef211cbd452,2025-08-23,Delayed,4
3475f29b-db67-4bfd-b715-7c9575287900,80aee6de-1193-4974-a0c5-820efffd64df,2026-02-12,Delivered,1
473d19ee-905d-4248-9dda-b355a924a701,f62449a9-ded8-494a-80b0-3ee72e177466,2025-06-28,Delivered,1
f2a18e10-65db-488f-b0ca-e0c1b4a2f4ed,a3da3668-8afb-43d4-8dec-c1b01f477074,2025-06-30,Delivered,1
52e09f68-6810-4581-a7c0-40ecda19c222,252f98f8-d71d-425f-8d62-a82ff0725574,2025-05-16,Delivered,2
ec064a7f-70c1-4c45-be1e-3c8999248b1a,405006b1-0093-4d89-9fc4-53949b5928d1,2025-12-10,Delivered,2
fbebaa43-0004-40eb-bbcd-009663cc6579,cd2202d3-02a4-4d63-9af5-b00b624efaa7,2025-12-03,Delivered,1
7eeb165a-b7ab-4413-86f8-e6b428bca4ef,10155e48-8279-49c5-b000-ad7cddbdfbc2,2025-05-17,Delivered,1
9e23a995-1c53-4548-9c99-1a7920c040ed,b8462521-6fb3-45f2-a151-b6a94cb42c7f,2025-09-21,Delayed,3
00e5acda-c810-4ff9-902d-b64236589187,cdc8250a-3833-47f8-89bc-bb7b565a8d64,2025-09-19,Delayed,3
c803516d-fa12-4fa9-8e3a-02831bc2be22,3dae18f1-ae7d-4edf-984c-5ccf141b72c4,2026-04-07,Delayed,2
7ceae88d-c082-4690-896d-0851bd2236be,25974001-f768-4009-8013-e525f40dfc41,2025-05-16,Delivered,2
ad034f27-e554-4894-a2b2-e0453433cc53,e37e4d54-e0a3-45a8-a4dd-b6b5e102f926,2025-03-11,Delivered,2
bf4e71a6-c42c-4df2-9998-dfd129232354,76217bc0-20dc-46f2-8279-bf882d4bd5b1,2026-01-10,Delivered,2
ce77201b-b9e6-4554-8d9c-90e7104a3a9a,08ae2f88-dfd2-4e89-9ce7-9480889caf76,2025-04-25,Delayed,2
cda4b34f-c0c5-405c-af44-200284726ef9,256c5d79-c643-4528-9d25-ce544427fec8,2025-08-04,Delayed,3
08a285eb-a709-4c82-b9d8-48c40eb6050b,6acbefb0-cfab-4e4c-ba98-8bf8e545b92f,2026-02-16,Delivered,1
0ed364c5-df8f-4d93-b74a-507295114027,4e72f753-0c73-49bc-8eaa-6af625420d8e,2025-10-31,Delayed,3
e8200910-de97-4d35-b1eb-035d2a86da63,e35085d7-2849-40f7-b52e-65f562c3e3eb,2025-06-25,Delivered,1
a96410fa-635f-4b4c-ab5b-2e571c980671,23c15ebd-73b6-4627-a7b4-f596f276db16,2026-02-03,Delayed,3
3b2fa8c6-acd9-420e-805d-1fe7452a947f,e2447f68-e545-4062-8592-0c5cdcedc1f1,2025-06-24,Delayed,2
2740ec0a-f7e9-4746-8e4c-f8a04284508b,8041106e-f6cb-4ff5-92e9-2b2c5ebf7c6d,2025-05-21,Delivered,2
c3e3f960-26e9-4196-a992-9b02f0a45a23,fdfa055c-939a-4bfa-a530-b6c31c1f022d,2026-03-24,Delayed,4
dd2eaeb1-5823-4c19-b2ff-f95e39ac381b,786d3b72-6c6e-4cb8-b1a0-cab84fa76655,2025-08-03,Delivered,2
fa2d6a9a-ab39-4eae-a69e-28e2392933cf,25837406-f713-42c9-93de-6668b8d1fec9,2025-11-18,Delivered,1
c38ec884-1a7c-4250-bac1-fda795da0531,21633e92-872a-49d2-aeb0-3feb3157644b,2025-04-30,Delivered,1
91aaf1a3-3872-4180-82cd-3fe7f5f42ab2,a1c69b8e-252a-447c-8250-af9964fbead8,2025-12-28,Delayed,1
7a154767-81d2-4ae3-b85b-675b246643fe,5bbaf56a-e5cf-405f-a1bc-ecd4f733bb97,2025-12-15,Delivered,1
8d62000e-f54d-4b14-84d8-3f1dfb8d650c,7095580c-c8a6-4bee-a0dd-72b9d2d98312,2025-11-13,Delivered,2
c8b35d51-205c-45f8-9fad-f1b5e8aff2fb,04721c1c-244c-403a-9922-286908a6d69d,2026-02-24,Delayed,1
b2136336-f6e3-4ac8-8d35-5e006341fbc0,874f333c-d7ec-4d3e-94e0-60282ab7ccb8,2025-05-29,Delivered,1
b77ad0ae-ae23-404d-96ce-90319aff19c9,98c1bad6-6e84-4399-8258-92ec66049301,2025-07-15,Delivered,2
0473fce3-c9ec-4d8e-b152-b0e23c833dc1,2e3c7415-1e9a-47a7-95ec-257e4d1159b4,2026-03-07,Delivered,1
6b6c61b4-6e45-4b43-8bb4-96b54d8c5335,4a2bf5bc-040e-4ce7-9432-82002462cad6,2025-12-07,Delivered,1
3d1a3ede-bc24-4136-8753-d0393a91b44d,59738f9f-a678-4dab-8b17-6d2990828199,2025-09-19,Delivered,2
f8e55369-9bc1-4fd3-8d93-e02cc6f50240,694d24f0-034e-4c32-b94d-2caa7c737850,2025-12-09,Delivered,1
d1cfd3da-05bf-4389-b1a3-2a89797320bd,51343791-92c7-4a9c-ad1b-44500ba882d7,2025-09-09,Delivered,2
4d5af36f-bd89-4b00-9e16-d608cab6a163,d15bed59-ee89-4e4b-bb58-c91f43c446c4,2025-07-22,Delivered,1
16c12b1e-da69-4886-bc08-6359a7081054,f9a7caae-6a48-44f8-a693-f4011164d6bd,2025-06-18,Delivered,1
515d1cf5-5d3b-4680-a1c5-581f2e32f8b7,ecffa42a-3a37-4252-af76-677053d42f31,2026-01-26,Delivered,2
c1c4c97f-87b8-4e28-9a0f-bf680ad4555f,8ec1ed87-4279-4b29-bed5-4d24a1e77c5b,2025-09-19,Delivered,1
c6205381-0b1b-459d-b372-4c441cd9693d,a2988b88-cc86-4d8c-a4ae-9dd80bdc1b44,2025-11-26,Delivered,2
6d2076f3-769a-4828-a837-819a356bccda,b2246d72-da49-454c-bd33-f4f740d09b06,2025-11-30,Delivered,2
629234f4-5778-4938-a863-ee0d79bce1c4,cfd5156e-62aa-48b0-b3a5-fcbfc30573ac,2025-05-06,Delivered,2
a1146825-7f5a-4fa7-87ac-b3aa82d40dc1,d5abeaee-3131-455e-abbf-17b2814731d0,2025-03-05,Delayed,4
cbd69bd3-ebe6-494a-a8b6-a5af67f510c9,6e8b39f0-2eec-492c-9a54-eb480b160cf7,2025-03-06,Delivered,1
ca411dd3-6002-467b-bd4b-55a317c6d5fc,9004093d-4e3b-4b8a-8ead-ab10deba3caa,2025-10-27,Delayed,4
baae78b1-cca5-443f-b542-c8789e3b4806,89435940-57d0-4d85-840b-1635c7f285d9,2025-08-02,Delivered,1
c2cdd751-0a1f-4a53-b10f-4c2061400ffc,c297c9a1-94f9-4fa9-a595-b56fddf806be,2025-06-17,Delivered,2
7e3e755d-a2b8-4f12-813f-a2e78a40226d,f493580a-b611-4b04-9f98-9a06bab5888f,2025-07-21,Delayed,1
473966b4-e23e-4b4f-8a19-64ffbe9cfe79,0369f532-490d-48e9-af99-b18f701c5f6d,2025-09-18,Delivered,1
f8a5cbad-b8d5-4336-8457-06749e313ae1,3f93903a-5982-448c-ab45-be14f2005a32,2025-07-19,Delayed,4
34416010-dfa8-4097-b887-54d00d7e7891,ed6e64c6-c37e-48bb-8ae2-baa12e7135b1,2025-08-30,Delivered,1
806a8078-1cbf-40b3-a50c-266d479448e6,d983ff37-51fd-4a9e-a8e8-b56d095a89db,2025-12-20,Delivered,1
c7aaabbc-d681-4080-9330-f6382da3dfa3,3072e190-62b9-4fa5-904f-dec045891581,2025-04-12,Delayed,3
cbf11c7c-ff1d-4d2c-8a5a-784ce348e64d,efaf355b-f72d-415c-9fd6-4d8cddf7b356,2025-08-20,Delivered,1
da1dbf48-c804-4e0e-9a17-79e662eb7460,1be8e443-5f64-4d4b-9555-3536dc322d22,2025-11-21,Delivered,2
1c595c57-ac19-4c41-a7bd-cead6fbf1f62,a68c09e3-f4bf-4c22-a7bf-bd4c5659a2fa,2025-06-14,Delayed,3
c72670d8-bb0d-4ae7-9339-c13cf12ce25b,c58a5083-a9f9-4635-bf58-11580d903ad5,2025-03-06,Delivered,1
fdf50350-65b4-4d02-b316-5ba70a402b3b,1e5e95b0-3081-4086-b88f-7eadc5844295,2026-03-06,Delivered,2
035763ce-259d-4ab9-8c5b-f5aac0223e32,96df55c1-93cb-47da-b5b6-b5443c6ad9be,2025-02-24,Delivered,1
ecce047d-8407-4903-b5b6-f3fcd5725182,e6ecf1ea-cff4-468c-91fa-0eab79f0925c,2025-01-13,Delivered,1
36aae30d-ff80-4512-b778-a9e964940ffb,45f67a47-eaba-4dfc-a76a-b650d62dc83b,2025-09-30,Delivered,1
0385045a-745a-4e5a-9f53-c2572996d498,9c5de27a-6018-44cf-afbc-34e742484dd9,2026-02-02,Delayed,3
89174a0e-b604-4f7b-a8a3-75a74b406025,6448c711-00f9-48f1-99bc-6cd74b876089,2025-04-27,Delivered,1
9944351f-db81-4955-8554-3803262cf43b,b1dc7d74-aa8a-4dfb-8703-3ecd7ba8ec93,2025-12-09,Delivered,2
5ac028b1-d4ce-4795-85ad-19df843038bf,f50db8b2-058b-4dd4-94eb-5509a95612d1,2025-03-23,Delayed,2
84d15673-a2c1-46da-985f-859ce60fdc16,4b26703e-96f6-4b79-a76f-c79081f53e3c,2025-03-09,Delivered,1
fde3f7b0-d2c1-427d-adb9-f8f2999e1793,b37524c6-ff53-48ff-a63a-6e0f543ae7ea,2025-12-23,Delayed,3
66305c3d-e7f3-4dc2-b74b-7c7e6a93269c,f09935fa-3dbe-4b96-b145-72cb8dc0b5f4,2025-06-30,Delayed,3
9436cce1-74a6-4894-91c6-72495fa7d4f2,fba06078-335a-4e58-a1d2-e7cf7e41c7b0,2025-10-19,Delivered,2
693a6d76-f7ac-499c-8895-e96308367621,f42e6a70-8070-4d51-8e3c-181979d041ff,2025-12-09,Delayed,4
83352dc7-f2e5-416a-b767-63246d6d8cb8,0db57eb2-590f-4508-95b6-9fb2e1475b97,2025-06-01,Delayed,3
c2bcaa27-1529-45c0-a7f9-017b41873b09,dc1ae399-d6a0-41ca-ad87-fd25f393acc3,2025-06-27,Delivered,2
6780a3a6-0554-4af3-bdf8-abfdbbe58b0f,07ac9830-e789-41f5-b9b5-27e076958fed,2026-01-24,Delivered,1
6d2f573e-0782-4673-860e-56c76d1ee3fe,176ccd22-98e0-466b-ba3e-b6b257115ed6,2026-04-03,Delivered,2
89ce37f7-59da-446b-b7bd-6095fd5d978f,9d43ad36-cbd0-44b6-8cef-faefad79e583,2026-04-19,Delivered,2
37bcc12d-2265-4700-a71c-c5419678387f,d9747f99-0b6e-4d3e-920d-b663738964ed,2025-12-07,Delivered,1
5983ec53-f693-4009-a99d-bb8f83691d97,cefcfd6e-4fdd-4fc6-9ad0-9d877deab361,2026-02-23,Delivered,2
a586ed74-8fba-4cf8-be12-3d925e981f32,44a5a5a1-d915-476a-b471-6e09bfc7328d,2026-04-05,Delayed,2
4363f12b-68d9-4cd1-a012-878a8c736186,f9cd0eb9-6d24-46bb-8316-791948747e29,2025-03-23,Delivered,2
a2ffe4c9-2789-453c-9688-44986d7cab20,e0fb410e-80a8-45dc-922a-5c247a2908ae,2025-02-11,Delayed,2
b89148b8-4662-498d-b3b7-23315e0a46e6,47b53ce3-1993-4119-a177-cbe40f3177eb,2025-06-14,Delayed,4
91268aac-086e-46b1-b31a-6f35aab18b62,87953c4b-6caf-41d6-9ba1-311665cb89fd,2025-03-21,Delayed,4
f152bb37-c209-43ac-be13-9d57213e1bee,8917e296-d7e5-4396-878b-e6978123536c,2025-12-09,Delivered,1
c5813927-ad81-44c7-9b70-06575a935909,a57607e9-5c7d-402d-aada-659d660a4ce8,2025-09-27,Delivered,1
f587ba70-c6e7-48c4-8e8a-6a2a1d5eed3f,de656893-f85d-48fe-b2e2-3af9c5138b0f,2025-09-10,Delivered,1
8c1fce84-7d3b-4a63-bcff-2b0b18dd6afc,b3614454-499f-43b7-b474-4586f0c9c13c,2025-07-10,Delivered,1
38040e71-4c30-4887-96c0-54626354d051,6dcdcc9e-866f-4f13-b3ed-81e6452d4aff,2025-10-21,Delivered,2
a6bd2eb1-4e01-48b6-ae72-7915778623ef,ee3bb235-f641-4b24-aaf7-896d5fe70ffc,2025-10-12,Delivered,1
eb71fb9c-291f-4669-a2cd-8b0869fb251c,02fba63e-cfb7-401a-9dee-14c7d42ca84f,2025-07-24,Delivered,1
73653344-126d-41f1-9ea3-f29ae6fa0bc6,b22ae57f-8776-49e3-bdea-4b31398ddd0a,2025-03-14,Delayed,2
967b18bf-9a55-4fd8-8303-5015c5926254,c0f17764-96bf-41c6-893b-29fc94bf76e6,2025-02-16,Delivered,1
8b9f0d72-4614-4320-b525-59a5ec7b0fef,59435d64-9945-46e2-b694-fcccfd0ad834,2025-05-20,Delivered,1
8fd30d10-c5e7-4dc7-b040-ac6ca8828d73,bf7c0820-ba4f-4540-a488-0d3a78e66e0d,2025-09-25,Delivered,2
b4a4f47a-dddd-4514-9657-2ba5c5a7ef3f,759a059f-58d2-49ec-8edb-e63c2920e859,2026-03-24,Delivered,1
aa835f2b-b5ab-4e02-b6e7-554e26366b51,60943179-7f6a-42bc-b2ed-57cf5becedac,2025-06-21,Delivered,1
d3aeab2a-8100-44cc-b1c1-95ab4fe85dc8,c21887af-ec95-4abf-bd7b-a35b5053a366,2025-07-23,Delivered,2
39241bf6-733a-452d-93d3-5fc0a26e282f,3209b479-124e-471e-9042-2232a1740bd4,2025-03-04,Delivered,1
2c6fb606-e2a4-43a7-8a66-6f0e3f71769d,f248dd4f-898a-4bab-a120-dce90f964181,2025-11-06,Delayed,3
b1047ad5-7304-453e-a6e6-bfdf3d7538f0,3da156d6-a77b-4499-aa94-688f96e22cca,2025-03-24,Delivered,2
93314246-81fa-4ac8-ba3e-c74318e16d17,b8757c99-5077-4bb5-8155-6906f2f947ac,2025-05-03,Delivered,2
ced4320d-a09b-40d5-978e-50b1f914b197,11bceb32-010d-44dc-ace4-70f26286bcb0,2025-10-28,Delivered,2
04e340db-f6c7-4f35-8d05-e5d1f94326f7,f528dab5-2aca-413f-8533-c1bf5e1b2fbe,2026-02-22,Delivered,1
d4966b32-9726-49f4-bf3e-08703d6e85a3,fa193b9f-b7a4-4cb8-8b0e-20f9fcc02940,2026-01-14,Delivered,2
4a8db256-71a5-493c-b91d-3440a9d895fd,976725c2-1b96-4f35-ae58-10d770e45d5d,2026-03-11,Delivered,2
7d1a0c6e-89c3-43b3-8876-aadd3eedb790,777cef65-7c70-4429-adce-0af41a390441,2026-02-16,Delivered,1
6bfd93b2-4378-4075-a295-1100d4ceb770,42971d31-acb0-4b50-a5c4-f7d9bd7de1ed,2025-05-12,Delayed,3
8c45c8c5-46e4-4e65-bedb-5a0e6f71486a,f523f40a-bb52-4254-82c8-54a1258a71c6,2026-02-02,Delivered,2
9bfb12fe-3eb3-413b-9df4-337ba1b7f0f5,2c0e7f0f-6f99-46c4-ab43-b96cb1c17ae5,2025-05-18,Delivered,2
235f5517-5cfc-4c3b-a3b4-2cd2d1b4785d,188b45c7-d6ad-4502-8046-503c46d8fa4d,2025-06-20,Delayed,4
3f1edb23-a780-4774-9765-17e3f467628e,10e23bf1-3515-4f40-ba2b-7725e912384b,2025-07-04,Delivered,1
c565db17-850d-4bc9-a852-95b132bcd7b5,39df2cab-70fe-4efa-b782-e03f80f4eee8,2026-03-17,Delivered,1
7737c16c-b7ce-4cd3-b8a0-4ef755fb9e0e,765c1679-f86e-43f1-809d-625e8872a262,2026-03-02,Delivered,1
b2f89a95-91d7-49cb-92d6-1dbf993e3536,5e06f022-1e32-440b-8b71-4a98b6ce7cc4,2025-06-26,Delayed,1
60c83565-e6b2-478e-94d4-088e65734834,5c1db58f-df83-4cf0-adaa-78c06a210d3a,2025-05-11,Delivered,2
f4d98bd8-4e58-4969-a8a1-c3d7077d8505,e70e3c6f-1ecd-42d5-bd5f-1d30f283392f,2025-10-12,Delivered,1
e4ed7035-4e47-453f-ae52-4df736766f11,359a5120-b9f8-47bc-b319-65e7e80f5787,2025-12-25,Delivered,2
dc2af4af-9daa-493a-b1bb-6a5fba1811b2,d504facb-e463-451c-8d18-478ccd8da3d6,2026-03-03,Delayed,2
bbc19016-c23d-448f-a8d4-25e6121f580b,cf9887e9-47bb-4324-a051-8aca3b7c947d,2025-05-01,Delivered,2
a0597b5f-609c-4472-9763-94453b1e193c,48a8febf-8348-4295-97b8-4093a172ed02,2025-12-22,Delivered,2
a718a47f-5559-41e7-97c6-698b8fe73cf2,aab73a9a-39f2-469d-b9cf-636544cd26b6,2025-12-22,Delivered,1
e277e4c4-539b-465c-b0a2-42c7b732bdaa,481634ca-a482-4e86-a8f1-88b76c53701a,2025-06-09,Delayed,1
74b20ec9-08a0-4cad-aa02-053831ea309f,c7746ceb-f301-430f-81f5-069c8086edc8,2025-02-03,Delivered,1
f258f8db-acfc-46be-922c-8c1b5dc6d867,e95cf3c9-5d45-4775-980e-5b60cb72f0b5,2025-04-12,Delivered,1
d81f07e0-14f5-4bff-9c81-6da2610779a8,e2d34960-e3d5-4f41-9cb9-0a68598325e7,2025-11-05,Delivered,2
020c8382-d14e-4b5a-b6b0-c7c5cbf2865d,c2f5535d-770b-472c-bcd5-acbf9fff55c8,2025-02-23,Delayed,1
9dc3eb45-80fd-4729-a21d-7c3008081af5,03b0cd6c-787a-4279-8214-96dc5dda89b2,2025-04-09,Delivered,2
b3afe813-5c18-4df8-ae8e-a0e519221520,f3a47f67-3231-4a7b-afc4-53d6f42a829f,2025-10-21,Delivered,2
442afb7f-d5f5-47ee-904d-8ce1ffe31d30,7aae2722-a62b-461f-8a4e-b90c3bae60a8,2025-10-30,Delivered,1
08f528e5-3833-492a-8284-f28fd0e60c9f,96df046e-bec5-49f3-b70e-7ae3cb8e73d2,2025-12-03,Delayed,2
4497c75b-54f0-44f5-98fb-234fa782123a,3b55179f-bd4c-44c8-9c51-c672c73e88e9,2025-08-28,Delivered,1
1c90a722-8ca3-476d-89d7-8bef06fa51e7,a07780c8-7377-4fe9-866b-22f5ceaaa041,2025-07-10,Delivered,2
0aa6adcf-7c0c-44a6-8fc2-090945130edd,d0f8c8ee-d257-451d-9e31-3057b910456f,2025-09-17,Delivered,1
132097fa-794d-4c2a-bd32-9560400bcb92,842b45c8-0f95-4e08-81ac-ae2e3832cc54,2025-05-12,Delayed,2
8c51a28b-98dc-4c03-8987-e4cf56cd656a,9b0c8f68-c625-4d6c-8ad4-fdbcfcd36d59,2025-05-29,Delivered,2
f9fc54eb-3d0b-4631-b78b-801cef64fcc7,6c6ed539-af07-49fb-9c07-f12f5168496b,2026-02-14,Delivered,1
a02b43b7-aa74-4fa1-adbd-2cc0c853c551,b972753c-457a-4f8c-8018-838f0ccdf915,2025-02-17,Delayed,3
3dc65d90-ddb4-43e8-8d78-3d30567aac75,48d44da2-07b8-4de9-a128-033596676565,2025-09-12,Delivered,1
fb771451-fdb1-480b-b154-f4253a6ee3bd,386c366a-369c-437d-aebc-05666cfe92df,2025-08-16,Delivered,2
5a9965c9-df0c-4dcf-b93e-c17875160af0,c126b4cc-1df4-4c36-9403-1105c85cb135,2025-02-21,Delivered,1
506b2037-85ec-4224-bb5f-188a786242f7,adca24e3-ea09-41bf-b102-8039bee6aca1,2025-04-27,Delivered,2
5641054f-2acc-44e3-adae-21ef954da5dd,dbd7fb0b-4aef-4944-b4f8-6191bb1f5dad,2026-03-06,Delayed,3
f6675a88-6787-458b-a003-d629697c366d,bbd177f0-1320-4028-a7cf-9e089be54db4,2025-11-18,Delayed,2
7108e9a5-d03f-4d0d-aaa1-40628714a269,c56675a8-be37-488f-88aa-f88c1d9f6761,2025-04-10,Delivered,2
fd6661b0-7bbf-4487-96fd-111a6ff30f05,a0029a49-a106-4414-9863-983acbfad6ee,2025-04-11,Delivered,1
067aecb9-9a4f-49c8-a33a-6e3246301b57,95d95a2c-8075-4fb7-8c4c-81e3042efd3f,2026-03-29,Delivered,2
8c5971a4-8ff2-4ed8-9633-a0e1f1b90192,cb530bce-a354-4935-b98f-a4042d6b1eae,2025-02-12,Delivered,1
8b406174-de83-413d-bb6f-8123f6b02b8e,987ba6b1-36fc-4b03-8942-440a2f5ef19e,2026-04-18,Delayed,3
6e29e739-4e7b-4d1a-a4b8-6bf909f3ce1b,e887f1b3-9828-4e2c-8875-36487d80ebd4,2025-05-12,Delivered,1
10b5dde1-6c29-4ff9-84ea-05c4b9a20ed2,673cb5b6-f315-46cf-b645-70642dab0233,2025-11-29,Delivered,1
0aded49a-30f4-49ef-a728-5ca67442f547,d5cf1f7d-51a7-408a-8df7-b2f921f70b79,2026-01-28,Delayed,3
37e6dc5a-9de4-404b-a9be-b4417b714d1c,16dab948-8799-4970-882c-95659acd522c,2025-09-26,Delivered,2
aa77969f-b768-4976-98c8-224ed89594d0,adab78f5-3731-4bfb-ad7a-950063f9d6a5,2026-03-28,Delivered,2
1697be67-23ed-487c-95db-4a3322001aca,4a2be4dc-a9ef-4723-8a4e-9902457b60f9,2025-08-12,Delivered,1
f2b00625-c464-4523-b9a2-d8947fd5cdb7,728acd27-c235-43dc-bc17-e1c833ccd03b,2025-09-24,Delivered,2
bd459e11-4b8a-4e8b-8dd3-3930c3c5bc83,1da10c33-07af-4492-8e17-c96b3795cc43,2025-09-14,Delayed,3
b43daea6-a834-4cb7-8475-e7beb6f8b47f,564ef837-e406-4dc2-ad53-c7a0a860124d,2026-03-16,Delivered,2
8cbe3a22-d0e7-44ac-a722-8a1198624df5,01f8f51b-f5c6-44c5-9918-8e932ee800e4,2026-02-27,Delivered,1
7ffbb409-7bdd-4bd5-9167-ed0b2121fe61,2494b295-4463-45c9-9331-2783dd54436d,2025-03-16,Delivered,1
a60656a9-734d-4958-81d0-000c76a985ff,e270f878-e123-45fb-8fc6-5d13f14fee1c,2025-10-15,Delivered,1
f9206c16-04c8-4bc0-9e54-dc39b071a22d,621b53d1-c8c4-4025-ab5d-d5906a0c978b,2025-12-17,Delivered,2
4f24efc3-bb72-482a-a9aa-6d97b49f25d9,8c57373d-a48c-47a1-993c-7e837b1092cb,2025-01-19,Delayed,1
8b6cc430-523c-4744-915b-df1280c23918,b1935ca1-c7f0-43bd-947d-fa533c522b0d,2025-06-29,Delayed,4
d030e2b1-43fb-4bb2-9f08-35cf261b3c71,ee0fa661-9544-40f8-8e2f-bb319da14846,2025-06-25,Delivered,2
e1d05c7d-8585-4e5f-8a6c-4c5f5f59e430,40ba94bd-d781-483f-b06f-edc59bfc450d,2026-03-14,Delivered,1
b9e4abee-ac92-4947-8eaa-6966150884c2,428c7d71-40b0-4710-a96d-6a48c4abae99,2026-02-11,Delivered,2
be88522d-d77f-4f53-b397-de4e2c07793a,ac52a87f-8d50-4d4a-bdcf-8f8cb5593033,2025-05-25,Delivered,1
0f868cca-f786-4df0-bf84-a5417523686f,6d0ae274-e10a-4f11-8e54-2700a93cdb33,2026-03-23,Delivered,1
de50849f-e429-488a-a4a4-3152fef0d5a2,fe77beb5-20b7-48f5-a083-8f00c28dfe41,2025-03-22,Delayed,4
aeb49643-b237-40e6-822d-8eb8d2749ca5,aa4a652d-0457-4800-b98f-64c133607f6d,2025-11-30,Delivered,2
494765f0-7de2-4038-949e-08b006961e44,f8e80cd6-25b1-4d55-8ecf-901a9ac184e9,2026-04-26,Delivered,1
24f33f96-9f70-44f3-98b6-c3c837448b80,5f438ef9-9e59-4f2d-bc07-97eda1e8f965,2025-12-17,Delivered,2
12a73b8f-861a-49e8-ab08-d2e710bb24c2,e70e1f2b-1c9e-4be1-903e-081021dc0649,2026-02-13,Delivered,1
363fcbc2-8e0a-4f07-b57e-e0e49fd2080c,7375c860-319d-4c67-889b-aa803b649bb2,2025-11-01,Delivered,2
5afb9c92-2464-435a-b151-ee670300bf42,3cf63c5e-40f0-4fc1-bf00-d4cddaf2e379,2025-08-09,Delivered,1
59fd0914-4063-4545-8085-098eb497a5e4,636ebc46-e94b-4096-ad61-ab77fa6cd41e,2025-09-21,Delivered,1
45dd5953-0e93-48b9-b7b8-433a56a9b35c,43276719-4084-47b2-bf09-1b3872de6341,2025-12-26,Delivered,2
16fefacb-23eb-4eb1-a829-c25a5dbba8b6,db597e1c-310f-41f8-a375-3a1431de48d1,2026-03-31,Delivered,2
6959a0d1-1923-480e-96ba-c9ccdc63528c,f1e2a60b-8fee-495f-8c10-c5bb913ca22e,2025-08-17,Delayed,1
87508dac-c870-4d83-b58e-384b15ab5827,1ad90db1-c7c3-4983-af2c-809f303a0952,2026-02-02,Delayed,1
d1f924dd-0278-4c7f-ab58-9e4900484d67,0d9ecedb-fc4e-45cf-87bc-c6935899ba53,2026-04-12,Delayed,4
f73314f5-119b-4d52-93bc-41196f91a9cb,284f6c03-20ee-4f6f-a9a6-55bbe4add512,2025-06-30,Delivered,2
37f39bf6-3701-4fcc-bc1a-6e10041c4963,57856309-fdeb-4a90-8a07-c287adeb76f0,2025-08-11,Delivered,1
d6673e2f-a7a8-49ae-ac25-cac93e910bb7,e263de8c-5758-4155-a9bc-4c64fb8ae5b7,2025-12-08,Delivered,2
b9f1a158-1ca6-4d05-b15f-ff7842bb867f,badb1c2a-e775-41ee-9f64-9378df91cb63,2026-03-18,Delivered,2
af9a5839-b815-4ba0-bf05-aa74c05361ea,d58bfe9a-191b-4a26-9e9d-b8b417b97ed6,2025-03-31,Delivered,1
3e0c5b72-1cd3-4bd5-9b95-e48b182247d6,0b342ab7-4f31-4ef2-a885-1b5ae3068124,2025-07-07,Delivered,2
13af3f5d-3dd0-4c19-9abc-403ef189f481,0d6f46d7-72c2-430c-b359-6290e423ae23,2026-01-27,Delivered,2
59915a2d-aea1-4007-8d88-f55b4de4dfd7,466d60f2-8ae2-402b-bde7-4b123c8a068a,2025-08-15,Delayed,4
f4411349-6333-450a-829b-88565990c58d,a7efeb72-f58b-40d9-9b30-eb75b70e7ce5,2026-02-17,Delivered,2
e908ddaa-ccd1-4458-85ed-006d3aa57eb7,080d6ec0-f38a-418b-a375-85fb67b27d49,2025-06-14,Delivered,2
474b3aa6-ce32-483d-adbb-cecd6f53adc8,5f100f27-1dee-4c0e-a50d-e0f9f6f9e58c,2025-02-21,Delivered,1
8ce07c84-a664-4f4e-8a9b-1ab2d8a57a70,caec5132-4d6d-4b60-9998-3a061448b831,2025-05-24,Delivered,2
f10a7a26-61d1-4e56-82d3-89b930a9d773,00062c4a-3d70-4d92-83d0-aca29819d89c,2025-03-04,Delivered,1
45c8198e-0358-49cf-908b-5fe2cdeba4a2,076d4e09-0f12-4671-8ab1-2924df1a497b,2025-05-04,Delivered,2
7758dc3f-08ab-48b9-918f-22fd414df7bf,e876cd1d-e576-4b5e-8187-569ca0ae0d4a,2025-06-24,Delivered,1
ec913ac0-68b5-4b0a-821e-ddaf5683961b,8374a1ff-21ce-448d-aa62-bdaec2868dda,2025-12-10,Delivered,1
4bc8afea-0f16-4db5-b85e-8c3ac756d01b,15c44b77-0a0f-4b8e-9c60-3ff9ad91bfca,2025-09-25,Delivered,1
c916fc0f-11d2-4c73-b690-ed3eb6d657b0,d86387f1-990e-4c31-8020-8a66a08c9ada,2025-08-19,Delivered,1
c2c6ce84-5f33-4d08-b8ec-bae23c4780e3,df99585d-e85f-4053-a43b-a6fea1fafea9,2026-01-13,Delayed,4
bd747ff6-e3c3-4afb-99a3-deb17edf5079,c41947f8-56c9-496a-897f-0ee256ac432c,2025-02-24,Delivered,1
524a9b5b-53eb-432c-8e49-1230fd298808,513217a8-15cc-47b4-ab28-f33f8aa65b19,2025-02-20,Delivered,2
9b9d96c6-5135-4473-8d4d-c475d378779e,a451722b-2e35-4858-bc2b-6a03c36d34e2,2025-03-20,Delivered,2
e0d4ce0c-d1ca-4af7-8d8e-d7c079367994,16ce344c-a8d3-43b5-8677-6625f625b153,2025-04-26,Delivered,1
4c0dcc07-bcdb-4a56-92ed-fd38c99e7b37,c875d9c7-6fde-47f7-9ea0-24e921035d97,2025-06-05,Delayed,2
1e8dcbe1-3721-4e98-b7b9-200a5f37a864,842cb26e-2df9-47a6-9d81-84a4b22ee6a7,2025-03-19,Delivered,1
6c6f49d3-06c7-45c2-9764-ec7efcb59b4a,5b7945fc-825e-4bdd-b352-a9b25a6aa6ed,2025-12-24,Delivered,1
d018bddf-071b-4555-9f80-5676d796fa97,e40c5b85-47e8-44e4-b63e-ef7fb9af60f3,2025-11-03,Delayed,3
14454354-0290-4043-80a5-9d74b996aa4a,c087bcf6-38b3-479b-ac1d-d3a34e98732a,2025-01-25,Delivered,1
b5612cf1-56f3-43cf-849a-134787094b6a,b48d57fd-541a-4658-9314-710d3cdc0749,2025-11-23,Delayed,1
a8d78577-3dd7-41a8-a932-1ffe817ac79f,d48929b8-c118-4998-ba60-b4f7c335829a,2025-07-23,Delayed,4
5736f565-9218-4b93-bc5d-cb5cd62049b2,3dc86c92-fe7d-4e39-a672-35de87e0a7b8,2025-09-14,Delivered,2
45e3ec0b-85c8-4dfb-aba9-0fb43cbde41d,790287cf-2438-42b7-aea4-4a626bd0db16,2026-01-20,Delayed,3
4ed6f450-abca-4814-b180-aee66bc04777,61571e4c-7127-49c1-af4b-4fb51f2b3cfe,2025-07-15,Delayed,2
2cf5a22f-a25b-4c23-8240-f8dfe0574522,492c9718-66ce-4546-acf8-3af8eac670d2,2026-01-05,Delivered,1
6bedc8e9-9335-4588-b6b8-3d1e249cc96b,518c2ec8-c7fb-49db-9b59-43c5868dab26,2025-05-24,Delivered,2
e3ed1a20-6916-40d1-8cdf-4b317dc39f1d,9271a1ce-96ae-4954-8d86-9143dcc765d8,2025-04-05,Delivered,2
3cde86b7-7234-4c3e-8d1f-32b2420019d4,72350cb5-b7fd-43d9-acd1-18377cd18b03,2025-06-12,Delayed,3
cfd431f1-5efd-487e-8c97-514004d3d5e6,3ea8c787-373a-4ed2-803b-61fccae7bd8f,2025-09-06,Delivered,2
b685fca2-c7dd-40b3-9755-c4f679fc4cc4,e1698665-6990-4ccc-abeb-4c5b814c776a,2025-12-25,Delivered,2
fcfea77d-a80a-4ffd-ad20-78b3154c13fa,ae3b40fe-78a9-426c-b08b-15cea16123f9,2025-02-22,Delivered,1
25cb1181-df89-463d-8b38-d1b3e4e07451,2c031c8c-8e6d-4662-812c-8c41fedbe105,2025-05-27,Delivered,1
fa4d503f-a227-46dc-a62b-b28783769a7e,3399b232-eabc-4a00-8a4f-8600de1de4ba,2026-02-05,Delivered,1
15f1251d-41c0-4beb-9836-d842d8662e91,1ebbb7d3-ea08-4b19-9307-7c4c4b136eee,2026-02-01,Delivered,2
286b7f80-bede-47d0-b0bc-ae2ed6191372,301a9884-ea06-4703-8a1d-8cf71e032b45,2025-04-11,Delivered,2
f41794cb-b207-415c-902e-f1ff35eb2b23,9334ccf5-5371-48f5-b3ef-d669b909b079,2025-08-03,Delivered,1
e002e18c-0b11-4794-b7c6-93a93fc32e97,3b22bdb9-21e7-4ff3-ad2d-027e9bdcbb69,2025-02-19,Delivered,1
18a15a40-a591-438a-887a-33a8fd9a4733,920de0d1-cbe0-4ae9-b7f8-5008ebb7a3f7,2025-07-23,Delivered,2
661da3fd-865c-419e-974f-a1f9402db17a,f1deb944-d122-4aaf-9f9d-6d00a11c8cd5,2025-02-11,Delayed,1
64409abb-5960-4f4c-a717-c6dbd732b87f,004feed3-ce12-45ed-b9ef-a34d121873f8,2025-08-07,Delivered,2
954e972e-7119-4047-a6cd-34cb80001866,3dff10b7-3548-4ce3-9fbe-87e5ca2e6b25,2025-06-24,Delivered,2
1b0995c9-c8f0-467f-b745-f2f6705cc2ce,96bf1451-a9cc-4927-879c-ab1fcffbbe5d,2026-04-15,Delivered,2
288fed5c-c337-4365-ade8-4500ff5f7dfe,f3658274-feb1-4900-8af7-d2f92a167270,2025-01-17,Delivered,2
6907872c-09bc-419d-a61d-4ee8d3671b65,fdd8cbe2-e087-463c-8bbe-427a79bd8428,2025-12-23,Delayed,4
ee217d13-bff6-470f-871f-2cc3a931dd32,cdc97032-36d8-4c68-9a5f-8bb3c1c35cc2,2025-03-25,Delivered,1
8541716f-0154-419c-8290-8e4532f320c6,d45f083e-e0b6-43da-8682-d533c6a530c1,2025-12-14,Delivered,1
26a6ea82-836c-4a39-8c87-25f88a4e3bef,885c46a0-9872-4734-9572-659126301830,2025-03-05,Delayed,4
77540771-f95b-4ffd-bcd9-8bc08837bb1b,394d7203-7cf4-46a5-91ec-8df24816dd5c,2026-02-02,Delivered,2
8dd72108-8732-409b-9f53-d257f9f7d5c5,a2dbc176-f1ad-411c-bb58-d0ea1930be58,2026-03-15,Delivered,1
6b3cc3e1-0b5a-4520-ab92-4ba2ca05dfed,d1a8149d-68d1-47e6-a97f-cfe07023bcf9,2025-07-15,Delivered,1
ed690221-3649-4435-bfd9-87d6c8f5b5ba,6cb81ed0-f1b8-4065-91b4-27d3fc6bcc52,2025-09-13,Delivered,1
b708cc49-1fb0-4e08-abe9-045d82261408,87de4283-0ce3-48e7-93b0-e01f8368c828,2025-06-19,Delayed,2
97c464d9-91da-468a-9a02-5a9d236b69de,03831690-670f-4504-953f-a796129152d0,2025-08-08,Delivered,1
09126494-c30b-4bac-9b00-c957c6ff09e9,04ec553b-7522-427a-912f-1730a6a7ffdf,2026-03-22,Delivered,1
1911057a-809b-42a9-8fbb-288e2fbdd2d0,82cf93c2-15e1-460a-8fdd-6463b7c28b55,2025-05-04,Delayed,3
3cc7ef15-cc80-4900-9709-351bce9773c8,1aa9d4aa-e182-4138-81d7-ce0281167ff9,2025-12-24,Delayed,1
8fd94b35-7016-43cf-8dde-8b33c3af1ddf,4e5a1dbf-e895-4e59-a76d-51f358014244,2025-02-23,Delivered,2
5e4ad914-b780-4e17-bd4d-eec27718f755,8354feff-28c3-4050-a164-c044dd74b06f,2025-07-21,Delivered,1
ce76cc80-f99c-4fb5-860f-4df9433cee42,f3c2a28a-7cc1-4276-be67-3f27289afdd1,2025-03-23,Delivered,1
2ce7eb25-1ccb-4b8d-913e-812af995c8fe,c4e2f4ee-02d5-458a-8759-0d5ec2ce5b9c,2026-04-15,Delayed,4
a988c373-5feb-4848-9051-b607a969eb48,2fe7fe8d-5e81-4c12-9148-6bdf6bf293fb,2026-03-20,Delivered,1
98c71ff1-e899-42f1-9afd-34ebbd19bbcc,38410151-9279-4058-88c2-87bbbbca4857,2025-11-09,Delivered,1
234f17cb-58e8-477b-8219-ead695f04fa7,91dbe769-249a-49a0-8b03-670f0780670c,2025-12-15,Delayed,4
936ef871-67af-4fad-823d-49975aba3189,75eb32ac-a8bc-4eab-a937-e653bafbe94a,2026-04-07,Delivered,2
0fc1b068-90f9-4a9c-a0f4-48233b1628e0,1f1e6091-117c-4766-b004-feef5dbbe226,2026-01-21,Delivered,1
a18eee8a-2f8d-41fa-a875-ebe0b413f17e,edaceea2-0814-43e5-9325-08b794d481a7,2025-06-21,Delayed,4
f74d722b-e409-4eb2-b6d0-57eaf8dba269,71de851a-417b-4015-a7c0-3062bc98a386,2025-06-14,Delivered,2
ef483f5c-5410-42cc-99cf-c851e62edc1a,597526e2-b593-44ec-80b3-7dc645bcaa28,2026-01-24,Delivered,1
efba2550-aefe-4449-adf3-1bfd27eb5a61,a751810f-27ae-480a-b8ad-c0c2ea183b65,2026-02-21,Delivered,2
ae2d4263-cdc3-4a72-a566-5330fcc3b008,76436977-fee6-4bb6-b423-8fd976929fa8,2025-05-20,Delivered,1
1bec0ff5-51db-4de7-9b64-e80e9bb7986f,1c039fa2-825d-40c9-8db5-d8b4f0efa75c,2025-11-11,Delivered,2
2765f555-b1f1-4d7a-8942-cee342faded7,a7059768-50ad-470c-99f5-aed8ea55d584,2026-01-17,Delivered,1
22381fa9-011b-4ea7-bbb4-7d78b68a3382,9cab5d25-65d4-4ffc-8053-0acb1509b6ba,2025-06-17,Delivered,2
fd19afa3-6b68-4aa2-8ec9-3d5fc8330d1c,8d676bfe-72ff-4de4-bd77-b5fac6d3218f,2025-09-23,Delivered,1
a192eced-8874-409f-b3af-db850318f34c,10efaf01-c371-4fc2-808d-288ce93c29d8,2025-12-11,Delivered,1
706c30c2-52a8-4f6a-af45-f35e8c5f183f,d1a7b081-f35f-47be-bf92-95d542530bf2,2025-07-08,Delivered,1
3c01d3f9-86d9-4c0a-ba22-437c8887158e,d5fa30ee-8191-430f-a6d2-7f119cd27515,2025-02-07,Delivered,2
d34cb434-86f7-4ec7-af5a-4f7a0c0739ae,554512a7-a7b6-4ecf-803b-f3b15645668b,2025-08-06,Delivered,1
9121f6f4-31ae-4687-a1cf-414d19e05136,ca5eb80e-7d6f-400b-b829-66af4443779f,2025-02-11,Delayed,2
993729d6-0245-4f60-8f8f-869f44da445c,4dcf6026-b703-40ea-9f74-5cb37aa093a3,2025-12-22,Delivered,1
52b6cbbe-2fee-40fe-a508-ca6d33984939,e1a5309a-85da-4d6f-b709-c8812bad5296,2025-12-11,Delivered,2
23d61b61-d548-48b7-8310-8741b6ca6185,29a31c7e-7468-4b4f-b3f3-607d74bc7038,2026-01-13,Delivered,1
ac86bc2c-b0d9-47b7-b75a-45b9cbf0234b,aeb2ee09-cc0e-48b2-af90-3597fb2d2980,2025-01-23,Delivered,1
0392441c-496e-4ef9-a0fc-6cf7a6c2ca9a,f526c997-cfa2-4d55-824d-535f53e3bb53,2025-12-16,Delivered,2
1f461ce4-22a4-4725-9838-9649a885b594,8b4734d0-b049-4cf9-ba53-139b32adc45b,2025-05-03,Delayed,3
21f938bd-22cf-46d6-ad41-06b7b736edd1,63d7b93d-305a-4a4a-b070-3e72257879ad,2025-10-24,Delayed,3
b32cd1d7-576c-496d-af8d-fd9102e07197,3ab68a8f-c2b5-48c2-9c8f-ade17e632232,2025-06-05,Delivered,2
88f6887a-2e39-49cf-b964-21793c33e131,e62f3f8a-d234-44aa-ae9d-096591cf242a,2025-08-27,Delayed,3
badbd949-a169-48bb-bd30-01301e9772e4,750283f7-54c6-46cc-8cd3-e65fa3474160,2025-09-20,Delivered,1
5a13484d-f421-43b5-a824-4f03fa1c51d5,bb7a801a-e9ca-4da6-b9bd-7209ff3e096f,2025-07-22,Delivered,2
85a041d4-26de-426f-aa20-0b6fa66d2498,4f28d6ec-524a-4f71-a15e-805468ee65b5,2025-12-02,Delivered,2
1ad84642-1618-4746-8f0b-6b98b06c1a0e,c661fe67-6cb3-4827-9817-4062b2bbe3f3,2025-09-15,Delivered,2
72940d98-a656-4105-aa98-24e369ce9697,4b1f3ef6-d64e-4b92-beea-048430171d51,2025-11-15,Delivered,1
4323230d-7a5c-44ef-8e02-0b476002f491,66e501eb-47ed-48b8-8594-fa2d0bffb95c,2025-06-22,Delivered,2
b0d3b9fb-5c61-4d45-b4b0-29c31d199d09,6e402c05-aff7-441b-94c8-fdb8c20f0412,2026-01-22,Delivered,2
c6388be1-d3a4-428c-b5ed-a95928481b4a,239a52ab-d587-4821-a7fa-50a0510459df,2025-08-07,Delivered,1
6d56a5ff-6e2d-403e-9273-3906ac4bbd9c,1c6a275d-70c3-4eb2-b060-f1c170128f17,2025-12-30,Delivered,2
f3a6e2ad-5215-42ad-9b8d-9747250d20a6,d8c2ecdf-cc2a-4281-8158-7db9391e0737,2025-09-19,Delayed,3
50b93ebf-17cb-4806-a578-d459cf2dc3e3,444753bf-eb2c-4384-af85-15757959e342,2025-08-20,Delivered,2
99585196-9c96-424f-bfa9-b29fbc47d0e4,814ea0a5-d79a-4b21-b348-bfca5541ea47,2026-01-15,Delayed,3
e0c0dd84-1cfe-4dd3-8a36-4016a262866d,da9c2259-373b-4cd3-a3b9-2f8f968cc8ec,2025-09-05,Delivered,1
ae5983f0-c7f0-41ae-be11-73766ac1898f,02856c13-c72e-4587-be99-d0446e051d50,2026-01-31,Delivered,2
bedcc409-b491-4378-8103-97ca7d59cc8f,e88f6e7b-1440-476a-b127-cd2eb66daf55,2025-10-19,Delivered,1
bcef98a9-3b8d-4a58-93d2-8ea63ab8e671,58614887-8639-4d2d-b79a-396cdc5d28b6,2025-11-19,Delayed,4
587cb323-fa06-4dc2-8119-b6f878624b97,68a0b091-e6da-47d2-b23d-adfe933e6270,2025-02-27,Delivered,1
f445f52a-d013-4be9-840d-674d51619b89,22186279-47c2-470d-8be5-903d5be755b6,2026-04-10,Delayed,4
611a34cd-e632-424e-b953-93f67bed088b,d92434f0-fcb9-4f36-9951-cc9e771d6c9c,2025-05-17,Delivered,2
a472b7cf-d0db-483c-8a6c-023cc4fc96e2,dea58622-8b17-498c-8356-06e9dfac6d4c,2026-02-25,Delivered,2
d374d74f-a947-4450-8c41-0793adb9b861,8c70f828-d668-464c-a820-adfa5344dfc4,2025-06-07,Delivered,1
a02a538c-7738-4f22-b51a-82945103a981,f3f9efcd-8694-4f8e-942e-823e46203e52,2026-02-23,Delivered,2
5e027bd0-a37b-4db1-94cc-96e8f7d9f7bc,e37f2939-958b-4ebb-8024-101186d9e7fb,2025-05-15,Delivered,1
ed12779c-296a-481d-a163-a15944ef7897,6b3314cc-7ef3-4cf5-8efe-1074c7abdd0e,2025-12-18,Delivered,2
75039561-0fc3-46a4-b14d-10b5e8c819bc,4588f5ca-5a97-4abd-8cd8-e3496c25aa48,2025-10-09,Delivered,1
23879bd1-9235-4019-9a6f-63e2a5351e40,efff2ae2-648c-439b-b1fb-db55b52ec664,2025-02-03,Delivered,1
c71b0fbf-c337-4b15-8a71-73c95384dd1e,ba171ec7-634b-4b36-8e60-5f6ed1460e26,2026-03-07,Delivered,2
2d4d69b2-50e9-48e0-86ee-21b0b4277529,177051c8-bfa8-48ae-95cb-39ba2cd52144,2026-03-05,Delayed,2
9b472cbc-f60f-47d4-b29d-a1d8aebe8461,fb7459b5-e012-4eb8-b4d1-544723f2b8ca,2025-03-03,Delivered,2
443d063e-a4cb-4189-9f42-21c27d4e713a,4bfb238a-5078-4b01-bef8-38b631b70d3f,2025-04-29,Delivered,1
3a792a49-8805-4022-846c-01df7af3ffbb,3a769ca0-2eb7-4fe2-bde3-ead8388d08ca,2025-11-11,Delayed,3
5e272653-cbf7-4192-8fbe-ea2ef0fbdddf,0eb3a9a5-0c68-4d7b-9baf-46d8701b6400,2026-01-24,Delayed,3
3eeadb80-c6ae-4c83-ab53-54984174215f,9e026e9f-ef14-470a-9108-6906711fce20,2025-02-09,Delivered,2
83a92aa4-cbf8-45e4-a515-95813544f6b9,91cd3f35-00e3-4d33-87bd-5e1c2947f4bd,2025-06-22,Delivered,2
10ca9459-ff59-46cd-b8cb-e1bb00370736,fa1a8cc6-0606-4e4e-a3a6-d4b7e1e6d1bf,2025-12-13,Delivered,1
91942b29-dd17-4262-b45e-e6fecf0b75a2,d022cc8e-c914-4081-8ae8-026201a742d9,2025-12-09,Delivered,1
0edaadab-5412-40ea-b83f-204a5802c819,6b7c25bd-ce18-4adf-a62c-c04eaebef45f,2025-05-28,Delivered,1
6f8c1b0e-0730-4329-808d-39cbf7362cd8,900d9fd9-f1d9-4896-b70e-83c4d3e38813,2026-04-10,Delivered,2
c8cff8c6-4d08-42ca-944a-bae52f7daa86,06d351ac-e5b8-4a2e-b308-17d8f5a18925,2025-12-26,Delivered,1
cb19c2ea-2774-4363-93bf-8d17264be082,1e7abbf9-298d-4c99-969b-5dc72320574a,2025-10-09,Delivered,2
5c093de7-f448-4df5-a02b-eb482af20330,1b06653d-1bf5-4c47-8a1a-e805cbf48702,2026-01-13,Delayed,4
aeb69ec3-8099-4861-b81b-b11adf862e30,b803c40f-3e13-4448-bc63-f1ab07d53ba9,2025-06-10,Delivered,1
132236c5-c729-4b19-b8d6-0c6fe6c24370,a3ecb7e2-a761-4b06-9179-1bf4b320f9c2,2025-02-14,Delivered,2
0575ea02-ce69-4b39-9884-1a8a260c8076,8aced15d-d09a-42e1-a5cc-52d1e63eb142,2025-07-03,Delivered,1
5c81d062-b77a-496a-bcc8-85c3db449626,cae88f72-e89a-4014-a392-c25adb5e3569,2025-08-08,Delivered,1
f1e9bb40-b1ef-47dc-a8fc-9c01f624b859,f9c559f4-680e-4987-a7be-8ed1cfd9aa31,2025-05-03,Delivered,1
e7dca7a3-9f00-4603-a9a8-57cbec4a2384,13931fe0-7e7a-4a6e-9919-78445f181cfa,2026-02-26,Delivered,2
bd3e774e-2a57-4cf5-81f3-5fcd971bdf6b,1d0760d0-88d2-4e2c-8ea2-7cdfed297304,2025-04-15,Delivered,1
a3cd5e1b-d072-45a2-b1dd-e215fd1e9f3c,91a1d138-e193-42a5-a4ff-e0da3a551ae3,2025-03-09,Delivered,1
ec88cba2-5459-4986-90a3-51d865fefefd,8ac25843-e2d9-4768-bf05-3bd03597a9ea,2026-02-08,Delivered,2
cb217ebe-a87f-4961-b09e-2872d684bdde,710ff24f-d065-424f-8bbb-d2b7d58708d1,2025-06-18,Delivered,1
c5a5add6-f82d-490d-888e-ed30b756c21c,4e1055f6-84f6-4676-a450-cd619bce8e31,2025-10-25,Delayed,3
33c8d8a7-bf3b-4c28-ab98-6854d32bb64c,784a8116-eb7e-40b7-b53f-96b42f431670,2025-11-10,Delayed,3
9818e286-ce76-4653-8e93-d7e4b53c7d7a,cc4270c9-4416-4f83-80d8-077bc630ce7e,2025-08-10,Delivered,2
a967ad35-1020-47cb-9476-5cb1d333b5bc,08ba7349-0324-456c-a684-6feef459bb82,2025-02-12,Delivered,1
6ec0df5c-c9dc-43e7-b730-6faff9b64083,5bf7b27a-2b10-490f-8b80-4d0dffb9e05b,2025-02-21,Delivered,1
493aee90-52dc-4e20-9b7c-eda31f328b88,8731eaf7-6be8-4d65-b605-43e3e72b377a,2025-08-12,Delivered,1
fa66a453-b704-42ad-8dbf-d03ec17118aa,8dcba478-29a8-4c85-a8aa-027db2dc5824,2025-07-30,Delayed,2
705ccdae-dc8c-49cd-9f32-4f1d6ef28e10,e319e45f-3173-4810-8d58-1841b317c737,2025-09-03,Delivered,1
aee182ce-c93b-41a8-b989-6d9992a1edde,0bd0534f-ece2-4839-b3e3-2824870bcac9,2026-01-14,Delivered,1
c3faf24e-343c-4b39-8c29-907a640f9bbf,5b2b8f1f-53ab-47f9-9e2f-285be8442331,2025-10-01,Delivered,1
f86bb9e7-801a-4d46-9e15-6bc1f8afb758,6926e781-09a6-4e4a-ba5b-7ae453b3e6e3,2025-06-10,Delivered,1
b3ff8a17-cbb9-4fae-b868-5a29a5eea97c,9701ff4e-e32a-4e37-b950-f75427b9e821,2025-02-26,Delivered,2
592defea-7e07-4921-95ff-b617c6d3060b,216231d3-8b66-4fb4-af79-3e4fa143c62f,2025-02-20,Delivered,2
2a2532c7-788d-47e7-a697-fc51f219519c,2a65daca-c69d-4f37-97ba-857debe160ac,2025-10-31,Delivered,2
3a67894e-2f31-4c3b-b1a3-0c84ee07eaf9,0ec605f4-5bc6-48de-81e3-3df0cb9b8947,2025-11-15,Delivered,1
5247080b-8bfa-4230-a258-4597a3cf0843,dfc0415e-a67e-47a3-bd7c-f5e668528939,2025-11-23,Delivered,1
eb925af4-a621-4a25-ae1d-b62ace3f4dd0,35f532b9-18b5-453b-b803-142b2b0bc47d,2026-03-19,Delivered,1
115c555a-1132-46a4-b03c-8c5f181b09d6,62eb3e14-0bd1-4ccc-9d95-35e344b57ebb,2025-12-25,Delivered,2
7ca39b42-bb7a-44b6-a3b9-f57552d6344a,304e6422-dacd-4d85-9452-75c6210cd9f9,2025-10-10,Delivered,1
7024621b-5066-4bca-a280-ac8892abcb02,16d8f41f-ca1c-4340-8e35-4ea30e403a26,2025-03-24,Delivered,2
7d0aaab8-2347-470a-b7c5-9fbcc59f30a8,8687196c-6382-4b1d-baff-a0d06c6fd857,2025-07-04,Delivered,2
d5a81df9-8349-4306-8fd5-28684b7b2be8,b7eff90d-221f-4010-b821-c84f3d089a5c,2026-04-07,Delivered,1
3e31ac66-e11d-4394-99e0-37c80bd29038,49ddd1fd-93de-4ff0-9e78-75e6d1b3791a,2025-05-17,Delivered,1
16115844-4db1-49d9-906f-625ea937348e,5292f6ff-2c55-4bdd-aa2d-75cc8e3228c0,2025-08-30,Delayed,2
6ead5532-5a36-488f-b4bf-41be53971797,a0964bf7-5329-4825-822e-6c385c5dc5b4,2025-10-30,Delivered,2
4487099b-c0b1-4058-894b-dcd60573efa6,ba1fb390-1078-4cc7-bf06-0ee174d20a94,2025-07-20,Delivered,1
4dd2581b-951e-4b77-8014-878497f458e5,7ef933f4-00f7-4f3e-8e1d-38a295c2745c,2025-08-31,Delivered,2
320ab0f2-39cd-463f-b0b6-19e5252713d3,c5480fbd-c06f-43a9-a4db-b75cdfefa6c2,2025-01-31,Delivered,2
7f76f183-f6ea-4ae8-baeb-49121a184464,3b1917d0-d0a1-4a6d-957f-d79166de5aed,2026-02-26,Delivered,1
9120a9c7-a4dd-4b88-a540-015c06288b19,662506ec-d55d-490a-8646-5c66b51ff959,2025-12-13,Delivered,2
5ec537cf-0317-40b4-ab50-fe7308218020,1b3b23aa-088e-4827-9d65-c42dab963b44,2025-02-21,Delivered,2
28d4e5d5-e3b2-4ef5-9444-5f7cbf09bed4,6cee3305-e438-4aba-ae08-e936254b9330,2026-03-20,Delivered,1
4e6078bb-cd62-4c9e-9d9f-19209e17c694,d25c093e-2eca-4d5a-9999-19d78bb8fe92,2025-08-02,Delayed,3
5fe3c898-944f-4e2e-9a1c-7c42c56549ea,37c33eae-df95-4658-8d64-dbe982a37718,2025-05-30,Delivered,1
a88f9384-ffb7-4bf6-842b-1cc6286da5a0,33a0ba27-853c-4730-9a30-5a61702b48d0,2025-05-07,Delivered,2
75445285-2901-435a-9e7d-0bddbf1b1262,fec9a686-19ea-45aa-ad3e-27d3fd9620d9,2025-05-24,Delivered,1
8d0f28c8-314d-4876-9ce3-1e14a0f7adf5,f11488bc-0ca7-408b-9ec2-e0185a9c1a95,2025-05-19,Delayed,2
50131c28-25d9-4115-88f4-dc727113c1e3,882dcaf0-2d25-43e5-bbe4-ba5cfbfca56c,2025-06-25,Delivered,2
139e7940-71f3-4d34-bb4d-270ac9566083,5f31ccb0-cb0d-4438-be56-a78920b961a5,2025-09-29,Delivered,1
064892de-4a6f-4cfa-b372-5d16fc4e8899,3bac417d-9781-4203-96a8-3283a9b4cffc,2025-02-02,Delivered,1
7abd9f29-44d4-4ab5-86e8-6cae5c6e4341,1613d602-c8ca-4087-b105-fdaea8435c9d,2025-07-07,Delivered,1
c3fe4917-4e5e-486b-8a51-dfe11178d838,20144ba6-f517-4eb8-986c-1ae73d80c92c,2025-09-07,Delivered,2
f88574df-4666-4a1e-90e4-a21ffdf7e708,27ace29a-da23-4ee9-9aca-681bf5bb630d,2026-03-09,Delivered,2
07601744-18d1-4a08-8e10-c21dc5d38fed,895d65c2-6346-410a-95de-08f26b283722,2026-03-31,Delivered,2
003960f4-01e5-44b5-b200-1a3dc8fe5898,a548bdcb-527e-4af9-87bc-7b81ec829cc4,2025-10-09,Delayed,2
ba7daac1-2c47-4ab9-b4a1-d018182d2117,405b1ab8-255f-4e0e-9f04-0b0f6d0e3777,2026-03-16,Delayed,3
8acd4c26-626e-4520-94fc-15a95eca0ae0,e2f00677-e68e-4c56-acf4-95b118db4c4e,2026-02-23,Delivered,1
faecf225-3bc0-4ceb-8464-1f9f4615b410,e3d297f1-1273-4aee-bdf0-55afcb53970b,2025-08-31,Delivered,1
a0d98fba-149d-4756-92b2-eb59c1eb2297,05e5c9a9-30fb-41be-b3bd-40a8bcc63862,2025-04-13,Delivered,2
3b9bdb03-bcb3-43ae-aee8-d1e9c4ec0bf3,7de45e53-d4b3-4536-a905-f111f15d1430,2025-12-09,Delivered,2
a1fb0ac2-4c95-4a1c-812f-b54e54ade2d2,2cc937b5-87a5-416d-8b96-f32a16a375c4,2025-09-24,Delayed,1
0dc04bc5-c8ae-4ea0-be4a-23d0a006f810,b507df8e-1576-4b6e-a6bf-88a067e04976,2025-11-16,Delayed,1
401bde77-999f-4cad-a221-f3036cec3494,beb31e83-6934-40ec-9c35-559517c5a9d0,2025-10-08,Delivered,1
7ed1ce33-bb4e-4c78-9fcd-d65a3e384bce,7a300df1-1711-462e-b78d-fd1be6bc6e62,2025-06-09,Delivered,2
f660b65f-542e-40c9-a425-85ad15dd2317,2f465902-cd90-4331-b9bf-ac20e26d970b,2025-06-22,Delivered,1
196e045d-fcea-42a9-a7f4-f734f2304113,8d663335-3196-42ab-9e7a-4646da9098ba,2026-04-25,Delivered,1
41e3565b-489b-4593-a953-ce10b16428cb,d8d24b1a-877e-4d29-bb24-14873e73499f,2025-10-19,Delayed,4
c34440ad-c407-417b-abaa-fd122cdb5ded,b25c2fed-080a-4107-aa15-4e2f786a6fd2,2025-11-05,Delivered,1
5009d900-6f41-4af5-9c88-76a52c194972,3ecf1731-aecf-4d3c-ad3d-86b3ef74c2c3,2026-03-23,Delivered,1
6f14cb77-4f07-431b-9125-1c86943031ff,615d259c-5571-4681-ac88-1b8b27515237,2025-05-23,Delivered,1
e8050c53-afe1-49c3-b2f6-ccf9d31b21fc,cafed7e4-edd6-4fbd-b377-81c47530268c,2026-02-22,Delivered,2
7462bcfb-0144-4d31-bbef-24a3be586cbd,f3b452bc-95d3-433b-9523-98cbabfffdc9,2026-03-23,Delayed,3
ba0575e8-9f82-464c-9093-b091abc5400a,ff4ee468-42c3-44af-bee8-822d353c03e0,2025-02-24,Delivered,1
34f8a439-25f2-467d-8384-48d758f1f97d,7172451b-4842-4414-bf21-0042dea5f1d8,2025-10-21,Delivered,1
fe8372c0-a36b-449a-8e44-5aa1b9bc0670,c1fd3c68-a146-422c-98f0-29659e343cc6,2025-06-12,Delivered,2
c81bf789-2809-4bbd-8886-f2a1bccaa723,9cad1699-eb32-4e3b-9739-905681f37e1e,2025-04-07,Delivered,1
72bea0c9-7857-4fa9-bf83-3f553cc26a1f,7fd8a79c-7fec-4446-bef6-3ce9f179f694,2026-02-02,Delivered,1
279c80cc-798e-4860-90a9-05f8f2951d62,8adaf01d-cfb9-4434-b1ec-776f7c166f0c,2026-01-21,Delivered,2
44a16aa7-17ee-488b-af39-959e5d73196e,11c74d7c-da87-4d36-a35b-d5dac1e6fcfc,2025-12-09,Delivered,2
e6cbc44a-4b6a-41e3-acbb-b6cdc98de74b,b132960b-9ad2-43b5-9c36-8d01c4509547,2025-12-13,Delivered,1
62fc7582-cb73-47d3-8099-032c4d35fcc9,aa9b27d3-af85-478e-9ce8-fc87529ec23d,2025-06-02,Delayed,4
5c2ffe75-04cd-4427-b703-48456b8ec80a,ca697470-c286-4d5e-a201-7b36d798068c,2025-03-02,Delivered,1
198bc414-39e5-4ca3-b94e-21f5a60cda24,d306819e-2128-46ca-ac8d-b8b0920e640d,2025-03-01,Delivered,2
adabe0f9-6be1-4c74-9bd8-1bdaded89e9f,2864efd5-630b-499f-bc6a-116f43e44dbd,2025-11-23,Delivered,1
9cd90c80-5669-4934-ad41-93d0446e4a56,0c5675e4-62b4-4d63-bcc3-300c8b12a68a,2026-03-04,Delayed,1
8d7324d0-2194-4c8f-b6cc-487c893486f3,95e65084-90b7-488f-9467-005eef1a6c92,2025-09-09,Delivered,2
ace63ac4-9c61-44d5-95d8-d90e14148db9,5f51624e-dc3e-49e9-908d-cf611f2887b0,2026-01-23,Delivered,2
274bd9a8-7a35-4413-8de2-f9264099c798,c5725d07-cfa1-42f2-a9b2-7e153e5d1379,2025-12-15,Delayed,4
0e769cb4-6349-4d58-b86f-f433764db24a,e26d7710-3380-4b2f-b730-9b8869c32506,2025-07-23,Delivered,1
33c8da59-579a-4996-bf3d-89d37654a969,ec22df1e-bb79-417c-858a-dea307b734ae,2025-10-12,Delayed,1
e4670ecf-5205-4196-8b64-f7dde97fb7e6,e5678c64-58a2-4f63-9bdf-cfa058e2ee03,2025-05-25,Delivered,1
f33e35fa-a76e-474b-9f16-078a1350cbbc,af3ef8cb-549f-42d6-8c56-e526581f9f02,2025-03-11,Delivered,2
35effee4-2e42-4752-b26a-2ddc268a8d45,0eae2417-725d-4fda-86f6-9b5622cc9dbd,2025-07-12,Delivered,1
fbb04b46-724f-4d49-9284-81e6ef78feaf,8842f4e9-f9a1-4762-8d0a-7f706e87cd5e,2025-07-16,Delayed,2
e920a6cf-0a31-41cf-b7e9-fa082d8ebf2d,dec3baed-35b1-4c10-b1d1-951f2b771534,2026-03-23,Delivered,1
731308c3-ca61-443a-a0ea-1ebe06e85d4f,c3c5c185-cc85-4824-be21-cb02afc7f719,2025-05-05,Delivered,2
1538f844-a36c-4dd8-97c0-7dd288f05fd9,626cedf2-d40a-42c9-8de1-ec84afa0dc34,2025-11-12,Delayed,3
57abe5dc-22a4-40a6-a62a-04a780d15da8,78ddeb01-24b4-46ef-aea2-9a4b65939625,2025-08-21,Delayed,3
93a8f8c8-0240-44e6-a774-a7440f3519d8,13ed1bf9-20e1-4748-9a28-9fffacc77b4c,2025-08-18,Delivered,1
e76470c9-12dd-4a75-9319-e864532989a1,edbfdd2d-57cc-451f-995f-b699020cd4be,2025-04-20,Delayed,3
bfed677f-3308-4462-8d28-d1e1a9a5f541,f58be58d-57e2-4410-969f-d307e24bd1da,2025-02-07,Delayed,1
4c177b97-10ec-458d-bea3-0acb8442e3cd,28345edd-dedc-48d4-89fa-9d4eb85def47,2025-11-06,Delivered,2
7558abf5-acf0-4ca8-8ed7-2213e773e597,2064b459-be41-4b2f-a435-b8e4c1052969,2026-04-09,Delivered,2
ec3eebf9-1925-46e6-a976-f322b164d6dd,a8c0d997-fd9b-43bc-b717-aa0580157983,2025-11-03,Delivered,1
c31bd17b-3751-455a-82d2-c132aecee2fe,59465f82-cc0d-45c9-926b-e225aecac877,2025-02-10,Delivered,1
761bfdf8-fe2e-4555-8840-05d50b91faea,758727dd-6286-416b-ba21-ef167588adc3,2026-04-10,Delivered,2
e0243751-1b30-444d-89ef-a4b3af948885,f44f4562-c0c8-4fb9-8ffb-000f370b31ed,2025-05-04,Delivered,2
7ebaabe0-87f1-412c-a323-117bd880a5c5,a469bd04-5b61-45b1-8f92-fd737d951233,2025-11-22,Delivered,1
d9e0eb0c-ff29-4c73-a6b6-19b74ca12963,d0c48d58-00ca-4a25-aaf5-2e0f55fd00e4,2025-12-06,Delivered,1
d6a7226f-cd27-4d8f-9faa-892434e1a72e,f88492ab-a2d3-465a-a707-903ff3c1ddbc,2025-12-14,Delivered,1
c53b0dcf-d110-4583-bbfd-6d5b2e391889,64496128-90e8-43e0-bf49-24353cc2b8a3,2025-11-14,Delivered,1
dd4c14af-acaa-42ca-bbf4-1577ae1b4f52,86b5e8ac-958b-4aaa-aea5-aa9977db2e08,2025-07-01,Delivered,2
7465a825-4d34-40f4-9932-aaf37daf0897,dd081117-a4b1-4cfb-82fb-a8b779092298,2025-07-14,Delivered,1
0c7e3615-55a9-49ca-97c7-7372d0d51d69,c7c9669b-6e50-4c82-88b7-fc2e8655eaac,2025-06-15,Delivered,1
e85c97aa-b8cb-4783-9ba5-68bb653bf280,63872acd-0a68-479e-90b1-f22db977a31f,2025-02-22,Delivered,1
fa2ef418-0574-48c6-87c7-a8985971287c,726181bd-a178-4105-967b-3687517c5aad,2025-05-03,Delayed,2
d4c3228d-3c38-44dd-b452-ef345cec2421,f6e7a9c8-a7ec-4d00-b0ea-c2b2ef034465,2025-11-08,Delivered,1
7d94fea2-bda8-4237-a734-c643ce662973,a348a0f5-4be0-4826-a69c-a96004efc10a,2025-12-04,Delivered,1
d83afd75-4817-4f02-aa42-82204be61b33,86d0ed1a-d103-4595-b6e6-fff1f7eafd3e,2025-09-22,Delivered,1
6e2c1a7f-8564-4a49-a5e1-cebed64f3e4d,ba49fd99-11ab-4dfd-8f4f-3887e86b6908,2025-12-08,Delivered,2
4f6258cb-6039-49ad-a1be-88b6aefe1b7d,751d7e6a-d506-4382-afe9-74c24a5d2263,2025-09-29,Delayed,4
d8a1fd86-e57c-4278-a0d8-44985158b6cf,871f75a8-01b0-4d18-ac18-25bc4f2ec820,2026-02-05,Delivered,1
efc67f1b-1392-4cb3-b8e0-a9a19bf6ab04,cc50f91f-c0ff-48fa-bc46-b1e37dcd18e4,2025-07-01,Delivered,2
354b0172-689a-446c-bea0-8f09f8523abc,c87898ef-dfdc-4789-88fb-b44f4f8c23b6,2025-07-06,Delivered,2
92e3cff2-f23d-49df-bf1f-133df75928bb,00994d8b-c3fb-47f6-a478-80caae716275,2025-02-21,Delivered,2
dc48380a-cc65-4f46-9381-175a3773842b,f9833049-90a4-4409-afec-98f6012fa587,2025-08-12,Delivered,1
7807b84a-8ed5-4440-8ebc-9f777932f716,52a81de1-38b2-430a-a63d-806759c86c0c,2025-04-18,Delayed,3
3386a537-f5d4-4a26-a4c7-4e2c1105518d,02189fe0-5093-427a-a618-18cae1b20872,2025-02-08,Delivered,2
17e4abb8-4896-45e9-a720-b6bf168f7e09,f5d33e97-4b77-4769-836a-b79f49deaf97,2025-07-04,Delivered,1
96ea3d8a-81e1-40a8-9e59-ea217c775d8e,f339a8d7-2955-41bb-ab7b-ee19b59c2a66,2025-10-14,Delivered,1
262f1b72-f7b6-48ce-b1e7-baa116649843,96316c1c-5e4d-4ec7-b2bf-ddfbc3ee8a13,2025-08-15,Delivered,2
cd15393d-d388-48ba-9b06-b4ff6e1fe80e,fb257ff2-3efe-4966-baff-c3ea67034c9e,2025-07-04,Delivered,2
394d8b8f-277e-4866-81cb-0e2ed4472326,83e48dff-e989-4912-9d4b-fea528378dd0,2025-12-19,Delivered,1
c3157255-ac9e-4c15-9286-e1fad5e65770,ce65d607-b41f-442f-b2c1-8c49571e22f6,2025-01-24,Delivered,1
aba690b5-edf0-4cd9-91d8-0fff3ecaaabe,ef7dba89-7cb6-4e86-a1af-71c19fdd61c1,2026-02-07,Delayed,2
c1d1832f-767e-44ed-902d-06e51296e380,0a63830a-f52e-4eb1-b12e-6c00f28e6af7,2025-10-11,Delayed,4
e544c3df-aa3e-4d30-be87-4260f53ed962,0f4e79da-79f7-449d-be61-27e4aea30de9,2025-09-15,Delivered,1
162d2a08-162e-40b1-b3a2-e6965da26fa7,e42871d0-cc76-41e0-a8b0-2d9fe3f5c872,2025-06-29,Delivered,2
b44046b6-3dda-4b55-af72-a15ad1cc860e,b4689d24-0d6b-45f5-96ee-294b99ae2a5a,2025-01-19,Delivered,2
589e6a75-33bc-4961-9d45-1138c84b6be4,7e0b1ec1-c053-48d7-a9b0-8d5b6e1b8568,2025-06-01,Delivered,2
e882b6b0-57d3-4279-af22-9b5e24b2e4bc,0e077bcc-9aef-4490-a57f-bfb3c4c17fb1,2025-10-09,Delayed,2
262edaa5-cb17-47d9-a811-c7ea49c59050,ba237ea6-b848-402c-9d1e-8328b8d2afa2,2025-01-30,Delivered,1
718f0380-dc2a-4b19-8b7f-a5636f038223,0ef02b5c-d6c3-4f41-b6de-6fa527072c82,2025-09-19,Delivered,2
0246b2ec-01ad-4dde-a8b8-c7d06f84de4c,61bebd26-b9be-4a50-806a-9d60e948d10e,2025-01-24,Delivered,2
88df9c32-683e-47f4-9db4-fd6b2a15ef00,1409cc49-218c-4fe4-9dae-febad565dc8f,2025-07-29,Delivered,1
0953f334-8202-4234-9005-38a5f69b56c9,563da944-eb37-419b-b759-a05cf8f95371,2025-08-22,Delivered,1
840170da-4d2d-4e30-8b20-6c35c59b2686,033f0f07-f70a-4cc5-9311-cd02c7848dbc,2026-03-28,Delivered,2
68ac49af-79bf-4fbd-b916-9b71593676ec,70561353-c51b-4b75-9cd9-ff2fe9f23a40,2025-08-24,Delayed,4
79312868-089d-437f-814b-3bdada004eb9,3e5069b8-476b-413e-a243-2295bffb12b8,2025-06-17,Delivered,2
966371fb-ac09-46a9-bd2d-cb2fc0031558,fcdd7bc3-ee73-4610-ada8-b668088bfe12,2025-12-17,Delivered,2
8a03caed-b9c7-452d-88ab-0f883cc20263,e4256de3-8e69-4b91-a26c-aa626814d1c4,2026-02-04,Delivered,2
bedd5de6-7f68-4bc2-bde0-b60e79fe121a,d2390665-3058-4a03-8dff-d1a52a9a7eef,2025-05-10,Delayed,2
869d5520-c1d3-49a6-a9bc-6a0473faab95,18a5e998-3f42-4b67-a9d5-44fcdc51fd89,2025-04-21,Delivered,2
e0b5c145-ecdd-45f1-83ad-76bd1e9c270a,d593affe-d48c-4974-9b28-4dad3afd6f5c,2025-08-31,Delivered,2
14d63ec0-f285-4ec2-8903-6c8916880fca,c20fcbee-cb3d-4261-9916-5c510e8ce5dd,2025-07-17,Delivered,1
3bac9a02-7afc-4b87-886b-f1533d108bc7,f1e6f662-d5e9-4d99-8bf6-eca29bb94ddb,2025-05-03,Delivered,1
293ea06c-b198-43ae-a9ad-755303c4c137,df65f023-c2ea-4dc9-884e-25523a0932ca,2025-04-16,Delivered,2
7e8e14c8-7d12-44a7-93a6-c7ec11463228,770caf02-7da4-4e10-b6bd-c8277d367453,2025-08-17,Delivered,1
74f83c02-cc19-43f9-a597-ee5fc3466449,de6cec7a-920a-46e7-aa19-8d2397f27a89,2025-07-11,Delivered,1
9e4a2171-5780-4a73-b543-6fc2f2d08bd2,8eff9b1c-ab58-4bf5-bc07-cac5408ac104,2025-07-19,Delivered,2
449e657c-e574-4173-a179-39c2e3210ede,0a8fda44-143d-4cf3-a5e5-7ccf00fcb3f4,2025-05-25,Delivered,1
a1d63999-d96b-4116-9279-db2f766dd759,e34d4f79-58f0-4b81-8741-88f72febf7a2,2025-04-07,Delivered,1
a2c57ce4-eab9-4677-bc28-c30d0cc53bb9,d803c655-7965-4c4d-a429-7d86224984ac,2025-05-10,Delayed,4
98e06ae7-3ac0-4123-a382-c93fdea5d9a9,33c82370-b803-456b-84ba-d8b440ffa695,2026-03-17,Delivered,1
bccd766c-4195-4089-a3ac-0703807c5af0,bc246c41-4d36-4df6-b2da-e0c0345bac93,2025-07-20,Delivered,1
34a3c974-611e-441b-a186-a9e9963852fc,8f2a31d0-e2ba-47c1-b61d-c2a136e60d0c,2025-10-20,Delivered,2
587e5e34-9547-4033-8a9e-20adab1136af,beb43738-9d2c-4c97-aaf1-27bc8db1f15a,2025-11-15,Delivered,2
29bb5c41-d548-47a4-96db-53dc732d6b74,3b4889f1-6c9e-4495-949b-80e26a31e09f,2025-10-31,Delivered,2
ba48c8d8-2ea6-4113-9035-fe3ad2aaf0fd,d45b8dc4-74d0-4e8d-bee9-1348b3e0f22b,2025-11-08,Delayed,4
e7094ad8-be0c-4eec-ac6b-d48d9cf9ae3c,588627c1-02df-4c48-b67a-1d735d3501f7,2025-03-02,Delayed,3
20c2c015-672e-414d-8ef8-917d0f541938,d0d3b4f3-fff4-4ee9-b471-a312882747e5,2025-07-03,Delivered,2
5ca6166e-1905-4beb-9c25-e6acb7b318cb,f3611237-38bd-4945-8465-e13df0e0c00e,2025-10-19,Delivered,1
519dc900-b559-4d24-9aa1-097fdc4f2ab9,27d820f7-4f8c-42fc-bf22-1ec6b2df2bc5,2025-05-18,Delivered,1
640fb1e7-297e-49d5-9b97-38d9bb2d0940,e93fabe8-5003-4b59-9b0a-a284bd4c8730,2025-05-01,Delivered,2
635774b1-17d0-4a43-b189-a3c4a9d814c8,f609e0af-d739-4b4f-a86b-b822b5b519d3,2025-04-25,Delivered,1
087dbdf3-9f9d-40ac-9149-4a9413d8c52c,a7d25e93-6c8b-478b-997a-546144de6d65,2025-02-04,Delivered,1
6dad7e07-2a62-468a-ad9e-b631e1de5f43,8266dd46-e0cf-4bfd-ae5c-248a1b0814b3,2025-06-26,Delayed,1
795a0b9a-3a55-4bcd-a766-5bb87f64fc96,eefc69ab-47ad-4410-a81c-d8a145b2a7df,2025-05-10,Delivered,2
8e917810-2df0-4e56-83fd-a461229164b0,d68e29f1-4c85-4eb3-badc-630630b085bc,2025-08-27,Delivered,1
371a3a12-edf8-4623-a507-beb64ad2937d,7a1ff047-f087-42ea-af25-fff383480ab4,2025-08-30,Delayed,1
63e2518a-8f24-4297-a421-873746917cef,8b641835-4740-46a3-bd6f-67b796b8341f,2026-01-05,Delivered,2
5a072685-c3e9-49be-868d-4116a382c6f7,b0f23e8e-1a07-44cd-8ac0-8baeddd54e10,2026-03-01,Delivered,2
f8c1eced-93ed-45d6-81a8-c72d3dbba954,bb5fde0d-6bac-4444-84bd-937828d49e4c,2025-12-24,Delivered,2
2a7ee9de-3d91-4bd9-be43-f8e1ddc5b252,33021d89-0bf9-416e-be82-f458627a613b,2025-11-22,Delivered,2
d8659ca0-9e1a-4f1f-88a0-32a908a1ee09,75dd85f5-2f13-43f0-8efe-95cc5c638688,2025-09-16,Delivered,1
ee9ababf-fd13-4b82-878c-648b9a0017c8,b9980ce4-7b07-4428-9ba4-ebba12f2c6b1,2025-02-05,Delivered,2
bc53a867-4ab2-4a44-bd0e-3d24bf488715,4c6669f1-a9e6-4c48-823c-c9a6901a960a,2025-09-03,Delivered,1
25942977-e769-4546-8dc8-cbde5de824cd,0465b337-5c3a-459a-b317-f0eb94f1989b,2026-02-25,Delivered,1
83fe0c83-29bd-474b-b863-5525dd9dd74c,c09c3487-d3f8-4341-8bb3-57635b77f90f,2025-05-14,Delivered,2
dd31ad29-13e2-4d77-88e3-53a42bdaf5f8,8023c955-4cb0-4920-8f00-520c6b051c05,2025-12-22,Delivered,1
048f46bf-7d1b-40ce-8239-a30a16698936,e59ad9d9-0876-45d1-acfe-d25a10af153e,2025-02-19,Delivered,1
f0b5e76c-c7a9-4418-b113-ba2e48258718,e23bcac4-35f7-4b89-93cd-9f5247b0d00a,2025-11-20,Delayed,1
7f311fd4-c7d9-451b-b3c0-2d46e7c5484a,2fc98e06-6203-4df0-a0dc-6c625a5e1cc3,2025-03-23,Delayed,1
34cbb7c2-df62-4f03-bd19-77660a485eec,878ac5d0-ae86-47b6-ac96-1a8d32eca637,2026-02-04,Delivered,2
1c1b35bc-cf28-47f7-8466-59679962aa7d,ec50e5ee-0082-4d66-ba6b-6a45b493082e,2025-11-13,Delivered,1
cd26f1c5-3ed9-479b-990a-7e0c92656eeb,c54ff87a-a62c-4d90-9d95-75e51eb12598,2026-04-14,Delivered,1
c3aa3613-8a56-4936-b8ff-46e049cc1610,543e3861-39ac-4fe2-b9e8-a913bcc9574c,2025-08-10,Delayed,4
33bfe4af-4d44-42d6-a831-9908d4291cb8,0421f2c0-f8f3-487d-918a-9278295efa14,2025-06-29,Delivered,1
f900e18c-d605-4e35-a23b-151dc6a98802,56f3ed0e-4e47-408e-8664-7cd658a0ab0b,2025-02-07,Delayed,3
87d3901e-0160-4329-8122-7b393c1a9e33,770f940c-4f09-4fa4-a504-2e0b32dc1896,2025-07-13,Delayed,4
76ad6d91-e99e-4f84-994d-2b1c46d9595e,de72b3fc-e338-416f-873a-582d8b9de996,2025-05-26,Delivered,1
d4f12766-97bf-420b-8559-5a3c2dc569ef,21008976-fb56-4f38-873e-abe03ee58ccd,2026-01-11,Delivered,1
7a886e29-9023-489d-8f50-b1ce41293384,8f63364a-436f-4efe-8556-4f0065cac3ef,2025-10-19,Delivered,1
f5af1cfb-3dd6-4e32-a0c1-3b99eb251003,e59d884c-fe24-42a2-9595-0c3a3075253e,2025-03-01,Delivered,2
37cddba3-fbee-46ef-80be-ed5e15172b92,21bebca3-7093-4e02-bc5b-468ca8d5eefd,2025-12-22,Delivered,1
1c352d47-fd49-43a5-b7ab-aa84f5421c2f,c345dc60-e241-4c2e-863d-0a72a503d49b,2025-12-13,Delayed,2
0f34c89c-22ee-4e20-ad05-7331d24037d7,dfd4e1a8-43aa-4774-b824-63b05a854e32,2026-01-21,Delivered,2
056ac985-9bf8-4e25-b2df-48eb5ff753b5,04732078-d85e-4fe3-b6b0-0fb391013432,2026-03-09,Delivered,1
4acbb958-bc8a-4ce2-b7aa-c3170e4eb26c,fa148c1f-28aa-45c4-a7ea-b9df59bca837,2026-02-01,Delivered,2
2da4a7fa-766a-41b8-97a4-e2639f86bc55,4270b55a-f6c6-4895-84f7-5cd525191784,2026-01-29,Delayed,3
9322763d-578b-4c5b-9064-7b54eeec88d0,560d25bb-7980-4b77-ab3e-fc534fe84b64,2025-05-01,Delivered,1
837d742d-d6f3-499f-944a-0e0c50723cbb,53d01a52-52b2-49fc-abfc-02ac4ae6e979,2025-02-21,Delivered,2
d8ef7573-77b2-4244-89b7-c776edf1149d,6f487a2f-2eb7-4203-938f-6abd53d147d0,2025-01-17,Delivered,1
ad3264e9-4d2b-457a-81e3-21a49eda1d8e,f0b2198d-8682-4e94-b770-f067c8ce6d2d,2026-03-26,Delivered,2
8a195f38-806b-4dec-9949-0c1ed7dcd8b7,1530e84b-3802-4523-8497-4a4a186c64e7,2025-05-17,Delivered,2
6df160b8-78f3-4a3a-b808-d81664047dc2,890b1f08-ddda-4a58-91ef-710be15b5433,2025-11-13,Delivered,1
9c321377-f893-4145-9ab0-cf91e2a1b8b4,e5de5895-e142-435d-915d-02c36d0c6925,2025-06-05,Delivered,2
5a53b907-7646-41e9-8b04-185229d6894c,8dcb0cb1-e914-4441-99e8-c0d22b2df6d5,2025-04-23,Delivered,1
dad4d30b-936e-49e8-8389-fc606af3497c,a451c0f7-c6dd-4439-b534-18c50e61d222,2026-02-12,Delivered,2
346e4572-b76f-4494-9438-b75149800d7b,d71bcaa2-9c65-4310-8e33-6843f36290d4,2025-07-25,Delayed,3
b58dd097-3957-4340-8eea-c9f1ff6c92ec,cefdbd48-1345-4067-90e4-323ae417f600,2025-06-04,Delivered,1
1268bfdf-34e7-4ca6-9121-32fdc44a6382,15dd13ee-c9dc-4cdb-9bf0-4a5cf7729eb6,2025-12-22,Delivered,2
7b99a435-29af-418b-b7bc-927d0a583475,e3b78b43-5584-4649-b4fc-507f4749bb70,2025-06-12,Delayed,2
86fb6ff9-92a2-48cb-ae1b-2cd4f09c49cc,20541a68-e4cb-48ca-8b3f-60f97797dc52,2025-04-04,Delivered,1
9f5423aa-7e5a-46ea-9b9b-a42089afbecf,1593379d-c559-4a22-a8c1-0a3c3e8c2958,2025-04-05,Delayed,1
dcb3ad2e-beab-4bb5-a968-659cf5cce5ab,54ca1cec-bb55-428e-91a8-61dcb944b37d,2026-01-27,Delivered,1
660c468b-7c09-4991-b51f-8088c6ef5986,e7abe20d-1ab2-4e4e-a6e5-12dc82aab017,2025-02-13,Delivered,1
3ac98d0a-bbf6-4964-b3f1-c46926e12492,5b3f93f9-f920-4b19-a100-5a953ce334a3,2025-07-21,Delivered,1
fb15a279-2d22-484f-b469-820610168e9f,e8ba5fc0-1237-4dc3-adc5-0effdc55f28f,2025-02-10,Delayed,3
c81ad9dc-f992-4613-a8bf-eb6ea412b9ed,ca4f7821-198e-48a4-84c6-0fc98f76e9f3,2025-03-21,Delivered,2
78336607-40f7-4c61-9ff0-16e734bb882c,fd31343b-512c-4644-960f-51ee5c944396,2025-02-18,Delivered,2
d6dd4430-7be4-49cb-9a55-737984625a8e,7033d0fc-f114-4e47-b552-fe1e3efe1710,2025-05-09,Delayed,1
9ae36ca1-16d7-4464-8a25-db61f98be55f,4d1d5641-d1d3-4d1d-9ea5-600ceae9652d,2025-05-10,Delayed,3
9759e0d1-ffaa-4e44-a433-86a7a0774a32,50e64b94-8090-472c-bc7e-7a42cbcfb675,2025-09-19,Delivered,1
32e35669-be10-4492-9011-a93d73c72f99,82b8a500-f604-4933-b81f-cd210f25aac3,2025-12-02,Delivered,1
93e2bbde-5595-4eb4-9e1f-2c932debd9bf,40dbe150-9e07-418b-8c42-f10150e3fb1e,2026-01-26,Delivered,2
5b84d79c-f15b-4db6-8d03-8e24f0a271a7,1ed59eb0-d44b-4fb0-8708-2cf9b79d9df6,2025-01-29,Delivered,2
b51826de-6a26-40f1-9a52-377ad68f7e2d,94251754-3a4e-4b6c-866b-5c03d82fb345,2025-10-14,Delivered,2
9588226a-eabe-4c58-9592-12f2771a172b,d71a4a95-f3bd-4a34-8419-f1adbfcbfbf7,2025-11-06,Delayed,1
4d36f994-7e9c-4876-a18c-4bbbc3907da7,b76b692f-02f6-409a-be17-95cb34ca0784,2025-12-14,Delivered,1
2ebdafb3-c554-49e7-b60a-dd0c2c959405,3ce7893f-69c3-4f30-8688-6b36c101b443,2025-05-26,Delivered,2
220364ca-4a73-4a49-bf23-2d49b8b00d45,61442010-607a-4b61-a89a-52642ebc3d49,2025-09-06,Delayed,4
bc91b6b1-47b4-4c8b-9546-6b6dbe8d0613,c3c96dbd-4be5-491d-965a-87707310a7a5,2026-01-23,Delayed,1
814af694-9608-429b-8cd5-4694da60ec2d,4982baa0-56a5-4050-b60a-8ff5fa2e0ae3,2026-01-07,Delivered,1
df38efba-822e-485c-bdcf-fc7ae27fa2fb,ac5d35c4-8750-493b-b49c-0e9b1c274675,2026-02-25,Delayed,1
5755b36f-a88e-490a-aace-e8f4c4b82e04,a5a37f1b-d381-4633-8373-b5b46b295a59,2025-07-24,Delivered,1
a9b47360-7331-4d25-9078-dd8c2f677d53,3d9921e8-932c-4292-a60e-466306db68f8,2025-07-18,Delayed,4
0c96ba0a-96fa-4bf6-86ad-38e020e1adc7,d6b21f47-e095-40fc-9bda-885431b9e24a,2025-01-19,Delivered,2
b58ddac9-c002-4801-ad03-3f2f8ed04660,6eb6e62b-d348-4b64-981a-98729c63bc61,2026-01-21,Delivered,2
9aca9a9c-23b9-4d8b-aec3-30cf0bb2354b,085fb762-4666-4dcf-ba8c-f8f6207dd412,2025-03-22,Delivered,1
3965f494-a858-4561-9841-bbd8b350337b,a6cd6629-35f4-4f4f-bd0c-42576139f41b,2025-08-06,Delivered,1
e2aa09f8-a924-46bf-a53c-0f7003c4fcb0,f6651405-814c-48ed-9aa7-85af201e65b3,2025-10-02,Delivered,2
1143ec79-ba55-4d99-9bc6-1cc722a2021a,096f021f-8db0-4075-b993-a2fba336d92c,2026-02-26,Delivered,2
6b738009-dd94-466a-acf2-8db7308de424,a24d0ea4-cb4c-48fd-b02f-79edb45614c6,2025-04-15,Delivered,1
e38f2d10-7e90-4cc7-85ac-46acfd04be51,c9ef1491-6f72-4d75-a591-5718caf428b5,2025-04-15,Delivered,2
5b5f1ef1-3dc9-40de-9178-a83332d1383e,361f5fcc-8969-4a24-8f4e-e4073d1f5fb2,2025-07-02,Delivered,2
6c50dc0c-80d1-4844-b1a4-5c5138b7efb0,60aab254-1865-4b08-beae-4cebad49e3f7,2025-09-22,Delivered,1
713ec4d9-01f6-432f-b7ae-f1675809263c,d3fd7345-0384-410f-9226-560fb81ea5df,2025-04-27,Delivered,1
5340e056-6c38-42ee-96b9-de1b3de3e04e,75408aaa-534d-4bc8-8634-06dcb1a23a31,2025-11-30,Delayed,4
6d821003-a7fd-40d3-9da6-f78c94690b37,6796bcf7-4aef-42b4-a3d1-b4b597726e89,2025-06-25,Delivered,2
9bebf020-f363-4278-b650-b90e01a7809c,c3fcaf06-35eb-4d97-b325-5372eeafd580,2026-02-22,Delivered,2
cb716201-cc42-46b3-af5c-e853aee5387b,ea88fca4-92e8-4982-a22f-8395ab3d37ce,2025-05-03,Delivered,1
23c99924-9699-406c-8907-10dfe1da41c4,2cc83476-b1dc-411a-b104-a807d84fe666,2025-03-27,Delivered,2
435886ea-f73b-4c93-ba1c-7ff188166198,bc846fbf-0391-4d8f-8962-7fe47f65ae91,2025-08-17,Delivered,2
b4dee7f8-fb3a-4cdd-b2d0-31c142ba23e8,5b37cf6f-54ad-4d17-a473-69887e3ccad3,2025-06-02,Delayed,2
25ce5470-7b2e-4b25-8003-457e540a68f7,e977180e-5f22-4bb0-9168-6ec5dbc7a5df,2025-03-10,Delivered,2
7de5d13d-0fa0-4ca9-a30a-8214cbcbb022,95b7b023-54ff-4034-8ae4-5f030dcd072e,2025-08-31,Delayed,1
1311274f-3807-45c8-8bc5-7f46ad211839,c393a0e2-7490-4db4-812b-964c372c5b61,2026-03-01,Delivered,1
4ca2876f-de48-48c3-abb4-6a60dbad0c5b,be34ae3d-8b52-4368-8371-712c930ce350,2025-12-09,Delivered,1
ffc7ad38-732e-49f7-8ad1-8c87be41862a,b5246a9f-4a8f-4394-820d-3b72d2e4cee9,2025-06-27,Delivered,2
093652c4-7d93-43f2-929f-8938e0f67772,51ec06ca-9ab4-4982-b35a-ff8dde099f36,2025-05-26,Delivered,1
39e96804-2639-4953-a756-24151ea05494,6beb3147-cfa2-46c2-902d-eac721d17db6,2025-05-09,Delivered,1
ed0f656d-1845-4693-ac95-7df9df93777b,d7ca0ab8-8e00-4d8b-8bb3-3b4b25de82ea,2025-09-17,Delivered,1
882b4020-ba9f-40b0-97b6-fa7640be9924,e41e6dc6-d001-4c4f-a299-f4fa0780521d,2026-01-07,Delayed,3
2776eee7-45fd-4fd7-abd2-45509ed45f6d,da44280c-7d7c-45eb-a9ea-aeb25e638a68,2025-10-19,Delivered,2
1fc42d8d-47be-4954-9f26-0f394aea9181,84f0e828-f129-4a43-8dd6-6453c38d73ac,2025-10-07,Delivered,2
597043e4-8f91-4bb9-b4fe-11966d94bece,07c5a6ca-36e6-404e-bf0d-22148e614779,2025-05-04,Delivered,1
b2d76b83-b7ea-40ab-a9aa-b09db91d1168,66e94aa9-4221-4b46-b0f8-416b966bec50,2025-04-08,Delayed,2
9a9598b6-f11f-4234-beb3-8a8d27b22022,d35854c0-7056-4663-968e-70a7d31c97cc,2025-04-20,Delivered,1
5b5f056c-5999-41be-bca7-c399d0b69f8e,2deb2e06-3fad-4d62-8e3e-f0633ee7eb36,2026-02-22,Delivered,2
e058f3ee-fb19-4c46-896c-a086a8575a55,35cb02f9-1b5e-44c2-a8a5-4b036dbfbb03,2025-10-27,Delivered,1
234cc905-791a-4ef7-85c2-0241a85ac2bb,43347169-7a3b-482c-8509-1e9e5bcf3ae2,2025-05-22,Delayed,1
0a4238a1-0016-4d82-803a-d694471d769b,03866e3e-5c48-43f0-aea4-d2396a5b7f8f,2025-12-28,Delivered,2
2b5df29d-da69-41d0-9285-6497bcf5204a,557a1029-d8a9-49da-b8e6-c4f5b2e513b1,2026-03-18,Delivered,2
decb3e63-a098-4e24-a153-6aab6c139c6c,fb2b0213-75d0-4240-9930-e7ac77cccc61,2025-02-02,Delivered,2
03ac785b-6498-41d7-806b-6e43c18743bc,0a5c1e00-4591-4e69-a727-a03820fadef4,2025-02-10,Delivered,2
21910871-5379-4938-8362-b74b93ca43a7,4bb0bf1f-a5fd-46ab-aaeb-973cd505ab6c,2025-09-14,Delayed,2
bb9ced0d-92a0-46ed-a40e-84205e67763c,e814fea2-2512-4269-b68c-ccce9ca7f9b5,2025-04-26,Delivered,1
80b38547-2d6a-47ff-a882-3012150ed560,d1e2b56b-b719-41b9-8dc2-5a5af9bb66a5,2025-12-13,Delivered,1
48b12d8e-0924-49c6-b28d-0b25039a4f48,e7881c98-8bda-4a90-92d5-cd9ace249db6,2025-05-19,Delivered,2
afa211c8-ccdb-40ca-8244-318495a2adde,8a53d801-5ba0-4826-90d6-07c15d8bc26f,2025-09-27,Delivered,2
600f634b-f346-4ece-9b9e-df90faa2f12d,c711d4c6-e565-41ac-b59a-1edaeac8cd4e,2025-07-31,Delivered,2
e9fe0645-9fe7-4755-b894-aa84528ff0d8,9971e46a-b649-4314-8fa6-9add275607e4,2025-12-06,Delivered,1
0e46e63b-cdec-4a7a-a5bc-c4d6c5d06d98,7f93ad13-fd65-4da1-a00e-408f8a536129,2025-01-22,Delivered,2
78e3c469-e63e-4e27-9b5c-2e66fb5673ba,9349b7b0-90ae-44cf-88be-9d43c5c7c111,2025-08-27,Delivered,1
943d9ca2-8056-4dee-949f-5dc3327ec732,13c082cb-ec05-4802-884f-fa03a119b18f,2025-02-10,Delivered,2
28addd64-a149-4b60-9d06-f3902d5f1827,5fe094e2-c609-488c-abc9-30ab673048d4,2025-04-29,Delayed,4
dc2740ce-2ee0-45ce-b983-8cd81257d6d4,d068cce4-85a9-4b4f-81c7-ffc214f8bb0f,2026-04-04,Delivered,2
712270ed-a2b8-4aac-8099-9266f469e24a,801eb37d-2a1a-4297-b5e7-406832ea01fc,2026-01-08,Delayed,2
c9d397e8-5504-467f-bddb-61ea6f61f0c1,e4a581b9-4356-4388-a9ef-ab19f00a65a9,2025-12-05,Delivered,2
c22b97fd-4ed8-40d0-b6eb-86f65a024b9f,b2a88d8b-b005-4a75-80a5-d6febda250a9,2026-01-21,Delayed,3
46838d70-b757-4ab1-bfed-d1b3871c2a65,9e6acdb2-f328-4c87-8e13-e74ab2175b3c,2025-03-19,Delivered,2
83860b6f-ae40-478b-a0ec-2b6834383029,c6c5e3a9-fc2e-4170-b689-04de63dfb3e3,2025-03-08,Delivered,1
1fd69edc-1930-426b-af2e-d2b11b455547,96ced1e5-b7a9-4355-9cce-e5738007d6e0,2025-03-20,Delivered,1
210cfa23-9e42-4caf-9305-9bffdbcf8904,66f9c719-a604-4a54-8848-6d331dc14987,2026-02-26,Delivered,2
c676846f-8207-4389-aadb-28baadea1ab6,576de675-c6a7-4b70-8d69-2db6057e0e32,2025-06-19,Delivered,1
d98f1470-374d-433b-bfbd-b487b27ca22f,154738b6-aa31-4235-af78-f93b7b78b969,2026-02-27,Delivered,2
d5d82aad-3c41-473b-bf7d-01222ec26e28,4360fe3c-8db1-45ec-add0-67d3c11aed5d,2026-01-05,Delayed,4
382c1bc1-2931-4049-811a-5adda421aa18,b5dbde4b-eff2-453e-ae8d-9ce1ab748b57,2026-03-05,Delivered,2
9e72b1ac-2001-4f6e-b353-e01693585ad4,ac62351f-b097-4144-8d1a-6f5ed269b186,2025-11-02,Delivered,2
f21600c5-8faf-4fbd-94de-3cf6dff01e65,e012b0c1-fb88-4cb4-866c-2334f479194e,2025-04-25,Delivered,2
ec9df5d3-1e65-4f55-a2e0-f82054c19257,a41fb3fb-5fe2-49d4-862b-a93dd6286828,2025-04-07,Delivered,2
0eae5b57-707f-4846-a102-0e803d8cb612,6ce663ac-3cf0-4fc3-b92b-fbb42905803f,2025-12-15,Delivered,2
fbbf7017-87ec-49d9-884e-714551bb4736,3d168aa2-5b81-4099-98de-3c8099bcba1d,2026-04-26,Delayed,3
054e26c3-406b-4258-ac5a-cac22bcb1efa,b25814e4-ea9b-4c7e-9161-1397c82ba0ce,2026-02-20,Delayed,2
00a51174-e4a7-415a-aacf-7433dd662eca,138bda52-5a95-4e44-ba78-96c7417673bd,2025-03-16,Delivered,1
ce8f5f14-21d7-4eff-9eb8-227f172e1e72,ef760213-cfda-415e-82b4-5a65e8f71379,2026-04-05,Delayed,3
159e6503-702a-49ec-aeee-5b766ce6e12a,83f79cac-3bf0-426a-ad15-c7af681caea4,2026-01-23,Delivered,2
7c2b3004-0e8f-450b-bd61-72f1af77183c,446bf17e-c574-492a-9322-07149480269e,2025-06-08,Delivered,1
be8bff07-14dc-4c5e-ab58-f608074ad8be,1cbfb23e-fdb8-404e-87aa-330a1e04eccc,2026-01-19,Delivered,1
c02bde32-1234-4606-8ede-656efa53dc9c,946e35c4-f143-4e65-8dda-5b2096ce37ee,2025-06-30,Delivered,2
9c87389f-e5a9-40c1-9997-5e724362144b,b4a97726-eaa4-4584-8242-3137db2937fd,2025-10-01,Delivered,1
18e09e7f-d74d-4c32-af68-805adf70747a,2cf68fda-b236-4d3e-baef-bd0067e1dd2d,2025-04-15,Delivered,1
1362b94d-b865-4ce7-b9fa-a32a9a16f7c3,9864623f-d761-417c-b68d-5c2d90910095,2025-05-27,Delivered,1
1ee23595-88a7-43e8-b160-fe1131422ce5,a2ff5925-3cb0-4fb1-bea2-8522ad95636d,2025-11-30,Delivered,1
077590da-3a83-475f-9065-f34354ff00f5,4cc81238-3221-4b15-8a89-84e4ad227bd2,2026-03-19,Delivered,2
69f3fc4b-afd4-4013-83c6-047a6b596763,9b503312-79e8-47f3-b6a4-85f597cbcc1f,2025-01-22,Delivered,2
207cc14e-e08c-493c-940f-455d7fbd49d6,93895c65-d411-4672-9834-065df3bf089b,2025-06-24,Delivered,1
8b433094-cde4-4917-a614-e370c2802d21,9cbde239-fe84-4677-b445-466ed307f257,2025-08-07,Delivered,2
7f512acd-e33b-4a08-881d-207c49839b89,2e02d98e-2d9e-4de0-a64f-391e140c4362,2025-12-28,Delivered,2
109d2843-907b-4d6f-9708-6ce5e3ec6da3,7943bdea-7daa-4ed0-af81-1dc641380eec,2025-05-13,Delayed,3
8cd6a8ce-36be-4c42-80fc-626e94d420ab,6dd8953a-8123-4067-86c8-9b7a943c8057,2025-03-03,Delivered,1
c9a89c0f-b81e-4aba-88d6-a36319aa16a4,08556991-cacb-4231-85ea-323f902a0700,2025-04-21,Delayed,2
1fd30c1c-3245-4ed8-86c6-7297e3281b08,be08b9a6-262c-4fca-b0cc-5b8ef7dce15e,2025-02-15,Delivered,1
eb54049d-9303-4179-9749-efd43fd61891,1b4d268d-62af-4b87-bfe4-b5a81b6c38b2,2025-02-22,Delayed,3
66074f92-f624-480a-9561-e00ce4392a52,a22384f9-e887-4537-81f9-a67abed70825,2025-12-31,Delivered,2
142cea0b-37ca-4cfc-9bd4-c6abc7378650,7c2db86d-7ca7-41a7-92f6-7bdf10a77ef0,2026-01-17,Delivered,2
3ecbb5f4-12a5-45b8-a6e4-aedeb0a8195d,da2b42f2-fc77-404f-b66e-0edef164c7ae,2025-10-19,Delivered,2
85264e5b-8c81-43d3-a6ae-11f0ec4278f9,df0b5e4c-fd62-4b4e-b7c7-692b2ce37da2,2026-02-02,Delivered,1
647c1e73-f87c-4f4d-8c7a-5c6b618c7bcc,1a27e6dd-2d63-4747-a141-6420ccd1c66c,2026-02-13,Delivered,1
d1a0ce38-9d10-4c0f-9103-a3736970fd20,f05b7a35-47d4-4685-b99c-019f7c120115,2025-06-25,Delivered,2
cd6ff48b-4bcb-4e3e-a1f8-5c9d74389d62,b508b28c-2444-4f9b-b3cc-c5f58e9e2846,2025-05-08,Delivered,1
b9451d1e-96e2-441a-b728-d497e30c943c,bae8831d-492f-42d2-9cfb-6577594c8022,2025-02-13,Delivered,1
c4ecc63a-c270-4e0c-be53-34680497a727,f1e89638-f5c0-41d3-bef9-ae576df83250,2025-08-17,Delayed,1
46afb1bc-875a-4edb-8c52-9c852de3c26d,bd18004e-015e-437e-8b61-559d56cd9dca,2025-12-18,Delivered,1
e3055aab-3000-460b-8b6b-531a92b28059,ba22779b-4fe3-4b19-a0bf-945fd4cfa1c4,2026-02-23,Delayed,1
a75d0874-fdb1-4e04-803d-3d573155a0f8,9b311919-79ba-45d9-a22d-5ac7715ff3f7,2025-03-17,Delayed,1
d672db3b-e06a-4939-9be0-b296e0cb0751,13accbab-712d-4bb5-9d7c-e86ee85bbb82,2025-05-07,Delayed,3
471f250c-5b18-45a6-acfb-b39f417a66b3,da1e2156-b790-4bb5-a76c-1e1b5e9c99d1,2026-01-07,Delivered,2
464d9685-3f15-4afb-96a2-7792c645f7b5,68c175f3-0fd8-49ce-afee-4495ccf6c2a1,2025-11-16,Delivered,1
27b494e1-e30d-4004-a549-5825b038364b,90df60ea-bf98-455b-82c3-f897979c189d,2025-05-29,Delayed,1
63d1fd5d-2c84-4a2e-9e69-52ce3322faa8,fe94f073-80c9-46c0-967f-87412cffb292,2025-01-19,Delivered,2
8db6d3c5-8e31-4c11-9946-28161254bcc0,c0e954b8-f31c-4179-85c3-1cf4be6c97f2,2025-06-27,Delivered,1
13d89490-56fb-4316-81f7-db664e812b55,db7b6b73-15f8-4e0c-95f7-74b41fbd880f,2025-09-06,Delivered,2
fc70f49e-6774-4952-934a-f12a253bbacf,ae6006fa-8f63-451b-a818-be3f25d14803,2026-01-20,Delayed,3
52ff4290-6c67-4454-a927-48298edc510c,45897a43-af25-4393-b277-6b03a60e046e,2026-03-08,Delayed,4
5ac3c90c-458a-4fdd-8a53-fd62d8f79a60,aa238733-c8a4-4086-ac0e-7b4dd537bbf9,2025-05-04,Delivered,2
b695264d-ab6d-4be0-8b0f-a9fe55d2eb77,83900a55-b291-4d61-87c9-262774919f56,2025-11-14,Delivered,2
47211948-1ce0-46e4-a890-d8128e9455c0,032a4883-efc8-4b44-9040-ddea2bd0e65a,2025-03-31,Delayed,1
b9b4ce8a-a645-4d3c-92aa-e4279324819c,7ab23fc6-0bc2-4a11-964d-aa6bd611858c,2025-02-15,Delivered,2
eb52485c-40a3-4d1e-af89-16b2b6aa3f09,bf0c98b8-5788-4c1d-b6c9-259dc4f6d6ac,2025-12-01,Delivered,1
22a574ce-1f9a-4268-b085-8358db81921c,3b0b6887-87a8-4325-a12d-c29d3837fb57,2026-04-03,Delivered,1
95fc9041-c44d-4af5-af5a-71eabab3080a,33398dec-d2c3-4606-9eaf-ca32e5cf21be,2025-04-13,Delivered,1
e4726c39-e0b4-46cd-91a8-df49addfccf9,a0561bb4-a60e-46bb-8c4c-f9076fdbffc1,2025-08-24,Delivered,2
86613700-fe8a-4343-9033-5e16e1a0c851,85bfb6de-3bfc-4a07-8fe4-a193dca29d7d,2026-03-29,Delivered,1
d204af7d-4850-496d-8869-a7620459229e,18ba25c3-cec2-4563-87e5-22a5807b84a3,2026-02-16,Delayed,3
ff6b4731-3e1f-486e-aa91-5712dff2372d,fa9962d3-e07a-46a5-bb96-c8128bcf65fe,2025-03-26,Delayed,1
446a8968-9648-4ff6-a274-21f7dfd5ef56,bbccda2d-05d9-4ca7-88f6-63f6c9132714,2026-02-08,Delivered,1
52899fde-48ac-4cbf-a6d2-9628434aa18e,357053a8-c891-4681-98cf-6de047196daf,2025-07-26,Delivered,1
4f9cf843-6d1c-4342-af9e-134aebaab41c,4f6b2ef4-a12e-4ccb-aa37-a75b863e805b,2025-12-16,Delayed,4
d1c41c2b-82ec-4c5c-abd0-1b06f97891f0,b613369f-be5e-4ee5-944c-db324c811e06,2025-03-02,Delivered,1
e0ca8972-9743-44d9-839f-a75b6d76caac,135ef064-cc6b-4ffc-8b49-c53d5ee089ab,2025-11-25,Delivered,1
beffbf08-158f-4dba-a3f2-0773a6e20e75,35083a2d-13a2-4e70-9401-5e1ba85ed600,2026-03-12,Delivered,2
e96b6f86-8bea-44f0-a186-0ca8bf33dd0b,9b77cb47-0fd5-485f-be12-4e20a98f1f7f,2025-04-06,Delivered,2
e25d5951-6862-42e1-98ee-eee5903d1355,abce3d7a-1e01-454f-a29d-c58e26109769,2026-02-25,Delivered,1
a6b126de-c2cf-45d8-b7ec-f35532d1e9b6,a84523db-d5fd-449d-9a39-95ffb05bf875,2025-08-06,Delivered,1
e8ff9a90-1bff-4c62-aca7-77b54d621510,78a96c72-d07b-41ef-804a-12d6a7f57cf4,2025-05-01,Delivered,1
3efa2f99-af32-4d16-8aa1-94e169f838b8,98bb918f-f67a-4a38-ac52-05b0a17a0a5b,2025-11-18,Delivered,2
29034e0b-c582-413b-b626-92e65661f1dc,eeb3a34d-10f0-4d52-9f9a-9477a6e0d718,2025-11-28,Delivered,2
2e26f807-83d2-48a4-9f9a-2c983f96c3f7,3e213f4b-0140-493b-bb36-d83ef6f0f64b,2025-02-24,Delivered,1
7f4eedb3-9510-4362-8174-511c94756ed5,84b21358-e6c7-40ee-848d-c806778777fb,2025-09-16,Delivered,1
81506f0c-2bc9-4de4-a1bf-4d48c26f358b,2ef86b0b-99bc-41fc-acbb-ffede097ce2a,2025-06-02,Delivered,2
f5e3164f-2f10-4ab3-b484-298dc1057095,a8473aa8-d572-4450-b4cd-5dd8f8200049,2026-01-07,Delayed,1
7ea7d866-92c1-4cd9-ae04-aba1b768e0ed,7c3d85d8-23a5-472d-b9dd-9f2d498def5b,2025-11-11,Delivered,1
017251fe-7bc6-4e5c-91d2-b3d54873363f,6911b9a7-c437-44d9-913f-91de00e50145,2025-06-04,Delayed,3
7047266c-73c8-4b08-988a-bc0481404990,11c1bacc-ffcc-471b-b66f-7077e9a5e2fc,2025-06-17,Delayed,1
b4d3cdca-3e11-45f9-a269-f49b37fcb8ba,05792403-3e56-44c1-a98d-ce4582914c64,2025-11-26,Delivered,2
1f555808-860c-452b-bcce-c43555ea4cee,dd257c8d-704e-4a28-9e1d-4509711da0c0,2025-03-04,Delivered,1
31e8a016-8f82-4b85-a238-6afe8a4335cf,f3cfa2c2-b35a-40ce-bb26-21b23656b6e2,2025-07-10,Delivered,1
e067182f-89cc-4025-9348-2243af065f3c,1aa0b046-93c2-4760-a913-020926700d5d,2025-11-08,Delivered,2
3c507707-e547-4e2e-a228-773e3eaa3a81,cc2af44d-aa68-4fa4-9b73-9d8b78b9fcd4,2026-01-06,Delivered,2
84c53a93-9359-4db9-8feb-376e4c885607,a12ed2d4-b3df-4851-86c0-29d5615588d6,2026-04-05,Delayed,3
f99b066a-e2fa-4c5f-8e3f-1cd86a948f5c,97567d49-2e08-4495-b5df-c484ed7bc802,2025-09-20,Delivered,2
87cf099d-1e4f-4e43-801a-807389ed10c7,5309545e-40b7-4426-bfd2-ee6aeddd6e2a,2025-03-21,Delivered,2
25b3ee0b-2185-4f37-ae70-3c65881c3dec,3dd6122d-3b67-4c2a-a814-ba75498250ba,2025-10-29,Delayed,3
df54b851-64b8-4078-b03f-b4b6c96c36d2,11ae29bb-67b5-4427-84f7-3b397e213c5c,2026-03-11,Delayed,3
78b90770-3b48-4efa-91d5-27e8d6535cc3,0fa59ce6-228f-4eea-9db0-bfe6132c0257,2025-12-13,Delivered,2
524357d1-c9d6-4a18-8c0d-630e111bc1a6,53b359d3-90a0-4b35-847c-3b0cdc12a086,2025-06-19,Delayed,1
6516bcd1-8352-48b3-849a-5bafc3eee3b8,5b58f8c3-f270-4faa-95bc-98e3bb5c7f7b,2025-08-04,Delayed,2
b8abff56-8f1c-4356-9413-6a9b4ead5f25,3b953605-4040-4b09-8529-c6e882a175be,2025-03-30,Delivered,2
d7cf75b3-711c-45b6-9583-dc047d843ff2,8b983a7a-54e6-4876-9b99-52e607efe90e,2026-03-28,Delivered,2
71b1ad71-41f6-44c0-b2a8-fdcc4d516a69,d4b6706f-1829-4c6b-8dfa-6bc6026940e1,2025-06-02,Delayed,1
b2b00b4e-1652-479f-bada-dce90d110b96,6a811917-90ed-4603-bc71-f66b04e6d0dd,2026-01-19,Delivered,2
c6ab6802-df37-413e-bc50-4d8b98bc4335,e83ea00b-3ec0-4459-b82c-6036642e0a3f,2026-03-06,Delivered,1
a151e3ab-24f7-402f-8533-91520606b610,1999fb3b-4f11-49de-a14a-5a266ba4bf61,2025-05-05,Delivered,2
52f75159-52f2-479e-88f7-0e1ee303486d,4225bef9-340d-49e8-ae41-6a844435f24f,2025-08-27,Delivered,2
44bc39a1-f7eb-4cab-afaf-348bcd19e180,cd881ab7-572e-4e11-9365-18a0ac6461de,2026-03-27,Delayed,3
04691760-7b4a-45e6-98b2-b82cd8559cdd,16c3b274-663a-421c-a87c-c7672a8bab5c,2025-10-20,Delayed,4
6154df5e-732f-4b0d-93ea-dc015a370288,9adfa6d3-94b3-4073-9fc4-9e977f1ddb93,2026-02-28,Delivered,1
63583b28-0026-4b48-8c49-5a0f3845e88e,9d39520a-9bf6-4fae-92c4-a5a7e56b36e9,2026-03-20,Delivered,1
f64d0a65-f77a-4e3e-9e17-5fc63efc9f13,da396beb-7df9-407f-8bf1-d621f2dfa004,2025-08-24,Delayed,4
97a9fea8-b1a2-4961-841d-2faa7e44e29f,921cf104-927a-43bb-b575-7cc3d08a7750,2025-08-18,Delivered,1
19296c86-b785-42b3-bfa8-8f8df799387f,d82dc219-cf0b-4ed9-a5ab-4117c487b44e,2025-02-19,Delivered,2
1a315e4c-b375-4e7e-ac99-e95573230600,d6815bcc-29b6-4783-bd2b-2dfcf99ffe88,2025-03-17,Delivered,2
a0ee9f92-b159-4b73-9942-aed9c649d076,12718121-ce0c-4871-9238-79468192fcc2,2025-08-01,Delivered,1
91b7e4c1-8f2a-468d-abec-3d45fbb566d5,25358743-4a6b-4236-9048-9f6d3555f72c,2025-08-09,Delivered,2
362c4834-bd02-4930-bf7c-e7dc4062b6f0,655bd6e6-eafb-4aa2-8e25-72cf0609b3b5,2025-10-07,Delivered,2
87527c23-d4e9-4131-bf95-0c52d7076dcf,a3aa66c0-5e7f-4f8c-8b4c-decd2cfccc5b,2025-01-10,Delivered,1
414ea561-9560-46fd-b0c8-c3b3ee56297b,d0993a66-cf97-4475-835a-66e239b41bb9,2026-01-10,Delivered,1
860f2c4d-9ada-4785-97cd-771c265c6c68,7df81ba3-ce94-4103-8721-d6d9df5467d3,2025-12-23,Delivered,1
2329dfe4-e4be-4ecd-90b4-3b795a247a45,8201becc-2709-4eab-a405-9dfd56b9f927,2025-10-04,Delivered,1
cccc4745-eac3-4189-b9a9-49485af26ae6,0587a621-3b81-4f0a-8eea-77cc88c478e2,2026-02-21,Delivered,1
ecdd6c73-a5c9-4c3e-81a0-2cfe6aea7a5a,bbe50366-9ff6-420e-83f0-858e60484400,2025-04-27,Delivered,1
3101f29b-1a78-448a-8223-8f8ccd43406a,d5125686-e512-4695-b0d3-7d3a457afb2e,2025-09-10,Delayed,4
d77ebe13-f76a-4432-861e-53fda61a1170,691fa560-3720-46cd-9778-5e3c24bf3cd6,2025-07-27,Delivered,2
fcdea4c5-7d80-42b3-8cb0-0af18b9d440d,5a90ff43-ce29-4bc0-b224-9ac82c966bfa,2025-11-11,Delayed,2
d0179494-ca9f-40d0-afe5-a030db014e4f,6361ac26-3899-4782-aee1-a94d20acef18,2025-02-22,Delivered,2
6f2e2d3b-05be-4ec8-a6c3-3d5af104fd63,8c10665e-8967-4654-a94c-eefc6cca1d19,2025-08-01,Delivered,2
701380b9-8ebf-4e3f-a765-cffacffdcef3,fc5ba9ca-b2cf-4861-9c1a-e514dc4239fa,2025-06-02,Delivered,1
e6a93e9e-5b29-45c1-afea-6f652db09862,c4d21842-913c-4db2-84c0-d966245a409f,2025-06-14,Delivered,1
519f6411-9034-4b33-99c3-62a4d1a3c006,5ce656ba-df6f-4392-9836-91216e1b17bd,2026-03-08,Delivered,2
d7520fee-4aaf-441b-b038-478e4ae1e95d,fa0088dd-4dfe-4244-a7ce-b7d37da91d03,2025-11-28,Delayed,3
be3204ee-1840-4903-9222-bc0a34c597ee,53ed33fd-c458-40a2-9ff6-44e8439a6243,2025-02-26,Delivered,2
89af6d13-28c5-47b7-a73c-e2f5674beb74,812b73be-1dad-4cf8-9c3a-37d1eafaf6e8,2025-05-22,Delivered,2
9bbb2bd2-78be-4c3b-9af3-0f0ddbb2cb2d,81194ece-8d24-48ef-b69f-49b51d5f82ae,2025-04-30,Delivered,2
62e432ab-fe0f-4a8a-a2b8-79127962dd7e,201893f2-9f10-4848-9078-27ebe1776e6c,2025-10-28,Delivered,1
1595b9f8-5542-43e1-89f3-318b6c95a898,29d6cc5c-942d-4d84-aa08-faa55c78e4a5,2025-05-16,Delivered,1
dc8f8eb9-907e-47f3-9754-3f320473868e,9f609ab2-184d-4425-bc96-374b22d38444,2025-04-14,Delayed,4
a6167b86-126f-422b-9931-caf6427387eb,c0213dff-e10b-440c-98c5-e0681b268b83,2025-06-13,Delivered,1
9d7339b0-5252-431f-89a1-b32b79f3063c,cbf1f778-6612-4f61-84c0-590c07272b23,2025-11-27,Delayed,3
71f06729-5226-4538-8979-186222890ef1,36ed6b3d-3bec-40ee-8866-70d8156e65ba,2025-05-19,Delayed,4
8e3b71d3-4bb4-454e-a392-d941303f2b16,124aad48-590f-4c82-9f67-81d9110eed93,2025-12-04,Delayed,1
0a67bbd2-023e-4847-bdf4-c611f5f77f41,32168c95-b446-4945-b2a2-19a079097e04,2026-01-14,Delivered,1
b9917e5c-1908-46ce-a680-25ba783a8a34,b4567c5f-b9a9-4d3f-8bed-a461eb4c99f8,2025-11-02,Delivered,1
f909214f-26d8-4c52-9a51-0157c6cf97e6,ff71620f-070f-4315-a4ed-57d350860a41,2026-03-06,Delayed,4
0569394c-fbfc-437e-af87-79597a982d79,ac27e750-46a4-4f1f-9b78-f6b8628258e7,2025-08-03,Delivered,2
fcfdd754-44fd-46f5-a634-e226183934a7,150a0910-0acd-4eff-94f8-cb51e0e4c1bb,2026-01-19,Delivered,1
c519717c-5ddf-4923-9a5d-559b13fd724b,8c391c7d-2e56-463e-8832-583b7e57718a,2025-08-20,Delivered,1
6552a086-a455-4da1-9bab-27c2ba57bdbf,fb07b14c-8e77-4a1a-9015-be255391bf32,2025-09-17,Delivered,2
e584d531-ab1e-49d6-9165-a5f98334cd5a,26d2a197-bf5b-45a6-b517-bd224bcf6456,2025-02-22,Delivered,1
d55e447d-652c-4a6b-a14b-42f66982fed6,3d812e76-2df7-4043-9838-1514814a57b0,2025-12-25,Delivered,2
8aea444c-9af8-4295-a5fe-7e8d1b2021d1,98dd5097-7123-4573-a30c-e48343d6194a,2025-10-03,Delivered,1
ea277161-c95c-4643-8fd7-66ea0788ab14,c901bc4c-059e-4843-ba50-7bb94c0d5209,2025-05-26,Delivered,1
fa879ddc-35db-4615-b2e5-8014023113c0,d716f84a-8e47-474c-8869-f6f3788d8a56,2026-03-30,Delayed,4
166c2158-fa13-41d0-8c06-64cd28dbd217,f914e171-b5ae-41f6-a2db-6c5856ceb267,2025-09-18,Delayed,4
8e290436-eeb8-41a6-b005-5a3114cb4be9,75bed9cc-7cdd-46f7-9fc1-38719ab91618,2025-12-03,Delivered,1
e9dcf05f-874a-49ff-886b-1569ad4a0ef4,8147cc4e-2f17-4ead-af0a-f882c350de21,2025-07-15,Delivered,2
d496d8a9-5427-414f-8770-001f8f4ac7b7,b58ddd79-b26b-46a7-b76b-1e59ecec7a49,2025-09-16,Delivered,2
3f5c4334-852c-4634-bb8c-2cb409053f1e,79c8adaf-eb5b-4775-811e-745365e71927,2025-10-23,Delivered,2
9cc457ab-dd9d-47b6-ada7-3bd39b151de6,9f119594-0fa6-4518-a4cb-75d8fb6bdbf7,2026-02-14,Delivered,1
2d21cd6f-cfac-42da-b217-8b7cd5c36759,362fb24e-a0b8-4113-b848-1433ace4adb1,2025-06-23,Delivered,1
62ddc7a2-283a-481d-b58c-904c0d14320f,f844b4df-a8e3-406a-a196-465a4fd1d44d,2025-06-13,Delivered,1
0ee4b243-1838-4099-9866-1740c600b79c,a4ee43be-c3d6-4553-b052-f28b7a227e7d,2025-09-30,Delivered,1
f5cc0d1e-a948-4e7d-a0c2-df8d529e1e9d,c3fa1c46-81d8-4f60-9e34-f22320de83d8,2025-02-13,Delivered,1
456efa84-0c12-4049-a074-b351c2827794,789e39ae-2eda-455e-a5d9-c25d53afa1de,2025-08-29,Delayed,3
589dbcbe-07c4-49f5-a0f4-bd0c7f6d933d,3b1c721b-5e11-432b-8753-05e9a2ad4f01,2025-06-16,Delivered,2
b83c296e-981d-4493-858d-e7ed6ed5d0cd,d26152f9-b7c9-48b3-9ab4-13c6098f0b79,2025-08-17,Delivered,1
855a36bf-9b8a-497b-bc44-3c9cf4af8a26,d39515c0-d66c-4515-acb4-f60589d596df,2025-12-06,Delivered,2
2a4bfdc1-e675-480b-a7fe-80721604c4a8,f52af820-7b2e-4aa9-b16c-21f62a85c2e4,2025-10-28,Delayed,3
8b124053-d953-48ac-9cb5-767671195879,0c1ab141-0a2c-463b-b4bd-7c0ce290c3ea,2025-06-07,Delivered,1
5da6c658-a4ce-494a-946d-b08c515042f8,8cde5c69-fea6-4de6-a92d-0cc871dc043c,2026-03-20,Delivered,2
53169d33-aa78-4bd5-809f-143a1d7a182f,0c6f657d-99da-4789-952c-112eab12bce3,2025-01-29,Delivered,2
0e645c69-c8e5-4570-b957-44ac93534cef,d07dd6c1-110c-458d-b7b3-e95298d1f12d,2025-04-03,Delivered,2
c23c7ac8-b11c-477e-b2ec-bc4e72140192,43dcdff3-21e3-4318-842e-148f3e78d466,2025-09-20,Delivered,2
472521b0-24ee-405a-b4ff-51f57b045a79,117f3d9e-1e2b-4c97-9874-07c73da8eef2,2026-01-27,Delivered,2
ba545a25-79fa-470f-91eb-8e724c8e5a14,bbacee82-726f-4e14-982c-0cf1999cc1cf,2025-06-13,Delayed,4
f18918be-8699-4332-b21a-7d0b833b18f9,8abab37c-5ece-4bef-8885-e41270903145,2026-02-27,Delayed,1
b621f15f-027c-4c5b-9972-365209716c62,5d77fdcb-9d2e-42e5-bcc4-847e6d26044f,2025-02-22,Delayed,4
a5c7a142-0087-4572-bd74-334530916c0b,0971065c-3159-4556-8764-513d62ee597b,2026-03-12,Delivered,2
33c97387-6f59-4428-bf5b-91e7ccf12e12,0ede6ff8-f642-48b5-ad60-6154a35e05da,2025-10-27,Delivered,2
265c8bda-00ea-44bd-bb54-24223f51b123,2d34f9fd-9f45-4cfe-8cd5-ff791b4108fe,2026-02-16,Delivered,2
fdba847d-18d9-42f5-9b4e-4af1e766adcb,ae4766a5-2a2f-4679-b240-e8d68f7c4292,2026-02-03,Delayed,4
9141b172-df34-41f0-a26d-0bfa0a786a0e,6bc7f981-1dfc-4eeb-86fd-d7bf30e4bfeb,2026-03-24,Delayed,4
ab7ce366-e99f-4278-af1a-c27a3ae3b8a9,07620983-2cbb-49a5-ba74-97a8fe4b5fa6,2025-04-18,Delayed,4
347eeca5-a241-4a35-a92a-cf44ba1f5acc,c0b1e753-1502-4418-a5a2-ccaa1f669cab,2025-08-16,Delivered,2
2b7a2059-cdc8-4f22-b488-70d64d6efc07,31be67be-3df5-4c20-8fc1-40092a9d1bbd,2025-04-21,Delivered,2
944058b8-879c-4f19-8a77-0bbdcc303a94,618bc2b2-841c-4ff3-b35d-d4b89f9b4c1d,2026-01-26,Delayed,2
cb64f054-6d86-4e38-a8a1-7fe6677c38ed,36660ac1-d15c-4f08-8ef9-3940586b8927,2026-03-27,Delivered,2
769a50e5-f36b-48e4-8c7b-f41ff25a4a42,19e5f643-5f78-49e7-b43c-4a1b3a947661,2025-05-02,Delayed,4
3aaa9036-f047-4c93-8692-5dae134f73ad,efd5e4b8-0999-4b84-95c6-dccaa7405a27,2025-10-14,Delivered,1
dac6ed1b-1f89-4968-8e3d-6435d2d2ec57,7f991700-65b3-4bb6-bccd-ebf357c1457a,2025-08-16,Delayed,3
f8cc2a06-681a-46bf-9996-281e9ccd8371,4b4c0578-1713-45e6-9536-ad5aa048ae0d,2025-09-07,Delivered,2
649f81f0-cd6c-4306-b422-98f6600cbe19,29292d73-1793-4f9a-9783-3b78d6c96eaf,2025-09-18,Delivered,1
309c5423-438e-4a38-a518-b392ff94f93e,70c81277-d4f0-4b8c-b552-74ee2c976db0,2026-04-17,Delivered,1
eed01c0d-7a30-419a-add2-684a26e0b419,bd78faab-09ee-4bd4-b2e5-5bc7e06a6776,2025-12-14,Delayed,1
31559520-0df2-4cd4-9f45-2c2e293cac7a,fc4d5372-348a-43ea-8fee-c9d57ca9742f,2025-11-16,Delivered,1
12d1e11a-cdf9-4e3d-8dde-7219a7c7662f,7bfbf551-1172-4fab-824a-4887b8657ef2,2025-11-08,Delayed,3
90ffeffd-fe93-4d89-b4fc-31801a77e5b6,adc3bfe3-67da-4ea1-9e9f-df9cb781e337,2025-07-21,Delivered,2
edefe35f-5317-4b82-81d3-0cd0fa208282,7698805b-2b57-451c-a1d1-c1e409289d62,2025-12-31,Delivered,1
64318d66-a472-4bad-b905-8eb02a1b22fc,3e9fd0cf-c58c-4805-9cd8-ebc5bf50249f,2025-08-11,Delivered,1
60e4abdc-7508-4aa0-b891-0eadb425953b,44c2cc75-f1ab-4a75-9956-ba6209c80c21,2026-01-31,Delivered,1
ad798ff4-8a27-41b7-b012-d9628757eaaa,6a43e888-8d0d-4402-acd8-d240b7e6e2ad,2025-12-19,Delayed,2
f69f6631-f2e0-4703-9da9-f8e797ba7248,8009a6a2-141b-48de-a89e-6735937f1e68,2025-02-11,Delivered,1
d711dcee-de96-41d0-bf4d-91626de84a71,f238dfe3-fa44-4d0c-9857-91564082014a,2025-11-03,Delivered,1
dcd681b9-c625-47c9-8787-6e68bf08d5d6,1a67dfd1-60f4-40c3-b9ab-36bdaaca27b1,2025-04-27,Delivered,2
aee3b227-1fbe-4560-8964-6e078d388435,de7eb90d-6d85-4537-8969-4c4729ddd143,2025-05-22,Delivered,2
793166a0-7480-4353-9a29-9462f123d5a2,6471ae23-83b2-4813-a44c-62d489ed062d,2025-02-05,Delivered,1
cbc259af-90c8-4614-87d7-2ff8b728595f,2dc5555e-8656-4c4d-a82d-e8c99e033752,2026-04-12,Delayed,1
ed617313-396f-42d0-a14b-14a8b539d6d1,ee81a65f-1a39-44e6-a38d-3fa451e74442,2025-04-11,Delivered,1
a91fafc0-cf57-4e1b-b4d0-4ca184657c1d,18907948-e783-4f39-b3bf-4cf76794ceff,2025-10-29,Delivered,2
3a88a040-557b-43df-9540-d5cafde56b77,5fcdce0d-8e17-4fb5-9889-317d720b152e,2026-02-26,Delivered,1
ea351c67-8584-42f5-9355-8ca248f01fa8,829809d3-9d76-4fd8-b4c9-caf4a3915d51,2025-07-13,Delivered,1
92294473-91b7-4fc1-be77-d1a04cce13b2,93a5d819-5e85-46c2-b171-f5ad49a3b57c,2025-06-30,Delivered,2
59d9e7a1-c8e6-4685-9a36-1eb2c979d2ea,2d129e0d-6bc2-470f-9488-2ff9cbbab25e,2025-08-04,Delivered,2
6df3a9a9-7fa3-420b-81e6-ff37b18fbbb0,fd559742-0ae5-4cab-9aa4-36ac10d5daa7,2025-12-18,Delivered,2
7d292310-20ff-4bf2-a325-167bc34c2a81,bbc57143-ff67-481f-81ca-9f1dfd8fecd0,2026-04-08,Delivered,1
fed476e5-0e55-41b3-89b5-cecdd7169586,9e1b271b-9255-4561-ae3c-a7721f02d704,2025-08-31,Delivered,1
4f7c6d22-8d5c-45b5-8818-630ec6ab8180,4a572767-3864-4221-a047-b473008fc36f,2025-11-22,Delayed,3
cbefc98d-3047-40bd-b37f-68c0114db124,95818efa-0d00-41d1-9bca-d4337101fa89,2025-05-16,Delayed,3
ebb119d9-e0e9-4df1-be20-1aae1f3b530d,8ab1523e-d894-48f0-aba9-a05e189e3d6b,2025-12-16,Delivered,1
d4d45311-e714-4633-b345-2039be454724,fd470767-378d-48ae-b0d1-60054deb571a,2025-02-27,Delivered,2
2b63b01c-a1ec-4578-8280-b5cc1ed6048a,20faa3df-2622-4250-a678-df7fe75748e9,2026-01-07,Delivered,2
dd5d5331-253d-4b6e-989e-0c290301a519,e93e5359-31a3-4066-821c-486038b30f26,2025-10-13,Delivered,1
460d9dc1-50c7-41e1-ae0c-becfdd529655,18d3aa3d-4dce-4c10-9abf-cf72c7c21ce8,2025-06-10,Delivered,2
1cb8d2cb-ed81-4a84-b487-6ecf4e1f1b9a,cf354e37-6158-4edf-a7b9-cd4d07587b9b,2025-06-03,Delivered,1
7c6b6ec0-60a3-4792-aba5-9a3efb8da27e,26f68e08-0d02-41b4-ad90-c50fa9010a7a,2025-05-27,Delivered,2
63277554-63e1-4222-b042-d2a6c54c0043,3d20235e-7a23-4269-9818-e87cfd34ba04,2026-03-07,Delivered,1
f963d257-9f3d-4c46-8cca-dca8d24f25b1,0f3a91c9-56f1-4fc9-b291-98a585a4edd4,2026-03-09,Delivered,2
f6ab2ac8-d1e5-4bc2-963f-44bceb1f6843,d4481f6a-9913-46c0-ac30-a90347560373,2025-09-09,Delivered,1
2e62a056-8785-4155-97bf-01f954c8c0c0,8bead800-387c-4461-a2bc-591a2cc1d13d,2026-01-14,Delivered,1
90342775-192d-469b-be80-a7bfe3303dcc,13b99711-7926-45e1-9fc1-645e915dc76d,2025-09-24,Delayed,1
f098d22f-3383-4cf0-956e-77ea926e6f56,5654a548-f9ea-42b9-a37b-4043dff43196,2025-05-21,Delivered,2
5d20fa3c-c7d6-4c13-9193-708eb8e718c8,f058b055-f6b0-4db2-b5fe-cd1715faf546,2026-03-14,Delivered,1
d174932d-8e79-400e-a7c8-e916f00d9355,08831293-54ac-4852-8b3d-6da8cc12c2c2,2025-08-24,Delivered,2
436fc0f6-c93b-401d-96cd-2fe78ce8b841,12f9127c-23eb-4203-a7d8-75613ba420f2,2026-04-13,Delivered,1
0f7f078e-3797-4f79-909a-4d3a76bb5e5d,64ee2091-ed9a-4dcf-b053-889546003c98,2026-01-07,Delivered,2
47b23ec4-1326-46b3-b995-8b8ae3ffd1de,bdb91811-9e68-4dce-89a6-e44a032aa680,2026-02-09,Delivered,2
e1c2366c-4c0b-4e1f-a2ea-569164f56e10,662c6ea8-5206-4802-9d09-de8a6e6f20b9,2025-08-23,Delayed,4
5ea4b4ba-b6b7-48b6-b3cb-5af710f2ce92,78f9f0bd-ce14-4a88-b1d8-7a2f3fcabbd3,2026-03-05,Delivered,1
18cc179d-b1fb-4b56-849b-6683a65f1387,60e4fab8-93bf-4091-a37b-4efd6351529f,2025-02-09,Delivered,1
d2dd0317-6d3d-4416-84fd-c4627cfb1289,c889eb3d-6d43-4471-a7e9-59a6edaeb8c0,2025-12-04,Delivered,2
cfd85d08-aceb-450e-aded-2600ed20d335,b9e7edf7-91f4-4e17-834f-c35a590125c7,2025-12-08,Delivered,2
86ad9c60-a850-44a0-890e-c6d68d40d47d,3accd944-39cf-4a01-ac2b-82d2dc9afa14,2026-02-26,Delivered,1
798e0e3b-a766-4d9d-a2fa-08400dc87666,bf205278-da3a-4739-8d39-0ce49b1c0a8f,2025-03-28,Delayed,2
4d95d66f-9ce2-4dea-bc6e-fe794e264b32,6f8b0fdf-5fd4-449f-b06f-666d468412fb,2025-09-05,Delivered,1
baa0efb3-5eba-4cda-b396-1e5113dc5e20,592a0dcf-32e2-4f0a-848d-9d5026308479,2026-04-25,Delayed,2
70a33900-ecf9-4e10-93e5-7d1adf263303,3adb0eae-045c-4b70-bf1c-3cb1a8a7b395,2025-11-07,Delivered,1
0e7bfba9-cd66-4ddb-bc51-b9e71a8a713b,f902c21b-5cb7-469e-aa67-aa1fee0e520a,2026-03-03,Delayed,3
06fa8421-ba2f-439a-8550-a022e1c2050c,4c320c7d-e1a0-41b7-a42e-b440da33c7cf,2025-10-14,Delivered,2
2d9aff30-fa02-4e6d-82bb-fa9946c98639,cf7c3449-8e08-47f8-b665-d753b0cca196,2026-03-29,Delivered,2
5186b770-6470-400b-b390-ca700189c7e9,7a5af4e3-0469-41b1-8fcb-96cd531529ea,2025-11-21,Delayed,3
263c4f3b-037a-4635-a91c-fee5a8b4bd74,d704f3ec-271b-48e4-8db3-a3c416407b5f,2025-02-25,Delayed,1
bc1b1128-5459-4358-808d-705dc2fba6f5,4639e2d9-4e0e-4081-84cb-4015eb4c27ec,2025-05-22,Delivered,2
fcc4621b-e0fd-4ca2-933e-e91b675aa938,31574143-3a62-4dac-afba-09b9e166a54c,2025-04-17,Delivered,2
f620d571-e0ca-4596-b5b0-d64f60d7acd6,62238723-6d90-4e94-86ab-0e60bad826e8,2025-07-23,Delivered,1
123c60d9-8ffd-4918-8eb8-773bf2df2495,97e57e80-9cc9-42e1-b03f-15496db71e53,2025-11-05,Delivered,1
70382ebf-59f1-42a4-8a1e-1982adaddfe0,e3572c11-5d7c-468e-b37b-b68aee73a496,2025-05-31,Delivered,1
2dae32bb-06f1-4a3b-970f-a515862b87fa,40476494-4e6d-4735-8086-a064a0f533a2,2025-03-16,Delivered,1
cacea33c-361c-48e3-9d70-6bc6d8734088,ce2539c3-d468-43a2-bc07-6ec4e1967502,2025-10-17,Delivered,1
7f075542-1a64-4396-8a08-9fb2cff4637c,ee0a9634-e763-4305-bc74-4354a41c8175,2025-01-31,Delayed,2
c6fd79af-7542-4427-8007-4cd6b8b56488,a66105c9-6405-4af8-9aa3-5ca34134313d,2025-09-01,Delivered,1
e8c5e657-d673-492f-86df-3b121c872ba2,d370b638-e07b-4daa-9d2a-f7076b8781bd,2025-12-26,Delivered,1
bdeb827b-514f-41f1-ad7e-63e079212698,7520a0a4-8ee5-4f53-b299-7707ad55554b,2026-01-07,Delivered,1
d4c63ec4-a87f-4889-98f6-20ce988310b2,13671237-9bc7-4d81-93df-5143160a1a26,2025-10-25,Delayed,4
e2c064a1-1717-4977-a198-430b63412ea9,88dfcc27-fdda-4f40-b936-b77ed2ad97d9,2025-09-30,Delayed,4
c5a8d2e5-a5df-4bcc-9dc4-57a7c4c360aa,35f23754-12c8-4f36-a81f-1ec3183d6108,2025-10-26,Delivered,1
47523bdf-8b34-44e6-bcd3-aeb9d31a53ee,958490fe-e414-4072-8fc1-4fa22c936e5b,2026-02-18,Delivered,2
ececd9d5-a11a-4713-b4ac-bac9ada4d05c,3549ded5-75ed-424d-ab16-06c0a1ae39a9,2026-04-12,Delivered,1
8e7d17cd-c684-4ed5-9045-991afffc04b2,6a327614-05cd-4386-afa8-a9d78c76e7d1,2026-03-27,Delivered,1
47eeab28-ba4d-435a-b2f1-36031bc1e43c,d10a70c8-08cf-4744-9450-6961cc44110d,2025-05-03,Delivered,2
eedacab0-02f5-43db-a311-e2beeb5538cf,290b374c-ff92-4c9e-ae9c-261c793bef2c,2025-02-03,Delayed,1
518dba40-93f0-47d8-8ec4-7808833aaaa0,9db705da-4db0-48c4-9937-cb04316ee5b1,2025-06-13,Delivered,1
6eac7e70-8c2a-4494-be29-c3fcf668d64b,ee879b7f-88f6-4214-948b-ae56bfb68e5c,2026-03-21,Delayed,3
ba27e654-aa90-4179-9a4c-a639debcd86a,a8a671b7-4173-43d9-83f4-a4ce3374313b,2025-03-17,Delivered,2
0d0c3694-a3ce-422e-97eb-f96d192c99b2,9dad47e1-2d57-429c-981e-901ee1a73876,2025-11-16,Delivered,1
bf77cc0c-e423-4c62-93f1-7b83e0f221ad,85148645-a534-496b-bf5d-fd7156eea34f,2025-12-21,Delivered,1
a7fdaf57-a3f1-4096-b658-b08caf704ebd,aee0c906-b079-495a-a6e3-30d4056eb3a9,2025-04-27,Delayed,1
abf589e3-fedf-4354-9845-b154d85482e5,593e4523-3bd4-4072-a479-3b20b18aa4eb,2025-04-28,Delivered,1
297710e0-d58e-4846-9ac1-ec322ef399ea,1cfb9ff2-b142-472b-a3d8-e9ca4046a2a3,2025-10-11,Delivered,2
bee411cf-89e0-45cb-b769-1e9f199daf73,98c2f0e2-ec3d-4a92-bb4a-9bb2c90b7904,2025-04-25,Delivered,1
e957c14c-29d1-4729-982e-52a17f8052c4,753a585f-31f0-4573-af62-15c44875b2cf,2025-04-28,Delayed,4
9a1f9e7d-f95b-45f9-aba9-d262980b0a5a,7362ebe3-5e91-4025-acd1-cac52bc6e917,2025-02-22,Delivered,1
ba893bcc-1f65-4e7a-b265-432f3c943303,71780c7f-260e-4072-b206-060f75b5067e,2025-05-23,Delivered,2
3e97cf66-ea2d-4b83-af9b-8b8c2f662681,fd3b4fde-5c07-4e01-ba90-56a4f2dd47b1,2026-01-10,Delivered,2
0866d5c8-57ec-4ee7-b0dd-fa6ea242a753,334e7689-7b5c-40d4-82a6-9c37b2e0b74c,2025-12-24,Delivered,1
d0c8a0f4-be2b-4c12-ab78-a37da0176b08,508c805f-2967-4f03-9695-d0384473fc4a,2025-11-04,Delayed,2
5123c77b-f4f9-4d74-8e77-4ab57a7c9469,f6747a45-1f06-41ce-9b52-07cc7016fc12,2025-04-03,Delayed,3
70d2b7f6-e98f-4f83-9395-8779a8b9ba1a,7974820e-1b72-49b1-ba54-19ab50b6707c,2025-07-30,Delivered,1
0dc71c96-370e-43c2-9dbd-233ba135bc56,6c011c38-7510-4b30-b132-fe9a3207e5fc,2026-01-18,Delayed,1
e2bdadc5-8de8-4f13-9673-b4889c0e4c22,60a69401-b919-45e1-94a8-a33ff995d8ac,2025-10-30,Delivered,2
65d79c22-bf9c-4b09-bf21-c2412bb36d61,34711625-448c-458f-896a-793c71d16834,2025-02-05,Delivered,1
0bc57448-ae53-47b4-8ea0-19c1f849604b,d3a0f880-5185-453a-a39b-b411867a2e96,2025-01-20,Delivered,2
8ef7f4b0-0c87-4b83-8b78-1db4fb0fe298,25147ea0-0eae-4999-99cd-b6da464c1a29,2025-12-27,Delayed,2
77954a0f-7947-4c06-891c-a47bc0f9f2a4,cb783b11-908a-48bc-9148-432b9854ffa2,2026-02-09,Delayed,1
c8450f97-1904-4203-b099-a6b954f684b7,5cebe8a0-eaa0-4afd-b787-976bf6470842,2025-09-25,Delivered,2
11bfe104-e1bd-4bf5-ad67-3405b57ecc61,72423ffc-4d1d-49cb-b3d2-87bf60ac6e8e,2025-09-10,Delivered,1
1e3c0bba-96e6-4f85-ab44-5bd98d1cfedd,e4fe01ed-90e8-4247-8961-559f7edff065,2026-02-04,Delivered,2
bfe57460-fdd2-4663-9a11-97e9011bf2c3,640b09c8-0837-4894-ae24-028f4e5dc676,2025-07-12,Delivered,1
15460df1-9fb1-46a9-90cb-793a37c304e7,55143d96-7cf6-4ead-bf7c-e0fb4e0e8b42,2026-01-30,Delivered,1
75bdcf26-bea3-4c70-b8fc-69e53f30f91d,6f8476bb-0c10-427a-9858-af3e3399d1bf,2026-01-30,Delivered,2
ca90a93f-55e4-4aae-b3f9-400f31157716,761cca49-8501-4cd7-bba8-06b2020e7c92,2025-01-27,Delivered,2
506ccf83-631c-4afb-8ea0-7f1bdb454d3a,77b84510-0330-426b-b868-7030d4e6a679,2026-02-27,Delivered,2
b490da22-7094-4d26-912b-6c6749661075,0a58ab48-10c5-4888-8d98-3396a9377816,2025-08-27,Delivered,2
5222b97b-1594-4a25-a652-9cb31efbfbb2,da70c9a7-f81e-4b08-90d3-e0106bc5bec1,2025-03-26,Delayed,4
5e8a791d-7264-45d3-a7e0-e613ae4d4a07,91d6474d-ce2e-49bc-8cdb-2dd93f65b3cc,2026-01-21,Delivered,1
b0cc3f48-5d57-4240-b454-11c672460da7,9e23c942-71e9-42ce-a40b-9b4629417864,2025-07-03,Delayed,1
0f75ceb1-a513-403a-887d-646613887b5b,a62aa26c-0250-4cc5-8d7a-e84cf3e3a535,2025-10-15,Delivered,1
6accfa3c-4ebb-45f7-9c1e-5b1267ec6a13,d7f2b433-ca90-4daf-bb4d-af808d7ed4d0,2025-07-09,Delivered,1
8cf8471c-b235-45c1-bbcd-e3f2a2e5a357,5fdaf2ff-0f67-4a7f-bf3a-60986f1d2cf3,2025-05-27,Delivered,2
e7b7fe80-a558-44bf-8e57-ba40413c4565,4ffe7967-ceb0-4748-bda5-698436d5a62c,2025-02-12,Delivered,2
9814ae35-b075-406e-bfe4-76d6043e037b,da950410-415f-45a8-8266-5ab7b54b6525,2025-12-27,Delivered,1
257ff3b3-9573-4d0d-8367-d61ca3b80b18,e8fecd63-ef63-493e-bf79-756a97103613,2025-07-06,Delivered,1
b9211709-4746-4771-b677-ec0e75e89e86,2c4391be-6314-40cb-a01c-23ccb66101ad,2025-05-25,Delayed,2
787c80df-e82b-4859-93bd-91feecd82539,f86f005b-7a5c-489e-ad9c-725b7bc71aa9,2025-01-28,Delivered,2
a2cd870e-38c3-454b-ae10-97ac31a4a7fb,a0fe9719-6119-4d62-9529-054bdf9964a3,2025-04-03,Delayed,1
4bf1cd9e-1259-4e1e-8591-e9dde00a3c5a,a1225d92-fe7b-4cce-8939-f53716736d77,2025-02-03,Delivered,2
d7cedde9-fb04-4867-9eae-3986a508c7f9,3901d73e-6ace-4469-9224-2aae7435199e,2025-01-14,Delivered,2
85dd195b-c4eb-414b-b5ad-e10d3ab4e1da,7812e825-bce9-471a-aade-539c6fac1a09,2025-03-16,Delivered,2
e797becf-a0cf-433e-b7cd-3122c64bb568,04bde96b-6041-4c02-9855-e72c7d589099,2025-07-21,Delivered,2
a570d189-2962-4a49-b8b0-9417f0298026,6f919e77-9510-4e51-bc6b-bba935927838,2025-02-01,Delivered,2
d54f5f44-ada0-4f84-adcd-a4c41c0945c8,26573cf0-ec9b-45a3-bbf1-1ac201231988,2025-07-07,Delivered,2
005dbfb7-77bf-4166-96f3-2c4777b5717e,2c25ad86-9e18-4604-9de3-65ca18459a3c,2025-11-14,Delivered,2
6508ab62-1519-428e-bda3-bd99eaace936,46c31828-3f86-4572-b027-206b6045b70d,2025-02-14,Delivered,1
dc27471d-221e-4ce0-ba24-cd563e03b806,f573c694-53ee-45c6-93a5-b1330b16ee8f,2025-11-09,Delivered,2
c289a3b7-41fe-49c6-b4da-a44aa62c36b7,fe66c595-d4fd-4150-8bae-c138eef5505d,2025-01-13,Delivered,1
5537f59c-c79d-43ea-a467-d63c593c426b,6ab730a2-7670-494c-b4d0-6fcabfed2adb,2026-02-23,Delayed,3
4f92771d-c333-477d-97c2-db47a5be28a6,aab71e0a-68dc-48e4-ac45-a5542390f0fd,2025-10-16,Delivered,1
dacf11cc-bd1a-414f-8060-04dafc5b58c5,9877dca5-9396-43a1-bed3-ca25c5dcf325,2025-01-17,Delivered,1
61369f14-1366-47e5-86a4-3def32ea626d,a42b0270-1993-498f-922b-220da0d0d1d8,2025-09-09,Delayed,3
b8f6b16a-02ad-44dd-a47a-f5d57d18c698,c297808c-9b60-4a74-8932-8af6f6f80818,2025-05-27,Delivered,2
a61bd0c4-8d1c-4b1c-8187-4abdbe4fd274,2f0d75d8-7421-4470-94b8-87c0f38ba37d,2025-06-17,Delivered,1
b137ceda-9e33-4a9b-8096-6faa3cc690c2,474c4696-c0d7-4f43-89b9-c23033764ff4,2025-07-29,Delivered,1
f2a38e5c-9de5-4fa6-b22d-c6dd885eb31b,df059e42-146a-4422-8d60-f9ae46c63bab,2025-03-06,Delivered,2
4fc34f90-e509-4d05-9ad5-9dd6d3f5c3c3,5519b711-5745-475a-8e60-cf4c2bb1d46c,2025-11-12,Delivered,1
582ccc96-fbfd-4c07-8a1f-210a7c9bf860,500dce9f-6d49-4035-83f1-eca4b086e600,2025-09-27,Delivered,2
e777a67a-ed6c-45aa-bafa-76712340f5c0,efac5ebf-d924-422d-81f8-78610e970b2d,2025-06-16,Delivered,1
21554c20-2c15-464f-a547-dfea0a197692,935bb382-e304-4438-b658-e00f7dac9a17,2025-05-18,Delayed,3
07efb310-c5c8-4601-8f46-5dd9c5156d76,67e2e4fe-d43f-456b-92c1-5be8e8cca25d,2025-06-01,Delivered,1
993aa93c-cbcc-46bf-a09f-4f36a22ddeee,f002ab07-7c01-470e-8fdf-4131ce23265a,2025-05-08,Delivered,2
d0c7e616-e471-4e10-bebd-3c2468ccefa8,c539fbef-87aa-4763-9b7e-f252c570fa33,2025-09-16,Delayed,1
1d3ffa6e-d79e-4514-913d-d9a4efcdd22d,b7343ef2-228d-4bb1-947d-cefa98f38c91,2026-02-19,Delivered,2
be3d85bb-ee58-45e2-b740-e38ee5b19008,f59efa24-b815-4b1f-a2cf-cda51a1020da,2025-05-03,Delivered,2
da56274a-673c-4c3d-aea8-1725c770c85e,730a9526-c44d-47dc-8077-da4c86659e2d,2025-10-15,Delivered,2
235273d8-51df-4dff-8a2c-a05916cf2d63,ecd611a5-e3ae-4ade-8911-7506e65261d1,2025-03-11,Delivered,2
67a80963-d9a8-4380-9f62-0770a4dce337,7c4f5362-9673-4a7f-882d-e859fb9ee8df,2025-04-17,Delivered,1
65da6439-5c53-4c66-a7f7-4dca7384784b,27cae243-a368-4256-b786-43fc86bd6c6b,2025-12-19,Delayed,3
6c4862f5-bf4c-4e42-9037-4661d4c03803,f2e1af95-20fb-4579-a613-3c129f44f147,2025-04-28,Delivered,2
08ba3b21-5923-43d1-a98b-ab21dce369bb,eb4507e0-27d2-4111-bb6c-f63d84528d57,2025-01-30,Delivered,1
1b338574-ba90-4991-9932-51c997e596a9,06fa783e-ce60-43d0-b3c5-7da614f6d112,2026-01-05,Delivered,2
e28eeb2d-6874-4d9f-bbc0-bab1f5bf28cf,4999e953-b7a1-4ed4-9b2a-2ab5a546d265,2025-04-05,Delivered,2
61a79a3b-fc34-4302-b198-5ac369b49c47,9a733aa2-71e2-4396-8fc5-b2a1b4442a34,2025-11-18,Delivered,1
f23ae75d-40df-4a94-b986-c4912ee94032,59ee8d11-71dc-4b67-afc2-6ddb21d2a50c,2026-04-11,Delivered,1
2a918280-0884-448c-9b07-143220fb0195,4cedd176-e121-4829-bd3f-9e6a5fbb3a24,2025-02-21,Delivered,2
42c82134-d5d5-4a3c-9d0c-12bacf72fcaf,e912c894-3e91-4973-a7d1-83c74ee8d000,2025-07-05,Delayed,1
80ede42c-82f0-4823-b156-ffa9f594e95b,b95471a5-b8d0-4eba-97cb-0877e4af966e,2025-04-01,Delivered,2
12c961c3-ea54-484e-b604-0e25808921d8,d31ff29a-a619-4bbb-8faa-06b80b814ce3,2025-07-11,Delivered,2
595d0aa8-2cfb-4dca-8158-f7c17e8b5b8e,b0352379-3e3e-4fa9-9471-7576fca1e2d5,2026-01-02,Delivered,1
1e3d0c46-c5e5-45a6-b016-71489e9c5894,ad652a11-958e-475b-841a-45660bf26129,2026-04-21,Delivered,2
40723b2a-ff4f-4370-8aa4-2680de7d57e1,72ba6f3b-6ba1-44dd-80e5-121313acd6ae,2025-05-28,Delivered,1
38720a74-efe1-479d-84df-e9e1eb37870b,f2fa0e1e-4481-4bf5-a45e-b4bec036f8d4,2025-02-13,Delivered,2
a58b676e-90d6-4094-ad31-39465a6038bc,2903b8ce-a405-49cf-8f3b-7d34654f677c,2025-11-23,Delivered,1
dce1064f-a9fc-4fab-a1f1-d798a390009f,bb0066af-0a87-471d-93c5-6d326bf7adcc,2025-09-05,Delivered,2
a5ee871e-6d0f-4369-abaa-6715cd06e87f,f31501be-4c47-430b-8d2a-513c5824bc5c,2025-04-16,Delivered,2
792b090f-e208-4e76-97a8-8e81d98b0537,e8343649-72ce-4cf9-bf93-ed0dd889184d,2025-09-06,Delivered,2
55100ab9-3340-4fb5-b057-5b581ff5137b,0201b6c2-135b-4c00-90d1-760ec35461db,2025-12-27,Delivered,1
39a770b6-e4a1-4237-bc99-7eb9930550bf,798d5be4-a3a7-4b1c-a4f4-b262743ba69f,2026-03-17,Delivered,1
bc0f6d78-a08e-4a50-b639-d6d26bc10062,be87ebe1-23f4-4d56-8356-8052f14ad4ec,2025-11-15,Delayed,3
7cc01dff-09be-4460-a64f-b3738073de05,69a7db17-1f91-49ec-bce2-ca5845004846,2025-08-30,Delivered,1
e46831f4-2ddf-4c84-b977-c9bfd5f28470,addf4890-c04f-4bf9-a6a4-40eef1508ae2,2025-05-16,Delivered,2
c28b5679-b197-405a-95b3-0af6d158a32e,eda8c1a4-bc74-4265-a1db-6ba1b7697e23,2026-01-08,Delayed,1
ef8e88e1-8e4b-4433-a705-6ef0bedc6227,93a071f1-99ee-4395-9970-c225b182b407,2026-03-02,Delivered,2
94e6ce71-d205-4bbb-94bb-1b22c6d69b33,a59bfbfd-916c-40d6-8a2c-41e1b6c4c1c3,2025-06-17,Delivered,1
7d21f396-f2a3-4fa3-a1f3-21e4286ebe7a,1f0bd0f6-6deb-4560-a4b0-01d6444c0d05,2025-04-07,Delayed,1
0986f946-ac4c-4725-85d7-6f0468271031,9d4cc25e-f185-4646-b6c2-046022de142c,2025-07-05,Delivered,1
ed99def5-ca9c-44c3-b842-81044ed9d7f2,8af74a96-b98d-4585-9626-8b4c51bf85e5,2025-11-01,Delivered,1
cc76dbc6-2b69-4945-8c71-7cfe8e953c7e,e9716097-60dc-47da-95be-dfff915b7ae5,2025-04-15,Delayed,4
27d5d2ac-c34f-47f4-bb10-063af8881c36,0d32b65c-9cca-4bb3-8f5d-78ee882e4c5c,2025-12-18,Delivered,2
0bc836c2-d6b5-415d-90bb-d67fc2dda731,0ed8a2c7-6916-4610-8deb-a8e6e7f0519b,2025-07-27,Delayed,1
f3def25f-2918-44c8-b99f-ab78d4f7a874,5bade106-8be4-4e7f-9a05-5e5a33a16b03,2025-08-13,Delivered,1
2a3b560e-b221-4e14-9507-d05009c59c8b,0aa5829a-92e2-4acf-bcd6-7844bd35df67,2026-03-18,Delivered,1
8461f3cd-bf4f-4251-97e6-5ba03f6c1b8a,8525f03f-109f-4623-8b42-759d3a424987,2025-07-03,Delayed,2
5aa94fbe-718b-4825-a062-80bf62fcd604,5b50ab20-6f88-41c1-9855-3d3c390b01fb,2025-01-25,Delivered,2
4c418114-ba46-4fb2-8dab-92112c6c9268,c25cd1c6-60e6-4988-aa67-cdfbedb6d774,2025-11-22,Delayed,3
2fcd705d-5746-4b2a-bbbf-495d2eac6db4,01075dcc-210c-43da-a1d2-746611de8a73,2026-01-13,Delivered,1
44d0df37-aa86-4d92-b16d-3163da27701f,dd3894d1-8163-443a-bf47-93ebcd140efe,2025-07-12,Delayed,3
93f142f6-3341-4b26-b6c0-c3ec68f649cf,39a559e0-4fea-4f18-ada8-aac606eaafea,2026-03-29,Delivered,1
b6df99d3-e17d-4c79-9831-b151bc752b8c,994d4bc5-b56c-445b-b3fd-5b51597f48c4,2025-10-31,Delivered,2
e73bec45-bc0c-42f7-8430-0081add0073c,49682359-195d-478f-9d2b-568feb82b50a,2026-04-04,Delayed,1
eee32540-225f-4b2f-a85a-7ef60e4c9b64,d3ef49cb-afde-4577-a811-461ed76cae05,2026-02-21,Delivered,1
eea4112f-d1d9-4756-a210-6f2ebefa1d4f,e78cc699-8b20-42ca-a4a3-17571c2deda4,2025-07-03,Delivered,1
ea173b70-11b2-4e01-9a07-865690e1f4f4,1995aa85-b961-4c3e-ac06-806809ca0e59,2025-03-31,Delayed,4
2c3caf94-60e0-4d13-b529-85c513532fdb,75f79f00-b7a7-464e-9880-832ff7bf864c,2025-11-19,Delivered,1
87218fb3-d47c-4313-8181-d9d2087e006f,54441374-f9cc-4a8b-86fe-70ac38e63d50,2025-08-14,Delivered,2
9d072dc6-f9e5-46d4-8b38-4ac956731e04,9763ea79-22d2-4f44-b201-4c85208d82b7,2025-10-03,Delayed,3
3de1ce3c-b5a8-4cbf-80d7-b66d26dd599d,073a7dfa-3c74-466c-9f35-c9c3fff45a6f,2025-06-25,Delivered,2
f5b3f560-6a57-4b36-b60b-dce4100c4f97,e46fd912-4d22-49cc-904a-7d753c413a46,2025-05-09,Delivered,1
e1f0cf3a-3484-4fb7-ac11-084f4fa83514,7bd1f934-5dbc-4941-a796-e796eee16b4d,2025-10-05,Delayed,2
ef57ec38-0f19-492f-8487-263fff04d22e,dd6af1b9-cfd3-4ff8-ac5f-958484301704,2026-02-20,Delayed,4
98f3df3f-58d9-4e32-aeb3-782a91f27bc6,62816459-47ac-4070-8a19-9864712a9c61,2025-12-12,Delivered,1
39426f50-e20f-42a4-be00-f53c79f42821,31457136-9da6-49dd-8111-9eb451ffd0c7,2026-02-13,Delayed,2
a4eb3281-ad5b-4f50-b6f1-d185203108d5,a7ce9f23-449d-4894-8f16-09e76cb5afdf,2025-11-29,Delayed,1
62003178-60fd-46b0-83a8-ec432bb19f98,2b1c7532-d6a9-48f0-bcb0-a971c1d39cea,2025-05-09,Delivered,1
bfb1e08a-9e0d-4991-b704-eb8c26869d40,4e545ee4-1f1a-4210-b4cc-ddc432a158ce,2025-09-03,Delayed,2
c2b41a02-b9b0-445d-9ab3-fd52af2374bf,384449c0-9280-417b-aefa-15493f6d8f1b,2025-12-19,Delivered,1
41dbd128-e906-436d-ab21-dbfb600ae9c5,53f2f1e1-acd4-4631-b55a-a11b1599f7c8,2025-03-01,Delayed,3
97e6eada-877f-4199-81ca-4de77cf97ada,3d492567-879d-4a38-ac01-4028297796b0,2025-08-16,Delayed,3
2483dbc9-3e8d-4b82-b57c-7c109b9bd01a,25a1d954-c185-48e1-997d-c2300738c1a7,2025-03-02,Delivered,2
182b564e-8aab-4e62-9670-3cc4e51ad4bf,088db35f-bd2a-47a9-9e89-90da4ec5c923,2026-02-27,Delayed,1
2b337d0b-9d81-4943-b9a1-85bf305249a1,9f6b9f76-f290-497d-b417-d343db3fd7bd,2025-11-21,Delayed,3
cc0dc38f-d231-4a06-a999-9913b62638d9,6da8c77f-49bf-4edc-8c53-09c828a96e93,2026-01-30,Delivered,2
deaac984-0f22-46bc-b8bc-c98a0a36aebe,5fee9f67-7b13-4c31-8250-7c48577f3b1e,2025-09-02,Delayed,1
a2ea5ee2-1cdd-4b63-9f1c-6c2433b668c5,0963cc17-4e06-456d-be6e-854255f40588,2025-09-04,Delivered,2
ea9f5749-ed97-4753-b841-84f5329b1714,dd6cb701-ab57-43fe-9a25-0be406f1e83b,2025-02-18,Delayed,4
deef1039-2af4-4727-afca-73891239f0b0,b0d8c2e3-555b-4023-b627-a568d5918836,2025-04-30,Delayed,4
ba52bae2-8e21-4f34-9047-68b2b723ff11,971f0ed0-dc5b-4edf-8de2-6fb5e524dda7,2025-09-07,Delivered,2
dafea9b8-5718-40ca-aaae-35936a558272,b48cfba3-13fc-4a66-ba93-73efd42843f4,2025-10-28,Delayed,4
2ed8a67f-ab8b-4358-95ca-8eaa3934c03d,21f85c23-b192-484f-9742-f4ad6ca101ce,2025-06-23,Delayed,3
72b8f5a2-166d-4466-9606-eca88bb553c0,8c956af3-1cba-4188-973f-9051ab0d555c,2026-03-31,Delivered,2
3414a9d4-34f0-4852-993c-6c7e0f72e007,86fff203-4a76-4463-909a-c776fb36296f,2026-03-15,Delayed,2
199222e1-e8a5-43a5-ac7a-8f882e3a9296,0552503b-3459-4155-a455-af74fd3a43f3,2025-07-29,Delivered,1
0d0f4a3d-7949-483c-9715-97fee589ca65,84ccf782-0d60-401d-8c65-3ba163b72321,2025-03-17,Delivered,2
a8b75fab-b4c4-4f7d-bbbc-473435906f85,75ec6950-6044-420d-8189-670267168f2b,2025-02-06,Delivered,1
cb1f757f-d0ea-46f3-a1ec-7f3a64561e8d,88b0d258-e4bb-4e77-97bb-22bc44a10833,2025-03-31,Delivered,2
6e94aac0-fa0b-493f-bf57-5511c367c85d,24dc268c-ee78-429c-b6d4-b64f69d22554,2025-11-07,Delivered,2
46eb82b0-d8c7-4501-b35b-e2691c8851c2,3e499971-c8c8-449d-b724-7201c13ec822,2026-02-28,Delayed,2
eec60e2b-f64c-4db4-977a-056e54fe7233,cdc4297f-7d0b-42ee-bbd0-81cfbc024a27,2025-08-16,Delivered,1
625bf8c9-8f47-4d63-b941-6b04adfb68eb,d47cb419-dc58-4696-a9f7-cc3f61378bda,2025-12-12,Delivered,2
10cbf4e1-f6c9-49f1-99ca-81d17383bb2d,f1fd7a7f-0581-4c78-a33a-f729bcfc68d4,2025-07-27,Delivered,2
2cabff1e-3c95-4f26-b877-e2d2773d1901,2649e4e2-009c-41f6-8bbf-fcdc65c18d56,2026-02-16,Delayed,2
01e1b798-85bc-4be3-82f5-099b83779c64,522188fa-1dce-466f-b4be-aee9020bf82d,2025-05-16,Delayed,1
56dbebe5-39e7-4786-8fae-838fb3a6a537,9f311414-dc11-4b2b-8fec-0932ffa92d47,2025-05-09,Delivered,2
2f737ff4-5216-4ca4-9f93-6ade83465e44,cee6f3ad-8d53-4b9d-854c-ca948e225ee4,2025-07-11,Delivered,1
ee1774ff-dd49-4b3a-ac7b-317c915a61d2,d9f862e7-d61c-4d7f-acf9-8c243c2f7f30,2025-10-28,Delayed,2
c410ccb4-47e7-4b73-8400-a957e4a37650,53856359-26d1-435e-97bc-1ffd6825b51c,2025-04-04,Delayed,2
afdec7f5-6c8b-46a4-ac06-6ad3ef6919a5,fd47cf17-3292-495a-af93-3ce84bfb7d99,2025-03-04,Delivered,2
5247d90c-a00d-4970-9035-d3869b22d3d7,c126fe52-aceb-46cd-9826-711ce1e3318e,2025-12-11,Delayed,1
96db24a0-d7b5-4264-ba7a-dc2fcc87f792,cf708696-6e06-4b48-a12b-4cbe11b9ed2c,2026-04-10,Delivered,1
38588336-110d-43d1-b653-2e93ec396f9c,0985ea50-c7df-4d55-9797-eb025c35407c,2026-04-11,Delivered,2
dfdecf15-e93f-4b74-9e95-999cf1dd10e8,2b60bc8a-20c3-4ba9-a0c3-8fd64e149fcd,2025-07-05,Delayed,4
9c0c2635-0a8e-4b8a-a7ba-ad4140eff8ba,87000033-500c-47d3-b274-bee8e704cdf4,2025-03-11,Delivered,2
63c14b52-01d4-4e66-8dd1-99f7c56af611,688672f0-9ac1-4e42-8d3c-1dfbe81591ad,2025-11-01,Delivered,1
deeb9922-8706-4b68-aa68-04ce313cbb44,d3df00e2-0e3b-4fad-b4cc-4e3880e4cd26,2025-08-07,Delivered,1
461ed413-b1cf-4361-a310-f5c7da7bf31b,7a34a995-76b4-411c-bd2d-5bd42fa81e91,2025-11-18,Delayed,3
87e6daea-6f80-4933-a2ef-e2b6da6b6aae,075d72eb-6096-4d47-9428-94fbe7543593,2025-12-18,Delivered,2
e7160c40-ed43-47cc-a790-4c219d2c0594,9466a75f-f7c5-45e6-869d-a2061561ca49,2025-06-30,Delivered,1
75380c2f-d60a-4fcc-81b5-ae4867f8d032,8d9edcd8-633e-4ff6-8455-fc64138fb8ee,2026-03-29,Delayed,4
d85896da-ef20-4cc4-8564-5bd6fa0567fb,e252a32f-ca3e-4e07-a0a3-ded882ec5b6b,2025-08-21,Delayed,4
91478e4a-bc7c-4fdb-be56-02905845aa2a,a75cabfc-b7a3-40a2-a8b7-5350956b4425,2026-02-04,Delivered,2
68a2d1e6-331f-486e-9725-918ce96ec9b4,fce23c63-b2e8-4448-ae7b-d944f686a288,2025-10-09,Delivered,1
dc88e7ac-fa3c-4c6e-9c29-ace02fb0402d,1e9d5760-f453-4ac9-8893-4982246df9f8,2025-02-06,Delivered,1
986a8fd2-ab27-4442-9149-f09d7bd70f0d,ecde8cad-278a-4c46-89c9-22325162e0db,2025-06-23,Delivered,1
9c167409-fd27-4996-a7b2-3a98935df55e,cc05415b-3f42-4fd1-91b2-00c0b99849a1,2026-03-26,Delivered,1
e7be92b9-f25f-41e6-9fae-e9a1ca943fa3,0bd5383c-641e-4d9c-9b2f-e5964914fee1,2025-02-04,Delayed,2
cbdc4873-c909-4328-b143-854cac2e7d46,84b1a399-3d2e-4e4a-93ea-96fde11650cd,2025-03-14,Delivered,1
bc86f373-8f17-443f-9630-b4adbeb9c5c0,372a6f61-ebde-4d0e-9561-5942afe147dd,2026-03-27,Delivered,1
dc90177c-e5ca-4087-9645-e0af042eb746,168d8b36-b227-48d0-8540-ce2a8b397082,2026-04-21,Delivered,2
9a060ea3-ae83-49c8-95ca-7f40f67b0ef9,702f60c4-cf2c-4a73-ac88-1df37b7bebcc,2026-04-04,Delivered,2
b419d168-c8bb-4146-9291-a65f1fa283fa,f3d0a113-8cb7-4c90-ac96-eacb3abde4dc,2025-07-14,Delivered,1
d842af6e-cc58-4f73-9387-023c7c962202,e9c42b81-9769-4d84-aa10-5e2b75e4f2e7,2026-01-06,Delivered,1
67f2cbb6-34fc-4ca5-bcd5-8309b764698d,a24e4462-14a4-45e9-b7a0-468926afba7d,2026-01-07,Delivered,1
fb8b4c91-dc52-4371-836d-db93dfbca935,f77a8435-f3f9-41e7-8007-0e1a181676e5,2025-05-09,Delivered,1
8d192d6c-1c67-4453-a91e-6569ca60e72a,e8e7b206-1500-45a4-a534-cf82e67e17b1,2025-05-14,Delivered,2
5c4331b1-8980-4d59-864b-ed7eaaab462a,5c552f82-e5ef-453c-8d6c-3b1b833e328a,2026-03-12,Delayed,1
0dbaebdb-3718-4afa-946e-facd89228ef1,32b3d54a-f7ad-41a1-b522-c918c1b0a6a8,2025-02-23,Delivered,1
de3a5764-4383-4611-bf1a-d540a95a1760,bf6b1f8f-acae-48cc-8464-dd363d5ba35f,2025-04-28,Delivered,2
550f0baf-90a7-410b-9777-5292ea6fe04d,b896fcbd-2858-4508-89df-c1973ff337f2,2025-12-31,Delivered,2
631ce581-52b1-446a-9cb3-f7221f45cdb4,bf1be0ec-c2ed-4cff-93f7-13b05e278403,2025-08-06,Delivered,2
6e4b14ba-aa3f-454e-96c1-41bc1f8f5800,6edc2958-e650-4105-8972-8d0bfec6e2b7,2025-09-12,Delivered,2
2dabea4d-aae6-4e12-b17d-4f0da608919d,207fa783-6559-4f11-941a-ec8c1c79a2ff,2025-02-22,Delivered,2
55221172-3caa-44c1-8ecd-1488720a2de0,932761d0-bdef-4e48-a21e-6587f6dc4dd5,2025-10-08,Delivered,1
91d3ef02-56c0-4645-be4c-a4f88b3e5336,de98b6bf-88be-4e10-94b3-1dc9139a419c,2025-04-03,Delivered,2
a8ea22b3-912f-4432-9330-760d3c8578c2,3be281ef-52bc-46c0-8068-3d199278dd10,2025-07-11,Delayed,3
fb8e48cc-1f56-4ed7-81a1-804325233a82,e4fc12ef-26a7-487d-a772-ea911168b9bf,2025-10-03,Delivered,2
f651e05a-705d-4283-ab6a-1eaf320d9013,b7af1dab-39ef-47f4-8d64-e38b93a8f5eb,2025-11-22,Delivered,2
fa95563a-46bd-4d89-93f2-40abc6bdf79e,0d316449-6ccf-4f4d-9a22-9a68792b0731,2025-08-04,Delivered,1
6d1d7d63-6935-4897-a53b-752dfbf82cf9,13a9005a-652b-43df-991e-c677dbf1083c,2025-03-21,Delivered,2
e6d5943c-e03d-42fd-adee-b1bcb4d872eb,2fd59fb9-f249-4cef-82bc-87d991047b02,2025-12-20,Delivered,2
e242e01f-b0dd-4c34-8524-8bb91a2a7638,c846ff6d-5c4e-47e7-9ae4-78dad4f3ddfb,2026-02-25,Delivered,1
4e0cc858-40b9-4ef1-a21c-28feeee1bf1f,1eb14877-f36c-492c-a7db-4c2b9027a425,2025-10-27,Delivered,1
07845c04-95be-4bb6-b3ea-12dbe4a8ef95,d9f02fe3-b3b4-42ca-913f-d951ea9b051f,2026-02-08,Delivered,1
0bebe831-4094-4231-af22-746e1a9fd6d0,47fcbfd2-8e29-4a19-9833-028e0a55f8d1,2025-02-09,Delivered,2
0d878d97-7223-4865-bcb5-b2601030a239,45ec215e-592b-48cd-829e-41ed33c4ed30,2025-03-01,Delayed,1
8316d1f2-c811-4869-aa10-437d31974e07,4e79ceed-09c8-49b7-907b-45290ae6d25d,2025-02-06,Delivered,2
5a9b30f5-116e-4b98-8dc2-bab4ec5fc576,04eaaeea-5978-4257-bd2e-02ce61c75017,2026-03-14,Delivered,1
68fbe6f8-0b7b-462c-8a66-3f85b6effaa1,f9a1ec5c-b0ff-47d7-a3cd-f269abcddcb8,2025-08-18,Delayed,4
cebb20e1-d336-4687-94a1-7304d10dba3e,338772e7-f92b-417a-91e0-8a7de4decc72,2025-12-16,Delayed,1
f950dc06-4092-45a0-b88e-5b037281c860,bf499870-c629-427b-bb24-014a3ccfb1bf,2025-04-16,Delivered,2
b0f4bfe4-32f0-4bbf-a6eb-b551b4d872b6,544c29d7-14a7-44e1-8c52-defe1ff72dac,2025-06-10,Delayed,1
ee508101-3b7f-4137-9d87-df900703200e,7abafbda-9dac-4b67-8889-0c0fd0691a8e,2026-01-22,Delivered,2
6503b304-0643-428f-96ae-3c9ea4209bb3,38aa2b8e-f65c-443d-9818-d869b9ed8fae,2026-03-08,Delivered,1
8ec28b00-20f5-42ec-b30e-d67f7e0edd33,ee76dedd-4e3e-46a4-a5ec-7f0c98ce9d21,2025-03-01,Delivered,2
285daa58-da2f-4e41-80cd-d168f4e9ea07,47d74090-96b8-479d-8a22-f32b87a6163a,2025-05-28,Delivered,2
131050f2-4a90-4f6b-b698-029a9ece2e7a,138faad9-67e1-4b92-a993-9f792fe13bf0,2025-04-20,Delivered,2
5f652d1e-f83b-4df9-8277-658f78bfcec6,afca8d0d-4b54-4a65-a6ac-af9847f11692,2025-05-04,Delivered,1
5c4a2743-8298-4a4c-a5e1-73a8bcb707ac,14f76ed0-073e-46dd-ac5d-6a0123e067d0,2025-05-10,Delivered,2
95b84d37-78b1-4aae-969d-97f641140af4,4d357be2-cf7e-4187-af4f-2361f2b30e9c,2025-07-28,Delivered,1
bdf0a8d8-bf53-4c7b-b8c0-50d9b4a7ee28,0ea0cf5f-7f7b-49bc-92d8-e7ec1369d17f,2025-12-31,Delayed,1
f339973b-4c25-4d35-a7dd-69a2d17332cb,2e535d82-93ed-4f45-9822-07fcea56d391,2025-08-26,Delivered,2
8bfb88b1-52b0-4b50-86a8-1ce40c78cfa4,c48dd44e-ae3d-4259-b4ce-656a17ab3fce,2025-05-22,Delivered,2
6b1a85fc-ec15-412e-a699-723d1aabf8cc,c0d914d1-235f-4dfe-acd2-b170e6cd5245,2025-03-05,Delivered,2
bd4b2e84-4130-446b-bce2-c4f7f5d1b301,959e3296-18b5-4aa0-8793-eb0fce1d81ef,2025-08-21,Delivered,1
8d45e330-07dc-48a5-b0da-a3a1427cdce3,6fcda4f5-0846-4520-b902-29a919c2a5ba,2025-04-30,Delivered,2
775f64d3-e451-4a96-904d-418170fa87a8,e20dc2df-65eb-4e9c-8f46-ee8c09b35158,2025-07-02,Delivered,2
c980f65b-da62-4888-af9f-0b08d96cd8e6,a4ee28ed-519a-4f11-82be-c9d348f08d51,2025-11-18,Delayed,1
bff0b139-c8af-43da-861c-cf5e4fe19c90,84188fa8-b6cf-4dbd-9bbd-bc41ea8f2652,2025-04-27,Delayed,2
2b7bb786-46ad-4215-8531-cd214b66d51f,8521f57f-ecae-4ef3-9dfd-4544de4563a9,2025-06-18,Delivered,1
011daf20-d1d7-436e-976c-e20bc76e8ac6,e40f660d-a527-4352-8bf2-94a32358412c,2025-12-04,Delayed,1
96d2ed25-7cb6-4bd6-9a78-614d6e0cfdb7,70b6991b-a912-461f-b006-aa591e34bb08,2026-01-29,Delivered,2
4b81d885-a7cf-4449-a6d5-5320a61d14bd,08bd09ed-06c2-428a-8248-aebd18b1b19a,2025-06-07,Delivered,1
4022913d-27a0-4a36-91fe-d00f9c3531c4,06aebd36-0fab-4997-a93a-bc20d94be967,2025-08-20,Delivered,2
dbb4d774-dba4-495c-8b86-6a533f8699c0,f4991b33-3dad-40ff-b899-fecda73d2cd4,2025-05-29,Delivered,1
ecea0fe4-5bbe-4c00-ada6-eecf60283ef9,a2fd7a1c-a164-4c51-9d18-867f25666d30,2026-03-16,Delivered,1
a6c2aca0-f518-4312-af01-4585c68f1edc,2dcda4d2-4e56-4c41-a061-40098aa9ec43,2025-02-24,Delivered,1
8f40654c-5f0c-4915-b193-33552260a575,62e0e873-f695-442c-a6ca-4f2ece6ae5af,2025-06-19,Delayed,4
7a8e792e-c94f-4ee9-82bc-f94f1b135991,3d11ac54-651e-459b-9748-2117fd20375d,2026-04-06,Delivered,1
d54ab108-6f16-44d0-a604-04ab2153973a,440f3969-0320-4d40-9f76-d927443c2d5a,2025-08-15,Delivered,2
1ba83d85-5418-498f-b0fa-24264105c936,c8bda9f4-02d7-4d71-ab9e-3f01e192d70e,2025-06-27,Delayed,3
b304aa46-52a4-4d05-862d-84ee3b5221e4,8e73c29b-203d-486f-9fb4-ddd572054a5e,2025-02-23,Delayed,4
b7516b81-f04b-4768-9740-e9ce46c2ccb4,8b3b5540-1966-4e88-a987-9ed28d2fbef6,2025-03-29,Delivered,2
6267061c-b67c-49b6-8bef-4d9aebec86f2,c45afa44-1dc3-4961-bcbb-3de5e3731fe5,2025-03-18,Delivered,1
80480951-2dcb-4ffc-b282-6d36b782cf32,2ac67ed3-d2ff-4698-9242-24f78ff8ecf0,2025-09-20,Delayed,4
d501e53f-ccd7-4395-ae5d-a7f234b47799,39691fc2-7154-499c-9730-c6f08b83fb9d,2025-06-29,Delivered,2
c917f48b-e09d-42c3-820c-70787a6a6130,72010270-2e2f-4803-8fa8-52137673f2d6,2025-07-14,Delivered,2
9cd8f1fb-fc57-40ac-a549-a9b86c68b781,0842065e-fce4-4c3d-960d-5d184f49ee76,2025-05-28,Delivered,2
08bf6c29-015d-4c0f-b8f2-8c5dee33cfdb,fa8204dc-0b04-4de0-a9ca-3ae40106eecc,2025-04-13,Delivered,2
5c81cc6e-18d4-434c-bc03-a9cdcafe6be8,04b029bf-0b13-4d4e-9b56-2408e429869a,2026-02-04,Delivered,2
bbcd70dc-2b85-4d58-86c4-972c6320cf12,827e4ffb-bd63-4c02-a557-8689b4e951ad,2025-03-29,Delivered,2
723fc556-ccc6-48d7-9408-f04467294ea3,169518e1-8258-4d3e-82c1-f6564f685da2,2026-01-02,Delivered,1
520c2455-0612-45a9-86c5-05e53145e517,5cabf626-87df-450f-a0b1-65eecc45b338,2025-11-28,Delivered,1
48866416-7a9d-44e6-8fea-5a2b225cf43a,23f15514-9978-4c3b-bef9-6b74d0286e3d,2025-05-04,Delivered,1
56b22da0-f5f7-4726-900d-d095469baa7f,32c2e4dc-c9f2-4e78-b38d-5ac3d87b6259,2025-10-01,Delayed,3
0e17648b-1b27-4624-8454-5faf9235b961,9d2b2674-e5db-4f31-9154-48d565ffb9d6,2025-03-27,Delivered,1
249de128-9974-48c1-b4c2-3305b67d5da0,2c210fb6-282b-45ee-afdc-4e73361458a9,2025-10-14,Delivered,1
5722a8f5-938b-4751-b460-c82f3e0d4a7b,b68069c8-d6fb-453f-9d37-106be8acb2b3,2026-03-31,Delivered,2
a5e3d52e-8700-489a-9caf-28237b5aa971,96f4fca7-cec1-4102-9cdb-e362845b8479,2026-02-06,Delivered,1
35eb9900-d310-4e4d-a4cb-f566ba8f58a2,08791468-029f-4048-ad03-eb68d9874f8f,2025-06-02,Delivered,2
0cb2178c-2d0d-4b49-8acb-2601f1d8066b,f0d3869c-fcb4-4881-bed2-b3f0a8501945,2025-07-13,Delivered,1
762e4068-572b-44d9-ad5b-ea1edad2a1a6,0132964c-462a-40cd-8ef7-4a333791c239,2025-06-05,Delivered,1
b1ced97b-5d39-4623-9919-720f16a48e58,4c5a80b0-3b1e-49fc-bfb2-a0dd3d54b0a3,2025-08-25,Delivered,2
4318c33c-3568-43bc-9a6b-77bf9aaba731,75ab3852-b4e9-4a30-9e4c-b498ee83fc54,2025-04-17,Delivered,2
72c42927-4ece-4e8e-890e-40b2d10fde9a,ea4e3182-6db1-4f78-930f-c7a527809f6d,2025-12-21,Delivered,2
bbe5360f-361e-4b03-b334-9e7bd299180e,25667da7-98ab-4fd8-b892-5acf716e44cc,2025-03-30,Delivered,2
821c6efd-de5f-4aee-962f-4154c7182260,9bf864eb-acbc-4a84-8ea2-286a1dc02738,2026-04-06,Delivered,2
e4054d51-36cf-4cec-9109-c1cdcea055ee,06aa4907-ed54-4409-9cd8-4234368ef016,2025-03-30,Delivered,1
6c34cbbd-aac5-4d19-afd5-7712d4f055f4,74bbfd83-d3bd-4143-bf27-12008dc5f6ea,2025-04-11,Delivered,1
75797178-952e-425c-8525-703808588544,e806478c-4b35-4308-b200-5ff9ea224634,2025-07-04,Delivered,1
63884b31-a8b5-481a-8b42-77579910958b,4f493a3d-4c5a-4812-9662-285db2563f5e,2025-03-31,Delayed,2
94956e03-4092-4358-a5fa-3c716341be91,72e721bc-3ee3-4008-b508-14c4cc8afe9f,2025-02-19,Delivered,1
0b3ce09a-02d1-45a9-8882-e3edce3946ff,688d9d43-90af-46ef-919c-a51f60c6fff0,2026-04-06,Delayed,3
5ec518d8-03c6-4789-841c-12b73d7ab01e,e840641b-1bfb-4e2d-95a5-28e8a6426697,2026-02-25,Delayed,1
0d9cdb89-e534-40f5-8110-c4ec39339833,e7ba4273-b370-45b0-94af-775ba4fae821,2026-01-28,Delayed,4
64625ada-26f8-4dd8-b21a-7a828b7c3424,a5828767-9711-4c3d-bbab-752c56edf84f,2025-08-27,Delayed,3
6ddf88c8-30a4-4739-9917-76de92afff2a,404b0b95-f544-4ff2-824d-a481d4218320,2026-03-20,Delivered,2
805928a8-be0f-479d-8e9d-86e54318a26d,250a382b-c10d-4d71-89a0-5c451f8d5bab,2025-02-06,Delivered,2
28d40b51-6205-4bc1-977f-474ff6f796f6,971838b6-315a-4825-b77b-594075c98cc2,2025-05-07,Delivered,1
9ea3cc6d-e27b-42cf-a844-4273f99cfaeb,e4f0fc9a-9d76-48d1-9e55-f4fb5b39f458,2026-03-08,Delivered,2
23111a0b-d877-4b35-9a1c-032c223de2b8,993584ba-b5ed-447f-ac80-5f8dd3a7aac1,2026-01-20,Delivered,1
7309e166-3f12-452b-9585-c487e2a8c176,1a6882c9-d04a-4dd8-8ae0-663f95954e83,2025-05-07,Delayed,3
15e78747-be2c-4f0c-b69f-1e74d7c09a24,4478ea95-b8ea-43ad-adac-b1419ce5f261,2025-10-13,Delivered,1
2a583290-1c43-4c7b-8bba-5a4ce131592e,a634842e-a967-4f88-8df7-826a95adb4b5,2025-09-12,Delayed,3
67108f16-f398-4173-a076-5037db7719d1,66d3fe14-b46b-444e-b604-72e7b23b9d73,2025-11-25,Delivered,1
1da09740-9434-440c-9fb6-b5558cdd07a6,ce172f94-fa42-41f6-bcff-dd73ce6c4bed,2025-12-12,Delayed,4
c5437eb9-8ab0-46c2-a45e-8e134c41dbfc,d27ef099-a469-44b8-b4f6-3355bca79976,2025-08-09,Delivered,2
7a6ea84d-98a3-4bee-a197-ca1594182c2a,6430ae0e-4f79-461d-8407-fc98a8a3eb41,2025-11-04,Delayed,1
22947666-6e59-494d-aef5-8fcf1c719c65,7432e20a-7a5d-4902-8e82-b8833ea6b9a9,2026-01-08,Delivered,2
0dac3bf5-1cba-4f92-9943-03a9fa4e86c2,222ebb0d-7263-45c5-a8c9-c594cdbf06b1,2026-04-06,Delivered,1
63ac6c02-ba48-439b-9c90-fda42e92ebcf,bfd99f0d-d592-4e05-80d2-46eab1382496,2026-03-29,Delivered,2
2d573997-03f6-467a-813c-9bbff3f67362,415245bd-b50a-4c8f-aa24-18a8c5d8988c,2025-08-11,Delivered,2
f302250f-c648-4da9-ac88-6d18c463ee0e,66e8fa75-52b7-44e7-a6b2-f25cb02b4d1e,2025-04-05,Delayed,1
ec38c410-82bd-4386-aba8-02b6218d65ff,ee49deee-298d-4347-931b-0063c03fbe30,2025-03-13,Delayed,4
65faf1bb-6a49-492f-bee2-1d1e1e9de1a2,926acd21-d707-497a-b16a-53661d5d15f3,2026-03-27,Delayed,3
232a157b-18fe-4da2-a466-41adca361dac,53343d16-3da1-42bc-925f-0b7890666d17,2026-03-01,Delivered,2
8ec71c56-1585-404d-8a67-8cb01a4a9b29,35e0438e-3f61-43a0-876c-9bf8b0bc03ed,2025-03-25,Delayed,2
97da562c-2600-4a63-96d8-ecb336f610eb,5e02ecec-1d2e-4e4f-8c50-bd68ba094399,2025-08-01,Delivered,2
55c1d8f9-b8bd-4307-b99a-1cce514dd319,29f847b6-220d-4acb-9590-370d06c23c0a,2025-09-14,Delivered,1
a8146d41-9cf4-4e30-b77b-ac8ef6baa053,16e40a04-8079-4d1f-8db2-887eb6fc87ba,2026-01-13,Delayed,4
ecde9108-20ab-4c1a-bf42-f55d0cb1ad2b,943acc9a-2d88-42ab-95e8-1d1c47ade958,2026-03-18,Delivered,1
8a1e7611-7479-4d29-a276-3b5b94f8cef3,91df2821-b87f-4139-af33-224460bf47cb,2025-07-19,Delivered,2
0631d77a-eb85-4a77-b620-7b7f9ea608ef,dd05e48c-4e9d-4c6f-8061-1b5be264efb5,2025-07-21,Delayed,1
a431a029-4013-4197-8459-faedd994d12e,9bc0c0d2-9333-4195-9030-d78e5289b956,2026-02-15,Delivered,2
1cdc1a3d-8020-43f4-a6f3-29e5f6780947,82caee58-96a5-46f5-84a3-47d7ad755716,2025-11-04,Delivered,1
b0da7972-b9bb-470b-9e5e-886180df64fa,a51105a8-2a40-4b9c-a59b-aae9a80eb405,2025-01-22,Delivered,2
6fed8a9e-9284-4dd8-b03c-e0dd32ed36fe,5ee31325-51d3-45f8-99a3-922c8198892a,2025-11-18,Delivered,2
af830c1a-0fe2-466f-9fcc-304e0b53b102,3f0d7381-508b-41a3-8327-327faa1d8f1a,2026-03-26,Delayed,2
3b6f482e-a529-479a-b694-747453c9f6ba,47bcc392-00e1-420c-8a4b-c4f745a45955,2025-04-19,Delayed,4
5ff0576a-dbc4-46ba-a8ae-85beb3d9aa87,e86a4e35-4efd-4152-b850-3651c309b11a,2026-03-10,Delivered,1
72f727df-52a7-497d-affa-13520ab67eb2,c00492b6-914a-462c-b54e-42afc633fb82,2026-04-02,Delayed,2
78e26073-9f94-4d4a-ac0c-7b570635a08d,dd4dc3b1-4b79-44e8-90fd-76024b139b19,2025-02-05,Delivered,1
cfcf1932-08ce-4cde-8d59-3c7c2649e7cd,7a6f2aa9-c4ae-4c44-98a3-4946be0410f5,2025-06-18,Delivered,2
4c32846c-aad3-4463-a565-6f8d7073c4d4,1ac8783b-6cc1-481b-9c6e-1c8429a4a6f1,2026-02-25,Delivered,2
c7c5b782-0976-4c43-af3b-dc1b1ffc24ef,b8371905-bb1f-439e-b14a-7c377f819ad2,2025-12-11,Delivered,2
e9d896cb-5098-4347-b87a-cc2c41fde9c1,2ee8ba89-5710-48a5-924c-8f6137acbc91,2026-04-25,Delivered,2
71b90388-59ab-451a-a5c7-93e9f3a4535f,b96f0c51-e80b-4993-b613-bfafd9a3c2cf,2025-04-14,Delivered,1
b4a5658d-5d76-41db-a056-fc0dbbf51e6e,4b6e9fc3-97b7-410e-988f-d37d0b72edfa,2025-10-01,Delivered,2
df5dcd05-f71f-4af0-b8f6-8820488afa43,7089837a-7137-4c16-8332-659661e0add5,2025-05-23,Delivered,2
cdbdcaea-267b-45f3-af48-e02f49e7f860,c003c766-a4e8-413a-a1a2-3f17c05adf3e,2025-06-11,Delivered,2
f46695f8-d800-463f-891e-b68ac192d139,c2157fd5-23d9-48fe-8f58-9e64fdc4b435,2025-10-16,Delivered,1
00e0707e-656b-4807-aab6-0473066402e4,dcc0831c-9f1c-4cc4-9dbe-2aa8045710d1,2025-04-21,Delayed,2
1939ed92-a9e5-4bd3-aa64-a959c5bb4f79,fa6b6a34-28a1-4421-aeb3-26ef9e4118a5,2025-11-25,Delivered,2
5a06954c-582c-4b78-9923-e25b1c18dfbf,053cefed-bf80-41ba-8591-5bce0427bfd3,2025-07-16,Delivered,2
de8ac421-3917-4d9b-8728-6e4054da8615,f95300dc-48e8-4f84-ac04-6e20ae9871ed,2025-02-26,Delivered,1
e0157ff5-f128-4615-bbe5-3cc15e5c4921,06127c2d-bbc7-426c-b4de-ecc429becd05,2025-03-17,Delivered,1
6d6ef312-cfbe-48f0-9283-6249e1ec20f8,fd155d01-307a-4958-a091-9b64b41429e2,2025-09-30,Delivered,1
2affc6fb-2aed-45f9-a0bc-af83dac611b9,dcbb2074-b04d-446f-b596-68e4d8efefef,2025-04-14,Delivered,1
80150f9e-d54b-4966-b815-805c491a3e7e,64b442c1-e2b4-4372-8421-e524e10a8ae2,2025-06-15,Delivered,2
31bad608-e6f1-42f0-b40a-7b4851984e01,d3cd085e-e89e-42c9-91e1-c5c45fd72c61,2026-03-14,Delivered,2
859cf09b-b5cd-427e-8dd2-56be2beadb51,b49e6ef2-f001-410d-9134-c94577c96687,2025-01-31,Delivered,1
d714ee30-4cc3-4717-be07-3e57201aac79,45f55a40-c93a-4aff-886e-0506f5ca144d,2025-07-17,Delivered,1
f2a42d24-846e-42e4-9d61-e6573252e1da,89a5bdf3-7520-4469-8ca0-41838c2345ea,2025-11-02,Delivered,2
f97ba9c4-9f87-4f95-bab9-13537956dd12,38f4c97c-f885-4193-9c14-8d80002e00b7,2025-10-26,Delayed,4
e067a6b1-b99f-405f-a640-477a0688e1ce,6f4330d4-00fb-4b79-be5a-53aafaeb1890,2025-11-28,Delivered,1
b631e0d6-f421-4b07-8b0d-0fd52bd36e36,85e076e6-4465-43f5-8e41-3c5839c00888,2025-06-01,Delivered,2
c4c5fc70-876f-49fe-9a63-2487140f4159,924f1c20-9e46-40fa-b389-1cd0eb4ffdf8,2025-11-24,Delayed,3
2f0bd524-6f0d-44df-92f1-95f0ef0725b1,d39c47f4-cdb0-4aac-9517-074d401630b4,2025-03-12,Delivered,1
2d255a55-e85a-4187-9e29-e85859124c78,772d2894-ab85-43f4-9d44-079b202bd6b3,2026-03-19,Delayed,4
ef21b19d-8538-45ad-946a-c06cbdf4f484,5b3fdc2f-f5f0-4a86-9670-fcd267e46a16,2025-11-03,Delivered,1
e345c807-fbcd-4104-bffd-ae49d8fbd38e,4bcc0b2b-fc93-4233-9635-e25a4a234495,2025-12-20,Delivered,2
da2c3d50-1cb7-4130-a337-70d778442a3f,a331aac4-f8a5-4f44-b9e1-1e171a16e24c,2025-10-16,Delivered,2
e1af2e78-7640-423b-8550-8bbf14f30325,02fcce55-80cd-4d96-afa5-bd8b8f749e9e,2026-02-22,Delayed,1
cbd98899-47a3-40d6-8d11-d1a47ca2e867,acce167d-a872-476a-9148-2f31e9aed714,2025-09-01,Delivered,2
d2e8f94e-b0bc-4e5b-a4e8-a3492403f947,ff5b90ad-a9c4-4da9-be8e-ae4f54181eb3,2026-01-22,Delivered,1
9ccb81c1-5e16-4e66-a325-17fc30ee6744,cc594e79-3aff-4955-8a66-ca0cb4d0cc75,2025-12-29,Delayed,2
bb17c610-c211-42d5-843c-279646fab4f4,7d08d91c-35bf-46a7-97cf-e1c43b5f99c7,2025-10-06,Delivered,1
7a86d180-8f3c-4300-872d-ff64b0a5d73c,43bf66b2-3854-4956-a056-8c81c0bad0a4,2026-01-30,Delivered,2
ff9cbb3f-52f2-4e65-be00-b205eeda2317,002ee6ab-7b41-4dba-92e6-e4ffc2c2a8eb,2026-01-02,Delivered,2
f335f408-6103-4ec3-bfa9-716bd3245e6b,2ed57ef1-28f3-43e4-9996-741052af9c0b,2025-06-11,Delayed,4
2f0598dc-154c-4ccc-b92c-0c36638c009e,e98ddc0c-f049-4eb3-a797-bdeca3805e6b,2026-01-04,Delivered,2
f583b9a4-577e-4363-8580-768770bc4cdd,193a3f70-be5e-4ddd-81b9-e4f5688c67b2,2025-12-17,Delivered,1
8e6fe9de-edb1-46e9-a251-7742e37bd68a,825a47df-cefb-4872-98c6-c17164da71d8,2026-02-03,Delivered,1
f659ac59-40ec-43f0-9405-f13e75fa63ca,8dcc6fd1-e64c-4d27-b6fb-7c7a37f0fde7,2025-08-21,Delivered,2
73c39a69-2ed1-4469-bb0f-05391ba92a0a,10c1612b-13fd-44d9-a102-d6a32b6cfcdf,2026-02-07,Delayed,3
ffe474ee-14a7-4071-ba3d-796108d2f2bc,ba342290-813a-418a-903b-1ca2c869a6e6,2025-01-16,Delivered,2
4adb46c7-7b51-414d-9cfe-854b26b80b57,4cc1cf44-2c54-4f78-8dd4-fca60ace008d,2026-03-20,Delayed,1
58895e49-38ef-4ed6-8f74-0b3636383589,d359e30b-a08f-4215-bdce-76acf2519c6d,2025-07-06,Delivered,1
b56b1a53-977c-48c1-b2ca-dbc295b4aa65,acad1fdc-3edd-4e9f-8f7e-ec661c200458,2025-02-17,Delivered,2
4da55262-0e6c-4a19-8ffc-1a9785e6d69b,bf6b4503-7f14-4f18-b7a1-a3aadb038a18,2025-05-21,Delivered,1
0824a780-b4eb-427e-a3b1-44d69bea3581,a847b4f1-73ca-495e-8fde-41f05bb36a4d,2025-11-16,Delivered,1
d1fea543-844f-4575-9cf9-e14493b95cce,61921e2f-04c1-46c5-96cb-67844ff28ae0,2025-08-18,Delivered,2
c469db3a-00d8-4ceb-93cc-f86de9e8519d,f81ab188-21de-4d92-b631-2deac618017e,2026-02-11,Delayed,3
93f4c28d-d852-4199-9660-36a2e2981791,83bc8250-228a-4e54-b659-d6d49f44580b,2025-11-03,Delivered,2
437d1358-47ea-498a-8473-c8cf87865838,11d331e0-2270-46bd-a4d0-4a4ef3b750a2,2025-12-09,Delivered,2
c7553cc9-c322-4f97-a45e-9e56f8dfd3a4,8b1ec212-75a3-43a7-8af5-e72244f745a9,2025-05-29,Delivered,2
c91cd155-4665-48a0-a76a-35910be7107a,dab235fd-ff17-4799-ae92-95a40ac37985,2025-05-02,Delivered,2
48cc1b6b-7262-420b-a681-ccd251f0c1c2,8650e388-d342-4cdf-a4a5-8f4d19d2ac35,2025-11-24,Delivered,2
b1c12b8c-73c8-47ad-b9f3-b8bc63cbc394,35c9a4a8-a541-43b1-9b1c-263abdfe6855,2025-05-25,Delivered,1
90776062-d636-4d8b-85e4-96b6d9ffbc01,22978af3-ffd7-4235-bf35-a2c8644c376d,2025-07-15,Delivered,2
16f98f43-9f77-4573-8588-1ccc63aff4c5,61f1ef09-11ba-49c1-8b7d-45ff0fc11dce,2025-05-12,Delivered,1
65c7f7b7-9d2d-44ca-a0a3-19ff73426ca6,a89496e1-3a51-420a-ace8-4430c772740e,2026-03-20,Delivered,1
8cd432d3-5ba0-474d-bbd5-503414903d13,d2ede4f4-9328-420a-9ea0-fbced5ef614a,2026-03-22,Delayed,2
63ce623d-d991-4bcd-b04f-a787bdc8df80,0a6c707a-698f-4ed8-aa1d-992eeeb97099,2025-05-09,Delivered,1
23fac32f-26b2-46cd-bfbf-11114a205870,4c657072-9272-42d7-bf29-df1057bdf2ab,2026-03-30,Delivered,2
f793f48c-4aef-4580-ae79-9bba1b47fe2f,c1ff2a23-1124-4031-b1a0-b2aac74d6634,2025-09-16,Delivered,1
8808616a-868c-43d6-8364-464ce0cc82d0,71162672-5c75-44bc-b18d-1f95e6a057ca,2025-11-05,Delivered,1
a6480579-7260-43bb-aece-e77015df36d5,1c0cd0ea-d498-4bef-918d-c0dce9b1ccce,2025-11-13,Delayed,2
18ec8639-209e-4754-a825-7b6dd4120216,f2218819-c95d-4729-87e7-6ab388ba7be0,2025-04-30,Delivered,1
6d1c4f0c-b336-4b20-b2a4-136c8eadfe32,1239bba3-a912-411b-b7bf-cebb02da3a6a,2025-04-21,Delayed,2
5477f0b0-af19-44fd-94ac-f2a1b252c084,cb747ca0-da22-4e58-a527-f061f6bd2703,2025-04-14,Delivered,2
242c33fe-4874-402d-85be-eef3a87672e3,7c6d9511-95e4-4401-8312-ef6d7df35345,2026-02-19,Delivered,1
1a817909-bd61-43d6-a416-d8563eac2695,f9a2406d-d5ab-4eb0-bc78-975ef0c17144,2026-03-23,Delivered,2
28704082-dae5-402d-aff1-545cbd80421b,bb4928be-c3b6-423e-a5eb-f94c9b85fa98,2026-02-13,Delivered,1
66b70788-7374-44ad-b832-3fc651c483e8,35845793-127f-49f2-80d2-c3454d0f4a6d,2025-06-08,Delivered,2
25b59a19-562f-42c5-91cc-f01e497882ce,5f5c58e2-ee25-4686-96fe-ff509bcda90e,2025-05-15,Delivered,1
c43d7758-2ba6-48de-a123-a427b1019a42,9305783d-315e-4b37-bd4c-2dfa8e42397b,2025-09-20,Delivered,2
e726a631-b18b-4eed-ae1f-629c239a02b3,d7cf1ca6-ceee-4ec6-a8eb-e353c80e515f,2025-05-08,Delivered,2
c8730185-32b4-4cdc-8bf2-bc64cc2a38ad,5e7e643e-383a-4819-84a8-23ceaeda6864,2025-06-22,Delivered,1
c68339fd-eb61-48a4-a54a-f967e8b0cca0,8e47b7be-6f8e-4b2c-a398-76a8bfb07c8f,2025-03-21,Delivered,1
e59c345f-4747-42b2-a9e4-a4317129dde7,86702aa8-89f8-4ce3-893b-49c0952c85af,2025-07-11,Delivered,2
dca2961a-3dac-42f7-b9ca-ba5a3032d532,32cb643e-8289-47d2-8df0-97c5e1be97f5,2025-06-24,Delivered,2
cbad89a1-de11-4f91-9002-d1ad741b900d,842382c1-f473-4ac6-848d-5c906c68f8b4,2026-03-20,Delivered,2
f9c0051e-c8f4-4255-a930-009d7ca60c57,22c1dc42-6bbc-40e2-8cdd-ea03a1dc43f0,2025-04-22,Delivered,2
71eb94d2-d240-410b-b84b-d10e08028272,761aab55-c8ff-495a-a876-113c2cf19ead,2025-08-14,Delivered,1
6b987d0f-2b86-4a2e-b450-acd050d053c9,f0c52920-45d7-4081-9c5a-3342495225e5,2026-04-11,Delivered,2
a74592cb-9865-4d51-8fb4-eecc355518ad,63c0728f-f47f-450e-a6b9-b031bc02bb0e,2025-11-21,Delivered,1
15404736-95a0-423c-b6fd-401fe4b60f03,6cd6f40a-70b6-4afa-bdc1-b9ba4a3931cd,2025-08-23,Delivered,2
7d76277a-939c-4290-8912-5e906b341f6f,8f95c381-98e6-42df-a447-0ca24a6ed48e,2025-07-24,Delivered,1
6301fde9-235f-4779-b02e-a2c37b25ddbd,e1bbb647-3f64-4bb1-92d1-770890e6d45b,2025-12-05,Delayed,3
bb3bb65b-1270-47e5-b630-3672a9ded60f,e307a2d1-db98-45b4-bf50-25b921d4e243,2026-02-25,Delivered,1
b5a582a4-6ffd-47ce-97b5-03d9c68ebce2,481d3158-bc50-4cb2-a924-156a8247003f,2025-08-03,Delivered,2
e4b50d15-8626-46ce-906a-eb0ffee2f4c3,0d194108-a618-4347-b9d4-e825db4204af,2026-02-08,Delivered,1
b74e7c93-c751-4ad6-b139-2abb706e07fe,505972e3-2756-4771-95f1-33290a42259e,2025-12-31,Delivered,1
ef4952d4-823f-41fb-9d9b-23c3f6701550,a2294cc2-8985-4ea4-b12c-ee9fd8b79360,2025-09-26,Delivered,1
607e2123-65fd-40bd-baf6-39962807839c,fa149aed-c710-4b96-9765-0a81a8abf484,2026-04-14,Delayed,4
60a92d00-b40b-45a1-a6f7-1fa40ec5b2f2,81108efd-b86a-49a4-8687-5866ecba6d17,2026-02-22,Delayed,1
2db87f77-7922-4f4d-9608-a73cc31a08d6,84075565-a568-49cc-92d7-0cecee7181f6,2025-09-14,Delivered,2
31a3fb74-3177-47e4-b3b8-5392fb43dce0,aa37790c-1f49-4445-9a64-003defa17a9b,2025-01-19,Delivered,1
d850f88b-14a6-4e03-8438-e87b92b345f1,999a9e7f-5949-4d71-b4d5-6b97488d8e73,2025-03-21,Delivered,2
bf8a2dda-5532-47eb-a2cc-4eccc13f1631,3127bd31-2eae-4b0c-af84-2e1fe98d5837,2025-08-12,Delayed,1
c8542036-8a59-4b10-be4e-24db7281ed40,5a352146-7391-4428-8ac2-086c68b13e6c,2025-07-07,Delivered,1
4389c1b5-fdf8-4a41-ad67-60a17f32f738,f58832b5-c15c-4eb0-8c31-eb6b50d722a1,2026-02-23,Delivered,1
eaab9ff6-1958-47b9-acb4-33624b8a04df,65c4891b-9227-4b83-ae9c-7cedcf4b9f4b,2025-02-19,Delivered,1
a5fa1186-9809-4a27-8dfa-05c0e6006d22,ecfc9b5a-7f8d-4fbb-b93e-037d44b85664,2026-01-16,Delivered,1
2313fa70-c324-4f3a-a09c-09a2c263775d,4084beed-a381-4727-8ac6-be82e649da54,2026-02-09,Delivered,2
7a12eba2-4657-447f-a9a2-753707bc1708,d3f55807-ed19-40ca-871b-279c67deaca1,2025-09-19,Delivered,2
4dc6614a-9c3f-4dc8-8a20-0f04a5ddbf12,ba36e3d0-97ce-4ee0-b575-ba4cfcc2a5b0,2025-03-07,Delayed,4
9b13ff4b-dbd3-4ef6-b063-199372c26b29,005f6983-f7bd-46be-bf86-ae6603934871,2025-02-23,Delivered,1
b567e45a-5594-487a-b0b4-d892a474211f,fc039e08-0fe0-4e6b-bcbb-3c79238741a6,2026-02-17,Delivered,2
513cd2a8-a1d8-424f-b0ee-ee618ec24e8e,413a6d26-5968-4626-a0d7-53558bb0cde3,2025-02-11,Delivered,2
e6f19687-693c-4eee-b633-db31baa3b727,2f306c96-897f-414b-8e2e-bee1fd56ba0b,2025-08-15,Delivered,1
0241b6d6-d831-4b1f-88b6-d0a5357cadb7,db34394b-30a4-42aa-8489-24ade789cd08,2025-11-27,Delivered,1
48a961f4-1ddb-46fa-bc7f-5870dbbf1d29,314a232b-a73d-4c57-b785-ed57c3083c9a,2025-04-01,Delayed,3
9a11cb3a-bcb5-40d8-b521-d971c98aeac4,c00a648e-aa1f-43b9-8564-e57e704c7224,2025-10-10,Delivered,1
7f54486a-21e0-44ab-a057-567fcb633a1d,8e63ada3-bec5-4623-8157-789168f4dfc5,2025-11-17,Delivered,2
541ba8b4-3b84-424e-9819-8b93d73ec778,f5995c72-37ca-4802-b1cc-68e20fd48535,2025-06-10,Delivered,1
ae128584-f1e7-4018-9878-b5f278a0df15,c23433f1-94cf-4c22-8583-d5f5f4789d53,2026-03-10,Delivered,1
b69b64d8-4b4a-404e-a37f-fec811e1fc4c,891b2a9c-f769-46a8-996b-cdaa0c87b6ed,2026-03-22,Delivered,2
177d587f-7655-4b0d-a90f-6c4cc7f4dc7c,d8aa9a89-36b0-4500-bb9e-bf792011070f,2026-02-05,Delayed,4
c04a15c2-3739-4dfe-bade-3492c6c1e3b3,d444b17e-a075-486c-961b-c2c675ee17cb,2025-04-16,Delivered,1
dc11ad6d-4875-453e-9841-59852086ae04,c18963db-5804-47b1-9891-c926a0ac9043,2026-02-04,Delayed,3
f47458a9-8d3e-4ddc-998b-5d5685494790,afae8a75-8d80-48e6-b413-81751a3c9be1,2026-03-10,Delivered,1
60dfd413-aa6b-4486-aa87-68a5b306e586,9b4352c1-9282-482d-b9d4-1d2b6c42005b,2025-02-20,Delivered,1
a00968de-cf6d-49e1-81d8-17c3b92374e9,5c5a3c7d-e52b-41a4-b714-775ed75235e5,2025-07-01,Delivered,2
e4bd6f0f-26a8-417d-871f-45612bd5bcae,213d945c-c4ab-434b-a15c-96192d06e8da,2025-07-31,Delivered,1
2c852eea-bfb7-4f17-b502-243f4f792b23,28006776-3677-40f5-be99-1704e0a1f15d,2025-08-18,Delivered,2
45394918-37d3-45f2-bde6-39f7f777174a,1a2a1d74-6c89-4b11-8c03-88461c3a7b8f,2025-07-05,Delivered,1
7f6acda7-5be2-4e6f-b0b0-ddef70534bd7,0763c84c-5475-4a25-b060-ad3841f3b81c,2025-07-31,Delivered,1
29171af3-ecc0-4b4c-a215-8fabd7c16b17,f07cbbb2-7ecc-4a0d-89f8-84c55df07ed7,2026-01-23,Delivered,2
8c872723-5123-4e3f-bea1-dd25df09a865,0c117a98-e514-49ed-a893-15ce7ef69d76,2025-04-24,Delivered,1
9b0b4151-c2ac-4d82-86f7-4190cfee259b,0521eb87-942b-47b2-92e5-46471cd28fbc,2025-06-17,Delivered,2
792bad55-44f0-4778-beae-f28e93197a55,4a88db1c-19ff-43d8-b662-4f47d0c61764,2026-02-17,Delayed,1
fa45654e-7274-4744-93e6-e512b8ebce75,9965a469-b3ac-4bb1-8aba-0a2604b409b9,2025-12-03,Delayed,4
c4939965-529b-43de-aa6c-c77bd0477c6a,53f65a17-0ebe-47e4-862d-65caa12663a7,2025-05-31,Delivered,2
75fbe6eb-27a4-4d4b-bb1a-4d246ccd56bf,694c4641-a599-473c-8532-d619e84c1b12,2025-09-12,Delivered,2
2bedc6de-cb82-4e73-b58e-7abadfd79c44,9dc8ed41-5456-4005-92aa-fa6d36e1344d,2025-11-10,Delivered,1
deecb197-0132-4667-8c8a-c395c7ed3cc0,563f0965-b746-4578-90e0-670d72b04305,2025-02-21,Delayed,4
94e350ee-1454-48dc-9ad1-bc9887e1a385,e5cf757e-68da-4985-872e-6d8016572fdd,2025-02-14,Delivered,1
4c7dc60b-c095-4aea-b8b2-6ee8b52d2142,a19d7664-7c5b-4a42-b95c-8cad55f3a133,2025-03-16,Delivered,2
8bb3255c-fa8f-4018-b042-6ae403b43693,397d6f39-4216-4622-a53a-b6e86636ab31,2025-12-25,Delivered,1
67a71b9b-e609-47e1-91d9-fb8af68aa643,646abad8-4e0f-48b9-8cbe-c04e0337f818,2025-09-25,Delivered,1
7d69f58f-8e0c-4086-918a-8867ba1df7cd,4e2d4572-d23c-43a0-ac7d-04f6be56d46f,2025-04-14,Delayed,3
a8b70816-5e84-4e70-87b9-97fca76168ab,e5523830-8457-4081-99be-97af0d375dd2,2026-03-31,Delayed,2
11338270-f9cd-4154-aabc-de2f4c0aeb5f,651b78ec-bbcf-430c-a7f9-b2afbb5d674c,2025-03-30,Delayed,1
6a10582b-192f-447e-8757-abc39fdaba68,1a07c19a-0936-4065-a9ce-81e7853571fd,2025-02-02,Delivered,2
9412b586-1373-46b1-81b7-f1adcdf11943,57c3d70c-4072-4f3a-ad21-5d0df33d5481,2025-05-22,Delivered,1
016f10e0-602d-4c06-9cb8-1cf0bbd7e3f1,fdcd46e2-a9b9-49ed-b144-ce6cf64da72e,2025-08-03,Delivered,1
d5507d0b-dd41-438a-8e8b-880cfeb0f6c0,b7f0529d-c866-45a0-9885-1077eff47e7e,2025-09-22,Delivered,1
fa72591f-9153-4fc2-b925-e827e58ebc15,e423514d-f969-4cd1-877a-0714a087b7a0,2026-01-19,Delivered,2
35fe876b-3484-4b4d-82ea-ed137c91bad7,8cf2d2c5-62bb-4187-a46f-39aa7c4c09b3,2025-10-02,Delivered,2
019d1f0d-30cf-42e8-aca5-4c2563609484,80fe1ab2-3e5e-4ca1-aa90-4553f36ddc22,2025-06-19,Delivered,2
8494fd05-4738-466f-aca2-f90fdf6cdf45,830730a0-ecbd-4605-aff2-08515b9c2d0d,2025-03-09,Delivered,2
3b5f2a10-48d7-494f-8113-cb0b36ca46f9,c0d81110-5694-47d1-9b31-4d082c7a28d9,2025-02-18,Delivered,1
c32454cd-60ac-4917-aada-d502d88f4960,332b383d-c850-4bb4-a1f4-56af45abbd72,2025-08-15,Delivered,1
33038c91-dc61-494f-8e3d-5202c9416ab5,6fd14d74-e430-448f-a3d0-2607d15b20d5,2025-08-02,Delivered,1
2c184800-27b5-4b1d-8a77-abed7998fd8c,8c563da6-2ccf-498e-8c97-cfd1c7aa7903,2026-03-21,Delivered,2
992e6e47-0874-424c-a3bf-3ad87d549891,9df78753-a643-4f8a-ba18-14cec19f716a,2026-02-10,Delivered,1
8a0b91cd-acb9-484d-9c90-186af2fc307c,412cfcdf-a37e-483d-848c-a306f0b6c904,2026-01-11,Delayed,2
ed86b723-c012-49d7-b6bb-13257cedd6b6,a01da83b-9891-4017-bfa2-bdafc7273217,2025-12-01,Delivered,1
9b2ed4e9-cbf1-4a37-a8ba-3edcee7c5649,dd87d251-d148-4038-a4e3-77fbe10f781e,2025-06-04,Delivered,2
fedf2c48-c8e7-46b9-8039-4792684b1fcb,5f0921fa-0655-4c04-b03c-121e21cdc533,2025-05-12,Delivered,2
e1b39e37-8633-4fb0-af76-d2aff0b687d1,0c87574c-b315-4630-ac77-3c27e1ca8d99,2025-12-24,Delivered,1
87d9aa7c-a63c-4f84-90c3-af5e651584bc,fdee85f3-2b4c-4279-a897-2810a246dc29,2025-12-01,Delivered,1
2e8efca7-15ab-45f9-9d40-026ff3ea6950,eb46cf9b-6751-4b0b-ad2f-29373d7646c7,2025-05-08,Delivered,1
66d212b1-f743-4e65-9037-721f9916e45f,ac1de385-17e6-4578-a86f-b82a4c9d3fd7,2025-12-09,Delayed,3
be41d1f5-add3-485c-a82d-deb075c17418,9fff6aa4-4435-44ff-85c7-bb462e6c389c,2025-10-21,Delayed,4
7f1820f7-208f-43fc-b121-aedf9a391456,edd0b6db-c1ab-49d1-ba27-ab2fb4687009,2025-10-22,Delivered,2
8bbbaa77-bf05-47bf-b3ca-920077c3169b,c6e4b4c5-0734-404a-9cf6-717dff80094f,2026-03-27,Delivered,2
47ec5566-7f1b-4dec-862b-e393e72d43a2,c44681b7-84ed-40c9-9106-64ab1777ae8f,2025-08-07,Delivered,2
f0728610-ae93-4913-9178-20d83d604418,ba45ef33-fb81-4c82-8972-6737b44deffd,2025-12-26,Delivered,2
88c98b37-b713-4b2a-9f23-a41d8906d3c7,7dc9ba66-5bf0-40a1-a231-aa5993d40fdc,2025-04-25,Delivered,1
555c1b31-1216-416e-8ab1-bddb37bd28ba,1e382b07-0c46-400a-88ec-9071a2dbdeaa,2026-02-22,Delivered,2
8bc3dd8f-ba44-4e7d-9475-c76c64a65d55,b46d5324-b33c-40bf-aad9-b91015fc85b6,2025-09-27,Delivered,2
58953c20-4769-415a-b34b-9f1ae171ef5a,aafa3953-c9f1-4d92-b98a-2c726f29486b,2025-07-27,Delivered,2
03114402-4c86-4564-9113-7a05c6e0093b,a6e308da-29ab-407f-a8de-680d65c449e2,2026-03-27,Delivered,2
daa2200c-fd36-44bb-98bb-500c628255b5,3c9bf826-770d-4217-ba9e-53117ca0dfe6,2026-03-25,Delivered,2
60304a5e-ea3a-4d81-a0c4-2828b96ca3e1,b94c6f66-5c12-4e6e-bcbf-0f7f708146c2,2025-12-07,Delivered,2
df81db95-3ea6-4c19-9165-3c7e0ed7e55d,7dc4ac4a-8262-4034-b727-316dc04c709e,2025-11-18,Delayed,3
ee170b5a-ac4b-4ac8-ac20-8b3d93f71e61,a78f7a7e-1b4f-49ee-a2b3-da50fc4f3bec,2025-06-16,Delayed,3
a69b0c70-f02a-4ac8-8b2b-d25e6a5f8148,b38f7812-e738-4337-88b9-f12e0e2ea503,2025-11-24,Delivered,2
56ac654e-486a-4cd4-a910-9482b61e723d,1f6e8b56-3cfb-40c9-8380-c77aa87cf62c,2025-06-25,Delivered,2
f7d4e2ca-af4d-4229-9d02-efd3f02343f9,a8c1b752-9305-46fb-a118-746ff9dc88c3,2026-03-06,Delivered,2
9859e8d0-09d4-42e9-9668-b53fbf327ec7,32c61acb-5ef8-4020-97fd-65f3fc41cb5e,2026-04-19,Delivered,2
3b781a97-afd8-45f7-a1da-21318d718fc2,e5a7af3c-1c2e-427c-a0a8-1aff60beb9b8,2025-04-28,Delivered,1
7b88ae5f-44c0-4458-a3e3-b4d4330b04a8,eb650b03-14bc-4bf8-903d-12500319846c,2025-05-09,Delivered,1
bf6915fe-ee38-48ae-98bd-704331df71b0,e445961a-62c4-40ff-b7d6-202a25db7e65,2026-01-03,Delivered,2
0b79b5b3-b182-40e7-9c56-c4e3ac4d932d,6890c837-4978-4736-9923-8b2a2cee741d,2025-12-12,Delivered,2
09fd6a83-7ab0-486f-8646-71a15d6d4dee,9c2f9d4a-d75a-4d95-aa53-7a0729ae2464,2025-10-13,Delivered,2
bbfa485a-4536-4917-8e73-500171a13ca8,6aa66fe3-f75c-4af4-8fc2-387b29d8a256,2026-02-23,Delivered,2
87a445e2-4ac2-4c37-b5fc-b5fb7d47129b,6c4c2c7d-59fe-415b-99c0-177642435489,2026-03-05,Delivered,2
e1d08073-3397-4eb7-b30b-a94aa219b075,8695c027-dffb-4aae-bbd8-a9499eac0185,2025-05-01,Delivered,2
22cfbae0-1d11-4dc1-9c5e-586fe99cdc23,82ff979c-340a-4e8d-be70-da04ade31a1d,2026-01-11,Delivered,1
d2463000-e75f-4ff5-b0cd-e414cec4fd8b,a5f92ded-7f07-456a-90ac-5111ae534d7d,2026-03-14,Delivered,2
bd25dd94-293c-41f2-944c-f450be877524,3dfcb21f-e9e8-4a32-ac63-00e1ada525e9,2026-03-16,Delivered,1
8553a031-9f85-40d8-a664-35349ee53ef9,ac607a53-c4af-47a3-bc69-ce5b22b2d115,2026-03-07,Delivered,1
7629e988-979a-4253-8550-8903a5ebea3e,bd468f9f-6c64-4f10-9dcb-60797ca8f34c,2026-02-07,Delivered,1
52003ee0-d021-4d29-a04e-c69bf09276e7,e2920ed1-8958-43dd-ae47-54b67b9d9257,2025-06-15,Delivered,1
6b62dee0-4518-460c-8014-e0b94b07de8f,0fb00a13-3891-45a6-be66-51e6c0f745c8,2025-04-15,Delivered,2
5264f59f-3293-4cee-8fb9-1e9917bf462d,f8b9e38d-edca-41fd-93ca-da0c327e2bfb,2025-11-22,Delivered,1
338c1bab-9632-42f2-8534-fb9fb5ceb30f,a665bfb4-d08a-4669-8c3e-9f1299293a52,2026-04-05,Delivered,2
1c0ae7f3-a1c5-49b4-a9e4-f8901aa80f63,fb34d260-499b-4e08-a671-b823d7cab34c,2025-07-23,Delayed,2
8036d639-4b96-4427-a0f9-dc9e9765deb0,e5c70db5-b267-4599-84d2-8fd50374f2b5,2025-10-22,Delivered,1
5edaafe3-0182-4d81-bc43-b846eef04065,deea556e-a67b-47ab-ab5b-fa0767d2719e,2025-04-10,Delivered,1
d1bd8090-cd1e-4ed4-b34d-6be8dda2b477,190883f9-ce6a-4edf-b356-7350d51f3bcb,2025-06-28,Delivered,2
2dc4f37c-50f8-4005-9bf3-7962caf53193,3c605c0b-128b-43a4-a25f-7d39b6620a57,2025-04-26,Delayed,2
1812acaa-3da9-4fa7-aeff-59bafaa40dc2,e415ea10-b5ba-4e50-b23a-a7e2b125a35f,2025-02-06,Delayed,3
b9303e3a-9d7d-4494-8502-c567b7a8e0e1,e1578cc9-3d8b-44c2-8560-9f223ac0f048,2025-03-20,Delivered,2
2b14612d-2c1a-4502-9611-ac2abf4af6e9,794d1f1f-3d77-4616-baca-a213b40c4090,2025-09-06,Delivered,2
42475242-5638-4fe9-a0a2-9bb555790383,3883e888-751c-447a-b0fc-75be7c60f6f6,2026-02-12,Delivered,2
fd31436f-a835-44d7-a1cb-d3076bb48a8b,91845d24-298d-4bbe-bbf9-0368ca368728,2025-11-26,Delayed,4
6be0563b-d1e3-4384-bf88-6c1c9e5c79c0,98b8b4d3-5655-446e-bba5-460490c51e83,2025-11-06,Delivered,2
293c7130-2455-4c96-bc53-aa1510ca76fa,c1ba92f0-2adc-4257-995e-b69d472e4ac1,2025-02-25,Delivered,2
7e78e898-23e3-4aa5-a33b-6f00972dfc59,153be476-1714-4781-b8b6-bea964b979d7,2025-07-04,Delayed,2
223ad759-96aa-455f-aca0-044449cb4e7f,2027f171-0f7f-4db7-97e7-7f5069603a0d,2026-03-16,Delivered,2
228f71e7-0fee-49cb-ad22-2bbe8548d476,1bc461f6-2d80-4e65-b8ce-a1cb5339ada5,2025-07-06,Delivered,1
65ab4f3c-c595-4d2f-b59f-2ef2c52c2361,a8c2d5ac-f2ee-41aa-a487-47648ec3fda3,2026-03-11,Delivered,2
1cdecd0d-9cfa-4393-9098-ba889d0ac695,bc5a80bf-f85b-43b8-b6b3-92696858b52a,2026-03-28,Delayed,2
b9c88bfe-04a3-44d4-b0d7-aec80c327c62,8ff4e043-9798-4e0a-a786-55ecc1c5b073,2025-08-30,Delivered,2
a283dc6e-1100-4bec-aab3-b9da3a0fc125,1860caab-0d53-476d-aabe-543e251eb4a3,2025-11-21,Delivered,2
286281f9-848c-458f-aae5-ab2b1d89fc52,cc138e5d-ddb6-4957-b9fc-1df9920a057e,2025-07-06,Delivered,2
d4b36cc3-d7de-49a0-af68-19af9bb75dca,944f8e0f-e73a-4c9c-aec8-cdd968fd7505,2025-07-23,Delivered,1
f09b9853-955b-4e05-a014-293536fb21bd,b6645523-9420-40ae-b404-acc410e6a80f,2026-03-09,Delayed,1
afa967be-d81d-4d4c-aba4-ca98f970f34b,c3a61c5c-35cd-4fec-bfa6-36341b107dda,2026-03-07,Delivered,1
e13a7c05-fc3a-4d40-826c-41c7c90878ac,218ec2f5-0f4e-46b0-b070-bf1eca0d9857,2025-12-09,Delayed,2
5013b078-c39d-43b6-9c80-80315cd545d8,38d014b4-78bd-43fc-becb-12082502cdaf,2025-09-03,Delivered,1
827b10ab-29ca-4b16-bdf6-f598f1247fe9,3e86b032-e69d-4e59-9f0d-b0b905f32659,2026-01-09,Delivered,2
6b4bff08-e340-431c-88be-4049c0ca0aff,a5dccc4f-dcda-4e54-82a1-104326f0b280,2025-12-02,Delayed,2
27d11863-40e6-4b1e-a9f7-1f7e92b33bde,40c3eed9-2a04-44fb-baeb-65f0b9cf259e,2025-10-13,Delivered,2
45c6b53b-1eef-4486-b537-e1104bc78936,1f958dbb-346d-4509-ae2b-9785f8763b12,2025-09-02,Delivered,2
e58e0d6f-86fd-42ea-a27b-8926c1200949,ce46b9f5-8da6-4710-b699-abece36dec23,2025-07-08,Delivered,2
271f653e-a5b7-4828-b649-23d709bb8ef5,78cefe37-0b50-401a-a766-1af5bda9dc93,2025-05-12,Delayed,1
955f6b34-921b-4ee5-a883-6931cf086fb7,c3098170-aa14-4367-8123-98542e94e8cb,2025-01-29,Delivered,2
5ed67285-434d-44d5-8348-115e770d3596,e840fbb9-1161-4a25-9f99-c77b4f030b66,2026-03-30,Delivered,2
2516a703-70ad-46a6-9411-beaca0b80a3f,c3a19f4f-40da-4112-a975-5f654696a486,2025-05-03,Delivered,1
42146701-b38c-490b-9c3c-16e0ab9dfce0,e984c087-4c07-4aef-9c61-e4a991c2e351,2025-03-23,Delivered,1
4eb95a17-9f9b-49c5-887e-4ae44d4e4909,53f68be8-0c4e-43b8-aefa-a721388bded8,2025-10-29,Delivered,2
3ad35562-62d9-4c7d-b2f9-fad70efcbf17,e12663a4-56df-4e44-9adc-3e08d2484952,2025-08-22,Delivered,1
23c779e6-1513-4b50-8b7b-d4f9231610c8,cdad22fc-09ba-4a3c-891c-5981eac823f8,2025-05-03,Delivered,2
54731374-2097-4ce9-abee-5c4c80812c4c,71a5e4d8-d57e-487b-aab1-c2a4eda65b82,2026-03-01,Delayed,2
098c62b0-712f-47b7-b3a6-a75749c0242d,1aad63d3-a95c-4fb2-a3c2-38cfbdb183d0,2025-05-02,Delayed,1
13931541-a8ec-4239-b4a0-42c6b1736fb9,b2f3b82f-7dbd-47be-a080-d0f1a7084101,2025-01-30,Delivered,1
8cc1b83a-0b95-431e-a7bd-a8c829c8f13f,4c46d05d-41d4-4a16-ae8d-cd32c356aa31,2025-11-27,Delivered,2
47b40adc-397d-4e6c-9f4d-e7fe440b8a8f,ff1a78d7-06b3-4e23-aab0-e22e256e79c9,2025-05-25,Delivered,1
d2f70f33-f463-454c-9d1a-2b30caaa3517,fed1722e-28b6-4f0b-a359-7f50632511b7,2025-07-08,Delivered,2
8425238b-adc6-4b89-9ddc-dc6fddb707ad,073ab0c4-004f-4c02-8dab-576db59a09f7,2025-02-07,Delivered,1
2a53b05d-73d8-487a-a5bc-b3f3017ca410,c626085e-7372-41c8-b8c8-53f8d2ee6d63,2025-11-06,Delivered,2
621558e3-9420-49d0-b5b7-e98ff2ffe929,67b96cfc-044a-4a1d-9ed5-bc63e5f7f3dc,2025-09-06,Delivered,2
73303ca8-d66e-49e2-a7f2-9a9ef559ab8d,e48e6d9c-89f4-4c65-af44-6910d0ffce88,2025-07-18,Delivered,1
d0b1debc-face-48fb-b921-de07265bc288,6ebe1c2e-d259-4bae-a635-d69edfda4ce1,2025-01-28,Delivered,1
ca11deb4-2c8e-4c38-acf8-dcec60433207,a95b3ceb-6378-4d06-82cb-c59bbd0ff4de,2026-02-22,Delivered,1
04fb945c-86fc-4f4c-a1bc-92571a5e0712,4aea10b7-a373-42ab-b699-57e3bea64d34,2025-11-20,Delivered,2
f364c3b9-a6cc-4732-b9aa-c76384271f1f,871ad123-9b70-4712-836a-1944ab40bd15,2025-08-29,Delivered,2
488f8c40-5e0c-42a4-bfff-7a3d2e0dc68d,4f441117-9972-4a1b-946b-9f9bcd5512ef,2025-11-13,Delivered,2
f55f95d3-420d-4678-9aca-739841d3c33f,ca7527d5-9494-44aa-8abc-8b0e6a7ca2bc,2025-05-10,Delivered,1
23d3e06c-6032-4a5e-a386-81190182b5db,e0a94a07-d251-4ea8-9d48-259c930a63d9,2026-04-12,Delayed,4
d85e42bf-da8b-474c-bd72-62bdee29e0a3,6d6d3e53-ca95-4baf-b68f-814e6a41bf96,2025-07-26,Delivered,1
73956c34-3eaf-4414-a9d7-8c131168cab3,3c0cb698-6d54-4e26-8be8-2c49d154ce44,2025-09-01,Delivered,2
a49db280-2b6b-42a3-a440-158bdae146e4,531d60b1-c224-4c0f-acd5-3e8d7461481b,2026-01-05,Delivered,2
c43a3d5a-20dd-476d-9a12-995c0d255d19,ce73f7f2-57a7-4172-a28f-51b1937abcb5,2026-02-06,Delayed,1
bb7d51b3-e456-4f49-a827-b0762dbd1f21,36544abf-8ce8-4529-b87c-50f39722f36d,2026-02-14,Delivered,2
af722ae5-b7be-44d8-be91-114211706bc5,73428301-8687-4618-920f-8a0f8a2f9fc6,2026-03-19,Delivered,2
ef1c5ad4-b6cd-4381-98ef-4071cdd7ef8e,39277ab4-62b6-4c2a-831b-9e1a81fd1692,2025-06-22,Delivered,1
5f0e99c8-9a0c-49b6-9d8a-ada592ea05f9,386436aa-543f-4d33-8ac8-512fc860e328,2025-09-27,Delivered,2
2a2702d8-e23d-40c0-88bf-d2dca6723e9e,7006e911-6aaf-40a2-a56a-6f9ca5cc9c83,2025-09-30,Delivered,1
fc7e2359-826b-40a3-bb6d-f81b36101ffc,86e3dc90-16d3-4708-b5a2-2dabe90adb38,2025-03-29,Delivered,1
c199ff75-c463-45d1-a0cf-509bf328a76d,f369ef89-5235-484c-bfd2-e939fff3dec4,2026-03-12,Delivered,2
abd9a5eb-0e85-4c71-974f-e97848bb669e,7d5ffcb5-ec52-4d04-ba60-10272fee7751,2025-12-17,Delivered,2
dedceebe-122f-4e60-b6e9-0944936d2695,47950703-95db-4160-a915-a8625d8da383,2026-03-04,Delivered,2
737a0e9a-a98a-474d-91d3-59088c959cb3,120884c2-256b-47c0-b778-8f80bb9e2979,2025-02-09,Delivered,1
9c005b0e-f0a1-4102-967f-d2f98ac25518,0689bda3-2372-46cd-a79e-be11bad387a3,2025-09-30,Delivered,2
79f15a22-2aa5-417a-b913-c704f6eb5075,b5518e9b-93b1-462b-8f23-e8378a96520b,2025-08-07,Delivered,1
b82f7aef-e2f9-4a0e-89d5-e38bd3fc3fe2,99b36a94-b733-4da4-a30d-5f5f88cfff8b,2025-08-17,Delivered,1
66fbd5f3-a02b-4c74-b01d-73994d38efae,73bd16d6-3ecf-4eaf-93e2-7378c792bbc8,2025-09-04,Delivered,1
79abd340-d72b-40d2-9e6e-1bf8de7999e6,b7e435fd-13d8-4967-a55f-763a3a8a84ea,2025-08-29,Delivered,2
c85c647d-a100-4aa0-9ed3-d799142fa6dc,75dbddb0-2108-4cf7-b8df-4123c3ca3f24,2026-01-07,Delivered,1
67d94982-68e4-470c-871b-5fcd709bde4c,bb37c42b-2e0c-4a99-a5f2-ef0c8492076c,2025-02-12,Delivered,2
081e2085-6c7c-46b7-9075-46a3bb5d72c8,3bbcb517-336b-41d9-a845-29ce67366660,2026-02-12,Delayed,2
260eeb76-93ea-4b77-a2ec-a98f3b7db9fe,73a8e481-15fc-468e-a32a-4f6a870cc983,2025-07-03,Delivered,2
fcbe877d-6c23-4b0b-b184-2a2ce3ff0b99,540b9378-7329-44b6-bfdd-b7d75092c949,2025-04-01,Delivered,2
f5f161a8-60ad-40db-bf6b-225ab213c645,a777ef84-1305-4e82-bbad-780d3ee98dff,2025-02-04,Delivered,1
cd1f5f17-7dd8-4d1c-bc9c-148d66ece7e3,d42584d6-6feb-4453-83a8-39e3c6c6ed95,2025-07-19,Delivered,1
7483acc4-60ec-4238-8aab-426ed1ffb0a3,d0643144-3b92-44b8-9007-d08b2b546140,2025-05-27,Delivered,2
7c6d4795-b7d3-48c9-bedb-5c21f31df1a0,e22fe27b-cdc6-4596-846e-7bf424fad77c,2025-07-16,Delivered,2
52864de9-45bd-40ea-993e-57aa99d0de13,e8c4e4dd-9fa4-45ee-8744-f9f2e51be93a,2025-06-30,Delivered,2
c7ca04e3-a018-44c5-9217-e429ba87e30b,7969779d-f6f2-4ab9-a701-ac5432f2f5e4,2025-12-13,Delivered,1
3f1adbbe-cf56-4a22-9348-781d8b778dd3,24a09410-1632-45aa-98c1-b8de408ae5b7,2025-10-06,Delivered,2
b70a1456-1e6f-44f5-a188-7cdd614dfd90,bf46f798-d3a1-4297-b65e-07b409c6b77b,2025-04-12,Delivered,1
74167de9-3bea-484d-a57a-741aade3bf27,fe54b178-1b09-4434-834a-dd30fabb7709,2025-07-03,Delivered,2
3df38dfa-f1a1-4fa8-947c-6df6d91233a6,14c49e38-569a-4e39-aab6-4c3900b727f0,2026-04-16,Delivered,2
7b685cc5-14c5-4ee7-89d6-719a0e47e8f7,38937b5b-5802-432b-b507-e0b275b148e6,2025-02-23,Delivered,1
2716752b-67ae-42ea-b005-2f89bb508019,2fd85c5f-d043-4850-b145-63495d9b8863,2026-01-02,Delivered,1
8c82023e-a2e9-40a6-8a87-641682d7cfde,cf3d3b2d-0875-4a3e-84e4-3cf5a79433e7,2025-01-08,Delivered,1
9b101167-1f38-4070-b6c2-fff42aafb023,52716125-edeb-4779-8561-972cad72bedf,2025-01-31,Delayed,4
402a0769-b486-4b40-9a8a-9d0f61a9f149,30ef9f22-9219-47d8-a380-4e80892220ec,2025-03-11,Delivered,1
556ec9da-2af5-4d88-b8c3-bcc9c89de606,70bcbba7-3ab4-4681-ae1a-34c005f3f787,2026-03-26,Delivered,1
8e0e3dd0-d360-46d4-95ae-3c2775240e75,e7a7aef9-1e01-4deb-b616-dbcca0774a41,2026-03-22,Delivered,2
f241a6ee-bd98-4d17-810b-a3051c4ff04e,43b48dfa-d70b-4da6-ba83-e1ab11b38ba8,2025-08-07,Delivered,1
10726b15-7f44-4311-87cc-b1f5f9842d43,ad9a6c5b-b540-4464-ac1f-4d2873a11da6,2025-01-28,Delivered,1
3a2cbf61-e9be-4e0d-ae9c-05328040e4bf,d4aebe0f-f3cf-436d-8a1e-934ffd2894c0,2025-12-24,Delivered,2
777f60f4-8e15-49a5-93f1-e826bb14582c,d30abff4-0c14-4927-a355-1dad25b8896e,2025-10-30,Delivered,1
8c22de20-1e23-4470-a913-06b689ec4bcc,2ce01c09-5629-4466-938a-ef5a25fd30e8,2026-01-30,Delivered,2
e20680db-5924-44b0-9705-96337f60bcda,10bd7143-64f6-4409-81d6-2a4002a9989c,2026-01-08,Delivered,2
48b2dbe4-e97a-4bee-b4a3-32514cf32ff8,458bb7f0-4ad9-466a-ba71-c35b776ae1a1,2025-11-22,Delivered,1
8aad94ab-5ca8-4a94-903c-3a181436254d,a9553107-ad0c-46f8-979c-eb87b853932c,2025-12-30,Delivered,1
89f6c71a-18bd-42b7-b81f-20f583dbb017,be7dbb39-2050-4b28-838e-5735e7a7ab0d,2025-03-08,Delivered,2
0efbf9e2-6fca-4601-bf0a-c2f2bcdbe462,4fd16229-48fb-4566-bd4f-5d5acfd4bd23,2025-12-29,Delivered,1
2af476c0-f24d-4e37-83cd-36fc51b3557c,d810c97f-a365-41f8-834f-929c4c38ea1f,2025-02-11,Delivered,1
90662964-4d79-43a1-bb3a-cd37614be3e2,1e4b6b3b-48f0-44e2-b3ef-5a271704ef92,2025-09-17,Delivered,2
037e85f9-1809-485b-9e45-9f689ac89dc5,eef60e2c-a1e3-44d1-b076-7a0f0d393fb6,2025-08-19,Delivered,2
dc9065d6-ab22-45f7-a085-66ccfa0484f3,0b69c062-7fa7-4c44-b69b-812d6d5c69d7,2025-08-24,Delivered,2
68ba27ab-9a0c-49a5-80d4-dae04e17f427,c6930270-816e-4628-a969-5792688507b5,2025-08-26,Delivered,2
cc21581a-4a43-425c-b9c5-53ddd0828786,5a031166-dbb3-4a63-b95f-179429b0783a,2025-05-04,Delivered,1
15d1919a-9f3d-4895-92bc-6052eda20d05,1558bbc3-9d68-44b0-9aea-09c6236bd172,2025-05-10,Delivered,2
e67c4b67-75c8-419d-8bb4-4a166edf40b6,369915b1-dde6-4ea6-9a7d-15f790fc9d05,2025-05-31,Delayed,2
df147e85-71d8-496a-bcc8-65eaf25a8d86,c71f5bb2-85c5-4caf-923d-27183ffa18e2,2025-07-12,Delivered,1
3f1a506a-d6a2-4515-a578-dcfec82ce124,0cf47074-4adf-4f2d-be32-4283dd977a5b,2025-03-09,Delivered,1
cdb5d43c-06c0-4a10-b884-899ed1c0cdc5,ba632b75-fb1b-45f1-8722-837338c2630e,2025-04-11,Delivered,2
98f68b92-8740-4222-83c8-e30c18cf6be1,af910da1-feae-4288-ae1f-8a1d74de415f,2025-05-22,Delivered,2
ba82a56e-5985-48ae-934a-aa13f88a27ee,bafa9c96-8a6d-4e62-9a7a-9a6cebc151cf,2026-04-05,Delivered,1
12e5ae1f-1b4c-4595-9193-5d834a16fcf3,bd0ea214-509b-4275-949c-9ea6948403b2,2025-05-01,Delivered,2
46dc966b-d31f-49d5-a8c6-cdfbe24f2a9b,83155fcf-303b-40a7-9105-7890bbddff80,2025-09-05,Delivered,1
b7b3506e-d77c-4ede-a5a9-61f2c95b86ab,b7fc2caf-3827-4729-b5f3-2b2c69edab09,2025-05-25,Delayed,3
c14dd898-4dbe-42e0-91b5-db849c873c94,afaf59be-20d1-44d3-989a-8d0d977b1706,2025-07-03,Delivered,1
7e0f0f87-5316-4ae9-b360-70db76e221e0,957476dd-c509-4777-bbbf-cc4c6d123d9c,2025-10-14,Delivered,2
d78d9fd7-6b9b-48b3-8173-740f13eb41ed,08431623-0db8-462e-8198-e921d1102ea7,2026-03-11,Delivered,1
0cef3ea2-6c55-44ea-9f73-fb495269af2d,b9436fc1-9f58-4a52-bc08-02cee0a6a085,2025-05-16,Delivered,1
eb0d4495-c1fb-4158-a99f-08209571c574,ef5beaa2-30b0-4bbb-875b-2c09e57fdf6b,2025-11-22,Delivered,2
5e473c1c-97be-444f-baa2-73c65d781336,9642a50b-c3d1-457d-bbb3-35cf95db04dc,2025-08-09,Delivered,2
5362172a-b816-422f-ab60-64fc4eef830b,a4c74093-8f16-4f20-a4c6-5508f175b073,2025-09-19,Delivered,1
4aac62fd-358c-4cc0-bf8d-5348d62fe6b5,4782444b-bfe7-4dbd-890e-372da08f7abe,2025-07-17,Delivered,2
d65b226f-5280-4c6e-ab95-ad8c88bde845,0bad6790-7d02-4368-9d34-3e1e6f0164f8,2025-09-24,Delivered,2
306ee981-4098-4b4b-91ca-182c6e2a9244,d4e1f350-6c02-4bd8-a639-bb28b6088099,2025-01-27,Delivered,2
5db6bd02-039c-45c1-a20c-5435815b668b,5a3c1ecf-24f3-440d-b792-8d3c738d93b1,2025-07-09,Delayed,1
95efce24-e454-4919-9b73-a57d5e7ea97a,22f52196-cd66-4cf9-b085-59f859bcd6ac,2025-06-12,Delivered,2
2fb2376c-31ac-4d9e-94bc-234c2c24d438,9284c27e-c070-4795-930e-b56131444b59,2025-06-12,Delivered,1
25ff04b1-aded-4b03-8e94-910838aa22ee,60f793e8-292f-4e25-a12a-4c70c12dc450,2025-02-26,Delivered,1
e4fcba83-fd2d-4e08-89bb-2dd7e7fdd8c0,00891b7c-ef86-4a23-a5e8-f9d0fd619a03,2025-06-09,Delivered,1
20396455-6e2d-44cb-aa6f-a843de52e80c,efa63f9e-66d6-4604-8ed4-0b3096b0120b,2025-12-15,Delivered,2
91b8a71c-d6f9-444f-be32-a37a3c740a26,7711bc09-b883-4d48-96f9-df46d08a189a,2026-02-15,Delivered,2
957a08b5-c42f-4516-be4e-77af136e5a80,d1505334-9631-4d0a-b144-5c24f0528850,2026-02-20,Delivered,2
043643c4-ec7d-456a-b918-b37a00301931,ee434c2f-6ef3-4fe4-a1a1-afea13d5f7cf,2026-03-22,Delivered,1
6b91878e-47ff-4884-a7fc-99a00e377890,28241b66-1d0c-4c20-a711-5359dfe80f0a,2025-05-18,Delivered,1
ee87233e-e891-41e6-8a98-9363351afd3e,be53fa69-edd8-498c-9efc-f7d7df4b678a,2025-07-30,Delivered,2
8d5a262c-cff6-4603-a76f-a2b200fcb780,d71f14e8-4720-442f-8713-88f144181a80,2025-01-24,Delayed,4
8e78e3b4-8202-40a1-a852-e9920b289511,181a03a3-64b5-4b9c-8bca-02be6b6c1cfd,2025-12-07,Delivered,1
9c4d8110-027b-4066-a2d5-1da615fbfc51,7d8085da-1177-4c1c-9613-0041f13cc6e5,2025-11-01,Delivered,1
dfe6af6d-7423-4da7-a30e-be4db178134a,bfbb4c09-36f6-4629-a867-60e5236d19be,2025-06-27,Delayed,2
f84f1c78-ced6-479b-8d31-2a3033983208,9d4bef81-a786-44a5-85e9-d63a801a9bce,2025-11-18,Delivered,2
b482a2bf-4281-4478-9249-68c46314709d,3ff9f829-fb4e-478f-a55a-cd51fa7e75d7,2025-08-14,Delivered,1
0835d44e-ec35-4ed2-ad3d-146f3aabee63,4aae40ae-0f16-4130-9ac9-f950769fe56e,2025-12-03,Delivered,1
799a916d-2ae2-4f0a-bad2-2cf3b10e262f,fb9173b5-f69d-4570-86a2-543c047aac45,2025-02-25,Delayed,1
2685ae03-8fc5-4431-ae8b-79361b067792,64d65137-5482-4532-9f8d-48ec02b6d3fd,2025-10-03,Delivered,2
1a10c9d9-73e9-4bfa-bfdf-aafdb320b58a,eb628c05-4864-4190-b987-623128c877eb,2026-04-06,Delayed,1
200eed1d-d0e4-4c61-acf9-6c9f612f6912,30e5e090-e424-431f-a5eb-91d42b79b518,2025-04-02,Delivered,1
65fafa90-f31e-4866-b3c8-5f3070503490,41da4c45-9a68-4039-b3d1-f6a72c831b0f,2025-05-25,Delivered,2
fbbf43d3-b2b2-420b-9f34-6276fa7e14ba,6eaf3a3c-2fad-43a2-84aa-f75dfb97c11c,2026-02-14,Delivered,2
7c1becee-a367-48e0-a295-2687bb0dc379,55c1bacb-7c04-44c6-aca0-1c480972f97a,2026-04-18,Delivered,1
efef98aa-e6bd-4ba1-89b5-69250c81f0ef,0713ca9d-cb16-4206-a687-9abeef3da617,2025-11-23,Delayed,3
ad961d5d-5373-4a6c-a315-5219621e2b9d,2d0394f4-12c7-4b93-9f06-dca44efca09b,2025-04-05,Delivered,1
1e98ae32-da4a-4e3a-bdd5-414eb8a04d9e,49968202-fc9d-4796-a68c-b3b9e4f05e48,2025-09-13,Delayed,1
eca58c63-4df2-4295-bc60-81aeb832c729,a679767d-d944-4211-a032-e2894541eee8,2025-05-01,Delivered,1
a4be4a95-bb16-440b-9426-1f45c72bca10,e7f486e3-a2a6-4815-ab25-686ca6fa9eaf,2026-02-05,Delivered,2
4e2659bd-fb25-40a3-a101-054d7ad270e8,138e78ef-685d-40a5-9b27-c4067713ed94,2025-04-04,Delivered,2
e2b64d40-4712-4e79-ae82-cfa8ee146ba0,a8562ac9-deba-4823-917a-98c362907e23,2025-06-12,Delivered,1
256eb923-26b1-4a2c-a46a-9986b03da4f3,2d962859-3dc6-454d-b847-ee7315372b38,2025-03-27,Delivered,2
dd9a162d-c13b-4129-9076-24e9ddd0315f,acc0a7d7-3d01-4a45-af25-7d62b1973c35,2026-01-03,Delivered,2
d7c977fa-9f11-4283-b5f6-9ab7925bae6b,ecfb4aac-cc86-4dfd-8cc3-229ab8989266,2025-05-16,Delayed,3
6b398d00-d732-488e-b622-e23a322aab0f,8037e2a0-4b08-4ec8-9bc2-a682e25c9dde,2025-03-16,Delivered,2
947b1025-96a5-4dc2-9c1b-f1f6974e91dd,19463688-1e2a-4385-a4b1-88d8f68cbadf,2025-12-04,Delivered,1
08e34d6a-4d71-437b-9d71-1d9e156defbf,c6650f08-f6e6-4c19-bf0c-37013e54ae99,2025-11-17,Delivered,1
2aed46c6-72ba-449f-9427-0de9a3ca77ca,f1e824fd-5cc3-48f0-aacc-81d9481c2c6d,2025-11-27,Delivered,1
