vehicle_id,vehicle_number,vehicle_type,capacity_kg,fuel_type,maintenance_status,vehicle_age
a7a7c694-8da6-4c10-a00e-367e67b16b2d,RA-3523-1,Rail,435344.38,Diesel,Good,12
3bbb8d1f-7437-414c-b6c5-54811ee9b089,AI-2594-2,Aircraft,42726.82,Diesel,Good,3
f4219601-9795-4759-869e-4ba51327cbda,TR-5957-3,Truck,16269.83,Diesel,Good,16
6e850d52-93d8-42de-a565-7feb0bb09885,RA-3416-4,Rail,524675.65,Diesel,Good,1
d1487706-470f-4a6e-854d-e3e210944aa2,AI-9426-5,Aircraft,103494.47,Diesel,Good,17
169e89d4-5681-443a-959c-f6fecc59ced4,SH-8084-6,Ship,12081451.59,Diesel,Good,3
10df08f7-1b0e-48b2-a4a5-d4c3d3114822,AI-3272-7,Aircraft,71015.96,Diesel,Under Maintenance,15
c21645c9-5da6-4839-84c8-1d5aa2220bab,TR-3378-8,Truck,18206.46,Diesel,Due Soon,6
45ee22f4-c096-4047-8b70-c6cdf898740e,SH-5531-9,Ship,16269524.57,CNG,Due Soon,5
2c0993d4-a194-4221-9f8c-57b7f9e925dc,SH-1395-10,Ship,1428673.38,Jet Fuel,Good,3
0948efd9-9b14-45ec-bd48-f5569f2a3012,AI-6374-11,Aircraft,109689.12,Electric,Good,3
f6a645a1-d757-4f6b-bd50-4c34345c5d90,TR-5983-12,Truck,16220.78,CNG,Good,17
16a349ea-1a01-4f95-9bc4-eebcb2e046fd,TR-7763-13,Truck,25891.99,Marine Fuel,Good,6
52a896bc-75be-4960-99f0-a66f9a52bccb,AI-1984-14,Aircraft,133925.04,Diesel,Good,2
ac448642-8699-4976-8252-6bc6529b4632,TR-8172-15,Truck,6264.76,Diesel,Good,5
67805b18-26e6-4acf-ad6a-be3ec2acf02f,SH-9302-16,Ship,16055212.13,CNG,Good,7
30f97f84-6ca2-49e3-91b4-196701798a09,TR-8940-17,Truck,8399.23,CNG,Due Soon,1
eb0e6638-2932-44b7-a308-1f973de710e3,SH-4123-18,Ship,12669826.82,Marine Fuel,Good,5
4e7782a1-a2f0-439f-b27e-3db83ab36cd2,TR-3897-19,Truck,8699.67,Diesel,Good,5
0addfaaa-261e-4895-9756-f6efa6fcf48f,SH-7881-20,Ship,24037299.22,Marine Fuel,Due Soon,5
9ab9f828-8b7d-4a55-9d81-9f82199e3730,TR-1334-21,Truck,3872.08,Diesel,Good,5
f506665a-ca56-43ad-9a80-2575a984dbd6,SH-9075-22,Ship,9359833.91,Diesel,Good,13
237bf89f-9075-4570-926f-4fcae7ece44c,AI-1739-23,Aircraft,64174.84,Jet Fuel,Under Maintenance,5
63d03a9c-7737-48eb-b690-729e95b9ea88,RA-5248-24,Rail,165440.85,CNG,Good,11
751a5ad2-195a-4736-a031-d4025a69ade5,TR-9991-25,Truck,3842.37,Marine Fuel,Good,17
cfa3e7a1-a385-45a4-bf39-6fb3cd0a9ce9,SH-3815-26,Ship,3805874.57,Jet Fuel,Good,13
96d3ada6-1c10-4f52-9e8a-18588ca78387,TR-9400-27,Truck,10391.52,Diesel,Good,10
9e1cc56d-2ff5-47bf-aa8e-3697b1d6edba,TR-7543-28,Truck,21441.97,Jet Fuel,Good,17
6bc737c4-c2c1-412b-9d01-898df0db8fa1,TR-4267-29,Truck,14650.85,CNG,Good,16
7f3b5fa2-b614-437b-b9ac-d523d98195bc,AI-3339-30,Aircraft,35131.24,Electric,Good,18
81120500-0ba6-44c4-ae43-32d24cfa4a35,TR-3956-31,Truck,26825.57,Electric,Due Soon,1
f44d1bd9-4235-4e87-88ee-5313d58bd2cc,SH-7447-32,Ship,6907794.56,Diesel,Good,12
09fc9327-3024-431e-a0a8-d158b299a187,SH-3489-33,Ship,21050540.56,Marine Fuel,Good,13
a0e79c01-9450-420b-8464-11230fad91fc,TR-2079-34,Truck,14108.89,Diesel,Good,7
f4f2495b-1e49-4d82-83e7-e75a4b242fae,TR-1611-35,Truck,5246.65,Diesel,Due Soon,13
fd9f2809-312e-45ec-8878-1b9cda840e19,SH-9083-36,Ship,10395349.17,Jet Fuel,Good,11
b4815f67-693a-4364-ac53-890ceef553d9,TR-2637-37,Truck,22571.07,Diesel,Good,12
0736befb-efd0-436a-b1c0-d47037cb39a4,TR-5687-38,Truck,18151.8,Electric,Good,17
8f4484d0-53ad-484c-b22a-d5e9dc8ab9fe,RA-5441-39,Rail,654438.82,Diesel,Good,12
861d4536-ce03-4712-9c39-5b20af8376d6,TR-4727-40,Truck,18716.76,Diesel,Good,3
d3e96a74-393a-476b-8980-442150e0be12,TR-7486-41,Truck,19379.7,Diesel,Good,12
49eb3508-2998-474f-85db-b0c825ee0b62,TR-6336-42,Truck,5891.11,Diesel,Due Soon,12
b8b6ee00-f082-4ebe-9eb2-17e5af85d842,TR-5842-43,Truck,5231.97,Diesel,Due Soon,4
f2ef2d18-6f12-44a7-adfd-ef14634f9472,AI-9014-44,Aircraft,145992.72,Diesel,Due Soon,1
c70993b9-ba57-4caa-af28-8fe7d78fa17c,SH-2556-45,Ship,3486114.86,Marine Fuel,Good,7
4825c2fc-1b47-4208-91aa-eacda1842055,AI-2102-46,Aircraft,82231.32,Jet Fuel,Good,6
d68a5749-334d-4be6-ac3f-d2bf0dc02c98,TR-1140-47,Truck,9157.99,Electric,Due Soon,8
2582d89e-6982-46b1-b503-a478ff0918e3,AI-1273-48,Aircraft,79454.99,Marine Fuel,Good,10
240ec2ab-696a-4341-aea9-c029824fa756,AI-9121-49,Aircraft,116978.07,Diesel,Under Maintenance,6
9c0eddb8-bc51-47a3-a597-4aea01660648,TR-8416-50,Truck,5505.45,Diesel,Good,16
8ae6f19a-e08d-485f-93a0-ce36a471811a,AI-2096-51,Aircraft,132191.61,Diesel,Good,4
b7ffd048-fc1c-448d-b9e7-05a8e212b03b,SH-6057-52,Ship,19468827.5,Jet Fuel,Good,11
f997b6f4-380d-4e63-ab96-5c976bd247db,SH-8808-53,Ship,20817998.92,Marine Fuel,Good,5
4dc55848-fb2c-4f61-97c5-c0c21f7251c0,RA-7256-54,Rail,95022.55,Diesel,Good,12
99a1425b-830c-4543-b60a-4d633c7502e4,SH-8912-55,Ship,4144212.93,Electric,Good,11
f6d3ac45-8dba-4670-b245-427308cfda8e,TR-8888-56,Truck,13738.65,Diesel,Good,3
1a149c99-e3b4-4103-8aaa-f48233e7590f,TR-5598-57,Truck,10834.27,Marine Fuel,Good,14
c809ac34-5a14-476c-929e-a94a02b6a1c3,TR-5360-58,Truck,8952.71,Diesel,Good,6
24c1c6a2-5f56-4813-b37c-6d90ab1b43fa,RA-1250-59,Rail,490428.7,Diesel,Good,14
decf5fae-52ac-4870-b01f-9ead82f39db7,TR-1911-60,Truck,14502.41,Diesel,Good,2
488f9074-53db-468f-9030-01354ec4b881,AI-6157-61,Aircraft,142436.16,CNG,Good,5
9b0d82fa-3470-40e6-b292-78e1413f7246,RA-7334-62,Rail,131624.15,Diesel,Good,1
d4f34582-62c1-4540-8d16-5a52e83a44a6,TR-1886-63,Truck,9966.74,Diesel,Good,11
2109e68a-b6c0-45ef-8f36-6199b7d65f1a,TR-4143-64,Truck,19776.59,Diesel,Good,17
793b4694-4e64-4966-9e07-f4c13bc5e9f9,TR-2887-65,Truck,24165.46,Diesel,Good,9
7f3ebb99-8f3a-4183-9f9b-21422fefb6dd,TR-2925-66,Truck,20641.3,Diesel,Good,16
c8957df4-76ca-4312-861c-98384ea54e77,TR-8278-67,Truck,7741.24,Diesel,Due Soon,11
fc1bf3d3-2259-40b9-89ab-2b6748853f8d,TR-7615-68,Truck,15941.14,Diesel,Good,6
0a30df4e-7c00-472e-a15f-1894d7b27810,AI-1932-69,Aircraft,89649.79,CNG,Good,11
8f86a21d-5c02-4c42-a954-fc89245b1769,AI-6942-70,Aircraft,26794.9,Diesel,Due Soon,9
d86fb2a9-38d8-43f9-9c43-810a40863903,SH-6341-71,Ship,3108003.26,CNG,Due Soon,4
09f50f06-4b44-4822-9693-42f45de309ea,TR-4099-72,Truck,24305.7,Diesel,Good,3
2d136d61-116e-47cc-8c2c-81b9c23c8a71,TR-3229-73,Truck,15119.15,Diesel,Under Maintenance,10
41f3153f-9788-4ee9-9542-3b01b6a0d28d,SH-4398-74,Ship,24871162.98,Marine Fuel,Good,13
0f3bff60-d2e5-4cc2-a9eb-1c03064ba170,TR-8838-75,Truck,20966.45,Diesel,Due Soon,1
c84696bd-8f33-4877-b496-5571a6d7a083,TR-6222-76,Truck,22435.3,Diesel,Good,11
ae9b8fd2-8cd6-4f2b-a770-071209649664,SH-1858-77,Ship,10655561.76,Diesel,Due Soon,8
30c6fe00-89f9-4414-89fd-8e213e1e7659,AI-3737-78,Aircraft,33023.1,Diesel,Due Soon,14
89b7aa3b-1c02-4b55-8a06-4e9b4999c227,AI-4272-79,Aircraft,10538.86,Marine Fuel,Good,13
f015830e-272b-467b-bfee-6e7ea6417e23,TR-7674-80,Truck,14828.89,Diesel,Good,4
c25e9c66-f62a-4f82-b001-3dbf3da2a966,SH-5520-81,Ship,18283390.0,Diesel,Good,9
971f357b-1c6b-4a7e-ad12-a7fe34429242,TR-8901-82,Truck,21060.96,Diesel,Good,8
5e10791f-b022-4323-aa23-651a5bf68792,AI-4834-83,Aircraft,103816.54,Jet Fuel,Good,17
b7241fad-889b-423e-9c71-26726531fd64,TR-4000-84,Truck,15043.5,Diesel,Good,14
c22d2833-a67b-4d51-8f40-459c04f56723,TR-1356-85,Truck,22739.66,CNG,Good,4
47c8390f-683d-47ca-892d-a97738ae6ab7,TR-2759-86,Truck,17193.08,Diesel,Due Soon,9
6584001f-b88a-4473-b286-71c30ec537fe,TR-3221-87,Truck,20797.52,Marine Fuel,Good,5
3c8d019c-b5d7-428d-8004-886c828a4d6f,RA-8812-88,Rail,655341.17,Electric,Due Soon,1
d691cf38-a6c5-457e-958b-37602c456d02,SH-7641-89,Ship,5222478.56,Electric,Due Soon,12
fde0ae77-8a51-4601-9fae-8b708d43299e,TR-7189-90,Truck,7263.34,Diesel,Good,7
01d86ef4-b06b-4786-ab32-b2d3b3976bbf,SH-7339-91,Ship,20253402.7,Diesel,Good,10
e6313f18-f513-4361-8bac-f7832cdf52b1,TR-4809-92,Truck,27774.7,Diesel,Under Maintenance,10
bfb374b7-6494-4307-8680-a9d4295d721f,AI-3457-93,Aircraft,144848.9,Diesel,Good,9
12289090-8d79-4661-9fa3-c1a7a461dafc,TR-2798-94,Truck,9211.73,Marine Fuel,Good,17
98eff4b7-c785-4e59-99e6-f09f52952ff9,TR-9881-95,Truck,21197.6,Jet Fuel,Under Maintenance,9
79f91fc5-430d-417b-9366-85de26cbb855,SH-9084-96,Ship,589319.96,Diesel,Due Soon,11
a6861802-5a91-40db-a173-228ff684bddd,SH-7171-97,Ship,18028214.32,Electric,Good,9
0cab7ad4-b55d-4534-8622-87ef334d8eb3,TR-6834-98,Truck,25304.25,Diesel,Good,8
9bf87745-69b5-4a3d-b2dc-dc3446f999bf,SH-7727-99,Ship,11384980.26,Electric,Good,8
fb5620aa-28e8-42c3-80c9-907359a55a7e,SH-8783-100,Ship,9166963.29,Marine Fuel,Good,9
0b1623f1-f152-4295-8344-ab3de6c24c10,AI-5132-101,Aircraft,122351.84,Diesel,Good,7
b607f3db-9ce2-4158-882d-e9f592ec6a54,SH-1864-102,Ship,18895386.41,Diesel,Due Soon,13
231fc888-1d53-4dda-bbc1-4fbf00496629,TR-9276-103,Truck,24046.95,CNG,Good,17
9bac4418-9035-423d-9ac2-eb4e6e4bfe6d,SH-9552-104,Ship,3565718.11,Diesel,Good,2
0c5a6d59-b62b-494c-b2d1-cbc7d3ddb0ab,TR-1532-105,Truck,20244.92,Diesel,Good,17
abe70dc1-6fa9-4f2b-985c-f69ab0a66bc4,TR-6763-106,Truck,16253.05,Diesel,Under Maintenance,9
52d60a67-7482-4bb4-b345-d75513ff42b5,SH-4387-107,Ship,6026808.86,Diesel,Good,16
711358d9-a602-4597-a630-60d41f053a61,SH-5817-108,Ship,15428684.79,Diesel,Good,15
a200d586-5397-406a-9687-6415e3e5e496,SH-2251-109,Ship,7695407.11,Marine Fuel,Good,7
4c091204-a56c-4ad5-af0a-d0dadd94b207,AI-9007-110,Aircraft,96563.91,Jet Fuel,Good,15
2ece7e9f-f945-4b08-bf16-cc055ca0e010,TR-1707-111,Truck,6018.84,Electric,Good,2
8e3b4b26-4473-437d-91b8-0958719c1d5f,SH-2578-112,Ship,17337558.28,Marine Fuel,Good,12
1af85d4a-6058-4b42-b7e5-af4bd9eefbab,TR-7619-113,Truck,22178.31,Diesel,Good,6
7f678254-d310-4f39-bcd6-c29c47e12b37,TR-9783-114,Truck,19261.52,Diesel,Due Soon,11
d8266565-39a8-457f-ba97-e818bfd7792f,RA-9319-115,Rail,333075.05,CNG,Due Soon,13
a552f3b5-7fc9-4f40-8a13-170fe6f6f8a2,TR-2498-116,Truck,27436.45,Marine Fuel,Good,2
6fd179fe-6b85-4697-ad20-534c68070bf8,TR-5145-117,Truck,17446.23,Diesel,Due Soon,8
fdade0c7-2922-426b-a71f-ca14c819050c,RA-7027-118,Rail,591198.75,Marine Fuel,Good,16
c0e181cf-d32c-4546-801e-f25b2d79db92,TR-8432-119,Truck,20785.16,Diesel,Good,9
7abe2e87-5651-42f0-9864-618bb565b548,TR-7626-120,Truck,7239.63,Jet Fuel,Good,10
0970c086-1685-45dc-90ab-e63dca8a7458,TR-9566-121,Truck,21188.51,Diesel,Good,10
b4c5a005-7d6a-4887-a4c2-1c87fdecd84e,TR-7733-122,Truck,17033.16,Diesel,Good,2
b9f5892c-da79-4b26-8b39-36231b37763a,SH-1234-123,Ship,2363336.25,Diesel,Due Soon,18
b60ea652-53a9-453e-9b8c-824cb8f8e353,TR-3823-124,Truck,14932.3,Jet Fuel,Due Soon,17
02f9b2c5-f953-48b2-b4d7-02ed144b2475,TR-4037-125,Truck,10734.55,Electric,Good,4
af9cbd0a-1832-47c1-9ea5-0ffd16bf2142,TR-5816-126,Truck,24265.7,Electric,Good,10
b79e5d81-6a48-4a96-8458-cce753b8b271,SH-2255-127,Ship,9295309.88,Diesel,Good,17
56651534-5f1a-497e-9b75-c50b0c4bf1a0,TR-2008-128,Truck,23212.6,Jet Fuel,Good,2
9866f1b1-521c-4c91-8878-07197d898d7c,TR-3194-129,Truck,24871.64,Electric,Good,15
706c7275-0bab-457a-bd82-2356962aee3c,TR-2380-130,Truck,15238.47,Diesel,Due Soon,18
b2506f58-4878-41af-ac49-15cedc93d889,SH-7619-131,Ship,23909834.75,Diesel,Due Soon,1
2db92d9e-d13b-424e-9c83-73e8f9e6fdd9,TR-8098-132,Truck,25427.38,Jet Fuel,Good,10
ba856226-7796-4427-996a-8acf5b325541,TR-2476-133,Truck,25032.2,Diesel,Good,17
f59cc9b4-ee15-45cf-bb9b-91826e37d2f8,TR-4402-134,Truck,22917.17,Marine Fuel,Under Maintenance,9
9b6d33ce-15ed-4de5-8742-fcfb9d610d13,TR-1067-135,Truck,3410.5,Marine Fuel,Good,14
fda2b002-042e-4c8d-8bf5-796e4ac7d831,TR-9458-136,Truck,26894.24,Marine Fuel,Good,12
19e9cd6b-2c79-4660-9119-046cbe01a729,SH-5777-137,Ship,1917477.46,Electric,Good,9
24726c37-f956-4e77-8ad1-db030cb61d18,SH-4744-138,Ship,8445928.17,Diesel,Good,8
725ff19f-0331-4a4f-8aba-b560a6e046b9,TR-2797-139,Truck,4514.95,Diesel,Due Soon,10
6a8e0476-cb75-479e-94ee-716acd3d027b,TR-3438-140,Truck,7948.99,Diesel,Due Soon,9
79e3b8fe-59de-4da0-8b12-04c7cd9cd54b,AI-2143-141,Aircraft,107015.66,Diesel,Due Soon,2
d6ea9dd1-bb31-4a25-811c-0ab66b1a9dc9,TR-3553-142,Truck,27979.41,Diesel,Good,5
9e302174-eb71-457e-a228-89dd0a5e8c22,TR-4923-143,Truck,26946.8,CNG,Good,17
a51a097e-2e06-45c3-afc4-4edf47330486,RA-9092-144,Rail,348216.23,Diesel,Good,14
8b81669c-8a98-462d-b4b5-13fe3f8f45fe,TR-4696-145,Truck,9976.6,Diesel,Due Soon,11
7b0041a3-b58b-4aaa-9cb2-05d936a72e1c,TR-2884-146,Truck,3457.44,Marine Fuel,Good,14
be7267ab-1eef-410c-923d-0df375a31bc5,TR-1714-147,Truck,11825.34,Jet Fuel,Good,5
bd0b8e88-2ae5-47d4-a26f-81e0e6437ae5,AI-7441-148,Aircraft,71981.11,Electric,Under Maintenance,7
17bdfa93-edc3-484c-ab88-c81b85b8dcff,TR-8737-149,Truck,9903.95,Diesel,Good,4
ded1dcdb-572f-42cb-af38-824d851fdfd6,TR-8457-150,Truck,25129.41,Marine Fuel,Due Soon,10
070634ad-0f74-48a2-b264-eaf9fde2513c,TR-8874-151,Truck,20422.61,Diesel,Good,18
a8232d3a-01a4-4b01-952a-489f9081a0bb,SH-1408-152,Ship,19036901.41,Diesel,Good,7
5eec5ad5-9620-4d5b-8d26-102123e5c1d5,SH-9856-153,Ship,22697473.53,Diesel,Good,5
8cbdfe83-a821-4135-a12d-b44466a88efe,TR-4182-154,Truck,10290.54,Diesel,Good,13
6972664a-f90a-4570-94f8-7677777607c1,TR-4103-155,Truck,26450.26,Diesel,Due Soon,7
3ff49c84-47f6-41fb-a948-9a0d88f6f2d8,SH-9848-156,Ship,7662874.92,Diesel,Good,2
ea1653fb-dd71-40c9-96d2-54eb639caa45,TR-5078-157,Truck,4478.02,Diesel,Due Soon,6
284a5ac9-477c-4b81-95d2-7c60215110f7,TR-9137-158,Truck,3658.12,Diesel,Due Soon,7
ded1b546-5105-4fe9-ba82-c49eb657efb3,SH-1265-159,Ship,15089881.63,Diesel,Due Soon,15
b3cb6583-581c-444e-af90-c2e3cdc8c055,TR-5581-160,Truck,12652.06,Diesel,Good,18
d151133f-eadd-415b-87db-3ca8da527c2f,AI-5575-161,Aircraft,133550.11,Marine Fuel,Due Soon,8
5aaf0018-be80-4b1e-b8b9-c68e8ca4cbfb,RA-8209-162,Rail,360758.45,Marine Fuel,Good,18
4bdd1d54-afc4-4063-b2fd-90bde4bbdcc9,RA-5880-163,Rail,68752.94,Diesel,Due Soon,12
e6f96a29-783b-4fdf-8c17-fa2999c54480,AI-8864-164,Aircraft,13801.15,Diesel,Under Maintenance,16
69638766-c160-4ea3-a0a3-5b83f268243d,RA-7168-165,Rail,622185.38,CNG,Good,10
4e7dcd4e-7a1f-42a4-a329-cd1faf8842fd,AI-7791-166,Aircraft,136244.3,CNG,Due Soon,6
967c35ce-254e-4ecc-8fa3-4b46cb79ac7e,RA-9344-167,Rail,214406.92,Electric,Good,18
6c3cdc46-4419-4181-81eb-dc171f002d33,RA-9921-168,Rail,296993.11,Diesel,Good,15
04ae051c-8a89-42f1-b33e-ca98308d93c0,RA-5213-169,Rail,661181.92,Diesel,Good,3
0b21fe57-1da2-4049-bd0c-99e78770c1fb,TR-9596-170,Truck,12269.68,Jet Fuel,Good,15
a6001a01-219a-4663-8d89-f0143eba86b5,TR-7791-171,Truck,7733.6,Electric,Good,2
75142092-c866-4232-98eb-e7d3d56997b2,SH-1369-172,Ship,22913832.55,Diesel,Good,16
f918581e-2fa5-456f-83f6-a675ed9f0c11,RA-6385-173,Rail,690511.78,Marine Fuel,Good,4
6469d99c-e277-4a12-b8c1-0c012a33eb7d,TR-4358-174,Truck,14254.41,Jet Fuel,Due Soon,15
bdeea0ff-f70e-4e68-b07c-9126f0a60aeb,TR-8792-175,Truck,7757.88,Diesel,Good,16
921f75da-ee35-462b-98fd-c33997631328,SH-3621-176,Ship,10048951.81,Diesel,Due Soon,10
ca8445f3-c03e-4463-a4c6-1c897027dfab,TR-6853-177,Truck,9924.38,Marine Fuel,Good,15
316c70c8-34cf-4426-bf41-b97dc151ed3c,TR-5268-178,Truck,25354.7,Diesel,Due Soon,10
615e2b2e-1cf4-4a53-ac8b-95afa2d2b75e,SH-2719-179,Ship,17073234.42,CNG,Good,7
a1d47c32-ad17-4303-a02b-48c1e75b405b,SH-1129-180,Ship,12237396.98,Electric,Good,18
763b796f-596c-49a8-b27a-7c38d1ba3ccb,TR-6282-181,Truck,20481.53,Diesel,Good,3
ba51a613-641a-4579-866d-54fc0bc45aa9,AI-6141-182,Aircraft,53352.64,Diesel,Good,14
a26ec0fc-aae6-4339-b703-981db6305151,TR-9073-183,Truck,26165.64,Diesel,Good,16
62e5d532-3828-4879-b466-b4fa14d598be,TR-9643-184,Truck,21295.58,Jet Fuel,Good,11
b7975d7a-4e10-49fe-b252-43fed5ef7dc6,TR-9302-185,Truck,26350.37,Electric,Good,16
add9c827-9ed9-4270-bfc5-9240fe3eab48,RA-1371-186,Rail,237549.87,CNG,Good,17
50004cad-50ac-41d1-82e3-c2733b16c2c0,TR-2370-187,Truck,27834.12,Diesel,Good,3
bcd84f76-f086-4f50-a4d4-8aec72a3142b,TR-5921-188,Truck,4329.89,Diesel,Good,11
a52844d4-eb65-47cb-b066-1bd2de6e011b,SH-8482-189,Ship,20749441.19,CNG,Good,11
c0b93d08-b60c-44ff-838d-54f6617b5d6f,SH-3145-190,Ship,20858883.46,Marine Fuel,Good,6
808bb25f-6dcb-49db-80fe-3988953fa7c2,TR-9392-191,Truck,27784.99,Electric,Good,14
9cf51e99-d69a-4164-ba96-aa1b6efcfbc2,TR-6582-192,Truck,19857.62,CNG,Good,7
c647c720-5fda-4ee9-a3ed-10ac1dfd49dd,AI-1014-193,Aircraft,134763.61,Jet Fuel,Under Maintenance,16
9b28304c-84c4-4167-9221-b9e0c32bbb5c,RA-2886-194,Rail,165747.33,Diesel,Good,10
7e8a058d-12ab-4dd9-a888-f9d6ad74fa4c,TR-6679-195,Truck,21859.64,CNG,Good,7
615b715f-d7aa-457a-bc2d-ab245d068e4f,TR-8291-196,Truck,11333.4,CNG,Good,10
d5782ede-c61a-466c-9a51-2ee86eacd9c5,SH-7367-197,Ship,12737583.25,Jet Fuel,Good,16
ed5a495d-6d7a-48ab-baba-118bc4b94350,TR-4063-198,Truck,25981.12,Jet Fuel,Good,5
b40be659-91a7-4d66-89f5-abc1b2b33d6d,TR-3601-199,Truck,8101.27,Marine Fuel,Due Soon,17
1d35ff63-e07a-45f7-9ade-2570f730f72f,TR-5905-200,Truck,8852.24,Diesel,Good,15
f7303e38-638c-411e-8d49-6c3798d83a8d,SH-7998-201,Ship,5751479.08,Jet Fuel,Good,1
00449f09-6bc5-464f-9cf2-402dd6ae6d89,SH-4124-202,Ship,4521011.83,Diesel,Good,5
8a2b1b25-5dbc-4132-af37-ed780924403a,TR-4037-203,Truck,11910.5,Diesel,Good,15
386a5dc8-e493-46aa-92bb-62d556272b43,TR-7689-204,Truck,18478.3,Diesel,Good,6
7b370fad-c245-4056-abbc-244d9680d35b,RA-8504-205,Rail,462396.84,Diesel,Good,16
cb5ef259-4510-4e72-bb85-93f922698629,SH-9736-206,Ship,23618976.51,Diesel,Under Maintenance,13
b0dde41a-9e60-4039-9ad5-b3d9cd7cd7c9,TR-2872-207,Truck,22517.69,Diesel,Good,14
65771674-51a5-4305-9c92-61707ed2fab2,TR-3407-208,Truck,21593.53,Jet Fuel,Good,7
6c103cf5-c9e0-4719-8d67-7b64f415e2fe,SH-9998-209,Ship,21938608.56,Diesel,Good,13
a587a30c-da5b-4bce-b7fd-9ce5cb05a025,SH-5069-210,Ship,6878249.06,Diesel,Good,4
274d4100-bde4-42e6-8b5b-142f5857d539,TR-2429-211,Truck,18752.92,Diesel,Due Soon,13
83dfa4ad-b3bc-4561-8488-6cc8e3026294,AI-8243-212,Aircraft,95519.03,Electric,Good,10
a090ea10-a570-4a30-81bf-f0848a9d1e93,TR-4887-213,Truck,15593.67,Diesel,Due Soon,7
5111781d-e4d3-4a4e-8421-759b35db19bb,RA-6635-214,Rail,527707.23,Electric,Good,6
40f3e8a0-434e-40fb-a906-1a5da00ed318,TR-9915-215,Truck,13328.28,Diesel,Good,11
0ead018f-be54-40ae-99f7-1e10a45fc710,AI-3181-216,Aircraft,119515.18,Marine Fuel,Good,13
bb2e5096-4330-40c7-b1e6-a5ba9d05a064,TR-2045-217,Truck,7957.76,Jet Fuel,Good,9
8fe9ad32-b989-41aa-ad1d-b03f2e85e9b5,TR-8125-218,Truck,26565.1,Diesel,Due Soon,9
869498f5-c125-4f2e-ad49-ee0a020fa0ec,TR-2515-219,Truck,3843.43,Diesel,Due Soon,4
841f0c4f-2aea-47cd-a869-54eaff3a2668,TR-6989-220,Truck,10266.99,Marine Fuel,Good,10
3474f807-3ba1-4cc1-b96f-c6faaa663308,TR-4098-221,Truck,13761.33,Electric,Due Soon,10
f7a8ce6c-7ba5-4be5-930e-9a05e931fb0a,TR-1543-222,Truck,27770.0,Diesel,Good,9
a14665ff-0ab6-45d6-88b7-d0851f4b1f95,TR-9030-223,Truck,20692.8,Diesel,Good,2
9c82770a-b9e0-4645-a606-8ae8443962b8,TR-8032-224,Truck,20911.28,Diesel,Good,3
3aeeb275-08ee-42a4-a8eb-77ab695bfb28,TR-1947-225,Truck,24261.56,Diesel,Good,2
4036796a-d174-4a86-a679-d0a2f37a240c,TR-9997-226,Truck,7751.95,Diesel,Good,16
f32cebca-b547-4d1d-8ecf-7c41659d2ab8,TR-4267-227,Truck,18383.66,Diesel,Due Soon,2
54338feb-3f8f-4aad-aa03-417207c8bcc3,SH-4770-228,Ship,8028984.45,Marine Fuel,Good,17
3cf6ead4-02ca-49c1-ac08-af4a9b5bc07f,SH-5568-229,Ship,23698042.32,Marine Fuel,Good,3
25204fbf-50d6-4960-9e45-118cf039ec4c,TR-7018-230,Truck,5373.99,Diesel,Good,12
9d6928dc-f82e-45d6-ba81-7341bd6c0f66,TR-7185-231,Truck,10941.29,Jet Fuel,Good,6
85dd106b-9cde-4480-b6d8-c6f974a8a0e5,TR-5791-232,Truck,27081.61,Diesel,Due Soon,3
58b637c9-2a26-4eb2-bfa7-9d517d6a1553,TR-3202-233,Truck,25140.61,Diesel,Due Soon,17
1f1d04b0-d2ab-4db0-8338-f674e70498e9,SH-5324-234,Ship,19423665.67,Marine Fuel,Due Soon,3
9030befa-948b-4fcd-b850-ffdcaa8cc043,TR-6666-235,Truck,20448.01,Marine Fuel,Good,15
53dbf0ce-0117-48f3-9cc9-2bb2a342d4cb,TR-9336-236,Truck,18965.2,CNG,Good,10
a5662657-a781-4b94-96cf-752db6d9a7d0,TR-3613-237,Truck,15668.12,Diesel,Good,11
70f26156-559b-45fd-acde-137e93ea5b4f,TR-3946-238,Truck,4108.35,Diesel,Under Maintenance,5
815df53f-4bcb-4a8c-9819-8b71170a13be,AI-7508-239,Aircraft,31937.34,Jet Fuel,Good,1
7c758ffd-69bf-42c9-a147-2d9a80ef2b10,SH-8442-240,Ship,10114770.79,Diesel,Good,9
b72dd834-4836-4112-8588-e6636808aad6,SH-3927-241,Ship,14529396.01,Diesel,Due Soon,1
2a6a2b04-81a6-4237-9367-5e85596b3675,AI-2371-242,Aircraft,39239.09,Diesel,Due Soon,10
01340e7a-004c-4b6c-8976-f2a54b3a0bca,TR-7571-243,Truck,20105.97,Jet Fuel,Good,17
a83442af-43eb-4821-80a2-89b852ae607a,TR-8422-244,Truck,20064.37,Marine Fuel,Good,9
71c4cd71-32cd-4cea-8b91-7b6a163b3511,AI-3647-245,Aircraft,60298.71,Marine Fuel,Good,4
28e346a2-bb3c-4e02-bff0-c7abff5e27e4,TR-1056-246,Truck,12845.46,Diesel,Due Soon,10
f5b34837-80cc-4f5e-87aa-dcdc5f18efbd,TR-9726-247,Truck,23733.5,Diesel,Due Soon,2
7393fc93-4506-4b11-af4d-475ae5407688,SH-1975-248,Ship,19716542.55,Jet Fuel,Good,15
9a08af33-6dea-45ad-9097-025a89c3125e,TR-9985-249,Truck,25168.0,Diesel,Due Soon,14
fdfefee3-a214-42cd-84bf-58753f71ac0a,TR-5153-250,Truck,14032.49,Diesel,Due Soon,6
489e8cb6-66fb-4fac-a249-d6430833be16,TR-7677-251,Truck,8843.91,Electric,Good,18
084b4e24-430f-4c86-9148-13cf02485251,TR-6086-252,Truck,7803.47,Diesel,Good,10
93649574-2872-40c3-ad79-727988644075,TR-5126-253,Truck,27580.99,CNG,Under Maintenance,5
5718e79a-71e4-4f25-8b19-047c98a42d56,TR-2320-254,Truck,19964.9,Diesel,Good,18
afda0048-0537-4221-bdaa-963a4c8cb12b,RA-1169-255,Rail,153699.29,Diesel,Good,8
0db4f49e-bc01-4369-af40-4f2ac8f60092,TR-3026-256,Truck,12117.54,Diesel,Good,6
08443875-102c-452b-ba22-84c83d2584ba,TR-8884-257,Truck,21034.2,Jet Fuel,Good,2
68efa8b1-8f81-4f71-98ce-dc3629ee45df,TR-5386-258,Truck,20206.6,Diesel,Good,17
f8461454-ca8b-489a-9b36-c845ce60d1d9,TR-9231-259,Truck,11611.15,Electric,Good,17
593abd0b-8029-4ab0-a718-90a038d49eb9,TR-1361-260,Truck,17518.38,Marine Fuel,Good,7
f7e01255-4bf3-4af0-9c71-35b3ae5506c8,SH-4723-261,Ship,1170213.69,Marine Fuel,Due Soon,10
fbc87932-f6a9-43d9-9599-0ddb83ab17c7,TR-6470-262,Truck,7222.32,Diesel,Good,13
498327c8-1bb8-4caa-9b6e-4ef8a2d89e35,TR-8398-263,Truck,16487.05,Diesel,Due Soon,9
9f14fc8d-f2f3-4b83-a5fd-72276e652a12,SH-8365-264,Ship,7339871.26,Diesel,Good,14
e013d951-f876-41cc-8c45-8464ef51ad46,TR-3370-265,Truck,6465.57,Diesel,Good,2
1cc9f4da-634c-4b5a-9a57-e790f519dd7e,SH-8514-266,Ship,22086078.94,Diesel,Good,6
81da4299-03ad-4d27-bb36-0bc259714058,SH-5380-267,Ship,23950700.04,Marine Fuel,Good,3
1af7e4b5-d544-4e11-b8e5-a689f20f8a7a,TR-3666-268,Truck,13034.52,Diesel,Due Soon,4
0920c00b-4623-4234-8667-fc88f77d438e,TR-5154-269,Truck,19162.79,Diesel,Due Soon,8
d675dbc9-6f99-40e2-bae6-c784af207fe3,SH-6520-270,Ship,20731459.24,Diesel,Good,16
fb2033ca-8311-4274-8231-5577758c04be,TR-7606-271,Truck,7795.75,Diesel,Good,12
7b13663f-d758-4847-b7cb-0d97be44a0a4,SH-9892-272,Ship,16194526.31,Electric,Due Soon,8
bf4a0e4f-32f2-4e52-8be7-50ce843b7487,TR-1647-273,Truck,22920.45,Marine Fuel,Good,9
d93013ab-7ef4-4997-a1b4-d486fa6b437f,SH-8251-274,Ship,12138478.98,Electric,Good,16
913b5457-55ba-4d35-a1de-aae2e98f0dda,AI-4516-275,Aircraft,98847.71,CNG,Good,17
54b9277d-793c-468e-a14a-b648fd9406f6,TR-2877-276,Truck,16853.1,CNG,Good,12
cafe3f16-15d0-497a-ad02-1d5577ceca09,TR-2949-277,Truck,11042.1,Diesel,Due Soon,18
cca02f79-8297-45a7-9865-a20ad631784b,TR-3209-278,Truck,13304.71,Diesel,Due Soon,1
aeac9e8b-04cb-412d-bbde-e10e85081ee2,TR-9438-279,Truck,10822.75,Diesel,Good,18
218e9282-715c-4b97-aa58-fb8983edaa2a,TR-3543-280,Truck,21493.07,Diesel,Good,13
e0794697-8e9d-4e0c-9367-56b0b7ebee49,AI-9136-281,Aircraft,41780.62,Marine Fuel,Good,3
9470b5d0-e142-4263-8bac-8ea57a89cfd8,TR-2718-282,Truck,9672.97,Diesel,Good,15
422a9693-a6cd-47fd-8165-044e8630ebc2,AI-5827-283,Aircraft,19848.82,CNG,Good,17
f96edc27-06ec-4802-8d52-85f6dd129d6f,TR-8326-284,Truck,27157.09,Diesel,Good,6
47ddb47e-39da-4ab2-a4eb-2b2e32319976,SH-4984-285,Ship,12251004.7,Marine Fuel,Good,17
d696d92e-5bfa-403e-977c-60888b0aaa83,TR-4686-286,Truck,22324.66,Diesel,Good,2
3d696166-7ac3-4593-81a3-4945c500f608,TR-5620-287,Truck,18320.98,Electric,Good,14
f3cfbe18-85d2-479a-88e5-ee2d35072996,TR-7255-288,Truck,6591.68,Jet Fuel,Good,13
098c0f2f-c9a1-498c-9d60-38ffdb5a1235,SH-4254-289,Ship,3889554.8,Diesel,Good,11
b220bb5b-086a-4869-b4cc-2fb06fd30063,TR-1819-290,Truck,9019.16,Marine Fuel,Good,9
ff7e872b-18c8-4d90-b3d0-aba026eacb33,SH-4275-291,Ship,24511095.37,CNG,Good,10
19458a84-884e-4f56-a9b3-853d2d20c554,SH-6732-292,Ship,24792415.3,Diesel,Due Soon,15
299378ce-a801-4870-83eb-ea38820b5551,TR-1049-293,Truck,22383.33,Electric,Good,9
1a7e0201-9858-4156-af3e-a281930d2a84,TR-8599-294,Truck,7618.81,Electric,Good,16
f7e18352-0401-4a43-b300-01b81dde9532,TR-9800-295,Truck,20792.81,Marine Fuel,Due Soon,12
7362c174-b2bd-46e3-8a6e-0f0495c61b61,SH-1967-296,Ship,17015915.41,Diesel,Good,11
630f4df2-5698-4e57-bbeb-65121a7523e4,TR-9009-297,Truck,7102.42,Marine Fuel,Due Soon,7
30e7928c-fe13-49b4-95f3-4ec79c5c7379,TR-1663-298,Truck,4980.43,Marine Fuel,Under Maintenance,17
3664157e-a24a-42a8-bb44-05cbdac481c3,AI-9704-299,Aircraft,47350.37,Diesel,Good,17
1b93836d-8c21-4a3f-9aad-e3b48dcb64a0,AI-4474-300,Aircraft,77025.89,Diesel,Good,16
ef0e033f-f5af-433d-a934-cb403ffe9cbc,TR-4802-301,Truck,16382.65,Diesel,Good,13
32ec84de-40be-4f84-8bb8-8cee9c3f5c99,TR-2356-302,Truck,14413.22,CNG,Good,16
84bc4c67-dbd7-459b-96b8-2177fac9a33f,RA-9940-303,Rail,548883.49,Marine Fuel,Under Maintenance,18
836b0c83-e874-4e1b-afcf-0f69b062c43f,RA-6877-304,Rail,466864.95,CNG,Good,7
980adca7-96b9-4189-8e71-af6dc8b19a8d,RA-9639-305,Rail,450535.51,CNG,Good,1
a8bab1ce-c23e-49ff-8ad8-85ecbbc3d1cc,SH-9648-306,Ship,7471269.59,Diesel,Due Soon,6
4603ec39-268d-45ec-8f4a-b29d2b4016d5,TR-7264-307,Truck,10226.7,Diesel,Good,8
db0a7c6b-4393-4494-b4b5-b088285b3f29,SH-2738-308,Ship,17908639.72,Diesel,Good,9
918ff5a3-1832-4be5-808f-4f790743fbfe,SH-5451-309,Ship,8104861.76,Electric,Good,3
b3ccf4bc-1024-423d-b30a-9aaa3c87ae92,TR-5338-310,Truck,14510.94,Diesel,Good,11
5c2644c9-d26f-4bbc-af1a-5e76a7a08886,SH-9324-311,Ship,5315969.21,Diesel,Due Soon,15
e1470a3e-9ae7-4c9c-b9fc-c75c4eea6f81,AI-2352-312,Aircraft,47476.75,Marine Fuel,Due Soon,7
fdbf9b6d-fab2-4f47-a0e6-43c0c1a08f63,TR-7319-313,Truck,17565.97,Marine Fuel,Good,5
01be6d3b-4c07-4de8-b4e4-c3f155c289c1,TR-2666-314,Truck,6328.72,Diesel,Due Soon,12
22a65da6-59b6-4b89-832e-f21201026a45,TR-4576-315,Truck,24989.85,CNG,Good,12
410d5391-6f3b-40fe-ad84-e33a664f7775,TR-7987-316,Truck,18654.36,Marine Fuel,Good,4
8f6b370a-3581-461d-8567-b2e645dd62de,TR-7187-317,Truck,18994.97,CNG,Good,16
967157b7-5df7-4eed-9e79-9589a12b36b9,TR-3485-318,Truck,19929.74,Marine Fuel,Due Soon,17
889e020d-45a2-47ae-9483-aaf47119b6eb,TR-2644-319,Truck,6277.13,Marine Fuel,Good,9
75e6a938-5ee4-471c-9bd8-ed254192ca7c,TR-1417-320,Truck,22026.89,Diesel,Good,2
5ca4635e-e63e-4cef-9d41-76a012966d52,TR-4477-321,Truck,8748.4,Marine Fuel,Good,9
e1bd998f-95b5-41d0-b759-c3e48dccc7f5,AI-9980-322,Aircraft,108443.53,Diesel,Good,4
9df99939-1db3-4ac0-8366-4989cc6cc175,TR-4917-323,Truck,25022.66,Jet Fuel,Good,3
f98215e1-dc01-4f71-8225-731417a4a33b,TR-5368-324,Truck,20999.94,Diesel,Good,11
5b6e9cda-18f9-4aa7-8df3-cc0b6f253fa9,SH-2540-325,Ship,7752195.22,Diesel,Due Soon,15
bb6a0f15-164a-4186-bfe7-423ea5693dc1,TR-4396-326,Truck,10434.85,Marine Fuel,Under Maintenance,4
3a01fe29-c74b-4a99-abbd-aa765d5e88ff,AI-6538-327,Aircraft,108139.5,Diesel,Good,11
029f29f9-de7e-4c7b-8904-e061bc12e949,TR-1009-328,Truck,23463.48,Diesel,Due Soon,4
3055ff10-c757-412b-90c2-fbc75ce1e49d,SH-7951-329,Ship,2472682.22,CNG,Due Soon,14
09cf2d21-5031-43c8-9dcb-e99279cc66fa,SH-3386-330,Ship,8708629.04,Marine Fuel,Due Soon,18
b4c13cf4-96b3-40c3-a992-d1628dd3a5eb,RA-3157-331,Rail,170810.89,Diesel,Good,11
8663a19a-e020-462c-b7d4-1b104dd3db7d,SH-1870-332,Ship,14846152.2,Diesel,Good,10
6167d30c-d618-4b9d-9d7f-0df9b4066167,TR-8299-333,Truck,15600.18,Diesel,Good,17
c55592b6-f5ff-4915-8d1c-ca0b9f30309c,SH-3014-334,Ship,8862939.91,Diesel,Good,14
cd7b7946-17c4-44f9-834d-ee69047d52e6,TR-6011-335,Truck,8145.75,Diesel,Good,3
e794cf0a-69cc-4191-9a76-7db3366ad681,TR-3137-336,Truck,21214.1,Diesel,Due Soon,5
9a9baebe-482e-4167-84b6-fb07d7286b00,SH-5126-337,Ship,15925382.34,Diesel,Good,6
b5511c8c-7a08-418b-a367-3420883da2cc,AI-5532-338,Aircraft,135055.08,Diesel,Good,8
4fda346b-2347-4952-8db6-dbc591d7b286,TR-1256-339,Truck,26457.6,Jet Fuel,Good,7
fc304d90-e9f5-4a7c-8f42-3634bfd01478,TR-7039-340,Truck,22618.94,Diesel,Due Soon,16
90dda56f-225e-45bd-ba77-c14e5e6f2ab8,AI-1170-341,Aircraft,31696.97,Diesel,Due Soon,5
d5fc4887-3920-4b63-ad90-ada707c011e5,TR-9072-342,Truck,18111.87,Marine Fuel,Due Soon,2
514f7319-14f9-4e5f-abc7-de640848589d,TR-5765-343,Truck,21241.6,Diesel,Good,14
4c09b106-3e79-43c0-b66d-1960e038cbdc,TR-8786-344,Truck,4643.16,Marine Fuel,Due Soon,11
696a1f5e-f776-407b-a5b3-9a4ed0c8bff5,SH-3722-345,Ship,5835330.49,Diesel,Good,9
8c452a42-6ba9-4d70-9fee-69713a3be58a,TR-9169-346,Truck,27293.15,Marine Fuel,Good,3
fa0f948f-c118-496e-a894-6888800e1c37,SH-9067-347,Ship,13131983.54,Diesel,Under Maintenance,5
a0bcaa0b-ae1d-419f-b916-502b79cdb9d5,TR-4228-348,Truck,27408.92,Marine Fuel,Good,5
b2fcf10f-b86a-43ef-ac51-960446bfa41a,SH-3280-349,Ship,14297720.86,CNG,Good,10
9fc7ee6f-a43d-4f1f-845e-a7ded870a272,TR-6429-350,Truck,4019.76,Jet Fuel,Good,18
eaed143b-cb19-4be2-971c-fecb773e8d81,RA-3629-351,Rail,506605.84,Marine Fuel,Good,17
895935bb-d18d-47c4-9a10-5ed17f9b8dec,SH-5790-352,Ship,22059626.01,Marine Fuel,Good,18
c1d99f91-ac16-4094-8337-735b1aef11d5,TR-6600-353,Truck,4752.21,Electric,Good,16
2ab36733-9679-4392-a612-33c3919c3cf7,AI-1972-354,Aircraft,20540.33,Diesel,Good,13
0959a6eb-1607-4839-ab00-3b12884588f5,TR-7195-355,Truck,17060.24,Diesel,Good,6
e76e29a8-61d5-409a-bda6-6906a02bb1d0,SH-9615-356,Ship,7601509.7,Electric,Due Soon,17
0f7d9495-4386-473f-b824-96559852b3e4,SH-8025-357,Ship,11409229.46,Diesel,Good,4
cd2c4081-4311-4cc5-974b-ada429a2861a,TR-4230-358,Truck,7604.02,Marine Fuel,Good,14
ec6e4aa5-8267-4f2f-9772-83516693cea1,SH-7031-359,Ship,858578.22,Diesel,Good,2
661b1a4c-7f41-4ee5-b56b-394b38a3c3d7,TR-7026-360,Truck,15304.15,Diesel,Good,9
ada65474-96cb-4eca-9aa8-de0098d33046,TR-5801-361,Truck,10296.26,CNG,Due Soon,4
898d52f3-6aa5-4281-8e66-1c0e1c79c804,TR-7959-362,Truck,21223.13,CNG,Due Soon,5
88ba91ec-a295-466a-853e-cb5891995de6,TR-3933-363,Truck,21032.26,Diesel,Good,13
ed66e454-4efe-433e-a98c-8eaad721b18c,TR-9071-364,Truck,24554.46,Diesel,Good,15
d8381be9-f911-4b99-a0a1-7db6034f2785,TR-9263-365,Truck,7090.0,Jet Fuel,Due Soon,14
19994973-7257-476f-b9a9-df0951ed32a3,TR-5418-366,Truck,8085.78,CNG,Due Soon,11
8af03659-6d7b-40b5-8eeb-75c023c9944c,RA-8739-367,Rail,385262.95,Jet Fuel,Good,16
f04b989b-7af9-4d5a-b424-304eab2a702d,TR-1023-368,Truck,26322.86,Diesel,Good,15
81bbec2e-d625-43cf-aad1-ffe0f82bb0a5,TR-4831-369,Truck,19950.46,Diesel,Due Soon,6
de335971-798b-4238-b4cd-ce598d104a3a,TR-6559-370,Truck,25661.86,Marine Fuel,Good,14
82efab25-6303-4754-b5ed-a15e29079806,TR-1030-371,Truck,5937.79,CNG,Good,5
d7f78d31-6420-4ed6-b07c-e370fcc02786,AI-4226-372,Aircraft,75792.96,Diesel,Good,5
280174f4-a6b2-4d5f-9d35-b12d665563f8,AI-7861-373,Aircraft,43075.84,Electric,Good,16
471a8078-fc9a-41f7-9374-55df3beb5d08,TR-1498-374,Truck,3682.97,Marine Fuel,Under Maintenance,18
0b6014e2-b37e-4e30-b602-e31645017561,TR-8267-375,Truck,12110.63,Marine Fuel,Good,2
7ebeca44-9df9-4535-9394-4c2eb104e398,AI-4917-376,Aircraft,22304.12,Diesel,Good,13
4bf5ca56-9f38-4166-b240-eb6635e5ce37,TR-9224-377,Truck,19572.91,Marine Fuel,Due Soon,5
6583d919-b9a7-4284-b15f-017526209f70,RA-8096-378,Rail,642154.62,Marine Fuel,Good,17
775e3019-9dd9-4c76-b894-81ecfd835000,TR-8903-379,Truck,26859.16,Diesel,Good,17
d396fb82-3023-4150-8c22-15e4ae0c616c,SH-7837-380,Ship,9571736.21,Jet Fuel,Good,6
1e91ee0c-8886-4cc9-b757-95d03541c2a6,TR-8458-381,Truck,10834.2,Diesel,Due Soon,13
57091936-985c-4b19-9547-38a0dbcce272,TR-1220-382,Truck,10124.46,Diesel,Good,6
51bd453f-598c-4dac-8ea6-56cd5580a7dd,SH-4422-383,Ship,18309782.28,Jet Fuel,Under Maintenance,1
7e29d456-6da8-40ba-8141-9688e850cc32,AI-5684-384,Aircraft,73116.08,Jet Fuel,Good,1
4f8061a4-9167-4f90-9c5b-eaa9dc2be5e3,SH-3318-385,Ship,5688428.61,Electric,Due Soon,8
62dc41b8-0ef0-47a3-939c-a81cb9833088,TR-2300-386,Truck,7756.36,Diesel,Due Soon,15
39f7af9c-0fb7-4c94-bf62-0c559323809c,TR-5434-387,Truck,25845.14,Diesel,Good,12
4635c3c0-0726-4f34-8b03-befb1a86c35f,TR-3571-388,Truck,22141.94,Diesel,Good,16
6cde90d3-b84f-43ab-baf7-4f02b90a1566,TR-8850-389,Truck,24417.27,Diesel,Good,8
a0fd9061-7bc8-4ad8-897f-efe9c375944a,TR-4989-390,Truck,24903.52,Marine Fuel,Good,11
f625c631-dd1f-4755-83a4-5218a0dcc4f0,TR-4222-391,Truck,10351.38,Marine Fuel,Good,8
5e2d7576-d7d0-4ac9-979c-e1437fa68b8e,TR-7597-392,Truck,10445.92,CNG,Good,8
cd02ec75-c008-4776-bd2f-ffd986317441,SH-1978-393,Ship,6963697.68,Diesel,Good,12
6f4d73eb-2de5-4594-ad90-a978e9d9c97c,SH-2921-394,Ship,20558286.47,CNG,Due Soon,6
112ebcd4-930f-4381-86c2-f0ae0fb306b8,SH-3600-395,Ship,7460665.33,Diesel,Good,12
86d770e4-4fe0-4e9f-bdcc-e89a376a956b,TR-5692-396,Truck,26415.91,Marine Fuel,Good,3
f6adc265-153f-40d5-877f-0186001f8a44,TR-8240-397,Truck,15999.91,Diesel,Good,5
fd1555f8-322c-4dd7-a8f1-3539f817578e,TR-3238-398,Truck,18841.87,Diesel,Due Soon,14
4d12ea52-0aa2-4d25-87d2-c07851a887c5,TR-8286-399,Truck,25457.5,Diesel,Good,11
a3140bf6-6aac-4839-a2b8-8ad889229c35,TR-9277-400,Truck,7400.25,CNG,Due Soon,3
ef67cca4-0a82-44ac-8e46-8505b2a59a43,SH-3742-401,Ship,14282610.48,Diesel,Good,14
8d47fe7a-1e04-4cd4-9b1c-81b17b73847b,TR-1993-402,Truck,12833.0,Diesel,Under Maintenance,2
8dca14f7-00b3-459c-828a-440eae27ee4e,TR-3388-403,Truck,5912.56,CNG,Good,7
5f0735d4-161e-42bd-b76e-1ec43a4947a1,TR-7606-404,Truck,13365.91,CNG,Good,13
f7b48a03-4973-4deb-83c3-877b0253768c,TR-5783-405,Truck,7260.28,Diesel,Good,16
a3dd3b70-01a1-4002-82d1-d765fdc7bde2,TR-1044-406,Truck,9934.96,Diesel,Good,5
4eb0d378-5f93-43ae-96bb-d2774763b0fa,SH-1964-407,Ship,11471469.6,Diesel,Good,5
c0d646e5-4b28-4c6b-a209-03fb2c0fcfff,AI-3113-408,Aircraft,132240.47,CNG,Good,14
11bd18ae-8f62-4a0e-b41a-c10474da01bd,TR-8803-409,Truck,6058.46,Diesel,Good,4
462acf09-c2b1-4472-9068-552fe115b9fb,SH-4981-410,Ship,2510031.75,Diesel,Good,4
0639c2ad-e558-4896-a7ac-d1a2793923ff,TR-4186-411,Truck,20404.8,Electric,Under Maintenance,16
fee69971-6dac-4f63-af0e-f69b2142cea9,SH-5866-412,Ship,7655352.13,CNG,Good,11
174918d4-d5fb-4d65-a203-791a7172bada,TR-5302-413,Truck,16471.56,Diesel,Good,13
3008ae73-e011-4e1f-b431-ca92b9f17a84,TR-7835-414,Truck,10693.67,Diesel,Under Maintenance,5
2f00bf71-efe3-42f0-9035-98cab4624455,TR-7150-415,Truck,15672.16,CNG,Good,1
ed626504-1231-4827-baaf-3cd306b64eb7,TR-6453-416,Truck,22646.69,Diesel,Good,3
79f46a3f-0db0-48f9-8bc1-31a2181453bc,TR-9404-417,Truck,22179.91,Diesel,Due Soon,13
f7327c52-1dd7-4eb0-a5cd-9fd9abe21af6,AI-5212-418,Aircraft,141667.3,Diesel,Good,17
c595652a-c806-4c7f-a505-a82bd437ced0,AI-8813-419,Aircraft,112175.69,Diesel,Good,16
f337efe1-868a-463e-8f7f-8513a4f06f70,TR-5850-420,Truck,7468.76,Diesel,Under Maintenance,5
ea8ae7b3-f1ec-4701-a7db-b61a518da9da,AI-9502-421,Aircraft,133693.79,Diesel,Good,4
80de98a8-9935-427f-9193-d68cff66f5e4,TR-5096-422,Truck,17962.57,Diesel,Good,1
44451ec2-f0be-4183-9d6a-5c43c03505b8,SH-4564-423,Ship,24984324.41,Diesel,Good,18
efb51628-db76-4e9e-92db-a5e6d9f7ed24,SH-3348-424,Ship,4596328.2,Marine Fuel,Under Maintenance,4
758503a7-2edf-4ce5-83fa-82ec98a40c21,SH-7992-425,Ship,5023525.51,Diesel,Good,7
ac404e14-48a8-4d37-8e51-0bfafd6120ef,TR-7900-426,Truck,13387.41,Jet Fuel,Good,17
e31979a9-1a24-4de2-920c-305401eb1314,TR-5070-427,Truck,8070.1,Jet Fuel,Good,15
dbfbc1e0-4204-475e-aa7d-83f550d99d19,TR-6006-428,Truck,25576.32,Diesel,Under Maintenance,10
d77df418-a739-4b38-8dca-c65fd85cf0e3,SH-5222-429,Ship,15253385.99,Diesel,Good,6
a9f9a16b-6a5e-41ba-a86c-473a2992bb6f,TR-1295-430,Truck,14209.48,Jet Fuel,Good,7
c1f07545-4eba-4eb3-91f2-2b940a9716ad,SH-5147-431,Ship,9099201.8,Marine Fuel,Good,14
876bc8ef-e5d7-4d39-bf90-7b15d2b14e94,TR-1346-432,Truck,26837.82,Diesel,Under Maintenance,8
d6f11e45-f795-40f7-8bae-1e70bff171c4,TR-4508-433,Truck,10991.32,Diesel,Good,2
aa23baed-9111-490d-ad17-c03f075dd3a7,TR-2490-434,Truck,27670.18,Marine Fuel,Good,5
455dbd99-ce58-4f1e-a26c-548e13d7655a,TR-1000-435,Truck,26103.32,CNG,Good,7
7c3be035-9cc0-4fe7-a9bd-bb115b0c0d18,TR-1398-436,Truck,15747.6,Diesel,Good,15
a5835024-c537-4ab0-960d-d2fbfe8cb724,TR-3368-437,Truck,11924.54,Diesel,Good,9
0bb777e4-329b-4f7d-bccd-ff6e1e5dd40c,AI-6248-438,Aircraft,83342.3,Diesel,Due Soon,10
4172d1b1-257c-4524-b6ac-181927a3532d,SH-3975-439,Ship,18678548.25,Jet Fuel,Due Soon,4
51f69934-a777-4f71-b396-2462f5970658,TR-8538-440,Truck,14516.56,Diesel,Under Maintenance,6
0fbc7fe9-c6d9-45f1-b2e5-365269634451,TR-6038-441,Truck,11026.81,Marine Fuel,Good,9
f9786f3f-8fc5-4fbe-87de-22b7aa2479f7,SH-2219-442,Ship,11701351.08,Diesel,Good,12
2b81ce58-741f-4f89-99ed-0c91fa7fa4e3,TR-5706-443,Truck,19415.68,Diesel,Due Soon,3
044c0d04-61fe-493e-b265-6872cc82a8c2,SH-2865-444,Ship,12313333.73,Electric,Good,8
177cbcdf-c7ca-4f5c-9e6d-0ea6944dcc7c,TR-8610-445,Truck,7306.87,Marine Fuel,Good,2
8ddbcfd1-3621-456f-aa1d-179a495b21a6,TR-9335-446,Truck,16127.86,Diesel,Good,5
9af19fd6-fb83-47be-af4f-fc2293087d66,TR-2400-447,Truck,11409.45,Marine Fuel,Due Soon,18
880453fb-7027-46f0-b280-c9187b99f2cc,RA-3436-448,Rail,188397.57,Diesel,Good,14
2f673178-157c-4caf-a937-2ff28cded296,TR-4529-449,Truck,22356.93,Marine Fuel,Good,17
428cf54d-5a8a-4e16-ae52-ddae1be8a0b4,TR-6300-450,Truck,4423.16,Diesel,Good,1
c40e5385-bb0a-465b-9c8a-c759d4cb7229,SH-8608-451,Ship,11974595.82,Diesel,Good,7
c23498eb-1c77-4185-a2f5-0842316e85c7,TR-5874-452,Truck,21281.42,Diesel,Good,10
6bd0900e-c08f-4d18-a181-4c5af37093c8,SH-6052-453,Ship,7369247.13,Diesel,Good,13
621abcfc-de36-44fd-b8fd-1e43b7bafaca,SH-9548-454,Ship,21390601.89,CNG,Good,2
9d71a2a5-cbb0-4281-8c0e-d68d0f816572,TR-5148-455,Truck,26140.69,Diesel,Good,7
d01af58d-ee24-4026-9286-1dd17cc63972,AI-4452-456,Aircraft,13142.42,Diesel,Good,14
2b208aba-987a-4d35-ae9e-1820ca5d3608,TR-8720-457,Truck,24377.16,Jet Fuel,Good,8
9f5c7002-383c-4b08-93ec-db2366806e0c,TR-9804-458,Truck,21612.3,Jet Fuel,Good,18
8f221fad-4594-40d7-a46a-53d8d985884d,TR-6999-459,Truck,22721.74,CNG,Good,3
0920c2c3-9aa0-422c-b101-b2ac3a603f90,TR-1073-460,Truck,4781.4,Diesel,Good,13
8c618417-fa18-4236-98d5-65369198a259,TR-5638-461,Truck,4951.28,Diesel,Good,3
37827639-605d-4e6f-bf06-a3d0387238a9,TR-9318-462,Truck,26225.69,Marine Fuel,Due Soon,16
61cd1041-58d6-440b-8426-d2c15f684a87,AI-2473-463,Aircraft,121961.94,Jet Fuel,Good,14
747e5c51-7e5d-4260-b2f6-6de5690d0bdb,AI-8703-464,Aircraft,89827.19,Diesel,Due Soon,16
7b9ef573-7c33-4780-ad9d-ef5be62d1bf1,TR-5307-465,Truck,15819.01,Electric,Good,5
56b62648-5877-4fb7-8b60-b74de9036236,AI-7639-466,Aircraft,75825.44,Diesel,Good,6
cf59ea9d-486a-4572-bd78-9004d3e153b9,TR-1107-467,Truck,5153.07,Electric,Good,12
4788aa0f-428a-403b-94b6-d27f08b8045c,TR-4980-468,Truck,3685.65,Marine Fuel,Under Maintenance,1
51b79e19-80a6-448b-84ba-d2c6f1419685,SH-7033-469,Ship,24183097.67,Diesel,Good,9
fc81ad68-4408-4a58-8e61-03e9cd8be459,SH-5949-470,Ship,16137385.61,Electric,Good,17
946bf959-568a-4db7-b787-9329f81cd1ca,TR-4185-471,Truck,13097.08,Electric,Good,12
2fee4dfa-944f-4c3b-9830-590ca0cabc80,TR-2690-472,Truck,23388.83,Diesel,Good,1
9020309e-9bbc-4781-b39e-759ed020518b,TR-7183-473,Truck,27162.39,Diesel,Good,13
9eb20436-05b0-483c-a6e2-0a1f63438e6a,TR-4142-474,Truck,18002.04,Marine Fuel,Due Soon,7
706f64b3-37d2-4354-b2d8-e1a13c3013ac,TR-3834-475,Truck,15530.49,Diesel,Due Soon,14
eac5ba91-1914-412a-a196-df882542c9b9,SH-9291-476,Ship,5456339.01,Diesel,Under Maintenance,12
ab7e3ee9-2dfe-41ec-ad30-47ace7b8a7c1,TR-5207-477,Truck,14994.45,Diesel,Due Soon,14
7a6b280d-3e08-44c8-9250-0776fbfc7158,TR-1075-478,Truck,19475.73,Diesel,Due Soon,15
2863ab0a-40f3-4aba-a456-3cd4196a73af,TR-5279-479,Truck,20593.23,Electric,Due Soon,8
87b5c00e-d836-4c9e-80bf-88a60e317f76,TR-3929-480,Truck,4168.6,CNG,Good,8
15100ddd-dc4c-4a6a-ae5c-ad4943b7fc73,RA-9484-481,Rail,617084.29,Diesel,Under Maintenance,14
100772a6-88b5-40e0-896f-e8439c34569b,SH-3334-482,Ship,17242327.05,Diesel,Good,13
a743ca55-a60b-46ea-ad01-a6e9f5391200,TR-6934-483,Truck,24155.7,Marine Fuel,Good,2
b07a7852-b478-4774-be83-ab6cd81db1ab,RA-3043-484,Rail,405290.38,Marine Fuel,Good,4
1627a9ea-257f-491a-90c1-f87d48c59096,AI-8428-485,Aircraft,51282.14,Diesel,Good,8
374ef078-0d20-42de-8a99-160f237c2bff,AI-8984-486,Aircraft,96105.32,Diesel,Good,5
a2487fab-9104-4d59-9e06-1f55506137ea,TR-1633-487,Truck,20317.51,Diesel,Good,5
a205110e-2922-4fed-9c55-6daf739b0312,SH-1310-488,Ship,16471557.13,Diesel,Good,16
eae48850-a11b-4404-a8df-5b6d8edd98ea,TR-7632-489,Truck,16928.85,Electric,Good,11
08a23494-9b28-4595-8000-84af12cf7143,TR-6697-490,Truck,9168.6,Electric,Good,7
0e78c7f2-0a4c-4aac-84bd-4754841b347c,SH-9627-491,Ship,13316284.27,Jet Fuel,Due Soon,2
73191ed5-6c4e-4a8e-a087-608557db0743,RA-5068-492,Rail,186016.24,Jet Fuel,Due Soon,11
ad3d547a-2155-4079-ac7b-5507f2ceda68,AI-5356-493,Aircraft,21567.9,Jet Fuel,Under Maintenance,9
dde81da0-3ed4-4a1a-9f99-ae4bbb0c0f30,SH-1185-494,Ship,12280858.97,Diesel,Good,16
88416e49-2629-4ae7-a026-579234585b25,TR-2921-495,Truck,26020.24,Marine Fuel,Due Soon,6
94633df8-a000-43ee-9764-45c04a83a722,TR-6606-496,Truck,7689.07,Diesel,Under Maintenance,13
6babf0c3-5633-43a6-962b-f80a61adb730,AI-9983-497,Aircraft,30496.14,Marine Fuel,Good,16
07b65d72-431d-4741-b60a-f3c6686b3ee2,TR-8694-498,Truck,7427.53,Diesel,Good,17
5342b7a0-9637-4fc0-be04-ca9473a237b8,TR-8615-499,Truck,4176.27,CNG,Due Soon,16
0fe3e9a5-e2ed-4690-8f91-b1b0fd75e8a8,SH-9737-500,Ship,14932908.84,Electric,Due Soon,10
0047fe93-f852-480d-952e-f3233b7600b6,TR-5187-501,Truck,9440.25,Diesel,Good,6
aa5a50a7-9a59-42b8-9e84-b6bbcad8b563,TR-6160-502,Truck,7910.47,Diesel,Good,5
63489f9d-0673-4d58-bd50-d31c50ec4c15,TR-6959-503,Truck,25950.35,Marine Fuel,Good,3
db4e940f-f913-42aa-bf12-407bb954e491,TR-6734-504,Truck,5221.55,Diesel,Good,17
b01275ff-d601-4471-a478-eaea26897d50,AI-8638-505,Aircraft,65441.44,Marine Fuel,Good,15
e433c4b0-9bc1-4530-bc63-196a2dadb805,SH-9040-506,Ship,4299511.65,Jet Fuel,Good,7
ffda5a05-25cc-4c9e-9d4d-67b3cfafc2eb,SH-2056-507,Ship,3367753.11,Marine Fuel,Good,1
facf2f2d-6b4b-4636-9796-5dc13e11a49c,TR-8968-508,Truck,24609.08,Marine Fuel,Good,17
12526afa-d5ec-4912-983a-c5f1ca3aba8e,TR-4947-509,Truck,14014.16,Diesel,Good,15
d99b489d-02c6-45cc-a809-feb2e8faa172,RA-5294-510,Rail,135189.54,Jet Fuel,Due Soon,14
e0be11bc-2a79-4071-bd36-8d580f058f6c,TR-4368-511,Truck,12307.56,Diesel,Good,6
85592450-f280-43c5-ab24-22f77fcd220b,SH-9320-512,Ship,5208661.85,CNG,Good,10
0f6164fb-c50f-41d6-a2ee-4fbb17837f7d,SH-1023-513,Ship,9781212.77,CNG,Good,1
25a9a78a-2036-44b7-867f-0981919d3f30,TR-5774-514,Truck,15285.89,Diesel,Good,18
c3027210-d543-4a4e-bbbc-bcb5a33a4191,TR-1016-515,Truck,17370.59,Diesel,Due Soon,14
e6dd34bd-da6d-4b0d-80ff-69b5adb493a0,TR-7112-516,Truck,11436.29,Diesel,Good,9
a3604f14-78f5-40d9-ad7b-ea3af64736d8,TR-5960-517,Truck,16476.93,Diesel,Good,4
310459bc-13c2-4520-be9f-80ff3d46968b,TR-4906-518,Truck,18506.58,Diesel,Good,1
73ae22a9-ea80-4c41-be19-403865ef8199,AI-4268-519,Aircraft,12959.54,Diesel,Good,10
c5aee751-d04b-4a67-a198-47ff20e48329,TR-9139-520,Truck,23793.36,Diesel,Due Soon,7
47c40a3b-0cb9-4f51-8221-41d39a59c954,SH-7084-521,Ship,5275344.99,Diesel,Good,8
9de5bb9c-3e48-4213-aafb-b36416674733,SH-6124-522,Ship,3412675.8,Diesel,Good,13
bdf7e38e-bcc6-452b-8bab-df9e99f35072,TR-3064-523,Truck,4371.67,Diesel,Good,14
0a353593-3d87-4ec2-b54c-18ace18e0dee,TR-8020-524,Truck,19438.66,Marine Fuel,Good,12
bd7fa330-a70a-4c5b-a934-2cefbe2dfb8b,TR-6705-525,Truck,17993.26,Marine Fuel,Good,11
f36c43fd-7380-4c59-b0f1-c903635b1bf7,TR-5706-526,Truck,7792.69,CNG,Good,16
f2f60f0d-0d5d-4689-b786-c8e18e538d05,AI-5689-527,Aircraft,77356.15,Diesel,Good,15
51a60cef-3aca-4b41-8c28-30d0c232fb95,AI-5093-528,Aircraft,56913.31,Jet Fuel,Good,11
3b68cc75-fea8-4f3a-be31-34f142cf6988,TR-1465-529,Truck,27948.28,Diesel,Good,5
adca74e3-5999-4eea-823a-19e86da7fda7,SH-6928-530,Ship,11782264.68,CNG,Good,1
3a728b41-43c2-4791-ac93-29fdb1352e64,SH-8623-531,Ship,12502745.29,Diesel,Good,4
12b690b2-f424-42a6-bab9-cfa710163a3f,TR-4582-532,Truck,9894.87,Diesel,Due Soon,8
4c170038-28c7-4b0c-abd0-04fedae5e6a4,TR-7386-533,Truck,14406.07,Marine Fuel,Good,7
9b3086d4-04b1-4f62-8d29-de60a015ca8e,TR-9091-534,Truck,6402.48,Diesel,Good,8
28f2b9d0-1512-471b-93a8-0a02860aaebc,TR-5161-535,Truck,21240.44,Diesel,Good,5
58c3f142-e566-474a-9719-45484be75672,RA-5692-536,Rail,188204.65,Diesel,Good,9
3c62de18-6506-4825-9a50-5d275ae4b76b,TR-4993-537,Truck,13072.8,Electric,Good,10
2e63c7f1-46d8-49ab-8291-8eb263e50566,TR-9339-538,Truck,4520.94,Electric,Good,16
6f07c3b6-e2da-4cfd-834f-0c4a8a7cf4ec,TR-6516-539,Truck,19906.66,Diesel,Due Soon,18
3404e481-11b1-47a7-9497-99635e4ad6ae,RA-9503-540,Rail,606970.53,Diesel,Good,18
ad871ea8-ace7-4b40-ae6f-39ff5747fb81,TR-9977-541,Truck,25260.69,Marine Fuel,Good,15
a5bcb328-79ea-49e4-a3f1-fccfa2355fd2,TR-4113-542,Truck,6044.37,Jet Fuel,Good,2
18478b32-3422-459c-88cf-0397070cef0a,AI-7835-543,Aircraft,94867.96,Electric,Good,18
343f3f73-5157-4e67-bd0a-d8bf18370c55,SH-5386-544,Ship,10990711.36,Diesel,Good,1
d14f95e6-d22c-4017-971b-bb6602f20845,RA-5836-545,Rail,427407.59,Electric,Good,1
55d567cb-c39f-4593-8289-2c0252dc1c80,TR-2626-546,Truck,7309.36,Electric,Under Maintenance,6
f45a99ee-0d74-4af2-bbc1-f1c5100e198b,TR-2406-547,Truck,4458.1,Diesel,Good,4
d0550e64-e41b-4178-b1a3-4ae94fce2f7f,TR-6532-548,Truck,12086.04,Jet Fuel,Good,15
c6f2f0b2-df32-4d2f-bff0-1cbc432887da,SH-1123-549,Ship,4564389.88,CNG,Good,16
3d1f19e1-e8fd-45dd-8870-a785994a5ad2,TR-4519-550,Truck,3370.33,Diesel,Good,5
6467f4a2-8e38-4360-8734-3866f7921707,AI-3607-551,Aircraft,12187.0,Diesel,Good,17
50f4ccab-68cf-4c75-b4ad-07108c3ea2bb,AI-5751-552,Aircraft,44083.84,Diesel,Good,15
a0366f5c-cd8c-4900-af8d-391325bbcb35,SH-7283-553,Ship,16657414.2,Diesel,Good,5
67281b03-8931-4d73-a015-d61a30c4de44,TR-3766-554,Truck,15295.01,Diesel,Good,18
17fa50b3-051b-40b5-82f2-c8d18a6fbbfe,TR-2533-555,Truck,9309.3,Electric,Good,4
78ed56ca-e5ee-40eb-8b4a-13560e236237,SH-6832-556,Ship,24686448.03,CNG,Good,15
b1005378-90e4-4eb9-b2c0-3cf68e54d607,SH-5970-557,Ship,6872867.91,Diesel,Good,15
a2f67888-c9f6-4e77-9085-e70d8acf3b22,TR-4585-558,Truck,7171.15,Jet Fuel,Good,8
4a21046c-60f6-4b61-bc98-fa6042957b67,TR-4683-559,Truck,27392.08,Jet Fuel,Good,12
e17da0c9-0249-42d1-8a17-7efb22533faa,TR-5873-560,Truck,13161.14,Diesel,Good,11
9bdb03eb-36f7-4356-b175-e4a30b38affa,TR-3482-561,Truck,27851.74,Diesel,Good,2
4ed46ef1-0432-4c13-a7f0-e15877239c23,SH-7911-562,Ship,2621574.88,Diesel,Good,11
fa6a115a-efa5-41a7-9fe4-573d70b979ab,TR-5276-563,Truck,18668.1,Diesel,Good,17
f48ffec2-8500-45a2-9788-539628f7723b,TR-6049-564,Truck,10553.82,Electric,Good,7
290c5023-ab67-4408-a45e-dc552bc87a83,TR-4205-565,Truck,4854.44,Diesel,Good,6
e474226b-7780-45c5-a96f-e13b8c47b2c5,SH-7400-566,Ship,18505231.13,Diesel,Good,17
c7c245e5-54a1-4ec7-8c46-21c776b56e45,TR-9586-567,Truck,9996.03,CNG,Good,4
b75d6375-b512-476e-8308-471b6b322852,TR-1102-568,Truck,8693.78,Jet Fuel,Good,9
3d3c02f9-a71a-4eb4-ba3d-177f852c4681,TR-8579-569,Truck,9920.95,Diesel,Under Maintenance,2
294de1ad-7efa-49a0-aaa4-bc435bfbfaf6,TR-3362-570,Truck,15011.19,Marine Fuel,Good,10
38a6401e-c5c7-42d8-868b-d63064c6ceaa,TR-3800-571,Truck,3811.31,Diesel,Good,11
3a6c48bd-5bb3-4588-b893-f71bc4718bb2,TR-7685-572,Truck,10338.4,Marine Fuel,Good,7
578e87ce-93a7-439f-ab98-72795f2433af,TR-4069-573,Truck,9567.18,Diesel,Good,14
df5dc2d2-ffba-4bee-bae7-f869fae2f07a,TR-6875-574,Truck,20612.88,Jet Fuel,Good,12
31c26401-7570-4d81-82a7-5aed1b078ead,SH-1240-575,Ship,14104811.25,Jet Fuel,Due Soon,14
d61ca2f5-8193-4697-b867-969335fcc053,TR-3926-576,Truck,15172.4,Diesel,Good,16
d2e219c9-96a3-469d-bef2-0d727a3021aa,AI-3614-577,Aircraft,54857.97,CNG,Due Soon,5
aa07a9af-599c-4f6b-91ff-325a75609be7,SH-6784-578,Ship,14547325.94,Diesel,Good,11
7e2e2d22-3225-498b-aaa9-edd1547756b3,TR-4246-579,Truck,26300.47,Diesel,Due Soon,12
c728f9ef-9f84-497c-9fc5-94d93e27144a,TR-5713-580,Truck,5199.97,Diesel,Due Soon,14
643c3395-38dd-47cd-82cd-2e2a2f983bda,TR-7512-581,Truck,23593.59,Marine Fuel,Good,12
0442e4f6-43c6-4a01-8b60-be046dc1ed2a,TR-7782-582,Truck,26570.69,Electric,Good,9
17effad1-0f68-428c-888d-2eb5f9502d85,TR-5314-583,Truck,13217.9,Jet Fuel,Good,7
5715f1a3-6416-470d-9976-4eae471e3b07,TR-1639-584,Truck,24946.33,Diesel,Due Soon,10
bb8765d9-6fba-435f-afda-cfe407950387,SH-1356-585,Ship,14680362.21,Diesel,Due Soon,1
de3156a0-b4f2-425f-acb5-099a4cda65a9,SH-1237-586,Ship,2261510.68,Electric,Due Soon,2
f8cb3b3a-d4a1-430c-981a-8334b41c88cd,SH-9696-587,Ship,15299764.03,Jet Fuel,Due Soon,12
5c31890a-3d6a-4e0a-9425-2e401f2e1e2e,TR-2919-588,Truck,7969.19,Marine Fuel,Under Maintenance,15
656058cc-655a-499f-ac36-5bbf9a904491,AI-4169-589,Aircraft,138112.37,Diesel,Good,6
e0745584-f152-4e3e-9943-8ad5c7debbc3,SH-8767-590,Ship,1962542.04,Marine Fuel,Due Soon,16
00931206-fcc2-4e98-b046-b751d1e8befa,TR-8069-591,Truck,8088.5,Diesel,Due Soon,13
afa03417-4a75-4d2c-9e10-fe30c32eb0b1,TR-1263-592,Truck,11081.19,Jet Fuel,Due Soon,10
40fac459-065c-4022-ac3f-f2565299fa36,TR-9352-593,Truck,5662.68,Jet Fuel,Good,2
24bf037f-c086-4055-abf8-882425a906b5,TR-3242-594,Truck,27263.66,Diesel,Due Soon,1
25e723f5-c904-4fed-9644-6a5206b43f55,TR-7817-595,Truck,23204.63,Diesel,Due Soon,7
73c2158f-6dfd-47c8-9418-fe45862d74c0,AI-1462-596,Aircraft,76433.93,Marine Fuel,Good,15
e1eaeb00-f86e-4340-9417-ab506c311866,RA-4108-597,Rail,63459.24,Jet Fuel,Good,8
35c92516-b77b-4078-b946-a2efc8d4427e,TR-8071-598,Truck,9167.85,Diesel,Good,10
1ce5889e-cdec-49cc-9ce6-7ae8d8297278,TR-7315-599,Truck,23968.59,Electric,Good,11
81b55e9a-49b5-453b-b565-885fcc8bc28c,TR-2809-600,Truck,21993.42,Diesel,Due Soon,16
278b1971-b89d-4d39-a93e-1a098b3cc76b,SH-9272-601,Ship,4083635.28,Jet Fuel,Good,9
fcced742-1e30-45db-acfc-2dc2a200fed3,TR-4612-602,Truck,4339.27,Marine Fuel,Good,8
78ce2be7-8ff5-4fec-b06f-508f47d199ca,SH-2219-603,Ship,758687.48,Diesel,Good,17
9ee2b2af-7e05-4125-9123-8a2f4c67feae,TR-1092-604,Truck,13820.24,Marine Fuel,Good,6
a42b27b1-7ba5-466f-a8d6-749d37eecea0,AI-6477-605,Aircraft,60550.02,Diesel,Good,1
98a7e0fc-b892-453b-b221-88d415a6e41f,SH-7114-606,Ship,23000534.71,Marine Fuel,Good,14
2a2a601a-85f8-4f7c-9cca-c883345dea2a,TR-8975-607,Truck,10190.97,Diesel,Good,14
aead44d5-24c0-4334-b864-d5762f2c233f,SH-4777-608,Ship,16424795.21,CNG,Due Soon,10
a70cdbdd-869f-427e-8103-ec6825b05e35,TR-5944-609,Truck,5554.89,Diesel,Good,17
cee28762-be06-472b-b5b6-04213a05d599,TR-2000-610,Truck,12595.47,Diesel,Good,8
a5486d99-f374-4991-a20c-a829ad4e92d0,TR-5154-611,Truck,6819.34,Diesel,Under Maintenance,11
8f1cdd56-b743-4ffa-90c1-d9cd81afd1a0,SH-7341-612,Ship,22641360.75,Marine Fuel,Good,16
6e0a6896-2376-4d96-bf8d-cc8c480862f7,TR-2128-613,Truck,24892.24,Electric,Under Maintenance,6
4c48fcfa-910e-4877-ba12-ec9d183b89de,RA-7763-614,Rail,694322.0,Diesel,Under Maintenance,2
530f048b-9c25-46a0-9aba-36a6bbb6c180,TR-7065-615,Truck,17913.42,CNG,Due Soon,5
919161d0-5926-4b4b-9ec1-56fd07a5412d,TR-9498-616,Truck,5830.51,Diesel,Under Maintenance,16
ea87a21d-0960-466d-b2ed-74561d13db67,SH-2151-617,Ship,16610248.38,Diesel,Good,3
effd2dd0-86fa-44dc-a049-9a2edf594061,TR-5994-618,Truck,16630.79,Jet Fuel,Good,8
12b72ab0-b607-466c-b577-fdab04957361,TR-8372-619,Truck,8873.07,Diesel,Due Soon,6
a37afd9c-857d-4d07-aa87-cc0fd3401dce,AI-2084-620,Aircraft,49830.52,CNG,Good,10
5730409e-1363-4581-896b-feaab02a7ea6,TR-6475-621,Truck,17585.82,Diesel,Good,5
4f2e1bec-e21a-4611-a5a7-4b0544396929,TR-1363-622,Truck,22127.09,Marine Fuel,Good,9
419ea6cc-5feb-4e0a-9601-4972449aed01,TR-6829-623,Truck,8863.11,Marine Fuel,Good,13
92245e87-3133-4b96-8642-209a51a77cb3,TR-7480-624,Truck,4951.78,Diesel,Due Soon,14
54b1c06c-8111-4144-b83c-4b438c0a28ee,TR-4319-625,Truck,6502.6,Diesel,Good,13
939f1eb7-f9e6-4705-8907-4c4bceae57fd,SH-9954-626,Ship,21836580.56,Jet Fuel,Good,14
98f66da5-c703-4027-9835-fbb169efd4e5,SH-2912-627,Ship,7583041.71,Marine Fuel,Good,2
e2562a2c-3e29-4ebf-b012-6d815605450c,RA-2174-628,Rail,101591.11,Diesel,Good,2
ee7d5057-ce84-46a5-8d48-c8dd8d9c41b0,SH-2197-629,Ship,1260029.83,CNG,Good,11
ae74e9d3-510e-4278-9762-c4e4c633b42b,TR-7862-630,Truck,26362.63,Diesel,Good,5
fbb7ecad-e29b-4c36-933b-ef2830b617fa,TR-7297-631,Truck,27886.65,Diesel,Good,16
bdc786ce-959c-4f9c-8110-ca724b870916,SH-1238-632,Ship,18467182.5,Diesel,Under Maintenance,16
f4451b99-547d-474b-8533-f7241bb80142,RA-8804-633,Rail,483265.06,Electric,Due Soon,16
9ba2fdf9-bb7f-4e95-b841-35c13d9abdb4,SH-8241-634,Ship,17488953.13,Diesel,Good,11
3ec5c7af-567b-441e-81e0-8f1f880a3a3f,TR-3693-635,Truck,24407.71,Marine Fuel,Good,5
d63050cb-f032-40e5-9092-52f8f9d59570,TR-8675-636,Truck,12303.71,Diesel,Due Soon,13
2a3118d2-f57f-4749-9214-7d9eabde6a4c,TR-4604-637,Truck,19173.9,Diesel,Due Soon,1
034a5be4-82fa-47f0-b184-c08123c90227,AI-5308-638,Aircraft,96352.8,CNG,Good,15
82e3270c-6703-4ec8-a683-b45aa43919d5,RA-3572-639,Rail,151078.8,Diesel,Due Soon,5
6916dd9d-72fd-4513-91fc-1fc03a8c34fc,TR-2673-640,Truck,12838.13,Diesel,Good,12
38cc4240-201f-41c2-8c9b-10ae07acf0a2,RA-7414-641,Rail,134432.72,Diesel,Good,2
4f2acf08-0e70-46c8-92af-229a8d6a3065,SH-5583-642,Ship,22877554.91,Jet Fuel,Due Soon,16
e1d78632-ce64-49fc-aa12-a1fea4097b0a,TR-7252-643,Truck,21631.71,Diesel,Good,8
6e1eb676-0dc9-4fef-b2a3-2518dabb42af,TR-6985-644,Truck,11283.02,Diesel,Good,18
6cf37231-6c26-4069-b863-56a8583ec0c4,TR-7227-645,Truck,14045.11,Diesel,Good,7
cfb4edb4-d62e-4098-94b2-e64b6d9b3415,TR-1688-646,Truck,3056.04,Diesel,Due Soon,1
4f143764-c466-42a0-b092-d641640d80c1,TR-3086-647,Truck,24457.98,Marine Fuel,Due Soon,18
08971e55-d452-4606-a1c2-827b23b1a732,SH-7574-648,Ship,19318220.02,Diesel,Good,7
d1083d27-c50b-46aa-8691-df4aca650d60,TR-4401-649,Truck,9226.7,Marine Fuel,Good,9
7ffc3d1a-a958-4cd4-ad2c-c69af650aac3,SH-7926-650,Ship,21128455.74,Diesel,Good,5
8eb32671-164e-4a1f-adfd-a2f7c7f32dd3,AI-5310-651,Aircraft,17199.99,CNG,Due Soon,18
5b6c7a0d-7aeb-439a-a520-d66086e52d71,TR-6523-652,Truck,4740.53,Electric,Good,7
9c454d59-7db6-4201-92f5-20fce060d293,AI-7352-653,Aircraft,116848.66,Diesel,Good,5
cd7d8b9e-dad1-4b7f-b8d3-5212e75e7815,TR-6467-654,Truck,13654.52,Diesel,Under Maintenance,13
0ca54245-9e67-4ad9-806f-d65fa9e880ec,RA-6443-655,Rail,562907.84,CNG,Good,11
9150c9f7-e637-4b6d-a32d-97c200724e47,TR-7730-656,Truck,21461.19,Diesel,Due Soon,6
f1eaa035-08c1-4460-a1c5-343e307ecace,TR-2371-657,Truck,20738.53,Diesel,Good,15
b4794957-5a3e-4040-8703-149ab50d2fea,TR-3519-658,Truck,10530.66,Diesel,Due Soon,9
110f4c60-6604-4f79-a2ab-eaf4b5ab5849,TR-9915-659,Truck,18402.32,CNG,Due Soon,17
50908f8c-5f39-47de-b301-ecf157fe84ba,TR-7284-660,Truck,4521.01,Diesel,Good,11
ab35cf0a-e4e7-4108-9cad-13dd5cbe804e,TR-9292-661,Truck,8342.17,Jet Fuel,Due Soon,11
b751edba-4b38-452f-9ad7-582f0c4e2bad,TR-7892-662,Truck,27029.05,Diesel,Good,14
88809141-cb65-43b2-8483-5f854da4af15,RA-7739-663,Rail,172696.19,Diesel,Good,6
bf5e6f49-95e5-481d-b911-fcd74d4ef39d,SH-8932-664,Ship,21218695.56,Marine Fuel,Due Soon,6
7ac63a11-5695-4c31-a439-007b30bad8f1,SH-8606-665,Ship,20132893.15,Diesel,Good,7
ad344886-75f6-4ad2-aa64-6c739a5f862e,SH-8460-666,Ship,18995280.7,Diesel,Due Soon,1
0fcd8031-22ee-46df-93d9-10f98d7fecf6,SH-9030-667,Ship,9677013.9,Electric,Good,2
edfa28ca-3fe3-4047-8942-d2d25482d67a,TR-3537-668,Truck,12357.63,Diesel,Good,14
64a97a4d-4019-4376-9a3a-e29adf59e5a6,AI-1921-669,Aircraft,76111.81,Diesel,Good,14
421f16a0-9e6a-462c-969c-0682755a662a,TR-2034-670,Truck,21970.65,CNG,Good,8
b7d35a27-e0eb-4827-be2d-609f60b6d792,TR-8373-671,Truck,17240.31,Diesel,Due Soon,9
faff3176-8f1a-4148-9044-fb4c5967d9cb,SH-2622-672,Ship,17424931.94,Diesel,Good,2
8fc28d51-f69b-4e3d-85c9-bc3ed48786ff,SH-6517-673,Ship,651815.17,Electric,Good,12
d69762ee-1142-4d3e-b51e-f663ed63f63a,SH-9300-674,Ship,9915611.8,Diesel,Good,1
0efadc35-dfb0-43d4-b15e-0d0b15410878,TR-9406-675,Truck,24392.36,Marine Fuel,Under Maintenance,4
4b7eef73-8ca6-4d1a-b958-fa57d33930aa,SH-1883-676,Ship,6156985.08,Marine Fuel,Due Soon,15
2b0651f3-6637-4db2-b517-2fcd8606a28d,SH-8186-677,Ship,21471571.06,Electric,Due Soon,4
6bbae47c-4728-49be-b40e-9f215f2700af,AI-6663-678,Aircraft,50143.7,Diesel,Due Soon,17
57ab2c87-2593-4002-9cbd-817bce0c63e8,SH-2482-679,Ship,23497155.8,Diesel,Good,6
cfe2cb1c-14e7-4846-b984-a3c6164991db,TR-1209-680,Truck,4403.74,Marine Fuel,Good,3
75f2995a-b536-4871-ab2c-495bfe3e308a,RA-3012-681,Rail,356515.56,Diesel,Good,4
3e037392-f029-44dd-8e66-315354e5b5ec,TR-4733-682,Truck,16779.08,Jet Fuel,Good,7
0d4f40ff-d165-4c24-a52d-dbda561b2d3a,AI-8839-683,Aircraft,133910.13,CNG,Due Soon,11
18b8e0a7-759f-4b57-b110-3474e3f16e29,TR-1118-684,Truck,5551.9,Diesel,Due Soon,16
72e2f338-7889-469c-98c0-77cf318130ac,TR-9010-685,Truck,8398.4,Diesel,Good,9
7be8d586-66bc-4f05-9050-da1b0723a3a8,TR-2313-686,Truck,18679.72,Electric,Due Soon,5
b7d5cbb2-b01f-4363-80e6-6cd18c78d357,AI-2312-687,Aircraft,133831.63,Marine Fuel,Good,8
bcf3cf8c-dfb6-4e54-941e-85156df6081c,SH-5069-688,Ship,19693759.13,Electric,Good,1
5540f185-79ea-4989-b802-a35a3f53db69,SH-3768-689,Ship,24847671.41,Electric,Good,7
3b756bf8-5f2d-4484-9196-eab477c8a6a7,AI-7034-690,Aircraft,41532.37,Diesel,Good,17
dfe7fe8d-b929-4c00-87fd-02c92adbf98d,RA-4746-691,Rail,208172.47,CNG,Due Soon,4
3e731872-f79a-4f62-a784-097a67732dc6,TR-3863-692,Truck,20138.85,Jet Fuel,Good,13
ad9ef303-0659-4923-ab56-b4a78012dd9b,TR-4347-693,Truck,8874.96,Marine Fuel,Good,18
839177b3-b1a6-41cf-9cff-3961b174da8e,TR-1015-694,Truck,14566.46,Diesel,Due Soon,1
0daed58f-e5d3-4d96-bd53-fc95408d78ff,AI-9053-695,Aircraft,121043.04,Diesel,Good,14
3c45d88d-b315-4b4c-b824-a803ae5189f9,TR-2701-696,Truck,11546.56,Diesel,Good,14
cbc31285-9293-4721-afed-1bbe9d467a25,TR-1471-697,Truck,8043.08,Diesel,Good,4
c8657f26-39bc-4a4c-a677-b038efcb7135,TR-7661-698,Truck,19365.46,Diesel,Due Soon,16
25f5e0c7-9b04-47d1-b07f-80def2de4645,TR-2910-699,Truck,26363.23,CNG,Good,17
3464494d-db11-428f-ae53-8d3f2863930d,TR-9187-700,Truck,7348.73,Diesel,Good,6
21bc032c-21c2-483a-92ea-255aa030019d,SH-1841-701,Ship,21298432.81,Marine Fuel,Good,15
e20e9172-a51d-4c98-9f5d-b76e2504d2bc,TR-3423-702,Truck,4927.08,Diesel,Due Soon,5
7468f652-88d8-43c1-b046-6a2bd9af70d8,SH-9113-703,Ship,6418722.79,Marine Fuel,Good,15
65a322cc-bf5a-4c22-a77e-4a1b411fb4a0,TR-4649-704,Truck,19012.25,Jet Fuel,Good,5
b73a9f13-74ac-40e4-8f03-83cb8120b9df,AI-6238-705,Aircraft,107934.09,Diesel,Good,8
ea120846-5863-4230-8cff-7b9bb81826b0,RA-3688-706,Rail,527726.96,CNG,Good,2
d9e9f454-e82c-4c0b-bfce-aac3b893e8db,RA-6041-707,Rail,653018.8,Diesel,Good,15
2f7ebc81-3fbf-47e5-aa0e-cf23393469c7,SH-6703-708,Ship,5149406.2,Diesel,Under Maintenance,4
74cdcb6e-7d3c-489a-9b10-63c671396528,TR-3241-709,Truck,15850.04,Diesel,Under Maintenance,18
f90239f3-1adb-4a14-87cf-c0f65e386542,TR-5614-710,Truck,9155.83,Diesel,Good,18
8ab0d4b2-6244-4555-9c74-36f23568fe69,RA-3724-711,Rail,360088.02,Jet Fuel,Due Soon,1
58e7cfdb-5244-4381-ad85-212a1398d8b2,AI-6914-712,Aircraft,82552.49,Diesel,Good,17
c657be05-ccd0-4f8a-8d61-d32429bdf57f,SH-8678-713,Ship,13887432.24,Electric,Good,10
60901d8f-d288-414e-80f8-0b77cf7ab72a,TR-4462-714,Truck,17944.09,Marine Fuel,Good,8
603a6e2c-5f74-4ac1-9ad1-a6580d8223d4,RA-6634-715,Rail,215724.4,Diesel,Good,14
23a70470-915c-4a4c-8cca-204e17de1892,SH-9306-716,Ship,10639639.78,CNG,Good,15
49c23a9a-0877-4725-bb46-e8d826b19d99,RA-7187-717,Rail,276491.18,Marine Fuel,Good,3
240eb1db-1d07-4596-954f-916d86840eee,TR-1956-718,Truck,16575.49,Diesel,Good,12
0d11beb2-ff9c-4e2c-8ce6-45b44b07ba1e,TR-5342-719,Truck,23786.67,Marine Fuel,Good,7
c7aea46f-7c51-4f4a-a2a9-142491f2e495,TR-5594-720,Truck,20651.62,Jet Fuel,Good,15
a8819d0a-0edb-4e69-889c-82fe2359d0b2,SH-8757-721,Ship,18969716.52,Diesel,Good,16
7bf6289e-acf4-43c5-8757-d99fb50f969b,TR-1605-722,Truck,12414.72,Marine Fuel,Good,4
3bcea3cf-dce0-4384-adc9-7dd56b08a79e,TR-8004-723,Truck,11165.61,Diesel,Due Soon,11
bbf783db-49d7-44ae-b54d-17eb4677eac7,TR-1550-724,Truck,23535.49,Diesel,Due Soon,2
9de45c97-41e6-456b-8001-ab2c4c064588,TR-7194-725,Truck,21970.01,CNG,Due Soon,6
ee452616-28e4-4707-a745-6d4635c1e975,SH-9514-726,Ship,21224218.55,CNG,Due Soon,4
e85ef1e4-060f-4d63-8ce8-149341354a96,TR-3901-727,Truck,22951.76,Diesel,Due Soon,7
65f26d9c-7fc6-4675-ac02-72e7d8921da6,TR-8413-728,Truck,5271.53,CNG,Good,1
8d478f22-31fb-4d81-9012-5360dd6c32cd,SH-7950-729,Ship,11344638.95,Diesel,Good,7
38cf2eca-2b3f-4795-919d-5b90eeab2508,AI-2726-730,Aircraft,28862.63,Marine Fuel,Good,11
d6ee64b9-ebea-4d30-8e02-efd80a28f02e,SH-6040-731,Ship,11145152.95,CNG,Good,2
22617f9c-a80b-49f9-b477-a6f659e72240,TR-7987-732,Truck,25504.18,Diesel,Good,1
65750a6c-fa81-4a4c-8ba3-5068c80ec86a,TR-5103-733,Truck,7509.23,Marine Fuel,Good,14
6ae51311-1ee4-4d5d-9056-02dc9ceb8c2f,SH-3676-734,Ship,23547318.96,Marine Fuel,Good,10
b93aa83e-f304-419a-a1db-59e8d1559896,TR-7185-735,Truck,20975.29,Diesel,Under Maintenance,2
0d7c22fb-49ad-4254-ae46-87c7f0998990,SH-5349-736,Ship,7027244.25,Marine Fuel,Good,7
c20aa29c-fedd-400d-9442-523d7ae54bdd,TR-3692-737,Truck,6226.52,CNG,Good,18
7d3af5e1-c3fa-4106-a2c5-a49db7e85ea1,TR-7353-738,Truck,19772.07,Diesel,Good,14
dacb55f9-2b35-4d06-ad44-415865b9bf9c,AI-8879-739,Aircraft,71212.59,Diesel,Good,1
cae81ffb-20f4-48ca-a8cc-69e96286519d,TR-3204-740,Truck,13183.31,Diesel,Due Soon,10
3db6d3c8-acfc-4937-abdd-f2d4927ee297,SH-4491-741,Ship,17990726.16,Jet Fuel,Good,16
05744ba6-5f32-4cd9-aea5-ce2afdca1338,SH-7772-742,Ship,16948055.72,Diesel,Good,5
edd01696-d647-45fd-88d4-fd72c592f9e3,TR-9995-743,Truck,7607.91,Diesel,Good,8
9ea8308a-7dc0-4104-bd60-ca18914af778,SH-4164-744,Ship,15570893.0,Diesel,Under Maintenance,14
16178f65-22f1-47de-aa53-8b0b86aafdfc,SH-7250-745,Ship,7832465.98,Diesel,Good,16
2db09638-d63e-4cd6-b2a6-94fae004d131,TR-4821-746,Truck,4822.51,Diesel,Good,12
990671bc-5189-461c-bd4a-7c5d5861479e,TR-3676-747,Truck,27804.18,Diesel,Due Soon,5
16472d14-162f-402e-bc9e-9c563f4589e5,SH-9229-748,Ship,3865717.02,CNG,Good,17
3fb7c2de-1a85-4729-b6ad-8d74aadc12f1,SH-7715-749,Ship,16841832.03,Electric,Good,17
08c492d3-7c6a-4f3b-9603-32132ce9237d,SH-2105-750,Ship,1818330.26,Diesel,Good,14
3b61092a-bfc8-43b0-b642-a4f0464ae5c5,AI-9593-751,Aircraft,23010.95,Diesel,Due Soon,18
6ab7a5a6-7f16-4283-854c-d93f83408b79,TR-4753-752,Truck,26139.29,Diesel,Good,11
c864fef1-7f4d-4a63-b7f7-a2b0fc094f4f,RA-8183-753,Rail,163808.06,Marine Fuel,Good,8
77fc20b6-421f-42db-acd4-a6cbb636e9c1,TR-4463-754,Truck,3817.08,Electric,Under Maintenance,6
9b8582af-87b7-44ed-989f-db45835831fc,TR-3593-755,Truck,16073.38,Electric,Due Soon,14
50dbed2a-82c7-4b04-88dd-28d8cfe188e9,SH-1284-756,Ship,15152219.31,Electric,Good,4
58fdcf61-9041-4e11-a03a-f91742d90dc5,AI-5200-757,Aircraft,88699.98,Jet Fuel,Good,15
7e245ea5-d51f-4df7-b310-4b387cee5866,TR-4253-758,Truck,18317.97,Diesel,Due Soon,13
355c3cd6-b375-4ca1-8a5f-2b831e3ec3c5,TR-1988-759,Truck,13276.05,CNG,Good,15
b75d3553-d7fc-46d3-88f3-80d7eca4f2f3,TR-2737-760,Truck,14848.8,Diesel,Good,3
ad29d7dd-6578-46eb-9696-02b52c5e1401,TR-8975-761,Truck,24069.27,Electric,Under Maintenance,7
a2db3763-cfc6-4ae4-9aa9-b8df3ecb3a00,AI-1107-762,Aircraft,40662.33,Marine Fuel,Under Maintenance,16
a48ff8c5-79ba-4a44-b94e-0de1d7690fdd,RA-9954-763,Rail,392845.79,Diesel,Due Soon,8
059cc5c2-d6b1-42fa-b6fd-bea2471cf688,TR-5051-764,Truck,10973.97,Diesel,Due Soon,5
dbc316d5-c1c4-427a-ae8f-14315a2fa640,AI-6964-765,Aircraft,27100.26,Diesel,Good,2
cdbe03c2-8b43-4a50-9e34-e8936c640ffd,RA-6686-766,Rail,494803.28,Jet Fuel,Good,1
9170a0f4-22ee-4d83-b07c-f7af1cd28e8e,SH-2569-767,Ship,7376637.14,Jet Fuel,Good,13
e8bcc2f5-97ed-42e0-b332-0c42caba5cde,TR-2823-768,Truck,5963.63,Diesel,Good,8
11c514bf-1934-4162-99b7-07a1c0d2a64e,TR-8774-769,Truck,25818.0,Electric,Under Maintenance,3
ddaeb1a4-fe0f-4519-9724-e24136b67be6,AI-6754-770,Aircraft,20040.38,Diesel,Good,2
12249611-d24e-4871-925b-31eacf73bdc1,RA-1307-771,Rail,234334.91,Diesel,Due Soon,11
a5acca32-cbeb-4057-88c9-a74c94bde0fd,TR-9704-772,Truck,14677.45,Diesel,Good,2
197071df-822c-4e56-b9f8-4655c15906ef,TR-4090-773,Truck,27850.85,Marine Fuel,Good,1
61f1fb92-1a85-4a31-ba23-0c2c2db1db64,AI-1351-774,Aircraft,41011.8,Jet Fuel,Good,16
317545f6-5bd0-4859-b926-2ebd4932d29e,TR-6890-775,Truck,26472.97,Diesel,Under Maintenance,7
58a0a36b-8404-408d-9f5a-58e8d3e461c6,SH-1210-776,Ship,24324110.62,Diesel,Good,9
8e9269db-1cc3-4cee-937c-38414148d3b3,TR-6389-777,Truck,25497.44,CNG,Good,10
dd016ab7-7983-47a0-9565-357e56b07013,TR-1198-778,Truck,9875.68,Diesel,Good,18
c50c7ffb-46cc-4d18-af51-984f2bd791c2,SH-4997-779,Ship,16268005.03,Marine Fuel,Good,7
b0c3bee4-74f2-4575-8a84-e266111f2b1d,TR-5193-780,Truck,17269.63,Diesel,Due Soon,15
99e58c4b-1912-4b68-a648-cb057aabde69,TR-5314-781,Truck,16852.56,Diesel,Good,7
987338fb-b057-4866-9158-00c1bfe17157,SH-7779-782,Ship,8423990.56,Diesel,Good,11
d1b08365-e557-42d3-beea-ff21cd08febe,SH-5485-783,Ship,4757347.01,Marine Fuel,Due Soon,17
cc9af1f2-b76c-4442-8a97-868be051cbad,SH-5815-784,Ship,4966034.83,CNG,Due Soon,18
d9d7882f-559a-477d-95d4-4405d2c97715,TR-3589-785,Truck,21600.92,Diesel,Good,1
1c1ccfe9-c208-4914-9002-c8a012f58ec7,SH-6279-786,Ship,14633412.67,Marine Fuel,Good,4
212e70ff-4e6c-4254-bd39-c4f172c8059b,TR-5408-787,Truck,9128.21,Diesel,Under Maintenance,8
34995631-a9d5-44e3-9bfc-450637d0a864,TR-1159-788,Truck,17025.64,Diesel,Good,16
c9984f00-24ea-488a-bcad-8493bce9fa01,TR-4163-789,Truck,18388.38,Marine Fuel,Good,16
a88262d4-578d-4e30-b25e-461eb137950c,SH-1341-790,Ship,10318954.42,Diesel,Good,9
f9e02bc0-fa6b-4629-81f6-6a48428fb3e3,TR-3185-791,Truck,7252.5,Diesel,Good,7
87b312be-4a70-4adf-9fb9-ce14927f4cdf,AI-5388-792,Aircraft,122680.89,Jet Fuel,Good,15
8f48105e-fd95-41e3-968b-a2f9fef85c4f,TR-3060-793,Truck,14368.25,Jet Fuel,Under Maintenance,12
0a28cb89-e77f-4075-8985-56bc2777af0d,TR-6897-794,Truck,14155.35,Diesel,Good,16
32a44366-f2c0-4839-8a69-332d74c23935,TR-8346-795,Truck,26370.76,Diesel,Good,12
0f80c1d5-d6fa-4f78-a370-68a2daa58d4c,TR-7300-796,Truck,4086.6,Marine Fuel,Good,3
d2399dba-96f0-4ca1-8cb6-a1675210f79b,SH-4889-797,Ship,13279569.84,Jet Fuel,Good,9
8153224e-aa48-43bb-8756-d9b168f946ba,SH-5935-798,Ship,11298199.57,Electric,Good,4
7d5b2adc-bca8-4162-b342-14781bb22458,TR-9914-799,Truck,20877.48,Diesel,Due Soon,8
69a73451-4875-46e1-a463-146c1917a0a3,TR-8710-800,Truck,15956.61,Diesel,Good,18
15cc0898-c44b-4fb6-9023-2c3f39fea3d0,RA-9519-801,Rail,414743.99,Diesel,Due Soon,4
f9f6647b-fbb2-40ec-ac6e-951bc9f09b7c,SH-6234-802,Ship,792599.56,Diesel,Good,13
9b735e7f-4eef-4b57-91da-8304a9484d19,TR-3925-803,Truck,5669.48,Marine Fuel,Good,9
7a07b5b6-338f-438a-a5a4-438eaa716f69,RA-9906-804,Rail,697264.05,Diesel,Due Soon,6
4d200982-e939-4604-a4a3-25ccac94b580,TR-3246-805,Truck,19062.66,Marine Fuel,Due Soon,16
3f37d031-488d-4553-82a9-d7f09ba882b3,SH-1059-806,Ship,891389.34,Diesel,Good,10
5833ae18-33ad-4b30-a8c3-1583feb79c02,SH-5714-807,Ship,1532573.57,Diesel,Good,11
8bfaa21e-196b-48c9-9a84-21730555afdb,TR-6510-808,Truck,23541.66,Diesel,Good,9
5be9d1ce-ac40-47a8-b50d-7a09c387f1df,SH-4535-809,Ship,10615545.56,Marine Fuel,Good,13
402aeaba-bd78-4b93-8214-2fff57eea69d,SH-6347-810,Ship,10742630.63,Diesel,Good,14
d80ed18b-0041-4740-bc7b-72fd5bb7fdb3,TR-3110-811,Truck,5766.45,Electric,Good,5
c4dfe295-1ce6-4b53-a928-46ceb0513a35,TR-1377-812,Truck,3870.4,CNG,Good,11
3459cd16-554f-4c93-9604-a1ace178165c,TR-9903-813,Truck,13306.79,Electric,Under Maintenance,18
ca013bd0-855c-4425-b731-55fb34075a6b,TR-9472-814,Truck,18062.58,Electric,Good,4
4c43e5a1-b191-4553-8b06-42b5f1fc4eab,SH-3104-815,Ship,1059188.71,Diesel,Due Soon,13
a594bc6d-3726-436f-926b-dac015eb9d2c,SH-5599-816,Ship,3624651.95,Diesel,Under Maintenance,5
ff2b4ddc-1cb0-4ba9-bddf-b173884390c9,TR-7241-817,Truck,23433.13,Diesel,Good,1
62f59fdf-df74-4187-b825-92f3ae317805,TR-9594-818,Truck,12614.95,Electric,Under Maintenance,9
debfc343-477d-438a-938e-931aec767c99,AI-7813-819,Aircraft,27482.06,Jet Fuel,Good,4
6b94db30-231b-4274-a322-f6d4240c4c7b,AI-8215-820,Aircraft,12988.11,Marine Fuel,Good,8
00846cb4-5579-47f6-bc49-97990a9fcc6d,AI-1062-821,Aircraft,136870.53,Diesel,Good,5
a6da4f97-12e5-4b77-b920-4cb73346326c,TR-6306-822,Truck,22412.11,CNG,Good,4
ea36cc22-106a-457c-ace3-517205e45188,TR-4220-823,Truck,14101.77,Diesel,Good,15
e5a20b7d-016e-4653-a25c-8ea68e5e2814,AI-2808-824,Aircraft,102016.84,Jet Fuel,Good,15
1156ba38-b17c-4825-b2a3-468282bc7aa3,SH-4040-825,Ship,9690429.34,Diesel,Good,11
343910e3-b36a-4eba-877d-3f9dc9e3b05a,SH-2309-826,Ship,911816.57,Electric,Good,15
b2d2949a-de11-484c-b909-18462c628007,TR-6618-827,Truck,3514.07,Marine Fuel,Good,2
c615f504-e0ca-466d-bc43-4980d1506d2f,TR-2631-828,Truck,17314.28,Diesel,Good,2
5ff21120-1813-44ac-b6a1-38a4dc95dc1c,AI-7016-829,Aircraft,64474.84,Marine Fuel,Good,7
976ebd3c-bf0b-4143-83f1-e54fff63e6f2,SH-2254-830,Ship,11670746.84,Jet Fuel,Good,7
a3741cdb-6ee1-4c1e-a890-ab66876ad256,SH-4422-831,Ship,12736187.02,Diesel,Good,13
07edcbf0-fdde-4607-b6f3-f482244a41d2,SH-1959-832,Ship,14093845.07,Marine Fuel,Good,5
ba7a7881-b5a3-46a9-8965-06331e202795,RA-2240-833,Rail,123497.63,Diesel,Good,9
d3cb6e2b-ce33-4c3b-ad46-6178ed3f5dbe,AI-5456-834,Aircraft,101171.08,Diesel,Good,11
5b4aa097-b134-43a0-8eec-70c2e859cd40,TR-1917-835,Truck,5665.29,Jet Fuel,Good,16
d9f3456c-ee4a-45cf-bc5b-57a2df8e4d5f,SH-2462-836,Ship,10125828.51,Diesel,Due Soon,11
ee285c90-653e-48f4-9e69-1ac237df7158,SH-7760-837,Ship,2693174.11,Diesel,Good,11
81ff7bb4-7395-426d-99cb-fc1b4b0520d9,TR-2410-838,Truck,7980.37,Marine Fuel,Good,7
ca0d2d68-2da4-477c-854f-a2e04d1e32ab,TR-7408-839,Truck,14675.58,Diesel,Good,10
9079a00e-6685-485a-9874-1cd79804421f,TR-6262-840,Truck,26082.88,Jet Fuel,Due Soon,11
0c698519-7715-4ebe-955f-86f28a44025f,TR-5812-841,Truck,18861.52,Diesel,Good,10
df89d4aa-ef1d-4d3c-a0b7-daf5349d7a09,TR-7458-842,Truck,3250.65,Diesel,Good,2
c78b7e40-205a-4f3a-9d21-c400844aadcd,TR-9784-843,Truck,15813.83,Diesel,Under Maintenance,13
fb548fcc-f886-45d7-a05d-8b917fcd8f27,TR-5849-844,Truck,23244.76,Electric,Good,13
95e2cc3a-fdef-4ed8-a53f-6a85439430ea,SH-3990-845,Ship,8052127.22,Jet Fuel,Good,5
ecbe551d-2e0b-4abd-9717-ac48c6a209ed,TR-4749-846,Truck,21185.07,Diesel,Good,12
22ec9e63-19bf-4b82-a45a-84320108ae0d,TR-3492-847,Truck,16955.83,Diesel,Due Soon,13
e7e6c021-e324-464c-9e7f-cf21eb7202a9,TR-7494-848,Truck,7062.45,Jet Fuel,Good,18
90475a6b-9851-4af3-82b4-150c94558cbe,RA-1050-849,Rail,536078.39,Marine Fuel,Due Soon,15
a667c0ee-9c4e-4972-b956-ce3d76833a6c,TR-8175-850,Truck,3169.41,Diesel,Good,4
e34723ae-b52b-4c64-a45a-fa5443c1011f,TR-2125-851,Truck,10826.86,Marine Fuel,Under Maintenance,14
5c1f094c-10e8-4d50-b179-93560e9ad477,TR-4587-852,Truck,16272.06,Marine Fuel,Good,9
22313113-1b0a-4ba1-b8ea-5d2834ebb741,TR-9324-853,Truck,5975.68,Diesel,Due Soon,1
211a8481-34ce-4bf9-b090-b738abd36b20,TR-7263-854,Truck,22973.62,Marine Fuel,Good,7
2a1f772c-dab0-4370-b3f5-17f6a275f861,SH-7718-855,Ship,19535838.88,Diesel,Good,11
705c3ac9-5962-4ba7-97da-e9b2f3e487c8,TR-3210-856,Truck,17312.68,Diesel,Good,16
832fc80d-616d-4ca1-9367-9c1a6757cc0b,AI-7792-857,Aircraft,83323.15,Marine Fuel,Good,11
72021d8b-a02a-4471-80b1-5b5b25f94d4f,AI-7510-858,Aircraft,143811.88,Marine Fuel,Due Soon,4
87b57cc1-e09f-44e4-8c9d-3616dea9a501,TR-4244-859,Truck,14712.5,Diesel,Good,18
4a3751de-ba62-4983-bd54-9aa6dc25a023,TR-3810-860,Truck,23032.88,Jet Fuel,Due Soon,6
37a3c0e1-1bdb-4521-8f22-08423c0aab22,TR-6217-861,Truck,13401.65,Marine Fuel,Good,18
a026b6ed-c57b-41f4-a69e-b9d6b329c393,TR-9815-862,Truck,8898.03,CNG,Good,17
a8fb174d-2bf7-4812-80b5-64ea9fceaf7c,TR-6009-863,Truck,19220.02,Diesel,Good,4
4a67b76b-8da2-4141-82a7-d79a340aca1a,TR-8947-864,Truck,24591.97,Diesel,Good,17
255657db-d183-4a1a-893f-67e95905f7eb,TR-3350-865,Truck,11078.07,CNG,Good,6
e5244ae5-787b-4dbd-bde2-c7da8c6a5008,SH-2954-866,Ship,10273050.32,Diesel,Under Maintenance,3
a2ee30ea-10cc-4e23-918c-3c307e86f7a3,AI-1619-867,Aircraft,127327.69,Jet Fuel,Good,1
4aaca4a1-163f-4e48-a5f5-c458443a003b,TR-6728-868,Truck,14931.1,Diesel,Good,17
e96b942e-9907-46e9-a883-1e73ca05a5d0,TR-5627-869,Truck,25211.19,Electric,Good,3
3d2c25ab-3527-4c0d-8b3e-5899d5f94619,TR-3325-870,Truck,27398.65,Diesel,Due Soon,7
5ac2dcb6-ccf5-41b4-921b-2bf1342a38b0,TR-2916-871,Truck,13848.18,Jet Fuel,Good,18
5512d067-9c34-40df-b208-a4150a8586c8,RA-2607-872,Rail,256069.2,CNG,Good,6
b5f4e01b-f3e4-463f-96be-84f63eb45df1,TR-2861-873,Truck,18806.34,Marine Fuel,Good,6
01145aa5-723a-4903-84b7-604344902415,SH-2335-874,Ship,22831592.26,Diesel,Good,7
3d4689f5-1b66-40e7-9689-3ec6e3cd71b2,SH-1108-875,Ship,7170125.05,Diesel,Good,14
8f034dea-d717-4e50-985c-7bde07adbca2,TR-8490-876,Truck,22033.92,Diesel,Good,5
69364e09-f65b-4731-826b-5fee3cee350a,SH-2530-877,Ship,20765830.07,Diesel,Good,7
c6f40f17-5890-48d9-b14a-5e66f50db95a,TR-4523-878,Truck,27056.81,Marine Fuel,Due Soon,8
f3d2c74b-a478-4a70-94f5-4fcb9ce30765,TR-2634-879,Truck,3165.26,CNG,Good,9
fd2ac35f-6247-4096-91eb-dd5cc8b39d36,TR-2232-880,Truck,16361.76,Diesel,Good,13
76b354b2-bb74-44e0-8fe0-b3000cbd53f7,SH-6587-881,Ship,8342198.12,Jet Fuel,Under Maintenance,4
c324a3c7-795d-44b3-b718-e82e92cdb44e,TR-4471-882,Truck,25550.32,CNG,Good,2
32addbf4-0584-47b8-a704-44359c025712,SH-1697-883,Ship,8998808.65,Diesel,Due Soon,17
62e5e4ad-ac3f-448d-b902-3cca2a166fda,AI-7227-884,Aircraft,107201.7,Diesel,Good,10
619f0d4d-a8c7-4bed-aa4d-e7512f1eb3a0,SH-3465-885,Ship,20594496.27,Diesel,Under Maintenance,18
f784eb4f-d113-403e-b758-06da5618959f,SH-7437-886,Ship,13857046.17,Diesel,Good,16
bbedae39-e53b-4cf7-b4a4-0c473d804dfd,TR-9371-887,Truck,4574.9,Marine Fuel,Good,2
db039611-593d-4fe0-8037-525c202223a7,TR-5192-888,Truck,13041.37,Diesel,Good,14
5ea84d8a-8188-4987-82fb-75a1c77cc049,AI-2732-889,Aircraft,32942.03,CNG,Due Soon,5
82f122bf-8e95-4beb-a8dc-6af11d16d630,TR-7971-890,Truck,27207.44,Jet Fuel,Good,18
97e3761e-f843-472b-855c-6248b81ac62a,TR-5118-891,Truck,17362.82,Marine Fuel,Good,13
24427b73-910c-426b-9dfc-6c92aa60ac2b,TR-7924-892,Truck,10624.98,Diesel,Good,11
81002a07-0aeb-46ea-8ea5-3d827b64b8a3,RA-1762-893,Rail,74764.62,Jet Fuel,Good,12
82a82cf9-f548-4ed6-b27c-f011b89a61df,TR-3226-894,Truck,20688.75,Electric,Good,16
f0d7c422-d66e-44e5-ab7e-8deff726fbbf,TR-2300-895,Truck,8784.11,Diesel,Good,12
5b0ec226-2c78-479e-be9e-35516ef8a927,SH-1305-896,Ship,20386407.97,Electric,Good,16
6157b7ad-9814-4f50-a06f-ee3aa8fb3d2a,SH-2225-897,Ship,24200127.12,Diesel,Good,8
f69c6d05-abaf-462f-bfee-30d9d064606d,SH-8969-898,Ship,14433608.39,Diesel,Under Maintenance,15
b247b540-149b-41b5-9a3f-928cc76d3cb4,TR-9104-899,Truck,16285.29,Diesel,Good,11
e5969b4d-20e5-46c7-9c35-6e1d4b434043,AI-2800-900,Aircraft,32525.35,Diesel,Good,11
c40e8619-4273-474b-ac22-40227e654fe9,TR-7808-901,Truck,27354.23,Marine Fuel,Under Maintenance,6
6f90c087-f26c-4667-afcc-103f53bf6ab2,TR-2341-902,Truck,14699.37,Diesel,Good,12
a140d27e-fd5f-4fc5-95ef-7e2a9b9f9234,TR-5855-903,Truck,9360.36,Electric,Good,3
507e21eb-28b9-4373-a628-1cef791b26e6,TR-5187-904,Truck,13111.32,CNG,Good,15
3a0c0e13-40c8-4f42-9934-6318ff06be2f,TR-4621-905,Truck,24671.6,Diesel,Good,6
eb8aef16-3816-4768-8415-79307b20b7c0,TR-7969-906,Truck,6658.84,Diesel,Due Soon,9
15f6c5ef-4c42-49f8-9888-b202403117b5,TR-8818-907,Truck,3242.04,Electric,Good,5
4790b2c0-bc84-41c3-8abc-f0c9e896dcd0,TR-4740-908,Truck,15180.69,Electric,Due Soon,15
055fea63-456c-4059-a0bd-655d52f03e0b,RA-6121-909,Rail,228488.47,Diesel,Due Soon,4
226f327c-0794-443a-8a1e-940205d9657e,AI-6326-910,Aircraft,130293.11,Diesel,Good,2
d54db143-ca7b-4904-8da3-77a06256adb8,AI-5455-911,Aircraft,20229.13,Diesel,Good,6
26063f48-ffbd-43b2-a108-ceb9891346a8,TR-2499-912,Truck,3188.11,Diesel,Good,16
1a98e814-b32c-4937-96fe-c28fd198bb43,AI-6134-913,Aircraft,118667.33,Diesel,Good,6
dde8649f-8e58-428e-a867-6ad9489a6f67,TR-9180-914,Truck,21423.79,Diesel,Good,5
e0344a71-f6ff-4e31-b091-9aabe14bd3c2,TR-1659-915,Truck,5235.54,Diesel,Good,2
4d4de86f-cb08-42c7-8d18-54f54a3dfa36,TR-2171-916,Truck,4722.76,Marine Fuel,Good,17
50f87702-fc84-45fb-ac31-1c7954c0bee9,TR-5845-917,Truck,22225.27,Diesel,Good,7
eb4c7155-d441-450c-a636-13a83d46d3b7,TR-5661-918,Truck,4679.96,Marine Fuel,Good,12
b6729d8d-e5a7-499c-8089-a6b965374caf,AI-5273-919,Aircraft,30349.31,CNG,Good,8
0f4e17be-d3a8-488b-a556-e22e200469b0,TR-6042-920,Truck,17221.34,CNG,Good,9
2aef0da6-03e1-41ad-9b13-d7d17c0afaec,TR-2695-921,Truck,19345.42,Jet Fuel,Good,4
0a72d11f-dd36-4e18-bb30-785469f6ec24,TR-7636-922,Truck,23419.48,CNG,Good,14
796f9705-9546-42b9-a4e6-f084789b946d,TR-9172-923,Truck,27567.9,Electric,Good,17
0e444d1b-3d06-4ece-9914-64dc571dca1f,TR-1435-924,Truck,23860.62,Electric,Good,15
b7e76a45-038e-420e-be4d-784d9a4aec6a,TR-9842-925,Truck,4764.13,Diesel,Good,1
974590d7-a444-44fd-b18c-0c802bf66c62,SH-6974-926,Ship,24895268.06,Diesel,Good,10
8e979dd1-799e-4dfb-83d8-c5317c20b9e3,TR-4809-927,Truck,22908.91,Jet Fuel,Good,7
ee2b36b1-8df9-4aae-aa6c-76783d1c7cad,TR-9257-928,Truck,26243.83,Marine Fuel,Good,8
6cd6e2c1-5117-4d0a-93d1-60ce1e8ca854,SH-9642-929,Ship,17805222.05,CNG,Good,17
85e0363d-b6fb-4d82-b42a-1f5b4c5222d2,AI-1955-930,Aircraft,147235.05,CNG,Good,3
828acad5-cf8f-4fc7-ba19-863e87c305f5,TR-1426-931,Truck,10438.82,Diesel,Good,13
d75169e8-13e5-4734-a242-4bde274ddf09,TR-9173-932,Truck,26678.47,Jet Fuel,Due Soon,16
4078a725-ded5-4908-b48d-4b16d86dcaba,TR-8787-933,Truck,23678.67,CNG,Good,3
749ebee5-c3a7-48ad-a674-53bd3c99e156,SH-2962-934,Ship,11142867.63,Electric,Under Maintenance,13
94825da7-94b6-4c37-bed1-1325ad41bff2,SH-2330-935,Ship,5566262.27,Diesel,Good,7
d6953576-9242-47a3-938f-551d043ca665,SH-1043-936,Ship,6697340.77,Electric,Good,13
a9697da3-ee43-4443-b753-075019566a5a,TR-7250-937,Truck,26194.76,Diesel,Good,10
b99a0ec0-1b26-43c7-a4e0-4e186d4ef0a3,TR-2462-938,Truck,19824.61,Diesel,Good,14
59cd2def-9eb0-4bd7-a84b-25111522f986,TR-6810-939,Truck,14601.16,Diesel,Good,5
fc153bbb-38c6-4be6-bba6-3c1d987da46f,AI-4854-940,Aircraft,76911.59,Diesel,Due Soon,7
99089c40-1c45-44f8-861a-b408cf9a5029,SH-3084-941,Ship,12838496.52,CNG,Good,1
a5049a44-1888-4024-a829-d6cd91480413,AI-3691-942,Aircraft,135237.59,Diesel,Good,6
f08a07e3-e625-43e2-a618-045a136ebd02,TR-8787-943,Truck,7900.53,Diesel,Good,16
d2689163-4f92-4e7f-9cd0-84129b3b7827,TR-5435-944,Truck,3534.12,Diesel,Good,8
7e54e291-5e07-45d8-b9df-2aee0ff6fdfc,TR-9602-945,Truck,9998.16,Marine Fuel,Good,3
d7091ef2-b0b3-45ba-a47a-579c1c220c91,TR-5968-946,Truck,17448.99,Diesel,Good,14
4cba0ab1-126f-4ae8-aefb-138e1a32075e,AI-4196-947,Aircraft,104703.93,Electric,Good,3
187c809a-7f86-46c7-9787-5008aac6089a,TR-2214-948,Truck,27161.35,Diesel,Good,10
82b669f6-b566-4d73-a94f-c4c1a8e5301d,RA-2098-949,Rail,557927.34,Marine Fuel,Due Soon,14
1879d060-f368-4eaa-a0db-2eb1ac700dfa,TR-7560-950,Truck,7660.58,Diesel,Good,9
3a33c187-74bd-40ba-a80a-92410329f235,TR-2862-951,Truck,13613.08,Diesel,Good,6
120070cf-1355-4a24-a8b1-539c86234b3f,SH-5646-952,Ship,11805390.93,Diesel,Good,1
35491dae-4e9b-45ca-a3a5-a1278e35ca4d,SH-8844-953,Ship,6734022.59,Jet Fuel,Good,5
51480f3e-58bd-4cd4-907f-8e75e196e3e1,SH-2698-954,Ship,12637456.83,Diesel,Under Maintenance,7
28a633b6-cfd6-4af0-aa1b-3616e4c95a75,TR-4768-955,Truck,14712.84,Marine Fuel,Good,3
1fb2182a-b904-47f4-8a67-972883919d85,SH-7646-956,Ship,6891203.79,Jet Fuel,Good,9
01416ef5-bf5b-40f1-a32b-ab4f37ec178d,SH-3490-957,Ship,2488717.11,Diesel,Good,7
a4854ec9-431a-49a6-b409-1e670ae33bd1,TR-6033-958,Truck,16907.03,Marine Fuel,Good,15
274b3f8c-849e-41be-b103-4770a283952c,SH-4404-959,Ship,7744697.13,Marine Fuel,Good,7
cdaf33da-09e2-4430-9e68-5aa5e81943a1,TR-4898-960,Truck,5707.43,Jet Fuel,Good,10
5c35ab33-5d27-451c-82c7-df1944ffd28d,TR-5228-961,Truck,25406.05,Electric,Good,2
5a34ae68-b9e5-4a16-b7a9-985c91505c7c,SH-5515-962,Ship,23900394.33,Diesel,Good,2
6d1aaef4-6e81-44fc-8801-7977277fb41d,SH-7947-963,Ship,19890866.74,Marine Fuel,Good,9
86799160-ede8-40ef-88af-00c96f30424b,AI-9333-964,Aircraft,103036.81,Diesel,Good,10
7b505d4f-8cb4-470d-a678-33d6a3d624ed,TR-5317-965,Truck,9967.71,Electric,Good,17
ed095c23-ba0f-42f6-a259-2a444f6583b6,TR-2735-966,Truck,22408.0,Diesel,Good,13
fa4aaa7c-e3cd-4ad3-8bb9-39b9cfb499df,AI-5858-967,Aircraft,60257.79,Diesel,Good,7
34e46b0b-7614-4d47-a990-a3ff3645a9ca,TR-8712-968,Truck,10166.65,Marine Fuel,Good,15
f03eeb76-a01a-40f4-a9c2-be1804780d37,AI-7940-969,Aircraft,17537.15,Diesel,Good,1
9d3ffcdb-42ee-4d9d-b108-f1c51778a961,TR-1636-970,Truck,22847.5,Marine Fuel,Good,16
0022ca1b-2d19-4288-9f93-0d0631d8b639,TR-1235-971,Truck,25040.63,Diesel,Due Soon,3
7ef28f7a-5962-45f2-ad2e-4e6d887959e3,AI-6378-972,Aircraft,74374.1,Diesel,Good,6
6663c154-8c59-4842-9bc7-1d37547f8fea,TR-8239-973,Truck,14213.02,Electric,Due Soon,11
90b538a6-22e6-4590-8537-64e5269c55e9,TR-1164-974,Truck,8844.11,Diesel,Good,2
53cb68ff-5b79-4628-bf77-db28d73bfcb1,TR-5353-975,Truck,13905.16,Marine Fuel,Due Soon,10
007d871f-5dea-42dd-9c84-ebf02d35078c,TR-8168-976,Truck,13016.45,Diesel,Good,14
654697d4-e776-445c-9534-839e3ad77f71,TR-8599-977,Truck,3903.31,Diesel,Good,9
b9508f92-9a65-40ea-a017-524e419e7f7a,TR-7971-978,Truck,11355.9,Marine Fuel,Due Soon,14
41013188-a4f4-4572-a2ef-d4e319b93df2,RA-8373-979,Rail,97225.58,Diesel,Good,13
e9e7b042-654f-4351-965b-11862434a328,TR-4418-980,Truck,24454.83,Marine Fuel,Good,8
d2981936-8f1d-4e9b-a992-56f68b7ad4a5,SH-5914-981,Ship,6350452.2,Diesel,Good,2
87839ed0-048b-4671-b804-67cd81345324,TR-9654-982,Truck,13320.51,Electric,Good,8
efe0f589-dae7-45af-9774-a7526af6ba15,SH-9390-983,Ship,9293389.92,Diesel,Due Soon,9
9ec4a802-ae53-40a5-9051-6dc97173c202,TR-7479-984,Truck,18251.69,Diesel,Due Soon,12
3b05c219-5de5-436b-9c52-322e2e888ef0,TR-7643-985,Truck,19645.62,CNG,Good,14
dbff0a57-0d11-4c53-961f-c0b2de0cb8d9,TR-6930-986,Truck,12501.07,CNG,Good,17
c5c7d815-fea8-4873-96bd-534c967fd11c,AI-1610-987,Aircraft,42731.14,Diesel,Good,10
c33c3f3b-ca93-48fc-bb12-420736fa8b94,TR-4498-988,Truck,7723.26,Jet Fuel,Good,12
699130cf-cefa-4c75-b3aa-025811608750,TR-1836-989,Truck,23533.06,Electric,Good,18
16491b3e-e2af-464e-8db3-afa0d30730db,SH-7503-990,Ship,14778141.57,Diesel,Good,2
bb2852d0-5573-4daf-a964-ebdf1d2c5002,TR-2954-991,Truck,7003.2,Jet Fuel,Good,8
9f6927b5-6f4f-4f89-91d2-f93abc80cadf,SH-8966-992,Ship,14153468.8,Diesel,Due Soon,4
dbdf925e-7016-4e76-87b5-32c9571c89d8,TR-3418-993,Truck,10653.09,Marine Fuel,Good,1
b27169a8-2664-472c-ba2b-2e7f8ee1a8db,TR-8297-994,Truck,4136.91,Electric,Good,11
2bbb697a-4df0-43a9-b7fb-d67ec9476dc9,TR-3557-995,Truck,12174.9,Diesel,Good,16
8dcacc5d-f328-4258-937a-103e2a34dce3,SH-9211-996,Ship,21013724.57,Diesel,Good,9
b5fc3409-7183-4061-b7ff-a96a29404441,AI-6565-997,Aircraft,85348.29,Diesel,Due Soon,14
981cd3ec-4ef5-4b40-a43d-5c9a592da721,AI-3157-998,Aircraft,115932.33,Electric,Good,6
b66304b7-bfef-4d7f-a289-6247a997bd1d,TR-6244-999,Truck,21863.34,Electric,Due Soon,2
de7a7320-52e4-439a-92d6-e4127aa74b8e,SH-5963-1000,Ship,20131455.68,Diesel,Due Soon,18
a1dcaa4a-b829-4f30-9f0d-74a72d9f7242,AI-9816-1001,Aircraft,13190.46,Diesel,Good,5
8be5dd3f-6151-45fd-a0dc-6472cef1a3d4,TR-2906-1002,Truck,23336.54,Diesel,Due Soon,14
3a80f612-ac37-4361-95c3-df20eb7a5ac2,TR-7146-1003,Truck,9976.13,Diesel,Good,12
98a768a8-9da2-4b22-8996-61db7e563758,TR-8898-1004,Truck,10208.94,Jet Fuel,Good,18
8f44c5f9-5b11-431e-8800-ed70687dc1f4,TR-9143-1005,Truck,20580.1,Jet Fuel,Good,5
2f9b6eaf-8f3e-4c88-8003-05660b82b84a,SH-7046-1006,Ship,1012701.94,Jet Fuel,Due Soon,13
824894d8-e760-4eda-a777-34478ba587ff,SH-3852-1007,Ship,22706913.95,Electric,Good,6
27359422-4e26-4c31-b652-dbd6f0bf0f77,AI-3460-1008,Aircraft,138890.77,Marine Fuel,Good,12
040106f4-380b-460f-9e7a-e0d8e84db74e,TR-4458-1009,Truck,19165.3,Diesel,Good,16
7432a401-6d47-40cd-87b3-c3ea8c8342e1,TR-7247-1010,Truck,13764.82,Diesel,Due Soon,17
17aa6226-cd39-4c92-b11e-9380036536e0,TR-6503-1011,Truck,5021.97,Marine Fuel,Good,13
5114a8e2-f9a3-4e80-8c1d-57f482cb5eae,TR-2659-1012,Truck,26943.36,Electric,Due Soon,3
e592b5bb-dc4c-4d2c-9efa-bfe242d7f9b9,TR-5735-1013,Truck,11113.16,Diesel,Good,2
df7a10b2-c0aa-4577-a594-e2bd5764f750,RA-3222-1014,Rail,487000.13,Jet Fuel,Due Soon,2
2deae9d8-24a9-424f-8468-95d1cc42f4da,SH-1440-1015,Ship,13329032.23,Electric,Due Soon,9
7505d08a-e6ce-4490-9b31-e473a3cf71f3,TR-4598-1016,Truck,6109.91,Diesel,Good,16
c4e58192-0130-429a-bc45-4daee34934ae,RA-7965-1017,Rail,509919.94,Diesel,Good,5
5ecd9606-6570-4dae-a757-bc45a6b85c4d,RA-2003-1018,Rail,211856.16,Diesel,Good,18
3b1e9e26-0b7d-4022-9b7e-398b0348741a,TR-2957-1019,Truck,12245.92,Marine Fuel,Good,15
ec76cdaa-8d7b-440c-a78e-79df72719e60,TR-3691-1020,Truck,10525.2,Diesel,Due Soon,13
8a70d3a8-5ec5-4176-9f63-92303e98fdb5,TR-4393-1021,Truck,4267.44,Diesel,Good,14
028f930c-1b66-48ca-8480-de2d78a80831,SH-1628-1022,Ship,20345419.42,Electric,Good,4
f2160ea6-b83a-4fd7-aa76-7949f9302183,RA-9482-1023,Rail,335628.67,Marine Fuel,Good,17
4283523b-5d80-48ad-b428-799343d2f80f,SH-3515-1024,Ship,6616539.21,Diesel,Due Soon,7
757bedea-eadf-4304-8fd4-d2330332def7,TR-8426-1025,Truck,13356.08,Marine Fuel,Due Soon,6
af6e3df1-78c0-4ee0-8fb7-52a6675a13f7,SH-9139-1026,Ship,9845945.04,Diesel,Good,5
9456ef09-f0e5-4b46-8c39-0aad16e68bda,RA-6087-1027,Rail,286078.29,Diesel,Good,3
061216bc-e865-4ed2-9869-b522505b2a9a,SH-3814-1028,Ship,1719387.17,Marine Fuel,Good,3
acfb9dcc-93c9-427f-9de9-e441e76cecf4,AI-2498-1029,Aircraft,41949.26,Diesel,Good,13
1867210c-2006-47d9-85d3-31fc65c44e7d,TR-6844-1030,Truck,13440.41,Diesel,Under Maintenance,6
8392d70f-6409-4d40-bbd8-9983c34f06b7,RA-2229-1031,Rail,609122.52,Diesel,Due Soon,5
8a5a4186-7c7d-4cc9-9e84-2e70d9b91733,TR-5050-1032,Truck,17520.43,Diesel,Good,14
584a800e-c6ca-4a78-b28f-4d166a445342,TR-8881-1033,Truck,16512.39,Diesel,Good,5
56011154-671c-4d22-a943-d0c2a9649ef5,SH-6034-1034,Ship,21027239.75,Diesel,Good,1
aa825c8e-2061-4320-9622-400cd75ea869,TR-8805-1035,Truck,12640.17,Marine Fuel,Good,18
1bff10f8-ac2f-4eb6-af02-166ec29464d7,TR-3423-1036,Truck,12007.52,Marine Fuel,Good,5
d64ca293-4278-4398-8772-b8afcd348fdc,TR-3380-1037,Truck,27925.73,Electric,Good,15
4a1937c8-2a63-4f5e-be00-7b3735f51aef,TR-9721-1038,Truck,10125.27,Diesel,Good,7
76bb90bb-e932-4d11-b905-92c3a3dee117,AI-9474-1039,Aircraft,84462.59,Diesel,Good,6
43494838-b6f2-4961-a8cc-63ca36f87b2d,AI-3305-1040,Aircraft,92743.12,Diesel,Good,17
34f2ecef-2e35-464a-890e-f3faf673ac53,AI-9089-1041,Aircraft,141052.72,CNG,Good,10
f2a9348a-6d6b-4d4c-96a6-0f3643e42ea9,SH-7681-1042,Ship,21061528.3,Jet Fuel,Good,16
6e9bd828-aeb5-40ae-ba2e-72ab8deaa07f,TR-4637-1043,Truck,15854.95,CNG,Good,8
f7aa43cf-73dc-40a7-9a91-99acf8ab1eb4,TR-9585-1044,Truck,7629.14,Jet Fuel,Good,12
5a7a87ac-746b-404a-b7e3-748143cfb3fd,TR-3151-1045,Truck,6105.76,Diesel,Good,17
f0808004-a195-42c6-a87b-b02c8a6076f2,SH-4782-1046,Ship,9797928.23,Diesel,Good,16
69264b36-466d-4cc3-ac25-494dd6091fff,SH-5628-1047,Ship,14808629.08,Marine Fuel,Good,5
45517a29-88ba-4fac-8800-d702e2d081b4,TR-5382-1048,Truck,16314.25,Marine Fuel,Good,7
37c8beda-056c-404c-883e-be9895ecc14c,SH-8880-1049,Ship,17784371.2,Marine Fuel,Good,4
b7b12e09-2c4a-4f86-b802-8e35756a4473,SH-4398-1050,Ship,18569105.01,Jet Fuel,Good,16
091f67ae-4e24-40f1-bf3c-8672a8bcabb6,TR-9725-1051,Truck,20474.72,Diesel,Good,17
6cdd297f-63d1-4c51-9203-5b941ba39636,TR-6541-1052,Truck,19050.22,Diesel,Good,8
5d0d592d-aa1b-4a41-a0c7-239bc8a0539c,AI-1575-1053,Aircraft,65623.07,Diesel,Good,17
074b2884-a235-4d2f-8cea-21d8b0f8ebf9,TR-1550-1054,Truck,25349.62,Diesel,Good,13
40307b41-9adb-45ef-93f3-7d73ce48904a,AI-2154-1055,Aircraft,77641.01,Marine Fuel,Good,16
ecdd6758-751e-49a7-8ec8-e3802138c828,TR-7250-1056,Truck,13603.61,Diesel,Under Maintenance,14
2211b3c2-a7d3-4bd1-adfb-94e3aea21903,TR-5773-1057,Truck,5774.25,Diesel,Good,1
00bc1b7b-1549-441f-b11d-071013fdbade,TR-6197-1058,Truck,20985.26,Marine Fuel,Good,8
aece8da9-58ae-4ace-bee4-637b64028d84,SH-7572-1059,Ship,1902427.53,Diesel,Good,13
1fd93efd-f7cc-4eb7-b104-a8d62b227789,SH-4842-1060,Ship,4431145.99,Diesel,Good,18
89f9ccc1-719c-4ec5-8160-bafea2ab8d76,SH-7154-1061,Ship,565336.71,Diesel,Good,1
51ac5ca9-e47c-4c17-8a08-33b7c9c14029,TR-7030-1062,Truck,12482.01,Diesel,Good,13
3d7499ee-6107-4288-9f14-da9f65df2310,RA-4486-1063,Rail,257493.25,Marine Fuel,Good,7
9184a132-d914-4026-b62a-07ac3d126a36,SH-3060-1064,Ship,6239040.36,Jet Fuel,Due Soon,14
957c9a69-5c0a-466a-b109-45fa1e798605,SH-8273-1065,Ship,5668774.08,Diesel,Due Soon,16
010d81ed-6153-4c89-85bd-fbe1a1e4094a,TR-8009-1066,Truck,7744.44,Marine Fuel,Good,9
8d539198-37e5-4619-a297-536038b85a59,TR-8483-1067,Truck,4482.45,Jet Fuel,Under Maintenance,3
29a72e5d-08bc-49a7-b091-6d30d08e6f88,SH-9280-1068,Ship,24358440.06,Diesel,Good,13
d2941730-4666-4d52-97f3-a308c6792634,RA-4290-1069,Rail,56564.51,Diesel,Good,17
c375ca9d-6544-4cb2-84a5-b7f9b9a7c98b,TR-8284-1070,Truck,18573.14,CNG,Good,16
ca310a60-eb5a-438d-acf6-b07b1a97e3b2,TR-7918-1071,Truck,9949.27,Diesel,Good,16
60b8e21c-83c9-44d7-9fcb-954d6151ba2e,AI-1353-1072,Aircraft,136487.03,Diesel,Good,12
f647b0a3-5165-4f1e-a7d3-5b519d5afc5c,TR-7811-1073,Truck,11862.69,Diesel,Due Soon,17
7e29157e-68aa-4df2-8422-ab7212c43d94,TR-2982-1074,Truck,20230.61,Diesel,Good,5
02996da0-6d85-4fa0-b7db-5c6076657d0f,SH-3731-1075,Ship,13492368.95,Marine Fuel,Under Maintenance,12
c183b3da-beea-4890-8ba4-9301ba49465d,TR-1298-1076,Truck,10654.84,Marine Fuel,Due Soon,14
228de050-ada9-4dde-a8e2-5a36ff7cc1cd,SH-2087-1077,Ship,10932942.85,Diesel,Due Soon,10
a05ad291-950d-457b-bb25-5c08b795b68f,SH-3789-1078,Ship,17593529.33,CNG,Under Maintenance,14
d6260cc2-5f25-40cb-85b5-605456af89e0,RA-7853-1079,Rail,169013.88,Diesel,Due Soon,1
583b0e3e-bac0-4db1-970d-1462baa3ce97,TR-3367-1080,Truck,6253.39,CNG,Good,12
f82ce4ac-68fb-4d3d-b7e3-31dfe9cd3c0f,SH-1691-1081,Ship,10520692.51,Diesel,Good,9
2004ce03-8f31-4773-9591-2af1b0fd47c2,TR-2689-1082,Truck,6535.27,Diesel,Under Maintenance,7
7214aff5-9270-4608-8244-584eb5fcf392,TR-2345-1083,Truck,21945.57,Marine Fuel,Under Maintenance,9
498c6e11-d45f-4a67-9e2d-29cb5f5254a2,AI-3499-1084,Aircraft,140968.74,Diesel,Under Maintenance,18
b9c84439-35da-44cf-8d80-e444572a3772,TR-6351-1085,Truck,6324.07,Diesel,Good,4
8d6325dc-71ff-4b94-91e9-fd11a13dd490,SH-9663-1086,Ship,5746312.41,Diesel,Good,5
e36a7f87-5107-4e40-a12b-c0713aceaee8,TR-9782-1087,Truck,9919.34,Diesel,Good,5
95660ca6-5c8e-45e4-895d-9a66c18abb96,SH-6384-1088,Ship,22195549.1,Diesel,Good,14
7e53195e-fc2e-458a-a915-7ed8959673bd,TR-6615-1089,Truck,3269.02,Diesel,Good,14
466d9044-6a1a-418c-a1bb-e01c3a1b6b64,AI-3872-1090,Aircraft,12854.76,Diesel,Good,8
eb79184b-a8ce-4565-b2ef-c8599002df37,TR-1049-1091,Truck,10604.58,Marine Fuel,Good,16
2ba0574a-2096-4793-b3e1-bff08b03449f,SH-8439-1092,Ship,12197213.48,Marine Fuel,Good,8
aaa15b28-c14a-414f-b298-47ce41c6bd97,TR-9739-1093,Truck,20534.99,Diesel,Good,13
be61cbbd-add9-4c2b-9370-292b77336ea2,AI-4129-1094,Aircraft,29608.25,Diesel,Good,2
2f03af87-99f2-487f-81a8-9e12c03992b2,TR-5523-1095,Truck,11056.0,Diesel,Due Soon,14
4c72dbf2-44be-403a-a519-3d1d7648783f,TR-1373-1096,Truck,18917.94,Diesel,Good,4
b92f8b07-7446-4363-8517-3dd7104fec5d,TR-5064-1097,Truck,25918.64,Marine Fuel,Good,9
e34e72af-0a21-4273-8a4f-dcd0d1fc033b,TR-5885-1098,Truck,18376.06,Diesel,Due Soon,13
b8477b0c-281f-43ed-bf59-dbfa35626517,TR-8990-1099,Truck,5024.5,Diesel,Good,17
1838f7da-27ed-4749-9857-05e604d370ec,TR-5287-1100,Truck,8258.79,Diesel,Due Soon,4
3cf09059-7bd5-4af6-99a7-92db53ed9d84,AI-7779-1101,Aircraft,108435.88,Diesel,Good,17
291c87bc-3a32-4add-a758-d56e6a1bf7ad,TR-2040-1102,Truck,23821.51,Marine Fuel,Good,15
b36bdf12-1763-4e0d-b549-f2c708d3251b,TR-1384-1103,Truck,7839.27,Jet Fuel,Good,10
323fad69-99a2-418e-8176-e8cc5a1d6b5a,TR-4818-1104,Truck,16407.08,Marine Fuel,Good,18
d3ccee71-407a-49e4-b6c0-65d2b1628348,SH-7520-1105,Ship,10961040.31,Marine Fuel,Good,13
3786f056-b5f7-4373-aab3-7bbe8350e05e,SH-7598-1106,Ship,16916839.16,Diesel,Due Soon,11
37826914-58cf-4688-9e62-26a5ce5ef205,RA-3770-1107,Rail,424884.09,Diesel,Good,2
0483b07f-e734-4e74-bb01-2cd51499ca42,TR-3382-1108,Truck,16870.85,Marine Fuel,Good,2
818f47f1-6c4a-401b-8b16-d92df81cf200,TR-6573-1109,Truck,16566.12,Diesel,Good,6
60975725-003d-480c-a221-472a6186add1,TR-4047-1110,Truck,11661.45,Diesel,Good,7
708a8af7-faac-4a26-9766-b8955d8c79e1,TR-2816-1111,Truck,11703.47,Diesel,Good,2
607288be-1b33-4c19-91da-af0d769808e2,TR-9429-1112,Truck,11264.01,Diesel,Good,18
9a114096-287f-46de-9365-0b5bdbc16baf,SH-3991-1113,Ship,17296146.32,Diesel,Under Maintenance,8
2056007a-dd52-4b52-8b6f-d32ad92c696e,TR-6105-1114,Truck,22864.38,CNG,Good,5
92be7b3f-6a00-47c6-8d42-50ec06083739,TR-9220-1115,Truck,3155.23,CNG,Good,10
c5b50160-55a6-4966-acc3-51d55d8321a6,AI-2432-1116,Aircraft,131531.88,Marine Fuel,Due Soon,16
75bdc09f-d929-4dc3-907a-72ee906f1de3,AI-5077-1117,Aircraft,61985.14,Diesel,Under Maintenance,7
e87ec5eb-5139-464f-aeae-e1cdc4fa928d,AI-8791-1118,Aircraft,73749.81,Diesel,Good,11
91088fa2-3cf0-4434-aeac-8a2197bb0954,TR-8682-1119,Truck,6445.79,Diesel,Due Soon,9
38776728-fbf2-4fef-83e9-eca1d7e8b519,TR-9264-1120,Truck,8043.65,Diesel,Good,2
c40fa236-6255-4474-9877-1903f50c3bae,TR-9408-1121,Truck,3155.43,Diesel,Good,12
2724be47-98b5-401d-bf34-fc6b023c10cd,TR-7669-1122,Truck,6250.28,Jet Fuel,Good,1
db5ba675-c56b-4149-9945-c0eb1322ce80,AI-3010-1123,Aircraft,17408.95,CNG,Good,14
2140ef12-ee71-4e01-a5a0-9aa4f89528c4,TR-8905-1124,Truck,24006.58,Diesel,Good,5
5fe0eb08-c212-41b6-bb03-a1075a7821cc,TR-2046-1125,Truck,25318.23,Electric,Good,2
9fa4e4a3-452e-49b9-87f1-e0ad2f214d61,SH-4499-1126,Ship,24888750.79,Diesel,Good,9
d10e16fa-65d9-4bc1-8fa2-7d973ff44096,AI-5099-1127,Aircraft,116700.67,Electric,Good,3
a67cbc4b-5b1c-4162-98bd-41b10419a1e6,SH-8355-1128,Ship,21717057.19,Jet Fuel,Due Soon,3
2a808f0a-5c16-4735-b54e-e479565051f1,TR-2398-1129,Truck,10533.3,Marine Fuel,Good,8
44c25020-34fd-46e8-9759-ac8439a191f3,TR-2319-1130,Truck,25447.61,Jet Fuel,Due Soon,17
0f87d68c-0e72-43f2-a368-5b958882d49d,TR-7832-1131,Truck,4190.89,Diesel,Good,12
c3689acd-9b71-496a-a0d9-da494a184684,TR-7974-1132,Truck,18251.41,Diesel,Good,6
49058f65-f055-4069-91d3-eb249f0ce498,TR-8891-1133,Truck,5131.92,Jet Fuel,Good,2
a0213e34-5222-4fc7-9538-31ba48dce116,TR-9472-1134,Truck,14302.51,Diesel,Due Soon,10
471c2097-df53-4b15-b654-639c79afb3aa,RA-3404-1135,Rail,69631.46,Diesel,Good,17
ac2c3904-2dda-4a8b-9ebe-c61f7de2998f,TR-3912-1136,Truck,23104.31,Jet Fuel,Good,9
173e4bbf-4adc-4d60-8f00-a9e81eafd866,SH-1941-1137,Ship,24586823.48,Diesel,Due Soon,4
4ab1d333-1d95-44a2-9ab2-2801bddd2601,SH-7757-1138,Ship,22505981.88,CNG,Good,4
b573834b-73f3-46bd-85d7-33e42ddf5889,TR-4590-1139,Truck,27493.56,Diesel,Good,8
8b57d899-f895-41f5-ae36-38de48c13d80,TR-1614-1140,Truck,16561.6,Marine Fuel,Due Soon,10
1a5b5611-7ce4-4f68-87ef-d215d32539c1,TR-1124-1141,Truck,27496.45,Diesel,Good,7
1dfb9b99-c368-41de-ba0b-1e9a463cad29,TR-8222-1142,Truck,7295.7,Diesel,Good,7
0e36bbb9-431b-4c79-babb-6950eb9c70b9,SH-8551-1143,Ship,17114325.24,Diesel,Good,5
c892a829-e48f-4b92-8897-7bbfb2a918a6,SH-9340-1144,Ship,21494645.13,Diesel,Good,5
97a8c05e-5c55-421f-ac5f-185b5fcaf7dd,TR-4429-1145,Truck,8429.35,Electric,Good,2
196f6b6c-2ae7-4152-8f3a-67c2e2fbf85d,TR-6194-1146,Truck,8531.35,Diesel,Good,8
16d8bb9e-f690-47d4-bbf6-0883cba2d09f,TR-3358-1147,Truck,23403.44,Diesel,Under Maintenance,14
2a402110-eb09-4a1c-b4b3-7e6d5eb1f7ee,AI-4920-1148,Aircraft,123718.15,Marine Fuel,Due Soon,13
d1d54e97-ae41-42b8-b798-9729e49d51e7,SH-6105-1149,Ship,18683222.71,Diesel,Good,9
79695f22-4598-47fb-ada6-5cb2daf1e61a,SH-8787-1150,Ship,24075699.88,Jet Fuel,Good,18
2de1127a-8c27-4db5-83e4-c019524acc76,TR-7333-1151,Truck,8222.18,Marine Fuel,Good,11
ea87d0b8-d55d-4fd4-a080-26f5583ddab5,TR-8411-1152,Truck,7604.37,Diesel,Under Maintenance,11
8348f584-0c96-498b-be5c-479292458475,TR-1579-1153,Truck,11309.49,Diesel,Due Soon,3
9faf2853-ad6b-4379-aaa1-b04c6deba252,SH-3382-1154,Ship,10378129.06,Marine Fuel,Good,3
9642f2f9-045c-4d07-9802-350dceb77037,AI-9279-1155,Aircraft,76978.29,Marine Fuel,Good,10
bde60d93-89b5-4a19-9abb-1c748e180f7e,AI-6341-1156,Aircraft,26431.58,Diesel,Good,7
cdb5117c-b62f-478f-ab93-aa64cdb1954f,TR-9992-1157,Truck,8106.13,Diesel,Good,15
cc81944b-e998-4026-82d4-0acc07c67c9d,RA-9353-1158,Rail,87369.85,Electric,Good,13
1286f85c-494c-4f45-86aa-f6ad830e1d6c,TR-4277-1159,Truck,26984.4,Diesel,Good,4
05f80908-d06d-4f90-bef0-9e361ad11d78,TR-7327-1160,Truck,24198.96,Diesel,Good,10
99404339-5120-4d5d-a980-ad8cbc6021c9,AI-2391-1161,Aircraft,19807.29,Marine Fuel,Due Soon,2
5cadd5cb-941b-4d6d-ac9c-b874166981e1,SH-3828-1162,Ship,10524645.22,Marine Fuel,Good,3
ce6597bc-c9c9-4fe9-ad10-1a244f2f16ad,TR-8841-1163,Truck,21886.88,Electric,Good,5
59bc7f85-ccab-4913-83e3-85b30dcadd0a,SH-4856-1164,Ship,22071347.41,Marine Fuel,Due Soon,3
dc704b37-5554-4f9b-8fba-17bcf210f616,RA-7524-1165,Rail,73045.7,Diesel,Good,9
6b465a8a-9bd8-4bb9-9004-0d3594d7f989,TR-3001-1166,Truck,20907.66,Diesel,Under Maintenance,5
280590c5-99a3-4dda-adad-c2f0081b49ec,TR-5979-1167,Truck,21272.98,Diesel,Good,6
5532bf1b-7e43-47b3-9b4d-65d1faceb6c4,SH-3330-1168,Ship,9029309.75,Jet Fuel,Due Soon,4
ea7fd509-08e8-492b-8a6c-a63882012064,TR-8328-1169,Truck,10163.12,Diesel,Good,7
a0b9f3c8-b4fd-48d6-948c-946bac371eb2,SH-1684-1170,Ship,22272347.14,Electric,Good,14
9b04df12-9075-4543-92f3-a04b60ca7455,TR-1277-1171,Truck,17359.66,Marine Fuel,Good,5
98d64e65-5174-42cb-8f6b-7af7dadc9812,TR-8742-1172,Truck,26578.33,Diesel,Good,5
4279be55-c8a6-45f3-8e42-de54b48fda00,TR-6616-1173,Truck,12389.45,Diesel,Due Soon,11
f01f8782-4ba3-4c3b-8362-1460c37812a4,TR-5718-1174,Truck,16885.82,Diesel,Due Soon,2
8e02a2ad-17a0-49df-ae7d-7012b2083365,TR-1221-1175,Truck,18545.59,Electric,Due Soon,12
f5bcc637-a5c2-4fe6-8295-d59fecd75b2f,TR-1338-1176,Truck,14382.17,Marine Fuel,Due Soon,11
897f70e3-d1be-405a-bee8-cf628a856eac,SH-3792-1177,Ship,6426650.24,Diesel,Good,14
d70a0b10-d65c-4880-89b8-543c72048434,SH-7396-1178,Ship,8269327.82,Marine Fuel,Due Soon,12
fb779120-8787-41f3-b469-8e8a47e4e15a,TR-4435-1179,Truck,15928.72,Diesel,Good,1
2bdd509d-47c0-4266-8722-bd1e4f2a4bb1,SH-8131-1180,Ship,13128132.05,CNG,Good,2
de793ee8-a05c-4d98-a3b5-f1136d432e95,SH-4052-1181,Ship,18876199.65,Diesel,Good,9
7223abe5-a3db-4039-8640-c37c0aa72b41,TR-5669-1182,Truck,23891.98,Diesel,Good,1
feb57558-644f-4c89-9182-c880f8293102,SH-4209-1183,Ship,10443087.49,Marine Fuel,Good,15
ba5acb61-5745-4909-97ed-b30806b6b9e0,TR-6849-1184,Truck,9695.74,CNG,Good,12
661a67be-ddad-4e23-b2a9-44baa2c93a46,AI-5598-1185,Aircraft,12453.15,Marine Fuel,Under Maintenance,5
341b8e85-40e0-4aba-8ca4-0a33fcdbdd3c,SH-8551-1186,Ship,14119202.5,Electric,Good,12
e9ba8ae4-64af-4717-84de-bea46eeaa330,AI-6944-1187,Aircraft,41397.79,Marine Fuel,Due Soon,5
fa4d0042-cf80-4f57-8b08-c0fbc0981bd5,TR-7298-1188,Truck,21308.08,Marine Fuel,Good,16
2a28313b-f5ae-4332-bd32-efa7f1b5c848,RA-9287-1189,Rail,420336.46,CNG,Due Soon,11
a890318a-d2e2-4730-8f08-653643f73bb0,RA-3885-1190,Rail,501492.44,Marine Fuel,Due Soon,4
7d2a8388-bf63-4fa4-95af-a33cfb322923,SH-5257-1191,Ship,14086427.2,Jet Fuel,Good,15
a052e605-bfe6-4ddf-844b-b81edf72c0e9,TR-7173-1192,Truck,27650.14,Diesel,Good,2
6936646a-c91a-44e9-8b3c-4314161e4cb2,TR-9862-1193,Truck,11195.27,Diesel,Good,6
4e4adf9a-3cf0-43f9-98d3-da6bb2d0d7ba,SH-8045-1194,Ship,21749761.24,Electric,Good,1
b1b78d1f-a635-44fd-9f93-cf392d658d5d,SH-4651-1195,Ship,16869293.15,Diesel,Good,9
f5b3743a-7b53-421d-8d3a-4fbd62e513ac,SH-5355-1196,Ship,12058472.81,Marine Fuel,Good,7
1053b550-1348-400e-a6bf-bf689406747f,RA-3952-1197,Rail,267883.51,Diesel,Good,11
9ebd57de-7f0d-44cc-9294-8fb444d9e6a9,SH-8993-1198,Ship,18553012.9,Diesel,Under Maintenance,15
2cb49626-eb9f-4fe0-8378-772138f622a3,AI-9397-1199,Aircraft,93941.8,Diesel,Due Soon,6
c826abb1-ae80-4c0e-ad1f-4505449746b4,TR-1635-1200,Truck,23385.47,Electric,Good,6
06858d47-d33a-4f96-adab-1d8653325f87,AI-6978-1201,Aircraft,31095.51,Electric,Good,11
04f700af-3c70-4a94-ad39-3aa14b421d5b,SH-5258-1202,Ship,9197959.56,Diesel,Good,8
b5df39bb-ea72-4340-9863-24d44bd5266b,RA-4957-1203,Rail,661920.78,Diesel,Good,11
bebba5da-9367-493e-8e7e-3085aa24e182,TR-4267-1204,Truck,16411.31,Diesel,Good,11
dca33cf6-0009-42a3-b9d1-10ccf5649967,TR-9413-1205,Truck,14611.37,Marine Fuel,Good,6
fe154ea1-2e97-48e3-a1aa-15a9d3d28e41,SH-4543-1206,Ship,5714078.31,CNG,Under Maintenance,17
f0f09740-7b59-4cb7-bd9f-00fa3f10f8f2,TR-7576-1207,Truck,14512.93,Electric,Good,11
6299d06b-0b8a-4a6e-ba9d-32bdf51c3abb,TR-5558-1208,Truck,24687.52,Diesel,Good,8
d1e2b113-5ea0-4840-9e7c-ab45d89b468f,AI-8168-1209,Aircraft,43835.31,Jet Fuel,Good,11
2402a39c-71b9-4d28-bf13-ff14234624ce,SH-1433-1210,Ship,15359706.82,Diesel,Good,10
c6e3d882-4df0-43b0-adeb-0265b1d97c0e,TR-9494-1211,Truck,8899.82,Diesel,Due Soon,16
131843da-cab5-46c9-8ef8-40c029e944b2,RA-4886-1212,Rail,393456.36,Diesel,Good,6
d4fa52c6-9e16-44af-808b-318533672b11,SH-6415-1213,Ship,8306507.23,Diesel,Good,12
472f66ec-b943-4d86-a6a5-44bd3a39ca12,TR-2794-1214,Truck,24624.64,Diesel,Good,4
fc7099e5-4fa0-43fb-bf20-ff2f215a498b,TR-2959-1215,Truck,24439.78,Diesel,Good,17
6a9f92fb-0473-4983-834b-6461e15c3bd0,TR-8469-1216,Truck,15094.83,Marine Fuel,Under Maintenance,12
420ad175-7008-4a67-8b8b-27533488e933,TR-5479-1217,Truck,7486.62,Jet Fuel,Good,3
2abab78f-1f29-4734-a0d5-b4703cfc69c8,SH-9994-1218,Ship,11248897.79,Diesel,Due Soon,3
6c9796b7-f445-4193-9b13-204b8e78df81,RA-1051-1219,Rail,353091.81,Diesel,Due Soon,7
a7d72085-b4b7-47ae-9a9d-5657ffce7008,AI-4968-1220,Aircraft,136497.01,Diesel,Good,1
63b0a4ae-6332-42b1-b48b-438099bce95e,RA-9158-1221,Rail,193673.98,Diesel,Good,11
7627e37a-fd83-426a-9b3c-8bd746552e46,RA-9233-1222,Rail,167942.05,CNG,Good,4
3c48ab84-fe15-4d71-b4d9-bd1b61ba8fe1,AI-2175-1223,Aircraft,125783.64,Marine Fuel,Good,2
55aa1985-3017-4380-8d1f-f48a31c68414,SH-4521-1224,Ship,7984522.46,Diesel,Good,5
8908348f-55d2-4b26-bbd4-d0d13eb123c6,AI-6973-1225,Aircraft,70366.3,Jet Fuel,Good,10
a85149b0-bcfc-4d99-8145-3bf0b85b7d8c,AI-8787-1226,Aircraft,42984.27,Diesel,Due Soon,10
b54db42e-8285-4690-8036-7097c46402fc,TR-1197-1227,Truck,22928.21,Marine Fuel,Good,6
06c2f1b0-a86d-4792-8e98-e5cc37eb72c7,TR-5655-1228,Truck,21375.23,Electric,Good,2
1bce873f-6d13-4b93-83ca-59899d9d5432,TR-7798-1229,Truck,7498.33,Jet Fuel,Good,3
61273598-06c4-478f-9e3d-08fa79e71ad2,TR-4096-1230,Truck,19709.75,Marine Fuel,Good,8
159220e2-2a8b-4b31-911f-6e0fee0d35ca,TR-9181-1231,Truck,27515.47,CNG,Due Soon,11
8c3b347a-76be-4a0e-ba99-fba3e7c62b14,TR-7287-1232,Truck,7237.14,Diesel,Good,2
94ccb635-a8b5-485d-82b6-bbe33725a467,RA-9138-1233,Rail,629058.57,Diesel,Due Soon,18
513abc73-51dd-4e57-89ab-368a40af4c7a,AI-7623-1234,Aircraft,46351.97,Marine Fuel,Good,3
659074de-9f04-40ef-b2d2-25a3cdce944d,TR-4860-1235,Truck,4414.93,Jet Fuel,Good,2
d09c0ce7-ba2f-4e0d-9127-16005268af38,TR-1042-1236,Truck,6577.16,Diesel,Due Soon,11
bf71f9b2-414e-4ee7-9ceb-47456cdb75ee,SH-2420-1237,Ship,6249352.08,Electric,Due Soon,16
18dd781b-6c84-4cd6-9e65-5a0c43bb165c,AI-3914-1238,Aircraft,47472.96,Diesel,Good,16
06d43ce0-a3e7-4f90-8dbd-dd89ad6002e6,SH-2619-1239,Ship,16963668.71,Marine Fuel,Due Soon,5
d9949efd-0608-4646-9ff5-62fe4203f838,TR-1750-1240,Truck,25170.53,Marine Fuel,Under Maintenance,4
728d82cf-7daf-441e-b91f-207891a1ed12,TR-2481-1241,Truck,21375.37,Diesel,Good,16
82406984-164b-4fae-9589-dfd38ba880c2,SH-1943-1242,Ship,4311621.54,CNG,Due Soon,2
e13bc9b7-a57a-42ea-accb-e2afbfe26efa,TR-3541-1243,Truck,26909.14,Jet Fuel,Good,13
e1776dd7-998d-4450-b2c2-3781c9282336,TR-9419-1244,Truck,26326.2,Marine Fuel,Due Soon,14
1dd422f6-5b0c-4aeb-ab51-4090e9186771,TR-9705-1245,Truck,21343.47,Diesel,Good,8
f1b81321-1e5f-40d1-ad29-88f1592a24a6,AI-7461-1246,Aircraft,61515.43,Jet Fuel,Good,14
96bced56-61a8-46eb-ad13-b1476c32a99f,SH-7727-1247,Ship,10775442.61,Diesel,Good,18
bad069e3-7fc0-4048-a211-766396846755,AI-2038-1248,Aircraft,52160.9,Diesel,Good,5
39c842b3-d426-4299-9f89-0b445ab9690b,TR-7830-1249,Truck,4770.62,CNG,Under Maintenance,16
ccdbd44b-70ff-4a7e-b455-3b4e70406347,TR-8637-1250,Truck,11799.53,Diesel,Due Soon,14
d3124383-b20c-4c49-b649-0ffb5f63314f,TR-7638-1251,Truck,25043.05,Diesel,Good,16
36051322-1e31-4af1-9dee-3a5b07fb637f,TR-4542-1252,Truck,27759.3,Diesel,Good,6
bf074b09-5fba-46f3-a2ef-e5278045eb09,SH-1117-1253,Ship,10873405.18,CNG,Good,2
b95b879b-a294-4656-8770-a9d6fd4ad1ed,TR-7210-1254,Truck,19146.25,Diesel,Due Soon,6
4cf2df92-4ceb-4ce0-9720-0751a81b0b2b,SH-8659-1255,Ship,14874591.33,Jet Fuel,Good,8
2429bcc3-3850-4668-9a0b-384c1f1d5d45,TR-6262-1256,Truck,24636.08,Marine Fuel,Under Maintenance,14
0cdf64f0-b7d9-4e69-a328-ac3ba73ff1df,TR-9000-1257,Truck,16529.03,Jet Fuel,Under Maintenance,4
aeb20d0a-5679-4a04-aa96-885e101a593e,SH-8852-1258,Ship,4293006.37,Diesel,Good,17
a7b5d2f1-5631-42df-a2ca-ccb668ec1b6e,TR-7292-1259,Truck,19667.77,Diesel,Good,15
f088169a-7169-4a25-a55c-a7828c6cb691,SH-9532-1260,Ship,11752189.06,CNG,Good,3
7120618e-c3d9-4c36-89f9-703954828916,SH-6272-1261,Ship,14808158.11,Diesel,Due Soon,16
7a817d66-f027-4185-9222-d28329482c0a,SH-1574-1262,Ship,12086071.04,CNG,Due Soon,18
b42da5f0-93f0-40a7-9ae5-ab9052edf914,SH-7337-1263,Ship,12411080.89,Diesel,Due Soon,8
f85d6a84-84f9-4beb-9eb9-5812dc50e9e2,RA-1711-1264,Rail,73350.05,Marine Fuel,Good,15
95e5e43e-ee38-4ed1-8093-1b1de6154ff5,SH-8751-1265,Ship,842051.74,Marine Fuel,Good,6
969c4ef7-edde-4fd6-8e0e-cff2b50b241d,TR-1129-1266,Truck,5490.34,Marine Fuel,Good,16
44a63ec6-3270-485e-b005-7b210fdbf3e3,TR-2460-1267,Truck,8640.8,Diesel,Under Maintenance,7
2b5b72af-5792-49f6-a4fa-2a9cd73d65c4,SH-1619-1268,Ship,2333015.53,Marine Fuel,Good,4
5ab90057-80d8-4739-904b-bc082f97082f,SH-1721-1269,Ship,14996693.0,Diesel,Good,9
ea1a4a7d-8a3a-4606-b9fc-5a4e703a1f9d,SH-3838-1270,Ship,16383813.85,Marine Fuel,Due Soon,5
6866e236-b978-4d6b-a523-4ad1338ed46e,TR-6662-1271,Truck,18456.44,Diesel,Due Soon,9
acd1ec0f-3d8f-48f3-9b73-9d92a4e2d174,TR-4272-1272,Truck,16535.4,Marine Fuel,Good,18
f15dd2d7-c8b8-43b2-843f-677165cb6aea,TR-3291-1273,Truck,4201.33,Marine Fuel,Good,2
601dc337-6aa3-4c4e-af38-20f3b8dd770e,SH-9484-1274,Ship,13922758.7,Diesel,Good,7
564c0836-4912-4150-b5f6-815941a20479,TR-2694-1275,Truck,10009.37,Diesel,Good,17
c5fb032d-2db4-4c05-a422-184d08341c59,AI-8115-1276,Aircraft,86676.85,Jet Fuel,Good,16
b02f1c65-bbdf-460f-954c-fa5e11b4a083,TR-1295-1277,Truck,25579.35,CNG,Good,11
13f87dc9-f259-46fa-bdae-932e80a2ed92,TR-8172-1278,Truck,23014.46,Marine Fuel,Good,8
d4bb0e05-dc43-4616-9455-05706c1aeca2,SH-4251-1279,Ship,1431839.47,Diesel,Good,6
7bfe64ca-886d-4f29-865d-dd06f17e0186,RA-2182-1280,Rail,308669.08,Marine Fuel,Good,15
fa4671bd-559d-4d20-9a8a-20dc27f3d8e9,SH-4503-1281,Ship,1582552.67,Diesel,Due Soon,13
5f10153a-058b-4639-a6a4-39b062abd1b0,SH-5989-1282,Ship,3958518.8,Diesel,Due Soon,17
80553b7d-72b7-4010-a95f-8d76cdd4c287,TR-7663-1283,Truck,23329.68,Diesel,Good,11
26dc8d7c-0d51-43ad-94e3-8f945b6bf92e,TR-8038-1284,Truck,8449.19,Electric,Good,16
240652da-9ae9-47b6-82eb-63c451447717,AI-6694-1285,Aircraft,24286.5,Electric,Good,1
17677d5c-736d-4f2c-a409-581f8715e39d,TR-9933-1286,Truck,26900.01,Diesel,Good,2
9c4bae92-ffb3-4213-b84e-7396537a0a4f,AI-7993-1287,Aircraft,86743.99,Diesel,Due Soon,7
582b0a8b-71f0-4b88-bca1-cf9c88e0bb33,AI-3915-1288,Aircraft,138756.41,Diesel,Good,8
7dda97f9-1f03-4a9f-a95a-b337674644b8,TR-3496-1289,Truck,17757.02,Diesel,Due Soon,12
118ca5dd-540c-4f27-b109-fc8c3322f13a,TR-4065-1290,Truck,18193.66,Jet Fuel,Under Maintenance,16
0187279d-67c9-451b-91fa-e4c059afba39,TR-3636-1291,Truck,26372.44,Diesel,Good,9
dcf8f33c-7433-444f-a26d-f2eefec7a67f,SH-8338-1292,Ship,3458831.24,Diesel,Good,5
d53599df-6fe7-4171-bf85-62239cefd0a0,TR-2977-1293,Truck,25998.88,Diesel,Good,13
c734061f-cf5e-4ecd-a870-8f977560b8ba,TR-9313-1294,Truck,17571.39,Diesel,Good,17
d12b1d9c-d0b6-4566-9826-630956f32692,RA-3718-1295,Rail,649679.05,Jet Fuel,Due Soon,11
687cb136-0942-40fd-936a-fc6fc0b71c4e,TR-4928-1296,Truck,17612.46,Jet Fuel,Good,3
5ab56d0c-9f2e-46c6-825f-cfa0e56f4956,SH-9623-1297,Ship,17545568.55,Diesel,Good,1
2ba7072b-614b-406e-9bcf-47675ce1711a,SH-2096-1298,Ship,13457798.06,Diesel,Good,5
8dd5d489-9e79-49cd-bcd0-4893bca78460,SH-6892-1299,Ship,15347563.52,Diesel,Good,14
9a6d3105-7218-459b-aff3-29f4b0115b19,TR-9672-1300,Truck,20285.47,Marine Fuel,Due Soon,8
4d0ea37b-9468-48ea-b500-6e88c9a456ad,TR-5658-1301,Truck,7139.14,Marine Fuel,Due Soon,8
6781ad85-95a7-410a-addd-dea86be9eabc,TR-5403-1302,Truck,6859.25,Diesel,Good,3
0bbb35ec-b97d-49d7-a01a-97323325a9c4,TR-4525-1303,Truck,6190.34,Diesel,Good,9
c250e777-521c-49dd-9b46-903ef59c3deb,TR-5775-1304,Truck,8565.45,Marine Fuel,Under Maintenance,16
a7f91b7e-adb5-401a-9b75-d2ddb53da152,TR-3515-1305,Truck,12512.79,Diesel,Good,9
8c733ee0-9674-47df-a1e8-924fe197f912,SH-9010-1306,Ship,13236451.11,Marine Fuel,Good,5
4f26a1e1-c450-4d84-9fe4-8ea690d68373,TR-6761-1307,Truck,9369.91,Electric,Good,5
4102ecd3-1852-410e-8abd-cd58ebe0b3ca,TR-7612-1308,Truck,22404.19,CNG,Good,4
6dda0175-a242-412a-a1e7-3f3223e16d4d,TR-4846-1309,Truck,3461.59,Diesel,Good,10
b21f4e3d-19cd-4dbb-8e59-2faf1df5e7e6,RA-3009-1310,Rail,311368.85,Diesel,Due Soon,13
8d058fbd-a2d9-48e7-a711-c8afaf714976,TR-5248-1311,Truck,27353.27,Marine Fuel,Good,18
25f9f9f7-9c14-4e38-a8ef-802e87781a85,TR-4755-1312,Truck,11981.96,Diesel,Due Soon,1
2190e723-7cbc-42b8-b2f2-99085efde402,TR-4643-1313,Truck,27322.09,Jet Fuel,Good,3
12fb0ab5-212a-4443-8e09-2a08baea0bb5,SH-4905-1314,Ship,18326820.91,Diesel,Good,16
62b4c801-db3e-4505-85ef-3a80d5988632,TR-2063-1315,Truck,21138.77,Marine Fuel,Good,16
035b0f29-7368-4f18-90d3-571e1ecf4923,TR-1413-1316,Truck,10439.76,Diesel,Good,13
de0e8499-47e6-4689-b711-cab85f340fc7,TR-3780-1317,Truck,3716.6,Diesel,Good,3
11873176-5d92-4783-8314-2a5f428a3778,TR-1386-1318,Truck,27392.31,Diesel,Good,15
a2e6c1bb-6ec9-4954-be97-69175d0b1b5c,TR-7102-1319,Truck,10490.94,Electric,Good,15
f5ebcc36-8210-4ca8-9f82-b1cf024dfe18,TR-8161-1320,Truck,22185.7,Diesel,Good,17
5129eb28-4aa6-441e-9bbd-b82d7ea48ada,TR-3379-1321,Truck,12268.83,Diesel,Good,11
27e03541-7c45-4a0f-8481-0179dc02deed,TR-7285-1322,Truck,18893.67,Diesel,Good,1
ef5d1eea-8b35-42d8-89c3-9b9958617cdc,TR-9574-1323,Truck,17462.75,Diesel,Good,3
614b5cce-0938-4344-bd36-fb20448634ea,RA-4815-1324,Rail,695101.85,Electric,Good,10
3f63738b-e556-4636-8cc8-e3b56c8fa1ed,TR-1999-1325,Truck,22318.93,Diesel,Due Soon,6
9f3b357e-bbb2-475a-9fb9-e537559ac717,TR-7199-1326,Truck,17688.75,Marine Fuel,Good,4
900a34b0-d38c-43be-a570-ec40a1ea63b8,SH-2040-1327,Ship,17580064.37,Jet Fuel,Due Soon,15
da612a13-446e-4f83-9dd5-8c4595dbcb94,SH-4075-1328,Ship,15955349.43,Diesel,Due Soon,15
eea0b416-3939-4e1e-bafe-80a8803d7431,TR-8103-1329,Truck,14852.12,Jet Fuel,Good,1
20eb7f42-4c7a-4742-b451-6f5fee7e1475,TR-3223-1330,Truck,8358.95,Jet Fuel,Good,7
ba358e95-8643-4114-b59c-16ed4b31b1ed,TR-9334-1331,Truck,16272.02,Diesel,Due Soon,12
9aa2cdf6-a365-456e-b1be-84f5af7770a7,SH-6859-1332,Ship,1135967.84,Marine Fuel,Due Soon,17
d75d2085-9b0d-441d-9745-fc3b5a97b28b,SH-3266-1333,Ship,4634953.17,Marine Fuel,Good,11
f9d3792d-e9d4-4663-a8cc-416c9745e94a,TR-2416-1334,Truck,8026.02,Diesel,Good,1
5a7e6cda-ad99-4e09-a223-d059cb62cbd2,AI-8759-1335,Aircraft,93009.2,Jet Fuel,Good,11
649d838b-5088-4be8-be7f-671e56204c2b,AI-5406-1336,Aircraft,76997.87,CNG,Due Soon,2
57b0f3b1-b82b-4dad-aeb1-43773b286334,TR-3979-1337,Truck,4923.17,Electric,Good,9
83f1bd56-8d4e-4a5e-9ffa-cb36cb2db18c,RA-4078-1338,Rail,605907.82,CNG,Under Maintenance,17
446bcd33-73bd-4a6d-bb6f-9241a2175bd6,TR-3349-1339,Truck,19374.78,Diesel,Good,10
6c1bd82a-64bf-4a16-979f-9aee45cf53f4,AI-8711-1340,Aircraft,70058.25,Marine Fuel,Good,3
73bb8f18-5c6d-4bc3-80b9-dd8216ffd67e,TR-6126-1341,Truck,12101.51,Diesel,Under Maintenance,2
71254816-0714-4e90-a129-049de545cfc1,TR-1493-1342,Truck,22048.33,Marine Fuel,Due Soon,6
d251fde6-5a96-4993-97d9-ec98f769fc11,TR-6752-1343,Truck,23036.1,Diesel,Good,14
bc0ebccb-e227-4f69-92d4-83f519037bdf,SH-3307-1344,Ship,2068223.44,Diesel,Due Soon,11
e6ae208d-ffcf-4fe3-be8f-64b123002bc7,TR-9544-1345,Truck,21027.89,Diesel,Good,6
4d212924-9a93-4e82-ac0a-bc114f21d729,TR-5831-1346,Truck,16904.25,Diesel,Good,5
d13ac33f-69c9-41f8-8d13-4da03e74d39b,SH-8722-1347,Ship,10602917.13,Jet Fuel,Due Soon,18
f5fb1a24-e6f9-4555-a858-cc120fef5d73,SH-9490-1348,Ship,17776370.62,Diesel,Due Soon,15
4f71d101-7091-4da0-b4bf-a0b4f6c88d5d,SH-2222-1349,Ship,9493146.59,Diesel,Good,8
f995aa61-f5c0-4e62-b1c9-87ee02f357e8,TR-3458-1350,Truck,13995.92,Diesel,Good,10
60099125-9a9d-42e1-bcc4-ddc67309d994,SH-5499-1351,Ship,18654062.97,Diesel,Good,8
d01d2393-8634-4230-9f08-9fe7854e3212,TR-8430-1352,Truck,21346.89,Marine Fuel,Good,14
766cc545-f090-4e77-9fad-516e3fa0860a,RA-9439-1353,Rail,696530.21,Diesel,Good,2
36a84ceb-c888-4473-ae40-a8f5034a911a,TR-7067-1354,Truck,24416.84,Diesel,Good,9
6ce0f41f-a7af-463a-90f2-23239f205358,TR-7295-1355,Truck,13281.83,Diesel,Good,10
9920e1d0-3cc9-4524-a996-8d9f3efdffb6,SH-1758-1356,Ship,19843789.82,Marine Fuel,Good,5
fc06322c-3c95-4262-88f7-0ff4329af291,TR-6575-1357,Truck,8587.03,Diesel,Good,6
a2bd29b2-b76a-47ee-ac27-a73c535524aa,SH-3804-1358,Ship,9909940.11,Marine Fuel,Good,6
72f4d915-fb58-434c-bf56-e53c6766e709,SH-2007-1359,Ship,18331088.3,Diesel,Under Maintenance,13
9c7cdf32-10e0-4dfb-808b-3f91a72f9b78,TR-8858-1360,Truck,5216.68,Marine Fuel,Good,4
01e54061-3be1-434e-a519-577ecdcd728e,TR-4386-1361,Truck,23951.3,Diesel,Due Soon,17
05e95e29-3201-4b2f-ab21-19a74492296a,AI-4585-1362,Aircraft,46168.19,Marine Fuel,Due Soon,8
a7a69192-7d86-476d-af4e-e60e048e4cb0,TR-8903-1363,Truck,10876.13,Diesel,Good,12
17627d54-7773-467c-973e-6581de8396cf,TR-1409-1364,Truck,23117.55,Marine Fuel,Good,1
a8531ca6-d4ad-4193-b65b-078ab49638c6,SH-8863-1365,Ship,8643480.89,Diesel,Good,13
3474654c-9417-4f0f-bcf3-2ccc55a2c6b0,SH-9638-1366,Ship,24348314.55,Diesel,Good,11
2c683ca1-5b52-4a69-9350-6d5910baf3d4,TR-1915-1367,Truck,21677.7,Jet Fuel,Due Soon,5
ef8dd4ea-4001-46b8-9ba0-8c3fb633c08e,TR-5063-1368,Truck,21986.32,Marine Fuel,Due Soon,5
c260f57e-3494-4d7b-b604-50011c53bee4,TR-3354-1369,Truck,14830.66,Electric,Good,8
2cac0eb1-4d74-48a4-a365-6e21a196a81e,AI-3442-1370,Aircraft,146503.04,CNG,Good,15
a59d927d-4ca3-4a42-b06f-46e155f77443,TR-9462-1371,Truck,15461.44,Diesel,Good,8
e2a8422c-a0f2-48ec-8c87-488d5261435b,TR-8326-1372,Truck,7874.61,Diesel,Under Maintenance,14
c1c1a837-1635-4995-845f-f8cdbff6bd7a,AI-9137-1373,Aircraft,13265.18,Marine Fuel,Good,9
0f9b99b1-ee52-47ca-9eea-63c482c1b013,SH-2188-1374,Ship,6119045.7,Diesel,Under Maintenance,5
1eb7c564-88f5-426e-a023-2a54dcac6c16,TR-3579-1375,Truck,16760.55,Diesel,Due Soon,8
bf90dac1-373f-4479-92e9-d45ef3ed45e3,TR-6728-1376,Truck,7009.25,Electric,Good,13
453eb1ab-85ab-4f5b-b12e-bb0cbb81bda4,TR-8812-1377,Truck,6536.55,Diesel,Good,13
12f41fbc-f6b7-4aaf-936a-1a6aa6d41460,TR-5295-1378,Truck,12631.91,Diesel,Good,5
afd89856-ca16-40ad-8ab0-7ef8f58a25a8,TR-1703-1379,Truck,25785.7,Diesel,Good,10
c45312a2-30f5-4bdd-bf94-0b19a59ab79e,SH-2530-1380,Ship,23513013.55,Electric,Good,3
e9a50817-47c7-4d92-8042-e1c1b5fbe42b,TR-1247-1381,Truck,21004.8,Jet Fuel,Good,11
43360ae3-2b9b-4d17-ab67-21079c7be194,AI-4168-1382,Aircraft,20193.91,Jet Fuel,Good,14
52c826fc-371b-4822-99ed-3a0a9d372680,SH-2193-1383,Ship,15294821.23,Diesel,Good,10
d052a9ae-bd48-4240-95e5-504efbde68c5,TR-8522-1384,Truck,27213.34,Marine Fuel,Good,1
a1e53278-5268-47a2-a502-34fc77236caf,SH-3800-1385,Ship,5344943.5,Diesel,Due Soon,14
72f33c1d-58c1-4dfe-9907-a6cb062cd249,TR-1487-1386,Truck,6895.18,Diesel,Good,10
2c74f10b-a9f8-417e-b1be-5c2e9c5d53e8,TR-2605-1387,Truck,22113.13,Diesel,Due Soon,1
f0ac634f-f6b5-4036-8e96-cfd8996ee4f7,TR-4202-1388,Truck,5673.09,Diesel,Due Soon,3
cc699c0a-1a19-4187-b337-7c7a20407328,TR-9383-1389,Truck,22542.97,CNG,Good,12
a436c96f-e0c1-4bc5-99ca-69efd01227c2,SH-6693-1390,Ship,20392436.46,Marine Fuel,Under Maintenance,14
3ef5d60f-48f9-473b-80b9-2b84d4a33a26,TR-7921-1391,Truck,18688.1,Marine Fuel,Good,12
1f71739b-5c8b-4d8d-a5f3-3257c962e29b,SH-8505-1392,Ship,2224954.05,Diesel,Good,4
6467444d-99d6-4dd3-b502-6aa652fd984b,TR-7111-1393,Truck,26241.43,Diesel,Good,11
fab0f8d4-dc16-4da1-9a0d-9042d0a0391f,TR-7375-1394,Truck,6176.41,Diesel,Good,17
f26c9823-f73f-4f57-b7d2-a6b67fcd3d03,TR-5321-1395,Truck,3948.66,Diesel,Due Soon,2
9ba38e55-0ec9-4d36-a8e9-1261b7855e1d,TR-4118-1396,Truck,4783.64,Diesel,Good,18
8c7b3e14-436f-490b-baf5-24f2237572cc,TR-2790-1397,Truck,26421.78,Diesel,Good,8
f7a0509c-fc2b-40ff-89e0-e98f4bf57369,TR-1684-1398,Truck,9334.31,Marine Fuel,Due Soon,15
19949f6f-42e8-4821-9309-d58ff30bea19,TR-7497-1399,Truck,20889.78,Diesel,Good,15
00095dec-f00e-47df-a657-2b729a593260,SH-9980-1400,Ship,21855980.98,CNG,Good,4
a0973691-d49b-4d3f-a1fb-cc2139c2df3b,AI-5661-1401,Aircraft,142722.23,CNG,Good,15
afd4dd59-42e2-409e-88d6-2cc4fbdfc0ef,AI-3201-1402,Aircraft,146729.39,Diesel,Good,5
313a7024-673b-48b1-bfc1-d0e8dfa09275,AI-1954-1403,Aircraft,74888.08,Marine Fuel,Due Soon,14
5150fe1c-2e6e-4e5c-9166-fdd175b0160a,TR-6095-1404,Truck,27210.69,Marine Fuel,Good,10
1b6aeb60-4c75-4081-a1f0-75de58332795,TR-8213-1405,Truck,16558.67,Diesel,Due Soon,1
35c6de72-47a3-4fd3-bc07-f8a874765530,TR-1517-1406,Truck,18487.71,Diesel,Good,8
c82f3493-8f1f-4eb8-9133-a281e1238cc2,TR-1238-1407,Truck,14508.82,Electric,Due Soon,5
310cf95d-6e4d-4083-890a-14deed659d02,TR-9977-1408,Truck,20815.89,Marine Fuel,Good,3
e9e523d7-0b00-4d34-8ba8-a7c86782fc6c,SH-5231-1409,Ship,14233728.3,Marine Fuel,Good,12
46aa4b45-0495-449e-8406-8b7b590f9d6b,SH-5717-1410,Ship,11560774.13,Diesel,Good,13
651e5cb2-02b8-4e65-919d-26886495940b,TR-1149-1411,Truck,12544.48,Diesel,Under Maintenance,16
9b5c3822-a279-49eb-a063-0e30ce129efe,TR-2059-1412,Truck,18081.98,Marine Fuel,Good,2
ca91c154-1cc8-48e1-b427-7035fb081bd4,TR-3677-1413,Truck,7459.6,Electric,Good,10
2d7857b2-c115-473f-8465-48ddbeca0ffa,TR-3499-1414,Truck,7089.31,Diesel,Good,12
fdde6cf2-5afc-453a-975f-d7a575acdfe9,AI-4090-1415,Aircraft,27600.57,Diesel,Good,16
e14b7ff2-3e28-46da-9704-7577a85ec273,TR-7810-1416,Truck,11404.35,Diesel,Good,17
6a3ed5a0-ba35-4aac-ae26-9cbe8720822e,AI-5274-1417,Aircraft,141883.43,Diesel,Good,5
2bff1d5d-5cf6-4c0d-b6d3-ff1f16890486,TR-8497-1418,Truck,25394.23,CNG,Good,18
bdc7c46b-3be3-408c-8c2c-1750ae8fb194,AI-8497-1419,Aircraft,23390.42,CNG,Good,14
db7e8bfd-5b42-4ec3-8461-747c6ed47027,TR-5129-1420,Truck,18409.31,Diesel,Due Soon,15
3c71b633-6928-4954-8f09-5b0e1486ed1d,SH-8319-1421,Ship,20542438.52,Marine Fuel,Good,4
499f7afa-7a1b-4997-903e-1c601eee5f83,AI-7363-1422,Aircraft,30671.07,Jet Fuel,Due Soon,6
1bce6724-36a1-4e84-a1cc-a0929c49864f,TR-5073-1423,Truck,7672.85,Diesel,Good,16
0640f62f-90b5-4c50-834e-a1fe55b5b2d3,TR-8545-1424,Truck,14631.75,CNG,Due Soon,11
7f9f089f-7131-4c6e-8877-1880d94c37c3,TR-1489-1425,Truck,17417.62,Diesel,Good,15
d9620301-a905-433f-954c-27bcfde48303,TR-4257-1426,Truck,3993.54,Diesel,Due Soon,17
757909d8-2b1a-4e1d-89cd-874d49c34fce,TR-8505-1427,Truck,17827.1,CNG,Good,7
9641a3f3-d217-4e3e-892c-0af7d8ec174f,SH-3960-1428,Ship,6172453.23,Marine Fuel,Good,15
66760b42-1a97-4146-b51b-2e014ae45fd5,TR-4071-1429,Truck,20203.19,Diesel,Good,8
f9d2dcdf-6474-44d4-8693-179fd675c9c9,TR-7030-1430,Truck,22696.79,CNG,Good,17
f2d9a7cf-a354-422e-94ed-ca13c1bcb0c7,SH-5814-1431,Ship,10860768.95,Diesel,Good,7
34d13ca7-b580-4eae-b69d-58e8465571f2,TR-7056-1432,Truck,11391.18,Diesel,Good,3
d8cd0158-2244-4bdb-bea0-d4c4a7486d6d,SH-6967-1433,Ship,14269987.45,Diesel,Good,14
2ee68925-61d5-4c53-b60a-4c812bbb4843,RA-9667-1434,Rail,311353.57,Electric,Good,13
b9e05ee6-f34d-4667-8f1d-12eea9a8eb27,SH-8910-1435,Ship,3137064.07,CNG,Good,1
dc2e9a35-6599-490f-b4ee-6a48089906ec,SH-3420-1436,Ship,18046533.41,CNG,Good,1
5bf61ae6-939d-4dfa-9515-50af4e05eb98,TR-9430-1437,Truck,12012.74,Jet Fuel,Good,11
59a075b8-6f86-47b7-b91a-19af2296b058,TR-7113-1438,Truck,18914.0,CNG,Good,5
5f9e6a06-2507-4e2a-afe9-31f49dd7bb3d,TR-2633-1439,Truck,22761.72,Diesel,Good,3
59d56f37-23a7-4cd4-a214-d7ae61caac1a,TR-2472-1440,Truck,18808.14,Marine Fuel,Good,8
a4865873-f7c6-468e-bb41-2919d5f99628,SH-8144-1441,Ship,24282558.31,Diesel,Due Soon,7
e596c626-3df9-4fbf-940d-67cf14028282,RA-5882-1442,Rail,512389.6,Diesel,Good,15
fb3032c5-259d-4b2d-87bd-1681dc8f6c3e,AI-7123-1443,Aircraft,125134.07,Diesel,Good,9
43547e36-cfa5-4bd9-bfa6-66e0eb29b390,RA-8894-1444,Rail,384764.71,Marine Fuel,Good,7
dfd60e49-1ab0-446f-b13a-b3604c02ac02,TR-7853-1445,Truck,4052.18,Marine Fuel,Good,13
85c32e23-652f-43e2-a735-ecfb973fd974,SH-3711-1446,Ship,7536389.8,Jet Fuel,Good,13
18d5bb63-78a7-4812-8ffa-2c5e48cd3663,AI-7827-1447,Aircraft,97209.61,Diesel,Good,1
bb8b5484-72b2-4cf5-b4b5-0668af7d09a3,TR-4787-1448,Truck,17016.39,Electric,Good,3
c88503a4-5181-4372-bf0a-b814c17cc96f,SH-5239-1449,Ship,16790059.62,Diesel,Under Maintenance,15
788bfa90-2165-4227-876a-36fce80b648e,TR-9439-1450,Truck,13344.31,Diesel,Good,2
fd665674-c20e-4aa3-bd54-027093e80cca,SH-3703-1451,Ship,11559285.84,Jet Fuel,Good,15
61bff975-229e-410c-9f06-a11c3da47fb5,SH-7257-1452,Ship,21688493.4,Marine Fuel,Good,18
e3b79cd9-9cdf-4b05-b0c3-45f0c53d2e76,RA-8247-1453,Rail,73324.24,Diesel,Good,7
63a70d06-4c4e-4e4c-ade0-bfc5614aaeef,TR-6998-1454,Truck,20379.99,Electric,Good,3
d206c06d-2599-438d-a77c-f177402068b9,SH-5367-1455,Ship,8787488.08,Diesel,Good,8
392db071-a47d-4a7d-8f72-3d82b9f0f432,TR-3457-1456,Truck,12120.17,Jet Fuel,Good,3
fe489b23-fa1e-4067-97e7-0bdb37c7b1d4,SH-3381-1457,Ship,15155850.74,Diesel,Good,8
5a0b2bdb-464e-4d03-a06d-88d65b94deb2,TR-3741-1458,Truck,15858.93,Diesel,Under Maintenance,3
38f0a171-0b3e-418d-8a61-f0e20a648797,TR-4313-1459,Truck,23195.9,Diesel,Due Soon,14
31859190-33d1-4ab9-a85d-f3e8a1ab5cda,SH-5029-1460,Ship,18231814.38,Electric,Due Soon,5
dec12f6a-e3b6-474e-927f-30019de11341,TR-7899-1461,Truck,8032.59,Diesel,Good,16
bf05f5aa-a82e-4680-b772-23ef438e802d,TR-5495-1462,Truck,8646.64,Diesel,Good,7
5c9f94ed-8b38-409c-b618-71301adcd4fe,RA-3341-1463,Rail,508078.29,Jet Fuel,Good,8
cd24ca57-bcb6-453c-adef-46efab8b725c,TR-1743-1464,Truck,3457.89,Diesel,Due Soon,16
32642681-2253-44e7-9c7a-8e583ef80a15,RA-9796-1465,Rail,398547.24,CNG,Good,13
06659b74-2078-4b2e-8e9b-7280b92b88dc,SH-1109-1466,Ship,2240121.75,Diesel,Good,1
20782897-0943-479c-9a17-7dfdfbe9ec56,TR-1783-1467,Truck,10607.26,Electric,Good,1
b1f0e094-27e5-4918-a953-34855458f9c0,SH-2725-1468,Ship,13000647.59,Marine Fuel,Good,7
93099bc1-6f37-48a9-bdc4-6036044b1e1a,AI-9296-1469,Aircraft,14049.38,Diesel,Good,1
aa542b72-cb56-4b43-ac91-9b6a1d86560a,TR-3710-1470,Truck,9355.26,CNG,Due Soon,18
09828031-c6bd-46dd-9423-10def757903b,SH-4453-1471,Ship,8853550.41,Jet Fuel,Good,3
3f0f3a3e-d16c-4ec0-8eca-c0e0d843b5bb,TR-1772-1472,Truck,4240.08,CNG,Under Maintenance,18
52845aa9-fb4c-48cd-9fec-0d1483014070,TR-1440-1473,Truck,27815.35,Diesel,Good,12
aa6e11c4-9e1c-4d6b-bf42-2d75a888a700,TR-8735-1474,Truck,23232.39,Diesel,Good,3
ffeca8ab-a46e-4685-a145-3e7b865045eb,SH-2794-1475,Ship,15072733.25,Diesel,Good,8
2f4b9b0e-21cb-416f-995a-3bf90ab4e261,TR-3266-1476,Truck,22732.89,Diesel,Due Soon,17
79310eb6-6dbd-46a6-885f-eac99aaeb8d1,SH-7698-1477,Ship,4308866.17,Diesel,Good,16
c12c22df-b4f0-46fe-be98-c00fafa0cfae,TR-1153-1478,Truck,25876.85,Diesel,Good,17
aa62c566-fd49-44b1-899c-de286a2c6e13,SH-8983-1479,Ship,18449884.67,Diesel,Good,1
a1990f67-a677-45f8-b178-adb4df50f7b7,SH-2375-1480,Ship,20136345.9,Diesel,Due Soon,13
f0edd6ee-90b2-418d-a981-a60e7cf01bed,TR-6296-1481,Truck,17362.13,Marine Fuel,Due Soon,9
2e718d1c-b3da-4e23-8d2b-faf1a62e1ce6,RA-1014-1482,Rail,439665.83,Diesel,Due Soon,12
a45d4b7c-247e-42b5-9af8-5a319fa887c4,TR-1627-1483,Truck,22975.84,Jet Fuel,Good,3
d93432b6-23d5-4794-9f93-7e0d7014d46b,TR-7557-1484,Truck,12911.17,Diesel,Good,13
757417c0-384f-449c-b138-2fe3598cd99b,TR-1458-1485,Truck,23466.07,Diesel,Good,4
ae3f1807-1a4b-4ba1-bf19-7e6670a6c210,TR-8965-1486,Truck,3764.57,Diesel,Good,9
3144992e-fd5e-4fbc-85d8-81aa0180e60e,RA-2823-1487,Rail,462194.08,Diesel,Good,17
ca01215f-6168-4ce9-90b1-4f6dbd8c4dec,SH-3353-1488,Ship,15715373.97,Diesel,Due Soon,6
454318a7-13b3-41db-9a48-e5ae6955d430,TR-8474-1489,Truck,22392.19,Diesel,Good,8
c93da89e-c1d6-4177-944e-bfc0211c394a,TR-6813-1490,Truck,19147.29,Marine Fuel,Due Soon,10
113d12b2-fcc3-433c-929c-5602f9649d3a,SH-5211-1491,Ship,12371769.3,Diesel,Good,10
cf6d4771-eede-48ac-b64a-8215484a6465,SH-6846-1492,Ship,7225178.63,Diesel,Good,15
05f8d59d-cea0-473d-88fe-33f4a4c0a942,TR-1393-1493,Truck,4509.92,CNG,Good,13
583e941d-4d75-4f6e-8762-8a5addc5b4b2,SH-7454-1494,Ship,2311313.28,CNG,Good,1
3b792822-822e-4131-8530-c40787d83207,TR-3003-1495,Truck,13701.87,CNG,Due Soon,14
47925472-2c31-4cd0-9e38-0bbd02fb0085,AI-7620-1496,Aircraft,49255.94,Marine Fuel,Good,13
bef2d8f4-b3f2-4884-afb8-bd9f1a925c5f,TR-1295-1497,Truck,3932.95,Marine Fuel,Good,18
fb9206eb-d752-489c-bbb6-14a9df802d9e,TR-1675-1498,Truck,5510.61,Diesel,Good,18
c39223ae-c131-4a33-8a8a-409f1dd09c7b,TR-8691-1499,Truck,23247.29,Diesel,Due Soon,4
cccef9ce-1072-4ca9-a985-c5deda037ba6,RA-2237-1500,Rail,605720.97,CNG,Good,12
eb99b7e8-4772-47e4-ac24-dc184b43907b,TR-8879-1501,Truck,24965.4,Electric,Good,14
6fecdf66-73ca-4d67-a1b8-9aaf31106bdc,TR-8755-1502,Truck,9918.38,Marine Fuel,Good,1
984da638-4767-4f4d-a348-7f387ef2ce8d,TR-3168-1503,Truck,5753.5,Diesel,Good,3
f25e0469-3ca4-461b-bc2a-decf1e287f4f,SH-1046-1504,Ship,15698028.12,Diesel,Good,2
b430309f-676e-4220-9dec-0465333a1268,SH-2779-1505,Ship,6948286.32,Electric,Good,5
45646b4d-06ec-4d5b-ab42-ccf99baa1864,TR-1763-1506,Truck,5190.9,Jet Fuel,Under Maintenance,3
d5677835-46e9-4571-86ac-c210f8ae8364,TR-7381-1507,Truck,20903.41,Diesel,Good,17
2f60daf3-0c79-496a-9c5d-ea5cd2964557,SH-7885-1508,Ship,9867889.38,CNG,Good,11
837b0471-bd07-4fd9-a9c6-3f4ae5a9c556,RA-7568-1509,Rail,114468.95,Diesel,Due Soon,11
463cef69-bff9-4b8f-aeca-ce153efb80ef,TR-2696-1510,Truck,4258.69,Diesel,Due Soon,6
d369060e-1c37-43ff-9d83-8f27b5571776,TR-4279-1511,Truck,14550.51,Diesel,Under Maintenance,14
e58ec65d-cc71-4353-8f99-c3374d85d7bb,AI-8142-1512,Aircraft,129554.28,Marine Fuel,Good,5
7d610d3a-ffb9-4eb8-99ea-9024ff0a1a42,TR-8678-1513,Truck,12531.44,Marine Fuel,Good,1
39d55a31-5a48-47f0-bf44-3add26ac7e96,TR-6975-1514,Truck,12368.53,Diesel,Good,5
a99eec79-0d8a-4d5c-a036-3200af44d31f,AI-7487-1515,Aircraft,95847.95,Diesel,Good,9
908acd7f-eaeb-404e-bd0a-5e71284ad45a,SH-8041-1516,Ship,22313238.28,Diesel,Due Soon,7
c4d87447-ba16-428e-9d69-270983a7a3b5,RA-2928-1517,Rail,232881.45,Diesel,Good,1
91e7212e-8ea8-44dd-bade-9f65984962f7,SH-8477-1518,Ship,8547432.97,Diesel,Due Soon,13
2835ea56-1fd0-4484-a7b2-5f23fd52b817,SH-9995-1519,Ship,9814609.35,Diesel,Good,15
5e98f8d0-91dd-43a8-8a51-e69e7b4d04cd,AI-7673-1520,Aircraft,42434.03,Diesel,Under Maintenance,16
ebd9d349-6584-4340-a71d-79990e62dc26,TR-9191-1521,Truck,7579.14,Jet Fuel,Due Soon,12
3d8bf46f-8055-4315-8819-2635672c3ec7,SH-1678-1522,Ship,1795373.39,Marine Fuel,Due Soon,15
9c5cf3a2-4581-4e70-bb17-3506012c1ae1,TR-3212-1523,Truck,16994.11,Marine Fuel,Good,7
7c5bae47-e9df-432f-9707-63f804a2fdd7,TR-4892-1524,Truck,23601.12,Diesel,Good,5
51e1324c-3135-4737-8d67-4acc9a588911,AI-7987-1525,Aircraft,123010.24,Marine Fuel,Due Soon,15
2f27c716-b39d-43da-83b4-bd27858f2cd5,TR-7021-1526,Truck,23145.06,Diesel,Good,9
55a2fff3-df18-4531-b29c-d053f51ecef3,RA-5247-1527,Rail,280735.63,Diesel,Under Maintenance,6
d74469d5-0076-483d-b8b4-61634c1727eb,TR-3099-1528,Truck,24318.93,Jet Fuel,Good,1
72393fa5-a457-4e7c-9141-11cec5de2952,AI-3861-1529,Aircraft,132848.4,Diesel,Due Soon,15
b7f78210-9961-48c3-94ed-80909952b354,TR-3776-1530,Truck,6834.01,Diesel,Due Soon,10
26f0e734-d08b-4a56-bbfb-561ad03f9c8c,SH-2866-1531,Ship,7261164.76,Diesel,Good,6
fe46fb07-3b63-4930-a8f2-909ea5efd141,TR-3944-1532,Truck,25245.31,Diesel,Good,4
295347a9-6bfb-4c9f-ae42-1716846b498e,AI-6469-1533,Aircraft,138745.29,Marine Fuel,Good,13
2d98f86f-b711-49fd-9947-1d06575041bd,TR-2730-1534,Truck,17598.09,Diesel,Good,10
568ca6cd-a43d-4182-9beb-c022cc7c3609,AI-7137-1535,Aircraft,28778.52,Diesel,Good,11
aaf5511e-8e36-4f39-ba6c-5b483a7e3623,TR-5135-1536,Truck,6674.0,Diesel,Good,14
0acd70c0-56bb-4187-af62-3164474a721d,SH-3216-1537,Ship,12961230.17,Diesel,Due Soon,6
8fed6dda-8b47-465f-a157-72c4ee75b3d7,TR-9102-1538,Truck,11244.93,Diesel,Good,16
7e9e7483-9576-44a7-9e14-b89b31863390,AI-9119-1539,Aircraft,146246.42,Diesel,Good,1
413bea43-9d86-49db-85ac-29adc9f6fa39,TR-9426-1540,Truck,20414.44,Marine Fuel,Due Soon,16
27e54b92-d10c-4a36-b7b4-e12fb423b50b,RA-3670-1541,Rail,351398.18,Electric,Good,4
2012fa9f-9754-494f-8141-37a323ea88f4,TR-8319-1542,Truck,14989.92,Diesel,Good,16
6c060ca0-ed30-48b3-a915-e4eda47a50db,AI-8784-1543,Aircraft,95801.62,Marine Fuel,Good,13
1f9797b9-3b41-464b-b8e3-1e4695fb9cea,TR-2206-1544,Truck,21460.03,Diesel,Due Soon,15
4a4c9625-c120-44ad-80a5-eab53185f543,TR-2398-1545,Truck,21450.34,Diesel,Good,8
4f6c04ae-4e1b-40ad-8fb5-ba29c9adaef0,SH-3387-1546,Ship,20243231.17,Diesel,Due Soon,7
8f445b8f-3969-456b-93c7-3336eb46527c,RA-1610-1547,Rail,352158.35,Diesel,Good,7
04dd7277-3011-4e20-ad07-285f80b56f76,TR-7424-1548,Truck,15702.86,Electric,Good,8
97efdabd-9ff2-4831-bf31-fadd4185c626,TR-9428-1549,Truck,27323.58,Diesel,Good,8
a64550c6-6b0e-4c8a-8ac4-522f6ede6695,TR-7906-1550,Truck,27219.97,Marine Fuel,Due Soon,14
6cac86ee-3238-4e17-9325-fbbe43e5517e,TR-8311-1551,Truck,14093.91,Electric,Good,6
c91868e0-d695-44dc-8782-76e3e5882b1a,TR-2845-1552,Truck,10330.77,CNG,Good,18
db8a5b59-70b4-4a27-af2c-2adb9d9913ca,TR-3911-1553,Truck,24736.38,Marine Fuel,Good,4
719d50f1-3d28-4066-a9f1-c145196bc69b,TR-7121-1554,Truck,27406.37,Diesel,Good,11
4085a041-5d5d-43a0-a970-47bd939e948c,AI-7238-1555,Aircraft,77419.47,Marine Fuel,Good,2
3e2027e1-88c5-41b6-97d1-d34ddf1a66e3,AI-1918-1556,Aircraft,68262.08,CNG,Good,14
c1ff31e0-188e-4780-888a-313d1298da01,RA-9307-1557,Rail,133617.1,Diesel,Good,2
ccc28916-83ca-4e5c-a5f0-f75ab4155fc8,AI-9358-1558,Aircraft,71980.07,CNG,Good,1
d4be798f-cf5c-4f0b-ab53-3960a2485bab,TR-7521-1559,Truck,6660.25,Diesel,Good,2
ed1df539-493e-47ba-98a1-dac0050e45e4,SH-2809-1560,Ship,18754069.56,Marine Fuel,Good,11
70622904-6b67-473d-970b-4ffbef4b6541,TR-7826-1561,Truck,27625.33,Jet Fuel,Due Soon,3
c12b6746-f7de-4771-8f77-22b4782e25ea,TR-3213-1562,Truck,3222.72,Marine Fuel,Good,2
3db30830-761b-44df-9eab-370993346a02,SH-5137-1563,Ship,22400947.14,CNG,Due Soon,3
26169b08-587c-4d26-aa49-bce559fa4281,AI-7749-1564,Aircraft,81177.48,Jet Fuel,Good,6
9bbeb5d1-68ba-4e74-8237-c2749d51fe68,TR-2995-1565,Truck,10505.78,Jet Fuel,Good,15
cc1836d5-93fb-46ee-a23f-5f76b9079a74,TR-8007-1566,Truck,10878.94,Diesel,Due Soon,12
31596972-aa07-4315-8d37-000bcc431df5,SH-7202-1567,Ship,17851666.65,Diesel,Good,14
eb119c18-be58-4163-bb7e-254ce412ce63,TR-2829-1568,Truck,26659.63,Diesel,Good,18
0c498466-3803-4d18-8f6c-9ed51483019f,SH-5267-1569,Ship,22665108.72,Diesel,Good,6
6636c837-048f-4b48-9456-798e25698820,SH-7873-1570,Ship,11390130.84,Diesel,Due Soon,9
e557fb4d-68f6-43f9-8b22-1c621697cfea,TR-9079-1571,Truck,24345.46,Diesel,Good,5
1e95b663-482b-4419-a7c6-21faba038595,AI-2711-1572,Aircraft,22137.19,Marine Fuel,Good,1
ec867552-86bb-433e-8a27-fb2fa3df89d4,SH-7436-1573,Ship,13381291.53,Diesel,Good,5
dbae4848-d28f-4d7c-ba58-d9531a74eb0b,TR-4160-1574,Truck,27276.3,Diesel,Under Maintenance,14
600dfe5d-ef89-4e71-80a8-f3774fab57e7,RA-2721-1575,Rail,620100.19,CNG,Good,11
a9858912-1b2d-407c-948b-80276b15f8f5,TR-1358-1576,Truck,22154.13,CNG,Good,2
45497f46-46cd-409d-be7a-4966b6557c2c,SH-3871-1577,Ship,4882125.55,Marine Fuel,Good,11
72c3d39f-a148-4d8d-b6ea-2d884691c476,SH-7726-1578,Ship,4335968.94,Jet Fuel,Good,2
1181201f-75a4-4224-b3c2-bfb0dbca89e1,TR-3343-1579,Truck,24161.37,Electric,Good,16
63383713-b4cf-44ad-86f2-89e5fc319ff3,SH-5827-1580,Ship,16843104.52,Diesel,Good,9
359673f5-bf47-44c3-9473-6ad3199d6a10,TR-4977-1581,Truck,17682.5,CNG,Due Soon,11
14a521d8-3809-4ed3-a088-0909b0b314ee,SH-5089-1582,Ship,19229422.27,Jet Fuel,Good,16
927bcc71-927b-45b4-882e-ec55f2790873,TR-6161-1583,Truck,25203.38,Marine Fuel,Good,10
0278b51d-4d3d-4a08-a1bc-189ac42a2f9a,TR-8248-1584,Truck,27200.36,Marine Fuel,Good,2
42d1ad32-3057-48f5-897f-cecf81d6665e,TR-1589-1585,Truck,21507.74,CNG,Due Soon,8
bc7e754b-4508-4fbe-8b7d-23fb30a047bc,AI-2093-1586,Aircraft,15986.36,Diesel,Good,11
7f5ff1ec-c8e5-4035-b7f8-71c06550c9e7,TR-9533-1587,Truck,21421.03,CNG,Good,16
21a25d1f-ef65-4da3-a828-f60965930af7,SH-9003-1588,Ship,12465312.66,Diesel,Due Soon,18
bef97fd2-2064-4e42-ad7d-85b6602779a1,TR-2556-1589,Truck,19505.97,Diesel,Good,17
fa4cd8a9-5817-41c5-a224-d75db73cbce3,SH-8739-1590,Ship,761684.03,Marine Fuel,Good,9
fe4285f8-9050-494f-8ab3-6d9dfbb71264,SH-2275-1591,Ship,23256407.5,Diesel,Good,11
44955cfb-8606-4a80-8329-13c18ad8aeaa,RA-3434-1592,Rail,166917.69,Diesel,Good,6
c859b3a4-c0bf-4282-ba0e-8462a462b8b7,AI-6501-1593,Aircraft,142006.13,Diesel,Good,16
008c7be9-7468-4184-b108-df01082ae0b3,TR-3525-1594,Truck,23832.84,Diesel,Under Maintenance,5
b1a58159-0755-4fce-91b6-4b8e3d49ae4f,TR-5843-1595,Truck,26406.31,Diesel,Good,10
a78aeb41-04b6-4a83-8a92-7757958ea556,TR-3043-1596,Truck,3237.66,Electric,Good,17
560f416a-32e7-4f01-b311-849b5802cd90,AI-6606-1597,Aircraft,69505.64,Jet Fuel,Good,2
bad5ba44-529b-4ce4-864b-de7dc0a0eae8,AI-7905-1598,Aircraft,97654.89,Diesel,Good,14
4a635957-78a0-43e1-a88a-769a670c5d7a,TR-4572-1599,Truck,22882.56,Marine Fuel,Good,10
66251e26-6cc5-4906-aadc-75436077c847,TR-5647-1600,Truck,27718.96,Diesel,Good,1
a7568f0d-1ed8-47b3-8b08-41b14809ffc5,TR-1459-1601,Truck,21716.8,Diesel,Good,1
76b03826-e94a-4f22-abe4-86c920edffd6,TR-7442-1602,Truck,16905.13,Diesel,Good,5
b208acc7-22ce-4db5-8b32-3f999d80889b,SH-5561-1603,Ship,16979501.59,Diesel,Good,13
40f384a4-9e18-4d2a-9857-3b290fd9ddbd,TR-7327-1604,Truck,26781.84,Marine Fuel,Good,6
99f42b57-089a-4ec3-925a-9a4f59f1756c,SH-8735-1605,Ship,24411418.4,Jet Fuel,Good,3
1a15722b-4df3-44fa-98e6-f917e08aab6e,TR-1503-1606,Truck,8751.57,Marine Fuel,Good,6
8baec8ca-310c-4be2-bb9e-97239654577e,TR-7390-1607,Truck,27906.06,Diesel,Good,13
96856464-f5a8-4cdb-9aa2-c3473095a1b7,SH-1435-1608,Ship,15441284.95,Diesel,Due Soon,4
c9a33fb2-a96b-42b9-9712-580f43c8e5f4,SH-4150-1609,Ship,4113081.94,CNG,Good,9
43c705e2-ba8b-4d08-9544-6755569d74ff,SH-7273-1610,Ship,12662320.23,Electric,Good,15
2a547cf7-57b9-45b3-8868-ec083292c18f,SH-2269-1611,Ship,6469086.17,Diesel,Due Soon,6
61966024-dbfb-4c3e-9520-0933a2920dc6,SH-7257-1612,Ship,7687155.0,Diesel,Good,16
ac64b713-2f89-4afb-8be1-33e008b6a870,TR-3203-1613,Truck,20744.62,Marine Fuel,Good,10
61cc77f8-2b36-4e5e-a573-e19a3a6656c9,TR-3657-1614,Truck,25193.81,Diesel,Good,17
b9be185e-2890-4092-b13a-d1ae9b974ca6,TR-3413-1615,Truck,24512.43,Marine Fuel,Good,14
57bfde1f-4925-40cd-bb4f-d4cbc7018759,AI-6096-1616,Aircraft,52540.51,Marine Fuel,Due Soon,15
c43290e3-94a9-4a2a-9be0-b5663d3aba75,TR-2419-1617,Truck,21629.31,Marine Fuel,Good,9
8f6d4e50-c988-4ceb-a594-150b3b226d43,TR-6187-1618,Truck,7142.32,Diesel,Good,15
add346e1-76d4-477e-85a5-8821b0f123a1,TR-8858-1619,Truck,16958.13,Jet Fuel,Due Soon,18
2534e954-cfae-4c19-8b39-3fda57ac4d07,TR-1646-1620,Truck,17767.01,CNG,Under Maintenance,3
8ebff2e2-ae83-4b2a-bc86-d8bf1f7205e9,TR-1054-1621,Truck,17187.81,Diesel,Good,13
f35e17a3-93ed-4fc0-874c-86d686ee1467,TR-1859-1622,Truck,4761.07,Diesel,Good,10
6e1ea31f-c6fb-49e9-9d9a-2d07c90d3108,TR-3461-1623,Truck,17976.69,Diesel,Good,3
45e9ee0c-449b-439f-b108-d270208c1b34,SH-1489-1624,Ship,10507098.78,Diesel,Due Soon,11
894d2701-54c2-4f28-b660-b83f044de552,TR-5473-1625,Truck,14964.78,Jet Fuel,Good,12
23d604cd-8e19-46f5-8f5a-dadef7e13ce0,AI-3482-1626,Aircraft,134184.8,Diesel,Good,6
b4cfc63d-ab5c-4dc9-a69c-b1be88aef5ac,TR-5675-1627,Truck,3420.27,Electric,Good,6
2db843c6-f87d-4012-a620-67a3f69715d7,TR-3661-1628,Truck,3905.11,Marine Fuel,Good,14
bc66d6f5-35a8-422b-b63a-d6f1f687c7c3,SH-5378-1629,Ship,10999209.8,Diesel,Good,17
2c3f367b-717e-4c49-8798-d6d2e5da5a6e,TR-9885-1630,Truck,27584.1,CNG,Good,5
44c2bbd5-c9f4-4df1-af23-b549d2be0d16,TR-5610-1631,Truck,22821.19,Diesel,Due Soon,17
846d1199-ff46-4431-a275-054137a54281,TR-8126-1632,Truck,20277.04,Diesel,Good,8
551ad79a-556b-4526-9a44-96945079bd06,SH-6924-1633,Ship,21649688.91,Diesel,Good,8
3b6ff5ab-130d-47a2-9836-07c58851f44c,SH-6977-1634,Ship,15485283.49,Marine Fuel,Good,4
2bb1bac7-cb72-4207-9bd2-a799b8a14295,AI-6163-1635,Aircraft,44452.52,Diesel,Good,11
6732b8f8-20cb-4909-938d-ec6b50a2c69a,AI-8557-1636,Aircraft,110238.78,Diesel,Due Soon,10
bdc22e96-e500-4729-8412-6a9cd648f0a3,TR-3071-1637,Truck,10157.46,Jet Fuel,Good,4
a354465f-8355-48da-b115-20a288454fa7,TR-7267-1638,Truck,5362.31,Marine Fuel,Good,15
35364c03-283d-4dab-94ef-c48039225855,SH-9997-1639,Ship,17564846.24,Diesel,Good,6
aecced98-5a21-490b-b4cd-0da5ae8f7732,RA-4348-1640,Rail,385917.69,Electric,Good,4
1bebf8ba-99de-4558-8194-ff4e28f2da9c,TR-4512-1641,Truck,9186.91,Diesel,Good,15
4448beda-ee59-4c5d-bbcd-ff298797766c,TR-9648-1642,Truck,18572.74,Diesel,Good,8
53e2ba32-b6b7-45a0-ad1e-efc3de83b977,TR-3364-1643,Truck,17263.76,Jet Fuel,Due Soon,7
b9f4f17a-6974-4236-91d1-983c01a94e1d,TR-4692-1644,Truck,4713.27,Diesel,Good,13
0a5be64b-cc17-480b-9580-e18df6a65699,TR-5200-1645,Truck,18578.66,Diesel,Good,4
a6d7cc33-4521-4a41-b059-da74876ed4b9,SH-1213-1646,Ship,20365250.28,Diesel,Good,11
0cf3b770-2297-4971-9657-3a7fc8af5eef,TR-5297-1647,Truck,12259.98,Diesel,Good,11
9aafcb6c-9ca2-4481-90d8-2d37c5b73a54,TR-4557-1648,Truck,7149.12,Diesel,Good,9
3510035e-9ce2-4b54-a21c-00b10253819c,TR-4584-1649,Truck,27259.59,Diesel,Good,8
e1ccf445-9dd2-4ac0-8b6b-3202364efa20,TR-1326-1650,Truck,27727.72,Diesel,Good,16
64db8040-2a53-4078-811a-9dec833f3868,SH-4364-1651,Ship,9627404.63,Diesel,Good,11
6945b130-077e-47d8-8ab8-2517c265b3dc,SH-3313-1652,Ship,12629507.72,Jet Fuel,Good,3
5f36d92f-11d6-44fa-99b6-01fd9e665353,TR-1213-1653,Truck,6193.56,Electric,Good,17
e0a952ce-372c-4331-9e6c-a4acc52f0b37,AI-3670-1654,Aircraft,40621.71,CNG,Due Soon,2
2a90ba69-e682-4a9e-988f-82a656a3023a,TR-7400-1655,Truck,17284.27,Diesel,Good,10
53019eaf-ef3b-4495-b3d4-ce81777c7e63,SH-8473-1656,Ship,20992190.32,Diesel,Good,2
5429bab3-7a8a-4cd1-8296-a2891e071bc6,AI-4211-1657,Aircraft,56215.03,Marine Fuel,Good,1
fc44a2d7-cb46-487a-b82b-b4efd20d7df9,TR-1580-1658,Truck,9565.94,Electric,Good,1
cfdef5cc-14fd-441f-b099-bea5c8062572,SH-7831-1659,Ship,10889064.44,Electric,Good,18
00891d09-fd12-4a28-8605-953925cf0aca,SH-1670-1660,Ship,6600984.83,CNG,Good,1
b92e1f50-8f15-4983-8d56-ba51e005adb0,TR-2095-1661,Truck,10258.12,Diesel,Good,12
aeeabe5e-3a9f-4b75-882c-2d512af6d763,TR-7830-1662,Truck,4547.79,Diesel,Due Soon,8
d3e8d86a-1f0b-4c2a-a12d-838b2a930300,SH-8053-1663,Ship,6116970.04,Diesel,Due Soon,16
ece880d6-25d5-4f33-8bce-ca54d1c39d13,TR-2036-1664,Truck,25407.55,Marine Fuel,Good,8
b47d84d4-b2a2-4616-b57e-f5b1644ef033,TR-9387-1665,Truck,21401.78,Marine Fuel,Good,12
8d5d5130-dfce-4ea9-9e5d-ad19dbec02f1,TR-9403-1666,Truck,20744.86,CNG,Good,6
f466c65b-e2af-4a80-826a-0105747c3108,AI-8570-1667,Aircraft,27312.6,Diesel,Good,16
847aa5ac-c459-433d-8c26-c12d68f45eab,TR-3950-1668,Truck,15175.39,Marine Fuel,Good,14
272f08fb-a684-4c89-b970-20dd920b564d,AI-7583-1669,Aircraft,60163.75,Diesel,Good,15
862137e8-32b6-4ef0-9c03-df35a3170ac2,TR-6024-1670,Truck,6204.15,Electric,Good,17
3c0cd1b7-7a04-45af-8910-1d02eedacf3c,TR-4398-1671,Truck,14620.24,Diesel,Good,14
8fc504dc-b19c-4433-b048-edb13064bbf0,SH-4745-1672,Ship,21865707.92,Diesel,Good,1
29271f4d-cbab-4a29-8a13-1f2710e2353d,TR-9883-1673,Truck,15772.23,Marine Fuel,Good,14
008d0ef9-b029-4a43-9618-9ddc66259af0,AI-4723-1674,Aircraft,105502.23,Diesel,Under Maintenance,13
96f1480b-083b-4a47-98ae-54f49b8e659f,TR-1454-1675,Truck,27771.23,Jet Fuel,Good,16
4b9592f7-5011-4171-ab53-fef3496a1009,TR-4820-1676,Truck,23197.52,Diesel,Good,11
46461ff5-f98f-496f-8d88-61512bbb344d,TR-5006-1677,Truck,8077.91,Diesel,Good,13
3ad254ef-6649-4f46-b289-638f85fad9e1,TR-2696-1678,Truck,17532.43,Marine Fuel,Good,9
efea8331-dfc4-41ef-8954-7a0d6458a1c3,AI-2729-1679,Aircraft,54550.63,Diesel,Good,17
a7483f6b-af30-46d7-a6db-405b9593736c,TR-9721-1680,Truck,18688.22,Diesel,Good,4
6179175c-72db-4d6c-a366-676b17938da5,TR-5195-1681,Truck,26485.21,Marine Fuel,Good,18
aefb5009-2110-47f0-bb4e-562e6af2968a,SH-5719-1682,Ship,22012528.32,Marine Fuel,Good,5
ed57f138-b545-427c-894f-3c04b3c54125,TR-9973-1683,Truck,17266.16,Diesel,Due Soon,11
41bee8fa-3190-415c-bb85-45386ecb0a44,SH-6981-1684,Ship,10089176.21,Jet Fuel,Good,6
15c73b90-733e-493e-ae27-c0f8ea54f233,SH-2369-1685,Ship,10868594.87,Diesel,Good,18
e015a116-0eb2-4026-b8df-a218537aa3e0,SH-8538-1686,Ship,13906435.23,Electric,Good,1
98e0ab91-5e7b-4115-b7c3-bcede877c944,RA-3822-1687,Rail,675333.67,Diesel,Good,9
b5d8ca01-d437-407d-a514-9eebb706ec5a,TR-8582-1688,Truck,14056.01,CNG,Due Soon,5
a01fdc92-1336-4ce8-bee7-17fe4d027d91,TR-5023-1689,Truck,18340.99,Diesel,Good,15
b9cd2802-e30a-46d6-b5ea-72df8babdae9,TR-9026-1690,Truck,19843.36,Marine Fuel,Good,13
5c97ab4b-0dee-4e7b-a015-a4d77295a2f3,TR-9550-1691,Truck,20335.04,CNG,Due Soon,10
7ae2f0ea-3cec-4131-876a-c9362b06c587,TR-6883-1692,Truck,18500.22,Diesel,Due Soon,2
142ce5e6-d81b-4884-9e4b-1f731f545b0f,TR-7409-1693,Truck,18844.76,Marine Fuel,Good,14
9cf65386-1c5a-4daa-8625-d467991b707b,TR-1509-1694,Truck,8015.84,Diesel,Due Soon,10
3770697f-8a03-48b1-924c-2c11483de0da,SH-7343-1695,Ship,15873169.42,Diesel,Good,14
8c0cf7f5-db97-43a7-972e-2b0091885718,SH-4689-1696,Ship,17099934.97,Diesel,Good,4
2c1471ef-5930-4da3-8e47-30edf9938293,SH-5123-1697,Ship,23470567.36,Marine Fuel,Good,6
0a99e6ed-0852-478b-b750-20c9cfd432ca,RA-9667-1698,Rail,587034.34,Diesel,Good,14
86661038-447a-47e4-ba05-6d7172674964,RA-6578-1699,Rail,281009.22,Marine Fuel,Due Soon,12
3e91140c-bae1-4b86-9abb-6424695946f1,TR-2617-1700,Truck,8827.03,Diesel,Good,11
83af0fdb-cb67-487f-9755-243b6651c29b,TR-1578-1701,Truck,11799.52,Marine Fuel,Under Maintenance,5
4f466ece-77f4-41fb-b96c-3e923d136d26,SH-6157-1702,Ship,6133389.59,Diesel,Good,18
c2c9460a-e60c-4fff-9b3f-cbafe2a7bc98,SH-6309-1703,Ship,22260049.43,CNG,Good,7
f09e6286-6879-4b80-9583-cdb8effc8e6f,SH-2961-1704,Ship,6557009.53,Jet Fuel,Good,3
a5da34da-9a5d-4839-95b0-9d82b66bed8e,AI-5746-1705,Aircraft,58342.22,Marine Fuel,Good,5
61fb9281-231c-4947-a2d7-619f4861c2b3,TR-5450-1706,Truck,11963.7,CNG,Good,18
24ff0b14-dd3b-43b5-8942-3e424fa0f47c,TR-4249-1707,Truck,11927.9,Marine Fuel,Good,8
c926e489-111d-401d-aca4-746258dca363,SH-9050-1708,Ship,11273147.79,Electric,Good,1
df873ead-38d3-4df0-8437-8ff0ecf90e97,SH-5881-1709,Ship,9349395.58,Marine Fuel,Good,18
648df341-528f-4c25-ad53-d3ab54e429e9,AI-4819-1710,Aircraft,145126.67,CNG,Good,15
3db50c3d-5dab-4e8f-9b8a-7902d0c5170a,TR-8567-1711,Truck,17374.69,Diesel,Good,1
8aa7d667-4d76-4afd-b489-914c329e56f0,RA-4489-1712,Rail,284358.03,Marine Fuel,Good,2
4b6c1cb4-6070-47e4-b78b-c75c0b410228,TR-6282-1713,Truck,24718.15,Diesel,Good,2
64b99dd9-e52a-494d-b3b2-21f990888072,TR-1806-1714,Truck,15740.75,Diesel,Good,17
274e2f51-8969-4505-b197-327f9808d0bb,SH-3607-1715,Ship,9125708.72,Diesel,Good,14
9406701c-c47c-4e5c-ba5f-84d226045f00,TR-6985-1716,Truck,15800.12,Diesel,Good,10
58b6222b-81c5-452a-b9cd-7cc689283768,TR-1678-1717,Truck,17719.53,Diesel,Good,9
4043901f-7cae-4ea2-8c36-069d252f2c91,AI-1732-1718,Aircraft,49826.98,Diesel,Good,13
123bd389-2801-4629-a1e5-713954fd21f7,SH-1473-1719,Ship,2975149.44,Diesel,Due Soon,2
2c463ca3-ec7a-43d5-8541-cae3246b3357,TR-2235-1720,Truck,14703.24,Diesel,Good,11
1f5da011-a973-483b-b6a5-46a75edbaefe,TR-5851-1721,Truck,17895.51,CNG,Good,1
9931b1b1-a0a0-44b9-843b-d534534787a4,TR-6965-1722,Truck,20743.19,Diesel,Good,18
12d7c614-f23c-4f83-ab1c-09f59506537e,TR-3946-1723,Truck,22880.47,Diesel,Good,17
d9af9345-87cc-4f82-b878-e525ace52188,SH-2302-1724,Ship,15931574.65,CNG,Due Soon,16
1cc3e32a-fa94-4653-b86c-ee63692c3b78,SH-6646-1725,Ship,3303604.43,Diesel,Good,4
23f9dbfd-6371-49b9-be0a-170a99cca3ae,AI-5612-1726,Aircraft,111479.04,CNG,Good,5
dfc919bf-a360-4ddf-9c2d-13a4b310853a,SH-9062-1727,Ship,11813510.28,Diesel,Good,11
13dcb968-5342-456e-968d-1bd5e76d1e97,TR-5551-1728,Truck,7397.81,Diesel,Due Soon,13
3f5c58f0-a40f-40e3-b157-bf83d09998b2,RA-1316-1729,Rail,548540.36,Marine Fuel,Under Maintenance,6
41d0a42f-3dbe-448d-98ae-2fb99132b0ad,TR-8670-1730,Truck,17653.75,Diesel,Good,13
7f4525df-d303-412e-b492-a6a7decaf2f8,SH-4906-1731,Ship,3680204.72,Jet Fuel,Good,15
65177b44-26f5-4026-aea0-1aeceaee972e,RA-8863-1732,Rail,52793.09,Diesel,Good,13
1e1b3225-a896-4c1a-adb1-143ea802e0bc,SH-7064-1733,Ship,23076608.36,Diesel,Due Soon,3
f380f01c-e42e-44b7-a262-5f1cebee8edc,TR-9057-1734,Truck,24732.86,Jet Fuel,Good,7
1616779e-7585-4076-84d5-699076ba3a93,TR-6736-1735,Truck,9676.64,Electric,Under Maintenance,5
ccbe50ff-7119-496b-bba4-37dffae4a141,RA-5744-1736,Rail,660393.43,Electric,Good,14
7b3ea436-543e-42b2-b71b-577f866497d1,TR-9604-1737,Truck,13610.94,Marine Fuel,Due Soon,7
2fe7aee4-7c58-4d92-9273-49b5dae75702,RA-3775-1738,Rail,390349.5,Diesel,Good,12
8aa71cd4-aee7-4451-910d-e3195b42f6eb,TR-9102-1739,Truck,18547.83,CNG,Good,16
84b161f4-4734-4a6d-bc87-bc20ef3d43ef,TR-6694-1740,Truck,27001.36,Diesel,Good,3
7ed6a6ec-bb98-440d-8662-d6cb3439c19c,TR-8186-1741,Truck,15816.71,Diesel,Due Soon,17
7cfce540-1720-4adb-81ed-8833148c7f2b,SH-4398-1742,Ship,8479832.66,CNG,Due Soon,3
a462ec4e-1add-4c13-8500-2cf32d46fce1,SH-8026-1743,Ship,2782057.77,Diesel,Good,1
517e1008-b4ad-4a43-88b0-c67bab6be536,AI-2026-1744,Aircraft,65069.99,Diesel,Good,12
d5650bec-f7c6-4d47-8a64-a10aab56ff7b,AI-4455-1745,Aircraft,126444.02,Diesel,Good,9
e09f8b52-6c65-43d1-b034-f7f6258c388f,AI-9794-1746,Aircraft,143266.81,Diesel,Good,4
1854205a-9e0b-4008-8244-76133797d986,TR-7126-1747,Truck,26308.37,Diesel,Due Soon,12
30364b6f-bf2f-4471-8367-3a46c2c2fb0e,TR-1137-1748,Truck,18023.49,Electric,Good,18
30cd4ee5-f433-42e4-a462-fb2fc5282e94,SH-4063-1749,Ship,3402896.38,Jet Fuel,Due Soon,12
d43a01f8-ffbf-4a3f-b5f5-be975edf485b,TR-2196-1750,Truck,23382.87,Marine Fuel,Good,14
1db03f20-6a99-49d7-b948-f0c9b78e0049,SH-9389-1751,Ship,18297354.53,Marine Fuel,Due Soon,10
3d828086-515a-4a81-8feb-a6c7c108e726,SH-5723-1752,Ship,15559193.4,Diesel,Good,15
4c1aeb4e-4011-47dc-ab11-552d8e085ca9,SH-1826-1753,Ship,7586269.46,Diesel,Good,3
cffc6ef8-9b52-4099-b888-fdd9d87ee128,TR-4664-1754,Truck,27038.09,Jet Fuel,Good,4
550ef2c3-6d83-4487-b18e-15ac80c03838,AI-2934-1755,Aircraft,144654.29,Diesel,Good,8
fd4aa948-6fc6-45f9-8b35-926c0388a2fc,TR-5717-1756,Truck,16291.39,Diesel,Good,17
c24522fd-cb8a-446e-a33e-03a924b52c85,TR-5167-1757,Truck,5885.23,Diesel,Due Soon,14
4b27b0ca-13df-4643-99f4-473162155c01,SH-3424-1758,Ship,24975745.15,Jet Fuel,Good,8
87fba9e6-7f36-4b38-bf2e-4eae8cf12c23,AI-7825-1759,Aircraft,23775.5,Marine Fuel,Good,6
9bb7cbe0-2d6a-46c2-a4c6-ab5a44de65c1,TR-4631-1760,Truck,4104.98,Diesel,Good,17
5800e77e-9278-4e10-a8a9-9b606cd66e86,SH-5938-1761,Ship,18492002.39,Diesel,Due Soon,12
2094381a-4c47-4aad-927f-93dc01418f95,TR-5965-1762,Truck,5583.45,CNG,Good,3
41782dce-d16d-4de1-93ae-d3a6cb4d938a,SH-7169-1763,Ship,18499281.98,Diesel,Good,17
b53bf93d-75cf-455a-81d0-b7f045ad145c,TR-1951-1764,Truck,6440.94,Jet Fuel,Due Soon,4
58cd99dd-e92e-445c-a578-811d960f8d62,TR-7608-1765,Truck,25494.96,Marine Fuel,Good,13
970faa35-41cf-4b8e-8dcf-52f053c1bb64,TR-4427-1766,Truck,14033.73,Electric,Good,7
e7a17b6b-579b-4fe8-8567-65ed1318e6c5,SH-4316-1767,Ship,18353065.23,Diesel,Good,6
f683123a-0498-4e04-a370-291d81c3bf09,SH-5352-1768,Ship,17126340.53,Diesel,Good,15
c8abb8be-26bc-493b-ab09-f3064fda9d23,TR-3367-1769,Truck,17156.26,Diesel,Good,15
3b3af82c-b8d6-462e-930c-33ca5424a77b,TR-1743-1770,Truck,16690.49,CNG,Due Soon,15
6e35ce19-4bf3-44f3-8488-f4e6ad30dfac,TR-3847-1771,Truck,12440.05,Diesel,Good,6
bdad09f2-fbfa-4b02-8c38-7298b6d2eb16,AI-3905-1772,Aircraft,72728.43,Diesel,Good,10
665d5f28-8701-4f50-9ea9-d7b5afe2e4e8,TR-8939-1773,Truck,9753.17,Diesel,Due Soon,15
ebb430cc-7202-4313-8edd-2d555be332ec,TR-1067-1774,Truck,13691.15,Diesel,Good,17
8d037428-4b48-4c0f-a433-30be71ddd416,SH-8293-1775,Ship,19542781.68,Diesel,Due Soon,1
06d4403b-a329-4b43-b9f7-bd00126e2e07,TR-5990-1776,Truck,3142.43,CNG,Good,11
8fdd5997-98a1-4ba8-933e-14dde89a43fa,TR-6826-1777,Truck,10114.56,Marine Fuel,Good,18
84fa0a82-050d-42ed-8ce2-945f5571d668,TR-6126-1778,Truck,3438.22,Diesel,Good,2
3105cd21-8c17-4fe7-a660-3d32e00f0a7f,TR-9070-1779,Truck,18593.48,Jet Fuel,Good,3
2d748040-3396-4456-8318-c01be1921722,TR-7145-1780,Truck,20169.77,Marine Fuel,Due Soon,11
f05a5ee5-6b3f-43e2-983e-e0adcda96517,TR-2550-1781,Truck,8619.67,Diesel,Good,9
3badb0fb-3e89-4892-8e92-debc4337d3b6,TR-4217-1782,Truck,16925.67,Electric,Good,9
27c7ccf2-4788-4857-a575-82609af94874,TR-5734-1783,Truck,26390.46,CNG,Good,4
82cfb43b-5b79-4ded-8fa3-5a7c694c4289,TR-8457-1784,Truck,4986.68,Marine Fuel,Due Soon,10
d2ee803b-d84b-4842-9bc8-191b942c3e4b,TR-2247-1785,Truck,10591.85,Electric,Good,17
a18f9ae6-2f4c-4b73-bb3d-79cdfae831ce,TR-9577-1786,Truck,18686.74,Marine Fuel,Good,6
676d91e9-c8af-4d23-8117-f421d07cc861,SH-2662-1787,Ship,9284212.57,Diesel,Good,1
34138ae6-2115-44ae-8905-50e85f488999,SH-7600-1788,Ship,7964403.93,Diesel,Under Maintenance,12
d01bf4ea-f3ef-43d1-92bf-aa3af650eee2,TR-5264-1789,Truck,22038.81,Diesel,Good,2
3ef70bdb-2ce0-4045-9301-5e6601729414,TR-2839-1790,Truck,12122.7,CNG,Due Soon,1
f2a254f0-c151-4670-9734-ca107d3958a4,SH-2367-1791,Ship,2757517.92,Electric,Good,9
5ed6f744-4b4f-4949-b9b2-08ecc37e67ff,TR-2893-1792,Truck,20399.07,Jet Fuel,Good,11
51082b1a-55d2-42d4-8b5b-9956751cc996,TR-7777-1793,Truck,8096.95,Diesel,Good,7
de424ae4-cbc6-480a-a9ea-72789691c8c7,TR-1197-1794,Truck,10339.58,Marine Fuel,Good,18
20ec0569-373f-44e3-b198-c5f0c580c1a7,SH-5598-1795,Ship,11637879.04,Diesel,Due Soon,17
935bfa28-d851-410c-aed8-30560f4669f3,SH-6154-1796,Ship,16800906.35,Diesel,Under Maintenance,13
49e2db52-f78b-4852-a631-aed499ff6af8,TR-3559-1797,Truck,22700.16,Marine Fuel,Good,10
eabb2616-66a3-4286-9227-e388b904e8d8,RA-1243-1798,Rail,310384.55,Marine Fuel,Good,13
94788234-d4ea-4559-9b35-4045d4fd1d1a,TR-4266-1799,Truck,9320.72,Diesel,Due Soon,15
46a28323-e425-43fb-b322-70bbcc0af030,AI-4402-1800,Aircraft,59951.23,Diesel,Good,3
d2fbbf9c-6bc4-4c28-bbab-d2ea48da985d,SH-1872-1801,Ship,13359229.83,Diesel,Under Maintenance,2
e70c6b20-472c-4d70-9a53-b056d157a18f,SH-3591-1802,Ship,24600709.57,Diesel,Good,18
e446c31c-400a-4b8a-bc16-03a553dfe1d5,SH-5966-1803,Ship,14269282.56,Marine Fuel,Good,7
6788c723-e57d-4817-be3e-89dd8f983966,TR-3027-1804,Truck,22222.81,Marine Fuel,Good,2
b35d9c47-e62c-4b33-8271-b61b2643b471,SH-3996-1805,Ship,7790860.81,Marine Fuel,Good,17
16ccfffa-a3b1-44ef-919b-9af0e7639e91,RA-2805-1806,Rail,211823.47,Diesel,Good,10
ba3cb331-e2b6-4945-a31c-fd6a48faf9c0,SH-2775-1807,Ship,18013313.49,Diesel,Good,12
1a4cc8e8-782a-4583-8537-d2993cd92548,TR-7031-1808,Truck,12698.9,Jet Fuel,Good,9
adc504a5-c334-498e-8e8a-cbef5f04b64a,SH-9343-1809,Ship,21068190.1,Marine Fuel,Good,15
72444917-73c3-4fa6-8bd2-70a85ed52b90,TR-4687-1810,Truck,14103.07,Diesel,Good,14
42022b4e-f294-411c-ab9b-b3992bb33a8d,SH-8668-1811,Ship,14787816.79,Jet Fuel,Good,11
2da2e17e-7ae4-4b7c-9996-c6499ccc8feb,AI-5442-1812,Aircraft,75416.43,Diesel,Good,2
db270e51-f41d-4c06-94d2-587e00607c19,TR-6091-1813,Truck,24717.5,Diesel,Good,13
264ab06b-1e49-4a0f-9ddc-5e56b013f17a,TR-7372-1814,Truck,14954.27,Diesel,Under Maintenance,6
2273b1b4-c789-4025-849b-8a6e02a9c034,SH-3907-1815,Ship,20303185.96,Marine Fuel,Due Soon,10
41ec8d3d-7833-41e3-9534-f66ed6571ca6,TR-3849-1816,Truck,17166.42,Electric,Good,17
487ffd7e-b7e0-4f52-9a0b-0af97eb47de6,AI-6641-1817,Aircraft,59394.55,Diesel,Good,4
1cd2bc4d-68b7-4bd7-9b42-8486079f93f4,TR-8590-1818,Truck,15720.49,Diesel,Due Soon,14
3de8e57c-b604-48f1-85b2-7dad40dff934,RA-1727-1819,Rail,625854.54,Diesel,Under Maintenance,9
c11e921a-99a2-4d83-817c-3f47a55abf4e,SH-5555-1820,Ship,21682640.64,Marine Fuel,Good,10
a554db38-bde2-485e-9f6e-53b797d97491,SH-5567-1821,Ship,16498595.3,Diesel,Due Soon,3
3f74a6cc-f785-4254-b66d-6facdeb7d539,TR-7593-1822,Truck,15986.54,Diesel,Good,1
9f430bdc-0511-4fa2-88e2-ae4d8a0926b8,TR-3406-1823,Truck,13664.61,Diesel,Good,4
c2dcb619-24f4-45ae-9595-ecc7d36f912d,TR-8697-1824,Truck,7876.02,Diesel,Good,8
e00b3d54-011d-44d4-abb8-e8b89a5c5db2,TR-8655-1825,Truck,8876.54,Diesel,Good,8
f2f2d1a1-e8b3-4481-85ea-2ac8f19ae8f4,SH-5905-1826,Ship,15346844.32,Diesel,Good,12
aaa50d36-7429-4b90-a462-5b0f2346b169,TR-7076-1827,Truck,3024.35,Jet Fuel,Due Soon,13
4d096d3e-06a2-4e69-ae10-5d376c9d271f,TR-9263-1828,Truck,17442.04,Diesel,Good,1
cbd2b674-a426-4642-b218-f3d4ca655660,RA-1529-1829,Rail,301527.89,Marine Fuel,Good,5
7395d5c4-458b-4bec-9d8e-b292fbfcbb6c,TR-4976-1830,Truck,8928.9,CNG,Due Soon,16
b236bb42-5bc3-4301-b6ba-dcb35399ee37,SH-9036-1831,Ship,13204557.27,Diesel,Due Soon,12
9d77435f-e840-4854-aa76-1a409af63edc,SH-6712-1832,Ship,20354688.0,Diesel,Good,12
38b4c524-0470-4ec6-8d7e-7caeb0437714,SH-9538-1833,Ship,3257252.18,Electric,Good,10
de90289f-ab09-49ab-87d2-7a7a58947c89,TR-4245-1834,Truck,6798.68,Diesel,Good,7
b5466b6d-ba8f-4a34-b853-b85cf8c37b8f,SH-1267-1835,Ship,20740871.5,Marine Fuel,Due Soon,11
ee15abd2-3737-4ca5-a4de-e7ed9a4173a3,RA-3482-1836,Rail,71173.55,Diesel,Under Maintenance,8
81440856-0530-478b-bb40-c2e5db2b0a5f,TR-9426-1837,Truck,18460.45,Diesel,Good,1
6ba65123-8b7c-4bc3-a9e7-9e0117f3b543,TR-2378-1838,Truck,15815.33,CNG,Good,15
bc29ed2e-49c6-4ddf-bcbc-c2f9aa5036bc,TR-3857-1839,Truck,16446.43,Marine Fuel,Good,2
ae84f1f8-af64-4049-abcf-8786f65dc80a,RA-7737-1840,Rail,599058.79,Marine Fuel,Good,4
c5658067-17bc-4050-a3f8-23c20058dcac,SH-4402-1841,Ship,1949888.71,CNG,Good,11
0c8c7fe6-3dc5-4a08-92df-fcd143a55d90,AI-7745-1842,Aircraft,147309.64,Diesel,Good,1
80cfa250-b493-4c27-98b2-1fde1bb3d305,AI-5687-1843,Aircraft,60959.69,Diesel,Good,13
3665ce19-abc3-41cd-9c1d-33efe6be484d,TR-5423-1844,Truck,19966.15,Diesel,Good,5
3af1d1a8-b208-4fcf-aaf0-28ad68a7e151,TR-2735-1845,Truck,10658.31,Marine Fuel,Good,1
647f0838-0143-4fe2-8110-3e7a7414147f,TR-5412-1846,Truck,7778.37,Diesel,Good,17
e74e0e74-315c-4d44-a0d7-77f546e8dcc7,TR-7193-1847,Truck,5785.92,Diesel,Good,7
2a06b33f-f092-4e36-9617-d93604288244,TR-1357-1848,Truck,13299.76,CNG,Due Soon,18
7c1d0fcf-7738-4099-acbc-8e2274dbe0c0,TR-2365-1849,Truck,8358.96,Diesel,Good,11
48e09943-c782-4393-b624-eb98ac147d99,SH-5631-1850,Ship,4555815.34,Electric,Good,4
97c9c309-db3d-4a36-a42b-c1b0a6048e8b,TR-9457-1851,Truck,10699.9,CNG,Due Soon,6
37487fb5-57d5-416d-8af6-b9bbfc899b0e,TR-3575-1852,Truck,27290.9,Diesel,Under Maintenance,8
9c096bc3-8ae6-4897-bbaa-8d4e1c172a3e,SH-8465-1853,Ship,7554808.92,Diesel,Due Soon,7
4cec83c2-d6e4-4c39-874c-ca5ab47b81de,AI-9543-1854,Aircraft,24131.68,Diesel,Good,2
cac9a678-5c9f-41b8-83eb-da1ed1bef919,SH-9142-1855,Ship,19972877.55,CNG,Good,10
b130d56a-0aed-46bf-969b-55aedc2e8cfd,SH-1952-1856,Ship,16725468.75,Diesel,Good,12
5cd86f16-753c-4695-a3b9-7db3a3b0cfae,TR-8383-1857,Truck,9558.44,Diesel,Due Soon,1
209d0126-539e-469d-9309-ddbc01c90c6b,SH-3137-1858,Ship,951845.7,Diesel,Good,4
f9db7cc6-59bd-406e-bf24-99a5c075fd63,TR-1475-1859,Truck,20422.11,Diesel,Due Soon,17
d754cdeb-0d9e-496f-bdf1-1bba0d360d79,TR-9003-1860,Truck,11410.86,CNG,Good,4
4c040ae2-d4fc-4a5d-a885-cc026ca5c4de,TR-3177-1861,Truck,26351.84,Diesel,Good,3
f9a13abc-d556-4082-a46c-30f9dda65e0d,SH-2153-1862,Ship,9797387.81,Diesel,Under Maintenance,13
8e47bac8-39fe-4509-b669-3ecd3ff6e0bc,TR-3514-1863,Truck,3560.21,Marine Fuel,Good,16
e95e64e0-3087-4bc2-8fa7-6c28bfc0035f,AI-4879-1864,Aircraft,41412.64,Marine Fuel,Due Soon,15
dd12988d-1bb5-4ecd-ba53-1e961c65dd4a,SH-2700-1865,Ship,13436379.71,Jet Fuel,Good,4
edae895d-0b4f-4e5a-b802-8c157a11a452,TR-8548-1866,Truck,4297.95,Diesel,Good,12
ae1c3257-9d6c-4c81-b9d1-4528295bc520,TR-9527-1867,Truck,23934.93,Jet Fuel,Good,12
81bde9d2-d80f-4b0c-97cf-856d328c146c,AI-9898-1868,Aircraft,67574.48,Diesel,Good,11
e53123e2-7e80-4f4a-bdfe-4e6b03e3c4df,TR-8102-1869,Truck,15275.17,Diesel,Good,3
c946f92f-b818-4a50-aac0-b405c3d7960f,AI-6205-1870,Aircraft,18042.2,Marine Fuel,Good,9
da1c7a58-1985-4c8b-af9c-72e9248b73ad,TR-9365-1871,Truck,18114.15,Diesel,Due Soon,5
4212b0c6-cdc8-4acc-b5fa-7d61d57718b3,AI-5305-1872,Aircraft,142001.34,Jet Fuel,Good,4
8225169d-826c-4f49-aacd-b5d52515ecd3,AI-2509-1873,Aircraft,96981.13,Diesel,Due Soon,11
c4bdcc9a-9b1d-4b6b-8b97-a6d53e9f241f,SH-7987-1874,Ship,22653327.34,Diesel,Good,12
fe881313-0592-43a8-bddd-2c4b829502d8,TR-2100-1875,Truck,12237.47,Diesel,Good,17
75ed30a7-f11a-4926-9161-7ab596c1804a,TR-1263-1876,Truck,25031.45,Diesel,Due Soon,6
7082be54-2d61-4ee0-bdbd-54fbbe3c0d38,TR-9780-1877,Truck,4716.93,CNG,Due Soon,5
2e1ddf1e-4bab-4a2a-a215-0e81c44ad02b,TR-3516-1878,Truck,21441.7,CNG,Good,13
9d694555-aa6c-4488-ad47-54fda4044a4f,TR-7293-1879,Truck,15352.18,Diesel,Good,15
74cdc81f-425d-4064-8a44-d042d93b099f,TR-6994-1880,Truck,27815.07,Diesel,Due Soon,2
5ac3bdbf-1f2b-4f57-b14e-ab49bbd31006,AI-4546-1881,Aircraft,116121.09,Marine Fuel,Good,8
81920958-d531-469e-92c3-b255a894d2e0,TR-7078-1882,Truck,19494.07,Marine Fuel,Good,14
befd1b66-0587-4765-b7d7-b7d9980461d9,SH-5070-1883,Ship,16539874.25,Jet Fuel,Good,11
7a283cd8-7b14-4b96-8116-6ebb866d8b70,TR-7119-1884,Truck,15108.82,Diesel,Good,18
fd65bcff-33cd-4b7a-8264-a6accb0f30ce,SH-2735-1885,Ship,21775404.21,Diesel,Good,5
e9109156-0d61-44d8-8242-7bc788b9a288,SH-3906-1886,Ship,23024117.45,Diesel,Good,14
a81d1fcd-f4f7-46f2-a611-54ed5d607b68,TR-3251-1887,Truck,4652.12,Marine Fuel,Due Soon,15
10e978ce-7b62-4d34-810d-df4d23375a9b,TR-6030-1888,Truck,27946.4,Diesel,Good,18
b1694378-2fd6-403c-8e13-2e4445a680b9,TR-7206-1889,Truck,8580.47,CNG,Good,5
a81d564a-bfcf-4eb3-af92-f89338eeeb11,TR-9755-1890,Truck,3504.22,Diesel,Good,5
ba55366a-9df3-44ef-bea0-8b0330d91ea9,TR-4537-1891,Truck,24116.18,CNG,Under Maintenance,10
e6f2219a-9a4d-47ed-ab42-8ad42cc30fb4,SH-8943-1892,Ship,17587719.08,Marine Fuel,Good,1
9ce231a6-29df-4775-ba9c-7dee9dd7a3b9,SH-8963-1893,Ship,23154463.78,Diesel,Good,15
f291af88-07a1-4d97-95d0-8a62781a66a6,TR-9168-1894,Truck,26363.22,Marine Fuel,Good,3
cdeda5a8-7962-4d1d-ac39-f5932f52f2aa,TR-6692-1895,Truck,8750.9,Diesel,Good,15
de631703-cbb1-4225-9393-ec1ee41e0e8e,TR-4674-1896,Truck,13078.93,Marine Fuel,Good,11
236b21b1-878b-4d44-9932-ecff09c74995,SH-8701-1897,Ship,7190373.8,Marine Fuel,Due Soon,11
90a61c2e-76f4-4f69-a23a-cb4af9afcd12,TR-8686-1898,Truck,20419.27,CNG,Good,18
e695136f-3104-4353-aadb-f422e550c547,SH-1717-1899,Ship,20565558.53,Diesel,Good,15
33cf0e0e-04b8-43d7-b90b-fcb79b229058,TR-8972-1900,Truck,17002.37,CNG,Good,4
3eae630f-e9da-4a06-9e22-5bae319603c7,AI-2754-1901,Aircraft,66726.37,Diesel,Good,13
61eb0756-8909-4dc7-9d7b-54a4cab61ee3,SH-2200-1902,Ship,6992435.96,CNG,Good,5
d50c7de5-b410-4b37-8004-c7a346df0de2,TR-4761-1903,Truck,26842.91,Diesel,Good,8
dbc5d2e1-f420-497f-ba64-9e7247fdc7e5,AI-1326-1904,Aircraft,33768.53,Marine Fuel,Due Soon,5
5f1b6244-591e-4ae6-84cc-21141b28d892,AI-3128-1905,Aircraft,90236.8,Diesel,Good,2
448a7901-cccc-4e15-a1dd-0168bad2e420,TR-7801-1906,Truck,11649.32,Marine Fuel,Good,13
cf32bf4c-a4d9-4684-aaea-d88c8d9d9bd1,TR-1402-1907,Truck,3636.13,Marine Fuel,Good,13
f6c49a68-4a8d-469f-b93d-d0fb79fce2eb,TR-6964-1908,Truck,21288.28,Diesel,Good,6
c5b40b69-f7ff-4ba9-8a46-109600890fb3,TR-9826-1909,Truck,25148.26,Electric,Good,1
04dcbb66-e831-41f0-9375-60a58295b911,TR-3157-1910,Truck,7921.27,Marine Fuel,Good,3
d2332a99-8f14-456f-8eee-27af230866af,TR-2181-1911,Truck,11828.8,Diesel,Due Soon,9
23b3ad4d-96a4-46ec-a4b9-570a9708b663,TR-5431-1912,Truck,25033.38,Marine Fuel,Due Soon,7
40c0489d-9e40-4e44-9a6a-e92c666b5590,SH-6036-1913,Ship,23272786.8,CNG,Due Soon,3
d77e9f6f-4638-4dd3-b65f-1f6975bb8ce2,TR-9580-1914,Truck,7451.86,Diesel,Good,2
676e091f-a950-43e6-bbd4-4c0765357e05,AI-3181-1915,Aircraft,101973.23,Marine Fuel,Good,14
9ae0149d-0aff-4db6-bf9e-960b2139dbfa,AI-9278-1916,Aircraft,132535.41,Diesel,Good,1
b07c5eca-416f-44a5-9fb2-72d49d1a163e,AI-3217-1917,Aircraft,83052.33,CNG,Due Soon,12
9197a626-0df1-45c8-b3fd-dbd61a70a98f,RA-3623-1918,Rail,237890.01,Diesel,Good,9
038b52df-c8b3-4ee1-90b7-c45de4520b77,TR-7095-1919,Truck,17240.06,Marine Fuel,Good,4
97d272eb-89d2-46a2-a407-a491477efea2,TR-3369-1920,Truck,13408.85,Electric,Under Maintenance,15
e95d3642-3dbe-462f-91e7-daa2fc45a9da,AI-2080-1921,Aircraft,40137.03,Diesel,Good,12
e2b12aa1-ba56-413c-be64-1534f8d9b15c,RA-4426-1922,Rail,158967.69,Marine Fuel,Good,8
d672d5aa-1054-4074-9f74-c19e72f7e40f,SH-6354-1923,Ship,24387808.44,Marine Fuel,Good,1
bda54a72-bdc8-421c-8da0-ece456c44f04,TR-8021-1924,Truck,13115.06,Jet Fuel,Good,15
efed62f6-884f-4297-be31-41fdc6cdac4c,TR-7247-1925,Truck,19799.99,CNG,Good,2
abef909e-967b-47c1-810a-6aef2701fde0,AI-5139-1926,Aircraft,59382.13,Diesel,Due Soon,8
8edd1f62-e088-4be1-8ad0-8abee67890da,TR-7864-1927,Truck,26551.38,Electric,Good,8
87f64ffc-d1bb-4ddd-91e2-0620acb93258,TR-7861-1928,Truck,23120.44,Jet Fuel,Under Maintenance,16
e3272cbe-1cda-4352-bc5d-e6ed8df3999d,TR-7564-1929,Truck,24900.41,Marine Fuel,Good,5
f6652429-6b32-4148-8f07-8823498c45fb,SH-2627-1930,Ship,6690123.35,Marine Fuel,Good,8
2791abbb-022e-406d-b0da-e38577fd31fc,TR-8377-1931,Truck,3146.15,Jet Fuel,Good,5
7f0ee585-af73-4bf4-a845-8905866f20e6,TR-7793-1932,Truck,13668.23,Marine Fuel,Good,2
ffc5d3ef-5e07-45de-8288-c46b33330958,TR-4042-1933,Truck,24700.18,Diesel,Good,5
cc6f7cf1-4435-4ee3-bd11-b8939b7c5200,TR-6724-1934,Truck,13594.18,Diesel,Good,7
7ae8a2a8-7174-49a8-a4b9-cb4df75d071f,SH-5810-1935,Ship,12315885.67,Marine Fuel,Good,11
d63dd773-7d84-4415-974b-ab2edbd0d0c3,AI-6414-1936,Aircraft,148373.03,Diesel,Good,6
3a291caf-5ad7-412d-a04c-5d4c3a98c2bd,TR-6132-1937,Truck,18957.33,Diesel,Due Soon,5
d9c3a9b5-ef31-46ca-ae01-1ace000c69c1,TR-4970-1938,Truck,26932.36,Marine Fuel,Good,7
52471235-c1cf-443a-abf0-fadba4135dfc,RA-8056-1939,Rail,381115.67,Diesel,Good,3
7cb27e35-3542-40c2-8657-07a2f274ecc8,SH-7541-1940,Ship,8912514.75,Diesel,Under Maintenance,13
7fd88c96-94d0-49ed-8929-7c7445d9230e,TR-6497-1941,Truck,15833.17,Diesel,Good,3
ae0a2213-499a-4c79-87b5-48fe34e0d53f,SH-9979-1942,Ship,23127478.13,Electric,Good,12
e29096ae-3c9c-4e60-abbd-7927150df6ac,TR-2509-1943,Truck,11267.98,Diesel,Good,3
f24991ff-cff7-4703-ba4b-de12c567764a,TR-9803-1944,Truck,8670.53,Diesel,Good,3
7f4e9d74-68b1-4d1f-8c5e-4cef69ca7db3,TR-6878-1945,Truck,15931.5,Diesel,Good,14
be88afea-f335-4886-bc31-4186df9fc940,RA-6899-1946,Rail,357604.45,Jet Fuel,Due Soon,17
64d879d3-f283-417e-a4a1-b7a245c6f468,SH-9240-1947,Ship,18119224.41,Marine Fuel,Due Soon,17
aec015d0-7097-46a3-b5f5-56f3867f842e,SH-6388-1948,Ship,2512558.53,Diesel,Good,3
d15ade02-6059-40b3-9069-2f02a6578797,TR-8260-1949,Truck,20464.66,Diesel,Good,16
5c6b66be-1e5b-431f-b690-2ff937bf66c2,TR-5018-1950,Truck,11775.83,CNG,Good,1
5647507d-9cd9-4223-bd15-c07fd322dd0e,SH-8860-1951,Ship,18470560.05,Marine Fuel,Good,13
821f5d63-dcec-4c5d-a3b6-4cb8e7e0e72a,TR-4706-1952,Truck,23965.57,Diesel,Good,11
6b90651a-b59e-4ced-8f65-a881b718de75,TR-6684-1953,Truck,27800.73,Diesel,Good,12
30d781a4-bf0a-4eba-92e3-44f637cd11fb,AI-6905-1954,Aircraft,128515.72,Electric,Good,8
9eaf1008-1435-4df3-a11b-7e6794aefb80,TR-5486-1955,Truck,27667.63,Jet Fuel,Good,3
8b1a8056-9fe4-4cdc-89eb-7d8697916a7e,AI-2849-1956,Aircraft,74320.09,Marine Fuel,Under Maintenance,5
f88fce3e-1d40-40e3-95df-b0c9d7ee56c1,TR-7334-1957,Truck,4156.76,Jet Fuel,Good,8
b8e71d36-5605-4cbf-9715-27ecb68a0d54,TR-3094-1958,Truck,6145.65,Diesel,Good,17
92b6c00a-5d07-4e7b-8454-927bcbe98414,TR-6725-1959,Truck,20530.67,Marine Fuel,Good,13
4dceb865-d1d0-4dc4-b491-0458c1b9ad11,TR-3993-1960,Truck,24548.25,Diesel,Good,6
0e3d1cfe-9066-471d-b002-b1db3a43cfd5,SH-4871-1961,Ship,11028748.42,Electric,Good,9
72614a8c-fcef-4efc-9181-a6379a9f083e,TR-8786-1962,Truck,22909.54,Diesel,Good,3
4df69ddf-74a8-4915-bbbf-87028afac71a,SH-2909-1963,Ship,16058176.87,Marine Fuel,Good,7
63608607-b7f9-4e6e-8aec-e07d1d913267,AI-3423-1964,Aircraft,111754.59,Diesel,Good,16
55c0eb10-595a-446f-b7e7-629ab5a6910b,TR-4973-1965,Truck,10195.38,Diesel,Due Soon,13
efef499b-a65f-4139-97df-0cd133f232d3,TR-9866-1966,Truck,7621.4,Diesel,Due Soon,3
7655c36b-0184-434e-8b66-c45a86949a9a,RA-9681-1967,Rail,440987.25,Diesel,Good,12
dad85a65-1b53-4ff9-b36d-aa5655be2956,AI-1565-1968,Aircraft,133167.4,Jet Fuel,Good,5
0a32d846-6dad-4bbc-8faa-442b41d853a3,TR-3036-1969,Truck,27812.91,Marine Fuel,Good,3
9bb711d8-20fb-42dc-b964-8dabfb136597,RA-8897-1970,Rail,416725.19,Marine Fuel,Good,3
1776ec59-4007-477d-9f02-d5c35ba266ea,TR-3962-1971,Truck,20493.0,Diesel,Good,6
ff7ca4cd-fb74-4165-9633-9b8283e98115,RA-4629-1972,Rail,223323.57,Diesel,Good,9
e2d965bd-bb79-4695-b546-abaa9302a97c,TR-3289-1973,Truck,14307.31,Diesel,Good,11
8fcdfcaa-0a06-4ef6-a030-bb466b336d02,SH-7400-1974,Ship,6986154.29,Marine Fuel,Due Soon,17
10f3c335-8532-42f0-9cec-0b1dc8307715,TR-5118-1975,Truck,20146.48,Marine Fuel,Good,9
5e7cec0c-105b-41d8-8711-2769e7ebd28d,AI-7053-1976,Aircraft,28284.54,Electric,Due Soon,15
6ad6e79f-6749-49b8-a8ab-34988253d064,AI-9885-1977,Aircraft,82899.39,Marine Fuel,Good,3
b2ff3844-5410-4c5c-b870-bb1d4a8875b3,AI-8323-1978,Aircraft,31034.63,Diesel,Under Maintenance,16
0d999494-5a25-4cbc-8b49-8c570d0f6f17,TR-4021-1979,Truck,24334.56,Electric,Good,17
84794cb6-a2e6-42f5-a9d5-06698e4dc0e2,TR-3784-1980,Truck,13019.44,Marine Fuel,Due Soon,10
aa3ee92c-5c33-4dd3-835a-2e3de8e03079,RA-3022-1981,Rail,436355.98,Marine Fuel,Due Soon,7
b7fe3038-a208-4deb-b34d-440354c5ab93,TR-5773-1982,Truck,7050.8,Electric,Good,12
b379b762-f0b6-4b0e-8180-bd4cc57979ec,AI-3152-1983,Aircraft,70893.35,Diesel,Due Soon,15
886c39b9-93ec-460d-ae94-d8c3a8907ef8,RA-1910-1984,Rail,330435.8,CNG,Good,10
0d447798-f441-4674-832d-be96effbea59,TR-4934-1985,Truck,13636.6,Electric,Good,14
c5c7eb1a-ed2b-4272-90eb-98e893f26ebb,TR-2091-1986,Truck,24273.72,Diesel,Good,18
b58d45b4-7363-48fb-b641-39038036bc64,AI-5901-1987,Aircraft,59732.92,Diesel,Good,12
1ff12eae-8532-4adf-9120-006149202bf4,AI-5336-1988,Aircraft,80920.86,Diesel,Good,18
00f40988-e426-450e-9e37-814c54f68964,TR-7020-1989,Truck,4923.62,Diesel,Good,11
d03b63a5-fa66-44b6-bb22-df2cd0363fa5,SH-2778-1990,Ship,9907926.2,CNG,Under Maintenance,8
a4e2f145-e760-4aa8-a3dc-ee30a7880935,SH-2684-1991,Ship,20637858.86,Diesel,Good,5
cb8f9141-2f45-46e5-924c-24898bcc2291,TR-5536-1992,Truck,26988.78,Diesel,Good,8
15e0234f-7b8c-46e4-8fd0-c25485f83b8f,SH-9606-1993,Ship,23565776.55,Electric,Good,18
d7ec54e1-c2c1-4d3b-9582-98d3685d7c40,SH-8123-1994,Ship,18756412.88,CNG,Good,10
3d4fadd1-941b-470f-b29b-5eaa837abebe,AI-8375-1995,Aircraft,123806.86,Electric,Good,2
26d18187-dacd-4314-b450-e3268be99d64,TR-4113-1996,Truck,12862.23,CNG,Good,18
ad7f8a2b-3e8c-4442-8ad2-3fab1216a79b,SH-3094-1997,Ship,23334302.2,Electric,Good,7
4ac9d17b-228f-423b-8f3e-9f238cc579f6,TR-1253-1998,Truck,21021.82,Diesel,Due Soon,5
607b4823-6545-4484-bbe8-859d2ac0ec18,TR-2251-1999,Truck,5906.84,CNG,Good,3
ccc833ce-d4e5-4694-9588-688f7cc8c4c1,RA-8104-2000,Rail,504060.24,Diesel,Good,14
800da974-9171-42bf-9ad1-8704526fa1ef,AI-3452-2001,Aircraft,11186.21,Electric,Due Soon,6
77198ee9-7d9a-45fc-afd5-4b80b68764d0,TR-2729-2002,Truck,6563.54,CNG,Good,9
25073ff7-50e9-4af8-a762-7d7db80d6e82,SH-5585-2003,Ship,12057261.77,Marine Fuel,Due Soon,6
7ef7a53b-0000-4657-973e-1c4cb2a01a6d,TR-7233-2004,Truck,23588.54,Diesel,Good,5
d2fb8107-b41b-49cd-8c06-e7431b089086,TR-4362-2005,Truck,22881.77,Diesel,Due Soon,6
d083dc4a-ff7a-48d7-8696-af64e4aa3fc5,AI-7452-2006,Aircraft,78308.28,Marine Fuel,Good,13
10f3c8dd-7a93-4ae0-a358-302439c226f6,SH-2247-2007,Ship,4635123.5,Marine Fuel,Good,1
1625ff7d-1e17-4910-9795-6d1f5a470d26,TR-2190-2008,Truck,17564.65,Jet Fuel,Due Soon,6
1bc41959-4b4e-4831-803d-be349b7e49dc,TR-3831-2009,Truck,25625.28,Electric,Under Maintenance,11
11f564a2-d4ff-4b9e-9906-059244650f22,RA-3237-2010,Rail,531826.22,CNG,Good,4
152a29d2-427d-43d8-9b20-b5df5a496b7d,TR-1490-2011,Truck,22083.37,Diesel,Due Soon,12
8817ba31-e872-4705-91ef-cb5205229287,TR-6575-2012,Truck,6935.43,Marine Fuel,Good,10
2c22bc71-c0fa-4a65-9b9f-806bcc5b652f,TR-3979-2013,Truck,13412.6,Jet Fuel,Good,5
64d68e75-ce7b-497e-abe9-ad7a6c38b507,SH-3737-2014,Ship,13576443.47,Marine Fuel,Good,11
30171275-8fde-415c-833c-5aed161aaa75,TR-3758-2015,Truck,14491.46,Marine Fuel,Good,15
d79f4713-2443-48d3-8c48-1113182d9538,SH-4090-2016,Ship,6947518.55,Jet Fuel,Good,16
0496093f-3272-4517-a7b0-64c362d6cf7f,TR-8076-2017,Truck,10701.99,Diesel,Good,9
a0938381-aba9-49b5-950c-d59ff69646f0,TR-8926-2018,Truck,25983.78,CNG,Due Soon,14
e1d57cc1-cf5e-4ace-8d15-5818b3cbe359,TR-7215-2019,Truck,12217.75,CNG,Due Soon,2
9c6f9301-4ece-43cf-a8c8-cb56c0171cf4,TR-8041-2020,Truck,6747.32,Marine Fuel,Good,7
c84d281f-9e96-4cd6-bc84-5efb31cad888,SH-2856-2021,Ship,8799678.91,CNG,Good,1
2e21812d-fd88-4ab3-9774-ae0709866d43,SH-2915-2022,Ship,13783490.06,Diesel,Due Soon,10
93867cef-e154-4317-9f1e-0c5d28792841,AI-1574-2023,Aircraft,115803.24,Electric,Due Soon,10
926c5f55-ee9b-4a43-909a-536e410b639f,TR-7188-2024,Truck,12505.48,Diesel,Good,12
24a29c7f-499c-4686-9745-5cbd3eef64a3,RA-8881-2025,Rail,547426.99,Diesel,Good,14
bdd617a6-075c-4608-8038-9ff1f3c4b655,TR-2840-2026,Truck,22381.58,Electric,Good,12
21c84cf9-36b8-4e8d-a04d-502817945ec9,AI-6051-2027,Aircraft,21838.09,Diesel,Due Soon,17
efa060a3-1873-4a2c-92fc-61b1ee9c6cd3,AI-7249-2028,Aircraft,85556.46,Marine Fuel,Good,14
78014111-a4f7-44bc-918b-390c4110d886,TR-3662-2029,Truck,24455.01,Jet Fuel,Good,13
fc7c5459-c036-4a8f-b263-22f7f57a1eec,RA-9725-2030,Rail,163871.53,Diesel,Good,18
1231555e-e85e-47cf-94da-ccd7531ef2d7,SH-7936-2031,Ship,670618.06,Electric,Good,1
422e1ffa-e983-4fcc-9238-0bca3fc0e2de,TR-5998-2032,Truck,24538.01,CNG,Due Soon,9
fa554b6e-c82a-4307-9ca5-72e6c0dd08fc,TR-5543-2033,Truck,27732.59,Diesel,Due Soon,7
c8760683-0da8-49a3-977c-9e37f44d5961,TR-4721-2034,Truck,17447.32,Jet Fuel,Good,9
80e0932e-9b16-42cf-9883-6648772331f3,TR-6578-2035,Truck,13819.66,Diesel,Good,2
873bbbe0-01bd-474d-ab26-0fd48380c692,TR-2701-2036,Truck,26620.82,Marine Fuel,Due Soon,6
531d6188-657e-41a7-8b11-6a638a156bff,TR-6791-2037,Truck,12453.57,Marine Fuel,Good,1
b6f9e253-b55a-4d9f-ab88-d3b59a72d061,AI-5377-2038,Aircraft,76192.62,Marine Fuel,Good,12
dc66224d-45fb-4c06-8b96-12f53e08422b,TR-6009-2039,Truck,25670.73,Diesel,Due Soon,16
578a0bde-4f5f-4fa3-b162-e5a5299fd2fa,SH-1454-2040,Ship,5789327.24,Marine Fuel,Good,15
fb78f9fe-b02d-43c5-8687-f2b40ce67e47,RA-2094-2041,Rail,322502.84,Diesel,Good,12
8683e709-4d84-437d-8956-6b01a9ede686,TR-6621-2042,Truck,16983.28,Diesel,Good,12
83bae95a-77ff-42fd-93c5-40d918521156,SH-2616-2043,Ship,24824530.58,Diesel,Good,6
a64613eb-a518-4af1-9d1f-d3106e4ab1be,TR-4947-2044,Truck,6221.93,Diesel,Due Soon,9
761c0b55-cf75-4109-bdd9-6ce95f5e99fe,RA-9484-2045,Rail,586510.21,Jet Fuel,Good,18
029a1874-118f-4e43-9cf2-4dff7fe65a8f,SH-2842-2046,Ship,9748336.13,Marine Fuel,Good,5
a528b943-9827-4e3d-9e03-93b83564688f,TR-2349-2047,Truck,3632.63,Diesel,Good,8
21af11ce-e21c-4ffc-b981-beb7df682e9b,TR-6038-2048,Truck,22948.58,Electric,Due Soon,9
341c35f9-afc7-4322-9234-302ace31ea32,TR-6737-2049,Truck,10433.01,CNG,Good,11
cf51c9c6-efc9-4a78-a1e4-866e7d0f5a13,SH-4461-2050,Ship,21092680.27,Jet Fuel,Good,5
bb5c5b17-6f33-407e-a5ea-4981d7831b42,TR-2331-2051,Truck,21295.33,Marine Fuel,Good,17
1e7cf315-bf16-4493-a2a4-e94ad00b38e7,RA-1203-2052,Rail,115236.8,Diesel,Good,12
12ea9b22-dcb5-4e44-b59f-2dcbfbdd6009,TR-7759-2053,Truck,7841.78,Marine Fuel,Good,16
2a2c7566-c298-48b4-adf6-9f72b8af646e,SH-9341-2054,Ship,19974916.59,Marine Fuel,Due Soon,17
59f45ef8-79b5-47e8-9d0b-5929cf0c3e80,SH-1215-2055,Ship,14917431.3,Diesel,Under Maintenance,18
9cc384f0-394e-4b2c-a28c-7449eb3e88e7,TR-9690-2056,Truck,18795.89,Diesel,Due Soon,12
e2d64930-6fea-4e02-9bef-a1f89ec3019c,TR-9117-2057,Truck,16667.35,Diesel,Good,6
76b3cdec-a8cc-41ea-ad1f-d52cb8325916,TR-7212-2058,Truck,5801.4,Diesel,Good,1
bb2742d6-502a-45a3-be92-cdead4a0b5b9,SH-9761-2059,Ship,24363633.21,Diesel,Good,12
b13d02d1-79b2-4604-a211-6931cf91faad,SH-3736-2060,Ship,2702455.88,Diesel,Good,3
d5054a27-821f-4073-8626-81d1a9674489,SH-9896-2061,Ship,22378204.94,Diesel,Under Maintenance,17
9b150c8d-2f28-44f0-83aa-2e68ab143cd7,TR-6678-2062,Truck,13349.3,Electric,Good,10
29396d3c-55ed-42a2-a4db-46fb577e1477,RA-6558-2063,Rail,405913.27,Diesel,Good,15
d3cf1af1-b8f8-4b7e-a8b2-d2712216c1e9,TR-2832-2064,Truck,7975.62,Electric,Good,7
c7143174-940d-495e-ab07-4f46e45bae89,TR-7264-2065,Truck,11356.57,Diesel,Good,15
e4ac2d81-6f61-4daa-a5cc-46f37dde9021,TR-4789-2066,Truck,20105.54,Diesel,Good,5
097b90c0-25bf-4790-860d-244e86c04807,TR-7283-2067,Truck,16654.0,Marine Fuel,Good,15
3be766e1-324a-4c82-b525-c72b5fbd8063,TR-1759-2068,Truck,27520.98,CNG,Good,9
699c0c5d-1268-4395-b036-8b9b1da35ea9,TR-5909-2069,Truck,20850.17,Marine Fuel,Good,18
306bf071-7682-40a2-b930-cc6d21600de1,SH-7680-2070,Ship,19587550.7,Diesel,Good,17
32fe2ef3-887b-41e4-8949-659e481a2d16,TR-8820-2071,Truck,19322.66,Diesel,Good,4
b7667777-017b-4a98-a525-afffaa6a9890,TR-5630-2072,Truck,27696.23,Diesel,Good,7
0b75cfcc-02d0-419c-bef8-b10bbe9739b8,SH-2590-2073,Ship,22089252.52,Diesel,Good,3
a6a69418-97de-4583-a733-1affae08bcc9,TR-5419-2074,Truck,4390.43,Diesel,Due Soon,17
7a9f600f-00d4-4532-9634-170a6102884b,AI-9384-2075,Aircraft,93992.72,Marine Fuel,Good,12
7a75a24e-1b69-495a-9096-ac3c61239a8a,SH-6214-2076,Ship,4929460.72,Diesel,Good,12
6044a96d-9eb3-4a0a-949a-dcbb7e99fe53,AI-5775-2077,Aircraft,54616.28,Diesel,Good,11
e4b76e44-e13f-4afc-a649-593bc7b5fa40,TR-5242-2078,Truck,5792.83,Diesel,Good,1
fcef7b50-23b1-4056-babf-e3f0e856dadf,TR-8998-2079,Truck,6201.81,Diesel,Good,2
9ccf6902-999f-4fa2-8dd6-ce0d5bfcda3c,TR-1415-2080,Truck,8206.23,Diesel,Due Soon,5
2658356e-edcd-485a-b14f-e104c8888b42,TR-5904-2081,Truck,13001.8,Diesel,Good,17
4b38d2b0-17c2-42f3-b20d-818b208d2160,SH-2634-2082,Ship,10310129.73,Diesel,Good,18
8c9cb108-5a10-426f-a1ca-823e1c179e8a,TR-1062-2083,Truck,24867.41,Jet Fuel,Due Soon,8
6d292dfe-dde2-48d2-8cbc-7e04c777b462,SH-3982-2084,Ship,21719965.66,Diesel,Good,16
d43b2f2d-936f-4ecf-9eb1-ea5dce8aead7,AI-6109-2085,Aircraft,22417.99,Electric,Due Soon,16
173daf97-0135-4798-bdbc-156dd0d35c3a,TR-8822-2086,Truck,12273.25,CNG,Due Soon,10
2b4428e2-cc56-468c-b48f-9dceded936cf,TR-1228-2087,Truck,18566.83,CNG,Good,11
08034a2a-c00c-4ed3-a89a-a25df04fd8dc,RA-1709-2088,Rail,488707.56,Marine Fuel,Good,18
35243c8d-3979-4898-9c3d-2fe6161e1667,TR-7752-2089,Truck,17081.76,CNG,Due Soon,14
e0d46b57-32e5-48f4-b289-17c77e2542d2,TR-7520-2090,Truck,22078.33,Electric,Good,3
eb58b456-a69a-4151-a467-c5fa9eae8338,TR-1699-2091,Truck,13042.56,Electric,Good,13
0d918466-6151-4b17-80fc-5d13d0fed88b,TR-1268-2092,Truck,24438.92,Diesel,Good,5
f04ac61c-bff8-4caf-aba8-227b135abd91,TR-1904-2093,Truck,10696.83,Diesel,Good,10
5cb574d7-a13b-4a12-a1eb-ca47a681e6e3,SH-5411-2094,Ship,10139836.6,CNG,Good,6
bd8fc9ac-a82e-4583-ad10-c14aa4bd71c9,TR-9140-2095,Truck,18420.04,Jet Fuel,Good,2
fe8c9d3c-e88f-4e02-a7b6-39f688972dd5,TR-5250-2096,Truck,8620.63,Diesel,Good,16
d47d7c51-db9d-4a49-aaba-2513af29d2e9,TR-3227-2097,Truck,16644.28,Diesel,Good,16
f2ae2145-3453-455c-a23a-da5ce4cf54ea,RA-5828-2098,Rail,351690.22,Diesel,Under Maintenance,1
6eaac764-4ce0-4de2-8d28-15ceaa53fae7,AI-2723-2099,Aircraft,123698.52,Jet Fuel,Good,12
ef60920a-71a9-4677-9ee7-128c783bfda0,SH-1512-2100,Ship,18711781.7,Marine Fuel,Due Soon,13
8f4188eb-a2cf-44f6-bd5d-70251921f822,TR-9615-2101,Truck,17730.74,Diesel,Due Soon,15
f82595bb-f835-41f6-8aeb-cec12ae84fe9,TR-7574-2102,Truck,5816.67,Diesel,Under Maintenance,15
8cec29d4-8f2f-4de7-9e3a-53021cf55191,TR-2881-2103,Truck,15844.74,Electric,Good,9
eff13609-413e-439c-a4ea-1059ac8b7955,TR-4458-2104,Truck,19211.93,Diesel,Under Maintenance,17
3c8642a4-d965-4ecc-ab69-bbeb3dde79a6,TR-1017-2105,Truck,27088.24,Diesel,Good,17
9f99a9bd-a80b-4d39-873f-8b1770d9f55a,TR-3489-2106,Truck,4318.61,Marine Fuel,Good,7
1bf7fff2-6e99-421e-a28c-74bba43fde4b,TR-6008-2107,Truck,22317.62,Diesel,Good,11
4c7c36e6-6dd3-4c97-9d60-91b79fa16779,TR-8341-2108,Truck,20554.14,Diesel,Good,9
a2bf2d1a-ad66-4327-a762-23eeb84d6271,TR-3177-2109,Truck,21103.76,Diesel,Good,13
11aa47e7-3bc7-47e7-be01-8576dc854478,SH-5255-2110,Ship,15992019.29,Diesel,Good,2
2d74f9bb-dd68-405b-9f6e-853f798fac4a,SH-8646-2111,Ship,16064515.23,Diesel,Good,11
77fc96af-558d-4b60-89ab-bf08e7878f2f,SH-6396-2112,Ship,19666896.68,Diesel,Good,11
a092ddcd-e48b-4564-9b05-3bf024512fbe,SH-7964-2113,Ship,20444109.85,Marine Fuel,Good,8
e7c027b7-7b3c-4a6d-9735-df1a26ff8264,AI-2604-2114,Aircraft,77029.76,CNG,Due Soon,14
2381a04b-d244-43c3-9758-e2bc3045de65,TR-3003-2115,Truck,19387.02,Diesel,Good,17
317f8b49-1625-45cb-9cf3-448cdab9209c,TR-9989-2116,Truck,4410.61,Diesel,Good,18
495ff4a5-f318-4629-8c5e-40fd9394a2a5,SH-4307-2117,Ship,8930717.87,Diesel,Good,8
dec58f19-6410-4404-8a06-0d895a80f71c,AI-2707-2118,Aircraft,58545.69,Diesel,Due Soon,6
101e9fcc-55f2-438e-aa9b-4a206a0feb39,TR-8202-2119,Truck,5210.93,Marine Fuel,Good,6
82f09f16-c4f3-4641-a74b-d9e286286d1f,TR-7108-2120,Truck,13221.14,CNG,Good,12
a41459d4-2e10-4a98-aeae-b9de99efdf75,TR-4406-2121,Truck,5179.21,Marine Fuel,Good,7
f0fded43-1add-4878-b15b-b34a33c93135,TR-1474-2122,Truck,4058.58,Diesel,Under Maintenance,17
9b7a3d76-a4f3-470f-8483-e9ac6e539b63,AI-7296-2123,Aircraft,139112.79,Electric,Good,12
ca4b8cc3-f917-42cb-b9ac-1f9ba665a884,AI-5160-2124,Aircraft,98463.24,Diesel,Under Maintenance,9
399c6702-c5a9-4157-9581-f3968db5ca9e,TR-4848-2125,Truck,18828.29,Marine Fuel,Good,7
3aa7bc21-2813-485b-98ee-0c0ce9928044,TR-5427-2126,Truck,3207.21,Diesel,Good,14
8a5a044c-a0a2-4133-8ab8-6a80dd3f3bc0,RA-5964-2127,Rail,368308.49,CNG,Good,18
b81777bc-46e7-4d7f-9324-bb198c200095,TR-8938-2128,Truck,5233.3,Diesel,Due Soon,13
c296fb05-d85a-4022-b738-f05cb425a504,AI-4573-2129,Aircraft,33744.32,Marine Fuel,Good,2
4422854c-51d1-4bd1-99d7-d9554a2c3215,TR-3769-2130,Truck,5922.2,CNG,Good,14
3bde4cdc-cd2f-4926-a0c3-290b8460d156,AI-4262-2131,Aircraft,72793.88,CNG,Good,8
f0098b41-3a55-4950-abcb-32497e08197b,TR-3686-2132,Truck,11340.91,Diesel,Due Soon,5
f8ab0f55-63a8-4cb4-bef6-8e315865600c,TR-3070-2133,Truck,24523.22,Electric,Good,11
a7babbe8-bfcb-4a55-976c-0b6beff9c45e,TR-7750-2134,Truck,8348.27,Marine Fuel,Under Maintenance,6
5a5112ef-5747-4ad8-a8e7-bb4a1deeecfc,TR-5002-2135,Truck,11443.3,Marine Fuel,Good,1
b0f24d43-d558-4585-a947-cfca3bca8b7f,SH-5089-2136,Ship,12940761.38,Diesel,Due Soon,7
2a180ec1-1a04-4d9f-9e61-4e548dfb6d08,TR-2076-2137,Truck,8979.04,Electric,Under Maintenance,17
f0b453cc-dcf5-4e06-838d-ad7279b62d21,SH-7075-2138,Ship,4885154.07,Marine Fuel,Good,6
357ee0f6-2ebf-43ba-9a2c-2b7aead3af6b,AI-5303-2139,Aircraft,46285.38,Jet Fuel,Good,6
55d4ade4-478e-414b-b736-9b67f6146b81,TR-9601-2140,Truck,23511.85,Diesel,Due Soon,14
159280ae-77fa-461b-a8f4-74e7bcdd9a03,TR-9117-2141,Truck,14206.33,Diesel,Good,3
f6913a06-d9b0-4c98-a556-b9a28303097c,TR-9104-2142,Truck,7300.38,Diesel,Good,2
9f750553-15f5-4a4c-9a29-146301f5fa34,TR-3359-2143,Truck,25692.3,Diesel,Due Soon,14
b86c0e23-f253-43fc-a1b8-ca9af3c6b0da,RA-1150-2144,Rail,142360.22,Marine Fuel,Due Soon,14
097526e4-a590-4533-b548-85d57cccb5ab,SH-4335-2145,Ship,8424577.64,Diesel,Due Soon,3
c7941b9c-a65f-45d8-895e-86d6bde7f99f,TR-3493-2146,Truck,21052.99,Jet Fuel,Good,2
f340a066-2297-4231-9af2-eddde8d7cca1,AI-5195-2147,Aircraft,37004.45,Diesel,Under Maintenance,18
d1178ac0-d5d9-4d27-8907-505b1bf194b4,RA-9142-2148,Rail,194395.81,Diesel,Good,9
8da61ac8-7a38-4e37-a49c-c725b83a3287,SH-9073-2149,Ship,8564870.86,Diesel,Good,11
0b28690e-722e-48fe-90e9-d87bbdec7a79,TR-9585-2150,Truck,19809.44,Marine Fuel,Good,17
e57b4ee3-7ea8-4d64-8caa-b7ecb1357663,TR-3943-2151,Truck,25853.51,Jet Fuel,Good,10
571f1c4c-5417-49d6-9ac6-97cbd4c2fb36,TR-2779-2152,Truck,24512.0,Diesel,Good,2
385158b7-5ec7-4a83-b49c-ab43e8033ecf,TR-6481-2153,Truck,23425.34,Diesel,Good,12
0016742a-ae2d-4821-88fc-f3e83204776e,TR-9665-2154,Truck,15748.87,Electric,Good,18
f1d47f07-511c-4176-9367-6b56d0e6c6fe,RA-5935-2155,Rail,593582.19,Diesel,Good,12
7a3ff71b-b8a2-4ccc-a405-892121f2ce8c,AI-6817-2156,Aircraft,101750.72,Jet Fuel,Good,16
859c6d3b-8f87-49d3-a6b6-fd1dd57bc3a4,TR-2989-2157,Truck,20282.32,Diesel,Good,15
2226c8c7-4ad0-4b64-bde4-947e93abeb12,TR-3199-2158,Truck,19499.27,Diesel,Good,11
c012b6cb-e550-4d03-84fa-60500e56f55f,TR-8869-2159,Truck,3078.9,Diesel,Good,7
142a3dc8-de4c-4ceb-a1c0-a57f6af323b8,TR-5546-2160,Truck,7834.84,Diesel,Good,9
1a1dbae3-e3d2-441e-a84e-92509ed4ed85,SH-1346-2161,Ship,17592032.63,Diesel,Due Soon,13
e9ef8b1d-3cae-42d9-ab16-a4847b35218c,TR-9352-2162,Truck,14574.01,Diesel,Good,11
caf7215c-a31f-49bb-a2e2-5f4b9cd66b93,SH-5400-2163,Ship,8360446.0,Diesel,Good,3
21eeacac-e541-4005-a508-a7498fd657b1,TR-5170-2164,Truck,11680.57,Marine Fuel,Good,10
d41b0b02-1caa-453d-97ab-6a95d39d8319,TR-5713-2165,Truck,14110.46,Electric,Good,4
6b7a3f96-8573-49f2-ae75-838579fb53f5,SH-4079-2166,Ship,4277643.61,Marine Fuel,Good,6
c3016086-541a-423d-a398-29d5fedeb381,TR-8721-2167,Truck,3964.3,Diesel,Good,17
eb9864fe-71af-43dc-99f5-1446b95a9aef,TR-4664-2168,Truck,24604.13,Diesel,Good,6
7bacd631-bd8f-4b01-a7b5-4d20e783c5e1,TR-5011-2169,Truck,20003.91,Diesel,Good,7
11842430-4790-41c9-94ff-22a81ef111c4,TR-6900-2170,Truck,9252.64,Diesel,Good,11
b35c4e08-3af6-4cb2-818e-5023c64dc646,TR-7405-2171,Truck,13651.91,Electric,Due Soon,14
c7d7f200-78e6-450c-90ae-5bbee6a0690a,TR-3319-2172,Truck,10016.21,Marine Fuel,Good,12
fa838a09-a0c5-492e-a9a7-b842555c1930,TR-6683-2173,Truck,20960.7,Marine Fuel,Good,17
78475936-a431-4894-a23c-296cbf8afb3b,SH-3353-2174,Ship,8063008.78,Marine Fuel,Good,8
207a3e33-1ac7-43cf-9076-60ca6024492a,TR-2571-2175,Truck,9804.49,Jet Fuel,Due Soon,3
00808337-bb01-4212-a117-924dfae81c2d,SH-2058-2176,Ship,16481912.51,Diesel,Good,16
3289fc17-5008-49fd-a9a3-4a6c6969afe1,TR-2735-2177,Truck,10587.58,Diesel,Good,10
973cfbb5-1c59-4787-8bf9-9aa48fe59ebd,TR-8039-2178,Truck,26994.24,Marine Fuel,Due Soon,15
68ab45be-249e-4729-9114-b0316be260c4,TR-3014-2179,Truck,19283.65,CNG,Good,18
63a22262-3c59-4d1a-b7be-6b5303f9a2ad,TR-7912-2180,Truck,4970.2,Diesel,Good,5
e41e1e9f-f987-4ab1-b8fc-2324b8d4b4d2,TR-6594-2181,Truck,21739.29,Jet Fuel,Good,9
457ad80b-545a-4dc9-82e4-402d7ea4bbb0,TR-4629-2182,Truck,26342.9,Diesel,Good,6
281fcd26-36de-4b5c-987f-275c20403448,SH-8142-2183,Ship,10413477.8,Diesel,Good,8
ef7597ed-dda0-4489-aca1-ea01baf4f847,SH-4072-2184,Ship,2729135.08,CNG,Due Soon,15
d845f391-226a-4fbd-a8f8-b4d491ad7e07,TR-8607-2185,Truck,18707.39,Marine Fuel,Good,6
0c50db93-d6c7-4c30-ad43-b7e40f53a3a7,TR-1162-2186,Truck,14137.57,Diesel,Good,6
0f8be44d-3e88-4505-bbbf-e5504fa2f68c,AI-4833-2187,Aircraft,50229.16,Electric,Good,11
33dd04d0-cbc7-436f-ac6e-e9cbe1201c72,TR-8042-2188,Truck,17302.36,CNG,Good,9
3bddbb51-c8e6-4091-9c3d-84aa27ae9f2b,SH-4206-2189,Ship,3663403.99,Electric,Due Soon,16
149700c8-bc66-4162-8ad6-cd6b801fbd24,AI-4647-2190,Aircraft,100859.17,Diesel,Good,8
17f2d427-5a92-47c0-b7bb-924caa686bcd,SH-1513-2191,Ship,2812368.85,Diesel,Good,13
46ca59b4-6b9a-4482-a61d-499e858ef305,RA-4096-2192,Rail,589935.68,Marine Fuel,Good,1
ad9adbfb-2ca8-4b85-af64-ece597a02523,RA-4630-2193,Rail,664733.85,Electric,Under Maintenance,12
24088e07-0b38-4326-8460-3b5c6ba0c400,TR-2973-2194,Truck,15637.21,Diesel,Good,8
cac3b4fb-43eb-4a29-a54a-be306570682d,SH-7326-2195,Ship,4937383.86,CNG,Good,1
5e937a26-ce2e-44e3-b936-f89c9ef5ee7b,TR-1156-2196,Truck,16424.89,CNG,Due Soon,11
887d030f-dbae-4499-a2fc-e4a46994ac75,TR-1058-2197,Truck,9758.96,Diesel,Due Soon,17
010b0907-a047-479c-898f-043bd478fb9c,SH-1537-2198,Ship,1885678.12,Diesel,Due Soon,14
089ff637-c490-433f-8b17-1f4edc5fb189,TR-6460-2199,Truck,22181.6,CNG,Good,12
c036ccd3-8467-4dd4-800b-04e20d093536,SH-5617-2200,Ship,12142558.53,Diesel,Due Soon,7
29fd6099-ab09-4294-aab0-0e3d4cae5553,TR-5573-2201,Truck,21101.92,CNG,Good,15
94b2de3d-365e-4211-a802-b875ea1b5b6d,AI-3549-2202,Aircraft,80490.42,Diesel,Good,2
75322ecc-7390-4cda-9fda-1579611749f2,TR-7874-2203,Truck,23168.34,Diesel,Good,8
d8c05f63-337a-4dde-8543-14d010eac4fa,TR-3364-2204,Truck,22710.82,Diesel,Good,8
3bba3005-1691-4a76-b0c4-aab664f2239a,TR-3234-2205,Truck,6226.43,Electric,Due Soon,6
551c5024-9ef5-4b39-820d-e8f6bbc2d676,TR-3372-2206,Truck,18337.95,Diesel,Due Soon,11
5a6ae3ba-d49a-4206-a0da-8a94fe05592d,TR-3339-2207,Truck,20807.11,Diesel,Good,7
95a5d878-df9e-4a1b-b0f3-dd3313adbe1c,TR-9093-2208,Truck,21222.78,Jet Fuel,Good,8
33ed8e6f-952e-40f9-9aa9-fdd385fc5021,TR-6873-2209,Truck,14185.24,Diesel,Good,8
c7bd4e8b-aae3-406d-a415-cfb1facc9d8b,TR-1013-2210,Truck,18926.68,Diesel,Good,13
44d75000-c6fb-457d-9f68-f7f0d7135d4b,TR-7435-2211,Truck,8204.92,Diesel,Good,9
265b3394-2df0-44ac-94ea-789162dc6609,SH-1788-2212,Ship,18744560.89,Marine Fuel,Good,11
ac86435b-4d81-4bf3-b809-1c36125231d2,RA-4138-2213,Rail,63061.33,Diesel,Under Maintenance,2
cf45de4e-24e4-4201-ae13-17f0732ede83,AI-5990-2214,Aircraft,72766.82,Diesel,Good,17
c2d2a6bd-d882-4407-a694-99f3d836372a,TR-7918-2215,Truck,15041.13,Electric,Due Soon,7
f339d186-03ee-44cb-984a-8a5723411725,TR-2023-2216,Truck,20190.5,Marine Fuel,Good,17
5e304569-5c90-4f58-bb6e-1f850993325c,SH-2936-2217,Ship,1519370.95,Diesel,Under Maintenance,18
a85369d7-84c5-431f-bbd2-8a042fbd708b,TR-4109-2218,Truck,13836.72,Marine Fuel,Under Maintenance,18
04381014-37a9-4958-ae44-9242062c77b5,SH-6133-2219,Ship,24013970.17,Diesel,Good,7
2a4de1d9-15aa-4aa5-adf3-11ac05cb2825,SH-7012-2220,Ship,20001262.38,Marine Fuel,Good,17
1546606f-bca0-41c9-bc83-6e903b985e48,RA-9914-2221,Rail,648299.48,Diesel,Good,14
4f997600-9349-4b2a-bfdf-72b9d9a0a45e,TR-5977-2222,Truck,22057.94,Diesel,Good,5
0ee1ba5e-5e92-41eb-8758-c0a0de8d2bbb,TR-2971-2223,Truck,14428.22,Diesel,Good,5
088d48df-3709-424a-af6f-464cd4187385,SH-7120-2224,Ship,3156832.32,Jet Fuel,Due Soon,3
8a5cf972-5a05-4e84-8323-af526bf70374,AI-4737-2225,Aircraft,50505.99,Marine Fuel,Due Soon,2
3ec97cf1-9152-4faa-9e55-86bd01300b18,TR-9881-2226,Truck,20667.9,Diesel,Good,11
51682d9a-3b0a-4327-bb58-a47bc1a9216f,TR-1162-2227,Truck,7299.32,Electric,Due Soon,2
f3c61ce8-a8d6-40a8-8999-942756fc35f2,AI-4953-2228,Aircraft,133769.94,Diesel,Due Soon,5
b2ccfa4e-a3a8-492a-8392-95c40082025e,TR-9710-2229,Truck,16822.26,Diesel,Good,17
10c6bb2a-f213-475b-bd95-03a22168126c,TR-4670-2230,Truck,27124.62,Diesel,Good,8
7bf7eeaa-276f-4875-b555-161be0dcdb55,TR-3242-2231,Truck,17706.9,Jet Fuel,Due Soon,5
25feb094-09f4-45f3-bbf2-251359b57ed8,RA-1744-2232,Rail,694033.03,Marine Fuel,Due Soon,16
62e82e59-d0b3-4072-8338-6efa0b315ae7,TR-5056-2233,Truck,23730.14,Diesel,Due Soon,6
1e9cf052-26ab-4f78-9244-bc29729be6aa,TR-2042-2234,Truck,8656.09,Electric,Due Soon,6
57597ffa-f2b5-480c-9449-1cd02ef90807,TR-2714-2235,Truck,18406.36,Diesel,Good,16
bfe368ff-21a2-4943-8c5a-1920884b6ece,TR-7083-2236,Truck,27819.38,Diesel,Due Soon,5
0454fb88-b2ef-400c-8512-7ee6257beca9,TR-6983-2237,Truck,14797.1,CNG,Due Soon,18
812c2850-3c1b-4d78-9083-48d7cea61218,TR-9403-2238,Truck,11016.85,Diesel,Good,18
e68c70bb-bfbe-4598-9d8d-446fb7aecd94,RA-6206-2239,Rail,642672.25,Marine Fuel,Good,7
b8186e0b-83ce-4a66-8341-a013ed6e7338,SH-7833-2240,Ship,5056236.12,Diesel,Good,11
3764d36e-6a22-4538-ae1f-202d8685a7c7,RA-7048-2241,Rail,182940.03,Marine Fuel,Good,18
ceec2aa9-20e8-460f-8e47-2c4a6fa0f019,AI-4749-2242,Aircraft,128292.71,Diesel,Good,16
13308fc9-40b3-4014-9e49-124d6a0f4f0f,TR-6167-2243,Truck,19980.83,Diesel,Good,3
ded56914-d69e-4001-9f60-89bfd0991247,SH-1942-2244,Ship,19892718.46,Marine Fuel,Good,13
a4777b98-75ca-4bc3-a035-02485e2ffd32,TR-4066-2245,Truck,18251.53,Marine Fuel,Good,2
18220522-718e-4fd7-a61b-3f7310d759c8,SH-6403-2246,Ship,14239618.97,Diesel,Good,3
41acfda3-4429-4b9f-9468-a8b2afa0074d,TR-4473-2247,Truck,27222.25,Marine Fuel,Good,2
0f7a4121-aaf4-4f41-8bee-55e19d1fc489,RA-6300-2248,Rail,312931.61,Diesel,Good,9
50f413ab-c294-4e61-a893-76dc2558e1fb,TR-4043-2249,Truck,26283.85,Marine Fuel,Good,18
cd064d5f-d68d-4a35-af68-c7d413fde894,TR-1618-2250,Truck,7106.9,Marine Fuel,Good,16
c05bf7ed-9177-40f2-b4d0-225073372f15,TR-4036-2251,Truck,18909.3,Diesel,Under Maintenance,12
9f08be12-0710-4432-9acc-e6abd79c66ad,TR-9553-2252,Truck,18220.65,Electric,Due Soon,16
a60b8bae-6e82-43be-865a-48bcc881b138,SH-5976-2253,Ship,10006940.4,Electric,Good,15
1d964281-7c1d-4a15-93c4-8c3f3e11522d,SH-4201-2254,Ship,14821838.44,Diesel,Good,13
031c3729-19b5-4c90-8116-87685e0657ba,SH-1865-2255,Ship,16974286.39,Diesel,Good,16
f6770fef-a057-4584-957f-157a2be393b1,SH-1886-2256,Ship,10155656.17,Diesel,Due Soon,1
3ddfaaee-2157-4765-8af2-ebc6ebc460ce,TR-7361-2257,Truck,21332.99,CNG,Good,17
093a7a69-6321-4b99-80f1-548fb58fb9ed,SH-2532-2258,Ship,12891210.88,Diesel,Good,3
51b5641b-fed3-42c1-86d4-0f0d1b11850a,AI-6505-2259,Aircraft,14864.14,Diesel,Due Soon,13
b2462db0-09d3-450e-af69-694de21d62a0,TR-9164-2260,Truck,14611.88,Diesel,Due Soon,9
ee60a248-8f6a-42c0-abb4-51d398126c20,TR-3404-2261,Truck,12100.93,Electric,Under Maintenance,7
a964ef09-828b-4f55-847b-cdeebbdf221a,TR-4116-2262,Truck,26406.95,Diesel,Good,11
f6a144fb-4a1d-4dd0-b740-dced4eea22fc,TR-8440-2263,Truck,4765.64,Diesel,Due Soon,3
6e64ea9d-b312-4faf-b4b7-25f348a31f65,AI-7469-2264,Aircraft,111137.1,Diesel,Under Maintenance,9
717422e9-5f51-485b-9d55-a70520301ac4,TR-9776-2265,Truck,7043.1,Marine Fuel,Good,1
ae59177c-d0fc-4194-8db5-d11e2bf8d0c1,TR-7116-2266,Truck,18250.11,Diesel,Good,17
d94ce247-c5ba-4549-9ade-af3523f7969c,TR-4129-2267,Truck,9675.78,Electric,Due Soon,2
ce1e4ae4-dd29-43c8-b45c-49c407e859e5,TR-6592-2268,Truck,7266.29,Marine Fuel,Due Soon,7
2282cfe0-6d37-449d-b7a7-7d39fb94d1c0,TR-7221-2269,Truck,3054.68,CNG,Good,1
f4f368f4-1fd4-4109-bdc6-7fec62371da4,SH-2190-2270,Ship,4825066.49,Marine Fuel,Due Soon,16
20a15eb4-8582-4b06-9cf3-6315b89883b1,TR-5423-2271,Truck,11704.18,Diesel,Good,16
8e9a9ae2-28a1-4afb-b80a-6b1629e8d2e0,SH-1551-2272,Ship,4821290.36,Jet Fuel,Due Soon,9
acfb39e4-0f39-4d67-925f-8a6742ba3119,TR-2932-2273,Truck,15900.33,Electric,Good,15
058bb3e2-5a0c-4df6-9204-75446ccea0ff,TR-5424-2274,Truck,23125.0,Marine Fuel,Good,14
6819412e-20ab-4c7f-b214-2719607faa2b,AI-1028-2275,Aircraft,28064.5,Jet Fuel,Due Soon,5
d4b3a585-1d84-4df3-b997-7ef737783122,SH-4293-2276,Ship,6097010.83,Electric,Under Maintenance,6
8ed45ee5-a6c3-4134-9270-01c9c2413abc,TR-5953-2277,Truck,3826.56,Marine Fuel,Good,16
f2b0c9ea-4454-4de4-9f42-cb2163040eec,AI-4643-2278,Aircraft,71680.03,Diesel,Good,13
4e4b986c-fc62-4f83-86cd-ea82a1836fdb,TR-1085-2279,Truck,21910.68,Electric,Good,13
f405e148-aade-4f41-a8b9-ae4af037d96e,AI-6811-2280,Aircraft,60134.95,Electric,Good,10
54772afc-6106-414f-bf71-e422a967d9b7,TR-1960-2281,Truck,27845.07,Jet Fuel,Good,15
3d52ab83-e92f-410c-968f-df82783bf8a1,RA-7870-2282,Rail,105069.46,Marine Fuel,Due Soon,18
bc5aa827-3eed-415c-b619-ef0bd6f00e6e,AI-7309-2283,Aircraft,11060.54,Electric,Good,3
13a85bf1-2db7-4dcc-82db-458bc9699757,RA-8043-2284,Rail,498181.1,Diesel,Good,2
5e724494-478b-4ddd-ad98-aa89e9e55b61,TR-2787-2285,Truck,10514.62,Marine Fuel,Good,1
b5192bdb-cfe2-4c6b-982d-24cabdbd8365,TR-6143-2286,Truck,15228.51,Diesel,Good,14
665bd586-a660-4feb-aff2-b9e15f0fe897,SH-5979-2287,Ship,5128885.31,Electric,Good,6
97af88c9-9e54-4944-8315-4962ce0a3264,TR-8178-2288,Truck,8998.81,Marine Fuel,Good,7
d796ea66-970f-4fc4-94da-1d2023fd173f,AI-3463-2289,Aircraft,53192.56,Marine Fuel,Good,17
ad718e71-a38f-4943-96d7-619cb3fe31f0,SH-1516-2290,Ship,5353948.84,Diesel,Good,5
94c7673c-6836-4705-a428-532410249bc7,TR-9498-2291,Truck,23364.79,Diesel,Due Soon,14
072ca8ac-88e5-498e-948d-a133706f367a,TR-8684-2292,Truck,27652.6,Electric,Good,14
e2387496-9401-4b34-9c54-9432ff658024,TR-5332-2293,Truck,24539.85,Marine Fuel,Good,13
5950d277-3c91-4b93-aad2-aa1f7f293c14,TR-1100-2294,Truck,18573.59,Marine Fuel,Good,6
2ea4b4a9-6d69-4c3d-bc5e-976a4b786397,TR-1344-2295,Truck,10883.16,CNG,Good,13
0f81e2e1-265d-4efc-a897-20f108df1ee1,TR-3667-2296,Truck,24913.15,Diesel,Good,10
6b31344c-764b-4fd7-8bb1-25fb4ec3d5fb,AI-1300-2297,Aircraft,18890.14,Electric,Good,17
833d34e0-a326-4819-865e-b23ca7d60564,SH-5313-2298,Ship,2722576.72,Jet Fuel,Due Soon,6
39ca1b8d-4659-4405-8f30-7288cac58e35,AI-7465-2299,Aircraft,135589.05,Jet Fuel,Good,3
07426ff9-91c8-45cd-a23d-d471aa66b7b0,TR-2948-2300,Truck,12438.76,Diesel,Good,10
094b87cf-f891-4d6b-bd6e-daab1bb2c5f7,AI-2582-2301,Aircraft,135986.63,Diesel,Good,2
b9a0c50e-dd34-47cb-8d64-a6312902c606,TR-8398-2302,Truck,26038.23,Diesel,Good,2
7bfdf00f-4dbf-41c4-a707-e0c5c0b50737,SH-2803-2303,Ship,2301409.64,Marine Fuel,Good,18
6bbe2681-ce2a-491c-b000-32bbee38b49a,TR-9894-2304,Truck,19120.64,Electric,Good,10
a5aefd6c-85b1-4c5e-83c3-154a641277b7,AI-5365-2305,Aircraft,66802.18,Diesel,Good,18
4ff7ed30-ba9f-4e47-8056-00a3a29b864b,AI-7072-2306,Aircraft,23795.56,Electric,Good,3
aeb20402-720b-4ab9-8e3c-74e5527ed023,TR-4908-2307,Truck,26916.44,Diesel,Good,5
de7821ad-f7d3-495d-9452-1ac54966dd0f,TR-2085-2308,Truck,7949.42,Diesel,Under Maintenance,18
01f74229-bbda-43bb-b4a5-6ad5431ba3c2,AI-3400-2309,Aircraft,110622.55,CNG,Due Soon,1
789640b6-186c-4255-9c05-e03a9e4e31c0,SH-9752-2310,Ship,8178439.04,Diesel,Good,5
974490e8-ddff-44c6-aa2a-1840481c250e,AI-4545-2311,Aircraft,73225.68,Diesel,Good,8
cb7ee6d3-89e4-4342-b74a-218ec2cf654e,TR-7477-2312,Truck,15512.92,Diesel,Good,1
ac6916fb-1f39-477a-a2b2-ea447f28647b,AI-4314-2313,Aircraft,62500.93,Marine Fuel,Under Maintenance,13
240b1c28-ba75-4f77-9a5c-de7091f5db21,AI-7577-2314,Aircraft,87625.53,Diesel,Good,17
ce4ea910-0909-4378-928f-5e5e89444841,TR-4339-2315,Truck,20378.68,Marine Fuel,Good,15
c838638a-adb8-4eee-ac3d-e9b01f63c971,SH-3432-2316,Ship,12631580.47,Electric,Due Soon,16
055360d6-ad7a-4866-aaa8-9736a8501df3,SH-6613-2317,Ship,5593470.64,Diesel,Good,13
8118b005-7510-4e16-991a-a85125e141ea,TR-9692-2318,Truck,8061.77,Diesel,Good,1
ad7b493f-9538-4cb4-9d72-56ae949b588f,RA-7340-2319,Rail,84628.38,Diesel,Under Maintenance,1
61a17c56-b1e4-418f-a514-4a64bfedbfc8,TR-9249-2320,Truck,9872.44,Jet Fuel,Under Maintenance,18
c6cc19d8-e88a-4404-9f5c-b07e125a9a91,SH-9962-2321,Ship,2516563.21,CNG,Due Soon,9
fd0e9596-fbb7-46da-b6b6-3a49b08ba684,TR-5248-2322,Truck,21282.36,Diesel,Good,10
a8b24fe5-d343-4a12-8b4f-385d74b368ec,TR-9321-2323,Truck,12391.9,Marine Fuel,Good,4
8362eb7d-811e-4474-a0a2-7d34e17c5844,TR-9285-2324,Truck,15074.08,Electric,Good,17
8049644a-e32f-4d34-babc-8f82efaa494b,SH-3008-2325,Ship,8444365.63,Marine Fuel,Due Soon,14
51f381a1-799c-4c5d-8432-3f36baf74be2,TR-2872-2326,Truck,5859.91,CNG,Good,2
293b6b9c-19f9-4c34-9bb5-83cf1f99ad26,RA-8867-2327,Rail,291864.87,CNG,Good,16
e75d25c8-cbd9-4226-b761-2074d8a64a03,TR-2298-2328,Truck,7115.93,Jet Fuel,Good,17
d8fccb57-b812-4ede-b70f-0cca3787be74,TR-1568-2329,Truck,7807.49,Diesel,Good,10
c213be2a-581d-477f-a159-d3a5d600cf12,TR-8824-2330,Truck,17628.0,Diesel,Good,15
a9e649d3-89bb-4bbf-8c73-5ca4d7a0a957,TR-7300-2331,Truck,3781.77,Diesel,Good,1
b7f0c2af-29b2-4e2c-b3e4-77d21d68e3fd,TR-6956-2332,Truck,21118.49,Marine Fuel,Good,18
7fb7ee9b-e467-4479-9b45-302ecdf75a7e,TR-9140-2333,Truck,5563.16,Diesel,Good,7
622c81be-8547-43e9-9e43-8f3cd0cbdd12,AI-8982-2334,Aircraft,95914.19,Electric,Good,17
737f53d6-beaf-4a54-9b2d-38579d03250c,SH-6255-2335,Ship,18360740.77,Marine Fuel,Good,9
bc216d7c-11ed-44c8-a1fe-fd91d39cf31d,TR-1358-2336,Truck,10636.19,Diesel,Due Soon,5
b3bb7fd2-a4b2-4bd9-b6fa-9bb453301f0d,AI-7155-2337,Aircraft,148705.32,Jet Fuel,Due Soon,18
4eb8c003-5857-4f0b-b604-cb22a4abfb87,TR-7050-2338,Truck,9565.7,Jet Fuel,Good,4
d90fc012-abb6-47b6-bb2d-e83d78cec7fe,TR-1160-2339,Truck,6487.75,Diesel,Good,13
cd60d0e0-1e5d-419a-8641-3a501e18f2de,SH-2934-2340,Ship,6697066.17,Marine Fuel,Good,8
1e10a424-b865-42ef-9491-ca11889097d7,SH-8874-2341,Ship,23926018.12,CNG,Good,16
9fd26578-f335-4966-b3da-323650faf028,AI-6630-2342,Aircraft,98932.08,Diesel,Good,3
9bf3bf52-e6b1-43e9-b9cc-99ac84243905,TR-6215-2343,Truck,23351.79,CNG,Good,1
8615d484-6967-454c-aa0f-c47eeb95c92c,TR-1375-2344,Truck,3265.25,Marine Fuel,Good,7
4ea7389a-3f60-4958-9092-987b4c121231,RA-1697-2345,Rail,225215.46,CNG,Good,10
e45de382-726a-4cba-b902-80a50fa66bf6,TR-4620-2346,Truck,23051.11,Marine Fuel,Good,16
15f8ab9f-2a24-42dc-b10a-12feac6abb3a,TR-9399-2347,Truck,21904.36,Diesel,Good,6
3a69f1bc-2a88-4a2d-be74-af12071916f7,AI-7629-2348,Aircraft,58940.39,Jet Fuel,Good,9
f71b4930-eab2-4405-b43f-3b3d467f9038,TR-8208-2349,Truck,21348.3,Electric,Good,16
4ac2477a-bd7d-444f-9e6e-d2b3b179c6c2,TR-2977-2350,Truck,12405.93,Diesel,Good,5
4b52ae7d-6abf-461c-a9aa-000af528c048,TR-2462-2351,Truck,4305.25,Diesel,Due Soon,12
97820985-8910-4f26-82ee-c10529d433c4,SH-5710-2352,Ship,16436561.59,Diesel,Due Soon,9
9eb5773a-8c45-4972-88d2-c38a565bce25,RA-4058-2353,Rail,549421.92,Marine Fuel,Good,16
f4b7d985-dff3-4c67-a086-aecf73631d76,AI-3315-2354,Aircraft,127993.77,Diesel,Good,13
f6280634-59d2-4251-9ff7-198707160367,SH-4000-2355,Ship,3930545.7,Diesel,Due Soon,8
fb8e2163-6430-4a64-978f-d769aa7d64f6,SH-2191-2356,Ship,9091320.58,Diesel,Good,7
5d6aa3e6-5c44-4ba5-a0cc-e2ce7a3353b2,RA-9580-2357,Rail,138445.07,Marine Fuel,Good,15
8f8d016e-9157-4d96-8baa-018f03bea5e9,TR-8819-2358,Truck,23638.43,Diesel,Due Soon,12
f07595ab-faad-42b2-8ea5-446fa01ea126,TR-9318-2359,Truck,25819.06,Jet Fuel,Due Soon,10
c7204b72-fcd2-44c9-a12c-88c999213317,AI-4653-2360,Aircraft,147053.16,CNG,Good,15
4bcf7a78-15b5-4662-ae3f-d4507abfb8c8,TR-2260-2361,Truck,23469.05,CNG,Good,1
db4cce66-fc0f-4aa3-b284-b0ac09c24f00,TR-7651-2362,Truck,24767.52,Marine Fuel,Good,11
7393f1f8-836c-4b95-8cb1-c9c8a8b15302,TR-1709-2363,Truck,22271.36,Diesel,Good,12
a2f65c1c-511e-48e1-ad3b-9b703a0b44a0,SH-7980-2364,Ship,18057055.73,Marine Fuel,Due Soon,7
e350dc4d-67a5-4928-ba88-ff1485199e89,SH-1158-2365,Ship,14145307.68,CNG,Good,4
971bc495-5a3b-4aee-9950-b79b15751b09,TR-3796-2366,Truck,3478.54,Marine Fuel,Under Maintenance,18
8f3a345e-819b-4440-b8b1-a9133cba994e,TR-2044-2367,Truck,16444.35,Diesel,Good,2
2223e999-77d4-4120-a671-c49ecfe215ca,TR-9824-2368,Truck,16066.85,Electric,Good,16
16cf507d-808e-4c3e-885d-1772afb946ad,TR-5208-2369,Truck,26383.0,Diesel,Good,4
bb16df97-bfd9-4faf-b801-5be02b4a9046,SH-3962-2370,Ship,10260663.28,Diesel,Good,10
8f8a9990-02ff-40a1-adfc-899dc809453c,TR-3031-2371,Truck,5221.08,Jet Fuel,Good,9
bf2ae0f1-15a1-4b46-be31-cecbdbbacbdc,RA-8286-2372,Rail,290492.46,Marine Fuel,Good,13
2ded56cd-8be3-40c5-92ea-1b86a1afaca9,TR-8332-2373,Truck,19423.18,Marine Fuel,Good,18
3ed67ece-5d5d-4d67-b0ea-d3db4488ccc1,SH-3053-2374,Ship,15983667.63,Marine Fuel,Good,12
4f7d732c-f9ae-4a6a-9aae-e495367616d6,TR-9490-2375,Truck,5675.79,Diesel,Due Soon,7
89a3930d-affa-4748-9148-de340fca9454,TR-9817-2376,Truck,24455.93,Diesel,Good,6
3e0e17e1-48f4-4fee-947f-b5c37ae27bce,TR-3974-2377,Truck,21362.62,CNG,Good,1
8f39066a-ff20-4b6e-ac55-d0a45180b96c,TR-3694-2378,Truck,17276.5,CNG,Under Maintenance,12
0999d1e3-908d-41af-8319-31c7e8be188c,AI-6883-2379,Aircraft,37240.5,Diesel,Under Maintenance,10
23735565-424b-4cfc-8909-42a960d9f805,SH-4528-2380,Ship,4888301.25,Marine Fuel,Good,14
0ade75fe-7e72-4b6f-a1e3-93a7ee5a6791,AI-3444-2381,Aircraft,102585.46,Marine Fuel,Good,10
15735e68-9bd9-4bed-8bbf-ad8e5a540444,TR-1971-2382,Truck,14039.12,Marine Fuel,Good,15
a9587e7e-fc42-4241-a2f7-9ebd0539faa5,TR-2463-2383,Truck,6782.36,Marine Fuel,Good,14
53e6bf44-db37-48ff-a2d6-c13986c2a6e6,SH-1384-2384,Ship,2429508.41,CNG,Good,5
9874c38f-fb7a-45e5-947c-b14a2e0fec7a,AI-3598-2385,Aircraft,39395.3,Electric,Good,14
6a9caab4-9af2-4ed6-9bd1-8b0f5d374dda,TR-5937-2386,Truck,27908.57,Diesel,Good,1
dba7899d-3b2c-43c3-97d0-720dc7b616cd,AI-4587-2387,Aircraft,93217.94,CNG,Good,16
f4ba4847-5fb2-4e38-a5c3-bc7160de9112,TR-2136-2388,Truck,25881.06,Diesel,Good,6
1fcdc4df-ea07-4936-9305-e3a459f73c5d,TR-1251-2389,Truck,12813.1,Marine Fuel,Good,11
d62a099e-c768-4239-a4c4-0e40b5d88bb3,AI-9053-2390,Aircraft,57312.57,Marine Fuel,Good,15
3387e4c6-349a-4a74-8d22-59af6e3ca6ad,TR-1837-2391,Truck,12740.56,Marine Fuel,Due Soon,11
511c3c8d-187f-4761-8e78-a86df95e4391,TR-1451-2392,Truck,17029.19,Diesel,Good,12
f2b68a56-cd4c-4902-a637-935c19190eab,TR-9367-2393,Truck,4914.83,Diesel,Good,13
c21903e0-3cde-4d88-9809-1de394314f9f,TR-3326-2394,Truck,3765.75,Diesel,Good,5
ef5a6d85-49af-4da7-9cc3-94dd67b96d8a,AI-5876-2395,Aircraft,145655.76,Diesel,Good,18
652881e8-741c-4a52-b290-c1cdd444870d,SH-3754-2396,Ship,2465193.57,Diesel,Due Soon,18
1138d82f-245d-41d2-9013-4e5e5d25726a,TR-3855-2397,Truck,18981.08,Diesel,Due Soon,4
713782b9-70e5-4fd5-aea6-54ac8d424db6,RA-4116-2398,Rail,91272.39,Electric,Due Soon,14
001f936e-9289-4f9b-bfc4-c827287a5e51,SH-6581-2399,Ship,10096719.07,Diesel,Good,16
238ddb3d-50b4-4d0d-9f62-cfd6e52392ab,TR-1033-2400,Truck,16458.76,Diesel,Good,13
722676bd-effa-4b91-9b4f-97e26977dc12,TR-8947-2401,Truck,23037.48,Marine Fuel,Good,10
be0263f3-b300-4dfd-8337-50044985a6b7,TR-8964-2402,Truck,24937.65,CNG,Good,17
42e3d8bb-9167-4bd9-b53b-2e10af76a480,AI-8710-2403,Aircraft,133044.76,Jet Fuel,Good,13
48a51ec6-410f-478a-8319-490a8cb09dfd,SH-8426-2404,Ship,22934471.02,Diesel,Good,9
214e6d35-8dce-44a4-acfa-08190fffa60d,TR-7419-2405,Truck,15267.87,Marine Fuel,Due Soon,17
37007a4d-fc8e-4cf5-9031-c63c021b073d,TR-1212-2406,Truck,8949.86,Marine Fuel,Good,16
5a012ba8-3b84-4997-9855-ab96e198f83c,SH-9773-2407,Ship,22234481.66,CNG,Good,10
e41dc412-dd3d-4ebc-be9b-657e5fe2bff4,SH-6154-2408,Ship,4665962.18,Diesel,Due Soon,3
fb31312f-1a22-4427-ae27-5934fcee2794,TR-2802-2409,Truck,16742.45,Diesel,Good,7
16e08d9c-ea85-4f03-af43-05ae67e89345,TR-6255-2410,Truck,10319.92,Diesel,Good,4
10721f53-13f6-417f-9c8e-8e418c6ad3f0,TR-1747-2411,Truck,23272.2,Diesel,Good,9
c9775ce3-0d83-4870-914d-861e8c41d79a,TR-2328-2412,Truck,26450.97,Diesel,Under Maintenance,3
7cd9c3bc-7044-44d7-9dc9-6208465e8202,TR-6473-2413,Truck,23214.1,Diesel,Good,12
dade9b0d-0668-4a21-aeab-64e8c37fcf8e,SH-8573-2414,Ship,6950640.82,Diesel,Due Soon,10
c1f85828-d153-4f85-8025-48aa6dce0eb3,SH-7425-2415,Ship,21749317.35,Diesel,Good,13
e299b819-1101-48df-8cd6-769ef78fa63e,SH-5636-2416,Ship,11860137.38,Marine Fuel,Good,13
34d3dd68-5874-4328-8c58-026b4e4238b6,TR-7537-2417,Truck,21517.74,Marine Fuel,Due Soon,10
5ff53815-2aeb-4f21-9db7-54bd5342b656,TR-5554-2418,Truck,23921.74,Diesel,Good,13
2ebc7852-07ba-4af1-bffd-e9eb457277c6,RA-4659-2419,Rail,606579.99,Jet Fuel,Good,9
59344f64-a874-441c-bab1-cb741b903834,RA-5598-2420,Rail,196681.51,Diesel,Good,8
5b1218d1-289c-4d0f-bb07-0fc2de69fc4f,AI-2719-2421,Aircraft,45048.72,Diesel,Good,11
3f441dd6-8f86-45d1-ac26-1209697472ce,TR-2240-2422,Truck,8859.69,Diesel,Good,1
287b000b-76f7-4ec5-83ac-6c0c7ffc45bf,SH-8471-2423,Ship,7039624.64,Marine Fuel,Good,7
f7fb33b9-1272-4b13-a8b0-df518873f2cb,TR-3063-2424,Truck,13493.36,Diesel,Good,11
8cabdda2-9ccd-4ee2-87ab-c94a5ff6f7d9,SH-1450-2425,Ship,24312288.23,Diesel,Due Soon,11
454f59b5-b75c-4caa-bfcb-d083f72550ba,TR-4147-2426,Truck,23264.05,Marine Fuel,Good,8
16ff4f8a-2354-449b-8b3a-cb003d0fe368,AI-9588-2427,Aircraft,134936.25,CNG,Good,12
8257ab04-ad92-4a02-bf48-26c5b58d2fca,TR-8363-2428,Truck,27413.39,Jet Fuel,Good,1
71d293de-bcfe-4422-bc81-bc7d342f15f6,SH-1142-2429,Ship,7983897.88,Diesel,Due Soon,14
1fa7811b-63ea-4d0f-8dd7-6a649477b5f8,AI-9294-2430,Aircraft,38776.17,Jet Fuel,Good,18
688389af-d72b-4702-a6f5-4dd0ed2e9e10,TR-9730-2431,Truck,9001.99,Marine Fuel,Good,5
288e51f1-85ae-432c-b6c3-ba9b8c5efb1f,SH-3231-2432,Ship,1888258.9,Diesel,Good,16
80c57a8b-8e75-46d9-ae2c-4312d11ffaa7,AI-3642-2433,Aircraft,115815.78,Diesel,Under Maintenance,10
5c55a18a-e04d-445e-90db-2f19d3fe903e,RA-4605-2434,Rail,394139.83,Diesel,Good,4
baa94285-dc1e-4dfb-8408-27b0d35da4a1,TR-8255-2435,Truck,18159.03,Marine Fuel,Good,7
d8df39b0-9f77-4656-82a8-9ce8f3a9eb59,SH-6783-2436,Ship,3723865.99,Diesel,Good,5
12b5b978-f41c-4487-885d-77903acdbf3b,TR-6144-2437,Truck,27970.12,Diesel,Due Soon,1
fabaa01f-d186-4b36-a5fe-dfb8927806c5,AI-6178-2438,Aircraft,20248.19,Jet Fuel,Due Soon,10
a739cdb6-acdd-4b94-88c9-1d451b37d0b1,AI-9237-2439,Aircraft,51530.79,Diesel,Due Soon,9
68ff3ff4-0ada-4c3c-9d3b-5d5df227e6cc,TR-7627-2440,Truck,9470.37,CNG,Good,18
3f34c93b-ef6e-437c-86b6-dbf5e3496676,TR-2640-2441,Truck,11982.42,Diesel,Due Soon,4
1d19e008-ba09-4ee8-b98a-ec3cd2928ce0,TR-8303-2442,Truck,11640.82,Diesel,Good,2
3b505d33-0d79-46b9-80bf-ac439cb5fbb3,RA-9464-2443,Rail,80309.42,Diesel,Good,15
f1028a96-ce21-4975-93f5-0b1ab3603c26,SH-3260-2444,Ship,15421135.73,Electric,Good,15
c8d0d767-f28a-4ec2-8b66-51af3241c85e,TR-6561-2445,Truck,6572.49,Marine Fuel,Due Soon,14
def9b6cb-ac87-4815-bff7-cc38b67c5417,RA-1996-2446,Rail,395639.83,Diesel,Good,7
df0bf99b-0eee-4119-a55a-7b46b636f2ee,TR-4499-2447,Truck,27829.43,CNG,Good,9
e9e570cb-bc97-482b-bc4e-ece5d4001da4,TR-9551-2448,Truck,26093.61,Diesel,Good,3
b24c2307-72d8-424e-b569-05a92020c5ef,TR-5582-2449,Truck,4546.95,Marine Fuel,Good,13
dec162b8-a2c5-45f8-a5dc-d1c93d591775,TR-6876-2450,Truck,9537.2,CNG,Due Soon,5
750d8db7-b375-436d-bdba-d6fdb2c468b9,AI-5814-2451,Aircraft,115727.73,CNG,Good,6
b63c8169-5fd1-4e80-bb01-83d1fa9abc87,RA-4288-2452,Rail,158668.19,Marine Fuel,Under Maintenance,17
96698f91-ca59-40c3-85de-0b295532ad34,TR-9876-2453,Truck,26550.05,Diesel,Good,9
33910266-0808-4fad-9f0b-5a4a6e911eef,AI-7078-2454,Aircraft,85160.14,Diesel,Under Maintenance,5
16232da3-c349-4e1f-8884-6def1ccd5dfd,AI-9720-2455,Aircraft,41501.61,Jet Fuel,Due Soon,7
3adebe29-fa1e-4db6-a4cc-280405ebe937,TR-3891-2456,Truck,12254.29,CNG,Good,7
a9082d66-7785-4112-bb0e-9a38b9681b06,RA-8134-2457,Rail,385221.93,Electric,Good,17
09554dba-0f01-411e-b3c4-70d1a61092f2,TR-1995-2458,Truck,4883.16,Diesel,Good,1
19b6d330-f57a-4997-b2de-92195d97f74e,RA-7631-2459,Rail,452135.23,Jet Fuel,Good,14
3ad08388-2f82-49a9-b2c3-791d0f851a6c,SH-4970-2460,Ship,6318683.69,Jet Fuel,Due Soon,14
4e2bd798-861d-4e39-ab2a-75599aac5b13,SH-4784-2461,Ship,4109703.87,CNG,Good,9
7a1aaa66-a3e0-4d81-8f0b-d0b2baf14cb2,TR-8222-2462,Truck,27603.46,Diesel,Good,1
879eb907-9b09-4b2b-ab66-1c92f3ecd4b2,TR-5643-2463,Truck,6658.43,Diesel,Good,17
4765c915-3108-4f45-8b3c-0bd4fcbababc,SH-4609-2464,Ship,2481767.73,Jet Fuel,Good,18
714355f8-38f1-4e59-8de7-5826dcab0ce7,AI-1321-2465,Aircraft,139046.31,Marine Fuel,Good,5
64d99e87-71b9-4238-ae4d-1c4adb6f0e83,SH-6650-2466,Ship,6250601.98,Marine Fuel,Good,18
16be412e-edeb-4db2-b13e-1a62d0699125,TR-6910-2467,Truck,22161.12,Diesel,Good,16
be25b22a-6a7c-48a6-892d-7150869bbc1b,AI-3616-2468,Aircraft,35492.93,Jet Fuel,Due Soon,8
80752fdb-bd9a-4757-b6bb-a5e4b75680ac,SH-4518-2469,Ship,13891720.23,Diesel,Due Soon,7
fee3041f-59c5-499d-9fcb-375272dac696,TR-2391-2470,Truck,4576.29,Electric,Good,11
1a2a448e-8fbc-4c9a-8173-dd456928838f,TR-8763-2471,Truck,25159.17,Diesel,Good,17
b9e01a97-4186-4e8a-a845-0f8bc7d956a0,TR-9737-2472,Truck,13546.7,Diesel,Under Maintenance,7
d99fb384-ce98-4655-9ddb-ae9bb4716f6c,SH-2863-2473,Ship,11466044.14,Marine Fuel,Good,7
7549c42e-30ae-4349-81b4-ea5c230184f3,SH-2476-2474,Ship,6814531.46,CNG,Good,11
a06f96cf-b788-41fc-8fb6-5fb11c0cf708,SH-3379-2475,Ship,14519294.97,Marine Fuel,Under Maintenance,5
7dbcd275-021a-4c19-901c-5b58cb756f9f,TR-8150-2476,Truck,21881.79,Electric,Under Maintenance,16
c194d5ca-a64b-4957-8957-92d93f804c57,SH-6602-2477,Ship,15473983.03,Diesel,Due Soon,14
c13edf05-1855-4fe5-8ec0-8094526a469c,TR-3377-2478,Truck,15364.13,Diesel,Good,11
4ec9b831-1a71-47ec-97fe-d43635433da3,TR-2804-2479,Truck,27628.8,Diesel,Good,7
0c121b08-7f38-4fbf-b284-b97a98d46a30,TR-3228-2480,Truck,26570.79,Marine Fuel,Due Soon,17
b84327d3-a61e-4ebb-99de-e1ea4fbe7874,AI-3941-2481,Aircraft,69005.64,Diesel,Good,10
7e36e7b1-a755-4431-8f7e-a45736e5a38a,SH-4147-2482,Ship,8369276.94,Diesel,Good,10
cb2b1c7c-1c4a-4e75-9355-bbd09c5eef12,TR-9747-2483,Truck,22047.58,Diesel,Good,17
949a5160-589a-496d-bb0e-59bc792c20c3,AI-9472-2484,Aircraft,133369.1,Marine Fuel,Under Maintenance,8
a1bb344e-0cfc-4b44-9d16-c5e5a062d4c5,SH-2042-2485,Ship,11877321.03,Diesel,Good,6
f773b274-a87f-43e0-8c6a-f9cc26fd293c,SH-9307-2486,Ship,7160481.44,Diesel,Good,15
df8475a6-c9ea-4a50-9095-fd1034dd2fdd,TR-4291-2487,Truck,6404.69,Diesel,Good,1
be0d1325-7cb5-4107-b0a1-4f729d0183b5,AI-8426-2488,Aircraft,57904.13,Marine Fuel,Good,8
a66ff891-8dc7-42bb-9d3d-9552175fde19,SH-2485-2489,Ship,1258253.33,Diesel,Good,2
ae5ee7c2-804d-4b14-8514-8c577203408a,SH-6319-2490,Ship,24648784.14,Diesel,Good,10
5f2fccd7-de67-4ea9-a4c4-d243cf97f4cd,TR-5463-2491,Truck,16267.51,Diesel,Good,8
c7e63980-c25b-4f09-8d15-1048189bcd34,RA-6771-2492,Rail,413350.33,Diesel,Good,9
22a39188-eb2d-4849-b32e-b7e3b696195e,TR-2684-2493,Truck,19384.74,Diesel,Good,8
715e1471-40e6-4636-b6fd-414755bf2858,AI-7883-2494,Aircraft,85921.7,Diesel,Good,3
67fde110-8d0b-451d-a813-1357732f3cb2,SH-3150-2495,Ship,10214966.26,Diesel,Good,16
c034799a-f768-41b4-aef5-142103468c22,SH-6222-2496,Ship,22007704.81,Electric,Under Maintenance,6
4ed0fae1-02a3-41bc-8469-7def236c0b53,TR-1427-2497,Truck,18119.06,Marine Fuel,Good,3
16292988-a5bd-4ba3-839b-51101ef345ed,TR-4257-2498,Truck,6974.28,Marine Fuel,Good,1
455b2f69-f7cd-4da4-999e-506b3a52dfca,TR-4347-2499,Truck,9577.79,Electric,Good,8
44d945cf-0243-4bc2-853e-3ffbd377368b,TR-2945-2500,Truck,9769.25,Diesel,Good,6
0a1b2c16-5ec7-4bcf-8c3c-d8bda557608a,TR-7868-2501,Truck,14029.57,Diesel,Good,5
8e583377-e423-4276-8ccc-47220d34b7c1,TR-5145-2502,Truck,8536.53,Marine Fuel,Due Soon,6
3b7b6407-3758-42c4-a441-4693c1270026,TR-6212-2503,Truck,24583.43,Electric,Good,13
11745a32-2932-488b-89f5-52359ada0636,SH-4423-2504,Ship,23986281.38,Diesel,Good,17
2889f7ec-fa7d-47b9-bf01-0babd3c12a78,AI-4619-2505,Aircraft,105044.33,Diesel,Good,3
b30013ea-c252-4a8d-927c-6188b072cd76,SH-8040-2506,Ship,20086823.27,Marine Fuel,Good,7
6c4dba84-3470-48cb-b321-dc77f25d90f2,SH-2589-2507,Ship,3227682.87,Diesel,Good,6
1a3223d7-2ebc-44ad-94fb-10800edd28d2,SH-1731-2508,Ship,8957249.27,Marine Fuel,Good,13
9144f7c0-5ef5-4c10-8f11-3653b718543c,RA-8212-2509,Rail,354536.46,CNG,Due Soon,7
12249c98-b597-46b0-841c-ab90456a7cb5,TR-1034-2510,Truck,9078.68,Diesel,Good,11
260e035a-b30f-4f99-9f02-6abe2cb8bee3,TR-6095-2511,Truck,15861.88,CNG,Good,1
7570f771-c2ab-4dd5-915b-15685409b02c,TR-9021-2512,Truck,11646.94,Diesel,Good,8
835f2168-cc76-4338-b7a1-82613042e415,TR-7259-2513,Truck,12702.49,Diesel,Due Soon,5
664d44c1-7211-4e89-969d-ec1221e7832d,RA-4710-2514,Rail,192955.18,Diesel,Due Soon,10
be27bd9b-1a86-4790-ad68-7935a8d2203b,TR-1072-2515,Truck,25866.12,Diesel,Good,8
4709c580-8eb1-4339-944b-1d0d6d402e69,TR-1077-2516,Truck,10886.74,Diesel,Good,7
563637c7-9918-4518-aa07-35cb362f1139,AI-2648-2517,Aircraft,61792.93,Jet Fuel,Good,3
e4d0fb5a-a972-4eb6-ba8a-75f88db63e51,TR-4056-2518,Truck,16219.56,Diesel,Good,10
82491453-f41c-4986-a267-c7eb67ac8049,TR-9865-2519,Truck,14737.32,Electric,Good,2
d9df2f5c-65b7-4ca4-bd70-477caa14f057,AI-9832-2520,Aircraft,128892.94,Diesel,Due Soon,18
3423c2fd-c7fd-4475-b958-ee69fa63bbef,TR-4746-2521,Truck,4373.86,Diesel,Due Soon,6
65abf9d3-5b1d-4068-b814-3a87f34bc384,TR-4590-2522,Truck,20187.54,Diesel,Good,4
3f21513a-6297-4587-9b9f-5c6cd0c4350a,RA-9195-2523,Rail,327130.69,Electric,Good,18
90bbc173-4767-4c5d-a796-ed07bc4db050,TR-4200-2524,Truck,27102.62,Marine Fuel,Good,9
8033d755-c4cb-45b1-83fc-3d078b80eb77,SH-1731-2525,Ship,22901149.33,Diesel,Good,14
eaecbc94-eb77-42b1-845a-3062143ffd7d,TR-2440-2526,Truck,21119.11,Marine Fuel,Good,12
a9ffea85-c298-4d47-84c6-89cf2aa4b904,TR-6648-2527,Truck,14107.52,Diesel,Good,14
70efc589-3ef4-4c2a-8ed5-e04a8f3e5bd2,SH-9307-2528,Ship,8428977.62,Diesel,Good,2
7232b7ca-99c6-4a81-af52-e9b29d838a5f,TR-1904-2529,Truck,15716.15,Electric,Due Soon,4
22567ff7-386e-4efd-be2a-6a2ed09d5d03,TR-3859-2530,Truck,3472.7,Diesel,Good,12
83a97cc8-dc95-4ac2-a463-61b6c0a04205,TR-5744-2531,Truck,15113.46,Electric,Under Maintenance,12
b6d9a90b-32da-48da-9109-66fbc3c2ff49,TR-2643-2532,Truck,20815.07,Marine Fuel,Good,8
bd63cf60-350c-4645-973e-6501c6cf455c,TR-5631-2533,Truck,14170.19,Diesel,Good,14
5e845280-e564-4948-a1d3-608ec3406e81,SH-1470-2534,Ship,3206849.36,Diesel,Due Soon,4
33e315bd-972c-4f62-adf9-f1d6a3809b23,SH-2871-2535,Ship,18921980.42,Diesel,Due Soon,15
2f52dcf5-dde6-49bd-a0fc-2a3bef1a9530,TR-5346-2536,Truck,12679.33,Marine Fuel,Due Soon,18
0a0d5294-72db-4081-83af-3fa51a71035a,TR-1557-2537,Truck,3652.6,Diesel,Good,5
03528d23-c129-4d3f-aa85-aa34afef3004,TR-8322-2538,Truck,16462.23,Diesel,Due Soon,1
1320c6db-9d53-4f14-8ff2-cf8af2743027,TR-3743-2539,Truck,16074.64,Marine Fuel,Good,7
d307a8e1-a652-4836-aa35-2bac52dfa5ff,SH-2934-2540,Ship,4861848.57,Diesel,Good,18
07a69107-d493-42ac-b974-7c820672ac17,RA-7953-2541,Rail,169615.69,Jet Fuel,Good,9
67bec3ce-e572-4630-9247-a3438d841410,SH-1767-2542,Ship,16270584.34,Diesel,Good,6
6ca458d8-ee61-4ec9-bf4e-a5b343090640,SH-9247-2543,Ship,20564812.83,Marine Fuel,Due Soon,17
9d0ed7de-5128-414c-a256-8e0fd7338d55,TR-9467-2544,Truck,11206.03,CNG,Good,2
e72407c5-ac78-4deb-a4ca-049e3489330b,AI-3385-2545,Aircraft,36089.6,Diesel,Good,17
81a65feb-31dc-4e71-88fd-30ff30dae4f1,RA-8051-2546,Rail,286195.99,Jet Fuel,Good,17
242a4548-9162-400d-9ccc-3c47986d69b2,TR-7508-2547,Truck,20856.89,CNG,Good,18
3d9bcc83-d015-47ed-a3bb-2a63a68bbce0,SH-7716-2548,Ship,3650407.9,Diesel,Under Maintenance,13
40e783fb-0e8b-4a6b-bb69-8ca48ff52894,TR-1439-2549,Truck,15808.54,Diesel,Under Maintenance,10
65f9b701-f092-4b8d-9a1f-f9bf0e30ee8b,SH-4940-2550,Ship,22799065.4,CNG,Due Soon,17
4f22624a-9fe9-4c86-86ce-b8422926af5f,AI-9484-2551,Aircraft,53067.74,Diesel,Good,9
bafe52b4-4c8d-46be-b849-b6d1aa250ae6,SH-9936-2552,Ship,1696433.59,Diesel,Good,8
353a61b3-0dea-4736-ad2f-15fda747ea02,TR-5589-2553,Truck,25176.07,Diesel,Good,4
faa7fad7-5545-4358-a3b9-8614777e1210,SH-6948-2554,Ship,5775553.24,Marine Fuel,Good,14
98efcf20-96ab-4759-8f5a-9bdef5e21ded,AI-1858-2555,Aircraft,18866.01,Diesel,Good,4
71cd53c4-8375-4e75-b58e-568c934f1402,TR-7627-2556,Truck,9934.35,Electric,Good,14
f7438bcf-748b-4856-a6c4-aa42c26911fe,AI-1656-2557,Aircraft,36627.49,Diesel,Due Soon,15
eb93b4fa-ca19-4a6d-bbd6-ac4e2a37a620,TR-1671-2558,Truck,27160.88,Marine Fuel,Good,13
4cee987a-eb08-4980-99de-7fc2dd66ca2d,SH-7097-2559,Ship,14855433.86,Marine Fuel,Under Maintenance,10
9e8f0594-c4bf-4ede-a072-887a8954401f,TR-5294-2560,Truck,14984.49,Diesel,Good,12
fc67e2d5-430a-4c57-bf12-c3789fb44d6d,TR-3141-2561,Truck,21641.38,Diesel,Good,18
1e1b9a85-aa17-424d-96b5-c1523a59ef75,TR-4747-2562,Truck,22489.46,Jet Fuel,Good,13
ca211f14-4f39-4e06-b282-ed0e255f0c9a,TR-7276-2563,Truck,26512.8,Electric,Good,1
0667736b-0ab3-4298-8b9f-78f6e2cf2ed2,TR-9355-2564,Truck,12888.38,CNG,Under Maintenance,14
4b452cb7-2ee9-4673-bec9-98a1c7a11621,TR-4053-2565,Truck,25322.03,Diesel,Good,3
a3695960-b794-4bc7-924e-6f1e05ee59c8,SH-8823-2566,Ship,10954049.88,Diesel,Good,15
74b68f63-b053-421b-8f9c-71b8b92cdb45,RA-2500-2567,Rail,340370.89,Diesel,Due Soon,5
912393d3-219a-41e5-86d0-693c1c297ca2,TR-5930-2568,Truck,16043.02,Diesel,Due Soon,18
564c5cb1-4363-4167-8007-ac2663d53dcc,RA-1433-2569,Rail,530467.43,Diesel,Due Soon,14
b1474091-04af-4aad-9ae7-69d870156884,RA-2024-2570,Rail,486275.83,Jet Fuel,Good,7
5819d22e-b07d-4181-a921-8a056f91e2e3,SH-9779-2571,Ship,18341079.49,Diesel,Under Maintenance,9
003b91b7-e440-4f83-b81d-4379370f6a0e,AI-8722-2572,Aircraft,118190.04,Diesel,Due Soon,8
213c7cac-6348-4d96-87c3-e0d34d291521,SH-3263-2573,Ship,19699097.43,CNG,Good,18
4c87b9d5-74af-4937-90b9-aa61f520267b,TR-3201-2574,Truck,21931.84,Diesel,Good,15
cf49635b-ea67-488a-b618-97085f0ec5a3,SH-3446-2575,Ship,10032595.27,Diesel,Under Maintenance,2
8b5990ef-3a44-4b8f-b934-83dcb3009735,TR-6279-2576,Truck,5906.19,Diesel,Due Soon,12
0c059d2a-14c7-4eb3-a38a-8398d37f47c4,TR-4718-2577,Truck,17252.86,Diesel,Due Soon,15
78de0603-753d-47a2-bf88-8da4057f06b7,SH-8130-2578,Ship,4400575.11,CNG,Good,9
0ac0c4e3-cf06-40fe-8c47-acbb98e6e070,TR-9341-2579,Truck,25588.55,Diesel,Good,7
27ddfc51-4976-4486-b6fd-0d7e54a72299,SH-8380-2580,Ship,16938197.14,Diesel,Under Maintenance,4
eb88e474-a580-46d3-8880-e352be8af1f6,TR-2006-2581,Truck,4770.48,Marine Fuel,Good,12
526d11e1-85b1-44a4-aa46-af7ab31d6c12,TR-6063-2582,Truck,4286.03,Marine Fuel,Good,13
bda95e69-bd16-4dca-853d-5fbb190a7eab,TR-2284-2583,Truck,5995.62,CNG,Good,18
3361b6dc-5f6b-46b4-8f33-f8666e814362,TR-4984-2584,Truck,25975.35,Diesel,Good,10
9619e9fd-ddf4-48cb-8b00-dfc06fdaa257,AI-9439-2585,Aircraft,134997.3,CNG,Due Soon,15
6b73758b-78fb-4106-9588-066df283ac9b,TR-1859-2586,Truck,14459.05,Diesel,Good,11
512618b6-3b1e-4f49-bcb9-fada13c3791a,TR-2261-2587,Truck,16032.08,Electric,Good,4
0ea2a71a-142e-45de-9b20-bed0beeddd25,TR-3175-2588,Truck,9357.95,Diesel,Good,1
3542e1ac-75c4-4e39-a52b-fc37c8d9c25b,TR-7377-2589,Truck,23599.56,Diesel,Due Soon,14
b6ac5d69-eb7a-4ae7-8633-ea3ef725dfd9,AI-3592-2590,Aircraft,63953.96,Marine Fuel,Good,7
544beb20-8bc6-4fe6-a2ff-ca2801b8b3d5,TR-9659-2591,Truck,7023.65,Diesel,Good,7
2e3a8b00-7839-45ac-a419-eeb0b5a9fd24,AI-2725-2592,Aircraft,13293.54,Diesel,Under Maintenance,13
e7a2066c-6aba-4d53-aee5-9367aef38e58,TR-4605-2593,Truck,24047.12,Marine Fuel,Good,14
5858c7c2-2fd0-4fd5-b0ab-6bbe5ba838c4,TR-6775-2594,Truck,25995.63,Jet Fuel,Good,12
abdc53e0-f0f9-4278-8ac8-8828c68c1942,SH-8402-2595,Ship,19421828.77,Diesel,Due Soon,6
19d1c0d2-4567-412d-96fa-2acad346acd9,TR-2601-2596,Truck,11769.93,Diesel,Under Maintenance,7
c8d99298-2861-4fea-9f57-b12a17a837be,TR-8235-2597,Truck,23801.81,CNG,Good,16
4e002719-0ccc-44b7-be92-f5061996e106,SH-2309-2598,Ship,3183765.53,Marine Fuel,Good,9
da5a7440-bceb-4882-b1bf-7987ea986d11,SH-5140-2599,Ship,1121058.78,Diesel,Good,8
62d09021-e184-493d-b0f9-b00249a4779b,SH-2452-2600,Ship,969873.92,Jet Fuel,Good,14
88189787-174d-4347-82f4-60799c5fec2f,TR-3340-2601,Truck,17938.3,Diesel,Good,10
bad2b438-94c8-4686-88f0-896b90f1c236,TR-2830-2602,Truck,14600.42,CNG,Good,7
dfdd0449-5249-4e96-ab82-80ba92dc6140,TR-1552-2603,Truck,14389.13,Marine Fuel,Good,1
5ec73dd8-377e-410f-a773-12d70c84fa9a,RA-5643-2604,Rail,165854.2,Jet Fuel,Due Soon,10
83a490f0-67b0-4afb-9cff-2cb3d43e840b,RA-6927-2605,Rail,292608.94,Diesel,Good,8
14101c52-c302-43c1-9f8e-eb4129ac3166,TR-9088-2606,Truck,25889.48,Diesel,Under Maintenance,8
bc9d9e23-e255-4b9c-b061-8c8197d2893e,RA-9086-2607,Rail,601426.03,CNG,Due Soon,9
2dfb84e6-70a6-4753-87e7-c384a599a840,TR-1659-2608,Truck,6773.93,Diesel,Due Soon,8
6b29f628-3948-4eb7-930f-b046166988af,AI-7687-2609,Aircraft,126881.91,Marine Fuel,Good,1
6ecba1b2-67bb-4e6d-ae4d-d7f940bf0575,TR-8740-2610,Truck,12794.48,Jet Fuel,Good,11
8b3a4e0c-c8ce-4078-b077-650fb5302f06,TR-3814-2611,Truck,18329.09,Diesel,Good,16
79c3e019-8762-4ece-a1ef-b0546ca2f016,TR-5186-2612,Truck,23789.45,Diesel,Good,1
db3dc4da-f4bd-42a6-b94c-914ad1c84015,TR-5886-2613,Truck,22648.15,CNG,Good,16
d5e8734c-8dfd-46e7-ae1b-873afda2106d,TR-6922-2614,Truck,26432.22,Electric,Good,6
6c7d581b-0f7a-406c-8c95-3151202dd76a,SH-4326-2615,Ship,9869351.77,Electric,Good,13
d12f7c57-f216-45d9-bddb-c873c6847cca,TR-9384-2616,Truck,11582.76,Marine Fuel,Under Maintenance,1
17f48212-60d9-427f-9f78-c3a29ddcae8b,SH-1341-2617,Ship,13045659.86,Diesel,Good,14
37c1debd-dbc8-4aa7-a87b-0befc54fc03a,TR-4052-2618,Truck,18343.34,CNG,Good,18
f1f4a5a3-aae5-44d7-9579-ceb53f7f4c64,AI-4062-2619,Aircraft,117653.96,Diesel,Under Maintenance,10
68c67561-50e7-4cc1-8055-c945e239cb09,TR-6633-2620,Truck,22170.1,Diesel,Good,15
710c3224-0fc0-44af-bb99-b0a42cc69986,AI-3755-2621,Aircraft,12474.8,Diesel,Good,17
04d79809-f18c-4808-86f8-b43f7c5c72ba,TR-2156-2622,Truck,3209.99,Electric,Good,1
6e87024c-56cc-4e10-80e0-a58c04b046ad,TR-5842-2623,Truck,12795.08,Jet Fuel,Good,5
341fe1ae-21a2-4e86-9f46-c25d2a984e76,SH-4863-2624,Ship,16092200.95,Diesel,Good,14
d374e37f-df78-4544-9f40-7fbd7c0ce904,AI-1272-2625,Aircraft,128784.81,Marine Fuel,Good,9
988ebe16-e7f3-4272-8b11-e4220ae62f76,TR-3431-2626,Truck,12167.32,Diesel,Due Soon,11
42c64489-79d3-441c-b6a0-c94480e99477,SH-8136-2627,Ship,6458799.96,Diesel,Good,15
597ccb67-5abb-424d-8ea6-3c29116c471d,RA-9479-2628,Rail,677840.62,CNG,Good,16
2a3b8b33-9194-4c59-a23c-8da2c66aaed1,AI-2917-2629,Aircraft,108947.75,Diesel,Good,9
9344a3f4-c148-41eb-84f4-59daa39e24f3,AI-4602-2630,Aircraft,15857.49,Marine Fuel,Good,8
3ffabdb7-7b85-4c6d-a26e-a98165894f4b,TR-4691-2631,Truck,11507.97,Marine Fuel,Good,17
f458628b-72b7-42b8-ae66-d6a288537729,TR-4008-2632,Truck,16914.43,Diesel,Good,8
ee0e16aa-c6be-40b1-8148-ee87bf9eda29,AI-2084-2633,Aircraft,91514.78,Diesel,Due Soon,9
0514ccdd-4e21-4429-9219-74702cf6b598,TR-9273-2634,Truck,3238.45,Marine Fuel,Good,11
6b79967c-8f03-403a-9586-c80c42443438,TR-3790-2635,Truck,18311.03,Diesel,Under Maintenance,13
66d05531-034d-4b08-838f-786271483996,TR-2092-2636,Truck,10414.15,Diesel,Due Soon,16
93ad4023-bbd2-4839-b79d-7b037818ae53,SH-2457-2637,Ship,18062486.98,CNG,Due Soon,16
cfc503c2-10a0-4258-a840-83eb8e53cfee,AI-4302-2638,Aircraft,102075.94,Diesel,Due Soon,17
92bc2cae-d85c-43ff-9d7d-3afdc552b5b1,TR-7493-2639,Truck,16013.29,Diesel,Good,18
1c9dfdbc-9942-463b-8269-07a5ba8b28c6,TR-3929-2640,Truck,18451.59,Diesel,Good,17
1faf6b29-fd23-440a-b43a-9dc0abb67c5a,SH-4991-2641,Ship,23093106.89,Diesel,Good,11
bc851ed1-55be-4b10-a34a-4aff37afd35f,AI-4918-2642,Aircraft,135572.13,Marine Fuel,Due Soon,10
2d69bc1b-6db0-4d20-a6df-4b5de27a7027,AI-3317-2643,Aircraft,31567.84,Diesel,Good,8
97e77664-fd7a-4f8b-bcf2-5ea7e6df513f,SH-9730-2644,Ship,11567213.89,Marine Fuel,Due Soon,6
c75067e8-223a-46cd-abc5-59556072a195,SH-6796-2645,Ship,22123422.6,Marine Fuel,Due Soon,5
a90fe325-49de-4372-bb06-a9f978f00491,AI-5560-2646,Aircraft,24118.02,Diesel,Due Soon,11
0960cc01-60fb-49fa-b1da-80334d61a24e,SH-3272-2647,Ship,5945013.76,Diesel,Good,18
1dfb68d8-8393-42bc-a476-2ef9dbd60d46,TR-7190-2648,Truck,10251.85,Diesel,Due Soon,16
99049193-e018-4a2f-acb3-d786609a15dc,TR-5470-2649,Truck,21157.74,Diesel,Good,6
778931b1-c61c-4a2b-b820-a088db4e24a9,TR-1120-2650,Truck,9637.91,Diesel,Due Soon,14
1fdd6470-dc75-4bed-a4ea-17f0b6f16519,TR-6337-2651,Truck,4911.41,Diesel,Due Soon,10
6a0968ad-8c1d-4441-8653-8803c314c4f8,TR-8646-2652,Truck,11723.77,CNG,Good,11
ff5c34c3-c306-4766-9db9-d6e01281a4c6,TR-4542-2653,Truck,9204.56,Diesel,Good,16
0795edae-5b9d-46d0-b92b-9d60221ef12b,SH-8141-2654,Ship,3192196.87,Diesel,Under Maintenance,2
fd7f212f-126a-4aee-9094-22747e08d384,SH-6204-2655,Ship,16930972.71,Diesel,Due Soon,17
87d119ea-15ea-4188-98a2-9833e5edebe1,SH-7377-2656,Ship,15661076.44,Jet Fuel,Good,18
852853b8-8fc2-4f60-a492-c52cb35258cf,TR-3239-2657,Truck,23274.94,Diesel,Due Soon,11
b9933069-ae07-4c79-95d0-6db8cc09d971,TR-1890-2658,Truck,3229.45,Jet Fuel,Good,8
1fc3a0f2-d01b-4ae1-9752-cffa61d32f35,TR-3563-2659,Truck,14853.67,Diesel,Under Maintenance,3
c5a7f197-0d6f-46ba-adfe-fc2d3765649f,TR-7292-2660,Truck,17163.46,CNG,Good,18
e4ebe6aa-58c5-4f5a-94d1-56f3fa494965,SH-1972-2661,Ship,24302474.79,Diesel,Good,9
c0fdab16-470f-4c04-b893-9eef9cf6a8b1,SH-1007-2662,Ship,6639977.22,Diesel,Due Soon,5
6a1ee741-3d9a-45e2-bb3f-42bb20ce304f,TR-4298-2663,Truck,3964.22,Diesel,Good,14
9a08ef67-0f00-45bf-916d-1c5717aa4dbb,TR-5100-2664,Truck,26745.14,Marine Fuel,Under Maintenance,6
9c924200-6d23-4509-bd7a-bb01940fee96,AI-7831-2665,Aircraft,102429.26,Diesel,Good,7
ecd8334f-bcf2-4e0c-ad5e-79cc4b812278,TR-3618-2666,Truck,23611.2,Diesel,Good,14
fc201dc1-6c19-49c8-81f4-fabf17afd09b,TR-6365-2667,Truck,24385.46,Marine Fuel,Good,16
8c852f08-196c-4865-a145-cd0b9712714e,TR-9809-2668,Truck,19096.85,Diesel,Under Maintenance,18
f75a0ff4-1dbb-4556-9cad-d1f6292ada30,AI-9556-2669,Aircraft,137944.09,Diesel,Under Maintenance,12
b065a2bb-d527-44ed-a5a8-ac6390207226,SH-7414-2670,Ship,9301635.86,Diesel,Good,8
c5807553-c19a-4fdb-9fe0-01099d38a446,TR-3187-2671,Truck,6777.36,Electric,Good,9
13cfaafa-579a-49bc-bfab-60de7479287f,TR-5170-2672,Truck,9966.29,CNG,Good,6
54b304f6-b97d-4088-8950-2de6237e9c09,TR-1789-2673,Truck,8665.68,CNG,Good,6
851a4f07-125b-4bea-b919-e6fd6c845448,SH-9842-2674,Ship,14215041.26,Diesel,Good,4
074fe0ac-5220-40bb-9041-8de02cb464ff,SH-4037-2675,Ship,7933805.05,Diesel,Due Soon,17
03816690-9f5b-41f6-a8a0-35fc237d8f4b,TR-2655-2676,Truck,12487.43,Marine Fuel,Good,6
667b5990-268f-4ff0-b65a-659f52da361c,TR-9788-2677,Truck,24496.41,Diesel,Good,5
9b3dd8a2-04c9-4119-bfeb-044f7d385b7a,SH-2648-2678,Ship,10312360.05,CNG,Due Soon,5
0dbe5737-cf6e-4405-b9e6-bf80702a8d81,SH-2937-2679,Ship,10837884.15,CNG,Good,10
53e4f121-31ee-48de-afc9-cbb70f4cc82c,RA-9171-2680,Rail,265846.38,Diesel,Good,4
00a8e599-6e5d-4b0b-90c5-64fe55c2063b,TR-1547-2681,Truck,4315.95,Marine Fuel,Good,8
2fd7065d-a976-4726-897f-f5301fb05868,TR-3882-2682,Truck,12157.66,Marine Fuel,Due Soon,11
ac3999a4-2325-411d-8da9-1689da899ccb,SH-2678-2683,Ship,16612115.23,CNG,Due Soon,4
35dbddf8-66a8-4935-9ebe-fe08e1816d15,SH-4918-2684,Ship,15660626.69,Jet Fuel,Good,7
13aa883b-7f8b-4239-9244-ea894abf719f,TR-1136-2685,Truck,9159.81,Diesel,Good,17
b2462d17-8e09-4839-b586-2b1829820bf0,SH-4909-2686,Ship,12306124.39,Marine Fuel,Good,7
89224f9b-663e-466f-b196-7ecb21ba2d9f,TR-7520-2687,Truck,4473.67,Jet Fuel,Good,12
d609fb8f-70da-4c2f-83e3-99c9ad1b5971,TR-1901-2688,Truck,7833.0,Diesel,Good,2
d2ba5fc9-7730-4e24-a2dc-d1c1e962f56b,AI-6721-2689,Aircraft,126538.51,Marine Fuel,Under Maintenance,15
6e43755a-f6f7-41c3-8af7-bcb1a837adbe,TR-6765-2690,Truck,13621.39,Diesel,Good,11
b0535eaf-507c-4672-b7ff-ef1b9fcb939c,SH-6787-2691,Ship,10037000.7,Jet Fuel,Good,11
68921590-7e86-4715-8e08-2760399d3b00,TR-9421-2692,Truck,5383.35,Marine Fuel,Good,2
ea51149a-e912-4d67-b89d-4f4d4d0990c8,TR-4482-2693,Truck,14351.11,Diesel,Due Soon,3
bab95f3f-754f-4e15-8278-ae74996d82cc,AI-6126-2694,Aircraft,29044.97,Marine Fuel,Good,1
ed61c238-ffe8-44c8-91ed-ad51ab92b389,TR-7455-2695,Truck,8930.75,Diesel,Good,5
e9ced528-1ded-4bbe-837e-4239aafc18f9,TR-3988-2696,Truck,7619.0,Marine Fuel,Under Maintenance,14
f905950c-ae74-4096-914e-7c46f3caff28,TR-1100-2697,Truck,25365.01,Electric,Good,11
425e1325-96be-4fa2-a2ea-3c01b3aad0f1,TR-2793-2698,Truck,17202.74,CNG,Good,14
31525bf7-1aad-4152-a746-dcf87ffaed53,SH-9064-2699,Ship,19810538.79,Jet Fuel,Good,3
76537e02-1363-4282-9346-a321115af4db,TR-4075-2700,Truck,15902.4,Diesel,Good,1
f233021f-dde3-43d1-b40c-67ff1242d5ef,TR-4368-2701,Truck,15938.81,CNG,Good,13
bcd577c1-5695-4905-be30-1465782b4fa9,TR-6036-2702,Truck,5449.06,CNG,Good,2
398b5ea3-c50e-4e5c-9c49-63e841ba01e1,TR-1801-2703,Truck,22985.61,Diesel,Good,11
dc4b9749-eda2-477b-a878-ab7f0366b2a7,RA-1679-2704,Rail,310584.38,Diesel,Due Soon,8
dfb25c63-3485-49bb-a7cf-9a1759655bd5,AI-8555-2705,Aircraft,25164.44,Diesel,Good,8
3c1acd4b-f6e9-4b92-9291-e002154a15a6,SH-2100-2706,Ship,10622540.18,Marine Fuel,Good,15
d5368ba2-402a-4697-a994-44f4b8dae536,TR-6380-2707,Truck,5760.24,Diesel,Good,6
f8e4db44-3341-454c-8f75-7406c51d3e46,TR-1260-2708,Truck,7055.84,Jet Fuel,Good,2
be525a71-01aa-4e33-8a62-431353f10a32,AI-5442-2709,Aircraft,71036.36,Diesel,Good,8
8eef9433-e138-4c74-b1f4-98a85e992fd4,TR-3104-2710,Truck,23623.3,Marine Fuel,Due Soon,11
dd949a9a-b333-48cd-8905-a962b46d5d98,TR-5742-2711,Truck,15569.29,Diesel,Good,5
751d2677-8e0d-49a1-9491-542eb76a3d9c,TR-7192-2712,Truck,20810.55,Diesel,Good,5
d090d400-6360-4003-8278-07aab8d85d93,TR-7684-2713,Truck,15985.83,Electric,Good,3
cbebece8-5f27-413e-a00a-b0a3c8c20947,SH-2750-2714,Ship,8100463.98,CNG,Good,9
41bdaa94-e4f0-494d-9b5a-1a44ee520321,TR-6927-2715,Truck,24364.58,Diesel,Good,13
409d478d-00d2-4760-bf57-8df4b1c4fb8e,TR-4249-2716,Truck,6043.07,Marine Fuel,Good,11
3e909d33-33a1-4e84-98dd-81a35e091f19,TR-2078-2717,Truck,11112.67,Marine Fuel,Good,8
5c75d630-50cb-43b0-bf59-f004497a0f1d,TR-8957-2718,Truck,5218.63,Diesel,Good,12
534a4075-fcd0-481a-8179-7500e89407e5,RA-1932-2719,Rail,438343.99,Diesel,Good,9
635963d8-13ae-4437-992b-c7a45a78570f,SH-6454-2720,Ship,17386952.73,Diesel,Good,7
10c2d299-1391-474f-95ee-b29731ac6231,AI-4948-2721,Aircraft,108166.77,Diesel,Due Soon,4
168ca161-6b34-4b12-b3a3-65cc08a794c0,TR-7909-2722,Truck,6899.99,Diesel,Good,10
33126655-56b8-4c92-a014-c6b1db2f2488,TR-3286-2723,Truck,18238.15,Diesel,Good,5
946a9142-bf90-4d28-b2b8-f90c2014f14b,SH-9515-2724,Ship,23669580.4,Electric,Due Soon,6
db8fcd7b-efb2-4123-b658-ebb823c1116b,RA-7293-2725,Rail,506177.77,Diesel,Good,10
b0a1f88b-eff5-431b-92bd-643ef1b7f978,AI-4340-2726,Aircraft,18722.21,Electric,Due Soon,18
8c926323-2ea2-478c-9f59-48109c86eb22,SH-4741-2727,Ship,11440510.05,Jet Fuel,Good,9
00566ff9-1050-49db-8e0e-519ac56a4e95,TR-7307-2728,Truck,20147.48,Marine Fuel,Good,6
d17445e0-1e0b-4068-9cda-7bae8f4c345c,SH-1089-2729,Ship,8929919.51,Jet Fuel,Good,8
ad9f2892-6aba-4e44-93f3-eff558a06036,TR-3966-2730,Truck,17088.67,Diesel,Due Soon,6
9dbbe83b-daa2-4638-9b4a-72d88567cd44,AI-1500-2731,Aircraft,14117.56,Diesel,Good,8
a4d14c76-b50f-4242-94f4-ac91458aacc8,SH-1407-2732,Ship,6498909.42,Diesel,Good,14
5733b147-e7cc-4df1-9bf1-9bee1b8e2934,TR-6695-2733,Truck,19029.47,CNG,Due Soon,16
80a89e45-eaad-4b70-a54a-9bcba5e54494,SH-5159-2734,Ship,18371566.55,Diesel,Good,12
a8acf98f-10a6-4fa9-92db-d5af445ab8c5,TR-5216-2735,Truck,11637.8,Diesel,Good,13
edfb0735-c126-492e-bed4-836de8cc287c,SH-6551-2736,Ship,22879721.62,Jet Fuel,Due Soon,7
3a6b7dba-032c-4680-8db0-58fc6d434127,TR-7052-2737,Truck,13458.69,Marine Fuel,Good,17
34f8effa-83d2-439d-893d-3d0ff75f1c8c,RA-9866-2738,Rail,464678.56,Marine Fuel,Good,1
bde76358-f100-4fa1-b215-94d62dce570d,TR-7958-2739,Truck,14752.6,Marine Fuel,Good,13
5c8ae5b9-161e-4575-92c6-93f1f1def584,TR-6532-2740,Truck,7315.71,Diesel,Good,3
6e4700db-48fd-4878-bff4-314fdb30be45,TR-1532-2741,Truck,5374.4,Marine Fuel,Due Soon,16
6efe9c13-2a46-42af-b8ce-983be5bf781d,SH-7858-2742,Ship,2975125.49,Marine Fuel,Good,9
2fec9286-f327-4967-b389-4e149ef19110,RA-9323-2743,Rail,76159.28,CNG,Due Soon,2
1cd3fc1d-1dc4-4fcb-bcb0-4d85b6bbc038,TR-1305-2744,Truck,3646.58,Marine Fuel,Good,2
cbcbeb73-945a-4706-9e53-14545e5b7591,SH-6645-2745,Ship,22864844.13,Diesel,Good,2
68ffd3ee-b5ef-4c76-8853-facbfa903bac,SH-3140-2746,Ship,22307694.13,Diesel,Due Soon,5
dc6d2098-c409-4f28-9749-767296601011,SH-3667-2747,Ship,24733801.05,Diesel,Good,12
8cdf1673-5fb4-4f8d-a5d9-cd443b24b026,RA-7286-2748,Rail,374229.01,Marine Fuel,Good,17
488cef32-7f09-4975-b278-c749c105d8e7,SH-1304-2749,Ship,7376144.9,Diesel,Good,14
05ba4c61-a3d0-4b15-ba8b-0558e4032d11,TR-3113-2750,Truck,27824.89,Electric,Good,14
0f3aedf9-863a-43f8-9185-55018fdfc108,TR-6602-2751,Truck,18425.58,Jet Fuel,Good,2
f63eeccc-dde5-44d8-ad47-4c5927a21df6,TR-4171-2752,Truck,12566.86,Diesel,Under Maintenance,2
c3801ab4-5599-4a95-b565-5de4ba47b33b,TR-8790-2753,Truck,26766.86,Diesel,Due Soon,8
9298bd57-07f0-429f-b6ef-53e7947f264a,SH-7475-2754,Ship,24095349.27,Diesel,Good,7
e9eea932-d3d7-4f23-a987-c4dcfaba3260,TR-8592-2755,Truck,19976.79,Marine Fuel,Under Maintenance,16
baf484d8-6c2d-41c8-829e-352e6ee4fd3c,AI-7676-2756,Aircraft,96059.77,CNG,Under Maintenance,5
4f902b5f-e973-4ae8-82af-62d84752ff92,TR-6885-2757,Truck,27615.39,CNG,Good,4
59e200d7-cc8e-4554-814e-d8ff698fe733,AI-1337-2758,Aircraft,35836.98,Jet Fuel,Good,17
6600c6b4-a895-4a05-9233-b1e914ec43c5,AI-4509-2759,Aircraft,66517.57,Marine Fuel,Good,13
7c95a7a2-978e-459f-91e0-284effdd7d63,TR-7227-2760,Truck,9514.39,Marine Fuel,Under Maintenance,16
4215618c-9cfc-44b7-812f-2593808539ec,TR-3245-2761,Truck,3471.89,Diesel,Good,6
008ee7cd-ca4d-4acf-a11f-553e7a6dd99b,RA-8391-2762,Rail,312381.98,Marine Fuel,Good,5
5078229a-e069-4447-929e-301f19d19bb1,SH-9681-2763,Ship,6047356.64,CNG,Under Maintenance,6
91cbdf7b-10d0-4262-9b74-3ff11d904110,RA-2762-2764,Rail,571206.78,Marine Fuel,Good,11
e479a067-52ed-4789-890d-df3b45a83f21,TR-3753-2765,Truck,9383.12,Diesel,Good,17
0eaaf492-1b73-4975-b7ba-821ca0b7a35b,RA-6085-2766,Rail,358864.75,Marine Fuel,Good,1
d37a68e1-ccb3-41dd-b188-86c3fcbad851,AI-5191-2767,Aircraft,125042.42,Diesel,Due Soon,6
14c39b01-8ae5-4c75-abcd-7f076dfcffb0,AI-1011-2768,Aircraft,130048.21,Diesel,Good,17
1feb8327-a8a2-4a07-a5b1-4ae222060ee1,SH-5943-2769,Ship,24581468.41,Diesel,Good,2
876a24a6-9aeb-4983-abd8-515d2026ce74,TR-8635-2770,Truck,23351.32,Marine Fuel,Good,10
cf90f879-d6e1-4166-b026-255cc8335648,RA-7745-2771,Rail,559056.27,Diesel,Due Soon,13
3ae52e81-5fe9-499a-a0fc-78f9b4ff660e,TR-8229-2772,Truck,23498.63,Electric,Good,12
851e278c-1b7f-43d7-899b-7470e37f3fbe,AI-6711-2773,Aircraft,93746.76,CNG,Good,2
cc588775-7001-4b78-94b4-f40c903e6020,TR-9003-2774,Truck,26336.7,Diesel,Good,17
9d61f053-04a9-4fd5-9446-353213afdfac,TR-6529-2775,Truck,10662.73,Diesel,Good,5
02a63e55-ba51-47ca-99f3-3a720aa534f4,RA-9299-2776,Rail,676731.81,Diesel,Good,17
a05b9d9a-85cf-4386-a1ef-63083ad01dc7,TR-1089-2777,Truck,17755.73,Diesel,Good,5
5c6c0cca-bc34-45d9-bf79-2fe5f97b515e,RA-7344-2778,Rail,183816.35,Marine Fuel,Good,8
107ae8b4-2d15-4733-b38d-51b9bfb2656e,SH-3234-2779,Ship,12093917.32,Marine Fuel,Good,17
932c2f49-bec7-411f-87ac-c36ab331fc18,AI-9495-2780,Aircraft,15292.23,Diesel,Good,5
910a43df-6513-413b-92e7-54f15fac2f6d,TR-7233-2781,Truck,15520.69,Marine Fuel,Good,2
8d32b169-aeee-4064-9b53-fb6e8b062461,RA-1662-2782,Rail,471122.26,Diesel,Good,6
83e5d54d-cd84-416b-bb7d-f1d3d7c03107,TR-8528-2783,Truck,4304.63,Diesel,Good,18
5a2f4dcf-c744-4d8c-93ae-ad521afc92f1,SH-4416-2784,Ship,23703158.41,Marine Fuel,Good,9
547173d1-852d-45ae-ba44-09335bb65cd6,RA-1597-2785,Rail,375203.38,Marine Fuel,Good,2
c25fd7b7-54ea-4df3-b66d-878f89ff8824,AI-4292-2786,Aircraft,100446.54,Jet Fuel,Good,5
5a323a79-53d6-446b-ba57-ff2d5f2b5ad7,SH-9999-2787,Ship,8122602.99,Marine Fuel,Good,14
948495bb-bdf1-4cbe-b679-a208e6e71a6f,SH-3573-2788,Ship,8559214.58,Jet Fuel,Good,7
7ff93143-139c-4a79-9e83-06a604aa76ab,TR-6713-2789,Truck,19812.59,CNG,Good,11
f30f1e5c-7069-4d66-9829-2d37f5ff7be0,TR-1677-2790,Truck,9425.34,Marine Fuel,Good,5
f7e020df-f78b-4167-a51b-8bebb0c9abce,RA-4819-2791,Rail,110193.07,Diesel,Good,11
1e7c164f-c945-458f-a799-5554baf4ec80,TR-5390-2792,Truck,17915.35,Diesel,Good,15
00b80e52-46c8-444f-a4d3-c2b2325fb163,SH-5274-2793,Ship,16764076.92,Jet Fuel,Good,10
48543107-dec2-4f02-8786-82fb2a8632bc,TR-5779-2794,Truck,21034.32,Diesel,Good,8
7ff592fb-36f5-4f0c-bb79-a85c915d4c25,TR-1939-2795,Truck,19576.05,Diesel,Good,14
455428df-b832-40e0-b573-309464d7ca9c,TR-7622-2796,Truck,23800.64,Diesel,Good,8
0d9a1819-7a97-4f18-9a1a-0cc7ba1338cb,TR-4404-2797,Truck,22742.31,Diesel,Due Soon,5
ca69a02e-d081-4714-b16e-a1c7d372520e,TR-5377-2798,Truck,26067.66,CNG,Good,14
8bd54384-5e9e-4d42-9a0b-8bdf8552c9f8,TR-6838-2799,Truck,5653.43,Diesel,Good,18
a136d863-a3d0-4618-bb70-f56c07861bd9,TR-6422-2800,Truck,10498.97,Diesel,Good,6
8a77a86c-5151-43f2-a6df-72188b08f965,AI-3307-2801,Aircraft,56947.28,Electric,Due Soon,10
0ace412b-06c3-49c8-b350-aa77a8638d0f,TR-6449-2802,Truck,20434.13,CNG,Due Soon,3
7b8ebf73-9459-4cab-bf9e-6fca4a69776f,SH-5320-2803,Ship,8472727.36,Marine Fuel,Good,12
e7e6cdbb-14d8-44e7-aae3-db7f8512e773,TR-3451-2804,Truck,5198.65,Diesel,Good,17
37e7ad38-cfb0-4d24-bf7b-2225b856c7b7,TR-1690-2805,Truck,20574.2,Diesel,Good,1
84120ee8-9cc9-4fec-825b-746e0fafc92c,TR-3384-2806,Truck,21684.27,Diesel,Good,1
8b68c4d7-4e71-41d5-8025-1b03d871c338,SH-4395-2807,Ship,14182282.4,Diesel,Good,6
54644be1-e159-4569-ba8e-bbfb7a9c0862,TR-5017-2808,Truck,27566.77,Marine Fuel,Good,16
e01b2cf0-ba17-435b-841f-165e34bfe767,TR-6705-2809,Truck,9035.05,Diesel,Good,17
d1fd2164-5122-4321-8f07-8d9acac7f72f,TR-4963-2810,Truck,18640.15,Diesel,Good,17
f986f16d-4dd3-4f39-8ac8-383635e59d1f,SH-5881-2811,Ship,6155271.16,Electric,Good,4
63a5dd4a-e61e-46ee-9589-ca82987f2dcb,TR-1475-2812,Truck,23083.25,Marine Fuel,Good,12
a89a740d-73bc-40b4-8a54-8ef65741304f,TR-6145-2813,Truck,11607.14,Electric,Good,8
7677d769-cd91-45c1-a453-d88d9ad526ec,TR-2050-2814,Truck,18086.31,Diesel,Due Soon,5
f9b269de-d44c-4e2b-a28e-ce59cdd005a4,TR-5054-2815,Truck,20616.85,Diesel,Good,4
1f62fbc7-cbe2-4b7d-9533-8f8ea4b5e07c,TR-5070-2816,Truck,8378.18,Diesel,Due Soon,2
241a68aa-a8ed-4dd0-9599-61f033a28edc,SH-4285-2817,Ship,19097845.9,Diesel,Good,13
fe54d4dd-60f1-45d1-905e-c13a9e961ba6,TR-9033-2818,Truck,21527.15,CNG,Good,16
6b5f91b0-2f43-419f-be9a-e19a4ee805cd,RA-6187-2819,Rail,641364.93,Marine Fuel,Good,8
229db926-1b2f-4f95-a281-dedb14fd67d0,AI-8777-2820,Aircraft,131221.11,Marine Fuel,Good,3
d1dbae00-dbf8-49f9-b11f-e416e3a37a35,TR-7905-2821,Truck,3023.28,Diesel,Good,3
df0c3376-8197-41ff-95f6-ef10a11e34e1,AI-6835-2822,Aircraft,10345.4,Marine Fuel,Good,17
e18a83b2-d7b1-4d1c-8a07-6b114c246d81,TR-3566-2823,Truck,25236.73,Diesel,Good,3
c2ce18ef-0290-49d8-8b36-63b2fa636bb1,SH-8461-2824,Ship,22388427.93,Electric,Good,3
2d3feeac-2ce3-41cc-b17e-2c8deb5845c8,TR-3441-2825,Truck,10004.97,Diesel,Due Soon,6
5267deef-87ed-4fd4-a429-04cadae1c860,SH-2483-2826,Ship,13705424.91,Diesel,Good,7
7940374a-59ea-46a8-ab23-47763b646364,SH-9529-2827,Ship,23036910.26,Diesel,Good,1
efdd29ee-fae9-4c5c-bccf-cbf8b7b6cefe,TR-9949-2828,Truck,17215.59,Diesel,Good,4
473df9da-12e1-45f5-b66b-56a8fbd7f2d2,SH-1451-2829,Ship,7965061.94,Diesel,Good,7
b3e9d1b6-0f82-4ce6-b7e5-22b4eb60568d,SH-8587-2830,Ship,18472336.83,Diesel,Good,2
4a92fd01-c140-47b7-9792-c8dcf2321022,TR-2693-2831,Truck,20846.96,Electric,Good,6
13b6f68d-c422-4123-b496-e3b8d01adea1,TR-4179-2832,Truck,26341.45,Diesel,Good,7
d62a36cf-ff82-4c57-823c-80707c77e88f,TR-6695-2833,Truck,20246.71,Diesel,Good,8
114f2e84-d83d-441d-b934-3f575f99fa35,RA-7801-2834,Rail,287773.63,Electric,Good,2
74c7cae6-8617-4af5-b985-e1f7469e01bb,TR-3947-2835,Truck,18774.23,Diesel,Good,12
b696c24f-74a6-432c-ad4b-98e7107427bb,AI-4878-2836,Aircraft,66064.27,Diesel,Good,16
c4d616c2-767b-48b2-90d1-b06547e92464,SH-4792-2837,Ship,16990380.54,Diesel,Under Maintenance,2
1341e7f8-d580-4051-81c7-a834484a2d0a,TR-5529-2838,Truck,8911.89,Diesel,Good,8
a228f34f-e7b3-4182-8e4b-8ef3e2924a0f,TR-3528-2839,Truck,8347.44,Diesel,Good,16
fc1bca13-72ca-4644-9487-8338fa3b75fd,TR-9802-2840,Truck,25140.2,Diesel,Good,1
c5b269ed-8ceb-4cb2-9d7d-94524a78a6ac,AI-2821-2841,Aircraft,78051.47,Marine Fuel,Good,7
80bc1b60-938e-40b1-92fb-269182702031,TR-9776-2842,Truck,27637.76,Diesel,Good,11
04017ff7-9238-4f73-9ebc-55fd041db9e9,TR-1914-2843,Truck,5909.17,Marine Fuel,Good,1
65a9b33c-e54c-4cb0-bbdc-34c546e7f88e,SH-1680-2844,Ship,21571951.27,Electric,Good,15
fc95ed24-61fa-4e97-ae39-935c5868ba42,TR-7308-2845,Truck,9562.89,Diesel,Due Soon,12
020ef5df-f96d-4c50-a0c5-275308e9aa86,TR-8931-2846,Truck,15633.82,Diesel,Due Soon,16
21e88c79-0386-46b2-8eea-5dc6a047c221,RA-4841-2847,Rail,497539.76,Diesel,Good,13
f9b4a665-0464-4981-a880-353352244547,TR-3322-2848,Truck,9765.29,Diesel,Good,6
207eb367-2476-43e4-902e-b01c796906d0,TR-9472-2849,Truck,17720.94,Diesel,Good,9
07c7e6c2-b9a4-45d9-a63d-d9e266910cfe,TR-2707-2850,Truck,18082.67,Diesel,Good,2
27b29edd-429b-4149-bd22-4c15da811c0c,TR-8302-2851,Truck,8572.48,Diesel,Good,16
0d333528-bbd3-4938-bda1-3d13df09a897,SH-6463-2852,Ship,6745708.63,CNG,Due Soon,10
c2220c7a-a223-4e9e-bc5e-5c6a94c39394,RA-1941-2853,Rail,198078.78,Diesel,Good,1
565fe6da-2876-4e63-af5c-203d84d37385,TR-1241-2854,Truck,6186.53,Diesel,Due Soon,16
3b45a839-4636-446e-9c9f-3601be614a9d,SH-7554-2855,Ship,16781389.54,Diesel,Due Soon,12
a9b8a43c-c59c-4bca-a757-d6ae457d8d30,SH-7800-2856,Ship,3135871.97,CNG,Due Soon,9
270d44ff-c34e-47f5-b2e5-7e3f69654429,RA-6297-2857,Rail,238121.42,Diesel,Good,6
d240b530-b1f9-409f-ad8c-7d509c487eb4,SH-1441-2858,Ship,20348220.24,Diesel,Under Maintenance,12
83e331ca-9bf9-40f5-aeab-f74a40ab68dd,TR-8135-2859,Truck,12082.59,Jet Fuel,Good,11
0b301ff1-c9a8-44ad-9a7b-f5542147c1a1,SH-1704-2860,Ship,552721.69,Diesel,Good,11
e90180e0-3516-4485-a4e1-82d3d3e4a54c,TR-3570-2861,Truck,8613.03,Diesel,Under Maintenance,18
915de2dd-a14b-41f1-a384-9eebc318de0f,TR-4897-2862,Truck,20147.8,CNG,Good,6
eaa40f18-ec62-45c9-a46c-961506d40311,RA-1204-2863,Rail,650628.81,Marine Fuel,Good,12
3138f464-cda8-42d7-bf8f-a724afc3bacc,SH-7034-2864,Ship,15633503.17,Electric,Due Soon,15
1d6f327a-37da-41cc-9885-bcaddee5e619,SH-4931-2865,Ship,17912125.42,Diesel,Good,2
6c6570b9-3e45-4383-8571-e0237f1fa072,TR-3687-2866,Truck,13741.39,Diesel,Good,12
88f2b56c-3714-4285-abe1-7a83d1b4ea54,TR-5527-2867,Truck,18602.77,CNG,Due Soon,3
725bac77-475c-4f62-9a87-35933f86688f,SH-3420-2868,Ship,19507196.83,Diesel,Good,6
5c7ca6c5-eb05-43f3-b195-71fa2773404f,TR-1051-2869,Truck,14085.67,Diesel,Good,10
eaab6c4f-6794-4b5b-9f7a-7d11fc71d5f7,TR-9314-2870,Truck,7176.08,Jet Fuel,Good,8
12ee1957-3957-4851-a27a-b555741d7e14,SH-8644-2871,Ship,10534979.68,Marine Fuel,Due Soon,5
04f0d297-17ea-444d-bd00-2f70d59ebf28,AI-7435-2872,Aircraft,116981.53,Diesel,Good,18
a697ca40-92bf-453e-89e0-aaed6eea0a30,TR-7336-2873,Truck,11906.03,CNG,Good,10
6069d9fd-7f37-407a-8345-d115f4ec1a15,TR-9489-2874,Truck,12716.55,Marine Fuel,Under Maintenance,15
62cdbe08-af2b-46e1-b2dd-c676d334c1cb,SH-7566-2875,Ship,22368186.28,Diesel,Good,13
056bf5b4-fb26-4716-906c-f2ed46667799,TR-5238-2876,Truck,15360.15,CNG,Due Soon,15
8ca13d56-5dbf-44b5-80e2-c85585f9e20b,TR-9846-2877,Truck,20739.24,Diesel,Good,5
5f62975b-52aa-4ffa-a033-9ad9cf343939,TR-7441-2878,Truck,3247.98,Diesel,Good,15
a2e76edc-3904-4b50-977a-eaa493c61471,SH-4670-2879,Ship,11131451.52,Diesel,Due Soon,14
f7f065ef-b052-4593-9a99-d1d149fa4293,SH-2056-2880,Ship,13206582.51,Diesel,Good,4
e92e5743-d81c-436b-8351-a938b0f2b632,TR-6510-2881,Truck,13952.73,Diesel,Good,11
2aa49bfd-0050-4e26-8dde-bb1a1a27548b,TR-4067-2882,Truck,15154.81,Diesel,Good,9
7a5fb26e-8a89-4a03-8e4b-188ea3638f84,TR-9317-2883,Truck,16682.78,Diesel,Good,4
739fbc23-6dcb-46c7-98e3-ef51e2731fb5,SH-9089-2884,Ship,11240360.69,Diesel,Good,7
393bd4b1-da47-454a-a4a5-ddd440d92068,TR-5331-2885,Truck,8571.4,Diesel,Good,2
08bd0873-42a8-4659-b8ea-ddefdfac4f4d,RA-1342-2886,Rail,314408.45,Jet Fuel,Due Soon,15
a208258d-c77d-42c4-a5b2-96afabf6f4ce,TR-3372-2887,Truck,17638.44,Diesel,Good,13
19d85d1b-a802-4cb7-83b9-587a69575efe,TR-9585-2888,Truck,12582.38,Diesel,Good,1
a80388a6-8e2e-4c3b-9cff-64467a3187e3,TR-5098-2889,Truck,12066.55,Diesel,Under Maintenance,2
0303673a-4a91-4df8-b1e1-a2c09257941a,TR-4197-2890,Truck,8726.14,Diesel,Good,8
1cbe94a5-174f-44df-acb8-c91dea685238,SH-5278-2891,Ship,14223386.05,Diesel,Good,8
74d1ff2a-a7ce-45e2-a8b4-c2d9835bb78e,TR-5165-2892,Truck,27527.27,Diesel,Good,13
7fda521a-4604-420e-b81c-eccc36fba642,TR-2280-2893,Truck,19342.93,Diesel,Good,3
e0f1b1da-9330-4f13-8261-6355cf7872f8,SH-5583-2894,Ship,23656837.52,Diesel,Good,15
2f72521f-ec63-437f-bb07-029e80d28f44,RA-4861-2895,Rail,582638.4,Diesel,Due Soon,16
7389d57f-fdf0-43fe-b6c0-060125fa8713,SH-1141-2896,Ship,23325835.23,Jet Fuel,Good,16
512dba76-6bc9-4cbe-830a-71d0d0a6d6a6,TR-8422-2897,Truck,6850.94,Electric,Good,4
bfd6a67b-8ea7-4373-be23-7d5537442f3b,TR-1359-2898,Truck,7059.71,CNG,Good,15
0caa84b3-b4ec-420e-a478-574f674dedcd,TR-8264-2899,Truck,25912.56,CNG,Good,13
c2a675c0-2153-47a8-9a97-7624fe44b05e,SH-8642-2900,Ship,17495374.87,Jet Fuel,Good,10
175d306b-6e3a-4184-8f77-ef77d536e141,TR-2489-2901,Truck,21127.18,Diesel,Good,17
6a5a13ab-d0dc-4737-9a26-a3b071aecd43,RA-4447-2902,Rail,258190.79,Diesel,Good,15
e73776ca-f233-4482-8c75-5cce7df0a429,TR-6644-2903,Truck,14865.33,Jet Fuel,Good,16
cd793c32-4cc9-4560-b08a-bea6718b5803,TR-9190-2904,Truck,16160.29,Marine Fuel,Due Soon,1
6b1de6c4-8f93-430e-b229-d3ed14a76d45,SH-1980-2905,Ship,9519849.12,Diesel,Under Maintenance,10
6743cce8-88ff-4cc5-b96c-b1f7da4a619c,SH-6928-2906,Ship,11276342.5,Diesel,Due Soon,17
1d88beed-4ba6-4fd5-96c9-35a3fa590f69,TR-8459-2907,Truck,9600.7,Diesel,Good,8
5da2b7f2-f7fb-4e8b-a5ae-ce3d9090ee6a,TR-7852-2908,Truck,13131.83,Marine Fuel,Under Maintenance,18
2ccb16a0-e512-45f5-99db-9ad6c653bd29,TR-4523-2909,Truck,25654.14,Electric,Good,16
7eca612b-8455-4abf-bb91-02012d48e978,SH-9079-2910,Ship,21707345.95,Marine Fuel,Due Soon,18
990e1ead-83ee-4226-bb14-1b16f90ae4ec,TR-5153-2911,Truck,5226.93,Diesel,Good,9
e42698d0-732a-4ce0-9d11-268dd17e5308,TR-4644-2912,Truck,27610.12,Marine Fuel,Good,3
03baa4c1-4b2b-43f8-a243-40b700f16051,TR-9969-2913,Truck,22323.19,Diesel,Good,2
2929d804-15d9-4678-9dd4-4dad242a3efd,TR-6305-2914,Truck,3569.02,Marine Fuel,Good,9
8a1fc1d6-a373-4fcc-ba4c-c235777b7776,AI-5827-2915,Aircraft,146529.04,Marine Fuel,Due Soon,3
fd4814bb-e7ab-443c-84e5-aaf697fcefbf,RA-7676-2916,Rail,244657.69,Jet Fuel,Good,4
7909012f-ec75-48fd-b50c-dc43259921f5,TR-2732-2917,Truck,27505.88,Jet Fuel,Good,13
714cae57-1ba4-4ecc-b398-4b73d15961ff,TR-5293-2918,Truck,13025.09,CNG,Good,11
a6450bd0-f982-4b92-a7fd-647dfedc3edf,AI-9065-2919,Aircraft,59715.52,Diesel,Due Soon,11
fa7706b3-e975-4ee9-8b8c-b15d571af43f,SH-6964-2920,Ship,2222899.18,Diesel,Due Soon,2
4b56803b-7022-41c9-95d8-7511ee69264d,TR-1361-2921,Truck,19187.94,CNG,Good,15
798718aa-d13c-46b1-9ac7-7087d30bbf45,AI-6698-2922,Aircraft,45541.44,Diesel,Due Soon,7
7fa329ec-0ff2-4db6-b00b-3162ce7488f3,SH-8745-2923,Ship,2588940.43,Diesel,Good,13
b7233f5b-d0c3-494f-b622-7b04a4baa37b,TR-5982-2924,Truck,14465.99,Marine Fuel,Good,6
66322aaa-2c22-42bb-83be-edfec0f8b1dd,RA-2973-2925,Rail,547039.65,Jet Fuel,Good,16
bc27deb9-5700-4b18-a900-4f4603121d6c,TR-2465-2926,Truck,12215.02,Jet Fuel,Good,10
97267401-594d-4242-ae64-b0f6f3877dbc,AI-4195-2927,Aircraft,131173.1,Marine Fuel,Good,8
4a590b70-8ef2-4c03-9be8-4a490fb0069b,SH-6861-2928,Ship,20206385.71,Marine Fuel,Good,7
70502cd2-471d-41e3-9f2a-b5b7f6aa782d,SH-8658-2929,Ship,4724362.02,Diesel,Good,15
8520414c-daf3-4eba-ab8e-0da94714034a,SH-8889-2930,Ship,16908365.9,Marine Fuel,Due Soon,11
08beba08-7281-4bb5-a9a8-c67265350cbe,AI-5394-2931,Aircraft,104664.01,Marine Fuel,Good,12
d2c944c9-fedd-4dc9-ae2f-9da1863849fc,TR-1746-2932,Truck,6236.04,Diesel,Under Maintenance,10
5740f528-0426-450e-99eb-bb59b942e4c7,TR-4526-2933,Truck,10779.19,Diesel,Good,15
70204f72-c1c5-475d-8ba4-b63b3f67c883,SH-3345-2934,Ship,23165322.7,Marine Fuel,Under Maintenance,12
94dfaf84-4b0a-4f57-9a0f-4810cc82332f,TR-1435-2935,Truck,9530.93,Marine Fuel,Good,8
7c835d8d-e639-47e9-9b5a-0976bbca8fe4,SH-4036-2936,Ship,11936044.69,Jet Fuel,Good,2
5011a9d2-bcd9-4431-bec6-3c5503158e7e,SH-6717-2937,Ship,24968384.08,Diesel,Good,17
908ae6ca-31af-454c-bce9-9e50e604e840,SH-4941-2938,Ship,17986661.16,Jet Fuel,Under Maintenance,2
945412fe-c6e5-4a5e-8ba7-c18bb3611d48,RA-8020-2939,Rail,170255.51,CNG,Good,13
362848df-c98b-4dd4-86e7-ed81ef3bcc11,TR-8421-2940,Truck,10909.33,Diesel,Good,8
b69830a5-5340-4ec3-b12d-208be0b8e36f,SH-9470-2941,Ship,12684596.33,Marine Fuel,Under Maintenance,8
702b4479-f393-4af9-b597-53c4bee05f52,SH-4980-2942,Ship,7043838.84,Diesel,Good,13
55b25477-66e8-4a7b-b008-c92129b49484,TR-7333-2943,Truck,23726.74,Diesel,Good,6
867f4231-5fe5-4bd5-bcc1-b513a21b5ec3,AI-6427-2944,Aircraft,99158.75,Diesel,Under Maintenance,9
e1207b5f-18d6-424e-b159-27a1d099d416,TR-4512-2945,Truck,4851.53,Diesel,Good,16
3868e452-6255-4b3f-bcde-babb7f1ff254,TR-6230-2946,Truck,5411.39,Marine Fuel,Good,9
f7411d18-079d-4c80-8ba3-601c55695685,SH-1937-2947,Ship,24887484.59,Marine Fuel,Good,9
25d74277-9f3d-4af6-9130-eb364033104e,TR-6355-2948,Truck,9148.28,Jet Fuel,Good,4
72669a90-0ad8-4bb9-ac60-ebc967d8bd4f,SH-6727-2949,Ship,21441786.77,CNG,Good,2
b2739a6a-e1ef-43e1-b358-535f191054d6,SH-7430-2950,Ship,18231393.8,Jet Fuel,Good,12
198cb8b4-b347-4626-a56e-61a8563cbf4f,SH-9013-2951,Ship,1274669.99,Diesel,Under Maintenance,18
b2312014-d0c3-4dfe-8726-5978a6d97887,TR-1987-2952,Truck,26279.1,Diesel,Good,15
78d44384-7d6b-4c1c-858b-8433f569cb40,SH-3478-2953,Ship,20719220.19,Diesel,Good,12
ebb827ce-c166-4315-b405-b8a33f04e886,SH-6465-2954,Ship,16572884.46,Diesel,Good,10
2c07a85c-1195-4d75-94d1-2734745f7ef8,SH-6947-2955,Ship,12846014.72,Marine Fuel,Good,13
7d08e019-8382-493a-999c-1e1c4c3ed770,AI-2013-2956,Aircraft,137708.35,Electric,Under Maintenance,2
a1c560f0-fefb-4e51-b516-94378f53f254,SH-4309-2957,Ship,15031512.35,Diesel,Good,2
016eb2f2-4f68-43c6-90da-1139921fb247,TR-8991-2958,Truck,9461.49,Marine Fuel,Good,8
6bbed3fd-f6bc-404c-97e3-1bdbdc45e162,TR-1680-2959,Truck,20301.05,CNG,Good,6
cbd363d5-2e63-45c5-a525-46734918a52e,SH-1211-2960,Ship,19705561.33,Diesel,Under Maintenance,6
ebcb649a-a790-4b6f-9490-088377e8438d,TR-9793-2961,Truck,10022.19,Marine Fuel,Good,14
1f0df381-186f-47f5-9588-8e7fbec8a30e,TR-3784-2962,Truck,6354.31,Electric,Good,17
abcebdc4-d84f-41e4-b9a5-560913701101,TR-8302-2963,Truck,4815.94,Diesel,Good,11
6cbe20f9-418e-4748-b730-6ad3a849452d,TR-1466-2964,Truck,27287.21,Marine Fuel,Good,11
fc4e9783-e539-4dd1-9fe7-569c6bb4baf4,TR-3384-2965,Truck,4813.44,Diesel,Good,2
ea891343-0736-4673-bf37-e3b9caa8e420,SH-8373-2966,Ship,14109620.05,Diesel,Good,11
22717aa2-edeb-49fe-b695-abc24bcac54d,TR-9722-2967,Truck,24262.41,Electric,Good,18
c710278f-0e45-40ed-b20f-f34411e82491,TR-3965-2968,Truck,6974.7,Diesel,Good,7
30d53080-1642-49a1-b041-455e3c63f48c,TR-4950-2969,Truck,17852.98,Diesel,Under Maintenance,15
45c88250-b88b-4fbc-9481-7406cac01e8d,SH-9344-2970,Ship,10872157.86,Marine Fuel,Good,11
172cede7-d887-41d5-8835-92c35a65cf04,SH-9365-2971,Ship,23904375.67,Jet Fuel,Good,10
353dd29d-7f13-4dfa-89ec-90e4d33ec862,TR-3802-2972,Truck,20588.26,Electric,Good,16
afa5240b-5c75-4769-9e02-b5eb77bb05ab,SH-4488-2973,Ship,19041883.67,Marine Fuel,Good,13
84b43959-3349-4c3f-baca-674bc55d3402,TR-8729-2974,Truck,20563.27,Diesel,Good,6
5fe48e81-a80d-43ff-b2bc-f192cdcaeee6,TR-7875-2975,Truck,11395.02,Diesel,Due Soon,17
12d479b9-1f5f-4135-8e64-3dc0f61e52e0,SH-3049-2976,Ship,20701315.93,Jet Fuel,Good,5
6ebd7fd5-8a2a-43b9-bffa-14c305c6f9c3,TR-1656-2977,Truck,9595.26,Jet Fuel,Good,13
6b65d170-41d5-4e28-8737-00db19ebc3e1,TR-9298-2978,Truck,25244.26,Marine Fuel,Due Soon,1
2a152d52-42b8-44d4-bff2-20133556c423,TR-3688-2979,Truck,19647.02,Diesel,Good,9
dc8fbe6e-942b-41cf-a2a0-f6a85b408c2a,SH-4032-2980,Ship,12025323.17,Diesel,Good,16
2f3ad232-a2bf-4111-ad89-f0e808a2dff2,TR-6654-2981,Truck,25321.7,CNG,Good,5
89af6818-567f-426b-bbc0-4a443b5aca17,TR-4645-2982,Truck,27825.38,CNG,Under Maintenance,17
28ed5b95-e9f7-4c30-810c-c2297361ec24,TR-3993-2983,Truck,25018.18,Diesel,Good,12
1012ba75-8bb3-4ab5-9d1f-2eca04b02160,SH-8307-2984,Ship,12539180.23,Diesel,Good,14
cc1fb9c3-8482-457f-940b-489d699e0b94,AI-3845-2985,Aircraft,29365.81,Electric,Good,10
487a81b5-edf9-4c3a-87fc-0168a3390b69,TR-3212-2986,Truck,21530.88,CNG,Good,8
a7195809-533b-4fea-959b-6dde5d7e5aa9,TR-2541-2987,Truck,13980.54,Electric,Good,14
b8026851-339d-4e7b-b4df-94d558585fcd,TR-8469-2988,Truck,5775.44,Diesel,Good,11
f707e7b3-121e-44eb-97a5-f6a37ebecc63,TR-4425-2989,Truck,27207.92,Marine Fuel,Good,9
23fbccb8-71c7-4979-8d8f-47b2ce0556bc,SH-7362-2990,Ship,13556986.25,Diesel,Good,4
ff55dc2f-de3e-4f96-a2f7-c6df91f62721,SH-4027-2991,Ship,21570380.27,Diesel,Good,10
e8ef00ff-474a-4a83-a6aa-17ac6fda5b6c,TR-7308-2992,Truck,27777.87,Jet Fuel,Due Soon,16
3fcc311f-380a-49e1-8ebb-8c79dbdc2b81,SH-7729-2993,Ship,21210379.17,Marine Fuel,Good,15
5d87cacc-928f-43e8-9274-0348d24f02be,TR-8413-2994,Truck,7818.56,CNG,Good,12
25dab616-152f-40d1-8f57-57035b43eca5,RA-8024-2995,Rail,531273.73,CNG,Good,12
8cc2b11e-8e68-4fb9-9e4d-b77e9ab7f09e,TR-7810-2996,Truck,14428.61,Diesel,Good,13
edc09084-ead2-4ef4-8282-3858d9324143,SH-3623-2997,Ship,11904138.02,Diesel,Good,2
8b9ff8c8-8273-4d7c-ba40-db48adf1ad6d,TR-3797-2998,Truck,27046.33,Jet Fuel,Good,1
f68837a6-0eee-4893-8667-b30a3ddffd71,TR-4056-2999,Truck,19506.38,Diesel,Good,7
5dfe81df-e3b7-49a9-870a-1357ce34e847,TR-3787-3000,Truck,17521.54,Diesel,Due Soon,15
f283cf2f-a960-4d2c-9742-f40c4c150739,TR-7127-3001,Truck,21288.53,Jet Fuel,Good,4
5594272c-298b-4537-8cf8-cf96944c7523,TR-3732-3002,Truck,7765.05,Jet Fuel,Good,2
579e9e85-1061-412c-85d3-1ed65178b492,AI-8632-3003,Aircraft,136735.53,Electric,Good,5
2d5831b7-eddb-4776-98ee-ff87fc6903ec,TR-8464-3004,Truck,25055.68,Diesel,Due Soon,17
4c8ba866-729d-47ed-9abb-fbad51468a7c,AI-2810-3005,Aircraft,24225.77,Diesel,Good,18
0f97b985-4ada-42f7-98a8-f16d1295903c,TR-8495-3006,Truck,21121.37,Diesel,Due Soon,14
0a215c6b-0442-49c2-a603-b871e8b707c4,TR-1849-3007,Truck,15714.26,Diesel,Good,2
2debefe5-1775-4bf3-a589-4fd05bdde68d,TR-2232-3008,Truck,25652.17,Diesel,Good,18
6ae60019-6ab4-4aa7-92f1-b54e7f2345c1,SH-6713-3009,Ship,11504401.39,Diesel,Good,9
60f9a928-eb2a-4866-aeea-c2d7e11ae196,AI-2921-3010,Aircraft,95456.41,Diesel,Good,11
9eb37bcf-e141-4433-b015-419d9cc0a138,AI-1960-3011,Aircraft,122669.88,Diesel,Under Maintenance,7
5fa8c257-829c-454f-9e3f-bd469651121e,TR-7866-3012,Truck,16274.44,Jet Fuel,Good,4
b8d3decf-78fe-47f2-a630-40cb6add106c,TR-2236-3013,Truck,21753.92,Diesel,Good,16
9b3e56c0-bdfa-474a-9ca9-5e0e3a870a05,TR-7639-3014,Truck,17051.46,Marine Fuel,Good,12
e0ccdab1-61fd-4343-8e34-07555c5ec820,SH-3705-3015,Ship,10192416.35,CNG,Good,1
62b1b5de-b4ca-4335-8a56-087c91f104b1,RA-4323-3016,Rail,478594.97,Electric,Under Maintenance,4
67b8505a-1e6c-4929-95d2-5dba7b415240,RA-9392-3017,Rail,646112.99,Diesel,Good,8
ef985dff-9572-4169-aa24-2d0dba15bd1d,SH-7484-3018,Ship,15186255.79,Electric,Good,15
316ac128-c6d9-497e-afb3-740628f0efb8,SH-2224-3019,Ship,10312878.31,Diesel,Good,17
043a9f09-2949-4f78-9754-4e11e59bdc8f,TR-7426-3020,Truck,8635.27,Jet Fuel,Under Maintenance,5
32d178ba-fade-4d0e-8cd7-46178255251b,AI-4109-3021,Aircraft,126283.75,Electric,Due Soon,7
82978000-4d85-44ac-832c-caab32efa5b1,TR-6060-3022,Truck,17402.86,Diesel,Good,17
bc0f78fc-d252-4988-872a-37805fa64dc3,SH-1417-3023,Ship,3293224.17,Jet Fuel,Good,10
394a8c53-8f14-4028-a412-600a994c3760,TR-6225-3024,Truck,14024.98,Electric,Good,15
6d277bd3-3317-4a8a-8f93-99062cef0ecd,TR-9448-3025,Truck,16608.51,Marine Fuel,Due Soon,12
cd736bf0-19b2-4fd2-8c35-5e5f3ea1bd79,TR-8179-3026,Truck,15654.71,Marine Fuel,Good,11
6311b292-7777-43bc-a7d1-f418eb6a07e5,TR-3981-3027,Truck,20923.19,Diesel,Under Maintenance,6
0475988d-d42c-4435-a3e2-87df7bf7c99e,AI-5563-3028,Aircraft,140486.81,Marine Fuel,Good,15
2f83ecbf-5b6d-4c58-9837-7f62645d279c,SH-1728-3029,Ship,19677454.16,Diesel,Good,1
3f6933fe-d7ae-4385-9125-6db057dc1c0a,AI-4130-3030,Aircraft,147814.1,Diesel,Good,8
d6f6722b-15ab-436f-8a5c-aaa48e095430,TR-9810-3031,Truck,13838.14,CNG,Due Soon,12
676e56c4-1851-4f22-96b7-8312f8db6661,TR-6610-3032,Truck,4056.9,Diesel,Good,12
6309ce81-1f47-4812-9a15-569409ea4017,TR-9122-3033,Truck,8904.47,Electric,Due Soon,6
a899ce05-836b-4df8-baa8-3761a44108b2,TR-5535-3034,Truck,8459.82,Diesel,Good,13
ebf25f81-2aae-4e4e-815e-1edc337ecb9f,RA-9014-3035,Rail,392376.62,Diesel,Due Soon,15
990b3d6a-6000-4e82-b503-6128d5809ad5,TR-3594-3036,Truck,11534.94,Diesel,Good,3
626aa251-db20-4599-9ddc-38d1e5e5ca90,TR-6757-3037,Truck,16217.62,Diesel,Good,10
3cc29398-d1bd-46d9-9832-5109b2a11830,AI-2608-3038,Aircraft,124440.15,Marine Fuel,Due Soon,4
4375de62-7e79-42b0-b376-06f161479d5d,SH-8117-3039,Ship,5651352.97,Marine Fuel,Good,1
07d9dffb-ed6a-454a-8e7a-04eccca025d4,TR-6563-3040,Truck,24687.69,Diesel,Due Soon,14
7bff85a2-1db4-43cc-b4fa-545c3682abae,SH-9578-3041,Ship,4647942.32,Diesel,Due Soon,17
70c7fdeb-64c6-4c26-92ec-41080eec79fd,TR-3994-3042,Truck,10502.59,Diesel,Good,3
e4eb98e8-4fc3-41c1-9cf4-98e737cb5511,SH-2757-3043,Ship,14389012.25,CNG,Good,16
fb2a27eb-510d-4e55-8a6a-987cb7382251,AI-8258-3044,Aircraft,119697.76,Diesel,Good,1
28fb0598-6c70-4679-b7db-5407fc4a587a,TR-1650-3045,Truck,7778.43,Marine Fuel,Good,13
0f4387d7-8c46-475e-9936-1dbbe89c1fa4,SH-7310-3046,Ship,22962092.7,Diesel,Due Soon,15
235ccf0c-50f2-4163-acc0-e61ecf5fd9c8,TR-3042-3047,Truck,7944.39,Marine Fuel,Good,14
9f427bd3-af07-4e8a-a817-76f55508d296,AI-4975-3048,Aircraft,99407.44,Diesel,Due Soon,13
137afaed-aef0-4be5-9a21-1ed355165125,TR-9937-3049,Truck,3821.84,Diesel,Due Soon,8
7c2fb50f-c6ee-4c3e-a8e0-638362ab146b,SH-9724-3050,Ship,9923786.54,Electric,Good,10
30f7879d-874f-4bd6-a5db-be476b77fdec,AI-6817-3051,Aircraft,57265.9,Diesel,Good,6
bcd82297-cfb1-41ae-81b3-87caa506968b,TR-2876-3052,Truck,15902.81,Diesel,Good,3
3e7d8687-67f4-409a-902a-01eb3eb4cc2f,TR-2285-3053,Truck,6958.12,Diesel,Good,16
4a34e16f-54a3-4709-bb82-02af96b1c586,TR-3221-3054,Truck,17763.87,Diesel,Due Soon,14
2a9c7d13-49c0-4c94-91d4-b692c58364aa,RA-4502-3055,Rail,584782.14,Jet Fuel,Due Soon,15
dd5c399b-f077-46ca-91e6-252e5a442d12,TR-6297-3056,Truck,18420.54,Jet Fuel,Good,10
0ab698e6-8baa-49f3-869a-a32ba8ad0a77,TR-8091-3057,Truck,4027.86,CNG,Good,15
b16359cd-738c-4b96-a35a-d7a921b090f0,SH-6433-3058,Ship,1962113.88,Diesel,Good,13
76838b42-0559-4abe-a4be-f1f2e9b878ba,TR-9633-3059,Truck,6389.2,Diesel,Due Soon,14
6b6906bb-8f24-4617-b3eb-236e76956bb9,SH-4615-3060,Ship,3035937.49,Jet Fuel,Due Soon,7
e8e604cb-3930-4a0b-b87c-2c07379c6731,TR-4556-3061,Truck,18413.22,Diesel,Good,7
e8344726-bb52-4476-b339-5d0dbf6d8248,SH-6278-3062,Ship,8941031.68,Diesel,Good,18
d2c04e90-b159-4db6-a04a-540f7ae682c0,RA-4955-3063,Rail,378791.99,CNG,Good,13
e214840a-acc8-4a00-b752-cd807151d540,TR-7263-3064,Truck,22563.05,Jet Fuel,Good,18
c58f34d6-3de4-4023-89ef-fd3d581c8ff6,RA-5814-3065,Rail,612268.72,Jet Fuel,Good,12
c575c37d-63d0-46e4-b43b-81592c517d96,AI-7146-3066,Aircraft,19482.84,Diesel,Good,3
028e0aaf-7d43-43f3-8900-15257953a803,TR-3325-3067,Truck,19912.65,Diesel,Due Soon,2
b097a2b0-3ee1-48ac-9cfa-b9518ae7a85d,TR-4981-3068,Truck,16036.94,Diesel,Due Soon,14
41350b3f-d1e7-41a2-b47d-070cc758c39b,SH-9413-3069,Ship,10025838.06,Electric,Good,12
a43194a8-489a-4c5b-98c1-26d4d0bf5927,AI-1747-3070,Aircraft,79858.94,Diesel,Good,17
921d4cdb-5ed1-43c0-b66f-a42c046a331a,TR-3255-3071,Truck,17393.53,Diesel,Good,14
2cadb4d7-73e9-40c6-9f55-7aaf22ab52ef,RA-4437-3072,Rail,116115.84,Jet Fuel,Good,16
d3b92f8a-e8a1-4efe-989b-f7fceed2a638,TR-9530-3073,Truck,12784.99,Jet Fuel,Good,6
22309425-64b5-4139-bef1-f2eb57811e91,TR-4608-3074,Truck,24856.51,Marine Fuel,Good,11
d2016868-feab-42c2-9ee0-9f8741b1036e,RA-2693-3075,Rail,163072.47,Diesel,Due Soon,11
6d0743f5-5548-4808-b734-e0a7af7ffcd5,TR-5275-3076,Truck,23605.71,Marine Fuel,Good,7
1f8638cf-3e94-456e-9e01-794a2cb69fe9,SH-4073-3077,Ship,23040748.93,Marine Fuel,Under Maintenance,5
1e3392c6-df3b-4b56-bbd5-cf6043d96591,TR-4105-3078,Truck,14776.95,Diesel,Good,16
57f3a412-ffa0-456a-ad4f-50ed8804829d,AI-4857-3079,Aircraft,65850.24,Diesel,Due Soon,10
4499645b-3178-49bb-b844-944e706c6393,TR-8080-3080,Truck,26646.87,Jet Fuel,Good,5
8db65177-5454-4bba-8c72-63dc6c1d6183,SH-8422-3081,Ship,1945014.05,Marine Fuel,Good,6
b278595f-434e-4657-bbc4-b0b1b5bb2c77,TR-2687-3082,Truck,27620.49,Diesel,Good,10
f7112a4d-4851-4541-a3c2-099aca3b9b02,TR-1040-3083,Truck,3290.91,Diesel,Good,14
82038a89-b770-48ac-9a6d-cc7ea7476795,RA-8698-3084,Rail,200269.07,Diesel,Due Soon,2
118c1053-c868-4d39-8d82-20d92f082b59,RA-3979-3085,Rail,591562.03,Diesel,Good,16
7516e50c-1787-4003-9aad-7d7d1b880615,TR-5173-3086,Truck,12050.52,Diesel,Good,12
88418965-610d-4753-bfd3-3159460b0f55,SH-3291-3087,Ship,23247033.42,Electric,Due Soon,2
31f09227-48a5-4c34-86ea-12014c536ea2,TR-6847-3088,Truck,26764.34,Marine Fuel,Good,6
4be7efd1-5bc6-48d3-bfc1-be359d657c74,RA-6805-3089,Rail,388380.8,Diesel,Good,15
61e7954a-db59-44be-9ab4-cccb2be2061a,TR-9188-3090,Truck,6472.43,Jet Fuel,Good,15
eb18839a-603c-42e1-a67c-2e24734968d0,TR-3495-3091,Truck,9241.94,Diesel,Under Maintenance,10
10b815ac-ae86-45a8-a1bd-9fa571d3c541,RA-2541-3092,Rail,670587.52,Marine Fuel,Good,14
2e1da918-2f8f-493d-be6d-8e4b1e3a06dd,TR-5726-3093,Truck,23261.39,Diesel,Good,10
df6a165c-5940-41d5-a8cf-9fa07fff1087,TR-7527-3094,Truck,21952.19,Diesel,Good,11
e4e4a909-8bce-49b1-a0bf-1c235117dca0,SH-7750-3095,Ship,12283720.64,Marine Fuel,Due Soon,5
a0ad7f0e-4d57-4041-b449-104f733983b9,TR-5818-3096,Truck,17563.22,Diesel,Good,12
d22478b6-2068-44c1-9ae4-cf6bcdc4a64e,TR-6204-3097,Truck,25436.19,Diesel,Due Soon,2
9a9d8795-de2f-4b63-9035-329dcf0d4e74,TR-4566-3098,Truck,14250.54,Diesel,Good,4
0553941b-b954-4d71-bb21-eb7ce2e256c1,SH-1381-3099,Ship,2432032.22,Marine Fuel,Due Soon,3
500a3b35-9e3d-4c6b-9697-8b7be4254f0b,TR-1774-3100,Truck,6736.32,Marine Fuel,Good,4
b25b68fe-daff-4145-98ef-b28b555f8d1b,SH-1981-3101,Ship,19465661.2,Diesel,Due Soon,14
f4863b74-2690-452e-b62d-30e61f9fc325,TR-6603-3102,Truck,16296.83,Marine Fuel,Good,14
a0f71960-418d-4de7-9caa-ece5edb7d5af,SH-9130-3103,Ship,23052829.49,Diesel,Good,13
55677038-8e05-451f-96e5-c25ed9abc821,SH-1030-3104,Ship,12428879.34,Diesel,Due Soon,2
1dd06a54-6458-49bb-bc9b-9adf5023ea8c,SH-3158-3105,Ship,20562180.4,Diesel,Due Soon,5
be2f2eba-1171-4741-8774-01319eed994e,TR-2407-3106,Truck,22752.49,Diesel,Good,11
68fa9546-1a2d-4d10-ba2f-8904d69563dc,TR-9831-3107,Truck,22356.49,Diesel,Good,12
f44b22d9-27bc-491c-bb5f-4a970841f323,TR-5118-3108,Truck,15622.62,Marine Fuel,Good,10
35ef444a-d5d8-426a-8667-c2541b1fb20d,TR-5956-3109,Truck,20495.29,Diesel,Good,5
774fe974-a516-47d3-a620-83593fd80abf,TR-6047-3110,Truck,17806.04,Diesel,Under Maintenance,14
fe346765-5cee-46ff-8fce-8c8ee1d7c74c,SH-7267-3111,Ship,24088012.01,CNG,Good,8
53637e91-db99-4754-969b-70dc108b4c6b,SH-1150-3112,Ship,12996618.71,Diesel,Good,8
42e508e4-3cdc-4c5d-aa59-89e45f3ade1a,TR-5856-3113,Truck,22957.05,Diesel,Good,10
3a3f0257-b92a-45f6-8f9c-c84d79aa5dba,TR-3952-3114,Truck,11402.74,CNG,Good,13
ee1bf92c-6436-4391-8a7c-9b97f1484b3a,TR-5953-3115,Truck,5000.43,Electric,Due Soon,2
24d56122-0d12-4719-b0e7-8247f9ec2402,TR-1231-3116,Truck,19125.67,Diesel,Good,15
ecef5e85-33c4-4723-9c93-643f743d500e,TR-7848-3117,Truck,15708.99,Electric,Good,17
25cf660d-73cf-4aab-a0e7-c76d7dedde56,TR-2553-3118,Truck,6622.5,Diesel,Good,13
3058183b-7c17-4cdf-aa3e-a5e9be4d0fe0,TR-3586-3119,Truck,18521.82,Marine Fuel,Good,3
14cce29a-00b4-44bd-95ab-854beaf8bfcb,TR-4082-3120,Truck,14562.56,Diesel,Good,12
195a7a8d-dff5-4b5d-a8b3-4ae7d0e72c47,TR-2097-3121,Truck,22197.53,Diesel,Due Soon,10
0136bc1a-1334-4983-8412-4c97f5f27c68,AI-3504-3122,Aircraft,19651.28,Diesel,Under Maintenance,12
d94bd1e5-4ffb-4228-a7e0-667d9030db33,TR-2320-3123,Truck,3350.32,Electric,Good,12
b80125af-8e4d-4f8d-ac34-de68df577355,TR-7946-3124,Truck,8397.7,Diesel,Good,15
355dde72-1952-4baa-834f-5105379f1f31,TR-8398-3125,Truck,8456.8,Jet Fuel,Due Soon,9
f2e93efc-a4b2-4cf2-b81c-77c919cfa0e1,TR-6682-3126,Truck,25791.62,Diesel,Good,10
951d8f10-18fe-4093-bfab-c39afad5a6ea,TR-9575-3127,Truck,16467.91,Marine Fuel,Good,7
b06aea74-ff1f-43d0-b044-2731896378d1,SH-4015-3128,Ship,2063856.84,Diesel,Due Soon,18
84aa223a-7cf1-4447-870b-83442d29129e,SH-2856-3129,Ship,18086931.02,Diesel,Due Soon,9
e045f779-83c5-43c9-9a7d-bda440189e26,TR-9124-3130,Truck,14388.75,Jet Fuel,Good,7
9f032772-fdd8-4791-9593-2bda152d7238,TR-2797-3131,Truck,24599.84,Diesel,Good,8
692d68b6-f2e0-4587-a14f-a4535ba209b6,TR-3574-3132,Truck,20422.87,Diesel,Good,1
950de93c-fbf8-479f-a1fc-555e6d4f7562,TR-2399-3133,Truck,7246.25,Electric,Good,2
16d62fae-4c5c-4310-8872-c5b3acf67dbb,TR-1903-3134,Truck,13749.8,Diesel,Good,16
6da74fbb-bb96-41de-8573-22a2788aa7cb,RA-8731-3135,Rail,449330.38,Marine Fuel,Good,16
ef370950-ab0b-4c68-a3e0-d2962d4ab0d2,SH-7369-3136,Ship,6059225.46,Jet Fuel,Good,18
016a8aaf-3bcd-471f-8b83-04cf8fda789f,SH-2458-3137,Ship,1180860.08,Diesel,Good,15
dfca45c3-f997-41b4-8efa-526ab75ea173,RA-6587-3138,Rail,280973.57,Diesel,Good,9
b631e737-b60d-41c7-9aa8-66bff3aae6c4,AI-5289-3139,Aircraft,62360.05,Marine Fuel,Due Soon,9
11b44e7f-50ee-433b-bb22-4864cefa4156,TR-1627-3140,Truck,14487.55,Diesel,Good,6
8696f9e2-3b70-429c-8dbf-41465f3281de,SH-8134-3141,Ship,21885789.29,CNG,Due Soon,13
efad89c9-afef-43d9-ba9f-682004003432,SH-6158-3142,Ship,8089418.41,CNG,Good,11
f215c000-9ae3-4789-b531-248ea3efbe50,SH-1512-3143,Ship,11823028.54,Diesel,Good,7
015c99c9-0f2b-4720-9fa0-a72b5afa68e6,AI-6173-3144,Aircraft,97635.95,Diesel,Due Soon,17
3631b767-6317-43b8-8a7e-42cac47fa512,SH-6924-3145,Ship,3680332.44,Diesel,Good,12
0150d414-a169-40a5-98e8-d789eaef4229,TR-9599-3146,Truck,18432.09,Jet Fuel,Good,7
4721081e-f491-4132-b232-016d4fc8cd18,TR-3458-3147,Truck,23135.67,Diesel,Good,6
6e503e5a-458a-41d6-b7fc-cd6e7ba46da3,RA-5941-3148,Rail,65516.93,Electric,Good,1
7ef466ab-742f-4057-be72-eafcce5fd4d1,TR-4836-3149,Truck,13097.7,Diesel,Good,9
64355528-25e6-448c-a48a-38af4adfca3d,TR-7235-3150,Truck,27402.48,Diesel,Good,15
681ca04d-c5c9-4f3d-b91a-07b0ac2d3b43,TR-5114-3151,Truck,14619.24,Diesel,Good,5
5e065406-dbfe-4c67-95ce-1845c77d44e7,TR-3492-3152,Truck,3935.83,Diesel,Good,14
1b6658c3-ed76-4100-bb06-9815e81db289,SH-8095-3153,Ship,6161394.6,Marine Fuel,Due Soon,10
131c2064-eb52-40ab-8644-f9b90dbd82ac,SH-9862-3154,Ship,8370510.24,Jet Fuel,Due Soon,16
0a8b680e-fb98-44f6-b297-c28a573a382b,AI-2616-3155,Aircraft,142724.83,Diesel,Good,10
523be456-b5e1-4c33-8257-f01d6b5a9b7c,TR-7286-3156,Truck,8329.67,Jet Fuel,Due Soon,2
5a2acd51-a8d9-431f-a507-5e5eb299f47c,TR-6481-3157,Truck,18019.91,Diesel,Good,11
ca59cf93-0af4-4791-9090-ab42a143b5b3,SH-6928-3158,Ship,9879652.62,Marine Fuel,Good,9
150badab-b8b7-453e-9bd5-895a1ff7e25d,SH-2687-3159,Ship,19347592.88,Jet Fuel,Due Soon,3
5f1efa8b-7fea-4e22-aa29-9a3558ab415e,SH-3276-3160,Ship,3707926.38,Electric,Good,17
9ef47056-1618-41fc-ae78-d149b6b25942,SH-6681-3161,Ship,17981312.45,Diesel,Good,12
9bac828f-b470-4447-a3c1-191730db13f5,TR-6468-3162,Truck,5253.33,Jet Fuel,Good,8
343be4aa-2b87-48d3-9076-0bab97aecd5d,RA-8131-3163,Rail,366779.38,Diesel,Due Soon,2
97c79a82-21dd-4d62-8a70-bd785ce9a45c,RA-6035-3164,Rail,154703.51,Jet Fuel,Due Soon,11
1ef7222c-11f0-4868-bf36-8f6213212fbf,TR-1072-3165,Truck,21050.88,Diesel,Good,18
da869699-0eea-4e76-b291-79cbdf30d8df,TR-7058-3166,Truck,11412.2,Diesel,Good,10
b82b7991-1f5b-41bc-8b59-7b449040bb6e,SH-3638-3167,Ship,6661357.52,Jet Fuel,Good,17
39eb3cc8-ca7d-4cf8-9eb7-bf64f3aa929c,TR-4321-3168,Truck,22643.51,Jet Fuel,Under Maintenance,17
73eefb0b-3048-48f7-9306-3465f83e81f8,TR-6191-3169,Truck,10047.84,Diesel,Good,2
8eb3e9cc-ff08-4af1-8af7-24c58ba2bc72,TR-2199-3170,Truck,3574.86,Marine Fuel,Good,15
25603297-facd-4cd0-8baa-d508d3f5fa7c,RA-7336-3171,Rail,593999.47,Diesel,Good,15
bdade3f8-9e0a-4ddc-b9c7-1d80c7b41f9b,TR-6719-3172,Truck,23467.03,Diesel,Under Maintenance,2
2b594150-5f0e-4e2d-9e84-74704d3692be,SH-3489-3173,Ship,7382634.7,Diesel,Good,12
24bb6412-0078-4af7-9784-9c9482b2a17b,TR-5266-3174,Truck,15048.61,Diesel,Good,3
f3093087-b809-421c-8ae3-0135abf375cd,TR-3437-3175,Truck,4328.93,Electric,Due Soon,4
8dd45e95-9f1f-436a-9237-d6638bf4a509,TR-5747-3176,Truck,21754.64,Diesel,Good,14
4a54e0e0-f4cd-4694-94e4-928d35a6149f,SH-9773-3177,Ship,11093408.37,CNG,Good,1
1037f173-470a-474c-88b5-50d82103512e,TR-8511-3178,Truck,21855.42,Electric,Good,6
7f3ed86c-c98b-49b2-a022-97de3374f10d,TR-5949-3179,Truck,22624.91,Jet Fuel,Due Soon,3
bdc32aad-be09-44ab-a044-2810a6cac968,SH-6918-3180,Ship,8320278.53,Jet Fuel,Under Maintenance,1
dd954b2e-1e9e-4cc3-b43c-2a3c45b8a0d2,AI-1007-3181,Aircraft,134316.16,Jet Fuel,Good,9
429713be-bbbc-46ae-8a59-a46490dc105d,TR-6921-3182,Truck,27446.57,Marine Fuel,Good,10
69dbbe6f-6596-42c2-9295-494d60e31b90,SH-4120-3183,Ship,19039276.37,Diesel,Under Maintenance,15
92813c25-0d45-4230-b7c2-aee1433bf9b3,TR-1136-3184,Truck,18896.5,Marine Fuel,Due Soon,5
51a3653b-07c2-459e-b5ce-90ce19882eb5,TR-2657-3185,Truck,7389.81,Diesel,Good,2
df6c2d82-ab6e-4d26-9be1-3eeebe7f3012,TR-8208-3186,Truck,13655.58,Diesel,Under Maintenance,11
9db64d1e-6837-457d-a48b-0162ed10a9ae,TR-8249-3187,Truck,7980.25,Diesel,Due Soon,12
2f91976a-236c-40fd-8ee2-9c178901b805,TR-7958-3188,Truck,14260.4,Diesel,Under Maintenance,13
e03330d1-be07-462c-ad81-efa5066f3223,SH-5911-3189,Ship,19299054.43,Jet Fuel,Good,10
00e3dd29-cb3b-4a09-887e-317f37748015,TR-3150-3190,Truck,14543.22,Diesel,Good,14
901124a4-6ba2-4a2a-b8a9-8f3d0ef21185,SH-4389-3191,Ship,15426649.2,Marine Fuel,Good,3
be6c895e-d1ce-41eb-baf2-8083d642b981,TR-2508-3192,Truck,10130.74,Jet Fuel,Under Maintenance,18
53503af9-9828-408d-a51e-aa481b8ebdd7,TR-3680-3193,Truck,9113.37,Diesel,Good,1
2baa59d7-819a-4dc9-8dbc-9720ff6e8951,TR-6247-3194,Truck,25950.53,Jet Fuel,Good,17
5a8891c4-c5f8-4c32-ab3c-47172d96142d,TR-2839-3195,Truck,8954.07,Diesel,Due Soon,16
1b8d1336-4247-4176-b6e1-22f655cd2ab6,TR-2220-3196,Truck,13104.49,CNG,Due Soon,9
24ca2fe1-9237-4abc-b0f9-b0e31bab9aef,RA-4649-3197,Rail,201671.06,CNG,Due Soon,3
0738687b-6aa8-49c0-9d5b-cf5ff2d7d3cf,TR-4957-3198,Truck,27470.33,Diesel,Good,18
4cf969eb-ca60-429a-9204-dd0d1e233efd,TR-4518-3199,Truck,16112.87,Marine Fuel,Good,13
f6052942-5dbd-4a30-a58c-868a4b3f1ee4,TR-5646-3200,Truck,14415.1,Diesel,Good,12
e5fba416-852f-4b38-ae99-05ffd93865ee,TR-3393-3201,Truck,11595.39,Diesel,Good,6
4d24966e-2c65-4d3a-a928-b7eecfbdc75f,TR-4813-3202,Truck,10272.29,Diesel,Good,17
c1c247b9-5731-4291-ab03-12684a7b71a5,SH-2303-3203,Ship,21543402.82,Diesel,Due Soon,3
7236dcd1-8c61-4afb-910d-0bcda11dd465,SH-9224-3204,Ship,8186420.5,Diesel,Due Soon,14
f5e147d5-837a-4e67-b988-b76094ec6e8e,RA-2492-3205,Rail,662883.37,Diesel,Good,2
123740a0-3a44-4d51-8537-186ba73f0808,TR-5876-3206,Truck,23144.41,Marine Fuel,Good,1
e47d94d7-c5aa-45d4-b9c9-b0d39b02819c,TR-1209-3207,Truck,3503.08,Diesel,Due Soon,11
aa84247a-78ec-400e-a927-f4dd1eb94da5,TR-1369-3208,Truck,16867.58,Electric,Good,13
54fa76a0-6fa3-4fc7-bf1c-f0ffd54e3a74,TR-3562-3209,Truck,12900.78,Diesel,Under Maintenance,8
1a0b4ec7-3d80-462c-96ef-8355ce676831,TR-1007-3210,Truck,10374.99,Marine Fuel,Good,17
827e8112-9258-442f-a8ed-d5a5de1f15a9,TR-9144-3211,Truck,15597.34,CNG,Due Soon,16
f800fa10-cf25-4450-acf8-f7062b17e5a4,SH-1979-3212,Ship,15327769.62,Electric,Good,14
d489a4bb-9d63-4d78-8438-f1a5a6ed2680,TR-1934-3213,Truck,3147.39,Diesel,Good,18
dbf2fc65-697b-4ff1-8776-5bf1ed15fd67,SH-7115-3214,Ship,22198756.55,Electric,Good,10
a1df2f9f-2468-4fb5-bfb3-c3f9f99df172,TR-4102-3215,Truck,23380.24,Marine Fuel,Good,1
c87b4794-a9bc-4697-b6b3-7196efa47cd9,TR-6155-3216,Truck,18408.47,Marine Fuel,Good,15
44b747ff-7df6-4e1f-bcc9-e7be2b05d1bc,TR-3983-3217,Truck,5198.69,Diesel,Good,9
7804b603-f577-4dd7-bdb6-70e12bd16303,TR-9983-3218,Truck,23067.29,Diesel,Due Soon,3
0fff86e6-7251-4b19-a704-876ab680b82c,TR-4642-3219,Truck,11790.77,Diesel,Due Soon,15
b9f5202a-4007-4c3d-8d62-be880c691021,TR-2077-3220,Truck,16895.2,Marine Fuel,Good,14
f6cf3bf5-00d5-454f-b820-82605751a15a,TR-7784-3221,Truck,25143.97,Diesel,Good,3
5d26a3f1-a027-44dc-90e3-bf9d31dac17c,TR-2365-3222,Truck,27394.5,Diesel,Good,13
24eee36e-2d44-4717-8cbf-74dbbe61aeb3,TR-1515-3223,Truck,10365.44,Diesel,Good,10
3ecc0645-50c0-4969-bc01-cd2dbbf4f7b3,TR-8102-3224,Truck,9467.6,Marine Fuel,Good,3
111b253f-0ab8-41a5-a525-72e029db8b2b,TR-6391-3225,Truck,8080.47,Diesel,Good,16
2bf52762-01a0-4c61-88d1-eedfe7552fac,TR-9429-3226,Truck,22966.52,Marine Fuel,Good,13
33942b3c-babc-4e44-a711-74ac89fd62d5,TR-6653-3227,Truck,9538.82,Diesel,Due Soon,16
f965815f-0759-40bb-ac5a-62c2f5901146,TR-8496-3228,Truck,16763.75,CNG,Good,8
b5fb93bd-b3a9-4326-914f-98ef9e840c57,TR-2351-3229,Truck,15841.04,Jet Fuel,Good,5
22081334-14c0-4cd4-a7f3-bae010cf90e6,TR-7276-3230,Truck,13326.9,Marine Fuel,Good,2
fc26b874-e8e8-4af9-8ab7-7f2bdc8a3ae7,RA-2447-3231,Rail,104593.43,Diesel,Good,16
4a2b5989-14d3-45b0-92c5-b8681480a251,SH-1640-3232,Ship,9922165.36,Marine Fuel,Good,1
d972e063-69f0-4e92-821d-14e21a8e0aba,SH-4492-3233,Ship,16147988.64,Diesel,Good,18
12dd1751-8ddc-4fa7-b151-6b9034588468,SH-7723-3234,Ship,10233983.37,Electric,Good,4
d7b50f60-d622-4483-92ce-e844b788b5b6,TR-3195-3235,Truck,9673.45,Diesel,Good,12
e9bbebf8-4e28-451c-b33b-b29b2fbd04e1,SH-6219-3236,Ship,10040907.05,Diesel,Due Soon,13
f26a3dfa-3289-4c20-90e0-9de1ed7f6185,TR-5868-3237,Truck,5846.17,Diesel,Under Maintenance,9
9388d933-a928-4214-9156-fbe8229ba08b,AI-7386-3238,Aircraft,80778.1,Jet Fuel,Under Maintenance,2
c2c82b81-7204-4d6a-9b1c-01face6b4bfc,TR-4834-3239,Truck,7835.53,Diesel,Good,12
2c785fe8-e24e-42ed-ad7d-95907422bfa4,TR-4564-3240,Truck,8023.26,Jet Fuel,Good,17
0cf2609d-69e2-4431-bd26-c0b336777c5b,SH-2324-3241,Ship,3689440.28,Diesel,Due Soon,6
a569f243-7ca9-49c8-9b86-58750b52a984,TR-6573-3242,Truck,18399.78,Marine Fuel,Good,3
ed4484f2-9b2b-44b7-9850-d1d051ba894c,TR-9023-3243,Truck,17972.56,Jet Fuel,Good,11
7c9530ea-f865-4145-925b-843b5928c747,SH-8329-3244,Ship,18828935.7,Diesel,Good,4
62e8993f-5e50-4c66-aa0f-f0b5d653300d,TR-7491-3245,Truck,27564.95,Diesel,Good,5
5e1ab550-39f6-48f5-9d35-41b81f422b84,SH-5042-3246,Ship,15605850.06,Jet Fuel,Good,1
7280f790-3efb-415f-89e4-b3ceb29d975b,TR-6417-3247,Truck,6813.68,Diesel,Good,12
ebef3a9c-dc24-408b-a548-f37e73757f00,AI-4042-3248,Aircraft,86144.46,Diesel,Due Soon,15
59b32f9c-8668-4a7d-b4cb-f298b8c74f2c,TR-5589-3249,Truck,16814.57,Diesel,Due Soon,5
02052b08-38d3-44b4-a729-32ee90a9ac02,AI-5029-3250,Aircraft,109366.59,Marine Fuel,Due Soon,5
2686615d-b12e-426e-bc1a-bd8f1efc940d,TR-8844-3251,Truck,12477.45,Diesel,Good,5
16a4ed67-7b38-4fd0-879e-b19597c02b5e,SH-9730-3252,Ship,19592744.47,Marine Fuel,Good,14
acedecfe-68d9-4cd1-bb7a-bf7551dc191c,TR-5027-3253,Truck,18646.84,Electric,Good,8
03fe7256-b868-4eed-ae42-8d6c305a08e8,AI-3602-3254,Aircraft,116479.73,Diesel,Good,9
833073cd-809d-40c0-9059-e802e3065d83,TR-6442-3255,Truck,9186.22,Jet Fuel,Good,3
967fe4b8-3156-4192-be33-82c145f7f22d,TR-9272-3256,Truck,9603.9,Marine Fuel,Good,16
3c1bfb6a-a61f-4aca-9cb8-966f32b5dbda,SH-2202-3257,Ship,9116077.8,Marine Fuel,Good,14
20354a93-372d-47a6-a8b4-0eda32e42a25,SH-7908-3258,Ship,11562199.37,Jet Fuel,Good,5
c76e748e-2da8-4094-8f53-2e846b6a973a,TR-7876-3259,Truck,3436.2,Jet Fuel,Good,8
dbf0c1c2-ed07-4ff0-bcfc-98127463b83e,SH-9363-3260,Ship,12279604.36,Diesel,Good,13
5e3cc27f-51aa-48ee-ac3c-689bc14e2ac3,AI-4572-3261,Aircraft,105984.93,Electric,Good,12
7891d498-e54b-42d2-8b22-41550a24c916,SH-7641-3262,Ship,23476210.13,Marine Fuel,Good,5
9b87d72d-76f8-46d0-a273-97024c52520c,TR-5449-3263,Truck,25209.04,Diesel,Good,7
1799137d-8955-4342-9466-b8143b497727,RA-1219-3264,Rail,136286.4,Diesel,Good,12
79b58b1d-0517-42b4-88b1-601f27b5e2de,TR-2548-3265,Truck,22128.04,Marine Fuel,Good,4
5116f932-a62c-4e5f-945c-affeda1ed1dc,SH-7871-3266,Ship,5130620.16,Diesel,Good,7
3fe02165-4892-4447-a4e4-c204c9be3965,SH-5570-3267,Ship,14891088.64,Jet Fuel,Good,11
cc4278de-a15d-43d5-901e-8f25c45763c0,TR-3357-3268,Truck,6305.03,Electric,Under Maintenance,16
69194e8c-1c3c-4973-8571-8cc2c2d7f639,TR-6991-3269,Truck,3352.23,Marine Fuel,Good,11
4ce8a97c-5fbf-4bd5-a94c-58597a7e3b64,SH-1383-3270,Ship,23924451.89,Marine Fuel,Due Soon,18
966d070a-bb65-4103-b908-b06424c17180,TR-3141-3271,Truck,15253.57,Diesel,Good,10
8fd20b65-7b4e-49e7-83fa-cfdc570b3dbe,TR-1379-3272,Truck,20114.22,Diesel,Due Soon,8
43d882c3-33c8-40f7-bc14-f980179126ba,SH-4389-3273,Ship,13382092.35,Electric,Good,1
8bd4facd-5108-4ad2-961a-f66c07e30717,TR-8412-3274,Truck,11805.68,Diesel,Good,8
82ca24b1-e96a-4750-81ef-dde1f6e22c03,TR-8487-3275,Truck,26233.51,Jet Fuel,Due Soon,14
e42b3003-57db-4a16-9789-b9b4d8ce2f31,AI-5005-3276,Aircraft,75051.18,CNG,Good,17
01d563b2-d769-4038-ae14-8c21fa9f4b50,TR-5567-3277,Truck,9962.41,Diesel,Good,13
7e6b64ac-dda6-4ef7-afd2-83aec09b8c9c,TR-4069-3278,Truck,13377.33,Marine Fuel,Good,8
5a2f5b50-6cd1-46af-870c-65055900a4f0,SH-9193-3279,Ship,10744539.79,Diesel,Good,11
3c909ca7-44c3-4191-af02-5d844d8453af,AI-3046-3280,Aircraft,138070.74,Diesel,Good,11
644615fc-2a91-4c49-84a5-faa162231938,TR-2656-3281,Truck,21185.85,Diesel,Good,10
42af4288-fa6a-44d6-b024-0a5f20f992a2,TR-7570-3282,Truck,9412.11,Marine Fuel,Good,14
9b6e4d21-d39a-42ef-a996-2340d2caf344,TR-5231-3283,Truck,24728.79,Diesel,Good,13
3319673f-845c-4d3e-8add-b68a12aa8c9f,TR-9076-3284,Truck,25696.01,Diesel,Good,11
8afb864e-f463-4293-b4e0-5823076473f5,AI-8655-3285,Aircraft,54147.64,Diesel,Good,9
2aa3ceee-cdd6-49de-8d07-95193822b8ca,TR-8248-3286,Truck,14017.43,Marine Fuel,Good,13
d76bf7d1-ebba-46ac-90fa-5303b6c74524,TR-3291-3287,Truck,22195.48,Diesel,Good,16
9ebcc145-758a-4818-b5b5-04e1c4411df9,TR-6988-3288,Truck,25336.94,Diesel,Good,18
f64ab93b-7655-4377-bcc9-7f371feefe73,AI-3601-3289,Aircraft,141074.53,Jet Fuel,Due Soon,7
83c9650b-5f74-40c2-9591-df93a4dc072c,RA-8122-3290,Rail,90223.58,CNG,Due Soon,7
97ec41c1-e42c-4f02-95a3-7828a488552d,TR-8336-3291,Truck,8065.84,Diesel,Good,9
4b3a2849-303b-40e1-bbd0-766793056541,TR-9239-3292,Truck,13315.76,Diesel,Good,15
b4d1d7c8-422d-463e-9d37-031c49913b63,TR-9315-3293,Truck,27726.31,Marine Fuel,Good,8
98de254b-c247-4123-831a-4060b052bb4c,TR-9334-3294,Truck,14210.01,Diesel,Due Soon,14
d73523d3-15fc-44a3-a56b-5752a08146cf,TR-4732-3295,Truck,20622.53,Jet Fuel,Due Soon,10
f2b2073d-66d7-4d99-987b-6be07c4ddaf4,TR-8557-3296,Truck,14029.85,Diesel,Under Maintenance,11
93caa4c4-6799-46bc-b094-55192dc6a06f,TR-6502-3297,Truck,12567.46,Diesel,Under Maintenance,1
0905bbdc-3823-46d6-9b35-a51e6841e4f1,SH-5766-3298,Ship,11729465.12,Diesel,Good,11
2ffc1b39-5316-474f-b86c-2dfb5bf38c01,TR-1999-3299,Truck,23767.83,Electric,Due Soon,7
01cadec0-6321-4219-b64c-88effa950d26,TR-9040-3300,Truck,5499.98,Diesel,Good,17
093f7b24-c532-45e8-bad5-ae2f0f8609ca,TR-6975-3301,Truck,9126.1,Jet Fuel,Good,12
13f7dfc2-3353-41f1-a73b-69559088551c,TR-4332-3302,Truck,21393.46,Diesel,Due Soon,6
93c23805-786c-49ce-b55b-16c9e1400a8d,TR-4739-3303,Truck,21424.9,Diesel,Due Soon,13
bc5ed92e-c543-4461-aaaa-450e34ec3c55,TR-6576-3304,Truck,22188.05,Diesel,Good,3
4a5c5f1e-fd2b-4672-ac1e-d1e45c5e07c4,TR-4125-3305,Truck,3688.25,Diesel,Good,17
cd60c4ba-f461-489f-aa68-7b41c688650e,TR-7159-3306,Truck,7142.8,Diesel,Good,15
d6646954-2482-48fb-a8cb-093700d2d0f1,TR-8406-3307,Truck,4866.78,Marine Fuel,Good,6
9f134051-bcce-4172-92e4-9f6f8069936b,SH-1002-3308,Ship,1161713.72,Diesel,Good,9
2bd836d2-0273-40c7-b872-e0d0d363518d,TR-9679-3309,Truck,16437.36,Diesel,Good,11
d625f1b2-968f-4c09-b17a-dfb0639b4207,TR-2390-3310,Truck,9614.51,Diesel,Good,14
0eff835c-78a5-491f-9caa-6bde4d846b9d,SH-9227-3311,Ship,5176871.51,Marine Fuel,Good,15
ba99da2b-41b7-4921-9c2e-dcebd40c66ef,TR-8068-3312,Truck,4552.0,Jet Fuel,Good,9
04a724e2-b366-4697-a6c3-70e4c34b5117,TR-1927-3313,Truck,5482.34,CNG,Good,4
7ea389b7-7d3d-43e4-9e9d-6d0ac2132097,SH-6068-3314,Ship,22050830.6,Diesel,Good,6
e25e8f1f-7aa9-46c3-9e4a-2d62666f1561,TR-3379-3315,Truck,18802.3,Marine Fuel,Under Maintenance,9
2f2a21c8-0e1b-4e84-ab6a-89ade77259c3,TR-1868-3316,Truck,4262.09,Diesel,Good,14
fd2e1006-8b92-4a09-9a14-84b96e03305d,AI-5446-3317,Aircraft,149115.38,CNG,Due Soon,12
f4c7d2a3-9ada-4f75-880e-4538216efcc1,TR-5047-3318,Truck,12055.91,Diesel,Due Soon,16
efaad7b7-56cd-4261-b5ba-fc0b44802bca,TR-3984-3319,Truck,18372.63,Diesel,Good,1
f7710a20-213b-4f19-8839-d2718ce12510,TR-9741-3320,Truck,25824.26,Jet Fuel,Due Soon,9
f9d94a69-73b7-4521-a0d2-e59040da4009,TR-7293-3321,Truck,14511.7,Diesel,Good,4
cf30d869-9233-4cfc-aa68-f806ae13f7c3,TR-8561-3322,Truck,4377.99,Marine Fuel,Good,2
c74f0695-fbe4-4bb9-a566-331bda4e7f15,TR-9464-3323,Truck,7648.99,Diesel,Under Maintenance,8
f0d53e01-0e32-4f0e-91fa-f99dbfa2b31b,TR-6722-3324,Truck,3343.47,Diesel,Good,18
ae9e3643-cb3c-4d68-b1f6-6ad2c916a201,SH-4509-3325,Ship,23196272.86,Jet Fuel,Good,2
414afca6-ce2c-485c-8a7c-cec44196aba7,TR-7714-3326,Truck,19616.51,Diesel,Good,14
0b2e7904-b34b-45f5-9f19-ce789f4ca99a,SH-7063-3327,Ship,3978878.95,Electric,Good,18
fc5f09fe-f860-4b86-adeb-431bac3318c5,TR-1359-3328,Truck,19344.49,Diesel,Good,7
e81953f4-6ed7-4e5e-9838-f64053b4c34d,SH-2138-3329,Ship,9896884.77,Diesel,Good,6
1830debc-ee36-4e1f-b081-6ead05f8c57b,TR-4557-3330,Truck,8592.84,Diesel,Good,9
7cb8fd1b-2763-4cd0-96fa-430c19e18613,SH-2406-3331,Ship,5273532.77,Diesel,Good,11
7b82cf6f-8cd6-487d-a1b1-64328194e9a9,TR-1744-3332,Truck,3639.43,Marine Fuel,Good,18
583ce0e8-cbbb-4ef0-b06c-27d71f5e6dbf,TR-2379-3333,Truck,25547.67,Diesel,Good,7
28f5b54c-07d9-465c-a94c-8cb08dd82b4c,TR-2213-3334,Truck,13240.84,Electric,Due Soon,10
f4d71a11-0551-4183-a3e4-37d6e559e22a,TR-8301-3335,Truck,4263.96,Diesel,Good,7
a4123266-ff68-4939-a97c-72d1e48c8460,SH-8238-3336,Ship,16175505.98,Diesel,Good,18
05ed83c1-20f0-4ab0-9c82-08ed401c59da,TR-3034-3337,Truck,17695.35,Electric,Under Maintenance,3
39a9508a-a08a-4a09-9861-29c4def185ca,TR-8436-3338,Truck,11958.98,Diesel,Good,9
5778ef66-4491-452e-976b-6b42be09d2ee,TR-8045-3339,Truck,4807.18,Diesel,Good,9
d4ad2156-cf34-4556-a348-ca06b72557b9,TR-6730-3340,Truck,11416.91,Jet Fuel,Due Soon,5
7d299df7-3391-4b94-9da0-685e33fbadc1,TR-3436-3341,Truck,15870.09,Diesel,Good,8
8d70ea96-c095-4221-a742-6ba9af49cf53,SH-2811-3342,Ship,21272430.44,Diesel,Good,10
50084868-1d91-4090-9b7f-a7311633ab99,SH-7949-3343,Ship,4416167.88,Diesel,Due Soon,2
e87d4a99-1d6f-4e52-8521-6f4b7f6195c0,TR-5568-3344,Truck,15669.65,Jet Fuel,Good,8
9e51687a-8439-4dbf-a067-c2ff4b707d09,TR-3959-3345,Truck,16407.42,Diesel,Due Soon,7
1d6f4dfd-2849-4bf0-b01b-2c94d219fe41,SH-6603-3346,Ship,18669854.69,Diesel,Good,1
878c4eb7-1a69-479c-a03b-092d80b2d6ae,TR-9524-3347,Truck,12413.09,Diesel,Good,7
88389ce6-1314-4c35-afcc-7f9182cfc0c9,TR-2868-3348,Truck,23710.84,Diesel,Good,2
aa8be8f2-1e27-4d8e-8a1a-5ffb5c859f73,RA-9694-3349,Rail,251267.18,Marine Fuel,Good,2
8341788f-da21-481c-9466-377e5891ec9e,SH-6209-3350,Ship,23678629.32,Diesel,Good,18
3572de41-2d59-4aa5-81b8-af74eb11a2ce,AI-7683-3351,Aircraft,33852.23,Diesel,Due Soon,15
bb91dada-65c7-4fb1-a39e-5887e7abd1b7,TR-7612-3352,Truck,12083.19,Jet Fuel,Due Soon,17
18721755-93e2-46f0-8ebe-175581e9887f,AI-8850-3353,Aircraft,143659.51,Diesel,Good,16
1b5da198-09fd-40dd-8ae4-903b830cc697,TR-4922-3354,Truck,10582.7,Marine Fuel,Good,15
4c4c99e9-d807-4ddf-aab6-e1882bb9ed75,TR-3289-3355,Truck,6626.91,CNG,Due Soon,4
4d330a60-7e64-404b-ae40-74e30fe5c188,TR-1997-3356,Truck,5582.85,Diesel,Good,13
a0b23bfc-4766-426b-949a-c9bd33fd08d9,TR-6265-3357,Truck,13662.42,Diesel,Good,3
62cfcecb-946e-4928-acf0-a5dcd7615f62,AI-9957-3358,Aircraft,92682.28,Diesel,Good,4
b18db7e7-5c5d-4556-ae0b-b92f93f6077b,SH-6518-3359,Ship,10852075.26,Jet Fuel,Good,17
b7e01307-a0a0-4a10-9c8b-88c1d6923f93,SH-3673-3360,Ship,7071396.2,Jet Fuel,Good,17
924b6774-7430-4581-bfca-9b6f4e1a17b9,TR-8359-3361,Truck,25093.78,Diesel,Good,2
020a7e89-9603-4acf-b447-26f4c2fe26b7,SH-3354-3362,Ship,19409839.61,Diesel,Due Soon,6
3ce1764a-8193-471c-ac2c-c54734346f9b,SH-8855-3363,Ship,22908857.9,Diesel,Good,18
6cd139a8-f512-4be6-ab39-058758bc8bec,AI-1621-3364,Aircraft,77781.22,Diesel,Good,18
d4521125-29e8-4f13-af63-23048710e6b1,SH-7648-3365,Ship,14088913.88,Marine Fuel,Good,9
b02500fb-d0e3-4606-b893-bc97c0c3ab9b,AI-7330-3366,Aircraft,124820.46,Diesel,Good,18
6e01973b-0619-4a2d-be3a-92ae7cd15017,SH-7493-3367,Ship,17124748.5,Diesel,Due Soon,5
950d7a0e-ec3a-4c2d-a8be-ab92ce909729,RA-6396-3368,Rail,338874.99,CNG,Due Soon,2
1bf19641-f456-4bcb-b67d-aaff1afb34a2,TR-2738-3369,Truck,27357.2,Marine Fuel,Good,7
0299acb5-2f6d-452e-82c1-1fcbc0b34629,AI-7650-3370,Aircraft,21431.01,Marine Fuel,Due Soon,18
3457a50e-9bb6-42d7-8096-45d6f960b579,TR-8439-3371,Truck,3414.86,Diesel,Due Soon,6
063085e2-08db-48e5-a11a-d0b8ae039c86,TR-9592-3372,Truck,19714.42,Diesel,Due Soon,9
ee79741f-cadd-4e21-a44d-4c7d65cc31a5,TR-7369-3373,Truck,8937.73,Marine Fuel,Good,10
6f2486dc-048c-432f-9ac0-db2bcd771097,TR-5464-3374,Truck,26128.52,Diesel,Good,6
2da9b74a-6e09-4bed-844b-48d97aa554f9,TR-6542-3375,Truck,14750.91,Electric,Good,9
846621df-cfee-4512-8e68-98e202af3dc9,SH-7849-3376,Ship,15819691.82,Diesel,Good,9
629bcf02-be1a-411b-a3b4-2eaddcd35068,TR-2745-3377,Truck,9171.63,Marine Fuel,Good,15
1797914e-52ad-489b-9b69-50447ad28b5d,AI-3503-3378,Aircraft,100869.72,Diesel,Good,10
761e4c4f-48b5-4f28-ab01-5075e73e0dce,TR-4595-3379,Truck,11597.92,CNG,Due Soon,6
ef2b0142-b0be-4e64-9b06-4f58efd617cc,TR-7532-3380,Truck,24366.99,Jet Fuel,Good,16
df31e88f-b112-4241-b1a2-b0f57cb93e62,TR-7033-3381,Truck,18377.65,CNG,Good,16
53459ba7-d27f-4806-945d-45b686a18c0f,SH-7372-3382,Ship,24040652.8,Jet Fuel,Under Maintenance,14
1490cb9e-84fd-4c5a-93f4-e03a91400fe0,RA-4064-3383,Rail,600128.81,Diesel,Under Maintenance,4
a62d81a2-0d72-4b03-bf73-d1748802747e,SH-6885-3384,Ship,14680731.28,Marine Fuel,Under Maintenance,14
3137ff5a-dd21-4580-aa60-75db5368fc68,SH-9038-3385,Ship,4963421.71,Diesel,Good,13
d6394d52-c63e-458a-8693-06d0dfa007d0,SH-1516-3386,Ship,7062363.72,Diesel,Good,11
99cd11f4-259f-469b-9079-c2bdfd51f096,SH-7717-3387,Ship,5963005.76,Diesel,Due Soon,4
44738c80-743f-4d08-a083-55027982a045,TR-2178-3388,Truck,9779.84,Diesel,Good,8
60166668-d8b9-4f50-82a4-b45720de100d,TR-1591-3389,Truck,27466.03,Marine Fuel,Good,9
b66d91c8-8102-44fc-839d-6fc90119f87b,SH-3086-3390,Ship,12565224.98,Diesel,Good,5
94e58fe0-999b-4387-a59c-1a597cebbd38,AI-2537-3391,Aircraft,136954.94,Diesel,Good,1
4bc84fcb-82c3-455e-af93-922cb9fbda4b,TR-6559-3392,Truck,7116.87,Jet Fuel,Good,1
b9df72b2-d057-4d47-8123-4e4fd4084446,RA-6499-3393,Rail,532471.24,Diesel,Good,3
affe2dea-7523-4690-9889-fa3a07dedc19,AI-5023-3394,Aircraft,105371.65,CNG,Good,10
b19f9d1c-327b-41f0-9097-d553cbab069c,TR-1220-3395,Truck,10982.01,Jet Fuel,Due Soon,7
5d2c444e-3ba0-42cc-a188-d8563dee483b,TR-7028-3396,Truck,27938.05,Diesel,Good,10
bf4494ff-4c6e-423f-aa33-d741dbacc7f2,TR-5138-3397,Truck,4588.79,Diesel,Good,3
e0365524-64a5-4191-b714-8ffadf70c5cf,TR-9147-3398,Truck,18045.25,Marine Fuel,Good,18
e937529a-a00a-41c8-a60d-040e904fdb93,AI-9425-3399,Aircraft,118808.13,Marine Fuel,Due Soon,1
469f8797-eb51-40d1-9584-fb98628ff8d7,SH-3116-3400,Ship,12867670.93,Electric,Good,16
e7017e5a-ab37-4307-98c7-c65f11eb03a5,SH-5840-3401,Ship,13103556.26,Diesel,Good,7
cb00fe99-09e8-4b60-bf04-b90a1bb84285,SH-5045-3402,Ship,20725053.99,Diesel,Due Soon,3
055813c8-f202-43f0-bd8e-71ff03bdb3bf,TR-8813-3403,Truck,18499.36,Diesel,Due Soon,14
b158bf3e-2997-4b62-b9ce-78244ea63116,TR-7214-3404,Truck,9412.05,Diesel,Good,3
a90b6309-108d-478a-aad0-d68ea276f32d,SH-3867-3405,Ship,8254473.01,Marine Fuel,Good,13
62679de6-2e36-436e-93b0-aea10e8671fd,AI-7025-3406,Aircraft,143745.22,Jet Fuel,Good,1
d6bef473-fbff-477e-8cd2-2f258c72817c,SH-2304-3407,Ship,795752.29,Diesel,Good,13
7b597fc0-64c9-4669-9c76-17ba964b81e8,TR-7111-3408,Truck,26367.86,Diesel,Due Soon,5
d24d4802-f59c-4292-9b6d-415cffe6be2b,AI-2733-3409,Aircraft,108015.97,Diesel,Under Maintenance,10
e28078bd-ac24-4b95-b40a-91a2712684b9,TR-1546-3410,Truck,9681.63,Diesel,Under Maintenance,8
cccf9449-e430-461a-b0e8-519685909be5,SH-8462-3411,Ship,17802768.36,Marine Fuel,Good,10
ee385745-0b28-4a6f-aa71-e60740e4b8c0,TR-7317-3412,Truck,14022.92,Diesel,Good,12
c3d7b7bb-13db-4f90-9bc2-96b262f00a6b,TR-7479-3413,Truck,20889.84,Diesel,Good,14
5ea0fa1b-d06f-4d38-9d9b-78e9399aa030,TR-9062-3414,Truck,15710.08,Marine Fuel,Good,6
4a6823eb-218e-4dcf-bc6e-4099615a45a6,AI-1697-3415,Aircraft,43543.02,Diesel,Good,6
33c4a699-d1cc-427f-b48b-014ce78f80b6,SH-7026-3416,Ship,15366822.08,Jet Fuel,Due Soon,9
ab283fcd-2573-45c2-a7ec-412c535b913a,TR-9062-3417,Truck,10571.7,Diesel,Good,15
2b0793c7-5922-48d9-878b-3bfcb2216f44,TR-8238-3418,Truck,8211.01,Diesel,Good,10
269407e2-e259-441e-b9dd-9c95bf42c426,TR-9593-3419,Truck,25764.32,CNG,Due Soon,13
3de06cdb-34cb-453f-9e28-07d5072f013e,RA-8447-3420,Rail,404199.0,Diesel,Good,10
ea8d5150-17ee-4c97-b79a-878370cda482,TR-6288-3421,Truck,20744.96,Diesel,Good,13
d047d7fd-3df2-4dcf-9a58-ab3896ff68eb,TR-8315-3422,Truck,7028.21,Jet Fuel,Due Soon,16
8de70025-12a6-43d4-ab9a-a2e5ec2c648c,TR-8035-3423,Truck,23719.38,Diesel,Due Soon,3
d604cf09-874d-408a-b559-576399eb3414,TR-2140-3424,Truck,11320.5,Marine Fuel,Due Soon,8
66db2e07-0868-431d-8901-50984fc15a15,TR-9775-3425,Truck,15901.74,Jet Fuel,Good,10
7b2afd4f-1857-4058-98b1-33e8e7d144de,TR-7245-3426,Truck,24922.94,Diesel,Good,17
04bbc7f8-9169-4b8a-8ab3-460f745a43fb,SH-9041-3427,Ship,19907533.03,Diesel,Good,16
0a87d982-6edd-4d5a-868b-e56b6914bd88,SH-3451-3428,Ship,18482558.37,Diesel,Due Soon,6
2c17ce0f-d59a-44b9-a442-6ffc7d6514ff,TR-6388-3429,Truck,17680.14,CNG,Good,18
e3c6cdee-18a8-410e-9c61-b2260f8623c6,TR-5554-3430,Truck,27890.82,Diesel,Under Maintenance,7
99f7ec8e-1c29-4fb5-a2c9-4cac3e9f8cfc,AI-9199-3431,Aircraft,15814.56,Jet Fuel,Good,14
a9d05d9f-b6ad-42f2-a189-04dcd101798a,AI-7851-3432,Aircraft,106435.38,Marine Fuel,Good,9
10eeffe9-7ccf-483e-873f-f17fcf5ec378,TR-3950-3433,Truck,18863.69,CNG,Under Maintenance,4
308fdbbe-6659-4d6e-83c2-64717326aae4,TR-6773-3434,Truck,17767.05,Electric,Good,4
b48d84f0-dbec-471c-9d23-983b4a2a4253,TR-3519-3435,Truck,15301.08,Diesel,Good,15
781492b9-60f7-4849-96a3-fa75b37960bb,TR-6240-3436,Truck,4834.62,CNG,Good,13
fc66c955-f845-478c-b1b7-84f2799c4723,AI-8340-3437,Aircraft,142662.47,Diesel,Good,1
f8a41847-321d-472d-823e-6c7712658787,AI-2551-3438,Aircraft,137319.45,Diesel,Good,5
0e362a8e-e9b1-42e1-9caa-8fc4a20605ab,TR-6265-3439,Truck,3863.64,Diesel,Good,3
0f96dcc7-7956-4029-bec5-332b7f9f547c,SH-1821-3440,Ship,19328924.72,Diesel,Good,8
277db7ba-89a9-4325-a87a-abcc8965a275,TR-7520-3441,Truck,16152.8,Diesel,Good,4
f1d3a704-25ab-4ddf-a4df-b032551f547c,TR-9351-3442,Truck,12805.45,CNG,Good,7
c9292554-6962-46bc-b27f-0017793c3a90,TR-7453-3443,Truck,24853.87,Electric,Good,18
34213983-d27a-4fea-98b9-1aca3de96b2d,AI-5820-3444,Aircraft,73430.88,Diesel,Under Maintenance,3
4881e3cd-64ef-449a-a184-caf201bd7f27,TR-9791-3445,Truck,9198.51,Jet Fuel,Good,15
2493cf61-48e1-4e26-b2bc-644934d249bb,SH-2108-3446,Ship,16355707.09,Diesel,Good,18
3214da42-8cd9-4136-8b59-28fafa6459e5,TR-6123-3447,Truck,22348.64,Diesel,Good,8
f9bad108-9b79-4c56-baab-702b5b9f7a24,TR-6214-3448,Truck,26123.73,Diesel,Good,2
24b6e2cc-a39d-4abe-8439-41335aa4d030,RA-5445-3449,Rail,192729.28,Marine Fuel,Good,6
73eb08be-4fd4-497c-a9e8-c734421f9793,AI-3596-3450,Aircraft,116229.65,Diesel,Due Soon,5
b1289c14-6e60-4b29-affc-52cba16e9b56,SH-3565-3451,Ship,6462020.21,Jet Fuel,Good,3
c7e55d29-ea52-4d8f-96f1-d03e77a1c8a3,RA-9155-3452,Rail,102122.52,Diesel,Good,10
6e8a2814-df6a-4a20-bc55-5cc09542c5a2,SH-4105-3453,Ship,8917081.1,Marine Fuel,Due Soon,3
43ea587c-161f-47ed-bc39-5f43ec484745,RA-3317-3454,Rail,219168.29,Marine Fuel,Good,10
1b35b2b8-e5be-4e5e-80c8-40b81d47664e,TR-1518-3455,Truck,25165.77,Marine Fuel,Good,2
3886677f-9f90-4755-b39d-53e8673aeb40,RA-4994-3456,Rail,544741.05,Diesel,Good,1
31d0bd8e-4345-4b4e-bde1-cdb9d3ad41b0,SH-9854-3457,Ship,10577731.33,CNG,Good,9
2a3edd2d-a5e8-4a6d-b83a-1d67334da56c,TR-5266-3458,Truck,12268.94,Diesel,Due Soon,5
6c1db9dc-eae1-4de4-8579-38a05eac1a82,SH-1913-3459,Ship,22186656.71,Diesel,Under Maintenance,9
08319ea1-01c4-4a34-8122-f312bd4ed579,TR-4364-3460,Truck,17974.37,Diesel,Due Soon,3
796a1061-407a-4cc9-9cd5-d4106020df52,TR-4738-3461,Truck,19219.26,Marine Fuel,Due Soon,13
ad6c604a-6ae8-49ba-b883-28b59a6f39c4,TR-2449-3462,Truck,3801.18,CNG,Good,18
e5836134-c17e-4546-9a89-1bb1d3b64f48,TR-4452-3463,Truck,6891.0,Diesel,Good,1
88c4d118-78dd-49b4-a682-eea19ed8be25,TR-4812-3464,Truck,3110.08,Diesel,Good,17
af8c36c8-6f82-41d7-8668-eadd1c0be388,TR-4805-3465,Truck,8848.57,Diesel,Good,16
8747bb8b-d025-4542-bcbd-fffb8cb056a6,TR-4825-3466,Truck,5034.27,Diesel,Good,18
421f37f6-7a5d-42cf-851c-f29de5a9a72a,SH-5944-3467,Ship,13031130.63,Diesel,Good,7
46e7adfa-bfd1-4c28-96aa-99860082c808,TR-1529-3468,Truck,13576.27,Diesel,Good,6
495c4d8b-3679-48b0-8f95-bdd9eecac096,SH-8330-3469,Ship,9144767.04,Diesel,Good,11
91ad94ab-e2a0-4155-8169-e080f5060bae,TR-4047-3470,Truck,10286.55,Diesel,Good,3
6cdb6e11-b113-4b7a-aafb-af13d1c83395,SH-2649-3471,Ship,21848536.09,Diesel,Good,5
fb088c3d-6cf9-46a2-b10b-a342c214ee9d,TR-1491-3472,Truck,5981.78,Marine Fuel,Good,10
c3cd8c08-2a09-4ad1-abb2-dda0f1b090ed,TR-2335-3473,Truck,8979.51,Marine Fuel,Good,16
2ded84c4-5362-44c0-9e59-a84e6298f974,SH-1296-3474,Ship,14624133.09,Diesel,Good,7
ed3fc4c2-648f-48d4-8486-33518b0204b4,RA-3380-3475,Rail,351656.35,Diesel,Good,1
2e7eeb0a-65b7-4cef-a343-0c5ebf228bda,SH-8140-3476,Ship,1627668.35,Diesel,Due Soon,5
06cb9024-85f6-4e98-86f2-54ba609ee124,SH-3698-3477,Ship,10360737.14,Electric,Under Maintenance,17
bc190fd3-6fb4-4677-a6f3-19c260afbcdb,TR-8270-3478,Truck,15183.1,Marine Fuel,Good,14
081c9e0b-f15c-4a77-a95a-8858fa8a7eac,TR-8470-3479,Truck,19261.28,Marine Fuel,Under Maintenance,5
f5ababe5-8983-456e-8727-2a9b8695bd66,TR-5988-3480,Truck,20530.83,Marine Fuel,Good,10
0f8b0a0f-d89e-4ff1-bed6-821147a08cd9,TR-1799-3481,Truck,26958.57,CNG,Good,2
2214664e-c455-47fb-9610-ffb34e69c6d4,TR-9694-3482,Truck,16830.58,Diesel,Under Maintenance,13
38bd039f-3d86-4f1f-8089-be90d65cc7f2,SH-3249-3483,Ship,18206056.22,Diesel,Under Maintenance,16
6436b832-08f5-49ca-9260-7393243d6895,SH-3946-3484,Ship,8205695.29,Diesel,Good,2
e72db446-f900-4ca7-a1b7-da81006b3bc6,RA-1829-3485,Rail,529399.54,Diesel,Due Soon,17
2d6e1a1f-62a3-4f77-935b-0c444d098927,TR-1027-3486,Truck,27136.65,Electric,Good,13
10fe0d75-7040-483a-8ec8-f5d1f3e5dff8,TR-6057-3487,Truck,22411.27,Diesel,Due Soon,11
2eb0dc52-1e35-47b9-95aa-8607281392cd,TR-4271-3488,Truck,4637.48,Diesel,Good,14
15b061e2-2382-49e3-a477-d8a017905dad,TR-4354-3489,Truck,10172.12,Diesel,Good,8
8a67593b-381e-4fbb-8c35-a71ca17dbf9b,AI-6443-3490,Aircraft,105850.72,Diesel,Good,17
055f0869-d15b-4d91-b6e1-901a1a5cfa49,SH-6295-3491,Ship,23774192.74,Diesel,Good,6
120f2e3e-ce7e-456b-be7f-3067e956be4f,TR-1789-3492,Truck,10667.58,Diesel,Good,6
6f212005-f48b-482d-8823-d71c675500fa,TR-8500-3493,Truck,7095.78,Diesel,Good,11
131f563c-167a-461b-85a0-878b0f8c4d82,TR-9410-3494,Truck,23632.13,Jet Fuel,Due Soon,15
085aa9fb-efa3-47b2-9b79-dd7d22243833,RA-2355-3495,Rail,546648.11,Marine Fuel,Good,12
2df75834-16f4-4c3a-a45e-250e2558f2e1,RA-9773-3496,Rail,56591.04,Diesel,Due Soon,2
461b5367-7ac4-47f1-8898-d0c1b6409e79,TR-5497-3497,Truck,20053.55,Diesel,Good,5
ca438d99-4434-4905-8202-7a54d9244353,SH-4198-3498,Ship,23826504.31,Jet Fuel,Good,17
b8d6aebe-abe6-42dc-8dc5-3809cf066065,SH-4637-3499,Ship,19258532.38,Jet Fuel,Good,18
70a7e77b-cb27-4064-86c8-ff85bb762f7d,TR-8374-3500,Truck,5006.81,Marine Fuel,Good,12
f970a1a2-fea7-4822-9650-527c554a31fe,TR-4728-3501,Truck,16785.24,Diesel,Good,11
3fee2b35-a174-4917-bf88-3df284008475,SH-9880-3502,Ship,9802438.82,Diesel,Due Soon,9
7accd6dd-728c-4b11-8e90-4119748dd5c0,TR-2931-3503,Truck,27494.47,Diesel,Good,10
68a894cb-1d9a-4d68-9f2e-d4fb1154ec53,TR-3145-3504,Truck,3506.63,CNG,Good,3
5fe69554-3078-4e4b-87ea-34f3a7b6fa4c,SH-5262-3505,Ship,18226811.43,Diesel,Under Maintenance,9
a1191614-ad46-4323-b187-85bbc559a2ae,SH-7799-3506,Ship,13799564.37,Electric,Good,17
c3ed7f4c-74a2-408f-99d5-47f4eb7cc6bc,SH-7237-3507,Ship,13415466.32,Electric,Good,13
20a79c9f-1515-425b-836a-b41ea0505ca9,SH-2075-3508,Ship,14375408.85,Marine Fuel,Good,17
d1b8c191-a3c9-4df4-a0ec-d252a872f88c,TR-3188-3509,Truck,27817.15,Diesel,Under Maintenance,18
59505446-3a16-4a10-b097-53600e3fd35f,AI-8644-3510,Aircraft,18355.06,Diesel,Good,9
5af45a94-20e5-4b33-beb5-0b8b06aa3fc1,AI-8595-3511,Aircraft,44280.46,Diesel,Due Soon,1
803f75c7-1bbd-43b3-bf8e-00b2cacf9e21,SH-7181-3512,Ship,1834216.33,Jet Fuel,Good,16
4f9bbe6f-ecd9-4f00-9f00-60a8f5b98b88,TR-9169-3513,Truck,6531.72,Electric,Good,18
e375b30e-6016-4733-a1c3-6e2d0b0e8f2b,TR-8523-3514,Truck,20087.11,Electric,Good,4
1029db16-45cc-43e7-87e5-afe943b5d440,TR-9228-3515,Truck,5352.7,CNG,Good,13
f1f3fe06-9667-4731-a391-9728c0c6aff0,AI-5156-3516,Aircraft,145922.54,Diesel,Good,10
2f75c552-183f-4000-bed2-21fe76e60b49,SH-5190-3517,Ship,16528045.78,Diesel,Good,9
76ce8f12-cb7d-42b1-9c3e-b544a8750f68,SH-8743-3518,Ship,12279115.8,Jet Fuel,Good,9
ba2da169-09d1-455d-b843-abaa1717d3d5,TR-7361-3519,Truck,3430.45,Jet Fuel,Due Soon,10
20a3ba14-7a03-4973-b2da-9f88288ff3ac,SH-5532-3520,Ship,14019336.02,Diesel,Good,12
c55d5ab6-92fd-4c8e-9f8a-589d182731cd,AI-4407-3521,Aircraft,10366.95,CNG,Due Soon,17
1dada107-7e47-4f8b-a3e2-5b205a9f7804,TR-7655-3522,Truck,5222.72,CNG,Good,15
f7d3c101-29c5-4489-991f-325d8a69b566,TR-7131-3523,Truck,24683.96,Diesel,Good,14
174b1752-390c-4730-a611-35374db8288c,AI-6061-3524,Aircraft,111154.57,Jet Fuel,Good,4
d8fd8f76-4a5c-48c4-857c-2691b60dba3b,AI-8280-3525,Aircraft,114109.43,Marine Fuel,Due Soon,1
45957394-24b8-46c4-bc1d-87121aae2726,TR-8590-3526,Truck,20641.87,Marine Fuel,Good,10
0efc3f9e-3232-439d-b766-f60c8a14b216,TR-6902-3527,Truck,7893.76,Diesel,Due Soon,4
7cfd974b-b3f7-4bfa-9a73-0c139a401384,TR-1206-3528,Truck,20291.47,Diesel,Good,10
1682b1ec-8b81-43ca-91d5-09c88323c83a,AI-8339-3529,Aircraft,119680.84,Diesel,Good,9
a0208022-6ad3-4711-b959-fb21b1f1b723,TR-5085-3530,Truck,19834.05,Jet Fuel,Good,17
34334057-4aba-4a92-868f-1e8f0370a3b8,TR-6937-3531,Truck,12870.51,Marine Fuel,Good,15
cef24673-ebc2-40e0-9b76-8bb59b4d68c6,TR-5760-3532,Truck,6139.64,Diesel,Good,9
4b505a54-1d8b-41a3-8e94-939861919b5d,TR-6478-3533,Truck,12018.02,Diesel,Good,2
b24b36f4-c860-4ca6-b43c-5f5dc77933b4,TR-1734-3534,Truck,11826.41,Marine Fuel,Good,7
8a11d016-498e-45d5-9b61-58f9ff79ac14,SH-3209-3535,Ship,24655142.2,Diesel,Due Soon,18
e00fc69e-3a78-4a62-8622-249e99d0cd96,TR-9883-3536,Truck,14677.14,Diesel,Good,6
eb0bd2d5-bbb1-4e8b-8fac-cf4636b12e66,TR-8437-3537,Truck,21111.8,Jet Fuel,Due Soon,16
5bb90bf3-ecac-47e4-986f-cf1c1036f03a,TR-7204-3538,Truck,25163.0,Marine Fuel,Good,1
6ac79f5f-7865-4f31-8148-fa191630a748,TR-5229-3539,Truck,15867.74,Diesel,Good,7
baf624f7-bcb4-46a8-9413-048046e6d021,TR-4002-3540,Truck,18208.13,CNG,Good,5
721e9e66-c2cf-4dba-825c-b8da6b4f5da5,AI-5131-3541,Aircraft,90071.5,CNG,Due Soon,11
57b94d0f-05ee-4ee2-908e-8eba391a1270,AI-5926-3542,Aircraft,140968.13,Diesel,Good,13
68731f0f-c030-4f7e-9fcd-2955edcca889,TR-3066-3543,Truck,14986.45,Diesel,Good,3
6b382105-f0fd-4d94-b96e-549dc29c03d6,TR-7653-3544,Truck,13464.76,Marine Fuel,Good,12
ed910cb4-2908-4aaf-a5da-2a34bddc66cb,TR-9230-3545,Truck,13495.62,Jet Fuel,Good,3
dc366aa2-20eb-4ea5-9011-502a54ac5f63,RA-5111-3546,Rail,579945.76,Diesel,Under Maintenance,4
2c3ea488-6dd1-4540-bc7e-6c5c19635b56,TR-2026-3547,Truck,19244.53,Marine Fuel,Good,6
8040c2aa-67ee-4492-a91a-540aec95f2ae,TR-2118-3548,Truck,17380.05,Diesel,Due Soon,10
af2b5567-1622-422e-a005-cc38e74017c1,TR-1745-3549,Truck,8783.69,Diesel,Due Soon,8
f082af6d-09c8-4d75-81fd-b582f2c857fe,TR-3244-3550,Truck,13254.32,Diesel,Good,9
eace650a-4abc-4da2-97e9-03e2101edecb,SH-1013-3551,Ship,4140573.53,Diesel,Good,17
58c8aab8-df7f-4819-9499-966d04245893,TR-2425-3552,Truck,12041.38,Marine Fuel,Good,13
c4cab252-7ba1-4c35-b4bb-9f75877166e3,SH-1074-3553,Ship,21926255.65,CNG,Under Maintenance,17
378a295e-3bee-4b19-a68f-4e61c8b2b9c4,SH-4506-3554,Ship,21482800.38,CNG,Good,15
9ac1f8d1-655b-43be-a1e0-d8eea625c298,TR-9662-3555,Truck,15239.3,Diesel,Due Soon,5
4b8c9924-f657-4f45-ad1b-492f112b3fb0,AI-4340-3556,Aircraft,83340.44,Diesel,Good,13
6d6bc177-aa96-498c-a7fa-a3cae7ed61e8,TR-7763-3557,Truck,5565.59,Diesel,Good,9
8d48c657-5013-452d-a0e9-bf117fa90cd7,TR-3122-3558,Truck,14949.67,Jet Fuel,Good,5
a47a9b13-496e-47ba-a6c5-73bcc5888653,RA-7277-3559,Rail,530264.37,Diesel,Due Soon,11
d99288ef-b3cb-4dfa-9bfd-2e47a3c278b1,TR-3070-3560,Truck,5113.58,Marine Fuel,Good,7
c279981c-24f3-45cb-862e-9fda1436382d,SH-8542-3561,Ship,24398315.69,Electric,Under Maintenance,17
05bd737f-aaf8-491c-a14a-002172700aaa,SH-3885-3562,Ship,23022190.34,Marine Fuel,Good,4
850d88cc-4680-481e-9bd0-77bda2737ec3,SH-9763-3563,Ship,9264267.62,Marine Fuel,Good,10
595029d1-5746-4181-9351-087575d5b10b,TR-4276-3564,Truck,4189.69,Diesel,Good,10
c820439b-a8ab-4aea-a811-49da052537cf,TR-4734-3565,Truck,7053.35,Diesel,Under Maintenance,16
899aebc4-fc20-4281-ab86-6a676f5eeaa5,SH-9427-3566,Ship,13912264.34,Diesel,Good,8
6368b0e0-2ab7-4c04-a8c9-6f57f635e2a9,TR-1784-3567,Truck,3782.95,Jet Fuel,Due Soon,6
e9b31233-ae53-4b3e-8173-18223b530463,TR-4596-3568,Truck,19364.68,Diesel,Under Maintenance,5
0c3a340f-1724-4c85-aa0c-67c47dd88c01,TR-1134-3569,Truck,22569.6,CNG,Good,4
bc40bdf1-7b27-46d6-b7f8-afec69776f15,TR-4487-3570,Truck,14758.31,Diesel,Good,17
1c55f8bc-bac7-45e1-9937-3108127c76a6,TR-3065-3571,Truck,8172.76,Diesel,Good,10
9bf9f298-f1d9-4978-9172-f3fca8d9f14f,TR-5577-3572,Truck,23708.13,Diesel,Good,1
3a1f7334-7c7d-4c9b-9eb3-3a09d17a8085,TR-9545-3573,Truck,8179.18,CNG,Good,14
ecf8c6c4-e593-43af-84bc-b1af1c5416e3,SH-3400-3574,Ship,8561100.82,Diesel,Due Soon,14
0f788010-34bd-40ef-b5ab-01ae971e76a5,TR-1622-3575,Truck,13955.53,CNG,Under Maintenance,12
26549e7b-c450-46e0-a8ac-7d4d7a1ea3cf,TR-1415-3576,Truck,8244.15,Jet Fuel,Due Soon,10
ce070f3b-f4e4-4be8-8afa-1da46f323cfc,TR-9353-3577,Truck,7875.21,Diesel,Good,16
654061ff-9d42-459b-a81f-c5df88365555,TR-1064-3578,Truck,16291.51,CNG,Good,13
29689fc4-829d-4290-a44c-b3cb1da71cba,TR-8179-3579,Truck,12080.53,Diesel,Good,10
6a42319b-3fb8-45b3-b371-326b699d921f,TR-6008-3580,Truck,25296.88,Diesel,Good,10
d650f4c4-ec7f-4d9c-8dbf-4465b3ff17e5,SH-3291-3581,Ship,6931818.56,Diesel,Good,2
74bcb700-8ecc-4615-8770-82aa08292219,AI-3555-3582,Aircraft,49363.9,Diesel,Under Maintenance,9
32f0f8e3-453f-4234-9ac8-06126c04472c,TR-3436-3583,Truck,26681.29,Diesel,Good,18
256ae520-a1d8-41f0-891d-3b1a7c83cc6c,SH-8428-3584,Ship,14206109.2,Diesel,Good,8
c083d306-fefd-4328-bdd9-ed7c5784e9f9,TR-4705-3585,Truck,13696.75,Jet Fuel,Good,6
07db7e49-4d16-4511-9c8e-867c00612d1e,AI-4931-3586,Aircraft,26674.37,Electric,Under Maintenance,2
c1439145-8044-46d6-8cb3-07132a283fc4,TR-2875-3587,Truck,16372.46,Diesel,Good,1
db559b9e-2169-4d30-a97c-3b4b9a30ab7e,TR-2407-3588,Truck,22348.86,Diesel,Under Maintenance,11
54cfecbc-72ca-46c7-be15-152e4e23a4d3,TR-6707-3589,Truck,10807.96,Marine Fuel,Good,5
b963e34e-c4bd-417f-8b86-57835b02a20c,TR-1366-3590,Truck,10402.04,Diesel,Good,1
51c81e8f-9050-4815-b166-998bf9f458f9,TR-5108-3591,Truck,26394.56,Diesel,Good,16
6eb0a2fb-f541-4958-bb32-ddd341430444,TR-1551-3592,Truck,5352.27,Diesel,Under Maintenance,12
287e5b7c-1820-4c60-87dc-e7c4cd5e5fd5,TR-5320-3593,Truck,26298.53,Diesel,Good,15
1264bee9-db66-4d78-a37a-08e6f04dd7a2,TR-3258-3594,Truck,9786.44,Jet Fuel,Due Soon,17
46cccb7f-18b7-4c7c-9d44-3441d6a24c55,SH-8651-3595,Ship,10931013.3,Diesel,Good,18
254fb556-361d-4746-9383-4befb1152569,TR-4722-3596,Truck,8444.84,Marine Fuel,Good,6
889d6891-78bb-4400-909c-86846f8c1742,TR-7352-3597,Truck,15792.04,Diesel,Good,18
e974d85c-615d-43f8-be46-73012996317c,SH-9462-3598,Ship,10142225.09,Marine Fuel,Due Soon,16
bf5173bd-696a-40fa-9a76-ede23058dc5f,SH-8724-3599,Ship,13192930.32,Diesel,Good,11
4477534d-06a9-4785-a2da-6d09e895fccb,SH-4124-3600,Ship,17123935.04,Diesel,Good,7
5eb6264b-9953-4a3c-873f-64399f08a74b,SH-9901-3601,Ship,6912701.24,Diesel,Good,8
0d48e321-70dd-45a2-b088-566d12829c1a,SH-4821-3602,Ship,15202314.86,Marine Fuel,Good,12
e093a777-f2f3-4e05-a264-3a29718af541,SH-8221-3603,Ship,21733832.93,Marine Fuel,Good,8
ffa3f08e-da5e-4995-82a5-a7b8670defe5,SH-4549-3604,Ship,23350668.47,Marine Fuel,Due Soon,1
9d5545cf-a3d3-4c24-97d5-83a0ff277586,SH-6070-3605,Ship,4157645.01,Jet Fuel,Good,10
b69e2cad-bd9b-45e1-b3d8-82b374b133e8,AI-8434-3606,Aircraft,32815.03,Diesel,Good,8
52cd060c-8118-4e37-afb9-4f970bfbc70e,TR-1248-3607,Truck,12933.78,Diesel,Good,14
278599f7-e4e5-4ef7-9069-87940a5cf0ee,TR-6833-3608,Truck,18557.01,Diesel,Good,18
8ece0301-4b3a-4ff5-8cf1-174cca1e429f,SH-1011-3609,Ship,23863900.53,Jet Fuel,Good,8
e6c2a2ab-d4d4-4751-a38e-9ed21e2a7472,SH-7163-3610,Ship,21022094.62,Marine Fuel,Good,1
de0c8e64-750d-4068-9433-0ec4f13ca087,TR-8240-3611,Truck,11026.64,Electric,Good,3
cc6bdc3e-2047-4dd9-8e02-32d2bdacd484,RA-5099-3612,Rail,516251.29,Electric,Good,8
72d6cfaa-dbd0-43ce-b6f2-e45c9da34abf,TR-1627-3613,Truck,16224.47,Marine Fuel,Good,10
229ec759-8f0b-49a5-b234-d7a7c6f216c6,TR-3324-3614,Truck,25303.98,Jet Fuel,Under Maintenance,2
e6c37e50-fb89-4580-8f0f-f202a6e2fc71,AI-5496-3615,Aircraft,43726.33,Diesel,Under Maintenance,4
109fc469-b727-403c-ba7c-5045d7a31921,SH-3336-3616,Ship,21904086.13,CNG,Good,2
8fcaa74c-672b-4c9c-9ba3-ef7beea5f99d,TR-6934-3617,Truck,18347.58,Diesel,Under Maintenance,10
0b3d8261-b96d-4339-b17d-1820d121a14f,TR-7982-3618,Truck,24298.37,Marine Fuel,Good,14
1ceb9814-e4f3-46d6-ada8-f7800c9628eb,TR-2033-3619,Truck,5843.48,Diesel,Good,2
e998dd33-5167-4f05-bdc8-659276a690cb,SH-1352-3620,Ship,20467672.17,Electric,Good,6
7c29d1a6-7c89-4566-8f8f-b1df4d418381,TR-3785-3621,Truck,20720.41,CNG,Good,10
fdccb2e5-75ca-4162-a926-0796e3f9d5a3,TR-7595-3622,Truck,7154.52,Marine Fuel,Due Soon,8
95452616-cae8-4009-90ac-d8d2695d7c7c,SH-5642-3623,Ship,21480144.12,Diesel,Good,6
5333790b-d0c4-43c7-bad8-741f6ab1f3d4,TR-6535-3624,Truck,5361.15,Diesel,Good,18
e4c3dc80-a646-49f7-baa9-76cede9884ee,SH-4221-3625,Ship,17332228.65,Jet Fuel,Due Soon,11
2789357e-2d56-4c0d-b05a-26663611248e,AI-4321-3626,Aircraft,112104.42,CNG,Due Soon,6
fcb2c0ba-b882-4a21-be8b-4a92ad80fa1e,SH-3248-3627,Ship,8890651.17,Marine Fuel,Good,9
a4b2d9e3-7fb4-4c68-87c3-bce85fe497a8,SH-8455-3628,Ship,8369318.6,Jet Fuel,Good,10
3a0edf7b-c2fe-44d9-bef8-5eb7a5a2219c,TR-5881-3629,Truck,25335.91,Marine Fuel,Good,3
42a5d78b-2c17-444e-a22f-7c19bd685a16,SH-6631-3630,Ship,6030651.51,Diesel,Good,6
783efb71-740a-4ffc-a315-013343972862,TR-7102-3631,Truck,4002.14,Diesel,Good,14
7e217ae3-93d5-4236-a0d3-37b7d9e5ea7f,TR-7202-3632,Truck,7973.48,Diesel,Good,4
84aeb1c7-8096-4893-b111-07011b92c919,SH-1548-3633,Ship,17651721.74,Diesel,Due Soon,16
a4840a73-f2b7-4bfd-b086-d509f8549e2b,RA-5114-3634,Rail,239357.6,Jet Fuel,Good,8
027a605e-96d8-4be6-9616-34d59a095ecb,TR-8051-3635,Truck,11449.63,Diesel,Good,18
102ac471-4572-44bf-a93c-dad200cc775d,RA-2496-3636,Rail,110739.11,Diesel,Good,2
38732af9-d346-4806-ae97-f39f76ae5ad4,SH-3940-3637,Ship,9868156.3,CNG,Good,9
624ca510-95e8-4933-a59e-6286439f69d3,TR-9608-3638,Truck,26018.66,Diesel,Under Maintenance,1
ced52b32-7dd2-449b-8863-58a6b23d90da,TR-9992-3639,Truck,5343.88,Diesel,Due Soon,16
3e3fadc1-c31f-4ada-a56f-66f08e154270,SH-3462-3640,Ship,4665103.32,Diesel,Good,14
24181751-f5a5-46e4-8cd8-82302a619052,TR-3881-3641,Truck,23533.0,Diesel,Good,5
7d06d232-d52b-49fc-a82a-ca2feea5c87e,TR-5146-3642,Truck,12795.24,Marine Fuel,Good,1
d05c3de6-c2d8-4075-ad05-dfa0dfac6bcf,TR-5797-3643,Truck,10036.11,Diesel,Under Maintenance,15
29e3092f-0025-40c2-902d-e4c31e6b5c6a,RA-3692-3644,Rail,121170.65,Diesel,Good,18
7738d338-0894-4cfe-8b98-d7383fe3e639,SH-1715-3645,Ship,9330648.06,Diesel,Good,18
83bb1c29-ee8b-4599-9e3b-52938cef2d48,TR-7727-3646,Truck,22319.19,Diesel,Due Soon,12
48c59e61-07d4-437a-a65a-e837f5ea92bd,TR-3155-3647,Truck,22177.24,Diesel,Good,2
45f895cf-fb10-4b2c-88d5-1735af8e5763,TR-1363-3648,Truck,22328.69,CNG,Due Soon,18
31f5c42a-1d19-461c-b91c-aab1b7ea0908,SH-3722-3649,Ship,16843019.56,CNG,Due Soon,4
62447a1a-3b44-497e-a738-703cf67fd9ea,RA-6384-3650,Rail,678101.39,Marine Fuel,Due Soon,5
c39ecec2-d946-4e56-a762-9240f8219fbc,SH-5095-3651,Ship,3042532.45,Diesel,Good,2
ecc57653-9e49-4d28-9beb-975a61cfda99,TR-7050-3652,Truck,27181.93,Marine Fuel,Good,4
99ef3ef6-fb52-4038-824c-7108f9622ca8,SH-9338-3653,Ship,2094557.23,Diesel,Good,6
8c35ea5d-7c2a-4c10-bda9-513d31520322,SH-2960-3654,Ship,18620445.06,Diesel,Good,14
d56109c7-d364-4352-848b-c1cbc3bcdfb1,SH-8997-3655,Ship,9659586.02,Marine Fuel,Due Soon,14
1a0fbbbf-7bbb-4a15-a5b4-4bc0ec838deb,RA-6777-3656,Rail,574134.86,Diesel,Due Soon,17
7c13ec82-49bf-4070-a593-7c36ccc6a4b6,AI-1954-3657,Aircraft,98965.83,Jet Fuel,Good,9
fa2c29d5-8963-46f5-ab4f-bc453ebd7fea,SH-4434-3658,Ship,14725889.91,CNG,Under Maintenance,10
2886e21e-e0e9-445a-9f01-62239d73a7f9,TR-9334-3659,Truck,10210.34,Diesel,Due Soon,6
0a066820-f0f1-405d-b5b9-64d1ed497226,SH-8002-3660,Ship,6774638.95,Diesel,Good,6
3f2a8972-2632-4bd1-81ac-3a658eb109fa,TR-1721-3661,Truck,4799.06,Diesel,Good,12
210cab17-9342-45da-ab93-e1eefa4d2ab4,TR-7334-3662,Truck,22851.99,Jet Fuel,Good,10
03520786-5fad-43d1-b476-aaf76f487382,AI-2585-3663,Aircraft,13117.43,Jet Fuel,Due Soon,16
d5f19976-308f-42af-9d53-8a082f6d22ec,TR-3661-3664,Truck,12330.54,Marine Fuel,Good,14
b257d63c-8f72-4186-bb22-06705397d5f6,SH-1529-3665,Ship,13520432.56,CNG,Due Soon,12
994f293d-516a-46bb-b09f-4518d7c8eac6,TR-6727-3666,Truck,20487.44,Diesel,Good,14
83fe5f9c-9711-4e0e-940d-8182c92d02a0,TR-4931-3667,Truck,24411.28,Jet Fuel,Good,9
0688a510-4a67-47d0-b559-1db0fe8de79b,TR-6659-3668,Truck,26695.85,Marine Fuel,Good,1
4f16d453-3511-4c9f-9e12-5375d18f407e,SH-7232-3669,Ship,2597733.86,Diesel,Good,4
b4f215fb-e92d-4e1b-966c-7bfddbd004c1,TR-8214-3670,Truck,22541.77,Marine Fuel,Good,6
dca1bf7d-08ef-4791-a722-17179ff2b1e1,TR-5744-3671,Truck,17321.11,Diesel,Due Soon,4
4b25c005-3d1d-4396-837a-82cab8f48b33,TR-9722-3672,Truck,12204.95,Marine Fuel,Good,5
9514129a-29d6-4d57-a9ee-a2d2f63c223e,TR-2774-3673,Truck,19452.62,CNG,Due Soon,3
9219cadf-b6e9-427c-9491-dd567b2a15d9,TR-7742-3674,Truck,3474.56,CNG,Good,3
79301c60-d91d-4e6e-a816-675b91bdedda,AI-9332-3675,Aircraft,128836.21,Diesel,Due Soon,14
feec9c96-b720-40b2-9eac-93edb6e0dec4,TR-1958-3676,Truck,25715.36,CNG,Good,6
3eca4d77-f9bc-4842-b8c9-5ad48a7fb2ab,AI-7111-3677,Aircraft,51448.88,Diesel,Due Soon,5
c3173ae8-7504-4d09-b544-f218bf048b36,TR-1160-3678,Truck,12280.23,Diesel,Good,13
739c1a8a-9707-4cb9-ace5-5329b0821886,TR-2343-3679,Truck,9212.96,Electric,Good,15
80726d00-59f3-4777-a737-acf417d5a41f,TR-2593-3680,Truck,21931.59,Diesel,Good,2
d77d0f92-d90c-43ce-970a-8d5f25ebe6c3,SH-8873-3681,Ship,17649996.93,Marine Fuel,Due Soon,10
21a3056a-c2ce-4ea2-ab75-74d2b10a2f0a,TR-8058-3682,Truck,13585.52,Marine Fuel,Good,16
d5f1e6af-5ddb-4c39-94e2-6a682e7f0ced,AI-7696-3683,Aircraft,63805.84,Marine Fuel,Good,17
8310061b-9d67-445f-ae36-e9ed1e8759ad,SH-7589-3684,Ship,1973461.19,Diesel,Good,14
9bceecbc-6f60-40a5-9a22-834bc287c049,TR-8735-3685,Truck,20478.31,Marine Fuel,Good,1
d527584c-8030-49b4-8509-9fb32eb77c03,TR-8521-3686,Truck,14881.22,Diesel,Good,11
b9bb36fb-8dd1-41d4-af0b-08b13e6d069b,RA-9743-3687,Rail,78870.58,Jet Fuel,Good,15
2669d247-3086-41e1-9351-f4c436bca8aa,TR-1721-3688,Truck,21493.13,CNG,Good,11
e32f82cb-b907-41ae-97bd-bfb45a18be52,AI-8634-3689,Aircraft,51149.35,Diesel,Good,13
53b5ebed-2dfc-4b2a-b391-e429989ce10b,TR-5579-3690,Truck,6576.83,Electric,Due Soon,2
6785bffe-221b-44f2-8ca1-fd86fe0f9b88,SH-9441-3691,Ship,2667035.85,Electric,Good,10
832c343a-19f2-414b-9da3-01e814ac615f,TR-4558-3692,Truck,14116.94,Diesel,Good,4
325b334d-5135-41fd-8844-fb74206a1e47,TR-1682-3693,Truck,15663.94,Diesel,Good,18
eae15fe0-301a-4b26-bf8d-ceb84a9fba32,RA-2987-3694,Rail,305140.48,Diesel,Good,16
b7304302-b243-4933-b506-678862deef8c,SH-6678-3695,Ship,4952404.57,Marine Fuel,Good,18
9428d7e4-d973-48c8-abef-f0b33aae56e1,RA-9852-3696,Rail,349647.37,Diesel,Good,2
201426cd-a344-4a79-8f02-59fb58538c49,RA-2326-3697,Rail,455739.69,Marine Fuel,Due Soon,4
d987bf4e-160e-42f6-b63c-0850cd2b7ed0,AI-3620-3698,Aircraft,110737.76,Jet Fuel,Good,3
68a8d690-1a69-4d50-9834-8d3798e4077b,TR-7620-3699,Truck,10754.38,Marine Fuel,Good,11
7eb50a80-2029-441f-83ea-5d13d627d0ba,TR-9750-3700,Truck,4601.22,Diesel,Good,1
d43d826c-ec90-4bbb-8441-9a40e4c38de3,TR-2885-3701,Truck,5657.86,Electric,Good,10
5c33f792-c0ce-4df8-937e-1fa9a372b093,SH-3242-3702,Ship,20004477.14,Diesel,Good,12
0e2a1644-4d8d-4eaa-897b-9effa704e2f9,TR-9317-3703,Truck,8801.04,Diesel,Good,12
6b8b079e-f5ff-4fac-bda6-af93297c2437,TR-7601-3704,Truck,20269.65,Marine Fuel,Good,8
0c75e886-cab2-4059-bb5b-d5e2d9448b85,TR-9039-3705,Truck,27842.51,Diesel,Good,2
ca08a03d-4423-45b6-a92d-d34df05ab4ac,TR-9295-3706,Truck,25757.41,CNG,Due Soon,17
e589a515-f7ad-43bb-99b9-f8293b50217e,RA-5565-3707,Rail,235648.83,Marine Fuel,Due Soon,13
5ee9eb49-ad42-4c53-9b29-5612263696fc,TR-5938-3708,Truck,22689.47,Marine Fuel,Due Soon,12
e87087e9-a118-4a5d-82cb-941f9b6da69b,RA-3762-3709,Rail,558173.45,Diesel,Due Soon,8
19e45203-f7f1-4026-846f-a691bc03bd04,TR-5678-3710,Truck,24821.11,Diesel,Good,15
129c85b6-a78b-44bd-8e19-d1fdb05f9910,RA-5302-3711,Rail,398356.25,Marine Fuel,Good,1
5d8921e2-343e-4bf8-a1de-f7892e7f39cb,TR-4454-3712,Truck,26509.85,Diesel,Due Soon,6
fc21ab78-7dbc-4dd4-adb6-0ba47102e331,SH-4173-3713,Ship,18065633.07,Diesel,Due Soon,18
bce3c335-2214-437f-a261-910c74d92d6a,AI-8969-3714,Aircraft,142498.28,Diesel,Good,18
0e140a08-cb4b-4c5e-8b25-ea6b556f5992,SH-2782-3715,Ship,12109717.18,CNG,Good,3
2599601b-7024-4767-bca9-cecc5b3f44f7,SH-8854-3716,Ship,20167818.72,Diesel,Good,8
6121d89f-661b-45e4-9bc0-6d53abcd4e1c,TR-5337-3717,Truck,24279.82,Diesel,Good,15
3e0a1c56-2e09-4d38-bee3-2dd65174753d,SH-5873-3718,Ship,21718737.12,Marine Fuel,Good,12
6bf1d09e-5673-4041-9c83-b8842d7d74c1,RA-8185-3719,Rail,306515.88,Diesel,Due Soon,12
983cd533-8739-4e86-bf88-617b2f54dc64,SH-6075-3720,Ship,24994094.09,Jet Fuel,Good,12
c9c1504b-3ec0-4b88-99d6-9f95f73f4597,TR-4606-3721,Truck,24533.96,Marine Fuel,Good,17
d021d700-9bf0-4f4e-921d-bf63acd9fdeb,TR-8532-3722,Truck,6070.6,Marine Fuel,Due Soon,6
ac9daadb-ca9c-4d76-99f4-5e5ed9a7a744,TR-4971-3723,Truck,17660.82,CNG,Good,1
c429727d-03f9-461b-a3df-8338ff7adc2f,RA-4986-3724,Rail,54787.4,Diesel,Good,15
50db4bfd-c765-45e9-a05f-af9775349f79,TR-8222-3725,Truck,15293.04,Jet Fuel,Good,10
30f6157b-7e28-4fee-89a4-42e0db5fa20a,SH-6810-3726,Ship,20721758.81,CNG,Good,2
53216daa-8f42-423c-96d6-f2a73473dee0,TR-2424-3727,Truck,12622.45,Jet Fuel,Good,13
c448909a-3817-4f75-8bcb-609ca7ee05ea,RA-6214-3728,Rail,226214.36,Diesel,Due Soon,8
8fba76b3-a781-4318-a46a-7edfdedf0e8a,TR-4854-3729,Truck,18291.05,Diesel,Good,15
f76f60f9-1254-41d3-a265-7e308e31e488,TR-8664-3730,Truck,11833.06,Diesel,Under Maintenance,12
fd4b975b-aac7-48c7-adff-bd0bd87c1e8e,SH-4042-3731,Ship,6083806.22,Diesel,Good,15
f40207eb-6e03-498e-bc9f-f7c30e637fb8,SH-1862-3732,Ship,23027537.61,Diesel,Due Soon,5
3852173d-90e9-40c2-967a-0f7dd9b59fc3,TR-5913-3733,Truck,7719.56,Diesel,Good,11
60948629-35e6-43f1-9686-a3b29582deda,SH-7268-3734,Ship,7856603.55,Jet Fuel,Due Soon,5
4e69f00b-6401-4d4a-8058-c9a6a2f96ebc,TR-2484-3735,Truck,18557.09,Diesel,Good,10
c7720f67-8f97-489d-be04-0997e4fc166c,AI-7853-3736,Aircraft,149978.03,Diesel,Good,5
d11b6cd5-26d5-42ca-a680-ad0d4bb8208a,TR-4514-3737,Truck,12006.36,Diesel,Due Soon,18
dfbf2d81-0103-4e07-999a-db038e5931b0,TR-2738-3738,Truck,6771.94,Marine Fuel,Good,4
d6b8b07f-b7f7-499d-87b9-fe75513f5acf,TR-6393-3739,Truck,9784.39,Marine Fuel,Good,8
18696095-e159-4b51-ab69-dd85ebbb8883,TR-3104-3740,Truck,17487.42,Diesel,Good,14
c79e84e9-3d76-4f03-aac9-e5fc78f1e18c,TR-7110-3741,Truck,10035.56,Marine Fuel,Good,12
0743df45-2c6c-449e-b6c3-4d2cd52e09ee,TR-3522-3742,Truck,14781.31,Marine Fuel,Good,13
c1204e64-1876-4a1e-9671-d541e15232f6,TR-3720-3743,Truck,9957.42,CNG,Good,4
a24eba14-4798-4d3a-bbe0-5873491b5a29,TR-8297-3744,Truck,27327.88,Diesel,Under Maintenance,7
5a5593d0-5d9a-458b-9174-ad5b693f8b76,TR-4171-3745,Truck,26420.29,Jet Fuel,Good,18
21ffb74a-250c-465e-969b-dead9119e5c4,TR-7042-3746,Truck,27562.74,Diesel,Good,10
b11c85b9-6b70-4854-8c2c-b64ddc463e05,SH-6790-3747,Ship,10330707.99,Marine Fuel,Good,11
8e406ebb-59e0-49dc-a933-cf07e158703a,TR-3304-3748,Truck,16989.46,Diesel,Good,1
3b881157-5eb7-43c3-9912-6733a2a448b1,SH-9771-3749,Ship,4658002.07,Jet Fuel,Good,2
fbed77ca-6321-4a73-ae20-46ad34e40b1f,TR-7905-3750,Truck,7926.91,Diesel,Due Soon,12
9b428dc1-f8e8-40a8-b394-0cf8f742b721,TR-9220-3751,Truck,5762.66,Diesel,Good,15
ee1265bf-4e7d-4590-b20f-4fc076a372e4,TR-2562-3752,Truck,16374.16,Jet Fuel,Good,4
d60445e0-2c42-412c-ac5f-bcb42124d310,SH-3504-3753,Ship,15405537.68,Electric,Good,15
02373beb-77e7-4e62-b4a9-c78c28f11ca6,TR-5116-3754,Truck,16479.01,Marine Fuel,Good,17
7022f913-8e60-412e-bf5e-6b313b693426,TR-8508-3755,Truck,4683.05,Marine Fuel,Good,11
5b4c224c-0ad7-4f3e-af85-d09fbb4d8e68,AI-6518-3756,Aircraft,101189.5,Diesel,Good,7
c3a56aa6-b97d-40d1-b82d-ee1aa2af5c2c,SH-6090-3757,Ship,23408163.57,Marine Fuel,Good,9
756a4076-c687-48ae-b99a-6ad448f7b95c,RA-9288-3758,Rail,323845.5,Marine Fuel,Good,7
a643f550-6562-4748-a555-1d60c23cdbf9,TR-2268-3759,Truck,19164.25,Jet Fuel,Good,18
1ca61820-1fcc-4068-862e-f2bdde46f276,TR-8062-3760,Truck,26873.47,Marine Fuel,Under Maintenance,17
84fc1043-7069-496c-b751-ccbf5407a9bf,TR-2004-3761,Truck,12492.2,Diesel,Good,6
4b9269e1-0542-4987-afa4-9518b071163e,TR-4958-3762,Truck,6175.16,CNG,Due Soon,2
51a6d332-cf2f-4eaa-8566-1ff20b9c0b02,TR-4937-3763,Truck,6479.45,Diesel,Good,16
9cc06656-332a-4d72-950a-2478b4dc5c22,TR-3042-3764,Truck,20164.03,Marine Fuel,Good,8
6476bf05-a5c1-4c22-b708-76deb8a1cc78,TR-1465-3765,Truck,11342.61,Marine Fuel,Good,17
b8605c4d-a6a8-416e-9fc9-ee0118a99077,AI-6133-3766,Aircraft,17973.39,Electric,Good,12
2bb496b2-d33f-4ec8-9cba-344cadad5b3f,TR-1110-3767,Truck,6348.14,Electric,Good,10
9eeb4149-2dcb-405c-828c-6f846376f054,SH-6177-3768,Ship,22433902.44,Diesel,Due Soon,7
f7ce14db-9d94-42b1-bd90-7676090a9135,TR-9943-3769,Truck,17843.48,Jet Fuel,Good,17
bfac0a3b-6cff-4d27-8b34-62d1c141f463,SH-8841-3770,Ship,15504135.91,Diesel,Good,16
2691cdf9-26f2-4902-9b6d-9e4e8e66c3df,SH-5381-3771,Ship,20513741.77,CNG,Good,17
9b9770b8-c36f-4496-b299-7bb8f6c22f26,SH-4017-3772,Ship,24051051.13,Diesel,Good,13
40b80483-84ef-4a06-bf67-3c101a6ea7d4,SH-6177-3773,Ship,2071284.19,Diesel,Good,8
a4a9de7b-ab34-4e6d-85da-fc01fb01e026,AI-1375-3774,Aircraft,103552.88,Marine Fuel,Good,2
7044789e-b6af-4a53-9abe-241e878d2588,TR-2388-3775,Truck,5446.98,Electric,Good,12
162cff9f-a1a6-4129-9194-2e2fd4f7eb0b,TR-5475-3776,Truck,25786.85,Diesel,Good,8
e24d8360-1e83-43aa-bbbb-e1d5e8098bb4,SH-2814-3777,Ship,2299497.13,Diesel,Good,15
edf63125-e1b9-41fb-8502-f7489c291d3c,AI-7163-3778,Aircraft,136808.93,Diesel,Good,11
005b990b-cc71-4b5b-b2ba-1a01c90444bf,TR-3347-3779,Truck,6677.46,Marine Fuel,Good,10
f21b7466-020f-4646-83d5-47b55198f0ac,TR-5892-3780,Truck,25438.5,Diesel,Under Maintenance,13
eda266be-ea75-4b60-bad1-58a694488cd0,SH-3370-3781,Ship,9026330.32,Electric,Good,10
a3dfdd02-7c4c-42c6-b14f-c9106f929df6,TR-5955-3782,Truck,6073.72,Diesel,Due Soon,14
1541cd19-0b06-440d-b439-877e203e0981,TR-8498-3783,Truck,18941.69,Diesel,Due Soon,18
90d0fdac-07ea-4fb9-a981-a665bea11667,SH-7772-3784,Ship,23830280.13,Marine Fuel,Good,7
7ca579cd-2c67-46a0-ba73-12f3bae01205,TR-5790-3785,Truck,11360.79,Diesel,Due Soon,17
22c2d3cd-a7ec-4791-8594-208293e9e235,TR-6833-3786,Truck,21828.34,Electric,Good,8
e5270c68-bf13-4a89-af79-70303a3e6a89,SH-4394-3787,Ship,4168578.56,Electric,Good,15
3963f357-f8c9-497e-b6a3-67eb7796d806,RA-3993-3788,Rail,179479.08,Diesel,Good,8
70a6445b-f186-4134-adc7-68a2505adb0d,AI-1177-3789,Aircraft,64388.05,Diesel,Good,8
0dddc5a4-9154-483e-93a7-f84a54c21f1e,TR-9886-3790,Truck,5712.28,Diesel,Good,4
3924b49b-2b3a-4457-acaa-42edeb5514bc,SH-9336-3791,Ship,19541947.72,Diesel,Good,14
a3440907-4efb-4bd5-943c-e62e3b5d2bbc,SH-6802-3792,Ship,16167367.08,Marine Fuel,Due Soon,5
2caebf02-1648-466b-8bdb-7f3ec45b3e08,TR-1111-3793,Truck,19354.43,Diesel,Due Soon,9
8bd02d34-e3b7-4171-9a16-45381da8511e,TR-2620-3794,Truck,17611.5,Diesel,Good,3
49678032-0b73-4d6e-a73f-d7e6cce7d037,SH-7769-3795,Ship,16312052.58,Diesel,Due Soon,5
19aebbdd-addb-4009-856e-2a971cd0756f,TR-2738-3796,Truck,12323.97,Marine Fuel,Due Soon,12
ff9a700a-3f19-4362-972a-363bc6eecf44,SH-1424-3797,Ship,5225234.54,Diesel,Good,12
326711ef-abb2-4fa4-bd8a-be53d6857082,SH-1088-3798,Ship,22106827.87,Diesel,Good,11
a3fd8be6-7371-4aa8-84e9-80b7d7e77c45,SH-5130-3799,Ship,935605.49,CNG,Good,6
8cfb5516-a22e-4a90-9c39-6e7aacd8b247,TR-7191-3800,Truck,11785.5,Jet Fuel,Good,6
f5ba2d12-ae58-4b5f-a6d3-da1b8d292559,TR-5012-3801,Truck,19545.3,Diesel,Good,18
0cbb1610-a96b-4832-b3c9-a16670c416d9,TR-6249-3802,Truck,11119.46,Jet Fuel,Good,9
3a7c9854-5cd9-4fec-96d1-72d5e27d4054,SH-6970-3803,Ship,5860073.94,CNG,Good,13
412f0f20-0d89-4c65-a566-9995e44f90ab,TR-5537-3804,Truck,16868.26,Marine Fuel,Due Soon,5
77daf6d8-71e8-4c06-b2ba-81ab23d90c29,AI-5064-3805,Aircraft,39894.48,Marine Fuel,Due Soon,3
23146d4e-6849-4a87-b97d-64277ad3a7bb,TR-1509-3806,Truck,16904.62,Electric,Due Soon,17
f3c791a5-55fa-4307-9aa5-a73a18f58840,SH-7503-3807,Ship,2478225.99,Diesel,Good,6
082b7c9a-060c-4a48-b572-7770ad362277,TR-6801-3808,Truck,19550.28,Diesel,Good,15
8a7f32a4-94e7-4c5b-9293-3f0e22d4d1bf,SH-9298-3809,Ship,5180001.35,Diesel,Good,10
d94b14af-03b1-4cbb-aed8-cb38de5cf861,AI-9804-3810,Aircraft,106701.21,Marine Fuel,Good,3
4393d9ed-e0f5-4d9f-9aa4-44486fc35d83,SH-1590-3811,Ship,16330462.17,Diesel,Good,17
c7468572-49a6-4a57-9d72-f058906a2315,AI-3574-3812,Aircraft,66446.37,Diesel,Good,9
e007649e-7f20-47ca-a69c-08930bb9b8a0,SH-4899-3813,Ship,10035386.82,Marine Fuel,Good,1
2b8471fc-d8c9-46f5-aef6-85e4c3dd98e8,TR-3880-3814,Truck,16167.95,Diesel,Due Soon,8
78e567a4-b65d-4797-a0be-dc2391529180,SH-3702-3815,Ship,3338840.62,Jet Fuel,Due Soon,18
849f6b82-4bfc-4446-a642-2c5945a8f4cb,TR-1631-3816,Truck,18953.89,Jet Fuel,Due Soon,2
7ab5aebc-2b73-4d27-abd5-af32a03a2682,TR-2361-3817,Truck,6013.15,Marine Fuel,Good,8
d81b2717-abcd-4a66-81a2-122c2e973522,AI-7624-3818,Aircraft,12461.6,Electric,Due Soon,15
75429f6f-ac8e-4266-8127-2c3016981f44,SH-7681-3819,Ship,13078638.15,Diesel,Under Maintenance,11
15e408ca-8165-4e75-b87d-4df5fe26f1a7,TR-2629-3820,Truck,22954.44,Marine Fuel,Good,10
b261b3cc-71d3-4932-bd90-a5a54175898a,SH-5421-3821,Ship,19813538.92,Electric,Good,8
f153951e-2ee7-4c72-879c-068fba4cecea,SH-8738-3822,Ship,13879722.71,Diesel,Good,12
a2ab7da3-2fe1-4ae5-820f-8534e1534d7f,TR-7925-3823,Truck,22200.43,Marine Fuel,Good,5
e996f40f-8c87-4993-b290-6a838cc15b3b,AI-9040-3824,Aircraft,121310.23,Diesel,Good,12
0df19b3d-dbd7-44be-9396-341a14653b65,SH-8196-3825,Ship,21037744.09,Marine Fuel,Good,4
7c8618ca-776e-4d21-ae9f-38a0cf44e9be,TR-4329-3826,Truck,27788.55,Marine Fuel,Good,4
3c5e9e4a-2751-426f-a7e0-d41e79f1b59d,TR-7106-3827,Truck,11241.46,Marine Fuel,Good,6
a218eaac-0191-4d69-a33e-d1877b97435a,TR-3859-3828,Truck,22962.56,Diesel,Good,6
66913753-cdfc-4f11-848d-49bca23d8313,TR-8451-3829,Truck,17565.49,Diesel,Good,16
2ac4bede-fa71-4a33-9fa5-800840d61b0d,TR-2316-3830,Truck,3407.49,Jet Fuel,Due Soon,4
f80d5023-6844-4cf8-964a-86373b01dc74,TR-9556-3831,Truck,9486.9,Diesel,Under Maintenance,8
3ba94257-74cf-4edf-a41c-28f0168af626,TR-8623-3832,Truck,4023.77,Diesel,Good,5
0d3e295b-47bc-4b2a-8186-ed1c31c051fc,TR-5156-3833,Truck,23395.16,Diesel,Due Soon,4
e41968c3-c73b-420b-a6b0-907a8b486a9c,RA-5133-3834,Rail,438802.93,Diesel,Good,14
586fc352-89a0-4f0b-b999-440f8f59881d,RA-3314-3835,Rail,605988.82,Diesel,Good,11
7eade43f-7bc8-4795-ac02-4ea1fcb04091,SH-6458-3836,Ship,3504967.37,Diesel,Good,16
29f348c7-4b32-45c2-8dee-ca096cfffaf9,SH-6114-3837,Ship,23282293.57,Diesel,Good,7
0e89cb80-014e-412d-a1c4-635b9c67ea2a,AI-7057-3838,Aircraft,88010.69,Electric,Good,1
819cc695-ffc0-4094-9709-20e5afb8735c,AI-3627-3839,Aircraft,35953.09,Diesel,Good,4
2da2892c-af6d-41c9-8e59-687b7f62d473,SH-3623-3840,Ship,7222210.42,Marine Fuel,Good,11
6e0523d8-c263-41a6-8101-8938aa924516,TR-2345-3841,Truck,18091.16,Diesel,Good,16
cb14a3ef-46e7-402f-86ae-6b6ecf2018c2,RA-1724-3842,Rail,488702.44,Diesel,Good,11
88272686-8308-4abf-809f-75c1643525a2,TR-1573-3843,Truck,15976.35,Marine Fuel,Good,18
6db17f2c-1cab-4b32-b113-eeba66d6950b,TR-8967-3844,Truck,24748.15,Diesel,Good,3
8ba03354-3e71-427e-9182-98496890595c,TR-5713-3845,Truck,9552.39,Diesel,Good,7
5ecaabd8-3922-44b6-a7b4-0daf260f1fbd,TR-7651-3846,Truck,3684.62,Diesel,Due Soon,8
cd80d5f0-a4db-4bdc-b041-9bc04268be47,TR-6528-3847,Truck,9912.53,Diesel,Due Soon,14
3ff8fddb-249c-4e4c-9662-b537b963a9a2,TR-7031-3848,Truck,7132.33,Diesel,Good,10
9a07eab0-2ec2-4577-9680-026d59347c87,SH-7766-3849,Ship,14411339.1,Electric,Due Soon,8
589b6eed-f091-4474-829b-0d51e87c01ae,TR-3582-3850,Truck,22724.83,Diesel,Good,17
f8bb0bf9-6fa1-4a7c-9eee-557b56909499,TR-3126-3851,Truck,16298.63,Diesel,Due Soon,15
a40e1f92-531b-4e9d-b8dd-3e69eadae54c,SH-9816-3852,Ship,1148243.61,CNG,Good,2
bef138eb-408d-4728-9484-e1c6a802017e,RA-6899-3853,Rail,53199.86,Diesel,Due Soon,17
c7b8522f-3666-4a9d-9c6f-5439611db56f,SH-5991-3854,Ship,10898037.17,Jet Fuel,Due Soon,7
61218545-d480-4167-b408-118c83a83884,TR-4210-3855,Truck,6017.14,Diesel,Good,10
a15a0b24-9a18-4d56-9de5-fcc2b0a0af98,TR-7965-3856,Truck,22096.51,Diesel,Due Soon,8
eb0930ae-7662-40e3-87bc-3d5c46ce4f93,TR-2985-3857,Truck,20547.92,Diesel,Due Soon,9
564ea5da-4e30-4ffa-b6cc-e22d137f39e2,SH-7726-3858,Ship,22590813.46,Jet Fuel,Good,11
cc1a4bd3-ac12-4184-9c92-a5b0301b717a,RA-4274-3859,Rail,367736.36,Diesel,Good,8
9a23f689-1781-4fa7-968c-b3acea8ef5d5,SH-4653-3860,Ship,14127211.44,Diesel,Due Soon,11
880a6e4c-3a17-488b-8c29-90147f3a6e8b,SH-6827-3861,Ship,9887536.36,Marine Fuel,Good,7
3a2889ad-445a-4b76-bf59-3b93ce77cb3f,TR-2616-3862,Truck,7213.34,Diesel,Due Soon,1
98db086d-0f37-4f71-bc4e-0f5201dd5d4b,SH-5420-3863,Ship,2985460.07,Jet Fuel,Good,11
49b718c4-8a11-4b65-a349-dc5c222e41d7,RA-3400-3864,Rail,361048.77,Diesel,Good,16
800a5590-662b-4ca6-9596-93d42e2ac348,TR-1458-3865,Truck,10271.87,Jet Fuel,Good,18
20f66b44-d88d-448f-9571-3012ac9b1b38,AI-3127-3866,Aircraft,48815.43,Diesel,Good,14
7fa50549-90ec-4c08-b700-9e80ccbaa287,TR-5273-3867,Truck,9650.64,Diesel,Due Soon,1
8f78da43-8bd0-4775-8077-447568bf4358,RA-5766-3868,Rail,282114.5,Diesel,Due Soon,9
d16b6a76-35a0-429d-94bb-d72e2cebf7c8,TR-1792-3869,Truck,7009.46,Electric,Good,9
cd65fe37-a6c1-4d35-ab8b-4a9b18cb316f,SH-6999-3870,Ship,23809419.09,Diesel,Good,4
f2ae6b91-7558-4bb8-8825-7fa315c42d46,TR-5566-3871,Truck,17683.97,Jet Fuel,Good,10
e10903b1-170c-4f27-bcb2-3c69e971fa4b,TR-5767-3872,Truck,4818.98,Electric,Due Soon,9
675686b3-6938-4956-97aa-e37f0a7df463,TR-9422-3873,Truck,9267.11,Diesel,Good,4
14112513-f2c8-43d9-8f09-44ba13c3bf9d,TR-3522-3874,Truck,17280.14,Diesel,Good,7
3943f7ad-2f8f-4201-8f66-e655be77826a,TR-2073-3875,Truck,8726.91,CNG,Good,9
16f448f8-d1ce-4cce-bc23-0a519cc13db1,TR-1051-3876,Truck,10937.03,Diesel,Due Soon,4
adc81f6d-ecb1-417c-bf65-b0419554c124,AI-1219-3877,Aircraft,108694.73,Diesel,Good,17
a767280d-9744-45e4-9557-354277ed56bf,TR-4098-3878,Truck,6070.08,Diesel,Good,15
3b87a2c8-a7e1-4ffa-8358-c20df6cd8aa6,TR-8260-3879,Truck,24075.99,Diesel,Good,14
33350228-ca2e-4c2d-af6d-d5ea90a2cfe2,TR-4459-3880,Truck,22839.42,Diesel,Good,14
5a578862-1e91-45d2-9dfd-7c78203ec331,AI-2064-3881,Aircraft,60891.58,Marine Fuel,Good,12
e9800c2c-2507-4e0c-8070-6aab75d88a0a,SH-9882-3882,Ship,13516590.75,Diesel,Good,6
0942f418-7c90-4c9f-9f28-d223775856ba,TR-2428-3883,Truck,17789.38,Diesel,Good,15
8f4249b7-09e2-4969-90bf-d6eb34f61bba,TR-7015-3884,Truck,25783.76,Marine Fuel,Due Soon,4
eb6d11ac-1c23-48e7-bb58-a119fe10f12f,TR-2563-3885,Truck,19717.95,CNG,Good,12
0b87ec59-863d-4724-849c-850ffb4295e1,TR-4221-3886,Truck,10129.51,Electric,Good,14
e128aeb1-e20b-4285-9960-1a2ed0ea4449,TR-3763-3887,Truck,14184.65,CNG,Good,4
8acde7ea-a96d-44e7-8c73-96987d226f41,TR-8925-3888,Truck,18476.68,Diesel,Good,17
b960de1b-9ddf-4c38-bc2c-2170fcdc0ab8,AI-5959-3889,Aircraft,122138.68,Marine Fuel,Good,6
cfd1e492-231c-46be-98d5-495dc585cdb9,AI-4518-3890,Aircraft,43228.37,Diesel,Good,7
e1dcefdd-e60f-4e35-b955-8ce8353217ee,TR-5851-3891,Truck,3677.95,Marine Fuel,Good,5
46d331c6-daa0-4838-82ad-2c9f0ed9689f,RA-4849-3892,Rail,635993.57,Diesel,Good,1
b069411a-d25a-4cf7-9caa-84b74d025c4a,TR-3076-3893,Truck,17094.5,Electric,Due Soon,5
44879652-2662-4fd0-8b0f-923a9dcf06d5,TR-5360-3894,Truck,14270.5,Diesel,Good,7
1a5349a0-be16-495c-a9bb-236901fef164,SH-4382-3895,Ship,960673.99,Diesel,Due Soon,10
77474ce4-d2cd-4780-af68-c54903bd77b6,TR-7724-3896,Truck,18715.97,Electric,Good,8
4e33da26-4e0b-4c4a-8cf6-124f17896668,TR-2391-3897,Truck,6083.01,Diesel,Good,9
21546959-4abb-4bf0-98e5-dc00cd311ccb,AI-9067-3898,Aircraft,127006.35,Diesel,Due Soon,14
0eb546e0-5a25-43d3-9faf-20c12f0df069,AI-4416-3899,Aircraft,21254.04,Diesel,Good,18
8c589c00-af86-41ae-874f-e816b34a4ef4,TR-7925-3900,Truck,4347.31,Diesel,Good,2
855674de-9cae-4137-bee6-2144c4c03c36,AI-1644-3901,Aircraft,90346.23,Diesel,Good,11
9b4e38ee-5eac-4066-a4a6-fef534943087,SH-9678-3902,Ship,18200032.86,Marine Fuel,Under Maintenance,17
12436f26-ba6e-4481-8536-318b1ce827d1,TR-2939-3903,Truck,27717.56,Diesel,Good,18
cc8d90ea-4a9a-4b75-9594-0901d5a19c06,TR-8823-3904,Truck,15898.03,Diesel,Due Soon,14
8addc4ad-e85e-4782-ba80-26af1bcf758a,TR-4423-3905,Truck,4135.32,CNG,Good,12
a3a751c0-1a26-4ffd-9159-3aaaad928078,TR-6637-3906,Truck,13292.18,Marine Fuel,Good,13
81e109bf-b3fe-4a36-a5fc-7bca2f7350d7,TR-4782-3907,Truck,17236.05,Electric,Good,16
85e03fb2-aa1d-42f0-b208-dbe81742ed69,SH-6590-3908,Ship,19843548.05,Jet Fuel,Due Soon,4
cad95636-b849-48f4-9067-4851da411df0,AI-1830-3909,Aircraft,106908.05,Diesel,Good,8
86a67595-8117-406a-9ca6-e38d7755f616,TR-2789-3910,Truck,12156.28,Marine Fuel,Good,3
3529f45c-9eb3-488a-b62b-5cde364e799d,TR-2036-3911,Truck,3406.32,Diesel,Good,9
f2e0fdfa-e9b6-4fb5-af07-bc4c977ba1cc,SH-8024-3912,Ship,14918975.16,Diesel,Good,11
0d748476-1396-491f-aa8c-f19c55da0fcf,TR-8571-3913,Truck,8882.26,Diesel,Under Maintenance,10
043953d9-a094-400f-929a-894bff2ec75d,AI-7219-3914,Aircraft,110923.22,CNG,Good,3
318d79a6-2a92-4b45-a11c-0b7b24f48324,TR-4980-3915,Truck,20500.49,CNG,Under Maintenance,9
87c1fa33-bcf8-4974-8adb-bb03cf768030,TR-3264-3916,Truck,4365.74,Diesel,Good,14
81304572-f1f0-4c2d-a6f9-a1e5e019c9ec,SH-3246-3917,Ship,23482481.64,CNG,Due Soon,3
d56a3bcd-2117-4588-ad9a-468d764cf144,SH-3806-3918,Ship,16441411.3,Diesel,Good,9
66cf41e6-8e91-4f87-aa4a-60e2c25f201d,RA-8504-3919,Rail,499578.13,Diesel,Good,10
7deadc72-ed56-4ece-b077-ed6ab742ea54,TR-4468-3920,Truck,7125.86,Marine Fuel,Due Soon,11
6dee2fc2-a6fc-4482-bd38-4e25a278a073,TR-6892-3921,Truck,16568.97,Diesel,Good,14
1761da0e-083f-493b-8253-17eb7f2bdb4f,TR-5212-3922,Truck,11407.92,Diesel,Good,14
88959a3b-e05f-4fbe-9014-e19a0fbdddb5,TR-3469-3923,Truck,13159.96,Diesel,Under Maintenance,12
d9165f76-117f-4e8f-a426-ccabd95b491e,TR-5499-3924,Truck,19791.92,CNG,Due Soon,16
a577e13b-8b3e-472a-9be7-60cee8d270cf,RA-3747-3925,Rail,193293.74,CNG,Good,18
b87d02ee-9cbf-4d4a-a1d4-57a0e0311cc7,TR-9579-3926,Truck,20182.53,Diesel,Good,4
86c6ac05-7dfc-4bf2-b917-22bd069e4830,AI-5889-3927,Aircraft,139493.57,Jet Fuel,Good,14
c1e92e0a-2398-463a-b219-56ee03b4541e,SH-3487-3928,Ship,8330035.67,Diesel,Under Maintenance,3
704a1385-38df-4d81-986b-5c40dd8aa011,TR-6145-3929,Truck,25325.9,Jet Fuel,Under Maintenance,2
237237d7-ff85-48af-8012-bdf7b5c4dd3c,SH-6968-3930,Ship,21561333.44,Diesel,Good,12
0e67b0e8-57cd-44d9-bba1-cfb79db76a40,AI-4989-3931,Aircraft,43256.51,CNG,Good,2
ea822de0-2243-4012-b92b-a5cf281adaa4,SH-3656-3932,Ship,11257076.32,Diesel,Good,12
72a612a6-f813-4329-b556-1c251a0694dd,TR-6648-3933,Truck,8136.87,Diesel,Good,1
de34efee-a2cc-4653-9e79-012a4b7bf988,TR-1749-3934,Truck,19148.23,CNG,Good,6
2917833a-c11d-4631-a3c2-5a1d85100918,AI-9375-3935,Aircraft,28254.61,Marine Fuel,Good,3
0cf3a89b-d4c9-46fd-b943-91171963c75e,TR-3192-3936,Truck,17504.63,Diesel,Good,12
7f622cb7-f0dd-433f-9a85-dad98ce6bc0b,SH-5116-3937,Ship,15580637.69,Diesel,Good,3
ce131e08-3ba5-476e-b8ae-21db68694117,AI-2378-3938,Aircraft,52144.12,Jet Fuel,Good,8
9368ca13-b49c-4069-a855-f243ef7328a4,TR-4984-3939,Truck,26628.07,Jet Fuel,Good,8
9181c1c4-fcc9-4bc8-9dbd-bc2d6dc372c4,SH-2222-3940,Ship,23470043.49,Marine Fuel,Good,8
28d0acc9-dc94-4916-a77c-4618e234bd9f,TR-4383-3941,Truck,7074.7,Jet Fuel,Good,17
ad1da8c8-e8ff-4b8d-a87b-3fffec044d26,AI-8668-3942,Aircraft,118907.69,Marine Fuel,Good,11
7b79e110-01b0-4d38-a83a-ec504c877f7e,TR-2093-3943,Truck,3762.42,Jet Fuel,Good,18
0d2fea58-0b58-4fce-88b2-ea2e8ac3d107,SH-2274-3944,Ship,20803369.63,Diesel,Due Soon,17
352e94dc-4e5d-4657-9376-c9c4213b29f6,TR-7077-3945,Truck,25466.88,Marine Fuel,Due Soon,2
07347539-c042-4474-843a-769435fabdab,TR-7496-3946,Truck,15585.83,Diesel,Due Soon,11
234420b7-23b9-4590-8164-a98b7c7ac0bd,TR-3381-3947,Truck,23187.99,Diesel,Under Maintenance,16
16c08bad-9343-4f82-a3f1-67fd2d8c80e7,RA-4205-3948,Rail,531306.36,Diesel,Good,13
d9441062-636e-40d9-825e-2f630d0e2a7f,TR-2940-3949,Truck,15016.11,Diesel,Good,12
b593d1a0-5d7a-4920-ae68-cc9e15ceb206,TR-2748-3950,Truck,7924.84,Marine Fuel,Good,4
f015cfc8-0ef7-4c8d-b061-39ae2a249001,AI-1562-3951,Aircraft,57085.61,Diesel,Due Soon,15
83f6ed99-0386-4c0c-8961-bca63af9a2ec,TR-8084-3952,Truck,24774.95,Diesel,Good,13
5b917002-a0a2-4fd0-a1b0-722fbe9d8bad,SH-2244-3953,Ship,12691733.32,CNG,Due Soon,10
f5a5d543-8e84-4b67-a31b-2215ae1e47b2,TR-4499-3954,Truck,24113.09,Diesel,Good,16
ed5a123f-526b-4a29-8a8d-3e2140f7a540,SH-2705-3955,Ship,2030185.2,Diesel,Good,14
f1d206b1-97a7-4983-a4fd-856648ad19d4,AI-5273-3956,Aircraft,104522.62,Diesel,Under Maintenance,1
40882fc8-b6e2-4f0a-8c62-3fe9a13dde8d,TR-3003-3957,Truck,24805.51,Diesel,Good,14
e9536002-ffd7-4982-9bfe-a7aaa7748ae5,TR-9271-3958,Truck,10393.7,Electric,Good,10
4e4772d9-f697-4e6d-98eb-ff4123c1fc3e,AI-6418-3959,Aircraft,128281.97,Diesel,Due Soon,14
e7d47222-5a9c-4726-9704-17a3a70b29fe,SH-3262-3960,Ship,11024679.02,Diesel,Good,1
5f539432-dc21-4589-8baf-e796065c9018,TR-4695-3961,Truck,14672.68,Marine Fuel,Due Soon,5
a021e43d-5290-45d0-bd69-7949b046bceb,TR-1098-3962,Truck,15217.62,Diesel,Good,1
369bab62-2a26-40e9-bf7c-a0855e3cd59d,SH-2744-3963,Ship,17266206.53,Marine Fuel,Good,9
40636ff1-dfe6-458e-a338-d966beeab2a7,SH-7456-3964,Ship,9655393.56,Electric,Good,13
f8893caf-d3d0-4519-8df2-503b35c97fb2,RA-7261-3965,Rail,82001.21,Diesel,Good,9
592b9d68-14cf-4c44-9948-21659f237869,TR-6441-3966,Truck,18549.59,Diesel,Good,7
41402fbf-bc76-4ce3-b226-05cd4f1591fa,TR-1815-3967,Truck,4987.24,CNG,Good,11
9870c07a-a5ff-4a52-aeb6-61cefb1e1700,SH-1219-3968,Ship,22021120.47,Diesel,Under Maintenance,13
b82b9ef9-3594-4778-a223-f6379bd17cee,AI-4932-3969,Aircraft,45490.92,CNG,Due Soon,12
74cbe158-deb6-49a1-92cf-1307f0889d07,AI-2439-3970,Aircraft,147323.58,Jet Fuel,Due Soon,12
ae3891c6-6fea-42a4-93a7-8e92d2b0fce8,SH-9943-3971,Ship,22224597.49,Diesel,Due Soon,14
e116a377-9736-42b5-a6b6-6aab3c93e445,TR-9994-3972,Truck,19295.39,Diesel,Under Maintenance,17
f7553df1-fc0e-47b4-af01-5c60858db551,TR-9050-3973,Truck,26424.6,Jet Fuel,Due Soon,18
1e1cc903-5c02-431d-b5c4-63e4e505e1bf,TR-5505-3974,Truck,23045.5,Marine Fuel,Good,4
d6b59211-cf40-464e-ba44-7642fd4701ed,TR-3341-3975,Truck,22883.88,CNG,Due Soon,13
f686ca18-f056-4fbb-b597-7e28da0c4f40,SH-9763-3976,Ship,7708565.32,Diesel,Good,11
593a7853-b897-4265-86f9-7dc3c1077094,SH-1521-3977,Ship,19279886.22,Diesel,Due Soon,11
e72e9d24-fa7e-46d2-a987-64c6be12afa8,SH-5930-3978,Ship,20649138.38,Diesel,Good,11
0ddc2aa4-31fa-425d-9663-aa2d1f4d1a6c,SH-6029-3979,Ship,7156140.82,Diesel,Good,11
30afa891-5f2b-4b78-bb0b-2fd1d8279545,SH-6907-3980,Ship,14489716.11,Diesel,Good,4
cdbad654-fa71-48df-a40f-b3324c99e3db,TR-6259-3981,Truck,27147.67,Electric,Good,16
a3e94873-48ac-4732-8c10-030822e5cd4f,SH-2804-3982,Ship,1092343.7,CNG,Due Soon,2
904d00e4-f279-4d3e-85bd-ca0eeecc052c,SH-9655-3983,Ship,1769045.13,Diesel,Good,10
879f8f6c-b7b9-4257-82e3-43ab288afda0,AI-6556-3984,Aircraft,103159.95,Diesel,Good,13
9c61efae-e6ee-4666-a730-7fedd9067469,SH-3925-3985,Ship,9667478.37,Diesel,Good,5
15e0020f-78ed-46fd-ada1-3ac81f34f6c9,AI-4721-3986,Aircraft,84913.2,Marine Fuel,Due Soon,12
45456ad2-68ce-46cc-9bb7-357122d2fbda,TR-4115-3987,Truck,18428.1,Diesel,Good,17
8e0ec994-4213-46c7-bccb-fa8cea03a7fb,RA-6731-3988,Rail,409357.46,Diesel,Good,6
d068544a-945c-423d-947b-2d3a678bafb6,SH-4791-3989,Ship,2046002.23,Diesel,Good,13
1c1d57c1-b9fa-426d-a22b-adb0beebc812,TR-8898-3990,Truck,9531.79,Marine Fuel,Under Maintenance,1
7f2ebf30-f033-4f6d-9f3e-a57b1beb5b3a,SH-9490-3991,Ship,663791.34,Marine Fuel,Good,16
0758732f-2158-43e6-94a8-aacb6676dfb1,TR-1432-3992,Truck,7494.5,Jet Fuel,Good,14
aa2c3fc5-3c80-4ba8-93ab-680c029917b2,SH-2999-3993,Ship,21856404.28,Diesel,Good,8
c4b84ac5-85a8-45ba-85dc-ee454a174cd5,SH-1746-3994,Ship,10344615.07,Marine Fuel,Due Soon,12
fffcd942-c214-4826-a62a-1a05f32e23dd,TR-7403-3995,Truck,6462.78,Diesel,Due Soon,3
521234eb-3075-4f89-a703-c19e5e1ef0bc,AI-3933-3996,Aircraft,149021.44,Diesel,Good,10
a1abb6b7-e096-4924-9e3d-fa344a17de23,AI-2695-3997,Aircraft,25395.65,Diesel,Due Soon,15
9493b41b-d46e-49b1-b094-5597403e01e9,TR-2770-3998,Truck,16175.67,Diesel,Due Soon,1
be300b54-59b6-47ca-85e3-c0a9805e3d53,SH-1126-3999,Ship,7844339.67,Electric,Good,4
4abc7341-ca3f-4a62-9046-a9fc0523cff6,AI-1202-4000,Aircraft,26883.48,Diesel,Good,1
eaa05b8c-881b-45ed-9fa7-795653200250,TR-1985-4001,Truck,20199.27,Marine Fuel,Good,13
83d51990-88c4-4f1a-a436-577d0afc2b94,SH-2646-4002,Ship,8035068.71,CNG,Good,5
94eeada5-3fa6-417a-8a9b-5afcadb8b6b5,SH-5857-4003,Ship,1805976.65,Diesel,Good,7
13816ade-7a30-45c4-b0dc-44f98c17e499,AI-6016-4004,Aircraft,103095.66,Jet Fuel,Good,4
8f07e34b-3180-4e46-898a-f2f1c877d5bb,AI-2265-4005,Aircraft,18902.78,Jet Fuel,Due Soon,2
c4686a6b-a0d9-4437-bf88-05cf19bf5505,TR-4652-4006,Truck,11002.99,Marine Fuel,Good,12
24ab5206-ed31-4c27-b35c-7d99d722dfc3,TR-7978-4007,Truck,18791.17,Electric,Good,18
b3b50459-46fa-4692-bdb9-2e14f894e2e5,TR-5838-4008,Truck,14657.6,CNG,Under Maintenance,12
c678ea74-4408-4cb7-b279-fca571980229,SH-7899-4009,Ship,5383181.9,Diesel,Good,7
c755ddda-3ea1-42cd-8a51-dc4b029efdb0,TR-4806-4010,Truck,15505.23,Marine Fuel,Due Soon,7
1b665126-6982-4ef6-a2d2-9fb6391a29d7,AI-5280-4011,Aircraft,144728.92,CNG,Good,6
2f521056-a754-4d66-86cb-67eb6b71ae7e,AI-4872-4012,Aircraft,74890.71,Diesel,Good,7
42b20262-9886-4f68-a452-03babbbb6bc4,SH-3844-4013,Ship,3830961.67,Electric,Due Soon,18
7f6a330a-1b70-48ac-aca7-b13e5556851f,TR-6841-4014,Truck,21927.01,CNG,Good,18
fc2228eb-fc29-4378-ac41-9442bfdfadf3,TR-3669-4015,Truck,11411.26,Diesel,Due Soon,5
d36f170a-0c45-4dd6-8385-89838266dbd2,AI-1695-4016,Aircraft,140271.67,Diesel,Under Maintenance,14
5d0c6acf-7393-44a8-95b6-152ca830f200,SH-6723-4017,Ship,8818711.9,Diesel,Under Maintenance,6
905860b2-5ad5-4d90-a1e8-4dd9317375c5,TR-6288-4018,Truck,3892.45,Diesel,Good,14
45cbd1e0-cef7-47ff-8136-52510c31bbe8,AI-5912-4019,Aircraft,108892.19,Electric,Good,17
b828600f-e647-4786-9a05-3e0d4abe407a,SH-2602-4020,Ship,16225705.78,Diesel,Good,2
878c0b13-4e4e-4ddc-b9b7-f279aaba77d2,TR-1927-4021,Truck,22586.46,Diesel,Under Maintenance,14
1663cf6c-173f-4406-94f7-5dc016f91d31,TR-4977-4022,Truck,23550.17,CNG,Good,9
3542d3da-536e-4c3b-8494-f2ccc2bb37b5,RA-6740-4023,Rail,65750.36,Diesel,Good,14
5e3587d1-1ee1-4220-93b2-177752d99a7f,TR-3076-4024,Truck,6638.46,Diesel,Good,5
d5c125c0-9dee-4458-b7b6-228c3fcf32d9,AI-8896-4025,Aircraft,12153.33,Marine Fuel,Good,2
8dab294f-5498-4916-9b09-9b6bd270d762,TR-2416-4026,Truck,15159.59,Electric,Good,1
71a030c8-5bac-401d-b4e1-cdae580d28c3,SH-2359-4027,Ship,10222604.67,CNG,Under Maintenance,5
3c00d797-4c61-43cf-b661-284881647303,SH-5081-4028,Ship,22796245.51,Diesel,Good,2
16e4d977-c683-4626-a0a1-cd5a4099eb50,TR-5930-4029,Truck,23482.14,Diesel,Good,4
3682b1e0-6d0b-44df-b789-5954466a9fff,TR-5800-4030,Truck,8238.97,Diesel,Good,16
5bd9a20a-2162-4329-99f5-d9949c5a70b2,TR-4977-4031,Truck,20839.53,Diesel,Good,8
c052ac97-360e-455c-815b-5248c7f076f8,TR-4842-4032,Truck,14534.44,Marine Fuel,Good,1
abbcea49-5f09-4df4-83bd-7ef8f3a64d11,SH-1314-4033,Ship,3633695.65,CNG,Due Soon,9
f5cf387a-3149-443d-9eba-5e5b0e1e05aa,TR-5057-4034,Truck,11338.07,Jet Fuel,Good,12
9fab03ba-b176-4a4d-ab1c-fd33be5a7782,TR-1338-4035,Truck,5978.63,Jet Fuel,Good,13
6c64ddeb-3e57-42db-a784-11dfd0b63ae8,SH-3994-4036,Ship,8477910.99,Diesel,Good,16
35b76093-0ea8-48fc-9ed0-29fcc0f4973b,TR-2163-4037,Truck,20824.17,CNG,Good,8
bb9a23bb-6546-4513-a605-a035ebcf28ef,AI-9414-4038,Aircraft,28114.14,Diesel,Good,5
06d395f1-920a-436f-8d3b-c15801da0211,TR-1219-4039,Truck,5395.9,Diesel,Good,11
6757e96e-bf13-4634-baae-66da5f660fce,SH-5867-4040,Ship,17760657.98,Diesel,Good,3
b67aa078-736e-43e0-9ee1-232eb8448ec5,TR-7565-4041,Truck,11174.76,Marine Fuel,Good,3
c7361093-e19d-4781-9f28-544f78facabe,AI-2759-4042,Aircraft,114651.65,Diesel,Good,8
656ff1b4-32cc-4c40-abd1-1df594c5bba2,SH-5263-4043,Ship,20478617.13,Diesel,Under Maintenance,7
a4884676-f632-4dc9-bd56-6e72a17ed889,AI-4526-4044,Aircraft,63139.43,CNG,Due Soon,11
8e340340-dac2-449c-b739-5eefa96569b3,TR-8955-4045,Truck,17786.56,Diesel,Good,1
f0657f56-e6f5-4945-9501-989842aaf3da,TR-7585-4046,Truck,10066.81,Diesel,Good,11
7dae7624-61ab-4e48-98ed-dd3a506d520f,AI-1626-4047,Aircraft,67648.5,CNG,Due Soon,18
710bde65-649d-4ad1-a5f4-2b891c05f962,AI-4912-4048,Aircraft,18867.92,Diesel,Good,14
c2e818e4-b6f9-4d9b-a16a-659a4f12fde7,TR-4954-4049,Truck,12513.26,Diesel,Due Soon,17
9a86d42a-08af-4fe7-94a4-46b472804f34,TR-8437-4050,Truck,3329.96,Diesel,Due Soon,6
dc366d95-d760-4590-9e14-9fde01a43812,SH-6937-4051,Ship,11990534.4,Diesel,Good,2
1bd5eb46-ea32-46ab-9c75-6613b85632c0,TR-7136-4052,Truck,15856.49,Diesel,Good,13
0c476137-27c4-4c66-a437-5c9191ecc8bf,TR-6610-4053,Truck,18950.48,Jet Fuel,Good,9
bb03c2fd-3f05-4884-b7ae-bd1f9ce6559c,TR-5317-4054,Truck,19049.65,Marine Fuel,Good,15
d99e8a96-6d3b-4c2a-92f6-518dc7ca9741,TR-6709-4055,Truck,19724.91,CNG,Due Soon,9
9fbb0507-03f3-4095-904c-b96ca278c423,TR-9093-4056,Truck,14054.68,Diesel,Good,11
30d54262-f0ae-47cd-9dd0-94db52649e5f,TR-6706-4057,Truck,9229.3,Marine Fuel,Good,2
9debe1d0-ea62-4883-914b-0bc09c345184,TR-2045-4058,Truck,10874.15,Diesel,Good,12
13c1d3ce-a08a-44a9-b16a-cd15f58e7143,SH-4205-4059,Ship,18354195.94,CNG,Good,4
bd1e5561-8bcb-45e1-88bb-621e96c37d54,TR-3539-4060,Truck,11984.55,Diesel,Due Soon,3
769c8b28-6dc2-4bc7-af70-5ec2f611afe6,TR-9869-4061,Truck,13184.09,Diesel,Good,6
7b11ef40-425d-442f-b53a-8340ee6556b4,TR-7819-4062,Truck,13960.52,Marine Fuel,Good,3
e1e3e95b-86dc-4b25-af6d-5b5863797609,TR-3776-4063,Truck,5597.55,Diesel,Good,5
195ddfd5-76cc-4b03-ae5e-0e734b76e1ef,SH-2839-4064,Ship,4848732.42,CNG,Due Soon,2
42de38ff-bc1a-4b26-a232-ca6763afc2f1,TR-3771-4065,Truck,15731.63,Diesel,Good,18
cac060c5-feec-406e-b631-8678cc52220e,SH-2802-4066,Ship,21478650.87,Diesel,Good,9
f98c672a-1a33-43a0-b010-b31ead6d438d,TR-1065-4067,Truck,24949.21,Jet Fuel,Good,2
305e79be-30c5-495d-be93-64d883f15f48,TR-6080-4068,Truck,13679.13,Diesel,Good,9
a5ce6626-c2f4-46c4-ba76-930d42bc70c8,AI-3409-4069,Aircraft,24737.69,Jet Fuel,Due Soon,6
bc977ef3-21a7-47c0-8578-0240c61a342e,TR-7578-4070,Truck,17418.67,Diesel,Good,10
efaa0e22-6005-4537-8510-e2a72e8bd843,TR-7413-4071,Truck,23296.74,CNG,Good,6
51815c01-31d4-43c9-af79-a278b007c9b7,AI-4547-4072,Aircraft,111011.31,Diesel,Good,2
5da365dd-a6f9-4fa6-82ef-ab78bff006ed,SH-9182-4073,Ship,7464962.63,CNG,Due Soon,17
3108d092-3fcf-4b97-9258-fe30887caeb9,TR-2935-4074,Truck,25554.5,Marine Fuel,Good,18
04162ce5-ce21-461e-b27b-38bd904a4663,TR-7181-4075,Truck,24653.39,Jet Fuel,Good,16
ad3209cf-0520-4bae-8eba-d5a0bb1b6550,TR-5183-4076,Truck,6701.78,Jet Fuel,Good,15
7e3c9171-3bcb-461b-bf2e-e00edd252485,SH-9146-4077,Ship,3312000.05,Marine Fuel,Under Maintenance,11
ea1c669a-58bc-4cdf-9aa2-c1cdbb7834bd,TR-5649-4078,Truck,22015.58,Diesel,Good,6
bf49fbce-5bca-49ba-bdf2-a2831246c301,TR-1417-4079,Truck,22372.36,CNG,Under Maintenance,6
0b14f5f4-66fa-4554-b6ef-82c13ca52635,TR-2086-4080,Truck,15187.68,Diesel,Good,15
616f9d13-2d04-4878-85d5-1e01cb591345,RA-4556-4081,Rail,171743.2,Jet Fuel,Good,15
ad43af54-9bcb-4b68-832e-fbb86de0942e,AI-3686-4082,Aircraft,41112.13,Diesel,Good,6
5283f0bc-2bc4-4ebb-bd50-bf967ac93170,TR-6865-4083,Truck,9517.13,Diesel,Good,13
a54ffcf8-b5f7-40d0-8975-e4e813300e47,TR-6063-4084,Truck,6505.05,Marine Fuel,Good,11
f3e7ecea-4879-4ba1-859a-f42502b41f7c,TR-2552-4085,Truck,11238.78,Jet Fuel,Due Soon,14
a5832f51-112a-478d-b199-41e24b193f50,TR-3042-4086,Truck,19016.92,Diesel,Good,17
5c9b0715-54db-415f-8141-1be2fa232a4a,TR-5964-4087,Truck,10545.8,Diesel,Good,18
fc2dd541-66b0-41a3-854a-37bb6ee9b590,AI-8349-4088,Aircraft,81235.02,Jet Fuel,Good,11
a3fa7f98-b8cb-401e-b7d5-aa47e5a80daf,SH-3927-4089,Ship,21001084.84,Electric,Good,13
f800d6b0-39ce-4581-b89d-e7775a01b1be,SH-2516-4090,Ship,24877709.58,CNG,Good,18
f0ce7efa-9d3a-44d7-b7f4-a0b0c317f75e,AI-1810-4091,Aircraft,62491.18,Diesel,Good,12
1de47b62-d30b-4b80-aa60-508f20372ed6,TR-6179-4092,Truck,17551.07,Diesel,Due Soon,2
3ce22e13-41ff-473e-8c21-b021caf43ae1,AI-1902-4093,Aircraft,34532.38,Diesel,Good,11
2b43e4fb-ac9d-492c-885f-05f71a86122d,RA-8422-4094,Rail,577974.35,Diesel,Good,14
9d634167-28b6-4938-bdd7-ed0ee433d613,SH-8651-4095,Ship,21554127.83,Marine Fuel,Good,10
898163f1-5747-4b0d-a871-f993572db0b5,TR-5086-4096,Truck,3595.58,Diesel,Good,1
a2bffae4-55e1-4da3-9258-e703279be72a,SH-9107-4097,Ship,15692968.93,CNG,Good,7
a480a98f-186c-4318-85f2-3e1f5709eb41,TR-5941-4098,Truck,3983.2,CNG,Good,5
05ffcc69-0d40-42be-a667-516d5019298f,TR-2245-4099,Truck,4964.34,Diesel,Due Soon,2
e6410735-2aa7-4cd6-9366-da0e42d6e416,TR-4351-4100,Truck,6421.22,Marine Fuel,Good,3
c7b453e4-8944-4b2a-9cb3-6054a950bba0,SH-9444-4101,Ship,3077920.41,Marine Fuel,Good,2
ef3161c5-9de1-497a-aaf0-d129e9581f7c,TR-3386-4102,Truck,21155.72,Diesel,Good,17
d325f432-9e43-4360-be48-ad8fe3c19862,TR-8574-4103,Truck,7603.95,Marine Fuel,Good,11
d8e84e6c-0525-4451-97c0-258d94362981,TR-6269-4104,Truck,20111.54,Marine Fuel,Good,17
95f16122-b13b-4a1b-9244-4ff12d5c7b32,TR-3108-4105,Truck,26989.84,Diesel,Good,7
0a37e0ef-b067-4b96-8cb8-c418b9ee8c67,TR-2877-4106,Truck,4965.58,Electric,Good,13
1a464cde-7b96-4bbb-973c-425cc3a81501,TR-5102-4107,Truck,24440.63,Diesel,Good,10
095c2df6-73c5-4806-bf3a-781fffce8f34,SH-3114-4108,Ship,722395.56,Diesel,Good,15
61ecb190-f2e3-4d3a-9606-9a8fb5bf273b,TR-6920-4109,Truck,22278.25,CNG,Good,2
fa8a9f96-2b47-4c6a-adec-0b5fa8b5b103,SH-8351-4110,Ship,7007885.68,Diesel,Good,5
03e6beb1-4a3e-4e4f-9f19-7522323d60bc,TR-8079-4111,Truck,27153.47,Jet Fuel,Good,13
669ccae7-dc0a-45e3-9aa5-50f2a339ac76,SH-4258-4112,Ship,23050620.62,Diesel,Good,1
3d748712-02ec-4319-8adf-dafcb0f5de6d,TR-6685-4113,Truck,21411.16,Diesel,Due Soon,10
a5a5b0ec-ec6a-4c95-8af5-70e470030082,TR-4868-4114,Truck,16250.15,Jet Fuel,Due Soon,1
55053b7c-bd7b-452b-9c3a-5c14ff08863e,SH-5518-4115,Ship,7220808.33,Diesel,Good,3
784384b5-bb2e-4f97-9408-6d91f2b17346,TR-6272-4116,Truck,22026.34,Marine Fuel,Good,5
687e6291-401e-4a67-a60b-1984a44ad618,TR-1967-4117,Truck,21525.01,Marine Fuel,Good,18
80fc92dc-510e-47c5-8141-aa20d25ee786,TR-9118-4118,Truck,11558.14,Diesel,Good,4
5657fb14-2dcb-4d64-879d-790c77c7c6e6,TR-2398-4119,Truck,21885.59,Diesel,Due Soon,11
bbb32cc5-5685-475f-a872-a7044be19c20,SH-2941-4120,Ship,15338772.17,CNG,Good,11
53b091b4-d583-4651-a0bd-f01fd22050f0,AI-2137-4121,Aircraft,44852.31,Diesel,Due Soon,5
0586e654-24f9-4ea5-8369-ffe39ccc59ed,AI-6771-4122,Aircraft,118914.91,Jet Fuel,Good,16
7db25633-b06d-4f5c-b8e7-71b7c4a1a298,TR-7144-4123,Truck,6691.8,CNG,Good,1
b9735bf3-293e-4c5c-9c62-95fc035dc456,TR-4563-4124,Truck,16834.36,Diesel,Good,18
3b6ddaf6-a04b-4251-8843-bd384b81412d,RA-9590-4125,Rail,442814.49,CNG,Due Soon,9
03203cda-069a-4713-b918-173083431a67,AI-6962-4126,Aircraft,61539.96,Diesel,Good,11
4f121b8a-84b8-4f8c-a31a-9d2df723f6e0,SH-1634-4127,Ship,17716068.64,Diesel,Good,4
309f799e-edee-4d11-bc3d-079648b2f399,SH-2201-4128,Ship,2480051.05,Diesel,Good,16
49cde611-c271-434f-b69e-89497fff284a,RA-5468-4129,Rail,310018.7,Diesel,Under Maintenance,17
e5bb57e8-0638-47c6-a06a-b6b03c9bb9d9,TR-7515-4130,Truck,19050.03,Diesel,Good,17
244dd046-fdde-459f-99cc-bfce23beb5a4,SH-5661-4131,Ship,22465998.09,CNG,Good,14
2d45bc6c-3f02-41da-b94b-c2e9323b33b4,SH-6051-4132,Ship,18036501.58,Electric,Good,4
f35ae9e6-7076-4f09-b195-af80d26c8a3e,TR-1651-4133,Truck,15438.04,CNG,Good,17
392b35b3-c27c-4fc6-87d4-5b2d934813c2,TR-8073-4134,Truck,3973.62,CNG,Good,3
6f859a58-a035-4d6a-9b53-336726531dc0,TR-2638-4135,Truck,13937.09,Electric,Good,15
4133a0af-89df-4ea4-bc39-1698ccb6433e,TR-8699-4136,Truck,3799.54,Marine Fuel,Good,9
d06f7160-a909-419c-84d4-fbaa4fcd7171,TR-6830-4137,Truck,9039.8,Diesel,Under Maintenance,13
14249ed8-8ef3-4181-93d2-add08219a0eb,TR-5582-4138,Truck,18983.07,Diesel,Good,16
cf772932-8ce6-43ec-9188-c2c4d999db08,TR-3274-4139,Truck,6136.0,Marine Fuel,Good,2
d735524f-7621-4d30-be0e-b4541766993f,SH-9121-4140,Ship,23575937.34,Electric,Good,5
81c35b8c-cca6-4c32-930c-2993b386be78,TR-6976-4141,Truck,23316.34,Electric,Due Soon,11
553d4597-5cbf-4940-85ee-bd727a388703,TR-5483-4142,Truck,27216.85,Marine Fuel,Good,5
aa14982f-627d-4fd7-92a8-bfbb717bff7c,AI-7995-4143,Aircraft,61483.14,Diesel,Good,5
558738e0-555b-426d-a66e-3126a8daaada,TR-4902-4144,Truck,8556.99,Electric,Good,14
dc01dc65-0d6a-4b57-9fa1-8b8feaaa72fc,TR-4164-4145,Truck,19354.22,Marine Fuel,Good,8
6658de0e-6177-403c-beec-81e93c917bac,SH-1259-4146,Ship,13026373.44,Diesel,Good,2
029d3786-c784-4413-9fc3-5a0eab93f9a0,TR-4638-4147,Truck,15381.75,Jet Fuel,Good,17
32a684de-6457-4c8f-a9fd-3e04044b9860,TR-3781-4148,Truck,6220.37,Electric,Under Maintenance,5
04ce3dbd-d081-4539-8e0e-a3290fe56d80,SH-7832-4149,Ship,20909818.59,Diesel,Good,5
fb8d7cb3-52ce-4a29-bbaf-594ca6849f3a,TR-1020-4150,Truck,27992.73,Diesel,Due Soon,16
52bed23d-a1ab-41c1-886f-610e4420e7f9,TR-5926-4151,Truck,26622.53,Marine Fuel,Under Maintenance,8
544f70c6-f77a-4b60-abe8-2c98648543b8,SH-4127-4152,Ship,5488305.16,Diesel,Under Maintenance,12
aae30988-4c1a-4ac4-baa1-b95217394d0d,SH-1974-4153,Ship,21505129.44,Diesel,Good,18
4fb79ee9-6e9a-4e3b-9620-6cf95120de0f,TR-1022-4154,Truck,25932.09,Diesel,Good,14
2367859f-bdce-481b-89af-d4ed8e245188,AI-1839-4155,Aircraft,127590.19,Diesel,Good,2
bf736eb6-e136-4224-b39d-030dd311af6f,TR-6695-4156,Truck,26698.18,Diesel,Good,9
76e2697e-dd96-4bb2-9eff-b5743c42d53e,TR-4013-4157,Truck,15772.3,Diesel,Due Soon,13
35803f4e-3828-4278-814a-30227ed1a5bf,TR-8863-4158,Truck,13474.87,Electric,Good,14
8cc9de2c-0d6d-48fc-b5c8-1f47a55f6615,SH-3825-4159,Ship,15265313.25,Diesel,Good,7
998f4496-e9a4-4571-b9dc-705bfa9e620d,SH-1559-4160,Ship,751307.14,Diesel,Under Maintenance,4
09c9d317-beb8-4706-a399-0b95860aff72,TR-5267-4161,Truck,8590.66,Electric,Good,1
a97954bf-6c3d-4ed9-8fc8-98ad4c1c7d3f,SH-9028-4162,Ship,18894668.87,Diesel,Good,1
8869cffd-d2af-4f34-ab31-0f2b2bd75076,TR-3791-4163,Truck,17881.92,Diesel,Good,8
d6a8f34e-f940-4757-880c-e7ff68598932,TR-8112-4164,Truck,5149.66,Diesel,Good,9
d60e6625-790b-4c42-b01f-ca674aca2209,TR-2302-4165,Truck,22749.99,Diesel,Good,9
77716502-2d78-4d27-ab30-764c4fdeb4e5,SH-4186-4166,Ship,2136534.01,Diesel,Good,16
0bcd1414-c714-4be6-a699-d7c341ec17d7,AI-4776-4167,Aircraft,140339.5,Diesel,Good,13
27ae4174-e5f4-4eea-9ecd-27df643efe41,AI-5904-4168,Aircraft,29153.07,Diesel,Due Soon,16
442e4d95-c31c-40f1-afab-953d8716e05b,AI-3507-4169,Aircraft,80723.35,Diesel,Good,13
1e1c50b1-cf09-4eb1-bd07-050deb784589,TR-6592-4170,Truck,4436.98,Diesel,Good,14
4dd9f7e4-ec99-462e-8383-a4717038fa3f,SH-5211-4171,Ship,8572758.47,Diesel,Good,9
4d69566b-7b56-4650-b38e-1f96430b2128,TR-5646-4172,Truck,24700.99,Electric,Good,16
ac445726-a772-4af7-8dd2-16a18c4a7fdb,TR-1699-4173,Truck,15282.86,Diesel,Good,10
a8dd4542-7cf1-4ed8-b97a-b7e943666574,SH-8573-4174,Ship,10429920.74,Diesel,Good,9
e5740b60-8a32-4ceb-b3ad-06954e1eb3eb,SH-1161-4175,Ship,7773991.41,Diesel,Good,6
83cf1fcf-f854-4575-8827-833a01c38b8c,TR-3976-4176,Truck,15163.3,Diesel,Good,1
a12f008d-305b-4eed-96a1-a32e5f21a98a,TR-5393-4177,Truck,23242.77,Diesel,Due Soon,11
60a60271-d8cc-4639-b940-89b985d36995,TR-1827-4178,Truck,15780.58,Diesel,Good,7
c5e057ad-35e7-42ff-b4c7-4d71d6de7bd4,TR-6429-4179,Truck,21210.12,Marine Fuel,Good,7
734dd905-2eed-45e1-a200-300b6b77b860,TR-2642-4180,Truck,4092.59,CNG,Good,2
de40064e-f78b-4eae-8e84-551761c7f7c8,TR-9849-4181,Truck,8972.98,Electric,Good,3
1a100b2f-7af8-4692-bc7f-1210d0f7a885,TR-3469-4182,Truck,6200.37,Jet Fuel,Good,9
041673b9-d37a-402d-8678-36986ddd2a9d,RA-4843-4183,Rail,475632.44,Marine Fuel,Good,7
b783432c-4ae4-44b4-bd1b-65ff24eea86f,TR-4063-4184,Truck,22298.45,Diesel,Good,17
81cc8204-2818-4857-936a-b4ecdfc25566,TR-7546-4185,Truck,9574.53,Marine Fuel,Good,6
01658439-22a6-47c2-a2f8-a8b01bf39bbf,TR-6400-4186,Truck,22783.95,Diesel,Good,13
45c7c317-e588-417f-a2e2-6624bd450bde,TR-4400-4187,Truck,27336.92,Jet Fuel,Good,14
c6fb8f55-d46a-4004-b55c-4225d1858e99,SH-6850-4188,Ship,3335247.94,Marine Fuel,Due Soon,13
b5521938-598a-4971-b57f-bdaa22d220a2,TR-7324-4189,Truck,4847.93,Diesel,Good,17
5673161d-64eb-4147-b625-be47e7a68496,SH-4136-4190,Ship,9983013.04,Jet Fuel,Under Maintenance,7
fb662b69-3864-435d-8d23-45b67cba56ae,SH-7918-4191,Ship,5684627.27,Diesel,Good,10
1df1cde0-3d2e-499a-b856-dbfbe640098c,TR-3291-4192,Truck,3134.67,Diesel,Good,12
e92e8e59-a908-41d7-a835-be64f27db469,TR-8863-4193,Truck,25592.47,Diesel,Due Soon,13
be8f5f72-3ea2-4a8d-92a3-baa33c4d0a84,TR-8382-4194,Truck,3424.22,Diesel,Under Maintenance,11
e65ee6e2-c642-4aa6-8ec5-bb0acbf0ffad,TR-1956-4195,Truck,8649.36,Marine Fuel,Good,13
eda4529f-7b73-4aa3-b745-27f7991487e3,SH-3142-4196,Ship,537938.0,Marine Fuel,Due Soon,1
144c9b85-9c6f-4fef-9744-1948114eaf49,TR-1297-4197,Truck,10238.48,Diesel,Good,17
ec23aa57-2f31-48ea-8c99-d3c2d632f4fa,TR-4861-4198,Truck,7109.3,Jet Fuel,Due Soon,9
bb10bc96-fcf6-45b2-ae83-86230ce4c52a,RA-7719-4199,Rail,93770.26,Diesel,Good,8
1a3e48bd-5bbf-4b17-910e-d7c6e6789c7d,SH-5140-4200,Ship,6721503.37,Jet Fuel,Good,14
6d485d45-cd02-4bd3-abcb-5c5a72cbaec7,SH-2683-4201,Ship,9165277.74,Diesel,Due Soon,17
5763ebf8-54e0-498f-8d44-604630e540a5,TR-1191-4202,Truck,3150.37,Jet Fuel,Good,18
dc788353-4e2f-4730-9a32-9217d9cb54ef,SH-8770-4203,Ship,1244793.57,CNG,Good,1
c34739d9-8078-4447-ba04-983c97570b32,SH-9291-4204,Ship,21730750.35,Diesel,Due Soon,4
1eabd8b4-d65f-43bd-a6b3-4ed79ef4c2f0,TR-6078-4205,Truck,19571.02,Electric,Due Soon,12
89a2414c-8abb-4741-92b1-c9458b5531ec,TR-1187-4206,Truck,9160.48,Diesel,Due Soon,8
690159b1-1766-47eb-9d5e-b569fbb7bf26,RA-6418-4207,Rail,175769.33,Diesel,Good,8
9f7d84bc-7933-4e90-b9c6-7303b32be94c,TR-4349-4208,Truck,3706.43,Marine Fuel,Due Soon,5
5e10fb5a-0bd6-42dd-bcb0-501b431dcd87,SH-1619-4209,Ship,11289022.84,CNG,Good,12
1ca7d478-6dd0-4fc9-a4bd-48b983a20741,TR-2889-4210,Truck,11805.22,Diesel,Good,12
c0dc6f17-9959-4d8f-9f9c-68041b9f4455,TR-4262-4211,Truck,25431.32,CNG,Good,12
0d042e8a-9dc3-40e7-a022-158c2f4665d2,TR-8101-4212,Truck,9202.57,Diesel,Good,1
341661df-83ca-40cd-b926-6a91ce383537,TR-1712-4213,Truck,19872.01,Jet Fuel,Good,7
7010bd74-26c7-4f3b-baae-9a2f4af60f68,TR-7004-4214,Truck,16394.55,Marine Fuel,Good,16
c35f03e3-2dab-448a-95be-e0bb765fdee4,AI-2457-4215,Aircraft,57625.39,Marine Fuel,Due Soon,3
b7a18c6a-57ad-4c84-9201-866a084fe52b,SH-9491-4216,Ship,9717128.41,Diesel,Due Soon,12
50522a97-aaa8-4be0-ba92-8fa39b9f9c64,TR-1594-4217,Truck,17627.61,Marine Fuel,Good,13
4900b2ef-15ae-4457-996f-f55b923e1b79,TR-2958-4218,Truck,14445.89,Diesel,Good,15
aaf37905-cb6c-47ea-8fa1-3f92364c152c,AI-2151-4219,Aircraft,83703.81,CNG,Under Maintenance,17
68fd014f-72f6-4cea-9ffd-b55be4be3b99,SH-6003-4220,Ship,7274088.58,CNG,Good,10
cb4d6a1d-e41a-4f00-8579-d23834288463,AI-4717-4221,Aircraft,24204.26,Diesel,Good,3
c692a289-68f2-4fa2-b320-0e96ff860558,SH-7790-4222,Ship,15894775.8,Marine Fuel,Good,3
78cc9bb3-67b2-4085-81ce-2d5c7005e1dd,TR-8376-4223,Truck,23041.18,Marine Fuel,Due Soon,16
b1c3df71-784c-4499-8c17-1ebcfa545435,AI-5869-4224,Aircraft,149949.03,CNG,Due Soon,15
cf50e47e-8999-44f1-88a2-79189be4dfcc,TR-2106-4225,Truck,23660.04,Jet Fuel,Good,9
8069d770-8d50-4e4f-b691-1f04c20d4e4a,SH-8276-4226,Ship,13249314.25,Marine Fuel,Good,3
b80f2591-283d-47d8-990c-c3edc459f2c5,RA-1551-4227,Rail,104863.3,Diesel,Good,2
ef6230d4-2ccd-41be-97b1-0993a61db8aa,TR-3348-4228,Truck,12680.31,CNG,Good,4
c6b54e01-98e9-4974-b180-ad645493a820,SH-9515-4229,Ship,12508505.67,Diesel,Due Soon,3
fab26414-956e-4b78-af57-ad82eb72c994,SH-2637-4230,Ship,8601550.72,Diesel,Good,3
86f4e02d-6fad-4a0d-b095-87a9518caf9e,AI-1315-4231,Aircraft,149277.08,CNG,Due Soon,13
adcbd511-6cf9-433f-a3f8-6cb88bcff396,SH-7943-4232,Ship,3655669.6,Electric,Due Soon,9
ef580c85-7a34-4933-b9d6-15a1f384fda0,TR-2702-4233,Truck,23254.89,Diesel,Good,2
dc31e20c-6bab-430d-a2fc-eae778cf08ec,TR-7128-4234,Truck,27411.65,Diesel,Due Soon,12
c92e8798-a7d1-46a9-8532-6b4674f9fccb,TR-8081-4235,Truck,21779.53,Diesel,Good,6
f99f181c-0cdc-40f5-962b-da2b932ddd00,TR-6573-4236,Truck,23573.28,Diesel,Good,16
ed535739-7346-4d4b-901b-b016d26e9890,SH-4665-4237,Ship,3036141.56,Electric,Due Soon,12
dd09b571-9133-4153-8d3b-5fd294a76d9d,TR-7493-4238,Truck,24602.6,Diesel,Good,11
f23c4440-e9c3-4d05-acc4-2849dbfc4b9f,AI-7163-4239,Aircraft,115648.81,Diesel,Good,12
3bd7c0d3-3ffd-4c02-8842-861834a86624,TR-3748-4240,Truck,12567.35,Diesel,Good,5
87276e76-abbb-4245-a32e-2a6b50a8f3c4,TR-2795-4241,Truck,21090.6,Electric,Due Soon,13
f62a7ab6-0add-42d4-b6fe-c0d3df45ff65,SH-7359-4242,Ship,3032528.87,Jet Fuel,Good,5
2febe2dd-04ac-4dc2-97d2-a1f2f576b340,TR-9218-4243,Truck,26029.13,Diesel,Good,12
a5fedac3-acee-4d4b-9d77-c426c4c1fb88,TR-9819-4244,Truck,20459.59,Marine Fuel,Due Soon,14
e78c9b84-3ea7-4115-8cc0-e587f8db4b6a,RA-4503-4245,Rail,461231.44,Diesel,Due Soon,17
c0c45727-5a7d-4cde-ada5-7a2a381f8ab4,TR-7250-4246,Truck,9637.98,Diesel,Good,4
012f5a8f-e4e7-4563-b421-972f1197403a,TR-3731-4247,Truck,15245.51,Marine Fuel,Good,8
8e0f206f-9ab6-4887-95a5-bbc90cb9bc72,TR-8341-4248,Truck,11981.71,Diesel,Due Soon,1
4cf799d7-22b4-452d-afb3-899b7371fae7,SH-1700-4249,Ship,9291224.37,Electric,Good,10
da55d05e-e912-489e-8000-b7bb490d563a,TR-7468-4250,Truck,10337.49,Jet Fuel,Good,6
cdca2d30-fe3b-4fad-8015-9979f8ee7d3e,TR-5041-4251,Truck,4290.6,Diesel,Good,17
0e94989d-e0b8-469e-8518-5c85ab646c62,TR-3758-4252,Truck,17482.28,CNG,Good,15
a671199a-f16a-4809-a0d0-f9247296ad77,SH-9414-4253,Ship,18495556.37,Diesel,Under Maintenance,2
2674783b-b552-4c65-b46f-f7c3d58af006,TR-3313-4254,Truck,10657.1,Diesel,Due Soon,17
185b7f53-8f96-47b2-ba3a-11665f0ea66a,TR-9607-4255,Truck,14575.19,Diesel,Good,8
d4c145a6-2a9f-40cc-9839-2218d0121b7f,TR-7610-4256,Truck,21811.08,Diesel,Good,17
e514cfa2-6872-407c-8880-cacd26408676,AI-4333-4257,Aircraft,123835.06,Diesel,Good,15
51bfbae2-e269-4514-9ec8-b03199992809,TR-3996-4258,Truck,12886.51,CNG,Good,4
25f23fca-409d-4e67-af4d-1e463d7aee6b,SH-6169-4259,Ship,2239297.5,Marine Fuel,Due Soon,16
f6415513-0759-4855-9023-c3484bf37eb7,RA-6645-4260,Rail,112667.64,Electric,Due Soon,9
8c2fd247-3383-4aac-a90a-615c203a6acc,TR-8356-4261,Truck,15738.56,Jet Fuel,Good,16
8af63f11-8f74-4c4d-8635-3a786da5fd5c,TR-8968-4262,Truck,8511.01,Diesel,Good,12
ec31ef13-3976-4659-a389-b0cdb72c4b8b,SH-7603-4263,Ship,1784632.96,Diesel,Good,4
67a54570-a9fb-4488-bee8-72ef335136ff,SH-8788-4264,Ship,20774040.63,Diesel,Good,15
6438188c-9e13-488a-bfe8-bfe48be3fe0e,TR-4914-4265,Truck,19340.88,Diesel,Good,5
249c974c-78a5-48b5-bd7e-2191b488172f,TR-5169-4266,Truck,26569.49,Jet Fuel,Good,11
a1a47756-78b4-41a3-8373-bbd35a1d74ca,AI-8289-4267,Aircraft,117294.74,Diesel,Good,14
fde08f4c-91c7-459a-98f4-095f70c036f1,SH-6982-4268,Ship,20965431.34,CNG,Due Soon,18
64db6ff1-696b-4ed2-99ad-dcc6976b4070,AI-9066-4269,Aircraft,105024.79,Marine Fuel,Good,3
0b0c16a6-3581-40a8-a9ec-c411e4705a37,TR-1776-4270,Truck,27896.95,Diesel,Good,2
206c8fb6-7a5e-4bec-ae0f-87a3cf73be3e,TR-9961-4271,Truck,16621.28,Diesel,Good,9
e8a698ee-cefe-41c5-af6a-28dbc0d2dbc6,TR-7428-4272,Truck,3223.21,Diesel,Good,17
b6cdb190-cfa8-4244-be9a-c1c039244efb,TR-1016-4273,Truck,3142.37,Diesel,Good,13
105184df-2952-4fb9-a967-1db4c056fa9b,SH-4291-4274,Ship,3820681.83,Marine Fuel,Good,10
43e28df6-6839-4009-88c5-85139d5a2453,TR-2667-4275,Truck,25033.74,Marine Fuel,Good,15
d9daef48-0769-4ab6-8656-e88d0a8493f5,RA-4176-4276,Rail,412152.62,Electric,Good,4
2a2702da-343f-4618-8b2b-291521539928,TR-1931-4277,Truck,24943.96,Jet Fuel,Good,16
699fd412-cc5c-4499-99c5-c1b1324ab49e,TR-4499-4278,Truck,10288.02,Diesel,Due Soon,7
78bf7aff-8482-475a-be7e-92b91ef5e14e,TR-7741-4279,Truck,27420.96,Jet Fuel,Good,8
bc36e7ab-39f5-487b-b8e0-e5c9ea414813,SH-2072-4280,Ship,5144781.34,Marine Fuel,Good,11
8f794c45-464e-49a5-a67a-49f1be250046,TR-9182-4281,Truck,9938.86,Diesel,Under Maintenance,11
66b62e50-47cf-4d5d-8090-ba8e61d27b1f,SH-6418-4282,Ship,21991772.98,Diesel,Due Soon,14
383ccc2f-932d-44f1-8b69-52610fbc7f80,TR-9446-4283,Truck,14546.34,Diesel,Good,5
54b2a88e-e45d-4ba8-8329-a86ba1572a8c,TR-2100-4284,Truck,18287.74,Diesel,Due Soon,6
dd9dcd18-c046-4db2-a00a-b7503b7c9b43,TR-3327-4285,Truck,4062.95,Diesel,Good,17
35185370-e142-480a-9d37-c2a361c1bc61,TR-4189-4286,Truck,22302.87,Diesel,Good,11
4c7014d3-71a8-4dfd-a723-b5b3ce279f9f,TR-5806-4287,Truck,7494.81,Diesel,Under Maintenance,14
3ce71154-3574-495d-8d1c-723256c469ef,SH-8116-4288,Ship,10398885.15,Marine Fuel,Good,10
b13abc54-71f4-42e3-92b7-a580c55dedf0,SH-2162-4289,Ship,17612305.72,Diesel,Good,17
6834d739-fa6a-4225-a70d-4512b8ee69fa,TR-7426-4290,Truck,10615.21,Electric,Good,18
49eb7818-c478-4903-a9e9-7086ddd56aea,TR-4783-4291,Truck,22833.77,Diesel,Good,17
47783909-ccff-4f21-964a-34a0da799075,TR-9514-4292,Truck,12005.44,Marine Fuel,Good,2
c989048f-28ac-4d55-aeef-a32be8f641ef,TR-3395-4293,Truck,15191.88,Diesel,Good,9
87e0a320-a923-4f5a-9b70-720a08aa4a46,TR-9262-4294,Truck,10031.35,Diesel,Good,5
f58de511-dc07-4791-b2ca-25e54dac942d,TR-7317-4295,Truck,27620.73,Jet Fuel,Good,10
3e66ba19-6661-4874-8be0-b2a01ad57e94,TR-2206-4296,Truck,10272.5,Diesel,Good,17
064b087c-3274-4487-8b17-0e17503b06ac,TR-8620-4297,Truck,18329.66,Diesel,Due Soon,3
b6bb2584-7c6d-410b-8175-25d61f1bb613,TR-3741-4298,Truck,12346.04,Marine Fuel,Good,8
06491cdb-4c27-4c97-96ec-18f2497bcd06,AI-4961-4299,Aircraft,14273.21,CNG,Good,2
6cc1f338-b89e-497e-bf5f-10b60bcaee40,TR-8475-4300,Truck,21802.93,Electric,Under Maintenance,5
b37d561e-ab33-4358-96b5-72e406d0d449,AI-3344-4301,Aircraft,37961.71,Marine Fuel,Good,7
d5a6a1d4-eafc-411b-a710-78b43f6e375a,SH-2851-4302,Ship,6310671.2,Diesel,Good,16
8f3e4bc3-1e8a-432b-914b-88ad0fe3cf1c,TR-8079-4303,Truck,9699.7,Diesel,Due Soon,8
5835c127-ff72-4071-b7ce-aef32924bc85,TR-9295-4304,Truck,21480.08,Diesel,Good,7
55d8f892-0223-4602-9653-3420c2d8d5ab,TR-6508-4305,Truck,9736.47,Marine Fuel,Due Soon,9
dafdc1d0-de50-4f89-957e-bd6a2c78a1c9,TR-3700-4306,Truck,11495.18,Diesel,Good,13
7fd23f53-3e3b-477a-a052-1fd04078f85e,SH-9809-4307,Ship,6601126.77,Electric,Good,13
4a4a2919-0716-43cd-8cc9-22833af53ac9,TR-4049-4308,Truck,24177.59,Diesel,Good,5
82cd29b3-3cfc-40a0-a1ea-ee7aacf73d76,TR-1805-4309,Truck,23897.38,Diesel,Due Soon,17
81d38e65-7ee7-499f-8b36-4ee8a5870e79,TR-2902-4310,Truck,7460.9,Electric,Good,18
f817c5a5-55f1-4d56-b39d-510684057bdd,AI-8920-4311,Aircraft,72177.78,Marine Fuel,Good,1
4fbdc7d9-5430-47c9-9729-e4734c9f5f93,TR-9013-4312,Truck,14849.7,Jet Fuel,Good,18
8e73df44-94ea-4cc5-b1d7-61c056bab609,SH-1139-4313,Ship,2615148.93,CNG,Under Maintenance,9
9ff2e1bb-ddfc-4f75-8f2f-7d2e506b848c,SH-3024-4314,Ship,24396667.77,Diesel,Good,14
c21a23b5-4dab-423d-ac6e-022a033350e5,TR-3104-4315,Truck,13518.3,Jet Fuel,Good,13
55585f2c-6980-4b52-8f4a-184b3f210a53,SH-6889-4316,Ship,23073041.28,CNG,Due Soon,3
fc013b0e-fab5-4054-8283-1d8655357adc,TR-3516-4317,Truck,10146.25,CNG,Good,11
a456286a-eefb-4908-bc4c-fb8af7ec4d68,SH-5338-4318,Ship,7873734.62,Diesel,Good,5
86306214-fe0d-4638-8354-e760f1f7c50a,RA-9430-4319,Rail,285128.25,Marine Fuel,Good,17
9c3939fb-2384-44e0-aeda-073c86910056,TR-5818-4320,Truck,19208.37,CNG,Good,7
1954b483-c083-4deb-b736-ac32b2e36ff7,TR-8094-4321,Truck,8569.63,Diesel,Good,12
c0b0ff7a-41a5-4e10-9c66-1441bbc5b8e8,TR-5669-4322,Truck,18347.89,Marine Fuel,Good,6
a9c37536-9eb6-424d-869d-5502536d5605,SH-5910-4323,Ship,4637006.03,Jet Fuel,Good,9
149ea4ea-d381-41a6-bc05-e344f7c36531,TR-2770-4324,Truck,6935.24,Diesel,Good,2
aefd8e04-7e42-4bb8-bad1-5be346277227,SH-5620-4325,Ship,9629657.28,Jet Fuel,Due Soon,7
821a42e5-a725-4dbb-937c-f09e8c1192a0,RA-9907-4326,Rail,696134.39,Diesel,Good,11
b996eefa-d728-46e7-81cb-63a8ddb4c94d,TR-7377-4327,Truck,3121.84,Marine Fuel,Under Maintenance,3
dd38b96c-289d-4611-9ae6-78aa7f990b18,RA-8981-4328,Rail,335876.55,Diesel,Good,7
50032b08-e46f-424d-a5f4-e812fa6cd789,TR-9667-4329,Truck,8938.59,Jet Fuel,Good,18
de09b1e6-a15e-4dad-ab89-eed2bb188906,SH-6590-4330,Ship,17223194.81,Diesel,Good,8
0191fe94-3c7b-4685-b99a-fd65937642f9,TR-3826-4331,Truck,7763.26,Marine Fuel,Good,4
52d6385e-ed12-4501-aa31-9a2338ee4b67,TR-8126-4332,Truck,18840.53,Diesel,Under Maintenance,3
ef4ca5e3-d249-4f9b-85b1-e846b64dccc0,AI-5693-4333,Aircraft,148382.64,Diesel,Good,7
19b65198-24a4-4f13-bae2-22852ba701bd,TR-8417-4334,Truck,13326.88,Diesel,Good,7
ea29b700-73ff-4f51-8931-39a7f62ce98d,TR-8003-4335,Truck,22099.7,Electric,Due Soon,7
fe9e0da4-b5f6-472b-8fbb-b1839d1d2ca1,SH-6054-4336,Ship,3641211.15,Diesel,Due Soon,11
0194e935-3634-4e3d-848f-b6efdc2b49fe,TR-2537-4337,Truck,18371.68,Diesel,Due Soon,1
a99b273e-a673-4a13-b6c2-0d23310e719f,TR-5258-4338,Truck,19073.72,Diesel,Good,12
064cac96-92f0-4034-a37f-75fd24ea2763,TR-9616-4339,Truck,18488.59,Diesel,Good,6
a8ed0875-212e-4632-9d44-72b06a3fcb3b,RA-3643-4340,Rail,272445.78,Marine Fuel,Good,1
658095de-75ff-4fcd-ba1b-4ecaec526ce1,RA-4680-4341,Rail,296071.04,Jet Fuel,Under Maintenance,4
8bf606bb-e8a1-428d-9215-763c11986f88,TR-6531-4342,Truck,20959.82,Jet Fuel,Good,18
0e7632fd-8748-4dfd-84a9-51bc1c159dca,SH-4741-4343,Ship,19744026.04,Marine Fuel,Due Soon,13
06e91081-c8b2-42d5-ac00-20c8806646d2,TR-5573-4344,Truck,13607.81,Marine Fuel,Good,18
7c413fd5-06a8-4dfb-a07b-b2dde2f2e5de,TR-1151-4345,Truck,21079.42,Marine Fuel,Good,18
e5db8fc5-8d8f-49e9-8430-ffc9297fd53e,TR-5420-4346,Truck,17932.58,Marine Fuel,Under Maintenance,3
0e333d6d-fb5f-4300-b258-f15932982179,TR-4864-4347,Truck,12978.37,Marine Fuel,Due Soon,9
bb8ab0a0-3326-4bcd-a6ae-8b02a11dde58,SH-6185-4348,Ship,4980774.32,Diesel,Good,2
9ddb8720-afe5-423e-9f9e-fb27fbf04f7e,SH-6523-4349,Ship,17805404.73,Marine Fuel,Due Soon,1
e56d1b27-157a-4ea7-aca8-7e7225698d34,TR-4846-4350,Truck,25199.11,Diesel,Good,11
21e61436-dfb9-4861-b930-59da8adbc83f,SH-6976-4351,Ship,9591402.52,Diesel,Under Maintenance,4
3887f9d7-e9cc-4567-9308-3233bae57cdf,SH-3683-4352,Ship,11054066.42,CNG,Good,1
1c68186b-6fc6-483f-90e5-dc215f7e9ab8,TR-2472-4353,Truck,4825.69,Electric,Good,3
aad7bb40-999f-4e82-9ce0-efb87f427f13,TR-9125-4354,Truck,6785.36,Diesel,Good,5
4e6a00be-09fa-43e9-87eb-bb231b73bce8,AI-7071-4355,Aircraft,107140.19,Jet Fuel,Due Soon,16
157cdd90-7c1c-49f4-ad1a-04356860cba0,AI-6635-4356,Aircraft,111045.6,Diesel,Good,1
921dbc36-30d3-4900-a2fd-3f6d3e57bc95,TR-3946-4357,Truck,18142.42,Electric,Good,14
bc749caf-31be-454a-956f-512a7dc79b4e,TR-8227-4358,Truck,22092.54,Diesel,Good,3
e6dbe018-4c6e-4be9-9530-93db0c5fc852,TR-8763-4359,Truck,6334.37,Diesel,Under Maintenance,1
fa6f9fab-1af4-4b89-ab11-67081367b8b8,TR-7481-4360,Truck,6922.44,Diesel,Good,16
e68e7399-c042-4314-b877-8ae26534a08a,TR-3667-4361,Truck,12894.27,CNG,Good,18
a3219dac-83fa-41f8-a8ac-58c140aa4e34,RA-4360-4362,Rail,416225.57,Diesel,Good,11
d77806f6-2d49-43be-ac8c-ac32c42c8078,TR-6799-4363,Truck,18034.83,Diesel,Good,14
d99fc742-7eae-4ac3-9932-1324c231dd72,SH-2141-4364,Ship,21340404.26,Diesel,Due Soon,18
8b3bc944-2df6-47f4-a545-36c68409d1d2,SH-6815-4365,Ship,3831953.08,Marine Fuel,Good,10
4ed68a1e-ce1f-42f5-bee6-1beb65a18fdc,SH-7817-4366,Ship,11175769.92,Diesel,Good,8
d1702634-cf41-441e-85d1-03ad9905d275,TR-7256-4367,Truck,10559.69,CNG,Good,3
44231c23-e20d-4e04-a789-5dee4837a14f,SH-9462-4368,Ship,12026484.77,Diesel,Due Soon,7
6435364c-d033-465a-9a68-1756e71c7892,TR-7392-4369,Truck,25861.15,Marine Fuel,Good,2
ca3fefd7-3001-47d7-8c4e-0aa69f41e686,AI-2638-4370,Aircraft,87591.85,Electric,Good,15
9d952a1b-8eb2-43ee-b63f-dc61b28ec834,SH-8438-4371,Ship,13050525.47,CNG,Due Soon,17
4c0f94fa-3f04-4792-9378-88301ae12db5,TR-9907-4372,Truck,15045.1,Diesel,Under Maintenance,13
d6cc2c33-8d86-4f96-ae03-993cad047e1f,TR-8583-4373,Truck,23405.85,Diesel,Good,5
9d59862b-125e-4b05-b41f-67dda7ba5653,AI-4467-4374,Aircraft,98090.22,Diesel,Good,3
3eb9cc80-c9e6-426b-8b34-14934358fbbb,TR-9854-4375,Truck,7782.09,Diesel,Due Soon,8
51453f2a-b215-445f-9218-dd53907f2afe,TR-2941-4376,Truck,15378.23,CNG,Due Soon,14
6e6a52e1-4501-46c2-a93f-11558def7cb1,RA-4988-4377,Rail,128440.95,Jet Fuel,Good,16
1e761197-319a-4a19-93d5-8d402c9fa7f3,TR-4527-4378,Truck,27058.93,Diesel,Good,10
30bc55e2-848f-4eaa-9e30-4a544e95196e,TR-1344-4379,Truck,17290.33,Jet Fuel,Good,9
ec65af18-721d-4c4f-99d0-491ce08d2bae,SH-8250-4380,Ship,3659305.99,Diesel,Due Soon,17
8f252027-8b1e-4f87-bf54-7c5a0a6c89dc,TR-8675-4381,Truck,19245.06,CNG,Good,17
5ac65b3a-2adf-4641-8985-79396f263fa0,TR-2770-4382,Truck,12997.95,Diesel,Under Maintenance,15
d7993a63-fb5d-4f05-bfd4-5d295b53416d,SH-3225-4383,Ship,7236074.23,CNG,Good,18
3b7f0da3-0a97-4a81-9ddc-a7cf3891f2a4,TR-4504-4384,Truck,18657.4,Diesel,Good,17
82f84955-f241-4d4a-8dfd-4fe0752baff3,TR-9234-4385,Truck,11445.24,Electric,Good,9
05e55e50-971c-48c9-945f-7374939609a9,TR-2978-4386,Truck,24780.65,Diesel,Due Soon,8
b11ee50a-4955-40ab-8409-9e99fe264792,RA-4257-4387,Rail,237529.01,Diesel,Good,17
9a5770cb-5f92-48b3-9775-ddc87f5ad8a2,TR-5022-4388,Truck,18953.76,Diesel,Good,11
84fac507-3b8a-47c5-bf76-90f34442a14e,TR-4513-4389,Truck,3548.8,Diesel,Good,17
58eccc9f-7a67-4858-b374-e8f258fc0134,TR-1875-4390,Truck,15166.57,Electric,Good,2
5c86316a-8256-4ae9-b570-9ed7f12f9e66,SH-1943-4391,Ship,14344875.77,Diesel,Due Soon,15
8a24744d-9c55-40a8-8681-7b140070af59,TR-6505-4392,Truck,12134.58,Diesel,Good,3
b179c540-c0d3-49a4-bafa-a296d421782b,TR-1966-4393,Truck,13498.41,Diesel,Due Soon,5
675b6506-83d4-4683-965e-990c5370e02f,TR-6539-4394,Truck,21325.86,CNG,Due Soon,17
042fcd18-647f-43f4-9fb4-08810c5043b3,TR-5944-4395,Truck,5100.95,Diesel,Good,5
21eda55a-d39c-490e-8afd-fae20e44d1a1,TR-2594-4396,Truck,8396.89,Marine Fuel,Due Soon,5
958efef7-2551-47c7-844e-3a692bed7703,RA-4080-4397,Rail,295836.18,Diesel,Due Soon,16
1cd6275e-dea5-46a3-a092-0bbeaa3272c2,TR-2574-4398,Truck,23880.39,Marine Fuel,Due Soon,9
bca40409-e712-4a1f-a051-05f4b57f32a4,TR-4848-4399,Truck,21824.51,Diesel,Good,14
a6753c5d-dd4c-49c2-aa30-08033764a26d,TR-9487-4400,Truck,10944.61,Marine Fuel,Good,13
238d7629-f0ba-4254-ae20-3f3efc196299,TR-8485-4401,Truck,10230.46,Diesel,Good,1
0d30853a-01e5-4082-b56c-a12e481edae6,TR-6710-4402,Truck,13744.87,Diesel,Due Soon,12
6d05d251-c33d-4a1e-b4d4-c12923563f03,TR-2494-4403,Truck,26573.35,Diesel,Due Soon,15
7e5b9061-ef72-4cb6-ab26-0e3dc279282c,TR-2313-4404,Truck,22647.79,Diesel,Due Soon,17
351a5ebe-3d8e-469b-8d17-0a20e9f8bbc7,TR-1185-4405,Truck,12678.62,Marine Fuel,Good,6
ccf705e2-ca61-48c1-89f6-4764399faaf8,SH-2098-4406,Ship,10265124.6,CNG,Good,8
457f872a-7d51-4480-8bac-34aea588908a,TR-3267-4407,Truck,18880.32,Marine Fuel,Good,10
e8010aee-1d69-4990-9ec1-6ce111b11369,SH-6445-4408,Ship,2593566.79,Diesel,Due Soon,10
de8a7414-8d91-4bdb-9a6d-f0aac8a511de,TR-6608-4409,Truck,18488.06,Marine Fuel,Good,11
f5a117b8-6256-4f6a-8b45-7c635f230f24,TR-5464-4410,Truck,26861.9,Diesel,Due Soon,8
614cda0b-af75-4038-ab85-6d5f01a54916,TR-4895-4411,Truck,27764.32,Jet Fuel,Due Soon,8
a4d9f833-235e-4fdd-aa41-67ddeeec5c74,TR-5513-4412,Truck,19589.89,Diesel,Good,17
e2006130-2576-4921-8b08-112a252788f0,TR-2112-4413,Truck,26941.39,Diesel,Due Soon,13
ad5d616f-fa9d-433f-a814-d22b5959d91d,SH-5314-4414,Ship,4609972.12,Diesel,Due Soon,6
b1998ea9-bcfd-4254-a3c5-ea332d6a990b,TR-9456-4415,Truck,10535.37,Diesel,Good,9
f2774d20-a078-4bdb-bd17-c97ef252b071,TR-9622-4416,Truck,27854.12,Marine Fuel,Good,11
e8bb3efe-98c8-47cc-b572-79222f826be1,SH-5679-4417,Ship,21699902.42,Diesel,Good,16
82a0ce82-342c-44bc-aade-1b8e8050a803,TR-8612-4418,Truck,18218.29,Diesel,Good,11
65227401-5d8f-4b79-863d-fb3b713edfa3,TR-5570-4419,Truck,21647.61,Diesel,Under Maintenance,18
4d105b78-e43e-4b3d-9ccc-c719744140b5,RA-7678-4420,Rail,75471.84,Diesel,Due Soon,18
0680f7e7-d26a-4fdc-a6b6-b6d721714dee,SH-4291-4421,Ship,1577764.76,Electric,Under Maintenance,13
90970a0f-5083-4ed2-9cfa-b0756157e023,SH-3766-4422,Ship,21509329.51,Marine Fuel,Due Soon,17
71d40a10-489a-4a90-8c4a-b14aff61cc2c,RA-3507-4423,Rail,542758.34,Jet Fuel,Due Soon,5
ce1eeced-8720-4120-ae90-3cfa97370b06,RA-5036-4424,Rail,373661.5,Diesel,Good,18
c86c713e-f1ca-4681-8149-8e6739db2860,RA-8099-4425,Rail,423436.16,Marine Fuel,Good,10
d1a23757-1b8b-4d19-b453-2ce3ffe0431d,SH-8180-4426,Ship,20074555.88,Diesel,Due Soon,18
5428d544-6dfd-42ba-8d5f-80e5b3ea7be3,SH-7446-4427,Ship,10898438.12,Marine Fuel,Good,13
43448f44-a1d2-4e3d-a50f-48fc560aeb46,RA-1447-4428,Rail,559434.96,Diesel,Good,1
93581d0f-c0dd-48cc-80ff-c9a2eade1f62,TR-7386-4429,Truck,19399.4,Diesel,Good,4
68664bff-9b4d-4f20-9de3-46a38f251dec,AI-7509-4430,Aircraft,126060.28,Marine Fuel,Good,18
67137e1f-d5c5-4d44-98a6-f83d8fa94a02,SH-7916-4431,Ship,4677986.93,Jet Fuel,Due Soon,6
18a5ae27-1454-46a8-a85c-ee985a77b0a2,RA-9426-4432,Rail,436299.52,Jet Fuel,Good,5
ddc1bb6e-878a-4152-a047-32ca46800710,TR-2844-4433,Truck,5650.64,Diesel,Good,13
e0c39301-b0a1-4ccc-a1fc-378142c89f27,SH-1357-4434,Ship,24209740.78,Electric,Good,10
d69d743f-3eac-425a-97fb-79c392056851,AI-2706-4435,Aircraft,22132.24,Diesel,Good,3
b9514716-f540-4eaa-b7e0-e6db4b5e96d5,AI-5116-4436,Aircraft,54556.43,Marine Fuel,Due Soon,11
19947769-11cb-42c1-9145-7735122194d2,SH-2942-4437,Ship,19189299.68,Diesel,Due Soon,2
fe2d94c4-0155-4cfd-9772-0fbb9617e947,TR-8748-4438,Truck,20001.77,Diesel,Good,13
249429c9-7778-4072-b45c-48a04ceaf1a4,TR-7245-4439,Truck,13708.18,CNG,Good,4
ef2a801a-0503-41a6-bafa-45a76391e7e2,SH-3541-4440,Ship,19992030.66,Diesel,Good,13
975eeec1-bf9e-46c2-b503-07e1461a526e,SH-8548-4441,Ship,22568263.6,Diesel,Due Soon,6
5f12f744-595f-4720-8d4b-52aa026daa27,TR-6392-4442,Truck,6572.19,Electric,Good,17
f660f22b-2027-4e60-b342-a6967376a60c,TR-6199-4443,Truck,17297.16,Diesel,Good,7
1c2888f1-0a37-4de0-8f8b-e50ed66139ac,TR-1928-4444,Truck,19459.79,Diesel,Due Soon,8
3e9b6045-dc0a-4d1d-a098-38e2787d8696,TR-4256-4445,Truck,9412.54,Diesel,Good,2
7d330fcd-046c-47ad-862f-bbd9ca68fb12,TR-6767-4446,Truck,8295.98,Diesel,Good,3
1db9445a-44a7-410f-af0f-00fdfef223c3,TR-8359-4447,Truck,14065.63,Jet Fuel,Good,7
b0d7728e-5418-4394-84a4-9ddc30cb0d4f,TR-5144-4448,Truck,9278.42,CNG,Due Soon,2
6adc44f9-b14e-4074-8a60-c3b72473487e,SH-5572-4449,Ship,23775572.29,CNG,Good,4
4ed0726f-b9cb-43ac-b56b-0313b02b6b10,SH-6054-4450,Ship,11733496.18,Diesel,Good,10
7001f5da-88f2-4615-8068-372f2583f713,TR-7082-4451,Truck,25654.75,CNG,Good,14
b09d7b00-4e19-4cf1-91b5-682b96db1e5e,TR-1102-4452,Truck,6562.14,Diesel,Good,10
eaaa09dc-561f-4384-99ce-a8d919034b0c,TR-8405-4453,Truck,26941.23,Diesel,Good,17
04d7ad3a-18b2-43bf-a957-e9aa2e93db8f,SH-2355-4454,Ship,20366434.92,Diesel,Due Soon,16
90f16b29-55ac-4458-b424-0218d1aec202,TR-6607-4455,Truck,22089.11,Diesel,Due Soon,1
e45c92c6-10c9-4c53-86ac-904ed6b6ef6f,TR-4298-4456,Truck,6143.09,Marine Fuel,Good,1
3bc14810-e102-4888-80c0-79b54d2bec91,TR-1360-4457,Truck,9890.36,Marine Fuel,Good,16
9ebc958c-0936-476c-849b-467531e364b4,SH-7490-4458,Ship,19138517.95,Diesel,Due Soon,16
6ce24c47-0f4d-48a6-b5d8-426bf3605a98,TR-9903-4459,Truck,9582.54,Diesel,Good,8
5ee68816-7d33-4c43-aac1-25acb779ca83,AI-7219-4460,Aircraft,78163.2,Diesel,Under Maintenance,8
e68963c6-fd6d-4810-bd50-8200da44bdb2,RA-9713-4461,Rail,562476.2,Diesel,Good,5
8369405d-1173-45eb-b290-258d89a791b0,TR-9692-4462,Truck,10549.28,Marine Fuel,Good,17
8ab23c28-5c8d-4298-a566-1c5330ec5890,AI-4253-4463,Aircraft,41534.83,Diesel,Good,8
c2ea5550-e8d6-4c45-8787-1edc1d27e3b2,AI-2911-4464,Aircraft,44185.41,Marine Fuel,Good,4
53386105-4ea7-4e65-bbb9-30c0f89f9f7e,TR-8035-4465,Truck,14539.78,Marine Fuel,Good,9
434cb542-889a-4b66-a9f8-c3f2657fefd0,TR-2522-4466,Truck,5112.29,Marine Fuel,Good,3
9782a05a-1079-4149-858d-46bd0f9f270f,AI-9371-4467,Aircraft,95808.54,Marine Fuel,Good,12
dcc7169c-e8ac-4839-93ea-1369a6927a3a,TR-5633-4468,Truck,7956.56,Marine Fuel,Good,12
0a4497e8-5c38-44a1-8e6e-d7aa3f49adcb,AI-7010-4469,Aircraft,138602.12,Diesel,Good,1
22381925-a885-441c-8ad8-38c0164f653c,SH-8695-4470,Ship,13076147.79,Diesel,Due Soon,15
b1b70d95-40c1-4691-be89-b2175b620e8a,TR-3940-4471,Truck,20745.55,Diesel,Good,7
3504c60d-bae6-4e95-87a0-2cef17424ac0,TR-5142-4472,Truck,22830.5,Electric,Good,1
20760adc-c4c1-4f92-ba2f-03043e158822,TR-6028-4473,Truck,20767.07,Jet Fuel,Due Soon,14
522aa85c-4f8f-49dc-ab54-043a79b7531a,TR-8108-4474,Truck,15968.09,Marine Fuel,Good,1
a3b3c1cf-483e-4a3d-ae9d-dba2a03265bd,TR-3963-4475,Truck,11126.6,Marine Fuel,Good,11
4e07df74-32fd-4fc5-bbc0-a89085320ff2,TR-3974-4476,Truck,17398.58,Diesel,Good,6
8b531f63-b0ba-4d5b-8be4-b427cd7a26d2,RA-4142-4477,Rail,186227.21,Jet Fuel,Good,2
d6b388c2-b4a5-4c95-b1e0-4788e783c9df,TR-5884-4478,Truck,25152.51,Diesel,Good,2
00960e98-0816-4cbc-9757-e7ecb9e1c8f4,TR-3963-4479,Truck,12495.15,Electric,Due Soon,5
0418f17f-ac45-4f73-9500-9628098e316e,AI-1588-4480,Aircraft,84082.83,Electric,Under Maintenance,15
32d045a0-170f-4d3e-9dd8-0e33108db67d,TR-1129-4481,Truck,5595.82,Diesel,Due Soon,10
25405d9e-6555-47eb-b208-7a4cf4f34269,TR-6706-4482,Truck,24189.98,Marine Fuel,Good,16
1deefc0a-bbba-4fe3-9153-266791efd4bb,SH-4910-4483,Ship,18935162.02,Diesel,Good,14
5bfb3e46-6b44-44d8-af28-32138330c2c5,SH-9684-4484,Ship,14502823.34,Diesel,Due Soon,15
54fe572f-0a88-471e-a5e7-c289d86356b7,SH-1332-4485,Ship,6942490.33,Diesel,Good,4
88ddbac0-ca89-4aed-9552-724e141942a2,SH-3141-4486,Ship,18258393.62,Diesel,Good,10
34f3bcc6-1ccc-440d-b1c0-e9b575c547a4,SH-7833-4487,Ship,21500639.8,Diesel,Good,17
c14503b0-b0e4-4e63-a280-5b157dd87d36,TR-4823-4488,Truck,11754.25,Diesel,Good,6
d5fbeb71-30c3-4589-98f1-44a7f05670db,AI-4826-4489,Aircraft,146602.22,Electric,Due Soon,4
7785fd41-4224-4cd3-9261-683807cb8ca9,TR-6559-4490,Truck,14902.78,Jet Fuel,Good,8
80078ab7-d954-42eb-a6c4-87fcfde6897e,TR-7981-4491,Truck,23889.23,Diesel,Good,5
05dc82a6-3317-473f-9618-905e6b1b5eb2,TR-5641-4492,Truck,9614.63,Marine Fuel,Good,6
7cfcf386-bed4-4e28-9ad9-899a617ae8c4,TR-9075-4493,Truck,9043.24,Diesel,Good,14
fd847413-262b-4147-aa34-d69f3d2293ae,AI-3028-4494,Aircraft,37474.99,Electric,Good,13
392443fb-e93e-47c4-9203-c009baafbdd6,SH-3572-4495,Ship,1007503.3,Diesel,Good,8
5b2993ba-b034-4b71-8abc-97f21528d1fe,TR-5977-4496,Truck,17509.02,Diesel,Due Soon,4
a3ef58f3-1cdb-42da-b76b-1f9fd235c917,AI-8392-4497,Aircraft,95736.85,Marine Fuel,Due Soon,16
4708502e-c99d-41c2-a5e2-b2ef941ed2ae,SH-7064-4498,Ship,13157335.04,Diesel,Good,15
9d72013f-6582-4ca5-83d6-43d0a3655783,TR-6873-4499,Truck,27017.39,Diesel,Good,8
023ff46d-af45-4f7a-b642-a6cf7fcd57b6,TR-5720-4500,Truck,5582.01,Electric,Good,18
6de0d0a1-da22-40a8-8552-5f524e9fffd2,TR-6263-4501,Truck,20923.67,Marine Fuel,Good,9
1c694f6d-c2c8-43a3-8ed8-ac7498d120d9,AI-2794-4502,Aircraft,71736.17,Jet Fuel,Good,13
2827c549-d834-4e71-a3f8-00a2290f7693,TR-1550-4503,Truck,18076.2,Diesel,Good,18
7d1ebd55-7c2d-4ff3-a8a4-f0aca9d58a4c,AI-4123-4504,Aircraft,23735.12,Diesel,Good,6
0155dcc3-82e4-4c7b-a387-116c454d5160,TR-2490-4505,Truck,26093.83,Diesel,Good,14
d7379a8a-5c82-420a-b318-456c3f1c5557,RA-9315-4506,Rail,664173.15,Diesel,Good,13
c18a0e89-1d21-4dc1-a892-07603482dd8c,TR-4133-4507,Truck,15662.26,Electric,Due Soon,14
0ef5ecbd-deee-42cd-b71a-407908c52fa7,SH-7243-4508,Ship,2065539.35,Diesel,Good,9
6b9b9497-6ee9-4b0d-8730-b6da2c7348ac,TR-8224-4509,Truck,5227.45,Diesel,Good,6
eeedfcd9-093c-4548-b5a4-38606ce6e238,SH-2127-4510,Ship,16415686.6,Diesel,Good,4
fba75e0c-dcb7-4308-a75c-ccb1cccf98db,AI-6605-4511,Aircraft,64374.12,Jet Fuel,Good,7
dbf77612-f3f2-4ce1-8db6-ee6bf43a7889,TR-5782-4512,Truck,10942.41,Jet Fuel,Good,13
2deaffe8-bc4c-4442-b225-0d5e7e8f2935,TR-9923-4513,Truck,27381.82,Diesel,Under Maintenance,7
ab66aefa-87ee-4c25-9444-4d73f489db9f,TR-6617-4514,Truck,14747.58,Diesel,Good,16
9ed5a1b9-8b15-4a70-9b43-c30b3d315676,SH-4505-4515,Ship,7533337.31,Diesel,Good,2
669d796a-e8a5-4197-b798-4209764ef129,TR-5322-4516,Truck,21047.83,CNG,Under Maintenance,15
381ee218-061e-4876-bf3e-3596f5df4131,SH-3908-4517,Ship,892148.42,Diesel,Good,8
70af528c-c754-4e8a-95f6-d67de0ce8dda,SH-3694-4518,Ship,11729697.7,Diesel,Good,18
b9b296eb-5943-4995-9ac1-9615e0da76a7,TR-3344-4519,Truck,21043.16,Diesel,Good,7
fc2e7201-1957-4897-b57f-80114a8f1501,AI-4947-4520,Aircraft,42751.99,Electric,Good,3
48a26ac2-6fda-48a0-95f9-b1aeff730106,TR-9203-4521,Truck,24557.31,Diesel,Good,8
73b3dbab-015e-43f8-a550-4e740221439d,RA-7299-4522,Rail,365479.98,Diesel,Good,16
fd651fe6-ece4-4f47-b4f3-a742f0500df3,TR-4399-4523,Truck,9505.98,Diesel,Due Soon,8
7e24bb07-ad58-46a7-99dd-26b4a542736e,SH-5332-4524,Ship,10673231.8,Diesel,Good,7
b6132068-b149-4180-ab85-0c9d999ded9a,AI-4678-4525,Aircraft,27431.37,Jet Fuel,Good,9
264c8e56-6d58-4507-b4c5-e7e2c93185a1,SH-2974-4526,Ship,24625627.43,Diesel,Good,8
a10683a9-04b6-4016-936b-c2a08dc76b14,SH-4931-4527,Ship,15103695.58,Diesel,Good,14
520d2f0b-0dab-4b6c-bdd7-713a043e590f,TR-1181-4528,Truck,3031.73,Diesel,Under Maintenance,4
347056b7-7258-4116-97fb-9f51508996b1,TR-6865-4529,Truck,4865.23,Jet Fuel,Good,1
fa28f815-d585-4311-a008-1ad704e5aedc,TR-7784-4530,Truck,8505.88,Diesel,Good,3
7b86a116-a51a-44c4-9bd6-7b0efee2c91d,SH-1058-4531,Ship,21613444.66,Marine Fuel,Due Soon,10
2e0bab30-e225-449b-8f22-f7f4a03e062e,TR-9569-4532,Truck,19348.91,CNG,Good,7
6b029679-c21b-46cc-a96c-d3d778e3f6a2,TR-8732-4533,Truck,19797.76,Diesel,Due Soon,13
16576b2c-810d-4e83-b445-536df374cc93,TR-3440-4534,Truck,18193.43,Diesel,Good,1
2475e933-5945-4b8e-8708-abc896a4c42a,TR-2403-4535,Truck,25447.29,Marine Fuel,Good,3
327fb141-8fb7-4b59-95ed-883b72c14fda,TR-2703-4536,Truck,16640.25,Jet Fuel,Good,15
371291cc-7c32-4cd2-8475-15bba290400d,SH-9057-4537,Ship,3179144.15,Diesel,Due Soon,12
e35d842f-d483-4ea7-83cd-4c0a5da28d56,SH-6204-4538,Ship,17967057.87,Diesel,Good,8
7b5fdfd9-0ba8-469c-9f0a-f5e6583526a9,RA-1152-4539,Rail,503276.95,Diesel,Good,8
3ae203c3-258d-4025-9452-18cbf5c92343,TR-8381-4540,Truck,8103.18,Diesel,Good,10
b68acf1a-1b43-403d-a041-66397ff9c0ad,AI-7314-4541,Aircraft,19138.51,Marine Fuel,Good,6
95f46229-0621-4ea9-991f-5ab238d6f42e,RA-7012-4542,Rail,360622.93,Marine Fuel,Good,1
bd4b4a85-ab17-42c2-bbc2-7350dbc172d8,TR-4034-4543,Truck,11134.11,Diesel,Good,12
ead351d3-2dc2-4c62-ac91-e703c97c3442,TR-1300-4544,Truck,25795.26,Diesel,Good,4
790f9e50-88e1-427f-a0cb-871880fd3d4d,TR-6791-4545,Truck,9685.59,Diesel,Good,2
a80d365c-85ff-46d7-9843-0ec3cdece028,SH-1344-4546,Ship,4427882.94,Diesel,Good,6
e86d586f-81cd-4c3a-8869-2b14d2a522c1,SH-1534-4547,Ship,21840746.77,Diesel,Due Soon,9
576192f7-7110-4e92-90fc-f273ce6a9fbb,TR-8381-4548,Truck,12141.52,CNG,Good,9
2d5604e5-193a-4779-8281-cc8c54c3198c,SH-6792-4549,Ship,24010345.9,CNG,Due Soon,15
d9282593-5529-4d62-b961-7aba884b2ae9,TR-6626-4550,Truck,24822.58,Diesel,Due Soon,8
b42c12e7-4012-4fc1-b38d-2dfc23cb1be0,TR-8874-4551,Truck,4313.08,Diesel,Good,12
eed4d456-d124-419e-ba99-2aa5be3142af,TR-6390-4552,Truck,25647.62,Diesel,Good,1
82dc22d4-5ea1-4dd9-9eb2-7cafeaa54996,SH-5829-4553,Ship,11142213.65,Diesel,Good,4
a63fd46a-4b18-4074-a0a5-22efd88e6fea,SH-2483-4554,Ship,22562957.65,Marine Fuel,Due Soon,18
d03f9f01-cb96-4a77-8a54-ee00db744ed3,SH-6381-4555,Ship,3297166.07,Diesel,Good,16
c97b9733-b11c-4ce7-80f7-a30ddd6d2a77,TR-4997-4556,Truck,13089.26,Jet Fuel,Good,15
f3019787-0d7b-4abf-96c4-8dee3a0f0dcb,TR-8820-4557,Truck,4814.34,Marine Fuel,Good,4
0246138f-bd7f-4bba-940e-139ab826b052,TR-3971-4558,Truck,10605.38,Diesel,Due Soon,15
1521be8b-d6c7-4ec3-a3aa-bb14d8a4a0d6,TR-7030-4559,Truck,24014.51,Diesel,Good,8
4d74c818-b5ef-4e31-9e9b-3eb5fb603a73,TR-3754-4560,Truck,3062.26,Marine Fuel,Good,3
8a26feb6-9960-4bcc-8902-170a6caae33b,SH-3701-4561,Ship,5623121.0,Jet Fuel,Good,6
9527554f-7654-4414-bc9f-79efa8c35fb4,SH-4280-4562,Ship,7448607.21,Diesel,Good,13
0541f7fa-03ca-481d-892d-d5750a0e9fd3,TR-5871-4563,Truck,20973.52,Diesel,Good,16
17d3ce68-12ae-440b-8cb0-dfbbadd349a2,TR-5786-4564,Truck,22684.09,Marine Fuel,Good,12
d21b86c2-fbc9-4734-94f1-9d227cf2ce00,SH-6895-4565,Ship,1781831.76,Diesel,Good,7
29cf8377-db6d-4593-80d5-ecbf4f4a7dc0,AI-8361-4566,Aircraft,11140.76,Jet Fuel,Good,13
8ff50bfa-ed0a-45b1-92b4-69293409a894,SH-6557-4567,Ship,23083704.26,Electric,Good,2
100b87bb-073f-4e88-bb70-ce7fb361e69e,AI-4780-4568,Aircraft,135436.29,Diesel,Under Maintenance,14
d4e409bf-9c05-4a02-bb7f-d8eb5822f399,TR-7631-4569,Truck,13775.22,Diesel,Good,8
e60ed4f3-1435-41c0-abea-3b5afeed6160,TR-3328-4570,Truck,10892.53,Marine Fuel,Good,17
03a240f5-10a4-425f-8423-e91e42f40395,TR-4387-4571,Truck,8956.24,Diesel,Good,4
d2f1eb0b-4af7-4ba8-ac47-81c05944cfdb,TR-5154-4572,Truck,27170.64,Diesel,Under Maintenance,13
d519efb9-e9f8-48ea-a2d2-3e7b197e3596,SH-2012-4573,Ship,860989.86,Diesel,Good,3
3d965939-f11b-4eca-b640-24acfa48627a,SH-5045-4574,Ship,4196429.07,Diesel,Good,2
7ee17fa9-e027-468c-ab16-538069a9cc55,RA-8207-4575,Rail,363915.78,Diesel,Good,6
8ec9a1a7-cca3-44e3-acb2-c67358f90dc1,SH-1198-4576,Ship,3200175.51,Diesel,Under Maintenance,6
f1da7ee9-1137-42bc-a26e-ca061dbca21d,TR-9043-4577,Truck,21523.17,Marine Fuel,Due Soon,11
b9870753-0b99-40dd-afe6-b6ac8a7a8f52,TR-4796-4578,Truck,9672.47,Electric,Good,11
db1d6ae0-a55a-462a-abe4-f68697bdee47,AI-7684-4579,Aircraft,30675.29,Diesel,Due Soon,16
b82c508b-ff79-4df1-a177-fa40c1f02037,TR-3400-4580,Truck,21246.03,Diesel,Due Soon,9
d5e41a50-32fa-483c-9595-2fe76aac59ae,SH-7835-4581,Ship,10026572.57,Marine Fuel,Due Soon,13
db5767a5-e182-478f-98b0-bdfd618f3b75,TR-9526-4582,Truck,8981.02,Diesel,Good,16
c55a5913-1dd3-42b2-9ca9-ecd2dc78ad47,AI-5753-4583,Aircraft,142057.89,Diesel,Good,16
c9cb0bb7-bf4a-4663-85f9-0ab695611abf,AI-3799-4584,Aircraft,132035.95,Diesel,Due Soon,11
5cf64adc-9666-45a7-ba79-ec4c83858887,TR-3880-4585,Truck,5685.62,Diesel,Due Soon,14
b2180453-38a0-491d-9502-c3d2d6ba5931,TR-5424-4586,Truck,26367.81,Diesel,Good,1
d1d49181-c9df-40fe-929a-b781290acecb,RA-9334-4587,Rail,676100.13,Diesel,Good,8
3e851939-e9b5-4319-9881-e6d715919fd8,RA-1699-4588,Rail,331883.57,Diesel,Good,6
66c112ec-0166-47fb-b769-ff4cf5f3ab85,SH-5299-4589,Ship,11632231.6,CNG,Good,16
7367277b-b894-4ddf-8d5b-f42fafcf45b5,RA-6968-4590,Rail,328974.46,Diesel,Good,15
9fd5f3fc-ff53-4d16-a24e-c8d3a160b630,TR-5151-4591,Truck,16806.71,Electric,Good,2
ac6e8d7f-ac0b-4aed-b6ec-60b89b59abee,AI-7211-4592,Aircraft,116325.98,CNG,Good,17
1bf92135-bbb4-404e-88f3-f616a7e2e228,TR-8638-4593,Truck,21349.18,Marine Fuel,Good,16
abcb8719-e35c-4964-9600-e49428b422a6,SH-6821-4594,Ship,22326907.04,Electric,Good,4
28c5cbaa-40ea-4174-a306-b3adc694acfa,RA-7323-4595,Rail,208674.92,Jet Fuel,Due Soon,12
133e88ae-7946-4b25-bde5-832b74aa4de4,TR-7633-4596,Truck,19682.9,Diesel,Good,5
270ad0b3-275a-4c65-a395-e082563c8ef8,TR-4202-4597,Truck,19519.92,Diesel,Due Soon,5
c59ae4d6-0929-4f0e-9b02-8ba25cffde36,RA-1511-4598,Rail,84504.04,Marine Fuel,Good,11
6a74dd6b-ccb0-4c0f-bf0d-75de3ff51da9,SH-6047-4599,Ship,23541960.18,Diesel,Good,9
006dbcea-e432-45c4-aae7-a75093bbea84,TR-5560-4600,Truck,26355.7,Diesel,Good,18
60075bb0-1513-4d8a-ae18-a2882ad073ec,TR-7141-4601,Truck,9110.54,Diesel,Good,4
ef8bb31f-7121-497a-8932-d187590918bf,AI-8527-4602,Aircraft,110649.43,Marine Fuel,Good,17
9caae782-77a0-4b62-b9b4-abf925a464d4,TR-4918-4603,Truck,7538.51,Marine Fuel,Under Maintenance,13
1448994a-0df8-4087-95c0-07990075b620,SH-6803-4604,Ship,14704980.83,CNG,Good,10
38acc592-0878-431c-8d57-62279a046c74,RA-2758-4605,Rail,102814.74,Diesel,Good,10
81cbe465-0e6e-4832-954a-95ca78adc8db,TR-6391-4606,Truck,5598.14,Electric,Due Soon,7
d2bd6677-eceb-44b6-ae4e-d162a0e0d728,SH-5867-4607,Ship,7923907.25,Marine Fuel,Good,6
47251772-375c-4756-90e0-25b184faaa82,TR-4614-4608,Truck,7696.1,Diesel,Good,6
0fe03455-64cb-40cb-815c-558168a7112e,TR-6149-4609,Truck,20360.65,Diesel,Under Maintenance,3
a35bcef8-4100-43b8-a7a9-33f6cf4af969,TR-5858-4610,Truck,23079.67,Jet Fuel,Good,8
cbb1aa70-41f0-4086-b769-81ecadff0a0d,TR-1439-4611,Truck,8700.91,Diesel,Under Maintenance,9
34f825b0-0386-4b7f-85d2-97387f33b389,SH-5384-4612,Ship,19826474.37,Diesel,Due Soon,13
48b104da-11aa-4530-8813-6111eebba858,TR-1758-4613,Truck,23365.71,Electric,Due Soon,7
da7460b9-3dfc-4ece-a0ed-696f34b9d9e2,TR-7074-4614,Truck,20317.95,Diesel,Under Maintenance,12
ba59c24e-ed96-4a6c-a297-2f18e51dcadc,TR-5625-4615,Truck,10021.38,Diesel,Good,7
515ff3bc-3875-4264-917f-247d9c469bc2,RA-5655-4616,Rail,441030.62,Diesel,Good,17
53d9034e-c0ae-4d20-b7f6-426f38ea78e7,TR-3848-4617,Truck,19950.77,CNG,Good,14
72a5c634-03d8-4ccf-a59f-fa2176295506,SH-6901-4618,Ship,13239737.35,Marine Fuel,Good,9
8564b700-df90-478c-8dd4-49886e9c2ae9,RA-2204-4619,Rail,519173.1,Marine Fuel,Due Soon,14
01db47c6-90ed-4bda-addd-4104793e7dd8,RA-3782-4620,Rail,246512.85,CNG,Good,8
1a25a83d-43eb-45c2-b4c3-d660db1ae0a4,TR-6476-4621,Truck,25983.67,Jet Fuel,Good,11
a8449845-b6a4-422e-bd7b-7572a20d456a,AI-8106-4622,Aircraft,38880.73,Diesel,Good,18
45078be9-c9f5-4991-9264-da5a75939355,AI-6183-4623,Aircraft,41855.59,Diesel,Good,3
eb0e74bd-e0a4-429d-8339-388cdcf46351,TR-6823-4624,Truck,21136.08,Diesel,Due Soon,8
25828c8a-1cb9-45af-8153-fc7f7881d44c,TR-8582-4625,Truck,27087.03,CNG,Good,4
aa676f9d-9dc0-475d-9ce4-3ee299ad07a2,TR-6456-4626,Truck,9383.83,CNG,Due Soon,13
51fc38bf-b5b7-45e5-825c-94cfb7680a68,SH-4449-4627,Ship,22727238.33,Jet Fuel,Good,5
0879d9a7-e53e-443e-8b79-f84987b92d08,TR-5890-4628,Truck,23412.72,Marine Fuel,Good,4
c5ca891f-f45f-46fc-bd61-7f9c3944562b,TR-1088-4629,Truck,23864.77,Diesel,Good,14
20a81f07-bded-47ad-b591-d8f8f28bf4f2,SH-9709-4630,Ship,9493284.74,Diesel,Good,18
561dffa8-afd0-4714-b888-342c3dd42c8c,RA-3256-4631,Rail,622020.35,Diesel,Good,15
45da6fd1-bac0-4abd-b256-fde38fb136ec,SH-2828-4632,Ship,1323909.1,Diesel,Good,3
af2703bb-0107-40fa-9566-b9ff461cfd89,SH-8962-4633,Ship,14402964.35,Diesel,Due Soon,2
45d804fb-b231-4163-a573-f914c8bc0765,RA-6768-4634,Rail,353095.76,Jet Fuel,Good,15
2cc34ebd-c723-417e-92a2-d8fa18cf3c5b,SH-5441-4635,Ship,3605522.88,Diesel,Good,1
f30a9adf-c21b-456c-9bde-04ca4fb0436c,AI-5020-4636,Aircraft,18902.52,Diesel,Good,8
5d05aa3e-da04-4118-a7a5-1822fba06ddf,TR-7588-4637,Truck,4495.8,Marine Fuel,Good,12
635b6696-473d-4905-b6cf-8f80635365b9,RA-2918-4638,Rail,508719.05,Diesel,Good,18
3ca1abe6-43fa-4234-a1ff-9396d4da836e,TR-1670-4639,Truck,9035.29,Diesel,Due Soon,2
31deadf4-e56a-454f-994b-fe23cf8baef7,TR-3969-4640,Truck,25533.91,Marine Fuel,Good,4
3ef429b2-a560-4646-82c7-2f098806c2d9,TR-3188-4641,Truck,16817.45,Diesel,Good,16
84a0588f-9e2a-4245-b5fa-9f0b6d76c91a,RA-1732-4642,Rail,273288.52,CNG,Good,9
d5d3c43d-9916-483e-b7d6-4205abf10058,TR-9149-4643,Truck,12955.85,Diesel,Good,3
b50fc8c7-fb9d-4114-a6ad-1919a6d9380f,TR-5962-4644,Truck,22797.09,Electric,Due Soon,12
6e3fe166-aaa8-4674-be1b-f1f8a29fca88,TR-9751-4645,Truck,13416.89,Diesel,Good,12
db77f28c-a7e1-438a-8888-b0cd38b714bc,AI-1719-4646,Aircraft,61739.32,Jet Fuel,Under Maintenance,13
8218b0e8-c31d-4f19-9697-008e486f3ca0,TR-9085-4647,Truck,22391.44,Diesel,Good,7
254b7627-ecfe-40cb-9732-99db7563cf4a,AI-6981-4648,Aircraft,96440.67,Diesel,Good,7
96cd9dfb-e24f-49e7-9b7b-522ef052f2fb,SH-5613-4649,Ship,18678454.62,CNG,Due Soon,18
9623eb7b-4087-444d-96dd-d1494b392cca,AI-6660-4650,Aircraft,98312.18,Diesel,Good,5
b4943cdd-7fa5-4911-ae84-55f4bec9bf96,SH-7866-4651,Ship,10954448.62,Diesel,Good,1
81a87b41-70a1-4020-89da-4354a88dbb94,SH-3190-4652,Ship,13275935.75,Diesel,Due Soon,7
e70cd37a-d39c-4442-90a2-b523ac79e251,SH-1068-4653,Ship,5311145.54,Marine Fuel,Under Maintenance,2
1ca77660-554b-44d5-b517-e4810ed85e8e,RA-1435-4654,Rail,546040.28,Diesel,Good,5
30ad073f-55ac-4330-ba03-0bceaee4bae1,AI-5575-4655,Aircraft,30242.29,Jet Fuel,Good,17
2ad4d9de-14c1-4d9a-9f13-dd63a6682b8f,RA-3545-4656,Rail,691668.25,Marine Fuel,Good,4
ee8a2962-4c0f-4480-a390-929256a9cbb5,TR-7119-4657,Truck,13443.61,Diesel,Due Soon,14
c086a9e8-2b30-45e8-b0ff-d7d0bfaca6c0,SH-7151-4658,Ship,3527587.92,CNG,Due Soon,4
1dc4cd45-123b-4b1d-a454-ed3f9a6ec99b,TR-1533-4659,Truck,12161.46,Marine Fuel,Due Soon,16
6525799b-cb70-42b6-807a-ce905b93f20c,TR-2202-4660,Truck,26054.1,Diesel,Good,14
010ef908-9e2b-4484-965b-e927ef738825,SH-7841-4661,Ship,23048336.11,Diesel,Good,9
2f3f07c7-4657-4331-a614-ee8093122892,SH-6545-4662,Ship,13377343.7,Marine Fuel,Good,14
2a5c8f6f-8692-4a56-b557-e2244e718786,TR-4397-4663,Truck,14230.47,Diesel,Good,18
5c1c0182-77be-4df5-8434-93f499e82df9,TR-9710-4664,Truck,21287.55,Diesel,Good,9
b93c5264-a981-4a1f-8a78-3bbda8492e42,TR-7224-4665,Truck,12285.37,Diesel,Due Soon,12
a60c2734-6f10-4620-8560-57b6caa2599a,TR-7603-4666,Truck,7516.57,Diesel,Good,18
ccb3c384-1514-4a3d-901c-4e89baf1f28e,TR-9748-4667,Truck,3732.92,CNG,Good,1
8853853f-a855-440b-9a99-002e353324d4,TR-2555-4668,Truck,5319.27,Diesel,Under Maintenance,4
cd52a2ae-c7de-4411-beca-9d176cf8d982,TR-6864-4669,Truck,15936.63,Diesel,Due Soon,15
36d5c123-fe8c-4919-8a3b-91071ac45802,TR-3036-4670,Truck,11382.89,Diesel,Good,11
d8c56206-5d17-4668-8469-e52a70bc3612,TR-5771-4671,Truck,14481.52,CNG,Good,5
318f8e91-c10b-4e08-84c9-528d835caedf,TR-4308-4672,Truck,19869.17,Marine Fuel,Good,15
8091057b-7210-4fff-994b-9493d2030a92,AI-2336-4673,Aircraft,74549.08,Diesel,Good,13
8946a747-78fa-47ea-9c25-51f7d11854e9,SH-7764-4674,Ship,22726767.97,Diesel,Good,18
faa37425-0313-4193-9c0e-6977626fa38b,TR-9129-4675,Truck,11283.54,Marine Fuel,Good,9
252b6db4-f316-4869-9c8f-8e9cfb10fea9,TR-9688-4676,Truck,24682.07,Diesel,Good,11
850a8fd3-3489-4a28-aefe-b7cddd15fc99,SH-6845-4677,Ship,20380148.0,Jet Fuel,Under Maintenance,2
45cbdb61-fa45-4305-b191-614daacc415f,AI-7282-4678,Aircraft,27112.77,CNG,Due Soon,13
73b273fc-697c-4033-b34d-4db340747aaf,SH-5342-4679,Ship,14777251.31,Jet Fuel,Due Soon,13
879a18f9-5602-4842-a4e4-ae6b7de8f08d,TR-7619-4680,Truck,3159.0,Diesel,Good,15
36670394-5bdd-466c-a064-be24e14b29f5,TR-8704-4681,Truck,18077.17,Electric,Due Soon,10
97e628c9-04df-46a9-b2bf-e96ae718b441,AI-2966-4682,Aircraft,88379.33,Marine Fuel,Due Soon,5
1bcf6296-66aa-4ec6-b2d2-d4d398a2c293,SH-3035-4683,Ship,20007948.5,Jet Fuel,Due Soon,11
217a6f2b-6547-4971-87ec-0892c0fea443,AI-7032-4684,Aircraft,136754.9,Diesel,Good,17
eb3559c3-512a-494d-bfa4-51e585450388,SH-7991-4685,Ship,8706484.03,Jet Fuel,Good,8
a4eeff46-d0b1-46b3-936a-4035e3f31a08,SH-9740-4686,Ship,16663952.91,Diesel,Good,9
3a789890-4985-4ab8-af63-3140dea4a859,SH-2350-4687,Ship,20530024.76,Diesel,Good,14
74cbd098-e01b-4de1-868b-a7817437aada,TR-8080-4688,Truck,8305.56,Diesel,Good,5
2b7593e5-227b-4066-8bdb-94e1b3b7ff50,SH-1070-4689,Ship,15372843.39,Marine Fuel,Good,6
dc5562aa-93b1-423c-8c38-f76f9d22a057,SH-8736-4690,Ship,15829066.0,Marine Fuel,Good,14
a1d36261-7c87-413c-8346-24f5a6fedb7c,SH-2035-4691,Ship,1853166.6,Diesel,Good,13
840b84dc-c4eb-44bf-ac89-40a745e39ece,SH-8895-4692,Ship,786606.79,Diesel,Due Soon,18
51e4591c-966c-4367-8137-54a33d9569aa,TR-8154-4693,Truck,3416.37,Diesel,Due Soon,1
fe5ab1e6-4146-46d2-aba8-29489fe74501,TR-9294-4694,Truck,4238.63,Diesel,Good,9
12d17bee-d8ab-416d-8a1f-923bea24f1e1,TR-5981-4695,Truck,7597.97,Jet Fuel,Due Soon,11
c5c52e87-0008-4d19-85a5-8752d31bbc14,SH-1590-4696,Ship,24556397.11,Marine Fuel,Good,9
798fea46-cf15-42ab-af40-82ce2c5ce560,SH-7364-4697,Ship,18011871.15,Diesel,Good,2
f8f21a2e-81b7-4379-9447-5848f1f13bef,TR-7897-4698,Truck,27177.76,Jet Fuel,Good,18
924eab9e-26e7-415c-9954-a662186bc090,SH-4632-4699,Ship,18131956.77,Electric,Due Soon,2
e067fb4b-6d6b-41b2-a636-187a35026cc6,TR-5911-4700,Truck,5452.8,Marine Fuel,Good,2
81295d06-3e21-4add-add9-b99a8fdca96e,TR-6313-4701,Truck,5591.94,CNG,Good,2
6be97312-bd37-4962-9766-b9d491cd44fe,TR-1973-4702,Truck,3832.08,Diesel,Good,8
cadb0ad0-4521-4a38-abc0-e6f5ff86b365,AI-4885-4703,Aircraft,42534.47,Diesel,Good,1
379c1665-0bcb-4100-98c9-c33ccb08c230,SH-3664-4704,Ship,16866144.49,Marine Fuel,Good,1
6bf21410-3808-4e5f-996b-7ef12f49b8b1,AI-7748-4705,Aircraft,47169.32,Jet Fuel,Good,1
60f03ef5-7f02-43ca-b383-2d604ce1a700,SH-1965-4706,Ship,13241615.76,Marine Fuel,Good,4
66d45fbe-69ea-4b28-bc8c-15467fee5c6d,TR-9940-4707,Truck,18267.27,Diesel,Due Soon,3
b6e96911-348e-489b-a889-cbb61633879a,TR-7659-4708,Truck,12905.71,Diesel,Good,10
fb5e4d27-c30b-4a84-95b4-744323c36282,AI-2174-4709,Aircraft,141382.04,CNG,Good,1
7e2bea0f-33e6-4368-b8ab-9b311e689c4f,TR-4321-4710,Truck,17202.49,Diesel,Good,2
b5fa53a3-1297-469f-8108-7f457988d917,TR-1583-4711,Truck,8381.01,Diesel,Good,1
2571fbd3-8a18-44bb-81bc-5557d9747425,TR-2257-4712,Truck,12926.02,Diesel,Good,6
d31c12e7-e110-462f-b58c-3ea7014b2a3b,TR-6667-4713,Truck,8020.32,Electric,Due Soon,15
43d0f9b4-abdd-465b-bfda-6192e1b4a9eb,TR-6806-4714,Truck,24002.4,Marine Fuel,Due Soon,4
a3c17062-c14a-4a99-adf1-1d18114e1ee3,SH-7865-4715,Ship,7328493.59,Marine Fuel,Due Soon,18
beb273a7-1897-4323-8d5e-3fee7fd0606e,SH-8905-4716,Ship,12817533.11,Diesel,Good,14
28edd883-2070-4dce-b581-72abc562eebd,AI-3603-4717,Aircraft,76819.01,Diesel,Good,16
b5917a6a-adf3-45b2-be4a-741b1b590b2b,SH-7408-4718,Ship,11710351.8,Jet Fuel,Good,14
2f1c4dd5-a017-4bea-9af1-675fe17b0b24,SH-1230-4719,Ship,12127438.57,Diesel,Good,16
a1a55f66-198a-4dae-85ab-ce6b94c85470,SH-2486-4720,Ship,7615705.25,Diesel,Good,1
655ae8c0-672d-4360-9f28-11d093d3e568,TR-4206-4721,Truck,3158.44,Diesel,Good,17
ef7e7d87-1b71-489a-8050-61ac4f5be2d7,TR-4027-4722,Truck,7472.28,Marine Fuel,Good,17
e48cca73-4867-4d09-b9b5-71b6c439e7b8,TR-5532-4723,Truck,27387.0,Diesel,Due Soon,18
08b939f9-6d3f-4c1d-a258-6c18b00f7d57,TR-1667-4724,Truck,14827.79,Diesel,Good,13
3217d2fa-e12a-49b5-8b60-12ee7d8efafe,SH-9114-4725,Ship,24965794.74,Diesel,Due Soon,8
ad27c29b-69c2-4cf8-9d35-1dcc758a7a0c,TR-2719-4726,Truck,17110.38,CNG,Good,5
3f2e06a6-3dd7-4575-b42e-ed6a93d8d515,TR-7216-4727,Truck,17718.94,CNG,Good,12
efe80c1f-264a-4800-b31e-ba36e86514b5,TR-4549-4728,Truck,20990.81,Marine Fuel,Good,18
8166cedc-a77b-4775-813e-4c9d80e52bc2,SH-3859-4729,Ship,9193507.75,Jet Fuel,Under Maintenance,5
cfdb8cdb-8dda-49b8-8104-5168d8b15d68,RA-2271-4730,Rail,614808.83,Diesel,Good,17
c1b20237-7aa3-4631-936b-f23ac76e38f7,SH-7425-4731,Ship,7730250.15,Diesel,Good,11
654bd240-19f2-45c2-9891-fb1fd03b7882,TR-9117-4732,Truck,19825.39,Jet Fuel,Due Soon,17
25bd6cc8-f06c-4d04-ba1c-e26aaab717fc,TR-7454-4733,Truck,10989.01,Diesel,Good,4
bff65989-32ec-4f46-a87f-8916ed54214f,TR-7521-4734,Truck,25020.38,Jet Fuel,Good,11
92c7c3ff-cf30-48da-8458-fe4a7418b55f,TR-1325-4735,Truck,21842.44,Diesel,Good,2
95dbc45b-2a40-4d96-bbb9-c7909140d15c,SH-9966-4736,Ship,22526470.37,Jet Fuel,Good,15
1d28d3b1-6e4f-4c6c-a6a7-b24aab6d2d6c,TR-2378-4737,Truck,7901.56,CNG,Good,9
d3112095-dc51-4402-92a3-ecaa53926088,SH-5981-4738,Ship,8785747.58,Diesel,Good,9
31751224-3a39-4428-9303-df9a9633dff0,AI-2694-4739,Aircraft,144416.3,CNG,Due Soon,7
49299d33-32d1-4258-9698-01519e41d076,TR-2915-4740,Truck,22450.29,Diesel,Good,11
fee56718-5883-4f05-a8f4-ba6ac359d39a,RA-4870-4741,Rail,538187.4,Jet Fuel,Due Soon,3
8be534ea-a59b-40ef-933a-3a5663dbfa4a,TR-2666-4742,Truck,19546.17,Jet Fuel,Good,12
cb4fd706-2948-4b43-9362-1ff974a1320a,TR-5885-4743,Truck,12666.07,Diesel,Good,1
00a52b52-0af1-45a8-8ee9-26f20a224d18,TR-7779-4744,Truck,12528.14,CNG,Good,3
2376953b-878d-4326-a4db-8c75b57b221d,TR-3976-4745,Truck,13852.45,Diesel,Good,11
d24c8847-2f64-4bfb-9220-07f1628976a7,SH-3961-4746,Ship,8866067.99,Jet Fuel,Good,16
b7ec17e7-6ef7-40b3-aac7-d209356c7192,TR-2150-4747,Truck,26320.08,Diesel,Good,2
f1827765-b2be-45ed-aad0-52a0eb32556e,AI-2994-4748,Aircraft,73591.33,Jet Fuel,Good,15
034d83de-a0c5-417f-bc5e-3f11bf8f1a2b,TR-7938-4749,Truck,15937.37,Diesel,Good,1
911a9f0e-9635-41ef-b90b-9fb608eadc4b,RA-1450-4750,Rail,409889.27,Diesel,Good,8
9160ff87-3d23-4283-84f9-99780962d7ea,TR-6737-4751,Truck,3783.2,Diesel,Good,14
c47dfb28-a14e-4bef-9909-c21a19686273,AI-5834-4752,Aircraft,17637.34,Diesel,Good,13
3f44d560-8117-4ab8-9aba-f8736d6750ef,TR-3681-4753,Truck,10292.83,Jet Fuel,Under Maintenance,17
4f8f4e77-b3fe-4f30-81e7-caaa145dce6f,TR-7986-4754,Truck,18572.86,Jet Fuel,Good,14
2e4c61e6-947b-4c42-9721-561cee3ecaeb,SH-1489-4755,Ship,3636380.15,Marine Fuel,Due Soon,8
5f3b8f69-944e-4e59-bebb-a763c5d85a87,RA-9375-4756,Rail,477212.47,Marine Fuel,Due Soon,5
bcf232b6-6e40-4616-bf58-d28a064ef3be,SH-2149-4757,Ship,22440959.64,Diesel,Good,4
9672bc82-17ec-4fc1-964b-9894e9ae4718,AI-2088-4758,Aircraft,25606.34,Diesel,Good,12
e8dffd31-dfdf-4982-adf7-4467f21514c3,TR-1084-4759,Truck,14740.6,Marine Fuel,Due Soon,12
be685496-0cf0-4c75-80bc-9c60bded6ab4,SH-9393-4760,Ship,7597900.03,Marine Fuel,Due Soon,2
2a45c83d-dc6f-4156-9af1-77b401b54401,SH-4108-4761,Ship,19231924.01,Marine Fuel,Good,7
144fe466-4cc2-4646-82bf-b78ffcf8f4ec,TR-6393-4762,Truck,12859.87,Diesel,Good,5
a175869e-56eb-48a1-871d-c4b271bb609b,RA-2893-4763,Rail,577186.75,Diesel,Due Soon,14
1646386a-e693-49eb-afb2-8124d3df4c28,SH-5533-4764,Ship,7914566.67,Jet Fuel,Good,3
d0a45551-6147-4972-8176-a4770399c7bd,TR-7639-4765,Truck,7126.8,CNG,Due Soon,5
01c1dd5a-7e8a-430e-acb0-1fdea5468207,SH-6625-4766,Ship,1380320.47,Diesel,Good,18
eecb9185-944e-467c-ba50-9d4d401f556b,TR-1509-4767,Truck,20292.12,Marine Fuel,Good,5
8a225a03-dcff-4915-9a26-07b3f884f5fc,AI-5484-4768,Aircraft,122770.01,Diesel,Good,13
1189784f-8c73-4939-96a9-a56f21ea76b7,AI-3177-4769,Aircraft,100350.79,Diesel,Good,1
ed73699d-1459-4360-a50d-2b5a34e6cb83,AI-7678-4770,Aircraft,75221.21,Electric,Good,9
519c6c3c-5a0b-45ef-8337-b3c217e020e5,TR-3022-4771,Truck,6243.8,Jet Fuel,Due Soon,12
d8cfa9bb-5b54-451c-8f52-604a609e6658,RA-9994-4772,Rail,417838.36,Electric,Due Soon,1
2dc70989-5b59-4065-96f7-ff62fb90f12f,TR-3635-4773,Truck,24732.92,Jet Fuel,Good,13
1572e4d2-62af-4364-bc2b-a8dd77c8e32c,SH-6598-4774,Ship,9010077.99,Diesel,Good,14
567332a9-53dc-47f0-a10d-a8ad3aa11aae,SH-6483-4775,Ship,22113020.88,CNG,Good,2
f4e339f8-e169-471e-a296-89eec580a3a4,TR-7257-4776,Truck,5112.62,CNG,Good,2
bab10c34-8529-4dfd-93d6-484d42f3f818,TR-4743-4777,Truck,14649.46,CNG,Good,8
eaab0b3d-2f6a-4569-9918-c6106a5ff190,SH-1350-4778,Ship,2342703.19,Marine Fuel,Good,8
21788e1f-881d-4817-90c7-4d51c3fac0dc,SH-5279-4779,Ship,18490576.48,Diesel,Good,16
9374dbcd-760c-4a28-b4d8-123320395c41,SH-9980-4780,Ship,23211177.84,Diesel,Due Soon,2
56d99219-6cde-419d-958d-eb60cdfdbd9e,TR-5306-4781,Truck,24773.2,Diesel,Good,8
804a066b-f448-4710-bbe1-dc51cd34c22b,SH-1059-4782,Ship,13211506.24,Diesel,Under Maintenance,17
34fccfc5-5547-4da6-925f-4d85d4988617,TR-3832-4783,Truck,12878.88,Diesel,Due Soon,14
8ef78100-5655-4a21-bb1e-f5278c27ee9c,TR-2500-4784,Truck,15544.02,Diesel,Good,3
9ab69879-b163-4642-8a46-1f1ca3868646,TR-9686-4785,Truck,11674.18,Jet Fuel,Good,14
f3fff442-e124-4272-9ba2-b678efe5507a,TR-6971-4786,Truck,12164.56,Jet Fuel,Good,9
58ef00b0-da7a-4667-b529-de44f25d74f0,RA-8354-4787,Rail,303325.47,Diesel,Under Maintenance,16
1c9b0046-1475-4f6d-b6f9-f16f0d7e04bb,TR-2907-4788,Truck,20540.29,Electric,Due Soon,1
d57aec12-280a-4df3-8c46-88e7dfd5f8a6,SH-1330-4789,Ship,22657091.95,Marine Fuel,Good,2
9f48a794-ae02-4d66-a85c-908a4b57d0fc,TR-9762-4790,Truck,18816.0,Diesel,Good,7
177daf8d-cb3c-4f1b-9b78-709f53b98e31,TR-8040-4791,Truck,3337.64,Diesel,Good,18
c54db901-49c9-4291-b9f5-858b9ee22108,SH-2341-4792,Ship,10584265.44,Diesel,Good,18
827652f1-1ce7-4e0a-92db-30605db6ca70,TR-6442-4793,Truck,23679.64,Diesel,Good,2
d3667277-c828-4256-ba5c-06ea6fff1f74,TR-4064-4794,Truck,12708.95,Electric,Good,18
d1594ffd-9963-4bba-a503-070b2c5dfbdb,TR-4552-4795,Truck,18258.19,Diesel,Under Maintenance,11
a9667f7c-751d-4b7e-be74-b8c8aefe57bb,AI-9779-4796,Aircraft,128092.5,Marine Fuel,Due Soon,13
67cacad1-9023-4847-b312-4b9543d945d5,TR-6599-4797,Truck,20143.39,Jet Fuel,Good,15
c59fa503-8e2d-44b3-9446-da6f4de13faa,SH-9240-4798,Ship,15218194.88,Electric,Good,6
7fef3423-46dc-4747-99d1-6afdc0edd4c2,TR-9059-4799,Truck,17889.89,Diesel,Good,13
36ed73c7-1b49-4c70-83c2-153113170312,RA-7101-4800,Rail,425306.67,CNG,Due Soon,5
cdd0d6db-0d74-46a3-b73b-5e7bab674d0d,AI-5400-4801,Aircraft,93628.12,Diesel,Good,8
8bbe5a1a-d4c2-48c1-a465-bddb8296b807,TR-6383-4802,Truck,12511.96,Diesel,Under Maintenance,10
5d803430-2f32-4cf0-90b4-47be6619d3ba,TR-1892-4803,Truck,21146.68,Diesel,Due Soon,9
59b50606-f9ce-47b8-84ef-fb2c74b04e44,SH-4865-4804,Ship,6798869.12,Diesel,Good,14
401d94ab-4a28-4f39-9b86-4ff1e4dab0d9,TR-4549-4805,Truck,19590.1,CNG,Good,16
eac57265-698e-427f-ab76-6e9ef68b9ef6,SH-2768-4806,Ship,16932899.0,Diesel,Good,9
1fe24776-c8ce-4769-a702-8e9e55b6b21d,TR-2827-4807,Truck,27425.59,Jet Fuel,Due Soon,11
deded30e-b702-448f-807f-c02aee592ff1,TR-6273-4808,Truck,8013.91,Jet Fuel,Good,13
326dad31-75da-4160-bd1e-16bfd3df0890,TR-2531-4809,Truck,4223.9,Jet Fuel,Good,10
63904ea1-eb87-42b6-bca0-261abe350ec8,TR-9072-4810,Truck,20448.99,Electric,Due Soon,6
3b941c3a-28d9-4d22-a25f-318208035715,SH-4811-4811,Ship,12273720.64,Jet Fuel,Under Maintenance,17
6b1a5bc9-e9cb-4184-921d-5d2766f00857,SH-3188-4812,Ship,17109621.87,Diesel,Good,10
d6144a49-17c3-4018-9eb3-bc0d52c5f5f1,TR-1870-4813,Truck,12665.47,Diesel,Good,5
737e4bf8-f2c6-4ba3-9a7a-eb7de9d6a8fe,TR-7858-4814,Truck,4041.71,Diesel,Good,18
b3c52868-6621-4c34-85d1-de287152a101,SH-2513-4815,Ship,9944023.2,Diesel,Good,7
a7d38eb9-5f71-4776-a8ee-080bea6c3389,TR-9167-4816,Truck,9490.51,Diesel,Due Soon,13
af9371bd-5383-4964-a40e-0df9a71850a9,TR-3975-4817,Truck,10077.84,Diesel,Due Soon,1
e011c7d9-cc36-4d9a-a1e5-d2556d72170b,SH-2933-4818,Ship,1786838.97,CNG,Due Soon,12
9c779ee6-3db2-43ee-b723-d4b1a2559e10,SH-2973-4819,Ship,14419068.34,Diesel,Good,4
c245dcbb-293c-4c87-93ec-eb725cd966e9,AI-8607-4820,Aircraft,114331.82,Diesel,Good,1
889a73bc-7d8e-48bf-9226-fa5083ed3c92,RA-6215-4821,Rail,447612.66,Diesel,Good,8
d44294cf-683c-4058-9090-b23eb0959044,TR-6089-4822,Truck,13736.65,Electric,Good,9
d8b6c9ae-8e6e-4ad7-9584-765b144cb96d,TR-6153-4823,Truck,3555.37,Marine Fuel,Under Maintenance,16
d326e3ae-ed44-4d09-bfdc-99024ad40777,TR-1561-4824,Truck,26137.48,CNG,Good,10
1fe7558d-06ce-47bc-974b-c07ea476e52e,TR-8362-4825,Truck,14927.64,Diesel,Good,13
b13063c8-4a4c-4f08-a0bd-9811bfa46178,TR-5993-4826,Truck,16416.57,Diesel,Good,15
8a711277-0c43-413c-9445-d489bb5d7a81,SH-3761-4827,Ship,8535801.26,Marine Fuel,Due Soon,6
836f5390-7a4e-4e6a-9050-153aa2d4dcf3,TR-1466-4828,Truck,24121.98,CNG,Good,3
c2ed7e27-a0d3-459b-874f-1d3bee1028d3,SH-5343-4829,Ship,10350374.32,Marine Fuel,Good,3
4ab4745b-76ae-4b75-80b4-88807e4e7f73,TR-1765-4830,Truck,26532.7,Diesel,Due Soon,3
93a7aabe-0341-42cc-b7cf-c04b8f7cec7a,TR-7165-4831,Truck,23780.62,CNG,Due Soon,12
45aebf6d-ee44-4279-b891-64f6052fbe16,TR-4479-4832,Truck,17268.3,Diesel,Good,16
f0e7ce63-3173-4833-b9da-37ffba9d3e94,TR-3611-4833,Truck,17775.38,Diesel,Due Soon,13
47bf06c8-97ed-45dc-b8a8-27cc2a657695,AI-7779-4834,Aircraft,86537.01,Electric,Due Soon,17
85c1cc92-bd4c-4247-a25b-589ae26498b4,TR-6178-4835,Truck,22962.74,Marine Fuel,Good,15
92345570-2232-446a-876c-3f293bf51b93,TR-8377-4836,Truck,10929.6,Diesel,Good,4
42aac3d1-62ff-4eb7-9053-effd08af886b,SH-1207-4837,Ship,9393244.91,Diesel,Good,8
272d0d1b-2713-4cf7-bb2c-61a36e74267d,SH-8262-4838,Ship,8908387.77,Diesel,Due Soon,14
933ee8f2-c254-4779-bcb3-3017b0c27e07,TR-3377-4839,Truck,12220.5,Diesel,Due Soon,12
97810788-9a2a-418b-99ac-aede60a8a4ce,RA-2898-4840,Rail,532659.63,Diesel,Good,17
64ac7c11-7cce-4fee-bb53-13025bdafc41,TR-5527-4841,Truck,24557.17,Diesel,Good,13
a78651c7-5955-44a8-9052-28f1888a7a2b,SH-6047-4842,Ship,16391537.31,Jet Fuel,Under Maintenance,9
d642c74f-96c3-4893-901d-5313c8fb2c1e,SH-7799-4843,Ship,13500186.77,Marine Fuel,Good,7
e9b30dea-132d-42a9-bf5c-7c96269717ed,TR-8080-4844,Truck,26507.81,Jet Fuel,Good,16
794bb606-1664-46db-be87-37f37648ff55,TR-3957-4845,Truck,25842.88,Diesel,Good,17
ff2624da-0049-40f6-8911-ea17734d7737,TR-7534-4846,Truck,23646.44,Jet Fuel,Good,12
ec4f5cf6-ca3b-4042-9e9d-64d93092e0fb,TR-5338-4847,Truck,8258.57,Electric,Good,6
2c4f021e-85af-4954-8bbd-15e5ad29d73e,TR-8397-4848,Truck,5976.42,Diesel,Due Soon,11
48f35a1e-7c5e-4260-9ad7-14b5e49c2657,AI-8945-4849,Aircraft,87639.85,Diesel,Good,4
0de36892-b5d2-48b7-9002-bea7aec2a123,RA-2694-4850,Rail,571871.27,Diesel,Due Soon,13
6c06f884-aed9-4324-b518-18f9e862dd59,TR-2217-4851,Truck,22406.11,Diesel,Under Maintenance,2
8129535c-6539-48b2-8fac-d0edcf120662,AI-8377-4852,Aircraft,18524.08,Diesel,Due Soon,18
94966502-bef5-4eaf-9d75-e969f7c57047,TR-7568-4853,Truck,15755.55,Electric,Good,4
c2e571f5-4ae2-41b4-8f8e-400be812b554,TR-7066-4854,Truck,26108.22,CNG,Good,14
610d1ba1-2ed8-4cae-9af4-0ca731979823,TR-9289-4855,Truck,6015.39,Marine Fuel,Due Soon,9
5b8b84b0-1d0d-462b-84e4-2085f5907aa1,TR-6127-4856,Truck,8730.78,Diesel,Good,11
3f9800ae-1ab9-4fee-b7f9-0c387b8ece23,TR-7802-4857,Truck,19498.36,Diesel,Under Maintenance,18
ae818f2b-84d0-4c52-a7a7-700d1d47266e,RA-2775-4858,Rail,557990.45,CNG,Good,9
22b86b6e-67c6-4e21-abbe-d81f32fc7c2a,TR-6102-4859,Truck,13358.83,Diesel,Due Soon,9
b482b2cd-2024-44f2-ac53-f28837cc6ad4,TR-1381-4860,Truck,27504.36,CNG,Good,7
bc785547-7b6e-42ed-b97d-e02033b4c76f,SH-5276-4861,Ship,15815951.18,Diesel,Good,6
90759a84-b54b-49cb-9a97-590977599dcf,SH-9158-4862,Ship,18698162.02,Diesel,Good,5
a651c544-5584-47a7-a653-69d8094c0082,SH-4815-4863,Ship,4740437.64,Diesel,Good,16
a6b69215-dbd9-41df-9309-b6e3de50252e,AI-5515-4864,Aircraft,141088.52,Jet Fuel,Good,17
c070afd4-cce9-4188-96b7-5db4dd1c38e7,TR-3034-4865,Truck,5241.24,Diesel,Good,4
a2158bcf-c2c7-430e-9571-981c8965ee96,TR-9244-4866,Truck,5364.13,Diesel,Due Soon,16
24d0abc6-279d-4c90-bb28-ebde62fd82be,TR-6919-4867,Truck,23158.81,Diesel,Good,1
3679ab88-963b-440d-9636-474e9450ab78,SH-1909-4868,Ship,18120504.4,CNG,Due Soon,13
c593e5c4-f56d-4437-ac27-6130412a427d,SH-1286-4869,Ship,13222235.73,Diesel,Good,16
19f559a5-252d-45a2-996d-059ad69f2043,TR-5848-4870,Truck,18205.33,CNG,Due Soon,2
8bab4513-1bbe-40ad-bb01-a0b2410571c5,TR-8748-4871,Truck,9110.11,Diesel,Good,6
d494dcb3-b49c-4290-b222-597e263ea5ca,TR-6097-4872,Truck,22204.73,CNG,Good,17
186d7656-8cb0-4ded-a10b-3e5f5fbaa0ca,RA-3744-4873,Rail,593400.94,Diesel,Good,12
fbc07f96-df0a-4ad1-b50b-eee13b410ae3,TR-8694-4874,Truck,3295.72,Electric,Good,16
33a802e0-4cd2-4d26-8dc7-f5d7304c3555,TR-5939-4875,Truck,19798.42,Marine Fuel,Due Soon,5
eb220ca2-4023-4277-9a29-0ff4c9ef9a15,SH-3692-4876,Ship,23613721.24,Diesel,Good,7
a7676f6e-5148-4293-9b85-3f74d65392c8,SH-9553-4877,Ship,21832387.53,Jet Fuel,Under Maintenance,14
d8ee7f0b-4aed-407b-9bc2-cd08deda472f,SH-4520-4878,Ship,5343009.49,CNG,Good,17
8bb13e9b-e63b-4d27-a307-90858879c7a8,TR-6722-4879,Truck,26601.82,CNG,Due Soon,17
6ec5711c-3907-41bc-9582-98ebae8a7253,RA-7267-4880,Rail,130025.16,Jet Fuel,Good,16
d0710b3d-c60d-49c6-81c8-54b9fe67c42e,AI-3234-4881,Aircraft,43228.22,Diesel,Good,16
6fa67840-5912-4850-89f8-fb9d5e3f3265,SH-5716-4882,Ship,1005240.07,CNG,Good,15
a7c79bf9-2763-406e-b4b9-5fd786958496,TR-7982-4883,Truck,12053.27,Marine Fuel,Good,3
a784fc46-3b53-44ca-a81a-9071652be8c8,AI-6620-4884,Aircraft,31951.69,Electric,Good,2
d73e097e-991d-410f-ba47-e3a6b8ed07bf,TR-4711-4885,Truck,16193.56,CNG,Good,5
1ce156e6-029c-4ff9-8f3d-94715b58e1da,TR-2278-4886,Truck,19215.03,Jet Fuel,Good,3
90eb896e-68a6-4e84-a460-49c4f679daab,AI-3240-4887,Aircraft,149231.9,Jet Fuel,Good,10
c6a717d8-747b-44b5-a3ac-26970db28378,TR-7461-4888,Truck,16852.94,Marine Fuel,Good,9
9b3ea707-c8d0-41f7-a86e-1f208eddbca6,AI-4038-4889,Aircraft,126689.47,Marine Fuel,Good,5
325b05cc-9c3b-4619-a9eb-9bcaf1e72ef7,SH-6508-4890,Ship,5352852.11,Diesel,Due Soon,15
afe5bd6f-409d-442d-a8c5-052b21005db2,TR-4998-4891,Truck,24622.99,Marine Fuel,Good,15
03eeda43-2157-4b7f-87d3-c31f24813421,SH-4846-4892,Ship,8746523.32,CNG,Good,9
02ae7d53-634e-413f-8891-e2bf3e9660e9,AI-2405-4893,Aircraft,82909.82,Diesel,Good,5
640ce0e8-5ea1-4cf4-9cc3-0ffb443d9e45,SH-1942-4894,Ship,14601146.61,Electric,Under Maintenance,2
5d084c78-7b16-41c7-a5a5-a984a9e94324,RA-3857-4895,Rail,678755.29,Marine Fuel,Due Soon,12
2c54eae3-00b5-4fd1-96f9-88f4bd1e6129,TR-8462-4896,Truck,11706.74,Diesel,Good,15
7dfc201e-1cac-46b0-8ee8-d1a965f93cb6,TR-3992-4897,Truck,26069.68,Diesel,Good,11
c4510104-38be-45d6-aadb-2140d8dc3f6b,TR-2230-4898,Truck,22649.06,Diesel,Due Soon,3
100cd393-d642-4b48-97db-bb617e2de851,AI-9024-4899,Aircraft,82449.44,Electric,Good,14
a17a3f4d-c334-4349-93ac-bb2e96f86ffc,TR-7886-4900,Truck,27509.82,Marine Fuel,Good,5
04a9be7f-9ba6-43e5-8c93-744762b7aace,TR-3095-4901,Truck,23594.03,Diesel,Good,9
45bebd1e-a56d-484e-a0e7-6e9ff1c2c649,TR-2404-4902,Truck,25367.9,Electric,Good,10
64e37895-8a4f-46bc-a243-eecbc7ad83c4,SH-8620-4903,Ship,6860956.49,Diesel,Due Soon,9
10e31de7-f7d8-4566-85fa-173015732f72,TR-2585-4904,Truck,27175.8,Diesel,Good,17
adf6de2c-f632-4d2e-a8e9-ec1e79784e55,AI-6323-4905,Aircraft,23504.99,Diesel,Good,4
fc3efd5b-ce7c-4653-b16d-191863df51c3,TR-7445-4906,Truck,4803.27,Diesel,Under Maintenance,2
257ad671-ac39-4ee4-9de8-8b322843db9f,SH-6051-4907,Ship,2038894.13,Diesel,Good,7
3cc778e8-6a02-4d81-a7c1-ef60bf474dff,SH-8045-4908,Ship,2238718.48,Electric,Good,15
cb768cf1-93f9-4f28-be34-8f8f3d9b020c,RA-2271-4909,Rail,192392.88,Marine Fuel,Good,2
042700db-685e-448f-bad0-8819162935cb,TR-5591-4910,Truck,13056.75,Marine Fuel,Under Maintenance,16
74a5225b-341a-47de-afce-012832f46b82,TR-9916-4911,Truck,12989.63,Marine Fuel,Good,3
7503a98b-34f9-4802-96c4-694812aad9d6,TR-1702-4912,Truck,18080.07,Diesel,Good,3
e6da6ce6-62a1-4930-9cab-fbb934914566,SH-5916-4913,Ship,13402313.54,Diesel,Due Soon,5
ace76653-31d5-4bc8-a33c-5d2a3f5d6a32,TR-4046-4914,Truck,20788.73,Diesel,Good,6
73294d5c-c7c5-469c-81f7-bc54156e3151,TR-5996-4915,Truck,26705.39,CNG,Good,3
6740892e-8f40-46f0-acca-2f3d41c33aa6,SH-5785-4916,Ship,1012969.87,Diesel,Due Soon,3
a50279bb-dcb7-4b7f-b51e-53a6f8b156ce,TR-5336-4917,Truck,17772.69,Diesel,Good,13
0392cf21-6649-4ada-85c4-ff388e90c205,SH-3722-4918,Ship,20432461.71,Diesel,Due Soon,1
97d96004-7bea-4e50-afe1-4bdcf7065e62,SH-8871-4919,Ship,13652960.1,Jet Fuel,Due Soon,14
2fea77e1-2f49-49c2-9a9d-22e5fbdf9805,SH-8603-4920,Ship,3535726.6,Diesel,Good,4
76e4973c-2e72-4f78-9c58-6d2b54ba4b26,RA-7254-4921,Rail,123831.48,Marine Fuel,Good,8
b1d3d374-f3fd-402d-b375-3ffee77c66c4,TR-7623-4922,Truck,8574.77,CNG,Good,5
edd9a9f1-39b6-413b-8198-10cfdbff2dd7,TR-2754-4923,Truck,10441.56,Diesel,Good,11
c4010d0a-61a1-42b2-b2a6-52616082f554,TR-4818-4924,Truck,19090.44,Diesel,Good,3
cdec1aad-1c54-4505-9a91-3ff0fead7a04,TR-7362-4925,Truck,27503.8,Diesel,Good,18
4d10dd52-5fb8-4f87-b848-f8a26f221390,SH-2978-4926,Ship,23573616.9,Diesel,Good,13
aa1bc8b4-57a3-45bb-bca2-a1384ead4f37,TR-6993-4927,Truck,3401.79,Electric,Good,17
f6640449-4681-4cd7-a459-decf7799fba9,SH-8722-4928,Ship,9327885.65,Diesel,Good,13
29eb30eb-d90e-4194-8cca-b569d512db66,TR-8314-4929,Truck,22475.41,Marine Fuel,Due Soon,17
9827cc8f-9d89-4e41-ba38-cfa5acdf2ec8,TR-4215-4930,Truck,20400.7,CNG,Good,3
455ae8f9-a838-422a-a6d1-2876deb074ca,TR-5103-4931,Truck,7982.63,CNG,Good,15
4750c827-b9ba-4dab-8e6f-e4b97095e237,SH-6290-4932,Ship,10668428.66,Diesel,Under Maintenance,12
4e969a59-60f6-4318-8449-5af8bf158c03,AI-6852-4933,Aircraft,37095.66,Diesel,Good,6
1e61ad03-298c-4ab3-9842-c51780bff1c8,TR-7958-4934,Truck,9638.21,Marine Fuel,Good,1
efe43405-8d1d-49fd-bb69-bdc401b54b0c,TR-1996-4935,Truck,24386.14,Diesel,Good,2
ae7185d3-2cb8-449b-9a01-c2dd62ec6d8a,SH-8222-4936,Ship,16061932.84,Diesel,Good,4
3099c891-e0bc-4bcc-9a43-459ac759e875,TR-7626-4937,Truck,13865.49,Diesel,Good,1
4af20edd-aab3-4f10-b46e-29ec54cf0cd1,TR-1760-4938,Truck,16099.59,Diesel,Good,2
141356dd-95e4-4e15-b12d-ab07af916b20,TR-9159-4939,Truck,3905.55,Marine Fuel,Good,18
510291f3-78d9-417a-afaa-f0f9923dd34c,AI-1784-4940,Aircraft,39448.91,Marine Fuel,Good,11
afdad77c-fb68-4016-a41b-80aec0659454,TR-3733-4941,Truck,20375.6,Diesel,Good,17
aaf39b9a-9afe-407e-8d04-e991365aafad,TR-4486-4942,Truck,18556.71,Diesel,Good,12
98088a10-0e37-41ab-99ec-6255330d0e77,TR-8831-4943,Truck,16503.17,Marine Fuel,Good,16
79c16fb2-9bf8-463b-8177-e4d07ff0064f,SH-4746-4944,Ship,22460760.26,Diesel,Due Soon,11
fc5f96fc-746b-4f33-bdaa-6c578fd915f9,TR-2444-4945,Truck,20570.1,Diesel,Good,4
fe6e3804-4ee2-40e1-aaad-14c47731ab69,SH-7497-4946,Ship,13845428.95,CNG,Due Soon,9
4ee6f648-39f5-4c84-811c-f3f04a5e9597,TR-3041-4947,Truck,17827.31,Diesel,Good,12
082f3a18-58fa-4afd-aa87-6e98e5c20893,AI-2299-4948,Aircraft,47896.47,Diesel,Good,7
bc38c9d8-99a6-4fc4-8325-91cfaa354b91,TR-1419-4949,Truck,22685.08,Diesel,Good,13
05fcfdb4-010e-4b57-85b0-9767fa31fc16,SH-4003-4950,Ship,13052777.49,Electric,Due Soon,3
c41bcb89-bd67-4cd8-92e5-696f64f5b9e9,TR-2449-4951,Truck,22237.37,Marine Fuel,Under Maintenance,17
20326f8c-9698-401a-9f1e-634c66b5ae6f,SH-4022-4952,Ship,5344761.87,CNG,Good,4
bcf41328-e197-4f7b-b96b-f2438bb92c93,SH-5477-4953,Ship,6008332.31,Diesel,Due Soon,17
def5496e-1d1c-44ab-9220-74048cc04616,SH-4886-4954,Ship,19908491.94,Diesel,Good,11
cf54030b-6c01-41bd-b25b-b1534b00d74f,TR-8490-4955,Truck,26318.66,Electric,Under Maintenance,16
07f705a7-29ec-4584-a0b9-c08955b4cb9a,RA-9543-4956,Rail,322908.82,Jet Fuel,Due Soon,6
4c467cca-5e02-4059-93c3-7f01b02eb80c,AI-5972-4957,Aircraft,103991.44,Diesel,Good,8
75304977-a64f-42c0-a63d-83581534ca29,SH-3100-4958,Ship,2125963.01,Diesel,Due Soon,15
0c8bb76d-fc30-4f19-b088-3525a810ab20,TR-1861-4959,Truck,15752.94,CNG,Good,11
69afde68-6fcf-41e5-9e05-39ea67346879,TR-5746-4960,Truck,8338.23,Diesel,Good,7
34b9a15f-4719-4024-8820-140510f587c6,TR-5937-4961,Truck,9321.65,Diesel,Good,5
d762da01-a66a-409b-bc2c-a64efa0d9d71,TR-4561-4962,Truck,19934.89,Diesel,Due Soon,2
9a9e9cfd-c39c-40af-80e9-88fe22efb176,AI-7340-4963,Aircraft,126587.49,Diesel,Due Soon,11
50adc76a-e2a5-489c-a294-a3e9f8958519,TR-4906-4964,Truck,8159.5,Diesel,Under Maintenance,14
c305a270-9088-4e2f-9f58-836e4840e4a4,RA-4865-4965,Rail,592459.74,Marine Fuel,Good,18
b4f474c0-6d7b-4217-ab79-431934e3da27,TR-1679-4966,Truck,20148.22,Jet Fuel,Good,14
db55571d-6cb0-4ef1-b610-1bed36f5d8b3,TR-8653-4967,Truck,3781.79,CNG,Good,2
07697fd6-3aaa-467e-8843-a628b7fc30dd,SH-7951-4968,Ship,3756257.85,Diesel,Good,12
14ee20db-96d6-4030-9243-db79cad0cb53,SH-9487-4969,Ship,1088245.51,Jet Fuel,Due Soon,12
860f887c-50df-46b6-8a9c-6f6c5939797f,TR-8129-4970,Truck,14472.24,Diesel,Good,4
957a7776-a6b5-4339-a9fa-bf434b105e74,TR-1873-4971,Truck,17268.92,Diesel,Due Soon,10
3e6cda5c-9619-49e1-bb04-54160257ddaa,SH-8600-4972,Ship,13209717.44,Diesel,Good,15
2950e4c9-fdc3-47da-9500-664ea5fee51a,SH-8627-4973,Ship,7687313.75,Electric,Due Soon,12
96926a40-27b4-4eb1-895d-120b94a7b79a,SH-2953-4974,Ship,6561740.37,Diesel,Good,10
2ee841fc-caa7-43b2-9e50-4c9b0310b8c1,AI-6180-4975,Aircraft,94434.17,Diesel,Good,12
c2380694-c2b6-4669-8845-dca2e1663b19,SH-4155-4976,Ship,17761602.74,Electric,Good,14
7cb63c4c-41d3-482d-82dc-e4148b9c541f,TR-3219-4977,Truck,13769.8,Marine Fuel,Good,12
3e65dd21-0880-4d5c-afb8-2be7d547fa5a,SH-8894-4978,Ship,7141382.28,Diesel,Under Maintenance,6
ba25afdc-ca76-4f30-ba42-5ed5555ae7ea,SH-6888-4979,Ship,19123734.44,Diesel,Due Soon,14
45d2a197-088f-4b88-bb31-88517172d914,AI-1865-4980,Aircraft,16212.85,Jet Fuel,Due Soon,16
5325b006-b94f-413a-b188-7b8db6c7bd66,RA-5123-4981,Rail,460038.03,Diesel,Good,14
fb421b3c-c224-4e03-aee2-deb471f41135,TR-2994-4982,Truck,4399.7,Marine Fuel,Due Soon,17
a27f2104-113e-42ad-9510-147bc06448c8,TR-1998-4983,Truck,23886.93,Diesel,Good,5
6e438e50-633f-4079-a05b-3bd5d96818b5,TR-8951-4984,Truck,21079.64,CNG,Due Soon,16
1ba7f7fc-f741-40ac-8d0d-91203b077935,TR-3867-4985,Truck,17858.23,Marine Fuel,Good,6
92d46830-68ff-400f-a7b7-f5a0da2df816,TR-9335-4986,Truck,12762.22,CNG,Due Soon,2
83123b97-8185-42dc-970c-c50562bfd99d,SH-6492-4987,Ship,21536258.79,Diesel,Good,13
f63ddc14-3b3c-4c29-83e6-af61a355f99f,AI-1729-4988,Aircraft,11877.34,Diesel,Good,10
61daad4a-e12c-4eaf-9eef-30df348ebd92,TR-3060-4989,Truck,7849.97,Diesel,Due Soon,16
625b106a-4906-43c5-8fd3-ba32e9ac9b80,RA-8498-4990,Rail,535060.87,Diesel,Good,18
ef36423d-7f6e-4f0a-acc3-4b3834dca118,TR-2666-4991,Truck,18158.75,Jet Fuel,Good,11
f16189ee-cbd6-4b4a-b227-cb3b4d35ccf4,TR-9250-4992,Truck,27674.84,Marine Fuel,Due Soon,7
65876f4c-7453-4821-bcd1-6e6cac962757,TR-3652-4993,Truck,6087.1,Diesel,Good,3
67a84246-6090-4ac4-8fbd-f796136e00cc,SH-9154-4994,Ship,14896441.25,Electric,Good,7
a125597c-5d00-4ef7-b604-ac21cf770e26,SH-7505-4995,Ship,23301332.79,Diesel,Due Soon,3
80a073e3-5cb0-4104-a12a-edde0a32ba54,TR-4276-4996,Truck,22148.62,Diesel,Under Maintenance,5
5a16bfe1-57a5-4960-aa5e-d624c8ec1dc3,RA-1426-4997,Rail,222034.83,Diesel,Good,17
d48be29b-0d84-4986-b53c-f2d49bd7c01d,TR-2409-4998,Truck,7703.5,Marine Fuel,Good,4
4684435a-68b2-478f-984c-a61dd7858576,SH-3253-4999,Ship,24103900.09,Jet Fuel,Due Soon,11
0eeac93e-fd4e-42a6-951f-3944b85211ec,RA-8825-5000,Rail,173166.19,Diesel,Good,18
