warehouse_id,warehouse_name,city,state,warehouse_capacity,current_utilization,warehouse_type
990fca17-5717-4846-9322-f136d8bf02f2,Kolkata Distribution Center 1,Kolkata,Telangana,41441,85.09,Regional
b8f03f8f-2f61-4b7d-938a-ac4ec9859986,Rotterdam Bonded Warehouse 2,Rotterdam,Rotterdam,113408,48.06,Bonded
c14c503a-7156-4257-ba33-df2ab8f94eee,Sharjah Distribution Center 3,Sharjah,Sharjah,94476,78.56,Distribution
5fa90c08-6910-4468-8102-04cc537ece37,Busan Distribution Center 4,Busan,Busan,68375,76.03,Regional
9954930e-d844-419c-9aac-07183d4b2d22,London Fulfilment Center 5,London,London,67404,78.65,Distribution
f8a4da8c-cccd-4198-b23c-a6943dfbfaa4,New York Regional Hub 6,New York,New York,119870,71.33,Distribution
449d5040-a325-4323-b86a-3ec4b689e4f8,Singapore Bonded Warehouse 7,Singapore,Singapore,73848,57.22,Regional
8573d6bb-2741-4ea7-843e-c3c116612077,Los Angeles Distribution Center 8,Los Angeles,Los Angeles,74487,61.95,Regional
a9e02d83-7f41-4316-ba55-1e21a790dbd7,Bremen Bonded Warehouse 9,Bremen,Bremen,116972,77.5,Distribution
7e62f72e-73d7-4ede-9a2d-5871542d6eb8,Manchester Distribution Center 10,Manchester,Manchester,117184,70.14,Distribution
b5b3c257-c6bf-40e6-b0c1-65dc7e5e8356,Singapore Bonded Warehouse 11,Singapore,Singapore,103689,57.82,Distribution
1bbacb09-4686-49af-821a-732f86f69b43,Hamburg Bonded Warehouse 12,Hamburg,Hamburg,115403,68.47,Regional
8c15c593-c618-461a-92ca-4bd3634f4edc,Tokyo Distribution Center 13,Tokyo,Tokyo,47258,72.8,Regional
988d01e1-e2de-4c36-8bd3-000fb1cd611a,Amsterdam Bonded Warehouse 14,Amsterdam,Amsterdam,97326,79.19,Regional
eb33a0a1-eea4-4587-a9ed-c9e454d1e0c2,Singapore Bonded Warehouse 15,Singapore,Singapore,118209,62.68,Distribution
b459b3bf-6467-4fec-8aac-60af3f51d4fe,Tokyo Fulfilment Center 16,Tokyo,Tokyo,31055,81.98,Bonded
fc8dc93d-550f-4086-9992-d441cbff55af,Bremen Bonded Warehouse 17,Bremen,Bremen,83240,67.58,Regional
9c209256-d09b-4031-be07-2397ae7d419c,Hamburg Distribution Center 18,Hamburg,Hamburg,28765,75.83,Distribution
993736f3-73e2-4ccb-8bc3-5b386f22c466,Bengaluru Distribution Center 19,Bengaluru,Gujarat,117568,68.68,Distribution
a855361a-c135-49a2-931f-0dab2d8303e1,Singapore Bonded Warehouse 20,Singapore,Singapore,112452,53.77,Regional
d3d6a273-dc1b-4226-b9bf-7a2bf066c27c,Amsterdam Bonded Warehouse 21,Amsterdam,Amsterdam,16327,69.94,Bonded
f5039090-a9ef-4991-a689-a4dc0571f47c,Los Angeles Distribution Center 22,Los Angeles,Los Angeles,9877,58.63,Regional
23e63cc7-454b-4e23-8061-b03966918180,Amsterdam Distribution Center 23,Amsterdam,Amsterdam,42616,64.81,Regional
c2be6a44-0771-4a12-b67b-ef6e85891f1f,Incheon Regional Hub 24,Incheon,Incheon,47525,77.35,Distribution
7992c7aa-9d20-4349-b61f-48ec46e717be,Hamburg Bonded Warehouse 25,Hamburg,Hamburg,73611,61.67,Regional
eca1b99e-6a5b-43d6-8ca2-f0f10fefa5e6,Singapore Bonded Warehouse 26,Singapore,Singapore,101498,89.39,Bonded
7a640b27-f723-4f97-92f2-ba2961c28fb6,Manchester Bonded Warehouse 27,Manchester,Manchester,57009,46.56,Regional
9924b108-da31-4f20-8f21-25c2e99676ea,Busan Fulfilment Center 28,Busan,Busan,58203,74.11,Distribution
6a0d1da6-1e6f-4c0b-bd01-14e38a5f2737,Tokyo Distribution Center 29,Tokyo,Tokyo,87412,70.63,Regional
0c642723-12b7-4a28-9a43-a4b4a6270187,Frankfurt Fulfilment Center 30,Frankfurt,Frankfurt,61794,81.59,Distribution
4bccdcad-ac16-4b64-b5b8-6c699e61a4fc,Seoul Bonded Warehouse 31,Seoul,Seoul,105205,81.82,Distribution
10704baf-e3b2-4696-ad60-de2406e84218,Hamburg Distribution Center 32,Hamburg,Hamburg,19677,63.38,Regional
57d4e9f0-cd4c-474c-9a99-fe76a712309d,Frankfurt Regional Hub 33,Frankfurt,Frankfurt,82154,84.84,Regional
81bf73ad-b3b6-4755-992e-3763f29eb415,Felixstowe Bonded Warehouse 34,Felixstowe,Felixstowe,41970,71.28,Regional
de51cd50-25b5-4a65-9bea-c01c99a5b181,Hamburg Fulfilment Center 35,Hamburg,Hamburg,61616,78.68,Distribution
d905b07b-adcb-4b1b-9cce-ad171c50c9d6,Dubai Fulfilment Center 36,Dubai,Dubai,23685,92.26,Distribution
8825461b-517b-48f3-bccf-72fe339e7bbe,Kolkata Distribution Center 37,Kolkata,Karnataka,87767,63.25,Distribution
7bb3914d-247e-4c25-b4d8-e63dbc29f5c1,Yokohama Bonded Warehouse 38,Yokohama,Yokohama,30077,60.02,Distribution
81c753e5-e3e1-4caf-931a-da5a82e1058f,Felixstowe Bonded Warehouse 39,Felixstowe,Felixstowe,63581,73.47,Distribution
5a76812d-ad9a-4507-8296-4bc4dd5808e8,Manchester Regional Hub 40,Manchester,Manchester,97557,83.84,Distribution
f522b0da-f175-45c8-a433-e95bb528e5e0,Amsterdam Regional Hub 41,Amsterdam,Amsterdam,111183,59.25,Distribution
2dc73af9-0d0b-4b50-a681-3aa4b546684f,New York Fulfilment Center 42,New York,New York,108845,74.41,Distribution
fe549eec-2029-47b9-b40d-05fe19059520,Rotterdam Bonded Warehouse 43,Rotterdam,Rotterdam,39048,70.52,Distribution
ca4a8bc7-2d61-4fa7-8a79-8b55f736ab8d,Busan Distribution Center 44,Busan,Busan,77002,78.67,Distribution
0b5158b6-a20f-4dbc-897a-9d59cd53d1a8,Rotterdam Distribution Center 45,Rotterdam,Rotterdam,104841,81.8,Distribution
4d931907-d1c4-4d93-a5b0-c1dd26502b00,Houston Fulfilment Center 46,Houston,Houston,94007,63.33,Regional
e64ed163-f40f-4412-b1a4-1d69ecb9efa3,Manchester Fulfilment Center 47,Manchester,Manchester,90656,63.52,Distribution
9c67a33e-2b65-4551-abf1-9800894f9476,Abu Dhabi Regional Hub 48,Abu Dhabi,Abu Dhabi,99191,66.89,Distribution
da3ef86b-a4bf-4fc0-bf3a-af1e8dcbaa53,Shenzhen Distribution Center 49,Shenzhen,Shenzhen,39356,50.81,Distribution
20a3e931-12bf-4845-9f32-35e431adcd9a,Rotterdam Fulfilment Center 50,Rotterdam,Rotterdam,51464,78.15,Distribution
8247d418-41f0-46cb-863e-1a6488c20948,Los Angeles Fulfilment Center 51,Los Angeles,Los Angeles,79236,67.53,Distribution
26efe3e7-b0d7-4a64-a8f9-53c8d2f1b0c6,Frankfurt Distribution Center 52,Frankfurt,Frankfurt,107559,92.93,Regional
72c199b8-ab3e-4821-a3ca-6c407a2665a1,Amsterdam Distribution Center 53,Amsterdam,Amsterdam,27314,71.63,Distribution
d1e7f23c-68f7-4454-9ea4-02083af76d1f,Amsterdam Fulfilment Center 54,Amsterdam,Amsterdam,35293,79.05,Distribution
ec6bbf50-c26c-407d-bae3-50cf584d2c75,Ningbo Regional Hub 55,Ningbo,Ningbo,96250,75.32,Distribution
98b5aea4-df70-41f7-88b0-8e446fdb0afc,Amsterdam Distribution Center 56,Amsterdam,Amsterdam,80555,81.22,Bonded
64ad85d9-42ee-4c41-b958-ac85529e2644,Singapore Distribution Center 57,Singapore,Singapore,19327,66.59,Distribution
159042a4-7b75-4444-a246-87128b9ce47c,Osaka Distribution Center 58,Osaka,Osaka,53028,69.85,Distribution
d59c0dce-3545-4d55-88b4-973bba3fdabe,Amsterdam Fulfilment Center 59,Amsterdam,Amsterdam,20098,69.86,Distribution
539e3dde-75b2-4887-9fd9-6b58abc5c27d,Bremen Distribution Center 60,Bremen,Bremen,63700,74.47,Distribution
6a927055-0e81-499b-a313-294230f71667,Chennai Regional Hub 61,Chennai,Gujarat,68228,80.22,Distribution
714c464b-ed3e-4bff-a209-0caf5f3952db,Tokyo Regional Hub 62,Tokyo,Tokyo,95507,88.52,Regional
755436d9-c2c2-4eb5-94cf-1eea5eec428b,Yokohama Regional Hub 63,Yokohama,Yokohama,119356,67.05,Distribution
16d71d2f-3da9-46f7-baaf-8c1d149903e6,New York Bonded Warehouse 64,New York,New York,119771,75.06,Distribution
4ef47676-c1ac-4e04-8f02-b323c6432e54,Amsterdam Bonded Warehouse 65,Amsterdam,Amsterdam,50470,81.46,Regional
a640c1d0-67c5-4f6b-bffa-065e43bab936,Singapore Distribution Center 66,Singapore,Singapore,31974,71.55,Distribution
f9268ec8-e33d-4a7e-8062-9c07d7b0b945,Los Angeles Fulfilment Center 67,Los Angeles,Los Angeles,75157,66.61,Regional
e6e59e8f-78ab-4477-8aef-b1aae28d180f,Ningbo Bonded Warehouse 68,Ningbo,Ningbo,84069,91.72,Regional
67ae3565-3ae3-4e82-9386-5dea6a9d1123,Rotterdam Regional Hub 69,Rotterdam,Rotterdam,91548,46.47,Distribution
a7d13caa-27ce-4b7f-9041-44693eb90a36,Rotterdam Fulfilment Center 70,Rotterdam,Rotterdam,14296,77.16,Regional
f7f8e33d-de8b-4076-9189-b7555bc9a655,Dubai Regional Hub 71,Dubai,Dubai,67756,73.79,Bonded
37cb15d8-70bf-4ff8-8969-ab942c871ead,Amsterdam Regional Hub 72,Amsterdam,Amsterdam,110439,59.99,Distribution
8ed38164-db52-402c-a4ca-b2079568883c,Yokohama Distribution Center 73,Yokohama,Yokohama,18810,67.86,Distribution
79680500-a4e4-446f-bf47-7d3368ff65fe,Abu Dhabi Regional Hub 74,Abu Dhabi,Abu Dhabi,100922,64.05,Bonded
dc22b864-2385-49fd-bd65-bbdd97b183e5,Singapore Fulfilment Center 75,Singapore,Singapore,84443,50.57,Regional
e5aa04ef-127c-462a-891f-385e01dc6925,Houston Distribution Center 76,Houston,Houston,9754,47.6,Distribution
2d865a89-74b4-4279-9f76-90a08dbaf5e9,Frankfurt Distribution Center 77,Frankfurt,Frankfurt,65569,79.6,Distribution
726b7c83-be95-4868-975b-46e25c6d17c9,Dubai Bonded Warehouse 78,Dubai,Dubai,29460,81.99,Distribution
b339bc72-3846-4563-b4d9-982821013a9c,Rotterdam Distribution Center 79,Rotterdam,Rotterdam,30152,59.71,Distribution
f19cec92-208b-4426-b42a-de62a4fdeea2,London Bonded Warehouse 80,London,London,16549,89.65,Regional
8882c9e0-6ed6-4c96-8ffc-a8659b2e3887,Bremen Fulfilment Center 81,Bremen,Bremen,68711,50.65,Distribution
451fdf0e-9f6e-4a75-9c31-0e011462a5bc,Houston Fulfilment Center 82,Houston,Houston,86179,85.74,Distribution
a416671b-21d0-4249-8674-19ff64064ef8,Osaka Distribution Center 83,Osaka,Osaka,51449,79.79,Bonded
ee0a3c95-baee-4d9b-9f4c-e046aa582c7d,Frankfurt Regional Hub 84,Frankfurt,Frankfurt,65543,66.83,Regional
f4e2d2d3-c3b7-43b7-9595-f64eaaffd646,Osaka Bonded Warehouse 85,Osaka,Osaka,37711,98.0,Regional
610f1dae-c8c8-486d-9d46-7ea467bf9a26,Mumbai Distribution Center 86,Mumbai,West Bengal,25647,88.66,Regional
2be54c40-3d69-4060-954b-32a91a631b03,Kolkata Bonded Warehouse 87,Kolkata,Karnataka,15657,85.42,Distribution
4bffcdba-5d83-4411-b5fc-35a9c63837b2,Los Angeles Bonded Warehouse 88,Los Angeles,Los Angeles,29742,70.96,Distribution
a180a71f-bace-4b2c-bf12-af9cebcde09b,Busan Fulfilment Center 89,Busan,Busan,55840,63.85,Distribution
8d91ebac-a3ad-4051-b1f2-01e85d9738ec,Shanghai Fulfilment Center 90,Shanghai,Shanghai,74206,68.07,Distribution
250e6020-db4d-4367-9f0a-ae55a56e7820,Amsterdam Distribution Center 91,Amsterdam,Amsterdam,81726,71.71,Distribution
8c480320-9c6e-410b-89e0-02731ff92cde,Seoul Regional Hub 92,Seoul,Seoul,86973,73.73,Distribution
bc7f5f53-240f-44f2-bf7b-cc15e09731cc,Amsterdam Fulfilment Center 93,Amsterdam,Amsterdam,52951,84.27,Regional
8634f151-7f4d-43a9-bf93-5fd2ec79fcde,Incheon Bonded Warehouse 94,Incheon,Incheon,27616,77.88,Bonded
540dc4e6-2e95-47c0-b884-60d7c9f69462,Amsterdam Bonded Warehouse 95,Amsterdam,Amsterdam,65713,82.94,Bonded
0a73ce57-4d37-4648-9de2-f06661ebcf54,Incheon Bonded Warehouse 96,Incheon,Incheon,115661,71.06,Distribution
4882872d-6c29-43bd-a760-6dce770f7567,Singapore Bonded Warehouse 97,Singapore,Singapore,33263,68.25,Regional
d10eed5a-b05b-4cae-99e8-e7281c596fc1,Singapore Regional Hub 98,Singapore,Singapore,41251,68.81,Distribution
3ff4fa42-e06e-4df5-9fee-8ffe4499ad6a,Delhi Regional Hub 99,Delhi,West Bengal,105324,66.07,Bonded
4a11f47c-8719-4c0b-9969-f3335c0a6838,Incheon Regional Hub 100,Incheon,Incheon,49279,60.93,Distribution
aea577b0-7384-4f54-b559-d0063e881986,Incheon Fulfilment Center 101,Incheon,Incheon,74054,88.31,Regional
5c2816a7-0bb0-4b7c-a664-86b10522e0e3,New York Distribution Center 102,New York,New York,38689,66.03,Distribution
5f9bf7b0-a4ca-4041-93cd-982fef34eff9,Delhi Bonded Warehouse 103,Delhi,Delhi,23685,78.05,Bonded
d1ad2296-9f40-4926-9105-76c729e8b377,Hamburg Fulfilment Center 104,Hamburg,Hamburg,21465,86.65,Distribution
2be0b520-2948-4731-a5a8-682caf877a42,Chicago Fulfilment Center 105,Chicago,Chicago,92469,76.63,Distribution
99948cf0-286e-4f9a-a06a-cd410bc56267,Bengaluru Bonded Warehouse 106,Bengaluru,Telangana,113721,71.6,Regional
89f7bc54-5594-4528-9948-e1772a6f2a49,Ningbo Fulfilment Center 107,Ningbo,Ningbo,60801,60.9,Distribution
79c0116e-ae7d-45e9-b339-13856e96df2e,Houston Fulfilment Center 108,Houston,Houston,65561,69.69,Bonded
eddbca1d-93cb-4342-8546-242bd0baaca4,Sharjah Fulfilment Center 109,Sharjah,Sharjah,115593,78.19,Regional
3fa4b62c-3b72-4ac1-9ac6-7315c364f57f,Incheon Distribution Center 110,Incheon,Incheon,31104,83.6,Distribution
5c54f3de-175b-46d3-904f-fb4f808ddea8,Delhi Regional Hub 111,Delhi,West Bengal,22281,72.87,Distribution
007626a1-fbe1-4137-83fb-3f31aceabb4b,Singapore Bonded Warehouse 112,Singapore,Singapore,111604,81.19,Bonded
82e4b9fe-6b69-469f-97ff-e01adba8d4c2,Osaka Bonded Warehouse 113,Osaka,Osaka,46731,93.0,Distribution
394f533e-dc15-44ea-82be-fef9e605529d,Bremen Bonded Warehouse 114,Bremen,Bremen,84877,83.4,Distribution
d7fd5af0-d97f-467d-baa6-4b696285711f,Rotterdam Distribution Center 115,Rotterdam,Rotterdam,86105,77.89,Distribution
7f88f7e1-c96e-4843-b548-148e240b5adf,Dubai Fulfilment Center 116,Dubai,Dubai,98595,75.04,Distribution
d11fdcb6-7615-43eb-8b9a-616537953a43,Bremen Distribution Center 117,Bremen,Bremen,8259,68.8,Distribution
30549cde-0bdc-466e-b368-16194e5dc5fa,Amsterdam Bonded Warehouse 118,Amsterdam,Amsterdam,49553,98.0,Distribution
83cf9e38-e855-4d19-a341-2dc6ad8da482,Sharjah Regional Hub 119,Sharjah,Sharjah,29483,60.62,Distribution
0c55a057-2d15-4313-ba41-43c405e7ccea,Tokyo Regional Hub 120,Tokyo,Tokyo,53320,76.9,Regional
61f04b7a-a915-4f24-a509-58fa5fc542cc,Singapore Bonded Warehouse 121,Singapore,Singapore,27509,59.6,Regional
1e8bd801-ccfe-47c1-a4f8-7d8fe0a22b36,Kolkata Fulfilment Center 122,Kolkata,Maharashtra,92664,64.55,Regional
c5be210d-9eab-4e01-909d-729aa48bd697,Incheon Regional Hub 123,Incheon,Incheon,76451,80.16,Regional
9e7f14aa-ba80-4c71-b621-509bb5061225,Shanghai Bonded Warehouse 124,Shanghai,Shanghai,90009,76.66,Regional
b662f9f9-ac2e-4548-8045-2ab734f99a4b,Shanghai Fulfilment Center 125,Shanghai,Shanghai,97545,80.1,Bonded
cea6314d-30c7-41f7-8b76-d6514b2da6e7,Frankfurt Regional Hub 126,Frankfurt,Frankfurt,58882,75.42,Distribution
ec977990-c4fc-4282-bee2-fd84c987fc01,Frankfurt Distribution Center 127,Frankfurt,Frankfurt,13924,60.84,Distribution
8d5b304f-5a8d-46a8-ba8f-bba81211b3d9,Abu Dhabi Bonded Warehouse 128,Abu Dhabi,Abu Dhabi,36056,58.07,Bonded
dfd5beb7-895e-4a09-8787-e56307436056,Amsterdam Regional Hub 129,Amsterdam,Amsterdam,44298,91.31,Distribution
8226acab-289a-46ef-9ae1-72d7ac807297,Yokohama Bonded Warehouse 130,Yokohama,Yokohama,115578,60.33,Distribution
b8320a6d-58e9-440d-afd8-4771f82610ca,Abu Dhabi Regional Hub 131,Abu Dhabi,Abu Dhabi,93844,78.38,Distribution
ceb756b6-456a-4f4a-83f5-00c230c379d5,Dubai Bonded Warehouse 132,Dubai,Dubai,70804,70.03,Distribution
05da347c-61b9-4e15-ba6f-3280497421c6,Busan Bonded Warehouse 133,Busan,Busan,40059,66.98,Distribution
e8b56082-af59-4336-b55c-695e4a0b281d,Los Angeles Bonded Warehouse 134,Los Angeles,Los Angeles,7738,72.2,Distribution
650fadb0-5673-4223-9548-91cfd504bd37,Singapore Regional Hub 135,Singapore,Singapore,117032,78.15,Distribution
8d4fac6a-c390-43ef-b2b1-81745cc4130b,Ahmedabad Fulfilment Center 136,Ahmedabad,West Bengal,25886,63.0,Bonded
8e58b8cc-5adb-4ba9-85cb-50aedd00b6fb,Incheon Fulfilment Center 137,Incheon,Incheon,109540,68.78,Distribution
c58fb3f2-4dd9-4581-b2ae-4b06c5c1d2bc,Rotterdam Distribution Center 138,Rotterdam,Rotterdam,62806,71.95,Distribution
ff01c7f1-f83b-4014-af9b-d19d3498b446,Abu Dhabi Regional Hub 139,Abu Dhabi,Abu Dhabi,93618,89.4,Distribution
e3ef7a5c-af88-4e60-aa84-eae1f205658e,Osaka Fulfilment Center 140,Osaka,Osaka,112491,92.0,Regional
0950cc31-331b-4a54-b3ef-efde325c1500,Ahmedabad Regional Hub 141,Ahmedabad,Karnataka,19164,76.63,Bonded
b97ed753-e7dc-4683-840e-868ed454b491,Singapore Bonded Warehouse 142,Singapore,Singapore,41336,82.64,Regional
9a86d783-39fa-429a-951a-f52be65e8f08,Los Angeles Distribution Center 143,Los Angeles,Los Angeles,92975,85.32,Distribution
943f205b-f51a-4941-9827-85f51a50212e,Rotterdam Distribution Center 144,Rotterdam,Rotterdam,111290,63.61,Distribution
a246eadc-e948-425c-b137-60184efca5a7,Abu Dhabi Distribution Center 145,Abu Dhabi,Abu Dhabi,45015,73.88,Regional
015e2e80-b134-4ea6-9b29-f5211f6c1ad8,Los Angeles Bonded Warehouse 146,Los Angeles,Los Angeles,33959,74.9,Regional
087d5109-6134-4118-b775-43d427c86b3f,Singapore Bonded Warehouse 147,Singapore,Singapore,77444,57.42,Distribution
fd6b4149-228c-40e7-87f2-3fe643c3ced7,Sharjah Distribution Center 148,Sharjah,Sharjah,48943,98.0,Distribution
c7f67e3c-b8ca-4e07-b6b8-133956e907d4,Bremen Bonded Warehouse 149,Bremen,Bremen,63997,68.94,Regional
9ba34506-ed31-4405-a4e7-9637fd04f5c1,Singapore Distribution Center 150,Singapore,Singapore,53318,63.38,Distribution
cfdb3e97-b7ab-4308-8b39-2c8cd4b0e130,Manchester Distribution Center 151,Manchester,Manchester,31618,76.06,Distribution
372fba6d-ea06-4132-b343-12ce07e00c58,Singapore Regional Hub 152,Singapore,Singapore,57604,56.47,Regional
5cf15580-d88d-43f3-98cf-5f5b45272124,New York Distribution Center 153,New York,New York,113377,35.0,Regional
e8c1712f-0893-4335-8719-e6ad486b1ee6,Tokyo Distribution Center 154,Tokyo,Tokyo,75723,79.87,Distribution
228c943f-629a-4848-969c-4c67efcaa64d,Hyderabad Regional Hub 155,Hyderabad,Tamil Nadu,114897,98.0,Bonded
9d36923b-9c04-4b9e-bdb5-321a818c52f7,Rotterdam Bonded Warehouse 156,Rotterdam,Rotterdam,82134,57.46,Regional
4ce9839c-9429-4861-8452-1ef150696352,Singapore Distribution Center 157,Singapore,Singapore,90667,69.23,Bonded
23cfb0f5-2a8a-4840-8ec4-a7cd6480f001,Bremen Distribution Center 158,Bremen,Bremen,71704,85.06,Distribution
4ff43900-6523-43e8-a15f-aa72bb33b54f,Amsterdam Distribution Center 159,Amsterdam,Amsterdam,31658,78.82,Distribution
49115640-f09b-474f-8a75-7a0cef9acd52,Singapore Distribution Center 160,Singapore,Singapore,81381,69.9,Regional
b29889b0-bb1f-4434-a96c-f31634fed510,Shenzhen Distribution Center 161,Shenzhen,Shenzhen,108441,80.86,Bonded
09718c77-0a48-4353-9931-6d5a7f668b02,Bremen Bonded Warehouse 162,Bremen,Bremen,25240,70.24,Regional
b3dea5f5-5b8a-46a0-b776-9fbff8d7ed49,Amsterdam Regional Hub 163,Amsterdam,Amsterdam,40563,77.25,Distribution
69f8715b-e176-45e6-9ff3-5333984c808e,Guangzhou Fulfilment Center 164,Guangzhou,Guangzhou,108862,78.91,Regional
c6f49522-ef98-4511-a5bc-e41ab66515c0,Yokohama Distribution Center 165,Yokohama,Yokohama,42296,63.55,Distribution
08127820-c90b-4399-b1b0-d02b06089445,Bremen Regional Hub 166,Bremen,Bremen,74875,48.05,Regional
faf14baf-4d29-4b3a-9bfd-cee684b332ae,London Fulfilment Center 167,London,London,6647,79.85,Distribution
a50e8d7a-8753-4d79-8e44-d525d67c6955,Busan Distribution Center 168,Busan,Busan,72000,58.83,Regional
bfa63213-2978-4e98-95d6-e7afd6bd9d85,Felixstowe Bonded Warehouse 169,Felixstowe,Felixstowe,99610,82.03,Regional
1d6021e8-e2ce-4f80-bc2c-4af24dc99aae,Los Angeles Fulfilment Center 170,Los Angeles,Los Angeles,101677,81.53,Distribution
09b2aba7-26f5-4826-b3cd-4ba8b42b3567,Singapore Regional Hub 171,Singapore,Singapore,99230,72.77,Regional
7a0ca0dc-d1b2-482c-95d5-303b43531fa7,Tokyo Distribution Center 172,Tokyo,Tokyo,7602,91.37,Distribution
d7b11290-ad2c-4c1d-a6e2-0e8f75c2a5d0,Dubai Bonded Warehouse 173,Dubai,Dubai,30849,64.89,Distribution
d9bbf71e-5461-47e3-9a13-bb572a6fe6ef,Osaka Regional Hub 174,Osaka,Osaka,38926,74.14,Distribution
3267cd95-a4d1-4451-abdb-e4981125c08f,Bremen Regional Hub 175,Bremen,Bremen,50133,82.93,Distribution
84964723-95ef-4bcb-8320-ca5d82a5bb00,Shanghai Regional Hub 176,Shanghai,Shanghai,8546,51.42,Distribution
4bbb03fa-df86-4ec8-aa6d-934e17e2fc7f,Shenzhen Bonded Warehouse 177,Shenzhen,Shenzhen,15731,78.02,Regional
a1ac7ef9-f477-45a0-af6d-38cada8dcf6d,Singapore Bonded Warehouse 178,Singapore,Singapore,88950,58.56,Distribution
0706f6d3-0576-45c9-ac67-fdc66ad89dc4,Frankfurt Distribution Center 179,Frankfurt,Frankfurt,53064,80.97,Distribution
6a4c6abf-1b77-467b-a5fc-6566c492a322,Yokohama Distribution Center 180,Yokohama,Yokohama,16735,41.38,Regional
1406e88a-8315-4a23-852c-7d551020e18e,Yokohama Distribution Center 181,Yokohama,Yokohama,64167,66.5,Distribution
78cc5b24-8093-4b1b-972f-f03652851a2a,Shanghai Distribution Center 182,Shanghai,Shanghai,108837,73.19,Distribution
cd01b97a-dcc5-4378-b71a-dfa350803e6f,Sharjah Distribution Center 183,Sharjah,Sharjah,52241,62.28,Distribution
37d59bfc-ba61-44a2-85fd-eae4feeca0c3,Chicago Fulfilment Center 184,Chicago,Chicago,37443,50.53,Distribution
d70bbc29-db70-4abb-b97c-97e36d5ee219,Tokyo Fulfilment Center 185,Tokyo,Tokyo,119056,80.57,Distribution
bbac8557-9c03-4b2c-aa3a-ea20df436d96,Los Angeles Regional Hub 186,Los Angeles,Los Angeles,49327,57.59,Regional
8a3b7d09-6c58-42e4-95c9-19ed6b1c3108,Guangzhou Distribution Center 187,Guangzhou,Guangzhou,85949,67.84,Bonded
49220854-faea-4d3d-a7d7-e29b39ba6707,Singapore Bonded Warehouse 188,Singapore,Singapore,64773,82.62,Distribution
de46326c-0da3-44b7-ad11-6bf12ca90627,Shanghai Distribution Center 189,Shanghai,Shanghai,28414,74.52,Distribution
4620e530-7500-4721-a52a-a8878bee3e33,Tokyo Distribution Center 190,Tokyo,Tokyo,64430,60.49,Bonded
52fad197-a984-474c-b76e-2f5c6588c20b,Yokohama Regional Hub 191,Yokohama,Yokohama,111707,76.13,Distribution
6c864ae7-6378-4724-831e-01ed5911f771,Osaka Distribution Center 192,Osaka,Osaka,93684,76.32,Distribution
7877e6c1-32b1-4e79-b22b-0a4c9df9e15f,Busan Regional Hub 193,Busan,Busan,59969,91.59,Distribution
6fcd9848-e811-410e-b840-ddded105f708,Singapore Regional Hub 194,Singapore,Singapore,36511,69.86,Bonded
8d5f95f8-92d7-4835-8ec2-8ae095afe831,Sharjah Distribution Center 195,Sharjah,Sharjah,33520,78.35,Distribution
ffae66ec-27a4-4901-96b3-b4a6eba008da,Incheon Regional Hub 196,Incheon,Incheon,108935,76.8,Bonded
0582993f-61e0-45fb-abf1-d7ddac7c9bcc,Guangzhou Fulfilment Center 197,Guangzhou,Guangzhou,38497,77.13,Distribution
23c78c48-bc71-445a-aaaa-d78e1091ed32,Abu Dhabi Regional Hub 198,Abu Dhabi,Abu Dhabi,16588,42.04,Distribution
e6036d0c-4d33-4215-b0c8-bb216a4bd6b0,Tokyo Bonded Warehouse 199,Tokyo,Tokyo,94737,55.74,Bonded
7d0d030b-ffb2-4172-a068-6f3fc21d9458,Chennai Distribution Center 200,Chennai,Tamil Nadu,88239,79.72,Distribution
3d7798f0-466b-4086-8f78-63d81045b775,Ningbo Bonded Warehouse 201,Ningbo,Ningbo,91992,65.58,Distribution
a506a372-e5b2-483a-bcd9-4c50ffbc3155,Chennai Bonded Warehouse 202,Chennai,Gujarat,118220,87.0,Regional
0a82cd93-f4b1-41a8-890e-23a6627fe1e0,Los Angeles Fulfilment Center 203,Los Angeles,Los Angeles,119126,98.0,Distribution
3b424544-6cd5-47f2-bb33-f73cc536a3b9,Sharjah Bonded Warehouse 204,Sharjah,Sharjah,37505,66.61,Regional
cd688591-9b3d-4384-a465-9117fe6069ed,Ahmedabad Regional Hub 205,Ahmedabad,Gujarat,79595,55.92,Regional
62cbb75e-5577-4609-ad34-b60d836fb3d2,Sharjah Fulfilment Center 206,Sharjah,Sharjah,75395,82.92,Distribution
29b6fb36-891d-4700-a8eb-79e17bd4d7b5,Incheon Bonded Warehouse 207,Incheon,Incheon,97447,69.13,Regional
2c6da325-42e2-4101-9044-d15d5529c4df,Seoul Bonded Warehouse 208,Seoul,Seoul,45661,76.97,Distribution
a1f2ceb1-8999-4877-820a-d790c09687c6,Chicago Bonded Warehouse 209,Chicago,Chicago,49991,77.43,Bonded
d3f9bf5a-f2cc-40e0-92d8-69486509366e,Sharjah Fulfilment Center 210,Sharjah,Sharjah,19484,69.42,Distribution
cd05cfea-142d-48ff-b38f-8c4eac3cb25b,Tokyo Distribution Center 211,Tokyo,Tokyo,35433,84.62,Regional
1bdeb0f5-5842-489b-a0fa-1c6338cfc7d4,Rotterdam Distribution Center 212,Rotterdam,Rotterdam,43279,91.44,Distribution
1a1158f2-1b47-4d19-8ff0-40a04408b3cc,Osaka Distribution Center 213,Osaka,Osaka,43942,64.48,Distribution
12ea49bc-b990-4fe6-9b23-4e0d79e6ca43,Singapore Fulfilment Center 214,Singapore,Singapore,30694,63.92,Regional
af6f9084-acf9-47e1-995b-3992ac049032,Felixstowe Fulfilment Center 215,Felixstowe,Felixstowe,59209,84.0,Bonded
e33fccdc-bf77-427d-89a0-adbf8eadfc0d,Hamburg Distribution Center 216,Hamburg,Hamburg,53336,60.93,Regional
042b931c-58d1-403d-b972-2b55de87f877,Guangzhou Bonded Warehouse 217,Guangzhou,Guangzhou,57612,66.92,Regional
07ebe646-4365-4636-b189-4ca4ccf11009,Frankfurt Fulfilment Center 218,Frankfurt,Frankfurt,46941,71.99,Distribution
2da383c6-fa15-46b1-89ed-499b3e36fe24,Singapore Bonded Warehouse 219,Singapore,Singapore,24010,47.52,Regional
5a080088-6be4-40da-a548-ef08ef3de1a4,Abu Dhabi Distribution Center 220,Abu Dhabi,Abu Dhabi,7078,75.65,Distribution
80c4fc0f-24fc-4089-b88a-be7a04cf8071,Shanghai Regional Hub 221,Shanghai,Shanghai,20211,56.76,Distribution
82082a21-38d6-4167-815e-23f2d308bd57,Hamburg Bonded Warehouse 222,Hamburg,Hamburg,59064,70.45,Distribution
cde3d0e3-0c05-4e0a-afa7-daa27e7de73e,Yokohama Regional Hub 223,Yokohama,Yokohama,28274,75.54,Distribution
8f0f7681-fd61-404b-92e5-a7e07e03afab,Chicago Fulfilment Center 224,Chicago,Chicago,50192,73.23,Distribution
c6df5157-9c20-4194-916c-6697c19c0081,Tokyo Fulfilment Center 225,Tokyo,Tokyo,16048,71.5,Regional
c7700675-62a5-4424-90c0-ec2b6cf8f2de,Dubai Regional Hub 226,Dubai,Dubai,59904,71.58,Distribution
c123829c-a57e-4a41-9552-6b2279122bac,Shanghai Fulfilment Center 227,Shanghai,Shanghai,72937,87.17,Distribution
b1c8344a-8cf1-49a0-86a6-f09691546629,Hyderabad Fulfilment Center 228,Hyderabad,Tamil Nadu,100398,83.37,Distribution
b81934f9-8f62-4d9c-958f-6b3edab42486,New York Bonded Warehouse 229,New York,New York,113416,76.94,Distribution
677f37c7-c89b-4ea1-95a0-ff183ec272a5,Chennai Regional Hub 230,Chennai,Delhi,5315,76.77,Distribution
3a0a1243-fc39-43fe-af76-2792c25791eb,Abu Dhabi Bonded Warehouse 231,Abu Dhabi,Abu Dhabi,63116,60.51,Distribution
5f2ed3ed-7de9-414c-9a3f-75d125ff512d,Delhi Regional Hub 232,Delhi,Gujarat,94151,57.94,Bonded
b44d59ba-5a77-43aa-b557-225910b5f578,Singapore Bonded Warehouse 233,Singapore,Singapore,72824,73.89,Distribution
4407e30f-f5fd-42a3-bd89-98ab855ad9e0,Bremen Regional Hub 234,Bremen,Bremen,16824,83.12,Distribution
2e1fdde8-9ba3-404c-9db2-71f332006cf6,Amsterdam Regional Hub 235,Amsterdam,Amsterdam,102231,80.66,Distribution
9bc4ff80-5f99-4536-a872-c8a8a0331f3e,Hamburg Distribution Center 236,Hamburg,Hamburg,18333,51.1,Distribution
161e80a8-31ed-4231-92aa-fa43a0bbd261,Felixstowe Regional Hub 237,Felixstowe,Felixstowe,89144,75.63,Distribution
830bcfd9-ef83-4ef4-9916-4dc13ec7d021,Amsterdam Bonded Warehouse 238,Amsterdam,Amsterdam,28513,79.87,Regional
f100a887-35f1-4487-9160-8148b23d70f3,Tokyo Bonded Warehouse 239,Tokyo,Tokyo,109106,78.87,Distribution
e9db183b-118e-4739-b033-b728d8ec7d6a,London Fulfilment Center 240,London,London,63761,74.99,Regional
7a993577-f9de-4c42-992f-90351f4025ff,Felixstowe Bonded Warehouse 241,Felixstowe,Felixstowe,34607,81.3,Regional
f4410d31-387b-4706-bba4-0efe2bc5cee1,Felixstowe Distribution Center 242,Felixstowe,Felixstowe,99688,74.46,Regional
a3046bc8-0f6a-4b86-b796-5a98685e3ec8,Busan Bonded Warehouse 243,Busan,Busan,37346,52.47,Distribution
789a22c7-f15b-42c4-a5f4-0c47c960151c,Los Angeles Regional Hub 244,Los Angeles,Los Angeles,28465,75.67,Distribution
eed92304-bea6-4d4c-bf05-df22f1277481,Busan Regional Hub 245,Busan,Busan,32781,71.25,Distribution
151200e6-522a-434f-978e-c71775ce07f4,Yokohama Fulfilment Center 246,Yokohama,Yokohama,109713,89.16,Distribution
abeb87d6-88cb-456f-9689-7e926a86cc9f,Yokohama Regional Hub 247,Yokohama,Yokohama,24549,89.77,Distribution
ae8eb8ab-586b-4123-98ef-c925448293de,Amsterdam Bonded Warehouse 248,Amsterdam,Amsterdam,17155,66.86,Regional
ba261078-6c65-4d49-adbc-52734fae326d,Busan Fulfilment Center 249,Busan,Busan,45384,48.73,Distribution
51a5977d-3dd2-4d24-811d-80d4564efcc7,Sharjah Bonded Warehouse 250,Sharjah,Sharjah,106892,59.59,Distribution
74e79bec-7743-406f-9940-7df8e952cffd,Busan Regional Hub 251,Busan,Busan,29420,79.78,Distribution
e6848c83-abca-4ef7-bf63-56f25a2ad3dd,Houston Regional Hub 252,Houston,Houston,42079,56.83,Distribution
f679305d-1086-4038-89a9-46dae80afca9,Shanghai Distribution Center 253,Shanghai,Shanghai,92198,49.47,Distribution
d96c34da-22b8-4fea-a9c3-b9ca8a6837b2,Amsterdam Fulfilment Center 254,Amsterdam,Amsterdam,116351,72.63,Regional
de4d0546-dd62-4584-a8d1-270b734994e9,Bengaluru Bonded Warehouse 255,Bengaluru,Gujarat,18648,65.8,Distribution
dd3ef82a-b896-46df-8260-de74520537ab,Dubai Fulfilment Center 256,Dubai,Dubai,78787,83.11,Distribution
4d67a7f4-a694-4598-97a6-e305853a3160,New York Fulfilment Center 257,New York,New York,13242,51.96,Distribution
bafd944c-886b-4b3a-950a-337dd781865a,Felixstowe Regional Hub 258,Felixstowe,Felixstowe,41375,68.9,Distribution
92690685-5c8b-4c59-bc0a-51245c9b3871,Hamburg Fulfilment Center 259,Hamburg,Hamburg,59761,71.29,Distribution
f9ec169a-014d-4617-9e51-b788c055db77,Singapore Fulfilment Center 260,Singapore,Singapore,109879,62.57,Distribution
3bf1b0d6-d241-4e31-9816-5879afcdee59,Sharjah Distribution Center 261,Sharjah,Sharjah,6589,68.1,Distribution
ca43f2e0-e06f-4eb7-9afc-48ffa5ed82b7,New York Distribution Center 262,New York,New York,63479,75.94,Distribution
61165140-90e5-4172-9bb2-a0517d9eb0a4,Busan Regional Hub 263,Busan,Busan,50493,62.8,Distribution
a193795e-6b31-4150-a7a4-57aa4267551a,Guangzhou Distribution Center 264,Guangzhou,Guangzhou,112920,85.75,Distribution
c2e0183d-62e6-41e3-97ea-2d254feeed85,Frankfurt Distribution Center 265,Frankfurt,Frankfurt,86401,72.27,Regional
ec6b0aae-2c1a-4181-bf4e-23457c0ab5fe,Rotterdam Bonded Warehouse 266,Rotterdam,Rotterdam,25641,66.59,Distribution
ab672e92-f859-42ac-a2a6-04a6ce61385e,Manchester Distribution Center 267,Manchester,Manchester,109154,63.4,Distribution
db38116c-749d-4fa4-a5e9-9a1b894d2490,Singapore Fulfilment Center 268,Singapore,Singapore,53694,68.67,Regional
8091f63c-b7ce-4d9f-a1fe-4216b0481a82,Chicago Distribution Center 269,Chicago,Chicago,81917,87.32,Bonded
85a22646-b7c4-4f80-ae1b-1e9674bfd7f1,Tokyo Bonded Warehouse 270,Tokyo,Tokyo,110741,64.03,Distribution
cf0ee825-423c-48a9-8248-f57aba854b33,Frankfurt Fulfilment Center 271,Frankfurt,Frankfurt,94987,46.17,Regional
19f5151c-7ea5-42b6-bc84-1c9366551e32,Incheon Bonded Warehouse 272,Incheon,Incheon,69883,52.11,Bonded
fa46e22d-6812-4dc3-87ac-b33b585a64bf,Seoul Regional Hub 273,Seoul,Seoul,30064,77.36,Bonded
2cc6ddc3-66a0-4920-9496-1a127bf8793a,Seoul Bonded Warehouse 274,Seoul,Seoul,105072,72.51,Bonded
c79af4a5-dd41-472b-aeab-2167c1198efa,London Distribution Center 275,London,London,45270,68.17,Distribution
582729f8-945e-4ee4-9bec-ee188e49ecf0,Felixstowe Bonded Warehouse 276,Felixstowe,Felixstowe,36468,81.88,Regional
24198eb0-f121-414b-9f32-0ef93aba9181,Rotterdam Bonded Warehouse 277,Rotterdam,Rotterdam,91430,86.42,Distribution
2eda2ba0-8ae0-442f-8f49-da14a5930d62,Los Angeles Regional Hub 278,Los Angeles,Los Angeles,66224,66.69,Distribution
acdfcc95-eb84-462c-9443-cadd8b2bff49,Tokyo Regional Hub 279,Tokyo,Tokyo,13076,65.42,Bonded
78e3f58d-abfc-402a-855e-9c5a036da272,Osaka Fulfilment Center 280,Osaka,Osaka,84612,80.98,Distribution
1c5257fd-de25-4327-87f7-d247a943ffef,Guangzhou Distribution Center 281,Guangzhou,Guangzhou,119879,62.23,Distribution
705768fb-e69a-4d5d-aba5-2d625b396b7b,Singapore Bonded Warehouse 282,Singapore,Singapore,34453,98.0,Regional
0be48b70-c7a1-4777-be55-6617b0374d84,Rotterdam Fulfilment Center 283,Rotterdam,Rotterdam,59758,65.33,Distribution
87dbd935-30f1-4391-8938-e07eefc2f932,Hamburg Distribution Center 284,Hamburg,Hamburg,94869,83.79,Regional
b6cf69e9-3091-4b87-a795-0ad02de16026,Seoul Regional Hub 285,Seoul,Seoul,49165,86.07,Regional
4ab3d9af-ed13-415f-b99c-7ed6da7b4091,Sharjah Bonded Warehouse 286,Sharjah,Sharjah,88269,58.63,Distribution
7b5181c5-96be-4565-b679-c2935ba53d66,Los Angeles Distribution Center 287,Los Angeles,Los Angeles,108894,68.79,Regional
f5b78774-9fdd-4dea-a227-400b3cdf3246,Incheon Bonded Warehouse 288,Incheon,Incheon,83537,73.15,Distribution
64a1bd85-0a69-459a-a727-99fb74a9d0c3,Amsterdam Regional Hub 289,Amsterdam,Amsterdam,39531,63.8,Distribution
304770f1-6a61-49ac-9c22-3112cf493cb4,Ningbo Distribution Center 290,Ningbo,Ningbo,97648,79.39,Regional
59bea5be-1890-4a87-87bb-14f3fec854d1,Seoul Bonded Warehouse 291,Seoul,Seoul,90698,67.52,Regional
1806a5cb-b9d3-4489-a723-6c83e55bae67,Busan Regional Hub 292,Busan,Busan,92175,48.44,Distribution
d76e16da-6e9a-4662-a69c-2cef54601708,Felixstowe Distribution Center 293,Felixstowe,Felixstowe,39471,53.64,Regional
0d73c279-82a5-49bb-9b33-ab478cb7eb5b,Dubai Fulfilment Center 294,Dubai,Dubai,56488,53.38,Regional
a428c9b6-79ee-46ca-8c4e-3dad6e8a8424,Shenzhen Fulfilment Center 295,Shenzhen,Shenzhen,26883,87.8,Regional
263a7301-a0d7-4056-a559-e97fb9542e54,Seoul Distribution Center 296,Seoul,Seoul,6702,84.25,Distribution
f34551ce-33f2-4ee7-9254-95f55f5ea116,Amsterdam Fulfilment Center 297,Amsterdam,Amsterdam,63761,77.7,Distribution
4b188e5e-b728-4226-9b9d-b400402eb128,Shenzhen Regional Hub 298,Shenzhen,Shenzhen,114476,76.95,Distribution
b51b6825-1090-41b6-b4c1-d71e609c29c2,Bengaluru Fulfilment Center 299,Bengaluru,Maharashtra,109215,98.0,Distribution
037f73cd-a491-4d67-ba8b-1a7811558abc,Ningbo Bonded Warehouse 300,Ningbo,Ningbo,101613,61.63,Distribution
31ce8d0a-4b47-4eae-b30c-741542a95c71,Ahmedabad Regional Hub 301,Ahmedabad,Maharashtra,33813,85.86,Regional
1f152ed4-ae7e-4142-b8c7-7abade8d5730,Busan Regional Hub 302,Busan,Busan,6079,72.41,Distribution
604c014b-e5fd-4eb5-b090-f288e9b69ec1,Ahmedabad Distribution Center 303,Ahmedabad,West Bengal,56485,78.0,Distribution
211ea601-9962-4355-9171-e11d62642f65,Kolkata Fulfilment Center 304,Kolkata,Karnataka,118714,66.59,Distribution
9158360e-0c60-4aa6-b0a0-9ab040379607,Tokyo Distribution Center 305,Tokyo,Tokyo,65713,65.81,Distribution
456da56d-32d2-484f-8f76-d8357431b3d1,New York Distribution Center 306,New York,New York,87652,66.76,Distribution
2a75d540-98eb-4ca9-b01f-7f48a1592dff,Amsterdam Bonded Warehouse 307,Amsterdam,Amsterdam,47723,46.8,Distribution
631923f3-04a6-4eb6-9d57-bdb285198ef2,Amsterdam Distribution Center 308,Amsterdam,Amsterdam,22639,70.11,Distribution
3594d499-6dee-4e74-860b-32a6934b7b18,Frankfurt Bonded Warehouse 309,Frankfurt,Frankfurt,62721,98.0,Distribution
d1b62100-5e15-4f14-b0a2-fdee93f03261,Shenzhen Bonded Warehouse 310,Shenzhen,Shenzhen,108627,84.7,Distribution
fabd956f-72c1-41d4-87bb-5371c7e1e58c,Abu Dhabi Distribution Center 311,Abu Dhabi,Abu Dhabi,54650,48.79,Regional
aef38ca0-ebed-4c65-bd2e-cf0804313e20,Abu Dhabi Distribution Center 312,Abu Dhabi,Abu Dhabi,71856,70.19,Distribution
72582442-c15e-48af-9ebd-53af43440fd8,Seoul Fulfilment Center 313,Seoul,Seoul,118230,81.56,Regional
40fae51d-1f62-4215-ae5f-218d9cc87a5d,Osaka Distribution Center 314,Osaka,Osaka,5715,83.74,Regional
43c33dfc-6219-41ec-a249-56cf344685f0,Shenzhen Bonded Warehouse 315,Shenzhen,Shenzhen,85850,72.38,Regional
705d1839-4662-4a5d-88df-794faa3b1bdc,Tokyo Bonded Warehouse 316,Tokyo,Tokyo,98408,83.61,Regional
93fa1ece-3772-4786-be96-b6cacd672353,Felixstowe Bonded Warehouse 317,Felixstowe,Felixstowe,70475,98.0,Distribution
1efc2fcd-27b5-4e97-be47-b2b10f2a633f,Chicago Fulfilment Center 318,Chicago,Chicago,85316,41.78,Regional
8ee7ffc3-a762-4307-92b5-c40669559ab5,Ningbo Bonded Warehouse 319,Ningbo,Ningbo,16907,67.11,Distribution
318a841f-1baf-4f10-a524-fdc4a584464f,Frankfurt Regional Hub 320,Frankfurt,Frankfurt,47091,64.44,Distribution
e1f09a22-7422-4692-92da-60635dccaa59,Tokyo Fulfilment Center 321,Tokyo,Tokyo,64705,53.81,Distribution
90935f03-f461-407a-895a-f3b6edc3899d,Chicago Fulfilment Center 322,Chicago,Chicago,28751,53.95,Distribution
75d49eed-2519-4fd5-b0f5-3fc6ff4b5ab8,Manchester Distribution Center 323,Manchester,Manchester,34560,68.56,Distribution
3706ee55-5671-47d9-9781-fd1482c9a31e,Ahmedabad Distribution Center 324,Ahmedabad,Telangana,63668,74.34,Distribution
fd6ff0e4-5be6-4b55-a9a0-08f1dfdfee2f,Dubai Distribution Center 325,Dubai,Dubai,90372,81.64,Distribution
fb1f497d-9ab6-4e28-89be-d06c8d1e20b2,Seoul Regional Hub 326,Seoul,Seoul,103858,71.66,Regional
cfdb803a-3dd1-4967-a266-f584f0687ddd,Singapore Regional Hub 327,Singapore,Singapore,62247,69.55,Bonded
98cb9996-819c-4dce-851e-09ef57a3b848,Bremen Regional Hub 328,Bremen,Bremen,72970,70.07,Distribution
c3fd4d83-bd33-4095-a69b-910af6b742c5,Bengaluru Fulfilment Center 329,Bengaluru,Gujarat,16995,70.06,Distribution
c0c36512-cc44-4aad-a301-96d85a4d8758,Rotterdam Distribution Center 330,Rotterdam,Rotterdam,15184,79.92,Bonded
4c18d624-9217-4345-a795-4fa784710209,London Bonded Warehouse 331,London,London,72870,88.74,Distribution
1180bebb-7acb-4b70-a9e5-fc51fba52a75,Seoul Regional Hub 332,Seoul,Seoul,15973,85.51,Bonded
d22c83ed-127e-429d-80c1-0c1231568cb6,Chicago Bonded Warehouse 333,Chicago,Chicago,115158,72.84,Regional
01696d74-cd35-495e-b745-ae228d5ca725,Dubai Fulfilment Center 334,Dubai,Dubai,98790,61.05,Bonded
64f4fcb4-bfe1-4fc1-9878-af35a671e583,Seoul Distribution Center 335,Seoul,Seoul,82915,62.9,Regional
3b1f5b85-3e1c-4dcc-b138-790026341a5b,Delhi Regional Hub 336,Delhi,Gujarat,84677,73.45,Bonded
032adf3f-ce3c-4532-bdf5-aa6ca73e633a,Osaka Fulfilment Center 337,Osaka,Osaka,101009,88.42,Bonded
e27eeede-aac6-491d-ab1a-abb86f63b810,London Bonded Warehouse 338,London,London,91604,62.07,Distribution
32c769ca-e458-4868-830d-3087bf9931e8,Hamburg Distribution Center 339,Hamburg,Hamburg,79352,98.0,Distribution
05db5fd4-3080-4c73-bb5a-104f4ff897cf,Singapore Regional Hub 340,Singapore,Singapore,112173,67.48,Regional
fc80e1dd-0625-4fca-b8bb-b2f997d9ae9a,Osaka Distribution Center 341,Osaka,Osaka,68562,70.98,Regional
61a3d7c9-c7eb-4835-8a1c-a5ec724666d3,Abu Dhabi Bonded Warehouse 342,Abu Dhabi,Abu Dhabi,14299,79.1,Regional
b9252580-0e0a-42f3-8d4b-c0d29c6eded4,Bremen Fulfilment Center 343,Bremen,Bremen,15370,71.58,Distribution
1dc3e066-bab4-4cbb-9df3-9be6fb6026c9,Dubai Fulfilment Center 344,Dubai,Dubai,18601,65.75,Regional
a8e1936f-f063-458f-a4fe-65d403614da1,Seoul Distribution Center 345,Seoul,Seoul,114653,87.51,Distribution
bd2459ce-8d4e-41c1-8812-d57ad4891222,Singapore Bonded Warehouse 346,Singapore,Singapore,51082,81.47,Regional
c327d2ff-b6e7-4521-a78e-3ed4c4c48ded,Ningbo Regional Hub 347,Ningbo,Ningbo,40774,82.45,Distribution
5443a48d-7001-4456-90c8-21523586600f,Shenzhen Distribution Center 348,Shenzhen,Shenzhen,64136,79.02,Distribution
1fdaa960-64b4-4479-979a-dbc64ed353b2,Guangzhou Regional Hub 349,Guangzhou,Guangzhou,56633,80.79,Distribution
8355a05c-a422-4951-a1c1-30d09fe92084,Chennai Distribution Center 350,Chennai,West Bengal,115262,71.4,Regional
233a85bb-dbd2-458b-a557-134003ea4e6d,Singapore Bonded Warehouse 351,Singapore,Singapore,103644,64.31,Distribution
7864f732-f9dd-464a-824c-ab9a93857350,Amsterdam Regional Hub 352,Amsterdam,Amsterdam,89111,69.72,Regional
c18c1d11-c122-4327-b1fb-6e1b3311b8a2,Incheon Bonded Warehouse 353,Incheon,Incheon,89866,60.64,Distribution
9b358943-505d-4b94-b8ed-3dd3deba4c82,Los Angeles Regional Hub 354,Los Angeles,Los Angeles,96179,46.38,Bonded
7cd198d4-3ca4-44fd-b184-e2006549db1d,Felixstowe Fulfilment Center 355,Felixstowe,Felixstowe,100867,93.72,Distribution
5b94d0ac-3769-4534-a2cf-a858e0a6dfc5,Ahmedabad Regional Hub 356,Ahmedabad,Gujarat,37649,79.3,Distribution
a054fc40-4120-458a-80f2-a8d0c068de21,Dubai Fulfilment Center 357,Dubai,Dubai,35856,77.13,Regional
e6066ef4-f987-440b-b9dd-9fa294c95031,Felixstowe Bonded Warehouse 358,Felixstowe,Felixstowe,61707,69.02,Regional
1ebb96ce-0753-4a28-9410-a2a8d7e5b196,Felixstowe Regional Hub 359,Felixstowe,Felixstowe,86259,98.0,Bonded
39344eb5-97cc-4eed-89e1-90c5c27fff31,Abu Dhabi Distribution Center 360,Abu Dhabi,Abu Dhabi,35029,70.66,Regional
a87de916-fe66-4085-91bd-34dd91ac6ece,Los Angeles Distribution Center 361,Los Angeles,Los Angeles,102259,45.28,Distribution
166bcfbd-7f81-4ecb-b00f-5e660e2cc9ad,Felixstowe Regional Hub 362,Felixstowe,Felixstowe,47242,82.58,Distribution
7e2bd8e4-2742-44fa-8b9f-02cfadd5d10e,Bremen Distribution Center 363,Bremen,Bremen,94541,74.21,Distribution
5deadd92-cdcd-443d-bc89-f6c899f78e95,Rotterdam Fulfilment Center 364,Rotterdam,Rotterdam,23095,51.34,Bonded
824191e0-4eb6-4b0e-a8e5-718b34d8de10,New York Regional Hub 365,New York,New York,61705,55.65,Distribution
34c43dbe-2440-4acc-a208-d68c74c87119,Yokohama Regional Hub 366,Yokohama,Yokohama,13222,56.96,Bonded
44c9c067-21eb-4d58-97f4-1900df4477c1,Tokyo Distribution Center 367,Tokyo,Tokyo,19144,78.75,Regional
aef48932-aeae-4945-a4ed-9ff195fd0bc3,Manchester Distribution Center 368,Manchester,Manchester,9923,75.11,Distribution
695e4988-a6ec-421d-abda-4f770625cce2,Amsterdam Bonded Warehouse 369,Amsterdam,Amsterdam,54553,64.52,Bonded
ddaef20b-d20b-467e-9563-608578704db1,Hamburg Regional Hub 370,Hamburg,Hamburg,82758,53.59,Bonded
251bd524-3d33-4797-981b-0978445c28c4,Hyderabad Fulfilment Center 371,Hyderabad,West Bengal,70328,68.09,Regional
10d7cdc3-05a1-4fee-bdf0-d53a85a2f977,Singapore Distribution Center 372,Singapore,Singapore,52320,54.05,Distribution
5efce424-f6cb-4435-b20e-a3068dc6921e,Seoul Regional Hub 373,Seoul,Seoul,7804,79.93,Distribution
4886d0bb-4173-4c2b-8c1e-658228edff1f,Seoul Distribution Center 374,Seoul,Seoul,101514,89.16,Bonded
b1fc1e49-a15f-4373-a5ca-23af4b5ef231,Chicago Fulfilment Center 375,Chicago,Chicago,66463,80.36,Bonded
7669ab35-c898-439e-86df-4534457f425e,Rotterdam Bonded Warehouse 376,Rotterdam,Rotterdam,85519,80.82,Distribution
e8958d69-741d-4639-bb03-4540dc7ac610,Frankfurt Fulfilment Center 377,Frankfurt,Frankfurt,116606,52.23,Distribution
d46fafe0-a5ab-465a-821a-253a255ace9a,Manchester Regional Hub 378,Manchester,Manchester,52315,70.56,Bonded
10c213e0-8642-4739-a0d4-acd447b93a2b,Yokohama Distribution Center 379,Yokohama,Yokohama,5688,80.98,Distribution
a184af00-e0fc-4847-901b-cf00b3f7e8de,Chicago Regional Hub 380,Chicago,Chicago,29221,58.46,Regional
ef2e9559-b19b-4735-93c3-108f982daabb,Ahmedabad Regional Hub 381,Ahmedabad,Delhi,77960,97.91,Bonded
f7cc222f-2cee-495d-b854-f7d9a1d13bf8,Ningbo Distribution Center 382,Ningbo,Ningbo,45647,79.07,Distribution
7be84f42-275f-4911-89f5-abaf10d81f59,Kolkata Regional Hub 383,Kolkata,Telangana,13691,73.14,Distribution
de20d64d-8d43-40bd-abf5-b2903a925644,Rotterdam Bonded Warehouse 384,Rotterdam,Rotterdam,59177,51.33,Distribution
f5a76d60-3a5b-4ed5-b691-9f381785f6ad,Busan Fulfilment Center 385,Busan,Busan,61409,61.56,Regional
99091790-af06-4b2e-90f5-7a4e6ce720bf,London Regional Hub 386,London,London,9205,68.64,Bonded
6939721c-cb92-47cd-85f1-c232411473e7,Dubai Regional Hub 387,Dubai,Dubai,32379,62.1,Distribution
c27dcb4e-ead2-4df5-b6de-4ce6e87217e7,Singapore Regional Hub 388,Singapore,Singapore,102574,35.0,Regional
55ef5248-49a8-40c2-ad43-a9df99750afd,Ningbo Bonded Warehouse 389,Ningbo,Ningbo,32918,81.55,Distribution
2c42c078-b9eb-41e6-9e2c-0abc361cec43,Shanghai Regional Hub 390,Shanghai,Shanghai,16656,44.8,Distribution
34531544-20f9-44d9-850b-b672da902c52,Frankfurt Fulfilment Center 391,Frankfurt,Frankfurt,83040,98.0,Distribution
1470734c-d839-4d09-b6f2-68d13d513c92,Chennai Bonded Warehouse 392,Chennai,Telangana,99081,66.04,Distribution
c9126427-ccfd-4846-bb2f-a986a9233748,Rotterdam Fulfilment Center 393,Rotterdam,Rotterdam,103656,72.13,Regional
ac596cf0-8810-431e-b918-0b8472ae31f6,Yokohama Regional Hub 394,Yokohama,Yokohama,18622,60.58,Bonded
ae5cbce0-2659-4b99-b1f2-b8a9f6b2aca4,Felixstowe Fulfilment Center 395,Felixstowe,Felixstowe,42120,69.39,Regional
d29f3249-c84c-42fd-ad83-22fccbe648f8,Felixstowe Regional Hub 396,Felixstowe,Felixstowe,114176,58.61,Distribution
07f584e0-b220-4a57-9488-6b779c41599c,Busan Fulfilment Center 397,Busan,Busan,105612,66.21,Distribution
9a1c6fc1-0729-4d92-80b9-94ed75db2a4b,Singapore Regional Hub 398,Singapore,Singapore,85422,65.57,Regional
98894c3c-ced7-4698-9061-a8a8f9e4b32c,Amsterdam Regional Hub 399,Amsterdam,Amsterdam,87341,82.22,Regional
99a7a3b8-8cf9-4f09-bafd-aa23f91bc6fb,Abu Dhabi Distribution Center 400,Abu Dhabi,Abu Dhabi,10546,78.52,Distribution
7708bc01-9976-4d8a-b5d3-7e7fd18e6485,Amsterdam Regional Hub 401,Amsterdam,Amsterdam,85263,68.19,Distribution
f974fa24-5074-43a0-91ce-bfa04c1e83fb,New York Regional Hub 402,New York,New York,9706,75.45,Distribution
62da6e21-dbaf-4eae-a508-ab3506e23bff,Bengaluru Bonded Warehouse 403,Bengaluru,Karnataka,103445,73.82,Bonded
da36640f-15da-4c23-930b-57b8fc67f60d,Houston Regional Hub 404,Houston,Houston,11702,57.08,Distribution
dcc5670f-9a78-4bc2-88a6-31bf70176184,Mumbai Distribution Center 405,Mumbai,West Bengal,5568,81.01,Bonded
9e0f4eba-d300-41f8-9bae-e88d48f2717c,Amsterdam Fulfilment Center 406,Amsterdam,Amsterdam,84470,75.43,Distribution
b5787085-b7d6-42b4-af0c-170bc8833f15,Singapore Regional Hub 407,Singapore,Singapore,96069,49.43,Regional
96f86358-ec63-4893-b1f5-54a8ee249003,Singapore Distribution Center 408,Singapore,Singapore,66912,83.11,Regional
25a4f0f2-3645-47f7-ae52-0b2f0fe86760,Amsterdam Fulfilment Center 409,Amsterdam,Amsterdam,118571,47.3,Distribution
e6e03e97-b9f7-4660-847b-e5bce5a8cddc,Amsterdam Distribution Center 410,Amsterdam,Amsterdam,39994,76.02,Distribution
f64ddfcd-1a83-42ac-9da8-3cbc2051a2d3,Rotterdam Bonded Warehouse 411,Rotterdam,Rotterdam,7039,64.2,Regional
4c6f9a8a-67e7-4609-a66b-775f44857fad,Yokohama Regional Hub 412,Yokohama,Yokohama,106411,80.43,Regional
00d6bf57-4691-4a1c-9eb7-80d72ea066cf,Dubai Distribution Center 413,Dubai,Dubai,11005,94.74,Distribution
eea134d9-4009-4b15-8d52-bccaf7c29bed,Guangzhou Fulfilment Center 414,Guangzhou,Guangzhou,104754,92.51,Distribution
a432f656-6bdf-43b7-8c14-ec5c95c8e401,Delhi Fulfilment Center 415,Delhi,Tamil Nadu,35266,82.59,Bonded
9a013dd9-d890-4543-ac0b-86d5a17aa899,Tokyo Bonded Warehouse 416,Tokyo,Tokyo,44872,67.93,Distribution
390e0578-ae80-4632-9e4d-70a708531d8e,Ningbo Regional Hub 417,Ningbo,Ningbo,44261,66.65,Regional
eb442b56-0802-47a9-825d-465dc3ff2942,Singapore Fulfilment Center 418,Singapore,Singapore,33899,71.1,Distribution
19f29384-d08c-4016-a6aa-3b8847955e26,Shanghai Distribution Center 419,Shanghai,Shanghai,114744,81.52,Bonded
8c49b296-871a-4c27-8847-8e83d0b060af,Osaka Regional Hub 420,Osaka,Osaka,90407,71.89,Distribution
f183e004-67cc-47a1-ae89-7eeebf284eda,New York Fulfilment Center 421,New York,New York,82868,76.95,Regional
42086677-3e04-4bae-9d1b-dbe9124ee798,Chicago Fulfilment Center 422,Chicago,Chicago,20970,82.04,Bonded
882076ae-41ea-49a2-9764-3b916185f15b,Dubai Regional Hub 423,Dubai,Dubai,6562,92.74,Regional
4d67e092-937f-4180-ab60-8e61334a3184,Sharjah Regional Hub 424,Sharjah,Sharjah,76535,40.52,Distribution
38d08937-a97c-456a-8516-9f5005a60af4,Shenzhen Bonded Warehouse 425,Shenzhen,Shenzhen,111859,71.62,Regional
9f6da2f9-09f3-4d24-9b81-f156d4432992,Osaka Regional Hub 426,Osaka,Osaka,109394,97.39,Regional
52702b76-093c-4948-9d3f-df55f12de643,Felixstowe Distribution Center 427,Felixstowe,Felixstowe,57283,65.75,Regional
2cfa48d1-dc86-43bc-b5d1-f585d041de3b,Sharjah Distribution Center 428,Sharjah,Sharjah,75392,73.66,Distribution
672b990e-4b83-49b8-876a-842c8811911c,Rotterdam Distribution Center 429,Rotterdam,Rotterdam,16317,62.17,Distribution
6e6ce5b5-c59b-4226-afe8-829ba19f2a9b,Frankfurt Regional Hub 430,Frankfurt,Frankfurt,65961,78.86,Regional
07349a9f-f651-4eb7-a810-b12127af7a3f,Incheon Fulfilment Center 431,Incheon,Incheon,56129,61.31,Distribution
fcb0d2e6-5c6d-4249-81ec-340abe218594,Bremen Bonded Warehouse 432,Bremen,Bremen,102457,72.06,Bonded
1c1a34c4-f1dc-48c7-8906-5e4927fe5a97,Amsterdam Distribution Center 433,Amsterdam,Amsterdam,64251,50.63,Distribution
e3384178-6892-4afe-a099-f979d9adc22f,Los Angeles Distribution Center 434,Los Angeles,Los Angeles,119984,64.3,Distribution
9bea0829-1e7f-4b28-b92b-4d902d0345e0,Los Angeles Fulfilment Center 435,Los Angeles,Los Angeles,86704,79.82,Distribution
c87b95d0-bbb4-439e-83ed-70fafd0105df,Dubai Fulfilment Center 436,Dubai,Dubai,11869,63.98,Regional
044d3ee1-d110-4461-b5ef-436f3bece557,Seoul Bonded Warehouse 437,Seoul,Seoul,32363,75.91,Distribution
ca4f31f0-4ee0-49c5-9937-00edb7e5cd86,Sharjah Regional Hub 438,Sharjah,Sharjah,33329,60.78,Distribution
6994d836-dcf2-4f7b-9070-8633f8882a37,Busan Bonded Warehouse 439,Busan,Busan,66755,62.93,Distribution
ec686373-9d53-4c54-9302-2ec7088bf6f0,Ahmedabad Distribution Center 440,Ahmedabad,Maharashtra,14696,66.6,Regional
b1ace402-4af9-4237-80eb-db8a98bd08b3,Incheon Fulfilment Center 441,Incheon,Incheon,21449,49.37,Distribution
98306b00-d24e-464b-bcc3-1e409129e976,Amsterdam Distribution Center 442,Amsterdam,Amsterdam,71494,75.74,Distribution
176d1dba-ebf1-4c41-a19c-5663c03d7db9,Amsterdam Regional Hub 443,Amsterdam,Amsterdam,87715,62.8,Bonded
e908d6ea-b015-46bb-b7eb-2348ae909ed3,Shenzhen Regional Hub 444,Shenzhen,Shenzhen,18927,85.86,Distribution
672870c7-5416-4bb6-997d-fb1b17bad658,Guangzhou Bonded Warehouse 445,Guangzhou,Guangzhou,66362,67.0,Distribution
59e1e02c-2bb7-450b-bae6-a27abb4306c0,Yokohama Bonded Warehouse 446,Yokohama,Yokohama,112674,63.68,Distribution
50e52655-e547-4e5f-b79e-d650ec6ca0a2,Singapore Distribution Center 447,Singapore,Singapore,115207,73.5,Regional
c0de4235-c640-490c-9194-0eaaf6dbb41f,Bremen Fulfilment Center 448,Bremen,Bremen,27559,65.7,Bonded
b09717e1-d618-45b6-b2a9-33ae5910378a,Chicago Fulfilment Center 449,Chicago,Chicago,24834,74.57,Distribution
3909c4bf-89b2-46db-bb00-dcbcffcab792,Bremen Bonded Warehouse 450,Bremen,Bremen,114509,92.97,Regional
fab41a50-70c9-455f-898f-89b6010c8d21,Singapore Regional Hub 451,Singapore,Singapore,10285,76.43,Bonded
1a1ba1f5-102a-4f35-a6b1-9e358bd71b7f,Chicago Bonded Warehouse 452,Chicago,Chicago,24714,94.73,Distribution
ed73bd84-c073-42bc-805a-be7ea0a992dc,Singapore Regional Hub 453,Singapore,Singapore,63280,64.27,Distribution
88c530db-3e74-4777-bfd6-a0dfc0d8afe0,Shanghai Distribution Center 454,Shanghai,Shanghai,109531,72.68,Regional
ddee080c-a4fd-412d-96cf-d8d678438e1d,Amsterdam Regional Hub 455,Amsterdam,Amsterdam,82500,95.52,Regional
5e6a4060-367c-4d0f-98f8-c03e4926f2ce,London Regional Hub 456,London,London,32181,64.85,Distribution
320e09a2-1b2b-4a00-a264-e37f88906295,Amsterdam Distribution Center 457,Amsterdam,Amsterdam,75982,51.59,Distribution
2f71e82e-861f-4803-adec-7029bde6aa16,Bremen Fulfilment Center 458,Bremen,Bremen,74243,83.79,Distribution
f153bbf6-5845-42f6-a0e6-13d22f485635,Incheon Regional Hub 459,Incheon,Incheon,64590,68.25,Distribution
2b193375-13e6-4254-bc5f-5fdf17d58412,Shenzhen Regional Hub 460,Shenzhen,Shenzhen,11429,74.41,Regional
8624c6a3-47a1-4979-9b93-271d83ecd651,Sharjah Fulfilment Center 461,Sharjah,Sharjah,84399,65.83,Bonded
8e309f5f-f9e8-4763-9324-0a9a958821ff,Shanghai Fulfilment Center 462,Shanghai,Shanghai,98184,87.27,Distribution
9c5bb5cc-4fc7-49bf-a5f7-ac2573405f2a,Incheon Bonded Warehouse 463,Incheon,Incheon,65200,67.49,Distribution
6636023f-a443-4a75-9116-634dc1d42e4e,Seoul Distribution Center 464,Seoul,Seoul,33626,70.89,Bonded
cb2b5a1f-a01f-4a25-af8f-3498f094dcb9,Chicago Regional Hub 465,Chicago,Chicago,5700,67.28,Bonded
e99b5b7c-4cae-48a5-b9aa-afd864702bbe,Dubai Fulfilment Center 466,Dubai,Dubai,103482,70.28,Regional
99a2e5c9-8f6f-4c59-beec-d3c62f5fe782,Ningbo Bonded Warehouse 467,Ningbo,Ningbo,112677,73.33,Bonded
64d4a942-30a1-4d54-9ebf-007f6f5293ba,Osaka Fulfilment Center 468,Osaka,Osaka,92275,85.24,Bonded
20157b5b-53ce-4ff5-90e4-a9af0dd5c732,Hamburg Fulfilment Center 469,Hamburg,Hamburg,94223,73.42,Bonded
0faa0860-bdd2-49eb-9c6d-b6c198907c17,Busan Bonded Warehouse 470,Busan,Busan,43075,72.38,Regional
b3cb27f2-dab4-4034-abec-8ce74822c8a8,Osaka Regional Hub 471,Osaka,Osaka,70276,72.54,Bonded
29b080b8-f8d1-4c75-b75b-ab347e70fca0,Chennai Regional Hub 472,Chennai,Gujarat,90436,62.48,Regional
cee0734d-3cee-496a-bc0f-1e0e1f1396cf,London Distribution Center 473,London,London,43643,49.76,Distribution
2fa1b0f9-c777-488b-b99c-68d107f1139f,Sharjah Distribution Center 474,Sharjah,Sharjah,54440,75.48,Distribution
567590fd-bd2c-4e1a-b06a-8d4d91fbc941,Hamburg Distribution Center 475,Hamburg,Hamburg,117724,98.0,Distribution
f9a387ca-6331-4e32-a69d-9cd0780ff701,Seoul Bonded Warehouse 476,Seoul,Seoul,12863,71.49,Distribution
85ddf3ea-07c4-4216-89e6-520fc408fa90,Incheon Fulfilment Center 477,Incheon,Incheon,38836,98.0,Regional
7d9edb85-3fe2-482e-8975-50efdd47c278,Kolkata Regional Hub 478,Kolkata,Delhi,57096,73.49,Distribution
57d3f8cd-7b2a-480e-b469-e9745a0f2808,Shenzhen Distribution Center 479,Shenzhen,Shenzhen,70197,64.67,Bonded
fd4aa3f5-b3fb-4fe0-9530-53eb9b3c78cb,Singapore Fulfilment Center 480,Singapore,Singapore,10979,90.73,Distribution
29bfaec7-0ca0-4aeb-8e02-a231da6ecdae,Felixstowe Fulfilment Center 481,Felixstowe,Felixstowe,118472,58.9,Bonded
2806f015-af36-4d7f-b9f8-e92cee4fe28b,New York Distribution Center 482,New York,New York,97222,82.89,Regional
6099a31e-5eff-48fc-9263-605fd17b7a70,Dubai Distribution Center 483,Dubai,Dubai,116965,77.51,Distribution
6c8a411a-4e73-4865-9646-871b4c15ee8c,Ningbo Fulfilment Center 484,Ningbo,Ningbo,25428,82.32,Regional
5158cdb3-bbfb-440d-a590-7c5a5267e95d,Tokyo Distribution Center 485,Tokyo,Tokyo,41724,65.46,Regional
6265dc74-eb9b-43fc-8614-f45346b5ae3a,Abu Dhabi Fulfilment Center 486,Abu Dhabi,Abu Dhabi,117294,72.75,Distribution
5c9c9b47-cdba-4dc2-8df7-222aba4ed839,Frankfurt Distribution Center 487,Frankfurt,Frankfurt,111497,82.83,Bonded
2e840e03-c1b2-4e93-b2cd-9ffb1e8e7e76,Manchester Regional Hub 488,Manchester,Manchester,53106,59.4,Regional
3178e8f6-dcee-473b-af38-30c2fd4da578,Hamburg Distribution Center 489,Hamburg,Hamburg,86467,79.56,Distribution
adf8c1ef-dbed-4880-83d5-3ff1221fbb5d,Incheon Distribution Center 490,Incheon,Incheon,58871,55.95,Regional
af6a51f8-c690-4a68-b541-45105fdb9ead,Bengaluru Regional Hub 491,Bengaluru,Delhi,53597,65.43,Bonded
03ecf09b-4640-4f76-b64e-6f7c8885c1e0,Hamburg Bonded Warehouse 492,Hamburg,Hamburg,71538,69.27,Regional
acd05296-ae0e-4544-9fe1-5626c2343119,Los Angeles Distribution Center 493,Los Angeles,Los Angeles,44215,61.35,Distribution
82ce7279-5e6f-4229-9386-3ab49dd5bf1d,Hamburg Fulfilment Center 494,Hamburg,Hamburg,50654,74.4,Distribution
ab2022ed-b57c-49f1-923c-5631711a8d0a,Singapore Fulfilment Center 495,Singapore,Singapore,92218,61.98,Distribution
37a7bc67-76b4-44bf-91fa-6e74fcf768ad,Osaka Fulfilment Center 496,Osaka,Osaka,83812,61.58,Distribution
fb766ede-e195-4ed5-842b-72f72079eb4a,Singapore Regional Hub 497,Singapore,Singapore,82161,78.66,Regional
a6469225-2a94-4271-883c-f971c3aa717f,Sharjah Bonded Warehouse 498,Sharjah,Sharjah,25656,71.17,Distribution
99873f62-b79b-402e-8817-db81d84b921c,Tokyo Distribution Center 499,Tokyo,Tokyo,113254,72.06,Regional
ceaa3c87-806d-4150-bdb2-9a071be95cf4,Ningbo Regional Hub 500,Ningbo,Ningbo,84368,77.64,Distribution
b6185153-d0a2-4cb0-a70c-a3f846d5f671,Bremen Bonded Warehouse 501,Bremen,Bremen,11572,62.46,Bonded
04d4dff0-60c1-410e-8e66-58027addca6e,Seoul Distribution Center 502,Seoul,Seoul,86865,52.98,Distribution
78895775-a5a0-4b49-8e91-3809d59576c9,Shenzhen Bonded Warehouse 503,Shenzhen,Shenzhen,35264,75.58,Distribution
1df2e7d5-ace1-4ba7-abbc-537686620ad2,Dubai Bonded Warehouse 504,Dubai,Dubai,64244,98.0,Distribution
4afdcfad-7dc2-4b12-9f3e-db8bf902ae1d,Yokohama Distribution Center 505,Yokohama,Yokohama,22585,54.17,Distribution
faf0e00f-0731-45c1-bc7b-cfddde33acea,Guangzhou Bonded Warehouse 506,Guangzhou,Guangzhou,109006,89.44,Distribution
eeff019d-b368-4fdf-aa75-68ea64294089,London Regional Hub 507,London,London,66455,62.15,Distribution
eb977094-0b4e-494f-9010-f72177699a21,Singapore Distribution Center 508,Singapore,Singapore,72081,78.31,Bonded
ca19ecfa-6934-4983-ae38-78c81731c43b,Osaka Distribution Center 509,Osaka,Osaka,55454,79.67,Distribution
65123d6f-8f45-4abc-999c-c7329b31aaa8,Bengaluru Regional Hub 510,Bengaluru,Telangana,79636,76.54,Regional
230a88f9-8bb3-49f6-a8cc-e86c6ea5e6b6,Shenzhen Fulfilment Center 511,Shenzhen,Shenzhen,105080,44.96,Bonded
9601b527-84ad-40ca-acad-3bf8185774e5,Bremen Distribution Center 512,Bremen,Bremen,9403,81.87,Distribution
87e29a0a-5148-434d-9006-a40229107fa4,Singapore Fulfilment Center 513,Singapore,Singapore,39017,82.47,Bonded
7458a55b-de8a-4e97-94f3-f11b824a2c4a,Amsterdam Fulfilment Center 514,Amsterdam,Amsterdam,69484,76.68,Distribution
23099d8a-d39c-4e17-99e3-5772eec4313e,Chicago Bonded Warehouse 515,Chicago,Chicago,22524,75.9,Distribution
25c8952f-3ee7-4252-89f2-0b8cb7d0a87e,Yokohama Distribution Center 516,Yokohama,Yokohama,85694,70.99,Bonded
943c22a1-c047-45f1-8deb-e7a16de63fae,Ningbo Distribution Center 517,Ningbo,Ningbo,103492,50.16,Distribution
9d18225c-d073-4896-906d-cd14f6fb8a86,Singapore Bonded Warehouse 518,Singapore,Singapore,115491,77.44,Distribution
cef69f51-53bf-4d85-b017-ba91c62b260c,Rotterdam Distribution Center 519,Rotterdam,Rotterdam,85335,75.24,Distribution
59d8b7c8-6338-4a95-bfcd-e26e99dd2ca9,Amsterdam Regional Hub 520,Amsterdam,Amsterdam,75431,56.58,Distribution
9a0cd56e-f9b7-4eea-ad0e-fec0cc2733a2,Osaka Fulfilment Center 521,Osaka,Osaka,42212,85.68,Regional
4db7ab7f-ba7e-4fb5-8362-325bcc531a1a,Singapore Fulfilment Center 522,Singapore,Singapore,34676,64.56,Distribution
d0bd9579-7ecc-43e9-9a32-c67bb400c891,Amsterdam Distribution Center 523,Amsterdam,Amsterdam,108167,91.8,Distribution
834c3870-05fc-475e-bb6c-7e3394e52c0c,Shenzhen Regional Hub 524,Shenzhen,Shenzhen,115803,80.16,Distribution
65714640-d0e2-4b82-b492-f4663324429a,Sharjah Bonded Warehouse 525,Sharjah,Sharjah,30724,92.29,Distribution
365d4574-2fc7-4b84-ade4-9be2a0d8037d,Singapore Bonded Warehouse 526,Singapore,Singapore,79393,77.18,Distribution
7a90e8ff-5d3a-47ac-8802-1a18184d6802,London Regional Hub 527,London,London,62472,64.34,Distribution
ec8e6ea0-2e4d-418b-9bc0-372f845acb6e,Amsterdam Regional Hub 528,Amsterdam,Amsterdam,54432,81.3,Regional
89bae8c2-a4ca-4068-a0f0-29d209202635,Los Angeles Regional Hub 529,Los Angeles,Los Angeles,36088,98.0,Distribution
5cdb8bc8-6e1f-44d0-9dc3-85dc8bc18871,Sharjah Regional Hub 530,Sharjah,Sharjah,37489,90.21,Bonded
d88040c4-ec62-4ae8-b0fd-6f066cf45d88,Busan Regional Hub 531,Busan,Busan,106645,58.68,Distribution
b1f1773e-5fea-42ef-85bf-3fb57585a82d,Yokohama Distribution Center 532,Yokohama,Yokohama,36348,79.39,Regional
3a07569f-8c19-4dc9-9dbe-5982fc34e7ce,Bremen Regional Hub 533,Bremen,Bremen,87911,62.99,Regional
f639124d-f0e7-466d-8fe6-8f1c7040c9fa,Amsterdam Regional Hub 534,Amsterdam,Amsterdam,8001,46.45,Distribution
a355b87f-a598-4e31-b360-297cf3358292,Osaka Distribution Center 535,Osaka,Osaka,55275,64.27,Regional
6ccd8dd5-ff81-48c5-8d47-d5e379b22949,Singapore Distribution Center 536,Singapore,Singapore,23993,61.7,Distribution
a673f5bd-a8a7-4447-a5bb-ae707284f848,Rotterdam Bonded Warehouse 537,Rotterdam,Rotterdam,21375,91.66,Distribution
c29b9db5-933f-44d3-b920-6fe4d44b1afe,Hyderabad Fulfilment Center 538,Hyderabad,Tamil Nadu,79395,62.77,Bonded
fff062e7-79a9-4941-80ba-ebffe97436a8,Rotterdam Distribution Center 539,Rotterdam,Rotterdam,105977,56.47,Distribution
353d1a44-ed39-4f8e-916a-d61e05677044,Hamburg Distribution Center 540,Hamburg,Hamburg,109884,98.0,Distribution
97ff131e-44f7-4a9d-941a-ed70798e29ae,Amsterdam Regional Hub 541,Amsterdam,Amsterdam,89941,76.05,Regional
2a77c8a2-36b6-4005-b2dd-218ffa97a786,Sharjah Fulfilment Center 542,Sharjah,Sharjah,118472,45.37,Regional
545c198e-7eb3-4fec-889f-5c673a80cddc,Singapore Fulfilment Center 543,Singapore,Singapore,112452,60.92,Distribution
54dde0e0-682f-4389-af16-f98fc77eb50e,Amsterdam Bonded Warehouse 544,Amsterdam,Amsterdam,8322,68.13,Bonded
08a0ef0a-73af-48f4-b1ea-508a6fcc89bf,New York Bonded Warehouse 545,New York,New York,43708,73.83,Distribution
a8b78bcc-b72f-402c-836b-9ec991850687,London Distribution Center 546,London,London,42897,77.02,Regional
572121b1-4c52-49de-9dae-171fc09a62ce,Busan Bonded Warehouse 547,Busan,Busan,66487,79.88,Distribution
7316fe99-e37c-4374-8b1d-3ba7fed4a883,Ahmedabad Bonded Warehouse 548,Ahmedabad,West Bengal,39744,72.51,Distribution
a1e65252-6860-4b4b-aa26-fc6d473966e8,Manchester Regional Hub 549,Manchester,Manchester,48717,73.06,Bonded
1f733be9-f8ef-4db0-a144-1f88c7168ec3,London Regional Hub 550,London,London,110820,70.95,Distribution
12a15b57-8b95-4e2a-b872-b2f518f2057b,Chicago Distribution Center 551,Chicago,Chicago,40085,69.67,Regional
9594b851-0a05-4a4e-ab3e-d5cbdfd7210c,Rotterdam Bonded Warehouse 552,Rotterdam,Rotterdam,53577,83.61,Regional
0f93ac21-77c6-4203-89db-96a7cf172d28,Singapore Bonded Warehouse 553,Singapore,Singapore,105095,98.0,Bonded
dd81ca56-e5be-4ae5-b52b-d50627b9d5f3,Delhi Fulfilment Center 554,Delhi,Delhi,7274,92.86,Distribution
1f56908e-e7ab-4bab-975f-3e0c27f09aa7,New York Distribution Center 555,New York,New York,108082,76.51,Regional
d65e9872-a4e1-4463-aff8-26aafc3e0784,Tokyo Fulfilment Center 556,Tokyo,Tokyo,78140,76.0,Distribution
b504d214-cc77-431f-9586-752967ac8870,Tokyo Regional Hub 557,Tokyo,Tokyo,101804,81.72,Bonded
3ce8d3f9-2347-4c02-a103-dbb54ae10301,Seoul Regional Hub 558,Seoul,Seoul,61572,98.0,Regional
17a85832-be51-4225-8a36-1f7beb83ef08,Frankfurt Distribution Center 559,Frankfurt,Frankfurt,26924,54.49,Bonded
8b6ccc89-2078-46d0-a384-711e74aca763,Shanghai Bonded Warehouse 560,Shanghai,Shanghai,11736,55.31,Distribution
d5ba3d4a-1d4a-4998-98f1-b949fc376626,Felixstowe Regional Hub 561,Felixstowe,Felixstowe,80920,82.56,Bonded
7d671d23-02df-419e-97c3-4507b20658fb,Dubai Bonded Warehouse 562,Dubai,Dubai,99365,68.54,Distribution
c643abb7-e226-46b0-878a-66868137364b,Los Angeles Regional Hub 563,Los Angeles,Los Angeles,80542,92.79,Distribution
8efdfcf0-9966-417a-a205-b14113d6ddc1,Frankfurt Fulfilment Center 564,Frankfurt,Frankfurt,84704,81.47,Distribution
7542c6c9-7e97-445e-b053-6e168785b7c4,Felixstowe Distribution Center 565,Felixstowe,Felixstowe,115813,55.52,Regional
24d1ed5a-5bf0-4bf5-a855-0469a83c7c6a,Dubai Distribution Center 566,Dubai,Dubai,62084,72.84,Distribution
1df200d2-e4ab-4928-8487-361c8088576d,Frankfurt Fulfilment Center 567,Frankfurt,Frankfurt,49121,56.5,Regional
112e51d2-90b9-4cc7-8d39-9a8291d5f413,Mumbai Distribution Center 568,Mumbai,Maharashtra,44571,62.26,Regional
735c36fd-4256-459b-a813-e196ab3c883c,Felixstowe Distribution Center 569,Felixstowe,Felixstowe,55633,63.44,Regional
dbe222b4-2410-47a4-81fa-e4eabd8d8a79,Ahmedabad Fulfilment Center 570,Ahmedabad,Tamil Nadu,103288,98.0,Distribution
1f717028-ade7-4c10-a682-76e034eeb5a1,Singapore Fulfilment Center 571,Singapore,Singapore,8477,58.28,Regional
29de7d9d-c6d4-43b6-b7e7-0b0d4759ea3f,Guangzhou Bonded Warehouse 572,Guangzhou,Guangzhou,14834,59.75,Distribution
91bdbddb-242c-48cc-8989-a8d80e82acb7,Amsterdam Fulfilment Center 573,Amsterdam,Amsterdam,99706,70.64,Distribution
406b99ff-ee47-48ea-a72c-666d02738795,Bremen Fulfilment Center 574,Bremen,Bremen,20225,57.78,Regional
564a5a26-69d9-4520-88b2-524f74ab164f,Manchester Bonded Warehouse 575,Manchester,Manchester,40480,52.48,Regional
683922fa-6097-45ff-a013-b936a67eaea0,Bremen Fulfilment Center 576,Bremen,Bremen,20317,60.12,Distribution
94f0bc66-3067-4f4c-b262-37c3316e3186,Seoul Fulfilment Center 577,Seoul,Seoul,53772,68.79,Distribution
998085c9-3032-441c-91ef-fd67f60f3e55,Abu Dhabi Distribution Center 578,Abu Dhabi,Abu Dhabi,23356,84.65,Distribution
98d0546d-753a-40be-86bc-87b372a16ca5,Los Angeles Regional Hub 579,Los Angeles,Los Angeles,62671,98.0,Distribution
7995d7af-d102-4234-b5e4-fec45396610b,Bremen Regional Hub 580,Bremen,Bremen,27038,93.33,Bonded
e4ffdc9f-367b-4605-a67e-8dce1afe8dbe,Houston Distribution Center 581,Houston,Houston,59366,69.74,Regional
34ecce5d-a214-4205-963d-02e5909dd99f,Busan Fulfilment Center 582,Busan,Busan,15480,87.93,Regional
25f09352-c698-4f98-8edb-b19aea228328,Rotterdam Regional Hub 583,Rotterdam,Rotterdam,39701,75.05,Distribution
3b5e0139-e361-4152-91ac-f278c7161aa9,Frankfurt Bonded Warehouse 584,Frankfurt,Frankfurt,36542,41.48,Regional
3adf2a74-9711-4573-bd20-34f26148fc7c,Incheon Fulfilment Center 585,Incheon,Incheon,28815,89.91,Bonded
edf2ac86-ae0a-47ca-8020-4788846bc567,Delhi Distribution Center 586,Delhi,Telangana,13008,62.24,Distribution
cfa76867-f82c-4cae-9491-6576eb046fa4,Singapore Regional Hub 587,Singapore,Singapore,39869,80.61,Distribution
015f3f78-afe2-4cff-acea-35dbde09c08b,Shenzhen Fulfilment Center 588,Shenzhen,Shenzhen,8345,89.16,Regional
12ea8efb-365f-4f1f-b1b5-7a6e8950c651,Busan Fulfilment Center 589,Busan,Busan,8923,78.63,Distribution
7c5b10b7-fc2b-4cc5-b2a4-2c0deae89275,Yokohama Fulfilment Center 590,Yokohama,Yokohama,52145,64.32,Regional
0ed21bfa-65a6-4e88-b773-244c03e99902,Incheon Bonded Warehouse 591,Incheon,Incheon,34969,79.15,Bonded
f80cea7d-cea7-46ac-9a20-9a6dd3f9226a,Abu Dhabi Bonded Warehouse 592,Abu Dhabi,Abu Dhabi,49827,58.99,Distribution
0cb5015f-e8dd-4d8c-b6cb-7f4011cf5860,Guangzhou Distribution Center 593,Guangzhou,Guangzhou,104955,96.8,Regional
a35f4da0-e024-4ff1-bea3-050d7ca987b1,Felixstowe Bonded Warehouse 594,Felixstowe,Felixstowe,21750,73.26,Distribution
446ead75-1517-48f9-a3b1-825015daf712,Ningbo Bonded Warehouse 595,Ningbo,Ningbo,25992,65.77,Regional
47983a7c-9b58-48cf-9c63-7163fa20fa64,Busan Fulfilment Center 596,Busan,Busan,114579,88.84,Distribution
3e00c00b-45d0-4d03-8bea-eb40c6d71222,Rotterdam Regional Hub 597,Rotterdam,Rotterdam,78802,88.25,Distribution
ec4e7234-8aff-4f7c-85d7-fbbc55f6b025,Busan Fulfilment Center 598,Busan,Busan,110560,64.86,Distribution
c4e6602a-2b4c-4c8b-8da3-d1166d162e8b,Seoul Distribution Center 599,Seoul,Seoul,71520,80.08,Distribution
fcb22da2-08a3-4608-84ca-cc91cfd0c090,Los Angeles Bonded Warehouse 600,Los Angeles,Los Angeles,58275,57.14,Bonded
5d6b5757-143d-4d48-ad6d-f9f2610082a4,Incheon Distribution Center 601,Incheon,Incheon,80149,77.49,Distribution
db870c66-d56b-4ce0-af7e-4a500b351d0b,Shanghai Distribution Center 602,Shanghai,Shanghai,65683,54.45,Distribution
8b85e76e-b054-4503-948f-5e42c552de43,Rotterdam Bonded Warehouse 603,Rotterdam,Rotterdam,48848,59.15,Regional
725a6087-f02e-4692-8986-a9310550f405,Ningbo Bonded Warehouse 604,Ningbo,Ningbo,33874,52.92,Distribution
da9ceb76-73df-4793-beaf-1c14b2268143,Osaka Distribution Center 605,Osaka,Osaka,52844,87.53,Bonded
4b9b39be-ad61-4b7f-b700-ef252044c52f,Dubai Fulfilment Center 606,Dubai,Dubai,72651,73.71,Regional
567842bd-763c-4123-944c-ad16fc9d4eab,Dubai Bonded Warehouse 607,Dubai,Dubai,33562,60.42,Distribution
02228fce-fae1-4eff-9247-4e775fbf1889,Hyderabad Regional Hub 608,Hyderabad,Tamil Nadu,63347,71.72,Distribution
1d803ca8-70f4-4359-b1bd-b12a99217bae,Manchester Fulfilment Center 609,Manchester,Manchester,85952,66.5,Distribution
6dce3da3-5ce7-4b81-b8cb-2a7a641d3c1c,Rotterdam Bonded Warehouse 610,Rotterdam,Rotterdam,60413,47.56,Distribution
733818e8-1da7-4860-9bc9-81223cbedee5,Abu Dhabi Bonded Warehouse 611,Abu Dhabi,Abu Dhabi,30935,68.91,Regional
bc293b3d-fbdd-453e-a952-ec79dc79bafe,Abu Dhabi Regional Hub 612,Abu Dhabi,Abu Dhabi,29573,68.03,Regional
d26c4bd9-e642-44b4-979a-aabded4c16e8,Busan Regional Hub 613,Busan,Busan,10175,78.93,Distribution
f2693634-a3eb-4d7c-9bb6-b0bbbdc221a4,Singapore Bonded Warehouse 614,Singapore,Singapore,14804,63.56,Regional
a177efc8-b7ea-4d9e-9989-b5a01e98396e,Felixstowe Fulfilment Center 615,Felixstowe,Felixstowe,95839,75.43,Bonded
3df701ec-4d52-4a63-adba-3ed76b8263cc,Bremen Regional Hub 616,Bremen,Bremen,43045,84.62,Bonded
26bcf9a3-fd44-478f-bb00-d4737cb3636f,Sharjah Fulfilment Center 617,Sharjah,Sharjah,46197,58.57,Distribution
34b3e396-02cc-402b-b77d-d2502c5f2e6c,Rotterdam Fulfilment Center 618,Rotterdam,Rotterdam,21636,80.89,Regional
00f36c8c-5de1-4794-8b14-c34afdebf577,Rotterdam Regional Hub 619,Rotterdam,Rotterdam,7554,59.98,Distribution
5b2fe253-6bf2-4661-985f-29b254a9ea57,Bremen Fulfilment Center 620,Bremen,Bremen,22463,81.34,Distribution
686018e7-d15f-45e8-8cb5-acd233e403fd,Busan Fulfilment Center 621,Busan,Busan,83633,80.62,Distribution
34392cea-3fc8-44a2-a904-73681228d0b3,London Bonded Warehouse 622,London,London,23669,75.44,Distribution
2a31d6fd-5811-4189-a467-dd82ee2c4cfc,Los Angeles Bonded Warehouse 623,Los Angeles,Los Angeles,26563,50.69,Bonded
7bbb6134-f130-4b98-8f57-cd9a074d4524,Rotterdam Regional Hub 624,Rotterdam,Rotterdam,35789,95.55,Distribution
ae16706c-fd29-41ec-b63f-a695c266852b,Amsterdam Fulfilment Center 625,Amsterdam,Amsterdam,84180,83.78,Distribution
497dcfb1-deb3-4f7a-bc0d-aa9367a4cc95,Rotterdam Regional Hub 626,Rotterdam,Rotterdam,119427,69.0,Distribution
3b0b6db5-2270-4775-9f1b-b2d77b75106a,Felixstowe Distribution Center 627,Felixstowe,Felixstowe,28198,59.13,Regional
c52230f5-fdbe-430a-b465-787d45ca06ab,Shanghai Regional Hub 628,Shanghai,Shanghai,29211,82.94,Distribution
183109e3-5c27-4112-bbb2-964ee1f4eeec,Shanghai Regional Hub 629,Shanghai,Shanghai,25901,45.16,Regional
ad2363d9-2b3c-4bc7-8fb5-9758c321975a,Tokyo Regional Hub 630,Tokyo,Tokyo,60165,73.1,Distribution
148fea46-d0ce-4334-a43c-9b0bce83cf3a,Busan Fulfilment Center 631,Busan,Busan,10807,98.0,Bonded
ecc19837-3e78-4909-858b-5fee9b1553df,Hamburg Bonded Warehouse 632,Hamburg,Hamburg,96267,66.83,Bonded
6917f12c-8655-450d-b010-bf98f487b31a,London Regional Hub 633,London,London,25191,89.41,Distribution
c29c7d3b-3dc5-4390-b2fd-cafdee1ec7f9,Hyderabad Bonded Warehouse 634,Hyderabad,Karnataka,91841,71.49,Bonded
f5f61f46-ee01-4380-9c48-877fd0853e0a,Busan Bonded Warehouse 635,Busan,Busan,43055,72.29,Regional
2b72f326-74d3-40f6-8ceb-12d067770fc9,London Distribution Center 636,London,London,7587,79.41,Distribution
2d672b14-54b9-4de1-8f1f-c4bf3d3ae54a,Seoul Regional Hub 637,Seoul,Seoul,95086,98.0,Regional
8beaff5c-06ac-41bd-8f34-ab470559a5e4,Frankfurt Bonded Warehouse 638,Frankfurt,Frankfurt,34898,61.86,Distribution
6f6f445b-8f3d-4ee0-9d24-f47f6e2c480e,Frankfurt Regional Hub 639,Frankfurt,Frankfurt,18284,77.2,Distribution
ff577f38-a06e-4e49-99e8-c7c44dbd91dc,Amsterdam Regional Hub 640,Amsterdam,Amsterdam,112020,94.65,Distribution
28f37db3-e06a-44d4-bf9e-903bb0151d05,Incheon Fulfilment Center 641,Incheon,Incheon,15797,78.88,Distribution
f3e10150-5420-4ba1-ace6-6dc31caf4a02,Abu Dhabi Regional Hub 642,Abu Dhabi,Abu Dhabi,7428,90.65,Distribution
684c0a34-394b-45d6-8a9b-71b0411d6671,Guangzhou Distribution Center 643,Guangzhou,Guangzhou,24977,57.51,Regional
8a109554-3514-46c0-a9da-a8c930b046ed,Amsterdam Regional Hub 644,Amsterdam,Amsterdam,107207,76.16,Distribution
5b52b10f-876d-4edd-8c13-d2b4284e95e1,Shanghai Regional Hub 645,Shanghai,Shanghai,57753,79.73,Regional
943f5cf7-b710-40a9-9b4a-8a1dbdb938cf,Seoul Fulfilment Center 646,Seoul,Seoul,81301,77.59,Distribution
f114446d-e453-473b-a278-f9e492db6eda,Sharjah Fulfilment Center 647,Sharjah,Sharjah,89634,64.64,Bonded
f0985769-8ab3-4bd9-a8d6-8d569b32d306,Chennai Fulfilment Center 648,Chennai,Tamil Nadu,41161,74.24,Distribution
9a03b8ee-00db-456d-89ef-4cc2be643011,New York Regional Hub 649,New York,New York,101400,75.29,Distribution
5f1e212c-533d-475d-b792-4d765846c198,Manchester Distribution Center 650,Manchester,Manchester,87155,70.18,Regional
af08db6f-fd1d-417a-9ef2-6766646010ef,Houston Bonded Warehouse 651,Houston,Houston,52260,82.01,Bonded
50590411-390c-4eaf-997c-bbc3b69169f7,Singapore Regional Hub 652,Singapore,Singapore,13734,92.8,Regional
3d73b17f-4b5a-423f-8e2b-59df1525e1f3,Incheon Regional Hub 653,Incheon,Incheon,46274,79.74,Distribution
545b03f8-a84b-4103-8903-2a1831ae89d4,Singapore Fulfilment Center 654,Singapore,Singapore,29879,88.84,Regional
6f4748d1-e67f-4333-b51c-4da281f5660d,Singapore Bonded Warehouse 655,Singapore,Singapore,5888,68.92,Distribution
16294284-7f4b-4ba0-b0d4-8e32cd2fa251,Houston Distribution Center 656,Houston,Houston,19884,84.56,Regional
414716ca-b297-4c8f-8bd9-e89dd8ed34c4,Incheon Fulfilment Center 657,Incheon,Incheon,111924,66.03,Distribution
7941cfe2-5886-405c-aee8-9ddbfdbeaef5,Mumbai Distribution Center 658,Mumbai,Delhi,43847,78.95,Regional
714fe62c-602b-41d0-938e-745f4b243100,Busan Bonded Warehouse 659,Busan,Busan,106850,74.49,Regional
30bc3950-ea4c-4415-b541-74458dd3db74,Felixstowe Fulfilment Center 660,Felixstowe,Felixstowe,19598,83.76,Distribution
4d23ca29-cf44-4958-b2e5-e484c885bf56,Abu Dhabi Regional Hub 661,Abu Dhabi,Abu Dhabi,84547,90.41,Distribution
a5830d3e-f577-4247-9787-7a4e99b6599e,Frankfurt Bonded Warehouse 662,Frankfurt,Frankfurt,110397,76.91,Regional
2c85e081-326f-4b5d-9736-ddd494d23d14,Sharjah Bonded Warehouse 663,Sharjah,Sharjah,50155,69.58,Regional
a56c3bd2-0a92-40dd-9a07-f9852e2bdd0c,Sharjah Distribution Center 664,Sharjah,Sharjah,48154,80.83,Distribution
1bf5f0da-f117-4d3d-8cdb-503493d46db4,Bengaluru Regional Hub 665,Bengaluru,Delhi,86984,86.31,Distribution
a0b9c152-72ac-461d-9f75-f70ff0c0b087,Singapore Bonded Warehouse 666,Singapore,Singapore,46125,64.56,Distribution
197ff7a6-4a3d-44ba-8956-7cb5ef607fb4,Tokyo Bonded Warehouse 667,Tokyo,Tokyo,29682,78.78,Distribution
e7b68672-684c-4fa5-a964-fa20a415513b,Osaka Distribution Center 668,Osaka,Osaka,82518,82.55,Regional
09d8567a-f427-4caa-8131-a25424674699,Dubai Regional Hub 669,Dubai,Dubai,109204,77.99,Distribution
2981ccc7-a51b-4738-87e0-e1ea851b6c40,Bengaluru Fulfilment Center 670,Bengaluru,Tamil Nadu,7808,74.88,Regional
de045d48-8e2e-45b5-a94e-c38f8a64cb54,Delhi Bonded Warehouse 671,Delhi,Delhi,115119,87.26,Distribution
45f746d4-086a-4029-94b5-5820edade8b9,Amsterdam Distribution Center 672,Amsterdam,Amsterdam,19229,63.37,Regional
e75442b9-4c61-4385-911a-d53083b6d73b,New York Regional Hub 673,New York,New York,46004,50.56,Distribution
0d2ee6ad-b00b-402a-bb9d-0a5fdf474b7b,New York Bonded Warehouse 674,New York,New York,45210,62.31,Distribution
ad72ce83-3494-416a-8450-46134aac44e4,Houston Distribution Center 675,Houston,Houston,80415,55.93,Distribution
7eda10be-f6ec-4f19-a393-b5ce450f11a4,Seoul Regional Hub 676,Seoul,Seoul,51986,74.3,Distribution
33653b63-3f95-406d-9fa0-b4fab1892fb5,Los Angeles Bonded Warehouse 677,Los Angeles,Los Angeles,39110,56.71,Bonded
4db4595a-043c-4d45-b3c0-3f594ede31c5,Singapore Regional Hub 678,Singapore,Singapore,102581,66.6,Distribution
ab2ddf92-1465-411c-9505-c1213ad013f6,Osaka Fulfilment Center 679,Osaka,Osaka,111613,60.7,Distribution
31f96526-a095-4a0b-ab73-c9d47fbf9478,Sharjah Bonded Warehouse 680,Sharjah,Sharjah,108670,62.75,Bonded
b11f83f7-a883-43d1-a326-197a27e196c9,Manchester Distribution Center 681,Manchester,Manchester,20892,54.81,Distribution
f7616ede-d0e6-44af-a62b-f6c054ec2d5f,Guangzhou Regional Hub 682,Guangzhou,Guangzhou,36720,76.6,Distribution
9e068053-96c9-456e-9ea8-da7b4317527b,Manchester Distribution Center 683,Manchester,Manchester,14202,66.19,Distribution
81e6d695-3e65-4192-8e06-87971a0095fd,Yokohama Distribution Center 684,Yokohama,Yokohama,5304,67.6,Distribution
68c83f91-ce30-474e-92f1-8564c60a6434,Bengaluru Fulfilment Center 685,Bengaluru,Telangana,115202,97.5,Regional
833e614a-1707-4906-b892-8aece077024f,Bengaluru Regional Hub 686,Bengaluru,Gujarat,57955,61.25,Bonded
8c17df95-afb4-4937-8322-03667083e875,Osaka Regional Hub 687,Osaka,Osaka,25993,77.03,Distribution
0c51fb98-b4b8-4ca1-836a-8f9b0c6a7902,Busan Bonded Warehouse 688,Busan,Busan,83988,60.11,Distribution
e9349364-b461-4a1f-a72d-59053df9c47d,Ningbo Regional Hub 689,Ningbo,Ningbo,103948,67.59,Distribution
783bfa12-fb2d-4b81-bfbf-e7856e6d4268,New York Regional Hub 690,New York,New York,115896,79.36,Distribution
244aef75-b894-47a1-bda5-f1040dd07c8f,Rotterdam Regional Hub 691,Rotterdam,Rotterdam,20210,63.47,Distribution
0fd8cc19-41b9-4c15-80ad-6e797b47c840,Busan Bonded Warehouse 692,Busan,Busan,16464,86.94,Distribution
7da8f0c1-340f-47c6-bec6-c4fbea5debd4,Felixstowe Distribution Center 693,Felixstowe,Felixstowe,17164,79.22,Regional
f19c9a01-ffd7-45cf-94f1-fb27cfd79e41,Dubai Distribution Center 694,Dubai,Dubai,20111,84.29,Regional
919a21ab-ca0b-4994-9378-e4399777b8f9,Ahmedabad Bonded Warehouse 695,Ahmedabad,Tamil Nadu,42937,69.13,Regional
c9cfbe90-95e7-49cf-9030-9b66801ce432,Delhi Fulfilment Center 696,Delhi,Tamil Nadu,6518,35.69,Distribution
e372c8fb-7e5c-4df3-a874-f03711a4d169,Ningbo Regional Hub 697,Ningbo,Ningbo,71399,48.44,Distribution
8b4978b6-5ef5-4e03-b09b-4e3820eeaf59,Rotterdam Bonded Warehouse 698,Rotterdam,Rotterdam,116137,51.14,Distribution
41889536-1369-4b99-b60e-cf6ff40e29eb,Tokyo Bonded Warehouse 699,Tokyo,Tokyo,118498,55.69,Regional
19f1ff1b-28a1-41c7-b247-3fcf3850ca21,Shanghai Bonded Warehouse 700,Shanghai,Shanghai,34688,61.29,Distribution
24dd4963-8697-400e-9d70-f02b1ba6fb84,Mumbai Distribution Center 701,Mumbai,Telangana,69463,52.31,Distribution
a09313d5-e8b0-401e-94f0-4d5ed78331a9,Singapore Regional Hub 702,Singapore,Singapore,101159,81.87,Distribution
2538ba85-82d1-49a7-bee4-ca45afdc26a7,Frankfurt Distribution Center 703,Frankfurt,Frankfurt,114795,74.03,Regional
0da3dd3d-0390-4416-8401-9bd44e188277,Singapore Distribution Center 704,Singapore,Singapore,78156,96.84,Distribution
b1802005-955c-4881-a4aa-758236529d99,Busan Bonded Warehouse 705,Busan,Busan,25043,66.45,Distribution
51a74659-79b0-4d46-9d48-19793a03358d,Chicago Distribution Center 706,Chicago,Chicago,75165,80.65,Regional
8f909968-e02e-43ae-b37c-0e55e28fba17,Houston Distribution Center 707,Houston,Houston,96923,77.07,Distribution
7d1aab07-4f82-4831-8b84-f96ef07caa0e,Busan Distribution Center 708,Busan,Busan,61385,57.04,Regional
5eed27e9-01af-4f32-a2b5-c2cdc163ecc7,Shenzhen Fulfilment Center 709,Shenzhen,Shenzhen,47781,47.93,Regional
632b5daf-2dd8-4140-894a-cfbdb17468de,Frankfurt Regional Hub 710,Frankfurt,Frankfurt,87024,74.31,Regional
604e6e1b-c3e8-4148-8178-e0f37c97b3f3,Rotterdam Fulfilment Center 711,Rotterdam,Rotterdam,115571,67.67,Distribution
f2ca5d27-6ed0-4379-8eaf-30de623bfd6e,Delhi Fulfilment Center 712,Delhi,Maharashtra,101942,77.84,Distribution
f68faac0-408a-4eda-bb7b-db68ec55bccd,Dubai Fulfilment Center 713,Dubai,Dubai,34715,51.9,Distribution
df4b21fe-4cad-430f-b8b7-4789febe7177,Singapore Fulfilment Center 714,Singapore,Singapore,16700,81.39,Distribution
d7ae5743-642e-478f-a73d-2828fd4aeab8,Mumbai Distribution Center 715,Mumbai,Telangana,77907,70.74,Regional
5bf2ba78-efb8-4f96-9745-fe3c50dd2293,Shanghai Regional Hub 716,Shanghai,Shanghai,57533,71.96,Distribution
1a26366c-730b-491e-b75b-6628c23e92ba,Sharjah Fulfilment Center 717,Sharjah,Sharjah,7367,57.23,Regional
b4d38441-4621-4de0-bf88-005891e41430,Busan Distribution Center 718,Busan,Busan,18668,81.49,Distribution
6459f26a-901d-49a5-bcfb-bcbaa84655a6,Incheon Regional Hub 719,Incheon,Incheon,92325,67.02,Distribution
e5e9e52b-aea4-4b2c-9989-540c2b5e6592,Busan Distribution Center 720,Busan,Busan,20096,57.65,Distribution
11c6363b-ec06-4f09-8ad2-9c743af7d087,Singapore Bonded Warehouse 721,Singapore,Singapore,70548,75.19,Regional
30cf0bd7-3d87-4771-8806-549266f6fafd,Bremen Distribution Center 722,Bremen,Bremen,57880,67.52,Bonded
a8cb2e3a-e121-42a8-9684-33e77aee6bb0,Felixstowe Fulfilment Center 723,Felixstowe,Felixstowe,28627,56.71,Distribution
a830c5e4-a7e6-4f37-91e4-81f520f7a1d7,Shanghai Bonded Warehouse 724,Shanghai,Shanghai,41980,66.36,Bonded
179f03c1-ce5d-4972-a1b0-a2dc88c6dbd5,Busan Distribution Center 725,Busan,Busan,33378,93.26,Distribution
164701f7-69cc-45a6-94df-2084a5561a27,Chennai Fulfilment Center 726,Chennai,Delhi,14119,65.67,Regional
fb2cdf67-f72c-4b04-bb81-2f35250710b1,Mumbai Regional Hub 727,Mumbai,Karnataka,63296,68.17,Regional
cbed0130-b321-42dd-bb13-8461fa64844f,Felixstowe Distribution Center 728,Felixstowe,Felixstowe,45157,89.14,Distribution
d769da0f-c617-401b-94f9-e0a07ccc616c,Busan Regional Hub 729,Busan,Busan,98285,54.09,Distribution
60975213-d632-482a-afbe-20102d1e5fca,London Bonded Warehouse 730,London,London,27309,78.54,Distribution
2455de42-5d05-4eb3-b688-1da0114d6973,Bengaluru Fulfilment Center 731,Bengaluru,Karnataka,61138,78.09,Distribution
63dca193-d1b6-464a-8455-2fa4dd8c8133,Guangzhou Bonded Warehouse 732,Guangzhou,Guangzhou,49170,62.68,Distribution
ca43d6d8-3430-486c-b130-8ce8cfafb23e,Shanghai Regional Hub 733,Shanghai,Shanghai,87980,83.08,Distribution
42a91235-e950-4c15-8eeb-0bb264c8d702,Yokohama Regional Hub 734,Yokohama,Yokohama,91182,73.46,Regional
c67a8a17-bce1-47bf-997c-9050eca21395,Sharjah Regional Hub 735,Sharjah,Sharjah,21356,77.14,Regional
d381a49a-e139-4bdd-ba99-ce1a1c35a36a,Houston Bonded Warehouse 736,Houston,Houston,105872,85.34,Distribution
efbe8f33-ff74-4110-ad7d-f21fb43b1fa6,Bremen Fulfilment Center 737,Bremen,Bremen,29679,48.25,Distribution
22da9284-dafa-487d-a57e-60706daae95a,Bremen Regional Hub 738,Bremen,Bremen,96398,98.0,Bonded
e9299195-bd3e-4870-ad21-b1cd1809657a,Incheon Distribution Center 739,Incheon,Incheon,90092,70.63,Bonded
3e069113-954e-453e-ae34-5584f7d636bb,New York Fulfilment Center 740,New York,New York,69750,96.79,Regional
a2f4d8e9-9150-4245-9a33-744c40e1a373,Yokohama Fulfilment Center 741,Yokohama,Yokohama,69925,76.04,Regional
7f42a842-6d50-4f59-a3c9-654061264d34,Hyderabad Regional Hub 742,Hyderabad,Telangana,82447,66.59,Distribution
d40c8dc7-2f2c-4c40-85c2-ad88cd410d86,Bremen Distribution Center 743,Bremen,Bremen,81437,66.4,Regional
018d5907-f1b7-4ddf-9446-0abbad87a59e,Frankfurt Regional Hub 744,Frankfurt,Frankfurt,49680,73.01,Distribution
fbc52e60-8f4d-49a3-bf42-2599eb74a502,Bremen Regional Hub 745,Bremen,Bremen,54279,60.65,Distribution
a443bdf0-3267-4679-b3e2-fcd248f5cb1b,Felixstowe Distribution Center 746,Felixstowe,Felixstowe,117956,71.46,Distribution
7e403e56-831c-452e-923f-73e2cfdd4852,Busan Bonded Warehouse 747,Busan,Busan,44089,64.09,Bonded
91149aa2-8d86-4a8a-ab48-c14c9f35b6db,Houston Regional Hub 748,Houston,Houston,99594,62.86,Regional
2591fe46-f2a3-4917-85ec-2222062aeb5d,London Fulfilment Center 749,London,London,60815,62.71,Regional
5a7ab4b0-0475-4fcc-a50f-2d30fd896f9c,Osaka Bonded Warehouse 750,Osaka,Osaka,91963,51.45,Regional
33cab004-f801-4a57-8c4d-e9aabe954765,Singapore Fulfilment Center 751,Singapore,Singapore,43442,64.93,Distribution
6aaca45c-7b20-411d-a472-628721801e2a,London Distribution Center 752,London,London,38773,49.92,Distribution
61e21a14-bdc5-4d49-9736-6fbf4fedc3f7,London Bonded Warehouse 753,London,London,91916,83.5,Distribution
3f689f06-cc58-4e35-9a01-9b84108ea7a2,Dubai Bonded Warehouse 754,Dubai,Dubai,78910,58.13,Bonded
a94de7b0-14a1-4941-8c46-af3b80af1a11,Singapore Bonded Warehouse 755,Singapore,Singapore,7054,85.31,Distribution
09edfcb0-d986-40d5-9946-385fa66b3f7b,Los Angeles Bonded Warehouse 756,Los Angeles,Los Angeles,52115,56.36,Bonded
32a0054e-6668-4151-beca-7ca336cf7df3,Bremen Bonded Warehouse 757,Bremen,Bremen,47459,96.01,Distribution
461dd77b-cf10-42eb-9219-e1c3265939f9,Los Angeles Distribution Center 758,Los Angeles,Los Angeles,108657,71.52,Distribution
8fa7862f-c2dd-46f0-9011-3712c0b29417,Osaka Regional Hub 759,Osaka,Osaka,49684,82.02,Distribution
29e14888-88c0-4f93-8a1f-c69884ff979c,Osaka Distribution Center 760,Osaka,Osaka,30573,56.19,Distribution
7ea4a9b8-4b89-4155-91a5-8c4a8dc192c2,Singapore Bonded Warehouse 761,Singapore,Singapore,37454,49.34,Regional
c6b09efb-b8d0-41ec-ab13-3e65f990525e,Houston Bonded Warehouse 762,Houston,Houston,71713,70.57,Regional
5cb3279b-3932-4d45-bbaf-058399a37a74,Houston Regional Hub 763,Houston,Houston,117218,77.63,Bonded
2c50051f-2f9a-4e75-8267-04f9159ce762,Singapore Regional Hub 764,Singapore,Singapore,89615,81.53,Regional
5ceede15-4f11-41ad-b57d-51284f3e5884,Manchester Regional Hub 765,Manchester,Manchester,62975,50.31,Distribution
12e50772-716c-4de9-ada9-57eced49b717,Abu Dhabi Distribution Center 766,Abu Dhabi,Abu Dhabi,35389,73.1,Regional
b5e8a299-c711-4aa1-b05d-39b0d6feff0b,Dubai Regional Hub 767,Dubai,Dubai,32652,84.25,Distribution
55b4a6be-4cdd-4ca6-9187-cbbc6b05fea3,Hamburg Distribution Center 768,Hamburg,Hamburg,37032,58.99,Distribution
895552c1-7e91-436b-ae91-b9ba110f4253,Hyderabad Distribution Center 769,Hyderabad,Tamil Nadu,56224,91.27,Distribution
9f805168-7a1c-4fbd-9831-b12d9f0a073d,Felixstowe Distribution Center 770,Felixstowe,Felixstowe,106777,73.2,Regional
5ac65a77-d7db-4132-b0d5-ed48803144ad,Amsterdam Fulfilment Center 771,Amsterdam,Amsterdam,86723,70.07,Bonded
75d18696-293a-47b2-813c-c39e822aad78,Osaka Regional Hub 772,Osaka,Osaka,62075,68.93,Distribution
1daa8f9f-ab35-46eb-8fd4-da6444560069,Busan Fulfilment Center 773,Busan,Busan,68321,71.0,Distribution
009d07fd-1438-45f1-87d2-194b2bbb71af,Incheon Bonded Warehouse 774,Incheon,Incheon,92925,69.9,Distribution
ccee806d-b823-40fe-ac54-3130890ed45d,Yokohama Fulfilment Center 775,Yokohama,Yokohama,28309,44.15,Distribution
4f68b8fb-c36e-4442-9733-67c09a01b468,Rotterdam Fulfilment Center 776,Rotterdam,Rotterdam,15764,59.46,Distribution
70b9e472-587e-459f-95e7-04ccfce2202f,Sharjah Regional Hub 777,Sharjah,Sharjah,56274,80.36,Bonded
52732d48-d362-4b30-accb-a2d0f83fa2ae,Amsterdam Regional Hub 778,Amsterdam,Amsterdam,48316,73.25,Distribution
8cf9bf95-3ce3-4e09-8d06-3c9f2eccc07c,Felixstowe Regional Hub 779,Felixstowe,Felixstowe,21624,70.52,Distribution
e0befc2a-6af4-4e00-afc9-dccf54dbb5cc,Felixstowe Regional Hub 780,Felixstowe,Felixstowe,82432,66.46,Regional
c386375d-6f4a-44e3-8a2e-c291c648bdce,Singapore Bonded Warehouse 781,Singapore,Singapore,105423,73.78,Distribution
cab00995-60e5-42d8-8cce-e8831a115c2c,Rotterdam Regional Hub 782,Rotterdam,Rotterdam,57357,70.12,Distribution
e57844b0-430f-43c0-b519-f1e5bed07c3c,Abu Dhabi Fulfilment Center 783,Abu Dhabi,Abu Dhabi,50755,63.17,Distribution
4ecd8fe6-01f1-4107-8b0d-e56b4730c175,Osaka Bonded Warehouse 784,Osaka,Osaka,85643,79.12,Regional
2a664193-41b7-48ae-8a78-f80e155f996b,Felixstowe Distribution Center 785,Felixstowe,Felixstowe,78481,56.4,Distribution
36c6f9d1-ac91-4dfc-81dd-aee7f0f71752,New York Bonded Warehouse 786,New York,New York,35854,77.01,Regional
12a2d8c3-377d-4794-9820-420671716c2f,Osaka Regional Hub 787,Osaka,Osaka,40252,74.37,Distribution
2c135f5c-ab4b-4fe3-8c5b-1beb52073821,Amsterdam Distribution Center 788,Amsterdam,Amsterdam,87591,73.79,Distribution
9576ec9c-3cf4-4f0c-948f-232bb39eab69,Manchester Distribution Center 789,Manchester,Manchester,111225,59.69,Distribution
fbbc81ad-98ca-456b-8fda-a30dde11b6be,Ningbo Distribution Center 790,Ningbo,Ningbo,25045,63.63,Distribution
7943fa03-cd04-4590-bcb7-d3adbbc561e3,Tokyo Fulfilment Center 791,Tokyo,Tokyo,93091,67.53,Bonded
41f69d20-e8dc-4575-bf36-5bdaf46bbace,Guangzhou Fulfilment Center 792,Guangzhou,Guangzhou,10879,68.4,Distribution
5bdb5308-fd2e-47ae-bcf3-c0a51c20d96b,Singapore Distribution Center 793,Singapore,Singapore,21424,70.85,Bonded
91168284-a67c-4ee6-b773-a38d10693702,Rotterdam Regional Hub 794,Rotterdam,Rotterdam,77831,72.95,Distribution
dcf90b93-4ef4-4a8f-9e68-3de5f904c8dc,Houston Bonded Warehouse 795,Houston,Houston,61686,66.69,Distribution
138a2768-696e-422a-a3f2-b68b90d6a4e6,Manchester Distribution Center 796,Manchester,Manchester,111256,66.23,Bonded
a38abbbe-69ec-425c-abbc-b83d03c11396,Los Angeles Bonded Warehouse 797,Los Angeles,Los Angeles,6816,60.93,Bonded
db2d87fc-2cf6-4edf-a111-b9636d3a646e,Seoul Distribution Center 798,Seoul,Seoul,106854,64.7,Regional
306098d2-5da2-4e99-afff-8a35d03b92e2,Dubai Bonded Warehouse 799,Dubai,Dubai,17222,88.81,Distribution
0f3cb5fb-14dc-4f12-aad3-537a6a369bf9,Shenzhen Bonded Warehouse 800,Shenzhen,Shenzhen,106779,87.73,Distribution
ae24362a-7115-434c-8944-eefc52326fe0,Rotterdam Regional Hub 801,Rotterdam,Rotterdam,105708,63.91,Regional
a7a4b5b1-224b-418d-be9d-11b6edb90776,Bengaluru Fulfilment Center 802,Bengaluru,Karnataka,26928,60.9,Bonded
18d0b305-6976-43ff-9593-8ce2045c52c7,Hamburg Bonded Warehouse 803,Hamburg,Hamburg,37216,69.36,Regional
4379bd83-f67d-4584-97f7-c43cf0eac595,Rotterdam Regional Hub 804,Rotterdam,Rotterdam,108031,55.83,Distribution
2248f072-7186-4cba-8499-3b766148a750,Yokohama Distribution Center 805,Yokohama,Yokohama,102985,66.35,Distribution
ce438b2f-74ae-4aaf-8ea2-770635608f6e,Dubai Regional Hub 806,Dubai,Dubai,95662,68.13,Distribution
8f5ec3dd-f6a1-4737-897a-935553a55743,Abu Dhabi Bonded Warehouse 807,Abu Dhabi,Abu Dhabi,21805,72.24,Distribution
af6f52da-04f7-4124-8f59-3902f14e2b63,Frankfurt Fulfilment Center 808,Frankfurt,Frankfurt,116635,56.42,Regional
28abb9ff-346d-41e5-961d-d742a7ea09e8,Bremen Fulfilment Center 809,Bremen,Bremen,99807,69.84,Distribution
1112faf7-095a-4187-b73b-4d13a22cd06a,Felixstowe Regional Hub 810,Felixstowe,Felixstowe,83873,82.52,Regional
1e3ef942-05e3-4d91-aa8b-cd64996c3141,Incheon Bonded Warehouse 811,Incheon,Incheon,113554,82.53,Bonded
9b6b2081-cf74-4a2c-bc56-238ad8397ada,Chennai Distribution Center 812,Chennai,Tamil Nadu,63958,64.26,Bonded
e778222f-943c-429c-beb6-d739275ebcb7,Abu Dhabi Distribution Center 813,Abu Dhabi,Abu Dhabi,78577,77.46,Bonded
47e63652-c754-40eb-9682-5e8df58e6505,Houston Regional Hub 814,Houston,Houston,16912,73.44,Distribution
29db6898-eef3-4001-acc5-515fc789df59,Guangzhou Distribution Center 815,Guangzhou,Guangzhou,45215,85.95,Distribution
e1b9af50-8edf-4aa3-b530-0c139c1a67ac,Manchester Bonded Warehouse 816,Manchester,Manchester,41892,80.92,Bonded
1b4f585c-d2ab-4757-8803-2e275dbf979b,Abu Dhabi Regional Hub 817,Abu Dhabi,Abu Dhabi,19653,82.33,Distribution
daad9a59-e933-45fb-b0aa-d8b9d6ab48c6,Bremen Fulfilment Center 818,Bremen,Bremen,98466,56.58,Regional
719d2a19-9893-4b50-9432-ce4115242bdb,Sharjah Bonded Warehouse 819,Sharjah,Sharjah,87855,57.33,Bonded
15efec3b-ef74-4f18-abcc-82ebfaa901f5,New York Bonded Warehouse 820,New York,New York,82982,80.55,Bonded
ead54d99-35cb-4699-a3d9-7e8c4965e126,Hamburg Distribution Center 821,Hamburg,Hamburg,57586,98.0,Regional
20b8435a-a586-45a0-b18b-a8d4a0195a71,Bengaluru Fulfilment Center 822,Bengaluru,Karnataka,21975,65.76,Distribution
e4e1fbb0-56fd-450a-a666-aae1fd787016,Manchester Distribution Center 823,Manchester,Manchester,54629,84.37,Regional
0ba22e60-79f0-40d7-b585-2fe8a179f87a,Busan Distribution Center 824,Busan,Busan,67086,80.73,Bonded
bffbde14-9541-431a-afcc-cf9ce3822be3,Seoul Regional Hub 825,Seoul,Seoul,68271,71.06,Distribution
1f89416d-7a30-429f-8d30-8acada635655,Seoul Distribution Center 826,Seoul,Seoul,38562,80.41,Distribution
28f5067b-1d58-4f84-a61b-bae2c9b3f4ba,Sharjah Bonded Warehouse 827,Sharjah,Sharjah,101044,86.09,Regional
267a8204-d6a4-4a60-b5fc-f5f48564999d,Rotterdam Distribution Center 828,Rotterdam,Rotterdam,69562,86.46,Distribution
aef3f014-a5c6-4643-99cf-2cf421dc99a5,Osaka Distribution Center 829,Osaka,Osaka,109242,70.04,Distribution
302f3bcd-5299-45ad-959d-6923e7940e75,Sharjah Fulfilment Center 830,Sharjah,Sharjah,34535,98.0,Distribution
38bebafa-cee7-476f-8862-48d2559665c6,Hamburg Bonded Warehouse 831,Hamburg,Hamburg,16825,66.91,Distribution
526b6aaa-624b-40cd-bf10-b7fd39716a98,Guangzhou Regional Hub 832,Guangzhou,Guangzhou,104631,75.72,Distribution
07f467e9-78f7-488b-a715-8ade8cca2c5b,London Distribution Center 833,London,London,48526,51.1,Regional
92d4b440-816f-4201-a9ec-b494a5947541,Los Angeles Fulfilment Center 834,Los Angeles,Los Angeles,5535,65.56,Distribution
a7f9dcea-0241-4e54-afe3-39c5de95e6f5,Incheon Distribution Center 835,Incheon,Incheon,100564,61.2,Distribution
41652b7c-d9d3-448f-80fe-6e79eccdc824,Hamburg Regional Hub 836,Hamburg,Hamburg,88133,74.85,Regional
0b8d3cf4-6959-43f3-ba57-ebdce3d3cec0,Incheon Bonded Warehouse 837,Incheon,Incheon,50500,48.85,Distribution
864cd3f6-6b43-47bf-bf52-79d8e249210b,Frankfurt Bonded Warehouse 838,Frankfurt,Frankfurt,19750,65.3,Bonded
92095cd9-d0ca-44f9-86c7-4d2f1345b8fd,Frankfurt Bonded Warehouse 839,Frankfurt,Frankfurt,31269,74.72,Distribution
32110af9-a5d6-4cfe-8421-d3a805217285,Singapore Fulfilment Center 840,Singapore,Singapore,37134,74.38,Regional
34b06c55-55ed-43da-9903-1565236a44fd,Incheon Bonded Warehouse 841,Incheon,Incheon,94924,75.75,Distribution
7baa6b0c-5cf1-48f2-b38f-0c5192be52d6,Singapore Fulfilment Center 842,Singapore,Singapore,83334,77.47,Bonded
e097f778-2128-4c41-b786-ecdbe3dc5b4d,London Regional Hub 843,London,London,76746,79.82,Distribution
a52e88bf-da7f-4ad7-a395-f7af6a8fc146,Shanghai Regional Hub 844,Shanghai,Shanghai,119878,52.01,Distribution
5c42ae52-f524-46df-9cbf-0d0f420f97f5,Bengaluru Regional Hub 845,Bengaluru,Karnataka,117820,57.88,Distribution
572e19e7-d1ef-40cc-a046-1716dcd98d6f,Tokyo Bonded Warehouse 846,Tokyo,Tokyo,47770,51.35,Distribution
f9fac7f3-06c4-4f75-b2b0-d994a6fd94ed,London Fulfilment Center 847,London,London,84738,70.1,Regional
9a90120e-1224-4d85-9c12-483943d26648,Guangzhou Regional Hub 848,Guangzhou,Guangzhou,82275,50.02,Distribution
6caf1bbd-e01b-45aa-bbe9-cb7c10ad7c1a,Sharjah Regional Hub 849,Sharjah,Sharjah,38199,77.18,Distribution
5f208ecd-94be-4d0e-a313-8fdae84dfabe,Felixstowe Distribution Center 850,Felixstowe,Felixstowe,84032,72.69,Bonded
0e65e980-3fb3-4a7a-a934-7779faaf0cab,Frankfurt Bonded Warehouse 851,Frankfurt,Frankfurt,91847,96.6,Distribution
d12fad36-ad08-4e7d-adb6-dca7d3fa280e,Chennai Fulfilment Center 852,Chennai,Tamil Nadu,84714,69.28,Distribution
ee447931-f470-45fb-8df5-ef1167dc7fda,New York Distribution Center 853,New York,New York,66224,66.4,Distribution
a5097249-c4ef-4360-b5ec-23a2fcc981ff,Felixstowe Distribution Center 854,Felixstowe,Felixstowe,41050,85.38,Distribution
f8fbc263-f62a-433a-a9ed-2be1301e1844,Hamburg Distribution Center 855,Hamburg,Hamburg,55122,80.45,Bonded
9feb2711-13e1-492e-ac31-e023fc96925d,Los Angeles Bonded Warehouse 856,Los Angeles,Los Angeles,15303,86.11,Regional
5471a6bd-83f4-479f-9bea-56ad99a2b193,Seoul Regional Hub 857,Seoul,Seoul,14228,55.08,Distribution
b0e83986-ec4d-49bf-8e82-fb09e5cc53ff,Frankfurt Regional Hub 858,Frankfurt,Frankfurt,86778,75.18,Distribution
5065eec7-31a9-47bc-bfe3-6ebfc6312ca3,Amsterdam Distribution Center 859,Amsterdam,Amsterdam,107930,68.15,Regional
34b984ca-7158-4c7a-9b1e-f645222a850d,Los Angeles Bonded Warehouse 860,Los Angeles,Los Angeles,119553,79.08,Distribution
2fd51b7e-c3c1-4698-b9b2-60610e400a88,Busan Fulfilment Center 861,Busan,Busan,44014,90.05,Distribution
8b09cbf1-58f6-4a1b-b16e-071688ca1f5c,Singapore Fulfilment Center 862,Singapore,Singapore,79268,81.3,Distribution
665e62c2-d3ce-4959-bd3d-47ef2aa71efd,Manchester Regional Hub 863,Manchester,Manchester,77543,85.25,Distribution
a3a99cf8-3569-43ec-b532-9bb605ed0fdf,Hamburg Regional Hub 864,Hamburg,Hamburg,27503,85.25,Distribution
3eb4c364-bcdc-4f66-8a7a-38e564f714f8,New York Fulfilment Center 865,New York,New York,56241,56.14,Distribution
eb0d23fc-5b25-484e-9421-ab76929daa69,Singapore Distribution Center 866,Singapore,Singapore,47755,88.39,Distribution
62ae5efc-6c5c-4836-8786-20ef7092b409,Guangzhou Regional Hub 867,Guangzhou,Guangzhou,48947,65.97,Distribution
210826bd-d246-47aa-a821-285238180129,Chicago Distribution Center 868,Chicago,Chicago,82663,72.15,Distribution
df52203a-69dc-4dd0-8d1a-79b325bedba1,Sharjah Regional Hub 869,Sharjah,Sharjah,98349,71.16,Bonded
05111447-efcc-4397-8611-32ea990525a2,Abu Dhabi Fulfilment Center 870,Abu Dhabi,Abu Dhabi,25000,74.73,Distribution
771f3542-63a5-42d2-a12c-81b16012ff7c,Singapore Fulfilment Center 871,Singapore,Singapore,42211,86.84,Distribution
bec3fb6a-88f6-41f8-bb2d-4c1365407a55,Manchester Bonded Warehouse 872,Manchester,Manchester,67446,76.64,Distribution
fc8f594e-e6f8-46e2-a614-dc44aa4398c2,London Bonded Warehouse 873,London,London,41796,79.53,Bonded
2fe10aab-a2b4-4409-9339-64cfce1f527b,Felixstowe Fulfilment Center 874,Felixstowe,Felixstowe,64322,73.72,Distribution
f66d498b-da5c-48ae-8d30-2560bdfe5114,Dubai Fulfilment Center 875,Dubai,Dubai,73721,85.33,Distribution
e4517281-628f-4e7a-8f84-27e1c3ffef35,Seoul Bonded Warehouse 876,Seoul,Seoul,94473,72.38,Regional
0e176b97-cdb8-4567-8e05-e19261bbe1e2,Sharjah Bonded Warehouse 877,Sharjah,Sharjah,114394,89.31,Distribution
11d1ceee-b723-4224-bbd8-02323de773fc,Singapore Bonded Warehouse 878,Singapore,Singapore,88934,67.72,Distribution
d7d3b817-9d37-44e8-8f28-b056b357a3e0,Singapore Distribution Center 879,Singapore,Singapore,107410,84.46,Distribution
4004b45e-a413-4752-9775-186df3e22e70,Bremen Fulfilment Center 880,Bremen,Bremen,88980,71.74,Distribution
8f75ffa0-490e-4361-9d34-56f3a04246d4,Abu Dhabi Regional Hub 881,Abu Dhabi,Abu Dhabi,85782,73.78,Distribution
70ff1116-db57-43bd-b422-9818af537f7c,Shenzhen Fulfilment Center 882,Shenzhen,Shenzhen,54773,79.56,Distribution
58fc77a1-ec74-4e7a-843f-50bbbd7888ce,Shanghai Bonded Warehouse 883,Shanghai,Shanghai,35391,97.19,Bonded
dac03c6f-faf4-4cdb-a6b4-a73463d37e6b,Dubai Bonded Warehouse 884,Dubai,Dubai,118559,72.96,Distribution
5100d847-9f8a-47c6-bab2-55dcbf732086,Sharjah Regional Hub 885,Sharjah,Sharjah,8961,89.72,Distribution
99ff2e57-2914-44bc-b23d-8abc539abe85,Bremen Bonded Warehouse 886,Bremen,Bremen,80872,54.16,Distribution
c4247706-b811-4c64-a50e-f9275f2d50e6,London Regional Hub 887,London,London,21165,73.04,Regional
f16d660d-59cf-4eb0-a184-42e1086408c2,Rotterdam Bonded Warehouse 888,Rotterdam,Rotterdam,44358,61.25,Distribution
82e9dfa2-d174-421e-bb2e-6bbb8cb7e3a7,Seoul Regional Hub 889,Seoul,Seoul,79800,83.46,Distribution
7ac6e568-9bbd-4428-b3b8-8941ca1b40d0,Osaka Regional Hub 890,Osaka,Osaka,77662,76.26,Regional
50f74a4d-3e6a-4fc4-ad64-46dc013a5972,Singapore Distribution Center 891,Singapore,Singapore,66176,90.27,Distribution
3fed46a6-cee4-4816-a71b-c78b6969605d,Dubai Regional Hub 892,Dubai,Dubai,12843,84.35,Distribution
4082a441-04e1-4cbd-b1bc-d23fd9e04b23,Seoul Bonded Warehouse 893,Seoul,Seoul,115054,69.3,Distribution
42b8d5da-2188-4b1c-b981-cf512bde98d7,Dubai Bonded Warehouse 894,Dubai,Dubai,71296,98.0,Regional
934107de-38af-4133-b18a-c5b808862be1,Tokyo Bonded Warehouse 895,Tokyo,Tokyo,101358,67.35,Distribution
44a4ec36-b88a-4c10-9958-eeff0d91b861,Frankfurt Fulfilment Center 896,Frankfurt,Frankfurt,80545,64.63,Distribution
419bd690-5263-4634-a722-458a6c6faf99,Chicago Regional Hub 897,Chicago,Chicago,100317,69.31,Distribution
46b88b9d-b8a2-467b-8cf6-27053a4268c5,Shenzhen Distribution Center 898,Shenzhen,Shenzhen,63688,76.09,Distribution
93b84c90-5ef2-4345-83b1-37e36a59e0aa,Singapore Distribution Center 899,Singapore,Singapore,8438,76.25,Bonded
4b2262ee-2e2b-4122-aa17-92ae2d1be5c3,Incheon Distribution Center 900,Incheon,Incheon,109140,64.16,Distribution
dd271ca8-17c2-4c6a-b475-5d77fc3076cd,Singapore Fulfilment Center 901,Singapore,Singapore,50992,68.46,Distribution
f4603fb4-125d-4e3c-b9dd-9b6846c1942e,Hamburg Fulfilment Center 902,Hamburg,Hamburg,11068,56.23,Bonded
228ee2bf-236b-4c03-8069-c305f4ad49ba,Abu Dhabi Fulfilment Center 903,Abu Dhabi,Abu Dhabi,95499,56.27,Distribution
13c4052e-e8fa-41c3-86c0-6726c91105ce,Dubai Regional Hub 904,Dubai,Dubai,91639,73.7,Bonded
d9e3f1a0-5eb4-43c2-905c-f3ab7587d63b,Felixstowe Distribution Center 905,Felixstowe,Felixstowe,57690,62.8,Regional
78c2843a-d881-41f4-b85a-3eab249972d8,Sharjah Fulfilment Center 906,Sharjah,Sharjah,79263,69.66,Bonded
5d761ad8-421f-4ab2-8e23-9a5c45224e60,Hyderabad Bonded Warehouse 907,Hyderabad,Maharashtra,64158,66.78,Distribution
47ac9e9c-5f42-4689-a7a3-5f33d6f0c25d,Busan Distribution Center 908,Busan,Busan,109777,68.11,Bonded
ac1e6827-202b-40f8-9461-e99d9d7ac90f,Shenzhen Bonded Warehouse 909,Shenzhen,Shenzhen,12689,69.79,Distribution
499f4781-fd12-4ad9-a986-572d6d650a25,Bremen Regional Hub 910,Bremen,Bremen,59145,72.29,Distribution
41bd4a8a-e595-4d00-b330-eb087fb1ea86,Incheon Fulfilment Center 911,Incheon,Incheon,54932,87.02,Distribution
fd7db9c0-b6d6-4bc4-8dc7-952bc62e468e,Shanghai Fulfilment Center 912,Shanghai,Shanghai,8475,82.8,Regional
bc5fc4af-ef64-4a6a-bd8d-2295da3f54f9,Tokyo Fulfilment Center 913,Tokyo,Tokyo,37163,86.93,Distribution
05111f7e-fc6a-46b2-9dfc-0e6813672f1f,Bremen Distribution Center 914,Bremen,Bremen,38865,87.77,Regional
e4fd304d-3857-4001-92d8-0f92e32a318b,Sharjah Regional Hub 915,Sharjah,Sharjah,106777,62.61,Distribution
db76cb63-8d6c-4a14-86bc-066b8f48ad53,Rotterdam Bonded Warehouse 916,Rotterdam,Rotterdam,51048,76.21,Distribution
7a5feb87-cc64-48b5-8b8a-ac1eddc1f27e,Hamburg Bonded Warehouse 917,Hamburg,Hamburg,46927,46.79,Regional
24934a5e-e0b0-443b-8954-a5277ff21ccc,Yokohama Distribution Center 918,Yokohama,Yokohama,44314,48.82,Regional
f0145301-bb48-4e4c-a20c-b6d6d284f1a5,Delhi Distribution Center 919,Delhi,Karnataka,90092,73.79,Bonded
9588e509-ad3d-4195-90b7-2ca9c0dbcb6b,Singapore Fulfilment Center 920,Singapore,Singapore,51419,44.41,Distribution
8060f1ec-f3fb-409d-8b9f-8fe46f00f7e0,Rotterdam Regional Hub 921,Rotterdam,Rotterdam,66993,68.61,Distribution
4e830ab2-efdd-48ce-a738-5e180a289563,Guangzhou Fulfilment Center 922,Guangzhou,Guangzhou,66042,82.35,Regional
7575d894-7cb1-4fa4-a636-50850fb5ce38,Frankfurt Fulfilment Center 923,Frankfurt,Frankfurt,78928,57.29,Distribution
86875eff-2715-4b8a-b20f-4728846d3922,Shanghai Bonded Warehouse 924,Shanghai,Shanghai,101039,80.84,Regional
c7f9dbb8-4e56-4664-8575-ea7509e4e222,Abu Dhabi Distribution Center 925,Abu Dhabi,Abu Dhabi,74825,76.67,Regional
eac68e17-a6d9-4bee-90bd-9db18343dc25,Singapore Regional Hub 926,Singapore,Singapore,58974,62.67,Bonded
b73d8222-13e8-46f6-9753-190da6d9f7e0,Rotterdam Regional Hub 927,Rotterdam,Rotterdam,6151,84.7,Distribution
75de258a-b53d-4c44-9215-70efd4e8300a,Frankfurt Bonded Warehouse 928,Frankfurt,Frankfurt,84861,65.61,Bonded
3bfcdda7-f1a1-41a1-ae4e-72bd1c8edc05,Bremen Regional Hub 929,Bremen,Bremen,82177,92.31,Regional
a57d3115-895a-48b5-89e5-c08a9e15bee4,Busan Distribution Center 930,Busan,Busan,5292,89.57,Distribution
3f970c37-5534-478c-a98a-421de60c8b9b,Houston Regional Hub 931,Houston,Houston,96069,78.72,Distribution
27a95f1f-67ba-4fca-9a61-51f220aee304,Ningbo Distribution Center 932,Ningbo,Ningbo,10472,77.56,Distribution
8421a4c9-cbd5-4286-b0c3-03187b50b3f1,Manchester Distribution Center 933,Manchester,Manchester,111090,62.2,Regional
0c611c9b-b0b9-44d0-8479-84638029e887,London Regional Hub 934,London,London,110542,71.82,Bonded
3aac2a50-c368-4006-96e9-c5bb5890d72e,Singapore Distribution Center 935,Singapore,Singapore,24423,74.77,Distribution
ea498ae9-1954-42d6-88c7-0839324e324e,Felixstowe Distribution Center 936,Felixstowe,Felixstowe,100093,79.72,Regional
6ebaec82-d53c-41ca-92fa-5e56fa2078ab,Sharjah Bonded Warehouse 937,Sharjah,Sharjah,94135,81.62,Distribution
f3c0673f-4fe0-4624-8724-0138a3026db8,Osaka Bonded Warehouse 938,Osaka,Osaka,51997,82.16,Distribution
fbd4fe29-0275-4f1e-ba11-4a9c397d8fb7,Busan Bonded Warehouse 939,Busan,Busan,54393,70.21,Distribution
782bd1a9-e188-48d7-b87e-46639c97534b,Incheon Regional Hub 940,Incheon,Incheon,87430,78.71,Distribution
c1ffb170-1a8f-453c-ae62-be2bc433c556,New York Fulfilment Center 941,New York,New York,25691,84.15,Distribution
f5d48f66-f05c-4470-b92f-1173dc0898c9,Rotterdam Fulfilment Center 942,Rotterdam,Rotterdam,111176,71.59,Distribution
9573a3a0-e65e-407c-b7f3-ac70ba30970d,Singapore Distribution Center 943,Singapore,Singapore,16408,67.22,Distribution
352e555d-bef7-4c21-a91d-8706fda5fab9,Dubai Regional Hub 944,Dubai,Dubai,87619,65.16,Bonded
02ea0af9-a16e-47bc-a296-e668df79416d,Delhi Regional Hub 945,Delhi,Karnataka,96442,61.75,Regional
4b81c237-881b-4bd7-a26d-04fcbf4afb3a,Houston Fulfilment Center 946,Houston,Houston,92763,75.25,Distribution
cda57cda-0e86-4a14-84a5-dc799fa1586e,Singapore Bonded Warehouse 947,Singapore,Singapore,57581,69.85,Distribution
e74cd16c-0ee9-42eb-a41e-a8721b6bc2d2,Singapore Regional Hub 948,Singapore,Singapore,22915,63.21,Distribution
ee8b8479-ac3f-4dde-8792-9234ddf76fa9,Singapore Fulfilment Center 949,Singapore,Singapore,51513,84.11,Regional
ead6432b-b4b0-4891-983e-40e49d8cd4f4,Busan Fulfilment Center 950,Busan,Busan,42295,82.87,Regional
fcb1801f-b3ca-4d77-ab2f-6c25d63a6322,Amsterdam Distribution Center 951,Amsterdam,Amsterdam,110848,61.67,Regional
4b85fdde-f9e0-4502-8826-206a55f01db4,Shanghai Bonded Warehouse 952,Shanghai,Shanghai,53267,70.69,Bonded
801da2d9-44de-440b-bfea-4f94923ee75b,Rotterdam Bonded Warehouse 953,Rotterdam,Rotterdam,11830,64.28,Distribution
a22f9b5d-141e-4b64-9f71-4fa2d6162432,Frankfurt Regional Hub 954,Frankfurt,Frankfurt,30436,62.54,Bonded
762d7b2e-eb6a-49c8-8587-741074814cd3,Bengaluru Regional Hub 955,Bengaluru,Gujarat,51008,82.99,Regional
9ea16d04-bd49-4da9-9fbb-1be26d57a46c,Chicago Regional Hub 956,Chicago,Chicago,10648,59.08,Distribution
8c28aa0c-31e1-4ff8-953f-a1e9d43d8454,Ahmedabad Bonded Warehouse 957,Ahmedabad,West Bengal,49316,65.74,Distribution
8b4693fb-d8f9-49e3-9e3d-27eb003cd6f6,Kolkata Bonded Warehouse 958,Kolkata,Tamil Nadu,45852,83.5,Distribution
1c1e24b0-23d3-44e4-9a53-b92924f2e6c5,Dubai Regional Hub 959,Dubai,Dubai,102465,59.87,Regional
b4c92b38-a298-47a2-8bde-6d57a7143d75,Mumbai Fulfilment Center 960,Mumbai,Telangana,86614,57.88,Regional
a6b1ed6e-179f-46d5-b10d-fa8e15409ce0,London Distribution Center 961,London,London,98075,77.55,Distribution
b93e8af5-1d2e-4bcc-a4bf-f9bf725e73e5,Sharjah Distribution Center 962,Sharjah,Sharjah,66760,68.32,Distribution
a8844cf0-bc2a-430e-b845-6544241c0a47,Yokohama Fulfilment Center 963,Yokohama,Yokohama,119709,48.21,Distribution
8f1c6880-f49f-449c-9e64-ccf366ec8776,Hamburg Bonded Warehouse 964,Hamburg,Hamburg,100032,60.82,Regional
caeffc1b-00b0-4f53-a8eb-cef3a4e78d9b,Hyderabad Distribution Center 965,Hyderabad,Delhi,93048,76.64,Distribution
f399e7cf-5012-462d-b9cb-20819b9c07a9,Bengaluru Bonded Warehouse 966,Bengaluru,Tamil Nadu,82251,79.75,Distribution
164d8406-1eef-42fb-9f02-de8bacead1e8,Yokohama Bonded Warehouse 967,Yokohama,Yokohama,112408,83.79,Distribution
57512417-0c65-4b17-aa80-df451c819c5f,Sharjah Fulfilment Center 968,Sharjah,Sharjah,34352,81.0,Distribution
f9bea15d-fadf-4092-a7ac-59d5b9f67790,Frankfurt Bonded Warehouse 969,Frankfurt,Frankfurt,102893,65.39,Bonded
d73f45b0-fa95-4f99-9426-829e544009d0,London Bonded Warehouse 970,London,London,110249,96.56,Regional
32b27a44-610d-40e4-82dc-280db867a240,Osaka Distribution Center 971,Osaka,Osaka,18343,72.99,Distribution
e594f8d0-46ee-45c1-8e51-030edcebb69f,Sharjah Distribution Center 972,Sharjah,Sharjah,21996,63.36,Distribution
8ffbcbf3-fb27-4930-9929-b4df0b92c743,Ahmedabad Regional Hub 973,Ahmedabad,Delhi,93147,74.27,Distribution
d3a1d4d5-76cb-4d1d-861d-414b826968d1,Busan Fulfilment Center 974,Busan,Busan,65704,70.55,Distribution
b12eb84b-92f0-4f61-a75d-6b6a68681a02,Guangzhou Distribution Center 975,Guangzhou,Guangzhou,20402,68.12,Bonded
d7397825-d1ce-43d5-8d0c-ce3e08cea17a,Guangzhou Bonded Warehouse 976,Guangzhou,Guangzhou,83598,69.07,Distribution
e633f798-a64b-4ed6-adb3-f630f5849647,Hamburg Distribution Center 977,Hamburg,Hamburg,95918,78.65,Distribution
a7b8e0a4-c467-4210-b244-a06d9330384d,Bengaluru Regional Hub 978,Bengaluru,West Bengal,102596,92.48,Regional
ee6e0cc6-b050-4cea-a5c6-2bdc1c1c1049,Abu Dhabi Fulfilment Center 979,Abu Dhabi,Abu Dhabi,35958,80.1,Distribution
ba11ae22-1264-45f1-94d8-5a1595d2d0d1,Singapore Bonded Warehouse 980,Singapore,Singapore,45958,79.29,Distribution
ba4c69bb-9327-45c2-ae83-c91b28d17407,Dubai Bonded Warehouse 981,Dubai,Dubai,14624,64.51,Regional
26393970-adb0-4baa-962e-302b2a3a663d,Tokyo Bonded Warehouse 982,Tokyo,Tokyo,114782,81.43,Distribution
9f554e73-9c6d-4f23-ab65-a15a5461cce9,Shenzhen Distribution Center 983,Shenzhen,Shenzhen,108484,84.5,Distribution
ba3d8f7e-08be-431b-9516-daf191925e2f,Felixstowe Regional Hub 984,Felixstowe,Felixstowe,117594,65.7,Bonded
3aefaf83-92fc-4762-959c-6464ccfb953d,Singapore Distribution Center 985,Singapore,Singapore,88591,64.88,Distribution
8866ef0c-3c46-4b32-95ff-619f488f7415,Tokyo Bonded Warehouse 986,Tokyo,Tokyo,99556,70.85,Distribution
0d226dfd-a814-426a-b8a6-2b357c1ad105,Frankfurt Regional Hub 987,Frankfurt,Frankfurt,31670,47.53,Bonded
ead09837-94d5-481c-8b1e-32b49441ee7a,Bremen Distribution Center 988,Bremen,Bremen,18100,61.17,Bonded
05e63bb7-6df2-4b58-a92b-906cdb82998b,Guangzhou Bonded Warehouse 989,Guangzhou,Guangzhou,20267,70.59,Distribution
3f5ab8d2-2489-4420-a842-06897036179d,Busan Distribution Center 990,Busan,Busan,102715,87.6,Distribution
83105a43-5c26-42fd-9ab3-0eed1ebdb700,Frankfurt Bonded Warehouse 991,Frankfurt,Frankfurt,112154,69.91,Distribution
39b66eb4-9037-4c88-8ef8-e93a34fa9b7d,Incheon Distribution Center 992,Incheon,Incheon,105799,71.38,Distribution
0c73ef9f-99bc-4338-bd8d-15cbc0c1866d,Felixstowe Fulfilment Center 993,Felixstowe,Felixstowe,5458,59.35,Regional
f014af27-6a86-45bd-85d9-5c69257caf37,Felixstowe Bonded Warehouse 994,Felixstowe,Felixstowe,40183,63.71,Regional
1b017613-f8cb-4151-9fcb-2a79e33f6fce,Felixstowe Bonded Warehouse 995,Felixstowe,Felixstowe,52030,55.51,Regional
ce851415-a8b6-4693-900e-18a176e0dc5d,Hamburg Fulfilment Center 996,Hamburg,Hamburg,112791,74.4,Distribution
db834555-608c-469f-ab12-4a6c644c3371,Sharjah Distribution Center 997,Sharjah,Sharjah,87766,78.92,Distribution
06dbf49f-4f32-4fbf-ab5a-05db4ea8a785,Felixstowe Distribution Center 998,Felixstowe,Felixstowe,28302,75.37,Distribution
4c7cdf36-1cf1-4c35-8019-902766c040af,Seoul Distribution Center 999,Seoul,Seoul,107407,98.0,Distribution
d822903f-cd35-4373-ac19-b1c3a1689d60,Felixstowe Distribution Center 1000,Felixstowe,Felixstowe,37223,72.28,Bonded
dbc50c10-ca22-4053-ae50-12d1cdc9e421,Abu Dhabi Regional Hub 1001,Abu Dhabi,Abu Dhabi,86225,76.97,Regional
710efdf9-4e6c-4dca-a2d6-e68bbd01008b,Kolkata Regional Hub 1002,Kolkata,Maharashtra,26774,81.39,Regional
6ebf786e-b0b0-4090-ab55-ef40ec4e006a,Osaka Distribution Center 1003,Osaka,Osaka,59748,82.5,Bonded
54b434d5-e192-4033-a349-dab3487aa6d5,London Fulfilment Center 1004,London,London,12074,63.87,Distribution
d08443c0-05d6-434c-88a1-97c815428dcb,Amsterdam Regional Hub 1005,Amsterdam,Amsterdam,30550,71.61,Regional
a552ee9f-8771-46d4-9593-9b0ce25d35f8,London Bonded Warehouse 1006,London,London,52365,76.85,Distribution
6d08391f-ba36-495e-859c-3e48ea46fae7,Felixstowe Regional Hub 1007,Felixstowe,Felixstowe,32526,71.37,Distribution
8277daba-129d-4682-aee2-127eec92610c,Shenzhen Fulfilment Center 1008,Shenzhen,Shenzhen,49310,63.45,Distribution
8db0cc01-2cb2-4d02-8e87-24e0e89744e5,Busan Fulfilment Center 1009,Busan,Busan,111897,81.09,Distribution
f45da561-c992-48cc-877c-ccb956943aaf,Los Angeles Distribution Center 1010,Los Angeles,Los Angeles,111975,62.42,Regional
14c9ea72-3f1b-4cf6-86d8-898405a11701,Shenzhen Fulfilment Center 1011,Shenzhen,Shenzhen,92132,94.2,Distribution
0ac02054-4506-4988-ad09-ac815958d0a6,Shanghai Fulfilment Center 1012,Shanghai,Shanghai,16758,83.34,Distribution
fe4e8dce-9492-4f77-b9aa-fbc557f850fb,Ningbo Regional Hub 1013,Ningbo,Ningbo,27446,88.35,Distribution
a26c2db6-3c4d-41e7-bea6-9646ec1c2cda,Singapore Distribution Center 1014,Singapore,Singapore,20960,65.95,Distribution
d25fcf64-0e99-4718-a92a-51916a07add4,Osaka Fulfilment Center 1015,Osaka,Osaka,66527,87.64,Regional
66e2cbd3-096c-4335-950b-38ab08a72dcb,Shenzhen Distribution Center 1016,Shenzhen,Shenzhen,89542,55.71,Distribution
1f725e81-73f7-4d66-a875-81790c01fccc,Frankfurt Bonded Warehouse 1017,Frankfurt,Frankfurt,20082,75.23,Regional
e2681381-a44c-426c-b2d4-bc852ee28e2f,Incheon Distribution Center 1018,Incheon,Incheon,29900,83.01,Bonded
64625686-9c50-4c7b-8595-5e85019e7f58,New York Bonded Warehouse 1019,New York,New York,58011,95.31,Regional
9b239de7-8fd4-4cc1-95a8-cf50145f53aa,Chicago Fulfilment Center 1020,Chicago,Chicago,106045,80.28,Distribution
4d39c110-4e6c-4c32-b30e-0acda24d9080,Hyderabad Regional Hub 1021,Hyderabad,Delhi,14511,85.86,Regional
41e66adb-44ef-40a3-b0af-abbef6cfad43,Singapore Regional Hub 1022,Singapore,Singapore,21378,56.04,Distribution
877d1292-084b-44d8-91d7-0ddf023f5bbf,Manchester Fulfilment Center 1023,Manchester,Manchester,36629,87.08,Bonded
7432ce63-901d-4638-8378-bbde920263d3,Shenzhen Bonded Warehouse 1024,Shenzhen,Shenzhen,39978,52.52,Regional
48c27508-246e-45c1-8362-dd587248614d,Rotterdam Regional Hub 1025,Rotterdam,Rotterdam,104355,80.75,Distribution
1bf592db-f26e-474b-8563-1e8b4ffc56b0,Chicago Regional Hub 1026,Chicago,Chicago,80361,59.16,Distribution
a593984d-c7d5-42de-919b-93a3e432af91,Seoul Fulfilment Center 1027,Seoul,Seoul,24745,49.23,Distribution
d7904b76-f456-420a-9b17-a0436cb29643,Singapore Fulfilment Center 1028,Singapore,Singapore,71043,53.98,Regional
96e964ec-8ce3-4d0f-8a1b-7e18d274b42d,Singapore Bonded Warehouse 1029,Singapore,Singapore,89615,67.85,Distribution
1db1702c-6e75-4597-922c-341e5edbb510,Guangzhou Distribution Center 1030,Guangzhou,Guangzhou,68997,75.62,Regional
4504425e-b04c-4dc6-904c-b9aadb36eef5,Sharjah Bonded Warehouse 1031,Sharjah,Sharjah,108269,71.85,Distribution
e5e70831-4d4d-4a9b-b798-9155b3a646e0,Frankfurt Bonded Warehouse 1032,Frankfurt,Frankfurt,23238,72.81,Distribution
77ef6de8-79d0-4a4f-b95e-487b2742bc8e,Abu Dhabi Fulfilment Center 1033,Abu Dhabi,Abu Dhabi,12767,86.68,Distribution
8708a81f-5f68-4dd0-9ba8-f377e2c8de7c,Yokohama Regional Hub 1034,Yokohama,Yokohama,44368,63.98,Distribution
9c12b447-6bf9-4350-8bbd-a2afed1a481f,New York Distribution Center 1035,New York,New York,54451,79.93,Distribution
96b215a0-c35d-4d2c-80eb-74f31557eb03,Guangzhou Bonded Warehouse 1036,Guangzhou,Guangzhou,8416,88.73,Distribution
cac44d52-1931-4602-994e-db47fa21cce3,Singapore Distribution Center 1037,Singapore,Singapore,89805,88.04,Distribution
d1b8ae6f-09f1-4e42-810d-32e55366d216,Chicago Fulfilment Center 1038,Chicago,Chicago,108059,59.95,Distribution
00cf7695-2c9e-4133-a822-414806143693,Sharjah Distribution Center 1039,Sharjah,Sharjah,35097,67.54,Regional
86ec9311-743a-4f9d-8bcb-44f907c256a4,Abu Dhabi Regional Hub 1040,Abu Dhabi,Abu Dhabi,97439,67.66,Bonded
6491c253-b9b1-4802-a84b-ae182156ccae,Amsterdam Distribution Center 1041,Amsterdam,Amsterdam,62892,62.08,Distribution
2f3e0a6e-8942-4da4-83c0-4fbf6a5a0036,New York Bonded Warehouse 1042,New York,New York,78369,64.4,Bonded
208d1255-4df1-4524-b3a3-baebee98939b,Felixstowe Distribution Center 1043,Felixstowe,Felixstowe,88847,83.6,Regional
0203c106-7ee7-4d57-ad18-b6daada6e2a9,Rotterdam Fulfilment Center 1044,Rotterdam,Rotterdam,56994,56.11,Distribution
cbac5ee6-ffcd-420c-879a-7bf93ce8d24f,London Bonded Warehouse 1045,London,London,81495,77.96,Distribution
0b8ff238-24f1-4c7d-b0ce-0c86aba97035,Chennai Distribution Center 1046,Chennai,Delhi,18962,68.64,Regional
ed9308de-e120-4adf-906d-eb1aec38ddba,Singapore Regional Hub 1047,Singapore,Singapore,34128,64.36,Distribution
4e72b52a-a24c-409e-8939-13c261a7d8b3,Hyderabad Fulfilment Center 1048,Hyderabad,West Bengal,98569,72.1,Bonded
7f09cad1-4995-43c7-bc33-4f813e6df653,Singapore Regional Hub 1049,Singapore,Singapore,35031,70.07,Regional
cf74b753-b985-4539-9521-66db49f64b51,Felixstowe Bonded Warehouse 1050,Felixstowe,Felixstowe,33122,76.03,Distribution
7e174de1-f7be-405d-ae6a-187571c4f169,London Bonded Warehouse 1051,London,London,66171,90.12,Distribution
0d9e2599-45e4-4719-a3af-b0bb590c420f,Singapore Distribution Center 1052,Singapore,Singapore,49661,57.63,Distribution
240652a4-149d-406a-ba48-0211255aa778,Ningbo Distribution Center 1053,Ningbo,Ningbo,36127,35.64,Distribution
53116e31-06cd-4223-ae92-ffa22a439dcc,Hyderabad Bonded Warehouse 1054,Hyderabad,Delhi,115020,67.66,Regional
bf5f3891-f20f-4262-b3c1-7e686aeff950,Seoul Distribution Center 1055,Seoul,Seoul,114531,84.02,Bonded
4b11cbd9-d439-4077-9f7b-568f708817c9,Amsterdam Distribution Center 1056,Amsterdam,Amsterdam,83734,93.54,Distribution
7c509e92-5791-43a8-95d6-c2eefb0e0977,Manchester Bonded Warehouse 1057,Manchester,Manchester,23267,60.38,Distribution
9867156f-a986-4c32-8ac3-44f9d7b00623,Singapore Regional Hub 1058,Singapore,Singapore,86412,61.67,Distribution
8672dc16-9759-4af6-8122-e9f682a3e36d,Dubai Bonded Warehouse 1059,Dubai,Dubai,38595,47.04,Distribution
dba0261c-8e37-4698-9a13-0f5930e4b4d6,Amsterdam Distribution Center 1060,Amsterdam,Amsterdam,10538,76.84,Regional
1516e62c-c023-4005-8995-abd93f37f8f2,Hamburg Bonded Warehouse 1061,Hamburg,Hamburg,111496,86.7,Regional
afab4bbe-e61b-48d3-98ab-d315dc83bf5b,Amsterdam Regional Hub 1062,Amsterdam,Amsterdam,111102,45.35,Distribution
84f1b1f4-be4a-4f6b-9e1c-fe9585daafae,Singapore Regional Hub 1063,Singapore,Singapore,114357,75.85,Distribution
c7afefa1-87c5-44f9-b418-57610b1ff279,Dubai Bonded Warehouse 1064,Dubai,Dubai,107576,98.0,Distribution
f8542f4b-a62b-4a61-9d36-0211024c6960,Guangzhou Distribution Center 1065,Guangzhou,Guangzhou,117772,71.09,Bonded
73c22e2d-1e9f-45dd-b6eb-d5842e3fcbe6,Seoul Distribution Center 1066,Seoul,Seoul,86765,81.7,Regional
488aa1ad-b5b4-4115-9e97-6b8ea07f6453,Shanghai Bonded Warehouse 1067,Shanghai,Shanghai,78428,79.21,Distribution
1112fe68-3aeb-4673-86ae-25c86e31cade,Dubai Distribution Center 1068,Dubai,Dubai,104963,86.24,Distribution
ca180d74-d43c-488c-9915-4e781c651025,Rotterdam Bonded Warehouse 1069,Rotterdam,Rotterdam,108614,69.45,Distribution
57b185d0-8c22-43f3-b893-dae29278b905,Manchester Distribution Center 1070,Manchester,Manchester,98344,66.93,Regional
78d7ad9f-4756-45ad-a01d-1f0d8423eeeb,Shanghai Regional Hub 1071,Shanghai,Shanghai,103149,61.39,Distribution
19671269-01bb-46a4-a133-9c78e932c414,Amsterdam Distribution Center 1072,Amsterdam,Amsterdam,97455,79.21,Regional
6b313bdc-9a12-444e-b0d3-f23ac79de87e,Mumbai Bonded Warehouse 1073,Mumbai,West Bengal,15255,72.51,Distribution
1e16cc49-621a-4f51-81fb-374936bd78e0,Mumbai Regional Hub 1074,Mumbai,Delhi,34252,73.64,Bonded
e6005925-9607-40dc-9458-b053b0dcaaa9,Felixstowe Distribution Center 1075,Felixstowe,Felixstowe,47884,76.87,Bonded
a284f383-aec8-45eb-ba1f-693b3a35f25d,Los Angeles Fulfilment Center 1076,Los Angeles,Los Angeles,86312,60.76,Bonded
c7f17490-6a69-4ea4-a9ac-f896c56fa566,Bremen Regional Hub 1077,Bremen,Bremen,108456,62.77,Regional
b84372dc-c27c-45b2-be29-699aafc7860c,Singapore Distribution Center 1078,Singapore,Singapore,102131,73.9,Distribution
ad3fd992-7943-4025-8b08-6b73f7ee8eb6,Tokyo Bonded Warehouse 1079,Tokyo,Tokyo,112909,72.88,Regional
a68a2fdd-dd02-46b9-935d-44b88926091e,Manchester Regional Hub 1080,Manchester,Manchester,42883,91.47,Regional
d94db671-ca20-4308-918b-7100d7b89961,Shenzhen Regional Hub 1081,Shenzhen,Shenzhen,19677,75.6,Regional
62942f51-d496-4355-b3e5-a4cdcde73930,Singapore Regional Hub 1082,Singapore,Singapore,113206,35.0,Regional
9922e2a5-ca56-448a-833b-87aee2e395a5,Seoul Distribution Center 1083,Seoul,Seoul,66746,73.32,Bonded
e8153ab4-877e-4380-b4f9-3ee52c433259,Rotterdam Bonded Warehouse 1084,Rotterdam,Rotterdam,53361,52.4,Regional
051389d1-86eb-4e7a-8b63-7fb15c0686a7,Rotterdam Distribution Center 1085,Rotterdam,Rotterdam,69923,95.61,Distribution
0a82a98c-1720-4af4-9453-4a231a9ceada,Ahmedabad Fulfilment Center 1086,Ahmedabad,Maharashtra,22663,96.03,Distribution
afd7f2f2-29a6-4b2f-85bb-20c7997c8d7a,Rotterdam Bonded Warehouse 1087,Rotterdam,Rotterdam,86207,75.5,Regional
5f290abb-f409-43c0-bca3-24c149e0a6d8,Ningbo Bonded Warehouse 1088,Ningbo,Ningbo,39121,83.41,Regional
d57b842c-016c-47e2-a69a-b9d1845f6c71,Singapore Regional Hub 1089,Singapore,Singapore,59636,53.59,Distribution
679f60a1-ffca-46e5-bb58-63be84411648,Chicago Regional Hub 1090,Chicago,Chicago,81971,72.1,Distribution
86dd513e-612e-47fa-97f1-137ad7c7ae04,Shanghai Regional Hub 1091,Shanghai,Shanghai,65917,70.58,Distribution
ccdf4ccc-9b91-439f-812f-3dd33447af9b,Seoul Distribution Center 1092,Seoul,Seoul,66123,97.23,Distribution
7ec41025-2606-4d7c-bdc1-d1b43aaa3f96,Rotterdam Fulfilment Center 1093,Rotterdam,Rotterdam,64344,69.75,Regional
40144d6b-5e84-4313-bf9b-bf60b8715406,Singapore Regional Hub 1094,Singapore,Singapore,39338,88.8,Bonded
dd4dd845-9f88-4e4a-8d7f-9806960d9f2f,Abu Dhabi Distribution Center 1095,Abu Dhabi,Abu Dhabi,112925,43.52,Bonded
a604b3f4-680e-44ce-a7b6-a8e845027212,Ahmedabad Bonded Warehouse 1096,Ahmedabad,Tamil Nadu,24058,86.95,Distribution
7f4b2dd4-c21d-4035-b8d8-a54757b4de32,Bremen Fulfilment Center 1097,Bremen,Bremen,111138,67.05,Distribution
a3ec89ee-fc45-4eac-a6e3-23d30b228e93,Amsterdam Bonded Warehouse 1098,Amsterdam,Amsterdam,5788,86.18,Distribution
2ca3f97c-c3f6-499d-8b50-b02bb334bc63,Guangzhou Distribution Center 1099,Guangzhou,Guangzhou,59532,67.62,Bonded
d4d69d43-979c-4651-bf7d-eeb6b651679f,Seoul Regional Hub 1100,Seoul,Seoul,85779,79.24,Regional
8e79a97c-9291-42f8-b798-1353f348227d,Frankfurt Regional Hub 1101,Frankfurt,Frankfurt,13587,64.95,Regional
236be750-4c33-4b7d-8500-2184ea4ded8c,Incheon Distribution Center 1102,Incheon,Incheon,33284,70.57,Distribution
38aeb91e-e34d-4385-9b16-351c2c631df7,Hamburg Bonded Warehouse 1103,Hamburg,Hamburg,102602,62.41,Distribution
32bc7569-9caf-4b7a-8db5-ed3fc6f5e961,Hamburg Bonded Warehouse 1104,Hamburg,Hamburg,83885,63.66,Distribution
ab06262e-26eb-4d33-b9cf-54cea44700ba,Bremen Bonded Warehouse 1105,Bremen,Bremen,69762,98.0,Distribution
4afe9aff-4a82-415f-a680-e68786f47a2e,Hamburg Bonded Warehouse 1106,Hamburg,Hamburg,7020,57.11,Regional
08f76d2d-ad9d-47bb-99a1-5ca30355c86f,Felixstowe Distribution Center 1107,Felixstowe,Felixstowe,104294,73.27,Distribution
d5af2180-e54b-4364-98c8-63f87c0fc603,Rotterdam Fulfilment Center 1108,Rotterdam,Rotterdam,69192,98.0,Distribution
2c68146d-fea0-48d4-a021-d4d152758468,Amsterdam Bonded Warehouse 1109,Amsterdam,Amsterdam,20984,49.76,Regional
6a893eab-9808-451d-9278-c4c02bb661a6,Ahmedabad Regional Hub 1110,Ahmedabad,Karnataka,109232,65.56,Regional
07859ada-9527-40a3-ba23-e9c9d4d641ea,London Distribution Center 1111,London,London,110064,48.86,Distribution
9488c51b-d5a4-4f45-b0af-61d2d43d83ac,Singapore Fulfilment Center 1112,Singapore,Singapore,26428,75.39,Distribution
ea50504c-29f6-4939-b570-86087d0e1f88,Felixstowe Regional Hub 1113,Felixstowe,Felixstowe,107448,86.57,Regional
8aad5e89-019f-4308-bc94-db41377663a2,Delhi Fulfilment Center 1114,Delhi,Maharashtra,48212,77.1,Bonded
8fccae82-cd4b-4ea7-b5e5-00099797214e,Busan Fulfilment Center 1115,Busan,Busan,89013,84.35,Distribution
ec9f54e1-8033-40a9-a5a6-1fc169cb1f96,Felixstowe Bonded Warehouse 1116,Felixstowe,Felixstowe,79765,43.35,Distribution
44173c01-1fc0-4ab2-ba67-eb3e74fc1093,Abu Dhabi Fulfilment Center 1117,Abu Dhabi,Abu Dhabi,104968,65.13,Distribution
6b672260-aa07-456f-928c-01db47ac396c,London Fulfilment Center 1118,London,London,72162,65.11,Distribution
067fdf3b-dcdd-4afe-80d4-a35aa5e2d39a,Yokohama Distribution Center 1119,Yokohama,Yokohama,84748,76.55,Regional
d746a1d9-15af-4c81-b32f-c68104bd774d,Houston Regional Hub 1120,Houston,Houston,51828,86.13,Distribution
e0f4f84e-d1a8-4122-a791-66a95a917c57,Shanghai Regional Hub 1121,Shanghai,Shanghai,93366,71.95,Distribution
29002004-0b8e-44d5-bc0e-65f90408ee0c,Frankfurt Fulfilment Center 1122,Frankfurt,Frankfurt,104348,77.59,Distribution
159611e8-a4c8-4840-a890-68de8234edf2,Osaka Fulfilment Center 1123,Osaka,Osaka,14374,96.54,Regional
d0278e27-9995-495c-af47-17c55f311ce0,Frankfurt Bonded Warehouse 1124,Frankfurt,Frankfurt,96529,48.29,Distribution
fec7ae2b-8df9-447e-8179-4227b9300fc4,Seoul Bonded Warehouse 1125,Seoul,Seoul,38102,76.86,Distribution
b1914f22-fac3-4d2b-9cb7-086b97f221c8,Dubai Fulfilment Center 1126,Dubai,Dubai,71886,75.14,Distribution
b3c0a717-3e62-4feb-ac43-e08707145e68,Amsterdam Fulfilment Center 1127,Amsterdam,Amsterdam,32206,71.74,Regional
73bb7d4a-d637-4ef7-a808-9ee72339a55f,Ahmedabad Regional Hub 1128,Ahmedabad,Tamil Nadu,119012,61.38,Distribution
b27b7ea1-5f42-4b8b-b319-d93bfdf1741d,Singapore Fulfilment Center 1129,Singapore,Singapore,98508,70.14,Bonded
05952acd-acc5-4686-b098-bccdc0890c7b,Hamburg Distribution Center 1130,Hamburg,Hamburg,8701,82.46,Regional
cb1288ea-5c2c-478d-94ce-dd24fcf01140,Seoul Bonded Warehouse 1131,Seoul,Seoul,17178,88.66,Distribution
0bf1c37a-6a8a-42e7-b049-778700d841b2,Ningbo Regional Hub 1132,Ningbo,Ningbo,109551,82.47,Regional
ee229ee0-35af-4d14-a8b8-f0cc1f184a5a,New York Fulfilment Center 1133,New York,New York,102870,71.38,Regional
10c04a24-717d-4097-872b-ecfd4940c0d3,Houston Fulfilment Center 1134,Houston,Houston,23119,70.42,Distribution
0d82680b-1d1b-45c1-a241-86473257b114,Singapore Regional Hub 1135,Singapore,Singapore,95305,81.17,Distribution
3467d005-d28d-499a-9045-3589ee95167c,Sharjah Regional Hub 1136,Sharjah,Sharjah,29452,58.31,Bonded
0991447d-30a3-48f1-904c-5a8dee6d7b0f,Manchester Distribution Center 1137,Manchester,Manchester,19932,70.03,Regional
45326592-0ee9-4990-9dd6-64ddbd7a025c,Busan Distribution Center 1138,Busan,Busan,60703,66.46,Bonded
ae5877c4-132e-4f2e-89b9-d1cbc15bd82d,Felixstowe Bonded Warehouse 1139,Felixstowe,Felixstowe,49655,74.92,Regional
e1c6e664-c122-4776-bcb2-ee19ca92916b,Frankfurt Fulfilment Center 1140,Frankfurt,Frankfurt,102496,84.3,Regional
6b980fbd-bea9-46e4-9b61-3402891cf801,Felixstowe Regional Hub 1141,Felixstowe,Felixstowe,25169,62.07,Distribution
fb40ab8b-acde-444b-9ba7-4b45405049f4,Hamburg Regional Hub 1142,Hamburg,Hamburg,110426,54.47,Distribution
3d61e71b-5b5f-49d2-9731-bf3701bc762f,Osaka Bonded Warehouse 1143,Osaka,Osaka,60826,67.46,Regional
cec9479a-3423-4f02-9ed1-e5d96c7e5312,Tokyo Distribution Center 1144,Tokyo,Tokyo,96880,78.79,Bonded
7d4e98b1-b980-446e-89ad-7b27dea1b8a6,Frankfurt Fulfilment Center 1145,Frankfurt,Frankfurt,63677,68.54,Distribution
cf76e5ec-daac-4190-b85d-5fbb57036b23,Yokohama Bonded Warehouse 1146,Yokohama,Yokohama,71920,79.02,Distribution
f4755768-ab37-4a45-9757-dbdb46cd352c,Busan Bonded Warehouse 1147,Busan,Busan,35268,84.71,Regional
4c8229d8-22b0-4e6f-8b0e-adcf324e6330,Rotterdam Distribution Center 1148,Rotterdam,Rotterdam,51521,70.45,Distribution
d4f3c624-7d54-435e-89ed-cd393201c921,Felixstowe Regional Hub 1149,Felixstowe,Felixstowe,113549,54.63,Distribution
7b7817ac-82c2-4405-a884-02c0e3c40d84,Singapore Distribution Center 1150,Singapore,Singapore,102476,70.22,Distribution
ffcf4204-5607-4a1a-a20f-1ce250f94b86,Bremen Bonded Warehouse 1151,Bremen,Bremen,41158,76.18,Regional
2cf1d09e-0834-4a69-a3fc-9e2947d5d417,Tokyo Bonded Warehouse 1152,Tokyo,Tokyo,79851,57.92,Distribution
aff252f2-9699-4a0c-806e-80b18ba1400d,Manchester Fulfilment Center 1153,Manchester,Manchester,98071,80.49,Bonded
de55e5dd-8013-40c8-9533-a39e509275d6,Seoul Fulfilment Center 1154,Seoul,Seoul,22266,86.89,Distribution
65233a8f-554e-4bda-babc-77347fd3c369,Amsterdam Regional Hub 1155,Amsterdam,Amsterdam,20362,76.49,Distribution
65f833b3-0ee0-4c1c-aa2e-0555d1965a48,Amsterdam Distribution Center 1156,Amsterdam,Amsterdam,55902,67.13,Distribution
7ce2b6e0-35d2-4cd5-8ad4-2743464d1a2b,Abu Dhabi Bonded Warehouse 1157,Abu Dhabi,Abu Dhabi,117102,55.73,Distribution
ecb7def7-a1cf-41d1-b1d7-4a61be369bb8,Los Angeles Regional Hub 1158,Los Angeles,Los Angeles,106510,75.69,Regional
1c55f1fb-69b4-4706-bdc5-1ad75de8ee0c,Frankfurt Bonded Warehouse 1159,Frankfurt,Frankfurt,90904,65.19,Distribution
c4e797c2-b26c-465e-a107-616e5033f33c,Manchester Regional Hub 1160,Manchester,Manchester,21545,56.88,Distribution
40c4c09e-de07-41a6-9b84-068c7f3641a5,Ningbo Fulfilment Center 1161,Ningbo,Ningbo,17727,68.28,Distribution
526df5bc-262d-487d-af19-435b6673c879,London Fulfilment Center 1162,London,London,51262,79.3,Distribution
e462f392-14d3-4354-9e7f-389f65708a74,Amsterdam Distribution Center 1163,Amsterdam,Amsterdam,26408,78.52,Regional
ad41eb93-fe8f-4efb-83ba-a66e0b62f2d5,Ningbo Regional Hub 1164,Ningbo,Ningbo,83795,70.42,Regional
af2920af-e722-4dd8-8c2f-7b678875f04d,Mumbai Fulfilment Center 1165,Mumbai,West Bengal,108642,65.07,Distribution
ad0c6da1-68f7-4d64-8fe4-e28278813111,Amsterdam Bonded Warehouse 1166,Amsterdam,Amsterdam,105927,82.49,Distribution
2b4bc6f0-4940-4772-9061-61b8047a4a07,Chennai Regional Hub 1167,Chennai,Karnataka,14521,68.4,Distribution
72f23ff7-4112-44c2-8de0-424e30251d81,New York Regional Hub 1168,New York,New York,111952,52.95,Regional
c3eb3e18-c218-4f19-aaa2-17f20274017f,Osaka Fulfilment Center 1169,Osaka,Osaka,5373,71.41,Distribution
43d5e1af-393b-4eb0-9630-0815cb513152,Seoul Regional Hub 1170,Seoul,Seoul,30837,63.19,Distribution
a104da05-c1a6-40e0-89bf-c41fb19cb597,Guangzhou Bonded Warehouse 1171,Guangzhou,Guangzhou,88501,64.68,Distribution
10cdcb24-6619-42c2-be56-f976baec0661,Ningbo Bonded Warehouse 1172,Ningbo,Ningbo,48071,50.66,Distribution
b78249cc-0a6e-4291-b319-f1f2361292f3,Osaka Distribution Center 1173,Osaka,Osaka,80987,71.53,Distribution
a3d12ea5-e6cb-437f-b8fe-226b259af198,Shanghai Fulfilment Center 1174,Shanghai,Shanghai,104186,70.62,Distribution
942b1f2c-0afa-4712-9b14-fb9838138e80,Singapore Fulfilment Center 1175,Singapore,Singapore,106509,83.24,Distribution
a353a748-8165-4aea-ba46-d7283b51cc96,Singapore Bonded Warehouse 1176,Singapore,Singapore,89334,74.98,Distribution
c562b0c9-35ba-4f32-8937-8e7a5e5df0b6,Kolkata Bonded Warehouse 1177,Kolkata,Delhi,39552,94.6,Distribution
6fd2f5d5-d0f3-4a04-8313-4e0ebf5ae207,Abu Dhabi Distribution Center 1178,Abu Dhabi,Abu Dhabi,115310,67.72,Regional
ff946372-5a23-4bcf-be3c-e2a0d8d4d7a3,Busan Distribution Center 1179,Busan,Busan,23224,59.84,Distribution
511e6a10-196c-4b4c-bc35-2230dab58095,Dubai Distribution Center 1180,Dubai,Dubai,38266,58.4,Distribution
3204f7a7-1fde-4991-a00f-ea6661783c38,Houston Bonded Warehouse 1181,Houston,Houston,103540,57.09,Distribution
da2418bf-816d-4ea8-8de8-c0fb9e617964,Seoul Fulfilment Center 1182,Seoul,Seoul,106957,94.88,Distribution
7fdd5f2b-022f-40be-9f1e-e471ce715dda,Seoul Distribution Center 1183,Seoul,Seoul,14515,56.18,Distribution
7c97e646-3b78-419e-8ef8-0c07ef670653,Sharjah Fulfilment Center 1184,Sharjah,Sharjah,36341,84.5,Regional
c42402ea-bdd4-418e-892f-30b36ba4c32a,Hyderabad Bonded Warehouse 1185,Hyderabad,Delhi,6447,68.52,Distribution
92547c04-1213-4e9d-b69c-cb8b71197e71,Seoul Bonded Warehouse 1186,Seoul,Seoul,56507,57.28,Bonded
c23e17b4-2aaf-40c7-b1a7-cade4dece4d0,Seoul Bonded Warehouse 1187,Seoul,Seoul,21358,56.15,Regional
569357d7-0a92-4db6-bb1e-c6fda371213c,Frankfurt Distribution Center 1188,Frankfurt,Frankfurt,114910,73.86,Bonded
a98af401-5b50-44ec-919a-b92a8c3cde5a,Ningbo Distribution Center 1189,Ningbo,Ningbo,12279,80.76,Bonded
75a572e1-3252-44ea-ad2d-3ff0259c3374,Shanghai Distribution Center 1190,Shanghai,Shanghai,34190,72.54,Distribution
de1d015a-e9d2-4734-8d63-74a0576bd6d5,Singapore Fulfilment Center 1191,Singapore,Singapore,100792,59.38,Regional
907832dd-a5d9-4185-b575-ecd1ee572e6a,Guangzhou Fulfilment Center 1192,Guangzhou,Guangzhou,94525,55.98,Bonded
738c2cc9-79e1-4957-9818-650917c99c9a,Felixstowe Bonded Warehouse 1193,Felixstowe,Felixstowe,11412,76.78,Distribution
6b85aa24-f51f-4f4a-907f-fdc702a09d15,Amsterdam Fulfilment Center 1194,Amsterdam,Amsterdam,11048,66.13,Distribution
3627255b-d2a3-49dd-a576-d93b711d965b,Sharjah Distribution Center 1195,Sharjah,Sharjah,10547,65.74,Bonded
9a039881-6c7b-45c2-baac-4f26521a7dd2,Rotterdam Regional Hub 1196,Rotterdam,Rotterdam,114903,66.03,Bonded
2392253a-6c68-40a4-a58e-f2566af592b0,Los Angeles Distribution Center 1197,Los Angeles,Los Angeles,51898,76.74,Regional
b488e298-bfb4-4997-8b2e-0801be540274,Manchester Regional Hub 1198,Manchester,Manchester,56371,70.57,Distribution
6e0db222-b1e0-40cd-a577-5fc372faf3cc,Amsterdam Bonded Warehouse 1199,Amsterdam,Amsterdam,75352,59.7,Distribution
517760c0-a2b4-4f4c-bb40-f6d0e95b50bb,Bengaluru Fulfilment Center 1200,Bengaluru,Karnataka,92477,82.92,Regional
835340df-f5be-4451-ad6a-e02ae1121095,Amsterdam Bonded Warehouse 1201,Amsterdam,Amsterdam,113881,66.66,Distribution
17d823dc-f7f5-450b-9609-259db2bb2669,Singapore Distribution Center 1202,Singapore,Singapore,80016,58.26,Bonded
1eae89cd-9199-44d6-968b-c80e120ed063,Bengaluru Bonded Warehouse 1203,Bengaluru,Delhi,40027,83.66,Regional
8b54fd32-dcf6-4982-9ef6-cf22f9e52bdd,Shenzhen Fulfilment Center 1204,Shenzhen,Shenzhen,52415,75.15,Distribution
6a0527b5-62ce-4fbd-a2c6-9bfc17e9322e,Abu Dhabi Regional Hub 1205,Abu Dhabi,Abu Dhabi,13322,75.01,Distribution
19186303-5c67-4b83-9803-84b1287dd96b,Felixstowe Bonded Warehouse 1206,Felixstowe,Felixstowe,32296,88.68,Regional
1297a00c-44be-4e40-84ed-12b241fbbb04,Dubai Distribution Center 1207,Dubai,Dubai,66143,57.89,Distribution
73fc131d-eed8-466b-ac24-5e52fa628e10,Amsterdam Regional Hub 1208,Amsterdam,Amsterdam,78684,86.6,Regional
0a942d1d-9def-4ffa-bd37-67934b71f921,Singapore Bonded Warehouse 1209,Singapore,Singapore,43331,73.59,Distribution
634f5868-b377-48c9-9104-b0c8aa17db2d,Frankfurt Regional Hub 1210,Frankfurt,Frankfurt,26244,73.52,Regional
dfae8272-8011-49b5-ad04-93cf36aca1ca,Tokyo Regional Hub 1211,Tokyo,Tokyo,102667,68.71,Distribution
834c71cf-26c2-4be2-8927-4543a2718d23,Bremen Fulfilment Center 1212,Bremen,Bremen,21241,96.5,Distribution
2e49d551-76fc-4c77-9fc2-328b2ecec691,Hamburg Fulfilment Center 1213,Hamburg,Hamburg,16254,90.77,Distribution
77cb99f2-bdcf-4942-ab4a-dc8301b473c4,Singapore Bonded Warehouse 1214,Singapore,Singapore,8050,59.27,Bonded
c88ec9ad-bacb-467e-9983-acd7ed123108,Frankfurt Fulfilment Center 1215,Frankfurt,Frankfurt,85494,88.42,Distribution
581ff070-d955-4648-8f76-601c4fec6184,Mumbai Distribution Center 1216,Mumbai,Karnataka,42566,80.94,Distribution
c919a41d-fd9f-4a80-8ff3-0bf9cb994dde,Amsterdam Bonded Warehouse 1217,Amsterdam,Amsterdam,98501,42.97,Bonded
5aa00824-1de1-4a6b-bb89-4607da58438e,Manchester Fulfilment Center 1218,Manchester,Manchester,32198,44.68,Bonded
c22b589c-4aee-458b-aeb7-8f45bc9382d7,Amsterdam Distribution Center 1219,Amsterdam,Amsterdam,41830,67.95,Distribution
abfb2dd9-6cab-4cd3-a5a4-a463fa4c2857,Hamburg Bonded Warehouse 1220,Hamburg,Hamburg,14527,62.93,Regional
70861c21-069d-4b59-8caf-0c5cd58d1766,Amsterdam Regional Hub 1221,Amsterdam,Amsterdam,54063,58.06,Bonded
60e9c6bb-424a-4920-a6fd-3fe4bcb5ca71,Sharjah Bonded Warehouse 1222,Sharjah,Sharjah,10495,77.49,Distribution
5110af5e-efe5-4118-b7f4-e09a0496be05,Shanghai Bonded Warehouse 1223,Shanghai,Shanghai,22594,84.56,Distribution
18330006-1296-4729-b39a-2f10c9385841,Ahmedabad Regional Hub 1224,Ahmedabad,Telangana,52315,72.75,Distribution
77c211f2-e08f-4c66-805d-ec1b4e0a978a,Rotterdam Bonded Warehouse 1225,Rotterdam,Rotterdam,116002,91.75,Bonded
6234bdf4-7fb4-4209-a495-a35c83705ec7,Sharjah Bonded Warehouse 1226,Sharjah,Sharjah,105636,61.01,Distribution
c9637894-6829-4088-8731-6aa30a5b0942,Bremen Distribution Center 1227,Bremen,Bremen,81793,63.07,Distribution
9172df74-6eef-4245-91e8-e64bcf4eb0da,Ningbo Regional Hub 1228,Ningbo,Ningbo,95898,72.01,Regional
3aeaf695-3d77-4744-9069-f4527938d372,Abu Dhabi Regional Hub 1229,Abu Dhabi,Abu Dhabi,70578,56.76,Distribution
ccf9e97b-5163-476e-a8a8-ed8acb4dec20,Manchester Fulfilment Center 1230,Manchester,Manchester,115076,72.46,Distribution
f3efbb25-d479-4bda-9644-1899c05e0d42,Frankfurt Bonded Warehouse 1231,Frankfurt,Frankfurt,111432,62.41,Regional
924b8212-6721-4987-aa4c-9e68891e5e4b,Dubai Bonded Warehouse 1232,Dubai,Dubai,15620,88.06,Regional
db52b5db-6518-4586-84a1-f1d169887e54,Houston Bonded Warehouse 1233,Houston,Houston,81193,85.36,Distribution
48d6d15a-acd2-45e4-9a5e-1c1abd8c3277,Osaka Bonded Warehouse 1234,Osaka,Osaka,16844,86.58,Distribution
3db0f503-79f4-4038-8fe6-48dcedf8e3e3,Singapore Regional Hub 1235,Singapore,Singapore,19804,69.15,Regional
4cad58c3-8f5e-4da7-b696-251478491f4c,Rotterdam Bonded Warehouse 1236,Rotterdam,Rotterdam,53975,57.47,Distribution
3cc97033-34e2-45e6-88ef-8b4483dfcb61,Los Angeles Bonded Warehouse 1237,Los Angeles,Los Angeles,16146,57.7,Regional
47ba2916-ece8-4bce-b5b6-e345ecc1f397,Osaka Distribution Center 1238,Osaka,Osaka,48040,65.06,Distribution
8b8d7ad9-7712-4b2b-8b4c-d7861a71aa73,New York Fulfilment Center 1239,New York,New York,71002,59.25,Regional
426a0861-3696-4810-8825-4723ff2b158e,Manchester Distribution Center 1240,Manchester,Manchester,83488,62.79,Distribution
850a1625-b645-41ca-a260-7c603cd286f0,Amsterdam Distribution Center 1241,Amsterdam,Amsterdam,61105,58.73,Bonded
4ced5c28-2b62-4b1e-8774-75d57703f1ee,Hamburg Fulfilment Center 1242,Hamburg,Hamburg,105667,87.86,Distribution
0f20f68b-0009-4803-9545-037d052d1b13,New York Regional Hub 1243,New York,New York,108182,92.04,Regional
bb49a531-a86e-4eba-a6aa-b4c2815f1e19,Osaka Distribution Center 1244,Osaka,Osaka,26272,75.17,Distribution
97db159f-5445-41d4-a3f3-5788b172fbd0,Tokyo Bonded Warehouse 1245,Tokyo,Tokyo,44675,92.98,Regional
ea6ebb71-f57a-4e0f-bd6c-09e668934545,Singapore Distribution Center 1246,Singapore,Singapore,32871,88.05,Distribution
6e74ffe6-07ae-4c8b-8843-6bb9cdac48a7,London Distribution Center 1247,London,London,92383,74.44,Bonded
0befb3ce-4da6-4e53-97b1-e82264e66aa2,Osaka Regional Hub 1248,Osaka,Osaka,108410,94.1,Regional
2ab1ea29-0376-42bc-82f2-c244f7f7561a,Rotterdam Distribution Center 1249,Rotterdam,Rotterdam,84999,35.0,Regional
1b0120c1-b874-4aae-9f6c-ff701215285e,Yokohama Regional Hub 1250,Yokohama,Yokohama,88523,53.01,Regional
be0e599b-339e-4373-8027-cdacf1e621b2,Houston Bonded Warehouse 1251,Houston,Houston,64806,49.53,Distribution
78228104-2d71-4a19-ba7d-2cabbe233902,Frankfurt Distribution Center 1252,Frankfurt,Frankfurt,106225,72.55,Bonded
d890d0fa-5415-4a64-b22e-5280904fb668,Sharjah Regional Hub 1253,Sharjah,Sharjah,50179,56.56,Distribution
8436f378-6544-493d-abb9-3d034833fff4,Rotterdam Distribution Center 1254,Rotterdam,Rotterdam,105674,65.79,Regional
3837f3bd-ead3-4d55-824b-cb4be09ff975,Frankfurt Distribution Center 1255,Frankfurt,Frankfurt,49302,72.64,Bonded
868c8b0a-e762-4cac-a1d4-208376ef2c03,Singapore Bonded Warehouse 1256,Singapore,Singapore,100025,74.01,Regional
6e1d5c01-fedb-49fe-ad52-37eeaace164b,Busan Distribution Center 1257,Busan,Busan,91724,56.96,Distribution
cebf553c-2297-42aa-b311-b82b797da67c,Singapore Distribution Center 1258,Singapore,Singapore,117586,56.34,Regional
a1fd9a81-c210-4c61-8a02-191db0a756fd,Frankfurt Regional Hub 1259,Frankfurt,Frankfurt,51575,98.0,Distribution
ad75a1cd-c27d-4eeb-9d25-0fea1ba360a5,Kolkata Distribution Center 1260,Kolkata,West Bengal,52767,85.83,Bonded
89d9d69a-aebc-4583-ab55-bff671397df3,Abu Dhabi Distribution Center 1261,Abu Dhabi,Abu Dhabi,14914,59.05,Regional
d11ae980-b67d-4cec-a60d-e221f571383e,Manchester Fulfilment Center 1262,Manchester,Manchester,30870,70.45,Regional
54e35b9e-643f-41aa-8c5a-40856ea0aa41,Ningbo Distribution Center 1263,Ningbo,Ningbo,72998,67.39,Regional
dd35a4bf-4de8-4e78-83d9-ae35b607a2df,London Fulfilment Center 1264,London,London,14107,62.54,Regional
a7df257d-c51c-445a-b44c-bd9d0602ed3d,Osaka Fulfilment Center 1265,Osaka,Osaka,5711,62.51,Distribution
60b8b116-1a54-49c4-867e-461a027f212b,Ahmedabad Distribution Center 1266,Ahmedabad,Tamil Nadu,16773,82.65,Distribution
7ce1dcd0-e3a4-46a4-adbc-73ce550671f0,Singapore Distribution Center 1267,Singapore,Singapore,86507,75.92,Bonded
3fbfa468-9eb8-49bc-b14c-6f0f529ee7bc,Shenzhen Regional Hub 1268,Shenzhen,Shenzhen,16222,66.85,Distribution
5233b1eb-4095-4253-a372-ec1bd92b215d,Houston Regional Hub 1269,Houston,Houston,75156,68.48,Regional
689f4a2a-1e63-47a8-9093-31e5b7f0775f,Ningbo Regional Hub 1270,Ningbo,Ningbo,104961,82.57,Bonded
96fadb25-82a0-4f38-ad40-f60713469649,Dubai Bonded Warehouse 1271,Dubai,Dubai,68204,86.15,Distribution
078bc4c4-dd75-492a-8025-e4660152e93d,Abu Dhabi Regional Hub 1272,Abu Dhabi,Abu Dhabi,43598,69.54,Regional
8bf2331f-c216-417b-93b0-6120e1c4f072,Hyderabad Regional Hub 1273,Hyderabad,Gujarat,12758,69.94,Distribution
ccf3f3bd-5ddd-49e9-8de2-d3349fa1ed39,Rotterdam Regional Hub 1274,Rotterdam,Rotterdam,82305,75.97,Distribution
d16993d5-841b-4e6f-b5f1-8dabdfd88e74,Amsterdam Fulfilment Center 1275,Amsterdam,Amsterdam,39786,63.52,Regional
3cd5ed6d-3d96-42a4-9d7d-889e95c21f20,Yokohama Bonded Warehouse 1276,Yokohama,Yokohama,97695,65.96,Regional
7e367e7d-7ba3-4c21-97cb-6a73d4e00348,Los Angeles Regional Hub 1277,Los Angeles,Los Angeles,47069,71.21,Regional
313e6d6f-6ac6-43b2-99fc-1cf35aa41054,Abu Dhabi Regional Hub 1278,Abu Dhabi,Abu Dhabi,43083,82.33,Distribution
fcfbbfcb-65d6-478e-81ed-3518a312e979,Amsterdam Fulfilment Center 1279,Amsterdam,Amsterdam,7434,77.64,Distribution
33f00b6f-75ea-40d3-92a6-f56417722d7c,Bengaluru Bonded Warehouse 1280,Bengaluru,West Bengal,61787,72.26,Regional
fafd67c9-ebd3-4348-ae0a-3f898d930d79,Frankfurt Distribution Center 1281,Frankfurt,Frankfurt,99944,56.93,Regional
071e6c5e-e4b2-4a80-8ada-bdf19fd66e3f,Frankfurt Bonded Warehouse 1282,Frankfurt,Frankfurt,113685,86.39,Bonded
7a1e1283-f88e-4379-ad6f-d29e1eb2d669,Felixstowe Bonded Warehouse 1283,Felixstowe,Felixstowe,43183,85.94,Distribution
d28ee026-11a3-46c4-8596-e631424d779c,Singapore Bonded Warehouse 1284,Singapore,Singapore,48338,59.58,Distribution
ff964dfb-f6bb-482c-be17-1273f44618eb,Manchester Regional Hub 1285,Manchester,Manchester,89910,57.42,Bonded
eb5a967e-039e-4db1-a4a7-b3e04c4c0fb8,Amsterdam Distribution Center 1286,Amsterdam,Amsterdam,117044,91.43,Regional
721076c9-98ad-4acc-a88b-e2231fcc3008,Seoul Fulfilment Center 1287,Seoul,Seoul,18818,70.69,Distribution
250b18ee-bada-469f-ad2c-8729604bcb3a,Houston Distribution Center 1288,Houston,Houston,45564,69.77,Regional
ac7ed868-312b-4b3c-926c-0e011f7b0f0a,Rotterdam Regional Hub 1289,Rotterdam,Rotterdam,77578,63.0,Bonded
5a2b8cbc-64db-47a0-a237-1dafd6f9a1e3,Singapore Bonded Warehouse 1290,Singapore,Singapore,106278,82.11,Regional
afd8b07f-fbdd-46fc-8c3c-f70dc9fdf6a8,Shenzhen Distribution Center 1291,Shenzhen,Shenzhen,91501,56.65,Regional
8b5750fd-f1b3-4213-b3f3-be5aaebfe0e7,Busan Regional Hub 1292,Busan,Busan,46933,69.16,Distribution
6f565caf-194c-4247-9551-8aff9579381d,New York Bonded Warehouse 1293,New York,New York,82179,52.56,Regional
3ad19da0-2512-48a5-82d4-db8bcc21df80,Kolkata Bonded Warehouse 1294,Kolkata,Delhi,30562,82.57,Regional
ce601c95-d5b8-4212-bc47-e7621d516188,Ningbo Fulfilment Center 1295,Ningbo,Ningbo,60086,61.28,Regional
7ad93e35-2361-47a3-860b-013adc92a2c6,Osaka Regional Hub 1296,Osaka,Osaka,13660,55.15,Distribution
ac69074f-89e1-48af-b304-a8d3709d317b,Bremen Bonded Warehouse 1297,Bremen,Bremen,109297,65.23,Distribution
a72f2e6a-05ae-46b4-b063-092f08f1dc4c,Bengaluru Fulfilment Center 1298,Bengaluru,Delhi,114416,69.84,Distribution
3de21647-5704-47e0-8f3a-7028cf5e09ac,Delhi Regional Hub 1299,Delhi,Telangana,19089,91.33,Regional
d509b10e-3614-40f9-896e-fdf8a82351c2,London Distribution Center 1300,London,London,84524,83.0,Distribution
ca89d922-89e0-4021-b4c9-e27b57ad45f7,Busan Regional Hub 1301,Busan,Busan,108870,77.14,Regional
6a6a93fa-20f7-42e2-a00a-0551af451f7a,Frankfurt Bonded Warehouse 1302,Frankfurt,Frankfurt,117298,68.23,Distribution
022cf42b-a4da-4267-8d15-e5f7dc80e0fc,Singapore Fulfilment Center 1303,Singapore,Singapore,37244,57.02,Distribution
9c80ab23-8d92-490d-b58c-cc84f3c4bf81,Bremen Regional Hub 1304,Bremen,Bremen,117505,77.37,Distribution
632ad1b3-ec44-4156-a3bb-0f0fba3f5f93,Shanghai Fulfilment Center 1305,Shanghai,Shanghai,43049,98.0,Regional
97391a79-1c88-4c2b-9e7c-14f5e09bf523,Amsterdam Distribution Center 1306,Amsterdam,Amsterdam,48032,65.42,Regional
7841ae21-68bc-43eb-9c25-1d65900f6f33,Shanghai Bonded Warehouse 1307,Shanghai,Shanghai,109726,73.17,Bonded
14c01156-4baa-490f-8479-4009fc5376a7,Bengaluru Fulfilment Center 1308,Bengaluru,Delhi,97094,81.33,Regional
ce4b8c96-7308-4d9a-9a4d-fff20a55b162,Felixstowe Fulfilment Center 1309,Felixstowe,Felixstowe,9517,80.0,Regional
e4d9a007-f7d6-428c-a610-24ffadd07b4e,Amsterdam Fulfilment Center 1310,Amsterdam,Amsterdam,6802,41.71,Distribution
0e76bb86-a58d-4c71-9003-740eb5a2f4f9,Manchester Regional Hub 1311,Manchester,Manchester,99544,44.97,Regional
b0dad308-1838-4304-b253-d68a8f93f9fa,Los Angeles Regional Hub 1312,Los Angeles,Los Angeles,25360,58.77,Regional
63f720a5-22ac-4148-ae2b-dda24d33c74f,Singapore Regional Hub 1313,Singapore,Singapore,100951,92.07,Bonded
a06ad7f4-1d1a-44da-a4af-8246a10f7f4d,Singapore Regional Hub 1314,Singapore,Singapore,58363,51.98,Distribution
52a4a6c6-1ee3-4168-b958-1f8bfc00dac5,Frankfurt Regional Hub 1315,Frankfurt,Frankfurt,36423,65.75,Distribution
63135401-7be2-4861-8016-4c0adff3b1bf,Frankfurt Distribution Center 1316,Frankfurt,Frankfurt,87588,85.01,Regional
885a4fee-baef-44cb-a87c-b3781f4771f9,Yokohama Distribution Center 1317,Yokohama,Yokohama,36319,63.06,Bonded
274b3c55-d37d-4a8c-b835-e8382ec30237,Ningbo Distribution Center 1318,Ningbo,Ningbo,63131,66.8,Bonded
79b14b1e-ab3a-4d89-af8e-7812f3568f3d,Busan Bonded Warehouse 1319,Busan,Busan,107557,76.92,Regional
92cc6f8e-c26e-4a60-9068-8a3bef5fa3a3,Incheon Distribution Center 1320,Incheon,Incheon,19305,83.18,Regional
300710f5-3aea-44a7-9d82-659fc1818a66,Seoul Regional Hub 1321,Seoul,Seoul,110209,67.27,Regional
67f25983-8a01-48cf-9d5f-5e2e9ab2ec7a,Hamburg Fulfilment Center 1322,Hamburg,Hamburg,93841,48.7,Regional
fe23d181-a01e-4254-960a-4bc8d8b8f8e0,Shenzhen Bonded Warehouse 1323,Shenzhen,Shenzhen,62972,85.45,Regional
36ef147d-8a4d-46e6-9f16-c3c33b50f91d,Incheon Regional Hub 1324,Incheon,Incheon,18955,75.54,Regional
3114c503-7fd4-42c3-b8aa-801d74152bbb,Sharjah Fulfilment Center 1325,Sharjah,Sharjah,71218,77.3,Distribution
637d9091-9bfd-4d30-b027-9fc80b72a742,Tokyo Fulfilment Center 1326,Tokyo,Tokyo,12845,85.86,Bonded
369defc1-8d26-425d-884d-127128c2288e,Amsterdam Fulfilment Center 1327,Amsterdam,Amsterdam,17991,81.34,Bonded
d43bc073-1ebc-44ce-be5a-931101aa150e,Rotterdam Regional Hub 1328,Rotterdam,Rotterdam,12774,63.9,Distribution
73dbe2a7-e0f7-49dc-bd43-2a79af7656a5,Ningbo Bonded Warehouse 1329,Ningbo,Ningbo,34699,91.19,Distribution
4a8402a9-645c-46a7-b435-924001164d3e,Osaka Bonded Warehouse 1330,Osaka,Osaka,106758,85.49,Distribution
04de09f6-5b9c-4c2f-8d0d-ecb06dd72c8e,Busan Bonded Warehouse 1331,Busan,Busan,60560,79.39,Distribution
3511d0ee-aadd-4e6e-a171-4c81ae4785ac,Yokohama Distribution Center 1332,Yokohama,Yokohama,97758,43.52,Bonded
6508e55a-50fa-4563-9449-9f1bcf86cdcb,Ningbo Bonded Warehouse 1333,Ningbo,Ningbo,118116,66.18,Distribution
59ed2470-f081-4181-a5fd-47109115aaac,Seoul Regional Hub 1334,Seoul,Seoul,60784,75.22,Distribution
d15e979d-4bf3-4c2c-ad11-3f1cbbd32681,Bremen Regional Hub 1335,Bremen,Bremen,49673,88.15,Distribution
8936a349-4b36-4e56-a14f-fb81079b97e3,Singapore Bonded Warehouse 1336,Singapore,Singapore,111280,79.09,Distribution
e05e29a8-00c5-43b2-80f7-4e688b84c524,Guangzhou Regional Hub 1337,Guangzhou,Guangzhou,68200,61.19,Bonded
2d694bbd-3dd4-4a46-b99a-b2e395b3a12d,Sharjah Fulfilment Center 1338,Sharjah,Sharjah,42372,65.52,Distribution
89a2f13a-d445-4163-b78a-2b4bbbc91233,Abu Dhabi Regional Hub 1339,Abu Dhabi,Abu Dhabi,21268,74.33,Regional
1839c049-ccfc-41bd-bd6d-08f5dcce9fc4,Singapore Fulfilment Center 1340,Singapore,Singapore,57022,60.13,Distribution
6d88309a-b422-4dc3-897e-5e54733dd24c,London Fulfilment Center 1341,London,London,58867,77.46,Bonded
7d781f02-2973-419a-b8d2-3ed3656ee461,Singapore Distribution Center 1342,Singapore,Singapore,12909,74.29,Regional
cf3696b4-017c-42ad-8e7b-6c3024adbc6a,Amsterdam Fulfilment Center 1343,Amsterdam,Amsterdam,99643,84.15,Distribution
049df1a1-6a5e-443f-bf5a-774dcadaa03d,Incheon Regional Hub 1344,Incheon,Incheon,93563,47.61,Distribution
c5f298f0-d5aa-46eb-a799-cd29d4367c56,Rotterdam Fulfilment Center 1345,Rotterdam,Rotterdam,37475,58.45,Distribution
898af58a-38e5-472c-8467-0d5d5597957b,Guangzhou Bonded Warehouse 1346,Guangzhou,Guangzhou,29420,84.35,Distribution
28797644-83a7-47b3-8160-bb56d1ef672b,Incheon Distribution Center 1347,Incheon,Incheon,88024,79.11,Distribution
36535197-fec4-462d-b736-0666ecbad003,Houston Regional Hub 1348,Houston,Houston,55745,64.8,Bonded
1d388397-8ae0-432d-bdd2-a146b6d540c1,Yokohama Distribution Center 1349,Yokohama,Yokohama,27389,69.68,Bonded
1b8ff603-ac59-4986-9c2e-cdab68e793fc,Bengaluru Fulfilment Center 1350,Bengaluru,West Bengal,113317,84.77,Distribution
3f7dd5be-7b51-4065-9226-91f35d09364c,Shenzhen Distribution Center 1351,Shenzhen,Shenzhen,11502,59.52,Distribution
3e154f68-ad3c-40b9-8d50-1937097a36c4,Guangzhou Regional Hub 1352,Guangzhou,Guangzhou,69112,71.54,Regional
60473548-60c2-4220-b6fa-021e170b3602,Shenzhen Distribution Center 1353,Shenzhen,Shenzhen,59232,51.0,Regional
a2618579-a827-4878-bbb6-8be2fdc305a9,Chennai Fulfilment Center 1354,Chennai,Karnataka,45437,52.97,Distribution
52a49cea-b111-4e84-b48d-36be959a23b6,Frankfurt Distribution Center 1355,Frankfurt,Frankfurt,100982,89.35,Distribution
15cc5280-4d39-4362-aee0-6cb4f1e02649,Osaka Regional Hub 1356,Osaka,Osaka,119839,92.11,Distribution
0d2fdaf0-9d2a-433d-87b5-bec9cf1679e1,Shenzhen Fulfilment Center 1357,Shenzhen,Shenzhen,26255,75.12,Distribution
e83517e9-3ca9-45fe-8650-60a945808b24,Amsterdam Distribution Center 1358,Amsterdam,Amsterdam,8751,51.29,Regional
34258d4a-081f-4afa-b620-1d189561b543,Tokyo Bonded Warehouse 1359,Tokyo,Tokyo,71350,58.57,Regional
9bf35835-a92e-4b2b-a54a-972daef1afeb,Singapore Bonded Warehouse 1360,Singapore,Singapore,93381,68.78,Bonded
cb77cc99-4fce-485e-b774-440c02fe99f2,Shanghai Regional Hub 1361,Shanghai,Shanghai,13204,85.36,Distribution
b7171a7b-4e62-4fee-b113-79ba20543703,Osaka Bonded Warehouse 1362,Osaka,Osaka,103856,78.0,Distribution
22c9674a-5a85-421c-845b-03cd332f7a20,Amsterdam Fulfilment Center 1363,Amsterdam,Amsterdam,83105,51.26,Regional
2868b522-f52f-479d-9c1c-f0df69d6a1f0,Mumbai Distribution Center 1364,Mumbai,Delhi,99420,93.66,Regional
7dcb4c70-a174-4b04-9804-f7a4cd04e286,Los Angeles Bonded Warehouse 1365,Los Angeles,Los Angeles,22893,83.2,Regional
c1d17cf2-c8f1-45d4-ba6d-0b3034fbb959,Sharjah Regional Hub 1366,Sharjah,Sharjah,56749,80.1,Distribution
3d1b33d0-95b1-4cb2-acaf-44d1a540a280,Ningbo Fulfilment Center 1367,Ningbo,Ningbo,98903,83.57,Bonded
bf8177cf-2eed-4915-b9d6-0759ad9aeafe,Manchester Bonded Warehouse 1368,Manchester,Manchester,61593,69.11,Bonded
36a4f279-a0b3-4036-95e7-921801acd4de,Delhi Regional Hub 1369,Delhi,Gujarat,62905,68.62,Regional
db8e3094-0a31-408c-aae5-6da43c7aed9e,Busan Bonded Warehouse 1370,Busan,Busan,36400,71.66,Regional
09ce0bff-f3be-4fed-a958-d197351641b5,Incheon Distribution Center 1371,Incheon,Incheon,53687,83.96,Regional
87ff7010-6335-4eff-8a82-a571ff79a116,Rotterdam Bonded Warehouse 1372,Rotterdam,Rotterdam,41238,87.37,Distribution
e48c937d-8cfa-47b7-bb0f-f166f1fabf1b,Hyderabad Fulfilment Center 1373,Hyderabad,Maharashtra,85359,75.21,Bonded
5f64a97a-a1cb-4f3b-a27d-96176aafe5bf,Manchester Fulfilment Center 1374,Manchester,Manchester,34061,98.0,Regional
6be2492b-35f8-4ed9-bf20-d1b1a0113e42,Yokohama Bonded Warehouse 1375,Yokohama,Yokohama,55833,81.34,Distribution
a817640d-6c8f-4afe-a9d7-960cf6956cae,Singapore Distribution Center 1376,Singapore,Singapore,118207,65.5,Bonded
39ab8b35-b962-492f-a9f1-0ce698bd2a4b,Abu Dhabi Distribution Center 1377,Abu Dhabi,Abu Dhabi,92842,89.6,Distribution
14d12f29-9ae8-4791-b86f-5d886061d818,Shenzhen Bonded Warehouse 1378,Shenzhen,Shenzhen,61850,54.88,Distribution
03c0bbb3-6857-427b-bdb5-c1b88b32f3dc,Los Angeles Distribution Center 1379,Los Angeles,Los Angeles,51285,95.5,Distribution
ca3db7ed-1b08-4138-9975-3155111ae4e2,Seoul Distribution Center 1380,Seoul,Seoul,58929,74.68,Distribution
65a4ba26-0efd-430f-9db5-76d1383d57de,Singapore Regional Hub 1381,Singapore,Singapore,23657,94.04,Distribution
b979640b-f371-4d7d-8d4a-2c97734022d4,Singapore Regional Hub 1382,Singapore,Singapore,116175,83.16,Bonded
6358ef2b-63ff-43af-ae0d-ed1b1f2a8479,Ahmedabad Regional Hub 1383,Ahmedabad,Gujarat,115076,67.49,Distribution
ba031505-2c8f-4381-ba56-2a88a83a4a74,Houston Distribution Center 1384,Houston,Houston,110169,73.01,Bonded
7dbf48c2-e51b-4b1f-8dfa-cf351dc7e221,London Bonded Warehouse 1385,London,London,79594,94.34,Regional
9bc4d08d-68af-4b5b-95fb-1eedb3a2e3f4,Felixstowe Bonded Warehouse 1386,Felixstowe,Felixstowe,94913,66.98,Distribution
07b060a6-c4fa-4228-8b9e-351058351b92,Osaka Bonded Warehouse 1387,Osaka,Osaka,58294,90.29,Distribution
e267cc4d-62f1-42fd-8b7c-ccbf3c266d0c,Shanghai Fulfilment Center 1388,Shanghai,Shanghai,65656,74.91,Distribution
09b22dc4-29fc-46b3-8cd0-e983c8794a4b,Sharjah Bonded Warehouse 1389,Sharjah,Sharjah,19961,72.72,Distribution
4617e6fb-8561-4429-a487-7bf616201dab,Shanghai Distribution Center 1390,Shanghai,Shanghai,108910,76.85,Distribution
88fcbcb4-a325-4d68-b49f-7d0fb773f0ed,Osaka Bonded Warehouse 1391,Osaka,Osaka,89308,54.66,Distribution
b37a2e97-56ec-4b75-84e5-6afe8102e736,Guangzhou Distribution Center 1392,Guangzhou,Guangzhou,97712,77.24,Distribution
0157f8dd-f5c3-49dc-8812-df7dd06d2f3c,Singapore Bonded Warehouse 1393,Singapore,Singapore,27611,84.27,Regional
d77d2ffc-73a3-4109-a810-408f4fb499c3,Amsterdam Distribution Center 1394,Amsterdam,Amsterdam,73817,72.88,Distribution
986361ed-d3f7-42a8-99c6-6200f32e8608,Amsterdam Regional Hub 1395,Amsterdam,Amsterdam,46459,87.74,Distribution
4038f155-1aa6-4dca-9d1e-831c62fa9426,Frankfurt Distribution Center 1396,Frankfurt,Frankfurt,28459,93.09,Distribution
2458d206-f954-4fb9-9e14-a771f5ef5cc2,Amsterdam Distribution Center 1397,Amsterdam,Amsterdam,8936,91.0,Distribution
15c1426a-00e7-4e73-bf11-242b15520a86,Singapore Bonded Warehouse 1398,Singapore,Singapore,79959,55.44,Distribution
d482b8da-7205-4a88-bce5-6af6d14780d1,Hamburg Fulfilment Center 1399,Hamburg,Hamburg,82790,64.7,Regional
22fcf5c8-3b9e-452b-91c9-687adf297278,Singapore Regional Hub 1400,Singapore,Singapore,102715,98.0,Regional
f693747a-2ce9-423f-8ede-58992183e82a,Ningbo Fulfilment Center 1401,Ningbo,Ningbo,23171,52.64,Distribution
4285411e-b097-46c2-9eef-9af5179695a1,Kolkata Fulfilment Center 1402,Kolkata,Karnataka,45362,80.4,Distribution
49129c86-eb6b-4f68-aa28-9cbb63992af7,Chicago Bonded Warehouse 1403,Chicago,Chicago,55319,72.88,Regional
e14c7fba-162d-47f2-9ee0-c7388fd45821,Dubai Fulfilment Center 1404,Dubai,Dubai,31278,61.72,Distribution
fb189c3d-7b10-48f1-914b-0e2c20e9f24d,Bremen Distribution Center 1405,Bremen,Bremen,92043,73.18,Bonded
f124bb02-814c-4b29-ae55-0e64abbc507e,Singapore Distribution Center 1406,Singapore,Singapore,36849,82.04,Bonded
4af06a14-41a2-4624-9d4b-9f99e29787de,Singapore Regional Hub 1407,Singapore,Singapore,23020,49.08,Bonded
3fc5e1d7-d7e8-4040-8cfb-bdc71a220827,Singapore Fulfilment Center 1408,Singapore,Singapore,77634,73.42,Regional
7c65e816-10a4-4c93-afad-c7c60cc5648d,Seoul Regional Hub 1409,Seoul,Seoul,95393,78.6,Bonded
e69f012b-9e95-476b-a0c6-b92589a5807f,Amsterdam Fulfilment Center 1410,Amsterdam,Amsterdam,83272,84.85,Distribution
359cd623-5f7a-4944-82af-dd9780e8230c,Manchester Distribution Center 1411,Manchester,Manchester,26160,79.66,Regional
6eebeb9b-6c38-4702-812e-b512495ceb6c,Hyderabad Bonded Warehouse 1412,Hyderabad,Delhi,99506,90.19,Distribution
c670252a-c91a-457b-a451-d2c1ff962376,Shenzhen Bonded Warehouse 1413,Shenzhen,Shenzhen,111819,76.08,Distribution
2a62a6b2-67c2-452f-b6d0-5c175401cc76,Manchester Regional Hub 1414,Manchester,Manchester,93348,68.33,Regional
a6d642c6-09f8-4150-87d3-01fea6d1353d,Shenzhen Distribution Center 1415,Shenzhen,Shenzhen,66804,90.33,Regional
c5cbdf10-3727-4a1e-b284-529f4801c792,Abu Dhabi Regional Hub 1416,Abu Dhabi,Abu Dhabi,7842,79.05,Bonded
86ad2893-bf8a-4553-96d3-c0761958b8f6,Shenzhen Regional Hub 1417,Shenzhen,Shenzhen,41489,77.58,Distribution
2a7faa2b-5e8a-475a-a881-87a4634a8cf6,London Regional Hub 1418,London,London,61231,58.57,Regional
6c570040-43c3-40a8-a928-b0f54558cd33,Felixstowe Distribution Center 1419,Felixstowe,Felixstowe,101494,67.28,Regional
7b63db90-abc8-4c19-8115-7b5d176cffb5,Houston Bonded Warehouse 1420,Houston,Houston,75786,79.07,Regional
d3840487-b82c-466b-9da5-75587f795803,Bengaluru Fulfilment Center 1421,Bengaluru,Tamil Nadu,112179,44.45,Distribution
d019bbc8-a3bc-473a-9d87-d8f729d6e16a,Busan Regional Hub 1422,Busan,Busan,77401,65.58,Distribution
846417b7-ef44-4e1c-a834-4ed1783a15c4,Hamburg Regional Hub 1423,Hamburg,Hamburg,97684,81.51,Distribution
d7eba74a-58d7-4106-93ea-d069e1d1de41,Hamburg Distribution Center 1424,Hamburg,Hamburg,116884,74.39,Distribution
95765d04-b5a9-4b5b-a799-42fda40de6fa,Bremen Regional Hub 1425,Bremen,Bremen,71872,75.79,Distribution
567c300c-7d83-48b1-ae2b-4ef59160ea10,Shanghai Fulfilment Center 1426,Shanghai,Shanghai,31839,52.87,Distribution
28a76953-2698-4085-8aab-5a75f4cf4a6d,Bremen Distribution Center 1427,Bremen,Bremen,13989,69.75,Distribution
0bf97102-00ac-47b1-a9ed-8d93b4a5dd35,Singapore Regional Hub 1428,Singapore,Singapore,43690,57.69,Regional
6af892e3-82d5-4ca1-981f-2eb46a5c75ee,Shenzhen Fulfilment Center 1429,Shenzhen,Shenzhen,69356,72.06,Regional
7bfc0d46-1d24-46f2-b180-da8291c0df7b,Osaka Distribution Center 1430,Osaka,Osaka,80319,59.97,Distribution
04d2e00b-b256-488e-9460-071bf42b0913,Incheon Distribution Center 1431,Incheon,Incheon,32102,54.12,Regional
a591ea61-89b3-4b2c-af3e-bcbfa5f73d24,Frankfurt Distribution Center 1432,Frankfurt,Frankfurt,90533,52.37,Distribution
1461292f-822b-4529-b188-2a78ea5b1f49,Los Angeles Fulfilment Center 1433,Los Angeles,Los Angeles,101806,84.45,Distribution
d51decd6-2e95-442c-b2f0-2f4e0627dad5,Tokyo Bonded Warehouse 1434,Tokyo,Tokyo,6856,62.83,Distribution
0a9eeecb-9342-4ac2-a1b9-4a9d46145ce6,Shenzhen Fulfilment Center 1435,Shenzhen,Shenzhen,39172,67.59,Distribution
a25710e0-877c-4335-847d-a05dc300b5a8,Yokohama Regional Hub 1436,Yokohama,Yokohama,95849,51.06,Distribution
83cc288c-2b54-428b-80ec-f81b72584886,Abu Dhabi Distribution Center 1437,Abu Dhabi,Abu Dhabi,34164,69.84,Distribution
8b1c89dd-1992-45ab-bb2d-826958055a2c,Guangzhou Distribution Center 1438,Guangzhou,Guangzhou,92006,68.02,Regional
05563de4-1134-476b-aa0a-35272f3ac91d,New York Fulfilment Center 1439,New York,New York,61280,64.22,Distribution
34fb2e59-7dd7-4145-870d-a9f926dfded2,Shenzhen Bonded Warehouse 1440,Shenzhen,Shenzhen,41060,71.33,Distribution
4c962101-9342-4c4e-9611-16b5469c6ff9,Frankfurt Fulfilment Center 1441,Frankfurt,Frankfurt,81165,56.93,Distribution
238e6e75-e72b-4a5a-9adf-f1881bbb997f,Amsterdam Fulfilment Center 1442,Amsterdam,Amsterdam,13591,46.68,Distribution
d7e70c98-86a8-4fce-9a0c-48e0f52f4f88,Guangzhou Fulfilment Center 1443,Guangzhou,Guangzhou,55957,81.23,Distribution
77b69cc0-95ba-4e37-a17e-beb599e8075c,Hamburg Distribution Center 1444,Hamburg,Hamburg,11302,77.59,Distribution
0461869e-73a0-4999-ada9-8b2f6af8970f,Sharjah Bonded Warehouse 1445,Sharjah,Sharjah,114935,78.42,Distribution
35d41b52-cf64-4b41-a876-3ae803ad562f,Sharjah Distribution Center 1446,Sharjah,Sharjah,83399,89.35,Distribution
81f44935-bcfd-4d7e-b324-6c2b133aabfb,Seoul Regional Hub 1447,Seoul,Seoul,103400,74.13,Distribution
6102abd0-682f-42f3-b809-0612f3da3718,Sharjah Distribution Center 1448,Sharjah,Sharjah,5483,64.31,Distribution
8ed548b9-492a-4b7d-9bf5-9233c9564fcb,Yokohama Regional Hub 1449,Yokohama,Yokohama,32167,78.55,Bonded
1719140f-e1ac-445f-a7d5-df9cb639ed00,Osaka Regional Hub 1450,Osaka,Osaka,51773,74.11,Distribution
3952b874-77d8-4f6b-babc-a3c71dfd1e12,Bremen Bonded Warehouse 1451,Bremen,Bremen,16816,42.05,Distribution
ce17d1d6-d844-4f1b-8820-dfba1876f622,Sharjah Bonded Warehouse 1452,Sharjah,Sharjah,7412,62.26,Distribution
164df894-b93f-44b7-a7e2-d4ff614e0068,Delhi Distribution Center 1453,Delhi,Delhi,62799,82.9,Distribution
b83c7e52-404d-4e70-87c8-f39fed0b8d63,Abu Dhabi Regional Hub 1454,Abu Dhabi,Abu Dhabi,22590,94.28,Regional
8705e868-9117-42d4-986f-5b180d1c03b8,Hyderabad Bonded Warehouse 1455,Hyderabad,Karnataka,27698,60.99,Regional
a8d8f549-9743-40ae-b131-77e2fa7887d8,Incheon Distribution Center 1456,Incheon,Incheon,71751,91.08,Regional
b2c0739a-2c48-49c8-8cf2-1823ec8625f2,Singapore Regional Hub 1457,Singapore,Singapore,55560,62.95,Regional
1a829739-3b3f-455f-b14f-fbe1d00ceff5,Incheon Regional Hub 1458,Incheon,Incheon,67393,86.22,Distribution
0d9ecb19-3309-4009-b215-df7d3bcf5737,Guangzhou Regional Hub 1459,Guangzhou,Guangzhou,77801,63.52,Regional
1f69acf7-30aa-4f21-9636-600044f1f00f,Abu Dhabi Fulfilment Center 1460,Abu Dhabi,Abu Dhabi,6252,64.47,Distribution
d33cfb42-af93-426c-b7ab-d587f8066ab3,Singapore Fulfilment Center 1461,Singapore,Singapore,99693,81.49,Regional
64b38e11-c4fb-4e67-9628-855ce2ef132a,Incheon Fulfilment Center 1462,Incheon,Incheon,56747,79.48,Distribution
96397008-86fe-475e-815d-4d3f66e505d9,Tokyo Bonded Warehouse 1463,Tokyo,Tokyo,113489,82.5,Distribution
bd5306b2-6c8e-4727-85ab-44f89717af13,Yokohama Bonded Warehouse 1464,Yokohama,Yokohama,67503,86.3,Distribution
655efdfd-e379-4b69-ae09-d9083d47b4d3,Houston Bonded Warehouse 1465,Houston,Houston,36549,68.78,Regional
5b299bab-9de4-46fc-8c0a-181dbbb8d34e,Rotterdam Fulfilment Center 1466,Rotterdam,Rotterdam,48079,61.21,Bonded
f0fdc61c-6eaa-496c-a58b-2a7e069227a3,Bremen Regional Hub 1467,Bremen,Bremen,58033,80.32,Distribution
1e608730-f6ff-40c9-846c-be56738d1fec,Los Angeles Fulfilment Center 1468,Los Angeles,Los Angeles,29443,71.39,Bonded
0624ad7d-619a-4f4c-b234-3e79c634d972,Rotterdam Fulfilment Center 1469,Rotterdam,Rotterdam,118497,67.67,Regional
43f9aa51-4750-4ecc-82c4-d8e71ab243cd,Ahmedabad Bonded Warehouse 1470,Ahmedabad,Tamil Nadu,91061,77.78,Regional
9ac86f47-fb06-4f53-8d83-739bbd611a8a,Busan Fulfilment Center 1471,Busan,Busan,45785,53.16,Regional
4325eb5f-a7ac-4cb5-8af4-059fefbabc61,Manchester Distribution Center 1472,Manchester,Manchester,67180,85.82,Regional
2745f141-9d82-4887-afd7-8374fa78b250,Shenzhen Distribution Center 1473,Shenzhen,Shenzhen,83624,50.09,Distribution
d5a553d1-bb9a-457d-a8d1-dad13c842b76,Kolkata Distribution Center 1474,Kolkata,Tamil Nadu,105189,58.63,Regional
6f9a091d-6558-48da-91a3-3bf255eb807b,Shenzhen Distribution Center 1475,Shenzhen,Shenzhen,27534,62.07,Bonded
5e3c859d-f86d-4f9e-abbd-88d8cf903202,Abu Dhabi Distribution Center 1476,Abu Dhabi,Abu Dhabi,19056,98.0,Regional
759539a8-aba1-4151-ae17-f453fdc9336d,Osaka Fulfilment Center 1477,Osaka,Osaka,52573,86.1,Regional
7f7522f7-a84d-4335-ae96-a7f5974ce4f1,Dubai Distribution Center 1478,Dubai,Dubai,47033,79.59,Bonded
8593b224-af52-4f56-a0d4-15802fc16cd1,New York Regional Hub 1479,New York,New York,7920,90.87,Regional
51faa985-7383-4db3-afdd-7dc44d942796,London Bonded Warehouse 1480,London,London,40835,93.49,Bonded
e5c4fdcb-908e-4c19-80e1-e550ef7e8282,London Distribution Center 1481,London,London,108126,71.49,Distribution
d25d0c03-76e6-4d97-93f6-adbfcb826156,Ahmedabad Distribution Center 1482,Ahmedabad,West Bengal,104931,86.43,Regional
3eba61d7-0190-40b8-a421-b5914633706c,Guangzhou Regional Hub 1483,Guangzhou,Guangzhou,5840,79.17,Regional
7fe36c6a-5a9a-49e8-8894-2ea1dac81794,London Distribution Center 1484,London,London,8318,87.96,Regional
7a88915e-cc2b-4281-b52a-6b977fa8c287,Amsterdam Fulfilment Center 1485,Amsterdam,Amsterdam,91300,59.47,Distribution
0ff27737-95f5-4733-9d46-404c29b16379,Singapore Bonded Warehouse 1486,Singapore,Singapore,30810,66.73,Distribution
cfbc2627-4340-4129-b426-8829376840b9,Hamburg Fulfilment Center 1487,Hamburg,Hamburg,119719,71.7,Regional
e285206d-9b38-4519-9d5e-a57541ed3f1c,Rotterdam Distribution Center 1488,Rotterdam,Rotterdam,47182,61.21,Distribution
8b8739ec-1c2c-464f-ac94-5bb29529ad66,Hyderabad Bonded Warehouse 1489,Hyderabad,Delhi,42131,77.41,Distribution
d0d3e4ea-30cc-4924-9bd4-eb6034a888bb,Bremen Distribution Center 1490,Bremen,Bremen,77302,68.19,Distribution
27316882-7e01-470a-a66e-d642c64ea825,Singapore Regional Hub 1491,Singapore,Singapore,108795,37.78,Regional
beda3bda-fadb-4eb3-a547-a2a170342764,Yokohama Regional Hub 1492,Yokohama,Yokohama,79941,53.81,Regional
0b1f4600-dc42-4b2a-92b5-5e88fa4a9267,London Regional Hub 1493,London,London,40085,87.37,Distribution
1838446d-df27-47d3-bb1f-d3ff90b575a9,Guangzhou Bonded Warehouse 1494,Guangzhou,Guangzhou,37945,75.71,Regional
d2039967-ca92-4435-8cd8-46c740d5f760,Busan Bonded Warehouse 1495,Busan,Busan,113051,56.92,Distribution
33fdb732-590d-4a45-8306-0bad5c2b8282,Mumbai Regional Hub 1496,Mumbai,Telangana,61574,66.43,Distribution
ec9eb87a-f592-45ed-ba6c-207c68506c9d,Delhi Distribution Center 1497,Delhi,West Bengal,38492,70.38,Regional
62af5904-9440-49c3-a9f4-b68f5317d438,Guangzhou Bonded Warehouse 1498,Guangzhou,Guangzhou,90327,73.22,Distribution
0d8354c8-3a8b-4c24-9aac-4bc1d39bd27f,Frankfurt Bonded Warehouse 1499,Frankfurt,Frankfurt,97202,74.8,Distribution
6b1c1f08-728f-4a21-b07c-cae0541ed2bc,Bremen Regional Hub 1500,Bremen,Bremen,79535,59.93,Distribution
742f39fd-e115-4a00-8071-3742fa1542c8,Hamburg Regional Hub 1501,Hamburg,Hamburg,99351,70.12,Bonded
5223bc00-94e2-42bb-81d4-f73567125532,Los Angeles Bonded Warehouse 1502,Los Angeles,Los Angeles,92817,89.96,Regional
c3f90fe4-ed28-4227-b8b4-c07221c87fd3,London Regional Hub 1503,London,London,97505,80.49,Bonded
13d57ba8-bedc-40ec-a23b-a0b31f57deb0,Manchester Fulfilment Center 1504,Manchester,Manchester,84409,52.98,Bonded
d9d23ba4-6eae-4de8-af22-ff7e4d80701f,Abu Dhabi Regional Hub 1505,Abu Dhabi,Abu Dhabi,98518,69.31,Distribution
18dd89a8-a594-4bb1-8eab-264f7819613b,Dubai Bonded Warehouse 1506,Dubai,Dubai,79473,66.05,Distribution
9ee57b89-c9ae-448b-8b4a-61d602fcfcc2,Felixstowe Distribution Center 1507,Felixstowe,Felixstowe,85662,75.31,Regional
9eeb41c4-f456-4c47-87ac-8f6ba7dc5b22,Dubai Fulfilment Center 1508,Dubai,Dubai,45115,66.14,Regional
b9b68bdc-26ec-4c1a-ba64-9faee1a94581,Seoul Fulfilment Center 1509,Seoul,Seoul,99785,73.24,Regional
1edf4108-10b4-4f10-8d4d-669c61d1f152,Amsterdam Distribution Center 1510,Amsterdam,Amsterdam,119731,59.33,Distribution
4a0b0495-8307-423b-a515-a13703bb1188,Amsterdam Bonded Warehouse 1511,Amsterdam,Amsterdam,40984,81.3,Distribution
6fa94d1b-ab37-427e-bb5e-b6b5b553b8c1,Felixstowe Distribution Center 1512,Felixstowe,Felixstowe,12294,75.15,Distribution
4e6f69f2-6341-46ee-bd13-28a49cb6f43d,New York Bonded Warehouse 1513,New York,New York,111605,83.84,Regional
e1359af2-34b7-4486-82d5-c99b01120398,Sharjah Regional Hub 1514,Sharjah,Sharjah,87950,85.45,Regional
14f6cf04-023d-4807-887f-3de7d095eb8d,Dubai Bonded Warehouse 1515,Dubai,Dubai,30353,64.69,Distribution
5d88910b-1722-449a-8be0-2ff0be8c22e3,Manchester Distribution Center 1516,Manchester,Manchester,104647,76.92,Distribution
83afb951-ec04-4384-ab5d-bb4d11b10f11,Houston Distribution Center 1517,Houston,Houston,66229,86.33,Distribution
230afc33-2e9a-4203-80ce-f5df9dedeed9,Houston Bonded Warehouse 1518,Houston,Houston,85779,76.32,Bonded
3c3edbdb-c0aa-46d1-9d97-0c190634a062,Hamburg Distribution Center 1519,Hamburg,Hamburg,15887,70.12,Distribution
3bd14273-d387-4657-9224-820db6b836e1,Shenzhen Fulfilment Center 1520,Shenzhen,Shenzhen,39562,63.33,Distribution
d6de1eee-046e-4143-8859-2f19846f3ba5,Frankfurt Distribution Center 1521,Frankfurt,Frankfurt,85581,74.0,Bonded
06d42337-67d7-41d6-9dda-d78abdb24e28,Incheon Fulfilment Center 1522,Incheon,Incheon,52963,70.9,Bonded
125e3c51-f5e4-47cb-a219-ae7728b70885,Bengaluru Fulfilment Center 1523,Bengaluru,Gujarat,30015,90.43,Regional
2f53da45-ee61-4648-b955-a750bdd28c5b,London Fulfilment Center 1524,London,London,24866,67.7,Distribution
e856bae6-0fba-4e3b-beed-ab709d59511b,Singapore Regional Hub 1525,Singapore,Singapore,99719,80.37,Distribution
b0602cb0-6cb5-41e6-92dd-efc90f6bf16a,Manchester Fulfilment Center 1526,Manchester,Manchester,87904,66.17,Distribution
d1031cba-5a54-440b-a86a-4cb768326312,Singapore Regional Hub 1527,Singapore,Singapore,91935,78.71,Regional
d173eeac-e926-4768-a9f9-5fcc401bb475,Dubai Fulfilment Center 1528,Dubai,Dubai,96112,76.11,Distribution
3517b47e-3114-4e1f-9003-2a85fbf7878f,Shenzhen Fulfilment Center 1529,Shenzhen,Shenzhen,105353,72.53,Distribution
e47f51de-904d-4343-bf0b-b6fc9f784f77,Singapore Fulfilment Center 1530,Singapore,Singapore,115850,62.06,Bonded
05cda6c2-87c0-4bb8-935b-98e085b8fba5,Amsterdam Distribution Center 1531,Amsterdam,Amsterdam,106638,93.84,Regional
a6f1e759-e9bf-4c1d-b86a-d890d58a7e4b,Shanghai Bonded Warehouse 1532,Shanghai,Shanghai,34647,73.9,Distribution
0d11d99d-2480-4a38-9f7c-9b625b84ccf7,Dubai Bonded Warehouse 1533,Dubai,Dubai,69037,76.52,Distribution
9fb40e97-93b1-4dfe-bf52-79cd1933896c,Tokyo Distribution Center 1534,Tokyo,Tokyo,37589,72.44,Distribution
1c888d27-7134-4b0b-82b8-3ca107ddeeb0,Osaka Regional Hub 1535,Osaka,Osaka,75677,55.09,Distribution
afe6af65-52d3-4e70-b09b-22b75d0d4ad8,Chennai Distribution Center 1536,Chennai,Telangana,61708,70.73,Regional
ebdd8418-6949-43d6-a463-2ea2970ea4fd,Tokyo Bonded Warehouse 1537,Tokyo,Tokyo,100957,77.36,Bonded
932d19f7-71ae-4ebb-9208-39d0c62e4e25,Chicago Fulfilment Center 1538,Chicago,Chicago,5200,65.5,Bonded
5e62304d-3165-4249-9297-cd2624be8827,London Bonded Warehouse 1539,London,London,40961,66.94,Distribution
4878752c-3319-47db-888c-20712582a813,Shanghai Bonded Warehouse 1540,Shanghai,Shanghai,44966,67.24,Regional
48670cdb-3e02-47cb-ae46-327489ea62f2,Ahmedabad Distribution Center 1541,Ahmedabad,Delhi,104104,72.44,Bonded
b650bc99-e1b9-44dc-b94a-5dcef6cb86ac,Incheon Fulfilment Center 1542,Incheon,Incheon,96831,84.96,Distribution
d493e1c2-c8a7-4292-9be3-ac9ea7ec0d66,Bremen Fulfilment Center 1543,Bremen,Bremen,61553,84.67,Distribution
50d00aff-e429-486c-accc-81039094123f,Rotterdam Distribution Center 1544,Rotterdam,Rotterdam,93594,66.33,Distribution
e4606aa0-3617-4b94-a588-cf3380f76a1c,Incheon Distribution Center 1545,Incheon,Incheon,47454,58.94,Distribution
a6e83f62-8fc4-42b9-abb7-8940cf79aed4,Frankfurt Distribution Center 1546,Frankfurt,Frankfurt,82327,66.63,Distribution
119208e2-4d91-4e0e-b059-887e3d80f325,Felixstowe Regional Hub 1547,Felixstowe,Felixstowe,85292,78.42,Regional
9aa80936-06ac-46c5-b202-f681c78de2d8,Chicago Bonded Warehouse 1548,Chicago,Chicago,104739,68.4,Regional
2d0894d1-03e5-4427-9250-5bd3fd361bd5,Hamburg Fulfilment Center 1549,Hamburg,Hamburg,76518,57.29,Distribution
785842f4-9371-4d87-a1cc-12e88c9eae5e,Delhi Fulfilment Center 1550,Delhi,Maharashtra,90384,66.88,Bonded
78d49596-c0db-4cd8-84c1-01e8508bded5,Singapore Regional Hub 1551,Singapore,Singapore,15198,59.1,Regional
51719891-f28a-4450-802c-a465e0a788c2,Singapore Fulfilment Center 1552,Singapore,Singapore,76085,75.84,Distribution
876298bc-a18e-4e0b-a054-c615a5ef3dd7,Los Angeles Bonded Warehouse 1553,Los Angeles,Los Angeles,27384,85.72,Regional
774d3888-72e1-4d6f-9c10-58bfb3db2c62,Kolkata Distribution Center 1554,Kolkata,Maharashtra,48750,86.4,Distribution
403bf40d-1c58-4844-8db9-776e02b537e2,Singapore Fulfilment Center 1555,Singapore,Singapore,73520,79.58,Distribution
b8e1591e-d4ea-4fd7-b589-2e0c1a9bf229,Incheon Bonded Warehouse 1556,Incheon,Incheon,35184,78.19,Distribution
6bebe570-13de-4021-8c5e-6a2066e6ccf6,Yokohama Fulfilment Center 1557,Yokohama,Yokohama,63587,61.96,Distribution
39c025a4-e555-4981-9343-2d78c5d5c798,Shenzhen Fulfilment Center 1558,Shenzhen,Shenzhen,56357,76.8,Bonded
b7601d9e-baf0-42e0-a12e-60003b84358a,New York Bonded Warehouse 1559,New York,New York,62352,69.48,Distribution
b8efb2d8-d9d3-497d-af71-55f6397b4512,Sharjah Bonded Warehouse 1560,Sharjah,Sharjah,85791,86.06,Regional
437c6360-496e-484f-83cc-f01b8722e4f4,Felixstowe Fulfilment Center 1561,Felixstowe,Felixstowe,41636,78.36,Distribution
d5aaf447-66ac-403d-994e-a08a3e1cefee,Tokyo Regional Hub 1562,Tokyo,Tokyo,87985,74.47,Distribution
f0b8c536-da49-4db1-b78f-073abd11d649,Sharjah Distribution Center 1563,Sharjah,Sharjah,79642,71.82,Distribution
538a10e0-dc2b-43c3-bb76-f4460b3a5c49,Ningbo Fulfilment Center 1564,Ningbo,Ningbo,23734,76.42,Distribution
4cb6fb15-5230-4a90-9d2d-a53096f7e6bb,Singapore Regional Hub 1565,Singapore,Singapore,108633,82.3,Regional
46b33030-3f19-48b1-91a7-8ec20f6f4eb9,Ningbo Fulfilment Center 1566,Ningbo,Ningbo,48379,80.48,Distribution
1c439f7d-7d2a-4d7b-914b-e0aab4e9d7d9,Shenzhen Bonded Warehouse 1567,Shenzhen,Shenzhen,60053,65.6,Distribution
58803c86-e5aa-4e16-af43-c268c35f7f7c,Hamburg Fulfilment Center 1568,Hamburg,Hamburg,33437,89.73,Regional
cfd8845d-afbb-4dea-9f03-423b0caa4b3a,Bengaluru Bonded Warehouse 1569,Bengaluru,Karnataka,50756,66.78,Distribution
21a77259-1921-4627-9227-2451df502b3a,Rotterdam Distribution Center 1570,Rotterdam,Rotterdam,86862,79.88,Regional
a82dc8e4-42d7-4c85-9f2d-05be294e1391,Manchester Distribution Center 1571,Manchester,Manchester,84859,82.89,Regional
c89564dd-a211-42f7-ad4d-4465a291740d,Dubai Distribution Center 1572,Dubai,Dubai,10514,89.76,Bonded
d247ee69-5f23-4608-ab05-fa746235b3ba,Felixstowe Regional Hub 1573,Felixstowe,Felixstowe,88254,68.81,Distribution
35211a0c-500e-4897-bf8f-db7aad1662cf,Ningbo Distribution Center 1574,Ningbo,Ningbo,61217,55.26,Regional
50d2ba3a-9b99-4a00-88ab-73bc1ce2e0fe,Incheon Distribution Center 1575,Incheon,Incheon,14100,76.94,Regional
2cb2a766-8173-41f5-b211-4f211966978f,Hamburg Bonded Warehouse 1576,Hamburg,Hamburg,31473,61.77,Distribution
71a1b51f-8535-454d-a1a9-03e2b53f363f,Singapore Regional Hub 1577,Singapore,Singapore,29952,86.22,Distribution
3ac840bd-1a9d-4718-8e6f-35a1f8e7cfb0,Busan Distribution Center 1578,Busan,Busan,55580,66.78,Distribution
0e95edfa-0df2-48fd-b4dd-d80bec406369,Bengaluru Fulfilment Center 1579,Bengaluru,Delhi,92506,70.76,Distribution
ff92cb4e-944f-4590-a578-2e4b6db935cb,Chicago Bonded Warehouse 1580,Chicago,Chicago,91967,71.25,Distribution
17221332-1ea1-4857-9d81-2e0f750fe38d,Shanghai Regional Hub 1581,Shanghai,Shanghai,71144,64.84,Distribution
74c2f179-c239-43bf-a11e-874908d3c369,Singapore Regional Hub 1582,Singapore,Singapore,19580,85.29,Distribution
e14346c3-2db3-4628-b7ea-01c81c7c09c7,Manchester Fulfilment Center 1583,Manchester,Manchester,84134,48.17,Bonded
db04381c-5abf-45d3-9b84-8bf5c4c622b4,Guangzhou Regional Hub 1584,Guangzhou,Guangzhou,40593,57.76,Bonded
0fb3ed40-3d39-4663-afa2-bf3214d43f82,Felixstowe Bonded Warehouse 1585,Felixstowe,Felixstowe,96575,37.36,Distribution
debc0087-2e64-446c-bef1-e58740a0ec55,Bengaluru Distribution Center 1586,Bengaluru,West Bengal,35280,77.53,Bonded
6c4589cf-a085-4460-81fa-1be349b2da5d,Singapore Bonded Warehouse 1587,Singapore,Singapore,89911,75.93,Distribution
802eeaa5-3e21-4fc8-9416-f83ac5f10784,Los Angeles Fulfilment Center 1588,Los Angeles,Los Angeles,68380,72.76,Regional
9b4f2672-36d9-406d-9662-456d9afc1edd,Felixstowe Bonded Warehouse 1589,Felixstowe,Felixstowe,66555,55.44,Distribution
51f7ff21-8237-44e0-98ea-6ffe8ed7b741,Sharjah Bonded Warehouse 1590,Sharjah,Sharjah,90297,86.81,Distribution
061f49bd-0f16-42ed-b4e7-291963dd2237,Singapore Regional Hub 1591,Singapore,Singapore,105404,84.49,Regional
7ca45e0f-2483-48be-be46-0b065af434ff,Dubai Bonded Warehouse 1592,Dubai,Dubai,61817,69.33,Distribution
c26ee21b-dbcb-4950-a3bf-e3686778c425,Abu Dhabi Bonded Warehouse 1593,Abu Dhabi,Abu Dhabi,22150,84.26,Regional
7712559a-f350-477c-aa2a-d4c33fec74a2,Singapore Distribution Center 1594,Singapore,Singapore,11564,56.5,Regional
0387a411-de19-45fc-b0fb-bd41ee339398,Yokohama Distribution Center 1595,Yokohama,Yokohama,67319,67.77,Distribution
54133377-de47-44ec-9518-3effa51b9793,Frankfurt Fulfilment Center 1596,Frankfurt,Frankfurt,5998,80.04,Regional
612328b8-60db-4d0d-9826-739fe02e9d6b,Shenzhen Fulfilment Center 1597,Shenzhen,Shenzhen,68894,63.11,Distribution
4780acd0-5ee1-46e5-a0cb-72fc16301747,Singapore Regional Hub 1598,Singapore,Singapore,22287,70.61,Bonded
bfc60159-9a3d-4de9-a216-5814a1dec315,Bengaluru Regional Hub 1599,Bengaluru,Delhi,53896,63.42,Distribution
96dc9a18-10b9-49b1-8928-4428efa972fd,Yokohama Fulfilment Center 1600,Yokohama,Yokohama,50774,62.73,Regional
4b682e9d-abe0-44aa-850f-018340441080,Ningbo Regional Hub 1601,Ningbo,Ningbo,94921,68.25,Distribution
861389a7-5103-43b1-ad77-2193e5a8bdda,Abu Dhabi Bonded Warehouse 1602,Abu Dhabi,Abu Dhabi,15101,91.79,Distribution
b3dcab45-48ab-493e-930f-1e4adace38f3,Delhi Fulfilment Center 1603,Delhi,Karnataka,19186,55.8,Distribution
f69249d1-3016-4e8f-babb-c11bd81c2b98,Felixstowe Fulfilment Center 1604,Felixstowe,Felixstowe,33868,86.49,Distribution
53ce850b-d019-415c-83de-2720d178d0fd,Los Angeles Fulfilment Center 1605,Los Angeles,Los Angeles,15341,98.0,Distribution
8914cdb1-9c13-4ccb-8292-3dea9156486c,Singapore Regional Hub 1606,Singapore,Singapore,48991,78.98,Bonded
abbecac3-8e4c-4e29-9a49-9bfe078e8be6,Rotterdam Bonded Warehouse 1607,Rotterdam,Rotterdam,105125,77.22,Distribution
4fea51db-b734-4632-9693-a0c552d7b27e,Bremen Distribution Center 1608,Bremen,Bremen,83339,61.92,Bonded
a2550a1d-06bf-4d15-8d31-f89d5aef19bd,Busan Fulfilment Center 1609,Busan,Busan,47518,83.72,Distribution
9e9a046c-7cd0-4c7b-9ea6-32fb5923525c,Busan Distribution Center 1610,Busan,Busan,89172,81.16,Distribution
ed2c9022-3c7d-4763-85af-09a536722d1d,Incheon Bonded Warehouse 1611,Incheon,Incheon,50452,88.1,Bonded
e5585314-d85f-43b3-8825-b99c78b39433,Houston Bonded Warehouse 1612,Houston,Houston,37709,78.89,Regional
9ddee09c-d3a3-49ff-a846-4d56a80afff9,Tokyo Fulfilment Center 1613,Tokyo,Tokyo,49291,77.38,Regional
84baa346-8641-42ae-b6ee-23910a2f4c86,Incheon Regional Hub 1614,Incheon,Incheon,106221,44.9,Regional
1869d07e-50b6-433c-b181-2818a8b5835d,Rotterdam Regional Hub 1615,Rotterdam,Rotterdam,112774,56.88,Regional
4154750a-e074-47e1-bb8f-9a57cf88810d,Frankfurt Bonded Warehouse 1616,Frankfurt,Frankfurt,79351,89.67,Regional
f5c6d964-aba9-4695-9d24-d18b0637effc,Sharjah Fulfilment Center 1617,Sharjah,Sharjah,117589,83.98,Bonded
91c37f5c-8998-4681-9346-4fe9a0c40dd3,Yokohama Regional Hub 1618,Yokohama,Yokohama,105785,78.91,Regional
6104bd59-48b4-4ba2-93fc-7eccdb0fa27b,Amsterdam Regional Hub 1619,Amsterdam,Amsterdam,18338,67.65,Distribution
3186c90f-c2b7-46b9-b758-e59b73290273,Dubai Distribution Center 1620,Dubai,Dubai,10953,91.2,Regional
16df5cba-79b6-4246-b48a-86464a5c6727,Houston Fulfilment Center 1621,Houston,Houston,20792,71.46,Bonded
d5798be1-262f-489f-848d-8e040be1e9c8,Shanghai Distribution Center 1622,Shanghai,Shanghai,60207,84.86,Distribution
338cfe1c-4a70-4d1d-9cfb-e3c2fe4c5d32,Rotterdam Distribution Center 1623,Rotterdam,Rotterdam,106211,68.67,Distribution
0fb58b64-6ff2-4db8-896c-790648288baf,Rotterdam Distribution Center 1624,Rotterdam,Rotterdam,58557,79.56,Bonded
baad5d38-bd12-4574-956a-ce291261c7e2,Rotterdam Fulfilment Center 1625,Rotterdam,Rotterdam,93424,94.56,Regional
fa4a58e7-eab4-4714-891d-5e25da8e9614,Hamburg Distribution Center 1626,Hamburg,Hamburg,60059,72.51,Regional
a7ede293-ff43-47b4-95d9-bc63bbed481f,Delhi Fulfilment Center 1627,Delhi,Tamil Nadu,105894,89.79,Distribution
a1ca0be6-8bf1-4c3d-9829-7a8813291d8f,Seoul Regional Hub 1628,Seoul,Seoul,39084,87.15,Regional
1688e37e-843d-419f-85d6-15e3ad6dfcd8,Sharjah Regional Hub 1629,Sharjah,Sharjah,12216,69.7,Distribution
7b71665d-e549-4d2a-a814-3f79f2f9f41e,Kolkata Fulfilment Center 1630,Kolkata,Gujarat,94578,63.38,Distribution
46663832-0801-4f73-b0cd-00134ba785a7,Osaka Bonded Warehouse 1631,Osaka,Osaka,107616,77.11,Regional
2644668b-4f5e-4677-a6c9-fae11b927641,Amsterdam Regional Hub 1632,Amsterdam,Amsterdam,59071,80.41,Regional
babb94f1-cc6f-474d-a971-b45907295407,Sharjah Regional Hub 1633,Sharjah,Sharjah,47625,80.78,Distribution
c551e14d-c5fe-4c90-a083-51a0f57945f5,Manchester Regional Hub 1634,Manchester,Manchester,25587,49.58,Distribution
6629b048-eace-46c6-89db-ffa9a9f9e4bd,Houston Fulfilment Center 1635,Houston,Houston,72186,60.04,Regional
3f9659d4-b69c-419e-9246-06a6dd23e496,Shenzhen Distribution Center 1636,Shenzhen,Shenzhen,98381,91.58,Distribution
1d11c6b9-6775-4177-9d0b-1f548f88e061,Sharjah Fulfilment Center 1637,Sharjah,Sharjah,30149,66.22,Regional
f135813d-0ab7-47fa-aaae-13946cdef438,Busan Regional Hub 1638,Busan,Busan,39258,71.4,Distribution
937fb056-e4e4-4d3f-b409-a1033157295b,Singapore Regional Hub 1639,Singapore,Singapore,99715,71.31,Distribution
25f8b78d-2a10-49e4-886b-7083ee0d85eb,Dubai Fulfilment Center 1640,Dubai,Dubai,48194,85.77,Bonded
a88818a0-e21f-463e-bc4d-59ca233714a8,Mumbai Distribution Center 1641,Mumbai,Gujarat,81114,67.76,Bonded
69d37aec-c9e7-455b-bd42-1fb582b4a366,Amsterdam Bonded Warehouse 1642,Amsterdam,Amsterdam,75186,75.89,Distribution
a497419c-a9a7-4093-ab5d-ac1aaff14c51,Felixstowe Bonded Warehouse 1643,Felixstowe,Felixstowe,6700,66.48,Bonded
48ec72a3-c954-4822-abb9-e957339b824e,Manchester Bonded Warehouse 1644,Manchester,Manchester,88962,69.57,Distribution
1e3bad8a-1567-4c31-9376-e50c0917cc17,Shanghai Regional Hub 1645,Shanghai,Shanghai,105300,84.35,Distribution
b0b8bb01-f314-4c1e-904f-dfd7400ffaad,Singapore Bonded Warehouse 1646,Singapore,Singapore,39903,85.65,Distribution
b7d1a85b-b2e6-47cc-a90f-66ffc0c6864d,Los Angeles Bonded Warehouse 1647,Los Angeles,Los Angeles,75001,82.88,Regional
7b32c8ba-26e0-4422-9fb1-462e5fbb9192,Frankfurt Regional Hub 1648,Frankfurt,Frankfurt,99785,79.22,Distribution
f518a172-b6b5-498e-8da1-15f827db1140,Felixstowe Bonded Warehouse 1649,Felixstowe,Felixstowe,47329,80.37,Distribution
5d1bc3c2-ce31-4109-87e3-c649afad2b28,Los Angeles Bonded Warehouse 1650,Los Angeles,Los Angeles,72358,55.83,Distribution
86c4e463-fc83-4b71-b58a-116fa44ab5ce,Seoul Regional Hub 1651,Seoul,Seoul,56117,64.06,Distribution
7bed7172-926a-4320-85d7-0b83ee53941a,London Regional Hub 1652,London,London,94703,74.96,Distribution
653dcde5-2b64-4f47-bb5c-aa173d1740bb,Singapore Bonded Warehouse 1653,Singapore,Singapore,72709,68.29,Distribution
4437eed9-9a37-463b-86cc-3cdbb9367f25,Felixstowe Bonded Warehouse 1654,Felixstowe,Felixstowe,92086,74.44,Regional
fac04987-0f93-423f-a601-95eff9aca0bc,Singapore Distribution Center 1655,Singapore,Singapore,66324,59.19,Regional
cd8176fa-22df-4b20-ab75-745501b46a33,Amsterdam Fulfilment Center 1656,Amsterdam,Amsterdam,9162,74.23,Distribution
74e088e9-1987-4966-b699-9a6e5d30d312,Singapore Fulfilment Center 1657,Singapore,Singapore,78898,78.65,Bonded
72feb360-fce4-4175-bc99-ac70de8adee8,Manchester Bonded Warehouse 1658,Manchester,Manchester,51943,67.99,Distribution
31715d9b-0dae-4331-9a18-f819f1e29c0b,Shanghai Distribution Center 1659,Shanghai,Shanghai,24669,71.92,Distribution
a2e28136-3387-4de6-9461-fc385c7330d2,New York Fulfilment Center 1660,New York,New York,78662,87.68,Bonded
1505b4f7-eb56-48a1-9d02-acdfb068da2b,New York Bonded Warehouse 1661,New York,New York,13754,79.33,Regional
fc3c7a47-0ab1-43c6-b6b5-6e53e24c7037,Seoul Fulfilment Center 1662,Seoul,Seoul,21239,56.6,Bonded
9a0636a8-fb1e-4fbd-b329-0ab05838db9e,Tokyo Distribution Center 1663,Tokyo,Tokyo,53706,62.46,Regional
eae52741-4404-42dd-b924-aa9694f25f18,Felixstowe Fulfilment Center 1664,Felixstowe,Felixstowe,10137,61.76,Regional
2c97a91c-749e-402f-9514-b90fe8345094,Busan Bonded Warehouse 1665,Busan,Busan,72811,91.83,Distribution
7a26853a-3b0d-4658-87f2-542977df01b9,Singapore Fulfilment Center 1666,Singapore,Singapore,32635,70.47,Bonded
4be32418-3413-475b-afb1-d4ed912eb996,Rotterdam Regional Hub 1667,Rotterdam,Rotterdam,78151,55.87,Bonded
06319d7e-6839-406e-9bbe-c80316183aef,Ningbo Distribution Center 1668,Ningbo,Ningbo,87564,52.12,Distribution
3b12f508-eb6c-4606-802a-175e0ae354ae,Tokyo Fulfilment Center 1669,Tokyo,Tokyo,54321,86.8,Regional
0b1bccca-0e74-4398-92b1-b7f146d3113b,Guangzhou Distribution Center 1670,Guangzhou,Guangzhou,55272,81.94,Distribution
a42edc05-797c-441e-87e9-c2445b52f29f,Osaka Distribution Center 1671,Osaka,Osaka,16445,74.3,Distribution
2bbe9716-1552-4c69-9ec5-1d0118b2f856,Felixstowe Regional Hub 1672,Felixstowe,Felixstowe,59417,74.53,Distribution
ac94a7e9-e769-4f6f-875b-35b6512533da,Sharjah Fulfilment Center 1673,Sharjah,Sharjah,74393,63.15,Bonded
557098c3-cf02-4724-b342-5bcbbcfbd87a,Shanghai Distribution Center 1674,Shanghai,Shanghai,102934,69.19,Bonded
34b3de89-4b3e-4704-8426-729ee2669d5e,Guangzhou Bonded Warehouse 1675,Guangzhou,Guangzhou,116615,75.05,Distribution
8abfd819-49c9-417b-a59e-d7c72d8076bb,Singapore Bonded Warehouse 1676,Singapore,Singapore,19482,35.0,Regional
28c4ffce-bf82-4e3e-ac9a-f71521a70b3c,Singapore Distribution Center 1677,Singapore,Singapore,44542,73.42,Distribution
e4e137a0-adbb-4f5f-8b20-941c4d4b11f4,Manchester Fulfilment Center 1678,Manchester,Manchester,103304,62.13,Distribution
82ffbcd7-fccf-4746-a5da-b65d979981ec,Osaka Bonded Warehouse 1679,Osaka,Osaka,36652,60.96,Bonded
b6fc2829-8c94-4ceb-a4a9-97131fc9ec53,Shanghai Fulfilment Center 1680,Shanghai,Shanghai,73346,72.45,Regional
0a9f1262-81bb-412e-b8b3-74d944ad7fd1,Amsterdam Distribution Center 1681,Amsterdam,Amsterdam,24676,76.45,Distribution
f11e65a2-c518-4e9f-b04b-771a3549a4d6,Hyderabad Fulfilment Center 1682,Hyderabad,Tamil Nadu,34668,67.47,Distribution
f01ccae7-4d71-433d-a431-f3bbb14bf428,Los Angeles Distribution Center 1683,Los Angeles,Los Angeles,70394,46.89,Bonded
1fe337d5-19a2-483c-9a84-13795503b92f,Incheon Fulfilment Center 1684,Incheon,Incheon,35313,69.71,Regional
34793e59-7ec8-4ff8-bcf7-3eea500405d5,Mumbai Distribution Center 1685,Mumbai,Telangana,111126,70.6,Distribution
cf3ad1a5-0553-49f2-a5d6-7611f5e10e83,Yokohama Fulfilment Center 1686,Yokohama,Yokohama,114775,94.69,Bonded
c9c296f3-4aa9-4527-89ad-8f59a00866f3,Osaka Fulfilment Center 1687,Osaka,Osaka,52873,71.25,Bonded
90445ddc-02f6-463d-8bce-9c8b8d9f9e33,Singapore Regional Hub 1688,Singapore,Singapore,94119,75.35,Distribution
7cedb220-0b7d-40fe-a68d-b2c43c66494a,Tokyo Regional Hub 1689,Tokyo,Tokyo,109216,93.78,Bonded
e1fcfeea-7518-48d4-b9b9-c2be257f0e73,Abu Dhabi Regional Hub 1690,Abu Dhabi,Abu Dhabi,109514,85.3,Regional
29eefc53-d30e-4848-9281-3324e48be2a5,Kolkata Regional Hub 1691,Kolkata,Maharashtra,27977,66.17,Regional
41ec9c57-c9d1-4cd9-a2d6-627ac7065bfb,Rotterdam Regional Hub 1692,Rotterdam,Rotterdam,38131,69.72,Regional
ff3d0001-4e27-4dce-8c7c-58d43459249d,Yokohama Fulfilment Center 1693,Yokohama,Yokohama,78884,98.0,Regional
e31ca94b-4298-4af6-b240-0392fd5c16a3,Abu Dhabi Bonded Warehouse 1694,Abu Dhabi,Abu Dhabi,17546,74.85,Regional
4cb3862b-6b22-445b-892b-1886e7f4c786,Ahmedabad Fulfilment Center 1695,Ahmedabad,Delhi,96813,41.34,Distribution
8c81e989-3a63-40e0-ab21-335636eca615,Houston Regional Hub 1696,Houston,Houston,108889,37.18,Distribution
102b9221-eaab-49c2-a752-2ec78697125a,Frankfurt Bonded Warehouse 1697,Frankfurt,Frankfurt,83781,98.0,Regional
7a27a084-03e4-45fe-8a41-bd15ec27802c,Felixstowe Fulfilment Center 1698,Felixstowe,Felixstowe,61284,96.54,Regional
418e6a4d-3935-42b1-93e7-9c6b7ead0b5c,Felixstowe Fulfilment Center 1699,Felixstowe,Felixstowe,67970,83.84,Distribution
0f1d85f1-7152-47df-bca1-f28a16cc9b8f,Singapore Regional Hub 1700,Singapore,Singapore,5908,60.2,Distribution
765f350a-1f5f-415f-8a71-7798012430b9,Osaka Regional Hub 1701,Osaka,Osaka,63841,71.22,Distribution
99ac4fdf-9ec1-4b9b-bdb8-4c892c14f254,Houston Regional Hub 1702,Houston,Houston,27053,90.14,Distribution
f66a74aa-1976-4e20-bec1-fb21baba8569,Felixstowe Distribution Center 1703,Felixstowe,Felixstowe,107346,87.25,Regional
835e1752-ae6d-4034-96a1-4680c7b9afca,Dubai Regional Hub 1704,Dubai,Dubai,56357,58.22,Distribution
bbf81558-5efa-4a6b-baec-532b5ba2db64,Abu Dhabi Distribution Center 1705,Abu Dhabi,Abu Dhabi,60248,67.27,Regional
4e230e28-d67a-4f24-acf6-6ddfabfac056,Amsterdam Regional Hub 1706,Amsterdam,Amsterdam,82117,85.97,Distribution
33fa5991-abe4-40a7-b709-0f312f52d564,Rotterdam Bonded Warehouse 1707,Rotterdam,Rotterdam,116289,77.61,Distribution
00f05034-f715-436d-a190-593f9180bc91,Bremen Fulfilment Center 1708,Bremen,Bremen,11654,82.14,Regional
202f1358-b550-4f65-b178-08517ad50911,Houston Distribution Center 1709,Houston,Houston,95263,66.64,Regional
1c08ed57-4438-43b8-928e-471c272296bf,Manchester Bonded Warehouse 1710,Manchester,Manchester,96976,53.56,Distribution
74a22027-5598-4648-8a80-74d82f1d4def,Chennai Bonded Warehouse 1711,Chennai,Maharashtra,15822,64.36,Distribution
26759e1c-a121-49bf-90a1-7cb16082ce7c,Houston Bonded Warehouse 1712,Houston,Houston,64967,82.56,Regional
85eb4016-aa61-4c96-bb80-6405b6bd2b31,Manchester Regional Hub 1713,Manchester,Manchester,27661,56.58,Distribution
fbb4da86-3fe5-44a9-be79-d7c020780e05,Tokyo Fulfilment Center 1714,Tokyo,Tokyo,61355,93.69,Bonded
7ae5a2a7-4000-4121-858b-352de5fc9cbc,Singapore Bonded Warehouse 1715,Singapore,Singapore,69440,65.72,Distribution
64f6647f-e151-443f-8c39-e4a38c5a3868,London Fulfilment Center 1716,London,London,82403,72.43,Regional
1113bd4c-7ba2-4bc1-8a04-2550956d3458,Dubai Fulfilment Center 1717,Dubai,Dubai,85051,57.8,Bonded
fdbc8b81-2613-470d-b475-a50222e19b50,Ahmedabad Bonded Warehouse 1718,Ahmedabad,Karnataka,104393,81.3,Distribution
3b4e35c9-78b7-4c55-a3cc-11bc450f3fc6,Ningbo Bonded Warehouse 1719,Ningbo,Ningbo,42459,71.37,Regional
62586b06-45c1-4400-ae97-884b564a97f4,Osaka Regional Hub 1720,Osaka,Osaka,25111,79.96,Distribution
6170c02d-507e-4de3-ba6e-062808697ef5,Seoul Bonded Warehouse 1721,Seoul,Seoul,15896,64.76,Distribution
23666c0b-a8bf-44d8-908a-42d140726837,Chennai Fulfilment Center 1722,Chennai,West Bengal,10808,67.25,Distribution
9ed7aca0-1788-4fb6-9a92-080c076f9816,Busan Distribution Center 1723,Busan,Busan,90633,53.19,Regional
24fe2ddf-a582-45cb-ba59-6a69f2b88498,Guangzhou Regional Hub 1724,Guangzhou,Guangzhou,21247,81.51,Distribution
39475ff5-a616-4a7d-a2f5-ef4ec7ebe0e2,Rotterdam Fulfilment Center 1725,Rotterdam,Rotterdam,38793,75.18,Regional
3f0b2f9b-e970-4504-9cd5-3244d4f4ee93,Singapore Bonded Warehouse 1726,Singapore,Singapore,106120,93.55,Distribution
410a3872-34dd-4ad3-a3ee-82d63038e482,Los Angeles Distribution Center 1727,Los Angeles,Los Angeles,72991,85.28,Distribution
a93ea836-209e-4f2d-8b7d-67c0cb0171fa,Singapore Bonded Warehouse 1728,Singapore,Singapore,99313,93.17,Regional
b1815d25-9124-4241-a2ba-213b24d68008,London Regional Hub 1729,London,London,50432,85.36,Regional
fff13c8e-39fb-4a67-ab72-76fadc219f55,Ahmedabad Bonded Warehouse 1730,Ahmedabad,Gujarat,118886,88.58,Distribution
665c25a4-206f-4de2-bb89-a5a2e4db6780,Guangzhou Distribution Center 1731,Guangzhou,Guangzhou,84437,59.25,Distribution
cd643f26-5c0d-431a-8815-f1e2d4510968,Busan Bonded Warehouse 1732,Busan,Busan,26628,65.29,Bonded
af3c1ec3-0efd-435f-b4ad-62f315d39a29,Sharjah Bonded Warehouse 1733,Sharjah,Sharjah,76337,78.52,Bonded
e4b49e44-58ab-443d-a2f0-bfcc92dc4551,Los Angeles Regional Hub 1734,Los Angeles,Los Angeles,107297,64.12,Distribution
d2ac9a32-cb15-46a1-916a-c4022f74eac8,Dubai Regional Hub 1735,Dubai,Dubai,100057,51.83,Distribution
093cd841-c3b6-4ee1-9813-a0f029e06687,Felixstowe Distribution Center 1736,Felixstowe,Felixstowe,91271,62.03,Distribution
7485bc8b-2f03-421b-b75d-e05c64a19622,Singapore Bonded Warehouse 1737,Singapore,Singapore,82561,73.07,Regional
3d10719a-30c7-421d-99e0-3525182e1c6f,Bengaluru Bonded Warehouse 1738,Bengaluru,Gujarat,77028,82.08,Distribution
b3ecc8b2-2e85-480f-ba2c-3e45f53650b6,Mumbai Regional Hub 1739,Mumbai,Karnataka,81051,83.58,Distribution
57104a15-fd05-4de2-bcb5-7787635db485,Bengaluru Fulfilment Center 1740,Bengaluru,Maharashtra,86717,89.58,Distribution
87261217-496b-4580-8ec2-5da49dbc0a22,Guangzhou Fulfilment Center 1741,Guangzhou,Guangzhou,30050,66.86,Distribution
ae7b4788-44d9-431e-8053-9019529f042b,Felixstowe Fulfilment Center 1742,Felixstowe,Felixstowe,108620,58.54,Regional
d7dfb730-aa77-4c4d-8176-60778c4fdeff,Chicago Distribution Center 1743,Chicago,Chicago,93372,82.43,Regional
5d406bd8-913a-44b5-b3ba-bdd5ca1e6688,New York Bonded Warehouse 1744,New York,New York,38694,73.73,Distribution
15962246-488e-4220-93b5-74fefa94140e,Busan Distribution Center 1745,Busan,Busan,10246,71.83,Distribution
f18a6cb2-fca2-4a62-8142-3db2c8ba8d10,Frankfurt Bonded Warehouse 1746,Frankfurt,Frankfurt,7023,60.13,Distribution
5ed724d5-efad-44d6-ad31-1a904bad9384,Frankfurt Fulfilment Center 1747,Frankfurt,Frankfurt,47330,62.11,Bonded
c968fadf-c05d-4b0b-9831-2120e426b1cc,Abu Dhabi Regional Hub 1748,Abu Dhabi,Abu Dhabi,18135,80.92,Distribution
7005ebaa-f073-4fee-b593-69cad576a979,Singapore Regional Hub 1749,Singapore,Singapore,84374,83.17,Regional
7bc2bc83-1166-4042-afda-53d2c3e0c799,Busan Fulfilment Center 1750,Busan,Busan,110363,79.63,Distribution
6779c58a-13da-4fea-b92e-734c77e0d1e1,Amsterdam Regional Hub 1751,Amsterdam,Amsterdam,67445,79.08,Distribution
91d0dcb3-1b65-41d3-898d-8fe58b4bafd7,Manchester Fulfilment Center 1752,Manchester,Manchester,113906,78.49,Distribution
aa0f3a45-5ce1-4db0-9a8f-09c3f3c220f3,Busan Fulfilment Center 1753,Busan,Busan,17080,76.42,Distribution
0dfe0f6c-cf2a-43e4-9a00-cb48e01f8632,Rotterdam Distribution Center 1754,Rotterdam,Rotterdam,66412,66.75,Distribution
03024269-cc92-49d8-bb8a-8f26e2fa03c5,Osaka Bonded Warehouse 1755,Osaka,Osaka,67504,65.79,Bonded
046c082f-c180-4dcf-b4cb-f58906052d8b,Abu Dhabi Bonded Warehouse 1756,Abu Dhabi,Abu Dhabi,48496,63.22,Distribution
4530238b-d049-4038-a98e-2a8a75aacc4a,Singapore Distribution Center 1757,Singapore,Singapore,108821,68.73,Distribution
0fc78d8f-d3fb-409b-b2d2-76d441ef5b4b,Rotterdam Fulfilment Center 1758,Rotterdam,Rotterdam,59086,81.54,Distribution
224076eb-905c-46fb-a612-9b723c41279b,Frankfurt Distribution Center 1759,Frankfurt,Frankfurt,58462,76.41,Regional
41b68494-bebd-4dea-a54a-0fe5522f458f,Sharjah Bonded Warehouse 1760,Sharjah,Sharjah,96611,98.0,Regional
3ed14c40-4bd5-4a20-9f4f-0491d7e80042,Amsterdam Bonded Warehouse 1761,Amsterdam,Amsterdam,13226,68.66,Distribution
2b10f70a-a7cb-40ea-aa3a-3f600a300005,Tokyo Distribution Center 1762,Tokyo,Tokyo,39067,57.7,Regional
e346405d-f1f8-4cbc-a624-c222da1a93bd,Felixstowe Bonded Warehouse 1763,Felixstowe,Felixstowe,51118,85.67,Distribution
66cf739f-ff0b-4109-b8c7-febe4b0ce325,Singapore Distribution Center 1764,Singapore,Singapore,34727,81.14,Bonded
8ca0b8bb-51a8-4a15-8205-539db7d5f800,Tokyo Bonded Warehouse 1765,Tokyo,Tokyo,83015,80.87,Distribution
c35686f9-679b-4e62-987a-dacae1bee5f0,Abu Dhabi Bonded Warehouse 1766,Abu Dhabi,Abu Dhabi,41486,63.4,Distribution
884cd230-52a1-4d30-96d1-bc7aceab46d7,Singapore Bonded Warehouse 1767,Singapore,Singapore,86867,86.96,Bonded
b6b60a9d-9262-45f0-8665-f1d5d821da6c,Dubai Regional Hub 1768,Dubai,Dubai,30150,35.0,Regional
7d759d28-6412-4ca5-a63e-59db18160fa4,Abu Dhabi Regional Hub 1769,Abu Dhabi,Abu Dhabi,28365,59.69,Distribution
a53e77b2-8bd5-49f9-a36d-08609b325851,Tokyo Bonded Warehouse 1770,Tokyo,Tokyo,87973,85.91,Regional
03a6a1d3-ca52-4c5f-ba08-f26843f008e2,Amsterdam Distribution Center 1771,Amsterdam,Amsterdam,10249,69.9,Distribution
f29009aa-fb60-4b1f-8860-10bf1bfb6453,Dubai Regional Hub 1772,Dubai,Dubai,54318,58.42,Distribution
03942bba-eaf7-44ba-8ab9-ba8905f1c28c,Houston Regional Hub 1773,Houston,Houston,23218,60.64,Regional
78d24cd2-fc08-45f7-b339-e5ea1d16a44b,Kolkata Fulfilment Center 1774,Kolkata,West Bengal,46819,68.1,Distribution
ab4cd433-44f7-4ab8-a96a-489dca9e4144,Chicago Fulfilment Center 1775,Chicago,Chicago,106653,73.94,Distribution
284c072b-7957-4338-b2c2-e87a2c40186b,Tokyo Distribution Center 1776,Tokyo,Tokyo,27639,81.71,Regional
4685c0bd-6f0d-46c2-87b2-99b36adb7bcb,Bengaluru Regional Hub 1777,Bengaluru,Telangana,73735,64.31,Regional
145669b8-febd-48b1-9b19-859407b92746,Yokohama Bonded Warehouse 1778,Yokohama,Yokohama,26902,84.58,Bonded
bb8360d5-7411-4b03-bcba-0d556d547e08,Guangzhou Distribution Center 1779,Guangzhou,Guangzhou,81745,58.74,Regional
465bd720-dd29-4675-8169-26eaba59dc22,Bengaluru Distribution Center 1780,Bengaluru,Delhi,28378,64.87,Distribution
b12f5af0-f93d-4fa1-842f-2522657cc955,Singapore Distribution Center 1781,Singapore,Singapore,9056,55.38,Distribution
46d2bbd4-0cdc-45e6-90f4-1879b5c33c34,Busan Regional Hub 1782,Busan,Busan,79748,49.19,Bonded
92818f32-2a30-43af-8dfe-82b43e11aa78,Shanghai Distribution Center 1783,Shanghai,Shanghai,11274,79.98,Bonded
22bedc69-b4a8-4c17-ae7f-bddfd602cf41,Osaka Distribution Center 1784,Osaka,Osaka,57339,65.21,Regional
3cf4d29a-8117-49f8-a6ea-5274275b2526,Osaka Fulfilment Center 1785,Osaka,Osaka,70347,51.48,Distribution
f7aea73a-4a70-4896-a1dc-52775c9d5336,Singapore Bonded Warehouse 1786,Singapore,Singapore,116417,71.28,Distribution
f024fe49-0f67-49cc-b769-ebf813697f82,Tokyo Bonded Warehouse 1787,Tokyo,Tokyo,109781,71.89,Distribution
e7ed2e54-8338-4e8c-9a95-37397331f064,London Regional Hub 1788,London,London,9733,73.03,Regional
bc940ff0-5f9a-4390-82a1-ab57ae8c33f4,Chennai Bonded Warehouse 1789,Chennai,Maharashtra,32193,68.8,Bonded
f538e1ea-238f-42e2-a867-0810084e5cdf,Amsterdam Bonded Warehouse 1790,Amsterdam,Amsterdam,73023,63.61,Distribution
653b6a91-bd98-4e36-a5f7-6aaaafdf4370,Yokohama Distribution Center 1791,Yokohama,Yokohama,33132,68.9,Distribution
ba62ed3d-ccf1-4591-95b2-b9009d1d9c70,Incheon Bonded Warehouse 1792,Incheon,Incheon,17932,98.0,Distribution
af782653-812d-4a3f-9ad0-b4216c60e369,Osaka Distribution Center 1793,Osaka,Osaka,72493,45.92,Distribution
b7885238-1c6e-4c91-8ce3-2eee7e912ee1,Osaka Bonded Warehouse 1794,Osaka,Osaka,87441,49.83,Bonded
dbf4777d-5ceb-4ff4-aee0-f3a8716eb1ed,Houston Regional Hub 1795,Houston,Houston,23001,48.65,Regional
f0590a1a-cdb6-4670-a94b-bd2b247c38e7,Singapore Distribution Center 1796,Singapore,Singapore,89226,92.41,Regional
52431878-d479-4d05-9344-47945de71e8c,Singapore Bonded Warehouse 1797,Singapore,Singapore,23339,73.96,Distribution
8fa7b556-4f5b-4af9-928a-24ccde7a7f45,Singapore Distribution Center 1798,Singapore,Singapore,75300,83.91,Distribution
2b0b5d7d-1c9c-4cb8-9aca-645978936857,Frankfurt Bonded Warehouse 1799,Frankfurt,Frankfurt,65986,71.36,Distribution
c01a3a1a-7f92-41a4-998d-4c44237671df,Shenzhen Bonded Warehouse 1800,Shenzhen,Shenzhen,112031,62.82,Regional
4937d2d7-67e0-4eaa-a264-731924c0d1e8,New York Bonded Warehouse 1801,New York,New York,69507,84.39,Distribution
0b88677e-9526-456b-bdc4-75df999f2b96,Rotterdam Bonded Warehouse 1802,Rotterdam,Rotterdam,50872,79.99,Distribution
e1c48221-f283-4deb-a57f-85129252ecfa,Shanghai Fulfilment Center 1803,Shanghai,Shanghai,59377,60.98,Regional
242a88c7-4cdf-4c10-b9a0-d607333d2c60,Amsterdam Fulfilment Center 1804,Amsterdam,Amsterdam,65269,64.82,Distribution
425f1e95-4421-4a43-94f8-7a02240009e2,Hamburg Distribution Center 1805,Hamburg,Hamburg,28289,71.21,Regional
a79688ec-6d98-4bb9-8613-72cebf48db79,Shenzhen Distribution Center 1806,Shenzhen,Shenzhen,105320,64.29,Distribution
9fb9ad43-7177-4189-b412-a30fb1e57179,Manchester Fulfilment Center 1807,Manchester,Manchester,98031,93.99,Regional
190f6d72-7c72-4348-8aab-6973b86fa676,Amsterdam Fulfilment Center 1808,Amsterdam,Amsterdam,51259,37.51,Bonded
2e96c919-0fb6-4107-ba1e-e6a91e3cff12,Hamburg Distribution Center 1809,Hamburg,Hamburg,113723,82.9,Distribution
d344e724-91c3-4044-b85a-6b838357b7da,Dubai Fulfilment Center 1810,Dubai,Dubai,116607,50.08,Distribution
9f0384d6-c9a0-487c-afef-6a8e96a519a9,Ahmedabad Regional Hub 1811,Ahmedabad,Karnataka,86439,70.77,Distribution
0faee426-2a4c-447d-bfab-67b018320c7e,Yokohama Bonded Warehouse 1812,Yokohama,Yokohama,12917,80.81,Bonded
3e40cf17-d19f-44ad-8e21-da790ea4e107,Seoul Bonded Warehouse 1813,Seoul,Seoul,88064,62.66,Bonded
b5bf0234-fa4d-451e-a482-0355bda13edc,Abu Dhabi Distribution Center 1814,Abu Dhabi,Abu Dhabi,34174,79.51,Distribution
ef8e8b5b-126c-414d-aad8-a80e8088617e,Rotterdam Distribution Center 1815,Rotterdam,Rotterdam,77278,88.66,Distribution
612aad38-6d3a-420e-9767-ab95354531de,Incheon Distribution Center 1816,Incheon,Incheon,113405,67.53,Distribution
ee107e9e-2bc4-4db1-b1ed-58dc3df7d405,Rotterdam Distribution Center 1817,Rotterdam,Rotterdam,74638,53.73,Regional
d76400bd-6072-4111-a8ca-5bb5046d641d,London Fulfilment Center 1818,London,London,28752,74.65,Bonded
7dfc2893-15e5-40d3-91b4-d227496152db,Bremen Bonded Warehouse 1819,Bremen,Bremen,43740,51.01,Regional
2f8d2117-1689-430a-828f-03c51a978256,Amsterdam Bonded Warehouse 1820,Amsterdam,Amsterdam,114910,64.63,Distribution
c21c6ad6-dd02-4b31-bc29-2b75111ec66e,Sharjah Distribution Center 1821,Sharjah,Sharjah,76261,47.16,Distribution
d86e33dd-5ad2-4972-967c-57fc3ce2cc0c,Bremen Bonded Warehouse 1822,Bremen,Bremen,58073,69.23,Regional
91410d60-2aea-41e7-869e-9f77c04f03be,Singapore Fulfilment Center 1823,Singapore,Singapore,29596,74.35,Distribution
be7bd5c7-d7b5-4b8a-adbe-19c1c8846bb1,Abu Dhabi Distribution Center 1824,Abu Dhabi,Abu Dhabi,51576,84.8,Regional
195f1f98-ccc9-430f-b004-6296d17d675d,Busan Fulfilment Center 1825,Busan,Busan,104866,80.04,Distribution
65da9c8e-df1f-47b1-88fe-3cf89f80e6ca,Dubai Regional Hub 1826,Dubai,Dubai,58514,74.68,Distribution
f4665372-fbec-48a8-8dd9-498a4193600c,Felixstowe Regional Hub 1827,Felixstowe,Felixstowe,110612,90.85,Regional
8dfffeb7-3807-4d3d-8548-4d69f8aad8e8,Yokohama Regional Hub 1828,Yokohama,Yokohama,64568,79.88,Bonded
ce6daaea-80e8-4d07-8699-d0acda40dccf,Osaka Distribution Center 1829,Osaka,Osaka,108550,68.57,Bonded
dbb18113-bf22-45c7-b121-db83828e5e71,Manchester Bonded Warehouse 1830,Manchester,Manchester,103317,73.31,Regional
5770048a-0cd7-4034-9aa3-449cd62fbeaf,Incheon Fulfilment Center 1831,Incheon,Incheon,100159,81.69,Distribution
2354ebf9-8f9e-423f-9850-1356ceefe04e,London Bonded Warehouse 1832,London,London,42750,68.41,Bonded
4401eedc-48b7-49e5-97aa-bff63551f30d,Yokohama Regional Hub 1833,Yokohama,Yokohama,80795,54.06,Distribution
521c208a-aac7-42d3-bf26-ec2557b8047c,Felixstowe Regional Hub 1834,Felixstowe,Felixstowe,62119,49.95,Distribution
df6cf5e1-1f3f-41c6-bbe6-d81231d6bdf7,Ningbo Regional Hub 1835,Ningbo,Ningbo,66773,73.88,Regional
ecba231a-27bc-4b90-96df-c92fcc8c4242,Chennai Regional Hub 1836,Chennai,Tamil Nadu,114828,80.27,Distribution
56da88e7-a76e-4414-a7c8-7fbcfcfe329d,Osaka Distribution Center 1837,Osaka,Osaka,102098,63.1,Bonded
21eb7b27-c11e-422f-a66e-fcb6e33ded23,Busan Fulfilment Center 1838,Busan,Busan,98627,73.59,Distribution
9877b3ed-103a-4820-82a1-710180647ed1,Los Angeles Distribution Center 1839,Los Angeles,Los Angeles,48977,74.44,Regional
01030565-56f7-4ed7-a1ae-24955639cff6,Sharjah Bonded Warehouse 1840,Sharjah,Sharjah,84602,92.41,Regional
c8b09da3-64d8-4ff8-80c0-aa05c2e9a3ce,Chicago Regional Hub 1841,Chicago,Chicago,109701,91.09,Distribution
c3e72a98-2581-4679-8a82-3798fbb9be7a,Delhi Bonded Warehouse 1842,Delhi,Telangana,49072,77.85,Bonded
4f71d3df-4620-4b3c-afcd-13aeb80a8372,Rotterdam Distribution Center 1843,Rotterdam,Rotterdam,36924,86.11,Distribution
8abd14e8-8108-41cf-b528-14068cbf2681,Abu Dhabi Fulfilment Center 1844,Abu Dhabi,Abu Dhabi,24831,42.89,Distribution
0c8f72a7-351a-482f-b207-7f4b31ab00bf,Incheon Regional Hub 1845,Incheon,Incheon,29354,78.74,Regional
a44a075c-4224-40af-95b4-56b8ce710c7a,Osaka Bonded Warehouse 1846,Osaka,Osaka,85165,70.51,Regional
2fa0da4c-9001-4f7f-9442-6ccb615b1db3,Kolkata Bonded Warehouse 1847,Kolkata,Delhi,54960,56.08,Distribution
72ffa425-6c2b-474a-9831-d5847b45c341,Shenzhen Bonded Warehouse 1848,Shenzhen,Shenzhen,37174,69.38,Regional
689f34b1-ca39-4276-bcfe-9b4dc67d283c,Abu Dhabi Bonded Warehouse 1849,Abu Dhabi,Abu Dhabi,111910,60.72,Bonded
107c461b-af66-4845-8cfe-50446efcf7fa,Frankfurt Regional Hub 1850,Frankfurt,Frankfurt,47582,78.96,Distribution
15c03b37-ff8a-4ce3-847c-bd05b8e10765,Tokyo Regional Hub 1851,Tokyo,Tokyo,31497,97.59,Regional
4b60adbc-4ee6-4ebd-b77d-97be550cdae7,Busan Distribution Center 1852,Busan,Busan,58002,95.85,Bonded
dfef4937-9c14-44b0-9ddb-f810db0f9b4e,Sharjah Distribution Center 1853,Sharjah,Sharjah,77183,81.6,Distribution
8e40c8ea-1b7b-40f2-a844-0e5c32e86a5b,Shenzhen Regional Hub 1854,Shenzhen,Shenzhen,8301,62.51,Regional
9216aed5-b132-4ac6-9a00-6838a40726cb,Abu Dhabi Bonded Warehouse 1855,Abu Dhabi,Abu Dhabi,80223,85.3,Regional
ebf9caab-688a-42c3-a59e-ae4141e79bc8,Singapore Bonded Warehouse 1856,Singapore,Singapore,34919,64.08,Distribution
446938e1-6e31-4dea-baa5-2ccce8c49710,Busan Bonded Warehouse 1857,Busan,Busan,56300,93.04,Distribution
498fa436-f0e1-4fb6-a2c7-0ade70e58bff,Tokyo Bonded Warehouse 1858,Tokyo,Tokyo,39332,84.44,Regional
249f1a62-5335-4c44-ae95-3bfe29df96c2,Seoul Fulfilment Center 1859,Seoul,Seoul,117826,63.63,Regional
918d51c2-1491-4bb4-a343-788acac68d11,Yokohama Distribution Center 1860,Yokohama,Yokohama,11811,71.88,Regional
8a82764f-44b2-4770-98e9-ad650715c08c,Guangzhou Distribution Center 1861,Guangzhou,Guangzhou,64727,95.11,Regional
a2be7cdd-28ad-48a8-9d13-a17771f899df,Yokohama Regional Hub 1862,Yokohama,Yokohama,60909,98.0,Distribution
854a1323-dbaf-4fa3-bdef-f20e8426dca8,Shanghai Regional Hub 1863,Shanghai,Shanghai,106044,94.39,Distribution
2c450249-6b2a-400e-a1ff-669f0a3507ba,Seoul Fulfilment Center 1864,Seoul,Seoul,21515,71.93,Regional
a74106d6-0e47-4f3b-b5ea-84e8b7c236c4,Ahmedabad Bonded Warehouse 1865,Ahmedabad,Maharashtra,36289,57.96,Regional
dfb60beb-80ed-4513-8e2d-814ba455284f,Shanghai Bonded Warehouse 1866,Shanghai,Shanghai,84498,74.46,Distribution
3a60793f-957f-4b10-824a-698488379a30,Tokyo Bonded Warehouse 1867,Tokyo,Tokyo,42675,75.99,Distribution
c94d2e7c-c0a3-4cd6-a0e3-507fb5eb82b3,Hamburg Bonded Warehouse 1868,Hamburg,Hamburg,95318,76.36,Distribution
3ac1888f-ae1e-403a-93b0-65c3b1cc9952,Amsterdam Distribution Center 1869,Amsterdam,Amsterdam,10989,58.14,Distribution
1b4b4d49-29d8-45de-ad05-769f1da6d8e8,Mumbai Regional Hub 1870,Mumbai,Karnataka,80165,63.87,Regional
f6f5b56e-056f-45bf-abc8-e7673ac49b97,Singapore Distribution Center 1871,Singapore,Singapore,19209,66.16,Distribution
4e9a055d-39fd-4324-acdc-8bf30ca5ba59,Singapore Distribution Center 1872,Singapore,Singapore,24018,55.35,Distribution
1e56a30c-396c-49a5-9d46-3a151c11de44,Incheon Fulfilment Center 1873,Incheon,Incheon,88397,56.74,Regional
480607e1-86c8-4c06-a8e9-77ec071ed368,Los Angeles Regional Hub 1874,Los Angeles,Los Angeles,112034,58.07,Regional
47fe5228-6370-415e-b182-7b1b463e594e,Amsterdam Bonded Warehouse 1875,Amsterdam,Amsterdam,39182,71.79,Bonded
57f2ea4c-d8b7-48d5-bc56-3c0e2b608bcb,Incheon Bonded Warehouse 1876,Incheon,Incheon,9615,73.27,Regional
8ba47379-4dde-4e94-b4a8-7ddba70f164d,Singapore Fulfilment Center 1877,Singapore,Singapore,28666,81.91,Regional
e35736a9-ac67-4c3f-950a-f1a6a5f00a20,London Regional Hub 1878,London,London,84276,69.04,Distribution
2b0dc04b-1f4e-485a-963f-de3635cb207e,Busan Regional Hub 1879,Busan,Busan,53329,98.0,Distribution
9f2986cc-85bc-4a2f-bc03-7b0101ef77cd,Delhi Regional Hub 1880,Delhi,Karnataka,79528,85.12,Distribution
2cc66f45-b1af-431d-86e5-f45ed3e4dcbb,London Regional Hub 1881,London,London,5237,84.31,Regional
48eeb16d-fc3c-44dd-9ec4-d8d0032d5cab,Hamburg Fulfilment Center 1882,Hamburg,Hamburg,57812,67.54,Distribution
2e678beb-3a9d-4ae7-be14-d4a30d97e526,Ahmedabad Fulfilment Center 1883,Ahmedabad,Maharashtra,93231,93.48,Distribution
0cf77910-2573-4678-8a6b-b7a78eeb1e59,Abu Dhabi Bonded Warehouse 1884,Abu Dhabi,Abu Dhabi,91171,64.53,Distribution
366e9c95-4c99-4ca1-8b11-615dad63a69b,Osaka Bonded Warehouse 1885,Osaka,Osaka,46374,91.2,Distribution
6846cc7f-2876-4b8d-afd0-17e73c81e251,Ningbo Bonded Warehouse 1886,Ningbo,Ningbo,27658,55.51,Bonded
12bace8a-6a18-43d7-8259-07d86fd7a23b,Hamburg Bonded Warehouse 1887,Hamburg,Hamburg,52624,71.14,Distribution
bd502777-1dcf-4e4f-81ba-976fc5adddce,Abu Dhabi Distribution Center 1888,Abu Dhabi,Abu Dhabi,79769,57.88,Regional
d78e8ded-8293-4d3a-a538-ffab85ecdf30,Shenzhen Bonded Warehouse 1889,Shenzhen,Shenzhen,67117,92.96,Distribution
f673f36c-75d1-4922-b722-53762e0c8193,Kolkata Bonded Warehouse 1890,Kolkata,Telangana,45740,76.63,Distribution
1833337b-9d3a-4020-9306-96353604cef3,Felixstowe Fulfilment Center 1891,Felixstowe,Felixstowe,57562,77.03,Regional
46ed243e-0897-4c95-9fcf-0b29e57bfff0,Chennai Fulfilment Center 1892,Chennai,Gujarat,70266,83.1,Bonded
2f4c0d4b-1d34-45d5-899a-e96a65b649d6,Chicago Distribution Center 1893,Chicago,Chicago,13281,84.47,Regional
477ab7f0-f5a3-421b-bafe-6fe6bacd6091,Amsterdam Distribution Center 1894,Amsterdam,Amsterdam,57695,63.25,Distribution
108cc104-8277-4d6e-9a40-bcaf97dd7dd3,Abu Dhabi Bonded Warehouse 1895,Abu Dhabi,Abu Dhabi,10092,67.78,Distribution
159c158b-b4dd-487e-b1c4-0bc11da677bb,Shanghai Distribution Center 1896,Shanghai,Shanghai,103072,71.11,Distribution
eb698acf-5e4c-4a0c-8a47-36994d116ac6,Sharjah Regional Hub 1897,Sharjah,Sharjah,57325,79.27,Distribution
e620191d-5ae3-43e6-9cd2-a3391878f6bf,Abu Dhabi Distribution Center 1898,Abu Dhabi,Abu Dhabi,73424,80.7,Regional
e3179743-669c-499d-82aa-479d2c28d735,Abu Dhabi Distribution Center 1899,Abu Dhabi,Abu Dhabi,14974,68.06,Distribution
64667851-a216-43e9-ad07-90cd34556bd3,London Fulfilment Center 1900,London,London,89075,86.77,Regional
bd0ecec1-6d02-452a-885c-00cb77bd9920,Hamburg Regional Hub 1901,Hamburg,Hamburg,22447,69.89,Regional
cf4b7125-e6f4-400a-90e4-0940754f3b1c,Bengaluru Distribution Center 1902,Bengaluru,Maharashtra,93085,86.88,Bonded
4c1a096b-b0bd-4bd8-b136-73ff531c3eff,Incheon Regional Hub 1903,Incheon,Incheon,60802,83.11,Bonded
976def55-9f65-4666-9c14-f07a295a0074,Yokohama Fulfilment Center 1904,Yokohama,Yokohama,7481,73.48,Distribution
2c0266e5-6a22-474b-8395-36ff8854b379,Singapore Distribution Center 1905,Singapore,Singapore,41962,68.87,Distribution
775ab4e2-85e5-4cea-aa39-494245722fb2,Singapore Bonded Warehouse 1906,Singapore,Singapore,53593,93.71,Distribution
79d1505a-866d-4af3-bded-b1a76a1c62b7,Osaka Fulfilment Center 1907,Osaka,Osaka,104547,71.97,Regional
f80864f8-87e2-4ed7-8877-3f118fe2b2d1,London Fulfilment Center 1908,London,London,80379,92.56,Distribution
568a2df3-65a6-46a9-8025-80b468aaa1fc,Sharjah Fulfilment Center 1909,Sharjah,Sharjah,31338,48.44,Distribution
d7ca739c-4378-469e-910e-8ed86bfb05e1,Chennai Regional Hub 1910,Chennai,West Bengal,57971,77.57,Distribution
71f0e944-e4e2-407e-8ab2-53cfcc6c1093,Amsterdam Regional Hub 1911,Amsterdam,Amsterdam,18629,78.28,Regional
3948babd-9745-4836-bf4a-d74fdc208deb,Dubai Regional Hub 1912,Dubai,Dubai,46018,70.07,Distribution
742b8f93-d2d1-439c-9cf1-2284ee5d8165,Guangzhou Bonded Warehouse 1913,Guangzhou,Guangzhou,52424,67.83,Distribution
19c69eaa-d502-402f-9bf7-9b3587b2e419,Abu Dhabi Regional Hub 1914,Abu Dhabi,Abu Dhabi,96206,67.82,Bonded
dffde4f0-361e-46f6-a034-70e5ad0c02d0,Ahmedabad Distribution Center 1915,Ahmedabad,Delhi,64659,67.39,Bonded
2404bcf0-2157-473a-bf96-0e52bf761f86,Rotterdam Fulfilment Center 1916,Rotterdam,Rotterdam,39660,65.21,Distribution
38432926-0028-412c-9f11-abfce0b2bb29,Kolkata Distribution Center 1917,Kolkata,Tamil Nadu,66745,84.73,Distribution
0d381469-53ff-44a6-ae2b-1094961b1d00,Singapore Regional Hub 1918,Singapore,Singapore,55939,55.65,Distribution
3e4a3e05-1f12-4206-b554-99d8cdf03206,Tokyo Fulfilment Center 1919,Tokyo,Tokyo,96642,69.93,Distribution
1114a219-234c-4235-b83b-2bd00480ee79,Chicago Fulfilment Center 1920,Chicago,Chicago,26165,90.2,Distribution
9e64cbf1-891f-44fe-b204-09841b226346,Felixstowe Distribution Center 1921,Felixstowe,Felixstowe,16837,67.36,Distribution
ae6af598-9c87-479c-b52a-305a2faf65ad,Chennai Regional Hub 1922,Chennai,Delhi,57765,61.61,Regional
2573c7e9-edf1-4fa3-a2b6-64e02602dac7,Hamburg Fulfilment Center 1923,Hamburg,Hamburg,114955,83.97,Distribution
a753542a-07e8-47c1-b35e-809af371c29d,Felixstowe Regional Hub 1924,Felixstowe,Felixstowe,22151,90.79,Distribution
5f862cd1-63e1-4f24-8e34-11122dcf4736,Chicago Bonded Warehouse 1925,Chicago,Chicago,91280,68.47,Regional
b37b6fd8-abe2-4635-a144-ba700c08bce1,Bremen Fulfilment Center 1926,Bremen,Bremen,118531,86.32,Distribution
a789eae3-8944-4a88-8107-3c892a4bb237,Amsterdam Bonded Warehouse 1927,Amsterdam,Amsterdam,53374,84.73,Regional
f46cfe79-a9ef-4179-9527-0e5d07c72cd4,Singapore Regional Hub 1928,Singapore,Singapore,78960,79.92,Regional
c2b5018b-3b51-489b-aa99-f1aa42aeb783,Frankfurt Distribution Center 1929,Frankfurt,Frankfurt,74305,86.65,Regional
f0e14ac8-3321-4715-acc4-49d331b57b25,Rotterdam Bonded Warehouse 1930,Rotterdam,Rotterdam,109424,82.03,Distribution
61d57cb2-1bf3-4b60-907d-03407837dc26,New York Fulfilment Center 1931,New York,New York,105703,42.95,Distribution
3c9eead5-5895-48cf-a65c-65be281277b6,Hamburg Bonded Warehouse 1932,Hamburg,Hamburg,107882,75.41,Regional
169e1922-23b0-4474-a731-1b817fbe3c41,Guangzhou Bonded Warehouse 1933,Guangzhou,Guangzhou,112356,71.99,Distribution
a4a1d79a-1bd0-4b39-9cd5-6881151f9117,Seoul Distribution Center 1934,Seoul,Seoul,115339,80.51,Distribution
1cec2548-598d-4d5c-ad11-030849cc9dcd,Delhi Regional Hub 1935,Delhi,Delhi,11444,60.33,Distribution
f675313b-d212-47a7-a893-52e78c601f02,Busan Regional Hub 1936,Busan,Busan,106225,80.41,Bonded
1a155074-a15d-41c3-9845-ba0845a102c3,Osaka Fulfilment Center 1937,Osaka,Osaka,111357,53.14,Bonded
0e5e852f-a7d8-41d3-b475-e0434718f467,Singapore Regional Hub 1938,Singapore,Singapore,20962,70.81,Regional
f74e9946-497c-4f77-ae89-a6125ef4fd36,Mumbai Regional Hub 1939,Mumbai,Telangana,17925,68.17,Distribution
12fe9e06-ed24-4c89-96e4-fa74950ff403,Ningbo Distribution Center 1940,Ningbo,Ningbo,35666,62.4,Distribution
ac797406-d5c0-4084-a477-38a83b289170,Shenzhen Fulfilment Center 1941,Shenzhen,Shenzhen,62429,81.69,Distribution
5c98c1be-cbc3-4a9b-a24f-3d1778792715,Bengaluru Bonded Warehouse 1942,Bengaluru,Telangana,62579,73.99,Distribution
54f23f09-acc4-4a49-9289-6c31f34eba05,Shenzhen Regional Hub 1943,Shenzhen,Shenzhen,82949,82.66,Bonded
729300d9-a18e-4892-aea9-d2b7c49b673b,Tokyo Distribution Center 1944,Tokyo,Tokyo,99097,79.45,Distribution
d5311a54-fb85-4c21-9074-38f62ba93d1c,Rotterdam Distribution Center 1945,Rotterdam,Rotterdam,95683,57.35,Distribution
148013b1-43f6-4604-a0c8-6e7c9a6442ff,Houston Fulfilment Center 1946,Houston,Houston,23241,68.9,Regional
a5342a71-2c35-45ff-8226-f536d6750f41,Hamburg Distribution Center 1947,Hamburg,Hamburg,37264,65.32,Distribution
38462b54-eb3e-42cb-a9f7-026a421951e0,Abu Dhabi Bonded Warehouse 1948,Abu Dhabi,Abu Dhabi,9399,56.27,Regional
f173adb8-4765-4b6a-b611-39fbcc5124ba,Yokohama Bonded Warehouse 1949,Yokohama,Yokohama,21280,68.64,Distribution
2b0381db-ea9f-428a-a41c-684920f4bf72,Chennai Fulfilment Center 1950,Chennai,Delhi,76636,48.92,Bonded
cd92673b-a4fa-480f-80f6-bfc337a0f3ee,Frankfurt Distribution Center 1951,Frankfurt,Frankfurt,22262,77.95,Distribution
b2a37da4-a698-40a0-8b97-b3e74bc8e1b1,Singapore Regional Hub 1952,Singapore,Singapore,108755,45.03,Bonded
f0d594ca-a203-4e3f-9d6c-84181acd093c,Shanghai Bonded Warehouse 1953,Shanghai,Shanghai,95928,85.86,Distribution
fb674956-008a-484a-9ab7-450bbf9aba9f,Abu Dhabi Fulfilment Center 1954,Abu Dhabi,Abu Dhabi,37340,64.14,Distribution
4fc88c5f-5981-47b3-829b-74645c4869e4,Mumbai Distribution Center 1955,Mumbai,Telangana,34623,67.76,Distribution
438b1745-3dc3-45ff-b02c-1421d7ebd221,Bremen Regional Hub 1956,Bremen,Bremen,79310,80.34,Distribution
f7354566-f4ef-415d-91d3-0aa37825dbd4,Sharjah Distribution Center 1957,Sharjah,Sharjah,12296,98.0,Distribution
a712512b-0bf8-436c-933b-769a8c743219,Tokyo Distribution Center 1958,Tokyo,Tokyo,36850,86.97,Regional
4d268a66-3485-4a4f-af58-1010c19f2d50,Bengaluru Fulfilment Center 1959,Bengaluru,Telangana,96174,59.61,Distribution
4ef5eab5-5676-4023-90bf-26b8b5c0be65,Abu Dhabi Bonded Warehouse 1960,Abu Dhabi,Abu Dhabi,25495,58.95,Bonded
7134c359-8e2b-4529-a233-797263f93ff2,Abu Dhabi Fulfilment Center 1961,Abu Dhabi,Abu Dhabi,67231,44.16,Regional
c7988555-5c86-4b4d-82c7-bd1935be29cb,Bengaluru Bonded Warehouse 1962,Bengaluru,West Bengal,27627,80.25,Regional
c5699c79-e66b-443e-b469-794a320fe2a7,Chennai Fulfilment Center 1963,Chennai,Telangana,67000,80.98,Regional
f154c3e8-f209-4a67-9486-a9c47be88436,Singapore Distribution Center 1964,Singapore,Singapore,54388,87.58,Distribution
aef25c87-aceb-4150-ad34-367739a224a3,Shanghai Distribution Center 1965,Shanghai,Shanghai,23697,70.25,Distribution
f8d007a5-22f8-4259-abb2-6b81a2ebb515,Rotterdam Bonded Warehouse 1966,Rotterdam,Rotterdam,12127,76.54,Distribution
d481c169-565d-4aa2-a5f8-c3bb1f841395,Chennai Regional Hub 1967,Chennai,Delhi,114614,51.08,Distribution
14868f3d-90fe-4a4e-b7c1-e1da2c21e737,Sharjah Bonded Warehouse 1968,Sharjah,Sharjah,74297,61.88,Regional
0375873d-c7ca-4270-bd36-d9276aafbf7e,Houston Regional Hub 1969,Houston,Houston,68014,68.0,Distribution
732eed5b-f81a-439d-812a-3a33c03d6be3,Manchester Fulfilment Center 1970,Manchester,Manchester,7765,77.85,Distribution
a469e9f5-3dee-4573-a7e9-4af0d09a4f9f,Shenzhen Fulfilment Center 1971,Shenzhen,Shenzhen,61917,76.32,Regional
f65110b9-6854-4e2b-bbe6-54798dc92193,Abu Dhabi Regional Hub 1972,Abu Dhabi,Abu Dhabi,20744,64.44,Distribution
6ea48a0d-ca23-4ca7-93f0-bfcd6bff3260,Hamburg Distribution Center 1973,Hamburg,Hamburg,112883,59.79,Distribution
ffc943a3-8ba5-4cbd-82d5-ce17a5b17f62,Yokohama Regional Hub 1974,Yokohama,Yokohama,87732,94.19,Distribution
d7adf9a6-71ac-43e1-b57e-e5aff9d5464e,Shanghai Regional Hub 1975,Shanghai,Shanghai,42874,84.47,Distribution
ac4b7d26-36e7-46e1-80de-11b41cfc3229,Busan Bonded Warehouse 1976,Busan,Busan,53531,96.3,Distribution
5608e307-2eda-4599-839a-36cef531672d,Hamburg Fulfilment Center 1977,Hamburg,Hamburg,31048,83.06,Distribution
093550b1-9bb7-4cc4-842e-426a8118402a,Delhi Fulfilment Center 1978,Delhi,Maharashtra,56152,62.35,Regional
24163388-d89d-4b24-92e0-8de5997339ce,Bremen Distribution Center 1979,Bremen,Bremen,33197,67.51,Distribution
d7ef7cf5-ea79-4d8d-ad18-42b3c8cbe244,Los Angeles Regional Hub 1980,Los Angeles,Los Angeles,27798,69.66,Regional
278c84ef-cdcb-445b-b580-365bf7df9d8a,Shenzhen Regional Hub 1981,Shenzhen,Shenzhen,40550,90.98,Distribution
b5c81066-9180-4578-a53e-b998b7987217,Abu Dhabi Distribution Center 1982,Abu Dhabi,Abu Dhabi,36341,60.47,Distribution
466ad5ab-c4ff-4aeb-9d71-5f4afd00ac58,Dubai Bonded Warehouse 1983,Dubai,Dubai,28705,65.53,Distribution
bf57cbf4-fab4-41cf-8a02-e915b46213e1,Ningbo Regional Hub 1984,Ningbo,Ningbo,39705,96.5,Regional
45c67288-f9f8-4405-a8c6-30dae0f2282e,Shenzhen Bonded Warehouse 1985,Shenzhen,Shenzhen,65869,93.33,Regional
c90ce1b3-c813-4679-9d87-2d3c4e84b7a5,Houston Bonded Warehouse 1986,Houston,Houston,53211,69.97,Bonded
34f96d88-d375-4766-9bcb-ddb2520b0cf8,Frankfurt Regional Hub 1987,Frankfurt,Frankfurt,46550,76.37,Distribution
22fb40a2-da14-4e0a-aa7b-d598754ca686,Ahmedabad Distribution Center 1988,Ahmedabad,West Bengal,50318,68.31,Distribution
338c4d48-e566-45f6-a7e0-08121a7630a6,Shenzhen Distribution Center 1989,Shenzhen,Shenzhen,118429,57.3,Regional
8478287e-f876-4292-ab0f-bc80fede57a0,Manchester Fulfilment Center 1990,Manchester,Manchester,91501,75.93,Bonded
58a89489-73aa-46fd-99b0-e17a2caf9be0,Houston Regional Hub 1991,Houston,Houston,64501,68.87,Distribution
4f78ad95-4064-44d2-a652-6dd7f2ed1039,Busan Regional Hub 1992,Busan,Busan,6583,44.67,Regional
017aab7f-f151-45a4-9c76-8d588926a830,Felixstowe Distribution Center 1993,Felixstowe,Felixstowe,70537,60.35,Distribution
b78cf8b7-77fd-4b72-b595-22e5b7a61886,London Distribution Center 1994,London,London,9775,59.44,Bonded
0cd6b683-27f7-4d6e-bd6f-51b6dd36ec72,Chennai Fulfilment Center 1995,Chennai,Karnataka,49036,84.98,Bonded
39362ab0-a40e-46ce-8101-8dcb7b658bb6,Ahmedabad Fulfilment Center 1996,Ahmedabad,Delhi,98596,63.97,Distribution
9cf101e0-6f58-4670-8072-6c2cf482f727,Tokyo Distribution Center 1997,Tokyo,Tokyo,7452,80.25,Regional
f26943c9-30fa-44ca-b5e7-fec878d1d0da,Busan Distribution Center 1998,Busan,Busan,88766,78.15,Regional
256f9078-2707-4874-a104-f460b52b090b,Singapore Regional Hub 1999,Singapore,Singapore,61859,59.37,Distribution
41b20a1b-ca67-4d85-ad33-e2e0ece1f369,Hamburg Bonded Warehouse 2000,Hamburg,Hamburg,42395,95.92,Distribution
543f3eeb-9563-426c-abda-626b5286445c,Tokyo Regional Hub 2001,Tokyo,Tokyo,8901,75.56,Distribution
6de27995-fb1c-4656-8c5c-395db462891f,Amsterdam Fulfilment Center 2002,Amsterdam,Amsterdam,106787,82.09,Bonded
bcaa5532-d273-4006-a685-b2e4ece981a2,Guangzhou Bonded Warehouse 2003,Guangzhou,Guangzhou,29649,87.89,Distribution
7ab2724e-44c2-4bea-bac6-a1c0072e16d2,Busan Bonded Warehouse 2004,Busan,Busan,77793,60.4,Distribution
060c112b-52a4-40a0-91e9-7cc307c9ce92,Ningbo Distribution Center 2005,Ningbo,Ningbo,13466,85.4,Distribution
b17e3502-096b-4e76-a152-c2dcb8e2574e,Shanghai Bonded Warehouse 2006,Shanghai,Shanghai,110427,69.0,Distribution
6b5d8174-0171-426f-b64b-ccb74a1a436a,Ahmedabad Fulfilment Center 2007,Ahmedabad,West Bengal,101074,69.99,Distribution
bc484cf7-207d-40a6-bfe3-cdded3eaeb1d,Abu Dhabi Distribution Center 2008,Abu Dhabi,Abu Dhabi,23433,57.64,Bonded
f1bc9e15-468c-4f2b-9fb2-b8aaa097ef9e,Ningbo Bonded Warehouse 2009,Ningbo,Ningbo,111798,76.16,Regional
41471769-13f7-4105-b9c0-0a968ff3fd9a,Hyderabad Regional Hub 2010,Hyderabad,Karnataka,114941,61.97,Regional
cf78f60e-bf35-4475-82f9-a9ef9e596320,Hyderabad Distribution Center 2011,Hyderabad,Gujarat,32045,84.56,Regional
2ffe635d-1fbf-412f-9cb2-25371b4af51a,Busan Regional Hub 2012,Busan,Busan,47931,67.73,Distribution
7d4f836a-5823-4768-beb6-5e931ade8f00,Bremen Distribution Center 2013,Bremen,Bremen,100149,45.69,Distribution
f4b4affd-864f-47a2-a146-b1d799203e09,Singapore Regional Hub 2014,Singapore,Singapore,63215,67.0,Bonded
bac4f040-5b3e-4255-bc39-1b0a1b7a5b4c,Kolkata Fulfilment Center 2015,Kolkata,Karnataka,19867,77.82,Distribution
a1c2e642-e6da-4703-bdb5-5ef3ced95a82,Bremen Regional Hub 2016,Bremen,Bremen,26552,58.29,Distribution
0812c4d1-6493-4af7-a04c-3f546535ca9d,Incheon Regional Hub 2017,Incheon,Incheon,81632,77.73,Regional
e4cfb29c-4eab-4486-8d49-cdcc27692130,Hamburg Regional Hub 2018,Hamburg,Hamburg,111768,72.99,Distribution
58260640-607b-432d-b13e-2e2835398311,Chicago Bonded Warehouse 2019,Chicago,Chicago,31293,69.44,Regional
d614304e-778d-49b9-83dd-cc6f27463ce2,Frankfurt Distribution Center 2020,Frankfurt,Frankfurt,60585,72.15,Distribution
99bb16f0-29fe-4c1f-81e3-4ff997f112d4,Seoul Distribution Center 2021,Seoul,Seoul,20250,77.68,Distribution
3ea3bb9c-95c3-4fdd-b451-e06ec4e7a0e8,Frankfurt Fulfilment Center 2022,Frankfurt,Frankfurt,76062,62.9,Regional
75b2d581-f04c-43e4-9fee-ceeaec430612,London Fulfilment Center 2023,London,London,6386,57.42,Regional
4210e478-5561-4892-b6f0-f276bae591f3,New York Distribution Center 2024,New York,New York,63365,81.64,Distribution
58f578da-de5e-4fc0-9fbc-df63f07ec6d2,Busan Fulfilment Center 2025,Busan,Busan,40484,63.06,Regional
8a4fe009-0744-4b8e-8ef1-c55237f981bd,Ningbo Regional Hub 2026,Ningbo,Ningbo,103632,71.03,Distribution
ab4142e7-a31f-4947-b1d6-b6d6fe07d60e,Rotterdam Distribution Center 2027,Rotterdam,Rotterdam,14259,65.61,Distribution
26dae31a-c4f0-42e8-98d6-0f36961cf197,Shenzhen Regional Hub 2028,Shenzhen,Shenzhen,93960,92.26,Regional
8541ba2f-efa1-4a17-a48a-b7e167adc8c2,Rotterdam Distribution Center 2029,Rotterdam,Rotterdam,81228,68.15,Distribution
c816cd5d-616d-4649-a29e-e93fd613dd3d,Singapore Regional Hub 2030,Singapore,Singapore,6472,79.8,Distribution
110c617e-eb63-4259-8c2f-637c60ed5de0,Houston Fulfilment Center 2031,Houston,Houston,114455,76.82,Distribution
c1bb38ac-330d-466f-b8d8-a3246f923fc4,Delhi Fulfilment Center 2032,Delhi,Tamil Nadu,37648,79.64,Distribution
822780f3-9703-401e-90eb-c2e3fc139fc0,Sharjah Distribution Center 2033,Sharjah,Sharjah,65886,68.16,Distribution
2f1175e9-c37d-4367-9d86-b46ba824c55c,Felixstowe Distribution Center 2034,Felixstowe,Felixstowe,28218,68.87,Distribution
255daa60-292e-4540-9b00-9223f4317628,Guangzhou Bonded Warehouse 2035,Guangzhou,Guangzhou,54757,87.08,Bonded
9d6c659d-65ff-46cd-bda8-78a42c15193f,Rotterdam Regional Hub 2036,Rotterdam,Rotterdam,56361,91.18,Bonded
74405c8f-a257-4e3b-846f-591ad0ee0397,Seoul Distribution Center 2037,Seoul,Seoul,38044,98.0,Distribution
4146413c-2d2c-451f-9765-7c9f2e22f76f,Bremen Bonded Warehouse 2038,Bremen,Bremen,73587,65.43,Distribution
ee601f53-0f11-4ce7-a541-8ad9e6a3abdf,Abu Dhabi Bonded Warehouse 2039,Abu Dhabi,Abu Dhabi,18383,81.25,Regional
ef3e73b5-a29a-4c61-9433-493c6aebf63c,Seoul Distribution Center 2040,Seoul,Seoul,88028,57.17,Distribution
b6da4070-5138-485a-8fce-f28f325749de,Bremen Distribution Center 2041,Bremen,Bremen,30780,73.39,Distribution
7573f072-d034-4e5f-94a2-216a073e6686,Incheon Distribution Center 2042,Incheon,Incheon,76557,76.78,Distribution
aa2a7412-d7a1-4ced-af60-e54b1901616a,Rotterdam Fulfilment Center 2043,Rotterdam,Rotterdam,18044,50.04,Regional
57b1bf82-55cf-4ad6-983f-09ac8b737c47,Rotterdam Fulfilment Center 2044,Rotterdam,Rotterdam,58376,84.99,Distribution
2347ccac-8426-495e-817a-79bb15c3e193,Yokohama Bonded Warehouse 2045,Yokohama,Yokohama,83763,75.78,Bonded
3fae5416-a97b-4402-a400-de6ce962164e,Shanghai Regional Hub 2046,Shanghai,Shanghai,106416,75.4,Bonded
55974c17-2526-41db-b11b-5279814eaeac,Singapore Fulfilment Center 2047,Singapore,Singapore,104440,78.19,Bonded
2ac23841-b3aa-4418-be47-275ba121cc02,Chicago Bonded Warehouse 2048,Chicago,Chicago,102397,75.96,Distribution
715026c4-bf87-4e04-9a4f-642bf8d9beec,Seoul Distribution Center 2049,Seoul,Seoul,35963,71.42,Bonded
d51bdce4-3f99-4771-adfb-0554bad6dc3e,Yokohama Bonded Warehouse 2050,Yokohama,Yokohama,44253,75.71,Distribution
4e9fc60e-85cc-4ef7-9583-09bc1e5af03b,Shenzhen Bonded Warehouse 2051,Shenzhen,Shenzhen,44099,61.61,Distribution
b2c7cd70-5b57-4c1a-83e8-fd456089e042,Singapore Distribution Center 2052,Singapore,Singapore,83983,65.2,Regional
312c7425-5984-4372-9559-ad7ff14bd8b0,Abu Dhabi Bonded Warehouse 2053,Abu Dhabi,Abu Dhabi,16119,63.86,Regional
403f1925-36bb-4b8b-b188-1bb0cc852871,Guangzhou Fulfilment Center 2054,Guangzhou,Guangzhou,27344,98.0,Regional
e7db7cd9-9c12-4a76-a638-23396cebb165,Sharjah Fulfilment Center 2055,Sharjah,Sharjah,41911,56.06,Bonded
6cb07fc2-50a0-4ef4-8708-43b867485647,Mumbai Regional Hub 2056,Mumbai,Delhi,104192,73.44,Regional
3b1fad8e-5bf2-4ed7-8e7b-61ac471bba5a,Bremen Fulfilment Center 2057,Bremen,Bremen,52969,98.0,Distribution
6385e60b-825f-4b52-a209-bd1a2f926439,Incheon Distribution Center 2058,Incheon,Incheon,45232,73.06,Bonded
a01e0783-4fc9-4e4b-b435-d37b03c743e3,Delhi Distribution Center 2059,Delhi,Telangana,28749,75.09,Regional
ac52bd6d-1f58-4069-bc7f-3427e0b82a38,Hamburg Bonded Warehouse 2060,Hamburg,Hamburg,27855,83.44,Distribution
bfdf79dc-aaab-4480-aff3-88f5aaf0396c,Tokyo Fulfilment Center 2061,Tokyo,Tokyo,85735,59.8,Distribution
f5fb9165-99ce-4ea0-9931-9930fdeaaa16,Bremen Fulfilment Center 2062,Bremen,Bremen,67120,62.61,Distribution
0a43240e-054e-4ca9-b94e-6de987273861,Shanghai Regional Hub 2063,Shanghai,Shanghai,114012,68.34,Distribution
bbc8cba6-e089-405f-adb0-d0cc253e15f0,Rotterdam Regional Hub 2064,Rotterdam,Rotterdam,8948,73.55,Distribution
9cc479a6-6a28-4a33-8d07-20d725283423,Singapore Fulfilment Center 2065,Singapore,Singapore,23685,83.56,Distribution
210c4539-a82c-447d-a2e2-2fc0f7888656,Ningbo Bonded Warehouse 2066,Ningbo,Ningbo,23352,90.41,Regional
43ee60ca-8c33-4721-add1-bb085b1f3026,Singapore Distribution Center 2067,Singapore,Singapore,78029,78.63,Bonded
7171ed5d-3d58-4331-b4bc-9c18195fbc5a,Ningbo Fulfilment Center 2068,Ningbo,Ningbo,90614,48.11,Distribution
8f04e2f3-a6df-45fb-9e06-1aea0cb195fb,Bremen Distribution Center 2069,Bremen,Bremen,99278,60.54,Regional
33b28892-ceb6-4564-a9a9-0567b6c03866,Singapore Regional Hub 2070,Singapore,Singapore,102684,92.41,Distribution
82431a8f-4b02-40f4-a399-a1ce79bdabb3,Tokyo Distribution Center 2071,Tokyo,Tokyo,80139,40.73,Distribution
560bf141-8912-47dd-9da7-eabebad6f94e,Ningbo Fulfilment Center 2072,Ningbo,Ningbo,47422,77.47,Distribution
f5c32d1b-2227-4808-a7f5-62b55d86bd0a,Los Angeles Bonded Warehouse 2073,Los Angeles,Los Angeles,26187,59.93,Regional
ab2583de-c114-49e7-8c17-01f4aa525e67,Guangzhou Distribution Center 2074,Guangzhou,Guangzhou,78231,69.55,Regional
b9682f19-5603-4858-90fc-64d30e4f6aac,New York Fulfilment Center 2075,New York,New York,11006,88.37,Distribution
1d9c7f16-41e5-4433-8968-5031d4cf67f3,Houston Fulfilment Center 2076,Houston,Houston,16741,78.25,Regional
89211375-2dc5-4caf-bec2-ffdc4f05f117,Singapore Regional Hub 2077,Singapore,Singapore,25939,67.9,Distribution
cac8a534-3f14-4683-9cd4-f553a074b086,Hamburg Bonded Warehouse 2078,Hamburg,Hamburg,62443,60.48,Distribution
41176838-5388-4845-bc26-4daa5381704e,Rotterdam Fulfilment Center 2079,Rotterdam,Rotterdam,111924,58.63,Regional
adf2bf3f-a3aa-4977-ba30-e47612ecd449,Guangzhou Distribution Center 2080,Guangzhou,Guangzhou,30451,79.19,Regional
77e67889-2eea-4684-90f8-9506240e2016,Tokyo Regional Hub 2081,Tokyo,Tokyo,48199,90.17,Regional
7c0af428-0a56-4e4b-a935-0b874b5c3a29,Incheon Regional Hub 2082,Incheon,Incheon,26798,62.86,Distribution
152f09c3-dac7-4ca6-bce0-6dd7dcd8189e,Amsterdam Distribution Center 2083,Amsterdam,Amsterdam,11383,81.73,Distribution
0a828ec5-9905-4cff-8c84-b246cb8ca6be,Ahmedabad Bonded Warehouse 2084,Ahmedabad,Delhi,75111,55.98,Regional
b9df71f6-f0c9-46d2-8093-1432ec5c30ac,Incheon Bonded Warehouse 2085,Incheon,Incheon,76428,58.75,Distribution
091e0395-e5c4-4316-af62-dadef9254ae7,Mumbai Bonded Warehouse 2086,Mumbai,Telangana,51538,78.48,Bonded
5f2fc49d-74e0-40bb-a160-bf80cf1e130e,Manchester Regional Hub 2087,Manchester,Manchester,73792,78.9,Distribution
d2cfa05f-ca70-46ea-9461-d731a111e9c1,Frankfurt Distribution Center 2088,Frankfurt,Frankfurt,100096,68.46,Distribution
bf9cdca7-b69e-4ed2-bcb8-79b45c15bc13,Shanghai Fulfilment Center 2089,Shanghai,Shanghai,89018,82.46,Regional
22dec6fa-5119-4a06-bfbb-578425456f98,Yokohama Regional Hub 2090,Yokohama,Yokohama,101027,74.67,Distribution
01123814-bcb5-4eeb-800f-e84553bae730,Dubai Fulfilment Center 2091,Dubai,Dubai,116363,65.84,Distribution
c10fd531-774b-445f-9ab5-d603ab976069,Singapore Distribution Center 2092,Singapore,Singapore,103465,79.77,Distribution
2d5a3269-429f-45c6-92e5-513950ebe0f7,Sharjah Bonded Warehouse 2093,Sharjah,Sharjah,65365,84.39,Bonded
75daf36c-eba5-48ee-aba4-4103668d5869,New York Distribution Center 2094,New York,New York,110998,75.09,Distribution
7c81986a-ddb9-4088-a0f3-0e8f8286b930,Frankfurt Regional Hub 2095,Frankfurt,Frankfurt,11912,74.03,Regional
48c5b265-5c09-45a3-afb6-5cc951b98887,Shanghai Bonded Warehouse 2096,Shanghai,Shanghai,69089,65.96,Distribution
52b45c32-c270-4a79-9f39-82bf92ad9eae,New York Regional Hub 2097,New York,New York,7646,83.97,Distribution
8c5ed2a4-4af1-44f8-b846-a7061cc3fcd5,Houston Bonded Warehouse 2098,Houston,Houston,51552,76.7,Distribution
1d9dd54d-682d-46ee-a210-9d293aaaa20b,Rotterdam Regional Hub 2099,Rotterdam,Rotterdam,82669,78.28,Distribution
6d29bddf-7e43-4e50-9a31-1128be914526,Amsterdam Regional Hub 2100,Amsterdam,Amsterdam,54561,68.59,Regional
2fe18736-6f7b-4a62-94bf-c1f3874d1ef6,Osaka Distribution Center 2101,Osaka,Osaka,79215,64.31,Bonded
dafb1d9e-365a-4171-9503-d82caa4818a2,Ningbo Regional Hub 2102,Ningbo,Ningbo,110350,66.39,Distribution
f3846609-3c58-4bc3-a1a0-7c07f6ab0ffd,Ningbo Regional Hub 2103,Ningbo,Ningbo,85737,71.57,Distribution
f056af56-9b41-4ccd-bf90-0a7b9a7d93eb,Manchester Regional Hub 2104,Manchester,Manchester,91433,61.98,Distribution
a869dae0-7ebf-4a3d-bffd-fbd2e1d4010f,Hamburg Regional Hub 2105,Hamburg,Hamburg,97045,84.23,Regional
b35793d5-7e9f-4893-b57e-38c1b01bd1ca,Singapore Bonded Warehouse 2106,Singapore,Singapore,50380,83.31,Distribution
49ecda31-7796-4e2e-aaac-7c803938c701,Busan Bonded Warehouse 2107,Busan,Busan,99324,42.98,Regional
2d81b41f-baa4-484e-8d39-da2c4d5cac70,Osaka Fulfilment Center 2108,Osaka,Osaka,70094,69.21,Regional
7205d18e-2e91-4a32-9b78-609bd8587faa,Seoul Distribution Center 2109,Seoul,Seoul,10091,75.39,Regional
7466ee48-7620-4a46-9b6f-7ce957dc21c2,Seoul Regional Hub 2110,Seoul,Seoul,19162,58.23,Distribution
02c9be81-e9a9-4744-b43d-5a4181a3f40c,Shenzhen Distribution Center 2111,Shenzhen,Shenzhen,35651,68.8,Regional
9b36f644-e49e-4939-adcc-4c5550eccef0,Seoul Bonded Warehouse 2112,Seoul,Seoul,55808,60.35,Distribution
71acd248-a125-4086-8504-68d9c475d59c,Sharjah Bonded Warehouse 2113,Sharjah,Sharjah,11117,81.51,Bonded
d913a7ee-5906-4657-a2ac-ef8af154af73,London Fulfilment Center 2114,London,London,64853,84.0,Bonded
f8bd56ce-fc6d-44bf-b1bb-39ccc7452287,Busan Fulfilment Center 2115,Busan,Busan,54020,82.0,Distribution
84f02fe5-db41-4727-9c49-89247086588a,London Fulfilment Center 2116,London,London,32002,58.52,Distribution
0dec3a3a-3241-4bf0-b3fc-491ebee1e53d,Frankfurt Bonded Warehouse 2117,Frankfurt,Frankfurt,58764,75.88,Distribution
40137954-d0c7-477b-8cf4-c19bde47ca41,Sharjah Fulfilment Center 2118,Sharjah,Sharjah,103003,93.57,Distribution
0317c224-d535-4d7d-a094-3ce21cc5be3d,Seoul Regional Hub 2119,Seoul,Seoul,74676,74.47,Regional
19e2cf64-9f2a-4ca8-8d9b-0221fcfafe31,Seoul Fulfilment Center 2120,Seoul,Seoul,7762,86.9,Bonded
41e22faa-16da-434b-924f-4c6a26ac3a08,Osaka Regional Hub 2121,Osaka,Osaka,62213,68.61,Regional
4b4ef1d2-cdb2-4d99-9000-9efdfe645110,Manchester Fulfilment Center 2122,Manchester,Manchester,83843,67.36,Distribution
679de5f3-7415-4f8e-a6ec-ebc6172e2c75,Abu Dhabi Distribution Center 2123,Abu Dhabi,Abu Dhabi,73320,72.7,Regional
abb9012d-8db0-4b83-892a-c1d88d3998a6,Rotterdam Distribution Center 2124,Rotterdam,Rotterdam,75841,74.95,Distribution
bd72e0c3-d8e8-487c-ba9c-5f0ef2d1ebb2,Shanghai Bonded Warehouse 2125,Shanghai,Shanghai,113332,80.21,Bonded
2cb4bbf4-6346-4d1e-aae7-2587e3bcbe5f,Houston Bonded Warehouse 2126,Houston,Houston,16886,73.73,Distribution
2446df76-7f95-4fa1-a7cc-b51b6f4cedd0,Bengaluru Fulfilment Center 2127,Bengaluru,Karnataka,64134,89.6,Distribution
d803acd0-04f7-4016-a6a2-8efc2d812d45,Amsterdam Fulfilment Center 2128,Amsterdam,Amsterdam,33596,55.41,Distribution
36c8d757-922f-46ec-944f-9ab39f33a375,Dubai Regional Hub 2129,Dubai,Dubai,16041,85.06,Distribution
d51f259e-eb7c-4220-a876-7436300404ef,Amsterdam Fulfilment Center 2130,Amsterdam,Amsterdam,51297,86.34,Distribution
0eea9e1b-6a58-4f94-aba6-c78c8ed00e5f,Shanghai Bonded Warehouse 2131,Shanghai,Shanghai,58194,74.07,Distribution
84824c46-fce6-4ef3-8e3e-96e6dceb53e4,Abu Dhabi Distribution Center 2132,Abu Dhabi,Abu Dhabi,30533,79.09,Distribution
3469d15c-6b9b-4504-9ccd-8ff4dbd80de0,Guangzhou Regional Hub 2133,Guangzhou,Guangzhou,35006,72.76,Distribution
32b71d14-ebcd-429e-a503-e8cc53ef1ef3,Manchester Bonded Warehouse 2134,Manchester,Manchester,63420,89.05,Distribution
23ee472b-0712-469d-abe0-05517ebe2905,Ahmedabad Fulfilment Center 2135,Ahmedabad,Gujarat,85465,52.79,Distribution
f4172955-90b9-4a25-8abd-4194f22a5495,Frankfurt Distribution Center 2136,Frankfurt,Frankfurt,55936,67.38,Distribution
3f54f2a5-becc-4d7c-8003-eff17e1115c5,Abu Dhabi Regional Hub 2137,Abu Dhabi,Abu Dhabi,6362,82.68,Regional
813c7df5-408e-4f27-95eb-d738cd8f9cc5,Singapore Regional Hub 2138,Singapore,Singapore,74124,74.79,Distribution
45a50407-64bb-4f95-8437-9284bbc6b502,Amsterdam Regional Hub 2139,Amsterdam,Amsterdam,89465,75.87,Bonded
63bf4ffb-8f6c-4e35-8823-347ca28dd30d,London Bonded Warehouse 2140,London,London,116247,61.81,Distribution
08edce82-a8d0-4adb-a3b0-f34a2af4c346,Bremen Bonded Warehouse 2141,Bremen,Bremen,112000,80.36,Bonded
2f48e9f8-6fc5-421f-95d2-ef7a325507a1,Osaka Distribution Center 2142,Osaka,Osaka,112186,71.65,Distribution
0606c995-7080-4bb5-8427-d8f2cf8fe65f,Abu Dhabi Regional Hub 2143,Abu Dhabi,Abu Dhabi,71622,71.2,Distribution
69bb6630-9e62-4f93-bc02-91c698048edb,London Regional Hub 2144,London,London,53150,80.6,Distribution
37f41442-4168-48e4-922c-6b958906bb1e,Ningbo Distribution Center 2145,Ningbo,Ningbo,68797,47.35,Distribution
5770f197-b331-4541-b3a3-2ca061fa7d80,Shenzhen Bonded Warehouse 2146,Shenzhen,Shenzhen,65313,59.12,Regional
e019e38a-085e-40ef-9c1f-99720db7a46a,Singapore Bonded Warehouse 2147,Singapore,Singapore,55220,71.61,Bonded
7886b943-7a01-4941-9518-9e9c0013b1ce,Frankfurt Distribution Center 2148,Frankfurt,Frankfurt,91508,77.46,Regional
ca5e53ae-f2ed-42fb-8f78-59807a08541b,Manchester Regional Hub 2149,Manchester,Manchester,107286,95.89,Distribution
687fa23d-6da0-49d0-aa60-981c5a8ef3cd,Yokohama Fulfilment Center 2150,Yokohama,Yokohama,39332,58.8,Distribution
424791d7-9774-4c0e-aa7e-927f025c5a8b,Amsterdam Bonded Warehouse 2151,Amsterdam,Amsterdam,78779,83.94,Distribution
2aeded7e-689d-403d-8a58-09c9eef14891,Manchester Regional Hub 2152,Manchester,Manchester,99519,68.43,Bonded
22f30b82-75a1-4358-8dcc-c6ddaa575ea6,Shenzhen Distribution Center 2153,Shenzhen,Shenzhen,89914,67.79,Regional
287d9ab5-eccf-4f16-b467-b168676b1311,Houston Distribution Center 2154,Houston,Houston,22718,41.04,Regional
a6277e43-d072-45d1-ae1c-5dd2dcde0816,Bremen Fulfilment Center 2155,Bremen,Bremen,74330,96.07,Regional
d6902624-26b7-4f33-a1e2-a2022f1b323d,Singapore Regional Hub 2156,Singapore,Singapore,72312,90.24,Distribution
1f0b09e7-0b8d-447d-9285-edf4e5e1e950,Los Angeles Fulfilment Center 2157,Los Angeles,Los Angeles,28291,74.19,Bonded
edfd4700-f1c0-458f-b57b-4893edbba68a,Bremen Fulfilment Center 2158,Bremen,Bremen,48762,38.82,Distribution
0837d87c-b23d-451f-8e2b-4c9769960b3e,Dubai Regional Hub 2159,Dubai,Dubai,115501,84.62,Regional
1863d1e5-0901-4942-b2bf-9c547845f4d6,Hamburg Distribution Center 2160,Hamburg,Hamburg,5976,84.03,Distribution
6f39aebf-c8d1-4aa4-bc92-85ae18412cf0,Incheon Fulfilment Center 2161,Incheon,Incheon,102821,60.7,Regional
bdfd97a8-6464-4417-94dc-a31bf0f38ed9,Seoul Distribution Center 2162,Seoul,Seoul,40819,72.17,Distribution
c3119d96-1a0b-4be2-bc6b-0aa9212da618,Frankfurt Regional Hub 2163,Frankfurt,Frankfurt,68518,58.6,Distribution
58543a35-4576-48f4-87d8-eb9ed8ff5520,Amsterdam Bonded Warehouse 2164,Amsterdam,Amsterdam,84889,44.32,Regional
c422ea69-4254-4fc0-a6d3-7eb147b4b7c6,Bremen Distribution Center 2165,Bremen,Bremen,43699,74.19,Bonded
1795b099-9140-4f5f-9625-6096cad9d68b,Tokyo Regional Hub 2166,Tokyo,Tokyo,117336,66.64,Bonded
b9406489-4621-49a7-81ad-4795c5c5c31a,Osaka Bonded Warehouse 2167,Osaka,Osaka,54046,66.9,Distribution
1d3afd47-508a-4af9-adbe-8a9fb785781e,Felixstowe Bonded Warehouse 2168,Felixstowe,Felixstowe,25643,59.53,Regional
9c1b26b7-42da-4846-a1c7-c698215065f3,Yokohama Bonded Warehouse 2169,Yokohama,Yokohama,67464,80.79,Distribution
a105ae2e-b4a0-4c68-a834-487ed5a791a6,Singapore Regional Hub 2170,Singapore,Singapore,91041,60.96,Distribution
fe9559a6-7b51-4b05-9d5e-b63587a7c286,Dubai Distribution Center 2171,Dubai,Dubai,84805,71.54,Distribution
411362b0-534d-434e-b306-331fd4c2cf3d,Yokohama Bonded Warehouse 2172,Yokohama,Yokohama,26054,69.88,Distribution
aa1d31a5-daab-4efc-b4c7-b7fa502a89a0,Singapore Distribution Center 2173,Singapore,Singapore,59547,48.88,Distribution
f1af9603-afac-4e5f-bf80-a0dc26d01934,Rotterdam Distribution Center 2174,Rotterdam,Rotterdam,46005,67.34,Distribution
8ad81b87-8955-40bc-82d0-ca08098ae551,Busan Bonded Warehouse 2175,Busan,Busan,93901,62.28,Regional
4e5c73f9-f28b-4365-8c7f-98887b68c504,Los Angeles Bonded Warehouse 2176,Los Angeles,Los Angeles,47881,73.29,Regional
92e10c37-6740-44cf-a58c-561d5c0d0375,Incheon Distribution Center 2177,Incheon,Incheon,43152,57.23,Distribution
cdfb1426-b96e-443d-80f7-c972ca8cc3d2,Ningbo Regional Hub 2178,Ningbo,Ningbo,65040,62.4,Regional
fcda1d53-66c1-4d72-aff8-1daedb27803a,Bremen Fulfilment Center 2179,Bremen,Bremen,78041,71.48,Distribution
71a6a723-6ba2-4949-8b8d-669528999878,Manchester Regional Hub 2180,Manchester,Manchester,87282,67.07,Distribution
b6ee70f6-eb07-4c23-84d3-7ef5b44c9e15,Mumbai Regional Hub 2181,Mumbai,Karnataka,76540,88.07,Regional
fcf4995a-1780-47e8-a62a-11da7d2e174b,Bremen Fulfilment Center 2182,Bremen,Bremen,54206,61.32,Distribution
c7ee33a4-7d1f-4e28-8751-f3786c1abc07,Manchester Distribution Center 2183,Manchester,Manchester,76860,96.13,Bonded
b579973e-955c-4361-833e-df61ec13bbb7,Incheon Fulfilment Center 2184,Incheon,Incheon,63294,61.55,Distribution
1e6814e5-bc51-4ec0-a616-e9bd20ca59ac,Shanghai Bonded Warehouse 2185,Shanghai,Shanghai,84179,83.3,Regional
5cc3b4dd-dced-478e-8457-bd24e8ec8361,Abu Dhabi Regional Hub 2186,Abu Dhabi,Abu Dhabi,8862,81.24,Bonded
f31d2664-3ccb-48b8-a66a-a2f4aad0dad8,Sharjah Bonded Warehouse 2187,Sharjah,Sharjah,27658,71.09,Regional
13c1d0c4-6111-43d4-ab9f-b70646b832b6,London Bonded Warehouse 2188,London,London,40716,50.49,Distribution
333fe397-f8b9-4718-9e72-acd75f055033,Incheon Distribution Center 2189,Incheon,Incheon,49208,73.08,Distribution
86fb4af5-db04-483a-acbf-473f97ae45b1,Singapore Regional Hub 2190,Singapore,Singapore,26038,85.38,Regional
7429b7be-798c-468e-a9d4-d34f801ea557,Bremen Regional Hub 2191,Bremen,Bremen,8480,73.63,Distribution
ba767f45-e259-49c3-88b7-b3a8e40663ed,Chennai Fulfilment Center 2192,Chennai,Delhi,19464,85.8,Bonded
f1e52b1b-91da-43d8-bbda-7a8a61a51f2f,Guangzhou Bonded Warehouse 2193,Guangzhou,Guangzhou,115589,68.41,Distribution
8a78cfa4-9175-4436-839c-1f4bc47c64d5,Singapore Distribution Center 2194,Singapore,Singapore,35603,69.42,Distribution
eecfc16c-8676-4c00-a9f0-0aaad7a9a713,Seoul Regional Hub 2195,Seoul,Seoul,21072,58.06,Distribution
8913bc52-90a8-4f94-8c2f-f0a9daafc3a1,Sharjah Regional Hub 2196,Sharjah,Sharjah,56055,71.07,Distribution
b95482a5-81a1-4d68-8abf-3ce97ef70e23,Delhi Regional Hub 2197,Delhi,Telangana,15529,69.29,Distribution
65573e13-8127-4cf1-a60c-3c7b83798834,New York Distribution Center 2198,New York,New York,23150,56.19,Distribution
3fc5688f-ca35-4eb7-9cac-df82196d95e8,New York Regional Hub 2199,New York,New York,29377,68.54,Distribution
c04aeb15-ac04-45a3-9021-0ee622c2cc04,Bremen Distribution Center 2200,Bremen,Bremen,118124,96.5,Distribution
c3bbaec5-1f91-4aba-9aa2-e063182c22a6,Frankfurt Regional Hub 2201,Frankfurt,Frankfurt,27266,77.88,Distribution
e412bd01-8687-42e8-a674-705ab3a466a2,London Fulfilment Center 2202,London,London,35218,67.47,Distribution
2f15d4e1-ffdb-417b-9861-7345ba52e46d,Houston Bonded Warehouse 2203,Houston,Houston,38876,59.0,Distribution
29876d40-8df3-4024-a821-204bfd5da187,Singapore Fulfilment Center 2204,Singapore,Singapore,56477,95.98,Distribution
a0a6ce5d-8287-4e71-b491-309922ed18e3,Bremen Distribution Center 2205,Bremen,Bremen,50766,66.17,Regional
78da0070-0237-4bc7-9c7b-3063904a2d88,Amsterdam Regional Hub 2206,Amsterdam,Amsterdam,112142,68.42,Distribution
84d7d433-5181-4ea6-9cd5-11264304ab40,Bremen Regional Hub 2207,Bremen,Bremen,37732,83.86,Bonded
9bb29473-2c42-490e-bb4b-0fbe307d3dc5,Incheon Distribution Center 2208,Incheon,Incheon,26664,75.36,Distribution
ec1208f1-4d03-4764-b522-84507a64b301,Shanghai Bonded Warehouse 2209,Shanghai,Shanghai,43427,53.25,Regional
d015922c-567b-4405-bef1-8c6741d079e7,Singapore Bonded Warehouse 2210,Singapore,Singapore,47998,65.56,Distribution
8e3f08ca-5e1c-4245-a1b0-92efe9d2733d,Tokyo Bonded Warehouse 2211,Tokyo,Tokyo,13976,61.09,Distribution
da83208a-1058-4365-be8e-5a23fc5f9c82,Sharjah Regional Hub 2212,Sharjah,Sharjah,34370,74.28,Bonded
2a735724-fd35-49ba-ae7e-b23820aeddf6,Los Angeles Fulfilment Center 2213,Los Angeles,Los Angeles,49783,80.31,Distribution
d3cc8a34-f4c3-40fb-be81-bf1da9cb6d95,Ningbo Distribution Center 2214,Ningbo,Ningbo,9939,86.18,Regional
ef8f1c69-3cdc-4180-a063-270fa9dda1cf,Shanghai Bonded Warehouse 2215,Shanghai,Shanghai,92505,77.76,Distribution
5ead6b8d-c351-4cac-b7c7-ee74b9212317,Chicago Bonded Warehouse 2216,Chicago,Chicago,83939,93.71,Regional
d4d4fc48-654a-4026-9ba0-aacc187f8600,Rotterdam Distribution Center 2217,Rotterdam,Rotterdam,104630,51.89,Regional
933d09a0-ee18-42d2-842c-b966cbdba897,Dubai Regional Hub 2218,Dubai,Dubai,68719,74.31,Distribution
8e84adf7-a5ca-40cf-9388-3172c01b15ee,Seoul Regional Hub 2219,Seoul,Seoul,108500,80.25,Distribution
7feb9fbe-7db0-4f71-a3c9-79da1ecf6b4d,Felixstowe Fulfilment Center 2220,Felixstowe,Felixstowe,27617,70.39,Distribution
8c75e2b9-7ead-49c0-90cd-50439b05616f,Tokyo Fulfilment Center 2221,Tokyo,Tokyo,86946,82.04,Distribution
83edf14a-fad4-494b-95c1-1803d30f5337,Busan Fulfilment Center 2222,Busan,Busan,86144,57.58,Distribution
9902116f-5170-41b6-a302-f69072401dab,Ahmedabad Fulfilment Center 2223,Ahmedabad,Tamil Nadu,102996,98.0,Regional
2c1963e0-837f-4627-8605-432644c9e7b1,New York Distribution Center 2224,New York,New York,98305,83.3,Distribution
4fb12775-c68f-44f1-a827-f6f3c66c55a0,Chicago Distribution Center 2225,Chicago,Chicago,73368,89.07,Distribution
360deb85-cefd-487e-8afe-4b0bfe4c06e2,Tokyo Distribution Center 2226,Tokyo,Tokyo,98535,63.3,Distribution
60f507d4-0a2e-416f-ab46-8ed926c1b324,London Regional Hub 2227,London,London,101996,77.05,Distribution
67533afd-2dc5-412b-807c-496ac70acb8d,Abu Dhabi Distribution Center 2228,Abu Dhabi,Abu Dhabi,52522,63.95,Distribution
10a2c30d-a0a2-4bad-8378-287af90a5c72,Amsterdam Fulfilment Center 2229,Amsterdam,Amsterdam,70234,93.65,Distribution
b23b90c7-6d6e-4991-86e1-5ede55d9dfd3,Chicago Bonded Warehouse 2230,Chicago,Chicago,113108,85.41,Distribution
1047526e-713b-4aa1-9922-975b36088140,Shenzhen Fulfilment Center 2231,Shenzhen,Shenzhen,23384,76.22,Distribution
736ea175-36b5-4311-8256-a8c24d58d10e,Tokyo Distribution Center 2232,Tokyo,Tokyo,71393,71.42,Regional
202869f4-2c19-4573-bcdc-5cd45d6599a6,Guangzhou Regional Hub 2233,Guangzhou,Guangzhou,90192,65.06,Regional
69bf3635-f937-4be3-87f4-53cdb88fa5fd,Manchester Fulfilment Center 2234,Manchester,Manchester,72573,46.61,Distribution
c5963666-c939-4f3d-bfcc-49f798590798,London Bonded Warehouse 2235,London,London,39996,68.99,Distribution
d980c261-c05a-4566-938d-198e4271bc7a,Los Angeles Distribution Center 2236,Los Angeles,Los Angeles,85542,72.37,Regional
90e377ec-7334-4fd0-b6e0-8a8c0032fd33,Busan Fulfilment Center 2237,Busan,Busan,33161,65.8,Distribution
4e71ef6c-2d72-4615-b7b5-f5278c2ae439,Osaka Fulfilment Center 2238,Osaka,Osaka,12732,83.21,Regional
a691c32a-914d-4ff3-a539-75249f46f7d8,Seoul Fulfilment Center 2239,Seoul,Seoul,45998,74.93,Bonded
ea0ee90e-483e-4254-b069-c3ca125c9d19,Shanghai Regional Hub 2240,Shanghai,Shanghai,11694,83.33,Regional
c1dd09d5-130a-4ac7-8535-23f2c71b1d07,Yokohama Bonded Warehouse 2241,Yokohama,Yokohama,10329,76.59,Regional
ec8948bd-a89c-4969-92ae-1998b0b7cd64,Mumbai Distribution Center 2242,Mumbai,Telangana,58316,57.09,Distribution
19c8e7cc-02d0-4b44-81b1-62c1c5c7cdbb,Abu Dhabi Bonded Warehouse 2243,Abu Dhabi,Abu Dhabi,45069,67.84,Bonded
fd1259c6-256d-4f34-b78e-4909c6b71ccf,Rotterdam Distribution Center 2244,Rotterdam,Rotterdam,17648,73.8,Regional
043498b1-e510-4c0c-b08f-76b977b45664,Los Angeles Fulfilment Center 2245,Los Angeles,Los Angeles,13210,81.88,Distribution
15fd164b-11ee-491b-97b2-6313add28cab,Osaka Fulfilment Center 2246,Osaka,Osaka,65322,57.83,Distribution
39696322-27fc-4e91-ad62-098af72c55fd,Kolkata Regional Hub 2247,Kolkata,Telangana,81870,57.42,Distribution
ce32f70a-dbce-49ed-9429-b51c59b816d6,Sharjah Fulfilment Center 2248,Sharjah,Sharjah,65573,93.18,Distribution
9a1fba7a-5e36-4461-ba5f-62e4e6f64c49,Houston Distribution Center 2249,Houston,Houston,114053,84.22,Distribution
47aeedbe-ae66-4d1f-bc03-5fcfa855d402,Bremen Regional Hub 2250,Bremen,Bremen,9309,79.76,Distribution
0eae0999-40fc-4421-8c37-b9b08cb3d88f,Ningbo Regional Hub 2251,Ningbo,Ningbo,99895,67.86,Regional
c677fc53-2d12-499e-a61e-8d5e82e08edf,Seoul Bonded Warehouse 2252,Seoul,Seoul,62424,86.05,Regional
ca52071b-20b0-4df6-a16e-fa2683d4b862,Bremen Distribution Center 2253,Bremen,Bremen,92046,83.16,Distribution
e18dd667-ec46-489d-b488-76e62bb26a61,Rotterdam Bonded Warehouse 2254,Rotterdam,Rotterdam,85796,78.19,Distribution
7340ab3e-4f8f-4cff-bebe-1af705f67380,Guangzhou Fulfilment Center 2255,Guangzhou,Guangzhou,92537,67.12,Distribution
b9eb0675-edff-4223-8113-003e37e2c091,Shanghai Distribution Center 2256,Shanghai,Shanghai,34097,54.85,Regional
10dc6de0-f17a-45e5-8942-409187373754,Frankfurt Regional Hub 2257,Frankfurt,Frankfurt,28098,89.18,Distribution
4c256f8e-2478-438f-9b53-8164d37d4234,Incheon Fulfilment Center 2258,Incheon,Incheon,49899,78.71,Distribution
9e5a9a08-ebdf-4919-bd05-2c95e0ae71a2,Dubai Fulfilment Center 2259,Dubai,Dubai,101591,58.37,Regional
af7b8474-5f3e-4021-ad23-bfe726855eed,Dubai Regional Hub 2260,Dubai,Dubai,80651,69.56,Regional
b04d874a-24d5-4901-9324-00b2cfc49f56,Guangzhou Bonded Warehouse 2261,Guangzhou,Guangzhou,79029,70.3,Regional
5b75882c-8436-4683-b3dc-d8b6552a7ebf,Ningbo Fulfilment Center 2262,Ningbo,Ningbo,97795,63.07,Regional
70a7883d-c851-434f-97b7-d49cb23ff6e8,Abu Dhabi Fulfilment Center 2263,Abu Dhabi,Abu Dhabi,68700,74.93,Distribution
576bf482-30c4-4ad1-b52e-9054e7d27240,Singapore Bonded Warehouse 2264,Singapore,Singapore,56271,86.26,Distribution
e1b4fbdf-5553-4226-a474-6f403a9894bb,Hamburg Regional Hub 2265,Hamburg,Hamburg,42423,73.79,Distribution
4320a7a5-512d-4c9f-91ab-6d0155a41fce,Singapore Distribution Center 2266,Singapore,Singapore,96778,45.57,Regional
e7b12f76-7c88-4718-b47e-5355e80ca5af,Sharjah Bonded Warehouse 2267,Sharjah,Sharjah,95178,87.88,Distribution
f4959768-7462-4868-8fae-d5d774e999a3,Singapore Fulfilment Center 2268,Singapore,Singapore,23034,45.68,Bonded
ad498471-41b6-4a2d-8074-e8e11f8551d0,Seoul Fulfilment Center 2269,Seoul,Seoul,88725,80.12,Regional
807a6b10-4acf-4d97-978a-41022c79f276,Bremen Fulfilment Center 2270,Bremen,Bremen,116855,98.0,Distribution
b475ea37-5858-4867-8176-702f486010cf,Hyderabad Fulfilment Center 2271,Hyderabad,Gujarat,80451,64.79,Regional
bdcd2a20-71b7-45cd-89a6-8d96ca41271d,Delhi Fulfilment Center 2272,Delhi,Maharashtra,28838,62.85,Regional
e542284e-8d9d-4bae-b482-853ff67a3862,Manchester Bonded Warehouse 2273,Manchester,Manchester,53139,71.82,Distribution
932743b5-2b86-4155-8624-4d9b732d7ab7,Los Angeles Distribution Center 2274,Los Angeles,Los Angeles,114441,40.41,Distribution
5ec4cfcd-0921-4ec5-8d1b-cda95568f198,Hamburg Distribution Center 2275,Hamburg,Hamburg,10521,68.73,Distribution
d8954f59-672a-46b5-b038-7a3a18f9ee1b,Rotterdam Bonded Warehouse 2276,Rotterdam,Rotterdam,103475,90.22,Bonded
a070658d-d7c7-444d-989e-f7bd0ff81256,Sharjah Regional Hub 2277,Sharjah,Sharjah,35619,73.13,Bonded
a6787278-4ab1-49b4-82cb-e771528981a7,Dubai Fulfilment Center 2278,Dubai,Dubai,92343,76.84,Distribution
d9250c0c-fcb3-47f0-bc7b-70a67deb5186,Shenzhen Bonded Warehouse 2279,Shenzhen,Shenzhen,64179,67.14,Distribution
583ce84b-afe1-4107-9c9c-99b7cac6c1f2,Amsterdam Fulfilment Center 2280,Amsterdam,Amsterdam,100798,88.22,Distribution
e1c4faeb-57a3-4367-8ac5-0c45ef8fc12f,Singapore Regional Hub 2281,Singapore,Singapore,96292,46.27,Distribution
27a08297-ec23-4cbf-aedb-4c9d26cdbf78,Mumbai Fulfilment Center 2282,Mumbai,West Bengal,100016,78.35,Distribution
216be0a4-961c-43dc-92fb-097bfbc00e7d,Yokohama Distribution Center 2283,Yokohama,Yokohama,43153,95.29,Bonded
27c78fbb-322d-4244-a7c0-7da6eb2e52b3,Bengaluru Distribution Center 2284,Bengaluru,Maharashtra,118888,54.35,Bonded
2aab970a-9f6b-40ad-9472-7f7689b37621,Singapore Distribution Center 2285,Singapore,Singapore,114458,64.48,Bonded
a9cb86ef-56f4-4b89-8b48-a943aae75eff,Rotterdam Distribution Center 2286,Rotterdam,Rotterdam,116106,66.74,Distribution
271e616c-4a86-4371-bbbf-9cba1775698b,Rotterdam Fulfilment Center 2287,Rotterdam,Rotterdam,93014,61.31,Distribution
bdad8efe-1bb3-4193-9ffe-bdb68cc539b5,Shenzhen Fulfilment Center 2288,Shenzhen,Shenzhen,67892,85.7,Distribution
7a273730-c0c4-48a5-8921-90a6b490ae5e,Singapore Distribution Center 2289,Singapore,Singapore,87230,78.03,Regional
75561007-8131-43df-abf9-4b1ca3525fb5,Kolkata Bonded Warehouse 2290,Kolkata,Tamil Nadu,119835,81.34,Bonded
caa39dea-3d6b-432f-86b2-4dd6fce1d888,Manchester Regional Hub 2291,Manchester,Manchester,108015,83.43,Regional
3bea6664-1a35-4e9e-97bf-478541cc3ff5,Yokohama Distribution Center 2292,Yokohama,Yokohama,22579,94.47,Distribution
0a33cb1e-5f71-4c89-a5cb-e48d25b6cef4,Abu Dhabi Regional Hub 2293,Abu Dhabi,Abu Dhabi,106404,71.3,Distribution
a173cafe-e293-463d-bbaa-0fc9b8ce3e9c,Rotterdam Regional Hub 2294,Rotterdam,Rotterdam,30853,75.34,Regional
12dc6e1b-f1f7-4465-b201-cf8aba21cc4b,Shenzhen Bonded Warehouse 2295,Shenzhen,Shenzhen,68653,72.63,Distribution
26f5853a-b996-4271-b16a-98aaa42fcbbc,Shanghai Regional Hub 2296,Shanghai,Shanghai,31328,98.0,Distribution
ef7fb27f-8941-4373-bc91-8dc96b0354b9,Rotterdam Fulfilment Center 2297,Rotterdam,Rotterdam,15812,69.13,Regional
8867e469-632b-4b91-bae8-47bfbe89c402,New York Distribution Center 2298,New York,New York,83230,77.51,Distribution
93fc453a-0ef2-44d0-8470-39aea29d8b4c,Bremen Fulfilment Center 2299,Bremen,Bremen,67591,68.32,Regional
7740a42f-e9d6-4a7f-8364-42fda8294463,Mumbai Distribution Center 2300,Mumbai,Karnataka,116410,85.54,Distribution
82ebb08e-4c34-487d-967e-0f6c4d395b2c,Abu Dhabi Bonded Warehouse 2301,Abu Dhabi,Abu Dhabi,53508,94.26,Distribution
53513ac0-3450-4f4e-b7d5-321f16857e69,Chicago Distribution Center 2302,Chicago,Chicago,23531,74.54,Distribution
5eba10c8-1b2a-41e0-9f9e-8d0950ab6016,Amsterdam Fulfilment Center 2303,Amsterdam,Amsterdam,66026,71.35,Distribution
1713aa1a-35ea-49a8-a23f-9e293e41b065,Hamburg Regional Hub 2304,Hamburg,Hamburg,91110,61.6,Regional
b6240c8b-e3e7-41ff-b808-7f156f2ddffa,Bremen Fulfilment Center 2305,Bremen,Bremen,13954,63.14,Regional
b119db05-9f97-4d35-b67b-584bbaa92233,Yokohama Bonded Warehouse 2306,Yokohama,Yokohama,25223,49.11,Distribution
5002c3d8-c609-467e-a32e-4909c86e2239,Shenzhen Regional Hub 2307,Shenzhen,Shenzhen,81660,98.0,Bonded
ef41f445-0d24-4fb1-af51-6a78cb5359d5,Rotterdam Bonded Warehouse 2308,Rotterdam,Rotterdam,104916,83.72,Bonded
f250ba9b-4562-4555-8353-665aa56bd3bf,Shenzhen Distribution Center 2309,Shenzhen,Shenzhen,29225,86.98,Bonded
0a0245d9-3c2c-4a02-890d-99138c44dc63,Singapore Regional Hub 2310,Singapore,Singapore,76715,85.38,Distribution
7fe55ac9-eea0-4767-a631-fb93d4f809d4,Houston Regional Hub 2311,Houston,Houston,34821,71.64,Distribution
4025c600-7079-4ef4-946a-455fa7462bb7,Guangzhou Bonded Warehouse 2312,Guangzhou,Guangzhou,47098,74.79,Regional
5d206ec4-8f58-4f9d-902a-da6b80abeb20,Hamburg Regional Hub 2313,Hamburg,Hamburg,44569,70.73,Distribution
594a37fa-7293-4757-94a7-74fdc2ba885b,Chennai Bonded Warehouse 2314,Chennai,Karnataka,28057,98.0,Regional
57961dbd-6d17-4a42-8a2a-8b487f8314b3,Rotterdam Distribution Center 2315,Rotterdam,Rotterdam,79960,72.79,Bonded
9b270943-1fa8-42b8-ad66-f9e36955fb16,Felixstowe Regional Hub 2316,Felixstowe,Felixstowe,7950,80.45,Distribution
f6d95fdd-5c53-4e8f-8b6b-1d3737c8c733,Yokohama Bonded Warehouse 2317,Yokohama,Yokohama,102369,54.96,Bonded
01ed0a3a-81c3-4652-838e-45ee53f0a0d2,London Distribution Center 2318,London,London,35321,80.84,Distribution
6033aefd-a757-4068-b4e1-76e2e517dcf6,Shenzhen Regional Hub 2319,Shenzhen,Shenzhen,95724,97.78,Regional
936ea11e-9faf-44fc-8c38-ac5d5196f865,Rotterdam Bonded Warehouse 2320,Rotterdam,Rotterdam,111225,56.14,Regional
2b7c294c-30cd-46f2-aafa-360c7804aad7,Seoul Distribution Center 2321,Seoul,Seoul,92396,69.84,Distribution
d45fd8c0-469c-4308-a17d-2078b837e83d,Singapore Distribution Center 2322,Singapore,Singapore,119660,61.87,Distribution
ded8c84a-60e4-457c-b0d7-10d447d5f267,New York Fulfilment Center 2323,New York,New York,8179,63.07,Regional
7a18ef20-12be-45b7-abb0-eda28c395e7a,Ningbo Bonded Warehouse 2324,Ningbo,Ningbo,27904,86.57,Distribution
61fcc8f9-286c-43cc-8ac7-d8431866746b,Shanghai Bonded Warehouse 2325,Shanghai,Shanghai,61958,77.41,Distribution
05cc9dce-1e94-49f9-be7f-08ee2fd0fdca,Bremen Distribution Center 2326,Bremen,Bremen,48798,62.45,Regional
c2eaa0fd-947d-4c6b-8a6e-8741f60f55c9,Tokyo Distribution Center 2327,Tokyo,Tokyo,90448,53.61,Regional
41ea6267-d9ae-489a-8a72-f5e87670de4c,Seoul Fulfilment Center 2328,Seoul,Seoul,62096,55.76,Distribution
ca9ba422-049a-4ea2-89f3-91c6279d7f58,Sharjah Bonded Warehouse 2329,Sharjah,Sharjah,16027,84.8,Distribution
f7723552-2f67-41c3-a7b8-d537aba85372,New York Fulfilment Center 2330,New York,New York,38459,74.16,Regional
c4904850-2f8c-4639-bfb0-e2d2a2f807e4,Amsterdam Fulfilment Center 2331,Amsterdam,Amsterdam,56848,93.95,Bonded
b8905783-7ce1-470b-bec3-e6d880194502,Seoul Distribution Center 2332,Seoul,Seoul,102081,63.64,Regional
92b7cc9f-e713-4224-bcdd-888f65556df1,Manchester Fulfilment Center 2333,Manchester,Manchester,18921,71.59,Distribution
8c1b343c-44d6-40fd-924c-9c39baf00044,Chennai Bonded Warehouse 2334,Chennai,West Bengal,98262,64.43,Distribution
080cfa4d-8656-442b-b11b-113223cbbb9e,Manchester Regional Hub 2335,Manchester,Manchester,79795,79.55,Distribution
8aac2540-5e8e-4822-83de-2dd5cf3da471,Felixstowe Fulfilment Center 2336,Felixstowe,Felixstowe,29960,75.48,Distribution
7ad2e569-c6c2-4eec-9d57-27cd95666a9c,Tokyo Distribution Center 2337,Tokyo,Tokyo,30813,43.26,Distribution
837bfe9f-d48f-4376-8f56-8de37e1bfe8a,Houston Regional Hub 2338,Houston,Houston,20576,59.63,Distribution
941d517e-c27f-44db-adbb-b84e1bab220c,Ahmedabad Fulfilment Center 2339,Ahmedabad,Telangana,113465,86.88,Regional
1750b0bc-2fe4-4d7f-a07e-3992d19d3258,Sharjah Distribution Center 2340,Sharjah,Sharjah,102758,70.94,Distribution
76e8d554-08f4-490a-a3e3-ab865123d760,Dubai Fulfilment Center 2341,Dubai,Dubai,71753,53.81,Distribution
93fa80a6-25b9-4011-821e-3bca59d34413,Osaka Distribution Center 2342,Osaka,Osaka,8913,68.78,Distribution
48394213-af03-4293-b911-d1e77f4af91d,Shanghai Bonded Warehouse 2343,Shanghai,Shanghai,36102,72.84,Distribution
448e718f-7036-469a-9b62-803236a15d6f,Guangzhou Distribution Center 2344,Guangzhou,Guangzhou,29494,76.13,Regional
482075cf-20d6-4216-afaa-3de05d0ef6d0,London Distribution Center 2345,London,London,14245,64.14,Bonded
1e3a1b1c-6b6d-4811-afa9-60440aba6034,Osaka Distribution Center 2346,Osaka,Osaka,85595,88.84,Distribution
916ad4c8-e527-4bf1-8bc3-3702c321bb33,Los Angeles Bonded Warehouse 2347,Los Angeles,Los Angeles,22736,51.79,Distribution
0768c84b-817e-4c6b-b413-c9d908ff38dd,Seoul Distribution Center 2348,Seoul,Seoul,98907,80.01,Distribution
ff6ce7c9-0f98-4822-a1a9-50fbdac51832,Houston Bonded Warehouse 2349,Houston,Houston,14743,67.7,Regional
6a1c8bfb-7b3a-4db8-94ee-39c980ef7a35,London Regional Hub 2350,London,London,102016,77.93,Regional
3884c84d-2d50-49d6-81d4-f021215f791f,Guangzhou Regional Hub 2351,Guangzhou,Guangzhou,96253,49.72,Regional
1c1d024b-a524-4b8e-818d-fa5b77a8f1e9,Tokyo Fulfilment Center 2352,Tokyo,Tokyo,67153,91.56,Regional
da283390-0ab8-4ca3-bbc9-1b4e799de560,Felixstowe Regional Hub 2353,Felixstowe,Felixstowe,24502,72.13,Bonded
eea728c4-aeb5-4ce0-a9d3-c29984b72acf,Abu Dhabi Bonded Warehouse 2354,Abu Dhabi,Abu Dhabi,82278,77.89,Bonded
e8bbe870-c3a9-416d-9694-dd6ec2d92e81,Dubai Fulfilment Center 2355,Dubai,Dubai,65479,92.89,Distribution
d5f9e27b-61cc-46d8-8746-b9f69d161620,Abu Dhabi Distribution Center 2356,Abu Dhabi,Abu Dhabi,52794,68.44,Bonded
3cbc953e-21de-450e-ace5-9d9a1ed8b6ab,Busan Regional Hub 2357,Busan,Busan,10202,68.71,Distribution
5644c8b8-a832-4a3f-9173-0725c66fbda1,Incheon Distribution Center 2358,Incheon,Incheon,97554,84.32,Bonded
6d49b11b-96f4-4b3b-8c92-302d4da3d9e8,Ahmedabad Bonded Warehouse 2359,Ahmedabad,Maharashtra,33347,79.65,Distribution
5b2229f9-dc79-42e4-be39-16cfcabf1e54,Chennai Bonded Warehouse 2360,Chennai,Gujarat,100868,69.01,Distribution
6ea912b8-5f57-41e2-9b18-bb0d7c67ba05,Yokohama Distribution Center 2361,Yokohama,Yokohama,39465,91.77,Distribution
8ede6ef9-3a10-4c64-9f72-07a1cdeb2f40,Kolkata Bonded Warehouse 2362,Kolkata,Karnataka,68100,98.0,Regional
9ce6a5d3-2ea7-423b-82d1-69febf7e0ca6,Seoul Fulfilment Center 2363,Seoul,Seoul,35309,70.36,Regional
c6ad58e1-b146-40df-af29-d12f6eaf993b,Singapore Regional Hub 2364,Singapore,Singapore,100764,88.75,Bonded
4f4227d5-3a31-4861-ae47-c735a21d5b47,Abu Dhabi Fulfilment Center 2365,Abu Dhabi,Abu Dhabi,28035,63.91,Regional
a5649d36-c71d-414f-9ae5-ac29f3d6e302,Amsterdam Distribution Center 2366,Amsterdam,Amsterdam,114249,85.9,Distribution
f2d4da44-1306-4d1a-929d-4ffa593c304e,New York Bonded Warehouse 2367,New York,New York,7454,98.0,Distribution
a5258357-5dfe-4191-806e-c4ee19dbe254,Frankfurt Regional Hub 2368,Frankfurt,Frankfurt,118191,53.33,Bonded
4fd47b34-2746-4f98-b8db-74485729b45d,Abu Dhabi Regional Hub 2369,Abu Dhabi,Abu Dhabi,45810,73.56,Regional
2ddd8ab6-565a-4adc-93c6-ace331699ebc,Rotterdam Fulfilment Center 2370,Rotterdam,Rotterdam,9494,70.52,Distribution
89888484-03bf-472f-8822-f25a08d05e9f,Shenzhen Fulfilment Center 2371,Shenzhen,Shenzhen,76821,58.55,Bonded
c596e389-bb82-43a3-9861-51f58578da8b,Abu Dhabi Fulfilment Center 2372,Abu Dhabi,Abu Dhabi,85769,82.01,Distribution
20d9806c-4256-4984-8f83-81f54261f8ef,Los Angeles Regional Hub 2373,Los Angeles,Los Angeles,117889,93.03,Distribution
5732d3f8-eb75-4d74-9651-f1403e791820,Abu Dhabi Distribution Center 2374,Abu Dhabi,Abu Dhabi,29951,82.27,Distribution
d07bffaa-12ce-4ad3-bdcf-834cd843f0e9,Guangzhou Regional Hub 2375,Guangzhou,Guangzhou,22102,73.23,Distribution
577fa1d7-4899-43a2-90c0-8d2256daf3d4,Delhi Regional Hub 2376,Delhi,Gujarat,102271,77.95,Distribution
8c200dcd-c6e9-401f-8665-bbfdb81feb1c,Los Angeles Fulfilment Center 2377,Los Angeles,Los Angeles,18703,51.28,Bonded
322df931-500a-4104-9bc9-a6c10682de57,Yokohama Bonded Warehouse 2378,Yokohama,Yokohama,77464,66.15,Distribution
7af8a51b-3bdd-4ef8-8a22-350d54696763,Bremen Regional Hub 2379,Bremen,Bremen,70996,53.82,Distribution
d46bf63b-4175-419b-a99d-8edbb9ba52b8,Tokyo Bonded Warehouse 2380,Tokyo,Tokyo,88326,68.28,Distribution
0115a571-0f12-4c45-bd87-ab7897f6b1dd,Hyderabad Regional Hub 2381,Hyderabad,Delhi,51272,59.85,Regional
0047a42a-2d3e-4a33-b510-60e80db8207e,Tokyo Regional Hub 2382,Tokyo,Tokyo,47801,93.24,Distribution
b4faf927-2697-4a05-97a7-b35d9de88a54,Osaka Fulfilment Center 2383,Osaka,Osaka,67070,69.33,Distribution
596c9bb0-04fc-47e5-a63a-76f0b51865f3,Abu Dhabi Regional Hub 2384,Abu Dhabi,Abu Dhabi,19447,84.12,Distribution
1e767562-af5a-471f-9e90-828cf1e036e5,Singapore Distribution Center 2385,Singapore,Singapore,78422,75.31,Regional
a6865208-11f6-4baa-a8a8-9ddb7644395d,Bengaluru Distribution Center 2386,Bengaluru,Maharashtra,42356,57.68,Regional
cffe2c9f-7e7a-4869-bb6f-d493669b2924,Chicago Fulfilment Center 2387,Chicago,Chicago,46950,79.15,Bonded
64bdf949-340e-4834-ace6-2cf8dd12be74,Shanghai Regional Hub 2388,Shanghai,Shanghai,9075,75.48,Regional
eae22bc4-3fa5-4d3f-a4c0-f15243fb85c3,Incheon Regional Hub 2389,Incheon,Incheon,65960,71.74,Bonded
2ee1b285-e6ac-4364-a901-73bb3a4357e3,Rotterdam Regional Hub 2390,Rotterdam,Rotterdam,33621,67.49,Bonded
03dac97d-78f8-4323-bf81-7a7059816339,Osaka Distribution Center 2391,Osaka,Osaka,43912,69.9,Distribution
039ea9fa-99fd-4ba0-8ffc-5d7ca67f2e47,Rotterdam Distribution Center 2392,Rotterdam,Rotterdam,17155,63.37,Regional
47d9c7f8-f454-471b-b633-facdf430381f,Dubai Regional Hub 2393,Dubai,Dubai,19540,87.94,Distribution
85f65f0d-6121-4fcb-8a0d-6002e25baf9b,Singapore Bonded Warehouse 2394,Singapore,Singapore,57916,69.72,Regional
51fcf161-944a-42b1-9b14-93c348bd4b61,Guangzhou Bonded Warehouse 2395,Guangzhou,Guangzhou,30157,52.34,Distribution
8f617cb7-d27f-44d7-84b1-3ece0a50c7cd,Felixstowe Distribution Center 2396,Felixstowe,Felixstowe,47971,72.13,Regional
838c2d14-f309-49da-b274-77c60be20277,Yokohama Bonded Warehouse 2397,Yokohama,Yokohama,98527,72.91,Distribution
398bf0dd-f8eb-41b0-a592-957f13b58815,Shenzhen Fulfilment Center 2398,Shenzhen,Shenzhen,80262,65.83,Distribution
6fee070a-2b91-4fc3-98dd-6afec0235847,Dubai Fulfilment Center 2399,Dubai,Dubai,5365,70.88,Regional
d25cbe15-b51b-4f5d-bc39-9b968d3ac40e,Hamburg Distribution Center 2400,Hamburg,Hamburg,16065,69.4,Regional
42432b3b-7eca-4e68-86f4-f6ecd90648e7,Hamburg Distribution Center 2401,Hamburg,Hamburg,20003,70.29,Regional
508d063b-4897-49ab-8905-9ba6ceb45784,Dubai Regional Hub 2402,Dubai,Dubai,20997,75.77,Bonded
c4116a31-ce21-4171-a7f4-829d333df390,Amsterdam Bonded Warehouse 2403,Amsterdam,Amsterdam,102887,58.97,Regional
00750bab-3795-4025-bd0c-6d58db5f0570,Rotterdam Fulfilment Center 2404,Rotterdam,Rotterdam,105212,77.79,Distribution
8c42c244-cd11-461e-809e-fd2d9b1aee8c,Rotterdam Fulfilment Center 2405,Rotterdam,Rotterdam,94186,73.28,Distribution
184a2b6c-a283-4588-9b74-c83bdcd35466,Delhi Distribution Center 2406,Delhi,Karnataka,88351,87.95,Distribution
17dee28b-ba12-4aa1-93f1-eb5206fde6de,Amsterdam Bonded Warehouse 2407,Amsterdam,Amsterdam,64911,63.46,Distribution
97ed95d9-e424-4edb-b828-b27f61b0e050,London Fulfilment Center 2408,London,London,57847,64.07,Regional
80d11928-eee5-4031-8313-18c1dc60a487,Los Angeles Fulfilment Center 2409,Los Angeles,Los Angeles,75782,92.38,Distribution
96aac325-bacb-4ddb-bba4-7fd7c13df1e4,Seoul Distribution Center 2410,Seoul,Seoul,38660,73.49,Distribution
22782a02-a692-4011-8879-654ca3daec69,Amsterdam Regional Hub 2411,Amsterdam,Amsterdam,94873,82.53,Regional
b6e5b271-1386-4dde-9156-6b4b1c9a1bfd,Sharjah Fulfilment Center 2412,Sharjah,Sharjah,34149,56.65,Bonded
a4daee8f-8c56-472c-b8c6-a6d3a5e3a92a,Rotterdam Distribution Center 2413,Rotterdam,Rotterdam,92216,84.52,Distribution
50005e1a-1049-40ee-822d-815241de8897,Dubai Distribution Center 2414,Dubai,Dubai,101971,98.0,Bonded
81278f76-dc1d-4df1-b6c7-da1236075734,Ningbo Bonded Warehouse 2415,Ningbo,Ningbo,37795,69.0,Distribution
1518ecb0-7a75-438b-83b0-d836e583ec9e,New York Fulfilment Center 2416,New York,New York,110380,76.46,Distribution
90c10ded-5298-4cb7-95f6-8ac9c3fdd0e5,Rotterdam Regional Hub 2417,Rotterdam,Rotterdam,78203,68.18,Regional
25764cc8-5d85-4d0d-a73b-b40f7077db88,Incheon Bonded Warehouse 2418,Incheon,Incheon,110022,71.71,Bonded
e2308898-3c1d-45a4-b4dc-8c2cf9f13a85,Rotterdam Regional Hub 2419,Rotterdam,Rotterdam,84834,52.8,Regional
ef490481-ee31-496d-a88d-0a71267ef1ff,Rotterdam Fulfilment Center 2420,Rotterdam,Rotterdam,101018,53.61,Regional
32c26e5b-87db-4347-95ab-fe864698b2a6,Mumbai Distribution Center 2421,Mumbai,Gujarat,45412,65.81,Bonded
f080e88c-91ef-499f-ac73-78716c151be1,Manchester Regional Hub 2422,Manchester,Manchester,88274,67.1,Distribution
4c791eb8-9b84-406e-a85d-e394cb40cdf7,Ningbo Distribution Center 2423,Ningbo,Ningbo,110618,89.96,Distribution
193b2745-ad51-40c9-a7ef-97b6f6dc9efa,Abu Dhabi Regional Hub 2424,Abu Dhabi,Abu Dhabi,20224,82.51,Distribution
fdc8585b-a4c8-4c4c-a029-52931856bdb2,London Fulfilment Center 2425,London,London,117616,61.67,Distribution
3eeaf553-9b27-4430-bafa-76329bd99aaa,Houston Distribution Center 2426,Houston,Houston,49923,71.38,Distribution
6e56a64c-8e8f-40f6-9257-3564979bee49,Amsterdam Fulfilment Center 2427,Amsterdam,Amsterdam,33562,60.63,Distribution
d2f9a2bc-2002-412a-8fba-39a3aec90966,Shanghai Regional Hub 2428,Shanghai,Shanghai,44769,80.53,Bonded
36e6fbfe-e6e2-41e9-94eb-7b475ee25176,Rotterdam Bonded Warehouse 2429,Rotterdam,Rotterdam,8167,75.48,Distribution
abb371b2-72d9-4a33-95dd-1f5161833cd7,Felixstowe Regional Hub 2430,Felixstowe,Felixstowe,22806,63.5,Distribution
0513d4fc-33bf-4544-95f6-d78af46e4696,New York Fulfilment Center 2431,New York,New York,115841,79.6,Regional
a5815457-d19e-48b4-8804-c87edbd0a32b,Amsterdam Regional Hub 2432,Amsterdam,Amsterdam,10728,89.95,Distribution
31d48923-2995-47cd-89b7-606960a9161a,Singapore Fulfilment Center 2433,Singapore,Singapore,54704,43.32,Distribution
b1cf6a1b-99ee-4f8a-9b06-6f299df8334e,Singapore Bonded Warehouse 2434,Singapore,Singapore,41651,69.04,Regional
2f392d7f-3448-4df1-ab71-ac879039b975,Busan Bonded Warehouse 2435,Busan,Busan,113200,81.27,Distribution
764e0a05-a4a2-4e9d-8642-31f10b052e50,Bengaluru Distribution Center 2436,Bengaluru,West Bengal,111139,70.2,Regional
c8ccd873-976a-4336-8346-98bbccc2da0c,Felixstowe Bonded Warehouse 2437,Felixstowe,Felixstowe,109483,67.72,Bonded
62fa3e22-457b-42ca-8b6d-449663f6c089,Rotterdam Regional Hub 2438,Rotterdam,Rotterdam,79090,80.48,Bonded
9cfc1c44-32ce-4939-bbee-6d9043da0c9f,Singapore Distribution Center 2439,Singapore,Singapore,117403,37.52,Distribution
aa654d72-cb35-42ad-b431-a813ddd1448f,Bengaluru Regional Hub 2440,Bengaluru,Tamil Nadu,22580,63.06,Distribution
efb0f18a-d12b-4582-9afe-8403a3125564,Abu Dhabi Bonded Warehouse 2441,Abu Dhabi,Abu Dhabi,104873,50.99,Distribution
a41e210b-4783-4a03-9396-db19eb6d19d5,Frankfurt Fulfilment Center 2442,Frankfurt,Frankfurt,101288,76.62,Regional
d798c863-6410-415b-a5e2-3e71b7f0c302,Dubai Regional Hub 2443,Dubai,Dubai,30840,59.54,Distribution
62bfb527-f321-4471-b744-cc4109cc99b5,Tokyo Distribution Center 2444,Tokyo,Tokyo,72399,50.4,Regional
f4c9a873-811d-4dc1-a924-53bbe1b96ff7,Incheon Regional Hub 2445,Incheon,Incheon,43023,79.8,Bonded
634cce9b-b2a7-4d9c-8b0a-66328250c47b,Hamburg Bonded Warehouse 2446,Hamburg,Hamburg,34835,65.01,Distribution
765ab07e-2527-4bd0-9038-f6f095b6326a,Guangzhou Regional Hub 2447,Guangzhou,Guangzhou,64959,83.26,Distribution
8311722d-04fc-4d23-915e-e18f5747e18e,Bengaluru Distribution Center 2448,Bengaluru,Tamil Nadu,61600,69.84,Distribution
49efe193-0a05-4081-88b1-5d8beb53c800,Chennai Bonded Warehouse 2449,Chennai,Maharashtra,103320,65.9,Regional
4586126a-d91e-4d14-a08f-c2b67a02c48c,Sharjah Regional Hub 2450,Sharjah,Sharjah,42943,76.61,Regional
d0f6305b-fa02-4043-9e39-2725f3158fba,Guangzhou Bonded Warehouse 2451,Guangzhou,Guangzhou,11524,70.27,Regional
b51018c4-795b-43cc-8c7c-571f39f15812,Los Angeles Regional Hub 2452,Los Angeles,Los Angeles,34201,52.63,Distribution
9281d037-31ea-4a06-a88e-fc2f8d197863,Ningbo Bonded Warehouse 2453,Ningbo,Ningbo,21220,67.81,Distribution
0e939ba6-9e3a-46ce-98cd-4d7fd56434d4,Rotterdam Distribution Center 2454,Rotterdam,Rotterdam,106922,58.12,Distribution
26d776bd-38ab-4161-8356-f1761821f617,Osaka Fulfilment Center 2455,Osaka,Osaka,54914,80.07,Distribution
4a861c91-f586-401d-99db-f3300d385109,Sharjah Distribution Center 2456,Sharjah,Sharjah,34629,74.19,Distribution
783eccd5-87df-4023-b3e2-70aab7b73536,Sharjah Regional Hub 2457,Sharjah,Sharjah,65704,71.5,Bonded
ff26ab33-a64b-4c80-9dd4-fd9262ed63ca,Singapore Regional Hub 2458,Singapore,Singapore,97816,81.71,Bonded
4f710d0b-bf86-4caf-924b-665ca37b32c0,Sharjah Bonded Warehouse 2459,Sharjah,Sharjah,44183,79.18,Bonded
c5c71b94-364c-4d18-9db8-8b954288bb79,Rotterdam Distribution Center 2460,Rotterdam,Rotterdam,18703,76.06,Distribution
dba59c56-c1ff-4dd4-9556-8d2356dce8c0,Felixstowe Regional Hub 2461,Felixstowe,Felixstowe,77356,88.93,Distribution
60db10c4-c1ec-4b0c-b6b8-19f8c2af2893,Shenzhen Distribution Center 2462,Shenzhen,Shenzhen,105620,58.27,Distribution
9ab7e3aa-e7ad-4fc8-afd5-90aad04b3d2d,Felixstowe Regional Hub 2463,Felixstowe,Felixstowe,30723,98.0,Distribution
cae3bcf2-1b97-4fec-854d-6d55d3b9ed4c,Los Angeles Distribution Center 2464,Los Angeles,Los Angeles,5354,84.0,Distribution
c07293bd-7987-4cc5-be7e-5897ad7f0f90,London Regional Hub 2465,London,London,83185,90.23,Distribution
583dbaa6-a631-4070-8616-b546715dce2b,Kolkata Fulfilment Center 2466,Kolkata,Tamil Nadu,9243,59.57,Bonded
22526e4a-9c6f-4e5b-a303-19be71e4426a,Felixstowe Distribution Center 2467,Felixstowe,Felixstowe,102348,76.61,Distribution
63c11c9d-7278-48be-8608-535a805e120c,Bremen Regional Hub 2468,Bremen,Bremen,52712,71.57,Distribution
d98c9388-2205-40b9-8d1f-df7a7c439467,Guangzhou Fulfilment Center 2469,Guangzhou,Guangzhou,89992,79.96,Distribution
39d4503a-8267-49b0-a8ea-d219b6a603bc,Shenzhen Distribution Center 2470,Shenzhen,Shenzhen,114788,70.47,Distribution
07fa8725-142a-4288-bdf8-6ebb26e7b662,Tokyo Regional Hub 2471,Tokyo,Tokyo,118985,51.76,Regional
4b2210ae-2778-491b-8962-625c198a36af,Manchester Fulfilment Center 2472,Manchester,Manchester,118799,71.33,Regional
bd63ab5d-157d-47ae-b6a5-b3194a545fd4,Busan Bonded Warehouse 2473,Busan,Busan,17590,67.77,Regional
b304833f-5110-44d7-af29-185529e16050,Singapore Fulfilment Center 2474,Singapore,Singapore,26297,89.17,Distribution
f6a009fc-b7bf-4645-8e21-72cf64722d47,Bremen Bonded Warehouse 2475,Bremen,Bremen,21715,88.08,Regional
f0b5a6a3-97c1-49a7-941b-7ff1ede7b956,Shenzhen Regional Hub 2476,Shenzhen,Shenzhen,90023,77.58,Regional
56d59ae1-a6d0-445c-bafa-e29078e4d07b,Singapore Bonded Warehouse 2477,Singapore,Singapore,42605,66.97,Bonded
2ebd60ee-b256-4120-8bcd-e49435fd694b,Bremen Regional Hub 2478,Bremen,Bremen,61906,84.62,Distribution
23ecd391-6a35-4f7e-afce-b26da9c7800d,Amsterdam Regional Hub 2479,Amsterdam,Amsterdam,26946,78.03,Distribution
a98f1997-9dcf-4746-959d-95d650af4bd2,Singapore Regional Hub 2480,Singapore,Singapore,40415,61.92,Distribution
477e2173-b134-4b40-bdef-34722f241ab6,London Fulfilment Center 2481,London,London,65358,72.66,Distribution
ad7a66e7-5a38-4a51-a738-256c66b17265,Amsterdam Fulfilment Center 2482,Amsterdam,Amsterdam,64922,46.53,Bonded
91f97166-f7e3-42b4-925a-904ee5c8d9c9,Singapore Distribution Center 2483,Singapore,Singapore,32031,82.68,Distribution
0e64c148-dec1-4c1d-b4a4-80c2f5512854,Rotterdam Fulfilment Center 2484,Rotterdam,Rotterdam,62496,71.64,Bonded
17b88298-ed8d-4bea-a6cc-699a688ae888,Amsterdam Regional Hub 2485,Amsterdam,Amsterdam,45663,82.4,Regional
8371a2f0-c8be-4f9e-84eb-03a2e866f796,Tokyo Regional Hub 2486,Tokyo,Tokyo,86832,66.72,Distribution
129034eb-afce-4037-9cc6-1bebbfbd9654,Bremen Regional Hub 2487,Bremen,Bremen,55363,83.37,Regional
92459a0e-2267-4ed4-8707-8a672123e4e6,Frankfurt Distribution Center 2488,Frankfurt,Frankfurt,101034,67.0,Bonded
5957556e-cea2-40b5-8b45-74d8ad169bc1,Ningbo Fulfilment Center 2489,Ningbo,Ningbo,35887,64.77,Distribution
dcd870a2-3d89-4de7-ad9e-7b46f67cbd32,Guangzhou Regional Hub 2490,Guangzhou,Guangzhou,65340,60.43,Bonded
ace30c61-d472-44f7-bc82-384460d564e4,Yokohama Regional Hub 2491,Yokohama,Yokohama,12682,82.1,Distribution
29012fff-ccf7-4535-8b54-abae2378f465,Sharjah Fulfilment Center 2492,Sharjah,Sharjah,68392,72.53,Distribution
5af01463-e835-48ea-8353-194b775aab0a,Sharjah Distribution Center 2493,Sharjah,Sharjah,8941,56.05,Regional
849e64a6-c982-4f81-a890-5b0830a0ff16,Ningbo Distribution Center 2494,Ningbo,Ningbo,40649,94.39,Distribution
cc23e170-0ebc-4096-8f86-02db2ef5ff5f,Amsterdam Bonded Warehouse 2495,Amsterdam,Amsterdam,68210,71.26,Distribution
260f02ef-d00c-4f27-84a0-0be9905fa3b7,Frankfurt Bonded Warehouse 2496,Frankfurt,Frankfurt,12919,87.09,Distribution
865f5ee2-d383-4cb9-9614-506029f781a3,Frankfurt Regional Hub 2497,Frankfurt,Frankfurt,41268,61.95,Regional
514796eb-b08d-4f43-9db1-ed4dbf323570,Rotterdam Fulfilment Center 2498,Rotterdam,Rotterdam,47642,63.12,Distribution
6e3b2a55-7c13-40d4-b243-44bc290acb53,Yokohama Distribution Center 2499,Yokohama,Yokohama,86003,88.77,Regional
cb001ff4-1856-446f-8a78-f8d9281d76fe,Ahmedabad Bonded Warehouse 2500,Ahmedabad,Gujarat,10345,82.73,Regional
328e2a9d-a6de-4021-8042-d4044416a27d,Hamburg Fulfilment Center 2501,Hamburg,Hamburg,38144,80.79,Distribution
6eea45a8-df97-4485-b47c-fec6c6253439,Rotterdam Distribution Center 2502,Rotterdam,Rotterdam,98662,76.51,Bonded
98519a2c-0298-41b8-b522-f88881584e8a,Yokohama Bonded Warehouse 2503,Yokohama,Yokohama,114569,70.69,Distribution
74fc82d8-7364-4b9c-bf23-9d2fd0a64714,Bremen Regional Hub 2504,Bremen,Bremen,101568,82.94,Distribution
da78053a-ff5d-44f9-a13e-c801f10c6ee2,Yokohama Distribution Center 2505,Yokohama,Yokohama,91101,85.84,Bonded
4b966f24-4140-41ce-8eb8-bc9f971041bb,Rotterdam Bonded Warehouse 2506,Rotterdam,Rotterdam,47183,71.83,Regional
b6e62e0d-1ebd-4a28-afb2-1cee64d9fe78,Amsterdam Distribution Center 2507,Amsterdam,Amsterdam,107837,64.53,Distribution
1e8eaef1-cecf-46ef-845e-890585d32ea9,Singapore Bonded Warehouse 2508,Singapore,Singapore,8273,85.74,Bonded
727b8c68-2180-41b1-a46d-5ffc765bd54a,Amsterdam Fulfilment Center 2509,Amsterdam,Amsterdam,16951,82.6,Regional
2ace6ed8-debd-4674-9df8-8f8568c72b54,Yokohama Regional Hub 2510,Yokohama,Yokohama,7258,50.0,Distribution
9f9642f7-efe3-4113-b0f6-6ce7749d8582,Shanghai Fulfilment Center 2511,Shanghai,Shanghai,75010,65.82,Regional
85b6a7f3-d63c-4973-963d-55ba4a1adabf,Los Angeles Bonded Warehouse 2512,Los Angeles,Los Angeles,79252,74.51,Distribution
4ec8a3b2-4f90-4f53-8c7d-6ee16de701ee,Frankfurt Distribution Center 2513,Frankfurt,Frankfurt,90980,83.32,Regional
59d777f9-4ed2-400d-967a-e4e69a27aecf,Osaka Bonded Warehouse 2514,Osaka,Osaka,49927,84.19,Distribution
3f77d314-bd3d-4abe-af31-1e7e2919ee61,Singapore Fulfilment Center 2515,Singapore,Singapore,56515,59.95,Bonded
529d0511-8471-4694-89a2-632342d8085c,Singapore Bonded Warehouse 2516,Singapore,Singapore,32383,84.09,Distribution
7e1e66cc-9015-4fbf-bd1a-4514779000ef,Manchester Bonded Warehouse 2517,Manchester,Manchester,95966,78.79,Distribution
b3c2bb27-e1fd-4160-b832-850db1c2ef05,Busan Distribution Center 2518,Busan,Busan,22294,88.66,Distribution
259ddce1-347f-47ed-866d-8d7099181c91,Ningbo Bonded Warehouse 2519,Ningbo,Ningbo,42457,95.51,Regional
2ec6e568-cd7b-4cdc-953c-0304528a6bf5,Rotterdam Distribution Center 2520,Rotterdam,Rotterdam,61804,66.2,Bonded
bdad11b1-decd-4970-9197-be9043148d3b,Yokohama Bonded Warehouse 2521,Yokohama,Yokohama,20834,64.35,Regional
06768646-f6e8-439f-b952-f916809f47b5,Singapore Bonded Warehouse 2522,Singapore,Singapore,73441,83.35,Regional
37445d26-8508-4ceb-a1cf-44b6b573fb72,Rotterdam Bonded Warehouse 2523,Rotterdam,Rotterdam,17222,76.1,Distribution
5b87c520-f524-4c1c-a874-aa96eda5d5ad,Guangzhou Bonded Warehouse 2524,Guangzhou,Guangzhou,106857,51.37,Distribution
7322a87f-40e1-436a-8e48-9a9f47333d35,Amsterdam Fulfilment Center 2525,Amsterdam,Amsterdam,54190,63.62,Regional
374d0d23-d7df-4b8f-9bf5-f03fdc4de65c,Shanghai Fulfilment Center 2526,Shanghai,Shanghai,51602,76.99,Distribution
55398777-a8b5-49c9-9a0f-1fc5117beae3,Bremen Regional Hub 2527,Bremen,Bremen,29556,45.75,Distribution
4a4f4959-7cb4-4d97-96fe-c1b9e29fb935,Amsterdam Bonded Warehouse 2528,Amsterdam,Amsterdam,111773,81.28,Distribution
4dd140a7-d456-4191-83b9-36517f5f687f,Chennai Bonded Warehouse 2529,Chennai,Telangana,68807,90.96,Distribution
4d6ff4fd-cbdd-4447-96af-c554b8c17997,London Regional Hub 2530,London,London,90754,68.77,Bonded
55aac9b3-f5c2-4c4f-84b1-d45c8835b820,Amsterdam Fulfilment Center 2531,Amsterdam,Amsterdam,18091,69.73,Regional
dd7ea6bc-190f-48ce-b6a5-7a8a5b88e870,Bremen Bonded Warehouse 2532,Bremen,Bremen,68872,77.58,Distribution
0bec7ad4-6baf-4f61-9d9d-9488405a6666,Manchester Fulfilment Center 2533,Manchester,Manchester,99195,39.51,Bonded
7f32b2cb-e9d5-4165-894e-ba430d1ccc38,Singapore Bonded Warehouse 2534,Singapore,Singapore,78451,81.16,Distribution
b37cf5cb-0e73-4126-8204-c75db42799fb,Houston Regional Hub 2535,Houston,Houston,95514,74.87,Bonded
a3caa390-1102-4b7b-ba0d-0580486e2c24,Los Angeles Regional Hub 2536,Los Angeles,Los Angeles,71752,59.95,Distribution
366c4524-a60e-4978-bb21-4563ea6cb7b8,Abu Dhabi Regional Hub 2537,Abu Dhabi,Abu Dhabi,117967,70.02,Distribution
896d5526-9d74-4dd9-8e49-c843bd374139,Shanghai Regional Hub 2538,Shanghai,Shanghai,111349,65.02,Regional
9d20df1e-4402-4050-961b-ba253076d989,Busan Distribution Center 2539,Busan,Busan,17498,63.36,Distribution
555c85af-4c5c-42b4-a25b-372562b00a07,Ahmedabad Regional Hub 2540,Ahmedabad,Maharashtra,92014,68.01,Distribution
6ef90f6d-5da5-4386-ac3e-2360184bf025,Los Angeles Regional Hub 2541,Los Angeles,Los Angeles,92956,51.73,Regional
e37fb522-94fd-4e59-a73b-352fa0d12258,Singapore Regional Hub 2542,Singapore,Singapore,89842,59.89,Regional
b90cd9ec-023c-4e35-ab24-7dbd9d400f5c,Frankfurt Regional Hub 2543,Frankfurt,Frankfurt,66121,70.48,Regional
d6f6b44d-d9fc-43d2-8613-73e15191fc77,Dubai Regional Hub 2544,Dubai,Dubai,89233,73.45,Distribution
daa3fce9-764e-4015-acd0-544e7f3d3ca4,Los Angeles Bonded Warehouse 2545,Los Angeles,Los Angeles,88832,59.41,Distribution
c08a442a-3790-4b7d-a163-6ae91879facb,Houston Bonded Warehouse 2546,Houston,Houston,78279,86.45,Bonded
9d990423-899f-4e22-b3ef-1c97c885d42e,Busan Bonded Warehouse 2547,Busan,Busan,90039,80.38,Regional
27535279-7df6-47af-b98e-731f38a6bb51,Osaka Bonded Warehouse 2548,Osaka,Osaka,106555,65.15,Distribution
b9b23a45-d19e-4bd7-ad8b-96debd2a108a,Tokyo Fulfilment Center 2549,Tokyo,Tokyo,69391,73.16,Regional
d5b95677-1936-4fe1-bd27-4f3f4ffac106,Yokohama Distribution Center 2550,Yokohama,Yokohama,110610,68.14,Bonded
ecba17ab-3830-4626-ad99-60dad905ce96,Manchester Regional Hub 2551,Manchester,Manchester,48602,71.72,Distribution
e5d3eb50-87d8-4ce7-b445-5a0403a778cb,Chennai Bonded Warehouse 2552,Chennai,Gujarat,91490,46.12,Distribution
09c1990f-1493-47f1-b9c9-fb26ac283cf4,Chennai Bonded Warehouse 2553,Chennai,Delhi,36279,80.51,Distribution
336fba85-32c2-4afa-b491-c75062c033d0,Yokohama Regional Hub 2554,Yokohama,Yokohama,12923,62.87,Distribution
b24b85ca-403d-41f5-a4b3-8746b9618810,Seoul Fulfilment Center 2555,Seoul,Seoul,67697,77.97,Distribution
b17a874c-b6b8-4774-b9e5-3a7288089208,Manchester Bonded Warehouse 2556,Manchester,Manchester,74901,58.53,Distribution
f8c0db0e-2093-4444-90a0-5c5c337c658b,Frankfurt Bonded Warehouse 2557,Frankfurt,Frankfurt,101496,87.83,Distribution
3bc38615-a839-429d-8991-5f62f24589f0,Dubai Bonded Warehouse 2558,Dubai,Dubai,31559,68.77,Distribution
8760809b-72d8-4f7c-84bf-383db452ecca,Felixstowe Fulfilment Center 2559,Felixstowe,Felixstowe,97805,76.99,Distribution
6fd08e33-4515-4406-b3c8-431938dfd4d2,Incheon Fulfilment Center 2560,Incheon,Incheon,39688,70.71,Distribution
7c33b1db-42dd-4133-a059-02a78a2af0c6,Singapore Bonded Warehouse 2561,Singapore,Singapore,43706,76.16,Distribution
c4aefcb3-1fc0-4362-b45b-487abe380390,Singapore Bonded Warehouse 2562,Singapore,Singapore,82761,77.5,Bonded
ed9ec433-a9c8-40f9-8c9e-d33a6bfbe2ba,Rotterdam Distribution Center 2563,Rotterdam,Rotterdam,36781,55.02,Distribution
dbd9a8d7-ecb5-4ae2-b82e-2ba6f1590376,Chicago Distribution Center 2564,Chicago,Chicago,58052,60.42,Regional
44995d8d-2c08-4b7d-891e-faacb2d4be34,Felixstowe Distribution Center 2565,Felixstowe,Felixstowe,64525,58.76,Regional
a2efba16-2a9d-4c25-b030-bcb2775feb9f,Rotterdam Fulfilment Center 2566,Rotterdam,Rotterdam,118223,81.97,Distribution
03c97f6c-3dd7-4525-af56-f04c56765d3d,Yokohama Distribution Center 2567,Yokohama,Yokohama,38435,49.18,Distribution
13899ac6-9bdd-463b-a043-5ac8d91e9d8f,Tokyo Regional Hub 2568,Tokyo,Tokyo,45729,77.36,Distribution
4bdefc08-657c-4040-8cb5-e08b162b9599,Osaka Bonded Warehouse 2569,Osaka,Osaka,84932,51.35,Regional
e3333317-ded5-48e0-bdaf-3811b12cfe9d,Amsterdam Fulfilment Center 2570,Amsterdam,Amsterdam,102751,68.75,Regional
c7c6f1f0-656b-4c82-98e8-c136317b26c7,Bengaluru Bonded Warehouse 2571,Bengaluru,Telangana,71623,52.54,Distribution
d199a90e-d351-4277-90e7-0ecfdc42e859,Dubai Distribution Center 2572,Dubai,Dubai,22666,96.46,Distribution
2ead9ee6-27df-438f-a359-21f8d3b30e8b,Tokyo Bonded Warehouse 2573,Tokyo,Tokyo,74313,97.23,Distribution
0cff0a50-0fb9-4b80-9707-166e6b0f0bb0,Kolkata Bonded Warehouse 2574,Kolkata,West Bengal,34867,62.96,Distribution
cd4ea166-b9ac-4631-beff-ed05c1e77610,Chicago Fulfilment Center 2575,Chicago,Chicago,96926,88.71,Bonded
706601eb-cd51-4ffa-ba72-e2507b458a34,Guangzhou Regional Hub 2576,Guangzhou,Guangzhou,84698,74.78,Distribution
311fd7df-a590-469c-b955-ce6ffda902ee,Mumbai Distribution Center 2577,Mumbai,Delhi,26318,88.8,Distribution
9d74f404-ce15-4b59-b18a-0163d0bcbbd5,Osaka Distribution Center 2578,Osaka,Osaka,71875,42.55,Distribution
e0a5d985-99fa-47a7-b505-5705e7bf49ff,Singapore Bonded Warehouse 2579,Singapore,Singapore,52360,82.81,Distribution
2c0de1aa-6fd8-4248-94fa-5c832848008e,Abu Dhabi Distribution Center 2580,Abu Dhabi,Abu Dhabi,28472,64.18,Regional
4c281dbb-084e-4abf-98d1-c0b4a979141e,Tokyo Bonded Warehouse 2581,Tokyo,Tokyo,33602,66.11,Distribution
222fdf4a-26f6-45ad-8fde-5faaf8d16fd2,Singapore Regional Hub 2582,Singapore,Singapore,66051,67.17,Regional
c4ca824a-a45c-4576-8a77-e6b6aef042fc,Rotterdam Regional Hub 2583,Rotterdam,Rotterdam,85941,52.22,Distribution
3d2c36f6-4f48-401e-88a5-4f0ea2fa3140,Bremen Fulfilment Center 2584,Bremen,Bremen,94054,68.19,Bonded
22276f05-bca4-4153-a657-eede4e136e75,Frankfurt Bonded Warehouse 2585,Frankfurt,Frankfurt,33203,56.86,Distribution
973e119c-5a51-4c0e-a14d-bc36a02364ac,New York Distribution Center 2586,New York,New York,70534,80.98,Distribution
18412c41-91e4-4c06-b015-bea8217ddb0c,Incheon Fulfilment Center 2587,Incheon,Incheon,105431,69.4,Distribution
60b55077-f3c7-47aa-970e-4063d0c14c4f,Tokyo Bonded Warehouse 2588,Tokyo,Tokyo,64929,72.83,Distribution
3bc1fe83-6cc3-495b-aa2c-3eb6969d600b,Felixstowe Distribution Center 2589,Felixstowe,Felixstowe,50850,72.67,Regional
8fcd1c81-fb41-4605-84d6-c9da582a5566,Frankfurt Fulfilment Center 2590,Frankfurt,Frankfurt,12338,70.04,Distribution
ad48148d-43ee-442d-8ccb-337eb78efa6a,Amsterdam Regional Hub 2591,Amsterdam,Amsterdam,39202,92.25,Distribution
37babf9c-d22d-4021-beb5-eff79d7e9c4c,Guangzhou Fulfilment Center 2592,Guangzhou,Guangzhou,33717,67.3,Regional
c9e10fdc-d0d1-4a42-8c25-3c27b3fc29a7,Dubai Regional Hub 2593,Dubai,Dubai,63820,61.39,Regional
8d2f28d5-f215-4fbb-844d-66d28038d8ab,Yokohama Fulfilment Center 2594,Yokohama,Yokohama,5597,85.47,Regional
85071223-7c59-4338-8046-29f3b0bbb5f2,Amsterdam Bonded Warehouse 2595,Amsterdam,Amsterdam,68205,56.9,Regional
8af04eed-d5f5-4122-8496-cfec79d02591,Kolkata Bonded Warehouse 2596,Kolkata,Maharashtra,63349,85.7,Regional
49bfcf23-fc68-4675-a135-e9174fab88a2,Mumbai Fulfilment Center 2597,Mumbai,Maharashtra,32318,65.39,Regional
6b52ab65-2ada-424c-8752-8e973d776e09,Felixstowe Distribution Center 2598,Felixstowe,Felixstowe,67638,89.47,Regional
7693557e-e2a4-454e-9c3a-2c37b50fbffb,Bremen Regional Hub 2599,Bremen,Bremen,89646,98.0,Distribution
f336b142-37e3-4ff4-8a8e-02d31d4c42f5,Shanghai Bonded Warehouse 2600,Shanghai,Shanghai,33011,67.76,Bonded
4dfeec07-f5e0-42a1-b777-124fc0cf4644,Yokohama Fulfilment Center 2601,Yokohama,Yokohama,43243,58.24,Bonded
3a971c63-615c-4009-b07c-093e8f99e924,Manchester Fulfilment Center 2602,Manchester,Manchester,12048,47.29,Bonded
b19e5591-5281-47eb-b7cc-8a1cecf944f2,Singapore Fulfilment Center 2603,Singapore,Singapore,98695,94.4,Distribution
e2b16602-8c6d-4d44-bf89-5bc75518faf0,Bremen Distribution Center 2604,Bremen,Bremen,62971,57.85,Distribution
4c8094bc-d559-4a3f-8f3d-71756e2d556a,Singapore Fulfilment Center 2605,Singapore,Singapore,81863,79.41,Regional
b1ef26d2-c45e-43ce-a79f-d060c2c230f2,Tokyo Bonded Warehouse 2606,Tokyo,Tokyo,27203,35.0,Distribution
d431abc8-62f4-4449-a32e-0e946ef5ed23,Bengaluru Bonded Warehouse 2607,Bengaluru,Karnataka,17148,91.46,Distribution
923b1360-46f6-4097-9aa2-42f176d480a0,Yokohama Fulfilment Center 2608,Yokohama,Yokohama,31828,86.77,Regional
0a16a244-5152-45c1-b4e4-befc9c7440e7,Amsterdam Regional Hub 2609,Amsterdam,Amsterdam,111253,70.84,Distribution
449f61a2-8613-4c15-8ff4-d20e9332983d,Busan Bonded Warehouse 2610,Busan,Busan,119099,85.62,Distribution
2935f351-0684-4910-9cae-1f37aa57ce4f,Seoul Regional Hub 2611,Seoul,Seoul,102120,80.48,Regional
41a1cbce-a728-4115-874c-8478d0825e54,Frankfurt Bonded Warehouse 2612,Frankfurt,Frankfurt,47566,63.85,Distribution
33a67ef4-003f-4320-83ed-2dafc3c3a5d9,Hamburg Bonded Warehouse 2613,Hamburg,Hamburg,95346,85.74,Distribution
4f145c00-55ca-495e-8651-a6b1568e9765,Abu Dhabi Bonded Warehouse 2614,Abu Dhabi,Abu Dhabi,66465,73.24,Regional
2305965b-ba4c-4270-9eb7-67fbc3811c46,Chennai Regional Hub 2615,Chennai,West Bengal,20689,43.83,Distribution
23a8ac98-3a50-475e-b547-4bea414a7de4,Busan Fulfilment Center 2616,Busan,Busan,108178,45.44,Regional
53bd7b98-54ba-4af9-8cb4-df7493cf8f83,Hamburg Bonded Warehouse 2617,Hamburg,Hamburg,19480,76.23,Regional
9a10ede3-64ee-40c5-9875-27d61c97a546,London Regional Hub 2618,London,London,113623,77.66,Distribution
6ba98c5a-f54a-4c28-b714-97e183fb8167,Ahmedabad Bonded Warehouse 2619,Ahmedabad,Delhi,61952,58.75,Distribution
656a9c9e-f8a0-43b8-a5fa-84540f406ced,Manchester Bonded Warehouse 2620,Manchester,Manchester,9685,60.36,Distribution
eae5e0b2-6091-45fa-a185-277503da91e3,Singapore Distribution Center 2621,Singapore,Singapore,5410,87.92,Distribution
ac3d13c7-443c-4979-87c6-c0fb00419373,Rotterdam Fulfilment Center 2622,Rotterdam,Rotterdam,30454,73.1,Distribution
e1ffe945-b908-480d-881d-779ae7b37fc7,Ningbo Bonded Warehouse 2623,Ningbo,Ningbo,44054,54.34,Distribution
3f7d5abe-156e-4fa7-b4ea-b42c0d8244f9,Tokyo Distribution Center 2624,Tokyo,Tokyo,9079,83.39,Distribution
39f718a0-fa46-46b9-b09c-b0e26ab5b086,Felixstowe Regional Hub 2625,Felixstowe,Felixstowe,48454,72.88,Distribution
45074964-3d69-400f-86ae-44d82e4d43a4,Abu Dhabi Regional Hub 2626,Abu Dhabi,Abu Dhabi,28110,61.07,Bonded
04bc25be-7d78-4ffd-9788-5258a7b2b56f,Manchester Distribution Center 2627,Manchester,Manchester,23602,86.02,Bonded
1c9370c1-ca9d-4aa8-8e76-8f2f595a9556,Chennai Bonded Warehouse 2628,Chennai,Telangana,45118,70.77,Distribution
0ec9e50a-b3c8-4a67-9eb7-4a6579e8b45c,Felixstowe Distribution Center 2629,Felixstowe,Felixstowe,22636,79.3,Distribution
4f7a60d4-155e-48da-8b02-2a9d0d19c875,Dubai Regional Hub 2630,Dubai,Dubai,13411,65.75,Distribution
c007a87d-7c5c-4bf9-a5b7-ad5f1fcda775,Dubai Distribution Center 2631,Dubai,Dubai,53032,76.36,Regional
8551cd6d-bf23-4141-b199-2a4e5ca1ec10,Rotterdam Fulfilment Center 2632,Rotterdam,Rotterdam,103531,62.97,Distribution
1a0698d5-f7c7-4018-adc1-a0739072c2fd,Amsterdam Distribution Center 2633,Amsterdam,Amsterdam,87802,72.96,Regional
2ea99f35-f130-48b0-9f8e-88e15f113346,Singapore Fulfilment Center 2634,Singapore,Singapore,113141,85.72,Regional
892d2aa8-69fa-45bc-9d0c-6b0ca2a084c7,Tokyo Regional Hub 2635,Tokyo,Tokyo,13178,81.06,Distribution
74593e88-cdd8-428d-acc3-6f53b8d55424,Felixstowe Distribution Center 2636,Felixstowe,Felixstowe,19603,69.34,Regional
fc20c3b0-a92a-413d-a742-2b7228534210,Rotterdam Bonded Warehouse 2637,Rotterdam,Rotterdam,50565,61.2,Regional
f9c6852a-b2bd-4a52-babe-08f57a2d2bc6,Houston Bonded Warehouse 2638,Houston,Houston,114603,56.18,Bonded
4e58d9ec-5ef4-4e54-8771-f797f6899e93,Singapore Bonded Warehouse 2639,Singapore,Singapore,69934,77.09,Distribution
d575ac28-b457-4a8a-b245-912147d4dc74,Singapore Bonded Warehouse 2640,Singapore,Singapore,70762,79.6,Regional
fb17b88e-085e-44c4-8844-62b4a3056499,Busan Fulfilment Center 2641,Busan,Busan,10595,52.39,Distribution
c3111edf-5c84-4ccf-80fe-cd3509c373e2,Ningbo Fulfilment Center 2642,Ningbo,Ningbo,109759,79.88,Bonded
02ca2d7d-c3d4-467f-8ee2-6376e445f6b0,Incheon Distribution Center 2643,Incheon,Incheon,87734,68.15,Bonded
55e6a0bc-2847-41c9-9e2f-72a2f8153475,Los Angeles Distribution Center 2644,Los Angeles,Los Angeles,74115,65.24,Distribution
7344a2b8-5494-4292-8f81-8ed9211cbdcb,Singapore Regional Hub 2645,Singapore,Singapore,50590,85.98,Distribution
315b1d29-498f-4c7c-a1a8-2b6bcbdadcec,Ningbo Regional Hub 2646,Ningbo,Ningbo,95015,76.26,Distribution
40dc1ee3-3416-4f1e-876a-c6b4c300fcea,Bengaluru Fulfilment Center 2647,Bengaluru,Delhi,84964,67.97,Distribution
4031aa0c-04ca-4149-8e69-a0954cbaa65f,Amsterdam Fulfilment Center 2648,Amsterdam,Amsterdam,15460,78.33,Regional
9dd36c7e-b19c-4dd2-aab4-cb8f91883448,Chennai Bonded Warehouse 2649,Chennai,Gujarat,42536,80.39,Distribution
d734c7cb-93be-47a0-be33-f8a4049230c5,Yokohama Regional Hub 2650,Yokohama,Yokohama,54965,89.43,Regional
e5903f5c-7a69-4231-a4ad-7e9148978b6e,Bengaluru Bonded Warehouse 2651,Bengaluru,Gujarat,60644,55.02,Regional
7943d74f-8b38-4e8a-8ea4-4ea260b17806,Yokohama Regional Hub 2652,Yokohama,Yokohama,80742,81.25,Distribution
1508d566-83b1-4ea1-829d-903a7f0cb6e2,Mumbai Bonded Warehouse 2653,Mumbai,Delhi,16363,61.54,Distribution
7552bb0d-a5d8-4715-ad90-2196b2eb2b73,Felixstowe Regional Hub 2654,Felixstowe,Felixstowe,32451,69.16,Regional
2f243273-8dbd-4cd4-a8da-9bc1cc303e76,Bengaluru Fulfilment Center 2655,Bengaluru,Gujarat,28441,88.68,Regional
4ff1aa50-12bc-49e9-a2a2-619764c0b244,New York Fulfilment Center 2656,New York,New York,93785,95.6,Distribution
cacb3b99-7cfa-42a3-9bee-24086a0b6c01,Shanghai Distribution Center 2657,Shanghai,Shanghai,58350,80.84,Distribution
47c3429c-61a1-4e58-88d0-79cc2b5f091e,Busan Regional Hub 2658,Busan,Busan,108866,81.98,Distribution
7fba35c3-15f1-47a4-822e-085380f72435,Rotterdam Regional Hub 2659,Rotterdam,Rotterdam,31657,81.71,Regional
62565b4f-97b7-4ee6-bb57-d4be74c07833,Guangzhou Fulfilment Center 2660,Guangzhou,Guangzhou,58701,55.6,Distribution
375326d9-b5fc-4037-964d-0416a0fd3849,Incheon Distribution Center 2661,Incheon,Incheon,63784,84.21,Regional
162181e0-3997-4658-ad9a-40fd55982d99,Yokohama Distribution Center 2662,Yokohama,Yokohama,40575,47.58,Regional
a99dbbc0-ded1-4b9e-a6f2-1b460cd616c4,Rotterdam Distribution Center 2663,Rotterdam,Rotterdam,104607,77.65,Distribution
514870af-e7a5-4ae7-8a86-4ffceb2d50d4,Kolkata Regional Hub 2664,Kolkata,Karnataka,80090,73.74,Distribution
4efbe288-08da-4519-8818-f43dbf8a989e,Chicago Regional Hub 2665,Chicago,Chicago,110938,35.0,Regional
6923028f-e6f1-4042-ac84-d8e55d0496c5,Tokyo Bonded Warehouse 2666,Tokyo,Tokyo,88516,72.66,Regional
8025b4ad-ed2d-42a7-9e76-0d7d01621f70,Yokohama Distribution Center 2667,Yokohama,Yokohama,5145,89.66,Distribution
8d930098-8cae-40af-ae93-b753839aa780,Amsterdam Distribution Center 2668,Amsterdam,Amsterdam,60523,90.29,Distribution
a38824d1-a303-4f67-a255-51faa8a55a1c,Chicago Regional Hub 2669,Chicago,Chicago,88130,75.7,Distribution
94a32af6-8c9a-4175-82c7-fd887e3f1f0a,Abu Dhabi Fulfilment Center 2670,Abu Dhabi,Abu Dhabi,71050,35.0,Regional
007b050a-bdc3-4b93-9e0e-8d0fc0f2ed95,New York Regional Hub 2671,New York,New York,111195,66.79,Distribution
e831d66c-d55a-4ad4-a6c2-66d65ac20ada,Abu Dhabi Fulfilment Center 2672,Abu Dhabi,Abu Dhabi,40565,75.24,Distribution
93bd35d5-f488-441f-a57f-b171d61a4392,Shanghai Distribution Center 2673,Shanghai,Shanghai,25210,65.44,Bonded
cd820437-37ff-47db-be0d-6072ff374b20,Kolkata Distribution Center 2674,Kolkata,West Bengal,96490,89.6,Distribution
4e53b076-89d8-4ea2-be75-416a5caef167,Sharjah Fulfilment Center 2675,Sharjah,Sharjah,45949,62.72,Distribution
34c5d0ec-cf33-456f-bab5-45868bcc7d38,Los Angeles Regional Hub 2676,Los Angeles,Los Angeles,76219,78.61,Distribution
f445582c-fd54-40ce-bc7d-89e11754f1b0,Felixstowe Distribution Center 2677,Felixstowe,Felixstowe,44256,69.09,Distribution
0aa9c335-cecf-4d75-b51f-375e4adf8e2e,Guangzhou Distribution Center 2678,Guangzhou,Guangzhou,28161,82.79,Distribution
ac9f563d-bd6f-4ab7-bc40-e33d9708c493,Seoul Bonded Warehouse 2679,Seoul,Seoul,97942,73.41,Distribution
a62a2d1d-f7d8-4b07-aceb-6ee116aa8d4b,Singapore Bonded Warehouse 2680,Singapore,Singapore,31382,80.28,Regional
783643d5-04e0-4e62-a90a-96967813a9d0,Amsterdam Distribution Center 2681,Amsterdam,Amsterdam,51535,72.64,Regional
03dbfce7-3af4-4a68-a031-a676e2629af2,Singapore Bonded Warehouse 2682,Singapore,Singapore,38638,78.66,Regional
d8b4c0e1-1c45-4a07-a875-bb7c6c779dd3,Sharjah Bonded Warehouse 2683,Sharjah,Sharjah,34180,66.34,Regional
1c40e922-014a-4ea9-bc12-c1446479be85,Rotterdam Fulfilment Center 2684,Rotterdam,Rotterdam,72216,61.71,Regional
bbde97bb-0f02-458d-a8a3-0450324a5821,Chennai Fulfilment Center 2685,Chennai,West Bengal,42249,80.06,Distribution
68506b4a-fe40-4c64-8e10-acc883a8fcff,Frankfurt Bonded Warehouse 2686,Frankfurt,Frankfurt,104229,79.61,Distribution
b5e52ec2-f91a-48b0-95eb-47d0a4cc08e4,Singapore Regional Hub 2687,Singapore,Singapore,64258,74.39,Regional
a7c75515-8c8a-42e8-93c4-95b1b95c7f0a,Dubai Bonded Warehouse 2688,Dubai,Dubai,115849,80.97,Bonded
e7c81d6e-1028-466c-be67-0d5b187af333,Frankfurt Distribution Center 2689,Frankfurt,Frankfurt,13952,86.16,Bonded
d310a770-b855-42ad-86fe-6a1ab55cae8e,Amsterdam Distribution Center 2690,Amsterdam,Amsterdam,60385,78.12,Regional
e2d58a25-348f-4501-9532-2abd5704d52e,Seoul Fulfilment Center 2691,Seoul,Seoul,110740,68.34,Distribution
6b002ba6-df1a-4808-884f-63311971f4be,Tokyo Regional Hub 2692,Tokyo,Tokyo,114314,85.09,Regional
61c99c7b-d733-4a0b-994f-81904d336501,Los Angeles Fulfilment Center 2693,Los Angeles,Los Angeles,78180,76.07,Distribution
cae630c6-8443-433c-b6e8-9458b27d7352,Los Angeles Fulfilment Center 2694,Los Angeles,Los Angeles,100614,75.61,Distribution
e4c689f9-f924-4b5a-b964-249d58332f41,Incheon Regional Hub 2695,Incheon,Incheon,102590,78.87,Regional
2b0b7214-c5aa-486a-a8a6-fb4f0fcee6ce,Abu Dhabi Distribution Center 2696,Abu Dhabi,Abu Dhabi,18615,70.81,Regional
4224e283-0f78-4ea8-81bc-418bb1ad548e,Singapore Fulfilment Center 2697,Singapore,Singapore,32660,60.32,Distribution
9f9d47b9-0bce-4a7d-b787-fc532d83a73c,Singapore Fulfilment Center 2698,Singapore,Singapore,110160,74.72,Regional
f7bf3072-afe1-4a20-9aa7-5a1a18ccc59a,Shenzhen Bonded Warehouse 2699,Shenzhen,Shenzhen,59528,76.44,Bonded
eae52e7d-3386-49c8-a8a7-f83bb2ae4c94,Shenzhen Fulfilment Center 2700,Shenzhen,Shenzhen,49261,66.27,Distribution
a57fa03f-ec63-491b-b440-7d2c93d679ae,Houston Bonded Warehouse 2701,Houston,Houston,111498,73.36,Distribution
e1c5c217-db49-4eca-afab-7843bbe22977,Hyderabad Distribution Center 2702,Hyderabad,Delhi,77799,66.5,Regional
5ba144ac-527d-4b91-be03-78b065588cf2,Chicago Fulfilment Center 2703,Chicago,Chicago,65336,86.03,Distribution
df6a8e37-6144-4b0b-95d7-f589fe34d468,Singapore Distribution Center 2704,Singapore,Singapore,31048,91.0,Distribution
fda9e77f-e3c9-43ef-8fc1-5bc2d5139bf6,Manchester Fulfilment Center 2705,Manchester,Manchester,54926,75.29,Distribution
a8d03505-254e-49ef-bb83-a0648a4c53d8,Yokohama Fulfilment Center 2706,Yokohama,Yokohama,11275,65.89,Distribution
8918b4ba-2af9-4a1f-a653-469950e9170c,Seoul Distribution Center 2707,Seoul,Seoul,55891,52.32,Distribution
73c8d5b8-f9df-442d-9853-f6a7b94cc883,Tokyo Fulfilment Center 2708,Tokyo,Tokyo,32446,74.36,Regional
3c1eaa1f-be34-493e-bd61-d20252245972,Singapore Bonded Warehouse 2709,Singapore,Singapore,51801,77.48,Distribution
e92afda1-d1d9-4712-988c-6b1adcd697a9,Manchester Regional Hub 2710,Manchester,Manchester,39911,58.89,Distribution
5af1bab1-ed31-4fd3-b000-c24c07f0d05d,Amsterdam Bonded Warehouse 2711,Amsterdam,Amsterdam,99507,61.92,Regional
3c5e87dd-eb2a-45fc-8053-3c62ab22240f,Singapore Regional Hub 2712,Singapore,Singapore,29005,75.95,Distribution
dd170a70-cbc3-4fe7-90f7-a4f05d240f29,Felixstowe Regional Hub 2713,Felixstowe,Felixstowe,34950,75.08,Distribution
a215d9d1-36e5-4012-8635-e01dd0c7cbef,New York Distribution Center 2714,New York,New York,28077,59.52,Distribution
55260352-b7ac-4087-97b1-c633b24c3630,Seoul Distribution Center 2715,Seoul,Seoul,108488,94.7,Distribution
2b0fc7ee-248c-4bb5-8611-2f594db2bb00,Yokohama Regional Hub 2716,Yokohama,Yokohama,69212,86.89,Distribution
ca351d7f-891a-4078-ba1a-f710a8056388,Abu Dhabi Bonded Warehouse 2717,Abu Dhabi,Abu Dhabi,47978,63.05,Distribution
e95d6378-bfe5-4af1-a8fc-f47702ffb6a2,Ahmedabad Bonded Warehouse 2718,Ahmedabad,Tamil Nadu,47060,56.26,Bonded
52c50fe0-5c48-4ae5-9c61-6c81b2b08143,Guangzhou Fulfilment Center 2719,Guangzhou,Guangzhou,18362,82.71,Distribution
d3518b78-89e0-4a4e-949f-58fcf239d4f2,Seoul Distribution Center 2720,Seoul,Seoul,61815,74.26,Regional
23b1ebac-7d97-4bfe-840f-f70364bb91bd,Osaka Distribution Center 2721,Osaka,Osaka,19950,57.38,Distribution
2f3ff5e9-baf3-4818-9fe7-bf25f21c7faa,New York Bonded Warehouse 2722,New York,New York,64359,70.4,Distribution
120f0631-e6f3-4ceb-86ff-2b6f1e54ec42,Tokyo Regional Hub 2723,Tokyo,Tokyo,23033,98.0,Distribution
d3780e1d-8678-4220-b113-6fb93ad5d281,Rotterdam Bonded Warehouse 2724,Rotterdam,Rotterdam,5189,84.63,Distribution
84da41aa-cc65-4aa9-b221-a96623b2add4,Yokohama Regional Hub 2725,Yokohama,Yokohama,9593,89.37,Bonded
e5c3f215-b41a-4344-8ae8-e8a4bd139b1a,Mumbai Regional Hub 2726,Mumbai,West Bengal,78907,94.74,Distribution
2b533d16-81e9-4aa9-811a-9c646a2c8ebe,Amsterdam Regional Hub 2727,Amsterdam,Amsterdam,95336,67.68,Distribution
62d0dbef-9f22-4d38-9c92-32bf2cf4034b,Rotterdam Regional Hub 2728,Rotterdam,Rotterdam,79910,71.56,Regional
7231e509-a695-44ae-8200-d9f06c906ce0,Seoul Bonded Warehouse 2729,Seoul,Seoul,100311,68.07,Regional
c7ffecbb-22e5-424e-9ec3-e7ff2406fa72,New York Regional Hub 2730,New York,New York,35011,71.49,Distribution
759b32d1-fddd-45d9-a004-639b9584f7bf,Shanghai Distribution Center 2731,Shanghai,Shanghai,83725,80.23,Regional
93acd660-4e40-4172-8bc2-a4466bdc4b8f,Amsterdam Distribution Center 2732,Amsterdam,Amsterdam,43131,83.53,Distribution
4e1a80f2-2cdc-473c-a1de-81b8b04f9576,London Bonded Warehouse 2733,London,London,77469,62.3,Bonded
b915e783-3521-4e89-b2f9-4334447ac3a2,Los Angeles Distribution Center 2734,Los Angeles,Los Angeles,16125,73.96,Distribution
21c1954e-6a7e-44cb-83b7-bb11c2b4d804,Kolkata Distribution Center 2735,Kolkata,Gujarat,44821,81.43,Distribution
bd8fa33f-daa6-455a-99c4-95973fd712b8,Busan Regional Hub 2736,Busan,Busan,81209,67.1,Regional
ca792507-e234-4e4b-802d-48d1174b453d,Shanghai Fulfilment Center 2737,Shanghai,Shanghai,65232,68.0,Regional
b353fe69-69cc-4595-9051-df8df80102c4,Frankfurt Bonded Warehouse 2738,Frankfurt,Frankfurt,51740,43.77,Distribution
315ad38a-eed9-4a5a-aaaa-eed6f4266b95,Kolkata Distribution Center 2739,Kolkata,Gujarat,6997,63.95,Distribution
16a2bd98-275d-45d3-a982-0d581ce5adb0,Frankfurt Regional Hub 2740,Frankfurt,Frankfurt,39399,43.19,Regional
dc87f214-98e7-41c9-a8ed-525b7c794464,Amsterdam Fulfilment Center 2741,Amsterdam,Amsterdam,39625,88.69,Distribution
2e2cb0c0-6bd4-4f1d-8a65-475641dbf550,Rotterdam Fulfilment Center 2742,Rotterdam,Rotterdam,60272,83.61,Distribution
eb9dfacc-9a8e-4537-b4e7-241e48369c3f,Kolkata Regional Hub 2743,Kolkata,Tamil Nadu,76123,72.84,Distribution
99b2539e-aae8-4435-9679-d6bf940e8a30,Sharjah Fulfilment Center 2744,Sharjah,Sharjah,104173,66.45,Regional
07a4efc7-e75f-46d1-8fd2-f4fcf1c7d569,London Fulfilment Center 2745,London,London,112207,71.02,Distribution
710080a4-36e2-4dab-a589-6c5910b42b0b,Amsterdam Regional Hub 2746,Amsterdam,Amsterdam,99934,72.28,Distribution
96d22c1d-18af-4181-817b-a44ae13d5171,Felixstowe Fulfilment Center 2747,Felixstowe,Felixstowe,110226,88.2,Bonded
cafdd378-fb46-4685-9e69-50cf02487d79,Shanghai Regional Hub 2748,Shanghai,Shanghai,100940,68.39,Distribution
8465229e-8427-493c-b98b-ed9849de70db,Manchester Bonded Warehouse 2749,Manchester,Manchester,63622,62.58,Distribution
5a7b4cd9-0add-4648-b8d2-1b699034c242,Dubai Fulfilment Center 2750,Dubai,Dubai,48575,70.54,Regional
ff03879a-5508-4004-b119-373ea8cb18a1,Abu Dhabi Fulfilment Center 2751,Abu Dhabi,Abu Dhabi,75466,96.22,Regional
a4e5bf0b-b20c-45b7-92cd-cc3913e099f7,Chennai Fulfilment Center 2752,Chennai,Karnataka,16429,70.8,Distribution
0cf78c80-8d8e-4d2d-90b4-d3210d047f69,Osaka Bonded Warehouse 2753,Osaka,Osaka,11681,86.07,Distribution
54e974ee-1903-4e3e-bdf4-4aa4fb73553a,Hyderabad Fulfilment Center 2754,Hyderabad,Karnataka,79013,72.08,Distribution
f6f27b4e-af31-4f29-b277-f2c4a12fc314,Hyderabad Distribution Center 2755,Hyderabad,Maharashtra,16951,87.81,Distribution
4066e816-14c5-483d-80b9-1c6414aaf06f,Busan Fulfilment Center 2756,Busan,Busan,116062,79.68,Bonded
e66be87d-355b-4023-bf41-b5e39ba73db4,Bremen Bonded Warehouse 2757,Bremen,Bremen,108120,60.45,Regional
00efa88e-d1eb-47da-a481-bbf3c72d78ef,Abu Dhabi Regional Hub 2758,Abu Dhabi,Abu Dhabi,112977,85.04,Regional
80911efc-2281-449f-9212-5c3e2ff6c92d,London Bonded Warehouse 2759,London,London,105316,76.48,Bonded
fe443773-24a8-4b33-8ca6-6beb1ee12182,Seoul Fulfilment Center 2760,Seoul,Seoul,62282,53.55,Regional
3d280ddc-a7df-4c29-a994-01a5d2f4066d,London Fulfilment Center 2761,London,London,118009,84.62,Distribution
bfe0f018-c4c7-470d-8f10-b87762c037f5,Rotterdam Distribution Center 2762,Rotterdam,Rotterdam,13467,56.59,Distribution
d9727e10-dffe-4e19-af0a-d0db575b5f0f,Amsterdam Regional Hub 2763,Amsterdam,Amsterdam,7888,57.76,Bonded
ce226072-68c1-4297-b826-2a40f177e1cc,Los Angeles Fulfilment Center 2764,Los Angeles,Los Angeles,103723,90.95,Regional
09e9b044-6cdc-474e-997b-1a204479dab8,Singapore Regional Hub 2765,Singapore,Singapore,106627,81.68,Regional
8f9b494b-b03d-48ef-9132-27d42805fda3,Hamburg Regional Hub 2766,Hamburg,Hamburg,71925,54.87,Distribution
bb12290f-c0e6-4d99-8868-e55b5ed896de,Tokyo Fulfilment Center 2767,Tokyo,Tokyo,69140,63.1,Distribution
1487a234-33be-4e47-a404-fd3a275af1f0,Rotterdam Fulfilment Center 2768,Rotterdam,Rotterdam,47270,64.54,Distribution
97f2d34b-f5d1-4957-9a53-6f7d705713cd,Los Angeles Bonded Warehouse 2769,Los Angeles,Los Angeles,24954,77.89,Distribution
365f72a2-8245-4ad1-ba6f-ddbad781d2b3,Sharjah Fulfilment Center 2770,Sharjah,Sharjah,106803,98.0,Distribution
075e9cc0-d45d-4346-853e-9d203ad9905a,Singapore Bonded Warehouse 2771,Singapore,Singapore,109673,77.44,Regional
0689eb52-1156-4182-867e-12ecc5520bde,Hamburg Fulfilment Center 2772,Hamburg,Hamburg,100410,51.98,Bonded
9870c9d0-3df1-4787-b2c1-7afb101c3889,Guangzhou Bonded Warehouse 2773,Guangzhou,Guangzhou,19708,67.83,Distribution
d8e50467-2853-4a3c-a5df-8cf81cdbdf39,London Fulfilment Center 2774,London,London,22938,60.56,Distribution
7732805d-5791-414f-a451-8dcbde926607,Sharjah Bonded Warehouse 2775,Sharjah,Sharjah,109386,78.2,Regional
20eb1a75-4459-4233-bb57-0a2b2597293e,Delhi Distribution Center 2776,Delhi,Telangana,80577,45.73,Distribution
38660703-833c-4814-8403-80eb4baaae99,Rotterdam Regional Hub 2777,Rotterdam,Rotterdam,100636,64.98,Distribution
60d8f414-8230-4f85-b2be-662b16aac664,Los Angeles Distribution Center 2778,Los Angeles,Los Angeles,98171,49.17,Distribution
08824417-0914-4e0e-a668-2a589e85ac1e,Los Angeles Fulfilment Center 2779,Los Angeles,Los Angeles,92079,56.05,Regional
e161b47f-582f-4f5c-9b7f-ff8e237d552e,Chicago Distribution Center 2780,Chicago,Chicago,13943,68.23,Distribution
8bc369c4-beef-4830-bfba-ec5f6c3cdf00,Houston Fulfilment Center 2781,Houston,Houston,15637,66.7,Regional
edbc2494-0136-4c98-8282-b036569d7429,Ningbo Regional Hub 2782,Ningbo,Ningbo,70971,63.16,Bonded
58c9b4b8-542c-4cff-a6b4-d113c190bdf4,Singapore Fulfilment Center 2783,Singapore,Singapore,13263,78.07,Bonded
c86b8ced-5653-4cca-a63c-78f52d159bce,London Bonded Warehouse 2784,London,London,117603,53.95,Regional
00dfcb3e-d4a0-4580-a069-c666e2c46a5d,Shenzhen Regional Hub 2785,Shenzhen,Shenzhen,59824,71.42,Regional
67baa1e9-47af-4f7e-9428-754efaec819a,Incheon Distribution Center 2786,Incheon,Incheon,98421,53.61,Regional
cc4e5bd4-e675-42c6-b283-e1ec5ddf509d,Manchester Regional Hub 2787,Manchester,Manchester,93368,71.57,Regional
1e094d21-eb03-4865-9a26-cb06ed8230cf,Rotterdam Fulfilment Center 2788,Rotterdam,Rotterdam,89618,90.74,Distribution
9af21dd0-cba4-4617-92ed-e9512e429993,New York Bonded Warehouse 2789,New York,New York,26756,82.32,Distribution
3f2dad6c-8998-4c94-8709-f832e76013f1,Singapore Distribution Center 2790,Singapore,Singapore,65974,63.28,Distribution
e0edd4fb-5208-4028-b6f6-475d1cf8fd39,Bremen Regional Hub 2791,Bremen,Bremen,68069,87.0,Distribution
d192ad82-f1d7-4406-931f-6240b4f78e4d,Frankfurt Bonded Warehouse 2792,Frankfurt,Frankfurt,73838,64.85,Bonded
1925e974-bdf6-48cb-9f91-5f725c918c3b,Tokyo Fulfilment Center 2793,Tokyo,Tokyo,103417,50.09,Bonded
6a6a698a-76d4-42da-8abd-200a88d924bc,Felixstowe Distribution Center 2794,Felixstowe,Felixstowe,35928,64.32,Bonded
05d08b3e-921f-4359-820b-3cb3ad95b0e7,Osaka Regional Hub 2795,Osaka,Osaka,17039,61.83,Distribution
d2f3df19-14b6-4990-a4dc-cc8ceca6b97d,Hyderabad Fulfilment Center 2796,Hyderabad,Telangana,60147,50.45,Distribution
e36f7af0-05ac-4e25-8af2-6d38a2f05821,Manchester Fulfilment Center 2797,Manchester,Manchester,44059,73.17,Bonded
e2e371f2-43f2-450c-b33c-253071ac42d4,Abu Dhabi Fulfilment Center 2798,Abu Dhabi,Abu Dhabi,73825,97.37,Regional
69a95348-d332-4024-94cb-77aa2e41cf95,Busan Bonded Warehouse 2799,Busan,Busan,72060,54.51,Distribution
28a3f3af-4dcb-4675-b43b-a3f3df3a5827,New York Distribution Center 2800,New York,New York,13340,81.64,Regional
8decb314-75c7-4da1-b4cc-52856212c9d5,Osaka Bonded Warehouse 2801,Osaka,Osaka,62876,74.53,Bonded
34663684-3e3a-449c-9a85-98144940bd24,New York Distribution Center 2802,New York,New York,30918,79.58,Distribution
972fa6e7-6419-452c-942b-06577ba0b176,Hamburg Distribution Center 2803,Hamburg,Hamburg,57597,93.33,Distribution
d639e4d9-6805-4471-8a6b-e8cafd99e822,Osaka Regional Hub 2804,Osaka,Osaka,59949,52.08,Distribution
e288e12b-b484-45d6-879d-6c92a7c4c165,Osaka Fulfilment Center 2805,Osaka,Osaka,99975,83.44,Regional
ca076ffa-9a7c-488b-a098-70471a99114f,Amsterdam Distribution Center 2806,Amsterdam,Amsterdam,43358,98.0,Regional
4b7c8513-2c74-4117-a525-e4df1cd783e5,Singapore Fulfilment Center 2807,Singapore,Singapore,97491,81.04,Regional
fb0c81c0-3667-469a-b039-c7f6e5c819c0,Hamburg Regional Hub 2808,Hamburg,Hamburg,99443,71.4,Distribution
879dfc25-7048-4938-abcb-70f0f1957060,Busan Fulfilment Center 2809,Busan,Busan,101480,55.67,Bonded
a43a83a8-e5f5-40a3-97d1-d0c053e547f3,Tokyo Regional Hub 2810,Tokyo,Tokyo,69954,60.82,Regional
afec5bbc-1ed0-4c4c-9966-edd5dc9e08e2,Abu Dhabi Fulfilment Center 2811,Abu Dhabi,Abu Dhabi,27797,76.34,Regional
e396b938-9110-4563-988a-c17510caec17,Manchester Fulfilment Center 2812,Manchester,Manchester,8903,72.58,Regional
0e92416a-bfce-4ece-8e52-9eafeecc77aa,Amsterdam Regional Hub 2813,Amsterdam,Amsterdam,81452,54.61,Distribution
f4150785-0a17-491e-9993-06f4b6a385b3,Hyderabad Fulfilment Center 2814,Hyderabad,Maharashtra,63919,72.68,Bonded
0f5aee47-626e-4220-9257-211df0d1c854,Amsterdam Bonded Warehouse 2815,Amsterdam,Amsterdam,13830,68.22,Distribution
970ec60f-b8e0-4762-9e76-f82c10c6c059,London Fulfilment Center 2816,London,London,11824,51.01,Distribution
455266e0-ce66-481c-8997-90c565659916,Singapore Regional Hub 2817,Singapore,Singapore,57070,69.75,Regional
f8753dfc-d576-4b62-9fb7-10b0eeb037ea,Rotterdam Distribution Center 2818,Rotterdam,Rotterdam,45985,98.0,Regional
4816579c-7745-4c49-88b3-381e54ca9805,Sharjah Fulfilment Center 2819,Sharjah,Sharjah,118037,71.21,Distribution
2ce89298-3028-44ba-a9ac-55fd5d6ceece,Shenzhen Bonded Warehouse 2820,Shenzhen,Shenzhen,105988,75.53,Regional
2ec8d11d-96a7-47eb-80e5-6f799edaf88e,Houston Regional Hub 2821,Houston,Houston,83891,85.28,Distribution
735493ce-ffa1-4bf3-928a-3c70ad2e6120,Singapore Bonded Warehouse 2822,Singapore,Singapore,6214,98.0,Distribution
66d810c2-584d-4124-9b92-550b24650c2f,Ahmedabad Distribution Center 2823,Ahmedabad,Telangana,83105,66.65,Bonded
0e40d6db-6e6c-40c4-adce-9f08a71c55b6,Chennai Regional Hub 2824,Chennai,Tamil Nadu,78121,60.49,Distribution
f88bfcc7-6dd9-4800-92fd-5ca906f2bc55,Ningbo Fulfilment Center 2825,Ningbo,Ningbo,24679,87.73,Regional
c57586c5-6ff4-4bb0-9a68-9b1585578f4b,Hamburg Fulfilment Center 2826,Hamburg,Hamburg,36864,66.34,Distribution
d1d3fb1e-dd83-4717-b141-52d81aca0476,Shenzhen Fulfilment Center 2827,Shenzhen,Shenzhen,68831,54.05,Distribution
551d84c9-ca9a-4755-ab1f-064b80628de5,Busan Bonded Warehouse 2828,Busan,Busan,107897,60.87,Bonded
6e89940a-d906-486e-a11f-766cda77e66b,Seoul Regional Hub 2829,Seoul,Seoul,55746,50.08,Distribution
b741fa71-f010-45c8-8ac6-5c194a35f0e2,Manchester Fulfilment Center 2830,Manchester,Manchester,113323,55.5,Regional
339925d8-9791-49de-a5b0-72a42798d1d3,Singapore Regional Hub 2831,Singapore,Singapore,26579,75.32,Distribution
45382381-b539-4094-879a-4e98cd3c41f4,Felixstowe Distribution Center 2832,Felixstowe,Felixstowe,72394,53.15,Regional
9f6fe47f-1dec-4459-a220-bebf245bb105,Rotterdam Bonded Warehouse 2833,Rotterdam,Rotterdam,46783,71.5,Bonded
bd97bda5-8670-4aa0-90d8-ac6545a95a88,Amsterdam Distribution Center 2834,Amsterdam,Amsterdam,34308,92.96,Distribution
a57bb534-b13a-415c-bb46-494e537075f3,Houston Fulfilment Center 2835,Houston,Houston,6176,79.45,Distribution
0a285e56-a51a-4400-93ac-e00d0c3b6b0a,Houston Regional Hub 2836,Houston,Houston,107004,78.89,Regional
7f0a1ad4-8b11-4cfe-971d-d95b53bd9ae8,Bengaluru Fulfilment Center 2837,Bengaluru,Delhi,98647,49.35,Distribution
21a38221-2b15-4e4e-bcb4-1720c81f2bf2,Seoul Regional Hub 2838,Seoul,Seoul,23211,89.01,Bonded
159fdfe7-d878-4e06-a32f-f6b514521489,Yokohama Regional Hub 2839,Yokohama,Yokohama,86517,65.6,Bonded
7c68e990-56f0-4893-bca0-d25ac4e7b951,Incheon Regional Hub 2840,Incheon,Incheon,78718,77.5,Bonded
ff6a4310-7ad0-4cde-8b8e-3034d3704457,Singapore Distribution Center 2841,Singapore,Singapore,80888,73.32,Regional
9c69af9a-9db3-4aea-a63e-a18599615c5d,Hamburg Bonded Warehouse 2842,Hamburg,Hamburg,57782,64.18,Distribution
9eab2de7-2e0a-4ce4-a743-6675ed47ff0d,Seoul Bonded Warehouse 2843,Seoul,Seoul,84967,98.0,Distribution
6ba180e2-51cc-4d31-b0d0-ba117a47f970,Mumbai Regional Hub 2844,Mumbai,Telangana,35872,70.54,Distribution
0af90107-1f73-455f-ad14-bfdc4236dd29,London Bonded Warehouse 2845,London,London,76863,93.83,Distribution
54997547-f8df-4560-87ce-c3a75ec4a9e8,Abu Dhabi Regional Hub 2846,Abu Dhabi,Abu Dhabi,65739,60.85,Distribution
47d3b63e-cce0-4c1e-ae51-af2d1c9cfd4e,Guangzhou Fulfilment Center 2847,Guangzhou,Guangzhou,15432,77.16,Bonded
241ab5f9-9dff-4bc3-9e6d-5af6ca6b3142,Houston Regional Hub 2848,Houston,Houston,12534,97.98,Regional
f5059d5b-f143-4084-b16d-e25591ec1462,Hamburg Bonded Warehouse 2849,Hamburg,Hamburg,26562,80.2,Distribution
4e9fc8a7-7867-46b4-9087-a52e0dec3a26,Rotterdam Bonded Warehouse 2850,Rotterdam,Rotterdam,39552,66.21,Bonded
8330a90b-23d6-4f18-8f42-f2185bc329b0,Abu Dhabi Regional Hub 2851,Abu Dhabi,Abu Dhabi,110268,85.29,Distribution
d24bdd1b-c855-431b-b497-2064cfa66e8e,Abu Dhabi Fulfilment Center 2852,Abu Dhabi,Abu Dhabi,83014,62.05,Distribution
ce02fb67-9ce8-468d-b4b4-633a83ae0f70,Houston Distribution Center 2853,Houston,Houston,92944,92.67,Distribution
31c03168-61e8-44b8-83f7-b928c7ec8b27,Rotterdam Bonded Warehouse 2854,Rotterdam,Rotterdam,82295,65.55,Bonded
6d1c2661-220e-4556-a015-348d99cbe865,Ningbo Distribution Center 2855,Ningbo,Ningbo,91345,58.94,Distribution
9b0dd21f-c89c-41c7-8f60-78457a72a657,Singapore Regional Hub 2856,Singapore,Singapore,114065,84.54,Regional
6b56439d-68bb-4a62-91a7-a17c351de676,Manchester Fulfilment Center 2857,Manchester,Manchester,52385,83.62,Regional
78df7ad2-a546-4713-92e8-f6dd9c0aa696,Dubai Distribution Center 2858,Dubai,Dubai,91254,53.36,Distribution
2239c941-e2c0-4de2-99be-46a76837b9ff,Busan Regional Hub 2859,Busan,Busan,30700,80.97,Distribution
ee6ecb3a-9b68-45f7-be11-3f356c6c8e6b,Sharjah Distribution Center 2860,Sharjah,Sharjah,70248,36.76,Distribution
745b831a-dbd3-405f-90b8-5ec8ae9830d3,Chicago Bonded Warehouse 2861,Chicago,Chicago,113551,58.29,Distribution
104ff097-aa15-4297-ba02-c2b571ec1084,Rotterdam Fulfilment Center 2862,Rotterdam,Rotterdam,58220,71.04,Distribution
50d4af61-cc0b-4c13-aa34-5794216e237e,Seoul Regional Hub 2863,Seoul,Seoul,99388,75.11,Distribution
5d93747f-3689-4668-bad1-f3a3bda1be95,Tokyo Bonded Warehouse 2864,Tokyo,Tokyo,71351,85.46,Bonded
47293144-6e6e-41ba-ba1c-de5a0b521cc6,Rotterdam Fulfilment Center 2865,Rotterdam,Rotterdam,24547,98.0,Distribution
0f63dfc2-3c12-498c-a2dd-2b84faff8ca9,Singapore Distribution Center 2866,Singapore,Singapore,31793,65.0,Regional
d0fd0191-f479-41cd-b300-61449e8c654e,Amsterdam Fulfilment Center 2867,Amsterdam,Amsterdam,115180,76.09,Distribution
ab03df02-79da-442a-ac28-ecc58e86ba3c,Houston Bonded Warehouse 2868,Houston,Houston,114994,51.75,Bonded
61aa5c3f-093a-4ca3-a42e-df10dae989a2,Ahmedabad Distribution Center 2869,Ahmedabad,Maharashtra,65340,81.94,Regional
2229d69a-e04e-4ec4-8d7c-1c525856fa77,Chicago Regional Hub 2870,Chicago,Chicago,48538,81.14,Distribution
7764800e-7bbc-4e77-acda-81db427904f2,Tokyo Fulfilment Center 2871,Tokyo,Tokyo,18842,70.34,Distribution
af24d899-e507-41c7-a5f9-da47e5164c1e,Chicago Bonded Warehouse 2872,Chicago,Chicago,11905,82.36,Regional
587cda21-8e5f-4072-b5ab-b48e33258adb,Tokyo Fulfilment Center 2873,Tokyo,Tokyo,107265,39.74,Distribution
b3a73c6b-3fe5-4770-8149-d5bd06870fe0,Amsterdam Fulfilment Center 2874,Amsterdam,Amsterdam,11626,84.23,Distribution
35cf315b-18c1-4d75-ad3c-2d4b17eeae2a,Shenzhen Distribution Center 2875,Shenzhen,Shenzhen,31598,79.7,Distribution
84cfaf65-22db-437f-9da7-2f78a84b01ac,Hamburg Regional Hub 2876,Hamburg,Hamburg,29096,62.47,Distribution
68af539f-c389-41e2-a748-5d2afa7a84ff,Delhi Regional Hub 2877,Delhi,Tamil Nadu,80451,68.79,Regional
8843677e-af6f-4931-bedd-2edd9bf5ad9d,Amsterdam Distribution Center 2878,Amsterdam,Amsterdam,110914,82.85,Bonded
f853b6f6-f48d-49eb-a48e-d6525b190ef5,Ningbo Distribution Center 2879,Ningbo,Ningbo,109512,84.97,Regional
64765db1-118c-4fb8-8fac-6c843f876e73,Dubai Bonded Warehouse 2880,Dubai,Dubai,90502,68.32,Distribution
40545263-a53a-4895-8bb1-1c9e91b78e32,London Fulfilment Center 2881,London,London,113595,86.52,Bonded
ac816e32-a5c0-4b12-bf61-8c0b92b6d287,Rotterdam Distribution Center 2882,Rotterdam,Rotterdam,74097,57.46,Distribution
ef7fe69c-6966-42c8-a629-2e60f22bcb77,Houston Fulfilment Center 2883,Houston,Houston,10978,40.4,Regional
366a3fe0-074f-4e80-a4d1-8a12189278c3,Houston Distribution Center 2884,Houston,Houston,48492,68.36,Distribution
9e020dad-9375-4833-8386-b7477ab8f96e,Frankfurt Bonded Warehouse 2885,Frankfurt,Frankfurt,23186,87.25,Distribution
29ca8827-50d2-4025-b07c-7143472aefda,London Regional Hub 2886,London,London,56823,76.17,Regional
75be4d82-f9b8-4c78-b147-3acdc576a4e7,Frankfurt Fulfilment Center 2887,Frankfurt,Frankfurt,36412,72.82,Distribution
f04355f6-94bf-4163-8556-70dc1d8f2901,Shanghai Bonded Warehouse 2888,Shanghai,Shanghai,85628,65.98,Regional
8fc94acd-022d-4fad-985d-bb1157c75751,Bengaluru Fulfilment Center 2889,Bengaluru,Delhi,115731,84.17,Regional
7f998854-db9e-4256-af6e-b1135bde743b,Chicago Bonded Warehouse 2890,Chicago,Chicago,55782,61.87,Distribution
affb4fb6-285f-4ff7-8974-dd7d743b7627,Singapore Fulfilment Center 2891,Singapore,Singapore,23835,70.96,Regional
f065b5de-10fe-46aa-8c26-142bbebf63b9,Mumbai Regional Hub 2892,Mumbai,Karnataka,27628,49.98,Distribution
cd3bcc4a-0e52-470b-9667-2329a7582032,Osaka Fulfilment Center 2893,Osaka,Osaka,35067,86.67,Distribution
c7547c0f-6e67-48ab-b22c-0e7a04f83a14,Singapore Regional Hub 2894,Singapore,Singapore,105227,80.82,Regional
4f603b12-ba15-4231-9be9-28abf7ec3be0,Mumbai Bonded Warehouse 2895,Mumbai,Gujarat,57289,68.23,Regional
9edf6a59-0d10-419f-9936-f3a59c30f641,Ningbo Regional Hub 2896,Ningbo,Ningbo,102876,77.94,Distribution
b6a9efbb-45ab-4502-997a-733516e1bca2,Los Angeles Bonded Warehouse 2897,Los Angeles,Los Angeles,118812,77.87,Bonded
b46155bb-5f9d-4515-a38a-106c263bd3b1,Guangzhou Bonded Warehouse 2898,Guangzhou,Guangzhou,75250,53.47,Regional
6e5f9dcb-0ffc-4985-9914-e0b4a839ed11,Rotterdam Fulfilment Center 2899,Rotterdam,Rotterdam,32889,73.74,Bonded
02d8f6c3-512e-4fc5-83d9-1fbd79cbb643,Singapore Regional Hub 2900,Singapore,Singapore,82984,91.55,Distribution
632dfbda-c6c1-4d2d-a823-53997531e70c,Shenzhen Distribution Center 2901,Shenzhen,Shenzhen,82921,70.02,Distribution
d53e7a2c-c4cc-4cf8-a6a2-30b9626e13d3,Hamburg Bonded Warehouse 2902,Hamburg,Hamburg,78152,66.6,Distribution
dad988e6-46ec-4f7a-86f2-7f81c20052f7,Amsterdam Distribution Center 2903,Amsterdam,Amsterdam,110991,75.33,Regional
9640141f-c2ec-469e-bc64-a5ad771c2d28,Sharjah Regional Hub 2904,Sharjah,Sharjah,73502,86.36,Distribution
2582e8ab-5512-440d-aefa-4bf2215fa113,Yokohama Fulfilment Center 2905,Yokohama,Yokohama,113817,85.12,Distribution
9e266b26-1d32-4c1f-8275-7651318255a3,Tokyo Regional Hub 2906,Tokyo,Tokyo,50888,78.24,Regional
1889bd4d-88b7-49b9-a711-906ba1c471b0,Shanghai Regional Hub 2907,Shanghai,Shanghai,117097,72.75,Bonded
8df7330d-93e3-4eed-89cc-6c527fb6ba96,Manchester Bonded Warehouse 2908,Manchester,Manchester,42271,73.74,Regional
b713a7b2-6706-4a82-8bb4-f12eab133330,Felixstowe Distribution Center 2909,Felixstowe,Felixstowe,11659,45.44,Regional
bf09f442-f50b-4ba9-a4e6-b7271b7c5252,Manchester Regional Hub 2910,Manchester,Manchester,74675,85.88,Distribution
f87c1f26-99a0-4cab-801c-15da5c9c3197,Mumbai Regional Hub 2911,Mumbai,Tamil Nadu,17412,88.88,Distribution
8114c592-8140-49a5-b98d-33052609d893,Sharjah Distribution Center 2912,Sharjah,Sharjah,76749,76.56,Regional
f1d2fc12-60ad-4189-a37e-0b39af9b9e1a,Bremen Fulfilment Center 2913,Bremen,Bremen,50077,86.68,Regional
ebe4dff5-f2c2-4122-ab55-1e365040ceea,Busan Fulfilment Center 2914,Busan,Busan,23599,58.71,Distribution
06d28adc-a60c-4e5b-a3bb-1f4a30b024dc,Bremen Fulfilment Center 2915,Bremen,Bremen,96379,77.7,Regional
34a1ceb4-4b85-4308-9f38-5daf1df5c17a,Shenzhen Distribution Center 2916,Shenzhen,Shenzhen,89273,72.2,Distribution
710bee43-5a5c-496f-9a6b-92549828f544,Busan Bonded Warehouse 2917,Busan,Busan,44758,73.84,Regional
eff5b75e-8211-4f81-bd81-e2f11a3c84bb,Dubai Fulfilment Center 2918,Dubai,Dubai,6151,80.27,Regional
feafc426-16c6-4a25-9264-347773018c47,Hamburg Distribution Center 2919,Hamburg,Hamburg,87927,59.51,Bonded
18025d02-fde2-4fbd-9047-d1890ec34939,Shanghai Distribution Center 2920,Shanghai,Shanghai,67912,53.62,Regional
564b2819-8758-4c34-b3ee-30993bb87e18,Hamburg Distribution Center 2921,Hamburg,Hamburg,38859,63.89,Bonded
f89dd4ab-2a7e-4962-9854-fd18a82031e3,Yokohama Distribution Center 2922,Yokohama,Yokohama,23593,39.95,Distribution
fe2e224b-9de1-4dd3-b5c3-b5bbc4f3c295,Amsterdam Bonded Warehouse 2923,Amsterdam,Amsterdam,33024,73.24,Regional
6277c237-ae7d-49a6-9aff-347453de4583,Frankfurt Bonded Warehouse 2924,Frankfurt,Frankfurt,97480,60.13,Distribution
de3064e0-64cf-46b0-b12e-c29f4a7f8db9,Ahmedabad Bonded Warehouse 2925,Ahmedabad,Delhi,50347,77.93,Distribution
7f18d1fe-1403-4443-8630-8c411a18fdc8,Hamburg Fulfilment Center 2926,Hamburg,Hamburg,34079,66.18,Bonded
a1adc5aa-d2ef-47b4-b01e-0fd80a6af61a,Los Angeles Regional Hub 2927,Los Angeles,Los Angeles,27129,73.46,Regional
c8dda032-34c4-4652-b621-77d183dba8d8,Chicago Regional Hub 2928,Chicago,Chicago,44859,45.66,Regional
7c6cfec7-405d-4f7a-b6cd-427a0d1bfdca,Osaka Bonded Warehouse 2929,Osaka,Osaka,7746,65.54,Bonded
ca773d53-db22-48d7-97e7-011fa9b68100,Rotterdam Regional Hub 2930,Rotterdam,Rotterdam,86883,36.37,Distribution
84220e9e-0c18-4316-91d1-4fa2f5b73bb4,Manchester Regional Hub 2931,Manchester,Manchester,36415,80.23,Distribution
cf18e84b-bba7-449e-a77b-25584950bd7b,Manchester Bonded Warehouse 2932,Manchester,Manchester,111164,54.67,Regional
b8cd573f-72dc-4bab-aad0-43bd63bedc5d,Incheon Fulfilment Center 2933,Incheon,Incheon,52409,61.43,Distribution
a0e33924-f6ee-456b-b41d-60e4b419ed31,Tokyo Bonded Warehouse 2934,Tokyo,Tokyo,99529,69.15,Bonded
87ff5a18-1c18-4cfb-9ddc-ba9957828115,Bremen Bonded Warehouse 2935,Bremen,Bremen,73739,66.94,Distribution
b5e1d6de-560a-41b6-9cbb-9ce247db90bf,Ningbo Bonded Warehouse 2936,Ningbo,Ningbo,111724,64.99,Distribution
cecba962-8380-478e-97e2-2722bfb1102d,Sharjah Fulfilment Center 2937,Sharjah,Sharjah,57848,79.46,Distribution
309b388f-8b94-4ebe-893e-c0707aebe354,Abu Dhabi Bonded Warehouse 2938,Abu Dhabi,Abu Dhabi,35107,52.57,Distribution
2fc821a7-187e-436f-b254-b89ae200a3a7,Seoul Distribution Center 2939,Seoul,Seoul,99969,83.05,Bonded
77f75b03-06b9-4e17-a4da-ed797391f042,Ningbo Fulfilment Center 2940,Ningbo,Ningbo,67291,65.59,Distribution
3b3bd5c6-60ff-4fc6-8438-fa0b3d75a750,London Regional Hub 2941,London,London,48151,79.19,Distribution
d837d643-460b-407b-aa08-41d227e0f998,Busan Distribution Center 2942,Busan,Busan,95876,73.84,Bonded
4ccfd410-e1bb-4a1b-ad85-00a469a47d1b,Osaka Fulfilment Center 2943,Osaka,Osaka,48150,77.28,Regional
f7541fbc-8324-4ed8-8236-bcc399b365cc,Ningbo Regional Hub 2944,Ningbo,Ningbo,119409,73.73,Distribution
80a61f8e-2c93-4c13-a50c-8ffc28296fb7,Los Angeles Distribution Center 2945,Los Angeles,Los Angeles,53830,71.67,Regional
326ccde1-75cb-4cef-a562-9d871c953aaf,Singapore Bonded Warehouse 2946,Singapore,Singapore,60104,78.31,Distribution
c49bd235-e618-4766-9dfb-c9e062cce962,Dubai Regional Hub 2947,Dubai,Dubai,91399,98.0,Regional
a6d2c97c-cccb-417d-a323-4cb65b6890e6,Guangzhou Regional Hub 2948,Guangzhou,Guangzhou,96498,62.73,Distribution
bdf2be81-956f-49b3-ba79-524f4f4f9fa1,Guangzhou Fulfilment Center 2949,Guangzhou,Guangzhou,39880,61.42,Distribution
3462577c-3b17-4e52-b82d-19950d563d03,Abu Dhabi Regional Hub 2950,Abu Dhabi,Abu Dhabi,27997,82.45,Distribution
fb0f9e25-0397-4ada-bfe8-88eaf9206c0a,Frankfurt Bonded Warehouse 2951,Frankfurt,Frankfurt,85690,75.13,Distribution
ef8b7604-d478-4e9a-8bd0-b46586aeb06a,Busan Fulfilment Center 2952,Busan,Busan,44669,53.17,Regional
e505b1c0-406c-4364-8b04-35ca3046effb,Chicago Regional Hub 2953,Chicago,Chicago,72886,86.01,Distribution
09572631-b509-4008-85a2-c4bb621d225a,Amsterdam Fulfilment Center 2954,Amsterdam,Amsterdam,27341,57.52,Bonded
049f8992-dbb8-42b7-a0b6-da7c6f978c19,Guangzhou Distribution Center 2955,Guangzhou,Guangzhou,30486,78.25,Distribution
f297caad-fb11-4958-af1a-e9f201f99538,Singapore Distribution Center 2956,Singapore,Singapore,108445,67.7,Distribution
231c3bad-b1d9-4af1-b389-97ed54165903,Incheon Regional Hub 2957,Incheon,Incheon,19263,79.29,Regional
ff82f0d4-a193-4973-afdb-b0992a349930,Delhi Fulfilment Center 2958,Delhi,Gujarat,97028,62.41,Regional
862b17b2-5895-4167-bf42-f606b895f312,Osaka Distribution Center 2959,Osaka,Osaka,42032,80.87,Distribution
5e7427a5-3567-4be2-8b5f-41cee97e5303,Singapore Fulfilment Center 2960,Singapore,Singapore,9031,51.18,Distribution
84083ca5-8bdb-475e-ad98-3502c0ff4714,Hyderabad Bonded Warehouse 2961,Hyderabad,West Bengal,116971,63.57,Distribution
f761142d-8b86-4962-9dcb-a433950fa248,Bremen Bonded Warehouse 2962,Bremen,Bremen,24232,66.17,Distribution
8204f271-25ed-4078-9227-10d62feb21fe,Amsterdam Regional Hub 2963,Amsterdam,Amsterdam,115059,61.09,Distribution
0106e7a2-52aa-4a3f-aa34-01e8877e1b55,Yokohama Distribution Center 2964,Yokohama,Yokohama,16812,62.93,Distribution
789e1a2f-2ee2-43e1-8018-7638d44b1965,Delhi Bonded Warehouse 2965,Delhi,Tamil Nadu,22515,91.33,Distribution
336f43e4-0bcc-435c-bf76-a5487b1c4b15,Frankfurt Bonded Warehouse 2966,Frankfurt,Frankfurt,10057,54.73,Distribution
aba079c9-f55f-43b9-b6fc-d3a05de9772e,Amsterdam Distribution Center 2967,Amsterdam,Amsterdam,54133,70.29,Distribution
9ed831a6-06e9-4bc1-9b6e-1ae67448885c,New York Regional Hub 2968,New York,New York,37925,65.19,Distribution
7d1166a6-4eb4-4c45-bc22-e5e7fb07f241,Chennai Distribution Center 2969,Chennai,Telangana,94588,89.98,Distribution
1818ce6d-a2e2-486d-9225-a577bf07a552,Amsterdam Bonded Warehouse 2970,Amsterdam,Amsterdam,117162,68.5,Bonded
75fce87f-3585-43b7-bd44-cb0cc09401f2,Frankfurt Distribution Center 2971,Frankfurt,Frankfurt,112148,86.91,Regional
c733cd1e-088b-4cad-8b24-bba20df40486,Delhi Distribution Center 2972,Delhi,Karnataka,81945,52.59,Regional
f34b5e01-b7bc-4d11-9501-b53b216be8d0,Sharjah Fulfilment Center 2973,Sharjah,Sharjah,25779,68.12,Bonded
6fb976f4-ab56-474c-a88f-71cf64efcfef,Abu Dhabi Fulfilment Center 2974,Abu Dhabi,Abu Dhabi,35391,73.21,Distribution
53a7b7f3-c6d6-4295-97cf-27fd9c936d70,Frankfurt Bonded Warehouse 2975,Frankfurt,Frankfurt,93622,65.78,Distribution
3f5596b2-b2aa-4ade-8f92-78c1adae3ca8,Delhi Fulfilment Center 2976,Delhi,Maharashtra,39513,98.0,Regional
ff7ca3c7-4a3f-43c6-826c-b6ea54505b3f,Ningbo Distribution Center 2977,Ningbo,Ningbo,102718,69.25,Distribution
db98ace1-719c-42ab-81c0-58b176a6697f,Kolkata Fulfilment Center 2978,Kolkata,Telangana,46384,40.49,Regional
ab660914-21d3-4d0f-a09c-f67b8c6c1c77,Busan Distribution Center 2979,Busan,Busan,17268,67.44,Distribution
5ce1be69-85a1-445c-a326-c57ebf717b1d,Hamburg Fulfilment Center 2980,Hamburg,Hamburg,107385,39.31,Distribution
282089cd-2964-4000-a5d3-f043be2590e5,Seoul Distribution Center 2981,Seoul,Seoul,6913,87.66,Distribution
018ac6f4-4d51-47e9-8a56-ee60b446b2bc,Rotterdam Fulfilment Center 2982,Rotterdam,Rotterdam,100121,77.57,Distribution
b16cf6d3-4f1c-49c6-aa20-a79ee3d27286,Osaka Distribution Center 2983,Osaka,Osaka,20943,98.0,Regional
ccfbb4d4-0459-44a6-bd3d-e9345bb49f4c,Singapore Regional Hub 2984,Singapore,Singapore,7333,65.65,Distribution
04244f72-de16-43da-bd80-b2ea317719ac,Yokohama Distribution Center 2985,Yokohama,Yokohama,98922,72.88,Distribution
138dfb5b-d129-42e5-a59a-df17e6097824,Shenzhen Distribution Center 2986,Shenzhen,Shenzhen,101765,75.48,Bonded
416946ad-eb51-4584-8a71-c564808677db,Sharjah Fulfilment Center 2987,Sharjah,Sharjah,37053,70.73,Regional
9654f747-ace5-4c59-8572-2c097807126e,Bremen Regional Hub 2988,Bremen,Bremen,70092,94.98,Distribution
3e250777-510d-4747-97bf-7130be66dbbc,Chennai Bonded Warehouse 2989,Chennai,Gujarat,69644,75.51,Distribution
1c4feea6-6105-4e7f-a230-abfff041f88c,Hamburg Bonded Warehouse 2990,Hamburg,Hamburg,94281,74.19,Distribution
41d93b66-93e9-4f6a-8dc2-70267f0ae2c6,Frankfurt Distribution Center 2991,Frankfurt,Frankfurt,62996,69.82,Distribution
522bd7b5-063c-4419-a1ae-c2150cc5cbec,Incheon Regional Hub 2992,Incheon,Incheon,33083,67.18,Distribution
ef6e0526-efd0-4392-9ee9-bd00934840b3,Osaka Distribution Center 2993,Osaka,Osaka,68479,66.44,Distribution
d01a7aca-b54d-40e0-80c1-456d44598509,Tokyo Regional Hub 2994,Tokyo,Tokyo,53455,87.68,Regional
18c257c5-98fb-4d8d-95c3-9cf3d86cb8b5,Chennai Regional Hub 2995,Chennai,Telangana,33848,87.99,Distribution
ea033abd-d52b-4199-be00-07a18df44091,Manchester Bonded Warehouse 2996,Manchester,Manchester,97912,65.1,Distribution
116d3bf5-451a-4ba1-8671-23194a12569d,Amsterdam Regional Hub 2997,Amsterdam,Amsterdam,5336,78.53,Distribution
cd8a08aa-d0f0-476c-acc6-b48a28b237a3,Bengaluru Distribution Center 2998,Bengaluru,Karnataka,86767,73.89,Distribution
12008554-3dba-4089-9cfe-47b88f7814b9,Incheon Regional Hub 2999,Incheon,Incheon,74046,89.69,Distribution
647fe28a-3057-46a2-a9f6-6c4b3f116091,Chicago Regional Hub 3000,Chicago,Chicago,24083,77.86,Regional
f18a088e-3e78-417e-8c3e-df71cdebfe5a,Hamburg Fulfilment Center 3001,Hamburg,Hamburg,7936,77.56,Bonded
1c4c4db1-4d7e-4434-abed-9c81efa3ff6e,London Distribution Center 3002,London,London,46426,68.21,Distribution
7bfab502-c3da-45f7-aafd-f940b8f4a60a,Amsterdam Regional Hub 3003,Amsterdam,Amsterdam,15396,59.8,Distribution
1b0b0a4a-f0bf-4555-8f1f-111c3fb99fde,Bremen Regional Hub 3004,Bremen,Bremen,90834,69.63,Regional
3db53554-b20b-46bc-b227-f2e3842b398b,Amsterdam Bonded Warehouse 3005,Amsterdam,Amsterdam,94916,53.18,Regional
686d450a-2d06-462a-96f2-bf0e76f1c955,Los Angeles Distribution Center 3006,Los Angeles,Los Angeles,111427,69.94,Regional
3c769b7f-adcd-4b4a-b347-44db72d64868,Seoul Regional Hub 3007,Seoul,Seoul,65913,80.8,Bonded
e014790b-8caf-4896-9df6-34fa0634dc11,Tokyo Fulfilment Center 3008,Tokyo,Tokyo,107272,64.63,Regional
6f3aba0f-2838-4ae0-9a3d-d3c964af083d,Houston Bonded Warehouse 3009,Houston,Houston,118067,91.07,Distribution
d9a01d39-d273-46dc-bd45-f3a97bc9bb65,Singapore Regional Hub 3010,Singapore,Singapore,5004,67.54,Regional
6ad47098-32f7-49eb-bb1a-24a45691e091,Hamburg Distribution Center 3011,Hamburg,Hamburg,69761,87.06,Distribution
a4f8aa95-f098-4a4e-8c6d-18d636934a29,Osaka Bonded Warehouse 3012,Osaka,Osaka,16053,88.65,Distribution
82b25e5b-f185-4109-9e8f-7bab73b0db8b,Incheon Bonded Warehouse 3013,Incheon,Incheon,50397,88.35,Distribution
daaedbec-939a-440e-b4bf-248c9f95d417,Singapore Distribution Center 3014,Singapore,Singapore,95974,58.96,Bonded
c9e0b73c-1014-4071-909c-3688f8d3c36e,Ningbo Distribution Center 3015,Ningbo,Ningbo,115227,87.32,Distribution
413cdffe-3d95-4b96-a097-6fb8c419eee9,Singapore Bonded Warehouse 3016,Singapore,Singapore,58876,86.35,Distribution
db35d9e0-5f5c-4ceb-ad76-a503a268cf6f,Osaka Fulfilment Center 3017,Osaka,Osaka,53727,81.19,Distribution
dcb8b9ed-103d-4dbd-aae1-f9fc922587f0,Frankfurt Distribution Center 3018,Frankfurt,Frankfurt,5138,56.08,Regional
2882a516-2ec8-4467-a00f-9296ae6e7f27,Hyderabad Distribution Center 3019,Hyderabad,Gujarat,17753,77.49,Regional
4280f0c6-98bf-4045-94fe-4aed6cba051c,Hamburg Bonded Warehouse 3020,Hamburg,Hamburg,94644,69.21,Regional
1b26940d-5f31-4c74-89ad-ec86b426caf0,Abu Dhabi Fulfilment Center 3021,Abu Dhabi,Abu Dhabi,27268,77.62,Bonded
4113731e-d854-4d82-a1ee-7efde87916d6,Tokyo Distribution Center 3022,Tokyo,Tokyo,108182,58.15,Regional
1fe277bb-d46e-425a-b2f5-f3f820844190,Felixstowe Distribution Center 3023,Felixstowe,Felixstowe,82233,72.97,Distribution
dfc172d8-630d-4b31-a32f-b4614f503ffc,Rotterdam Regional Hub 3024,Rotterdam,Rotterdam,93827,60.33,Regional
b1817178-0566-4a60-a079-d86b7c7b6340,Yokohama Bonded Warehouse 3025,Yokohama,Yokohama,78333,77.17,Distribution
a86f1d0f-743f-47ee-a2f2-2e6b41878902,London Distribution Center 3026,London,London,26230,39.11,Distribution
6bce5b32-bb90-4b87-a7ce-d661d458494e,London Regional Hub 3027,London,London,32577,57.25,Distribution
5f07aa75-3d1f-4c4d-8946-ba7fb9189f36,Manchester Fulfilment Center 3028,Manchester,Manchester,75303,69.89,Bonded
26b08696-7d13-4bb9-910f-580e935963a6,Singapore Bonded Warehouse 3029,Singapore,Singapore,32483,67.84,Distribution
dd6340bb-7937-4aec-bdff-c6c8429396b5,Shenzhen Regional Hub 3030,Shenzhen,Shenzhen,43293,64.93,Distribution
d0e54c53-b352-4bbd-8c78-5aefefecaad5,Felixstowe Fulfilment Center 3031,Felixstowe,Felixstowe,89646,84.11,Regional
2e8920ae-ce87-4cf3-9c11-20805f8be2cd,Guangzhou Bonded Warehouse 3032,Guangzhou,Guangzhou,46294,62.92,Distribution
a04dc213-4f89-44e2-a547-1f43fe05b53f,Seoul Regional Hub 3033,Seoul,Seoul,69095,70.58,Bonded
6fd0325e-a4dd-4107-ac99-df66220e093a,Osaka Regional Hub 3034,Osaka,Osaka,107865,77.93,Regional
9f79b145-4ea9-4439-8f6a-7220cf1c1096,Tokyo Distribution Center 3035,Tokyo,Tokyo,113455,55.13,Regional
bea3af23-9bea-4af1-8a58-d3f8036e17c9,Chicago Bonded Warehouse 3036,Chicago,Chicago,37868,86.87,Distribution
ff7b65f3-7a9f-4872-8fa1-326b124e9bb1,Ahmedabad Fulfilment Center 3037,Ahmedabad,Maharashtra,93561,66.48,Bonded
54f7e12b-7be1-4058-82a7-29a5a6226f07,Seoul Fulfilment Center 3038,Seoul,Seoul,30964,70.73,Regional
77a7218e-4b1e-4224-9b6b-545380181fb3,Los Angeles Regional Hub 3039,Los Angeles,Los Angeles,79085,59.58,Regional
5c14d6e3-f3e4-4608-8a13-ef4e27da8547,Seoul Distribution Center 3040,Seoul,Seoul,10903,85.72,Regional
96de97e1-a3fb-4e49-9d86-89de01a9ff80,Incheon Fulfilment Center 3041,Incheon,Incheon,21532,69.57,Distribution
ca3cc5e2-f68c-4a10-b4e0-7f4463b68036,Shenzhen Distribution Center 3042,Shenzhen,Shenzhen,12191,65.39,Distribution
a6f18bc7-4426-4e40-b718-101215b8afa7,Shenzhen Fulfilment Center 3043,Shenzhen,Shenzhen,83234,66.68,Regional
fb4f6f72-3217-4e5e-b929-58038e77ae31,Abu Dhabi Distribution Center 3044,Abu Dhabi,Abu Dhabi,13976,62.17,Regional
838266ab-fed4-4814-ac4f-1f23e01d7ecf,Incheon Fulfilment Center 3045,Incheon,Incheon,75625,67.35,Distribution
dddb857e-bb3b-48f9-8918-9ba55a500f9b,Houston Fulfilment Center 3046,Houston,Houston,49983,75.4,Distribution
305f2b28-d5a2-4e41-aab8-ac6b8ffe0968,Hyderabad Regional Hub 3047,Hyderabad,Maharashtra,82052,66.03,Distribution
427022d8-c10c-4a3d-901e-50b184d70500,Kolkata Distribution Center 3048,Kolkata,Telangana,90075,81.77,Bonded
aeb7fdbf-f5c0-49b8-b6e7-7973bee89b5b,Felixstowe Distribution Center 3049,Felixstowe,Felixstowe,12499,83.41,Distribution
a20ad4f9-3115-40d1-b510-194e096c7efc,Singapore Distribution Center 3050,Singapore,Singapore,60623,73.51,Bonded
f3741268-b3e9-4ac9-a124-4b53b232f61a,Yokohama Regional Hub 3051,Yokohama,Yokohama,86003,88.78,Distribution
81023363-df6c-47bd-a112-b28440eea095,Tokyo Regional Hub 3052,Tokyo,Tokyo,56658,59.11,Bonded
58bfed84-3338-4d55-8ab3-46cca2a2d634,Shanghai Regional Hub 3053,Shanghai,Shanghai,119282,63.51,Distribution
a21293a2-de5e-4c23-8f41-f7e334007b6e,Busan Distribution Center 3054,Busan,Busan,94906,37.65,Distribution
15e86fd4-85fa-4da9-bb47-8b36f2295b98,Singapore Fulfilment Center 3055,Singapore,Singapore,35365,66.73,Distribution
8462fae5-0abf-4a50-8579-151cc8e4cedd,Manchester Fulfilment Center 3056,Manchester,Manchester,97862,72.03,Distribution
ac735c68-cf28-421f-96b4-007ae9ef3d96,Mumbai Bonded Warehouse 3057,Mumbai,Delhi,28892,63.28,Distribution
4a0d6b6d-0aaf-446e-8781-c535a26c84a4,Hamburg Bonded Warehouse 3058,Hamburg,Hamburg,60735,62.46,Distribution
499338fc-1dbe-42a7-ae27-999f95c3b8a2,Shanghai Distribution Center 3059,Shanghai,Shanghai,99531,83.44,Distribution
cdd1cb06-ee30-42f2-82ac-7d200f842196,Busan Regional Hub 3060,Busan,Busan,90472,98.0,Distribution
f5fd1505-8985-4c91-b092-1be492ca3574,Incheon Fulfilment Center 3061,Incheon,Incheon,42136,71.82,Bonded
13367c66-dccb-4fc3-af02-b50d92de18fd,Dubai Regional Hub 3062,Dubai,Dubai,119917,98.0,Bonded
030c7f55-7d10-469f-b822-a990bbd67529,Sharjah Regional Hub 3063,Sharjah,Sharjah,27726,48.53,Distribution
42f12d96-f3a9-48bc-a5b0-1163e0428da0,Yokohama Distribution Center 3064,Yokohama,Yokohama,113311,61.55,Bonded
e67c21b9-6e46-46cb-99da-0a71177f1672,Tokyo Distribution Center 3065,Tokyo,Tokyo,113545,57.74,Distribution
a8d04616-57b4-4274-bf50-1afc3219c95a,Sharjah Fulfilment Center 3066,Sharjah,Sharjah,17276,79.78,Regional
377b753f-186d-4f2f-a7d9-90b532b2f984,Abu Dhabi Regional Hub 3067,Abu Dhabi,Abu Dhabi,107575,44.89,Bonded
a7bd5afa-a063-4840-8c55-428d38709665,Frankfurt Distribution Center 3068,Frankfurt,Frankfurt,74251,54.03,Regional
37d38aab-c2ff-4065-ac34-a4ae381edf52,Amsterdam Bonded Warehouse 3069,Amsterdam,Amsterdam,80120,70.29,Regional
8e7ac4ca-cc6a-4d2b-a22c-b0e9d005d9ff,New York Distribution Center 3070,New York,New York,75135,83.29,Regional
b182044d-59d3-495b-96cf-d9ee623248f0,London Regional Hub 3071,London,London,69620,67.44,Distribution
6df58423-b56e-443f-baa1-de1af0f84c2b,London Fulfilment Center 3072,London,London,55283,54.94,Distribution
e0568815-766a-41dd-9e1f-40883b3f7562,London Bonded Warehouse 3073,London,London,103167,69.98,Distribution
a9f0f2a0-524e-4aa8-bd30-2b6e220efd09,Singapore Fulfilment Center 3074,Singapore,Singapore,111715,51.15,Distribution
4cc3ee31-4be1-415d-956c-ffa43fb559e0,Osaka Regional Hub 3075,Osaka,Osaka,114479,86.19,Bonded
84ce21c1-21b5-462d-ba70-6d6b0c4879f2,Singapore Distribution Center 3076,Singapore,Singapore,70344,79.47,Distribution
f7c45bf0-e466-44a4-b2b3-e53c2f380bab,Incheon Fulfilment Center 3077,Incheon,Incheon,44817,82.27,Distribution
f3023b6f-f101-43a4-8eb9-e5b6b54294f4,Busan Regional Hub 3078,Busan,Busan,39320,64.65,Distribution
1db6ed14-7d5e-40dc-b571-f53c1ab183b3,Delhi Distribution Center 3079,Delhi,West Bengal,38293,35.0,Bonded
11e89ea5-5107-4607-99dd-48846a235a85,Singapore Regional Hub 3080,Singapore,Singapore,75194,55.34,Distribution
08f023aa-b70d-4822-a4dc-edf4076be5c8,Tokyo Fulfilment Center 3081,Tokyo,Tokyo,19486,51.56,Regional
74a18120-922f-4818-9e88-f89dd6be2029,Yokohama Bonded Warehouse 3082,Yokohama,Yokohama,57911,98.0,Distribution
b48a2451-2923-43cf-bf46-dc5d2e3ecab8,Ningbo Distribution Center 3083,Ningbo,Ningbo,77482,58.59,Distribution
7024b79d-7325-416d-b70a-5433108cf058,Los Angeles Fulfilment Center 3084,Los Angeles,Los Angeles,95631,64.05,Distribution
7f49a4b3-50fc-4134-8cb9-f60b2af1e319,Amsterdam Bonded Warehouse 3085,Amsterdam,Amsterdam,19922,56.29,Distribution
6afd6b95-1191-48e6-ab50-7114c9439568,Manchester Fulfilment Center 3086,Manchester,Manchester,45047,89.43,Bonded
6ce2c5ef-2e64-4f11-9de7-335aaeb0a5b3,Frankfurt Distribution Center 3087,Frankfurt,Frankfurt,62520,76.22,Distribution
a579fd56-8c1e-4dc0-85c3-837beef05d8d,Rotterdam Fulfilment Center 3088,Rotterdam,Rotterdam,28441,70.45,Regional
28a26355-c4ed-4ab8-9247-3285d0ed4e07,Tokyo Fulfilment Center 3089,Tokyo,Tokyo,10596,68.05,Distribution
63e5cd0e-173d-4c00-a0e5-4bac02e36e90,Guangzhou Bonded Warehouse 3090,Guangzhou,Guangzhou,8004,67.47,Bonded
c4aa1876-cb17-478d-8627-7650120c3834,Tokyo Bonded Warehouse 3091,Tokyo,Tokyo,89783,74.39,Bonded
33e9a296-7125-470e-bcb0-abeb639f5ea9,Bremen Distribution Center 3092,Bremen,Bremen,26852,73.46,Regional
ec5f3426-52b3-4266-b3a5-693bb895e979,Hamburg Bonded Warehouse 3093,Hamburg,Hamburg,17740,35.0,Distribution
0922ad2b-2b89-459f-83d1-1f8fc0f2995a,Chennai Bonded Warehouse 3094,Chennai,Tamil Nadu,64596,63.93,Regional
0031ad26-0cda-414e-81b2-eec800a678dc,Rotterdam Regional Hub 3095,Rotterdam,Rotterdam,106395,73.07,Distribution
309ccb4d-ef92-40fc-9686-46af9179301b,Frankfurt Fulfilment Center 3096,Frankfurt,Frankfurt,47419,85.95,Regional
319d388b-6465-4d24-8f31-829a85d8ec10,Houston Distribution Center 3097,Houston,Houston,40436,70.13,Distribution
4fd3ca86-7fc7-46f5-8794-dfa4ae551aa0,London Bonded Warehouse 3098,London,London,83623,81.13,Distribution
7fc4ebc5-b5e0-486a-9755-f523e2011963,Los Angeles Fulfilment Center 3099,Los Angeles,Los Angeles,20795,76.38,Regional
03725d56-e3e9-4ad0-8fd3-ab0dcb0d24fa,Amsterdam Fulfilment Center 3100,Amsterdam,Amsterdam,52389,77.43,Distribution
13fb293e-1e7d-42c8-8d93-3090414e0f51,Singapore Regional Hub 3101,Singapore,Singapore,58042,62.64,Distribution
6c188817-34c3-45d4-9d99-cdc8e0b2e33f,Busan Regional Hub 3102,Busan,Busan,15460,81.24,Distribution
a6090226-3040-4ecb-ad30-a0959a367e9a,Incheon Bonded Warehouse 3103,Incheon,Incheon,67533,58.85,Distribution
51b95599-d2bf-40eb-bad4-64ec3df7599f,Tokyo Regional Hub 3104,Tokyo,Tokyo,98152,81.4,Regional
a188cae1-d000-4272-b783-3b6a854dd809,Manchester Bonded Warehouse 3105,Manchester,Manchester,49541,70.44,Distribution
db0212a1-b801-4cca-ba0d-4cfe16febdcc,Guangzhou Bonded Warehouse 3106,Guangzhou,Guangzhou,86508,74.26,Distribution
001900be-6f68-4b24-93ba-c30b48de3487,Seoul Fulfilment Center 3107,Seoul,Seoul,56322,71.91,Regional
38c24714-cb2d-4184-a38f-46da4c4029ee,Manchester Fulfilment Center 3108,Manchester,Manchester,52370,75.57,Distribution
eb7f94a2-064b-4878-881b-ec28452ccb9a,Amsterdam Bonded Warehouse 3109,Amsterdam,Amsterdam,110129,83.44,Distribution
1b2025d5-7157-47f3-8fac-172f1d3542ec,Amsterdam Regional Hub 3110,Amsterdam,Amsterdam,77001,76.18,Distribution
fe15ab0b-d721-4094-b6bd-754f33f73747,Yokohama Regional Hub 3111,Yokohama,Yokohama,22203,88.08,Distribution
00813016-0a06-45ab-b151-12f240a6127c,Frankfurt Distribution Center 3112,Frankfurt,Frankfurt,17504,56.02,Regional
930da917-343d-4326-a60a-f1e346ee6d9f,Hyderabad Fulfilment Center 3113,Hyderabad,Delhi,55101,83.37,Regional
2d921a3f-750d-4a60-9ce9-a3dc6508f368,Hamburg Bonded Warehouse 3114,Hamburg,Hamburg,91550,73.4,Distribution
7a59d495-3847-4c22-8492-c92147bf5e68,Bengaluru Regional Hub 3115,Bengaluru,Maharashtra,37437,37.02,Distribution
cc191856-fbf0-4694-a57f-da9dbf0517a4,Chennai Regional Hub 3116,Chennai,Tamil Nadu,44737,54.62,Distribution
381f3c90-1c26-4d2f-9905-81262410747b,London Regional Hub 3117,London,London,43893,67.37,Distribution
8d6cab59-d414-459d-9b8b-c32f450684b2,Shenzhen Distribution Center 3118,Shenzhen,Shenzhen,39306,68.5,Distribution
5de5dc06-7df6-4bf0-843a-15bf62206962,Los Angeles Bonded Warehouse 3119,Los Angeles,Los Angeles,58630,92.75,Regional
09a5b17e-8e00-4ded-93dd-6477a2844021,Shenzhen Bonded Warehouse 3120,Shenzhen,Shenzhen,78552,57.32,Regional
e7727f25-6cd6-46dc-950a-6b292ddfb29f,London Bonded Warehouse 3121,London,London,55469,63.32,Distribution
c799b2d4-0c5c-454a-8465-ef3c553fc3c7,Yokohama Bonded Warehouse 3122,Yokohama,Yokohama,54181,82.97,Regional
c1a89deb-7710-4535-a3c3-e386c92e5181,Tokyo Distribution Center 3123,Tokyo,Tokyo,66053,85.59,Distribution
40e2ac5e-81b4-40c2-b7aa-c14682333160,Hamburg Regional Hub 3124,Hamburg,Hamburg,38599,97.32,Distribution
99d50fc7-ef16-4adb-bf88-a8c6d041f2b4,Incheon Regional Hub 3125,Incheon,Incheon,9805,64.72,Distribution
cd796f3d-7979-4043-94a0-2a72332fcf45,London Fulfilment Center 3126,London,London,31322,58.66,Distribution
4c8614d1-1f66-4de3-b43c-03d2c1b2abc0,London Bonded Warehouse 3127,London,London,92449,65.37,Bonded
5b5cf8fd-ea1c-48d8-9a10-5359cc13d2af,Yokohama Regional Hub 3128,Yokohama,Yokohama,79030,76.65,Regional
b2872243-e999-4a21-9bda-f0d44708cf90,Amsterdam Distribution Center 3129,Amsterdam,Amsterdam,103457,73.41,Regional
c8849097-22d1-4948-b457-1a976bbff051,Rotterdam Regional Hub 3130,Rotterdam,Rotterdam,69494,73.92,Regional
a4387ad1-7976-4051-971b-b298e4641bb7,Amsterdam Distribution Center 3131,Amsterdam,Amsterdam,77758,80.66,Distribution
01cfd19f-dac1-4258-b637-13669430801d,Shenzhen Bonded Warehouse 3132,Shenzhen,Shenzhen,23146,84.91,Regional
52196da5-560f-4e60-bdee-7b82182f3e12,Busan Fulfilment Center 3133,Busan,Busan,42543,76.46,Distribution
8fa2fc83-cdd7-477c-8311-6780b929d7ee,Ningbo Bonded Warehouse 3134,Ningbo,Ningbo,78378,67.73,Bonded
ce96d7af-b3ca-418f-bfef-da1246db1139,Chicago Regional Hub 3135,Chicago,Chicago,89015,85.62,Distribution
997b9c74-afc7-49a8-aa23-de80a8f7e889,Frankfurt Distribution Center 3136,Frankfurt,Frankfurt,118065,73.6,Bonded
ae750afd-3a36-417d-9227-22bda28a2abe,Singapore Bonded Warehouse 3137,Singapore,Singapore,24530,93.74,Regional
87191284-252e-4708-ad07-48320de9978d,Busan Distribution Center 3138,Busan,Busan,20635,65.5,Regional
7e3d6ae8-533c-4153-abe9-7e204573c05e,Amsterdam Fulfilment Center 3139,Amsterdam,Amsterdam,113684,69.79,Distribution
0547f932-97c8-4529-9fe6-a6b724f7ecce,Singapore Bonded Warehouse 3140,Singapore,Singapore,84447,81.02,Regional
0687e1b9-13e1-4d09-8727-d1403f70e069,Singapore Bonded Warehouse 3141,Singapore,Singapore,37859,72.19,Regional
0cbbefcb-39e1-4aec-8eea-46f68e2846f1,Yokohama Bonded Warehouse 3142,Yokohama,Yokohama,41004,41.87,Distribution
79f20d19-4e41-441f-a0f4-27537dba4dae,Ahmedabad Fulfilment Center 3143,Ahmedabad,Telangana,48875,80.58,Distribution
96c9b631-c72f-4510-b136-b79ecd0a2453,Singapore Distribution Center 3144,Singapore,Singapore,41015,47.56,Distribution
2a801db1-3333-4243-8b30-490147c7b4e1,Ningbo Fulfilment Center 3145,Ningbo,Ningbo,17273,69.38,Distribution
a1cc54ee-788d-43bc-8e6b-f5d031618b6f,Busan Distribution Center 3146,Busan,Busan,59655,61.79,Distribution
4316a459-ebcf-412a-91e2-2f7898936ca8,Bremen Regional Hub 3147,Bremen,Bremen,8479,66.85,Bonded
582909e2-f666-4ae6-bf9a-e37e85169518,Osaka Distribution Center 3148,Osaka,Osaka,7045,66.37,Regional
b4adbb77-5bf4-4046-91a5-9ccff6889ab5,Felixstowe Regional Hub 3149,Felixstowe,Felixstowe,33858,77.26,Distribution
c37dde46-dfb8-4ffc-87ef-d2764030f109,Singapore Bonded Warehouse 3150,Singapore,Singapore,72174,81.37,Distribution
41df70be-c97a-4ab2-8499-446e5b64ffda,Rotterdam Bonded Warehouse 3151,Rotterdam,Rotterdam,43130,71.59,Distribution
b8e8ad5f-d8b4-42fc-ae87-15cd1fe27a53,Abu Dhabi Bonded Warehouse 3152,Abu Dhabi,Abu Dhabi,116112,67.02,Distribution
68730d91-82b5-4740-aa72-2d5ee9ed522e,Shanghai Distribution Center 3153,Shanghai,Shanghai,55162,60.69,Bonded
bf3d70ef-5d2e-4074-a30c-791c7d8f2f46,Incheon Distribution Center 3154,Incheon,Incheon,14563,86.23,Distribution
d55746f5-62c5-477a-8386-5e6bee2a9c44,Dubai Distribution Center 3155,Dubai,Dubai,93723,80.48,Distribution
341a0fb3-5b5a-41b5-90da-7ffba884a607,Chicago Regional Hub 3156,Chicago,Chicago,119583,67.27,Bonded
9da64f6e-2439-450c-9bc5-9c2752127068,Shenzhen Fulfilment Center 3157,Shenzhen,Shenzhen,49493,88.27,Regional
cf689a4e-d77e-4504-9c3f-73c6a7601206,Tokyo Fulfilment Center 3158,Tokyo,Tokyo,85019,72.33,Distribution
f4243baf-68c6-46e1-9ee7-47e13f45724d,Houston Fulfilment Center 3159,Houston,Houston,116633,90.47,Regional
82367f66-491a-4d07-96cb-c08c17981d4b,Seoul Fulfilment Center 3160,Seoul,Seoul,6427,93.71,Bonded
06ba684f-f588-4e5e-87a2-fda322989521,Shenzhen Distribution Center 3161,Shenzhen,Shenzhen,38082,69.74,Regional
6702b19b-b828-4d14-b76c-5e0cb6a251a2,Ningbo Distribution Center 3162,Ningbo,Ningbo,18649,36.23,Regional
6e02ffd9-290a-4e4c-acc0-2dddbaa1e950,New York Distribution Center 3163,New York,New York,23494,65.34,Regional
32595d98-c7c6-43f2-aa85-dd0be0bb2141,Amsterdam Fulfilment Center 3164,Amsterdam,Amsterdam,50778,59.16,Regional
44644c8d-011c-470d-abc1-0105c5c8c5de,Chicago Bonded Warehouse 3165,Chicago,Chicago,18282,58.62,Regional
4b3d3f48-f6ce-40c5-b68e-77b293efa73e,Ahmedabad Fulfilment Center 3166,Ahmedabad,Tamil Nadu,31253,84.59,Distribution
79d40c78-8467-4742-8ccf-7ed1a091a55a,Shenzhen Bonded Warehouse 3167,Shenzhen,Shenzhen,105959,88.97,Distribution
7fa0740e-66d6-4599-bda2-dd9b1d9170a6,Amsterdam Distribution Center 3168,Amsterdam,Amsterdam,101366,57.3,Regional
4531dd24-90f4-47d0-9ceb-d62b1b0e8b20,Felixstowe Fulfilment Center 3169,Felixstowe,Felixstowe,69148,74.87,Distribution
41e986f2-50f9-486a-bbf0-d055fac103b7,Mumbai Regional Hub 3170,Mumbai,West Bengal,31118,61.68,Bonded
df54d70c-4ec1-4ed6-a4b4-6f1e68bd2812,Incheon Regional Hub 3171,Incheon,Incheon,16322,84.63,Distribution
36c68354-3fbd-43a0-a96e-7b546e899daa,Dubai Bonded Warehouse 3172,Dubai,Dubai,58870,98.0,Distribution
0cb4815c-4f40-4159-be52-9f5f3cb541f4,Rotterdam Bonded Warehouse 3173,Rotterdam,Rotterdam,23223,90.07,Regional
d39ab7f5-153d-4308-a71c-132da2d36539,Bremen Fulfilment Center 3174,Bremen,Bremen,74670,64.51,Bonded
ac565f4c-ec85-41b2-bf89-bc390af6ae40,Seoul Fulfilment Center 3175,Seoul,Seoul,39367,60.25,Distribution
ff0eccf2-744c-42f7-8ce2-426f861c3e75,Ningbo Distribution Center 3176,Ningbo,Ningbo,27843,72.96,Distribution
4e3e10e5-4356-4b69-8079-4019db9e3350,Chennai Fulfilment Center 3177,Chennai,Delhi,88110,87.22,Regional
98830da4-095b-4751-aa08-0ce71968e3fa,Shanghai Distribution Center 3178,Shanghai,Shanghai,114061,49.9,Distribution
b35c1d69-eb3b-4746-93af-0f3ff96546ae,Seoul Bonded Warehouse 3179,Seoul,Seoul,59895,69.95,Distribution
66a23442-afc9-48e2-9a29-b2f807d3bc26,Sharjah Fulfilment Center 3180,Sharjah,Sharjah,5754,66.34,Regional
91158ff1-9673-434e-86d6-41013ce62cc4,Singapore Regional Hub 3181,Singapore,Singapore,26431,80.04,Regional
7d221537-6eaf-4028-9052-a7cf4ebc4f2b,Delhi Regional Hub 3182,Delhi,Maharashtra,38440,73.09,Regional
a17bc16b-7bc2-4fe3-9a97-c275554a1c76,Shanghai Fulfilment Center 3183,Shanghai,Shanghai,45729,81.46,Distribution
29d3e2d5-ed4a-45b7-b157-9b200b343dff,Rotterdam Distribution Center 3184,Rotterdam,Rotterdam,50320,93.89,Regional
b16aa975-99d5-45a9-8812-90ee16c09178,Frankfurt Distribution Center 3185,Frankfurt,Frankfurt,106118,78.73,Distribution
79c7df97-bc66-496e-bdec-ffd042282842,Los Angeles Fulfilment Center 3186,Los Angeles,Los Angeles,63752,70.32,Bonded
4351d0e5-b27e-4ee5-95f1-5f8782af5cde,Felixstowe Fulfilment Center 3187,Felixstowe,Felixstowe,74403,83.53,Regional
a308f29a-3f5f-4db4-8a70-0be972245e7c,Tokyo Fulfilment Center 3188,Tokyo,Tokyo,116036,63.36,Distribution
aa61d1aa-afba-4f3e-b6dd-ecbbfdce3a93,Singapore Distribution Center 3189,Singapore,Singapore,90789,59.29,Regional
70bbe507-5a43-499f-affc-d4a688b868db,Guangzhou Regional Hub 3190,Guangzhou,Guangzhou,118127,65.52,Distribution
dfeab443-cd66-4868-9c6e-2cf7af491c35,Chicago Distribution Center 3191,Chicago,Chicago,106904,87.18,Distribution
02b6e4c6-bf3c-424f-8623-7bf69b666b95,Singapore Bonded Warehouse 3192,Singapore,Singapore,101685,73.59,Regional
77782c86-430d-4a19-8869-bbb39dc8bfd3,Kolkata Fulfilment Center 3193,Kolkata,Gujarat,117631,67.24,Distribution
19ea3253-f69c-4032-9508-3c5c94828d10,Rotterdam Regional Hub 3194,Rotterdam,Rotterdam,31364,74.6,Regional
9a12b762-2204-4934-947f-62b30b51da0d,Bremen Distribution Center 3195,Bremen,Bremen,61129,80.77,Bonded
ea65cbef-44f8-4905-95ff-96a047f85bbc,Tokyo Fulfilment Center 3196,Tokyo,Tokyo,99504,68.84,Distribution
4e0420de-0ae7-457a-b54a-237d3c9f6e44,Felixstowe Bonded Warehouse 3197,Felixstowe,Felixstowe,23373,93.2,Distribution
76010cc1-ff38-47ab-afec-74643384245e,Guangzhou Bonded Warehouse 3198,Guangzhou,Guangzhou,16364,55.78,Regional
18525528-c4ae-4fdd-aecd-a230829836f1,Abu Dhabi Distribution Center 3199,Abu Dhabi,Abu Dhabi,65600,83.48,Distribution
417d5fce-b855-4515-a83a-9299ad225e19,Abu Dhabi Distribution Center 3200,Abu Dhabi,Abu Dhabi,56778,63.31,Bonded
a7f8c500-7001-49bb-b88d-d0294df0b0c8,Yokohama Regional Hub 3201,Yokohama,Yokohama,55139,62.42,Regional
7c4b4ab6-ca7c-4c9c-b123-2b03c499cde8,London Bonded Warehouse 3202,London,London,15880,81.66,Regional
d745202a-c8af-4b0f-b5ba-7388da90a458,London Bonded Warehouse 3203,London,London,20351,94.01,Regional
cb0f60df-7c7b-409c-a137-d6fcd8d2a0c5,Kolkata Fulfilment Center 3204,Kolkata,Karnataka,74045,49.95,Regional
9d182cbf-ebfc-4e83-94ae-61853b5fbf95,Bremen Fulfilment Center 3205,Bremen,Bremen,63758,87.08,Bonded
c0cc05b7-5cec-4794-8340-ac4989de254a,Ningbo Distribution Center 3206,Ningbo,Ningbo,85065,50.84,Distribution
756fd0ae-4c24-4233-ae0e-e709827ac9db,Delhi Regional Hub 3207,Delhi,Karnataka,55005,68.52,Bonded
ca6403f3-6841-45f8-9f8d-8289a382e83d,Frankfurt Regional Hub 3208,Frankfurt,Frankfurt,104425,73.26,Bonded
653bcd79-7157-4a70-a871-68409819085c,Amsterdam Distribution Center 3209,Amsterdam,Amsterdam,106524,63.75,Distribution
318c5da0-7e34-4921-9349-76c7632e88fc,Seoul Fulfilment Center 3210,Seoul,Seoul,92840,89.39,Distribution
547e63d6-6fbc-4dc2-b2e1-178a04d17896,Hamburg Regional Hub 3211,Hamburg,Hamburg,112423,75.7,Distribution
6b8f6550-b87e-473c-a430-9d7b634b2274,Sharjah Fulfilment Center 3212,Sharjah,Sharjah,52644,73.34,Regional
64227afb-5646-489a-9d68-85c9dc8c4bc7,London Regional Hub 3213,London,London,67254,73.01,Distribution
e7102396-046d-4b75-bf15-03d5ba117f28,Yokohama Regional Hub 3214,Yokohama,Yokohama,105479,72.99,Bonded
d924fbf1-0690-41d0-89bd-d3dc064b6a7e,Hamburg Distribution Center 3215,Hamburg,Hamburg,8121,60.0,Distribution
b1d0d4c5-f35f-4acd-83b1-cdb2fa98f010,Houston Regional Hub 3216,Houston,Houston,80311,76.19,Bonded
86f9c1cd-fb55-44f9-953b-f99904498bf2,Rotterdam Fulfilment Center 3217,Rotterdam,Rotterdam,74564,64.88,Bonded
edc27c30-a814-49ee-9aff-f8174d6f3090,Singapore Bonded Warehouse 3218,Singapore,Singapore,46083,56.08,Distribution
e03b6e40-202a-437f-b9a5-f967b47caa42,Rotterdam Fulfilment Center 3219,Rotterdam,Rotterdam,47116,63.34,Regional
afd589ae-2d70-4f7d-b596-7a10f46e235b,Seoul Distribution Center 3220,Seoul,Seoul,13596,74.64,Distribution
5e3ac68d-f90d-40c5-9f9f-93236b3d4118,Rotterdam Fulfilment Center 3221,Rotterdam,Rotterdam,26456,51.6,Bonded
ae99d318-cdb3-4253-95f7-2db533de511e,Abu Dhabi Distribution Center 3222,Abu Dhabi,Abu Dhabi,79911,73.66,Distribution
31ef4ad2-0398-4831-b874-09878e4b7c3f,Bengaluru Distribution Center 3223,Bengaluru,Telangana,118258,63.92,Regional
6f5d21d3-5f37-4b1e-95b2-732d3768cb03,Houston Fulfilment Center 3224,Houston,Houston,77257,78.34,Regional
701b6f9d-3dc9-43ea-a176-5c2d67e5f6f3,Tokyo Fulfilment Center 3225,Tokyo,Tokyo,81007,72.11,Distribution
e16f407e-5a18-44ee-9851-c93aa453ee94,Ningbo Distribution Center 3226,Ningbo,Ningbo,10282,88.1,Bonded
86a0b820-54b5-4d96-b099-24a9d0ac7c8f,Abu Dhabi Bonded Warehouse 3227,Abu Dhabi,Abu Dhabi,76952,57.62,Distribution
9053ac8d-8fe3-4204-bc93-c6a7cbe2aabf,Shanghai Fulfilment Center 3228,Shanghai,Shanghai,59979,47.91,Regional
1c4c97c1-88c6-4c69-93c3-9d9b0439feaf,Incheon Fulfilment Center 3229,Incheon,Incheon,95422,60.5,Distribution
3dab3e43-328c-40bc-96a8-982e54f265a0,Los Angeles Fulfilment Center 3230,Los Angeles,Los Angeles,71512,70.06,Regional
e49b71fe-4e8d-48dc-9f32-2a0a50916e8a,Ningbo Fulfilment Center 3231,Ningbo,Ningbo,56068,77.56,Regional
fa9f919b-c820-4a01-a3b4-8f4a4e192f01,Yokohama Fulfilment Center 3232,Yokohama,Yokohama,106790,60.95,Distribution
1df33e59-1075-4dda-9e81-9a0c5b6b1359,Incheon Fulfilment Center 3233,Incheon,Incheon,112678,61.81,Bonded
a9b76c06-169c-4d5f-a6b0-aa4c5a44091d,Ahmedabad Bonded Warehouse 3234,Ahmedabad,Delhi,58321,62.54,Distribution
4f87a0c7-a64a-4891-a8d8-f3a0b8be05f4,Yokohama Distribution Center 3235,Yokohama,Yokohama,8921,63.73,Distribution
3cd59f1a-9387-4a26-8776-f56021ffe99d,Hyderabad Fulfilment Center 3236,Hyderabad,Delhi,77903,83.26,Distribution
fb243abf-3340-48cb-9cc0-5de848ab0927,Bremen Fulfilment Center 3237,Bremen,Bremen,100801,75.32,Bonded
56cb45e2-c599-40a4-879c-b811543cff27,Felixstowe Bonded Warehouse 3238,Felixstowe,Felixstowe,6319,72.87,Distribution
964a0192-f14a-404a-a4fe-770976f76c2a,Bremen Distribution Center 3239,Bremen,Bremen,7108,83.22,Regional
259c72c4-87dc-40b5-9fea-f77b9e19decb,Frankfurt Fulfilment Center 3240,Frankfurt,Frankfurt,59559,63.75,Regional
fcea54a8-7d2f-4361-b50f-6090c9ccc42f,Felixstowe Bonded Warehouse 3241,Felixstowe,Felixstowe,50204,81.29,Distribution
be83c481-f9ed-41c0-9f9e-6f354918c14d,Shanghai Distribution Center 3242,Shanghai,Shanghai,31925,77.01,Regional
26968cb5-9ba9-4424-9739-7eebf6a9d59d,Rotterdam Distribution Center 3243,Rotterdam,Rotterdam,60053,51.94,Distribution
88dcde08-ea39-4b8a-8159-cc56c0e49adb,London Regional Hub 3244,London,London,87853,88.91,Distribution
12f708f3-09ed-4714-8909-76735f446f03,Seoul Regional Hub 3245,Seoul,Seoul,44062,84.99,Distribution
55b3f146-d751-4fb3-a6a8-9ad246dc7acb,Hamburg Fulfilment Center 3246,Hamburg,Hamburg,65556,69.6,Regional
2ed4b1f9-bd0f-4370-809a-393a5d78df98,Manchester Distribution Center 3247,Manchester,Manchester,71324,83.93,Distribution
7b6b1a21-ba27-4293-9593-475acdd32a41,Dubai Regional Hub 3248,Dubai,Dubai,44978,42.93,Distribution
729193e1-0e7a-4be7-bf81-dd30057236c8,Amsterdam Regional Hub 3249,Amsterdam,Amsterdam,102712,62.7,Distribution
a18db13e-709c-4db4-8f16-0cc8442ee410,New York Distribution Center 3250,New York,New York,28232,75.08,Regional
243e2a05-b3e2-4dd1-a8fb-330f0c79f33a,New York Regional Hub 3251,New York,New York,93951,69.15,Distribution
787f5274-c590-4074-8a24-135526ef3fac,London Regional Hub 3252,London,London,12684,62.75,Distribution
4f9b1c65-2fc5-4dd2-a515-0eeb9b686d08,Singapore Distribution Center 3253,Singapore,Singapore,69932,79.61,Regional
11dcd142-d9f1-4389-a355-218c8ddd889f,Sharjah Bonded Warehouse 3254,Sharjah,Sharjah,90417,67.15,Bonded
967583cb-d8f5-4b9a-a295-4f506d1015d7,Tokyo Bonded Warehouse 3255,Tokyo,Tokyo,83956,47.49,Distribution
cf5da502-f512-4e83-a6e6-af297242eab8,Delhi Regional Hub 3256,Delhi,Gujarat,47502,55.47,Regional
8fbfbd72-5ecf-4a0d-9b01-247a16eeffd3,Busan Bonded Warehouse 3257,Busan,Busan,46100,60.58,Distribution
29ce72ac-2162-4821-9ca3-72f184a4f262,Sharjah Distribution Center 3258,Sharjah,Sharjah,102961,61.92,Regional
98b46b79-3385-4473-a6ba-e71448d843c7,Incheon Bonded Warehouse 3259,Incheon,Incheon,38948,68.65,Distribution
aecc62c0-f392-4a37-a716-2bad225bb8a0,Abu Dhabi Regional Hub 3260,Abu Dhabi,Abu Dhabi,66639,84.25,Distribution
8015b07f-04ea-40c8-b2ac-0de10142d80d,Yokohama Distribution Center 3261,Yokohama,Yokohama,7873,76.19,Distribution
2b55246a-4b83-4649-84ac-a4c32667cca8,Rotterdam Fulfilment Center 3262,Rotterdam,Rotterdam,68656,57.49,Distribution
066a1021-2371-4fba-b0a5-7e2f7ece140d,Rotterdam Distribution Center 3263,Rotterdam,Rotterdam,6085,60.9,Bonded
ec49353e-eeae-447b-baad-4b05a17d745a,Singapore Fulfilment Center 3264,Singapore,Singapore,44873,87.11,Distribution
861a3d26-9afe-4180-96bf-3587f9ea98de,Hamburg Fulfilment Center 3265,Hamburg,Hamburg,78447,70.02,Distribution
8d806a83-83b8-4b53-bf13-74794d911fc7,Shenzhen Fulfilment Center 3266,Shenzhen,Shenzhen,15329,54.45,Regional
284cc2ef-2015-4e86-9c35-55f9f7a21430,Singapore Distribution Center 3267,Singapore,Singapore,19117,95.94,Distribution
f9ae18f8-fb82-453d-b9b9-3d3cdff1fde1,Chennai Fulfilment Center 3268,Chennai,West Bengal,84398,76.85,Distribution
2d250575-ce26-4a39-b1f9-51008f03811c,Felixstowe Regional Hub 3269,Felixstowe,Felixstowe,55373,56.74,Regional
2b5cc0be-9c70-4fea-abdc-e0e67bf4b10c,Yokohama Bonded Warehouse 3270,Yokohama,Yokohama,115893,61.44,Distribution
a14793f8-0ed1-4de7-bd42-70b867189900,Tokyo Distribution Center 3271,Tokyo,Tokyo,24240,57.98,Regional
86a2eefa-df87-4ddd-9428-82a8a7f53e44,Incheon Fulfilment Center 3272,Incheon,Incheon,111275,72.77,Distribution
ccbb9d3f-0bdc-469c-8ae8-4752305b50c3,Rotterdam Bonded Warehouse 3273,Rotterdam,Rotterdam,49064,87.04,Distribution
dd21992d-c02b-4611-bf1b-8e75f2da312f,Manchester Regional Hub 3274,Manchester,Manchester,13636,74.71,Distribution
3b26540a-113a-4ad1-ad23-e17095474898,Manchester Distribution Center 3275,Manchester,Manchester,97241,78.13,Regional
ee2856c1-d9f2-419a-8f07-69add8819dc2,Ningbo Distribution Center 3276,Ningbo,Ningbo,19462,68.3,Regional
4842f6b1-398c-4d7a-a7c4-feda5bf8d8f6,Houston Regional Hub 3277,Houston,Houston,77069,49.07,Distribution
ecf01ddb-e9d6-40e9-bd78-8b3a4b790a70,Yokohama Regional Hub 3278,Yokohama,Yokohama,110314,60.75,Distribution
276eb7c0-f70c-4e74-bd9c-06b8cb7e075b,Hamburg Fulfilment Center 3279,Hamburg,Hamburg,19576,54.47,Regional
83cbce29-daeb-4ecb-96b1-31c6a557f6a6,Rotterdam Distribution Center 3280,Rotterdam,Rotterdam,43642,67.95,Regional
3af4f651-3a80-494d-831f-307d70f83120,Amsterdam Distribution Center 3281,Amsterdam,Amsterdam,44643,68.01,Bonded
11199a00-a3a1-432a-9368-a9d38473afb1,Dubai Fulfilment Center 3282,Dubai,Dubai,48249,92.65,Distribution
67993235-9bf0-490c-b67c-a14edf368fa1,Yokohama Fulfilment Center 3283,Yokohama,Yokohama,46647,90.18,Regional
4e9863b4-3128-4ec9-8812-63d196b646fc,Los Angeles Distribution Center 3284,Los Angeles,Los Angeles,113314,74.36,Regional
2cc6e0c5-c4ef-4778-a0a6-975a9c9ecb90,Yokohama Distribution Center 3285,Yokohama,Yokohama,21918,84.52,Distribution
b7864c8f-64dd-442d-aa01-239a852a5024,Bengaluru Fulfilment Center 3286,Bengaluru,Delhi,112286,66.66,Distribution
3d33e69e-c296-4b0c-bacc-d8f01c677e62,Bremen Fulfilment Center 3287,Bremen,Bremen,119247,42.3,Distribution
fb0824a9-93b1-45cd-a6b8-b105590725a2,Dubai Regional Hub 3288,Dubai,Dubai,18829,88.81,Regional
9d0edd58-a5a6-4ad7-b42a-4274de8c0319,Delhi Bonded Warehouse 3289,Delhi,Tamil Nadu,119112,76.11,Distribution
36ea131e-aa88-48de-bdef-9cc0a9144fdc,Mumbai Distribution Center 3290,Mumbai,Delhi,70191,77.55,Bonded
42f23bf1-dbbb-4468-b4e6-5d39031a5bff,Tokyo Fulfilment Center 3291,Tokyo,Tokyo,50419,75.0,Regional
b12cdbfa-f525-442c-b8ef-9e453aa221ed,Chennai Bonded Warehouse 3292,Chennai,Maharashtra,53476,61.47,Regional
e5791a5a-e39e-47e4-b8f5-6b6fd4eca188,Rotterdam Bonded Warehouse 3293,Rotterdam,Rotterdam,13671,92.99,Distribution
80692736-bc3e-45e3-b105-119901088ac0,Busan Bonded Warehouse 3294,Busan,Busan,92537,67.53,Distribution
a2442296-5023-4aab-af97-d3ba38740414,New York Fulfilment Center 3295,New York,New York,10445,59.19,Distribution
2eec4661-2f8a-4d85-b523-8f20c1fcc24c,Busan Bonded Warehouse 3296,Busan,Busan,106865,61.93,Distribution
8dbaf344-d4f2-4d8d-bda3-cb9bd63de48e,Singapore Distribution Center 3297,Singapore,Singapore,46482,77.74,Distribution
2e8d08e9-a25d-4468-b678-9980fc9764de,Osaka Distribution Center 3298,Osaka,Osaka,57926,55.43,Bonded
0a8233bf-f517-43a3-9f11-f2ce08de456c,Incheon Regional Hub 3299,Incheon,Incheon,56040,98.0,Distribution
418182cd-9a9d-49b9-b99e-500b6b45f72b,Rotterdam Fulfilment Center 3300,Rotterdam,Rotterdam,6446,70.6,Regional
ebad80dd-73bd-42a6-86c3-3551c79782d6,Hyderabad Regional Hub 3301,Hyderabad,Delhi,40908,75.17,Distribution
92398dde-ac8e-48ec-bfd2-4d5cf15a71b2,Yokohama Fulfilment Center 3302,Yokohama,Yokohama,5029,77.42,Distribution
48f3689d-a065-4225-bf9b-cd7c2fe7c564,Frankfurt Distribution Center 3303,Frankfurt,Frankfurt,93857,82.57,Regional
e96ec272-2bcb-419b-9c0c-9c6914999b9a,Guangzhou Distribution Center 3304,Guangzhou,Guangzhou,15955,74.86,Distribution
a1cf0b0f-6d4a-404d-882a-fabae73118b1,Tokyo Bonded Warehouse 3305,Tokyo,Tokyo,86955,70.25,Distribution
0a0149a3-8b07-4da5-8680-31838ac2685d,Frankfurt Fulfilment Center 3306,Frankfurt,Frankfurt,77819,75.92,Bonded
f88e6fd1-9254-4a00-b449-254913dc58d1,Singapore Bonded Warehouse 3307,Singapore,Singapore,5474,65.4,Bonded
5c69624a-0b3c-456f-8d64-cf0143770340,Chicago Distribution Center 3308,Chicago,Chicago,36496,73.05,Distribution
cb1a1d87-8939-4ad3-84e6-d557db959485,Bremen Regional Hub 3309,Bremen,Bremen,87089,91.62,Regional
b3338d93-4be5-4440-a864-58200ffb25b9,Felixstowe Distribution Center 3310,Felixstowe,Felixstowe,19209,76.66,Distribution
90574c20-40d6-49ef-9196-be9946a09dee,Mumbai Bonded Warehouse 3311,Mumbai,Maharashtra,116004,55.03,Regional
19781288-87e5-4939-a10e-ae99676a34d3,Singapore Bonded Warehouse 3312,Singapore,Singapore,14053,62.08,Regional
351ccaff-fa2a-4e95-b261-13ed98a0a82d,Frankfurt Distribution Center 3313,Frankfurt,Frankfurt,62630,76.21,Distribution
7f9d5bad-9c37-4662-9f21-83301dff9f8f,Tokyo Bonded Warehouse 3314,Tokyo,Tokyo,112462,58.82,Bonded
11115504-9edc-4793-9cd9-89948b65d4e8,Bengaluru Bonded Warehouse 3315,Bengaluru,Karnataka,9860,84.96,Bonded
db0de595-b233-4d7b-bf1d-1726aaba8610,Houston Distribution Center 3316,Houston,Houston,25028,98.0,Distribution
0d7325f3-b8d3-4e2f-8d06-88399071a21c,Tokyo Regional Hub 3317,Tokyo,Tokyo,36925,58.05,Regional
de68f840-afd4-48f9-878b-11bbd5898d0e,Chennai Bonded Warehouse 3318,Chennai,West Bengal,85543,56.23,Distribution
7afc8cba-e6f8-43ab-ac68-ea846307e4d4,Manchester Distribution Center 3319,Manchester,Manchester,105706,62.99,Distribution
3e44a55e-74cd-40b7-8884-f3e4f73606d4,Amsterdam Distribution Center 3320,Amsterdam,Amsterdam,17464,92.28,Regional
8b977e7a-a3f3-4af0-9e90-9abdeb20a959,Singapore Distribution Center 3321,Singapore,Singapore,106685,58.11,Regional
9f6aaf1f-885d-4503-9a13-fc2df3c749a4,Singapore Distribution Center 3322,Singapore,Singapore,85944,87.75,Distribution
9abf0eaf-63d6-41a5-90cb-4000ffbf9059,Kolkata Bonded Warehouse 3323,Kolkata,Maharashtra,68394,82.32,Distribution
ec422628-4293-4d07-ad08-9eecea63cd12,Abu Dhabi Bonded Warehouse 3324,Abu Dhabi,Abu Dhabi,40477,77.17,Distribution
c8f2fa6c-b8e3-4ec4-b1a6-80d9720c2d11,Busan Regional Hub 3325,Busan,Busan,29794,57.46,Distribution
66903e9f-9076-4201-b0c8-59a0d3a5b281,Hyderabad Bonded Warehouse 3326,Hyderabad,Telangana,30187,57.39,Regional
1932cde8-94d0-4c71-819a-92a82d4d343a,Shenzhen Regional Hub 3327,Shenzhen,Shenzhen,18317,86.02,Regional
1c3a3138-8177-43c2-8e96-3d7be3c6bde8,Singapore Distribution Center 3328,Singapore,Singapore,60215,69.93,Distribution
eecbcdf2-0158-46f5-9780-29354f73f20e,London Regional Hub 3329,London,London,103049,70.15,Regional
189fc851-2cd3-41d4-bbaf-157d9b36aa5b,Busan Distribution Center 3330,Busan,Busan,63711,52.36,Bonded
7c9308a6-f954-4997-8584-e329d00dd7a3,Chicago Regional Hub 3331,Chicago,Chicago,8280,58.03,Distribution
caa59d71-612a-40d6-aa3f-b34dbbb88ecb,Abu Dhabi Regional Hub 3332,Abu Dhabi,Abu Dhabi,92156,70.73,Regional
4e83bd8d-1ab3-4e98-a7cd-f1c2d0e7ad77,Singapore Distribution Center 3333,Singapore,Singapore,71113,89.99,Bonded
5ebfc73f-fca7-4191-ab07-a06ec9264731,Guangzhou Distribution Center 3334,Guangzhou,Guangzhou,79566,83.38,Distribution
11d39dd5-3bf7-4548-bbca-f278b771b4f1,Singapore Distribution Center 3335,Singapore,Singapore,13426,65.72,Regional
228e2438-43aa-47a5-bef3-f37cd5f64193,Incheon Distribution Center 3336,Incheon,Incheon,39596,69.75,Distribution
598a6cdb-4511-4800-b373-5fe26cc1125d,Singapore Fulfilment Center 3337,Singapore,Singapore,105697,88.35,Distribution
9a2ae56d-d117-4e40-829e-1a0c4131bedc,Chicago Bonded Warehouse 3338,Chicago,Chicago,85221,52.77,Distribution
c6f2b671-feaa-43ca-a4fc-4c4619f23694,Osaka Fulfilment Center 3339,Osaka,Osaka,80567,75.66,Distribution
54c7bf32-c826-438a-ab1e-70410df4b209,Los Angeles Bonded Warehouse 3340,Los Angeles,Los Angeles,20565,70.36,Distribution
fa40970a-9e7a-4204-8828-aa060f891103,Singapore Bonded Warehouse 3341,Singapore,Singapore,51934,86.76,Regional
e39dfe03-e881-48b7-a3c5-7dc9c330a778,Guangzhou Distribution Center 3342,Guangzhou,Guangzhou,40636,89.87,Distribution
2f0bfd01-4504-47c2-b3c6-4e8776554bfc,Busan Distribution Center 3343,Busan,Busan,73911,70.73,Distribution
d45419cb-d9f0-4991-9fa2-1c00c0f07c8b,Abu Dhabi Regional Hub 3344,Abu Dhabi,Abu Dhabi,28245,84.7,Distribution
6ef2ec09-4e37-4647-b63d-730a1308e3d5,London Bonded Warehouse 3345,London,London,117412,92.96,Distribution
80fe8e79-9484-453d-bfd6-24b328149983,Busan Bonded Warehouse 3346,Busan,Busan,26367,86.06,Distribution
e3de96d7-4c80-4837-a33f-9b3c65ab793a,Rotterdam Regional Hub 3347,Rotterdam,Rotterdam,101151,62.9,Bonded
7b3820a3-eccb-4c1a-b570-824a467fc563,Sharjah Regional Hub 3348,Sharjah,Sharjah,47132,70.87,Bonded
44524534-11f6-41f1-82b3-a8231c0f32f8,Osaka Bonded Warehouse 3349,Osaka,Osaka,49597,72.15,Distribution
877b39c7-3c58-4b88-b96b-b9b51414c84a,Yokohama Regional Hub 3350,Yokohama,Yokohama,86863,72.52,Distribution
a84e6ec6-3dff-4285-951e-21fa1196368e,Tokyo Regional Hub 3351,Tokyo,Tokyo,30320,78.34,Distribution
e4a3f0d4-5a9d-4ac8-8fd0-da425f206742,Singapore Distribution Center 3352,Singapore,Singapore,67471,84.46,Regional
1d5feff7-ab74-48e2-a5b4-7ee8372106c6,Ningbo Distribution Center 3353,Ningbo,Ningbo,10131,46.48,Regional
e6ae1d55-4565-45a9-8ec0-ac965bce6e14,Rotterdam Bonded Warehouse 3354,Rotterdam,Rotterdam,17536,55.84,Distribution
87c2fdb8-665e-446a-b643-a2b5073f24aa,Felixstowe Fulfilment Center 3355,Felixstowe,Felixstowe,11860,58.13,Distribution
2b497101-791b-4ab6-9c84-8b0f4e104905,Manchester Bonded Warehouse 3356,Manchester,Manchester,72053,85.99,Distribution
0950dcb2-621d-4407-ad91-cee2c598b4f3,Manchester Distribution Center 3357,Manchester,Manchester,105010,74.8,Distribution
56d6695e-99a5-4334-875f-3721cf09d479,New York Distribution Center 3358,New York,New York,24249,55.23,Bonded
bf5e24db-6dc8-4493-b0be-e0e19552f637,Kolkata Fulfilment Center 3359,Kolkata,West Bengal,109763,82.41,Bonded
2953821c-bd2d-4a4f-9493-8962c75dbfa1,Amsterdam Fulfilment Center 3360,Amsterdam,Amsterdam,65880,78.27,Distribution
0e36e084-9841-440c-b924-9f831057d865,Kolkata Bonded Warehouse 3361,Kolkata,Tamil Nadu,11727,50.2,Distribution
6df40f8c-1558-41c5-80cd-05c0d400d057,Shanghai Bonded Warehouse 3362,Shanghai,Shanghai,102955,83.43,Regional
5d764c9d-c670-4e78-8164-37973a773d28,Mumbai Fulfilment Center 3363,Mumbai,Delhi,86526,90.43,Bonded
1f01b3f0-0476-4a90-bc6d-ef168896aae9,Seoul Regional Hub 3364,Seoul,Seoul,63206,80.97,Regional
51d1ccdb-ee9a-4165-b7a1-1486830658d0,Chennai Bonded Warehouse 3365,Chennai,West Bengal,102017,73.02,Regional
71c71356-0dba-4c4a-9586-5a10f9ac4048,Hyderabad Regional Hub 3366,Hyderabad,Gujarat,41896,59.19,Distribution
0260aa83-10b0-4926-8cdf-dfbb475897d7,Shenzhen Bonded Warehouse 3367,Shenzhen,Shenzhen,54364,72.97,Distribution
7bd1954e-3151-46e6-800f-fe657a08dd7d,Seoul Regional Hub 3368,Seoul,Seoul,23974,86.39,Distribution
bbde13e8-dfdd-48b6-9bc1-6c6c23f0ae73,Shanghai Fulfilment Center 3369,Shanghai,Shanghai,97216,51.27,Bonded
8b1b1b84-aa41-4e5a-ba5d-e68f027ef6e4,Hamburg Fulfilment Center 3370,Hamburg,Hamburg,53272,78.46,Regional
1d21afe4-d149-40e6-befc-289cf70145b4,Ningbo Regional Hub 3371,Ningbo,Ningbo,31218,84.79,Distribution
de8d4298-fa28-44e1-a3a9-d108f2859cb3,Abu Dhabi Bonded Warehouse 3372,Abu Dhabi,Abu Dhabi,55810,74.13,Bonded
051571ac-1606-415a-90d6-cf293699a2c6,Amsterdam Distribution Center 3373,Amsterdam,Amsterdam,98561,91.33,Bonded
966df891-473a-48f8-86d9-9602879b67f6,Shanghai Bonded Warehouse 3374,Shanghai,Shanghai,16919,69.67,Regional
962e6f33-eac8-4c5b-adfb-43ef2cb6baa5,Manchester Fulfilment Center 3375,Manchester,Manchester,44214,64.23,Distribution
0809fd94-0a28-447d-b1ce-f61427f714fc,Singapore Fulfilment Center 3376,Singapore,Singapore,27296,63.19,Distribution
954c702b-8b6e-4a23-a1c4-72d12131c292,Singapore Distribution Center 3377,Singapore,Singapore,56221,98.0,Distribution
cc42d880-c7be-4b44-832d-628b52bbff7e,Houston Regional Hub 3378,Houston,Houston,84448,79.75,Bonded
796184b1-9fb0-4321-9682-feff6656d1ba,Los Angeles Bonded Warehouse 3379,Los Angeles,Los Angeles,76600,70.16,Distribution
ec9066c4-f1a8-47a8-8510-3a859203d257,Kolkata Fulfilment Center 3380,Kolkata,Maharashtra,58065,53.79,Bonded
49244a6c-6f50-478d-8ec0-dfabe48fff39,Guangzhou Fulfilment Center 3381,Guangzhou,Guangzhou,18919,71.64,Distribution
3027e4ad-b461-42fb-a4a7-a1da8af64a11,Shenzhen Bonded Warehouse 3382,Shenzhen,Shenzhen,20004,52.37,Distribution
5622a593-49a0-42dd-9377-d63f3e3993a5,Chicago Bonded Warehouse 3383,Chicago,Chicago,81210,71.46,Distribution
a31cd8c6-7982-46a7-a85e-2fd7fc1ef51a,Incheon Bonded Warehouse 3384,Incheon,Incheon,59056,46.09,Bonded
7870217c-604b-471d-81e4-6d42cd98d75c,Hamburg Fulfilment Center 3385,Hamburg,Hamburg,62128,75.5,Regional
baa8c906-b0d7-4a88-85f2-66cefd9c2d94,Busan Fulfilment Center 3386,Busan,Busan,96851,73.39,Regional
7017faf7-c7b2-4f68-84a4-bc758e4b11c3,Singapore Fulfilment Center 3387,Singapore,Singapore,51689,74.14,Distribution
3cd01577-cb52-45ab-911b-f33168d2c9d6,Abu Dhabi Fulfilment Center 3388,Abu Dhabi,Abu Dhabi,72177,70.91,Distribution
51b30c55-59de-4798-a095-f8b7f838313c,Seoul Bonded Warehouse 3389,Seoul,Seoul,14482,64.58,Bonded
897b3eaf-5fa9-40f3-a46c-67462ca23e0e,Abu Dhabi Fulfilment Center 3390,Abu Dhabi,Abu Dhabi,12999,57.42,Regional
627041e2-1518-4073-9211-6479f72322bc,Dubai Fulfilment Center 3391,Dubai,Dubai,97477,70.27,Bonded
fd4c99e0-651f-4b08-8c2e-2cc891275464,Osaka Regional Hub 3392,Osaka,Osaka,51798,88.47,Distribution
dc70147b-da75-4a6a-a036-0bc1705d76b4,Ahmedabad Fulfilment Center 3393,Ahmedabad,Delhi,22103,68.78,Regional
4ffe9aa4-a59c-4de1-b3ac-6421b3acdf78,Chennai Bonded Warehouse 3394,Chennai,Gujarat,36556,74.82,Distribution
8080aa96-b24e-4d8e-ba36-2bb2e603a62f,Manchester Distribution Center 3395,Manchester,Manchester,102337,89.95,Regional
956db116-08ee-4fa3-b095-1523b6040b0a,Hamburg Regional Hub 3396,Hamburg,Hamburg,29993,82.21,Regional
56daa477-959f-4c07-8acf-8b08d3be77d1,Hamburg Bonded Warehouse 3397,Hamburg,Hamburg,43244,82.16,Regional
3ae61b71-9f52-4f6f-8e24-6cf0d1a0d491,London Fulfilment Center 3398,London,London,81635,72.05,Distribution
837f22e9-1801-469f-8f05-6069f2d61473,Singapore Distribution Center 3399,Singapore,Singapore,99402,65.65,Distribution
1028a609-0f5c-4d57-9c0a-76be8d02fce1,Manchester Distribution Center 3400,Manchester,Manchester,15931,84.75,Regional
6220a1c3-f3fd-4126-ac32-10a0fe3aabba,Ahmedabad Bonded Warehouse 3401,Ahmedabad,Delhi,103895,53.63,Regional
51f64ad7-d292-446b-bd96-58455170f0a4,Hyderabad Fulfilment Center 3402,Hyderabad,Delhi,115733,95.16,Distribution
10659b97-95af-482c-8a5a-104d8af53484,Felixstowe Regional Hub 3403,Felixstowe,Felixstowe,39112,88.6,Regional
8a2055f4-68ff-42d6-84ee-402bb99a255f,Los Angeles Distribution Center 3404,Los Angeles,Los Angeles,64724,83.34,Regional
e5750ab4-ffca-4429-ba62-6b0fda1b07fb,Mumbai Distribution Center 3405,Mumbai,Delhi,108206,59.39,Regional
f08974b0-9d4f-4e26-b91e-aa0b8f5dc0ac,Delhi Distribution Center 3406,Delhi,West Bengal,113961,71.99,Distribution
84bc876a-f54f-4918-bc78-ef23f59ba5ed,Dubai Bonded Warehouse 3407,Dubai,Dubai,31336,78.18,Regional
bcc8c118-7a9a-4f66-8dcf-20a2e7e4dc78,Felixstowe Regional Hub 3408,Felixstowe,Felixstowe,59652,58.7,Regional
9cba4d01-c9e1-4b20-9dfb-035be2914766,Frankfurt Bonded Warehouse 3409,Frankfurt,Frankfurt,116607,75.43,Regional
460987f1-6533-4bac-b4ea-98e3240895a9,Frankfurt Fulfilment Center 3410,Frankfurt,Frankfurt,10434,73.19,Distribution
dfd8a75b-d918-45f9-a10c-6350ca78913d,Amsterdam Fulfilment Center 3411,Amsterdam,Amsterdam,70249,79.74,Distribution
2caace60-f3fe-4e73-ae60-ef2aef27bb4d,Ningbo Regional Hub 3412,Ningbo,Ningbo,48058,81.51,Bonded
7890b630-e2b2-4d3a-a5ed-56a7ce71e19c,London Distribution Center 3413,London,London,77850,64.8,Regional
d6c64ac0-f7d9-4aba-bf79-fafa66324adf,Bremen Fulfilment Center 3414,Bremen,Bremen,15588,55.5,Distribution
481eacf1-d593-4233-9948-4ea51af3e0d5,Chennai Regional Hub 3415,Chennai,Tamil Nadu,101514,79.42,Distribution
20605e01-b8f7-4691-9a0f-91952073c244,Yokohama Bonded Warehouse 3416,Yokohama,Yokohama,68238,52.48,Distribution
bf9775b9-7052-45e7-8c91-5a1e47b8f784,London Distribution Center 3417,London,London,71465,73.98,Regional
af007f76-32cd-41f0-b972-98dd3ebc0f20,Felixstowe Fulfilment Center 3418,Felixstowe,Felixstowe,110900,74.76,Distribution
3f49ba01-aa12-49f0-8043-3879f01578f7,Bengaluru Bonded Warehouse 3419,Bengaluru,West Bengal,114870,81.52,Distribution
765c2f9d-b5bf-4c2f-ac52-f7cd684aafc4,Shenzhen Regional Hub 3420,Shenzhen,Shenzhen,12326,56.46,Bonded
ef914668-fd10-4cf5-ba82-0bdc45ee96db,Shanghai Regional Hub 3421,Shanghai,Shanghai,117939,46.26,Regional
c38992d3-8aaf-4666-8c7c-ff06924e56e5,Osaka Regional Hub 3422,Osaka,Osaka,18413,73.49,Regional
600ba4c0-f59a-462d-b957-f7707562f7cf,Guangzhou Distribution Center 3423,Guangzhou,Guangzhou,38309,71.05,Distribution
ecbd7ac5-7a21-4b49-a33a-91bd5213e0cd,Hamburg Regional Hub 3424,Hamburg,Hamburg,91712,64.29,Regional
624a9c45-86c8-4ef8-a99f-4771e353592a,Osaka Bonded Warehouse 3425,Osaka,Osaka,117288,64.98,Distribution
3ce1cf84-2ee0-43d1-bcd8-a3ce61672a1c,Dubai Bonded Warehouse 3426,Dubai,Dubai,7403,76.99,Bonded
e9ad9d24-9ca5-4aca-9f63-e9a24ddd24f8,Osaka Fulfilment Center 3427,Osaka,Osaka,86149,72.79,Distribution
82475f7c-f602-4472-ab43-db5bda5d9b21,Singapore Distribution Center 3428,Singapore,Singapore,64640,45.78,Distribution
ba107704-756d-462c-a750-38df2fbc4922,Sharjah Regional Hub 3429,Sharjah,Sharjah,60475,58.75,Distribution
bad188fa-ca4c-465a-9939-45f7da38223c,Bremen Bonded Warehouse 3430,Bremen,Bremen,114712,66.11,Regional
026ffc62-d08c-4d27-9f8b-9fac36b5fe5f,Seoul Regional Hub 3431,Seoul,Seoul,105856,62.57,Regional
08f4efa6-e045-40be-9129-f297e2a15134,Amsterdam Regional Hub 3432,Amsterdam,Amsterdam,26982,52.15,Distribution
3de39341-ed4e-4736-9aed-d4ce2ca978b2,Dubai Regional Hub 3433,Dubai,Dubai,76869,70.64,Distribution
fe952f78-a6b7-4f3e-a41e-dfbced3f7270,Manchester Fulfilment Center 3434,Manchester,Manchester,110697,96.49,Distribution
b170bc4b-6e8e-4c31-93e9-a58ba7b006ff,Yokohama Regional Hub 3435,Yokohama,Yokohama,55818,77.6,Distribution
e2c89ab5-3f5c-40dc-b25a-e89fd3e67738,Manchester Distribution Center 3436,Manchester,Manchester,89523,62.81,Distribution
6d153426-7b5d-4fc2-a39e-8fd8c7e6c03f,Osaka Regional Hub 3437,Osaka,Osaka,35973,53.11,Distribution
5fa40932-3cb1-4f6c-8869-b5bea23bdf39,Singapore Fulfilment Center 3438,Singapore,Singapore,91208,87.61,Bonded
fc9e4bd6-a669-452f-b3b0-72b102ea9a9f,Frankfurt Fulfilment Center 3439,Frankfurt,Frankfurt,9760,84.68,Bonded
2d379bb2-9aed-40ec-8af2-8f1db6ad5420,Shenzhen Fulfilment Center 3440,Shenzhen,Shenzhen,35543,61.72,Bonded
8eedd8da-b855-480e-a8c6-e61287d1e7be,Chicago Distribution Center 3441,Chicago,Chicago,102042,65.17,Distribution
b7a6cd52-d4f6-400a-9d9c-7c8489ead080,Singapore Bonded Warehouse 3442,Singapore,Singapore,21103,78.41,Distribution
4c701461-e1e1-4f2d-856c-efe316e864ee,London Fulfilment Center 3443,London,London,21513,71.61,Regional
d60be452-d67b-405a-b28b-d14b0303aa50,Singapore Distribution Center 3444,Singapore,Singapore,61561,67.35,Regional
202c10e2-9cb1-43e5-a674-d9e893b8bfaa,Yokohama Distribution Center 3445,Yokohama,Yokohama,71970,66.11,Distribution
cd0a6b24-ff26-4bb3-ab3f-363492a9aadb,Felixstowe Distribution Center 3446,Felixstowe,Felixstowe,57854,65.23,Regional
f3e9a66e-f572-46c7-a703-c0e23fad1e8d,Chicago Fulfilment Center 3447,Chicago,Chicago,22612,73.75,Distribution
2e447c0a-9e9d-4189-a8e4-a34797713c87,Felixstowe Fulfilment Center 3448,Felixstowe,Felixstowe,9217,89.32,Regional
05c474fc-c0f0-4530-9a98-aba97fd78576,Dubai Regional Hub 3449,Dubai,Dubai,58328,60.09,Distribution
5ac1e232-34b0-4b55-819a-ab340db4d368,Bengaluru Regional Hub 3450,Bengaluru,Gujarat,49272,76.04,Distribution
a62e44ef-3706-4671-a965-8d3b6b495395,Manchester Fulfilment Center 3451,Manchester,Manchester,101887,69.65,Distribution
7c57636a-4a3d-4045-9742-6bb05b89528c,Yokohama Fulfilment Center 3452,Yokohama,Yokohama,44321,68.76,Distribution
199b4920-1941-49f2-ae17-a3a1faca3f1a,Amsterdam Fulfilment Center 3453,Amsterdam,Amsterdam,65446,71.27,Distribution
ffdc4d6a-3888-4e9f-9b3f-c511ae0259ba,Abu Dhabi Regional Hub 3454,Abu Dhabi,Abu Dhabi,86828,79.67,Distribution
73fae76b-fef2-45a7-ad5d-dc97b44e6590,Los Angeles Distribution Center 3455,Los Angeles,Los Angeles,85807,71.49,Distribution
beda615a-031d-442f-8032-a899e2b90ba5,Ningbo Bonded Warehouse 3456,Ningbo,Ningbo,96314,70.32,Regional
146fe9a0-8191-4d0c-8937-ffd9837847af,Houston Distribution Center 3457,Houston,Houston,94416,98.0,Distribution
59270cbf-2fd1-4c76-a533-04ec6e73e578,Yokohama Bonded Warehouse 3458,Yokohama,Yokohama,45452,86.64,Distribution
2eef569d-01cf-4d16-b5e5-377daa684198,Incheon Fulfilment Center 3459,Incheon,Incheon,17455,97.02,Distribution
862227b5-9235-4c82-89c5-ba3a77ed5ba8,Felixstowe Fulfilment Center 3460,Felixstowe,Felixstowe,99125,81.77,Regional
3bc682ba-a41d-48b8-ae17-6aa2cf90d420,London Fulfilment Center 3461,London,London,24169,63.09,Regional
41607c33-0396-4883-b7ad-21251676a0a4,Chennai Distribution Center 3462,Chennai,West Bengal,71204,61.84,Distribution
fb4a2a5f-cde2-4b4f-ad7f-aec9dd8d2043,London Fulfilment Center 3463,London,London,41535,65.78,Distribution
9aece3ab-c79b-42f2-8a24-1ff771c27fe4,Mumbai Regional Hub 3464,Mumbai,Telangana,51036,58.98,Distribution
6b2a6353-7ec8-42d2-9fb7-a5f7ef873f92,Seoul Regional Hub 3465,Seoul,Seoul,108061,96.21,Distribution
b9f706f7-1c55-40c7-aacf-76cfeff5eacb,Osaka Regional Hub 3466,Osaka,Osaka,90698,63.73,Distribution
19ae8898-63cb-414d-b3aa-47dc1ccb3770,Frankfurt Regional Hub 3467,Frankfurt,Frankfurt,81598,68.58,Bonded
f2ad4f52-f12f-4369-8646-7cb00fe5ee60,London Regional Hub 3468,London,London,17358,74.8,Regional
d1512bd1-d188-454b-a14d-46dfc95d32f0,Incheon Fulfilment Center 3469,Incheon,Incheon,20908,77.47,Regional
53a7e66f-b419-44b8-af57-080a4b75cbdf,Los Angeles Fulfilment Center 3470,Los Angeles,Los Angeles,117046,52.44,Distribution
9bab2300-5e46-4353-9cba-16689905db68,Kolkata Fulfilment Center 3471,Kolkata,West Bengal,103477,78.68,Bonded
e226e974-655d-40ea-b285-0fd52826a5ec,Dubai Fulfilment Center 3472,Dubai,Dubai,84351,57.2,Regional
29927f90-3333-4a4c-ae32-71ffd990a075,London Distribution Center 3473,London,London,41522,86.21,Distribution
f4897c95-3883-461d-bb7c-55215df38e2a,Kolkata Regional Hub 3474,Kolkata,West Bengal,19707,85.16,Distribution
810c6e19-12aa-4f4c-ad95-c7bf5521ecdf,Singapore Distribution Center 3475,Singapore,Singapore,114681,50.37,Distribution
423c08e6-9bfd-469b-bf90-e99b50d8f8ef,Shanghai Bonded Warehouse 3476,Shanghai,Shanghai,53190,69.86,Regional
5e6fe8f0-72c6-40fb-8fcd-ea65de4c973f,Yokohama Regional Hub 3477,Yokohama,Yokohama,12402,74.59,Regional
e505cd78-48a0-4bbe-9152-0f24bc9d523f,Manchester Bonded Warehouse 3478,Manchester,Manchester,78546,64.89,Bonded
39567363-9f7b-488e-a99b-10b4dcba3c29,Chicago Fulfilment Center 3479,Chicago,Chicago,8005,91.27,Distribution
482499a9-0edf-4844-9116-fc1f4b66ea8f,Amsterdam Fulfilment Center 3480,Amsterdam,Amsterdam,7184,69.49,Distribution
290ebed9-d972-4ec3-a927-343bf81f4027,Incheon Fulfilment Center 3481,Incheon,Incheon,57462,66.84,Bonded
97e75ec2-69fd-478d-92bf-f9fda25b1d26,Tokyo Distribution Center 3482,Tokyo,Tokyo,54718,72.63,Bonded
4fd66493-7685-4383-acb0-debc35a08e06,Incheon Regional Hub 3483,Incheon,Incheon,119407,78.95,Distribution
3a4b8b70-e1cd-4776-a018-c30f205a30c8,Abu Dhabi Fulfilment Center 3484,Abu Dhabi,Abu Dhabi,20377,68.07,Regional
c8a490ae-1be5-48e4-83d9-241266db2899,Chicago Regional Hub 3485,Chicago,Chicago,12556,84.49,Distribution
920d7e87-cc5a-4ecb-8363-23c6c2bf205c,Dubai Fulfilment Center 3486,Dubai,Dubai,31694,80.64,Distribution
54125fe1-51a0-46b3-a6bd-5eff20bbd489,Busan Distribution Center 3487,Busan,Busan,26827,80.02,Distribution
94e103ad-5653-4200-a2f7-272e8046df7e,Singapore Bonded Warehouse 3488,Singapore,Singapore,12192,82.9,Distribution
6895ff1e-491d-4304-b196-8c0ecac1b4be,Yokohama Bonded Warehouse 3489,Yokohama,Yokohama,60653,70.05,Distribution
90fe6af8-5abf-41e0-9f74-a09ec7b7b087,Osaka Distribution Center 3490,Osaka,Osaka,84657,61.3,Distribution
da1c0e0c-d8c7-41a5-a576-37ea92e1d897,Seoul Bonded Warehouse 3491,Seoul,Seoul,107978,68.58,Bonded
001bd516-3fbe-4edf-9864-5c6481988b82,Frankfurt Regional Hub 3492,Frankfurt,Frankfurt,67836,60.56,Bonded
d91898b7-a895-4f88-bf88-b728072dfbec,Hamburg Distribution Center 3493,Hamburg,Hamburg,23831,82.16,Distribution
9524b427-85b4-43bb-a73c-574052cdaff4,Bremen Bonded Warehouse 3494,Bremen,Bremen,51082,79.43,Regional
1547b04f-81aa-4367-9ebc-13eebfd75f64,Mumbai Bonded Warehouse 3495,Mumbai,Gujarat,119971,79.09,Distribution
33fc6cc9-f124-4f54-856b-046315f4599f,Dubai Regional Hub 3496,Dubai,Dubai,50963,57.54,Regional
06724f97-8f79-4dfa-b4db-cbfb2c7f6ef1,Chicago Distribution Center 3497,Chicago,Chicago,93910,74.99,Bonded
1cf7ff08-48b4-4c16-9607-d684e1e21e1b,Seoul Fulfilment Center 3498,Seoul,Seoul,39347,75.9,Regional
988bd2a0-aa81-4795-84af-84f9d2804105,Busan Distribution Center 3499,Busan,Busan,35154,55.36,Distribution
a0f7fd41-b2b2-4c55-a823-575f22a214e3,Hamburg Fulfilment Center 3500,Hamburg,Hamburg,117877,48.11,Distribution
2c5713da-c793-4334-9614-44fe06641756,London Fulfilment Center 3501,London,London,81010,64.2,Distribution
0cc6c503-59cd-43c5-aa5e-b9b86da705da,Incheon Distribution Center 3502,Incheon,Incheon,119638,73.55,Distribution
43d37b18-3730-4f33-a25a-0ba5407d82e8,Hamburg Regional Hub 3503,Hamburg,Hamburg,20861,72.48,Distribution
70fd3fef-a0e6-453e-9a53-e349f10a8552,Manchester Regional Hub 3504,Manchester,Manchester,96880,82.4,Distribution
aaa4e45a-eca4-4d92-8a30-ca0b9f5b251f,Singapore Distribution Center 3505,Singapore,Singapore,30134,53.95,Distribution
15bef419-5268-48e2-885e-9f903c80210f,Mumbai Distribution Center 3506,Mumbai,Gujarat,66329,66.81,Regional
f7b041b7-93ad-4dd9-aac1-1c09fc8ba3e6,Los Angeles Bonded Warehouse 3507,Los Angeles,Los Angeles,68518,78.42,Regional
b4f9c4f7-4ee3-4efc-a59d-13d35bde5804,Amsterdam Distribution Center 3508,Amsterdam,Amsterdam,111075,49.46,Distribution
0df37c61-37ea-48f6-bf81-5473c0a226cc,Amsterdam Bonded Warehouse 3509,Amsterdam,Amsterdam,21914,61.72,Bonded
4f54f991-c29c-4c17-8f93-69e611dc0e0e,Chicago Fulfilment Center 3510,Chicago,Chicago,67373,80.28,Distribution
55f57f7b-ffc9-4e0b-b8e2-24e40fa1df15,Singapore Regional Hub 3511,Singapore,Singapore,106657,59.94,Distribution
bebc416c-1f59-4cbe-9394-5dce0ddc1e5f,Seoul Fulfilment Center 3512,Seoul,Seoul,73636,47.22,Distribution
c410b0e5-e937-44da-9dd4-a05e16e3cc78,Sharjah Fulfilment Center 3513,Sharjah,Sharjah,79151,70.61,Distribution
b16a20d5-3a8e-4f08-9616-5d9a2c7e364f,Seoul Bonded Warehouse 3514,Seoul,Seoul,23494,64.75,Bonded
d59c3828-f0c2-4fb0-9801-0624e2af2067,Kolkata Regional Hub 3515,Kolkata,Karnataka,12973,64.83,Distribution
0dde5ced-44f4-4da1-8eb1-c634fa1e8a21,Delhi Distribution Center 3516,Delhi,Maharashtra,47323,58.45,Distribution
8170f3ba-c15b-4689-8ab1-cd82f6906869,Tokyo Bonded Warehouse 3517,Tokyo,Tokyo,59138,89.29,Distribution
1715d3ae-b9a4-449f-9884-ccceb771c441,Rotterdam Distribution Center 3518,Rotterdam,Rotterdam,27822,65.2,Distribution
3c73f238-e71a-4e0e-892b-818a809ef75a,Yokohama Regional Hub 3519,Yokohama,Yokohama,29678,88.95,Bonded
b4852a10-689c-499c-ae7e-0e46ee7909b7,Ahmedabad Distribution Center 3520,Ahmedabad,Delhi,43033,68.45,Regional
cedc5875-840e-4da7-b5a5-10b7710ecd0a,Guangzhou Regional Hub 3521,Guangzhou,Guangzhou,94285,57.96,Distribution
92201c22-5920-4906-9a41-ab4ea792f700,Busan Distribution Center 3522,Busan,Busan,64809,68.53,Distribution
7a1e0d0e-9aed-4e0a-ac4c-bc9c5c837cf7,Osaka Bonded Warehouse 3523,Osaka,Osaka,54438,64.0,Regional
0bfacc9b-9ccd-4e84-930d-b5941ba849b8,Rotterdam Fulfilment Center 3524,Rotterdam,Rotterdam,29893,59.7,Distribution
7f76de0f-35f0-478c-81d6-d71a24f78b19,Dubai Distribution Center 3525,Dubai,Dubai,112907,82.25,Distribution
73786a38-fe50-4056-aea7-b3419fe6affb,New York Fulfilment Center 3526,New York,New York,21296,67.77,Distribution
c6a29765-db0b-49aa-8fc8-56e500ff30e0,Shanghai Regional Hub 3527,Shanghai,Shanghai,41905,55.46,Distribution
f0164f86-e52e-4a21-bcbc-3e06ac49e0c1,London Fulfilment Center 3528,London,London,75704,48.09,Regional
05d06110-a8c6-4dac-820b-b23231fc544a,Seoul Fulfilment Center 3529,Seoul,Seoul,65207,68.83,Bonded
b5c4887f-7ab0-4839-908c-f55d560bf2f6,Singapore Bonded Warehouse 3530,Singapore,Singapore,45291,72.61,Regional
bdf1a5a0-f262-43dd-826b-c4b0e7eec357,Kolkata Fulfilment Center 3531,Kolkata,Maharashtra,54088,85.43,Distribution
73f44d43-681b-4dc9-8781-536f4f570ae6,Seoul Fulfilment Center 3532,Seoul,Seoul,119219,71.98,Distribution
a0e84ea6-dee6-4a90-b1c2-83b14e6c476a,Incheon Fulfilment Center 3533,Incheon,Incheon,35244,62.01,Regional
29b76d66-d490-4054-a1d1-a62e266d8905,Houston Distribution Center 3534,Houston,Houston,89500,88.86,Regional
de081077-7813-4cf7-8531-5eb0ba46a0f2,Singapore Regional Hub 3535,Singapore,Singapore,70864,79.43,Regional
36631b93-a966-4b25-be5a-de6874838ba1,Osaka Distribution Center 3536,Osaka,Osaka,57616,78.69,Bonded
3242863e-6897-41fa-8e2e-1362ec393947,Yokohama Bonded Warehouse 3537,Yokohama,Yokohama,66216,84.09,Distribution
6204cd80-9e7a-4411-9725-b757d2f7f126,Los Angeles Fulfilment Center 3538,Los Angeles,Los Angeles,33384,70.38,Distribution
950dcb54-4420-4728-95fd-9414ec13803a,Amsterdam Regional Hub 3539,Amsterdam,Amsterdam,85079,53.85,Distribution
386e0a27-a6bd-4af9-aca6-4b23688fb6d3,Busan Distribution Center 3540,Busan,Busan,94718,72.02,Regional
ad583b40-a275-4183-be26-7d57801e5d1a,Incheon Bonded Warehouse 3541,Incheon,Incheon,41382,79.61,Distribution
014fdee2-8793-49c2-91e7-1efef612e6e3,Sharjah Fulfilment Center 3542,Sharjah,Sharjah,97930,71.82,Bonded
14f754a4-b2cd-43d5-8001-b1c53fca7725,Seoul Fulfilment Center 3543,Seoul,Seoul,24145,80.69,Distribution
22912989-37f2-48d6-8d5e-afd564b0146d,Manchester Bonded Warehouse 3544,Manchester,Manchester,76137,81.38,Distribution
7e0789d9-a615-4a40-9f71-a0023e15dd9b,Hyderabad Regional Hub 3545,Hyderabad,Tamil Nadu,63379,61.14,Distribution
384209af-cba6-40e4-bd6b-070fea47cae9,Rotterdam Fulfilment Center 3546,Rotterdam,Rotterdam,41388,83.79,Distribution
d88ca602-846c-4434-8999-cc3cf36110bc,Abu Dhabi Bonded Warehouse 3547,Abu Dhabi,Abu Dhabi,9151,85.23,Regional
3004abe2-7d09-4f54-8ffc-c0aa283eeed9,Manchester Distribution Center 3548,Manchester,Manchester,39621,75.01,Regional
1c4497c3-46be-48cc-9592-98b2d6732624,Seoul Fulfilment Center 3549,Seoul,Seoul,106254,72.86,Distribution
0af9d500-3ad4-445f-ba83-5b69459b45c7,Frankfurt Fulfilment Center 3550,Frankfurt,Frankfurt,117170,89.53,Regional
6a6217c9-0053-481e-b933-9ae42835dc1f,Bremen Regional Hub 3551,Bremen,Bremen,116108,76.9,Distribution
fb5754df-c720-4643-bd92-83ce57fff60e,Incheon Fulfilment Center 3552,Incheon,Incheon,35258,73.9,Distribution
bf5690c6-56ef-4dca-9588-f06c3833f81a,Guangzhou Fulfilment Center 3553,Guangzhou,Guangzhou,41182,56.96,Distribution
95b45d3d-4e3a-425b-ba43-c441fdec6fed,Shanghai Regional Hub 3554,Shanghai,Shanghai,75117,65.53,Distribution
de9e88fd-268b-47b7-acc2-883970675c73,Amsterdam Distribution Center 3555,Amsterdam,Amsterdam,20015,65.45,Distribution
755c561d-33ff-423e-955e-966d734cfa90,Guangzhou Distribution Center 3556,Guangzhou,Guangzhou,7905,81.34,Regional
d31005cc-019e-4ee7-9b0a-44e4b5b756cc,Mumbai Fulfilment Center 3557,Mumbai,Telangana,106680,86.02,Distribution
cef4c3b1-c13d-4792-b47d-91d2688d5b8c,Dubai Bonded Warehouse 3558,Dubai,Dubai,93723,82.91,Distribution
f298e793-bbf1-481a-8631-a52c536634a2,Kolkata Regional Hub 3559,Kolkata,Tamil Nadu,70191,66.5,Distribution
deae5bf6-4894-40b4-9249-a606ac756f7c,Singapore Distribution Center 3560,Singapore,Singapore,101396,84.83,Regional
0ffe5e8c-b4b4-49fb-a0ad-e2b9e5935c0f,Manchester Fulfilment Center 3561,Manchester,Manchester,23033,82.7,Regional
9fdb9cb8-45d0-44ec-9a4c-63fdf5bae9e7,Yokohama Distribution Center 3562,Yokohama,Yokohama,41472,77.53,Distribution
0d64f5fe-fdf3-4d17-b228-c1e39e131e25,Busan Distribution Center 3563,Busan,Busan,11287,58.53,Bonded
b7fd18b4-fccf-445d-a375-7ae787480e50,Sharjah Distribution Center 3564,Sharjah,Sharjah,48723,80.9,Distribution
e99c5045-330f-489e-bbcd-a3b5bebeb705,Tokyo Bonded Warehouse 3565,Tokyo,Tokyo,118318,77.43,Regional
a5a094cb-5ac0-44ac-adde-aeda6d051f2e,Chicago Regional Hub 3566,Chicago,Chicago,5484,86.58,Bonded
1ee2a24b-5f00-4590-aa19-26998bc93253,Busan Regional Hub 3567,Busan,Busan,27238,79.57,Distribution
779e9969-78c2-416a-a1c7-9d46a10cad40,Kolkata Distribution Center 3568,Kolkata,Delhi,102613,85.12,Distribution
68ff5def-cd03-48b5-a7e0-a733a99fd994,Shenzhen Bonded Warehouse 3569,Shenzhen,Shenzhen,71310,49.67,Regional
46697308-7e40-44ea-8a43-1d1012f94f57,Busan Bonded Warehouse 3570,Busan,Busan,21977,72.36,Distribution
33b3f328-6b23-49c4-940d-b285233d51ab,Dubai Regional Hub 3571,Dubai,Dubai,87145,63.34,Distribution
48bafb45-22e8-4f6c-bf66-0437cd3ef7be,Tokyo Regional Hub 3572,Tokyo,Tokyo,21615,54.62,Distribution
a9581876-7edc-4c57-bd38-b60fb7be1283,Bengaluru Fulfilment Center 3573,Bengaluru,West Bengal,53719,87.06,Regional
82f715b5-1f09-4ea4-b532-ed5ac17f3887,Yokohama Distribution Center 3574,Yokohama,Yokohama,41043,78.01,Bonded
f327a528-5420-47a8-8767-e71f869016da,Singapore Bonded Warehouse 3575,Singapore,Singapore,82888,68.47,Distribution
6273b710-2835-4428-b691-cbaa540f2d7a,London Distribution Center 3576,London,London,112702,62.64,Distribution
d1806fe6-387a-4345-9f1c-22ecaf4a5427,Incheon Fulfilment Center 3577,Incheon,Incheon,99549,71.95,Distribution
38645339-d616-4bb8-a323-7ccf25d2a5ff,Chennai Distribution Center 3578,Chennai,Telangana,11442,81.04,Distribution
41c21f56-8736-49f5-b6e2-5ebbf0d4b157,Shanghai Distribution Center 3579,Shanghai,Shanghai,19070,67.02,Regional
8980b1e4-5afa-4c49-94f5-a2a0c1eccaa5,Kolkata Fulfilment Center 3580,Kolkata,Delhi,99198,89.76,Distribution
97094bcc-88c5-4f5f-9a15-5dccc9d419ba,Singapore Regional Hub 3581,Singapore,Singapore,57732,74.14,Distribution
bffc35bc-490f-481f-ac64-e2faab52a952,Amsterdam Fulfilment Center 3582,Amsterdam,Amsterdam,25549,52.93,Regional
e3ad84e8-fe6f-46c4-836a-35cf651680e0,Sharjah Bonded Warehouse 3583,Sharjah,Sharjah,117232,76.17,Distribution
5f31c48c-982e-42a7-8e66-eae7d62feede,Busan Bonded Warehouse 3584,Busan,Busan,7922,74.34,Distribution
19b6a705-1f91-4a0c-8fc3-5c9ee3457b92,Tokyo Regional Hub 3585,Tokyo,Tokyo,5409,58.09,Distribution
72138798-7a20-43bd-870a-b17dd3c7304e,Felixstowe Distribution Center 3586,Felixstowe,Felixstowe,73560,62.22,Distribution
aa873ce6-3d09-4166-8b18-3842abcc1be1,Shanghai Distribution Center 3587,Shanghai,Shanghai,117641,69.49,Regional
8e39335b-e1c1-45b9-ba45-e903b71a97cc,Seoul Fulfilment Center 3588,Seoul,Seoul,8340,68.09,Bonded
214834d5-6b1c-4592-befe-235d34a8bf91,Rotterdam Bonded Warehouse 3589,Rotterdam,Rotterdam,101692,70.41,Distribution
e463f8aa-7ba0-4443-8e2e-4ee58e12fd7b,Yokohama Fulfilment Center 3590,Yokohama,Yokohama,51116,77.19,Regional
4b728f6b-bb76-4ebe-adf5-e9bed63aa0b5,Hamburg Distribution Center 3591,Hamburg,Hamburg,10800,92.23,Distribution
b7b855a5-6b0b-4a92-a285-67106fab6340,Busan Regional Hub 3592,Busan,Busan,117290,63.06,Regional
5d3a8f6f-080b-4706-9661-db2b4d0403d4,Hamburg Regional Hub 3593,Hamburg,Hamburg,85201,75.78,Regional
0a5558d4-c1ba-4658-8a70-79f276aaf564,Chennai Distribution Center 3594,Chennai,Telangana,108361,76.81,Distribution
2ad00cc1-d8d9-495e-87d9-bc683d09143e,Osaka Bonded Warehouse 3595,Osaka,Osaka,40142,72.23,Bonded
54532907-150d-463a-97db-f92d2bb413ef,Frankfurt Distribution Center 3596,Frankfurt,Frankfurt,88670,70.42,Distribution
3a8aa20e-64fe-48d9-adb5-86bf6a8eb623,Abu Dhabi Regional Hub 3597,Abu Dhabi,Abu Dhabi,60993,78.84,Bonded
02ef2ab3-6b5e-40fe-ac69-8f459d27dbef,Yokohama Fulfilment Center 3598,Yokohama,Yokohama,5665,93.76,Regional
1df7cc18-6fda-4e82-a882-85f1796ea609,Felixstowe Regional Hub 3599,Felixstowe,Felixstowe,93856,79.18,Distribution
afa718da-ed58-445d-a47c-3d79165ca8ef,Mumbai Distribution Center 3600,Mumbai,Maharashtra,116362,95.54,Bonded
e5ebfff7-ebbe-43f0-adae-41aa5217be25,Abu Dhabi Fulfilment Center 3601,Abu Dhabi,Abu Dhabi,7818,65.35,Regional
a641d9b8-3d0c-4012-b646-70ab8a758089,Singapore Fulfilment Center 3602,Singapore,Singapore,39912,65.22,Bonded
0c62cf2d-374f-42ee-a83c-02b4e3c3b1be,Hamburg Fulfilment Center 3603,Hamburg,Hamburg,36150,50.62,Distribution
92f088e5-b12d-4c76-935a-c2820d11f784,Rotterdam Bonded Warehouse 3604,Rotterdam,Rotterdam,106962,81.9,Regional
e7a8bc9c-890c-4d7f-9cc3-d51530299376,London Regional Hub 3605,London,London,99451,79.34,Distribution
a1c6eba5-8775-4f5a-9595-c2f1eac7255d,Yokohama Regional Hub 3606,Yokohama,Yokohama,71920,67.54,Regional
901007e7-8b1b-4da9-b418-d57ce19fb70d,Manchester Bonded Warehouse 3607,Manchester,Manchester,87746,84.56,Distribution
2cd27120-79c0-47bb-bf57-090ed7223859,Singapore Distribution Center 3608,Singapore,Singapore,53617,72.03,Distribution
3848d26d-1aa5-408a-bfc7-5d9a0bb5ddcb,Delhi Regional Hub 3609,Delhi,Karnataka,36778,87.04,Distribution
cfcd2d77-aea2-4cc5-9726-42191e7c2fdd,Seoul Regional Hub 3610,Seoul,Seoul,76604,82.92,Distribution
3604967f-4909-4419-b013-4cbcb18b19fe,Bremen Distribution Center 3611,Bremen,Bremen,96446,35.0,Regional
5d153e96-2f88-424c-87d1-c60ce90be999,Frankfurt Fulfilment Center 3612,Frankfurt,Frankfurt,49306,79.42,Distribution
1567d03b-812e-4d54-b0d4-676c89424981,Los Angeles Regional Hub 3613,Los Angeles,Los Angeles,16705,66.05,Distribution
530cbdae-9dff-4c84-8362-3abf05b19873,Bremen Regional Hub 3614,Bremen,Bremen,5396,65.52,Distribution
32f116d5-14f6-429e-9479-b3fd526edb96,London Bonded Warehouse 3615,London,London,86931,77.07,Distribution
eb8ee4ee-9b0d-48ea-995c-35d4701f4763,Delhi Fulfilment Center 3616,Delhi,Maharashtra,94609,73.65,Bonded
bc3e57ce-c786-4803-b0a9-b3e2d2fa7c2d,Busan Bonded Warehouse 3617,Busan,Busan,69836,51.12,Distribution
9b0f5f0e-49b9-465f-a2cc-99d11ba8d13f,Ningbo Distribution Center 3618,Ningbo,Ningbo,79399,54.89,Distribution
0643dee9-ac4e-4a19-bfbb-676afc0e6998,Rotterdam Fulfilment Center 3619,Rotterdam,Rotterdam,47971,65.94,Regional
8ed2e920-bcee-4170-98a1-1e9e5e4d32b0,Hamburg Bonded Warehouse 3620,Hamburg,Hamburg,11755,68.26,Distribution
465a2e55-0138-4db4-8810-6e23a9e3f10b,Incheon Bonded Warehouse 3621,Incheon,Incheon,114025,88.33,Regional
4ce14501-aca3-46a0-92b7-dbbb58daf280,Los Angeles Fulfilment Center 3622,Los Angeles,Los Angeles,13746,63.18,Bonded
87da533b-a28e-449e-ad02-8e91907615d1,Singapore Distribution Center 3623,Singapore,Singapore,107743,64.27,Distribution
d850015e-fd23-48d0-b21a-0668153e2c99,London Regional Hub 3624,London,London,24683,62.41,Distribution
a5451fbf-0947-4ea8-a47d-a7bf5fe0dfd6,Amsterdam Fulfilment Center 3625,Amsterdam,Amsterdam,94811,95.94,Distribution
1c215ecc-752b-43b2-8c7a-66b9d12e4612,Guangzhou Bonded Warehouse 3626,Guangzhou,Guangzhou,14406,81.97,Regional
347f1ffc-96a6-41f8-ae97-e040f516c6c6,Ningbo Distribution Center 3627,Ningbo,Ningbo,63891,85.1,Distribution
c66c853f-28b2-410e-b99e-bc0cc0d55352,Yokohama Bonded Warehouse 3628,Yokohama,Yokohama,106884,79.01,Regional
244d8f49-bae7-4788-83c1-f334b1f0bbc4,Amsterdam Distribution Center 3629,Amsterdam,Amsterdam,57990,79.04,Regional
cea42170-e6ef-4452-84f0-2a6eedd82b91,Osaka Distribution Center 3630,Osaka,Osaka,24817,68.77,Regional
4b8648b6-859d-43b5-82b6-6e3ed4be8845,Shenzhen Bonded Warehouse 3631,Shenzhen,Shenzhen,20031,72.45,Distribution
ff8f8495-8348-48c7-a8be-773814b38c77,Incheon Fulfilment Center 3632,Incheon,Incheon,107474,93.11,Distribution
44450c74-df65-4fc6-a203-acf08fc7f02b,Manchester Fulfilment Center 3633,Manchester,Manchester,109084,57.49,Regional
723dbd76-7d60-4598-95ba-c7d068bc4041,Mumbai Distribution Center 3634,Mumbai,Gujarat,85090,82.03,Distribution
14f728e9-2a16-486e-a5ca-26e8b3432a6d,Incheon Fulfilment Center 3635,Incheon,Incheon,69101,63.74,Distribution
5d34e68d-1e61-4aea-88ab-49e947319dd2,Hyderabad Bonded Warehouse 3636,Hyderabad,Karnataka,19403,83.08,Distribution
d04548d4-88e0-4369-bc86-98fbe9594c6a,Chicago Regional Hub 3637,Chicago,Chicago,113787,98.0,Distribution
c1952166-9cc0-411d-b8bf-570b5232116c,Osaka Fulfilment Center 3638,Osaka,Osaka,91552,57.84,Distribution
34005a23-46ea-412b-b6c5-84e0a3838c10,Hamburg Regional Hub 3639,Hamburg,Hamburg,53029,73.7,Regional
16b23b71-beff-4c6f-bd0f-34c5fab1736d,Felixstowe Distribution Center 3640,Felixstowe,Felixstowe,112513,85.83,Distribution
227ef603-0109-4b82-8c3c-d8c99ca763d4,Hyderabad Regional Hub 3641,Hyderabad,Maharashtra,25649,53.55,Distribution
b2a3fa07-da9e-4243-b65b-1c3145037826,Yokohama Fulfilment Center 3642,Yokohama,Yokohama,59147,77.63,Regional
75f6b5ac-3656-4cb6-b512-ed5cc630efb2,Rotterdam Bonded Warehouse 3643,Rotterdam,Rotterdam,34854,65.71,Distribution
c04d4cc0-ce60-4d7f-b807-fe653cb436b6,Dubai Distribution Center 3644,Dubai,Dubai,7167,62.04,Regional
9f7b05f0-4919-4df5-9824-8bbcb701a98e,Chicago Distribution Center 3645,Chicago,Chicago,95329,81.74,Distribution
16235f19-e87e-4c89-9c68-c60d87e8eb30,Seoul Regional Hub 3646,Seoul,Seoul,13036,69.36,Bonded
a6bf704c-f2ea-44e6-bc0d-889524849658,Shanghai Fulfilment Center 3647,Shanghai,Shanghai,87023,62.14,Distribution
00c0a036-1188-46c0-88b9-1ac56dae753f,Bremen Regional Hub 3648,Bremen,Bremen,90315,80.12,Regional
a5d1f400-53bc-442f-992d-60b1b1630862,Kolkata Bonded Warehouse 3649,Kolkata,Tamil Nadu,119498,55.09,Bonded
65dc218c-1955-4ba3-9b8d-1bc40d225779,London Regional Hub 3650,London,London,71289,72.56,Distribution
c7bfdf7e-4675-459d-b71e-00f03338f005,Tokyo Distribution Center 3651,Tokyo,Tokyo,86413,53.9,Distribution
64a7b446-963a-45d4-9f2b-eda0743bd382,Rotterdam Bonded Warehouse 3652,Rotterdam,Rotterdam,21034,79.44,Regional
838af174-c6b3-4e70-96b4-8258064da82a,Singapore Distribution Center 3653,Singapore,Singapore,59022,66.0,Distribution
b5d04cd9-e1a9-4426-a0b6-2e610e4f4d8c,New York Bonded Warehouse 3654,New York,New York,6617,78.15,Distribution
152044ca-c96a-4141-8553-d68fa51151ec,Hyderabad Fulfilment Center 3655,Hyderabad,Tamil Nadu,49732,43.13,Distribution
84801f66-3559-4f70-8446-2fbd1de18922,Singapore Fulfilment Center 3656,Singapore,Singapore,119329,81.86,Regional
0701110b-d9ad-418d-8005-4fcae714ba96,Felixstowe Regional Hub 3657,Felixstowe,Felixstowe,12909,98.0,Bonded
7cf24de0-20ed-4f82-8006-07b5dd1eb96a,Abu Dhabi Fulfilment Center 3658,Abu Dhabi,Abu Dhabi,25873,67.81,Distribution
22c2a34e-4dfa-4cf2-aba0-3f6b96428de5,Tokyo Regional Hub 3659,Tokyo,Tokyo,97956,64.67,Bonded
fc90634d-6f98-446a-bd38-80adba0627a4,Kolkata Distribution Center 3660,Kolkata,Maharashtra,118275,72.8,Regional
e91ea47b-030b-4414-a8e3-408ba4ebace4,Tokyo Bonded Warehouse 3661,Tokyo,Tokyo,95513,70.07,Regional
59629093-e354-440e-a09e-6c2cb15d1149,Seoul Distribution Center 3662,Seoul,Seoul,51856,64.42,Distribution
c2180e5f-d5ab-431a-9e78-dbe1a7d9b518,Singapore Bonded Warehouse 3663,Singapore,Singapore,32691,59.55,Regional
379b3013-b38a-4a27-b60e-4e1798297710,Abu Dhabi Fulfilment Center 3664,Abu Dhabi,Abu Dhabi,88141,85.22,Regional
b1db9a06-5363-4e4d-af00-52c5f1337389,Bremen Bonded Warehouse 3665,Bremen,Bremen,85700,64.41,Distribution
b54b3a1f-52dd-4fb5-8276-0f2ed2485abb,Ningbo Distribution Center 3666,Ningbo,Ningbo,100359,91.07,Regional
fc04f35d-d413-4b8f-86e6-762cd9bab4fd,Incheon Fulfilment Center 3667,Incheon,Incheon,73911,83.16,Distribution
b418fe71-a16e-43c5-ad1d-341fb82bb1b4,Incheon Bonded Warehouse 3668,Incheon,Incheon,30396,58.29,Regional
bf8f5154-c5cd-45e9-b48b-a48456394d1e,Guangzhou Bonded Warehouse 3669,Guangzhou,Guangzhou,66329,59.5,Regional
3a7a1b4d-487c-45d8-b51e-b457523047fc,Abu Dhabi Fulfilment Center 3670,Abu Dhabi,Abu Dhabi,28260,70.08,Regional
c92ff245-7b89-469e-84d2-5584748957e3,Ningbo Fulfilment Center 3671,Ningbo,Ningbo,63166,55.67,Distribution
c777469d-4df6-4de2-ae70-9a879cbe9da9,Abu Dhabi Regional Hub 3672,Abu Dhabi,Abu Dhabi,65155,69.1,Distribution
ba80814b-b2db-459c-a1fb-b7e2abb8b36e,Yokohama Fulfilment Center 3673,Yokohama,Yokohama,18386,68.4,Regional
dd017b7c-3b98-4f23-ae8d-a3f49594f099,Dubai Bonded Warehouse 3674,Dubai,Dubai,90167,63.23,Distribution
e2146454-abb8-4452-9f74-fc75f40378b4,Abu Dhabi Regional Hub 3675,Abu Dhabi,Abu Dhabi,41640,60.49,Regional
4b4f4a03-1591-4960-ad59-39e1673df80a,Seoul Regional Hub 3676,Seoul,Seoul,27432,77.64,Distribution
6c1f8ea1-2874-4558-b1ce-95a4e8bedd1f,London Bonded Warehouse 3677,London,London,20830,70.31,Bonded
e087ca78-58f6-4730-8f65-441948dc7b9e,Houston Regional Hub 3678,Houston,Houston,93172,85.34,Regional
6997d261-37ab-460c-b6c0-8e88d7edc6f1,Shenzhen Distribution Center 3679,Shenzhen,Shenzhen,116077,95.37,Bonded
f84db5ef-101b-4609-b155-8403a11559ae,Felixstowe Bonded Warehouse 3680,Felixstowe,Felixstowe,112303,91.16,Distribution
6f0d41ad-5b77-45c5-88cd-c659b611d3e7,Dubai Bonded Warehouse 3681,Dubai,Dubai,24870,85.82,Distribution
c6340ee3-14f4-49a9-9a5e-d1c54d911078,Tokyo Fulfilment Center 3682,Tokyo,Tokyo,42665,86.46,Distribution
305caad0-cbc8-4ebc-b5ce-1088b5bc6d19,Abu Dhabi Regional Hub 3683,Abu Dhabi,Abu Dhabi,114421,70.79,Distribution
7f46a8c0-4178-4937-ac85-c8183e5b41c1,Incheon Bonded Warehouse 3684,Incheon,Incheon,88400,54.57,Distribution
37246a47-ef15-424f-b15b-838324d3a752,Sharjah Distribution Center 3685,Sharjah,Sharjah,27975,56.41,Regional
349a1012-a0a6-4f65-b16e-0967db1d20df,Rotterdam Bonded Warehouse 3686,Rotterdam,Rotterdam,112469,98.0,Regional
3601b451-e080-43c7-869a-67ba85b623f1,Abu Dhabi Bonded Warehouse 3687,Abu Dhabi,Abu Dhabi,79999,85.95,Regional
9d2f0b92-50b0-4496-97de-94720d42852e,Rotterdam Fulfilment Center 3688,Rotterdam,Rotterdam,36625,62.28,Distribution
f45e9646-d836-4a96-b3f1-ecc741915752,Abu Dhabi Bonded Warehouse 3689,Abu Dhabi,Abu Dhabi,35584,77.22,Bonded
f53ee182-3ec4-4eab-95e4-45f5018631d8,Ningbo Distribution Center 3690,Ningbo,Ningbo,69120,84.25,Distribution
3c781ebe-d493-49ba-b924-b23da3de6876,Shanghai Regional Hub 3691,Shanghai,Shanghai,105323,57.15,Distribution
41f67aa0-1ffb-403f-8b5b-bf8b0a166bf8,Busan Fulfilment Center 3692,Busan,Busan,19359,79.93,Distribution
98eb0c5e-f522-4c58-ac37-c611c42b7748,Hyderabad Fulfilment Center 3693,Hyderabad,Tamil Nadu,64726,72.63,Distribution
b52dd3cc-c7bb-4427-8499-f8196de66e78,Ningbo Regional Hub 3694,Ningbo,Ningbo,102195,62.88,Regional
95b40eeb-a91c-4ec7-9774-1c81190ba061,Dubai Bonded Warehouse 3695,Dubai,Dubai,51183,66.36,Distribution
7d1a0538-9d13-4b65-8924-73da744fa440,Hamburg Fulfilment Center 3696,Hamburg,Hamburg,105959,59.28,Distribution
749c1bf3-d8e9-4162-8198-259f8061684f,Shenzhen Regional Hub 3697,Shenzhen,Shenzhen,29823,54.37,Distribution
ba18300c-28b2-4e88-b282-96173f757866,Singapore Bonded Warehouse 3698,Singapore,Singapore,78784,62.08,Distribution
0bb8daa6-24d9-4ceb-b972-ddb8e0338f51,Manchester Fulfilment Center 3699,Manchester,Manchester,105138,78.79,Regional
52da764b-188a-4a30-a37e-707d6c2b9752,Singapore Bonded Warehouse 3700,Singapore,Singapore,102773,81.36,Distribution
e8b48bd8-c1cc-43de-a96f-df6cc6eeb311,Singapore Bonded Warehouse 3701,Singapore,Singapore,86178,72.49,Distribution
f30f44b1-4006-4081-b6ec-30c482a0c64c,Tokyo Distribution Center 3702,Tokyo,Tokyo,11249,90.7,Distribution
c17337d3-c78d-412c-9d10-e31b301a9d5a,Sharjah Bonded Warehouse 3703,Sharjah,Sharjah,69047,39.38,Distribution
c7cea6c6-aa62-4274-84cb-ac8e9b67f19d,Tokyo Distribution Center 3704,Tokyo,Tokyo,18925,57.56,Bonded
1a363664-e9fa-440d-bd5c-e94f337cf481,Abu Dhabi Regional Hub 3705,Abu Dhabi,Abu Dhabi,106846,78.26,Distribution
c8add7cd-0504-42d7-9c5e-c02643c869ee,Felixstowe Regional Hub 3706,Felixstowe,Felixstowe,100887,69.73,Regional
18ae4d36-d9a4-4423-bcc7-31d71d41ead9,Guangzhou Bonded Warehouse 3707,Guangzhou,Guangzhou,22235,83.24,Regional
c1226eea-078e-4169-b310-45c271c2f8c1,Rotterdam Regional Hub 3708,Rotterdam,Rotterdam,90091,98.0,Distribution
7da64eb0-ebc2-4dc7-949f-d8592b7bdf82,Singapore Fulfilment Center 3709,Singapore,Singapore,67710,80.86,Bonded
5d72f237-1f41-4d12-8f34-52b2d3a4de2c,Yokohama Bonded Warehouse 3710,Yokohama,Yokohama,83038,44.58,Regional
44ce316d-d3ce-4673-94ff-5aab0e9c15d6,Yokohama Bonded Warehouse 3711,Yokohama,Yokohama,37551,90.89,Regional
7a3f200f-1d35-4d59-9a13-f39c6d989e23,Singapore Regional Hub 3712,Singapore,Singapore,14438,47.22,Distribution
3ce9d621-05f8-40b9-8955-3294df1dee5e,Kolkata Regional Hub 3713,Kolkata,Delhi,80080,75.76,Bonded
1cccb5af-51ca-4244-a2e2-5f9753003b77,Amsterdam Bonded Warehouse 3714,Amsterdam,Amsterdam,50767,71.41,Regional
d3f7135f-8e69-4cac-8b32-04322dff9bbc,Rotterdam Regional Hub 3715,Rotterdam,Rotterdam,64463,94.58,Distribution
7c3b8da4-e4af-4c5f-b4b1-12d3feeaaa10,Busan Fulfilment Center 3716,Busan,Busan,98771,79.62,Distribution
e17e3f08-344b-443b-8feb-8693831f853f,Seoul Bonded Warehouse 3717,Seoul,Seoul,19578,66.8,Regional
1dd76727-86f6-4889-97c6-878f97c38431,Shenzhen Regional Hub 3718,Shenzhen,Shenzhen,16177,87.18,Distribution
64f1b361-2512-4324-b4f3-57f6ad2407a1,Singapore Regional Hub 3719,Singapore,Singapore,74183,53.0,Distribution
fe47d7b9-26bd-4e0a-a802-ee6a95c7668b,Felixstowe Regional Hub 3720,Felixstowe,Felixstowe,99915,63.07,Regional
0a25234e-7cee-4e11-a249-65a04ba25cb4,Dubai Fulfilment Center 3721,Dubai,Dubai,114012,84.13,Regional
796e7d38-ee29-46c3-8218-0a273ba23c2f,Los Angeles Regional Hub 3722,Los Angeles,Los Angeles,44620,71.18,Distribution
c8826e5f-23a6-427a-b818-9b783574240c,Sharjah Distribution Center 3723,Sharjah,Sharjah,110307,86.03,Regional
e1e27263-1bdf-4555-ac28-8670be0c194e,Dubai Distribution Center 3724,Dubai,Dubai,10308,62.07,Bonded
e12f2c7a-453c-4af1-92b7-08846851712b,Manchester Distribution Center 3725,Manchester,Manchester,24688,73.74,Bonded
b54762b7-c9f9-4d29-9a45-3cf52ba5ead2,Kolkata Bonded Warehouse 3726,Kolkata,Maharashtra,88544,67.05,Bonded
12c3fb26-ea52-4288-a270-66e85e8af065,Hyderabad Bonded Warehouse 3727,Hyderabad,Telangana,5802,74.72,Distribution
3617d6d0-34f6-45ed-b67e-56ed47c3d940,Guangzhou Fulfilment Center 3728,Guangzhou,Guangzhou,64079,75.4,Distribution
0216a198-4b2b-4151-8057-c719cbccafdf,Rotterdam Regional Hub 3729,Rotterdam,Rotterdam,7654,63.7,Bonded
b40d7972-0bbc-49cb-8413-530c97249da4,Hyderabad Bonded Warehouse 3730,Hyderabad,Telangana,107449,74.46,Distribution
2e8ca4a4-b742-4463-b50c-e0c5e14cd4cb,Yokohama Bonded Warehouse 3731,Yokohama,Yokohama,13655,87.1,Regional
ae4bae6b-15f7-417e-96d3-adc58c391772,New York Distribution Center 3732,New York,New York,43454,85.38,Distribution
b4e9dd26-1bd7-4a3e-9346-1a719ccea4b2,Singapore Distribution Center 3733,Singapore,Singapore,39658,65.8,Distribution
e7c1ef1b-5d8b-411b-9198-7b8f44f18f9b,Abu Dhabi Bonded Warehouse 3734,Abu Dhabi,Abu Dhabi,45037,55.44,Bonded
8bfc11b1-d9f4-411b-affe-fcc0f4b9e7f7,Bengaluru Bonded Warehouse 3735,Bengaluru,West Bengal,59493,78.14,Bonded
ea61a9c0-a6f9-4c86-ab4b-3f5afc9e4b0f,Delhi Fulfilment Center 3736,Delhi,Tamil Nadu,76688,72.27,Regional
2a3413e3-af00-4538-9a37-a41b674780db,New York Regional Hub 3737,New York,New York,104248,63.26,Regional
01065712-bdc9-4d4c-9fad-e325102069fb,Yokohama Regional Hub 3738,Yokohama,Yokohama,58658,70.51,Distribution
c07d6e59-87bb-4db4-b209-8f94da5ec903,Seoul Regional Hub 3739,Seoul,Seoul,10496,74.66,Distribution
323c230d-791f-400b-8ce3-c38fbfdea5c3,Busan Regional Hub 3740,Busan,Busan,58548,63.96,Regional
f000f208-2e66-4daa-b129-e3c04469129d,New York Distribution Center 3741,New York,New York,9482,73.61,Distribution
8b3871d5-17b1-48fa-9d13-8502af34607f,Chennai Regional Hub 3742,Chennai,Delhi,64281,80.41,Distribution
acd2575d-4a0f-4184-9669-6107955855ac,Singapore Regional Hub 3743,Singapore,Singapore,67208,75.1,Regional
e541e0f8-feeb-4b28-861e-db88eb47f6bd,Mumbai Bonded Warehouse 3744,Mumbai,Karnataka,101487,60.3,Distribution
dc3cbb91-491e-4c45-bbd3-8ce2df1f8540,Incheon Regional Hub 3745,Incheon,Incheon,118038,53.18,Distribution
dedeea13-97e1-4e8f-b8e8-e7109859b9a3,Chennai Distribution Center 3746,Chennai,Tamil Nadu,53524,57.7,Regional
68527ea5-5acf-4345-b641-89bd5e65a3dd,Sharjah Bonded Warehouse 3747,Sharjah,Sharjah,62745,47.65,Bonded
894c411b-fc9a-4497-84ca-df489e0d014b,Bremen Bonded Warehouse 3748,Bremen,Bremen,82762,83.19,Distribution
f50cd200-aea3-4ba9-ae2e-deb91be8450c,Incheon Fulfilment Center 3749,Incheon,Incheon,24683,68.59,Bonded
71343d2a-416b-4d01-a60e-69deb060b6ca,Amsterdam Bonded Warehouse 3750,Amsterdam,Amsterdam,98759,76.46,Distribution
f17e736f-62b7-4315-8561-9b741188887b,Delhi Regional Hub 3751,Delhi,Gujarat,34468,76.29,Distribution
a4f4114f-c55f-49cc-9a56-12a99da3bead,Yokohama Distribution Center 3752,Yokohama,Yokohama,66484,81.45,Distribution
5c16dff7-365d-4e77-adc8-9f33a9152b8c,Shenzhen Fulfilment Center 3753,Shenzhen,Shenzhen,109531,77.71,Distribution
4e755b43-e74b-4ec6-b364-124bb6ae0da8,Incheon Fulfilment Center 3754,Incheon,Incheon,87368,86.59,Distribution
94a2435f-1dbe-4e91-900e-394a55f1ec21,Singapore Regional Hub 3755,Singapore,Singapore,84329,71.11,Distribution
b91b6a58-17a2-4fde-a05d-3bfff3cdca41,Sharjah Fulfilment Center 3756,Sharjah,Sharjah,114745,84.72,Distribution
2f9c7b19-2080-4259-8f52-f1d010d42038,Abu Dhabi Fulfilment Center 3757,Abu Dhabi,Abu Dhabi,69250,80.04,Distribution
ea215bd2-7258-4447-b51f-ff2099803f04,Sharjah Bonded Warehouse 3758,Sharjah,Sharjah,39205,73.55,Regional
707f45ca-a14e-46b5-935b-97ac769ae88d,New York Bonded Warehouse 3759,New York,New York,20453,93.24,Regional
bf10e060-9a4f-404b-957f-5c6d37b41f99,Singapore Distribution Center 3760,Singapore,Singapore,28931,53.64,Distribution
8795345e-df09-4436-87d7-e3bc5e795f45,Dubai Distribution Center 3761,Dubai,Dubai,16765,71.55,Distribution
df2d394a-863a-4f2d-813d-2ffdc61e9348,Amsterdam Fulfilment Center 3762,Amsterdam,Amsterdam,59759,86.17,Regional
f436f0de-c199-40df-b611-c9dbd7c03cc7,Amsterdam Regional Hub 3763,Amsterdam,Amsterdam,118804,66.64,Regional
687ac504-b968-4b66-b224-3336c4aae387,Singapore Regional Hub 3764,Singapore,Singapore,78964,49.93,Bonded
98a3959c-9281-473c-b60f-80eb91b443f4,Mumbai Regional Hub 3765,Mumbai,Delhi,113410,82.0,Distribution
e2176045-ef14-49eb-9564-57d614e059fb,Singapore Distribution Center 3766,Singapore,Singapore,23973,69.48,Regional
3bb31313-c1f6-4f0f-951e-3bb65c65ab36,Abu Dhabi Distribution Center 3767,Abu Dhabi,Abu Dhabi,35550,72.09,Bonded
4c7ebddc-a7ea-452a-9d64-307b919fb670,Kolkata Distribution Center 3768,Kolkata,Gujarat,42801,59.09,Regional
aa0057f2-3c89-45de-811f-3dadd460aa45,Rotterdam Regional Hub 3769,Rotterdam,Rotterdam,61632,68.89,Distribution
d903b3b0-554b-48ca-a10a-132ca6aa3298,Dubai Distribution Center 3770,Dubai,Dubai,74922,69.47,Distribution
16626c60-9d3a-480e-9580-c7a1df25e6df,Rotterdam Fulfilment Center 3771,Rotterdam,Rotterdam,59774,73.09,Distribution
ed77379e-7e2e-4074-9825-d75e859edb20,London Regional Hub 3772,London,London,24562,77.51,Regional
88981e7d-3084-4e3f-b8b5-76262da849b9,Abu Dhabi Bonded Warehouse 3773,Abu Dhabi,Abu Dhabi,107667,76.39,Distribution
94ab9b59-edca-4f6c-8160-6bff5d0ebaf8,Bremen Bonded Warehouse 3774,Bremen,Bremen,71882,64.17,Regional
a5eaec82-b2b8-4da2-9fbb-3781e464ed50,Singapore Bonded Warehouse 3775,Singapore,Singapore,107026,61.61,Distribution
5873938b-4f68-4191-8305-93a5c80f6cf6,Sharjah Distribution Center 3776,Sharjah,Sharjah,8526,89.61,Regional
d9718785-60ac-4c7f-8c8b-3851793fe849,Rotterdam Bonded Warehouse 3777,Rotterdam,Rotterdam,22922,63.83,Regional
9e645ade-b3cf-4c06-92e4-2ddbf8361921,Sharjah Regional Hub 3778,Sharjah,Sharjah,56035,78.1,Distribution
aa4d3115-bbb3-40fd-ba25-5756d2e3771d,Busan Distribution Center 3779,Busan,Busan,68022,83.38,Distribution
d1a7edd5-c29e-45a6-ba4f-2f30efff580b,Singapore Distribution Center 3780,Singapore,Singapore,54581,67.43,Regional
5308d4d7-effb-4422-9921-f9995be9ec32,Guangzhou Bonded Warehouse 3781,Guangzhou,Guangzhou,20019,74.75,Regional
b12fff97-8b3b-41d5-9bc1-36aed155ff71,Rotterdam Regional Hub 3782,Rotterdam,Rotterdam,10203,76.21,Distribution
91d68d74-9748-47b9-9e3d-a09f52646060,Abu Dhabi Bonded Warehouse 3783,Abu Dhabi,Abu Dhabi,35072,71.09,Distribution
4a1a3d04-a48d-4a5d-b64b-4e1108bf61f7,Osaka Regional Hub 3784,Osaka,Osaka,23011,97.57,Bonded
f3098b26-8cd9-4d78-abb2-235f7cdda433,Delhi Bonded Warehouse 3785,Delhi,Maharashtra,114235,91.73,Regional
c567c3c7-abe1-46d9-9ef4-caa108aaac81,Rotterdam Fulfilment Center 3786,Rotterdam,Rotterdam,100544,56.42,Distribution
29ee77b9-21a8-4b60-a95c-3b176a8ca09a,New York Bonded Warehouse 3787,New York,New York,50980,82.92,Regional
042f6f25-8187-4990-961f-f50fcb9291a5,Amsterdam Regional Hub 3788,Amsterdam,Amsterdam,94441,73.26,Distribution
47c962ba-ca17-47ba-89ff-32bdcd8cc240,Osaka Bonded Warehouse 3789,Osaka,Osaka,24120,75.26,Distribution
12b7eae2-9b69-4c72-a37a-4d888048b980,Manchester Distribution Center 3790,Manchester,Manchester,117485,65.17,Bonded
e9c1f123-8cd7-4f4f-a194-ad76acfe3922,Incheon Bonded Warehouse 3791,Incheon,Incheon,35726,76.5,Distribution
d4edddc4-f737-492e-853e-305a431f9a10,Sharjah Regional Hub 3792,Sharjah,Sharjah,115065,84.81,Regional
de98a3ea-1a08-4248-83c5-4a2782780c58,Busan Fulfilment Center 3793,Busan,Busan,80873,82.38,Distribution
0caf801a-09e6-4332-8405-3eb973c62697,Shenzhen Fulfilment Center 3794,Shenzhen,Shenzhen,12977,55.69,Distribution
e79cf29e-e2c3-43a9-bded-2aa88f9541f8,Manchester Bonded Warehouse 3795,Manchester,Manchester,54456,78.4,Distribution
88abfc47-4e9d-4307-96f0-9c64204923a7,Bremen Fulfilment Center 3796,Bremen,Bremen,81325,72.41,Distribution
701b7af4-2d14-4794-9a89-b8c904bb8ff5,Kolkata Regional Hub 3797,Kolkata,Maharashtra,101296,85.32,Distribution
c865fdd7-18e4-4c18-b452-e08745621661,Rotterdam Fulfilment Center 3798,Rotterdam,Rotterdam,70027,64.13,Distribution
4b5814c1-851c-43c8-b4ee-d5454424fdc5,Chicago Distribution Center 3799,Chicago,Chicago,26704,95.18,Regional
161d8739-220a-4d37-8fdf-aaefd62874e0,Frankfurt Fulfilment Center 3800,Frankfurt,Frankfurt,96245,54.41,Regional
9ae8ae1b-ccdd-4d32-b61b-5c8bf8850938,Bremen Distribution Center 3801,Bremen,Bremen,66423,64.84,Distribution
d698d41e-1185-44b1-9872-67998dcc655d,Manchester Bonded Warehouse 3802,Manchester,Manchester,68412,75.6,Distribution
93848db9-c45c-4c0b-a19e-2b3f908b0a77,Dubai Fulfilment Center 3803,Dubai,Dubai,111692,89.49,Distribution
2fa73dc9-b432-4c16-bcee-1f6d37aa47d6,Frankfurt Bonded Warehouse 3804,Frankfurt,Frankfurt,48720,54.6,Bonded
9216fd0d-fbdc-494f-9766-e0b057dfd2ee,Hyderabad Bonded Warehouse 3805,Hyderabad,West Bengal,98022,77.09,Distribution
ad940b9f-dab3-4aa7-af24-cc4fe09ca5d4,London Regional Hub 3806,London,London,47521,94.47,Distribution
ae3ae0d4-219f-4926-8ca7-9ae54fa7db2f,Osaka Distribution Center 3807,Osaka,Osaka,48549,69.3,Regional
f36e191a-da7d-432d-8c64-cb454c59a765,Manchester Regional Hub 3808,Manchester,Manchester,63066,63.05,Regional
f94d25e3-8186-47c0-b679-50009703c613,Incheon Bonded Warehouse 3809,Incheon,Incheon,68056,55.62,Regional
1eccad9b-d511-482c-a11c-559ed087a78a,Singapore Regional Hub 3810,Singapore,Singapore,64498,77.13,Regional
b1d994d6-2b38-499c-a84f-b04034fcb309,Bengaluru Fulfilment Center 3811,Bengaluru,Tamil Nadu,44074,86.94,Distribution
06386d61-425c-4671-a355-62357fc461a7,Felixstowe Bonded Warehouse 3812,Felixstowe,Felixstowe,59221,70.64,Regional
136117ea-f352-4025-ad14-2a020d9a8d5f,Delhi Distribution Center 3813,Delhi,Tamil Nadu,106446,78.74,Distribution
65d091df-c080-44b6-bb37-32ef5fc66843,Tokyo Regional Hub 3814,Tokyo,Tokyo,28687,84.84,Regional
8ec26245-dc54-4175-a8fd-ac3697b74efc,Chicago Fulfilment Center 3815,Chicago,Chicago,51040,64.4,Bonded
1aae7493-50bc-406d-8af3-cac140453fff,Amsterdam Distribution Center 3816,Amsterdam,Amsterdam,63837,71.69,Distribution
24814a37-ac5b-4d99-a7c0-6bb62605a5bf,Frankfurt Distribution Center 3817,Frankfurt,Frankfurt,87587,53.3,Regional
208669d1-f5af-4b61-be77-801677c36f95,Chicago Bonded Warehouse 3818,Chicago,Chicago,110684,68.9,Distribution
e834f63a-fbd7-47c0-b9cb-81a3b4503af6,Bremen Regional Hub 3819,Bremen,Bremen,108765,62.47,Regional
c7a4640f-ed09-49ce-a1c3-890b93fed9ab,Shenzhen Bonded Warehouse 3820,Shenzhen,Shenzhen,22345,72.67,Regional
90ff0ffc-f6d2-4b01-8cb3-112561728124,Osaka Fulfilment Center 3821,Osaka,Osaka,94457,79.44,Distribution
24abb808-90b9-46d4-b5cd-4bebf2993a71,London Bonded Warehouse 3822,London,London,112724,46.02,Bonded
85cb3ff7-f54c-4a25-af8c-cf01ed946f76,Sharjah Fulfilment Center 3823,Sharjah,Sharjah,20130,58.8,Regional
7ed4bcaa-87e1-4ca5-8e8a-601899b7cd78,Hyderabad Bonded Warehouse 3824,Hyderabad,Maharashtra,67068,68.36,Distribution
9a6546de-440b-429e-93ab-c6d2a620d6e6,Shanghai Distribution Center 3825,Shanghai,Shanghai,76247,73.78,Distribution
e72f844d-eb6f-41d9-816b-a04e2338624a,Abu Dhabi Bonded Warehouse 3826,Abu Dhabi,Abu Dhabi,118591,58.47,Distribution
2e011375-0fe1-4df4-be0b-290ad4a33770,Frankfurt Distribution Center 3827,Frankfurt,Frankfurt,30249,82.17,Bonded
b93d0ae3-16ba-4705-bb7b-fed545b1345b,Singapore Regional Hub 3828,Singapore,Singapore,33952,76.17,Distribution
ec026d5d-48ba-4f2e-9c6e-3df2b35876e6,Ahmedabad Distribution Center 3829,Ahmedabad,Karnataka,22526,75.11,Distribution
10c7481e-927d-439b-b1c3-389964b27ca2,Singapore Fulfilment Center 3830,Singapore,Singapore,104914,49.61,Regional
0203a35f-e6f4-46cc-afa2-1fd421e61c45,Yokohama Fulfilment Center 3831,Yokohama,Yokohama,22367,69.56,Regional
1ede4eef-0ae0-4e22-8baf-442d8f2e92fc,Amsterdam Regional Hub 3832,Amsterdam,Amsterdam,81863,72.97,Distribution
b8659496-35eb-42fb-9dd7-ac78a4702508,Yokohama Regional Hub 3833,Yokohama,Yokohama,14650,67.92,Regional
ba11eeb3-b404-4344-9c0e-c4537b4922e1,Busan Fulfilment Center 3834,Busan,Busan,82871,73.31,Distribution
15841afd-ecb7-4a3f-bbed-aafd2940adb9,Amsterdam Bonded Warehouse 3835,Amsterdam,Amsterdam,43573,87.77,Distribution
da1d7553-6bf4-40ee-b32a-acd4811c32a4,Singapore Regional Hub 3836,Singapore,Singapore,74020,61.18,Bonded
5052a563-c125-43ea-aa75-e26342d0a329,Osaka Distribution Center 3837,Osaka,Osaka,41805,76.77,Regional
c097fc51-08b0-4dab-bfe2-474d7e403d8b,Bremen Bonded Warehouse 3838,Bremen,Bremen,51943,64.45,Regional
4ca16caa-0f70-4005-aa85-4e3796894b77,Manchester Bonded Warehouse 3839,Manchester,Manchester,20269,79.23,Distribution
da13ef94-fe6d-4648-bd7f-8e8043c2c8c3,Dubai Distribution Center 3840,Dubai,Dubai,93996,98.0,Bonded
bf2b9ebe-97d1-4574-835c-c02c99c4de7a,Singapore Fulfilment Center 3841,Singapore,Singapore,117827,61.39,Distribution
af22c7a4-0b3b-4c80-a63d-c26dbe3f1474,Los Angeles Regional Hub 3842,Los Angeles,Los Angeles,47979,85.56,Distribution
4559cc79-bc83-4ff8-8865-06e569e7c906,Singapore Bonded Warehouse 3843,Singapore,Singapore,88385,62.05,Regional
3d3fefb6-c5de-4f7a-8b4c-8b7e8271e386,London Regional Hub 3844,London,London,110522,77.33,Distribution
baa439e7-600f-49cf-a368-070f9331d2c2,Los Angeles Regional Hub 3845,Los Angeles,Los Angeles,53676,69.25,Distribution
906fcc25-a697-42f9-9c29-365f39687f55,Rotterdam Bonded Warehouse 3846,Rotterdam,Rotterdam,26061,77.49,Bonded
efc78fdd-e337-4acd-9992-a1fccb01d2f6,Tokyo Regional Hub 3847,Tokyo,Tokyo,83827,83.91,Distribution
f3d3e2d5-a12f-4905-97e0-540ca66a0b73,Manchester Distribution Center 3848,Manchester,Manchester,86426,93.6,Distribution
4e43f169-68ab-4238-a360-0545ae53cee3,Rotterdam Fulfilment Center 3849,Rotterdam,Rotterdam,43942,73.56,Distribution
996c0354-2e8e-41de-937c-dabe109c28a2,Abu Dhabi Bonded Warehouse 3850,Abu Dhabi,Abu Dhabi,31423,78.45,Regional
046446dd-125a-4c08-8f57-d3eaa32626fc,New York Fulfilment Center 3851,New York,New York,47947,70.73,Distribution
9ee3beaf-addd-4449-afd0-f62c2455f0bc,Amsterdam Distribution Center 3852,Amsterdam,Amsterdam,51680,82.55,Distribution
73bf7dcb-b188-4e24-bf5d-65d95c0e6d6f,Manchester Bonded Warehouse 3853,Manchester,Manchester,54199,68.34,Regional
53ab59ae-c7e7-4026-96a2-22d4e909b3c2,Singapore Distribution Center 3854,Singapore,Singapore,73778,63.12,Distribution
a7ac8582-4446-4346-af8a-071eb09260a1,New York Bonded Warehouse 3855,New York,New York,55780,78.67,Regional
1872f8b8-a124-4de6-9d23-36fe5d5f37e4,Bengaluru Regional Hub 3856,Bengaluru,Delhi,38646,76.94,Regional
8d74909a-800a-423b-bce1-d1163ad56524,Shenzhen Bonded Warehouse 3857,Shenzhen,Shenzhen,7030,69.87,Distribution
58bcb192-6b32-4a5a-89e7-cfa3735a6265,Tokyo Regional Hub 3858,Tokyo,Tokyo,46460,58.42,Distribution
b990c65d-a721-4d20-9f30-db20f7a56b6a,Ahmedabad Distribution Center 3859,Ahmedabad,West Bengal,88840,80.97,Regional
b2f0ef7a-cb3e-4c87-88ee-e73e2b761c63,Hamburg Regional Hub 3860,Hamburg,Hamburg,55154,67.82,Distribution
81fe305d-0ebf-473b-820a-13f0f5d3ebb0,Mumbai Distribution Center 3861,Mumbai,Gujarat,36962,80.21,Regional
909f640d-ad0c-4d23-92a1-12a230bc1851,Felixstowe Distribution Center 3862,Felixstowe,Felixstowe,33935,69.41,Regional
c0058275-6e37-4764-99aa-f1f3cdf65ad6,Shanghai Fulfilment Center 3863,Shanghai,Shanghai,19234,76.31,Bonded
21522c26-105a-47d1-bc3d-0a3a1eb349aa,Chennai Bonded Warehouse 3864,Chennai,Delhi,93007,67.49,Distribution
ca4dfb73-cd90-4886-8bb2-1445821f0b31,Amsterdam Fulfilment Center 3865,Amsterdam,Amsterdam,93723,72.45,Distribution
083b01ec-a8e0-40d0-9852-a40d67180613,Frankfurt Fulfilment Center 3866,Frankfurt,Frankfurt,108152,76.0,Distribution
647472de-5ab4-4dea-bfbc-ca0118941155,Bengaluru Distribution Center 3867,Bengaluru,West Bengal,39307,52.86,Regional
9ea1f4ca-f034-429b-8206-0500b82153fa,Houston Distribution Center 3868,Houston,Houston,55832,55.54,Distribution
e8971bdb-d6e5-4fc9-90cd-ade0ef94ee8f,Chicago Bonded Warehouse 3869,Chicago,Chicago,96263,59.95,Regional
ebef21e7-5a52-4200-9546-42c2c07cf539,Los Angeles Fulfilment Center 3870,Los Angeles,Los Angeles,90949,82.67,Regional
ef442c2c-6228-4580-a77d-bfedb65dc2fe,Abu Dhabi Bonded Warehouse 3871,Abu Dhabi,Abu Dhabi,6252,69.88,Distribution
7b7965e8-6026-41fc-b50d-281935582305,Ningbo Regional Hub 3872,Ningbo,Ningbo,22974,70.94,Distribution
d374c21d-2149-424c-83d1-b988139322f0,Ningbo Regional Hub 3873,Ningbo,Ningbo,20862,57.99,Bonded
d65fb1e8-4a5c-41ff-9947-b3f5333f6dcb,Manchester Bonded Warehouse 3874,Manchester,Manchester,80456,61.29,Distribution
01c86a46-b8c4-4a50-886a-7fc700e9e076,Shanghai Distribution Center 3875,Shanghai,Shanghai,103736,70.19,Distribution
bd1283af-76e4-4220-a240-62930de34908,Incheon Bonded Warehouse 3876,Incheon,Incheon,33384,56.58,Regional
82b112d4-c3ec-4c46-acc7-4857b0d7f788,Guangzhou Bonded Warehouse 3877,Guangzhou,Guangzhou,68969,62.54,Distribution
6b753959-f281-4b70-ba87-260505d2e877,Frankfurt Bonded Warehouse 3878,Frankfurt,Frankfurt,5975,77.0,Distribution
536b8714-db08-44f0-b71f-6be78ef088e3,Incheon Bonded Warehouse 3879,Incheon,Incheon,22727,63.54,Regional
7ca5fd4c-934e-4ad0-bd63-2b4f2a1b1cbd,Chennai Fulfilment Center 3880,Chennai,Maharashtra,92242,66.92,Distribution
ddfe2c28-ff22-4d43-a847-1eb91ec5dd22,Yokohama Regional Hub 3881,Yokohama,Yokohama,35293,80.76,Bonded
1002db76-62a4-4f1b-9ac9-40a33371cf3c,Rotterdam Distribution Center 3882,Rotterdam,Rotterdam,27967,90.75,Bonded
7dac7ec3-ce4b-4f06-9a7f-1e7295ea7f35,Hyderabad Fulfilment Center 3883,Hyderabad,Delhi,19917,80.92,Distribution
7287fddf-d720-4781-8329-7dabc963cdda,Felixstowe Distribution Center 3884,Felixstowe,Felixstowe,82861,75.42,Distribution
89a01adb-8245-49aa-b7e4-b9d145b45f3b,Sharjah Bonded Warehouse 3885,Sharjah,Sharjah,67707,75.27,Regional
fc13f3e3-904f-4497-8c10-d3781dedd29c,Delhi Fulfilment Center 3886,Delhi,Karnataka,7045,72.67,Bonded
dcefa292-7914-4f7e-a424-adb435406731,Amsterdam Bonded Warehouse 3887,Amsterdam,Amsterdam,64667,54.16,Distribution
34345335-e4ae-4664-b1d2-7660a582b164,Hamburg Distribution Center 3888,Hamburg,Hamburg,76830,61.77,Distribution
8ea4b72e-7053-4875-963c-fba751e3cb75,Chicago Distribution Center 3889,Chicago,Chicago,95084,50.63,Distribution
a528d26e-e397-4392-8a4c-5c7920327e2a,Tokyo Regional Hub 3890,Tokyo,Tokyo,30916,94.14,Distribution
d3cabf96-0273-4fc8-b251-afe7689df1df,Amsterdam Bonded Warehouse 3891,Amsterdam,Amsterdam,91237,79.49,Distribution
532390c5-fa22-42b7-a451-584f8737af88,Mumbai Distribution Center 3892,Mumbai,Gujarat,87354,69.4,Distribution
706b936b-24e1-4f3a-8520-fbc7a3d042b0,Busan Distribution Center 3893,Busan,Busan,10600,55.51,Regional
22a77d12-d96f-467e-8b70-c08fa2bb4494,Shenzhen Regional Hub 3894,Shenzhen,Shenzhen,60522,79.43,Distribution
809b4911-4d7a-4832-9e4f-195f18c1cd60,Tokyo Fulfilment Center 3895,Tokyo,Tokyo,53262,59.45,Distribution
efbde6b7-2c43-4d24-8e27-def5ba2e6513,Shanghai Fulfilment Center 3896,Shanghai,Shanghai,28601,70.3,Distribution
c46f7089-e94c-4063-8a85-23071e5b2fa3,Tokyo Distribution Center 3897,Tokyo,Tokyo,85617,75.51,Bonded
cfe405ff-b2ef-4ae0-85a3-6edc2be55b5f,Rotterdam Bonded Warehouse 3898,Rotterdam,Rotterdam,15111,88.31,Distribution
dc4f5fbc-fd7e-4a1d-83ef-555db549395a,Incheon Regional Hub 3899,Incheon,Incheon,57873,76.27,Distribution
bdc55e39-9c8f-4f31-a13f-62c81701e9bd,Amsterdam Distribution Center 3900,Amsterdam,Amsterdam,111867,83.74,Regional
6c14d8db-333c-4629-9112-9cab295cefcd,Busan Fulfilment Center 3901,Busan,Busan,10166,62.17,Distribution
de75b729-20dd-48ae-9303-271a3b94a4c9,Bremen Bonded Warehouse 3902,Bremen,Bremen,78561,70.81,Regional
a9995e60-fed1-4e0e-b66a-4849992f0712,Tokyo Distribution Center 3903,Tokyo,Tokyo,69939,60.32,Distribution
b890c3f5-1f8a-473c-9341-c37bb1ef7658,Tokyo Distribution Center 3904,Tokyo,Tokyo,24788,35.0,Distribution
225a52e2-1d0d-4121-94f4-9db77d8f5bb3,Bremen Regional Hub 3905,Bremen,Bremen,51229,74.31,Distribution
832c3644-7c05-49e2-86c0-dfe6f3ba3e1f,Abu Dhabi Bonded Warehouse 3906,Abu Dhabi,Abu Dhabi,37786,84.02,Distribution
c131822c-b766-4992-9070-5809ef829d5e,Manchester Bonded Warehouse 3907,Manchester,Manchester,66540,81.05,Distribution
e4d8e9e9-5745-458f-a9db-7b2ac894ff32,Manchester Distribution Center 3908,Manchester,Manchester,26602,66.81,Distribution
7416feff-f8d2-4b67-a167-9c981e33f69b,London Distribution Center 3909,London,London,66176,85.07,Distribution
7e3ccdb8-daab-4ef2-b587-7841800ebe21,Ningbo Regional Hub 3910,Ningbo,Ningbo,14936,85.38,Regional
cc3506aa-01d8-4ff3-929a-c8ffeed87319,Hamburg Distribution Center 3911,Hamburg,Hamburg,107478,55.21,Distribution
6476b08f-ea0c-4404-b9a2-2bd36174983f,Bremen Fulfilment Center 3912,Bremen,Bremen,112657,80.35,Bonded
bba21584-ae65-4032-bd93-ddf6794bc3ff,Los Angeles Fulfilment Center 3913,Los Angeles,Los Angeles,37581,72.22,Regional
f5afac5d-f4b0-48c5-af46-d16665e0ee85,Ahmedabad Regional Hub 3914,Ahmedabad,Telangana,23894,62.81,Regional
f442b54f-1b5f-4df4-ac7f-34d2fd37fb36,Houston Fulfilment Center 3915,Houston,Houston,81855,74.36,Distribution
0801f7b5-35b3-4f78-9d00-3c6020f389c7,Houston Distribution Center 3916,Houston,Houston,87897,87.71,Distribution
53290a19-71e2-4439-a905-26cce1349c66,Felixstowe Regional Hub 3917,Felixstowe,Felixstowe,101524,72.34,Distribution
07aa8d40-2ad7-4a21-977b-07b474d04584,Felixstowe Regional Hub 3918,Felixstowe,Felixstowe,29677,93.88,Regional
e7e7b427-a203-4af2-8190-c3b7f1a92159,Guangzhou Distribution Center 3919,Guangzhou,Guangzhou,9182,78.64,Distribution
a095817b-9991-49c3-9d91-d38243a4bfcb,Los Angeles Regional Hub 3920,Los Angeles,Los Angeles,13509,61.31,Distribution
1accedb0-e464-4cc2-b0a4-23c7da50378c,London Fulfilment Center 3921,London,London,6914,96.93,Bonded
f38a1be1-e15c-41c5-8f23-f3fe379f8316,Sharjah Distribution Center 3922,Sharjah,Sharjah,58881,79.47,Regional
b8174994-5885-4aa7-8ad7-c65e429b7e60,Ahmedabad Bonded Warehouse 3923,Ahmedabad,West Bengal,115338,59.26,Regional
71a7c355-61bd-44d6-b303-4ea43e9d3b94,Bremen Bonded Warehouse 3924,Bremen,Bremen,109684,73.22,Distribution
f057f07c-15aa-439b-9eff-c1bfd327abc0,Ningbo Distribution Center 3925,Ningbo,Ningbo,30127,78.49,Distribution
fb04c74b-8380-4583-9490-abde7297f5f7,Incheon Distribution Center 3926,Incheon,Incheon,52548,82.33,Bonded
49c07ec4-dd82-4bb6-8d95-580c789826bf,Singapore Regional Hub 3927,Singapore,Singapore,14144,72.95,Distribution
330f0e5a-7605-4c03-92da-c2ba4f96d5da,London Regional Hub 3928,London,London,87046,53.65,Distribution
addee75a-4021-4c6c-ae9b-e30b82766a00,Busan Distribution Center 3929,Busan,Busan,80489,89.76,Bonded
d77e4982-8329-4172-b623-52160cb58308,Bengaluru Regional Hub 3930,Bengaluru,West Bengal,91996,67.88,Regional
134b06f5-ff6c-4455-b983-806228bbd36a,Guangzhou Regional Hub 3931,Guangzhou,Guangzhou,80394,78.39,Distribution
d1ebe52a-5f10-4c15-be36-6320e7d018ab,Guangzhou Fulfilment Center 3932,Guangzhou,Guangzhou,84085,63.03,Regional
caf42cc3-863b-44a1-9a1f-b92823203c17,Shanghai Regional Hub 3933,Shanghai,Shanghai,15907,52.87,Bonded
3c371117-6263-4f34-a135-3f77a417131f,Hamburg Regional Hub 3934,Hamburg,Hamburg,46223,58.51,Distribution
3d4242c1-9989-46ac-b67f-b650f24cbe80,Busan Regional Hub 3935,Busan,Busan,57810,64.54,Regional
6b983bea-1980-4248-bee2-427128eac863,Dubai Distribution Center 3936,Dubai,Dubai,95240,85.84,Regional
e3856af8-c75a-4fd3-a92b-2c390b71b254,Frankfurt Distribution Center 3937,Frankfurt,Frankfurt,17874,91.3,Bonded
460d3e03-fcc7-49c4-b191-5bf4328e6a77,Tokyo Bonded Warehouse 3938,Tokyo,Tokyo,25740,86.04,Distribution
8c3f5935-2a8c-44f6-8c61-939a404a0079,Singapore Distribution Center 3939,Singapore,Singapore,36313,37.82,Distribution
65196018-2159-4d90-94ed-f166a050ed13,Ahmedabad Regional Hub 3940,Ahmedabad,Telangana,51285,89.74,Regional
e5ce7d36-c241-4754-b741-ad0b9ac66a4d,Felixstowe Fulfilment Center 3941,Felixstowe,Felixstowe,86899,72.02,Distribution
480bb625-dcf4-420d-a5be-ba27df4d01bb,Ningbo Bonded Warehouse 3942,Ningbo,Ningbo,70711,74.23,Distribution
a2a18fac-444d-4839-a64b-1ef6e3158e3c,Hyderabad Bonded Warehouse 3943,Hyderabad,Tamil Nadu,87014,88.07,Distribution
8fe0ae11-6cd8-46a8-941c-c7c43638e86d,Manchester Bonded Warehouse 3944,Manchester,Manchester,17896,74.68,Distribution
1c584b15-a3ef-4319-a972-b4dfeeedc5fe,Guangzhou Regional Hub 3945,Guangzhou,Guangzhou,78408,44.27,Distribution
f2472967-96c5-4683-90a8-0ffd3a40f4a0,Yokohama Bonded Warehouse 3946,Yokohama,Yokohama,76736,60.7,Distribution
2626d00e-3690-4c4a-a0eb-6bf6521caa75,Busan Regional Hub 3947,Busan,Busan,65644,58.21,Distribution
36773868-923f-40a6-b4e6-a510ae97d648,Singapore Bonded Warehouse 3948,Singapore,Singapore,74030,71.95,Regional
5fef3ed2-4d09-4b5d-88ca-7ab3078e04ec,Los Angeles Fulfilment Center 3949,Los Angeles,Los Angeles,8362,74.78,Regional
adbe60cf-4743-4baa-863e-f3a2bb09c3ea,Amsterdam Fulfilment Center 3950,Amsterdam,Amsterdam,78923,90.27,Regional
98f53471-5a71-4c5a-8acc-2613570712df,Sharjah Regional Hub 3951,Sharjah,Sharjah,64108,50.46,Distribution
030c1749-bbc3-44dc-9a75-c9ba6f31685c,Bremen Regional Hub 3952,Bremen,Bremen,26599,87.97,Regional
925b03a5-459b-4e08-b6b3-87a14ec4af8f,Guangzhou Bonded Warehouse 3953,Guangzhou,Guangzhou,37811,71.56,Bonded
ac563d85-396b-47da-b3bb-447b5b3e6cd3,Houston Fulfilment Center 3954,Houston,Houston,9893,69.71,Distribution
b966ee69-eb64-409b-9146-7e0057b3ead9,Chicago Regional Hub 3955,Chicago,Chicago,59157,83.57,Regional
625b601f-619a-463d-a9e3-3836ee61c5a9,Bremen Distribution Center 3956,Bremen,Bremen,56587,68.91,Bonded
e317fac9-b1cb-4513-a56c-d7141a9445c6,Dubai Fulfilment Center 3957,Dubai,Dubai,107493,62.7,Distribution
5eb864d5-a114-4a19-bdde-1ddfbba84741,Amsterdam Bonded Warehouse 3958,Amsterdam,Amsterdam,5170,59.43,Distribution
6acfe4c3-c08b-438c-9139-d94515faec34,Busan Fulfilment Center 3959,Busan,Busan,109471,74.77,Distribution
ce7f6b44-6804-4d1b-9abc-cf5c2529529d,Houston Bonded Warehouse 3960,Houston,Houston,35438,67.89,Regional
73262064-aaf1-4d65-abc0-6a0f8b2e577d,Rotterdam Regional Hub 3961,Rotterdam,Rotterdam,119930,79.47,Regional
88e7727b-15c4-4070-89fd-6cc8573e0bc5,Osaka Fulfilment Center 3962,Osaka,Osaka,110776,69.4,Regional
1ed6bd64-374f-4c36-88db-3d0c4c73f0bc,Osaka Fulfilment Center 3963,Osaka,Osaka,91881,87.03,Bonded
3f909bb1-c180-4a23-a1bc-8cd14bdb1a82,Manchester Bonded Warehouse 3964,Manchester,Manchester,71932,78.7,Regional
6430cfcd-20d5-430b-bef0-82f572d1552a,Seoul Regional Hub 3965,Seoul,Seoul,93872,57.4,Regional
3ddcfa37-eb96-431c-b28f-953a4fd90161,Ahmedabad Fulfilment Center 3966,Ahmedabad,Maharashtra,101572,60.67,Bonded
36806815-ca91-475c-991f-1cd0e07304ff,Singapore Fulfilment Center 3967,Singapore,Singapore,41538,92.47,Distribution
90bfe411-debb-421b-a9c0-9a48b8dd02a3,Singapore Distribution Center 3968,Singapore,Singapore,13527,74.15,Distribution
d84b5b83-cfff-46c4-a7f3-b53aaae7623f,Amsterdam Fulfilment Center 3969,Amsterdam,Amsterdam,13396,77.86,Distribution
98041630-49df-4eed-a6d2-b1865618b674,Felixstowe Fulfilment Center 3970,Felixstowe,Felixstowe,117752,71.72,Regional
40964865-c307-4314-a1fd-d04b4f5c7bc9,Ningbo Distribution Center 3971,Ningbo,Ningbo,75940,64.25,Distribution
2837c8af-3675-4403-8b62-aaa70b38401c,Ningbo Distribution Center 3972,Ningbo,Ningbo,87716,71.24,Distribution
984edefb-f7cf-4538-8676-b4f76227bea6,Singapore Fulfilment Center 3973,Singapore,Singapore,78138,55.92,Regional
3b6aca27-92b5-4780-b03f-06c4ebaf1619,Incheon Distribution Center 3974,Incheon,Incheon,111872,77.04,Distribution
34bd15ca-4038-414c-a420-49becf0852b8,Ningbo Bonded Warehouse 3975,Ningbo,Ningbo,119740,63.36,Regional
b0643efb-84ca-4116-85ef-77cd52a6b448,Abu Dhabi Bonded Warehouse 3976,Abu Dhabi,Abu Dhabi,56293,87.44,Distribution
480d2d80-8b5b-4f60-87be-03325897e40a,Shenzhen Fulfilment Center 3977,Shenzhen,Shenzhen,17831,78.27,Bonded
71488d36-6b0e-4cfa-8711-25907e705474,Shanghai Regional Hub 3978,Shanghai,Shanghai,79554,77.24,Distribution
6160b5e7-d2a6-4b81-9211-37cc266bef7d,Incheon Distribution Center 3979,Incheon,Incheon,23647,72.92,Regional
2db41c92-b37e-434c-a279-1f810695bd7e,Singapore Distribution Center 3980,Singapore,Singapore,31887,73.23,Distribution
8326556b-18bc-4f29-8e7f-52892bb954a2,Tokyo Bonded Warehouse 3981,Tokyo,Tokyo,23206,81.54,Distribution
24768c62-078e-4b45-9949-afd0dc4f4b36,Busan Regional Hub 3982,Busan,Busan,34965,71.29,Bonded
7b62b63a-08f8-4b51-8924-2895cb45242c,Bremen Fulfilment Center 3983,Bremen,Bremen,102596,93.77,Bonded
5eb3d839-44fb-44b0-b58e-967371444c88,Ahmedabad Distribution Center 3984,Ahmedabad,Telangana,117713,70.09,Bonded
859a9c2e-7cef-4c41-87a0-d5cb4bf38571,London Fulfilment Center 3985,London,London,40753,75.61,Distribution
27dc3b50-b6f6-40bf-9cc3-3a7c18075fce,Singapore Regional Hub 3986,Singapore,Singapore,87012,82.85,Regional
9e97dcff-09de-48a5-a531-be9d8a920e92,Shanghai Regional Hub 3987,Shanghai,Shanghai,11126,70.31,Regional
05929e1b-f97a-41d9-8394-e99a911b6693,Bengaluru Distribution Center 3988,Bengaluru,Karnataka,15817,68.4,Distribution
fdcc348f-2fb3-4161-9fba-932bf12d9627,Sharjah Regional Hub 3989,Sharjah,Sharjah,58653,67.1,Regional
13bf2588-231d-413f-9cae-5c1c4769e97e,Osaka Bonded Warehouse 3990,Osaka,Osaka,73518,66.66,Regional
e1023c30-5c99-479b-89fe-422e20527f5c,Dubai Bonded Warehouse 3991,Dubai,Dubai,68332,87.01,Distribution
2a0b1649-9d4e-4732-b62c-4454f7dac654,Delhi Distribution Center 3992,Delhi,Tamil Nadu,112943,81.4,Distribution
f6d8035d-ed12-4798-ab36-cad5b1121e76,Frankfurt Distribution Center 3993,Frankfurt,Frankfurt,65889,65.24,Distribution
b2481386-3d7a-40a1-88ce-df04c490d1e3,Bengaluru Regional Hub 3994,Bengaluru,West Bengal,104073,67.43,Regional
980fb946-7a0b-4444-abcd-b2c3b132b5fb,Rotterdam Distribution Center 3995,Rotterdam,Rotterdam,18542,70.91,Bonded
c154dc4f-4199-4a8c-99de-269ec5a77f4f,Los Angeles Fulfilment Center 3996,Los Angeles,Los Angeles,99914,95.33,Regional
42366471-796a-4260-b284-0620458d972b,Singapore Fulfilment Center 3997,Singapore,Singapore,73932,66.16,Distribution
bf0a90cf-24c1-4096-bf99-2a8941a744d8,Bremen Regional Hub 3998,Bremen,Bremen,11057,50.79,Distribution
16906038-bbbf-4c5b-8dce-c743163dc0c7,Ningbo Regional Hub 3999,Ningbo,Ningbo,36908,71.9,Bonded
591f1afc-f3f5-420b-a271-25b870bf6811,Felixstowe Bonded Warehouse 4000,Felixstowe,Felixstowe,38422,98.0,Distribution
cde2fcd7-2a52-463f-9a75-63019be65f79,Tokyo Distribution Center 4001,Tokyo,Tokyo,111826,98.0,Regional
e7abdf65-78a7-456f-93a7-1e299cb474e9,Tokyo Regional Hub 4002,Tokyo,Tokyo,33067,60.58,Distribution
8df7d572-dd9e-4858-a388-bf53cfed9673,Mumbai Fulfilment Center 4003,Mumbai,Telangana,68931,98.0,Bonded
82453908-2c55-4a97-b385-79c053a41e12,Singapore Fulfilment Center 4004,Singapore,Singapore,80093,64.44,Distribution
f5ce47aa-7823-45c6-ab50-71b97e4bcb51,Hamburg Bonded Warehouse 4005,Hamburg,Hamburg,75094,68.61,Distribution
29ae2f95-7a92-4919-8f50-bb51b70a6dfc,Guangzhou Regional Hub 4006,Guangzhou,Guangzhou,115094,61.78,Regional
56752204-f8fd-4479-8ec1-cb04bede0575,Felixstowe Distribution Center 4007,Felixstowe,Felixstowe,35589,45.01,Distribution
eb6067a1-5589-40e3-ac31-bdbed7fca3d6,Bremen Bonded Warehouse 4008,Bremen,Bremen,111268,97.4,Distribution
ecae6023-47c9-4df8-b497-b5012a289b5d,Delhi Distribution Center 4009,Delhi,Gujarat,36945,98.0,Regional
5a247283-1b16-4dfe-9f8b-2bd7826c9222,Rotterdam Fulfilment Center 4010,Rotterdam,Rotterdam,106592,86.5,Distribution
f98745fc-8208-45dc-bf0c-bd2564c3ce3b,Bengaluru Bonded Warehouse 4011,Bengaluru,Maharashtra,93369,50.34,Regional
272da57f-37e3-4c8a-8472-7c8ab4c5ab7a,Osaka Distribution Center 4012,Osaka,Osaka,106946,76.44,Regional
45792111-4000-4511-bba7-d028424f5315,Manchester Fulfilment Center 4013,Manchester,Manchester,36029,69.43,Regional
16ad78e3-a666-4719-a21d-222e407b481c,Felixstowe Distribution Center 4014,Felixstowe,Felixstowe,39983,86.84,Regional
9fcfd73c-7e6b-4348-9c19-61d68bac4a54,Rotterdam Distribution Center 4015,Rotterdam,Rotterdam,59544,43.64,Distribution
446a1ed6-ccaf-4814-b423-41777968aa5e,Sharjah Fulfilment Center 4016,Sharjah,Sharjah,79265,91.76,Regional
608f1f6f-13c0-4c76-af0a-b3d2be935032,Frankfurt Fulfilment Center 4017,Frankfurt,Frankfurt,11037,47.19,Regional
c0b2b76d-5db4-4af1-a853-ce24223ee78e,Singapore Bonded Warehouse 4018,Singapore,Singapore,93999,98.0,Regional
6f888f60-89b3-4742-a396-4940e114eee4,Singapore Fulfilment Center 4019,Singapore,Singapore,34501,61.08,Regional
69715ec2-e411-40a7-9221-f5bacc0c266f,Houston Fulfilment Center 4020,Houston,Houston,81354,84.83,Distribution
0198618e-8587-4ade-98e2-c57cba362b9a,Delhi Regional Hub 4021,Delhi,Karnataka,57761,68.6,Regional
554ba100-2ba2-454e-997f-34cdd9eeab0e,Manchester Bonded Warehouse 4022,Manchester,Manchester,92333,82.21,Distribution
10968f02-0cd8-47a3-a016-3cda4f6718fc,Yokohama Fulfilment Center 4023,Yokohama,Yokohama,70340,78.99,Distribution
b80309fc-c186-4c84-9256-f6b731261dba,Bengaluru Regional Hub 4024,Bengaluru,Telangana,59596,80.57,Distribution
e1375e69-2711-4f97-8da2-f69dec603f56,Hamburg Fulfilment Center 4025,Hamburg,Hamburg,19142,63.89,Regional
ade2fb36-93ea-4670-8cb8-7afec9c86488,Rotterdam Bonded Warehouse 4026,Rotterdam,Rotterdam,38758,77.45,Distribution
67dba6d1-4a13-4938-8366-5f014644565d,Chicago Bonded Warehouse 4027,Chicago,Chicago,58699,64.43,Distribution
26cf275e-d80e-44ec-8089-b6a1b6509ca5,Mumbai Regional Hub 4028,Mumbai,West Bengal,35497,67.99,Distribution
71ec30da-cb3a-4778-baad-2d827e30ef80,New York Bonded Warehouse 4029,New York,New York,59538,74.89,Regional
86d155fb-5ef5-4e92-95e6-099f7dac21d8,London Fulfilment Center 4030,London,London,7885,79.77,Distribution
f5393b71-a2c9-42e9-8852-138d9754e537,Mumbai Regional Hub 4031,Mumbai,Maharashtra,15592,94.32,Distribution
d5296580-9fe4-4248-a942-31b90f47e636,Tokyo Regional Hub 4032,Tokyo,Tokyo,89171,61.56,Regional
529e4dfc-3042-4575-b5e2-c26644f41b70,New York Distribution Center 4033,New York,New York,82823,60.44,Regional
6c5d25bb-5b15-483b-9a43-209d1d4d1542,Yokohama Bonded Warehouse 4034,Yokohama,Yokohama,18502,80.25,Distribution
f7cb0910-9385-4731-8809-17d0b90ed0ad,Singapore Distribution Center 4035,Singapore,Singapore,7243,57.57,Distribution
b68725a0-99fb-495a-af1a-2d27f90c10b2,Felixstowe Distribution Center 4036,Felixstowe,Felixstowe,23883,98.0,Distribution
4537c6d6-7de6-4fda-9486-08e910f090da,Chennai Bonded Warehouse 4037,Chennai,Maharashtra,52122,79.82,Regional
be43bebb-e5e8-4d3d-8037-21e4608d162b,Bengaluru Fulfilment Center 4038,Bengaluru,Maharashtra,119092,78.39,Distribution
c770e7df-3684-4bc9-8a85-3d71a8b1e205,Bremen Bonded Warehouse 4039,Bremen,Bremen,21088,56.63,Regional
43394b66-9036-4ae0-a808-fb06a6ace958,Shanghai Regional Hub 4040,Shanghai,Shanghai,73683,74.46,Regional
e963fc8f-f83e-49de-bfa6-889cd358b408,Rotterdam Regional Hub 4041,Rotterdam,Rotterdam,70425,79.99,Bonded
60077f47-f829-4c2f-969b-79a80ee3c38b,Shanghai Regional Hub 4042,Shanghai,Shanghai,56174,48.02,Distribution
bbe9eade-3d79-4aac-9477-a024d3424d81,Rotterdam Regional Hub 4043,Rotterdam,Rotterdam,94696,68.81,Distribution
b1ed8f84-a964-40ff-af76-0cacb2e0daac,Ningbo Regional Hub 4044,Ningbo,Ningbo,55001,58.42,Distribution
f2d2e1c0-e8ac-452c-8dc8-5af4412cc15f,Incheon Fulfilment Center 4045,Incheon,Incheon,16795,77.82,Regional
7cc8c95f-e64b-4597-aa86-18061e5bc8f6,Frankfurt Fulfilment Center 4046,Frankfurt,Frankfurt,79257,42.22,Regional
313d60ea-67e4-4f38-a110-dff968e3f04d,Hamburg Bonded Warehouse 4047,Hamburg,Hamburg,73239,76.0,Regional
b9fb5ee2-c3cb-4496-a88d-2b5153a4e494,Bengaluru Regional Hub 4048,Bengaluru,Maharashtra,36165,82.44,Distribution
c99ad192-bd75-4d40-b65b-0eabd98d3d10,Singapore Fulfilment Center 4049,Singapore,Singapore,81558,69.71,Distribution
11375f47-5c17-4ef7-a505-c368481dc790,London Regional Hub 4050,London,London,100451,76.24,Regional
57b75f78-42e5-43fa-9b4e-01c695ccb823,Manchester Bonded Warehouse 4051,Manchester,Manchester,87461,60.35,Bonded
b6e90e45-15c4-4c7e-a97d-6c64f54bcc12,Frankfurt Bonded Warehouse 4052,Frankfurt,Frankfurt,100477,85.43,Distribution
7dbdced8-c0c2-46ef-9de6-cd8c1d983339,Singapore Distribution Center 4053,Singapore,Singapore,118720,73.72,Distribution
4b17b7b7-69e3-4d23-9fc3-8fb525363f05,Ningbo Regional Hub 4054,Ningbo,Ningbo,46150,71.81,Distribution
746a335f-e9fc-43a5-a38d-fe2c7620260e,Frankfurt Fulfilment Center 4055,Frankfurt,Frankfurt,103823,78.7,Bonded
b4bb9b24-e49e-4886-b6c6-872eed7960c7,Guangzhou Distribution Center 4056,Guangzhou,Guangzhou,71162,63.26,Regional
4a5a0589-1321-4630-b8cc-e2cb20c420f9,Felixstowe Bonded Warehouse 4057,Felixstowe,Felixstowe,61213,58.58,Distribution
b03af302-00ec-4d74-86df-9d4a1eee1c11,Felixstowe Fulfilment Center 4058,Felixstowe,Felixstowe,66625,78.02,Regional
29cc58a0-e9c8-4cac-bcf9-09a8626e2e28,Singapore Bonded Warehouse 4059,Singapore,Singapore,84556,98.0,Distribution
f8763c79-64e0-46d7-9fb7-297a6109eaf2,Chicago Bonded Warehouse 4060,Chicago,Chicago,101323,69.16,Distribution
6817bace-e5ce-4cb6-bb1f-ea3ed7a39764,Singapore Fulfilment Center 4061,Singapore,Singapore,76467,61.48,Distribution
aaedfa76-9211-467b-a5e5-3afafee3fb02,Singapore Regional Hub 4062,Singapore,Singapore,90916,59.62,Distribution
968a0cdb-a734-4ca9-ad4d-d7565ca5a23b,Rotterdam Regional Hub 4063,Rotterdam,Rotterdam,74957,58.71,Distribution
3cd00aeb-afae-43af-a69b-5e570b83ed33,Amsterdam Bonded Warehouse 4064,Amsterdam,Amsterdam,85320,68.54,Bonded
0270e1b6-f0ab-40dd-9bfc-b18f96e5d0eb,Singapore Bonded Warehouse 4065,Singapore,Singapore,41998,67.45,Distribution
a967d02f-051e-4b14-8d2d-ee5e3289b448,Dubai Distribution Center 4066,Dubai,Dubai,36749,79.38,Regional
31d57fe8-9921-4963-899f-5e79581b974a,Rotterdam Bonded Warehouse 4067,Rotterdam,Rotterdam,9200,72.35,Bonded
75b06624-3905-44ac-8a6c-d3109a5094df,Amsterdam Bonded Warehouse 4068,Amsterdam,Amsterdam,109319,98.0,Distribution
585b3b20-2bec-44a3-ab22-4d3a873d25da,Singapore Regional Hub 4069,Singapore,Singapore,24704,63.55,Distribution
00ee9ce9-cb82-4cc8-ab2b-cae37a0b26a8,Hamburg Bonded Warehouse 4070,Hamburg,Hamburg,39082,75.78,Distribution
cf3e1eb5-3ec9-4ad4-85ba-7bbcc25923bd,Frankfurt Bonded Warehouse 4071,Frankfurt,Frankfurt,85293,82.1,Distribution
580261c0-5e0b-4612-a44b-683e12e459f4,Singapore Regional Hub 4072,Singapore,Singapore,59488,76.76,Regional
9f3c45ee-7546-4d55-a12f-ba550c5337ea,Hamburg Distribution Center 4073,Hamburg,Hamburg,88532,42.29,Regional
aec4aebd-f42c-4704-a9f5-f950d69e5afb,Singapore Bonded Warehouse 4074,Singapore,Singapore,82739,72.88,Bonded
be309540-d395-4377-9425-37de0d306470,Frankfurt Regional Hub 4075,Frankfurt,Frankfurt,75646,64.84,Distribution
003c9a70-d3b6-447a-ae2f-fe191575992c,Los Angeles Fulfilment Center 4076,Los Angeles,Los Angeles,108717,53.78,Distribution
f4e160ab-4052-4d13-aa3b-3b4bdeb9c877,Rotterdam Distribution Center 4077,Rotterdam,Rotterdam,36327,84.06,Regional
2c9f2528-1925-4581-9216-c4d442814208,Dubai Distribution Center 4078,Dubai,Dubai,22000,60.75,Regional
c346a67b-14fb-48b1-a5bd-d6bb773a417d,Shanghai Distribution Center 4079,Shanghai,Shanghai,74839,79.76,Regional
085d6dc0-e1d6-4d5c-952f-34e5826e9290,London Distribution Center 4080,London,London,83216,79.68,Regional
5c4b74f2-d6f4-45a8-9f3d-a00b9ecc4f67,Guangzhou Fulfilment Center 4081,Guangzhou,Guangzhou,62525,72.8,Distribution
da5c385a-169d-45a0-840a-4c6232313237,Hamburg Distribution Center 4082,Hamburg,Hamburg,15441,75.98,Distribution
57653386-1c61-40ce-9479-6e319b833dd8,Amsterdam Fulfilment Center 4083,Amsterdam,Amsterdam,58112,63.1,Regional
5c2b7361-c3f0-4ae6-bb1e-57882ff3e8fc,Singapore Regional Hub 4084,Singapore,Singapore,98839,96.63,Distribution
60b87c81-8193-4978-aa07-252937dcb66c,Abu Dhabi Distribution Center 4085,Abu Dhabi,Abu Dhabi,31603,66.33,Distribution
4cec1932-b405-42a5-92ae-7672817cec69,Singapore Fulfilment Center 4086,Singapore,Singapore,61212,61.07,Regional
10ee4fc4-f838-49a0-a896-0231f735b2e6,Singapore Distribution Center 4087,Singapore,Singapore,32171,61.59,Regional
042947f0-2125-4e7b-93b3-8ce6e1747229,Rotterdam Distribution Center 4088,Rotterdam,Rotterdam,54512,80.03,Distribution
e1311521-ef24-4adc-bdd4-2f13101ee316,London Fulfilment Center 4089,London,London,69276,58.76,Distribution
07ba33e2-5f9b-43b0-a680-3f2d73a30c27,Guangzhou Regional Hub 4090,Guangzhou,Guangzhou,10282,65.42,Bonded
df662719-e0d6-4b2e-9907-a865470eceb9,Yokohama Fulfilment Center 4091,Yokohama,Yokohama,63792,85.54,Distribution
3c02ffd8-b3c0-4c7d-80bb-120bf4527809,Frankfurt Bonded Warehouse 4092,Frankfurt,Frankfurt,73495,64.13,Regional
aa9bc862-9c54-4677-a1f3-28c6135abf38,Amsterdam Regional Hub 4093,Amsterdam,Amsterdam,117370,64.53,Distribution
a7a79ce1-6bbb-4279-8c31-a8b92ebc2f8f,Busan Distribution Center 4094,Busan,Busan,116390,51.44,Distribution
c14f15c1-1591-4bed-9e21-0d8a29752ebc,Tokyo Regional Hub 4095,Tokyo,Tokyo,6491,77.66,Bonded
906f2920-77c0-4a02-8f71-c540fbadbe29,Rotterdam Distribution Center 4096,Rotterdam,Rotterdam,46808,83.42,Distribution
eaf28fd0-0092-4081-8411-172d4ab3847e,Manchester Fulfilment Center 4097,Manchester,Manchester,60914,75.95,Regional
cb23eb08-ee7e-4ca0-b2d8-6015ee4ff698,Seoul Bonded Warehouse 4098,Seoul,Seoul,48466,84.3,Bonded
21fbb607-4dd7-4d8f-afc6-efc711995237,Manchester Distribution Center 4099,Manchester,Manchester,16586,68.31,Bonded
f09dc0fb-911f-469d-9406-c87dfdf8f316,Incheon Bonded Warehouse 4100,Incheon,Incheon,21637,70.49,Distribution
f1bb821e-f1b1-42e7-8f7c-e2a1acf569c2,Bengaluru Fulfilment Center 4101,Bengaluru,Karnataka,56321,74.24,Regional
29d9acbd-d0f3-4c8f-bc4a-28faf344fa5b,Incheon Fulfilment Center 4102,Incheon,Incheon,69761,62.36,Distribution
599ebef4-2687-4663-81b1-4fd643bf36a3,Felixstowe Distribution Center 4103,Felixstowe,Felixstowe,58914,41.59,Regional
47ddf7e7-620e-4e65-8461-926c3430c302,Busan Regional Hub 4104,Busan,Busan,41916,54.4,Bonded
ad08ae4b-c8a9-4deb-8aab-34c486314d1b,Ningbo Regional Hub 4105,Ningbo,Ningbo,11558,80.91,Regional
7b92eb80-b594-4d0a-b8ac-43241c1997c4,Osaka Bonded Warehouse 4106,Osaka,Osaka,86497,57.57,Regional
5a9ce502-0ac4-4a7f-93a7-0492a1e23930,Chennai Distribution Center 4107,Chennai,Telangana,105450,76.23,Bonded
d626d982-baf5-45f2-9e07-c7ac17f4fc31,Chennai Fulfilment Center 4108,Chennai,Karnataka,67982,77.84,Distribution
255ce76c-7f01-4095-8c3a-7dac99823a26,Singapore Distribution Center 4109,Singapore,Singapore,94002,56.12,Distribution
673576ed-b845-4c75-ac62-ead51bfab579,Incheon Regional Hub 4110,Incheon,Incheon,103661,43.96,Distribution
8e13530b-f330-4091-9d67-dac57e05c220,Ningbo Fulfilment Center 4111,Ningbo,Ningbo,49537,78.25,Distribution
da846714-8f9a-4b21-a1b0-7561346f1279,Rotterdam Distribution Center 4112,Rotterdam,Rotterdam,105049,69.9,Bonded
aefd0fbb-94c8-4eda-8c8f-05ad0a5534c6,Rotterdam Regional Hub 4113,Rotterdam,Rotterdam,91842,69.61,Regional
b1ff3ee6-4441-40d9-b4a3-a76172613566,Seoul Bonded Warehouse 4114,Seoul,Seoul,59409,70.04,Distribution
8c2a17ec-8c99-4549-b321-4fc1b26b2c27,Frankfurt Bonded Warehouse 4115,Frankfurt,Frankfurt,88762,90.24,Distribution
e982c0bc-8ad3-40bf-81e5-7043bb3e2466,Rotterdam Distribution Center 4116,Rotterdam,Rotterdam,73326,62.19,Regional
f4f42d67-f114-4def-a9c2-e4c26b242386,Shanghai Distribution Center 4117,Shanghai,Shanghai,48403,61.58,Distribution
a8013a72-ff53-42f6-a8f1-07ce009900c0,Sharjah Regional Hub 4118,Sharjah,Sharjah,104283,79.86,Regional
49a6396e-2c03-4b6a-aef9-1b9941faf8d0,Amsterdam Distribution Center 4119,Amsterdam,Amsterdam,7869,66.1,Distribution
d7833c2e-ce59-45b6-991f-25611764c71c,Osaka Regional Hub 4120,Osaka,Osaka,77944,70.38,Distribution
15807c9a-f676-4077-941b-7307ec1a49eb,Ningbo Fulfilment Center 4121,Ningbo,Ningbo,88361,59.89,Distribution
fe8def73-42ed-4779-8108-9206e3abb890,Manchester Bonded Warehouse 4122,Manchester,Manchester,75114,65.18,Distribution
fcf25b92-18e4-43f0-953d-6ca03b6fb6c0,Rotterdam Distribution Center 4123,Rotterdam,Rotterdam,41948,62.91,Bonded
b9d9066c-cbd7-402a-a398-027bf04e54e0,Incheon Bonded Warehouse 4124,Incheon,Incheon,70881,80.07,Regional
fbbde6e8-b884-467c-8e1e-e89f8fa48af1,Incheon Bonded Warehouse 4125,Incheon,Incheon,62205,80.68,Distribution
4867ec07-e99a-4df1-85c8-2e079ab53f17,Hamburg Fulfilment Center 4126,Hamburg,Hamburg,106110,73.27,Bonded
e2c4590a-1c77-4e77-a097-b226e33789e4,Amsterdam Regional Hub 4127,Amsterdam,Amsterdam,79247,67.01,Regional
02213848-d7fe-4d0f-9f94-92d0e9c21ccc,Felixstowe Distribution Center 4128,Felixstowe,Felixstowe,105528,76.15,Regional
ebdb4089-6fcb-4099-b339-737d088a1de6,Abu Dhabi Fulfilment Center 4129,Abu Dhabi,Abu Dhabi,71588,82.73,Distribution
314f2a90-8bc4-47b1-a09e-bd3cd3fc7a5d,Seoul Distribution Center 4130,Seoul,Seoul,67931,93.56,Distribution
453a5089-2abb-48b6-8421-d354869526cb,Abu Dhabi Bonded Warehouse 4131,Abu Dhabi,Abu Dhabi,36228,55.53,Distribution
398828ed-970d-468d-a756-092c8756a1ef,Singapore Bonded Warehouse 4132,Singapore,Singapore,40131,58.6,Regional
e7ca0c59-d954-4f1e-ba6b-da856f786ed3,Singapore Fulfilment Center 4133,Singapore,Singapore,86700,77.51,Distribution
4f55ec56-0ce2-4cc7-bf22-dde050f5fc65,Chennai Fulfilment Center 4134,Chennai,Karnataka,94960,66.11,Distribution
12c069c7-f890-4ae6-a4bf-bae200298da5,Bremen Bonded Warehouse 4135,Bremen,Bremen,11264,72.23,Regional
b7f67959-1be7-4fe5-bdeb-05d5c97582f8,Seoul Bonded Warehouse 4136,Seoul,Seoul,89421,78.74,Distribution
73bd57d4-3d1f-4e89-8e3e-ac9a13e12ce5,Felixstowe Distribution Center 4137,Felixstowe,Felixstowe,36373,41.84,Regional
c18135fe-c5c7-4b40-ac09-d5924451c28e,London Fulfilment Center 4138,London,London,50636,74.56,Regional
e927f1b4-8b3a-43fd-b1e8-09e853e6a565,Seoul Fulfilment Center 4139,Seoul,Seoul,54199,61.53,Distribution
a0bec583-ec8e-41af-add4-e79f0c0ab819,Hamburg Distribution Center 4140,Hamburg,Hamburg,33125,69.77,Distribution
c8642fe9-3edc-444f-ae40-db7a08298013,Abu Dhabi Bonded Warehouse 4141,Abu Dhabi,Abu Dhabi,6237,73.75,Bonded
6f051bfb-6e96-4623-97aa-22d5bb26db9e,Bremen Bonded Warehouse 4142,Bremen,Bremen,93450,54.31,Distribution
33f2ba6e-892e-4311-85aa-b4296320d8b1,Bremen Regional Hub 4143,Bremen,Bremen,41648,91.06,Distribution
52640713-9d23-4ff2-9969-f56b15f032b3,Los Angeles Fulfilment Center 4144,Los Angeles,Los Angeles,30761,69.36,Regional
0bee88cb-3cea-4389-b1f1-28c3f2cef5d5,Tokyo Distribution Center 4145,Tokyo,Tokyo,25469,67.09,Regional
de2a3b20-7b94-4509-be3d-9b2e9176e935,Chicago Fulfilment Center 4146,Chicago,Chicago,32984,59.75,Regional
74e805b0-5f02-4db8-b8e0-cf7c8e266625,Ahmedabad Regional Hub 4147,Ahmedabad,West Bengal,99171,91.14,Bonded
4f71d62c-c637-43a2-a2fd-579c4d6c2eef,Bremen Bonded Warehouse 4148,Bremen,Bremen,13984,46.06,Distribution
c9f8cfce-679b-4359-a873-f5db96e5afd9,Felixstowe Distribution Center 4149,Felixstowe,Felixstowe,73017,78.52,Bonded
2af4cf4a-4ca7-41dc-8083-c2b9e1b0aefb,Singapore Fulfilment Center 4150,Singapore,Singapore,50962,52.84,Distribution
e41d6de1-2324-43d1-83b3-466251b0de02,Osaka Regional Hub 4151,Osaka,Osaka,51956,73.95,Regional
38a7dc0f-6ec8-422e-9952-bc870c4e0250,Busan Distribution Center 4152,Busan,Busan,67231,97.3,Distribution
73f50b29-3282-4810-87fc-b735bc3f97be,Rotterdam Regional Hub 4153,Rotterdam,Rotterdam,36720,84.91,Regional
8167ab29-fd3b-496b-9189-5d8259532de9,Singapore Fulfilment Center 4154,Singapore,Singapore,89371,71.26,Distribution
ddbc6c4e-6c12-4164-a185-609bce94eccd,Amsterdam Distribution Center 4155,Amsterdam,Amsterdam,56604,68.09,Distribution
05658ade-d9cb-4aa6-b90a-46fef3a4b244,Busan Regional Hub 4156,Busan,Busan,39725,84.45,Distribution
41c14694-cba0-4c2a-916f-f077eea90b18,Ningbo Bonded Warehouse 4157,Ningbo,Ningbo,105098,68.17,Distribution
53ef6559-f378-4955-8471-42f58448b5ab,Sharjah Bonded Warehouse 4158,Sharjah,Sharjah,13819,72.29,Regional
0bfd682e-bd41-4cab-b936-053260ec9a29,Yokohama Distribution Center 4159,Yokohama,Yokohama,68487,89.23,Distribution
adc65c29-bbf9-4b9d-b629-d99cd6324fff,Amsterdam Distribution Center 4160,Amsterdam,Amsterdam,39196,98.0,Regional
22983fe2-8c19-48ea-a5ed-48af26e232ae,Hamburg Fulfilment Center 4161,Hamburg,Hamburg,55595,67.01,Distribution
e663e15d-75e4-4db3-8921-4134a1f7223a,Kolkata Bonded Warehouse 4162,Kolkata,Telangana,72903,80.23,Distribution
8134e7f0-b846-4ca8-8ec5-91a55201e17b,New York Regional Hub 4163,New York,New York,95263,69.28,Distribution
f585cf35-a37e-4051-a348-4674d9daddf0,Singapore Fulfilment Center 4164,Singapore,Singapore,117692,72.9,Distribution
8c9f4f01-4e54-4210-80ee-bde73be67367,Ningbo Regional Hub 4165,Ningbo,Ningbo,32643,85.67,Bonded
f099d03c-835c-4e96-8503-b6c0dfbffb59,Hyderabad Distribution Center 4166,Hyderabad,Delhi,73097,74.69,Regional
7f5f2e71-7138-4a55-abc2-dbdc6dcdb980,Amsterdam Fulfilment Center 4167,Amsterdam,Amsterdam,15338,58.85,Regional
38f2bab6-8b9e-4c94-a83d-81d2cccf345e,Los Angeles Distribution Center 4168,Los Angeles,Los Angeles,63757,66.52,Distribution
c111e90d-d85d-4432-a085-dc7cb2a9e2e7,Bremen Regional Hub 4169,Bremen,Bremen,34063,56.33,Regional
ebf83305-07d0-4a73-bbc0-662ad608fdd3,Amsterdam Regional Hub 4170,Amsterdam,Amsterdam,21011,64.66,Distribution
11af53c9-20a5-4e34-baea-0773a251a592,Bremen Bonded Warehouse 4171,Bremen,Bremen,52250,69.91,Regional
91cf1136-1728-4cc5-b2a8-bf3ca2a5f02e,Yokohama Fulfilment Center 4172,Yokohama,Yokohama,9691,73.6,Distribution
b99b16e4-37a8-4921-80ff-02236ac209b7,Singapore Regional Hub 4173,Singapore,Singapore,45039,89.73,Distribution
503eb6a8-e132-4825-8a4b-c2387b0ea289,Osaka Distribution Center 4174,Osaka,Osaka,54668,91.58,Distribution
912dd865-b24e-4246-9611-ab47fa590ec6,Osaka Regional Hub 4175,Osaka,Osaka,33499,67.89,Regional
534e57fa-aab1-4514-99f1-833049dbf3ed,Busan Fulfilment Center 4176,Busan,Busan,113673,55.35,Distribution
36cda618-6d7d-41e4-a643-61698e2d4f56,New York Bonded Warehouse 4177,New York,New York,55955,82.42,Distribution
ca1de86f-18ca-4577-bed7-45ee55251bcd,Seoul Bonded Warehouse 4178,Seoul,Seoul,113120,69.18,Distribution
906f30b9-be2e-4641-aad9-5349aad3711a,Bremen Bonded Warehouse 4179,Bremen,Bremen,69555,80.94,Distribution
976be229-ad6c-4c5a-ad9a-eb8be7b48399,Bremen Distribution Center 4180,Bremen,Bremen,70433,98.0,Regional
7daf7f34-e445-4133-a112-e5774d0c393b,Singapore Fulfilment Center 4181,Singapore,Singapore,58386,85.26,Regional
afb43162-299a-4c11-b775-c456954b5496,Osaka Bonded Warehouse 4182,Osaka,Osaka,34040,89.25,Regional
22cd85b5-f0dc-44ec-9bb8-c85cbb5427e6,Seoul Regional Hub 4183,Seoul,Seoul,40921,98.0,Regional
a3d4d5ef-b60a-4d27-b0dd-0af6c20286a4,Abu Dhabi Regional Hub 4184,Abu Dhabi,Abu Dhabi,83687,74.08,Regional
042ced1c-18f3-4426-a6eb-1bae9b8688f7,Hamburg Regional Hub 4185,Hamburg,Hamburg,68325,54.84,Distribution
d7a8d757-cbd3-4a82-b42f-1e716cd0179e,Bremen Distribution Center 4186,Bremen,Bremen,18062,78.05,Distribution
eaeb201f-8b93-4c4b-84ba-94757c95ed0b,Felixstowe Distribution Center 4187,Felixstowe,Felixstowe,38125,71.48,Regional
dc1ecb6d-795f-4709-94b8-5a1f9136dafa,Shenzhen Bonded Warehouse 4188,Shenzhen,Shenzhen,90629,62.98,Regional
5900fda3-b0d2-4cf5-9c77-3d1f48d7cca1,Dubai Distribution Center 4189,Dubai,Dubai,6589,74.11,Regional
c4025ee0-bb6b-45a0-8363-1b4cd809c00e,Shenzhen Bonded Warehouse 4190,Shenzhen,Shenzhen,107426,59.59,Distribution
95f5c99c-b025-437e-9b83-9ec2bebad3a9,Los Angeles Bonded Warehouse 4191,Los Angeles,Los Angeles,31794,71.18,Distribution
7b799a63-cd79-4f9d-bc8b-9f5d1e9a8aa6,Shenzhen Regional Hub 4192,Shenzhen,Shenzhen,114670,56.31,Bonded
474bff08-4bb0-4b93-a205-0d49cc4469ea,Bremen Bonded Warehouse 4193,Bremen,Bremen,109303,73.39,Distribution
3da8ae9d-bdda-4530-a0da-cef1664fc09c,Osaka Regional Hub 4194,Osaka,Osaka,41077,70.34,Distribution
836ab1c4-1895-4bad-a497-9a3347d01e2e,Manchester Fulfilment Center 4195,Manchester,Manchester,46350,77.19,Regional
7a3edf9c-dfca-492c-b627-bba68f33fb2c,Houston Bonded Warehouse 4196,Houston,Houston,28283,46.32,Distribution
f474a251-e7ee-4c7c-94e0-161b6d34ed5f,Incheon Fulfilment Center 4197,Incheon,Incheon,96909,88.48,Distribution
cd8fc2fa-ecf9-43b7-bc78-3eccb96fdace,Hyderabad Regional Hub 4198,Hyderabad,Telangana,116995,96.11,Regional
99900719-c908-497b-9eda-bcfa5eb8d4a0,Singapore Fulfilment Center 4199,Singapore,Singapore,34987,79.25,Regional
b8cda369-7040-41d6-a4c7-d2e68c73c437,Singapore Bonded Warehouse 4200,Singapore,Singapore,39709,61.73,Regional
830d6a53-ebc0-444c-8c56-84ec3617e1a5,Bremen Distribution Center 4201,Bremen,Bremen,78973,60.58,Distribution
157b0e7e-9e13-4843-a0a0-297b6b4e5df3,Sharjah Fulfilment Center 4202,Sharjah,Sharjah,108357,60.14,Distribution
146e281b-96e3-4f52-b155-79ad79f9a122,Frankfurt Fulfilment Center 4203,Frankfurt,Frankfurt,37991,83.46,Distribution
8900d11d-cf4c-48ad-94a5-f84832098ebe,Singapore Regional Hub 4204,Singapore,Singapore,119969,70.17,Distribution
ecf12f14-92c5-4777-b961-bd9942fdb11f,Frankfurt Bonded Warehouse 4205,Frankfurt,Frankfurt,72381,75.66,Distribution
1662bed5-6d80-4b37-af1a-71e319174360,Amsterdam Bonded Warehouse 4206,Amsterdam,Amsterdam,55709,69.56,Distribution
f274ee05-70a8-492f-890c-23f10c9839b1,Busan Distribution Center 4207,Busan,Busan,19140,72.05,Distribution
370716f9-ae1b-461d-90fd-f9c3c58b39b1,Rotterdam Regional Hub 4208,Rotterdam,Rotterdam,56052,81.85,Distribution
deb5d8df-2ca1-46cb-9604-78575efab49a,Rotterdam Regional Hub 4209,Rotterdam,Rotterdam,114142,87.58,Bonded
e00c1aa3-ff70-4cc6-9b5e-7108b0d5d4f7,Amsterdam Fulfilment Center 4210,Amsterdam,Amsterdam,6493,80.36,Distribution
33ab43ba-b94f-48b9-b062-2f3f584f7431,Rotterdam Fulfilment Center 4211,Rotterdam,Rotterdam,26560,70.77,Distribution
dbc2e35f-d9e2-4b39-9c7a-9de62ea0e46d,Frankfurt Regional Hub 4212,Frankfurt,Frankfurt,86718,86.93,Distribution
d0108da4-de18-4958-92b1-683f5a23fe17,Incheon Bonded Warehouse 4213,Incheon,Incheon,106381,63.4,Regional
c77cee60-e291-4d2a-bc3e-fa82a2f7c160,Sharjah Fulfilment Center 4214,Sharjah,Sharjah,114370,71.93,Regional
ca6e76e7-f819-4b2c-93ce-adbbab1cb1b1,Amsterdam Bonded Warehouse 4215,Amsterdam,Amsterdam,91975,59.04,Bonded
87197793-c906-4e54-8fcc-24ee077084c4,Los Angeles Distribution Center 4216,Los Angeles,Los Angeles,105981,64.73,Distribution
8966b954-2a93-47cb-b95e-ddd74515707a,Shanghai Distribution Center 4217,Shanghai,Shanghai,91353,60.44,Bonded
1c9b3a8b-c486-432b-9e07-df2ef74f78f8,Singapore Bonded Warehouse 4218,Singapore,Singapore,73620,72.9,Bonded
5a180782-2693-4714-bcba-849dba06b928,Tokyo Fulfilment Center 4219,Tokyo,Tokyo,101224,67.74,Distribution
f8a6dae1-fa85-48ed-a5fb-9f86b3b4c01b,Singapore Bonded Warehouse 4220,Singapore,Singapore,69459,66.57,Distribution
913df623-d5e8-408e-bbd0-6142ea4d7ba8,Tokyo Regional Hub 4221,Tokyo,Tokyo,9217,71.54,Distribution
386e464d-0472-4bdf-91f0-ad05949b61be,Chicago Distribution Center 4222,Chicago,Chicago,79673,71.34,Distribution
307baf75-9700-4716-900c-ca9b4223355f,Houston Regional Hub 4223,Houston,Houston,53426,71.4,Bonded
f87cf8e2-9eb5-4bd2-8068-f8a197299584,London Regional Hub 4224,London,London,97605,53.05,Distribution
a453651b-1762-4a7f-93ea-550b6c753d89,Seoul Distribution Center 4225,Seoul,Seoul,35934,77.82,Regional
d95a027b-6a9a-4e62-8614-200ee75f39d5,Houston Distribution Center 4226,Houston,Houston,96665,52.82,Distribution
5461dbe5-e46d-4fe2-aa19-87928756a4fa,Ningbo Fulfilment Center 4227,Ningbo,Ningbo,16303,73.56,Bonded
584b8f31-3cc5-4d5f-b44a-50cea8e72a00,Osaka Regional Hub 4228,Osaka,Osaka,48345,98.0,Regional
61c5a86b-89e4-40e2-be37-d2a9891d1e69,Sharjah Fulfilment Center 4229,Sharjah,Sharjah,108858,56.88,Regional
2baf2d10-e540-4e14-bdad-1e2597782ca3,Yokohama Fulfilment Center 4230,Yokohama,Yokohama,94888,68.07,Distribution
ea5f4d0c-cd5c-4841-90b3-849342b0e731,London Bonded Warehouse 4231,London,London,71505,63.73,Regional
1b967b01-6d1a-484d-84ac-2185293112ca,Tokyo Fulfilment Center 4232,Tokyo,Tokyo,19797,63.36,Regional
e5c73451-6731-428a-91a3-aca37eda602c,New York Bonded Warehouse 4233,New York,New York,65520,80.59,Regional
dd1d23f1-9c44-465b-8cea-00cbc39bc30d,Yokohama Bonded Warehouse 4234,Yokohama,Yokohama,59018,98.0,Regional
a78af18f-6b70-47b5-a23e-50f5f1624c14,Felixstowe Bonded Warehouse 4235,Felixstowe,Felixstowe,70746,91.53,Distribution
21908b45-aecf-4231-9e9b-acf421592a65,New York Bonded Warehouse 4236,New York,New York,14173,76.68,Bonded
e4557a9c-26bf-430f-8758-bd9c65044a0c,Felixstowe Regional Hub 4237,Felixstowe,Felixstowe,53983,68.39,Bonded
4cf89d26-c9ea-49de-a0b8-2b5d7eb1ffa8,Sharjah Fulfilment Center 4238,Sharjah,Sharjah,53880,65.03,Regional
b0b8376e-4515-48f8-b847-c83cac135d03,Ningbo Distribution Center 4239,Ningbo,Ningbo,75336,65.75,Regional
35169d61-e1b4-41d0-ba1c-714e3dedd78e,Chicago Fulfilment Center 4240,Chicago,Chicago,74398,79.48,Regional
16179022-e8b0-4d88-ad79-bb25bfb5d407,Ahmedabad Distribution Center 4241,Ahmedabad,West Bengal,30162,60.36,Distribution
770bc5a0-3af3-44c4-9e61-a3ff428d9dda,Shanghai Fulfilment Center 4242,Shanghai,Shanghai,61039,84.61,Bonded
92e5771b-55c9-44fc-a4f7-0f5f5535d944,Delhi Distribution Center 4243,Delhi,Gujarat,96875,78.43,Regional
9bc36f82-9bd3-47a2-9b8d-c2f79ed19cf1,Sharjah Distribution Center 4244,Sharjah,Sharjah,116349,78.05,Distribution
e0c8abc4-6fea-4948-8418-7de207db3657,Frankfurt Fulfilment Center 4245,Frankfurt,Frankfurt,104302,75.24,Regional
82879600-bf9a-470b-a457-62c075d51c00,Guangzhou Bonded Warehouse 4246,Guangzhou,Guangzhou,9256,78.84,Distribution
91ebc0c7-0e02-4662-a41f-96bfb695e582,Singapore Distribution Center 4247,Singapore,Singapore,39477,83.7,Regional
f5c3e338-af2b-4ef2-b6f8-c5ac3bcd984e,Abu Dhabi Bonded Warehouse 4248,Abu Dhabi,Abu Dhabi,80509,97.1,Distribution
964d2b4d-0446-498c-b40d-b0c499fe2885,Hamburg Fulfilment Center 4249,Hamburg,Hamburg,101660,76.74,Distribution
b9e4db18-d8b3-4e6a-927f-74e2f9ef3386,Ningbo Distribution Center 4250,Ningbo,Ningbo,72720,53.14,Regional
fba474bd-4190-4a41-9947-76d49d2b4f81,Busan Distribution Center 4251,Busan,Busan,110686,42.52,Distribution
254471dd-bd43-4970-b797-26e744d1781e,New York Regional Hub 4252,New York,New York,114206,60.42,Regional
169f9363-a544-4c45-822b-aac55b868e17,Amsterdam Fulfilment Center 4253,Amsterdam,Amsterdam,102451,87.87,Regional
4eab2946-d0d3-446e-b645-3fe08a9317d8,Los Angeles Bonded Warehouse 4254,Los Angeles,Los Angeles,108089,49.76,Regional
c87cc215-f49a-4659-bffe-5e2a67f1fc1c,London Distribution Center 4255,London,London,97315,77.51,Bonded
9e39bd06-de01-41e6-96c5-c0107098a80b,Busan Bonded Warehouse 4256,Busan,Busan,100719,81.41,Distribution
a28be1a5-a452-46e0-81ce-391304eca2b6,Rotterdam Distribution Center 4257,Rotterdam,Rotterdam,70601,66.45,Bonded
c7daa9fe-6705-4a7f-b854-9e586cd01129,Felixstowe Distribution Center 4258,Felixstowe,Felixstowe,25846,67.91,Regional
1c4f2a62-f0fe-428c-85bb-2a0d47f31302,Amsterdam Distribution Center 4259,Amsterdam,Amsterdam,100040,84.48,Distribution
823b409d-1291-40db-94ad-96354298c9e4,Chennai Fulfilment Center 4260,Chennai,Telangana,115122,75.81,Regional
a5bf6d1a-5513-4c87-8ebd-26df2b0d4da4,Ningbo Distribution Center 4261,Ningbo,Ningbo,11040,98.0,Regional
c445b8d5-0750-4416-a215-ed870cb87fec,Amsterdam Fulfilment Center 4262,Amsterdam,Amsterdam,51274,54.4,Regional
d8bbfb90-e65a-4da5-8643-e9d2beba824c,Singapore Regional Hub 4263,Singapore,Singapore,39059,66.73,Regional
3fb86cd6-8fbb-4724-8c13-185c9bbd2ff7,Incheon Distribution Center 4264,Incheon,Incheon,113968,64.33,Distribution
0f79792f-3c05-4a34-98e1-356ddacdc0ca,Ahmedabad Fulfilment Center 4265,Ahmedabad,Tamil Nadu,63049,68.56,Distribution
a3773e42-753c-4f21-a163-a54b99d9a812,Dubai Regional Hub 4266,Dubai,Dubai,45405,75.57,Regional
cebf19b2-96f8-433b-9df3-9dbd6a00a0dc,Dubai Regional Hub 4267,Dubai,Dubai,84732,79.6,Regional
81f93d85-6ec8-42d4-a357-8c33cf095c24,Amsterdam Distribution Center 4268,Amsterdam,Amsterdam,113271,60.49,Distribution
5c4170eb-087f-4789-86b6-50f3d15700a8,Bremen Fulfilment Center 4269,Bremen,Bremen,8694,92.82,Regional
77ed9c1e-ef42-4b3d-af05-3f22e28c556b,Chennai Bonded Warehouse 4270,Chennai,Tamil Nadu,34921,75.47,Distribution
acdef5cd-9148-4f72-87ec-63eb93820fee,Amsterdam Regional Hub 4271,Amsterdam,Amsterdam,27772,63.13,Distribution
496933cd-79ab-493d-af19-a35c147a1122,Hamburg Fulfilment Center 4272,Hamburg,Hamburg,63861,97.05,Distribution
fd023d7d-b029-4443-87e5-da02a8485edb,Osaka Fulfilment Center 4273,Osaka,Osaka,19637,61.44,Regional
d818da0e-24d7-4e1b-86c4-0dacef243db0,London Regional Hub 4274,London,London,80269,56.46,Bonded
b94e3075-4b1e-4003-8c6e-4e0347629a93,Busan Bonded Warehouse 4275,Busan,Busan,21795,61.92,Regional
d54c7a92-edbb-45f5-9de8-cb93690dce19,Hamburg Distribution Center 4276,Hamburg,Hamburg,37005,57.66,Distribution
a48ed0e3-3a91-43bc-8a2d-02dfa28d2884,Singapore Distribution Center 4277,Singapore,Singapore,118167,73.02,Bonded
8bf094cb-734e-429c-8bfa-d941cd837d12,Busan Fulfilment Center 4278,Busan,Busan,87348,65.28,Distribution
65152c22-d861-4c12-85bf-9618601961ba,Singapore Distribution Center 4279,Singapore,Singapore,89368,89.36,Distribution
08013870-cb8c-40d6-a589-0fd2fd91284c,Los Angeles Distribution Center 4280,Los Angeles,Los Angeles,16928,80.19,Distribution
57838569-f981-4b11-b084-f9fcbe1f3f4f,Yokohama Distribution Center 4281,Yokohama,Yokohama,69430,89.62,Distribution
9bdb80ce-46b8-4d7d-91f9-dd4fa2e6b19c,Bremen Bonded Warehouse 4282,Bremen,Bremen,28701,58.24,Distribution
5c8208df-170e-477b-bdd8-400dd7484501,Singapore Bonded Warehouse 4283,Singapore,Singapore,76376,74.8,Regional
d2a31da1-aa26-4ae1-92ef-aa77481a7596,Shenzhen Distribution Center 4284,Shenzhen,Shenzhen,27343,50.2,Distribution
f6c8e7d1-a38f-4896-b657-1dddf9f363ae,New York Bonded Warehouse 4285,New York,New York,18123,76.98,Distribution
f1fbbe30-5747-4b21-bca4-ee91ad7146fb,Seoul Distribution Center 4286,Seoul,Seoul,54154,63.42,Distribution
ab763ff7-154f-419e-8ac6-8e45eb8e2370,Amsterdam Distribution Center 4287,Amsterdam,Amsterdam,25735,80.74,Distribution
1f34da6a-0c9b-450a-8e41-7e19281919b0,Sharjah Regional Hub 4288,Sharjah,Sharjah,35269,84.29,Distribution
d3529d70-2d3e-451b-bac5-e4ce9ad8f1cb,Busan Bonded Warehouse 4289,Busan,Busan,40598,76.56,Distribution
ec016b61-baaf-424d-82f1-7d74a1d3e939,Singapore Fulfilment Center 4290,Singapore,Singapore,109356,74.63,Regional
72a6d939-1f9c-40f9-bdbf-7e3ae1e47ab3,Felixstowe Bonded Warehouse 4291,Felixstowe,Felixstowe,71358,77.19,Distribution
bc4781de-29dc-4411-8d84-878a56f30604,Hyderabad Distribution Center 4292,Hyderabad,Tamil Nadu,39465,75.64,Regional
0140d4d9-d6b5-4618-8d0d-ee4d7cc5f456,Singapore Distribution Center 4293,Singapore,Singapore,63001,65.08,Regional
f40af31d-24ba-494d-a8fd-a46464b80dc4,Kolkata Distribution Center 4294,Kolkata,Delhi,114422,72.32,Distribution
8bb1844d-8177-4194-a0fd-057217f2a64e,Chicago Bonded Warehouse 4295,Chicago,Chicago,34830,64.45,Regional
26f46887-0304-478b-9a4a-06df1fa9dbb6,Rotterdam Distribution Center 4296,Rotterdam,Rotterdam,41074,69.28,Distribution
c9f60080-152b-4dd4-94a0-998fd88a8908,Guangzhou Regional Hub 4297,Guangzhou,Guangzhou,119318,53.54,Distribution
e279127c-6177-4367-8e46-a5b1ae64da80,Singapore Fulfilment Center 4298,Singapore,Singapore,11037,57.51,Bonded
04156fc1-848e-4441-ae9d-88718058e3e1,Singapore Distribution Center 4299,Singapore,Singapore,118861,97.06,Distribution
73e3984f-24c5-4598-886b-12c9db2fe83e,Tokyo Fulfilment Center 4300,Tokyo,Tokyo,39661,64.44,Bonded
0bca2272-5db1-4706-8be5-771ddb7f7447,Singapore Regional Hub 4301,Singapore,Singapore,37213,43.88,Regional
cb714c1b-7417-4c65-a7fd-2b892550fdfb,Rotterdam Distribution Center 4302,Rotterdam,Rotterdam,53131,52.25,Distribution
26d036eb-9a52-4f66-990d-c41742371fc0,Singapore Regional Hub 4303,Singapore,Singapore,88834,61.61,Distribution
2fcf8b0c-6949-4857-9806-53339adf14e7,Singapore Fulfilment Center 4304,Singapore,Singapore,40713,69.52,Bonded
3e95047d-f71e-4243-828e-4835052db241,Singapore Bonded Warehouse 4305,Singapore,Singapore,30088,75.15,Regional
7f13f805-0cb8-435b-938e-2cf19caf7d20,Dubai Bonded Warehouse 4306,Dubai,Dubai,31650,74.94,Distribution
fd2990fd-1bea-4895-beb5-149112331580,New York Regional Hub 4307,New York,New York,7235,79.56,Regional
0ce7784d-9da9-47c9-82ae-f2b7a62b55d5,Shenzhen Fulfilment Center 4308,Shenzhen,Shenzhen,78784,98.0,Distribution
bf9bf571-7cf3-489e-999f-fdf9a85b715d,Abu Dhabi Regional Hub 4309,Abu Dhabi,Abu Dhabi,17424,84.33,Distribution
e51bce0a-a955-4723-9f29-4e1a633cf8ba,Singapore Fulfilment Center 4310,Singapore,Singapore,35559,75.79,Regional
0018e65b-15fa-4449-a741-6662350f1329,Houston Bonded Warehouse 4311,Houston,Houston,48578,72.86,Distribution
cbc5414b-3e74-4661-a027-184b1f73bb83,Osaka Regional Hub 4312,Osaka,Osaka,112566,44.52,Distribution
6da10aec-3880-46e2-ab15-712e89e40b1f,London Distribution Center 4313,London,London,71858,79.1,Distribution
d645eb81-2f39-481d-a118-243ae1c5a910,Mumbai Bonded Warehouse 4314,Mumbai,Delhi,115840,69.48,Bonded
11e2597c-e4ef-4b4c-8404-e97fae992624,Tokyo Distribution Center 4315,Tokyo,Tokyo,112507,89.74,Distribution
b4bf8bb9-6032-43d0-9bb3-0f278b104122,Frankfurt Fulfilment Center 4316,Frankfurt,Frankfurt,109667,81.78,Distribution
c2f29d1d-f6c1-416c-9c8e-a3b4d65eb0a6,Delhi Fulfilment Center 4317,Delhi,Karnataka,59260,80.87,Regional
4cd62c8b-afc1-441d-871d-9d22c211e8b1,Sharjah Bonded Warehouse 4318,Sharjah,Sharjah,111311,67.57,Distribution
8f23e39d-bb8d-4a8f-aa85-c9b036dddd16,Manchester Bonded Warehouse 4319,Manchester,Manchester,66349,70.42,Regional
2b2831c0-4cc8-4c41-8e76-a09054a0542d,Incheon Distribution Center 4320,Incheon,Incheon,119410,58.34,Distribution
7f55bd1a-ef71-4b3a-919f-66b25dbaed11,Shenzhen Fulfilment Center 4321,Shenzhen,Shenzhen,55775,69.63,Regional
62fe75ea-1456-4188-a5ef-22d5522c1a32,Chicago Regional Hub 4322,Chicago,Chicago,16104,92.28,Distribution
de9d7e62-872d-426a-86fe-ab2dd366f02b,Frankfurt Bonded Warehouse 4323,Frankfurt,Frankfurt,15077,69.53,Regional
1fd3d296-1b3c-442a-a484-9ef3d9dc4b5e,Hamburg Regional Hub 4324,Hamburg,Hamburg,107180,85.83,Regional
e7a77e29-b9dd-45f8-b433-a30592545979,Kolkata Regional Hub 4325,Kolkata,West Bengal,61542,67.88,Regional
1184c455-414b-4b42-ae45-95843e7b51cd,Chicago Bonded Warehouse 4326,Chicago,Chicago,105559,81.35,Regional
b6e5c7d0-5177-431e-ad8b-89f5ada7da60,Dubai Fulfilment Center 4327,Dubai,Dubai,12415,90.19,Distribution
13fef88d-31d9-4002-9356-8b5c5c2dc713,Guangzhou Distribution Center 4328,Guangzhou,Guangzhou,105146,69.78,Regional
ce6d4f8a-d55d-4069-a4fb-f2d0e3eb3309,London Regional Hub 4329,London,London,34716,60.04,Distribution
66015703-3182-4883-b662-9d427310f08d,Singapore Bonded Warehouse 4330,Singapore,Singapore,23576,77.78,Bonded
0ba44422-2e2a-4b42-b108-b9ba3fae5ecb,Bremen Regional Hub 4331,Bremen,Bremen,86566,76.56,Distribution
23b21021-0ad8-4894-adfd-88481cb16807,Hamburg Bonded Warehouse 4332,Hamburg,Hamburg,29359,64.13,Regional
89f26ffe-d51a-4153-92cd-070e133d25b0,Bremen Regional Hub 4333,Bremen,Bremen,26003,93.19,Distribution
78616c4e-3dc8-4261-bb99-89aa697dccab,Delhi Fulfilment Center 4334,Delhi,Telangana,74736,79.21,Regional
c0a9cff7-70fd-48a0-a4d4-f028896227a3,Incheon Distribution Center 4335,Incheon,Incheon,113604,84.53,Distribution
8acdbf1f-eee6-40e2-bda8-8434cfdf9922,Frankfurt Fulfilment Center 4336,Frankfurt,Frankfurt,87289,66.76,Distribution
dffe88c0-4908-4e2d-951e-a7be3997f7bc,Manchester Bonded Warehouse 4337,Manchester,Manchester,81239,78.19,Distribution
4cdbba2c-fdfc-4a39-a6fa-c4c298729895,Rotterdam Fulfilment Center 4338,Rotterdam,Rotterdam,53260,74.63,Distribution
24a3a901-ce8b-4e53-a389-28c24c075647,Yokohama Bonded Warehouse 4339,Yokohama,Yokohama,65905,62.11,Distribution
a23f0361-7a03-4599-9d39-4a11c13dfe3d,Ningbo Fulfilment Center 4340,Ningbo,Ningbo,114207,76.28,Distribution
a4b79f85-0f9b-438d-9f8f-31452b673594,Abu Dhabi Bonded Warehouse 4341,Abu Dhabi,Abu Dhabi,59119,45.79,Distribution
9dc28eb6-aa5b-4616-8b5c-227d733cb7e6,Los Angeles Bonded Warehouse 4342,Los Angeles,Los Angeles,40760,63.95,Distribution
6f2f0ad3-3ee2-42b6-9c8b-685b2747dfb5,Yokohama Regional Hub 4343,Yokohama,Yokohama,37497,61.33,Regional
f30c7697-0cf6-4245-891e-8aeac4420988,Frankfurt Regional Hub 4344,Frankfurt,Frankfurt,56109,71.25,Distribution
e5e1766f-3c71-47d0-ac0a-fb950ad41f85,Yokohama Regional Hub 4345,Yokohama,Yokohama,115210,71.01,Regional
2f64fd24-989d-4011-a77f-eb1c41e1d693,Abu Dhabi Regional Hub 4346,Abu Dhabi,Abu Dhabi,53592,60.63,Regional
dd96d442-8019-4875-83d3-7c599ae38e1d,Tokyo Fulfilment Center 4347,Tokyo,Tokyo,14087,76.99,Bonded
034e952e-d54b-4ba5-9d76-8ff976c50109,Felixstowe Regional Hub 4348,Felixstowe,Felixstowe,61831,86.26,Distribution
c8143d85-f11d-4144-8830-a97bbeaec95b,Mumbai Fulfilment Center 4349,Mumbai,Delhi,90345,68.05,Regional
97e98b34-1294-4eca-b61c-548f61dab3bb,Sharjah Bonded Warehouse 4350,Sharjah,Sharjah,61631,67.61,Regional
599f6ce8-24d6-459a-98fb-0b47af825b48,Felixstowe Distribution Center 4351,Felixstowe,Felixstowe,67816,65.37,Regional
333bc203-4b06-4bae-8e17-fd8aca585c1f,Amsterdam Bonded Warehouse 4352,Amsterdam,Amsterdam,116732,79.89,Distribution
55e73ec0-90a2-4cb1-9343-dbd4685b4a16,New York Fulfilment Center 4353,New York,New York,97682,50.23,Regional
3d6deb37-f8f3-4b73-9f1b-24f71573664d,Amsterdam Regional Hub 4354,Amsterdam,Amsterdam,83171,85.5,Distribution
b4b98848-8a70-450d-bd8c-c86cd0d09b60,Dubai Fulfilment Center 4355,Dubai,Dubai,39768,82.98,Regional
a3c25d65-f14a-4c30-baa2-9a6bc60c7139,Osaka Bonded Warehouse 4356,Osaka,Osaka,45250,72.26,Distribution
93f15b33-99e7-4b9c-b45d-2706a0a8edfb,Felixstowe Distribution Center 4357,Felixstowe,Felixstowe,99699,45.6,Distribution
d6116429-c58a-4b7a-9a25-5f4903bc3feb,Frankfurt Bonded Warehouse 4358,Frankfurt,Frankfurt,41648,74.38,Distribution
d90c6c8d-f7a2-496e-be41-93baf51f5d5f,Dubai Bonded Warehouse 4359,Dubai,Dubai,32061,63.59,Distribution
a25c0abd-e947-422e-9365-38151bbab0d1,Dubai Distribution Center 4360,Dubai,Dubai,116887,73.87,Distribution
7c872a16-81c9-4694-892f-5fdd1c114d38,Amsterdam Distribution Center 4361,Amsterdam,Amsterdam,109224,68.89,Distribution
aae519e5-8874-4c34-8d7a-49c5e0a0718a,Sharjah Fulfilment Center 4362,Sharjah,Sharjah,66175,73.16,Distribution
5e957440-3899-4c8f-a3c5-aacbd4ab15f5,Bremen Distribution Center 4363,Bremen,Bremen,110351,65.78,Regional
aec4ba67-6521-4498-b56f-3d0fa6cf5244,Rotterdam Bonded Warehouse 4364,Rotterdam,Rotterdam,97823,88.92,Bonded
f70234e3-d56e-4340-87be-e3f6788cc4bc,Bremen Bonded Warehouse 4365,Bremen,Bremen,55773,77.31,Regional
519ec28a-818d-4965-9f21-ea279d0f5eed,Felixstowe Distribution Center 4366,Felixstowe,Felixstowe,20506,93.38,Bonded
95939fd0-a87a-41a1-960e-23e7399ce5c1,Felixstowe Bonded Warehouse 4367,Felixstowe,Felixstowe,37317,70.69,Distribution
c2f43551-071b-4047-9e1e-f72d2a428bc3,Felixstowe Regional Hub 4368,Felixstowe,Felixstowe,55372,62.04,Distribution
8f067a9c-895f-4054-bb60-4e1a8c9e423e,Shenzhen Regional Hub 4369,Shenzhen,Shenzhen,101872,59.72,Regional
1f2b05d5-dbef-4329-ad65-2c622208188a,Sharjah Distribution Center 4370,Sharjah,Sharjah,72995,81.19,Bonded
ae4246f9-ba8b-4204-9b26-282bbf132023,Frankfurt Regional Hub 4371,Frankfurt,Frankfurt,100144,79.0,Bonded
b7228b75-5dd1-4cc7-af9a-4c4444a6773a,Shenzhen Bonded Warehouse 4372,Shenzhen,Shenzhen,22309,79.7,Distribution
1f567ba7-27f3-4be5-8fca-374a6cddfbb1,Shenzhen Regional Hub 4373,Shenzhen,Shenzhen,112636,80.99,Regional
82702562-17bc-45aa-888b-de90bce1da36,Incheon Fulfilment Center 4374,Incheon,Incheon,15893,56.99,Regional
11c16cbd-b0d3-4de8-9698-3c3e8cfe536a,Sharjah Bonded Warehouse 4375,Sharjah,Sharjah,92119,66.6,Distribution
75cc9636-1660-4dc7-b035-d4fb42da7019,Frankfurt Regional Hub 4376,Frankfurt,Frankfurt,22763,73.8,Distribution
2dd32c9b-4d06-4a28-95a3-7fd801715be3,Los Angeles Bonded Warehouse 4377,Los Angeles,Los Angeles,76447,78.08,Distribution
0fe9ff7b-8759-41b6-8340-da712a01d8ab,Osaka Distribution Center 4378,Osaka,Osaka,67405,59.18,Bonded
56097499-49df-4c3a-9fc8-29b4a83fe5a8,Dubai Distribution Center 4379,Dubai,Dubai,91489,77.72,Distribution
79b4f6a1-653b-4cdb-b19d-5753a45c084a,Busan Bonded Warehouse 4380,Busan,Busan,71113,81.28,Distribution
5f45d694-af4f-46e8-b9cf-4ecfb352678d,Shenzhen Distribution Center 4381,Shenzhen,Shenzhen,13961,54.95,Distribution
c170b202-1ed1-495e-9abc-890ea22d6fdd,Seoul Fulfilment Center 4382,Seoul,Seoul,90058,59.34,Distribution
1882ece4-fc1f-4592-af9b-6ece2672d4a2,London Regional Hub 4383,London,London,71696,74.05,Distribution
332a024a-89e7-4a0f-adce-f32307bbdcc0,Kolkata Regional Hub 4384,Kolkata,Gujarat,61073,57.54,Distribution
5217e1ea-4652-4491-b9e0-340623ca4f61,Felixstowe Distribution Center 4385,Felixstowe,Felixstowe,77006,73.13,Distribution
98f7eb32-f74d-4269-ae00-a1be5d80ad6f,Abu Dhabi Distribution Center 4386,Abu Dhabi,Abu Dhabi,60862,58.8,Regional
646d093c-0700-4ef8-a220-9eb325a0ae46,Bremen Regional Hub 4387,Bremen,Bremen,97588,81.05,Distribution
34a084cf-b2dc-4eb4-91c6-809412d58865,Sharjah Fulfilment Center 4388,Sharjah,Sharjah,81499,67.0,Bonded
d044f466-d125-427e-8ce6-d1cf50ecad68,Singapore Fulfilment Center 4389,Singapore,Singapore,114078,82.85,Regional
8fe16c10-297f-466c-a035-f1eb2135c646,Hamburg Regional Hub 4390,Hamburg,Hamburg,34639,59.77,Distribution
648fe701-108e-4837-b1d0-fb462b25dba0,Frankfurt Regional Hub 4391,Frankfurt,Frankfurt,118768,68.35,Distribution
4692b93f-a608-4f85-ac0f-6bda0c9caee8,Guangzhou Fulfilment Center 4392,Guangzhou,Guangzhou,41362,72.3,Distribution
f4bd26de-d5be-409d-8644-6045d1b46eac,Delhi Regional Hub 4393,Delhi,Karnataka,21363,69.65,Regional
b28d66ad-aca5-4fc0-9a7d-58556d9801fc,Amsterdam Bonded Warehouse 4394,Amsterdam,Amsterdam,40457,65.77,Regional
c5c545aa-b663-4cd3-b85f-919dfb59d6bb,Amsterdam Bonded Warehouse 4395,Amsterdam,Amsterdam,28873,80.29,Regional
7ad251b7-4d1e-4f68-b471-547252855cf1,Ahmedabad Regional Hub 4396,Ahmedabad,Maharashtra,60582,72.82,Distribution
dfc36bd4-eb45-47e6-a568-dbb4b8041927,Incheon Fulfilment Center 4397,Incheon,Incheon,77965,98.0,Bonded
a9df3cb0-bfc3-4e10-a401-801d0bfbf1ed,Chicago Fulfilment Center 4398,Chicago,Chicago,16998,60.85,Distribution
5f113cc6-683d-42c8-a862-7b4d237ba446,Yokohama Distribution Center 4399,Yokohama,Yokohama,26625,97.62,Regional
25c5645d-5c75-4c6f-a35a-427ac73c62d0,Ningbo Bonded Warehouse 4400,Ningbo,Ningbo,57185,79.56,Distribution
d9e9c10f-ef81-4778-8fcf-f2aab500cc25,Rotterdam Distribution Center 4401,Rotterdam,Rotterdam,84173,39.89,Regional
a294c4a5-f437-499b-83fa-2fa2e130efde,Frankfurt Distribution Center 4402,Frankfurt,Frankfurt,92823,73.14,Distribution
19118b52-c2ba-4709-80e3-975b6eb8f578,Amsterdam Distribution Center 4403,Amsterdam,Amsterdam,72712,73.97,Regional
5b8a029a-dbb1-4843-b223-422437689c27,Amsterdam Bonded Warehouse 4404,Amsterdam,Amsterdam,15409,86.65,Distribution
c802ff72-4990-4a9c-9946-6c177fbee7b9,Amsterdam Distribution Center 4405,Amsterdam,Amsterdam,6398,78.02,Regional
290e241e-4847-4b0a-b098-19c0dff54ec8,Shenzhen Fulfilment Center 4406,Shenzhen,Shenzhen,41159,92.14,Distribution
90042cc2-c2c9-4e7d-a235-400c8309c7e3,Sharjah Fulfilment Center 4407,Sharjah,Sharjah,83898,70.99,Distribution
3159cae7-313a-422e-8656-df6ea67b5e91,Singapore Fulfilment Center 4408,Singapore,Singapore,73678,66.19,Distribution
c11b6962-8634-4e7c-9642-fc4f31f1afb0,Felixstowe Bonded Warehouse 4409,Felixstowe,Felixstowe,23557,67.88,Distribution
033c3444-f144-4b57-9773-aa9abc4727d4,Delhi Fulfilment Center 4410,Delhi,Karnataka,99431,71.3,Regional
d9eb296b-255d-4cb3-adfc-caa43df80051,Abu Dhabi Bonded Warehouse 4411,Abu Dhabi,Abu Dhabi,116977,57.02,Distribution
6a34f5c4-06e2-4db7-bcfb-20f7e605834c,Sharjah Regional Hub 4412,Sharjah,Sharjah,113138,64.41,Distribution
be540be1-9b77-4a6c-9a67-795672e05833,Dubai Fulfilment Center 4413,Dubai,Dubai,44067,67.44,Distribution
5b4eb43d-7ebf-4c0d-af8a-ebe3e2c93bcd,Abu Dhabi Regional Hub 4414,Abu Dhabi,Abu Dhabi,89066,98.0,Distribution
c7a40dd0-0587-42c1-b88d-b1194525c143,Hamburg Regional Hub 4415,Hamburg,Hamburg,33394,63.16,Regional
05680ba3-43d8-4644-8cbc-1a500bdf1c5b,Osaka Regional Hub 4416,Osaka,Osaka,115143,81.97,Distribution
32f181d4-6299-4397-a6f8-8f49714339d4,Osaka Regional Hub 4417,Osaka,Osaka,14932,45.53,Regional
e2b21d39-11f4-42a8-b1b2-77702fb396ef,Frankfurt Distribution Center 4418,Frankfurt,Frankfurt,27952,66.95,Bonded
c8f5636c-ff71-48f3-be4f-9334ef17936a,Yokohama Fulfilment Center 4419,Yokohama,Yokohama,12112,70.11,Distribution
f732cc13-9aba-4544-aeb8-aa4bb904475e,Chennai Regional Hub 4420,Chennai,Gujarat,85047,59.27,Distribution
c95c7a3c-a686-422e-bf5b-7cc5ee3de3c3,Singapore Bonded Warehouse 4421,Singapore,Singapore,75280,60.39,Distribution
02cf5ee0-13be-4689-900d-b5fd70a9c2ee,Yokohama Bonded Warehouse 4422,Yokohama,Yokohama,7705,66.22,Bonded
0a9355e3-e1b3-493a-a533-8388d85dfa5f,Felixstowe Bonded Warehouse 4423,Felixstowe,Felixstowe,72870,83.46,Regional
15f64da1-ec1c-4c50-a4e1-217424a56160,Chennai Fulfilment Center 4424,Chennai,Tamil Nadu,21571,54.73,Distribution
54be92f2-fd27-4bd6-9625-913c6c01b349,Manchester Distribution Center 4425,Manchester,Manchester,99333,68.1,Regional
af3e7bf9-687e-4903-a18e-0d20b80e551b,Manchester Fulfilment Center 4426,Manchester,Manchester,15119,41.26,Distribution
50afc3f6-ab84-4382-82fa-3483223c2517,Houston Fulfilment Center 4427,Houston,Houston,15318,66.04,Bonded
49d603df-227e-4cf0-b2da-88a5cfa22a27,Chicago Bonded Warehouse 4428,Chicago,Chicago,9913,69.85,Regional
bf2b7bf8-0820-4bb0-8330-78941204e9cb,Felixstowe Regional Hub 4429,Felixstowe,Felixstowe,41652,72.64,Distribution
3d859005-3bb7-4b4b-9897-88e8061b0b2e,Singapore Distribution Center 4430,Singapore,Singapore,8533,69.84,Distribution
bf0aa479-bb42-4f56-b14f-51cd757a4d9c,Bremen Regional Hub 4431,Bremen,Bremen,18986,81.09,Bonded
cf05f2e8-78d8-4e0d-9dc0-ca471b1f2e33,Frankfurt Fulfilment Center 4432,Frankfurt,Frankfurt,102214,66.99,Distribution
487634db-5947-48f5-ba45-36124b52a27d,Yokohama Fulfilment Center 4433,Yokohama,Yokohama,56234,77.95,Regional
1de39d4c-80b6-40ef-ae17-29f7bd67d230,Rotterdam Distribution Center 4434,Rotterdam,Rotterdam,60623,69.18,Distribution
9882eb04-4873-43f5-9070-89307381cad1,Singapore Fulfilment Center 4435,Singapore,Singapore,29255,61.91,Distribution
b32e6ea1-aa32-4215-8000-92f89b74f973,Los Angeles Distribution Center 4436,Los Angeles,Los Angeles,51092,75.96,Distribution
96e224d7-1e1a-4286-8255-89ed4c7b193b,Hamburg Regional Hub 4437,Hamburg,Hamburg,52906,88.92,Distribution
740d3163-0714-4e5d-bf69-d96621139daa,Shenzhen Bonded Warehouse 4438,Shenzhen,Shenzhen,62100,68.76,Regional
d3ee23e4-f52b-495d-8887-9e2fcef991c2,Yokohama Bonded Warehouse 4439,Yokohama,Yokohama,75619,56.8,Distribution
cfa0a799-1292-431c-beaa-2f9983419798,Chicago Distribution Center 4440,Chicago,Chicago,63656,74.89,Regional
c9e2acb5-adc8-44be-b5f9-c9461a0f1e66,Manchester Fulfilment Center 4441,Manchester,Manchester,110235,71.39,Distribution
e9f54490-5b92-4249-aec0-23449a1f2dd6,Manchester Fulfilment Center 4442,Manchester,Manchester,28240,60.86,Regional
8617aec9-0e7b-4f3e-90c8-f314712c7247,Tokyo Distribution Center 4443,Tokyo,Tokyo,50705,80.95,Distribution
c5cbe565-fb3a-4765-99b1-0fb6a1d47acc,Chicago Fulfilment Center 4444,Chicago,Chicago,44145,67.87,Distribution
1deadd80-cef9-4681-8b1d-2655612da43c,Incheon Distribution Center 4445,Incheon,Incheon,54219,78.62,Regional
e4344a09-a9a1-4ba2-aae6-66178e98b48e,Osaka Bonded Warehouse 4446,Osaka,Osaka,36308,64.74,Distribution
eedd0264-4b2c-42c7-9a3a-028ca620e0ee,Manchester Regional Hub 4447,Manchester,Manchester,103501,78.0,Distribution
60de27c5-ce05-4f75-a3eb-fc7929693717,Rotterdam Bonded Warehouse 4448,Rotterdam,Rotterdam,110440,74.47,Distribution
0f45d335-3b13-48c6-aaae-620b000e06ca,Shenzhen Fulfilment Center 4449,Shenzhen,Shenzhen,45595,86.54,Distribution
9bc3ec40-efaf-44bc-8b6b-b801b9c36a00,Busan Fulfilment Center 4450,Busan,Busan,70063,56.71,Distribution
584ce218-fe19-4e35-84d2-4a02bd5be207,Ningbo Fulfilment Center 4451,Ningbo,Ningbo,21509,57.94,Regional
d80bd96f-cfdb-4291-87bb-b29547950900,Sharjah Fulfilment Center 4452,Sharjah,Sharjah,97423,48.04,Distribution
69c8c9cd-d9d6-4e95-baa3-5f3aa62ec412,Amsterdam Bonded Warehouse 4453,Amsterdam,Amsterdam,88504,78.91,Regional
0a2e1430-f011-496e-b678-a89f71012e30,Manchester Distribution Center 4454,Manchester,Manchester,57987,63.47,Distribution
38e0c9ad-5547-4eeb-9e3c-b644b85118da,Chicago Bonded Warehouse 4455,Chicago,Chicago,15066,64.77,Distribution
093ed5af-c96c-4930-b72c-ea6cdaf0f7b4,Kolkata Distribution Center 4456,Kolkata,Gujarat,80776,75.77,Distribution
14dd734f-2634-4221-b9e4-0de7282cf8f7,Shanghai Fulfilment Center 4457,Shanghai,Shanghai,41879,82.81,Distribution
dee96dc2-66c7-4add-8a51-d2d657d3e5f5,Amsterdam Distribution Center 4458,Amsterdam,Amsterdam,45357,50.87,Distribution
d379af11-0388-47a2-84f9-2ba19d35d20d,Ahmedabad Bonded Warehouse 4459,Ahmedabad,Delhi,109830,82.51,Bonded
d590e309-b948-4a46-831f-4b634e112f84,Hamburg Regional Hub 4460,Hamburg,Hamburg,24010,66.77,Bonded
58a7ba02-8025-462f-9e31-dc69ce88c155,Los Angeles Distribution Center 4461,Los Angeles,Los Angeles,5969,55.33,Regional
4aff4e75-b367-4454-bf7e-338a103aac2d,Sharjah Distribution Center 4462,Sharjah,Sharjah,64240,85.26,Bonded
b5a80fe6-c76f-487b-a522-4683c79a2b1d,Houston Distribution Center 4463,Houston,Houston,62320,81.22,Regional
d1655e1d-c828-41ed-81ae-ffddcc8f3368,Delhi Fulfilment Center 4464,Delhi,West Bengal,108170,58.74,Regional
e6731afd-35bc-4ddf-8432-a0ba4c570ef5,Hamburg Regional Hub 4465,Hamburg,Hamburg,104370,76.52,Distribution
682cd03e-dbca-4f17-a898-4112bda31643,Guangzhou Regional Hub 4466,Guangzhou,Guangzhou,76089,87.77,Distribution
b270b68e-63a9-4159-aec8-0890596c56f1,Tokyo Distribution Center 4467,Tokyo,Tokyo,94283,57.76,Distribution
b4825d38-6178-4fd7-8e9f-d7ebe32c7cb3,Seoul Bonded Warehouse 4468,Seoul,Seoul,98173,86.27,Distribution
5e7d1848-35aa-4e9e-aba9-764440ce54cd,Houston Distribution Center 4469,Houston,Houston,99523,98.0,Regional
cf1d38b3-22e5-4bcb-96ac-fee1eefedb87,Ningbo Distribution Center 4470,Ningbo,Ningbo,81526,75.0,Distribution
1b64eeca-0266-43f2-85f3-d2c727ccf081,Singapore Distribution Center 4471,Singapore,Singapore,48284,75.62,Bonded
ed25a08a-d77c-4668-9160-87021af04564,Felixstowe Distribution Center 4472,Felixstowe,Felixstowe,27374,91.02,Distribution
4dd92130-826c-412b-9701-32871a441963,Hamburg Fulfilment Center 4473,Hamburg,Hamburg,37101,73.75,Regional
e669ea96-d3e4-450b-8d85-dc95d6ba9af1,New York Bonded Warehouse 4474,New York,New York,7138,79.05,Distribution
2b0e16b3-3524-404c-af57-2ba17de1684e,Frankfurt Regional Hub 4475,Frankfurt,Frankfurt,47998,81.48,Distribution
3407a688-aba8-4d3f-9f16-7796437f6df3,Ningbo Distribution Center 4476,Ningbo,Ningbo,98841,92.95,Distribution
6893721f-1266-4c3d-8394-30f135ea0a20,Chicago Bonded Warehouse 4477,Chicago,Chicago,37931,84.81,Distribution
33e01be1-0173-4aac-ae59-4539bcfc757c,Rotterdam Bonded Warehouse 4478,Rotterdam,Rotterdam,20298,66.62,Distribution
fd46e5dd-0c86-4b88-b34b-e7614a6ef820,Frankfurt Distribution Center 4479,Frankfurt,Frankfurt,16633,64.41,Distribution
5396e11a-c8d0-4c9d-ba63-836d09dcdcd2,Bremen Regional Hub 4480,Bremen,Bremen,32219,69.62,Distribution
868e8f45-32e6-4827-9cdc-3bdeff0c645f,Dubai Fulfilment Center 4481,Dubai,Dubai,118990,55.18,Regional
fe88a002-b4f7-4fe9-97eb-b320268d1cdd,Rotterdam Bonded Warehouse 4482,Rotterdam,Rotterdam,91136,48.61,Distribution
816ec8b5-6ef0-4f94-8d53-954dcccff2d8,Chennai Bonded Warehouse 4483,Chennai,Gujarat,111635,78.98,Distribution
c6e33307-8dbc-42fb-9190-cded7e66dcc0,Hamburg Bonded Warehouse 4484,Hamburg,Hamburg,46271,59.77,Distribution
636091fa-4498-4e19-acfa-24f6c2e242f9,Yokohama Fulfilment Center 4485,Yokohama,Yokohama,83825,78.95,Regional
3c2021ae-4779-481e-81d9-17023c18a17c,Rotterdam Fulfilment Center 4486,Rotterdam,Rotterdam,17789,74.41,Regional
c086f7cf-d051-4624-8d0e-4c740228d3de,Amsterdam Distribution Center 4487,Amsterdam,Amsterdam,90999,73.3,Regional
ec9b4668-c896-46be-b0aa-355d5879e511,Osaka Bonded Warehouse 4488,Osaka,Osaka,24578,75.41,Distribution
cc2e6aed-a1a9-4398-b631-ab533aac29c9,New York Distribution Center 4489,New York,New York,75720,89.58,Distribution
12519974-dc32-42a3-b76b-241babc3c344,Ningbo Distribution Center 4490,Ningbo,Ningbo,57387,72.23,Distribution
8ed3e821-98da-4718-afa5-c7bedfcc3fff,Ahmedabad Regional Hub 4491,Ahmedabad,Tamil Nadu,98408,63.53,Bonded
32557505-0183-421c-ada0-a43ce247d5a6,Tokyo Fulfilment Center 4492,Tokyo,Tokyo,47494,54.61,Bonded
f5c387e3-e099-43d9-a079-ad5f66ded6be,Hamburg Bonded Warehouse 4493,Hamburg,Hamburg,47100,58.07,Distribution
b279e42f-acff-44a4-b61e-0ba652ea3531,Yokohama Bonded Warehouse 4494,Yokohama,Yokohama,107029,68.16,Distribution
6fac454d-c939-43f7-9183-5281271024a1,Tokyo Regional Hub 4495,Tokyo,Tokyo,72493,52.06,Distribution
30d7bb4e-3ff2-4797-9c01-e939c82a76b7,Sharjah Fulfilment Center 4496,Sharjah,Sharjah,87940,59.49,Regional
230b97a5-7f59-4bde-9b7b-33f06f6a806e,Yokohama Fulfilment Center 4497,Yokohama,Yokohama,112073,75.68,Distribution
0269861e-befe-4024-bace-7ccf25f81176,Rotterdam Fulfilment Center 4498,Rotterdam,Rotterdam,100409,61.46,Bonded
f8c22e3b-18bb-4745-93f5-7cfdbc48b719,Shanghai Distribution Center 4499,Shanghai,Shanghai,74160,73.38,Distribution
945cc047-1a0e-4363-90c7-ee779d3eaf6f,Hyderabad Regional Hub 4500,Hyderabad,West Bengal,58198,70.66,Bonded
e891d9e7-b362-43ee-88bc-0483a3463d96,Busan Distribution Center 4501,Busan,Busan,70304,75.63,Distribution
29b48048-964f-47bb-ba00-1a5e037e0f9d,Bremen Bonded Warehouse 4502,Bremen,Bremen,25157,69.6,Distribution
f7bfdd9a-9286-461a-86dc-1d5e2a645c62,Delhi Fulfilment Center 4503,Delhi,Gujarat,112767,68.42,Bonded
5118e88b-bc74-4d04-bb48-eb7338d4275a,Singapore Bonded Warehouse 4504,Singapore,Singapore,48739,90.69,Regional
0a4b1d33-9455-494d-beea-fdec56bcd2ec,London Bonded Warehouse 4505,London,London,99047,70.26,Distribution
5306fb2f-1e34-4024-8e79-088676e13a20,Kolkata Fulfilment Center 4506,Kolkata,Telangana,17962,60.61,Regional
9ea5804e-0f37-4414-b6d7-1ea144296751,Los Angeles Fulfilment Center 4507,Los Angeles,Los Angeles,67277,93.44,Distribution
1738ad94-8a74-46c0-9276-1201ce6361f8,Manchester Regional Hub 4508,Manchester,Manchester,110942,85.73,Regional
89faa169-9aea-4693-904b-fb25c8b3a96d,Abu Dhabi Fulfilment Center 4509,Abu Dhabi,Abu Dhabi,87660,58.64,Distribution
7602da9a-53ed-45bc-b699-6cfd0bd4856a,Sharjah Regional Hub 4510,Sharjah,Sharjah,48230,63.22,Distribution
c480c78c-c801-4cfb-b7c6-dc5003fe3b03,Sharjah Distribution Center 4511,Sharjah,Sharjah,106515,98.0,Distribution
6d9db6ef-0cb3-4a05-bcd8-0f3cdac0421d,Frankfurt Bonded Warehouse 4512,Frankfurt,Frankfurt,59156,88.54,Distribution
a11a4fb1-f193-482a-975f-1860c7629a9d,Frankfurt Regional Hub 4513,Frankfurt,Frankfurt,42899,60.67,Distribution
0c16e070-fae8-44b5-9903-f73b23479b49,Singapore Regional Hub 4514,Singapore,Singapore,43286,39.57,Distribution
7e896960-2ff3-4309-b4a5-2b90a406c781,Busan Fulfilment Center 4515,Busan,Busan,20979,78.61,Regional
0a657c8c-3e81-4dae-96f7-48acacc77dd2,Singapore Bonded Warehouse 4516,Singapore,Singapore,49750,79.07,Distribution
0bcae3e0-6a76-44ff-bff5-78a24a414cf5,Hyderabad Bonded Warehouse 4517,Hyderabad,Gujarat,87804,77.93,Bonded
5ad45226-517c-4101-b754-64348ce4d2c1,Frankfurt Distribution Center 4518,Frankfurt,Frankfurt,37413,93.51,Distribution
334b0994-37cd-4766-ab4b-247a5dd51baf,Singapore Fulfilment Center 4519,Singapore,Singapore,7068,61.71,Bonded
7f370d7e-c155-4abd-898d-c62c9e42a2b7,Seoul Bonded Warehouse 4520,Seoul,Seoul,66798,55.2,Distribution
abad85ac-f05c-4c68-b572-eab89efaef50,Singapore Fulfilment Center 4521,Singapore,Singapore,53719,59.22,Bonded
66eff844-2d85-4672-b217-53c742288423,London Bonded Warehouse 4522,London,London,117961,90.53,Bonded
fbc28c7f-7ff7-4a8b-b429-bd4dfde22446,Ahmedabad Regional Hub 4523,Ahmedabad,Maharashtra,117160,71.25,Distribution
d7ba6eba-5311-4c24-b2ac-9cdde57232cc,Delhi Distribution Center 4524,Delhi,Maharashtra,109360,63.3,Distribution
7f54a9bb-0ada-438e-9e31-8779c23493f8,New York Distribution Center 4525,New York,New York,77273,88.25,Regional
abb6bde3-1008-4c2e-9922-1a823416478e,Yokohama Regional Hub 4526,Yokohama,Yokohama,57005,78.35,Distribution
9e70f70c-c0b9-43b4-959c-f134bd69bc0a,Bremen Regional Hub 4527,Bremen,Bremen,57146,70.29,Regional
a5b04581-d508-4175-9040-811626e38dbb,Chennai Distribution Center 4528,Chennai,Karnataka,23336,68.74,Distribution
1e827db5-a53a-4385-9fe3-1ae5194acba2,Dubai Bonded Warehouse 4529,Dubai,Dubai,87538,77.81,Regional
6bbc78ec-26ec-40ca-b826-7fc5623b68f8,Frankfurt Bonded Warehouse 4530,Frankfurt,Frankfurt,35874,96.39,Bonded
ba79d007-9a91-442d-9a0d-546c3447d2f6,Incheon Distribution Center 4531,Incheon,Incheon,26939,58.41,Regional
bea2982c-06ba-4a7d-bdfb-e5ee2848b90f,Manchester Regional Hub 4532,Manchester,Manchester,91162,60.93,Distribution
85bb49f7-4a89-4898-89d8-215e3892dd92,Singapore Distribution Center 4533,Singapore,Singapore,47088,84.33,Bonded
34712d33-6be3-4b51-8c79-8a327edef2a9,Seoul Fulfilment Center 4534,Seoul,Seoul,32067,77.93,Bonded
8805a313-c856-4b27-85d7-07d1be9bd2bc,Sharjah Distribution Center 4535,Sharjah,Sharjah,63020,86.3,Distribution
c48ac815-9e53-418f-84b2-dd45b97c1dcc,Tokyo Fulfilment Center 4536,Tokyo,Tokyo,112445,63.77,Regional
252f036e-dd01-4f67-8261-83cd3eb2ea1e,Incheon Fulfilment Center 4537,Incheon,Incheon,110451,79.77,Distribution
1a9b9ee2-5ec0-43d4-ac38-e28c019588e1,Osaka Bonded Warehouse 4538,Osaka,Osaka,52315,72.71,Distribution
8e983266-4b46-44b4-b033-347605cdb903,Bengaluru Distribution Center 4539,Bengaluru,Maharashtra,37214,55.79,Distribution
af237741-5739-4c38-8d18-7f53f3e153d5,Seoul Regional Hub 4540,Seoul,Seoul,34598,69.96,Regional
9b294c73-ba8d-4db1-8698-125c885a6373,Singapore Fulfilment Center 4541,Singapore,Singapore,84706,63.97,Distribution
99664986-f591-49a7-bfa7-2337e035a889,Yokohama Fulfilment Center 4542,Yokohama,Yokohama,45254,89.8,Regional
9f41a3b0-e0d3-4324-9de0-4957c5535136,Abu Dhabi Distribution Center 4543,Abu Dhabi,Abu Dhabi,86198,59.64,Regional
c0504499-1ee8-40de-a698-026cbe3de4ff,Seoul Regional Hub 4544,Seoul,Seoul,21672,66.68,Distribution
027b888b-914f-4fb0-86eb-c214e6fc1809,Chicago Distribution Center 4545,Chicago,Chicago,116250,85.14,Regional
9c5d002e-7ea6-4f5b-9971-fa0c288afa1b,Hamburg Fulfilment Center 4546,Hamburg,Hamburg,93048,74.78,Regional
1df1f05f-843d-4229-9b5e-5a7a7c1f6387,Abu Dhabi Regional Hub 4547,Abu Dhabi,Abu Dhabi,34705,85.4,Distribution
3cb50d97-7963-4db4-a1de-7c70da17086e,Manchester Bonded Warehouse 4548,Manchester,Manchester,91473,50.84,Bonded
e370541b-734c-4b15-aa79-4fa7efee6064,Busan Regional Hub 4549,Busan,Busan,35110,98.0,Distribution
3ea50bd6-7975-470a-ae5e-2b3cae29c500,Incheon Distribution Center 4550,Incheon,Incheon,65558,60.4,Regional
c5ef9104-6aff-4a17-a548-6373a723f907,Tokyo Distribution Center 4551,Tokyo,Tokyo,52161,83.71,Distribution
be7faf69-b60d-4919-aa16-3ab522e000ef,Delhi Fulfilment Center 4552,Delhi,Gujarat,66951,74.68,Distribution
19e41a19-41f7-4c5d-9c9f-b2607162f430,Singapore Distribution Center 4553,Singapore,Singapore,41851,84.4,Bonded
0e49ba0c-d5d2-400e-997a-6238e7271bf5,Delhi Bonded Warehouse 4554,Delhi,Telangana,87568,71.33,Distribution
e2d188eb-a4cd-4151-9f92-ce8ab5736820,Manchester Regional Hub 4555,Manchester,Manchester,5135,77.86,Distribution
30162a58-199b-4040-9759-c9dd99207d52,Rotterdam Bonded Warehouse 4556,Rotterdam,Rotterdam,77728,56.27,Distribution
e48e3e22-2984-4d85-943c-a01095d13725,Sharjah Regional Hub 4557,Sharjah,Sharjah,55868,71.65,Regional
4cb604fe-5cf1-447b-ad60-be1c5da005ce,Amsterdam Bonded Warehouse 4558,Amsterdam,Amsterdam,55305,69.87,Regional
a22575d5-12a1-483c-9a52-79863a8bdc22,Incheon Regional Hub 4559,Incheon,Incheon,45263,81.3,Regional
2e002aee-3b2a-4549-addd-5910fb311b36,London Bonded Warehouse 4560,London,London,50444,47.91,Bonded
d7761d53-6549-4a10-b9a7-079dca833866,Amsterdam Bonded Warehouse 4561,Amsterdam,Amsterdam,116235,82.21,Distribution
e01c38ad-546a-4eae-a31f-28e5c3721ca1,Rotterdam Distribution Center 4562,Rotterdam,Rotterdam,22268,65.55,Distribution
6e09ea6f-01dd-45bc-923a-32d5aa2406a3,Ningbo Regional Hub 4563,Ningbo,Ningbo,27380,56.48,Distribution
4ce64401-c217-4dd5-a6de-f56525694a40,Singapore Bonded Warehouse 4564,Singapore,Singapore,42084,76.37,Regional
d6bc3775-7f2d-463c-a18e-b574208111ac,Seoul Regional Hub 4565,Seoul,Seoul,67933,67.69,Distribution
860154d1-86c2-4e35-bd15-0a1778e917c5,Singapore Fulfilment Center 4566,Singapore,Singapore,96799,75.78,Distribution
9ad6f3fc-fca3-4c8b-96cd-0457b181eb17,London Regional Hub 4567,London,London,85117,84.73,Bonded
5bc55694-c1dd-4032-9278-45cdd47acea6,Frankfurt Fulfilment Center 4568,Frankfurt,Frankfurt,73355,60.66,Distribution
5a978fdd-aa06-42e3-ae5d-9aa5d51a36a9,Frankfurt Regional Hub 4569,Frankfurt,Frankfurt,95964,97.88,Distribution
01378773-9b2b-4536-83dc-0c17d9e0b958,Bengaluru Fulfilment Center 4570,Bengaluru,Gujarat,46910,73.9,Distribution
74957e85-e4d5-4ac3-b1c5-6d3a7e0515d2,Amsterdam Regional Hub 4571,Amsterdam,Amsterdam,108567,77.12,Distribution
bf159c6b-31d3-4baf-948b-0d1dc88baa4c,Delhi Fulfilment Center 4572,Delhi,Gujarat,87936,78.32,Distribution
7b1d1584-ee03-4587-be19-3208a39a2d36,Amsterdam Bonded Warehouse 4573,Amsterdam,Amsterdam,5314,49.25,Distribution
310dda67-f1c4-410a-b9af-1875fea7c8e1,Dubai Distribution Center 4574,Dubai,Dubai,21938,54.82,Distribution
b259336a-e5b7-4516-9439-da1e73d96580,Chennai Regional Hub 4575,Chennai,Karnataka,105190,66.58,Distribution
b84aa470-a70d-42dc-9662-154fc3774fd3,Abu Dhabi Bonded Warehouse 4576,Abu Dhabi,Abu Dhabi,69738,98.0,Regional
6fc4a022-1ed6-4fea-adc5-a512b7779600,Chennai Bonded Warehouse 4577,Chennai,Delhi,40534,85.16,Distribution
024a864f-c3f8-4fa0-a78d-dee43ac6e739,Busan Bonded Warehouse 4578,Busan,Busan,18349,68.05,Regional
478db801-d69c-4e5c-ba32-5c1f4ea003da,New York Fulfilment Center 4579,New York,New York,55249,69.13,Regional
b09ff374-bd11-46d7-b1d7-72aeccba071a,Seoul Fulfilment Center 4580,Seoul,Seoul,49888,66.17,Bonded
0c992c9d-d99c-42c7-9c65-8566f8b21e67,Chicago Fulfilment Center 4581,Chicago,Chicago,60295,62.73,Regional
16fb9920-642a-4a67-93e5-73efa2352a87,Osaka Regional Hub 4582,Osaka,Osaka,37982,77.62,Distribution
495f2029-3724-4a05-b27f-ca24c4d12cf5,Guangzhou Fulfilment Center 4583,Guangzhou,Guangzhou,42589,72.95,Bonded
4af946fe-5c3c-4ed3-9cdd-502480e74ae6,Seoul Fulfilment Center 4584,Seoul,Seoul,105246,75.05,Distribution
1f9cecad-b77b-43c5-807c-a0e38ebf3621,Hamburg Bonded Warehouse 4585,Hamburg,Hamburg,113600,81.87,Distribution
e433ed6e-58dc-4a14-999a-7e5793b2e960,Singapore Fulfilment Center 4586,Singapore,Singapore,65601,68.52,Regional
c5833167-494b-4bb6-a707-96ffba96700a,Rotterdam Regional Hub 4587,Rotterdam,Rotterdam,71422,57.68,Distribution
8044801d-8fe3-4cef-9245-052b50f13be0,Bremen Regional Hub 4588,Bremen,Bremen,119606,60.23,Regional
c9386e6d-de2c-4d62-bad2-7a5e86479d6c,Los Angeles Fulfilment Center 4589,Los Angeles,Los Angeles,57016,76.95,Distribution
10978e67-bcbc-4bed-b923-6a901cf430bc,Shanghai Regional Hub 4590,Shanghai,Shanghai,111433,98.0,Distribution
526fe0ca-4f9f-4a4a-97c2-8251f5a88b5e,Hyderabad Regional Hub 4591,Hyderabad,West Bengal,84542,69.33,Distribution
06bb8073-9c34-454e-8790-ac81b1585935,Manchester Fulfilment Center 4592,Manchester,Manchester,98154,70.32,Distribution
ea23571e-a5cc-4719-b249-69b148a125e0,Busan Regional Hub 4593,Busan,Busan,82619,84.7,Distribution
6fbdd317-5352-47d0-976a-ec452c4ffe86,Manchester Fulfilment Center 4594,Manchester,Manchester,45151,69.28,Regional
4adca443-f62b-4051-b92c-a6f2e8c39a44,Yokohama Bonded Warehouse 4595,Yokohama,Yokohama,26450,70.94,Regional
fff0d0d1-6d52-4900-b20e-6956a77f280d,Incheon Bonded Warehouse 4596,Incheon,Incheon,47473,75.9,Distribution
521effb3-86ef-492b-b0cd-93977e78e566,Felixstowe Regional Hub 4597,Felixstowe,Felixstowe,84204,64.16,Distribution
dcf7adac-d5ef-4b0c-b82b-d777bc6840ee,Osaka Regional Hub 4598,Osaka,Osaka,42204,66.62,Distribution
9dc2208c-4e9d-4b1b-a92b-bf686a47a9b5,Felixstowe Bonded Warehouse 4599,Felixstowe,Felixstowe,35301,70.9,Distribution
3b8af22f-024f-46d5-a42f-559715b21c92,Tokyo Regional Hub 4600,Tokyo,Tokyo,107389,71.36,Bonded
b2a9f2ca-40e9-4d56-b4a5-040383f79a68,Sharjah Distribution Center 4601,Sharjah,Sharjah,110335,55.45,Distribution
e143bde6-8638-4f31-beb4-e7698c917d75,Singapore Distribution Center 4602,Singapore,Singapore,14429,76.26,Regional
a7eae238-3f24-4996-96c1-3397c6c20ae2,Busan Fulfilment Center 4603,Busan,Busan,87177,68.24,Regional
d7cd5a5a-c145-4936-af40-0fa295e6aa0d,Hamburg Bonded Warehouse 4604,Hamburg,Hamburg,46715,70.04,Distribution
68041817-dfa3-480a-92ed-c70ff82eb0a9,Singapore Regional Hub 4605,Singapore,Singapore,32268,62.88,Distribution
b10b545d-7953-41e0-8d00-ccf98ec33b3d,Dubai Regional Hub 4606,Dubai,Dubai,100343,53.17,Regional
fef57307-7ea1-4bf6-95c4-416320c381a0,Sharjah Bonded Warehouse 4607,Sharjah,Sharjah,36195,63.77,Bonded
33703778-014b-4eb1-b936-942073b08628,London Distribution Center 4608,London,London,82876,74.06,Distribution
0f9c9c79-9e1b-452d-95ea-e6be97fa010a,Tokyo Fulfilment Center 4609,Tokyo,Tokyo,32223,89.23,Bonded
0cde3fd3-7359-4a71-b853-e332e1f58ee3,Ningbo Bonded Warehouse 4610,Ningbo,Ningbo,91850,71.69,Bonded
c6029c18-a7b3-4364-9ff9-ee2b363e6b42,Frankfurt Regional Hub 4611,Frankfurt,Frankfurt,61438,79.28,Regional
54be0e01-df3f-4949-b075-83410a1337aa,New York Fulfilment Center 4612,New York,New York,66615,98.0,Regional
e177f3aa-dd0a-4624-a05b-747df98d599c,Guangzhou Distribution Center 4613,Guangzhou,Guangzhou,10164,46.47,Bonded
eb2a9665-dd6b-41a0-9931-48efb7189e8b,Abu Dhabi Regional Hub 4614,Abu Dhabi,Abu Dhabi,55732,64.35,Distribution
cf09e741-bb65-4d23-a973-7aacb053d735,New York Fulfilment Center 4615,New York,New York,99900,65.99,Distribution
de6c65ad-339a-4b8e-8337-dfd2ea989827,Felixstowe Bonded Warehouse 4616,Felixstowe,Felixstowe,117089,78.11,Distribution
f1767b53-5e6e-42ef-a473-0764d5fcbd33,Singapore Bonded Warehouse 4617,Singapore,Singapore,5990,80.25,Regional
129dd2ec-c9dc-4f39-922b-ccdcd31cf510,Incheon Regional Hub 4618,Incheon,Incheon,118258,70.48,Distribution
a6cd5e97-8780-4c7d-895d-72ef269618fa,Rotterdam Fulfilment Center 4619,Rotterdam,Rotterdam,81513,35.45,Distribution
838ac272-1bb0-498a-a071-2d791ea04562,New York Bonded Warehouse 4620,New York,New York,88551,94.62,Bonded
c39c1834-6859-4fe8-b9f6-7c037a865e88,Tokyo Regional Hub 4621,Tokyo,Tokyo,54951,86.23,Distribution
67a46f7f-a553-40ae-955f-26ab52516a9a,Busan Bonded Warehouse 4622,Busan,Busan,115430,80.29,Regional
daebf80e-a3fa-429d-9477-b06dfed942da,Abu Dhabi Fulfilment Center 4623,Abu Dhabi,Abu Dhabi,31866,60.16,Distribution
c2dd48af-ef48-41e6-ba06-b36b34ba3fae,Amsterdam Distribution Center 4624,Amsterdam,Amsterdam,64361,83.67,Distribution
6a1564b4-7d58-4c99-b498-182da23cfa3c,Amsterdam Distribution Center 4625,Amsterdam,Amsterdam,53537,79.53,Distribution
a22d886a-6f21-44b3-9641-eaf9ebf9d67b,Singapore Distribution Center 4626,Singapore,Singapore,16665,46.96,Regional
773224b5-466c-440c-84c9-f9b8985583e4,Sharjah Distribution Center 4627,Sharjah,Sharjah,83985,63.92,Distribution
8a5ba9a0-1649-48c8-bd6e-e1075c6d1d8e,Yokohama Bonded Warehouse 4628,Yokohama,Yokohama,72734,84.14,Regional
aaa79448-b91b-46d9-8904-7e93c12f2142,London Fulfilment Center 4629,London,London,79772,83.49,Distribution
4524bb6e-c157-4e64-9e83-bae00babbb0d,Rotterdam Regional Hub 4630,Rotterdam,Rotterdam,74438,82.97,Distribution
e3b55ba0-beed-46ab-97d4-ef75c3f10fd7,Abu Dhabi Fulfilment Center 4631,Abu Dhabi,Abu Dhabi,47358,69.52,Distribution
75ed6a77-41c1-4a69-8e81-556ac40be1cf,Frankfurt Distribution Center 4632,Frankfurt,Frankfurt,98197,88.03,Regional
0eda2986-fc84-458e-8ada-edf01c6c464f,London Distribution Center 4633,London,London,64323,84.74,Distribution
b917f529-5af0-49c1-a5a9-b708ab1739d3,Busan Fulfilment Center 4634,Busan,Busan,39999,78.34,Regional
03de2746-2a0e-46c9-8417-c4a424e09714,Abu Dhabi Distribution Center 4635,Abu Dhabi,Abu Dhabi,79417,72.68,Distribution
730d3ce9-53a4-4d95-9c28-274f6d768e33,Chennai Fulfilment Center 4636,Chennai,Maharashtra,8374,66.12,Regional
65ed689a-5c50-4acf-86df-662b27b13c73,Bengaluru Bonded Warehouse 4637,Bengaluru,Gujarat,53640,81.91,Distribution
a21ea5d1-e82c-4396-8799-09c392b86d59,Dubai Distribution Center 4638,Dubai,Dubai,70725,74.04,Distribution
1bb82741-1811-497e-b2f4-d27d3c164287,Abu Dhabi Fulfilment Center 4639,Abu Dhabi,Abu Dhabi,78149,72.95,Regional
0b75b1b5-8cf0-4b88-955c-cd55f64953c7,Ningbo Bonded Warehouse 4640,Ningbo,Ningbo,60363,72.35,Regional
05beb483-3400-4cba-8a10-11f9cee955b3,Bengaluru Fulfilment Center 4641,Bengaluru,Karnataka,45998,63.39,Distribution
8f0d1de1-ba56-488e-8052-028f01a22ecc,Los Angeles Bonded Warehouse 4642,Los Angeles,Los Angeles,27376,69.02,Distribution
35994890-64a9-40a3-b194-7ef4ffa697de,Houston Bonded Warehouse 4643,Houston,Houston,79724,68.69,Distribution
1d4dfacd-4a2e-4bd1-9adb-0f6e1271154b,Incheon Distribution Center 4644,Incheon,Incheon,77688,57.74,Regional
47a2f3bc-10db-4a02-8621-8653d9863ff4,Incheon Fulfilment Center 4645,Incheon,Incheon,73372,88.28,Regional
cac33013-d8b1-497b-801b-cdc1ea030fd3,Los Angeles Fulfilment Center 4646,Los Angeles,Los Angeles,70314,64.68,Distribution
64fb0316-b615-4f97-83f9-fadd4f8d1b37,Osaka Bonded Warehouse 4647,Osaka,Osaka,13534,76.49,Regional
56d5a28b-cac7-4a6d-b6bc-4bf8afc8762d,Hamburg Fulfilment Center 4648,Hamburg,Hamburg,116920,83.03,Distribution
c7aa8ea9-c719-4f0c-ba09-d0578a926ffd,Singapore Distribution Center 4649,Singapore,Singapore,30294,90.95,Bonded
6117a3b2-6bd6-43a5-aa50-b3454ed33fb1,Ningbo Regional Hub 4650,Ningbo,Ningbo,66607,70.03,Regional
935836cc-253b-4918-8106-74ebd5b64ae5,Busan Regional Hub 4651,Busan,Busan,60010,55.63,Distribution
a5df7332-05f9-4fee-81cc-05298c93b3c7,Dubai Fulfilment Center 4652,Dubai,Dubai,102803,57.07,Regional
73d35501-ea28-4672-82d9-49415d6cdeb4,Amsterdam Fulfilment Center 4653,Amsterdam,Amsterdam,78090,76.88,Regional
2b0b2671-d3fb-4a27-9add-8aca1d7ff0e3,Amsterdam Fulfilment Center 4654,Amsterdam,Amsterdam,113162,65.98,Regional
2fe57a1a-d229-4916-b7d9-580d4e56a534,Felixstowe Fulfilment Center 4655,Felixstowe,Felixstowe,46985,66.02,Bonded
6fd3ad83-feb1-4b3e-a648-b71b98ffb3fd,Shanghai Regional Hub 4656,Shanghai,Shanghai,67539,75.66,Regional
d0c6278c-a19e-482d-af11-0faa7988f2c5,Bengaluru Regional Hub 4657,Bengaluru,Delhi,42866,87.75,Distribution
cd870e19-2563-4a04-9ca0-13148f55940d,Amsterdam Bonded Warehouse 4658,Amsterdam,Amsterdam,24302,59.92,Regional
55c255f3-6cfe-4961-bf4c-dcff2232cc71,Busan Distribution Center 4659,Busan,Busan,98404,80.38,Bonded
d558893e-3954-4b50-a841-e873944460e2,Frankfurt Bonded Warehouse 4660,Frankfurt,Frankfurt,104837,80.96,Regional
69fdcb7c-ba77-4642-a4ab-4906c64b74ca,Tokyo Bonded Warehouse 4661,Tokyo,Tokyo,15353,83.39,Distribution
ceb9935f-6d8c-469b-bcfa-244272b53df5,Shenzhen Regional Hub 4662,Shenzhen,Shenzhen,49605,63.3,Distribution
d1ce43e9-3f85-4c85-bcb5-e09e9aa59216,New York Distribution Center 4663,New York,New York,51476,74.89,Distribution
3c0744b3-38ef-4146-93b9-6fba970c1276,Tokyo Regional Hub 4664,Tokyo,Tokyo,77358,75.01,Distribution
96738f0f-6a82-44b2-91ee-7022deabdd6a,Singapore Regional Hub 4665,Singapore,Singapore,55869,81.75,Distribution
504e9db6-93d8-44dc-9ae4-e6bd01d01691,Singapore Distribution Center 4666,Singapore,Singapore,33439,57.04,Regional
f609cdb1-9675-47a7-acc6-1f85b52dbb49,Hyderabad Regional Hub 4667,Hyderabad,Telangana,44194,65.15,Distribution
56f3ced3-efd4-4dc5-8e61-cad857856cb8,Kolkata Bonded Warehouse 4668,Kolkata,West Bengal,37565,90.02,Distribution
50437bb2-c425-42f2-8dac-3d66d39f426c,London Distribution Center 4669,London,London,26823,73.42,Regional
55f5a3c3-be60-42f0-916e-c790fa9c8740,Osaka Bonded Warehouse 4670,Osaka,Osaka,25071,75.25,Distribution
5c7446d1-65cb-47da-82ba-6b155a615402,Singapore Fulfilment Center 4671,Singapore,Singapore,43139,48.77,Regional
74ac10c1-0e7d-4f01-a5ff-0cbf3ad22ac7,Frankfurt Bonded Warehouse 4672,Frankfurt,Frankfurt,52062,94.62,Regional
62525daf-915c-40db-9cee-8b3eaac78c96,Rotterdam Regional Hub 4673,Rotterdam,Rotterdam,35036,74.12,Regional
847b4410-0998-4552-95d0-e0ef22d5691c,Incheon Regional Hub 4674,Incheon,Incheon,82377,91.93,Distribution
ec8b2b4e-058a-4359-9340-4db5078a3dd4,New York Fulfilment Center 4675,New York,New York,31075,73.51,Regional
2b22e7a9-0175-4e88-b9f8-c116018d29ae,Osaka Bonded Warehouse 4676,Osaka,Osaka,79194,80.71,Distribution
dea457f5-8def-4765-8e95-6ed842104c1e,Singapore Regional Hub 4677,Singapore,Singapore,94846,67.06,Distribution
dadf582c-0f5b-4555-a9ee-dd8ee4c9cbbc,Bengaluru Regional Hub 4678,Bengaluru,Telangana,118293,77.47,Distribution
07302498-5f86-49e8-922e-9550cf212eb5,Chicago Fulfilment Center 4679,Chicago,Chicago,42013,79.13,Distribution
a9924ef2-2399-40e0-9fa6-49691c996211,Bengaluru Regional Hub 4680,Bengaluru,Tamil Nadu,41147,76.05,Distribution
9b0b6aaa-13e0-4f1b-8ce4-ae11aee70484,Abu Dhabi Fulfilment Center 4681,Abu Dhabi,Abu Dhabi,24435,67.49,Distribution
0366724e-75e9-414d-a612-7bd65873b438,Delhi Fulfilment Center 4682,Delhi,Delhi,10057,75.9,Regional
008f2941-a4ef-4cb3-9121-1a7ed9fe4ce1,Singapore Fulfilment Center 4683,Singapore,Singapore,26834,81.06,Distribution
416945e8-4b2d-4384-b9df-b3f22c3e3d20,Hyderabad Regional Hub 4684,Hyderabad,Tamil Nadu,101294,80.37,Distribution
10442786-8b00-4d78-87ac-3e7142a8f4f8,Dubai Distribution Center 4685,Dubai,Dubai,33867,67.47,Regional
ede0194e-79a5-4efd-bc06-52a94f9d4787,New York Bonded Warehouse 4686,New York,New York,65090,84.19,Distribution
a9b07846-849b-4069-97cb-ea0b7aad7a1d,London Bonded Warehouse 4687,London,London,68453,71.49,Distribution
4160cc84-69f3-49f5-a6b0-3518e3ccdc9c,London Bonded Warehouse 4688,London,London,91424,72.01,Distribution
eaaa5687-cd27-4552-a114-265ec96de94a,Guangzhou Regional Hub 4689,Guangzhou,Guangzhou,37928,70.83,Distribution
05da1978-808f-479b-8044-99f0d769ed25,Felixstowe Regional Hub 4690,Felixstowe,Felixstowe,82991,87.13,Bonded
364978d7-27ab-408b-b640-8609acb08c07,Sharjah Regional Hub 4691,Sharjah,Sharjah,106881,61.06,Distribution
1a2a3291-59f5-48ea-8667-526d3754b28b,Kolkata Fulfilment Center 4692,Kolkata,Delhi,107031,41.03,Distribution
58f5e1c4-591e-4555-b0df-4f5a9eb45d07,Abu Dhabi Regional Hub 4693,Abu Dhabi,Abu Dhabi,62973,68.51,Distribution
d6c6fe0a-bfb3-47a4-b5c8-02c431309ac9,Abu Dhabi Distribution Center 4694,Abu Dhabi,Abu Dhabi,72159,80.62,Distribution
e62a04a8-c1da-4b3e-b4ca-d1f2f887c4ea,Manchester Bonded Warehouse 4695,Manchester,Manchester,40166,72.23,Distribution
6f98cd2e-fb3b-40ad-af8b-be59800cfcbb,Incheon Bonded Warehouse 4696,Incheon,Incheon,53390,68.37,Distribution
34a1e930-8b15-4bb4-b629-c97fa4fa2752,Ningbo Bonded Warehouse 4697,Ningbo,Ningbo,18062,58.93,Regional
820f70d6-acc8-4fa7-bf49-06473bfed2a1,Felixstowe Distribution Center 4698,Felixstowe,Felixstowe,55064,94.68,Bonded
4d1f4f60-c502-44d8-8451-091ce7c8b9d4,Felixstowe Fulfilment Center 4699,Felixstowe,Felixstowe,92933,48.43,Distribution
91537a16-3e99-47f4-b564-55e3d7a6c1fe,Felixstowe Regional Hub 4700,Felixstowe,Felixstowe,10840,55.61,Distribution
3efd5545-c4fa-4115-8e13-f9d309c2ddc1,Manchester Fulfilment Center 4701,Manchester,Manchester,11370,89.98,Distribution
7e646a8b-9754-4ef5-9c13-d61c533bd45e,Ningbo Fulfilment Center 4702,Ningbo,Ningbo,102290,55.92,Distribution
dca15420-a8f7-408b-a0cc-af8bdf6ef3dc,Manchester Distribution Center 4703,Manchester,Manchester,8569,61.51,Distribution
b6e4f9f0-3d14-401e-b94f-5d897cefda23,Felixstowe Distribution Center 4704,Felixstowe,Felixstowe,61681,75.59,Distribution
c6c11b89-05a5-41fe-80eb-9432613ba607,Houston Fulfilment Center 4705,Houston,Houston,13323,84.23,Distribution
ce311b34-859f-440c-900d-2cd1b632bdb4,Hyderabad Distribution Center 4706,Hyderabad,Telangana,41670,93.87,Regional
0696cd78-aa00-4ef1-bb6e-833b6d2c316d,Ningbo Fulfilment Center 4707,Ningbo,Ningbo,116402,80.19,Regional
5f9b9262-188c-4a4d-bf1a-83bf7885cfde,Singapore Fulfilment Center 4708,Singapore,Singapore,41424,60.58,Regional
f14fd2c3-65a3-4774-b6cc-d222f288b1d6,Seoul Bonded Warehouse 4709,Seoul,Seoul,64187,65.11,Distribution
72acd284-ad4f-41c9-a5da-0abbe119659f,Hamburg Regional Hub 4710,Hamburg,Hamburg,61766,69.31,Bonded
cfab854c-324c-4554-842c-858a322916ee,Singapore Regional Hub 4711,Singapore,Singapore,114377,70.9,Distribution
e244c460-f65a-408b-9d8e-b07f03b51631,Singapore Bonded Warehouse 4712,Singapore,Singapore,113605,82.83,Regional
e65302b7-79bb-4540-81b2-7cab95ad348d,Incheon Fulfilment Center 4713,Incheon,Incheon,21250,78.46,Distribution
072b4f6e-196b-4c8b-aa05-d00ea60ae503,Singapore Fulfilment Center 4714,Singapore,Singapore,72249,65.08,Distribution
1dbf10a2-3d86-4f4f-9b16-ad71bec87ae9,Rotterdam Bonded Warehouse 4715,Rotterdam,Rotterdam,16033,93.42,Distribution
d520b408-4d0e-4cf8-8896-e5783e8a230d,Osaka Fulfilment Center 4716,Osaka,Osaka,51614,65.83,Regional
006329e0-9054-4d0a-ac5b-8f881ad12c78,London Fulfilment Center 4717,London,London,54634,78.49,Distribution
db167a1a-1798-47fc-844d-71a7fa67d21e,Manchester Bonded Warehouse 4718,Manchester,Manchester,77758,70.42,Distribution
e81d27f3-49b2-42c5-91f8-52e48b625205,Chicago Regional Hub 4719,Chicago,Chicago,70238,94.31,Regional
7309caeb-13eb-4369-83d5-19e705c86253,Busan Distribution Center 4720,Busan,Busan,31108,73.3,Distribution
5a2eafcb-6571-4f58-b4ab-114f08680861,Osaka Regional Hub 4721,Osaka,Osaka,13767,82.11,Distribution
b73afc77-e371-45f4-966c-13d7012d49be,Rotterdam Distribution Center 4722,Rotterdam,Rotterdam,21716,87.5,Regional
481184cc-bb54-446e-96fa-30000afa7633,Rotterdam Distribution Center 4723,Rotterdam,Rotterdam,59915,77.34,Regional
916c71f7-79c5-4284-83f8-128f3b159329,Osaka Regional Hub 4724,Osaka,Osaka,118416,59.58,Distribution
22ac9c5d-d417-437d-9b98-d81bb6619e1d,Hamburg Distribution Center 4725,Hamburg,Hamburg,49899,81.69,Distribution
d4245b54-1de2-47e8-9ac0-3631207f0d15,Manchester Fulfilment Center 4726,Manchester,Manchester,84934,58.5,Distribution
ba13788a-20b7-417a-881d-80308fa0df28,Seoul Fulfilment Center 4727,Seoul,Seoul,79348,67.76,Distribution
f9a181f7-987f-4a21-847c-e470f0e32405,Dubai Regional Hub 4728,Dubai,Dubai,34914,85.1,Bonded
7a8cd087-ff2a-41a9-8cde-df146ab38498,Bengaluru Distribution Center 4729,Bengaluru,West Bengal,48742,84.82,Distribution
4cc4be8d-00a5-425f-9150-278bf9dc333e,Kolkata Bonded Warehouse 4730,Kolkata,West Bengal,65505,63.05,Regional
9a5e7729-f736-45fe-999b-a4bfbf08b371,Abu Dhabi Distribution Center 4731,Abu Dhabi,Abu Dhabi,85585,72.84,Distribution
6377dada-3554-4bd6-aa31-a539f9cf06b4,Shanghai Fulfilment Center 4732,Shanghai,Shanghai,42543,71.73,Distribution
08d935eb-3fa0-488b-89a2-24b128e9b7c4,London Bonded Warehouse 4733,London,London,19744,68.19,Regional
dfa6824d-cc4e-4d06-ae1e-768f4b4039b6,Busan Bonded Warehouse 4734,Busan,Busan,110751,54.21,Distribution
cf83c72b-47ce-416e-bfe4-28a453beaf17,Sharjah Bonded Warehouse 4735,Sharjah,Sharjah,108897,53.96,Distribution
f2f0c696-2fc4-4854-92e9-4a0184932290,Yokohama Bonded Warehouse 4736,Yokohama,Yokohama,11667,58.44,Distribution
f58be544-0990-4dfc-b4da-16ee13eb62af,Rotterdam Fulfilment Center 4737,Rotterdam,Rotterdam,89471,77.95,Distribution
e732a42d-c1ca-4db7-a517-176a6ddd2b86,Abu Dhabi Bonded Warehouse 4738,Abu Dhabi,Abu Dhabi,111321,84.96,Distribution
f977c1bf-2b75-40dd-9ddf-e81253807ec7,Rotterdam Fulfilment Center 4739,Rotterdam,Rotterdam,79775,75.36,Distribution
e81113af-36a0-49aa-be72-35662784ef5e,Incheon Distribution Center 4740,Incheon,Incheon,92587,76.54,Regional
3af6ac5b-8a80-4242-a434-d9a00800c068,Abu Dhabi Fulfilment Center 4741,Abu Dhabi,Abu Dhabi,39546,64.48,Distribution
258c2cfa-11e9-4e73-9c02-8b5217d02905,Rotterdam Fulfilment Center 4742,Rotterdam,Rotterdam,99852,69.24,Distribution
e33415a7-29e9-4906-9d97-dade71e3bb6b,Dubai Regional Hub 4743,Dubai,Dubai,110036,66.52,Distribution
20fdbf2c-68b5-4afc-9189-33532a28c52f,Singapore Distribution Center 4744,Singapore,Singapore,44014,98.0,Distribution
3d5cb44b-4254-40a7-8ac2-ada3150523cc,Bremen Distribution Center 4745,Bremen,Bremen,91717,74.73,Distribution
ec7ab5d3-c096-4679-9bc4-4eca45b53694,Manchester Fulfilment Center 4746,Manchester,Manchester,14689,82.9,Regional
78d2f07c-cfed-4407-9bca-1366712f060d,Tokyo Bonded Warehouse 4747,Tokyo,Tokyo,24743,65.03,Distribution
5dbd0a92-8f7c-4dfe-8d39-5269b3abae26,Mumbai Regional Hub 4748,Mumbai,Karnataka,7352,69.16,Bonded
c64c0790-da55-476d-b3d3-a7f8866db42b,Singapore Regional Hub 4749,Singapore,Singapore,98361,83.01,Regional
584be4e7-cab3-4443-ac65-ad851736a338,Tokyo Distribution Center 4750,Tokyo,Tokyo,109547,63.74,Distribution
865c3cd7-7c73-48f0-8479-0929da23106b,Chicago Fulfilment Center 4751,Chicago,Chicago,18539,57.96,Distribution
e49df04c-6d22-4ba1-988f-72f7afb4c433,Rotterdam Regional Hub 4752,Rotterdam,Rotterdam,96471,89.81,Distribution
20701185-e429-4e57-b041-82721c4f0c5f,Seoul Distribution Center 4753,Seoul,Seoul,98159,69.87,Regional
938fc9eb-e292-4c16-8dde-8055c0fbcba0,Singapore Regional Hub 4754,Singapore,Singapore,47957,69.28,Regional
c34fd4ae-ad92-4e54-98fc-82144249f43b,Houston Fulfilment Center 4755,Houston,Houston,50942,70.82,Regional
0bb71185-5ab9-4d6b-8635-2813b2a9537a,Felixstowe Distribution Center 4756,Felixstowe,Felixstowe,68628,89.07,Distribution
97b04569-7ed2-4f61-83e8-d400139432ff,Rotterdam Bonded Warehouse 4757,Rotterdam,Rotterdam,86339,63.87,Regional
47553710-a7d2-46d2-9de5-0b38e92749e2,Hamburg Distribution Center 4758,Hamburg,Hamburg,110854,75.24,Regional
bda01295-c688-4570-aacd-12b2d55dda8a,Amsterdam Regional Hub 4759,Amsterdam,Amsterdam,72000,69.33,Distribution
aa0c893d-e607-4724-921a-6c5013dc4275,Hamburg Distribution Center 4760,Hamburg,Hamburg,31538,65.24,Distribution
8b948619-8fae-428a-9d5f-050b41e4f5d8,Rotterdam Fulfilment Center 4761,Rotterdam,Rotterdam,93708,77.04,Distribution
76c2f4e1-fa3e-45a8-abbd-91b9ab2e2de3,Manchester Bonded Warehouse 4762,Manchester,Manchester,18473,61.88,Bonded
eba64995-23ed-4774-ae96-cb6d5257b358,Busan Fulfilment Center 4763,Busan,Busan,43803,70.25,Regional
4fedb596-bf06-42fc-a77e-f9f85ddeb20d,New York Bonded Warehouse 4764,New York,New York,12933,94.42,Regional
1ce93d5a-4c1b-4f17-a227-372d4821a229,London Regional Hub 4765,London,London,79170,60.6,Regional
b1e093c5-1073-46ed-a08a-ac91a93cb48b,New York Bonded Warehouse 4766,New York,New York,97139,50.69,Regional
6e63a63a-069e-4076-b13a-a47171ad591b,Abu Dhabi Fulfilment Center 4767,Abu Dhabi,Abu Dhabi,81653,58.26,Regional
7fc73994-d1c9-4869-a13d-4b9419e57e4c,Busan Fulfilment Center 4768,Busan,Busan,26874,83.25,Distribution
81f16ed6-e58c-45bc-9598-6abd8e3ff2ed,Bremen Regional Hub 4769,Bremen,Bremen,50009,61.23,Bonded
f0d0cecd-ec61-486e-a3c8-e1e268d45042,Hamburg Distribution Center 4770,Hamburg,Hamburg,24973,90.32,Regional
6ad4cba7-152f-4bad-8ae9-a7b62812ef0c,Rotterdam Regional Hub 4771,Rotterdam,Rotterdam,47700,97.85,Bonded
59842aa1-d689-425c-8cf5-fdf466eea397,Busan Distribution Center 4772,Busan,Busan,32872,80.68,Distribution
5888bc7c-26c7-4d8d-b17b-03360a07cbbf,Guangzhou Fulfilment Center 4773,Guangzhou,Guangzhou,50957,58.93,Regional
6f54b35b-82dd-4a53-bbde-53ca9eed4a94,Incheon Regional Hub 4774,Incheon,Incheon,13699,70.78,Bonded
cec9bd45-5d18-4a80-bf45-f0f13c9a0052,Shanghai Distribution Center 4775,Shanghai,Shanghai,14429,88.84,Distribution
958730cc-005a-4ba9-96eb-c6b0c16f926c,Abu Dhabi Regional Hub 4776,Abu Dhabi,Abu Dhabi,89266,83.17,Regional
61ac90d6-a75d-49d2-af6e-358946ef45ac,Frankfurt Fulfilment Center 4777,Frankfurt,Frankfurt,117513,56.5,Regional
ccf66943-5a8c-43c3-b8b6-9fcc0b79e766,Hamburg Fulfilment Center 4778,Hamburg,Hamburg,29422,62.43,Distribution
9d287e80-6ae6-4123-876e-a295b8fe51c8,Singapore Bonded Warehouse 4779,Singapore,Singapore,10122,55.32,Regional
26f19efd-9736-4ce2-b1ea-799ed93aeadd,Frankfurt Fulfilment Center 4780,Frankfurt,Frankfurt,107827,64.46,Distribution
2b34485b-0c3e-4ba2-ae2d-2660a5e2ee96,Rotterdam Distribution Center 4781,Rotterdam,Rotterdam,81750,59.73,Regional
2fc0b83d-4ef4-4e0c-b4ad-ffbc603091be,Houston Bonded Warehouse 4782,Houston,Houston,30022,70.84,Distribution
4114b7d0-b0c9-4b59-9648-ffef0283bebf,Guangzhou Bonded Warehouse 4783,Guangzhou,Guangzhou,30904,63.58,Bonded
8733af2f-93cb-4a67-a6dd-3ec533b51414,Chicago Distribution Center 4784,Chicago,Chicago,30298,85.67,Distribution
d65f7f32-613a-4d32-afed-ebcdf3417ad4,Ningbo Regional Hub 4785,Ningbo,Ningbo,67865,35.0,Regional
cd60ce91-7c44-4add-866d-e608e5191815,Yokohama Bonded Warehouse 4786,Yokohama,Yokohama,91856,68.2,Regional
b1b2ae3b-8cf7-472f-8586-d026b6745ab2,Chennai Distribution Center 4787,Chennai,Tamil Nadu,64055,65.88,Distribution
11cb6493-82ec-43df-9312-978ad97dd1e8,Dubai Distribution Center 4788,Dubai,Dubai,101787,70.46,Distribution
478ef7dc-4652-4b10-8d51-79bd6b7b8e62,Seoul Bonded Warehouse 4789,Seoul,Seoul,35850,98.0,Regional
5981ad56-d95c-4c22-a486-259103eec6d8,Yokohama Bonded Warehouse 4790,Yokohama,Yokohama,70134,69.89,Distribution
ecce57eb-14c1-4356-9519-27f963f4368e,Amsterdam Regional Hub 4791,Amsterdam,Amsterdam,98893,59.92,Bonded
da83d792-6c04-4af2-b811-f6bd0657937c,Amsterdam Regional Hub 4792,Amsterdam,Amsterdam,30809,84.14,Distribution
8d6f16e5-e215-4cc3-be46-828dd19ff4bd,Felixstowe Fulfilment Center 4793,Felixstowe,Felixstowe,49399,51.8,Distribution
334e8d1c-bdc3-4541-a2ed-e35514ad9bc6,Kolkata Fulfilment Center 4794,Kolkata,Maharashtra,59146,76.37,Distribution
a2306164-e170-41cc-b390-1cd7e70942a2,New York Regional Hub 4795,New York,New York,17057,57.64,Distribution
4305587b-fc7b-4b61-850f-70fbfa4a84fe,Ahmedabad Bonded Warehouse 4796,Ahmedabad,Tamil Nadu,15591,73.31,Regional
01141d64-2784-41eb-8aa2-2e068414461f,Incheon Distribution Center 4797,Incheon,Incheon,58393,74.26,Regional
86d41394-9bf6-4ce0-9ca9-01be7679c260,London Distribution Center 4798,London,London,113933,67.16,Regional
762d1be5-fa45-4b3c-a655-d0b53e5c797e,Felixstowe Bonded Warehouse 4799,Felixstowe,Felixstowe,23188,90.63,Distribution
033a59d8-9a3c-41d2-97e0-16e2f0ef607a,Singapore Fulfilment Center 4800,Singapore,Singapore,109930,83.25,Distribution
a6b5bb09-5e21-4c67-b5e6-6ba955a6c460,Seoul Distribution Center 4801,Seoul,Seoul,76986,65.03,Distribution
0fb275fe-2d36-4272-a251-f6296f36aaba,Dubai Fulfilment Center 4802,Dubai,Dubai,53617,66.82,Distribution
00cc91fe-8cec-4abc-a029-7969472f132f,Hamburg Bonded Warehouse 4803,Hamburg,Hamburg,33675,74.51,Bonded
fb46d7d1-dab8-48ae-8d99-b45c59c4eb62,Felixstowe Regional Hub 4804,Felixstowe,Felixstowe,40839,73.05,Distribution
8cacc47d-539e-446d-9592-78ad45f05e83,London Regional Hub 4805,London,London,58683,89.15,Regional
a8dc03cb-81f3-4f44-aff2-f784debed8f5,Seoul Regional Hub 4806,Seoul,Seoul,86219,57.82,Regional
4e0d6349-42fa-43b5-85e6-0a7333fdd4d9,Bremen Fulfilment Center 4807,Bremen,Bremen,7344,60.55,Regional
6986b58f-d0f7-4161-bdcb-f93dbb9a4758,Sharjah Distribution Center 4808,Sharjah,Sharjah,15387,74.01,Distribution
5208d3a8-ed1e-4219-83ab-32dbb44de708,Chicago Bonded Warehouse 4809,Chicago,Chicago,30671,57.9,Bonded
8f201df2-71fd-4edc-9349-6add5ab180a9,Ahmedabad Distribution Center 4810,Ahmedabad,Tamil Nadu,111225,56.93,Distribution
d7ce93b3-69fc-4a76-b72f-0fbcc7c459b7,Dubai Distribution Center 4811,Dubai,Dubai,94915,71.34,Regional
61e1ea7e-e444-474b-bda1-b126e9e7547f,Guangzhou Regional Hub 4812,Guangzhou,Guangzhou,89767,91.8,Distribution
a4501d59-7ca3-49c0-8386-c3d7e61f9d64,Osaka Regional Hub 4813,Osaka,Osaka,38950,90.22,Distribution
f3f9680a-92de-46b9-9f93-e7813ec92df1,London Fulfilment Center 4814,London,London,106605,95.95,Distribution
983cf737-5166-4fa6-a12a-cb0f9911bf4c,Kolkata Distribution Center 4815,Kolkata,West Bengal,118858,44.57,Distribution
5ef470c5-260f-4c3f-9c0a-2d3e5b4e2d34,Felixstowe Regional Hub 4816,Felixstowe,Felixstowe,114199,80.88,Distribution
23d0c614-19a2-4ba4-97dd-9fb6ef7fa4a2,Hyderabad Regional Hub 4817,Hyderabad,Delhi,113893,64.03,Distribution
4ab81aad-e797-45a0-8ffc-51cc5c272fe3,Bremen Bonded Warehouse 4818,Bremen,Bremen,25164,68.29,Distribution
485c6e89-cd48-4d9a-a69a-44e505772ae1,Dubai Fulfilment Center 4819,Dubai,Dubai,48501,70.31,Distribution
2d216dc4-016c-404f-a062-56487310ae98,Sharjah Bonded Warehouse 4820,Sharjah,Sharjah,23544,36.2,Bonded
5037c53d-c841-40c0-b95d-0a092073bc29,Sharjah Fulfilment Center 4821,Sharjah,Sharjah,42783,68.24,Regional
0be48890-6487-483b-a849-768fb911fe30,Dubai Regional Hub 4822,Dubai,Dubai,26781,52.25,Regional
fb4e2661-30c6-4beb-a94a-19c7b711cebc,Bremen Bonded Warehouse 4823,Bremen,Bremen,97895,74.33,Distribution
48d6dba6-ec88-4cf8-8108-ee1b1cd63b1c,Abu Dhabi Regional Hub 4824,Abu Dhabi,Abu Dhabi,53857,53.4,Regional
e2527c9b-88d2-4e4e-80c4-83dfdfa4ebeb,Bremen Fulfilment Center 4825,Bremen,Bremen,56315,51.91,Regional
0e00879e-cabb-4b8f-ac89-a99fad15f6fb,Los Angeles Regional Hub 4826,Los Angeles,Los Angeles,14566,56.17,Regional
d9760da1-8d2e-4f05-ac2e-8ff1025d54f8,Tokyo Bonded Warehouse 4827,Tokyo,Tokyo,53685,61.45,Distribution
a476a98f-b2df-435a-be4e-5bd82a394dab,Felixstowe Fulfilment Center 4828,Felixstowe,Felixstowe,14472,84.89,Regional
fb3aac4d-b980-4fdf-904d-569a6f0a4c5f,Bremen Fulfilment Center 4829,Bremen,Bremen,113911,75.52,Bonded
2b4ee4bc-e5e6-45f4-928b-4a652ba362e0,Guangzhou Bonded Warehouse 4830,Guangzhou,Guangzhou,73046,85.89,Distribution
e4d63350-632f-41b4-81d0-c3dba8f6068e,Kolkata Fulfilment Center 4831,Kolkata,West Bengal,81728,98.0,Distribution
e007cef4-38f6-43a1-99cf-50960af47458,Singapore Regional Hub 4832,Singapore,Singapore,80000,60.6,Distribution
1c726506-f4b3-410d-8c11-789fb7f047d2,Hamburg Bonded Warehouse 4833,Hamburg,Hamburg,38025,59.13,Distribution
8684b810-9d32-45aa-a489-384a6d1f0498,Hamburg Regional Hub 4834,Hamburg,Hamburg,56995,81.14,Distribution
62fc7f02-04a7-4692-8a9b-a8502ae402f9,Hyderabad Distribution Center 4835,Hyderabad,Tamil Nadu,60351,70.29,Bonded
371be797-a4a0-48f7-92a0-53d8a8255b57,New York Regional Hub 4836,New York,New York,112502,62.37,Distribution
b39963c8-0772-471a-bb8b-cf07c3b88028,Singapore Distribution Center 4837,Singapore,Singapore,36532,65.26,Distribution
dbaa4ab3-acbd-43a9-aadf-641edbe3e3d9,Dubai Distribution Center 4838,Dubai,Dubai,12359,77.04,Regional
a908913b-3824-4cc4-b0a8-3030e374f361,Ahmedabad Distribution Center 4839,Ahmedabad,Gujarat,94241,77.58,Distribution
6fab0967-585e-4347-8e7f-1d6c9c2f5a9f,Hamburg Bonded Warehouse 4840,Hamburg,Hamburg,83672,81.45,Distribution
d8ac9176-f6a0-4729-be71-da70aa284474,Shenzhen Distribution Center 4841,Shenzhen,Shenzhen,112130,66.47,Distribution
ecacf2e6-c0cb-45eb-b07f-aa6a450e8773,Guangzhou Distribution Center 4842,Guangzhou,Guangzhou,40511,81.27,Distribution
5a57c10a-aa0f-4328-be2e-d100c9afdb01,Hamburg Bonded Warehouse 4843,Hamburg,Hamburg,90722,84.94,Regional
a1ac9eec-d0a5-4379-aaf9-0608a46e777c,Bremen Bonded Warehouse 4844,Bremen,Bremen,15200,75.58,Regional
5dc711d9-28df-4157-90cd-6b85195ac3f4,Busan Distribution Center 4845,Busan,Busan,111898,91.16,Distribution
0400152a-290f-40ec-a1db-48c7983b8203,London Distribution Center 4846,London,London,115380,63.16,Distribution
81cff676-029b-4808-ba5a-08586d411d43,Chicago Bonded Warehouse 4847,Chicago,Chicago,67301,83.67,Bonded
1e916e7a-f42d-4865-b94e-d78a19e69ebb,Rotterdam Bonded Warehouse 4848,Rotterdam,Rotterdam,27698,78.2,Bonded
9e47ee4f-ac31-48db-934c-0f813bfbfd65,Abu Dhabi Regional Hub 4849,Abu Dhabi,Abu Dhabi,115042,90.71,Bonded
2707ae62-faaa-424f-a0f9-4099d2fa2d90,Mumbai Fulfilment Center 4850,Mumbai,Tamil Nadu,37957,68.8,Distribution
d3ac48b3-62bb-4007-9bb1-3f082eb01e6f,Chicago Bonded Warehouse 4851,Chicago,Chicago,91307,69.37,Distribution
10e308aa-c5af-43c6-8ca7-407b5296ff66,Incheon Bonded Warehouse 4852,Incheon,Incheon,20516,75.42,Regional
50f87681-99f9-4e0e-9bcc-1828da1388ad,Incheon Distribution Center 4853,Incheon,Incheon,76872,78.37,Distribution
2d679047-baa3-47a5-afaf-4f8f33ca0d09,Houston Fulfilment Center 4854,Houston,Houston,9951,59.71,Regional
727a403b-03af-4000-b015-64171920788e,Abu Dhabi Regional Hub 4855,Abu Dhabi,Abu Dhabi,8483,71.6,Distribution
444265bb-b82c-489d-8f6f-2707abcbe567,Manchester Bonded Warehouse 4856,Manchester,Manchester,104948,72.93,Bonded
05ef1a06-97a5-49a9-9d81-68886d7f4ba5,Shenzhen Distribution Center 4857,Shenzhen,Shenzhen,50968,70.1,Regional
0dac1df7-ee1c-4329-a2fb-6c15a8682967,Osaka Fulfilment Center 4858,Osaka,Osaka,23611,79.66,Distribution
603899e7-85c9-4ee6-a475-4d5f2410a698,Hyderabad Regional Hub 4859,Hyderabad,Delhi,81968,73.93,Bonded
ff510238-e2ca-41e9-814c-e928427aecfc,Los Angeles Distribution Center 4860,Los Angeles,Los Angeles,89872,57.38,Distribution
a77001f5-3d81-4818-ab5a-bfe1cefba81b,Tokyo Bonded Warehouse 4861,Tokyo,Tokyo,29463,66.44,Distribution
991391db-64ba-4e68-9f07-fc7a971e3481,Frankfurt Distribution Center 4862,Frankfurt,Frankfurt,6312,66.28,Distribution
259d148a-b2c8-425e-95ca-6fb55126ccbe,Los Angeles Bonded Warehouse 4863,Los Angeles,Los Angeles,54197,49.82,Distribution
c5000f16-c35e-4c9e-9976-2692923abbd3,Amsterdam Regional Hub 4864,Amsterdam,Amsterdam,20212,83.29,Distribution
248008ba-57b1-451c-a360-9edbd49559ac,Chicago Fulfilment Center 4865,Chicago,Chicago,14404,72.37,Bonded
0f7d7207-17b3-4a64-b9a0-b435baf0b6fb,Abu Dhabi Bonded Warehouse 4866,Abu Dhabi,Abu Dhabi,34659,64.32,Distribution
d1e65799-a8e9-4aa4-985f-0963642cad19,Chicago Distribution Center 4867,Chicago,Chicago,111362,61.11,Distribution
0fa9df41-0f2c-463b-a452-2434fc4e5046,Osaka Regional Hub 4868,Osaka,Osaka,77483,94.98,Distribution
aeb71c00-9c84-41c8-a048-3afe2d4ea773,Los Angeles Regional Hub 4869,Los Angeles,Los Angeles,97391,82.33,Distribution
4a0d8caf-0c82-4696-b898-c18b7ee6eba8,Singapore Bonded Warehouse 4870,Singapore,Singapore,65382,70.77,Distribution
881a0078-e758-43f3-a7ce-f2b4fdf82fb7,Incheon Fulfilment Center 4871,Incheon,Incheon,87849,52.35,Distribution
c68223df-4918-4638-beab-77a2275dfa60,Ningbo Fulfilment Center 4872,Ningbo,Ningbo,106260,81.16,Distribution
3da4b0a7-9d89-4b4e-a0d6-767ef13d6934,Chennai Fulfilment Center 4873,Chennai,Maharashtra,13132,55.7,Regional
b8b72123-2c8f-41b0-88da-d4749fac0673,Manchester Fulfilment Center 4874,Manchester,Manchester,71748,92.55,Regional
e65a8197-b416-4fa7-bb63-dc0d831b4ae8,Sharjah Bonded Warehouse 4875,Sharjah,Sharjah,31135,76.58,Distribution
2346f8e2-57ad-48d1-8589-85a357bb9000,Singapore Regional Hub 4876,Singapore,Singapore,46309,84.28,Regional
08aebf50-4484-4585-a9a6-5f31dcb438ec,Shanghai Regional Hub 4877,Shanghai,Shanghai,55960,78.59,Regional
bff90d72-07fc-4b72-9a23-4278fe9be860,Ningbo Fulfilment Center 4878,Ningbo,Ningbo,26253,72.91,Distribution
f2016ece-d1c8-4a68-a548-691606b69319,Chicago Regional Hub 4879,Chicago,Chicago,88436,54.69,Distribution
a5cbdd17-3069-46a2-b49e-d05c654440a3,Osaka Distribution Center 4880,Osaka,Osaka,43609,71.02,Distribution
bd3e4237-1c48-49c7-bfdb-653436c75f2a,Bremen Bonded Warehouse 4881,Bremen,Bremen,71561,80.41,Distribution
7eb456c3-a06d-4d7e-8161-60c0a33e7631,Seoul Regional Hub 4882,Seoul,Seoul,49607,51.98,Distribution
9592a46e-7acc-47b3-b162-5facf917e19d,Bengaluru Regional Hub 4883,Bengaluru,Telangana,86680,84.1,Distribution
d18219ab-b32a-4e30-bb55-e10c593a0a84,Hyderabad Regional Hub 4884,Hyderabad,Maharashtra,81652,94.03,Regional
5382acf5-3aff-4f52-b562-1b3677994da7,Manchester Distribution Center 4885,Manchester,Manchester,59215,40.76,Regional
0e38cc23-8f65-48d0-b7c7-58e13ff0f4d4,Rotterdam Distribution Center 4886,Rotterdam,Rotterdam,58516,47.26,Regional
775a807c-1dff-4384-b8fd-257a12d388b2,Manchester Regional Hub 4887,Manchester,Manchester,45140,63.95,Regional
3a095f1a-8856-4176-819b-98361caacf02,Ningbo Distribution Center 4888,Ningbo,Ningbo,21206,82.27,Distribution
dfc2f477-de82-4293-bbdd-668e9a6b320e,Kolkata Bonded Warehouse 4889,Kolkata,Maharashtra,106518,92.49,Regional
a8b84d14-a23e-451e-909f-7966a0ad33ad,Singapore Bonded Warehouse 4890,Singapore,Singapore,73414,76.22,Bonded
b5390f19-cf1a-45b4-9297-8f63abbe1a25,Amsterdam Bonded Warehouse 4891,Amsterdam,Amsterdam,74391,63.73,Distribution
2536a8a4-f868-40cd-b3a4-d743f88ff5d2,Los Angeles Regional Hub 4892,Los Angeles,Los Angeles,65838,75.31,Regional
42463c43-4b3e-4b0e-a1a3-d48c943f57c1,Los Angeles Distribution Center 4893,Los Angeles,Los Angeles,50075,64.94,Distribution
82ca3fa2-97e1-4e60-9ca3-629af4ae3681,Hyderabad Bonded Warehouse 4894,Hyderabad,West Bengal,62969,72.19,Regional
4872bd11-514d-446e-80e9-66597c1246d9,Yokohama Fulfilment Center 4895,Yokohama,Yokohama,40009,94.3,Distribution
779207c9-7f60-4092-8797-7fee1eaf0e0e,Shanghai Distribution Center 4896,Shanghai,Shanghai,12925,56.56,Regional
1aee4eaa-0703-4ad7-96b8-4dc2fca9e19a,Frankfurt Distribution Center 4897,Frankfurt,Frankfurt,83996,65.35,Distribution
310de779-661e-4df6-9ab6-f3784b28ffad,Incheon Regional Hub 4898,Incheon,Incheon,58399,64.21,Distribution
6023d99c-2d08-4b7a-aa30-4f6d0f3d29c7,Osaka Bonded Warehouse 4899,Osaka,Osaka,28159,55.52,Distribution
38a46341-f264-409e-bd51-db8cf0c51f12,New York Fulfilment Center 4900,New York,New York,91149,79.88,Distribution
3910ddec-5835-4bd8-9ec8-345bcb13ce16,Yokohama Fulfilment Center 4901,Yokohama,Yokohama,99759,85.11,Distribution
c79b0ae6-2c60-4584-94cb-7a3fcfb1cd67,Bremen Regional Hub 4902,Bremen,Bremen,30851,93.23,Regional
20a9c5e4-0df0-455e-aa39-c1d882c1c2f0,Osaka Distribution Center 4903,Osaka,Osaka,65583,68.79,Regional
7f771fd2-c6b2-4f19-aa07-873ecf77b808,Seoul Bonded Warehouse 4904,Seoul,Seoul,55164,41.49,Bonded
1f7af40b-e688-4b86-8652-d6020a47fb6c,Sharjah Distribution Center 4905,Sharjah,Sharjah,76048,96.44,Distribution
650a15df-a05a-45e0-83e7-52d147cfb06b,Singapore Distribution Center 4906,Singapore,Singapore,54648,80.35,Distribution
e8b13499-3125-4dc6-867c-2be0ae9e14f4,Houston Fulfilment Center 4907,Houston,Houston,17215,71.69,Distribution
cc394f65-31fd-4ae2-b543-f53357af7d10,Shenzhen Regional Hub 4908,Shenzhen,Shenzhen,28779,70.47,Regional
942f1b09-ecaf-4fd1-b8d5-33658ebe2ff5,Ningbo Fulfilment Center 4909,Ningbo,Ningbo,93021,82.51,Regional
78ca9aec-86cd-46b9-9592-5b484e1305cb,Manchester Fulfilment Center 4910,Manchester,Manchester,27573,51.28,Bonded
70f3977f-6fd8-4b48-a00e-145e0a494635,Abu Dhabi Regional Hub 4911,Abu Dhabi,Abu Dhabi,19130,98.0,Distribution
01b9cff7-270e-4793-a626-d8ad71127905,Mumbai Fulfilment Center 4912,Mumbai,Karnataka,39322,82.84,Bonded
e3d4a935-cc93-468c-9bcf-76b1bd1fc110,Chicago Fulfilment Center 4913,Chicago,Chicago,20193,89.93,Regional
3eb6de6a-1708-4f9d-aa3b-21399dbb7994,Tokyo Regional Hub 4914,Tokyo,Tokyo,23133,81.96,Distribution
4f250d64-789e-4877-8e21-f7b410c0a7e5,Los Angeles Bonded Warehouse 4915,Los Angeles,Los Angeles,13227,59.09,Regional
b1d983f1-0152-4a86-af92-debb6fd25ca7,Frankfurt Fulfilment Center 4916,Frankfurt,Frankfurt,21206,67.32,Bonded
5aab103f-76d7-42d7-ac78-271b11e0beed,Sharjah Regional Hub 4917,Sharjah,Sharjah,117591,63.48,Bonded
e5348d2e-ff20-4751-b84a-505c5142526c,Guangzhou Fulfilment Center 4918,Guangzhou,Guangzhou,91648,89.65,Regional
75f82c31-2dab-48cc-8ca7-b8e32199f920,Frankfurt Bonded Warehouse 4919,Frankfurt,Frankfurt,75117,67.08,Distribution
2b811b57-3a89-443f-bb99-311e87504130,Bengaluru Bonded Warehouse 4920,Bengaluru,Delhi,9729,76.29,Distribution
3b990794-0d50-4ceb-9e60-0ddf84dd771b,Tokyo Regional Hub 4921,Tokyo,Tokyo,9396,67.78,Distribution
e646afc3-52c4-43b9-9042-e24f78139684,Yokohama Fulfilment Center 4922,Yokohama,Yokohama,63151,69.76,Bonded
1c05143a-2c79-4e72-a8a5-6a8a0ffe92ad,Yokohama Bonded Warehouse 4923,Yokohama,Yokohama,89394,78.08,Regional
a811625d-e878-480f-b83f-ebc3ac28f905,Incheon Bonded Warehouse 4924,Incheon,Incheon,19429,79.59,Distribution
b0df5471-6b96-4524-896f-0608b32f6311,Singapore Regional Hub 4925,Singapore,Singapore,111544,80.65,Distribution
6e2bec69-c603-415b-bf19-62eaa860c930,Yokohama Distribution Center 4926,Yokohama,Yokohama,34641,53.06,Regional
acd48770-c81f-4f7b-a849-c13069666e02,Rotterdam Fulfilment Center 4927,Rotterdam,Rotterdam,99583,77.27,Distribution
eb81f741-7f94-497f-a469-a977a2550ccd,Singapore Regional Hub 4928,Singapore,Singapore,95813,72.14,Distribution
7818a72b-1cf2-4cce-8886-a336232a5bed,Rotterdam Bonded Warehouse 4929,Rotterdam,Rotterdam,76433,55.8,Bonded
c7167c01-0c7d-4572-bcd0-070330573f9a,Bremen Distribution Center 4930,Bremen,Bremen,6042,89.53,Bonded
df893166-956a-4d98-9f05-be126d203555,Shanghai Distribution Center 4931,Shanghai,Shanghai,116499,75.65,Regional
9b32cef2-5a02-4153-9ba7-828d6998f5f4,Ningbo Regional Hub 4932,Ningbo,Ningbo,6221,71.58,Distribution
5cfc91ac-0eb6-4f56-b3ac-f679266643d2,Bremen Regional Hub 4933,Bremen,Bremen,45142,78.25,Distribution
cde08a8c-7eef-4d45-84f8-b444eb0f8dd3,Tokyo Distribution Center 4934,Tokyo,Tokyo,92203,69.59,Distribution
7bb0836a-1530-41bd-8697-761e749814c5,Shenzhen Regional Hub 4935,Shenzhen,Shenzhen,66455,64.66,Distribution
130575a2-9f73-41b7-82df-20b2d471e778,Singapore Fulfilment Center 4936,Singapore,Singapore,17183,50.93,Distribution
aff7943b-f68e-4553-be62-21590534512f,Houston Fulfilment Center 4937,Houston,Houston,32132,57.63,Distribution
cd560a83-7646-44f5-8b09-c43b7605cd5b,Busan Distribution Center 4938,Busan,Busan,24238,64.86,Distribution
02329770-43aa-4aa8-97ac-3086fa5c81e9,Amsterdam Regional Hub 4939,Amsterdam,Amsterdam,110310,49.81,Bonded
d2e55275-8b54-481b-8dac-55f500301e8f,Tokyo Distribution Center 4940,Tokyo,Tokyo,110206,67.43,Distribution
55e60886-010a-40ee-9974-94df9202af93,Sharjah Bonded Warehouse 4941,Sharjah,Sharjah,96826,61.02,Distribution
de8cdd00-6bf6-4785-bb04-a6c8d54d3caa,Yokohama Regional Hub 4942,Yokohama,Yokohama,98351,73.17,Regional
d0d2eeae-fb7f-495e-b150-465ca0604e36,Manchester Bonded Warehouse 4943,Manchester,Manchester,17010,82.95,Distribution
1efc55ba-cc7d-4e28-929e-644484f6dfd5,Abu Dhabi Fulfilment Center 4944,Abu Dhabi,Abu Dhabi,89318,77.74,Distribution
a9b315f6-2c08-42fa-8671-ce4edda53a42,Singapore Fulfilment Center 4945,Singapore,Singapore,108750,80.55,Distribution
0ae15756-98a3-4c86-a21a-95227037090a,Busan Regional Hub 4946,Busan,Busan,100995,83.11,Distribution
8dc52a4d-1a96-4438-ab12-0dda5b65c53a,Guangzhou Fulfilment Center 4947,Guangzhou,Guangzhou,83746,59.97,Distribution
1757c93f-f0d5-49c8-b0de-4e808667e3ff,Rotterdam Distribution Center 4948,Rotterdam,Rotterdam,25817,71.34,Regional
9dbf4eb2-13b7-4395-a53f-1acc34b65fdc,Chicago Distribution Center 4949,Chicago,Chicago,84522,52.04,Bonded
59cfc0bd-b1cb-41b9-92de-bfc8f7834bdb,Singapore Distribution Center 4950,Singapore,Singapore,37932,85.72,Distribution
da15eefe-1f38-4ada-a42a-d4786a03d55c,Singapore Regional Hub 4951,Singapore,Singapore,104454,89.81,Bonded
68c5d736-2185-4df3-9235-cb9ac23b5fdc,Felixstowe Bonded Warehouse 4952,Felixstowe,Felixstowe,47809,96.84,Distribution
f47dcbf9-10c9-4e6e-9f6e-b52b069dc568,Amsterdam Regional Hub 4953,Amsterdam,Amsterdam,54138,70.66,Distribution
dfe4b0a2-3af7-4fe2-ae7e-9dae19bb136f,Abu Dhabi Distribution Center 4954,Abu Dhabi,Abu Dhabi,20023,68.71,Regional
40ce3589-d126-43eb-8979-f2e85e4a2c84,Amsterdam Fulfilment Center 4955,Amsterdam,Amsterdam,43331,80.84,Distribution
8605fc79-4469-4055-9d14-5e55d02a8f1e,Seoul Bonded Warehouse 4956,Seoul,Seoul,59195,68.95,Distribution
c327bb09-06a2-476c-ae51-eaead16fc8a6,Seoul Distribution Center 4957,Seoul,Seoul,81412,65.42,Distribution
d194454e-39a5-4243-9698-6870a98e4f6a,Dubai Distribution Center 4958,Dubai,Dubai,119126,76.35,Regional
4cc0706d-6ea8-4225-ad74-06f2bafe42a5,Houston Bonded Warehouse 4959,Houston,Houston,88816,78.76,Regional
3c927fa7-18c1-4491-b1c1-e00b46c4a315,Sharjah Regional Hub 4960,Sharjah,Sharjah,53182,57.81,Regional
452f90b6-a045-4c6b-8f49-7eb6f347274c,Mumbai Regional Hub 4961,Mumbai,West Bengal,66375,98.0,Regional
6b5a9a04-bae2-4d2a-8d2f-5851097fc42f,Singapore Distribution Center 4962,Singapore,Singapore,110661,78.82,Bonded
230a6224-8f50-4bf9-bec3-974bee7be182,Amsterdam Bonded Warehouse 4963,Amsterdam,Amsterdam,64293,85.29,Distribution
adb4e821-6e09-4f61-81d1-00c7ef9df41e,Felixstowe Bonded Warehouse 4964,Felixstowe,Felixstowe,95541,60.43,Regional
e80d330b-deb8-4a26-9f2b-238e5f6b569f,Guangzhou Distribution Center 4965,Guangzhou,Guangzhou,18575,78.84,Distribution
e7878a8f-8d25-4b9c-872f-fe320bf35286,Mumbai Distribution Center 4966,Mumbai,Telangana,67196,76.89,Distribution
cd1e4340-532f-4563-8627-3f23891c3a04,Manchester Distribution Center 4967,Manchester,Manchester,71223,65.34,Bonded
cb37e8ec-c6fb-4f62-8501-5eb225f822bd,New York Distribution Center 4968,New York,New York,57730,53.35,Distribution
0e077e73-78eb-41dd-b1d4-f927886c732c,Los Angeles Distribution Center 4969,Los Angeles,Los Angeles,94564,67.54,Distribution
367ab91b-2680-4eeb-bfca-a7c37a8ffd2b,Incheon Distribution Center 4970,Incheon,Incheon,67017,68.0,Regional
ed24fae1-2d09-4966-8c7e-00b40b2c0735,Abu Dhabi Distribution Center 4971,Abu Dhabi,Abu Dhabi,88945,76.18,Distribution
270c86c4-d4e9-42ab-928d-47a5c6627d8a,Yokohama Fulfilment Center 4972,Yokohama,Yokohama,77231,72.88,Regional
0fe8b692-008b-4604-9d27-fd95b5102d7d,Osaka Distribution Center 4973,Osaka,Osaka,61261,68.93,Distribution
56e51305-34f6-4c13-a9c7-e85201950662,Amsterdam Regional Hub 4974,Amsterdam,Amsterdam,67053,83.02,Regional
2d8115e9-5485-4851-8af8-d03e4d36de39,Houston Fulfilment Center 4975,Houston,Houston,22486,98.0,Distribution
4f30db52-aac5-4374-a23c-e9f4360b9bcf,Incheon Fulfilment Center 4976,Incheon,Incheon,72764,64.15,Distribution
34e07ec5-6b6f-4fdc-844f-48ed10b444c4,Bremen Fulfilment Center 4977,Bremen,Bremen,107431,86.53,Regional
a373c62d-58ba-49bb-af81-1901630959cc,Mumbai Bonded Warehouse 4978,Mumbai,Delhi,38963,86.78,Distribution
4e11450b-73b7-4095-a182-1bbe1f264998,Houston Bonded Warehouse 4979,Houston,Houston,70061,74.77,Distribution
956c4c14-cb61-49ca-9a89-3ebf81231fae,Yokohama Fulfilment Center 4980,Yokohama,Yokohama,93443,73.69,Distribution
36c30f97-931a-4566-b762-7a99d3dd72c3,Manchester Regional Hub 4981,Manchester,Manchester,116574,58.94,Distribution
8fc6a383-87b4-4ab9-a66f-e3768c858291,Ningbo Regional Hub 4982,Ningbo,Ningbo,118299,76.92,Regional
5ae7fca8-f33e-4aa1-8071-e8f6dec8fef9,Rotterdam Regional Hub 4983,Rotterdam,Rotterdam,17709,58.83,Regional
ad65ac48-fff2-4593-a65f-e293b684097f,Sharjah Bonded Warehouse 4984,Sharjah,Sharjah,64109,39.17,Distribution
be816243-3aa4-4d30-a759-1026b17e34d3,Hamburg Regional Hub 4985,Hamburg,Hamburg,11664,58.0,Bonded
2cce9892-953c-4471-9529-134aa518f220,Delhi Distribution Center 4986,Delhi,Tamil Nadu,112612,83.64,Distribution
35e741a5-845c-4b12-85ea-53eaca6169ac,Frankfurt Bonded Warehouse 4987,Frankfurt,Frankfurt,61317,68.18,Distribution
206b764c-f058-45b6-8f46-65d5ab54c668,Ahmedabad Bonded Warehouse 4988,Ahmedabad,Tamil Nadu,111378,80.11,Regional
d69d3e04-03f4-4c55-92d6-c974e9808221,Delhi Regional Hub 4989,Delhi,Karnataka,13178,73.64,Regional
90306863-fe77-4c47-b145-d4c76bb0af4e,Amsterdam Distribution Center 4990,Amsterdam,Amsterdam,37817,90.55,Bonded
849dbb74-ca3a-4c0c-98e6-1d284cdb37ff,Sharjah Regional Hub 4991,Sharjah,Sharjah,115455,79.42,Regional
61aba53a-d998-4a53-9920-0079d08ec43c,Amsterdam Distribution Center 4992,Amsterdam,Amsterdam,62660,60.08,Regional
76ecf93b-d2a9-459b-ad93-b16cd4401b24,Singapore Bonded Warehouse 4993,Singapore,Singapore,116689,83.21,Distribution
0ebe501c-1ea5-408c-abd4-c4185920569d,Hamburg Fulfilment Center 4994,Hamburg,Hamburg,54945,47.44,Distribution
adc2a43f-0e43-47f2-a07c-a9875a5de296,New York Fulfilment Center 4995,New York,New York,14663,55.24,Regional
ace0b6ca-2abe-42de-8018-99709a0b7693,Chennai Bonded Warehouse 4996,Chennai,Maharashtra,113225,89.91,Distribution
eb7edd5d-a8d3-4893-836e-f3bd2c166e88,Chennai Bonded Warehouse 4997,Chennai,Tamil Nadu,81229,87.6,Distribution
dce53a4b-feca-41d4-9422-cdec030765bc,Ningbo Fulfilment Center 4998,Ningbo,Ningbo,76978,79.89,Bonded
8bf1a99a-a73e-4de7-b799-3e52191aaf39,Ahmedabad Bonded Warehouse 4999,Ahmedabad,Gujarat,83580,77.25,Regional
8681e3bd-85d2-45de-a2d2-9cd073a3c23a,Houston Regional Hub 5000,Houston,Houston,16344,76.77,Distribution
