weather_id,city,forecast_date,weather_condition,temperature,rainfall,humidity,wind_speed,visibility
6740d2f9-10b2-4458-8e77-f07d72eeb2e2,Guangzhou,2025-09-04,High Wind,26.03,10.98,30.19,39.45,5.13
ad60ae64-3b4a-4f93-bcb9-ca1c187cb762,Osaka,2026-01-14,Cloudy,20.47,0.55,75.27,5.64,7.78
79d2e740-c5f9-4d76-8fa0-ff163e9509fb,Frankfurt,2025-11-08,Heavy Rain,33.34,69.6,46.37,3.86,3.04
0192617c-038f-47ac-bd12-21877b48ed78,Felixstowe,2025-08-08,Rain,26.8,10.01,55.87,16.05,9.4
33479129-fd5c-4628-aae9-3b8d4501a1fe,Los Angeles,2025-11-13,Cloudy,26.19,1.6,74.59,3.77,8.27
0e61b0dc-03b2-4ff8-bc70-9b3ffd3e7dcd,Sharjah,2026-01-26,Heavy Rain,30.85,71.86,45.7,4.38,1.09
897773d6-2f37-4e14-858d-0b2f8f1faf17,Felixstowe,2025-03-06,Clear,16.5,0.0,44.07,24.26,10.02
c9caaaa7-7942-43d9-833d-834d5cfb1c5c,Chennai,2025-08-23,Storm,29.42,91.02,66.85,52.45,2.39
b8d15f5e-6c4f-4c44-a0ee-b8fe57dd1c95,Houston,2025-05-03,Clear,35.54,0.0,85.36,31.17,14.68
999ea19d-260b-45c7-81c8-3a29f758a98c,Ningbo,2025-09-23,Cloudy,20.89,1.94,59.85,25.45,11.97
5533ceb1-2cb7-4995-9bf6-24e843170823,Singapore,2026-04-24,Cloudy,21.62,3.69,86.51,27.65,11.44
ac6acf79-1110-49dc-9387-c8d646640703,Chicago,2025-03-10,Clear,34.52,0.0,87.0,32.34,11.52
39054c8a-27a7-484d-ac24-a1d5baeff2cc,Bengaluru,2026-01-15,Cloudy,28.24,3.77,64.22,26.91,6.18
c94114a7-ef8e-4a18-90a6-0333e31d5578,Incheon,2026-02-13,Clear,31.95,0.0,64.98,30.02,14.99
622211f6-2e4f-4eca-9a4b-aff32a967249,Hyderabad,2026-01-06,Cloudy,13.94,2.81,44.3,18.22,9.01
a651bbf3-d502-4240-aae0-27b3a45f16b3,Sharjah,2025-04-20,Fog,5.43,1.39,70.37,12.35,0.34
0a93efb0-f77f-4fa9-ac6a-2bb16bd73906,Hamburg,2025-02-22,Clear,13.12,0.0,90.93,5.65,7.98
143df103-e2c9-409d-9b50-0a9238452aa5,Incheon,2026-04-16,Heavy Rain,10.01,55.74,67.49,5.35,2.27
79067d2b-c7dc-488f-bf94-e86a31e5abb0,Houston,2026-01-22,Fog,4.47,11.38,47.96,30.72,0.5
56577622-ef44-47c7-b6bb-087bbf8bad5f,Rotterdam,2025-01-09,Storm,20.93,141.93,86.53,89.35,1.46
643215f0-17dc-4919-a9a9-9055fb55b880,Hamburg,2025-08-22,Cloudy,25.68,1.28,35.09,3.25,10.96
aa859bbd-60e9-4500-b276-9805b85c4f31,Yokohama,2025-08-05,High Wind,34.91,5.12,49.64,50.0,7.42
6c16debf-7fa7-4c7a-83f7-1f1cec4f335b,Felixstowe,2026-03-30,Clear,26.03,0.0,76.38,23.59,9.02
622f2a58-1ed8-4653-a6ec-900d416c8f56,Guangzhou,2026-06-03,Fog,17.28,0.24,92.41,32.05,0.69
cbbf9d08-1269-4c9c-86eb-fa7e75d311a0,Incheon,2025-01-23,Fog,5.02,11.37,87.99,20.84,1.53
1429397b-2734-4aca-845d-195153181b8d,Kolkata,2025-11-07,Clear,18.19,0.0,52.41,21.6,6.31
c02855c6-21c0-42de-8c16-3aaca859b960,Abu Dhabi,2025-08-06,Cloudy,23.14,3.28,64.0,29.55,11.2
7bde3199-8da3-4e37-9779-75a04963e8ae,Osaka,2025-09-13,Clear,35.28,0.0,59.05,10.94,7.3
ba117e8d-8ae3-476d-913b-ad425f0c00e6,Shenzhen,2025-01-12,Cloudy,28.14,3.62,51.02,11.49,5.37
ec9ee65a-3589-42ed-af3f-d84273ea20e5,Shenzhen,2025-06-03,Heavy Rain,31.57,49.25,78.39,15.54,4.28
443628de-cbea-481d-b028-630dc2a98372,Hyderabad,2026-06-02,Clear,13.71,0.0,91.8,29.87,7.31
52d8709a-878c-46e1-838d-09481b9b98e2,Shenzhen,2025-06-14,Storm,31.64,122.3,37.79,88.8,2.76
23354241-b4a8-4c80-ad64-73b149af00d4,Frankfurt,2026-04-02,Cloudy,30.84,2.64,61.06,13.77,12.51
7ad2d213-cd31-4cfa-a49a-ba36d4b0ad84,Osaka,2026-05-29,Cloudy,26.34,3.88,93.77,14.5,8.72
3255454b-8fe4-4a1d-94b7-32986c64465b,Manchester,2026-05-15,Cloudy,28.81,2.12,35.92,33.07,5.97
2839f0d4-dcbf-433e-9374-8e955fb3a844,Los Angeles,2025-04-15,Clear,18.15,0.0,54.51,11.75,10.06
30682085-78ed-4c85-bdd1-84c0d8549f45,Felixstowe,2025-09-12,Clear,14.43,0.0,65.79,19.17,8.57
f070e4b1-671c-4dab-943d-b493f4d06977,Seoul,2026-02-02,Clear,19.55,0.0,81.75,15.56,14.86
8bef65ad-8fa0-4cf4-ad7f-7585223632a3,Shanghai,2025-03-14,Cloudy,24.98,3.31,94.09,3.83,12.1
a31c2b86-3a8d-4069-8784-3401c7270f63,Tokyo,2025-06-12,Clear,23.42,0.0,71.96,26.39,10.87
7ccbe49c-42f9-4a02-bbc6-a5a9230346c8,Mumbai,2026-01-18,Cloudy,23.6,1.53,30.18,6.18,14.05
14a1f45d-aeb9-46f1-b018-b3e6a1c2cde2,London,2025-06-29,Clear,18.49,0.0,63.66,3.33,10.84
627d18ff-88f9-4018-ab71-eef2019c7190,Shanghai,2026-02-28,Fog,10.35,1.93,88.44,27.57,0.44
2dd617dc-f923-43f0-8afb-7a889099668e,Seoul,2025-10-24,Heavy Rain,19.66,83.12,37.25,25.92,3.68
df83d1e3-9fcf-47ac-8891-1835291df46a,Tokyo,2026-05-03,Clear,26.04,0.0,63.33,28.49,9.25
35bcb879-a149-41af-9513-887e16470c74,Kolkata,2026-06-23,Clear,22.85,0.0,53.48,6.64,5.87
20fe1283-538b-4ef7-8b82-6859ebf07beb,Shanghai,2026-06-30,Rain,35.85,26.21,80.95,6.99,7.76
d8d01bf3-5940-4bcf-90af-9e9340287d7e,Frankfurt,2025-05-19,Rain,35.28,8.64,40.29,27.14,7.31
cc8b62bf-e816-4f8d-bc17-28cb5c10c88c,Shanghai,2025-05-03,Fog,8.67,3.88,61.13,15.61,1.65
63d4beba-4d19-4298-a9d1-c536a9269eb7,Hamburg,2025-03-18,Cloudy,14.22,0.57,90.47,30.88,13.95
03aca049-bcb6-4859-97c5-717722782b7d,Hamburg,2025-05-17,Rain,19.86,33.39,42.64,22.54,7.22
a035be9e-d879-4117-acfe-ca78586e0422,Frankfurt,2026-05-13,Clear,18.42,0.0,55.33,16.65,10.99
4326cae0-4fd7-40dc-a845-3ad127b77b41,Mumbai,2025-07-03,Cloudy,20.16,0.38,38.55,24.26,10.62
b24dfe89-601a-479f-9a3f-d6075ec92d22,Chennai,2026-04-05,Cloudy,18.79,1.06,49.57,12.49,10.86
16b56e7d-f621-46ba-9399-ebd357decc14,Shanghai,2025-03-16,Rain,24.68,26.8,40.3,34.17,14.52
beb56ccb-7048-4fa9-bb82-8305689965df,Sharjah,2025-11-02,Rain,24.79,25.54,45.62,33.07,10.02
2419fe9e-0cd9-477a-838a-e8f460bd5aa8,Shanghai,2025-07-12,Clear,12.46,0.0,57.54,15.05,7.84
ce12c28f-1f2b-4958-8647-7a14d044847d,Ahmedabad,2025-08-13,Cloudy,31.29,2.21,49.01,10.05,6.41
370be6da-e484-4ef5-8be9-32847b82de4a,Frankfurt,2025-11-25,High Wind,34.77,10.61,58.34,66.78,10.97
d5513b57-1777-4be1-a714-f8c25de3862c,Abu Dhabi,2026-05-05,Storm,26.76,71.82,52.92,74.38,1.38
171b0e6a-cdf4-4cf6-a831-7e95c427f990,Felixstowe,2026-01-13,Clear,19.06,0.0,57.71,19.24,11.97
6f9d9450-737a-4709-a4b7-a0f0c13479bf,Guangzhou,2025-10-05,Cloudy,10.93,1.49,65.83,24.16,7.88
87b2d6f0-7d22-4230-8143-00fa6b2342e9,Manchester,2026-04-11,Rain,26.99,23.87,87.64,15.86,12.84
2509008f-f3be-4eb1-acc4-aba27e39ac8f,Kolkata,2026-03-22,Heavy Rain,28.41,104.85,48.08,27.37,3.66
c52ca19d-d687-4503-902c-286fe5e54472,Guangzhou,2026-01-21,Cloudy,23.51,1.03,69.19,24.16,12.61
f2267c1e-3862-4c3c-a205-acf35188e79d,Kolkata,2025-09-11,Cloudy,10.27,3.68,63.86,15.57,11.39
0292ac4d-e809-4154-9aff-a447ac37c4c9,Hamburg,2025-01-17,Clear,21.08,0.0,33.62,8.95,11.93
d1e5860c-30d3-4d40-8135-2595972c1075,Chennai,2026-04-26,Cloudy,12.39,2.28,65.34,6.4,8.75
0490deb3-6d13-4c8c-94e8-770bc23d8648,Rotterdam,2025-07-15,Clear,18.81,0.0,73.04,23.17,12.55
873bed7d-3e1d-48bc-a29d-c464d000b524,Delhi,2026-04-05,Cloudy,22.59,0.25,88.97,10.32,12.0
aa132f4a-9fdb-4e50-9035-b8e634d3d21f,Ahmedabad,2026-02-27,Clear,23.87,0.0,94.53,30.43,9.84
c1d95f22-11fd-4388-917a-ee4e5c3a1f4b,Singapore,2026-04-14,Cloudy,10.85,0.01,46.62,5.76,8.45
320688d2-108a-4b1c-8eb9-43cef634cbfb,Busan,2025-06-17,Clear,14.76,0.0,48.34,21.86,8.67
cdbed482-5d40-49a8-956a-656f5d4bf08a,Felixstowe,2025-11-14,Clear,10.26,0.0,83.88,32.52,14.64
d5c80839-d990-4974-8edd-96aa40e5d3b5,London,2026-04-16,Clear,20.01,0.0,64.77,18.71,9.07
a8df0375-8204-415b-8d1f-9fd338360aab,Delhi,2026-01-31,Rain,12.36,32.86,46.07,16.27,10.15
944427f3-62e6-4c21-9365-19303f1be02e,Guangzhou,2025-12-21,Cloudy,13.76,1.85,90.53,32.21,11.72
690e966a-1e0e-4c5e-9279-1cd7a4d5087f,Dubai,2026-02-04,Cloudy,28.99,2.34,92.11,10.22,11.26
c809c82e-8fa6-4312-9204-7785463aa4cf,Dubai,2026-06-24,Clear,30.88,0.0,92.74,33.58,10.4
6413dbd4-9f6f-4626-abee-3573df9d8024,Guangzhou,2025-10-27,Clear,31.62,0.0,92.35,7.49,7.53
a3bbbfb3-2ffb-474c-9ee9-f5ca6b2ef3f4,Shanghai,2025-07-11,Rain,18.09,24.35,86.82,27.72,5.27
6a5cbcd1-7ec9-4182-9433-387d0f48ef7a,Bremen,2025-09-17,Clear,31.15,0.0,46.23,15.79,12.58
b2fff0ad-1cae-4f37-a6e2-31e12f131005,Ahmedabad,2025-06-06,Cloudy,11.57,3.4,89.1,10.04,10.08
5a45556f-5f04-45b4-9214-5aab49df0237,Los Angeles,2026-05-19,Cloudy,12.66,3.18,37.65,32.39,14.55
52df0a9e-50cf-454c-818c-8c3bb5e6c417,Rotterdam,2025-05-12,Rain,26.95,15.15,44.08,32.78,10.86
cb9aeb3d-2170-4070-acce-04e4caec90cc,Bengaluru,2025-01-31,Rain,16.82,33.74,36.48,26.52,7.11
5209305e-52cb-4d4a-a6aa-8eeab8d53e65,Chicago,2025-04-12,Heavy Rain,26.49,116.12,92.48,17.58,1.48
114a99c0-4587-465d-8fc2-0783e56e71d0,Hyderabad,2025-10-15,Storm,27.82,70.73,76.56,71.05,2.94
d81913c3-023e-474c-a0af-5620edea6f7a,Los Angeles,2025-01-22,Clear,28.48,0.0,81.82,16.22,8.09
1828a704-63d6-4d20-93c9-f0a567dfd532,Felixstowe,2026-01-08,Clear,22.96,0.0,58.45,16.96,11.49
c9cc110b-8daa-4dac-8ba0-ddf6a44c5109,Rotterdam,2025-07-31,Cloudy,11.13,2.19,85.2,23.37,14.32
ae67e2d2-86c5-43f1-b134-8e9f596f76a7,Incheon,2025-09-21,High Wind,24.15,2.03,52.61,71.47,5.71
26b1ef1a-970d-440c-8fe8-31a7e6dbc608,Delhi,2026-06-29,Clear,32.21,0.0,45.88,30.55,12.47
155032f1-c857-4654-a46c-cbc9e2bce7cc,Manchester,2026-01-02,Cloudy,31.26,3.69,83.64,34.32,7.74
5c2bddc7-d113-4e83-b45e-6f05b231c6ec,Sharjah,2025-01-13,Clear,29.73,0.0,80.94,24.36,5.6
8d2b0e9b-383b-4cf3-8d61-2d3b7bdaf927,Frankfurt,2025-03-14,Clear,34.07,0.0,35.97,23.15,7.53
006a0f71-be5b-4923-a68c-3d0cc759b361,Ahmedabad,2026-02-21,Cloudy,11.76,3.21,91.97,33.04,9.23
6339d3cf-4220-45db-878f-eef72a715a8e,Osaka,2025-05-22,Storm,25.31,81.53,85.19,51.56,1.84
81f71448-a83c-42c2-8b81-da7d754471fc,Los Angeles,2025-03-10,Heavy Rain,18.47,81.32,39.64,26.87,3.37
b26640a2-dfac-4ec5-8c47-dda7d2d01055,Los Angeles,2025-06-24,Rain,17.71,11.89,66.9,33.93,14.18
314a7ce8-095d-4429-971c-aaa7e96938bd,London,2026-03-29,Fog,10.92,10.74,77.45,23.25,1.13
60bdb0d5-2f18-42ca-9edc-763a67fb8385,Chennai,2025-01-18,High Wind,26.4,5.37,52.71,46.09,12.72
2267a171-3ca4-4591-a35a-ebdd7a568f59,Guangzhou,2025-12-30,Clear,35.24,0.0,72.51,7.08,12.12
1bb5a68e-57c9-45c1-a258-cf5a93649c84,Bengaluru,2025-11-10,Rain,16.39,15.66,44.37,17.71,13.09
1b03b2fe-29f3-4ec6-a43d-447b70b28445,Dubai,2025-12-31,Fog,8.51,0.8,62.45,27.16,1.16
d7d3f086-e0c3-4d79-ae92-976ea25397b7,Bremen,2026-01-07,Clear,11.36,0.0,39.19,24.11,8.77
911d4d9d-50c2-4643-9c04-c6a33d42a5ad,Yokohama,2025-08-28,Clear,25.26,0.0,34.5,4.75,7.96
8a32002c-0cb1-47b0-afbb-f2bd6b935049,Bengaluru,2026-06-06,Cloudy,27.71,3.02,88.9,11.66,6.46
a90f17d1-c6a0-49ad-a8a2-83e3e91c532c,Hamburg,2026-05-08,Cloudy,31.31,0.64,44.66,33.32,14.0
9bf2f021-737d-4196-9675-58586893d19a,Singapore,2025-08-13,Clear,22.95,0.0,69.88,4.1,8.14
767b5148-17cd-43b1-a58b-e75e0423ce0d,Bremen,2025-03-27,Cloudy,29.75,0.63,32.27,13.74,8.27
28938fe8-8ec0-4be8-9ead-0aec537a1f43,Felixstowe,2026-04-26,Clear,27.52,0.0,94.45,29.17,8.32
19dfb28b-994f-4a5f-b921-a0fd03c1d97f,Incheon,2026-03-25,Clear,34.78,0.0,72.71,19.57,13.48
80147162-9ea5-460f-9173-745c5e505719,Delhi,2025-08-19,Cloudy,16.73,1.7,63.42,21.87,14.86
ebb7c77d-d9e3-4793-b512-74e65b012583,New York,2025-07-30,Clear,28.93,0.0,41.02,7.87,14.77
78d206d7-0c65-4c62-b787-73d73b8d2156,Delhi,2026-06-05,Cloudy,28.96,0.53,79.74,20.02,8.53
39b31588-70ae-43d6-ab14-0d2b38ddfd20,Tokyo,2025-08-26,Rain,25.45,14.18,91.58,21.7,10.35
4a5d0495-7b3a-4310-9516-c67197b7453b,Osaka,2026-05-09,Storm,28.17,68.44,31.26,59.63,1.98
6e27ab18-6087-485d-965f-81251399f6a2,Manchester,2026-03-07,Rain,31.9,26.42,87.3,10.16,8.68
5a8762a2-b3ba-4973-923f-634e29ea8f95,Chennai,2025-12-24,Heavy Rain,33.65,67.34,82.72,21.41,2.52
fda74252-7dd7-48f2-b30e-8181ccd83462,Hyderabad,2025-12-24,Rain,19.89,14.81,52.52,19.16,10.86
9273b820-a3dd-4995-b2b8-c871d5ad7dee,Abu Dhabi,2025-06-22,Clear,24.67,0.0,59.76,18.99,13.22
4467eb74-1608-4921-8311-3c94eee16930,Dubai,2025-11-01,Clear,14.55,0.0,32.26,13.25,13.93
32428c07-7179-4d37-a262-a6ba1455b600,Abu Dhabi,2025-05-06,Clear,20.79,0.0,48.57,3.44,6.85
1755a3be-c00e-4710-ad98-29494eec8110,Incheon,2026-01-27,Rain,19.13,24.43,63.28,6.35,11.41
653e1c55-8e89-4206-acba-1b4a19f9b68f,Hamburg,2026-05-25,Fog,14.19,10.58,59.59,15.08,1.4
0d8679b5-5023-4f1f-8626-2faa128a62ce,Osaka,2025-09-07,Rain,17.94,30.7,77.17,28.56,14.52
054e7448-bef1-4d9b-a63e-133c08408951,Singapore,2025-12-28,Rain,18.43,20.85,66.47,5.06,7.72
e094961b-d514-448f-9f47-bff13cd5e823,Mumbai,2025-06-19,Clear,22.2,0.0,58.85,30.53,9.95
3a2b10d9-fe51-4f29-bff2-180c3d1307ab,Shenzhen,2025-01-17,Heavy Rain,11.25,70.29,67.88,26.22,4.83
07b0bb88-3e7b-46bb-9c47-6600290c7c3b,Shanghai,2025-01-15,Clear,31.7,0.0,79.8,27.83,5.82
572e9a8e-28f4-421d-805e-ac919a9b8042,Busan,2025-04-11,Clear,30.11,0.0,50.29,4.35,6.52
4cce2f55-8fe3-488f-a5e1-9564ea55329b,Bremen,2025-05-03,Clear,27.79,0.0,59.19,19.84,14.25
23936434-5754-4193-a74a-3ed0c3e6eee9,Rotterdam,2025-10-07,Heavy Rain,27.0,103.36,36.3,10.4,4.9
c866adf5-da54-4b2b-acdc-6aed4dc1ee57,Hyderabad,2025-08-17,Heavy Rain,22.54,38.92,88.52,15.89,1.32
89f3f732-d227-42d2-9d89-8841c3bb2ce9,Incheon,2025-07-04,Heavy Rain,30.91,71.97,44.23,32.01,1.05
01ea9090-f66f-4c50-a481-d59af861a6ce,Guangzhou,2026-03-25,Clear,27.68,0.0,88.62,7.15,9.32
b66119a1-ff4b-4384-b53d-7cb72787a72f,Kolkata,2025-01-03,Clear,20.36,0.0,42.11,11.08,5.74
f2db7cb1-2207-453e-802b-24ff611711c8,Houston,2026-05-15,Cloudy,20.05,2.5,67.52,16.94,11.59
a23a123c-ad33-4c7c-8107-92086df81b07,Osaka,2025-08-06,Heavy Rain,30.09,42.27,56.2,28.15,3.78
481a45d7-0979-42ca-b0e1-6c7ad6ea3259,Frankfurt,2025-12-01,Clear,23.1,0.0,87.02,3.73,9.14
e3517c9d-317a-4011-bee8-c3af6ea15aca,Mumbai,2025-06-07,Cloudy,20.32,0.86,90.53,25.25,9.54
4695224b-5a53-4e70-bef1-e5a6dabe2ecf,Osaka,2025-08-18,Clear,18.42,0.0,91.45,14.97,9.52
f0eb6941-8634-4dec-8dd3-345cf6cdc050,Manchester,2025-11-11,Rain,17.83,28.13,57.48,31.81,9.18
bda758a5-9b17-4f46-a1d7-721636102ed1,Busan,2026-05-03,Storm,24.57,99.31,47.27,56.21,1.36
2ca15de1-64c4-4fbd-be4d-5a9b9b4ed98f,Rotterdam,2025-11-05,Fog,12.02,10.76,44.92,18.11,1.59
a18e5625-bb65-4985-a237-2f2c63e46fec,Frankfurt,2026-04-21,Storm,25.39,81.9,46.74,82.38,0.51
81e04c44-22c9-43c0-bd25-5a9f75682299,Ningbo,2025-12-01,Heavy Rain,19.36,108.4,34.37,16.32,4.81
379bddce-d731-4bef-ab04-9992cf11d554,Chicago,2025-03-15,Rain,17.85,22.5,50.27,6.35,9.51
55d42c94-32bd-480a-90bb-5429f138ea93,Osaka,2026-01-24,Cloudy,15.91,1.85,45.85,7.51,10.19
3573aa17-e0c8-4a44-8c04-890a3f51da0c,Rotterdam,2026-03-23,Fog,5.13,4.58,70.93,28.53,0.27
27374d49-1921-48f5-87bf-b2f45b7cb2a6,Dubai,2025-10-25,Clear,21.2,0.0,80.15,32.29,12.32
93c4b3e3-a1d5-49a3-8ba3-39bbb9020dea,London,2025-04-15,Heavy Rain,17.56,101.24,87.61,3.05,2.35
398d28b6-6a1e-474a-baa3-c83f2e94e4f2,Singapore,2025-08-06,Clear,25.75,0.0,57.1,10.46,12.52
760a69a1-5441-4075-bab5-1d4918625a63,Manchester,2026-06-26,Clear,10.33,0.0,39.65,20.9,13.64
3be5551e-4ba9-40d4-b14f-8fcb18e85cfb,London,2025-11-20,Rain,24.5,12.38,34.18,3.05,10.25
eca7cb56-2226-49f6-8dfb-3547d3dc35ed,Guangzhou,2026-03-26,Cloudy,26.8,1.99,58.19,20.47,11.68
43292cbd-c6cc-4854-a4a3-09a046fd6b00,Osaka,2025-02-13,Cloudy,19.46,0.47,93.89,6.69,13.99
4a417015-1af2-4abb-83cf-fe550f842899,Felixstowe,2026-04-29,Cloudy,33.19,1.25,34.95,4.37,13.75
290c8e74-b052-4833-b097-1cf6a1f28c87,Bremen,2026-02-20,Rain,19.15,6.38,52.75,13.66,7.3
249f47fe-45aa-47f6-a949-e70e6b8d7d00,Yokohama,2026-05-24,Clear,34.29,0.0,49.34,22.71,6.47
62d2bd5b-5842-41cd-b28e-20f4ce59183c,London,2025-12-10,Fog,9.8,0.67,43.22,28.58,1.65
e56a459e-fa44-4516-b023-44b658a8f112,Manchester,2025-07-24,Clear,16.41,0.0,76.69,27.93,10.52
9cdf57b8-754a-4001-a66b-1ace619b7379,Rotterdam,2025-01-22,Cloudy,22.91,1.62,83.96,16.09,9.98
9b455413-58ee-4112-aa16-a0e0270a909f,Frankfurt,2025-03-29,Heatwave,35.8,9.15,71.16,19.29,8.22
2f7b8cac-a07f-4318-81fa-29af0797f3c2,Sharjah,2026-02-20,Clear,16.74,0.0,47.72,33.26,8.23
a2d2aa29-e8c4-440c-a609-367bb2d8857a,Ahmedabad,2025-11-15,Clear,29.1,0.0,78.9,30.91,8.46
01eb0aba-6a9c-4313-9a7c-d3f249c2aabc,Incheon,2025-05-01,Heavy Rain,11.03,103.08,41.94,27.32,4.38
82604987-1999-4d47-aa30-180863881a19,Guangzhou,2026-02-07,Heavy Rain,15.39,94.61,73.47,7.69,2.97
b11531dc-0438-45b1-a5d0-a930e337030f,Yokohama,2025-05-19,Rain,10.46,24.15,49.08,16.07,13.39
2c253818-8a13-4eeb-a2c7-348255417409,Tokyo,2025-11-19,Cloudy,33.98,0.24,78.99,26.72,7.22
e168065b-ad82-4d96-b9d2-2045344505f8,Bremen,2025-07-10,Rain,23.16,12.64,34.4,29.55,6.62
a5552069-68de-45d0-a3ac-cf6ba00398a1,Amsterdam,2025-11-27,Clear,14.92,0.0,40.91,20.58,12.11
b8f24afb-71e5-47a5-a105-99f2eed78ce6,Chicago,2026-04-17,Cloudy,23.84,2.07,63.45,22.44,14.64
3be81f55-71f2-42da-ae03-35db165a192c,Ahmedabad,2026-06-23,Clear,27.05,0.0,65.73,4.09,12.61
f8803afd-de2d-45e9-8a26-94c932a0ff44,Rotterdam,2026-06-15,Storm,26.44,129.77,66.52,56.11,1.12
99c348fc-303c-4440-9c8b-ab8caa27cf43,New York,2026-01-12,Clear,22.5,0.0,30.18,32.4,6.36
0b527a7d-2eef-44d6-9dad-b2a189a6fe31,Guangzhou,2026-03-23,Cloudy,16.06,2.22,50.11,22.64,5.49
0156ffd3-0c78-4eb7-8b5f-558402ceac33,Hyderabad,2026-06-08,Clear,22.35,0.0,34.86,3.15,5.76
d06bb082-7982-4770-840a-2aa1973a2124,Yokohama,2025-09-15,Clear,23.43,0.0,67.71,28.55,6.56
46bcbda0-5912-42b0-9935-b83c83f6f5ed,Abu Dhabi,2025-01-26,Cloudy,31.73,0.31,90.43,31.24,6.57
3d8ba504-ee87-458d-a072-ada2ee574d22,Incheon,2025-05-17,Rain,16.27,31.45,47.92,23.67,8.56
11c9dca3-b13b-4489-b7e0-34ffee3da1a6,Busan,2025-03-15,Clear,19.39,0.0,91.61,8.94,10.21
924a9fb6-902b-460b-ae44-b8d9610cf94d,Tokyo,2025-02-10,Cloudy,33.28,1.57,77.32,22.12,7.47
f76e9e83-14ac-4718-bc84-75a67bf70ea9,Dubai,2025-02-20,Rain,32.78,14.69,41.56,28.22,12.41
071af818-67e4-494b-9605-4ab4714e0733,Amsterdam,2025-12-01,Clear,12.47,0.0,85.74,23.16,8.45
26465360-7c21-4249-afcf-626e87b1422a,Houston,2026-04-15,Cloudy,34.88,3.26,77.18,29.76,5.92
07722f95-b2c5-4f24-9a5e-3b5783cf0a30,New York,2025-12-10,Clear,27.01,0.0,62.81,28.83,10.56
3ac3d949-3dde-4611-a1cc-c4ac1771c322,Dubai,2025-03-05,Fog,7.72,5.66,77.31,6.97,0.88
785156e3-2ecd-401a-bd54-76a7d7db1b54,Osaka,2025-03-24,Cloudy,12.45,3.36,50.26,13.08,5.18
4fd4efe4-cda6-411f-bdf5-1bba17333648,Frankfurt,2025-08-17,Cloudy,16.21,0.85,82.64,31.57,6.34
087e6fd1-b811-4c5e-83df-a59db5693a46,Manchester,2026-03-04,Clear,34.31,0.0,43.38,32.1,7.06
e9927620-45dd-44c1-a34d-d11a02aba7af,Rotterdam,2026-01-09,Cloudy,16.74,1.78,33.35,15.16,8.44
17e51d32-4cce-44a1-be05-6161c594fc0d,Tokyo,2025-09-08,Fog,10.46,4.22,52.7,31.32,1.69
7a20d246-abde-448f-9bab-00ae219adfc0,Shanghai,2026-05-05,Clear,32.94,0.0,56.6,28.16,6.64
e8b74fd8-4d7a-4c6c-8bfb-fc40b40fae7c,Shenzhen,2026-04-08,Clear,31.56,0.0,94.0,24.61,13.36
4a148981-39dc-4650-8cf8-c68f1f9c24c4,Shenzhen,2026-06-25,Clear,29.45,0.0,70.4,4.6,8.41
8783f3f1-164a-4e1e-a4ef-da369bca6991,Rotterdam,2025-09-20,Cloudy,13.61,3.61,63.61,22.83,11.13
43bfa13c-626c-473e-946c-daba17918f50,Felixstowe,2025-12-02,Cloudy,11.05,1.62,52.37,16.92,8.2
e2a7c2d6-0f2f-40ba-b190-07b827b9556a,Osaka,2025-12-17,Fog,16.3,7.67,32.54,22.89,1.95
83b5b8f7-8db6-4fc2-ac77-22eb10d6e7c0,Ahmedabad,2026-06-29,Cloudy,23.14,2.95,88.54,15.9,14.56
9c671fa4-0436-4060-9962-57233be897c9,Los Angeles,2026-01-18,Rain,22.58,26.28,68.5,26.72,10.15
e73a96cd-8978-4657-a5c9-3db65576d068,Osaka,2025-08-23,High Wind,17.13,3.48,44.04,74.4,5.97
419c6e82-4399-474e-a5f7-65c407f413b7,Shanghai,2025-10-04,Clear,18.84,0.0,54.19,19.44,10.41
fe064ee4-1fb5-41cb-8a6f-8e1f6d389d3c,Ahmedabad,2025-04-18,Clear,33.68,0.0,87.45,25.43,11.92
fb1ab2d4-24dd-4f26-9127-3e0c1a53bb5a,Kolkata,2025-08-24,Rain,17.35,21.08,54.01,14.95,11.82
01ceba6f-ee11-4a54-8816-3fd27d5364b0,Chicago,2025-06-14,Rain,13.81,9.42,60.98,6.75,14.55
203ec71b-f915-4a44-97f6-80f827615d46,Houston,2025-06-26,Clear,35.69,0.0,60.06,13.9,14.38
b2d9225f-617e-4751-a6c4-bf2ae81abb56,Dubai,2026-06-09,Rain,31.8,21.06,79.39,22.66,7.25
034d8ae3-598f-4254-8cc8-e371adc7df22,Abu Dhabi,2025-10-30,Clear,22.26,0.0,41.89,12.04,14.28
2b75ba58-2c25-4759-9e27-ab6782d805cd,Hyderabad,2025-05-19,Clear,27.57,0.0,33.76,30.07,5.55
8b8a0877-3f15-4390-a8a6-b8728cfb7c50,Shenzhen,2025-01-19,Rain,34.9,33.84,85.18,11.25,10.73
dddd61ce-3d0b-49ee-b08b-3124faaeacfa,Chicago,2026-02-22,Rain,14.91,29.03,94.75,25.54,9.66
53df32e6-19d4-4b3a-94e8-241abd4caa1b,Houston,2026-04-05,Rain,20.6,16.56,75.19,18.76,13.59
8560d142-290f-4258-996f-0b17af1ac80a,Singapore,2025-08-30,Fog,12.78,5.79,60.43,30.98,1.13
c81316b2-efaa-418f-ac7a-03ac468d6f68,Busan,2026-04-04,Cloudy,17.39,3.93,32.17,26.23,13.44
6c528bb9-1859-418a-8929-6a47911c888d,Los Angeles,2025-12-20,Clear,28.13,0.0,48.1,6.43,14.75
4fd21333-4059-4ff6-886e-53068cf7d0c1,Bengaluru,2025-06-02,Clear,27.39,0.0,87.81,4.47,12.63
13e68141-96e4-45d4-9795-e0cc75020c7f,Guangzhou,2026-03-30,Rain,29.78,5.43,41.99,19.39,8.59
855168cb-02d6-4b86-ba34-5c83a176ac08,Chicago,2026-05-25,Rain,21.14,20.82,92.71,25.66,7.79
b4311a18-6895-4b10-9711-2e7df06bec2e,Felixstowe,2025-11-03,Rain,24.93,19.87,52.69,19.97,10.54
a4b66e12-2c09-48ce-97b7-5a55c20456bb,Osaka,2025-08-15,Rain,18.77,24.79,69.76,3.6,12.75
00882bce-5fb7-4508-94e4-4467711358c5,Osaka,2025-11-09,Cloudy,16.38,0.55,52.27,31.2,6.41
29385429-5361-488f-a555-b3104d54b9ac,Chennai,2026-03-15,Clear,16.37,0.0,81.94,27.79,9.01
ae74eaf5-bbb9-4efe-b10e-3598238624f1,Rotterdam,2026-01-01,Rain,22.96,19.46,42.14,13.8,12.31
081c0f89-6d69-4854-bc23-2789d3fc1025,Shenzhen,2025-01-21,Rain,18.78,12.32,39.01,10.25,5.86
7b73c535-6cf9-4b0b-b6fc-ed5eb21546e5,Rotterdam,2026-03-04,Heavy Rain,31.27,70.87,65.62,14.28,3.79
116e09f2-b4e5-4bb5-80d6-baef49be62e5,Hamburg,2025-10-29,Clear,23.43,0.0,57.64,25.22,13.9
87acf1a4-45bf-45c7-979b-0caf067e0dd9,Ahmedabad,2025-05-24,Clear,18.31,0.0,90.09,31.34,7.52
aaa5e6c1-75f0-4137-95d2-f99df9c615b6,Shenzhen,2025-11-13,Storm,29.25,70.19,78.26,67.73,0.71
9c369eb4-f1fd-46d9-bd0a-ca0898dadc06,New York,2026-03-13,Clear,30.65,0.0,54.55,33.65,7.75
e36dd722-91d7-4fa9-af6e-4b3c580b6cae,Chicago,2025-07-21,Clear,23.36,0.0,72.7,4.15,14.3
52fe11c1-beb4-4635-9692-59944b8b0a33,Manchester,2025-02-10,Heavy Rain,23.47,115.7,53.97,32.8,4.24
159b634f-0d25-4b44-a1a3-ef3bc79620f5,Bremen,2026-03-28,Cloudy,30.39,0.85,77.78,4.95,13.98
db99644d-afbf-46c9-9266-3b95a893cb14,Los Angeles,2025-08-23,Clear,12.52,0.0,75.55,22.26,10.11
cb5e6801-bb1e-4127-a402-eef9b6485df1,Delhi,2025-04-27,Rain,20.22,10.68,78.99,28.23,11.37
6cbf33cd-2e84-462c-ae0a-8ea7eacd79e2,Shenzhen,2026-03-15,Cloudy,13.59,0.83,73.03,5.21,8.17
ef2ef8e2-f9d4-43b5-97fb-2cdd47cc53e1,Seoul,2026-03-27,Heavy Rain,10.71,104.75,82.34,17.05,3.99
e8fb675f-c4b4-405e-acab-d299f58857e9,Shanghai,2025-05-14,Clear,33.91,0.0,55.34,30.45,10.7
abad760e-ac82-4bbd-83a9-22e1a9e82dc0,Chennai,2026-06-09,Fog,7.62,2.73,79.43,30.96,1.44
837cd55a-463b-4d55-b852-33e6393e6e98,Abu Dhabi,2025-07-02,Rain,35.63,15.43,85.41,4.88,14.24
58e23b03-138c-48b5-97b6-aa678b95f846,Shanghai,2026-06-26,Heavy Rain,30.63,85.5,72.66,12.3,4.65
c0195edd-efac-46da-804c-61ecb30e7ac7,Chennai,2025-06-25,Clear,12.78,0.0,34.15,17.2,5.12
67aaa49d-97b3-42d7-9439-70cc9b2bfe15,Hamburg,2025-12-27,Clear,17.18,0.0,81.28,8.14,8.33
27d53393-ccb2-4323-bcb4-a211a0c3aac7,Tokyo,2026-05-09,Cloudy,28.63,2.9,71.81,17.7,13.4
40d91fb4-5278-4c3e-8cf5-2f3bc585515c,Ahmedabad,2026-05-02,Rain,26.48,26.8,88.88,33.46,8.33
2fa35224-6035-45dc-99cc-1d2d7bb84993,Felixstowe,2026-06-20,Clear,29.38,0.0,77.29,11.88,7.63
2ea52b53-a914-4a50-ac96-3d8958b8f7e2,Rotterdam,2025-09-14,Clear,13.07,0.0,91.43,11.07,12.48
3da7b918-6399-4718-bb6b-c02f9f13e41a,Frankfurt,2026-03-15,Cloudy,19.95,2.54,30.39,32.43,13.87
a9169e61-5aeb-4b93-815c-842ded0b1994,Chennai,2026-02-24,Heavy Rain,18.57,96.4,87.79,11.53,3.71
efa4991e-5c0f-4d45-95a6-661f769e89b2,Shanghai,2025-09-16,Clear,27.22,0.0,77.08,20.69,11.99
169f23ad-94f4-45a9-8f3d-e4e741223ebe,Sharjah,2025-02-07,Heavy Rain,12.82,93.09,46.85,12.54,3.21
6f74ae15-3e4f-481c-bc87-de55508e8075,Tokyo,2026-06-08,Clear,21.25,0.0,75.1,26.92,8.34
5eae0e32-bf80-4590-ad46-93fbaa96cccf,Chennai,2025-08-24,Clear,12.5,0.0,41.74,32.34,9.92
26462671-8fe3-491e-a540-a98d72822b70,Hyderabad,2026-01-13,Clear,30.98,0.0,76.12,10.23,13.52
2e52da78-a5a7-48a0-8d6d-c77765657c39,Chennai,2026-01-31,Heavy Rain,13.53,83.98,49.12,10.04,4.85
3715fa08-a412-46f6-bbac-d2f8d0176f6c,Osaka,2025-07-21,Clear,12.91,0.0,71.64,10.06,5.5
45b9812f-0a7b-4b9f-8b71-5a34079d53ce,Los Angeles,2025-07-08,Clear,22.28,0.0,31.91,23.63,6.52
f2b680de-df6a-4cf5-ba1f-572d47a963f9,Los Angeles,2025-01-15,Clear,12.61,0.0,92.06,17.11,8.67
04a7bc5f-41eb-418f-8793-43f941233566,Amsterdam,2025-03-19,Fog,6.96,0.94,57.83,16.45,0.49
c9aa03d6-1c6f-4ab0-adc4-0d84f4d1af3e,Manchester,2025-06-06,Clear,31.14,0.0,93.12,29.7,6.68
d3713b10-a9e1-4d69-abcd-4f85195175bf,Manchester,2025-02-28,Cloudy,31.91,0.25,86.78,17.03,9.57
7409dd3e-6a0e-4131-ba24-0e662474bc25,Incheon,2026-04-04,Clear,27.26,0.0,50.37,26.85,10.63
1b7b32d7-5603-4d98-9191-9a5be095d5f3,Los Angeles,2025-04-07,Cloudy,30.81,3.71,66.16,25.91,9.87
cc699545-5040-402d-acd9-25927f623a61,Mumbai,2025-02-10,Clear,20.12,0.0,66.14,25.49,8.48
09c5fd35-9132-4388-8209-d2a1a0f2f320,Guangzhou,2025-09-27,Clear,35.06,0.0,78.22,9.07,8.87
6b9dfd0f-a2ec-4692-8a6c-0e96cdc40443,Amsterdam,2025-05-18,High Wind,19.25,8.04,80.15,50.12,8.82
fd3c4e99-c880-4912-a6c6-f3fb740dc5a1,Hyderabad,2025-06-09,Cloudy,29.0,2.92,91.74,33.5,7.64
d345333b-d709-4e7f-b171-22769ef47a48,Osaka,2026-04-12,Rain,26.55,27.43,36.55,17.77,10.21
f2e106fc-9295-4898-a19f-3d691b94b537,Ahmedabad,2025-08-03,Fog,6.07,10.97,79.42,12.46,1.03
178fc5dd-e9b0-406d-82c5-2319ebc21e51,Amsterdam,2026-04-18,Fog,16.96,9.79,40.96,21.54,0.96
bb7231d5-06d6-4f5e-a68a-8827eb5c72ec,Los Angeles,2025-10-24,Clear,24.67,0.0,46.79,20.09,9.09
5cc251db-9124-45d8-af41-88055111ac75,Rotterdam,2025-04-18,Clear,20.3,0.0,76.63,9.41,7.25
50531a53-07f6-4090-8a4f-fe7276678d41,Busan,2026-01-07,Rain,13.82,19.39,66.72,23.47,13.18
ba092b6a-5f09-42e1-af0c-f9ca54ecaf1e,Tokyo,2026-05-10,Fog,8.0,3.58,92.01,26.52,0.51
bd7d6305-aef1-40fb-a721-e846f2c52e38,London,2025-01-13,Cloudy,30.62,2.36,31.54,28.38,13.45
62e02223-17ba-43e3-82df-f9083707be2b,Ahmedabad,2025-06-03,Cloudy,21.03,2.45,49.68,27.15,6.15
0f87b087-c606-444d-977e-06233db5a18d,Hyderabad,2025-09-07,Clear,34.7,0.0,85.05,20.29,5.97
dcf54fed-d445-4b74-8c5f-b2f6a8cae762,Dubai,2025-03-01,Heavy Rain,35.0,82.34,77.81,32.5,1.07
452fab85-8f1e-4232-89f2-6a95df286d85,Felixstowe,2025-03-26,Heavy Rain,27.23,117.45,41.66,17.87,2.72
71e693ef-64c4-44e0-bc4c-36f3fe18af4a,Tokyo,2026-03-25,Heavy Rain,22.29,113.13,94.3,26.11,2.57
d4e6befa-dfcf-4fe8-8636-cea82ef763c9,Guangzhou,2025-12-07,Cloudy,28.58,1.84,72.59,3.74,10.01
e0773a5e-3acf-45bd-938c-32e73efdc016,Dubai,2025-10-14,Clear,17.7,0.0,48.93,33.06,14.83
51d1a3a6-2d3e-4991-b68e-0b92eced0c1c,Amsterdam,2025-08-23,High Wind,15.45,9.15,53.23,43.56,11.39
923877df-d416-4673-8584-7660e4eaf728,Amsterdam,2025-12-01,Clear,13.56,0.0,81.47,28.8,13.51
646c1da6-d1b7-4ba7-84d5-4f50557e1241,Bengaluru,2026-06-05,Cloudy,23.17,3.8,91.02,15.68,6.55
a6c284d6-243f-4dc6-a90a-fd4031edcdf4,Busan,2025-03-30,Cloudy,34.11,2.71,39.24,12.73,7.57
6470eb61-5890-4aea-8682-8a331abfc627,London,2025-10-26,Heavy Rain,22.2,99.36,41.84,7.41,1.1
84b52da1-04ee-449c-b68f-605b7a87a8bc,Shenzhen,2025-01-11,Clear,19.73,0.0,53.51,8.27,10.24
fda9ddd0-c4d3-48f7-a1e9-dad587a80d36,Sharjah,2025-12-10,Clear,16.51,0.0,79.39,13.59,5.83
29cfabd1-ff78-4059-8bef-cfb581b17798,Osaka,2026-04-17,High Wind,33.2,8.85,79.57,67.07,9.58
9dadf837-a180-43d4-8dd6-c4c4f1c04bad,Bengaluru,2025-05-16,Heavy Rain,34.87,51.24,33.03,25.75,2.67
fee49836-3c7f-4273-9654-16d4ece37f7e,Shanghai,2025-04-12,Rain,21.65,15.54,68.64,21.55,9.92
8489270c-afa1-424e-81c9-03b3ce2b0c5c,Osaka,2026-03-15,Clear,27.55,0.0,35.67,12.0,9.35
b1d68c0b-3c7f-4404-90a3-74f67a651600,Abu Dhabi,2025-02-18,Cloudy,21.11,0.78,40.42,11.14,14.87
82af1a44-b7f0-4902-ba56-71c77d6e77a9,London,2025-09-06,Heavy Rain,29.17,81.42,77.43,19.13,1.95
20316071-b24a-47a9-ae11-983bc720dda6,Los Angeles,2026-05-24,Rain,29.95,15.72,87.97,31.1,5.7
dd97f645-4f28-47db-ab9e-84f81eb1261c,London,2026-06-29,Storm,28.56,104.44,64.49,72.72,1.95
1a1868e8-6aff-4ce4-becb-7902ba207883,Guangzhou,2026-06-16,Clear,17.34,0.0,47.47,13.62,5.28
979410f1-b0c3-4842-85c5-53c89a380237,Abu Dhabi,2026-01-19,Storm,26.57,132.33,83.93,62.08,0.98
0571dffc-ab4d-4e25-bf57-d1d0d07c19a0,Dubai,2026-01-08,Rain,26.02,8.58,44.38,31.59,8.07
52520d6e-b823-445a-9efd-2f46fc4af95a,Hamburg,2025-09-29,Rain,14.37,29.56,66.59,25.63,6.65
ae62b4f8-c104-4069-8791-6a64eaa208fe,New York,2026-05-13,Cloudy,20.43,3.61,68.25,34.03,13.7
31eb7bb5-f1e0-477c-af23-8322a1cbeafa,Tokyo,2025-01-02,Fog,15.92,1.28,33.45,3.87,1.07
27e3c2e8-a06c-412e-9911-91066440eb91,Chicago,2026-05-01,Fog,5.59,1.82,90.25,12.83,0.34
f0ff8332-20cc-469b-adfc-434a0f75546b,Los Angeles,2025-07-21,High Wind,29.07,3.55,82.34,73.88,8.0
71c4a939-6aca-47a6-97d8-4fc67c5700fa,Amsterdam,2026-03-14,Clear,23.17,0.0,68.18,3.95,7.07
0857f31a-8383-4e1d-8230-9eb377763351,Yokohama,2026-03-04,Clear,35.07,0.0,58.88,16.51,7.02
723c57cf-db6c-4b5a-9a11-92d93d086901,Guangzhou,2025-07-17,Clear,31.01,0.0,31.22,34.67,14.11
e0940573-ee0e-4a98-8523-535c83c6ec90,Osaka,2025-10-31,Clear,32.53,0.0,54.71,4.36,9.56
c7dc6c2e-00dd-45b9-8bf6-33a94f5d721b,Frankfurt,2026-05-18,Fog,14.87,3.38,80.82,10.62,1.31
0ac9c073-37ae-4dfa-9633-72e71ab49d55,Abu Dhabi,2025-11-26,Heavy Rain,15.81,65.84,85.62,24.82,2.81
63ab97f5-96ce-41a6-97eb-46d377f23b29,Busan,2025-01-03,Clear,34.46,0.0,48.2,3.19,10.28
6076ecb6-1822-421b-a1e8-4c7a0732b4ff,Busan,2026-04-30,Clear,19.0,0.0,67.33,23.35,14.67
d448bd25-3f53-4f6a-8645-8af42e443e15,Hyderabad,2025-01-14,Clear,24.78,0.0,81.4,11.89,12.39
fc33e54d-a6e7-4989-a057-e8b051b18893,Hyderabad,2026-02-04,Clear,18.52,0.0,70.17,23.38,5.21
b7304e2d-a99b-4930-8f2d-efb31038e0ef,Bengaluru,2025-12-28,Clear,15.9,0.0,85.29,31.2,12.34
a05f2458-dd3a-4229-bcfd-767768b19f04,New York,2025-11-29,Cloudy,26.53,1.92,79.17,24.3,8.22
69ab15c4-f786-41a8-9baa-078d43dc9195,Bengaluru,2025-01-14,Clear,11.35,0.0,45.81,30.07,5.76
cff74602-fc11-42be-8dea-e362ef509be5,Incheon,2026-05-02,Cloudy,26.65,0.21,33.0,26.34,13.89
aac527a1-a427-4da0-b117-2ec704ba43d1,Sharjah,2025-09-15,Clear,20.01,0.0,43.29,19.9,6.92
f8a94d84-d43e-45ff-9ad1-d5caee87ceb9,Rotterdam,2025-11-05,Cloudy,35.17,0.25,89.4,34.88,14.63
dcef76af-d6cc-4399-80f2-e784880169a1,Dubai,2025-07-04,Rain,33.96,25.2,52.6,21.64,11.03
6d4ec665-e765-4a93-b5f1-6abac287877b,Chennai,2025-03-18,Clear,28.37,0.0,91.47,19.0,6.56
77e9bf52-3507-489b-99fd-feb93c94bb6f,Singapore,2025-12-30,Cloudy,34.54,3.11,49.83,29.14,8.6
ca5aca06-4958-444d-8cf9-842e8098ea09,Busan,2026-01-24,Clear,19.93,0.0,36.95,9.41,13.61
ef8e9956-94fa-48aa-8877-a7c59e0e67b9,Felixstowe,2025-11-12,Fog,14.22,4.56,91.05,12.22,1.66
53a976b8-3897-42e8-bbf1-dd2cd375ff57,Incheon,2025-04-09,High Wind,28.62,7.42,83.63,52.38,14.29
012ff0b4-0dbe-4144-af46-bfff1d394930,Los Angeles,2026-01-14,Cloudy,35.69,3.5,84.72,10.88,5.53
934f60d1-3034-40bf-b042-a5d3d7265869,Singapore,2026-03-27,Clear,13.29,0.0,72.56,28.41,13.83
32e7d4dd-c811-4895-b9c1-3774c0ef651f,Bengaluru,2026-06-22,Cloudy,36.0,3.05,31.45,3.4,12.24
b109fc4e-3765-4a40-9a28-45dc6b470f02,Bremen,2026-03-09,Fog,10.9,10.34,50.18,33.44,1.27
8d0bf793-e96b-4e1c-a9fe-eb75d6b2aa70,Seoul,2025-03-18,Cloudy,30.88,2.8,55.92,26.02,7.02
64a2e1bf-523d-4582-9903-d50dfbb7d076,Manchester,2025-06-03,Clear,17.68,0.0,78.74,8.43,7.82
b6748829-1bd2-4461-96b0-acb2b4233c72,Kolkata,2026-06-19,High Wind,29.17,7.12,52.4,43.36,11.94
e19764a7-41ba-4944-966c-a008202d6144,Bengaluru,2025-11-15,Rain,22.78,16.46,39.78,30.72,10.41
aedd822f-e212-4ff2-92ab-83a4a1ea60e9,Bremen,2025-01-04,Clear,27.19,0.0,75.03,7.18,7.65
b80da7b3-e6ca-44f6-9534-2233cb6f557d,Yokohama,2025-12-30,Clear,26.14,0.0,91.86,10.24,7.4
f4952ddb-0c6f-4fea-8b40-5e2c0dcaa326,Houston,2025-04-27,Clear,16.14,0.0,67.18,21.59,11.1
49d78bf0-fe5e-4b42-a965-36c63222bcb7,Manchester,2026-04-13,Rain,32.86,5.46,57.49,4.28,9.31
e7eeabe8-aeaf-4492-99bc-bb48d612c3f2,Tokyo,2026-04-07,Clear,21.24,0.0,74.75,24.92,6.98
903f8038-d83a-4352-95d9-f478243f8e72,New York,2025-09-13,Clear,22.76,0.0,56.61,22.21,6.14
ea8822b6-3542-4dc5-a065-a485e8324383,Delhi,2025-12-19,Rain,10.72,17.84,50.35,30.29,7.78
a036a438-7939-473d-a83e-caa4ccd53d7c,Hamburg,2026-05-01,Clear,35.68,0.0,55.91,26.77,10.98
ba55198a-4ad0-47f7-b0d9-f5ab97547855,Bengaluru,2026-04-23,Fog,6.13,2.67,78.4,23.19,1.88
8ce90e03-8976-4cd1-8e0b-a5a195522b19,Ningbo,2025-09-21,Clear,16.79,0.0,80.92,14.79,13.13
d5341780-b4d6-4b18-aa69-d19746a6da57,Mumbai,2025-02-24,Cloudy,25.81,1.75,76.4,19.64,9.56
2aac84b2-2567-4853-8017-cef31ba57f3e,Osaka,2025-01-09,Clear,14.7,0.0,35.97,7.47,6.55
26d82424-ca10-4eaf-8331-349cb98d1513,Los Angeles,2025-04-09,Clear,11.73,0.0,92.21,22.03,14.88
d35e6ac4-78a9-4160-85ce-660a2218d3f7,Hamburg,2025-01-12,Rain,34.65,27.42,31.58,25.71,12.79
5996219c-0c71-493a-9e35-fce27fe48095,Manchester,2025-09-24,Cloudy,10.77,0.85,40.47,33.3,9.04
dda26c45-fb05-4c08-92a6-130681aa11c4,Sharjah,2026-05-11,Clear,29.29,0.0,61.51,12.68,5.71
189a3b82-d08f-4407-876d-df3ca54ff274,Delhi,2026-06-05,Rain,24.93,12.81,92.95,20.36,5.29
bc03f4bb-9db0-4168-99c1-4a3f0dc3a9a4,Felixstowe,2025-09-17,Clear,13.15,0.0,87.67,11.47,11.0
41ee0ca9-91a5-43f6-852d-7bf215087f90,Shenzhen,2026-02-15,Cloudy,12.18,3.12,85.7,17.33,6.57
bc45370b-d57e-4b5f-acff-0c87aed0450b,Bremen,2025-09-11,Rain,29.72,6.44,34.65,4.51,13.59
4cdd7e38-994b-4ea7-8436-c1a6c7d73fd8,Houston,2026-01-15,Rain,28.99,22.76,73.26,3.39,12.35
2ecc154f-8dc8-45ce-bf91-a6d2b4f736ae,Bengaluru,2025-09-02,Clear,11.05,0.0,41.85,20.59,10.51
23bb9301-9bba-4c43-9007-a50b8fdf6193,Seoul,2025-05-18,Clear,30.95,0.0,50.33,34.57,12.14
4112b7a3-8fb0-4f38-ad6b-2613de83d61e,Kolkata,2026-03-25,High Wind,17.41,6.92,66.29,54.2,6.41
83fdfff9-2aee-4284-9164-2ddc2ed01d76,Shenzhen,2025-08-06,Rain,29.85,15.41,46.96,34.93,6.12
0a5ff4fe-383a-48ec-817a-45d456c370bf,Chennai,2026-04-01,Clear,18.91,0.0,93.84,21.31,9.14
8283fec6-f893-41c5-be35-7eafcd0d43dd,Bengaluru,2025-04-18,Cloudy,18.37,2.92,78.52,9.98,8.42
36cb96ee-07f0-4b1c-8706-39d1d36c0fa1,Mumbai,2025-10-20,Cloudy,30.87,3.63,45.72,7.33,5.14
8f5cbabf-3d7b-45bc-bc64-447c0fc06f1a,Ahmedabad,2025-01-19,Cloudy,34.24,0.26,47.61,16.74,14.89
e7f6b012-70bf-47e7-aa65-e5c43a545211,Amsterdam,2026-05-10,Clear,23.97,0.0,31.32,29.61,13.3
a628a0fb-4797-41ed-b174-4a10b6c1d341,Rotterdam,2025-10-04,Clear,34.91,0.0,55.79,27.88,12.16
869a2648-8fdf-4eca-a8cc-7970d9643aa6,Tokyo,2026-06-03,Storm,25.19,54.72,56.86,52.19,1.38
a1baa843-6f29-45b3-825a-59af63de74a1,Bremen,2026-03-24,Fog,4.76,10.13,59.33,17.42,0.65
0147f3b1-7466-4d43-bf84-a7211b9fc6f7,Ahmedabad,2025-09-09,Clear,24.12,0.0,32.4,21.24,10.3
67bbb927-13b2-4c4d-a892-06f6d4c8d0bb,Tokyo,2026-05-31,Clear,28.2,0.0,55.4,8.78,5.97
3cc50628-79ab-4dd5-806c-f13943e66154,Sharjah,2025-03-07,Clear,17.05,0.0,30.32,18.62,9.9
7d9d6b76-b57d-4ab1-833c-ecabcbbb7704,Yokohama,2026-02-10,Cloudy,22.25,1.66,55.09,11.88,9.82
4a67ff51-f061-4534-896a-6636fa67a6d3,Shanghai,2025-03-01,Clear,26.11,0.0,74.22,21.45,5.58
91ce5103-8238-4893-8cb8-3ba0b400f191,Los Angeles,2026-06-28,Heavy Rain,30.11,88.47,48.92,21.92,3.58
746b15c7-406f-491d-9f8e-5c63d01bdc0e,Singapore,2025-02-04,Rain,15.87,30.21,63.87,5.03,14.8
14a8c03d-fa13-4f95-a3d7-7fa8c44f1a2e,Ahmedabad,2026-04-29,Clear,14.87,0.0,84.28,21.15,12.33
bb78dbf9-3255-436d-9786-cedd14667597,London,2025-06-18,Heavy Rain,34.93,102.37,38.38,31.68,3.69
a3e15ab7-b8a4-4c8b-99ad-29aae3c75210,Los Angeles,2026-02-15,Heavy Rain,24.8,80.47,45.98,5.55,2.83
bf0f8244-65ac-414c-847c-0a60d0005702,Incheon,2025-02-14,Clear,34.3,0.0,81.2,22.37,14.67
452e11a5-65ee-4dfd-852e-d6d0497c008c,Chennai,2025-10-28,High Wind,23.44,5.96,42.79,60.52,5.32
f936ef2e-198b-4602-ad9f-d2a4a2381f30,Sharjah,2025-07-02,Clear,32.07,0.0,94.36,12.75,11.32
935e93b8-a338-479d-bbfc-b24cb6e8bb3e,Chennai,2025-10-07,Heavy Rain,11.2,55.4,43.97,20.97,3.52
66b941a7-40d9-4bec-9102-36c4eaa2a05d,Tokyo,2025-12-25,Rain,14.3,11.28,31.67,4.21,9.32
24e90200-caab-43b5-b4d4-82a5e77e18f9,Incheon,2026-05-03,Clear,12.19,0.0,64.09,28.73,14.92
16b31de6-37eb-4cc6-8d3f-db39e4047993,Manchester,2026-04-28,Clear,34.94,0.0,81.29,29.48,7.42
65b9e3fb-b2fe-44b5-b090-86090d6fc3ac,Manchester,2025-09-19,Clear,29.63,0.0,68.24,10.21,14.2
a623c66c-9356-4e70-bda2-4835ea37bc36,Ahmedabad,2026-03-30,Clear,32.14,0.0,48.53,25.98,11.26
74f5f857-f07b-419d-8723-7a00ae91ff73,Dubai,2026-06-16,Fog,12.06,9.44,89.21,24.58,1.66
e8d93782-53d2-4a8c-8b35-127a370ecf89,Shenzhen,2026-06-17,Rain,11.08,29.2,48.5,28.67,14.72
8fd7b9c0-5a0a-4ab8-b69c-33316004a1d2,New York,2025-10-12,Fog,9.48,11.12,60.58,13.29,1.99
b6c4b545-ec8b-4f15-b49a-cd0e16a431eb,Ahmedabad,2026-06-30,Rain,20.62,11.37,88.63,27.72,5.94
7009d843-73d0-43ca-9c4d-46cead9b66b2,Bengaluru,2026-02-08,Clear,23.61,0.0,73.05,14.58,6.28
e1f554e7-d92b-4c85-9f10-554e199876e7,Seoul,2025-03-25,Heatwave,42.19,1.13,41.77,16.24,10.71
da5f828f-eb4e-4290-9159-f25d57cb2e05,London,2025-02-25,Rain,30.07,29.45,54.62,32.56,11.31
7714420a-b67f-4c24-a2bb-99e737c866b7,Incheon,2025-05-31,Heavy Rain,13.77,67.05,68.05,13.44,2.28
25b1a11e-0866-4ae4-8955-038e933b80b8,Sharjah,2025-06-22,Cloudy,26.16,0.4,90.0,13.79,13.25
dbd1d8ab-64e3-4074-a776-4647bb5d8944,Hyderabad,2025-12-29,Clear,12.9,0.0,65.5,21.95,11.91
0121e33e-b04d-4a7f-a61e-89facb3f4464,Kolkata,2026-05-01,Rain,23.32,23.84,71.7,17.3,12.83
dd0dc6ff-d4f4-4437-8213-4fa79763a6af,Mumbai,2026-03-19,Cloudy,27.72,2.6,52.41,19.32,14.55
8004aa6b-6695-47df-beb7-650cf524eed3,Ningbo,2026-03-02,Storm,29.42,86.23,67.04,70.05,1.68
b9ccce99-d8ac-4bfa-848d-08f20de1c999,Tokyo,2025-03-30,Clear,29.93,0.0,91.2,7.64,5.54
e909bb52-75ba-4854-9be0-9b5045364273,Bengaluru,2026-06-23,Clear,18.17,0.0,79.34,20.75,13.54
ef85576a-c927-486a-bcb0-f16bb60aeb49,Guangzhou,2025-11-20,Cloudy,33.39,1.87,48.79,10.53,7.99
a32f2530-f99f-4913-aa36-4d6fbbce2f8e,Houston,2025-01-05,Fog,9.06,11.2,60.51,21.14,1.94
73646aa9-3f50-4a2d-87a9-9a7b6e078c18,New York,2025-05-24,Heavy Rain,32.48,80.41,92.65,31.59,4.95
66e4d76c-52dd-4b92-80cb-3078df35ba33,Bremen,2026-01-17,Rain,22.7,6.38,44.4,19.41,5.16
1c271185-b7bf-4b18-9024-512c9283ec11,Yokohama,2026-03-14,Rain,25.16,34.25,93.29,3.55,10.06
06089649-86da-4f58-a4d8-806178ee9a94,Ningbo,2025-09-06,Fog,16.14,11.86,40.81,22.09,1.4
28af5198-f02d-47b4-8437-b14a3e11a81c,Ahmedabad,2025-06-12,Cloudy,22.65,1.0,52.84,29.84,7.74
f77d33a2-ac41-4f8f-8572-199de5995d84,Bengaluru,2025-09-23,Heavy Rain,32.33,115.36,50.19,31.3,4.95
26ebe7b4-421c-4166-a37c-def8aff308ad,Seoul,2025-02-02,Clear,30.31,0.0,75.97,3.28,14.06
09a98886-4082-4fab-a7ba-0c6df9eca5ed,Kolkata,2026-04-27,Rain,20.6,26.03,87.87,12.68,10.5
68732ae9-8ebb-4c15-b367-a477d1bb4aab,Sharjah,2025-09-10,Clear,17.83,0.0,37.47,12.04,11.16
7adb5994-e95c-4b0f-bc03-8972c9dcca9c,New York,2025-08-29,Clear,14.79,0.0,89.19,18.2,9.8
a728ae82-d1bf-4ed4-93dd-f1ec6e0887d0,Houston,2026-05-18,Rain,19.58,26.23,41.54,9.82,7.34
300bd015-c638-4253-a352-f33ec0c2ab47,Los Angeles,2026-01-16,Clear,18.35,0.0,61.21,32.18,9.21
9e64691a-b5a7-4ce4-92e6-9ed6f89a6fa8,Kolkata,2025-06-08,Cloudy,23.39,2.23,91.49,14.49,12.39
8ccef2d5-d882-401d-8ec9-d44f4ba97ef5,Kolkata,2025-07-29,Clear,18.75,0.0,41.46,16.64,14.05
fa141165-6a7a-4a07-8b93-432df208990a,Shanghai,2026-04-29,Clear,14.64,0.0,47.97,20.49,10.76
6235b06b-776f-470b-a32a-b73336a4d9a4,Bremen,2025-03-29,Clear,17.91,0.0,87.67,5.61,9.63
77daf5f9-30ef-4b86-b6a7-d3de638b2a9b,Rotterdam,2025-08-15,Cloudy,22.57,3.45,77.51,14.42,8.89
e7eb4343-b2a3-4cbd-a68c-f06d1d8fcdd9,Busan,2025-03-29,Clear,17.18,0.0,61.59,12.85,10.66
903c2d97-2319-44ce-a072-ecfe5539afa9,Chennai,2025-02-03,Clear,22.74,0.0,66.39,6.01,8.23
274c6a7c-ab60-4b3f-93dd-63fba43e5d02,Hamburg,2025-07-13,Clear,34.5,0.0,39.56,28.04,13.85
dff9b874-f37b-4a54-bddf-415f857cf93e,Frankfurt,2025-11-01,Heavy Rain,28.06,95.22,72.11,21.21,1.43
f8c25957-ff21-4891-902a-afc51c4a64a3,Los Angeles,2025-01-31,Clear,25.11,0.0,30.65,19.62,6.17
72085233-b02d-4c4d-be0d-ba27cf6df0c5,Osaka,2026-01-08,Clear,29.89,0.0,31.98,34.45,8.2
f29c165e-a2a4-4faf-842c-657071ef60ef,Shenzhen,2026-02-25,High Wind,25.69,1.15,38.17,61.01,7.19
7b6420e6-42f8-433a-9e1c-24f7100a7b4b,Singapore,2025-03-25,Clear,14.16,0.0,32.1,33.92,14.81
932adbf8-0d4d-454a-be68-d31f4a662a83,Busan,2025-03-29,Heavy Rain,25.88,63.36,66.48,30.45,4.67
9da18c16-a1c6-4173-a371-8156f9f703ff,Los Angeles,2025-08-24,Rain,24.13,18.52,61.75,27.83,6.67
4c16ab77-f138-4912-bad9-5617b258250a,Shenzhen,2025-07-10,Clear,27.15,0.0,85.58,24.85,13.13
6e83c276-7f05-4a12-842b-a97a83f84b03,Sharjah,2025-08-26,Cloudy,21.12,3.81,33.88,14.86,12.93
2b084554-d1b3-4155-815e-a8932287fc8e,New York,2025-01-19,Clear,29.57,0.0,51.2,4.55,12.54
8c29e3cf-e0ca-4a3d-ab0a-7b56a403a19a,Shanghai,2026-05-10,Clear,11.36,0.0,46.47,12.57,12.63
fd09f9ff-4c0b-4fe2-a6a0-a2c8362cb7c1,Yokohama,2025-12-19,Rain,34.02,33.69,46.83,9.2,12.4
50a7f64c-75cf-4738-8da8-9bd3b4a94754,Frankfurt,2025-05-14,Rain,23.15,14.53,40.62,9.72,5.56
da5acd06-1813-43c5-a149-526d8faab303,Guangzhou,2025-01-14,Clear,12.48,0.0,87.67,4.09,12.76
99375db6-916a-42b7-a276-4202cff9d014,Busan,2025-08-27,Cloudy,28.39,1.84,36.81,9.73,6.62
41e97a3b-6996-4674-b705-312d2ab58f57,Houston,2025-11-03,Rain,28.2,24.68,74.57,6.1,7.45
0b18a940-8ec7-45c2-a170-e216ebaf10c8,Houston,2025-12-27,Heavy Rain,33.58,65.0,68.63,15.33,4.91
4cd0381a-3db5-450f-ad85-846b8f92c16c,Chicago,2026-05-14,Rain,16.66,16.95,84.99,19.54,6.46
8888f50b-b617-49c6-bd08-70526c03288b,Hamburg,2026-06-09,Cloudy,29.26,1.52,32.69,16.73,8.53
c1b21047-0749-446d-9dc9-8fc482336861,Guangzhou,2026-01-22,Heavy Rain,31.8,57.2,53.89,10.25,2.35
3d0057ae-d6db-4156-89e9-d96615394b46,Seoul,2025-04-15,Cloudy,20.83,1.92,73.22,32.11,13.92
5059169e-e77c-48fd-874c-7cd6c19f6387,Yokohama,2026-03-11,Fog,17.1,10.78,63.16,34.29,1.71
202961d1-7fc1-433b-a625-22e67b9373ae,Frankfurt,2025-03-18,Clear,17.13,0.0,51.12,3.87,9.56
79e5ce6f-212c-4bfe-9b16-714fc179c335,Yokohama,2026-02-06,Clear,17.38,0.0,39.15,18.85,14.15
60410f50-96b5-42ae-9972-6dd2ad8bf8ab,Rotterdam,2026-01-04,Rain,22.29,30.57,89.66,22.12,11.24
f3017e86-b4b0-424f-bbe5-fd084e942226,Houston,2025-10-03,Cloudy,14.11,2.74,58.03,23.23,12.04
dee848bd-87ef-462a-a7a2-f7caed610916,Kolkata,2026-04-20,Clear,32.82,0.0,77.83,16.71,7.05
553f3bfd-abbb-40e0-a37c-798fab9fa48c,Shanghai,2026-04-03,Storm,22.5,112.35,71.33,45.55,2.29
af90a413-a7ca-4375-a279-b18886bafcd7,Chennai,2025-02-08,Heavy Rain,32.03,85.81,61.79,29.56,4.55
dd2e600f-1a98-43f5-8dcb-803833157351,Hyderabad,2026-03-09,Clear,15.03,0.0,79.42,4.09,6.51
85883aca-e46b-4891-99d8-88e07cdb499f,Osaka,2025-11-09,Storm,29.07,52.33,39.47,74.35,2.32
c13a380b-1107-47a9-8e65-30bbe2946151,Yokohama,2026-02-08,Clear,12.0,0.0,70.07,5.67,9.19
e036cfd6-ddff-460d-aca9-a0151b867057,London,2025-01-16,Heavy Rain,25.29,108.76,57.52,5.46,2.36
ca15df61-c875-4d66-8142-ea7ed23c5e0a,New York,2026-03-25,Clear,15.78,0.0,53.29,6.55,8.52
209d85af-4aff-42a6-9e1e-e9234df9493f,Ningbo,2025-02-27,Cloudy,21.25,0.52,37.8,24.71,12.55
d0f2d4bf-84f5-4f27-aebc-56f25dd3c5e9,Tokyo,2025-03-07,Cloudy,29.34,3.04,87.8,24.74,5.5
eadae650-cdb2-4f60-9612-94ed532bf352,Sharjah,2026-03-31,Rain,21.77,30.99,87.58,12.31,5.69
dae356be-7e3a-433d-af7a-04dc72abacfb,Busan,2025-03-06,Clear,18.12,0.0,51.63,26.41,7.92
11491566-e598-4f14-8d8a-2221621722de,Busan,2025-02-11,Heatwave,43.17,6.3,49.98,8.6,7.41
af2a2017-0f6e-4471-b5bb-f8a502a92f39,Seoul,2025-06-28,Fog,13.09,10.96,89.17,14.55,1.97
19e23921-fca5-4068-9099-79187081503b,Houston,2026-04-25,High Wind,35.12,8.43,62.75,74.34,9.99
c4becadf-2913-4786-a7ab-0e2d881ca34e,Chicago,2025-10-26,Heavy Rain,22.27,89.68,55.75,11.77,2.17
0e40e9ec-9891-4673-9e2b-34d35bf90ca0,Tokyo,2026-04-25,Clear,35.5,0.0,50.75,9.75,9.33
8797f81a-06ef-4918-b065-e7af0284fee2,Shanghai,2025-07-01,Heavy Rain,17.87,44.72,89.4,17.3,3.49
71587ab0-36b3-4311-b2e8-034f276f26be,Amsterdam,2025-08-31,Cloudy,12.69,1.32,57.43,10.11,6.33
1df71c52-6d3f-4c14-bc7d-abb22bcbbdcd,Dubai,2025-01-13,Cloudy,32.33,2.27,50.3,27.7,9.32
e8a61ef2-3f78-4d49-be7f-663949bf5cad,Delhi,2025-02-24,Cloudy,35.66,3.58,37.7,20.48,12.14
d59f6b99-e8cc-478e-96cd-a72079199312,Bremen,2025-12-09,Rain,15.41,24.8,86.41,18.79,12.62
75b7db69-9264-4ea4-a8cd-fd94d86447e3,Sharjah,2025-04-18,Clear,25.12,0.0,72.87,5.56,14.51
66e1acf3-3a87-4cea-ae97-5fe72e60ca92,Hamburg,2026-03-19,Clear,19.92,0.0,68.5,16.68,11.71
28cf410b-db3a-4e47-b9e6-bd4df74b3cdf,Los Angeles,2025-07-23,Clear,24.94,0.0,52.96,29.71,14.83
8cb5518e-1db4-4fae-940b-1c6cea698256,London,2025-02-10,Cloudy,28.34,2.73,51.41,19.24,5.47
401cc6ee-28ed-407e-8812-cc283f2b03e6,Amsterdam,2025-05-17,Storm,29.32,145.39,73.14,80.69,1.49
e212de85-e91f-4b76-9fed-a957039b098f,Bengaluru,2025-11-07,Cloudy,25.06,1.82,74.21,29.16,7.51
6b6ed367-4bd6-4b52-ac02-6cdf24eb663d,Mumbai,2025-10-08,Clear,30.29,0.0,74.75,4.97,14.83
ae2a4a0b-187e-4cbc-b888-aa8bd2df9d38,Dubai,2026-06-22,Clear,11.04,0.0,73.45,17.35,11.91
7d19ec89-9cd5-4ab2-b50a-8aee248a65eb,Sharjah,2025-02-03,Rain,34.68,29.23,75.93,12.55,12.22
9c09ade2-1dfc-4022-ab8e-12d3c897e568,Delhi,2026-05-22,Cloudy,29.93,0.74,53.17,8.34,13.04
d93565cf-b8cc-48bf-9470-fe3c35f58090,Incheon,2025-06-26,Cloudy,30.44,3.13,32.13,27.68,6.68
6362b3e4-ae0e-4862-82fe-1295743558ac,Busan,2026-02-27,Rain,35.29,32.29,83.83,22.01,13.34
bc357dff-e8a8-419f-8195-cf4bf5db3d2a,Guangzhou,2026-02-27,Heavy Rain,26.17,64.4,82.05,27.09,3.39
9cb8770d-c5d2-4b51-ba72-a96b2e212101,Felixstowe,2026-06-02,Cloudy,35.27,2.21,46.8,23.05,14.29
9a18bd94-54e5-4014-b83d-8fe29e9a2db6,Ahmedabad,2025-09-04,Cloudy,10.35,0.6,52.98,16.0,7.7
0779774e-3ec1-4798-a6a1-3e8d4232da49,Shanghai,2026-01-04,Rain,32.13,19.52,56.32,9.58,9.22
3b4c47e9-9725-45b1-aaa8-12215143b228,Chicago,2026-02-16,Clear,15.75,0.0,48.03,31.74,5.08
e00fd874-46c6-46aa-9819-5e81d01f6078,Sharjah,2025-10-18,Cloudy,30.54,3.98,81.93,30.81,13.04
9b89323e-304f-4b8a-8bc0-25e8b8bcc057,Ningbo,2025-11-10,Cloudy,29.15,1.85,68.74,8.67,9.58
57363145-0920-448f-9e7d-1f1dda4c0aef,Felixstowe,2025-08-21,Clear,17.39,0.0,67.99,30.72,11.78
10ddcf0d-c634-4a03-8224-c13701d61abd,Mumbai,2025-05-19,Fog,10.15,5.56,85.17,11.59,0.86
789d0494-fd52-4b3a-be22-537de68c1227,Mumbai,2025-12-27,Heavy Rain,31.22,112.47,76.57,6.72,2.19
b64485a7-c48d-4956-8d14-2fcdff88ffbe,Houston,2026-03-27,Fog,13.9,5.44,90.0,17.17,1.32
16eec28c-5ed7-42f8-a6d2-333d77d4721b,Osaka,2025-03-01,Clear,28.33,0.0,73.99,31.42,8.93
8414642d-c74b-4457-b486-cda0dc00410d,Dubai,2025-05-20,Cloudy,23.64,2.05,86.64,21.92,11.6
ebab7a86-ddd3-433c-b3fc-1156dfd42752,Abu Dhabi,2025-04-26,High Wind,18.03,7.58,42.4,46.18,9.0
bdc1d922-4ff8-455e-9cca-325862283f43,Los Angeles,2025-03-22,Fog,5.31,5.16,88.55,18.46,1.37
f795ce2c-26a4-4aa4-8e55-106798fcf769,Osaka,2025-03-10,Heavy Rain,24.99,54.85,63.59,20.92,1.97
40e20acd-285f-4343-bee1-59a3cda1cd6a,Yokohama,2026-04-13,Clear,13.13,0.0,90.85,18.72,13.15
a29e4dd9-9969-4e62-8a3d-be695230b0c5,Dubai,2025-02-22,Cloudy,23.93,3.1,54.03,29.52,6.41
c5b74af3-ba2f-490d-90f2-df6a5a507644,Shanghai,2025-07-07,Clear,29.7,0.0,89.34,21.53,12.29
09603bd6-2b1b-44de-a112-e9de286b074f,Tokyo,2025-08-09,Clear,12.45,0.0,89.53,12.29,5.88
7456f352-3564-4fa8-b679-e4fa510ccd8d,Abu Dhabi,2025-10-09,Clear,19.82,0.0,58.31,5.21,9.72
fd31e620-c63e-495b-8d61-dd53521ed585,Incheon,2025-05-20,Rain,29.14,19.61,70.82,12.61,14.0
803000e6-1c1b-4c89-98c5-ef3e943db197,Rotterdam,2026-06-14,Clear,19.95,0.0,35.3,17.64,6.65
06bfc577-4546-4bcb-900f-c4f9b3a99215,Yokohama,2026-05-14,Clear,18.92,0.0,80.84,24.18,10.59
64d297dd-f7d7-40c7-9153-8be5f7780e30,Shanghai,2025-06-18,Clear,18.15,0.0,53.26,3.55,5.29
8277c297-a5df-47f1-a906-87e6e4ec0c17,Ahmedabad,2025-06-27,Storm,19.36,86.24,30.4,55.59,1.66
caf11594-5492-4b65-b097-dc645f2e1011,Yokohama,2025-02-20,Clear,23.88,0.0,58.49,34.84,5.87
3066e3d5-25df-48e9-b026-95138e2b51df,Osaka,2026-03-18,Storm,18.98,35.78,38.03,51.99,1.37
94c0c333-9c4e-4d15-9bca-c22e674d5a14,Abu Dhabi,2026-04-11,Heavy Rain,22.16,104.26,71.35,34.07,2.19
2f74f91f-2d71-4b87-b180-3c8125a05f6f,Mumbai,2025-03-01,Rain,28.39,14.47,40.71,33.49,7.59
d07741c5-09b2-48c8-a64c-6ea2e5e72920,Ahmedabad,2025-09-29,Rain,33.21,23.57,42.07,27.53,10.11
e13608b0-6a13-42d9-80fe-7f797f489881,Busan,2025-11-30,Clear,28.64,0.0,79.83,20.51,8.79
2a95e404-18e9-4ffe-b9bc-7c61adad559d,Ahmedabad,2026-04-27,Rain,24.24,14.95,37.69,5.33,11.06
50b8ea4c-6027-454d-a234-743d76439fa0,Singapore,2026-02-11,Cloudy,29.88,0.21,48.58,20.5,9.77
3af5f208-fb22-45ee-a109-4fbd2a89b257,Chicago,2026-04-02,Rain,27.49,27.96,51.12,23.21,9.15
9edac640-64a0-4070-a6fd-8fe29e71a6a5,Houston,2025-01-10,Storm,29.28,36.09,73.18,92.83,0.82
8cd03e8a-3ef1-4510-9ee7-056980464038,Los Angeles,2025-06-08,Heatwave,39.91,2.43,67.65,25.95,14.92
92fc92b5-7116-4edb-a23a-f28f6c8ce7a0,Bremen,2025-02-19,Rain,32.53,23.49,88.97,22.21,11.25
e37471b4-31ee-4386-b9b9-b15a9fcfbb0a,Shenzhen,2025-06-03,Clear,11.86,0.0,87.95,34.69,14.82
64eacca3-d15b-448c-9280-cb9b5d6f98e5,Felixstowe,2025-06-16,Cloudy,26.99,2.7,82.41,32.18,5.19
fd789bd2-92d8-40e0-abe4-07603fedf261,Sharjah,2025-05-27,High Wind,21.42,11.36,55.38,74.15,11.38
0192f262-e838-48b6-8a3e-abc6ca38f191,Hamburg,2025-12-08,Cloudy,28.91,3.18,32.13,25.66,11.46
9c090505-87cb-4658-9bdb-fe5b8ac394d0,Bengaluru,2026-04-19,Clear,20.6,0.0,72.43,4.37,12.96
7d0419be-e5b0-447f-a6e2-f2fcec83e299,Singapore,2025-03-31,Clear,18.64,0.0,58.47,9.35,5.69
de80e970-eefd-492b-ad98-3dc694dad0f1,Shenzhen,2025-01-14,Rain,20.24,15.64,45.28,24.18,5.73
2dc5435e-8706-436e-8a62-812a668615a2,Tokyo,2026-02-22,Cloudy,33.59,3.7,39.97,22.01,13.63
d644a819-272f-4295-9bc7-9d3e11427be7,Chennai,2025-11-10,Heavy Rain,10.27,47.04,68.97,9.38,3.53
1bafe7d7-78f2-43b8-bbf7-df6e475a7ce6,Busan,2025-09-14,Clear,27.56,0.0,46.7,20.74,5.43
8b856902-671d-4f6c-925d-0435f81ed545,Abu Dhabi,2025-02-09,Clear,28.89,0.0,38.19,16.99,7.53
b3fb9ede-4063-4ddf-a904-e1a21a0be8c8,Rotterdam,2026-05-23,Heavy Rain,17.75,57.42,62.9,26.53,1.82
9c2ae5bf-3926-4ea4-96f9-10854e0ed02f,Manchester,2026-03-20,Cloudy,31.86,3.45,72.21,14.11,7.05
04974094-4701-44fb-bbd4-354a2b2b9481,Seoul,2025-09-15,Cloudy,29.29,2.71,72.74,3.02,14.84
f8b5b858-9d43-41ab-8fef-b32c91201f9e,Ningbo,2026-05-18,Cloudy,33.8,1.06,34.27,24.91,13.77
610ac839-9ec7-49eb-a633-fd37fdc9a368,Los Angeles,2025-11-23,Clear,14.15,0.0,83.59,6.88,11.7
cb416a03-a57a-42d7-ab8e-84bfe558696a,Shenzhen,2025-09-17,Rain,33.18,27.67,84.55,6.43,8.15
7b31a89c-c05d-4cf1-b292-8b08bcded349,Shenzhen,2025-06-15,Clear,28.26,0.0,81.7,21.87,13.02
65de1b60-3697-420f-84a7-a8e827b04b49,Chennai,2025-06-14,Cloudy,11.21,2.26,68.27,4.15,9.42
9bd58d8d-c4d1-4e28-a122-2923e9af9818,Frankfurt,2025-07-22,Heavy Rain,10.46,64.51,35.07,34.63,2.21
f4e2385d-2fe1-4342-9858-ce2e09313332,Houston,2025-04-22,Fog,9.13,0.36,30.36,15.57,1.86
3de6be31-82c8-4f49-91ca-92f269acbedc,Ahmedabad,2025-06-30,Clear,22.06,0.0,86.27,14.09,7.21
c526e40c-ae1e-4c57-b815-5c842797b40b,Manchester,2025-04-03,Cloudy,35.29,3.25,88.6,14.49,9.06
1157b24a-c635-4e13-b795-a8da163ffc63,Yokohama,2025-05-02,Storm,28.8,88.62,92.82,70.95,2.91
ca018ff4-a3b9-490c-a955-339c2fd5d0ad,Chicago,2026-05-09,Cloudy,11.11,1.87,81.79,9.02,10.16
e366867b-704f-4d8c-817b-330278cf6106,Amsterdam,2025-11-10,Clear,34.44,0.0,83.07,10.28,7.65
add0a9e5-1e94-4748-8284-c983d70c5b0a,Hamburg,2026-02-19,Heavy Rain,29.27,52.92,64.16,11.7,3.12
0fd8af66-7f9d-43af-a939-2866b4a6c09c,Sharjah,2025-08-28,Clear,23.78,0.0,53.81,17.55,10.56
2112bf5f-fc53-4171-aa42-3a49e45a9798,Delhi,2025-04-03,Rain,14.58,21.57,68.46,26.39,12.14
2e11f0dc-321a-481a-9112-2e7e56834755,Houston,2026-02-20,Clear,11.69,0.0,89.54,30.97,8.86
65a257a9-3710-44eb-81a8-8fe8441408d0,Bengaluru,2025-03-20,Clear,34.16,0.0,31.84,22.96,14.16
918eeda0-e77e-446c-bf2b-3322d028c2e4,Hamburg,2025-01-29,Clear,29.19,0.0,34.67,7.06,9.92
ea6df86c-1512-4d01-b4ef-885287b79a28,Ningbo,2025-05-12,Clear,18.72,0.0,67.92,29.6,11.85
525f49af-00aa-4e5a-9bde-c082541f2266,Chicago,2026-02-09,Cloudy,23.3,3.52,71.79,26.22,9.79
856d49e5-f88e-428f-9dde-0a3273e4fd52,Amsterdam,2025-06-18,Cloudy,24.02,0.51,57.92,34.16,11.52
52d0fef2-d78a-4f36-880e-6eadf1de5c58,Shanghai,2026-06-16,Clear,34.72,0.0,65.38,13.75,8.41
a980c251-0799-42a1-ad90-9a56736ccb24,Shenzhen,2025-06-13,Clear,21.86,0.0,57.96,32.61,10.62
efafb9b2-30b5-4729-b020-5dfd59b9eba6,Guangzhou,2025-01-12,Fog,11.42,1.06,65.58,29.6,0.38
08c8baf5-33a8-4be2-9446-20cabcfb8e4f,Chennai,2025-11-20,Cloudy,20.15,2.69,79.18,4.1,6.7
485a96e5-be05-4950-9fde-8eaf60f45d34,Bengaluru,2025-09-06,Clear,33.18,0.0,57.44,22.2,8.12
208a26c8-d310-47bc-bf16-1b682bcc6cb3,Hyderabad,2025-04-28,Cloudy,11.11,0.06,79.82,31.07,5.09
78b03162-477d-4c1e-af09-92298e7e9cbd,Yokohama,2025-09-30,Fog,16.94,6.35,65.91,19.17,0.56
dfe1bbaf-6be6-4a0d-a31c-b10e7c3d61dc,Hyderabad,2025-04-14,Rain,20.77,24.13,71.81,4.29,9.91
956c11c4-bd52-4638-9b30-b855987371f5,London,2026-01-10,Rain,12.8,13.68,88.44,24.45,14.79
f9b3dc32-ec4a-4a8c-abd3-d8672c5ae699,Abu Dhabi,2025-02-25,Clear,28.22,0.0,79.68,11.51,7.45
f3e5b240-bd64-46e4-8b6b-b2b3482401af,Los Angeles,2025-12-11,Clear,22.28,0.0,68.51,26.53,6.41
f49c4947-f977-4735-ae18-7ee13c38903b,Sharjah,2025-06-23,Clear,33.41,0.0,81.15,17.99,7.21
d15f09a1-e8a8-45c0-a460-6d9dd5daa3de,Yokohama,2025-12-23,Heavy Rain,26.9,104.53,77.49,5.61,1.98
144b9c3a-a0e6-48f9-b949-b975cc36ec37,Mumbai,2025-05-09,Fog,16.35,0.17,47.16,5.21,1.45
8e39fc14-5b45-4f8b-af90-e30ca2af01b0,London,2026-01-21,Clear,22.29,0.0,39.04,29.41,11.92
4c481d4a-d7dd-4240-b1ab-a2aabcecb205,Sharjah,2025-04-22,Cloudy,22.27,0.79,75.71,17.64,6.1
5e1f54dc-1d81-4913-b847-149e64b25b64,Ningbo,2026-01-10,Clear,29.92,0.0,49.8,24.02,5.39
0f312ef4-0f09-458d-91a0-3f28bca71ccb,Ningbo,2025-09-19,Clear,20.37,0.0,61.8,6.55,11.39
edaac481-88f7-453f-89cc-fc99bcbbb619,Abu Dhabi,2025-01-11,Clear,30.04,0.0,75.99,23.57,12.39
63320737-d773-4412-8488-e3d195c8e3c5,Los Angeles,2025-07-21,Rain,13.32,33.65,60.61,5.79,12.68
ef7fe3e5-97ca-429b-9058-bb619a5a546f,Houston,2026-05-31,Clear,16.56,0.0,47.76,28.69,8.06
7be110ca-7a75-4044-82bd-c779f261815c,Amsterdam,2026-04-02,Rain,22.72,9.41,82.2,25.08,7.7
de558b21-f48f-4a82-81e5-b3789869e5d0,Kolkata,2025-12-19,Heavy Rain,12.93,53.09,50.3,6.75,3.16
118ee2c4-2646-4cd2-99ad-0ea270e075ef,London,2025-05-18,Clear,28.83,0.0,83.39,34.45,6.59
14e8e822-ac8e-4488-926f-923b32d7e3c4,Felixstowe,2025-03-17,Rain,31.43,33.27,36.41,22.92,8.54
7c3bcd83-0f14-4d45-98cc-c0191b9a8333,Bremen,2026-01-23,Heavy Rain,28.0,91.88,53.41,5.42,3.0
40d19153-3146-41be-9ce8-ba4149b0bc15,Frankfurt,2026-03-12,Heavy Rain,19.23,74.96,55.03,12.7,1.6
ebcc8ab1-fa1b-4adb-862c-163158856976,Sharjah,2025-05-23,Cloudy,15.42,1.6,82.71,25.34,10.84
f5c6581d-4d6b-446e-8ad4-53a88481a6a6,Osaka,2025-03-19,Cloudy,34.33,0.94,86.1,24.02,14.77
5ddcd26e-4fc9-4352-93ad-ea8afe4a1032,Dubai,2026-06-18,Heavy Rain,21.6,113.25,62.88,18.3,4.58
fb721b25-6e83-4ee2-b889-6391dedcb3c4,Shenzhen,2026-04-29,Clear,13.69,0.0,55.93,10.48,13.2
a240ccca-07a7-4993-ab9b-6d8dd3b41901,Mumbai,2025-10-03,Clear,32.1,0.0,31.5,32.53,7.11
c32c7007-137f-4fc7-9724-e6581e9ad459,Hyderabad,2026-05-28,Rain,28.12,16.89,73.35,22.14,9.88
59bfb346-865e-488f-8b53-3cbe9df81a17,Shanghai,2025-06-16,Fog,9.7,3.06,82.18,8.51,1.97
658c8a27-ac7e-4d85-adbe-31a8febed270,Osaka,2025-11-09,Clear,31.0,0.0,92.04,23.88,5.57
7b3da901-1c55-470b-9a06-02bd2fd5aedf,Ahmedabad,2025-09-11,Rain,16.3,25.56,73.01,17.73,11.29
38b17904-fbe2-48f2-ad28-a4ed2f7dd53a,Delhi,2025-08-22,Heatwave,36.13,9.48,52.99,5.55,5.29
3d0a1db2-394c-4d5a-a3a8-b096cd9c4b05,Incheon,2026-05-05,Clear,32.4,0.0,78.77,34.6,6.4
e2bcea1d-a3bc-4a5c-8916-d0d726223840,Bengaluru,2026-02-28,Clear,34.77,0.0,76.23,3.6,7.3
bfedb495-11cb-43f4-b588-8e8ad6038f72,Amsterdam,2026-02-22,Cloudy,14.47,3.86,69.98,23.32,14.53
fcb8e35c-6aeb-4064-92a7-60a08213f31e,New York,2025-07-30,Clear,23.09,0.0,46.31,33.58,14.58
43ac3a65-49ef-42d7-9da3-3a4d04a69603,Bengaluru,2025-11-22,Clear,14.13,0.0,60.4,5.14,7.36
be39e9d3-9284-4358-9174-575b2f70fa55,Bengaluru,2025-12-17,Fog,5.21,6.05,32.42,21.84,0.82
c2d75d9a-aadd-4572-82b7-7c9f8bd0e7b2,Osaka,2025-05-06,Clear,32.8,0.0,83.92,8.29,10.89
59a84862-fd42-49bf-9569-6241ea7d4f34,Delhi,2025-06-10,Cloudy,14.29,3.21,62.77,12.01,10.33
740d7746-b86b-4e22-af36-b71ae4b86823,Rotterdam,2025-12-25,Clear,22.16,0.0,43.45,28.5,12.75
a8985544-d976-475c-97c3-8e073cf2650b,Chicago,2025-09-05,Heavy Rain,23.26,119.46,42.15,28.77,1.58
36fca66a-4b8e-4ac2-9088-36959f07301b,Singapore,2026-04-01,Cloudy,19.08,0.27,68.16,3.98,12.88
ec13374a-67ae-4091-988d-0602540ebd48,Houston,2025-12-01,Heavy Rain,29.59,71.09,59.14,26.13,1.22
b9eeb19b-935f-4af0-b8cf-0db17fe9a8d8,Incheon,2025-03-13,Clear,35.87,0.0,50.28,10.15,12.87
bb5206f9-8287-4378-8bcf-559b9ad7eef0,Sharjah,2026-03-31,Storm,28.71,111.33,69.38,71.81,0.74
ee3e34e9-9cb5-4bff-ac7b-9e809257b5d4,Singapore,2026-05-18,Cloudy,33.47,0.19,78.07,14.38,14.97
ae3a041c-3571-496a-8c7e-f3ceff826390,Shenzhen,2026-03-08,Cloudy,21.51,3.52,54.65,17.45,7.34
b006f81a-9fab-41d8-b4a7-fc179b59e22f,Kolkata,2025-06-10,Storm,27.25,83.34,56.48,73.01,0.8
ffb1abb9-e68b-4487-87af-a2b18730610e,Tokyo,2026-04-30,Rain,30.66,31.6,75.06,33.55,8.93
1b7b6d64-e29e-493d-a17b-08b49d28a23a,Manchester,2026-06-16,Clear,32.07,0.0,54.53,20.05,10.74
e635b47a-8c47-4166-a44b-966a8c0a848b,Mumbai,2026-03-17,Rain,22.57,14.14,90.57,34.17,13.17
023b612f-3872-4da6-9ca6-dc89c6806776,Manchester,2026-02-07,Rain,26.07,33.04,84.11,3.06,11.31
749a6e4c-6fc0-4909-a178-1cae73ede584,Incheon,2025-08-25,Clear,23.02,0.0,55.41,21.3,14.75
4b06ed6c-d485-4921-934e-c3fbeee842ed,Dubai,2025-09-10,Rain,35.84,32.05,86.11,17.21,5.27
26732e7a-2526-4776-9ae2-5a75fe99985a,Manchester,2025-11-18,Heavy Rain,30.06,96.07,61.02,3.4,2.84
1a18c032-c30f-4a76-8c87-24bb3c1d9459,Amsterdam,2025-10-01,Clear,34.25,0.0,78.69,24.05,8.77
82df6a87-512b-4c6f-9102-681dcdd48a10,Busan,2025-07-13,Storm,25.33,63.99,87.34,74.5,2.7
09be599d-cdcb-4262-b1b8-9dfe06ea3d01,Osaka,2025-03-04,Cloudy,31.31,3.89,82.65,33.51,13.27
21d87479-af83-49c1-b728-44912da79dbd,Ahmedabad,2025-12-03,Heavy Rain,21.26,92.39,53.05,29.17,4.19
9e737246-c94b-4ff8-ad2c-77486f884b7d,Dubai,2025-08-16,Clear,23.95,0.0,46.18,8.66,5.95
38bea2ce-7519-4ce4-932f-4c09f2a6babc,Houston,2025-09-02,Clear,13.52,0.0,36.83,8.18,10.51
789dae5b-5eb1-4852-bf1c-c158b5c59498,Kolkata,2025-07-03,Clear,35.23,0.0,83.27,3.0,12.59
33a67e60-349a-440a-9c6e-c2eb200aa616,Ahmedabad,2026-03-25,Cloudy,14.07,0.52,58.99,8.07,5.65
9c046134-2542-49e3-9678-be20c715f227,Incheon,2025-06-21,Cloudy,10.46,2.49,73.93,14.73,12.48
54248a29-c121-4433-b668-bb396544b1c3,Tokyo,2026-02-21,Cloudy,17.91,0.42,75.53,32.71,8.01
36d05fe8-1cd0-4232-8b0e-5b3a24ae5c3d,Osaka,2025-01-31,Clear,31.33,0.0,48.49,7.85,12.87
287387b4-7864-41c8-b318-200b0dc918cb,Houston,2025-10-20,Cloudy,10.09,3.89,57.07,7.07,10.21
bab89766-7f1f-4f96-a7d5-1498f1c8a844,Shenzhen,2025-08-14,Clear,11.5,0.0,45.84,24.21,5.55
b3343112-1e88-4dd6-a833-ab5b64a149f8,Osaka,2025-04-02,Rain,11.78,28.73,47.69,26.93,9.3
cfffb71e-6971-45c9-9c61-a7e2f2ca1943,Dubai,2025-10-24,Clear,35.11,0.0,41.27,17.28,9.14
01d0e948-612a-4b2b-adc8-aa1a50da77a8,Busan,2025-11-07,Cloudy,22.08,0.26,36.98,3.57,5.38
aa7003a0-d4f6-44cc-8e43-bb5d40c89e04,New York,2026-01-31,Clear,12.98,0.0,53.76,18.73,5.28
ef9fd02a-7f6f-4d0c-9bc5-35a9a49f62d7,Chicago,2025-11-18,Clear,16.86,0.0,42.95,13.11,14.84
5cb7b950-98da-4bf6-917a-0686e01c1438,Abu Dhabi,2025-07-15,Rain,24.16,11.75,42.03,30.72,9.2
f1db314f-4469-4e77-8845-71c7294a8871,Ningbo,2026-02-13,Clear,29.45,0.0,36.75,27.37,10.85
5e56d7ff-0e6e-4d47-b0a9-9c291949cbf0,Frankfurt,2026-06-11,Rain,23.45,31.34,36.88,3.84,6.87
7df13fb4-bb70-44f8-b7a0-c99a2373fc0a,Guangzhou,2026-02-06,Cloudy,18.3,2.29,47.55,7.74,10.62
6db6ac02-97f8-42c1-85d7-5d48f4211956,Houston,2025-09-04,Fog,13.21,1.13,72.58,11.18,1.08
3e310d04-160f-464b-9081-4cced215e69f,Incheon,2025-01-19,Clear,11.73,0.0,92.29,21.58,11.45
7854ef83-8eeb-4d6e-9f29-10509107253e,Rotterdam,2026-05-16,Fog,12.4,9.07,74.07,16.39,1.29
6b4554f8-5f53-44b2-8949-a2a15425059f,London,2025-07-03,Cloudy,30.13,2.57,74.37,3.44,13.88
aa6f5ce1-2eb9-40cd-b451-6d7252a52f62,Houston,2025-11-11,Rain,35.38,9.05,33.32,9.37,5.27
720a3c4d-ee96-4d6c-8d69-27a4b43b85e9,Osaka,2025-12-12,Heavy Rain,23.49,44.16,52.17,26.49,4.5
1b0d2135-347c-49ab-941c-49be0270b28e,Osaka,2025-04-21,Cloudy,24.45,1.82,80.7,31.64,14.79
f195ed42-7802-44c1-b239-edd6c4952bd9,Amsterdam,2025-11-04,Rain,22.81,7.34,87.0,27.11,13.8
69ccb9d1-2bc8-446d-ac71-828609aaed20,Sharjah,2026-05-11,Rain,21.05,19.87,79.34,17.75,6.65
afc502fd-30eb-4f48-877d-5c9035cedc8c,Ningbo,2025-12-08,Clear,27.86,0.0,69.8,33.45,9.72
b41f8715-c8d9-466a-b270-3b86450fdbd1,Abu Dhabi,2025-05-15,Cloudy,34.08,2.54,70.76,5.26,13.91
52085317-805c-4ded-8b85-492ba4d0112f,Shenzhen,2025-09-18,Rain,25.67,7.56,64.96,27.59,13.2
db5c344b-463d-42da-b686-095a59819478,Felixstowe,2025-10-19,Clear,20.5,0.0,43.09,29.84,7.76
010bc203-4cb0-4573-924a-4fbe6df1af79,Hamburg,2025-02-24,Storm,18.24,144.04,77.55,93.89,2.79
f55890aa-b795-4380-82a2-7ef932d14147,Osaka,2026-04-23,Fog,14.93,5.27,38.21,5.46,1.44
46e57f98-9f00-45b0-942c-3dfeb19544d0,Bremen,2025-10-20,Rain,12.55,30.36,33.42,10.99,10.74
544c8014-32fe-452a-97dc-995632c686c3,Kolkata,2025-06-03,Clear,21.24,0.0,90.87,16.33,6.43
d1000bd2-8290-4820-9182-c2f56d165e48,Amsterdam,2025-08-31,Rain,29.53,18.74,85.32,7.65,12.84
0f12ce9c-f659-4e15-a426-8a4b5bf934fe,Felixstowe,2026-03-25,Clear,33.44,0.0,58.55,34.12,12.59
5b777925-5b6f-41be-acc6-5e7be1eaa219,Sharjah,2026-06-30,Clear,13.15,0.0,88.99,24.9,5.24
cf9364fd-f32b-48e7-b8f5-84085264e35e,London,2025-12-31,Clear,34.07,0.0,40.88,5.07,14.84
d4fa6114-e53f-4d2e-bee5-6b0cd27520f2,Los Angeles,2026-02-28,Cloudy,35.68,3.97,89.42,33.44,5.5
61fdc8e7-5ba9-49bf-959a-873a16155aab,Houston,2025-12-16,Clear,16.43,0.0,53.89,32.93,14.74
1314d1d6-44b9-449f-aaa4-806d5f0bb0b6,Tokyo,2025-04-14,Cloudy,26.91,0.65,79.44,31.8,6.5
7641a699-b5ee-42a3-ac91-d351163d47a4,Abu Dhabi,2026-03-29,Cloudy,24.28,0.85,36.59,16.81,11.17
72bcfb9a-598c-4dcf-ae6f-c793483feeef,Shanghai,2026-02-07,Clear,24.4,0.0,50.34,23.04,11.36
d02747b4-0984-4837-96c5-e97f5347e164,Yokohama,2025-08-04,Clear,29.02,0.0,78.33,26.76,10.33
437c78e6-3809-41ea-90c8-3e044ca84ead,Hyderabad,2025-08-31,Cloudy,26.93,2.6,50.61,27.59,11.52
79c124f1-ce2a-4ccd-a307-fee5ae9f8a25,Hyderabad,2025-03-22,Clear,10.15,0.0,61.72,7.72,12.48
17204387-bf35-440a-a10e-f0821de193e3,New York,2026-03-06,Storm,19.82,38.95,52.99,89.07,0.54
8b14d09f-595e-4faf-a790-03cd5de5b44b,Houston,2026-05-23,Clear,13.86,0.0,48.25,28.61,6.84
b33ef1ca-6600-4a6d-927e-e497ef0d2ae4,Guangzhou,2025-08-23,Cloudy,18.09,1.04,59.67,9.09,12.98
b70a6e5f-bf6b-4630-9333-267ff869547e,Bremen,2025-04-17,Heavy Rain,15.7,70.39,67.37,24.05,4.91
e7782a0e-0073-4315-80a7-9b233d17faad,New York,2025-05-28,Clear,33.25,0.0,89.09,8.82,7.18
66584f35-2b8e-4e47-a19a-066f26568ce8,Shenzhen,2025-12-02,Clear,11.81,0.0,75.51,21.18,12.48
423b2012-9cf3-4f5e-a600-65c10304f3e8,Ahmedabad,2026-04-14,Rain,25.89,16.61,90.81,20.89,5.67
a617fc65-404f-4c7d-803f-cec08c69c9b9,Guangzhou,2025-06-28,Clear,34.59,0.0,86.96,18.47,5.81
7164958e-878b-4b6f-bfb4-2c8978a3c529,Hamburg,2026-02-12,Rain,34.73,9.0,66.79,22.41,12.45
36fb775d-cea7-4dc0-bdc1-55bd311f4b3b,Felixstowe,2025-05-08,Clear,30.26,0.0,77.17,32.04,14.43
ec21c55f-06fd-437b-a4ef-19cb86ea4aba,Houston,2025-12-30,Rain,29.19,8.53,56.62,12.35,7.17
a2d5dbad-378d-4db5-b24a-4679e72db009,Frankfurt,2025-07-05,Storm,23.25,121.11,54.55,69.52,2.15
5b126ecf-5202-40a1-8b37-f16258811c97,Seoul,2025-07-03,Rain,31.97,14.86,33.42,25.99,11.72
e1a82bec-fee4-4d3a-ac03-2b9977fae676,Busan,2026-05-10,Rain,32.79,33.45,64.97,27.89,10.2
3f61edfa-be51-4612-9b58-c43c0f4e93a2,Kolkata,2025-08-06,Rain,25.84,33.56,60.88,4.61,8.52
a2d38694-5cc0-427a-9039-2bce8a77c72f,Delhi,2025-06-06,High Wind,17.0,10.59,75.16,41.02,11.19
00d45fa0-cfd1-4e01-9106-647263a660c1,Shenzhen,2026-06-01,Cloudy,35.77,2.56,49.77,32.05,5.77
1501545b-eb8d-4924-bd3a-c3e8fa663ff1,Abu Dhabi,2026-03-31,Heavy Rain,14.56,60.63,54.26,10.26,3.0
0d781c02-a6f7-4775-807e-a1d46d2eba6d,Bremen,2025-04-05,Clear,23.5,0.0,58.34,8.89,13.11
c2586671-1125-4a05-899d-0c75e6a5fa1d,Ningbo,2025-03-25,High Wind,23.19,3.82,30.81,73.64,7.87
6d854d8e-bf05-4fc8-9a3b-fe300b38a122,Los Angeles,2025-12-29,High Wind,20.22,2.56,58.64,44.69,10.81
16b9bc07-d30f-45b0-b08b-ed9e5dd5642f,Yokohama,2025-02-16,Rain,11.85,24.67,72.97,5.16,12.08
1a16bbcb-e300-402b-83d3-974e8eec3d7d,New York,2026-05-30,Clear,19.88,0.0,68.84,25.4,14.5
b475c35e-dd5f-4201-a064-8cb04bda1a38,Los Angeles,2025-03-16,Clear,15.85,0.0,60.61,30.07,14.86
53183142-d4d2-494b-bae0-5bca21623c99,Manchester,2025-12-15,Cloudy,14.0,0.78,54.0,18.03,11.69
d4eda273-ab3a-4a41-b661-4e54b385f116,Guangzhou,2025-05-22,Clear,12.49,0.0,86.71,6.11,10.3
6c0bc75e-884e-4e65-84dd-8d412dd8fdd5,Abu Dhabi,2025-01-13,Rain,25.43,18.01,42.71,20.71,14.45
0f39e21a-c9f3-435c-8a33-7f377cd71d6c,Kolkata,2025-04-23,Clear,17.97,0.0,34.19,3.7,14.46
f9d74d0a-f2a1-4820-8092-3fa8a5fc6c83,Rotterdam,2026-05-07,Clear,28.52,0.0,50.61,21.33,6.59
b9d96871-d410-4a31-9a7b-31e4e03a6ce0,Amsterdam,2025-12-31,Rain,30.56,19.97,52.3,8.58,12.37
71971195-38c4-4068-9c67-63f5d40af016,Abu Dhabi,2026-04-16,Cloudy,34.33,1.44,77.15,6.54,8.57
4e286c6d-60d1-46c8-bca8-68477d09d362,Guangzhou,2025-03-15,Clear,28.68,0.0,79.39,5.36,8.39
56b2b38c-2b91-4ac4-a41f-2c2f404393f9,Seoul,2025-05-18,Fog,16.11,8.5,72.59,34.6,1.89
dda6bb6d-30f6-4d90-8949-353fa9d3b3cb,Singapore,2026-04-21,Cloudy,26.58,0.64,55.62,30.11,11.52
a4fc03b2-d2b1-4814-a63f-24aa6581abe9,Chennai,2025-01-03,High Wind,15.23,2.24,94.64,42.76,9.73
647351ee-84e9-44fc-b9b4-fa9830132434,Rotterdam,2026-06-13,Clear,23.54,0.0,94.1,8.87,10.08
2a3212eb-6383-4638-835b-eb68271347df,Houston,2026-06-21,Clear,32.79,0.0,90.06,32.84,13.0
9173ddf4-52c1-40c2-af99-85d0599a23e6,New York,2025-07-09,Cloudy,33.15,1.97,43.74,21.02,14.9
6b94e359-7ccc-4ac5-8df7-a0cfd324294b,Chennai,2026-06-16,Clear,28.36,0.0,78.31,7.99,7.94
fcfc06ca-9fdc-4b72-99b4-fa7695b00c29,Ahmedabad,2026-05-29,Cloudy,26.53,3.22,91.49,25.69,13.21
3876ff66-c6bf-4f46-8da3-532b3180745b,Delhi,2026-02-10,Clear,19.15,0.0,89.94,19.59,7.35
c4847ab8-a837-4f4a-9248-68df979c4b3e,Incheon,2025-11-04,Cloudy,18.2,2.45,38.73,22.76,13.86
875b669b-4269-475e-87e1-7b6465732d2e,Hyderabad,2025-12-08,Clear,16.3,0.0,47.26,26.57,14.08
35fb5f71-6380-437c-9dd9-542242a6c222,Abu Dhabi,2026-04-28,Clear,14.0,0.0,30.92,28.3,8.9
a1f39de2-090a-4db2-a583-aef25479716e,Osaka,2026-04-04,Clear,14.78,0.0,54.49,3.16,14.27
2eef12c3-f864-4883-b54b-7a9f03d23159,Rotterdam,2025-07-03,Cloudy,28.0,0.04,71.17,11.08,7.91
a08ad639-d110-4746-a2b9-8b83cb82c83c,Chennai,2025-06-30,Clear,28.61,0.0,83.92,6.66,10.04
4f31796f-7bab-4adc-a8ec-f1c912270dd4,New York,2026-02-09,Heavy Rain,28.21,51.24,54.78,20.7,1.26
1b73026e-489d-4683-8454-ceee9cec777f,Tokyo,2025-01-03,Rain,31.26,28.58,39.27,25.26,9.87
de6cdb01-feee-4481-bec4-558bae1b7a8d,Rotterdam,2025-04-15,Clear,31.97,0.0,53.63,19.16,10.21
1e7c891f-4c65-410b-bc02-dca010aee1c5,Incheon,2025-11-09,Cloudy,12.29,3.17,34.06,11.33,6.98
cd6f83b8-3a6c-41ec-96a4-420d9770f1cd,Osaka,2025-02-16,Cloudy,31.95,3.03,72.8,30.78,13.12
2964aa68-8f1f-4a7f-a846-0a9031efadd9,Dubai,2025-01-09,Clear,25.19,0.0,59.61,7.96,8.37
d6be43ad-ac11-4c69-a0b7-f52bbfd12cc3,Shanghai,2025-06-20,Cloudy,11.35,0.55,68.69,25.86,12.4
5d3a9372-9933-40d7-9f17-9e088df0eb4e,Sharjah,2026-02-23,Heavy Rain,30.92,68.94,61.82,20.96,3.03
ecf9b2be-3dd8-4944-afda-2969dc9ccd38,Sharjah,2025-06-21,Clear,24.48,0.0,51.68,22.51,12.19
9fcce93e-bb6b-4957-9fe6-c7a32d55f177,Chennai,2025-10-21,Rain,28.71,24.31,62.86,23.09,8.15
b1d2235e-363c-4bfa-8744-c5a79c38612f,Dubai,2026-02-21,Clear,10.01,0.0,70.99,25.95,12.93
b995349d-6693-4352-aaf2-8d990c2dda46,Chicago,2025-12-08,Heavy Rain,20.26,78.34,71.31,18.01,2.74
504dd542-7193-4c93-9d64-26a29ce451a5,Amsterdam,2026-01-03,High Wind,25.75,1.79,33.36,56.78,14.93
d40ce0dd-2d90-4c20-b355-9874c40b1f41,Frankfurt,2025-08-14,Cloudy,22.41,2.14,62.38,33.92,5.1
ec19e60a-8aab-44d4-a8f7-7ace627cf111,Rotterdam,2026-03-30,Cloudy,30.75,3.02,67.69,29.35,6.83
7b459ae1-d949-4a75-8535-a8f244bf148b,Rotterdam,2025-03-27,Clear,11.1,0.0,38.95,31.48,11.48
54a66521-73de-42e4-8f2d-3cd30560004e,Hamburg,2025-02-15,Cloudy,31.7,1.31,94.12,31.59,11.87
15ec8c3b-9eba-4c9e-93e1-cc3bc18aca5a,Dubai,2025-10-18,Cloudy,19.42,3.59,43.62,7.63,13.39
8111651b-1a05-4682-839b-d850c08d8be4,Amsterdam,2025-10-31,Clear,13.91,0.0,33.58,13.31,5.41
8df7a0e7-83c7-4665-93fd-35c657f7c468,Los Angeles,2025-05-27,Clear,25.19,0.0,55.65,7.22,12.72
e4e7d519-7764-49b7-8985-709dc095e025,Singapore,2025-11-16,Rain,31.34,14.52,41.26,4.69,13.03
3e50de92-44cf-4ecc-a003-36e5e6a771b6,Mumbai,2026-05-19,Clear,29.45,0.0,66.6,26.12,8.27
0deea9c0-da34-4ff0-bed6-3471c8c155bd,Yokohama,2025-04-12,Heavy Rain,32.55,60.97,58.67,34.09,3.55
802423ce-cad1-43fa-9ed5-c6082bd0311a,Seoul,2026-03-20,Clear,17.85,0.0,56.66,21.54,9.85
3a29dad6-918f-4e43-a363-1db5d174a8d7,Houston,2026-01-01,Cloudy,29.87,1.72,72.45,3.91,5.8
2c1ee74b-8a03-4898-824b-0541a57fd8f2,Busan,2026-05-18,Clear,12.42,0.0,34.91,14.63,9.76
8a54fdea-8938-4f03-b600-46f2d7426d4e,Sharjah,2025-09-12,High Wind,35.07,3.03,44.28,62.37,7.18
13ef8c17-a192-43ff-9ed0-1c1ca43d671e,Kolkata,2025-06-10,Clear,11.24,0.0,76.86,20.13,11.4
e0f8498f-1e4d-4b6b-a5a7-9e9d860ce15c,Tokyo,2025-07-17,High Wind,31.88,5.0,75.49,41.22,8.48
9d3203e0-9cb5-45c9-b7f5-6b1f458bf1c1,Hamburg,2026-06-16,Cloudy,23.6,0.61,36.46,18.87,10.15
2e0e538d-7ede-4f68-98ed-74574397c755,London,2025-03-16,Rain,15.11,31.77,66.17,20.58,5.74
36e78f80-044b-4d80-97fe-483cbc5229b2,Ahmedabad,2025-05-09,Clear,26.76,0.0,48.75,22.89,6.13
4af7db9b-14f1-497d-b3a3-a96abbe725f9,London,2025-05-20,Storm,21.62,80.48,81.66,51.96,1.55
705a1dd4-4818-4afa-98c8-9b374337d0c3,Abu Dhabi,2026-01-31,Clear,24.07,0.0,91.75,21.65,14.02
b1811513-8d29-4cd6-b9b0-401ab8321f70,Busan,2026-04-27,Fog,14.96,10.69,51.22,20.45,1.11
9a91fffe-33b0-4137-93a1-97b1ecb29e27,London,2025-05-21,Heatwave,44.36,10.14,70.38,17.31,11.16
1840e849-5e07-467c-9d6e-29f3b51ecf11,Kolkata,2026-05-31,Clear,13.58,0.0,40.63,17.62,7.63
6182c214-a8ba-487a-9ac1-1dbdff3ad589,Hyderabad,2026-01-23,Rain,32.74,20.84,61.18,11.72,10.33
6f6eecc5-2bf7-4bc0-a705-d3325ae8f3fa,Singapore,2025-07-27,Heavy Rain,18.2,40.56,75.75,3.05,2.59
cb42c1ed-c149-4492-a3b3-ca5c19e9bda5,Busan,2025-07-01,Clear,21.23,0.0,60.84,26.33,14.55
12711d72-3a1f-4531-9aba-6bc75f383d07,Ningbo,2026-01-06,Cloudy,23.59,2.15,78.06,18.63,6.11
4791435c-cda4-479c-bfdc-aa493658d71b,Kolkata,2025-10-07,Clear,32.3,0.0,83.91,14.15,14.56
3055ec13-2c5c-4858-9e76-00858af0714b,Abu Dhabi,2026-05-02,Heavy Rain,10.65,82.57,85.53,16.57,2.24
90ce0b2d-ac2e-4807-a983-b0f10b8fcec8,Ningbo,2025-04-12,Clear,21.21,0.0,80.03,14.94,14.22
11124917-9f0d-4fce-a698-43dc0684ab31,New York,2025-11-29,Clear,15.83,0.0,90.19,22.01,12.94
bf58f88f-f96a-40a3-8b24-ca55e5004870,Mumbai,2026-03-16,Cloudy,13.95,1.61,70.18,8.09,11.67
c3c1e1cf-b07b-4414-928a-1e9edcc186d2,Houston,2025-06-18,Clear,20.71,0.0,70.28,31.73,12.84
ee7db24b-0370-495b-825d-3d65d6ed4dcb,Hamburg,2025-04-12,Heavy Rain,28.5,92.31,50.22,6.65,4.95
1e692184-3140-4d7a-a6f1-9fd195c44edb,New York,2025-11-30,Fog,14.6,8.94,91.36,12.36,0.61
07022fd7-37bf-4b7b-86d8-49014293f6d1,Ningbo,2025-07-23,Clear,34.05,0.0,83.96,28.46,6.82
8fb49246-1481-40ce-b0f8-1e3a04083477,Singapore,2025-10-27,Clear,24.53,0.0,65.38,33.28,11.95
827d051b-6b4f-41d9-a2ec-a86788ea23f5,Sharjah,2025-12-01,Clear,35.59,0.0,33.89,5.09,14.12
2e850b2c-7527-48b8-a76d-dd9f1161b366,Guangzhou,2025-07-13,Clear,17.44,0.0,58.1,9.89,5.8
cb68cd1c-1f6a-46e2-a3ef-082a2bdede1f,New York,2026-04-02,Cloudy,17.74,1.58,87.85,21.7,9.22
e415f93a-b107-4c34-ae83-1565671c5d99,Chennai,2026-04-23,Storm,28.18,87.71,37.07,68.8,2.41
6c96dd89-d0b7-4aca-9e06-ce86d133ab2d,Shanghai,2025-03-03,Cloudy,19.1,1.9,73.76,28.95,8.36
f7237720-9219-4a85-ae0f-f01fac241b0e,Kolkata,2026-04-13,Cloudy,13.45,2.86,88.46,4.07,10.64
de4d98bc-ba29-4e2f-9ff1-fc7a46478adf,Frankfurt,2026-01-27,Fog,14.18,7.4,71.81,16.75,1.09
004aaddd-ad08-48bd-af36-a6bbf026feb7,Ahmedabad,2025-12-09,Clear,29.71,0.0,92.48,27.31,12.84
02588cb4-79ba-4c1e-ae29-6c82bf513be4,Kolkata,2025-02-12,Clear,23.38,0.0,54.21,29.6,5.99
a7915734-144e-48b2-af4a-b71ac13a53b6,Kolkata,2025-02-03,Clear,13.37,0.0,57.19,21.99,5.93
8d5961f2-f319-47f6-84b5-04c2588f3d9e,Delhi,2025-03-31,Clear,35.69,0.0,30.96,25.9,8.67
3d0f8d78-e6c0-4f9e-a07c-bd4a61658e1d,Shanghai,2025-05-08,Rain,19.57,11.81,47.58,29.76,9.27
a0e75470-a75d-4dc8-948f-31f038256217,Dubai,2025-02-14,Rain,12.67,7.07,37.39,25.84,13.92
3ed07f71-1569-4895-b3e8-f9de6934039a,Shenzhen,2025-02-08,Clear,28.58,0.0,93.33,23.4,6.0
aca7f9b6-16b0-470e-aa7b-27b7dd7b2bb8,Manchester,2025-11-22,Rain,10.29,11.84,32.48,23.96,12.58
de02d019-adf4-4b8f-802f-e3db1dba217c,Shanghai,2025-08-15,Clear,13.92,0.0,70.29,28.77,11.87
416e91d6-34b6-4867-915b-16ad43430df0,Ningbo,2025-07-25,Clear,13.26,0.0,74.05,7.55,5.86
3b37a8a1-fa5e-4530-a417-ba3f8ad5dd29,Yokohama,2025-04-17,Cloudy,23.05,0.48,85.34,33.74,7.35
f2139c33-a862-4f8a-a1dc-be0d5ad25947,Frankfurt,2025-08-08,Clear,30.82,0.0,45.73,5.45,11.61
865e6f2c-474c-4ef5-aeca-3e8f4f154107,Singapore,2025-02-07,Rain,22.77,11.74,64.27,5.74,11.19
18dd246c-5748-4cd2-b1d1-1fb25ee3200c,Bengaluru,2025-04-22,Clear,17.85,0.0,86.57,5.43,12.7
ac0e844c-a946-406c-96bc-4ccab507945b,Singapore,2025-02-22,Rain,21.68,30.29,34.55,15.72,12.02
037c5917-5160-4474-9058-413a235008c2,Amsterdam,2025-06-13,Heavy Rain,16.64,35.66,93.54,17.04,1.31
3a08a1ae-7fb2-42de-be75-f4ee0a7a7956,Abu Dhabi,2025-02-01,Heavy Rain,14.88,78.76,69.66,17.78,1.83
c18328cc-4a06-42be-b6f4-937d665359f6,Ningbo,2026-06-04,Rain,33.05,22.39,55.49,16.75,9.63
fcb66339-e355-4e99-9c6a-88c3e2eea710,London,2025-09-28,Heavy Rain,31.81,36.85,82.94,15.62,4.76
b81efc04-fed2-4faa-a7ee-cda70b4488e0,Felixstowe,2026-02-27,Rain,35.26,26.76,83.98,5.14,6.19
a5313335-a866-422d-b5e8-55a965c83477,Delhi,2025-04-12,Heavy Rain,26.7,79.33,67.18,10.28,3.11
5270e323-4b7a-4046-97fc-5f6eac55c4d4,Singapore,2025-07-30,Cloudy,13.4,3.59,62.42,12.48,13.94
73cb2c1e-2b85-45af-9b21-efafa4519805,Abu Dhabi,2025-09-02,Clear,16.02,0.0,75.69,20.34,5.23
f13654e5-bc77-4292-b4d5-d8e776b05f8d,Rotterdam,2026-04-27,Clear,31.71,0.0,49.12,8.54,9.07
a20a5eea-843c-470e-85fb-9caeed7dd5d2,Busan,2025-06-06,Clear,13.82,0.0,31.12,27.93,8.94
7ec6add0-bcfb-4a99-b852-ca73eff7185b,Chennai,2026-02-18,Cloudy,28.13,2.15,49.95,17.84,12.15
ad4daf84-6b89-4c48-94f2-3d3b86b04a1f,Tokyo,2025-12-10,Rain,14.41,33.31,93.62,12.23,14.05
49c6b083-2df1-4bba-bb91-0b2f5d99d5d9,Bremen,2026-06-05,Cloudy,21.47,2.73,42.13,3.19,10.95
fe8523d1-9738-43ae-b419-314cf7b9186f,New York,2025-01-09,Storm,19.35,90.62,34.5,73.71,1.96
6fc2e72d-8a35-4400-a1fd-a3254ebb1d5a,New York,2025-02-24,Clear,11.8,0.0,59.22,33.71,12.48
a9f8c086-ea0a-4910-9b15-09f03b15d913,Ningbo,2025-09-22,Cloudy,34.19,1.73,65.44,13.13,14.52
5eacf866-fc07-43d1-bc1f-95a6660f340e,Incheon,2026-04-12,Rain,24.41,34.33,53.61,31.38,6.61
f8d859e4-dc71-43b4-aba9-0e0db296f871,Singapore,2025-07-08,Heavy Rain,31.76,105.98,34.67,8.08,4.92
487e90b0-fb8a-4561-80a6-b31f8e1fb04b,Los Angeles,2025-06-28,Rain,27.36,21.05,90.71,16.72,9.46
36b1099f-028c-4970-afa6-9ccf3466f474,Houston,2026-05-03,Clear,28.73,0.0,88.49,20.43,8.69
3120d70f-e790-4033-820d-107ea94193e3,Tokyo,2025-05-12,Fog,12.06,4.69,72.89,23.33,0.4
f2c5e824-db6a-436b-9ea2-eaa91e1e1939,Incheon,2026-02-20,Storm,21.24,112.11,38.69,80.11,2.28
ca6c2fac-eba9-4917-9875-9cf464cb314a,Singapore,2026-04-09,Clear,18.98,0.0,54.14,13.82,6.89
57db77f4-da0a-4c94-ba3e-375e55af1dc3,Mumbai,2025-04-11,Storm,18.14,93.58,67.44,66.08,0.93
87e54193-e780-40cc-9bf8-c6470fd210f0,Hyderabad,2025-05-25,Cloudy,34.88,3.82,42.83,5.62,13.04
e5ed201c-6672-4ce0-b63a-f5c0b43b6986,Tokyo,2026-05-23,Clear,24.08,0.0,46.27,7.21,5.97
7e50ede3-76a9-4182-8d95-84ceda8ab2d2,Los Angeles,2026-02-06,Heavy Rain,33.3,113.59,71.0,8.62,4.84
32957d86-fb19-4be5-bdec-70100bec7ad7,Dubai,2025-12-19,Fog,4.46,1.77,58.21,25.99,1.97
58cbddc2-7558-448d-9498-5b243d8b8274,Kolkata,2025-04-20,Clear,16.58,0.0,92.76,11.93,13.39
f39a985d-55f5-4437-ae69-02148c2f4423,Singapore,2025-02-02,Clear,27.58,0.0,58.24,25.3,11.46
2d8cb23f-e9fd-474f-af28-07f04b4a595b,Delhi,2026-02-21,Rain,20.23,12.44,68.56,30.33,11.45
a14a3cb8-54b9-4305-ad87-2ec0fb3b7f08,Dubai,2025-07-14,Clear,29.01,0.0,30.04,27.01,13.53
29ad395a-5ed9-4ba7-a9cd-5d63fe131f3b,Dubai,2025-08-28,Rain,35.1,33.27,55.99,8.77,7.4
18ebf86c-ae95-4bda-979d-2e78007f7241,Frankfurt,2026-05-22,Rain,32.57,18.65,66.2,33.48,10.71
813793e4-d844-40ba-9f5e-bec0782741cb,Shanghai,2025-02-26,Cloudy,32.3,2.34,49.5,22.65,9.87
0ed5f650-e488-4d4d-916e-dad231456c91,Tokyo,2026-01-08,Storm,22.38,55.14,74.18,86.02,2.54
060c65d4-3765-4126-a987-fe13e6b53a1a,Frankfurt,2025-09-02,Clear,26.3,0.0,57.01,9.74,10.54
6bc197b0-f045-4848-83c4-bb95f2456cc6,Sharjah,2025-02-23,Fog,7.34,1.38,65.14,25.87,0.22
21bb9a61-6299-4563-8fdd-8312ed0936e6,Sharjah,2025-12-22,Clear,14.93,0.0,60.01,22.05,8.66
af32fb1c-f9cc-4d56-9dd8-0e316deae9ec,Tokyo,2026-04-12,Heavy Rain,35.3,48.15,57.21,22.11,4.42
3a28757f-8649-4bb5-a887-29028c5b5915,Delhi,2026-05-06,Clear,34.26,0.0,51.06,30.79,14.15
2362f029-2ae4-4bfc-8af8-f9dd9be971f4,Abu Dhabi,2026-06-23,Clear,25.16,0.0,88.17,8.75,7.65
095b8adb-f6e3-4d14-9a65-8166e4ac77e1,London,2025-11-14,Clear,15.16,0.0,35.24,8.13,9.89
973dd3ea-360b-40ff-88bd-13ffda4d9f3c,Hamburg,2025-07-14,Clear,31.49,0.0,71.55,30.85,11.4
071dd85b-9be0-4624-95f9-a0eed3b469dc,Hyderabad,2025-04-19,Rain,22.68,32.59,76.26,12.8,6.38
ac7ae60c-9429-412e-9ad7-af4341fe1aac,Houston,2025-08-29,Cloudy,33.87,3.76,81.67,25.87,12.29
b9ce41e1-a19e-4e85-a35e-3809db9cdfe0,London,2025-02-17,Fog,7.8,3.54,53.29,21.67,0.46
545c0db1-9cb5-4d37-b559-c14ae131ef0e,Felixstowe,2026-04-21,Clear,21.5,0.0,94.1,15.35,5.78
4f25a080-360a-48b1-bcc0-8c4117e360b7,Busan,2025-09-28,Clear,18.61,0.0,75.26,20.53,13.86
71d27d15-fe57-4a98-b5c0-ba0d5a634d3b,Manchester,2025-05-21,Rain,16.31,17.05,57.79,18.29,7.57
0825efa8-362f-402d-a64e-578f02b354b7,Ningbo,2026-04-30,Rain,23.98,31.86,83.7,25.82,11.41
0567f3e0-db64-4e38-bccd-1aac36107eab,Hamburg,2025-04-05,Clear,28.99,0.0,90.55,10.88,10.81
d66dba6e-103d-414d-aac6-6c8c548eff20,London,2026-01-28,Clear,20.9,0.0,94.83,8.46,11.11
a36c4f4a-29fd-4db2-b0e4-bf4d37317022,Chennai,2025-04-30,Clear,21.36,0.0,42.63,24.05,10.96
a876fd23-d38a-4ba1-987c-5ebe4b13459a,London,2026-04-13,Cloudy,17.55,0.08,36.56,19.77,8.85
5795c2f1-c794-4d78-a258-f5e7d0d7c664,Yokohama,2025-01-19,Clear,23.21,0.0,68.33,22.09,11.81
76449707-d7d5-4e35-8223-65dcf85a5186,Manchester,2026-06-22,Rain,23.41,10.24,46.3,7.43,6.13
f44d6e29-135d-43bf-8466-adbe6b721dd7,Frankfurt,2025-09-04,Storm,28.26,84.01,31.88,66.78,2.22
79e94d03-405a-435c-b59a-cde330d4cbe0,Bengaluru,2025-03-24,Rain,31.78,16.85,72.17,25.5,13.15
4fdb6261-ed98-4417-9b63-3059f9b6cdd4,Incheon,2025-05-08,Clear,27.71,0.0,69.88,29.56,7.84
9c6a75e1-4ba6-4d04-ad4a-2ab856fc8580,Shanghai,2025-04-19,Cloudy,34.41,0.29,84.6,24.86,10.54
3d0aca1d-6488-469f-b1bb-3a6bbc3f5acb,Frankfurt,2025-12-22,High Wind,27.25,5.42,75.79,39.24,9.81
25be1b36-3568-44fe-8326-e122d0eb0741,Mumbai,2026-05-08,Rain,28.51,32.72,31.1,32.93,6.78
f82344bc-60c0-45d3-82b0-87750364213d,Shenzhen,2025-08-26,Cloudy,13.54,1.66,57.52,8.91,11.41
5f368591-1eb4-488d-a55c-0f44fc2e0193,Shenzhen,2025-03-30,Clear,35.62,0.0,75.25,21.51,14.49
6eb994b0-71e2-47e7-a7e6-b2e2c550c29b,Frankfurt,2025-01-31,Rain,22.41,14.55,67.51,25.65,13.72
9af6559c-f506-4b6a-8914-6bc1ffe17435,Abu Dhabi,2025-10-22,Heavy Rain,33.44,101.92,57.88,34.68,1.55
8e981358-a3de-4932-ae68-0bd2ca54f76a,Kolkata,2025-12-12,Clear,34.94,0.0,71.92,32.69,14.97
d9f8914a-9152-438d-aa05-3124856ef8f6,Amsterdam,2026-04-20,Clear,32.99,0.0,70.45,30.13,14.92
ca170a49-286f-4392-a65d-cc23f3db23d3,Singapore,2026-06-08,Rain,19.82,23.74,78.0,5.96,6.16
7d21e0dc-6d76-40d5-a4f7-ee80dbf39f8c,Hyderabad,2025-12-22,Rain,13.5,19.16,59.94,11.32,5.95
48c7d48e-b160-41eb-ae4b-bbdb2578b13a,Manchester,2025-05-04,Heavy Rain,25.59,118.7,84.98,8.93,1.71
badcd808-8aa1-4c37-948c-569aac1fa2ca,Sharjah,2025-01-06,Clear,23.68,0.0,65.25,26.02,6.34
598d77f4-f733-467c-a888-c2f7ee131104,Singapore,2026-04-18,Cloudy,18.85,2.05,64.75,12.47,8.73
506548a0-0d75-4054-a643-04749c3870b5,Felixstowe,2026-03-21,Clear,23.57,0.0,77.4,9.06,10.54
41aa5875-2a98-489b-a12b-05b859742587,Chennai,2026-06-06,Cloudy,32.91,2.32,55.73,21.07,13.5
0d911e70-cf5c-4b7f-b853-900c3a8c8bf1,Ahmedabad,2025-03-03,Heavy Rain,19.02,89.68,69.7,14.44,1.63
25cecfde-653b-4d14-b67f-d4842e7f7fc9,Tokyo,2026-06-30,Cloudy,22.27,2.37,33.2,15.84,8.79
193728aa-4d76-4a5d-893b-e6101dbaf349,Houston,2025-05-22,Clear,15.53,0.0,49.48,15.98,5.74
4f2aa7c9-bfa1-4c89-bea4-6e1d5887a7b5,Los Angeles,2025-05-03,Clear,20.75,0.0,85.1,20.81,13.05
907c6e9c-8afc-44d6-80fb-25aeed8145ab,Guangzhou,2026-02-23,Cloudy,34.01,3.73,81.02,3.35,12.25
c0d078b9-2c38-49c8-be4b-8f959e2a17ec,Guangzhou,2025-04-11,Heavy Rain,15.02,89.13,51.82,6.1,2.93
5929dcec-6658-4392-bb16-841aa141d889,Ahmedabad,2026-03-15,Rain,11.86,7.53,34.5,25.06,6.87
89a7f616-29bf-4c70-9b83-a48b2e2de206,Yokohama,2025-12-26,Rain,16.31,17.99,88.91,11.98,5.7
6dedef50-b4be-40ef-9aeb-a0570f3a496b,Tokyo,2026-06-04,Cloudy,21.26,3.53,43.54,9.09,5.83
9cd7ac08-5b84-48cc-bb4b-98831ca40652,Rotterdam,2026-05-26,Fog,13.51,4.15,67.88,15.82,0.65
422141ce-d7df-4bab-9912-0ea97a061999,Los Angeles,2025-12-22,Clear,35.53,0.0,33.62,13.02,12.56
8aedba74-7052-4023-9471-9cf56f3fce84,Incheon,2025-03-07,Fog,11.95,11.63,54.79,11.57,1.53
56def617-a0e4-4f41-9cdd-aa66354dd89f,Guangzhou,2025-09-02,Clear,13.45,0.0,45.16,16.8,7.11
d2840cb9-90b1-47c0-976a-182f74c1522c,Kolkata,2026-02-26,Heavy Rain,10.09,76.26,90.51,4.01,3.7
945c0613-34c6-490d-89dc-08deb5563fd5,Yokohama,2025-09-17,High Wind,33.86,9.25,34.38,37.14,11.91
ec6e3b27-7925-4c72-a1d7-2df86f2fc820,Hyderabad,2025-09-02,Rain,31.48,27.24,91.36,22.07,12.99
210052dc-faf8-4457-83eb-93d11d5735e1,Shanghai,2025-05-07,Cloudy,34.01,1.57,39.72,13.15,6.92
dfb99a8b-50c0-4f47-abec-15c82943d0f5,Yokohama,2026-03-18,High Wind,28.43,3.43,84.64,59.37,14.72
c613baea-7751-403c-8825-ae512c922ba9,London,2025-12-05,Storm,28.32,72.78,64.61,55.34,2.5
9c84ff19-c42f-4bf1-b41f-2be6e47d026d,Delhi,2025-12-28,Clear,33.49,0.0,39.2,27.8,7.52
a965bb91-d362-45ba-9878-ea2bd2fe4626,Yokohama,2026-06-12,Rain,27.56,18.86,78.25,17.27,14.94
9089f066-a857-4539-85bd-86242c0ea84d,Felixstowe,2025-03-13,Rain,16.4,32.16,43.67,25.1,6.99
2387c937-362a-4fd1-bf8f-0d8168969c3e,Mumbai,2026-03-05,Fog,4.64,10.35,73.95,31.01,0.33
1d9d3dd5-8a56-4ff5-bc66-c737d0008aee,Hamburg,2025-06-28,Clear,20.82,0.0,38.83,12.02,9.81
0ae810d7-9f69-459b-9a36-c161fe8d5035,Bengaluru,2025-07-20,Clear,34.95,0.0,60.58,26.57,10.69
64e6b414-ab09-4f65-b4de-44672cefadbc,Seoul,2025-09-27,Cloudy,31.75,1.34,62.22,7.27,5.83
2c308925-8bb3-4a17-a9fb-f25afdbab6f6,Frankfurt,2026-01-02,Cloudy,24.21,2.08,48.6,9.54,7.39
5ab88481-97be-40c4-84b3-dbee2cb3ffb8,Seoul,2026-01-22,Fog,12.36,11.44,91.15,31.99,0.32
375a5023-5dd4-42fd-8c39-58aa1bb4aec1,Sharjah,2025-04-14,Heavy Rain,28.12,68.76,57.44,11.51,2.97
1cfbf50b-ecd9-496e-998b-3ec5306420c6,Seoul,2025-01-07,Cloudy,14.73,2.26,84.3,18.79,9.03
0a023075-747b-4429-aadb-4765a1c9a2b7,London,2025-07-23,Rain,20.1,34.55,91.81,17.36,7.57
18c87f28-024e-4c5a-a748-145247c8f673,Hamburg,2025-03-08,Clear,14.58,0.0,86.79,30.43,6.03
edb21ae7-8e9b-4be7-a39f-e14e22e24cc4,Abu Dhabi,2025-10-19,Cloudy,35.07,0.56,70.69,21.21,11.79
06f79c2d-cc15-45df-a1dd-a3917787a667,Ahmedabad,2026-03-07,Clear,35.86,0.0,67.89,14.25,14.75
20ba7910-40c2-479a-a347-daca9faafbd9,Manchester,2026-03-17,Rain,23.54,28.75,87.1,23.79,5.06
149a018a-d192-432c-bf08-44ee356a350b,Houston,2025-06-29,Rain,11.89,28.49,91.31,9.02,10.16
a47c32f3-5678-4006-90ae-c541baba3dc1,London,2025-10-24,Clear,32.24,0.0,56.48,22.82,10.99
827a0349-9cfb-443c-ab53-ad53d708f0d4,Seoul,2026-05-01,Clear,28.03,0.0,92.52,21.04,5.57
6c9cb035-1e7f-4e87-87c3-6ccb83a42b74,Rotterdam,2025-09-16,Clear,14.23,0.0,84.54,22.38,7.73
4b9b6377-02e6-4d0e-9e05-66f7b3ecc654,Manchester,2025-08-07,Clear,29.97,0.0,49.88,23.64,12.7
acf569f0-7d68-4666-af4f-caef5763b9bf,Shenzhen,2025-05-23,Heavy Rain,20.76,51.3,39.57,24.28,3.81
3a7e443a-8f70-4dc9-b871-e53bd464be85,Amsterdam,2026-06-19,Rain,35.69,23.33,86.6,33.91,12.62
edc3f533-355f-4471-ba13-939d629cbb19,Shenzhen,2025-09-19,Rain,34.08,19.95,64.89,22.16,8.2
489653bc-5216-4c2e-8860-86db92ec00b3,Felixstowe,2026-05-09,Clear,20.97,0.0,92.1,12.88,8.71
d12c28b1-ea4a-40ba-ba7a-260cf066650a,Busan,2025-05-09,Clear,27.74,0.0,84.19,16.36,12.56
4b41c984-479e-48e5-ae6c-d6e91e058154,Mumbai,2025-01-21,Rain,22.66,8.8,30.07,22.28,12.84
03ded6b7-d13a-433a-8ccb-7e47af576c35,Manchester,2026-06-29,Clear,14.5,0.0,57.45,23.44,10.29
195b2040-9ec0-4611-b36a-514d5bb04570,Osaka,2025-02-24,Clear,34.47,0.0,51.29,3.84,13.35
9377ae91-93f5-4210-a358-b1bd0049c005,Bengaluru,2025-08-21,Rain,14.64,30.26,81.15,8.38,9.77
a3cd88aa-3570-4547-82de-f318d9a2a5f2,Chennai,2026-06-09,Fog,9.49,6.23,67.29,4.28,1.96
77242bc8-1799-46aa-9f53-3d781d2d03f1,Chicago,2025-06-07,High Wind,17.21,7.09,37.97,56.01,12.97
ed13e211-bdc3-4f6b-aedd-941d4ad550e2,Bengaluru,2025-10-25,Clear,29.27,0.0,64.14,7.87,9.37
ed0047b9-17f4-42a7-8cb3-75274769e866,Rotterdam,2025-10-24,Clear,27.05,0.0,93.48,31.63,8.02
d7c747a8-f7f6-4207-b1f0-e36d81bd5f1e,Chicago,2025-05-19,Heavy Rain,10.06,44.96,51.83,24.81,3.3
743a084a-794a-4f3d-b787-3cbdf21d2b22,Shenzhen,2025-01-22,Clear,33.42,0.0,64.82,21.86,6.48
6bef59d3-5de2-4e0c-bd67-9466ccd86911,Amsterdam,2026-01-04,Heavy Rain,12.16,118.26,72.27,32.78,2.49
17de4e85-9695-4b7b-a0ca-dfe88a43bda0,Felixstowe,2025-11-20,Rain,12.82,13.47,57.08,20.47,12.68
0b58c703-2189-43b3-b40c-4f3eee228766,Incheon,2026-02-10,Fog,6.72,0.98,31.38,30.16,1.03
ee223a19-1626-4937-a67c-5d5a7e6d8ce5,London,2026-05-15,Rain,33.58,22.38,67.17,8.89,11.78
d1933df0-7c45-474f-b331-05f7c455a5af,Shenzhen,2025-11-12,Cloudy,15.61,3.16,49.56,19.11,6.36
308c873e-c318-4f94-8bd7-2420ef810c7c,Sharjah,2026-05-04,Clear,26.79,0.0,39.9,23.77,11.57
e9f27a18-f3f7-47ab-962d-5b1b532efc09,London,2025-01-11,Clear,25.91,0.0,91.27,16.48,14.75
6aece092-a1ec-4153-a8f4-281a53bc778d,Shanghai,2025-11-03,Clear,30.51,0.0,69.1,24.59,11.95
946b3aac-5021-4816-b7ca-b05057ab9912,Amsterdam,2026-02-04,Cloudy,18.88,3.7,67.48,16.43,10.07
d23fdb6b-c83d-443a-9b3a-9553dd32ffe6,Ahmedabad,2025-04-16,Rain,10.68,10.56,45.48,21.54,10.93
fc7f1c82-8c43-49ca-9ba5-e854c8ac1ff0,Los Angeles,2025-01-19,Rain,17.9,28.75,77.29,23.47,11.49
56a021a5-40cb-4523-b3bb-5133321b3b8f,Hyderabad,2025-09-26,Clear,11.51,0.0,32.1,10.78,11.37
9dd7841d-9707-4ffb-835a-adf12f1ee102,Bengaluru,2026-05-30,Rain,13.85,7.7,78.77,22.04,9.73
807347af-c9b3-4311-9935-79d59ae75a81,Busan,2026-05-11,Cloudy,25.28,1.1,87.23,22.22,11.95
33607883-e12f-4a64-aa81-aa11fc24f320,Busan,2026-05-24,Clear,14.3,0.0,55.33,13.13,5.19
48c4dc51-7c30-4f7a-be4c-abbdaa451a10,New York,2026-06-20,Rain,23.45,26.62,63.84,22.73,8.61
e33e79dd-7c83-4de3-b0e0-e34da4991015,Shenzhen,2026-01-20,Clear,19.33,0.0,93.86,25.5,5.88
c26aca34-2b26-43fb-8a9d-ab694d760a8a,Chicago,2025-02-02,Rain,13.06,28.28,60.35,24.03,13.24
df7cf2a4-5b49-4b90-ad5d-842e4f0f9c11,Incheon,2025-04-10,Clear,34.79,0.0,84.71,6.45,5.4
4562cc3e-fadd-4e6a-aeed-fb1ffdb136ba,Guangzhou,2025-03-31,Rain,26.07,16.34,39.05,26.0,12.48
8a23ad92-325a-40b5-a817-b8089d47926e,Rotterdam,2025-02-19,Rain,34.9,18.71,94.12,29.41,6.32
0e787e9e-7344-4fd5-b9d7-52d5743391c3,Houston,2026-02-04,Clear,32.66,0.0,61.93,11.25,14.12
945ccc97-1bdb-447e-ba4a-fcdd3edeff7e,Manchester,2025-09-22,High Wind,12.65,2.94,43.95,45.15,13.85
7cbdb713-6ae6-4ba7-a81a-1ff68da1a992,Tokyo,2025-04-05,Rain,19.8,27.67,53.14,13.76,11.97
78986da0-ea39-4714-b277-3a07ceab47b9,Shenzhen,2026-02-21,Fog,10.0,4.44,70.56,26.19,0.93
c2a5511b-b96b-4775-a05a-6b7b92f51484,Kolkata,2025-05-05,Heavy Rain,20.78,45.86,63.01,12.89,1.42
dd2c89a2-b35a-4313-b8d5-94e5390e123a,Tokyo,2025-08-30,Heavy Rain,19.93,111.06,94.87,14.79,3.62
06d5d50e-d671-43da-8ff0-764ce0e8bddb,Houston,2026-01-04,Fog,13.65,11.66,85.09,7.02,1.98
75b384c4-928d-4627-9d2c-07b49a6ae9a3,Singapore,2025-03-06,Clear,32.89,0.0,92.08,13.13,6.73
682bfe93-bf1f-45f3-acb1-8486d4ca7c17,Guangzhou,2025-07-13,Clear,20.14,0.0,65.72,11.58,9.68
42ac28b7-a582-4a75-bd1c-d8bc080d9508,Busan,2025-06-09,Clear,35.6,0.0,63.77,25.87,6.65
c4f7275f-db89-4529-b9b1-7cf2b8bf87f6,Incheon,2025-06-10,Heavy Rain,34.0,59.82,44.76,13.4,1.33
fee712ab-d31e-48aa-ba2e-5293b31585e7,Rotterdam,2026-06-02,Clear,27.02,0.0,57.52,19.18,14.24
3137540b-0fdf-4a20-a571-c4ec1124bd26,Busan,2025-01-30,Clear,30.36,0.0,59.73,7.23,8.71
0682695c-af5a-4680-afde-0f41a12bf7b6,Dubai,2025-01-29,Rain,26.25,22.89,80.15,32.62,12.5
fdb27878-2b16-410a-8c2c-c96b4638eed5,Chicago,2026-06-29,Clear,30.34,0.0,78.4,4.69,13.49
3631387b-b861-41e6-88c5-7d3a57ff898e,Felixstowe,2025-01-22,Clear,29.93,0.0,43.35,26.27,12.51
22726a6b-8693-458b-acb1-07a047db04c2,Yokohama,2025-08-23,Cloudy,13.84,3.31,55.75,11.74,13.71
2a69a025-6be8-4430-a112-4933225419a5,Bengaluru,2026-04-18,Clear,11.35,0.0,57.0,33.42,8.61
36a6f93a-2e3a-4f67-9774-bb16ca847d48,Chennai,2025-09-20,Clear,14.2,0.0,84.53,20.36,11.87
97efb86d-0478-4254-88aa-97b1be782092,Singapore,2026-04-07,Storm,28.58,116.39,94.14,53.96,1.07
f7c5418f-22b2-4c5c-908c-d42440f61419,Kolkata,2025-09-22,Cloudy,20.06,0.71,84.66,6.68,9.82
552ffb74-54a0-4498-8413-bf4cb90d3b6d,Singapore,2025-08-03,Clear,11.11,0.0,67.54,24.11,9.67
b52a80a2-453e-46b2-920f-272f4768737b,Ahmedabad,2026-02-26,Clear,24.49,0.0,43.55,27.04,6.1
eb6805bd-76cc-467c-9379-69390bb9b89e,Guangzhou,2025-12-28,Clear,25.17,0.0,87.48,8.99,13.38
fa3589ac-3e31-4624-aff5-40feb008248b,Shenzhen,2025-02-14,Cloudy,26.5,3.9,48.98,32.7,11.95
8bbe2a36-3c37-40af-8bd4-f369881562c2,Mumbai,2025-01-13,Cloudy,30.37,0.17,81.94,16.36,12.57
7c526486-8209-4873-a8f7-f564ac016239,Seoul,2025-09-22,Clear,15.7,0.0,32.22,32.61,6.62
c8d68799-2310-49ba-80dc-161c06c5cbe6,Hyderabad,2025-06-14,Clear,10.77,0.0,85.93,16.96,9.47
98fcd3e1-cb5a-436b-ad2b-0cbcd0e02adc,Shanghai,2025-06-16,Clear,17.31,0.0,77.42,22.34,5.04
69fc0d17-31e5-4c46-8114-21988f6045fc,Hyderabad,2025-08-21,Clear,10.16,0.0,93.81,13.64,7.8
79116d09-e95d-4013-a811-cafeb98c3c05,Bremen,2025-11-19,Clear,19.93,0.0,80.86,20.78,9.54
08b2afd2-54e8-4067-a9f5-21bf8d82af66,Frankfurt,2025-07-07,Clear,15.09,0.0,41.44,24.13,8.31
f7a454ed-efab-4262-814f-0477408a069c,Tokyo,2026-01-06,Clear,10.75,0.0,51.94,34.49,6.75
d0d0b90a-8c32-47b4-acf8-4855265d5725,Manchester,2026-01-24,Clear,10.13,0.0,38.73,26.37,7.1
a49eeba7-037b-4925-8006-f6cceba373e9,Osaka,2025-08-17,Rain,23.79,17.39,56.74,7.07,10.07
af826d2a-e265-4566-9f88-e68aecf447f4,Bengaluru,2026-04-22,Heavy Rain,20.16,99.39,55.55,5.36,4.96
11559ec6-bb23-4fb9-928b-948f6f1597ee,Shanghai,2026-01-28,Clear,27.32,0.0,64.81,13.83,14.17
212e0f5c-7bc1-4c6a-9961-e26d01600e46,Chennai,2025-02-26,Clear,10.94,0.0,93.22,24.58,6.5
f18ec2c3-9890-461b-a680-6cd2250e1ed0,Yokohama,2025-03-05,Fog,10.46,8.51,63.2,10.31,0.23
836e05e8-842d-4a87-a974-1e350cb4e50b,Ahmedabad,2025-09-01,Clear,35.14,0.0,93.03,4.58,10.52
6c914322-450c-4573-9a0a-7f3eb8804a41,Amsterdam,2025-02-05,Cloudy,12.8,2.29,58.5,6.83,6.65
4e770192-ee54-4268-8d93-981f064ffc1b,Amsterdam,2025-03-04,Heavy Rain,21.83,90.41,38.32,28.06,3.36
d50a9d48-f9d4-4867-94b6-fe7237b99583,Abu Dhabi,2026-04-20,Heavy Rain,32.56,35.13,40.83,24.48,4.46
c7c49976-bbc4-4e13-b72d-775c314630d3,Busan,2025-03-16,Clear,28.04,0.0,51.93,10.03,9.94
5a099e9c-0740-4f83-9054-a0a97c869990,New York,2026-02-26,Rain,27.0,21.03,59.54,32.91,11.1
7774fa79-68da-41ae-93ad-48194e9d8b27,Abu Dhabi,2025-07-29,Clear,24.06,0.0,42.2,15.91,9.03
6e9562a8-76bd-4595-a160-82247e0aaf09,Chicago,2025-12-04,Clear,11.45,0.0,52.16,24.0,5.58
29e18a25-6aba-4bd1-a25c-1e4b0304fb87,Chicago,2025-06-28,Clear,29.39,0.0,80.97,21.33,13.7
2dbf787c-2303-4b7c-8061-56b27407aac6,Frankfurt,2025-07-22,Rain,20.36,20.52,50.09,11.93,7.32
b30733ac-3f57-4a1d-a8eb-e6acca949534,Bengaluru,2025-01-12,Clear,11.04,0.0,48.97,24.72,7.27
5549f5ee-2dd7-42e6-bfb4-6d96d996e426,Chennai,2025-10-26,Clear,32.81,0.0,94.77,29.92,8.63
d1163825-abd0-4c6f-ba97-e3f1fb3e9098,Hyderabad,2025-06-20,Clear,16.84,0.0,62.13,17.83,9.42
3d4c3a6d-4bf7-44e6-88e4-2cf66614841a,Bremen,2026-02-21,Clear,12.08,0.0,34.57,18.19,14.82
b123c87d-f6da-4bdc-a6bb-8d7a5ce8b1d5,London,2025-10-29,High Wind,22.16,1.96,60.71,68.94,10.29
addf3f75-684c-4b29-bfb5-1065b034d736,Amsterdam,2026-02-10,Fog,16.34,5.56,40.44,4.05,1.95
09cc4cc5-947f-414a-bb49-bfd1b1c37bec,Chicago,2025-05-31,Cloudy,27.49,2.01,57.51,12.36,11.29
19bacaa9-57b9-48c0-9ea8-8eb8fb11e80c,Osaka,2026-01-20,Clear,13.76,0.0,64.38,22.3,11.85
b29dea7b-f7ff-4bab-9643-2f65d939fc41,Manchester,2025-01-09,Clear,29.03,0.0,60.91,29.15,8.26
215ddd9b-fea2-4e7c-a30f-bc9096f44cab,Chennai,2025-04-20,Fog,11.22,10.76,85.96,20.41,1.41
15fd2bb0-ee8c-4566-bc22-5a1a580958c3,Chennai,2025-04-25,Cloudy,28.97,1.94,37.17,34.69,8.44
fff64df5-a055-41c4-8743-aeeae733b8a3,Shanghai,2026-02-08,Cloudy,10.2,2.4,86.55,16.38,8.32
0f3fbde2-3294-4524-b7dc-feb259252cff,Shanghai,2025-02-12,Rain,24.35,22.88,31.18,13.44,7.8
eb52c8ff-60df-4dde-b9ec-3f0df268c9cb,New York,2025-09-18,Clear,14.57,0.0,34.85,13.69,14.79
eb01a1a4-bbf8-485c-9797-0512688b5110,Delhi,2026-03-09,Clear,29.6,0.0,39.76,30.39,5.04
c3b15698-2213-4b13-a521-b94213fc2d96,Abu Dhabi,2025-07-31,Storm,29.98,52.84,88.58,76.63,2.4
92d65bbb-e799-45c6-80d5-042df5979cf7,Amsterdam,2025-07-19,Rain,29.06,22.6,32.11,26.19,7.87
7b016679-2229-4781-b748-f36513114d6e,Tokyo,2026-04-23,Clear,23.76,0.0,70.39,26.2,12.01
270daf7c-5f78-4b24-adee-c8680e563e90,Abu Dhabi,2025-04-13,Heavy Rain,26.74,94.14,86.06,19.82,3.77
d24fb892-58d2-4c60-ba18-c84c577057b5,Amsterdam,2025-04-26,Heatwave,36.35,9.54,83.05,24.64,10.59
3036fe36-4646-40b7-aa2e-afa426b83579,Seoul,2025-10-22,Clear,28.58,0.0,87.06,11.03,11.09
d6169117-89fe-4c1e-bd62-b6c4b910a5b7,Kolkata,2025-08-14,Clear,17.83,0.0,83.31,6.83,11.46
39b75395-76dd-4703-9484-d349990767c0,London,2025-09-03,Heavy Rain,23.6,90.48,41.17,6.36,2.51
c91ac5b1-8b69-4742-a288-be3d9c1f7c3a,Bremen,2026-06-22,Fog,10.84,8.19,33.95,24.4,0.3
82c2f19e-c4d7-473e-a9b2-6571904df0d2,Amsterdam,2026-06-21,Heavy Rain,13.42,73.22,37.14,27.68,3.74
1bb9a152-c048-4c17-8379-7e9fd06e026d,Frankfurt,2025-09-01,Cloudy,10.86,3.77,34.26,12.47,14.09
d09e41bd-982c-4a89-8e28-4aff33b53e2c,Hyderabad,2025-03-01,Clear,11.62,0.0,45.11,6.61,10.33
f0b4f3d3-dbd8-4635-965e-673f87a92586,Houston,2025-07-20,Fog,10.64,8.21,32.74,34.4,0.97
71fd0b71-e304-40e3-999d-e63945ac33aa,London,2026-05-18,Fog,4.23,4.5,49.19,8.59,0.87
148f9770-012f-47f9-9631-0e73a5a2cecd,Shanghai,2025-08-08,Cloudy,30.11,1.35,69.64,8.53,5.23
dfff3a99-1018-458f-9399-fd874be47170,Guangzhou,2025-05-25,Heavy Rain,29.24,103.14,61.85,16.72,2.37
c2bf6ee9-fa5c-4653-856d-9b19646a262e,Incheon,2025-08-08,Cloudy,22.72,0.22,76.34,27.41,11.74
4d161428-1ade-4de8-a006-a7f80ea57030,Felixstowe,2025-02-21,High Wind,21.93,9.03,40.56,73.37,12.49
dffa3af8-bbbd-4ac5-829d-e3370e284ddd,Manchester,2025-12-10,Clear,34.54,0.0,89.95,30.83,11.96
b1b86327-66d6-4c60-a1ec-ab93d709c901,Yokohama,2025-10-15,Clear,28.38,0.0,59.59,26.01,12.51
94631e5b-08c0-426e-a94b-557967d530b7,Seoul,2025-04-05,Rain,12.08,29.65,88.4,8.35,13.8
711bb9af-8490-471c-b3a5-c1c38b0435b4,Dubai,2025-02-10,High Wind,27.92,5.1,89.38,61.5,5.04
e0132e89-074b-4d70-8b3f-036174a6c555,Osaka,2025-10-13,Clear,16.7,0.0,60.78,31.21,13.18
46079b30-8f24-479b-9063-9ca3ce33105d,Houston,2025-04-02,Cloudy,15.78,2.49,38.39,29.86,12.68
80fa58a0-f0ca-4229-b2d6-cac4f53f18a0,London,2025-01-22,Cloudy,31.82,1.53,53.19,18.98,14.46
a8ad31ba-f567-4868-8181-415b47289eaa,New York,2025-03-10,Heavy Rain,28.64,76.89,83.44,25.24,2.75
505ad7f6-e761-4944-b793-02374c4d34b8,Ningbo,2025-05-02,Cloudy,33.46,0.15,74.04,12.17,13.44
0b6827c7-6771-450e-9d9d-e04a5006cfab,Bengaluru,2025-04-02,Clear,27.11,0.0,68.31,27.2,8.63
56f66bb4-a7fd-4683-ab72-ecac5b8e58cd,Felixstowe,2025-04-05,Cloudy,22.9,1.42,74.22,19.36,10.14
6028446b-2235-431b-8973-dd5d78a1ec78,Amsterdam,2025-02-28,Storm,30.69,124.77,40.27,56.81,1.23
75708b4a-0550-4bc2-830c-1e013a5b9670,Guangzhou,2025-04-09,Cloudy,11.6,0.84,50.94,22.36,7.68
cc1bc8e0-e508-4ade-af32-08af702d3f5c,Dubai,2025-09-23,Fog,10.85,10.33,80.05,22.66,0.56
30b2397a-096f-4b19-ae75-e470fa463637,Rotterdam,2025-12-29,Clear,33.51,0.0,51.43,5.89,13.38
31d82c2a-ba6b-4345-8706-130db156a387,Osaka,2025-08-21,Storm,22.95,96.9,38.88,57.91,0.97
56c4381e-291e-455d-b5b3-b3f9d1d7333d,Chennai,2025-03-21,Cloudy,31.12,3.59,44.25,18.34,6.26
7684dd76-3ff0-4a65-971d-f040775e6e04,Hamburg,2025-03-12,Rain,12.72,23.89,88.44,10.02,13.49
9c5bd62a-b9a0-4aa8-99da-e4006a45e996,Seoul,2026-03-04,Heavy Rain,14.38,80.75,49.54,18.84,2.72
a5dbd3d0-4388-48b8-9c1e-890c6b5f9f6c,New York,2025-12-10,Clear,16.25,0.0,41.53,6.81,12.25
44c46761-9af0-4a40-99c8-169b3931b2cd,Los Angeles,2025-01-27,Cloudy,19.65,0.64,72.35,21.84,5.69
656c4a75-63d8-4332-a357-3bbc6c8e23f7,Chennai,2025-10-22,Clear,19.09,0.0,37.9,23.88,12.09
81df7d88-2f1c-4821-8b8a-8d94311e9ef2,Tokyo,2026-05-15,Clear,23.0,0.0,39.87,22.72,10.13
6f13ec90-f52a-4aef-9ae6-8f43f201970a,Houston,2025-05-15,Cloudy,21.37,3.69,44.94,3.77,12.08
14f34ab3-6847-4968-843e-1b5f7cbcef2e,Yokohama,2025-12-30,Rain,31.64,7.26,64.1,31.06,5.79
e2c63d18-20bd-4bfc-8f1f-a8088ce52eab,Busan,2025-06-26,Clear,31.47,0.0,48.83,5.22,9.24
fededd9b-fc24-49bc-b034-6761b8bb9fb4,Chicago,2025-07-10,Clear,29.17,0.0,74.5,34.81,9.72
96575144-d7b6-435e-b899-92f720e9e67d,Singapore,2026-02-02,Heavy Rain,14.73,64.12,78.05,18.88,4.13
aefebe38-730b-4994-902c-986ac25b2292,Frankfurt,2025-01-02,Cloudy,25.54,2.0,79.42,15.14,10.54
53d5c82d-30de-466f-8e02-3996cb0325bd,Frankfurt,2025-11-14,Clear,20.02,0.0,54.97,30.72,7.41
a23adc6e-bc3b-4562-8c3b-d1880fc0fce8,Mumbai,2025-09-15,Fog,14.82,6.59,61.31,24.53,1.59
cbae1ed0-be71-4941-b97d-d4c34b150d64,Mumbai,2025-03-06,Clear,21.53,0.0,33.54,11.58,7.66
45d962d4-da50-4a2e-a01b-0da8c1161e3e,Ahmedabad,2025-09-08,Storm,31.01,45.51,73.15,80.62,1.85
613ada50-ba07-47d5-bd00-d3bb21b17ec8,Guangzhou,2025-05-27,Clear,14.7,0.0,78.13,23.69,5.82
130eb2e9-cfaf-4a62-b299-b09429d6d879,Dubai,2025-06-24,Cloudy,32.08,0.04,72.95,34.76,14.94
e9dfc8f4-9d0e-4bfc-83e8-d75840916ec0,Yokohama,2025-08-15,Storm,26.28,51.45,40.18,86.54,2.23
02e4d168-9c38-466c-9d87-702f6358fdde,London,2026-01-27,Clear,12.66,0.0,84.11,7.6,9.67
af0f8018-069a-468c-8b69-58a4e0f70544,Incheon,2026-04-05,Cloudy,23.31,3.62,72.07,7.6,9.41
a50ae061-41e3-4dbf-94b7-f71852397615,Kolkata,2026-01-05,Clear,15.7,0.0,37.93,18.07,11.0
d23a16ce-546a-4a6c-a7ca-ba9dbefd7c80,Chennai,2025-05-24,Clear,13.27,0.0,94.45,13.97,5.66
00d5e9f3-aabe-4f6c-ad27-c35a1d590283,Manchester,2025-02-27,Clear,28.9,0.0,49.46,11.15,13.53
120d6d11-2036-45cb-8d7d-8949c79d7f7b,Felixstowe,2025-06-01,Clear,26.13,0.0,56.85,18.12,11.27
12797bc7-fef1-4de0-a7d2-9e8eea60e05b,Amsterdam,2026-05-29,Clear,27.7,0.0,65.92,23.22,14.55
8df6cae6-2f2d-4913-9657-c5071582d600,Hamburg,2026-05-11,Clear,30.09,0.0,44.01,27.77,8.74
dad8f4dc-cff8-43af-accf-a5de509aab98,Yokohama,2025-03-11,Heavy Rain,33.94,110.32,77.09,16.79,1.08
d76af067-534a-4ea8-8c9f-ba1936bb83d5,Osaka,2025-02-28,Fog,13.04,8.29,92.61,12.7,0.84
714f423d-616f-4226-8190-677ad983890d,Tokyo,2026-04-12,Heavy Rain,24.37,53.42,90.66,4.34,3.49
21bfb956-e9df-4dd4-a4fb-c20632eddeb3,New York,2026-04-19,Fog,8.58,1.85,61.12,22.5,1.82
5ddf8d10-8f0f-4203-b8db-8e83e595401a,Manchester,2025-04-03,Cloudy,28.06,1.34,39.18,15.04,7.47
068bbcb2-3167-49f5-9f9a-f9bd2ef6b241,Hyderabad,2025-06-24,Fog,5.98,6.19,60.32,15.7,0.26
b489f218-1657-4562-8a66-886e3d478b8a,Chennai,2026-04-07,Fog,16.11,4.96,66.38,6.08,0.38
9013eea5-932c-46af-8c74-ef21a3734b7c,Singapore,2025-03-25,Rain,27.04,26.92,85.19,17.45,10.99
a4193d01-e9ce-455e-b035-e7fa1f88012b,Dubai,2025-04-03,Rain,31.62,19.3,50.84,10.9,14.26
dd3110f3-ac13-4bfc-89b9-a8a8389d3e16,Manchester,2025-04-27,Storm,28.17,133.78,52.22,48.98,1.08
61f0ab86-d565-4cb9-a156-87e9fbc998bf,Rotterdam,2025-01-15,Clear,28.6,0.0,90.9,33.6,13.62
92f365e6-093b-417f-a3db-9648b74f9c8f,Chennai,2025-09-08,Rain,31.97,14.12,74.39,14.14,14.81
74045823-5344-42f4-82c6-eb89d009e01d,Mumbai,2025-03-13,Heavy Rain,24.64,75.32,83.75,20.45,3.46
b0fa093b-13a0-4a15-af04-e20963547799,New York,2026-03-11,Clear,35.26,0.0,43.29,31.53,9.44
5516d503-bffb-4969-babc-43221d8b9ffb,Ningbo,2025-08-30,Cloudy,10.55,1.88,38.76,31.16,7.12
1dd5eafe-9870-4de0-986e-1e5586b24e2b,London,2026-03-22,Heatwave,37.15,6.87,83.04,25.99,7.37
46408d5d-807e-4cae-a1de-cd25ffd73fd8,Shenzhen,2025-03-21,Heavy Rain,20.95,61.22,80.75,18.87,2.04
a0abeedb-7580-4977-a6b3-1e01c695d654,New York,2025-11-25,Cloudy,18.91,0.05,41.18,10.49,6.91
d5d6a131-9355-4e19-8349-9e3dcb3d6470,Delhi,2025-02-13,Clear,11.09,0.0,73.76,18.61,11.66
54efa67e-7d3a-4629-8812-559394cd7674,Guangzhou,2026-04-24,Rain,29.87,28.54,53.01,25.73,14.65
fd0a5fe7-a7ad-4b22-ac0e-dd7be5a39f7e,Los Angeles,2025-05-17,Cloudy,11.93,0.43,56.15,4.54,8.0
a3be71c3-8ff7-4695-980f-88571eaf9222,Hyderabad,2026-06-17,Storm,31.04,54.29,80.44,57.3,2.97
44e23381-b0a1-4125-8ffb-17a6d8129a26,Yokohama,2025-01-31,Heavy Rain,31.06,87.35,66.2,12.23,4.96
cf33a654-b265-47c5-82bd-9336f6ee2775,Abu Dhabi,2025-05-18,Storm,21.79,106.0,87.13,77.71,2.55
22eea75c-08b1-468b-bdf4-9dd8fe31d6cc,Chicago,2026-06-26,Cloudy,25.03,0.7,42.7,4.01,5.2
ed96d456-949d-447c-bc73-2b8402a500a7,Shanghai,2025-12-02,Cloudy,14.8,1.18,77.19,4.63,9.05
6bf5e294-4f05-4a1f-85bb-d48f052d9142,Chennai,2025-07-23,Rain,26.28,30.21,33.98,11.26,11.42
f1371467-5559-4bb1-a403-0e18e544e3cb,Incheon,2026-02-23,Clear,30.12,0.0,86.23,32.03,7.17
5e5a71b2-2a26-49b5-b952-960a36389bef,London,2026-05-31,Rain,30.02,32.93,34.08,3.24,8.58
e1e254c0-48fb-45d9-85b2-b59276195be3,Shenzhen,2025-04-02,Rain,10.9,25.25,84.75,27.74,14.24
731f5ab2-defd-4252-b717-ba301d2bc31a,Guangzhou,2026-04-27,Heavy Rain,20.47,89.6,74.7,17.63,2.74
23a11aa8-1d75-4ff8-bee1-ff518eff53e6,Singapore,2025-05-23,Rain,19.98,18.74,67.43,31.65,10.45
6f5c4a28-bc0d-4584-a5f6-a1756813782d,Abu Dhabi,2026-04-11,Rain,25.34,34.8,63.26,27.87,7.03
859fc39a-60c9-4da6-8107-e4eeffeb6cd0,Shanghai,2025-04-04,Heavy Rain,17.26,118.12,54.16,31.7,4.43
ead3474b-76c4-4375-8339-296d10a0fc58,Amsterdam,2025-12-17,Clear,15.73,0.0,81.38,16.44,12.56
fd3b8bd5-7cb9-4569-b265-9b2bc242dde9,Dubai,2025-04-28,Rain,20.26,28.84,46.27,21.56,14.14
c7ff0f18-5871-4476-a43c-339271a06c4b,Houston,2025-04-05,Clear,13.53,0.0,69.37,33.08,10.48
11c41d35-6a17-4c38-9b35-fc27eeb6bfb3,New York,2025-09-04,Storm,28.89,60.52,51.14,56.5,1.13
beb0650e-f618-48d9-8627-084db7271f00,New York,2026-04-20,Cloudy,27.83,3.42,68.9,33.95,13.81
e592aa46-0f66-49d2-a081-4a2074d4a680,Seoul,2025-09-01,Clear,25.74,0.0,90.35,11.18,12.37
6d64834e-2e72-4220-a0cd-c97334db8822,Seoul,2026-06-18,Clear,27.93,0.0,93.85,7.72,9.1
a2deb342-d2e2-428b-b581-c2ff815278fc,Delhi,2025-04-22,Clear,25.57,0.0,93.28,28.41,14.42
3b129167-4b42-4ee2-9166-529b46781a47,Delhi,2025-06-01,Rain,25.48,32.18,74.94,10.11,6.13
11b3edf1-c50c-4179-a979-5765d2c35fbd,Yokohama,2025-08-25,Clear,27.06,0.0,35.89,10.68,11.52
5950c233-6738-4d67-90b5-c074070fc539,Ahmedabad,2026-02-15,Rain,19.09,31.7,30.45,7.07,13.8
80b2e9e4-7dcd-4e84-96bd-896f05b76b5e,Incheon,2025-09-30,Fog,8.45,4.63,34.31,11.56,0.51
02568f36-c9af-48be-ab3b-e159a127adbf,Bengaluru,2026-04-13,Rain,27.17,33.94,81.39,6.55,8.21
f9ee87ed-727e-4814-85e8-df2f587904a5,Kolkata,2026-01-13,Heavy Rain,16.21,78.58,30.47,25.74,2.88
1cc2f863-30d5-4cb5-a87b-c0233666b291,Seoul,2026-03-20,Rain,17.11,28.56,47.2,28.58,10.27
ba3ded65-3dfe-4212-91f0-cd2ace5c1925,Shanghai,2026-04-19,Storm,25.91,95.88,79.64,84.97,1.3
6cadf934-3262-45d6-942c-8fc023212f96,Felixstowe,2026-01-25,High Wind,20.82,7.72,77.09,49.78,10.42
c6eaf25c-3808-4bc3-9257-0abd9c2b004d,Ahmedabad,2026-06-12,Heavy Rain,13.97,59.06,79.06,12.14,2.93
2208b85f-2e64-4a70-9e3f-4216d5f86b22,Busan,2025-12-21,Clear,34.98,0.0,41.17,6.86,5.51
b31a7313-e4d2-4a67-b4e1-44bb17e2c0f9,Chennai,2026-04-04,Rain,11.34,14.53,64.1,22.55,7.74
75952bee-9044-4101-b562-1a2c5a6fc047,Felixstowe,2025-04-15,Clear,16.62,0.0,78.35,3.36,8.9
cb6df042-7022-46e7-86b6-405cc4eefbb9,Osaka,2025-02-02,Heavy Rain,14.39,47.15,47.21,7.19,4.78
6daa3098-3bff-432d-99bd-391df6ca8850,Bengaluru,2026-03-02,Clear,29.72,0.0,90.12,14.86,10.24
08d409a8-224d-44e0-bbc3-7b9d9afcb239,Guangzhou,2025-02-11,Rain,13.91,21.49,54.69,7.2,13.09
5e29878d-541b-40e1-845e-608de14b357b,Frankfurt,2026-04-02,Clear,31.33,0.0,59.24,32.96,14.66
18ee68da-8145-4525-a40b-1e11eda89176,Amsterdam,2025-12-06,Clear,23.55,0.0,31.51,15.29,7.65
ed6b367e-0efb-4f99-b157-b655f15ae4cd,Ahmedabad,2025-02-06,Clear,17.59,0.0,51.08,18.14,10.33
2c95c800-4562-438a-8664-1f7215fe4b6d,Tokyo,2025-07-29,Cloudy,30.85,0.42,50.71,10.83,13.09
03c7ff51-500f-4819-9d46-565ea85bd00a,Hamburg,2025-04-01,Heavy Rain,24.9,100.24,58.33,17.75,3.4
de2eb022-09ce-4f38-8fb3-b1cb33c470a7,Singapore,2025-01-23,Rain,12.38,7.96,53.51,27.63,11.43
53d76c83-a1d0-475d-8164-c8f38fb793f9,Ningbo,2025-06-06,Heavy Rain,14.3,87.28,57.3,7.48,2.81
00bddae0-6fe8-4c8b-8ca1-cd23bd692857,Bengaluru,2025-11-05,Clear,14.68,0.0,45.82,3.22,6.11
4670f85c-b335-4a25-a061-5641212607fb,Dubai,2025-12-09,Clear,16.61,0.0,49.36,8.25,6.58
9e9e9c3d-a464-4419-8b60-7a2822756869,Hyderabad,2025-04-28,Clear,11.01,0.0,30.79,27.3,14.47
d71505b0-ae2c-4423-909f-1ca83649192d,Felixstowe,2025-10-31,Clear,14.69,0.0,65.25,24.48,8.7
48204f3e-e4ac-4411-bae8-941df159cb64,Hamburg,2026-03-28,Fog,9.18,9.37,50.29,4.77,1.15
9d4d8228-8a19-42e7-9ec8-46b95a8c59c6,Chennai,2026-01-27,Clear,27.2,0.0,34.46,30.36,8.12
f391b802-48d2-4fb4-a252-77b9b2fdad24,Guangzhou,2026-05-28,Rain,10.99,29.22,72.47,11.94,12.46
2f21bfab-653c-4cfd-b84a-80d52c97d7d9,Shenzhen,2026-01-23,Clear,19.8,0.0,38.5,25.18,9.73
db133d10-1ee6-4671-8a13-372daef99250,Hyderabad,2025-11-21,Heavy Rain,10.05,98.7,88.32,34.05,1.93
eaa80970-9246-4f7f-8a1b-9a391136b22e,New York,2025-09-27,Cloudy,28.75,0.46,41.82,24.12,8.81
65efa0df-53d4-4654-8919-14fb946489cb,London,2026-01-13,Cloudy,28.41,3.84,68.68,29.5,11.35
dd4e94dd-f576-4008-b586-330dd08e5f3d,Ningbo,2025-09-08,Clear,15.2,0.0,34.3,31.74,13.83
74a5b268-29dc-4e19-8a61-398b94721a1b,Yokohama,2026-05-27,Clear,30.35,0.0,91.15,24.65,11.79
b27a6942-8cc0-4e9c-bccc-251decc9c6d3,Yokohama,2026-06-29,Clear,34.91,0.0,75.13,28.02,9.96
c2430b9a-5b4a-4ca3-a863-11142d3202d8,Dubai,2026-02-21,Rain,22.18,19.99,74.82,26.46,12.86
72db889e-fcea-4f53-915e-051e0033cc27,Amsterdam,2025-07-31,Rain,22.37,12.48,85.62,5.26,6.42
92742d0b-c490-4f27-9eab-fc6f426dc418,Tokyo,2025-05-18,High Wind,18.52,5.6,93.29,68.56,6.45
07aac43b-d8da-405d-8649-b12904bfc385,Sharjah,2025-06-09,Cloudy,33.36,2.43,52.71,12.23,7.43
f6c7156b-3405-483c-be7b-eb58f69237df,Chicago,2026-04-14,Clear,28.67,0.0,39.05,8.65,10.92
9de26ec7-e73d-4b40-a989-d98516970651,Houston,2025-09-13,Cloudy,24.91,3.37,69.27,21.64,6.16
3a09d605-1af6-4979-8fce-00b5b96741bf,Hamburg,2025-10-13,Clear,34.77,0.0,80.29,26.28,13.65
e2561dc1-6501-4c84-9130-913e96f68687,Frankfurt,2026-01-16,Rain,19.69,16.12,70.59,5.21,14.59
014e31a0-1f40-4a2e-b47f-f3efe4d3c2b4,Frankfurt,2025-08-23,Cloudy,26.26,3.88,55.3,28.4,8.9
3564191c-28df-428b-bdbb-204d120ab80b,Kolkata,2026-06-24,Fog,5.09,0.52,35.03,9.94,1.83
f8b5c41e-b8f4-4870-a114-8db35bee6104,Seoul,2025-06-07,Heavy Rain,16.32,105.77,58.2,20.67,1.55
3481b963-fb45-42d1-a4a2-b31393359afc,New York,2025-10-31,Clear,21.89,0.0,32.29,34.05,6.63
bafd8645-c192-4c41-8efa-cad3e7d40e51,Shanghai,2026-03-10,Rain,13.97,16.06,54.94,22.01,12.59
123ca45b-56ff-4f0a-aaf7-ee5a94fa4c38,New York,2025-01-06,Rain,14.99,25.9,47.74,15.32,8.82
f7a51a58-9e2f-4ea2-83e6-5f589bdf12c0,Yokohama,2025-11-06,Clear,16.55,0.0,58.36,3.97,8.63
724b70e2-b030-4911-82d9-a5db9b2f1919,London,2025-02-26,Clear,33.43,0.0,54.62,15.42,10.91
b1ee0ef0-c13a-4814-a214-7579362b5a14,Incheon,2025-02-19,Cloudy,27.0,2.17,58.42,33.79,5.27
94219712-2b9c-4c18-b32b-143c85c700d1,Sharjah,2026-04-13,Cloudy,11.59,4.0,65.69,15.42,11.33
6d1007e2-e71c-4f67-bf49-7898176e51ae,Shenzhen,2025-12-27,Cloudy,19.43,0.34,84.57,20.94,8.16
5078f118-6371-45be-a005-109d49641ba7,Delhi,2025-02-13,Clear,23.61,0.0,48.52,11.44,10.37
ce8c0229-97dd-4d04-891e-b5cb297a648b,Shanghai,2025-02-21,Clear,33.6,0.0,41.8,30.33,12.6
ac6db13b-c768-42ae-b225-48a344e9de83,Ningbo,2026-03-12,Clear,29.35,0.0,91.01,8.41,12.29
a67229b5-80dd-415e-b15d-e95c21b84773,Hamburg,2026-05-06,Clear,21.73,0.0,67.16,4.4,5.77
5ad8fdbb-23dc-452b-a9ef-45c99f557faf,Singapore,2025-11-17,Clear,16.22,0.0,32.8,27.28,8.23
6234be6d-17d7-4b05-85a0-8190e953a361,Rotterdam,2025-05-20,Cloudy,35.88,1.59,40.73,28.89,5.32
4a2cc6fb-3a96-4a5d-95e3-f3270e2fee17,Manchester,2026-02-08,Clear,20.78,0.0,81.27,17.84,8.68
d6fa8219-a33d-4343-a4db-b641ea49a958,Shanghai,2025-02-07,Storm,23.19,67.54,41.27,81.88,2.08
2ed1dccd-b80c-430f-98e2-f5eece8cedbb,Frankfurt,2025-01-02,Clear,34.08,0.0,86.3,12.29,9.76
89c41980-2ea6-42f2-8795-961d898df194,Manchester,2025-05-08,Clear,25.32,0.0,68.28,20.15,11.25
86ea438c-3944-4416-a187-d13fa1ab8e3a,Yokohama,2025-05-22,Clear,29.57,0.0,63.92,21.99,5.98
64ae2610-ca1f-4360-a8c6-e37cdcd3bf15,Houston,2025-05-18,Clear,24.8,0.0,50.2,3.42,8.69
6eddbf70-14c2-4908-8e41-7329e12f0101,Ahmedabad,2025-12-30,Cloudy,18.63,1.85,78.39,4.38,11.63
f0babd73-6b2e-48d0-9ca5-9e578f1d1637,Tokyo,2025-02-06,Cloudy,20.25,3.66,88.01,14.57,9.16
4aa7cc27-bd1a-4a80-8f3e-18651ca62324,Dubai,2026-01-17,Cloudy,10.49,3.36,60.48,23.28,11.45
b9b0957f-2710-41fd-a904-6200c698aa0a,Delhi,2025-01-21,Rain,19.56,27.74,69.72,24.75,8.96
9ad891f1-9ed4-4482-9514-391d8361d1bf,Kolkata,2026-04-14,Clear,20.04,0.0,55.53,12.46,13.84
744a9fe5-f9f9-4a73-b2fe-f4ebeb909734,Singapore,2025-04-25,Cloudy,23.65,2.65,51.91,26.16,13.15
05672ffe-5b4b-4a62-b6ee-006116b529d1,Bremen,2025-01-24,Clear,19.07,0.0,54.19,25.79,9.94
e1a5c678-7771-495d-bdfe-5b5860906014,Ahmedabad,2025-04-13,Clear,34.17,0.0,45.65,3.86,5.26
da445163-e8de-48ba-9262-204465bbbfca,Ningbo,2025-01-10,Clear,35.21,0.0,45.31,23.38,10.58
5f223aab-30d7-428e-ac71-1cc922ff0484,Guangzhou,2025-03-19,Cloudy,20.27,2.93,59.29,19.85,14.12
f1567484-3aa6-4066-b125-a89d55706401,Houston,2026-01-11,Cloudy,25.46,2.87,45.83,24.55,11.29
c9dabb7d-3367-4cfb-9472-09655a96ed25,Shanghai,2025-01-24,High Wind,28.3,1.78,39.35,37.15,9.41
ca22c622-9287-4b20-9bac-13e0feae42c4,Tokyo,2025-01-19,Heavy Rain,21.08,53.47,81.65,18.18,3.17
ab298b2f-628b-41f2-90c2-ceaee89313e9,Dubai,2025-01-09,Cloudy,17.46,1.74,78.35,32.27,13.02
3a0171a3-ed97-4494-976a-f13e2499bc59,New York,2025-02-04,Cloudy,31.76,0.16,75.26,23.96,8.81
76376187-f5c2-4e01-96c3-ddaaf1e1653c,Chennai,2026-06-20,Clear,24.99,0.0,62.6,10.18,7.85
dd8e2b47-c208-4a64-8cad-02899808c6bf,Hamburg,2025-09-20,Cloudy,28.42,0.31,83.02,8.42,11.09
3735ff46-32bf-400f-b0fa-eab9bd5b0377,Bremen,2025-10-30,Clear,33.94,0.0,76.08,23.33,13.0
831eb833-5bf3-4d78-b4f2-519482c8c877,Chennai,2025-03-13,Fog,4.68,10.21,75.59,31.33,0.84
46740174-932a-436d-947b-6a28afb91d43,Bengaluru,2026-06-16,Rain,14.89,19.71,76.17,33.03,13.77
55453572-375c-4852-a980-50f46c14682d,Amsterdam,2026-02-08,Rain,24.88,17.88,48.05,25.07,9.41
d4d4f1d3-aefc-4e63-9c21-c8d066ac9c67,Tokyo,2025-09-08,Clear,19.02,0.0,60.46,8.07,8.6
f0b9fc52-f85f-4a10-8efe-7217bf9795a5,Bengaluru,2025-04-05,Clear,19.66,0.0,40.5,8.36,7.86
0876c8ab-6bba-43bb-bb01-32ac7befe9ed,Mumbai,2025-10-01,High Wind,17.54,7.42,59.05,74.07,13.59
157f8cba-cb2f-4afc-9564-edfbbc848ac7,Ahmedabad,2026-04-07,Clear,14.45,0.0,42.27,22.5,7.57
942b3b29-7088-4517-9f5d-5284c684e046,Yokohama,2025-02-08,Rain,35.88,23.1,34.91,28.01,11.16
8177664f-645a-49eb-89e4-75e6d2eb3e76,Bremen,2025-04-26,High Wind,13.01,5.66,74.55,36.06,9.47
817a3b10-ccd5-4ec3-b925-16e4b57c7833,Hamburg,2025-01-20,Clear,10.19,0.0,45.32,15.6,7.18
ee9fcb33-d9e2-43e9-b26a-3027cfd31fb6,Tokyo,2025-03-03,Cloudy,24.71,0.89,56.97,24.74,8.59
90afae57-324d-49c8-9792-7ef88190fdf0,Frankfurt,2025-12-21,Cloudy,15.79,3.56,79.27,10.17,13.36
671aecf0-31c6-46c7-a335-67e565d3322c,Hyderabad,2025-10-23,Clear,20.57,0.0,70.05,24.37,14.59
b11353ca-e903-4dd1-8507-3199d92e2b11,New York,2025-12-05,Cloudy,29.61,0.67,69.27,4.65,14.29
3a183055-2e50-4cd6-af35-23ddf5b1f1a0,Bremen,2025-08-22,Clear,17.71,0.0,31.05,25.03,7.57
a3a9d97d-25d1-40e3-abec-aec369d7a04d,Tokyo,2026-06-29,Clear,31.96,0.0,87.4,24.65,7.6
617f201b-25a7-4d29-a10a-8628ac0e74ff,Hyderabad,2026-01-30,Storm,22.2,144.48,55.88,49.54,2.79
b60a3b34-9df1-4469-a116-9ba892f287c6,Manchester,2026-06-27,Cloudy,29.73,0.02,86.25,5.33,5.59
ef41c8a1-cee1-4162-832e-6d4d36e44ba2,Manchester,2025-11-14,Rain,34.12,17.13,90.28,21.28,9.45
3138bd22-56a2-45c2-8a9a-43da64e93cdd,Chicago,2026-06-06,Clear,23.88,0.0,78.15,14.74,12.65
c45bdc33-fd23-4ccf-844b-ae2e12680be3,Singapore,2025-04-23,Fog,10.85,4.16,93.93,34.92,0.75
50b3615c-2859-4064-bec7-d5fdf31b3280,Bengaluru,2025-04-08,Cloudy,19.71,2.45,42.09,16.02,9.67
fbc0dc41-4c88-44c5-890e-bce967eb0519,Hamburg,2025-10-02,Clear,33.51,0.0,46.32,20.93,5.19
429992df-502b-4a46-958c-acd45d712c2c,Amsterdam,2025-12-19,Storm,20.34,127.24,38.17,94.96,2.92
91192526-e5fd-42b9-9ca3-ab2eac85c2cb,Singapore,2025-09-02,Heavy Rain,14.03,80.59,50.11,7.61,1.79
d9e2f118-2830-48f2-a05d-6ed82271d10d,Shenzhen,2026-01-19,Cloudy,33.8,3.69,69.88,12.02,12.97
4de58eb1-5c8e-4c17-aed2-4a369cdfd73e,Osaka,2025-10-10,Storm,29.74,108.13,60.87,46.99,2.93
aaa2a630-ea34-4f88-8871-a6a4e99efc71,Rotterdam,2025-05-04,Clear,27.52,0.0,61.86,7.6,8.48
7c6fa64d-d010-49e7-ba75-c4f6fa35a35e,Chennai,2026-01-13,Cloudy,25.02,1.91,62.36,4.02,9.48
9dc4965e-b810-4b6d-9324-ce20510dc107,Hamburg,2025-09-25,Rain,12.21,11.03,92.2,5.61,10.31
713c562a-3dd3-4b90-a0ab-4f2b8c9ab12d,New York,2025-03-16,Cloudy,15.88,0.23,36.3,29.46,7.38
6f04a5e5-6396-4c94-b3be-95685e1a4098,Delhi,2026-01-03,Cloudy,30.35,3.0,78.53,30.66,12.03
de78147f-d70d-4c25-952c-4fec0af75f8f,London,2025-01-23,Heavy Rain,19.88,78.64,38.1,28.23,2.19
ed51cc02-6a72-4c40-b39a-1cce192bb8db,Ahmedabad,2025-01-31,Clear,19.48,0.0,90.97,14.67,12.82
cf96987c-f7c4-43a2-8ce7-ad4529fb298e,Felixstowe,2025-09-30,Clear,32.95,0.0,58.16,21.41,10.86
461f498d-1ab7-49c5-aab7-62a42acbb21e,Sharjah,2026-06-29,Clear,29.4,0.0,31.86,22.03,8.65
dac080d1-b243-4bda-9c15-b083a1e664b6,Bremen,2025-11-19,Fog,9.94,5.05,72.45,7.13,1.24
1b7334a9-c07c-49ec-9530-6993a2faee99,Bengaluru,2025-07-14,Storm,21.34,52.88,47.44,56.89,0.43
1595c3bc-71ba-49af-a43e-cfca8f29f5a4,Tokyo,2025-01-03,Cloudy,24.82,1.53,80.07,5.16,12.16
2877da4b-a814-49f6-825e-4958622dbc68,Abu Dhabi,2025-08-24,Clear,23.17,0.0,63.12,28.53,5.02
fc5906c4-fd0b-446e-8e63-954ba7a9e74e,Shenzhen,2025-07-17,Cloudy,27.77,2.44,71.8,31.93,10.88
4a21e432-556b-453c-b213-0f0a378b43cc,Los Angeles,2025-01-19,Clear,20.56,0.0,41.08,11.76,13.14
f04baddc-4ec8-437b-adbd-fe8652282617,Delhi,2026-02-08,Cloudy,17.61,3.99,42.49,9.38,14.23
b254ab77-d8b2-4a04-a5f8-cc45d368c0fa,Tokyo,2025-01-03,Clear,11.31,0.0,41.79,17.1,12.4
e4873fe6-08ed-4c83-97a5-981517faa867,Abu Dhabi,2025-08-04,Clear,12.67,0.0,79.28,26.58,14.01
a64f7838-f18a-43ff-9075-ef8d616248c4,Busan,2025-10-29,Rain,28.73,22.45,38.22,4.48,9.9
3e4fcbff-12ca-4d54-8d68-bfcad54380e9,Sharjah,2025-08-29,Clear,32.97,0.0,54.35,20.5,5.94
2288007c-e21b-4d8e-be0c-33e3c5867be1,Guangzhou,2025-07-29,Cloudy,33.93,0.49,79.8,8.77,12.98
d3264b20-ed9b-421f-819a-1e1da6ef8214,Yokohama,2025-04-11,Cloudy,11.82,1.26,52.35,4.51,6.07
d9fe6616-6c21-455e-a4fa-f8a0a0e137f6,Bremen,2025-06-05,Clear,13.12,0.0,54.97,8.18,7.84
cf645176-07e5-4de4-b4d6-e1d5102ced0c,Yokohama,2026-03-27,Clear,20.85,0.0,50.01,7.84,13.65
e909421d-6168-47cd-93fa-4860693fe054,Sharjah,2025-07-20,Clear,23.57,0.0,50.72,23.46,13.59
7b40b2bf-9502-485a-b14b-dcd309b45e44,New York,2026-02-05,Clear,33.57,0.0,35.07,12.04,9.49
e5b5772c-d9a4-4b46-8537-41cad98c49ce,Osaka,2025-10-25,Heavy Rain,30.32,87.61,92.85,15.4,2.63
55a2c385-089a-4b3f-b054-b2119287fb5a,Frankfurt,2025-02-24,Clear,34.03,0.0,57.51,24.65,14.0
799e7713-09ea-4c00-8e61-2c87f971b56d,Felixstowe,2026-04-04,Clear,35.87,0.0,46.15,5.84,12.95
efa8ecfd-f633-433d-8774-15895c83df53,Hamburg,2025-06-11,High Wind,14.72,6.17,45.91,68.89,12.87
ff10759e-01b5-4da9-b10c-fd5117b63662,Ningbo,2025-02-26,Fog,5.85,6.33,30.52,24.6,0.21
04eb039f-9645-4694-b466-5e3a5c54a124,Ningbo,2026-02-19,Cloudy,23.53,3.77,76.63,7.81,7.17
a6eb7ab4-a268-4691-94d8-d299c09e3aa3,Delhi,2025-05-03,Heavy Rain,27.4,35.31,91.01,9.76,3.47
a30749cf-f15c-4ca3-b5a4-53ee694e6374,Dubai,2025-11-28,Clear,16.8,0.0,75.44,22.99,5.16
c3e80de2-aa40-442f-baa7-eaf8976e5f20,Chicago,2026-05-15,Cloudy,33.1,0.48,53.58,6.88,8.03
0771822c-6fda-4838-a32b-cbc446aa730e,Shenzhen,2025-09-22,Clear,29.8,0.0,52.45,4.35,13.58
dbfec38e-0711-4168-9fcc-804f2ecb0acd,Delhi,2025-10-29,Clear,35.99,0.0,92.02,8.38,8.78
6f4093d3-3b32-492d-9b72-fcfdd2b9faeb,Yokohama,2025-05-21,Rain,17.34,14.81,47.2,19.91,8.5
6e412670-b8c7-4e83-b523-da669bfe73a2,Sharjah,2025-04-12,High Wind,34.06,0.48,52.16,41.45,7.56
7d902e2f-e6b4-461e-a7c6-d82842e90742,Los Angeles,2026-06-13,Clear,16.26,0.0,36.63,5.92,7.06
3f2926f7-f16c-467c-9f05-6ffa4d5fd3cf,Bengaluru,2025-09-23,Cloudy,32.08,2.63,87.0,32.56,10.46
cdae620b-3555-4b64-b782-388f438c9095,Seoul,2026-02-14,Cloudy,23.2,2.24,61.03,6.01,9.58
8da51cd3-dfa6-4b63-bf5f-4fbb2271e317,Singapore,2025-03-07,Clear,15.06,0.0,60.93,20.35,7.16
7020dd25-54d4-4556-b357-06f19abc0f2e,Frankfurt,2026-06-01,Clear,29.52,0.0,44.17,18.54,9.42
21446037-4590-4c8e-a364-071956573955,Chennai,2025-12-26,Clear,26.41,0.0,58.55,6.08,12.84
209f2b9b-3780-4094-8ea0-b4fc5ac98650,Shanghai,2026-05-31,Fog,14.7,4.8,81.86,21.04,1.12
3a25c531-0fa1-47b3-8d97-642ecd7ba302,Singapore,2026-01-10,Clear,31.08,0.0,53.35,32.1,11.9
33de3522-5638-458b-b7a8-40a3fcca9a81,Yokohama,2025-04-11,Clear,27.9,0.0,81.69,18.98,11.22
cd49005a-590a-4f24-a9da-f1e76ef3dd4e,Houston,2025-12-31,Fog,7.44,8.55,82.31,15.61,0.99
05a2467f-1f40-4064-be38-ebe63274751e,Felixstowe,2025-04-23,Heavy Rain,20.95,83.14,87.15,15.76,3.4
15ab56e2-c9b9-4627-88c0-0aaed504f447,Guangzhou,2026-04-01,Clear,10.48,0.0,71.22,5.53,7.66
ba1a6e8a-66f5-4556-b223-0cf9491ea328,Dubai,2025-12-02,High Wind,13.2,9.51,81.58,62.17,13.81
403cbecc-4aa4-4aef-8152-c9c562fc1317,Kolkata,2025-07-19,Clear,24.64,0.0,64.28,31.32,10.36
e761ff44-fee6-4abd-ac6f-b1aa6fa7de48,New York,2025-09-29,Rain,33.19,16.05,92.23,25.15,7.78
be5ed344-e649-41e3-b3f3-0909b3bcc67e,Guangzhou,2026-05-01,Clear,14.9,0.0,70.58,31.01,6.55
badeafaf-a11a-4774-bd7d-48fb11fc7f2d,Incheon,2025-04-14,Rain,34.17,18.65,42.82,12.03,9.08
122480aa-f3c0-4974-9054-e546cba38e74,Delhi,2025-07-29,Cloudy,17.24,3.56,49.5,8.57,8.51
3bd20dfd-90f2-42d9-94ad-9d63c065f906,Kolkata,2025-10-29,Clear,12.83,0.0,53.24,24.95,6.48
0e61d148-53d8-48ca-b9b1-f399f79e9bf5,Singapore,2025-05-17,Fog,13.58,2.82,39.17,25.27,0.85
9f42d6e8-fd86-432f-91ff-499dfcdb6078,Singapore,2026-06-04,Cloudy,20.18,3.54,34.82,32.68,10.99
92582aba-7708-4310-b58d-837fc5daa3fe,Seoul,2025-04-04,Fog,10.93,7.12,58.18,11.97,1.44
ff7500f0-6b67-444b-abe0-d3a3282a95a2,Busan,2026-02-25,Clear,24.2,0.0,36.95,4.6,5.23
c5549d8c-b132-4c57-b5cf-9aea6b3df78f,Ahmedabad,2025-10-02,Rain,25.61,20.42,46.37,18.8,11.27
9ce3ba9d-fad6-4bae-9506-79f4a59c5f95,Manchester,2025-04-30,Storm,30.13,52.2,92.51,75.61,1.96
ccfcdb6d-a4a5-4c4e-80d5-23996a5e774f,Manchester,2025-04-16,Cloudy,19.98,0.21,54.81,24.31,9.42
8637c3f5-171b-4462-991d-8fc09a687bbe,Dubai,2025-05-01,High Wind,25.36,10.87,86.94,43.23,12.49
a67a4f63-dc8c-4496-aa85-43809eb30776,Ahmedabad,2026-01-15,Rain,29.91,26.12,56.31,23.26,10.92
84bc0429-4702-4558-9741-bc53d98cf3e7,Yokohama,2025-07-27,Fog,5.58,11.48,86.7,12.49,0.63
95533a6f-b8ac-4c7a-8ca2-78c0403f8d21,Hamburg,2025-01-31,Cloudy,29.94,3.18,69.66,33.09,10.02
47e5e86e-02cc-49ab-999c-e86919787cbf,Ningbo,2025-03-16,High Wind,23.73,6.65,55.09,71.38,10.65
c9dfa100-f940-4bf2-a4da-d1160c530abf,Rotterdam,2025-07-26,Fog,10.02,3.29,78.07,14.66,1.55
a54cf84a-eb71-4925-91e0-29b6cb75a2e5,Delhi,2026-03-18,Storm,18.4,86.66,85.52,85.28,1.61
9a80cddc-9ebf-4d02-a851-645fa4471a8b,Abu Dhabi,2025-07-02,Cloudy,32.37,0.21,50.87,25.84,12.38
2a601dc2-2676-4a66-99f9-691113e40db9,Rotterdam,2025-08-02,Rain,28.39,7.48,73.8,7.65,14.51
21481cdc-7555-44b1-ace1-7be84f757e7f,Osaka,2026-02-18,Clear,19.89,0.0,46.44,31.28,9.49
e77a3abd-a3af-4d2d-b479-6fd3cf8e06b0,Busan,2025-05-05,Clear,35.22,0.0,93.31,29.66,12.57
6c2b5b40-653f-4816-8bda-1c6c11f7fde6,Bengaluru,2025-07-16,Clear,19.5,0.0,50.49,28.65,6.85
79eee555-7ad1-4029-84ad-d4e1ee23f04c,Amsterdam,2026-06-21,Rain,17.49,5.46,70.24,11.46,5.75
e8ef6878-730c-4b74-a988-d09270a27db1,Felixstowe,2025-05-28,Heavy Rain,25.79,57.74,70.65,24.22,2.56
9ed0ca87-b5ad-4522-81da-d29f53d5ad5e,Dubai,2026-02-19,Clear,27.97,0.0,32.2,28.54,5.52
f0416eba-4851-40a0-b3c5-571cc372c1c3,Chennai,2025-12-04,Clear,12.14,0.0,68.14,13.29,13.05
251c524d-87a8-43dc-8d2a-03b7b39597e4,Sharjah,2025-12-10,Rain,25.75,19.39,90.27,30.78,6.21
1f1fadd2-2267-4146-82eb-58a8cda70789,Dubai,2025-11-29,Rain,15.11,19.76,53.64,21.78,11.57
2e23fac0-784c-439a-9d95-cfb72dd4f4d7,Hyderabad,2025-02-17,Rain,34.99,34.44,58.12,6.06,14.22
03226767-281c-4c4f-b893-a5bc8b2fc349,Hyderabad,2025-09-15,Clear,14.39,0.0,63.02,4.41,11.36
a1aceb56-527d-43ad-828b-7d84328dff6a,Hamburg,2026-03-15,Cloudy,15.99,0.48,69.03,10.14,5.97
f47996d2-2fdc-4009-b621-25d681098c84,Hamburg,2025-09-19,Cloudy,19.25,0.95,89.34,6.5,10.93
f72a2543-7f38-4866-abd0-199c4c59f8ec,Los Angeles,2026-02-20,Clear,34.48,0.0,68.39,20.74,11.38
a689a2c5-f9c9-48ab-8b6c-72447da9e972,New York,2025-06-09,Clear,23.5,0.0,50.76,31.98,14.75
eb35c309-76ed-42b4-9355-ce947ec8af39,Yokohama,2026-04-20,Clear,16.57,0.0,40.54,13.82,7.72
bbb90095-1adc-4869-8422-96b1a53543b9,Guangzhou,2025-07-31,Cloudy,24.77,2.44,50.78,28.8,10.04
a39fc783-348a-4daa-9305-b7dd2b8f061e,Houston,2025-02-01,Rain,18.72,31.37,85.53,3.72,11.02
4b6499c0-5fe1-4006-8d39-9d50717b6eb9,Sharjah,2026-05-30,Clear,27.7,0.0,86.19,30.67,6.44
0e759568-103e-4f9d-999c-8d8dd80d9319,Chicago,2025-06-12,Rain,27.68,27.72,51.85,8.44,7.79
2d136baf-973e-43a3-819a-135f611b19c6,Hyderabad,2025-04-05,Rain,16.53,8.13,82.9,11.62,13.4
dac9d7c5-74d6-4eb9-8ae8-8ad6b67a588a,Seoul,2025-07-19,Storm,25.57,71.09,47.71,58.39,2.57
0075b044-7c62-4e3d-95de-942b5db06a65,Delhi,2025-12-21,Cloudy,24.95,1.33,40.87,5.0,14.47
9692eee7-1550-4887-86f3-89d01ba06b22,Mumbai,2025-09-20,Heavy Rain,11.13,39.24,88.71,18.65,2.83
375360aa-7a1b-470d-a99c-1efc526df20f,Ahmedabad,2025-05-27,Clear,12.31,0.0,84.0,22.93,14.92
a89f6987-1012-43b1-81e0-27262deb9420,Ahmedabad,2026-03-27,Clear,27.53,0.0,83.04,17.68,9.26
81ae923e-c1d5-4183-a4b7-d83b0ec7601d,Shenzhen,2025-09-28,Rain,31.78,25.65,83.03,22.17,10.76
3f929f17-3a8c-4bcd-8af5-3ca0f6f2a183,London,2026-06-13,Clear,28.7,0.0,57.19,24.05,8.47
03c47d36-016a-40a5-a56a-c2c06ccc70bc,Hyderabad,2026-04-14,Clear,12.74,0.0,56.25,32.96,11.34
1488721d-f1c0-4f16-9fbb-3b7a20ffb8a4,Chennai,2025-05-07,Cloudy,12.15,0.34,81.9,8.89,6.49
61efdb4b-11de-4067-bc2e-dc8734e42298,New York,2026-02-20,Rain,21.2,13.16,89.95,21.53,13.58
fb687e7f-8a43-4fb7-b768-3e83ed44a587,Felixstowe,2025-09-17,Clear,35.09,0.0,45.8,33.94,10.11
b54aa41b-2c3b-4910-acb2-19fb3f15820c,Mumbai,2026-05-04,Clear,11.08,0.0,71.27,24.48,13.4
cf57978c-e318-4159-949b-11b18c5c7468,Dubai,2025-10-09,Clear,20.77,0.0,83.01,26.27,5.0
ce44adb3-2ce0-4c4b-ad87-51747652352a,Frankfurt,2026-03-29,Clear,18.62,0.0,31.0,32.99,7.41
e12ff85e-e784-4611-96d0-5f4d6c5de0ef,Osaka,2025-07-04,Rain,25.51,25.14,86.54,29.5,8.65
a45ed1b2-d38f-4449-9790-f2e482a99c98,Chennai,2026-06-23,Cloudy,24.99,2.0,40.0,20.45,12.66
d1b95d08-1969-4d45-a743-424c20c73144,Bengaluru,2025-08-07,Heavy Rain,24.78,63.54,69.31,34.02,4.35
0a641fa4-d8db-405c-9e4a-ad696543eafe,Chennai,2025-07-05,Heavy Rain,30.31,54.21,77.04,29.86,4.95
3b03d12c-0edf-4087-b7c6-542c3467a58b,Shenzhen,2025-04-10,Rain,13.02,20.87,38.3,24.17,5.22
8c4442b6-86be-4e1d-864c-9b521ca78c3c,Bengaluru,2025-02-26,Cloudy,33.79,3.57,75.97,3.0,12.0
60a8077c-f647-46c3-b848-46b45f1fa909,Chicago,2025-03-06,Cloudy,29.96,0.63,68.97,31.65,7.98
0905595d-eed6-4a4a-96de-2c1ecabbb102,Houston,2025-01-22,Clear,24.55,0.0,61.72,21.5,14.81
95b0ce67-1585-4486-9986-e34c2604b5f5,Mumbai,2025-10-11,Cloudy,27.14,0.61,36.91,31.5,5.97
cb092fe9-50a2-4506-96cf-fab3214a6c19,Tokyo,2025-12-09,High Wind,10.21,7.1,39.14,66.49,10.42
50aebcfc-0167-4c5b-85f0-44b93bbc2e32,Felixstowe,2025-03-19,Cloudy,14.4,3.76,55.22,33.94,13.33
ce6ef733-d6c8-4fcc-86a7-1eaaa9fbf720,Shanghai,2026-05-31,Rain,10.59,23.73,45.42,14.13,8.87
53e94c5a-b853-4ed3-a1f5-f689687c167a,Bengaluru,2026-04-19,Heavy Rain,20.45,119.31,65.34,31.69,1.55
161d7993-b97d-4ec9-9172-c7aa3446187f,Frankfurt,2026-01-15,Rain,18.79,21.61,45.73,8.45,14.32
1318bc16-fc78-4ec1-b3f3-c8000fe0f458,London,2025-05-12,Heavy Rain,25.06,43.48,80.64,8.66,4.16
100c4f84-d6a7-41ab-b658-5d3a771eb96f,Kolkata,2026-06-29,Clear,31.48,0.0,48.59,6.04,12.81
ca0dee9e-84d9-4152-9a02-77a8aeb4a9a1,Seoul,2025-05-15,Fog,4.93,6.09,39.31,11.67,1.79
cf27db3c-6088-4b13-88be-8aef020e34ef,London,2025-05-15,Clear,28.97,0.0,37.67,27.03,9.45
c1d0f3f4-1ff1-41aa-99ab-5ba8d2ee3999,Rotterdam,2025-08-04,Clear,22.56,0.0,63.05,7.14,10.1
7a05b6e8-d288-46ee-981b-22b2789d1277,London,2025-03-17,Clear,13.31,0.0,85.57,33.24,11.31
9e055efa-317c-4a10-ae6f-2123035868bd,Delhi,2025-09-30,Clear,18.07,0.0,37.87,19.27,7.11
c2dd20be-566f-482e-8c5c-642fc1ece42d,Singapore,2025-09-29,Clear,21.79,0.0,62.91,9.19,12.56
3d299b51-0e5e-468a-8782-ce1a32591527,Seoul,2026-06-18,Rain,30.51,34.08,57.87,6.23,9.36
d5d54d28-654a-4abd-bf47-735ce6ab90cf,Tokyo,2025-06-02,Heavy Rain,28.58,85.75,77.49,15.58,3.7
6f400a99-ac10-473c-8038-44e6c19be25c,Hyderabad,2025-11-16,Clear,19.55,0.0,78.25,19.0,5.06
e1d8f786-1b0d-4938-9e8d-8d5dd5e0b5bb,Hamburg,2026-04-02,Cloudy,16.57,3.56,89.4,14.8,6.64
00a460cb-d4e5-4cfc-a97c-3f93da985aee,Sharjah,2025-01-24,Rain,20.47,7.23,78.26,22.59,7.18
d3059910-5868-4c22-99fd-ff2d19171a50,Hyderabad,2025-08-24,Rain,12.55,21.67,83.4,34.14,13.07
3c7668b8-f101-47c0-b52f-c07e34cc87be,Houston,2025-03-24,Cloudy,34.34,1.52,85.64,27.14,9.23
d39c5945-8010-4d23-9e18-070f33a65839,Mumbai,2026-01-16,Cloudy,34.48,0.94,84.88,6.62,10.87
86931bf7-5329-4bb2-8eb0-ea6820b58977,Delhi,2025-04-16,Heavy Rain,15.59,119.85,75.07,9.33,4.13
15a6547f-b99c-4ab2-b797-29f1a83836f6,Mumbai,2026-03-04,Heavy Rain,14.94,36.12,92.76,3.43,1.49
d31df39f-3f7a-444d-aa72-e09573fa3fa1,Frankfurt,2025-05-29,Cloudy,21.78,1.77,43.01,29.87,6.61
4b1a20b7-dceb-4385-9771-fc2e39a1e3ea,Chennai,2025-08-25,Rain,29.12,23.45,57.65,29.24,8.19
683f129f-8c71-4000-ae48-41ab9e0ed377,Rotterdam,2026-03-25,Clear,23.34,0.0,51.49,33.23,7.81
6964ef75-acab-4d0a-b38c-9f01b7c16688,Shanghai,2025-10-14,Rain,17.23,23.22,89.85,5.91,13.82
31fe9fb0-a28a-4230-8c56-a311b049174f,Manchester,2025-11-12,Clear,13.16,0.0,66.83,15.35,13.37
cd20a3e7-ad1e-4f45-89b8-7834be76b776,Manchester,2025-10-22,Rain,22.76,24.19,38.28,25.77,7.06
f2757181-2086-4127-9d9f-f8e69849ee1b,Felixstowe,2026-01-21,Fog,9.57,3.0,50.43,19.91,1.85
26d849d5-82ad-4528-be02-b0de3ff09e82,Yokohama,2025-08-21,Cloudy,33.97,2.28,51.09,9.74,11.67
b295f551-40c6-46a6-9d6f-86b0194be64e,Incheon,2025-12-17,Heavy Rain,11.32,114.45,84.0,10.47,3.55
f8c15578-8716-4aa8-be05-5d084a18ee57,Amsterdam,2025-02-09,Rain,31.53,33.57,66.04,13.33,14.82
3c04a244-f70c-49fb-92db-05d1ccae2d65,Delhi,2025-08-28,Rain,18.28,33.39,82.15,25.04,14.2
e7132d58-255d-4717-9cf2-b474f5c76bbc,Hamburg,2025-09-23,Clear,19.64,0.0,47.21,23.26,10.63
12075abe-d9ba-43bc-b5d7-ceb6f6579094,Bengaluru,2026-02-09,Rain,19.2,6.12,35.47,29.94,5.16
7f9568e0-ea83-408e-b616-bade234ff13e,Singapore,2025-07-25,Cloudy,24.04,0.45,73.67,27.47,6.73
9ed21f5c-5980-4929-b579-dd57326f7742,Chennai,2025-09-23,Storm,30.48,124.09,34.86,84.19,2.44
9392dbb7-6bc3-4a41-be8d-8f4f636e8a35,Busan,2026-06-26,Clear,20.06,0.0,81.33,12.63,10.77
0e6d6bc5-07ea-4534-b963-3c52d2e817e9,Bengaluru,2025-05-03,Clear,17.36,0.0,42.21,22.91,10.26
62e8162e-a7b2-44e1-a0ec-85bd31b78858,Tokyo,2025-05-25,Cloudy,11.4,1.34,37.03,25.61,10.21
0c28320b-eec2-43f4-adda-370a2041c662,Felixstowe,2025-08-30,Rain,21.35,27.15,77.11,31.73,12.82
dfecd9ba-a1f5-4e3c-879b-b24f1595eccd,Shanghai,2026-03-03,Clear,22.04,0.0,74.03,25.34,6.57
234c1e65-d72e-4f82-9074-722b056858e3,Osaka,2025-03-20,High Wind,17.31,10.13,33.13,68.8,14.24
ee36dab4-c464-4fb9-913e-ca03b8215e52,Los Angeles,2025-04-25,Cloudy,16.06,2.15,68.08,16.7,12.96
fe2b2478-bf03-4e4c-98c3-9feeed35faef,Kolkata,2025-08-11,Cloudy,15.42,3.59,94.47,17.37,11.05
dfa2c341-9574-4159-b34b-eeb905017cbd,Ahmedabad,2026-05-14,Clear,20.65,0.0,33.98,32.01,7.54
fb73d73d-5cbc-49ac-9345-33f174c76ec2,Los Angeles,2026-03-01,Clear,32.12,0.0,92.85,20.91,7.96
72e6032b-fb9c-47de-8c56-184245c1918b,Guangzhou,2025-03-08,Cloudy,18.78,2.53,67.04,27.84,10.79
1fa303f0-d8fd-4411-bff6-3d8dc8618968,Felixstowe,2025-04-30,Fog,14.11,0.15,57.26,31.18,1.28
37aa16ff-0a1b-4b79-84a6-b490f6dc74d4,Hyderabad,2026-06-10,Clear,17.05,0.0,33.88,29.83,9.93
621da306-7b42-471f-808f-1bf4fe8fa841,Busan,2026-06-22,Cloudy,35.62,2.07,59.95,28.11,9.8
ed855cfd-9e0c-4a7f-8a67-a343471f7279,Shenzhen,2026-03-09,Clear,29.38,0.0,84.95,18.87,11.36
b7666f00-d9e0-4795-839b-761ba95bee19,Tokyo,2025-07-25,Clear,30.75,0.0,32.78,33.19,8.17
38b5332c-76d0-4222-a441-11a6562c249d,Dubai,2025-09-22,Heavy Rain,23.99,38.2,47.07,3.48,4.71
80148b60-cabc-4ed6-a85b-cfbd61fbdae4,Chicago,2025-04-23,Cloudy,30.53,2.65,86.03,17.51,7.35
d1c09c34-4182-4d27-b3f4-b14cce42e766,Kolkata,2026-06-08,Clear,31.21,0.0,81.84,20.52,8.96
fb85efa9-d191-4620-872a-e5c7fa5e926c,Yokohama,2025-06-03,Cloudy,27.8,2.01,63.29,4.36,6.4
04f1893a-9fb5-4298-a0a6-b61370f66a11,Incheon,2026-02-17,Clear,18.46,0.0,60.41,24.77,9.09
9d997f9a-bec0-413d-a84a-6794d431a87a,Houston,2025-07-06,Fog,15.65,10.14,62.62,11.36,0.85
cb20307f-d55a-455e-98c9-7f88655561d6,Felixstowe,2025-06-17,Rain,31.14,8.54,47.03,27.67,6.08
3ea7fe4c-5e12-4494-8775-9bdd9fccb2af,Los Angeles,2025-09-12,Fog,14.31,10.3,71.91,31.56,1.87
11176bc5-74da-4850-b26b-111f72216236,Osaka,2025-04-22,Clear,15.56,0.0,42.89,8.37,11.39
dd2d0fab-e266-4962-89d1-3e0ec7d25b9d,Incheon,2026-02-23,Clear,21.4,0.0,32.77,8.53,11.37
fdb55e52-70df-4199-98db-c9d39b2fca1f,Shenzhen,2025-06-15,Rain,19.07,13.77,67.33,15.93,14.34
b95ae04c-9f26-42d1-a2ba-2af9f574b866,Dubai,2025-07-21,Cloudy,10.45,0.11,92.6,28.52,6.92
1d232717-c9e2-4b63-8471-c19905de94b2,Felixstowe,2025-04-04,Clear,25.04,0.0,64.61,17.19,5.94
c64a83cf-444e-48a3-8b80-cb9c0e1da903,Ningbo,2025-01-26,Clear,16.42,0.0,92.2,12.83,14.08
c29e0088-4a1b-41b5-96fd-d6214118c927,Houston,2025-10-09,Cloudy,19.13,1.22,56.12,24.54,10.43
954dfb1c-4fac-4ae0-aced-c14dbe6fabda,Seoul,2025-06-05,Heavy Rain,20.21,38.19,83.94,18.48,2.5
7555ef24-3117-4a50-836c-09e3eaf80701,Tokyo,2025-12-12,Clear,11.88,0.0,68.96,24.15,14.18
346b1fbc-ba34-430f-9035-349be15648c1,Ningbo,2026-04-13,Cloudy,14.8,1.7,56.37,33.67,8.13
f10c2892-bc2b-4771-9a3c-6fcd9bc1a768,Mumbai,2026-03-23,Clear,24.19,0.0,59.73,6.89,9.69
603912c8-4b21-45b1-9a93-826e97c258ec,Sharjah,2025-07-23,Clear,10.74,0.0,62.95,22.73,9.82
ca63f3e0-330e-4591-a93b-fa54a499bed3,Mumbai,2025-06-07,Clear,12.06,0.0,50.71,3.63,10.18
67cc576a-734a-4989-a6b9-6e53cd0e228c,Kolkata,2025-12-23,Clear,27.98,0.0,56.98,24.94,9.82
e60ed5c2-f5a4-4933-91fc-222d497ec8b2,New York,2026-04-14,Cloudy,13.04,2.04,92.36,30.12,5.29
327c7837-a18b-4bfa-9b83-aa3199ea1eaf,Incheon,2025-07-08,Heavy Rain,16.92,106.09,72.27,10.24,2.35
7719a67a-ea67-44a9-9d48-285fdfba1e99,Yokohama,2026-05-13,Rain,31.79,9.33,50.17,34.19,8.66
79989790-d427-4914-80d1-2fdd6e4e8fe9,Mumbai,2026-06-07,Cloudy,17.94,0.31,83.16,10.55,14.94
e0280d4c-e0f2-4951-bcb8-829c612d9e1e,Kolkata,2025-12-03,Clear,26.22,0.0,31.8,27.39,11.63
b6387aa1-b6be-4d35-bc2e-daa0533ee13b,Manchester,2025-12-05,Cloudy,16.64,0.41,58.36,16.88,13.06
6eeb7d6e-aca3-4c7c-a7f7-ab3a683c0b03,Dubai,2026-03-04,Clear,18.68,0.0,53.15,10.23,14.45
f8bd1111-22a4-4097-8e7b-42a813ff478a,Bengaluru,2025-03-18,Storm,22.5,113.32,61.77,70.42,1.18
6e41f3fe-a943-4dd0-8471-48ca78f3ea27,London,2026-02-08,Clear,24.93,0.0,34.04,12.08,6.49
476d5fbb-d440-4190-bc39-120138a3b41a,Shanghai,2025-04-18,Rain,27.61,20.84,76.14,4.27,9.5
dbde5744-d025-4c05-b663-481d90831121,Singapore,2026-03-04,Clear,28.5,0.0,32.26,32.29,12.64
dc1d465e-bd3d-4a7b-9d56-ff02cd4c7501,New York,2025-04-03,Cloudy,26.99,0.51,80.47,21.28,12.88
156b4c00-6fb0-484c-b765-850c8bf57042,Los Angeles,2026-02-11,Clear,26.32,0.0,39.1,24.79,10.34
0aa765a5-325d-4732-9416-a29e400de5fc,Los Angeles,2025-01-09,Rain,26.82,29.92,73.78,32.66,14.51
3c53601d-6951-47f4-a54f-0dc9be539733,Houston,2025-12-26,Cloudy,20.45,0.68,54.4,25.29,13.08
e5f88af2-13fa-4379-b001-88c699c69b81,Chennai,2025-01-26,Cloudy,20.96,0.16,60.38,26.08,6.69
ac6c07ee-43b5-4148-8bbf-e4da02e40847,New York,2026-02-05,Cloudy,13.53,3.76,71.6,15.47,13.22
668d2cc9-9b8c-4aae-af48-6c052e4aac5a,Incheon,2025-10-03,Heavy Rain,16.77,72.72,88.73,16.37,2.72
22fd98a1-57c8-4299-be1b-69f726ca2673,Kolkata,2025-04-26,Clear,31.76,0.0,36.18,8.72,9.33
07ef056d-d6a7-4862-ab88-74b7a0d90b66,Shanghai,2025-10-16,Cloudy,14.66,1.1,85.41,19.46,10.96
bad37c02-b12f-42c2-ac8c-98de67efb7ff,London,2025-10-09,Heavy Rain,21.97,61.7,45.77,14.66,4.3
4681cd66-3bce-4788-b548-77280b5e8fef,Chennai,2026-01-24,Clear,27.57,0.0,90.59,14.0,8.73
5bb70ee1-cb38-4b9f-85d5-83bc890c1c3f,Shanghai,2025-10-10,High Wind,18.98,2.28,90.94,54.87,9.25
88744f3f-b2c2-428f-bbbe-01717fec3293,Incheon,2026-04-16,Cloudy,35.82,3.92,52.97,17.83,10.64
8aa7cc64-0e96-4489-a5b5-3a7d411dd02f,Incheon,2025-10-22,Clear,33.87,0.0,35.52,29.75,13.57
a36da86d-3127-424b-a2ef-d646d380207b,Bengaluru,2025-01-20,Storm,30.2,77.07,69.02,71.25,2.98
a594c84e-33f7-4da3-b99d-d83488d418e8,Houston,2025-01-24,Clear,35.68,0.0,37.69,16.57,5.45
7b219f65-84eb-4bb2-8576-2d1bab8085c2,Seoul,2025-10-29,Cloudy,35.87,2.31,61.05,14.78,11.05
c827bbdd-a4b2-4e01-aa51-07b7cacef40c,Houston,2025-05-12,Clear,30.7,0.0,77.07,23.62,12.0
3b31fc39-f29a-4657-add9-09d0ed4eb1c0,New York,2026-05-26,Clear,24.7,0.0,62.68,22.76,13.37
4af99527-3104-46e7-8591-5aed851dd105,London,2025-07-15,High Wind,18.28,4.06,77.19,66.81,6.12
84099cca-035e-4303-b12a-75edd0b7157a,Busan,2026-04-16,Storm,31.75,56.87,67.68,86.16,1.63
a9b5e302-62b2-4a51-9081-74480879aa34,Mumbai,2025-04-24,Rain,14.5,10.36,94.6,8.16,5.36
77f3f9ed-4d77-4b4a-82ce-88021339031d,Manchester,2025-03-22,Clear,11.04,0.0,62.14,17.69,11.25
3f80aabe-1ef9-4fb7-ad8f-edb9cf3f51a2,Guangzhou,2025-03-09,Cloudy,12.54,1.64,54.74,7.54,5.47
aff8cee9-0ace-4525-b312-8c61985b882f,Manchester,2025-03-12,Cloudy,32.42,1.6,53.96,5.18,13.73
632ccd7c-1fa6-49c4-aec5-715b933fff6c,New York,2025-01-16,Clear,34.59,0.0,31.97,13.79,5.65
1936d3a2-70d2-4292-9dc4-05dfa81cbff4,Felixstowe,2025-01-06,Cloudy,26.45,1.84,69.5,29.46,13.93
b8ef0261-6227-4146-a465-7ed48489eb1e,Ningbo,2026-02-17,Cloudy,21.17,1.44,84.85,11.79,12.11
175d7833-4d94-46c0-aada-efd5a7ae7113,Seoul,2025-05-24,Storm,19.26,136.81,46.97,94.08,1.08
b0395b77-1ec0-47d8-9bb0-0b947b4622d9,Tokyo,2025-05-22,High Wind,13.33,8.79,63.52,50.61,11.94
b8ae49af-41b2-4f1c-ba86-17d9f9e22a10,Incheon,2025-09-24,Clear,32.08,0.0,90.08,31.9,12.66
4d57ba8e-ba38-4c7a-83b4-927af88188f7,Hyderabad,2025-07-10,Cloudy,33.37,0.89,31.89,19.86,14.42
89f96022-33f7-41ad-a0b4-94da144a975e,Seoul,2025-05-01,Heavy Rain,33.56,53.69,46.58,31.09,3.57
594f2280-6349-4f88-a8d8-09d00ac374d5,Ahmedabad,2025-09-10,Rain,15.3,15.1,58.2,19.42,6.27
2eb30680-34ee-4b3a-9be1-85ae1871826e,Abu Dhabi,2025-02-24,Clear,21.87,0.0,57.84,6.86,6.95
ff7942bc-de1a-438f-b2f4-7e7b2925152e,Los Angeles,2026-06-25,Storm,28.63,94.27,70.46,68.52,1.69
5b99d076-2d27-448f-9259-c954246c80d8,Los Angeles,2025-01-26,Cloudy,28.52,3.48,66.16,4.24,9.6
aabd7284-2b3c-496d-aa6b-fdda5ce15800,Tokyo,2025-03-10,Clear,24.3,0.0,81.49,24.59,14.55
d766ea55-da36-4dc3-8114-10fd80724e39,Rotterdam,2025-03-05,Heavy Rain,23.93,113.34,94.37,15.63,3.63
5ab3c568-afec-4167-a290-134590560867,Delhi,2025-03-09,Rain,12.46,11.53,53.17,11.94,14.44
71376034-371a-4668-a20b-49242a18dbf8,Tokyo,2026-02-26,Heavy Rain,11.67,112.54,31.15,7.78,2.8
fec1a54c-99f5-4ea8-931f-33474f600aa4,Singapore,2026-03-05,Cloudy,22.59,1.35,35.76,34.8,14.56
a419fb8a-0de6-49e3-bbff-694e153ea9b3,Los Angeles,2025-05-03,Clear,33.73,0.0,81.48,9.56,5.22
d1690723-f16c-470f-941e-5ae16e3d4853,Hamburg,2025-12-11,Storm,18.84,132.83,91.41,53.52,2.66
da44fcd7-d5e1-4efc-b9a2-ca73442c5f74,Hamburg,2025-01-25,Rain,24.25,26.63,79.98,17.61,7.84
6d734138-7d16-440f-90a5-9ecf7759c4d4,Ningbo,2025-07-30,Clear,32.81,0.0,85.58,28.17,12.67
7c136113-99d8-47ec-b9be-93196c3e0f2b,New York,2026-03-27,Rain,29.69,16.38,87.85,8.35,11.45
a1a25eb8-6332-4d5a-b5be-c4850edaee93,Kolkata,2026-02-18,Clear,17.41,0.0,33.05,17.68,8.24
9b258091-f270-4aca-86b0-c6d74c62ffd7,Felixstowe,2025-08-24,Clear,22.93,0.0,54.82,18.37,7.58
8ff152de-4cdb-4d97-95cd-16f2d6bfd675,Delhi,2025-01-24,Clear,34.67,0.0,56.36,14.3,10.3
65ff36bd-da25-4b80-8897-0df35758dfab,Bremen,2025-06-08,Fog,10.42,7.29,47.48,5.19,1.05
f1aebc80-3264-4de0-bc1b-fc43adbcb62c,Osaka,2026-04-10,Heavy Rain,34.78,119.99,82.63,3.57,2.21
9ec6cd7a-b768-4f9a-85eb-3601930f3307,Osaka,2026-02-16,Clear,16.66,0.0,94.19,15.6,7.51
ce1d0c39-3bef-4e8f-a577-e55625cde26a,Mumbai,2025-09-18,Cloudy,16.03,2.74,41.53,9.68,9.29
ba2fecb2-0c81-491b-8284-316b49992dca,Los Angeles,2026-01-08,Cloudy,29.88,1.58,54.58,25.26,5.94
b95f117d-f3d1-4914-8b99-56a609630a8b,Delhi,2026-01-08,Cloudy,28.24,1.05,68.79,17.34,9.85
d8c6f585-dd5e-4d59-9752-559929f332e5,Incheon,2025-10-08,Rain,31.5,14.67,38.02,6.97,8.47
a16edbf8-589d-48ef-92fa-23b749f64c54,Guangzhou,2025-08-01,Clear,15.67,0.0,60.63,4.88,14.0
18e9a254-b19e-48ee-9eec-364f8cd84df3,Shanghai,2026-04-22,Cloudy,34.86,2.4,34.44,3.44,11.89
190179eb-6950-4d4c-83df-ae2f66093fe8,Manchester,2025-09-20,Heavy Rain,33.95,49.45,38.77,21.9,2.11
6a71a524-54a4-4751-9e46-8071ba1cb51b,Incheon,2025-09-04,Rain,29.92,10.29,57.8,11.26,5.32
387f9398-03db-4e64-8c56-4561270ee066,Shenzhen,2025-11-03,Rain,34.87,25.29,58.86,27.6,11.87
3f1a2900-58d6-450a-afca-369758510e60,Felixstowe,2025-08-19,Heavy Rain,26.96,46.24,54.97,3.05,2.08
b4e4c3f7-a24a-4e57-b23e-8387b3ff25f5,Busan,2025-09-26,Clear,17.62,0.0,77.65,31.01,12.56
f4ce631a-20b1-468a-a29c-c054df4f98bb,Singapore,2025-05-07,Clear,33.75,0.0,90.91,24.11,9.43
ea912e7f-c920-4e8c-aefb-03f35c2997cc,Rotterdam,2026-01-09,Cloudy,10.09,1.06,54.57,22.59,6.08
1268583b-6b21-446a-aac7-4243f7d0e7ff,Ningbo,2025-01-21,Clear,34.91,0.0,82.14,25.19,13.07
ffc9fa43-3182-45be-82b8-0f8fe5d1e7b9,London,2026-01-20,Clear,30.14,0.0,76.6,12.15,9.45
65823c8f-4409-4bc2-95cf-4555c51decad,Ahmedabad,2025-10-26,Rain,34.0,21.16,41.33,18.35,14.75
7cdc4ddf-2ef0-4a67-ac94-aa859f590426,Amsterdam,2026-02-23,Rain,15.28,25.6,58.03,24.77,8.8
c1d28bc1-ec52-4fa2-b455-b952d39b4d26,Seoul,2025-06-09,Cloudy,10.55,2.68,48.3,23.76,9.24
f2653722-8f5e-4f5d-a5e8-652600f5e4c1,Ningbo,2025-09-06,Clear,24.13,0.0,76.44,14.67,12.86
bdfbbbab-bb30-4930-abe1-4044ebbcdaf7,Chicago,2025-12-18,Cloudy,13.7,1.21,42.47,24.23,6.36
e0a76e04-8f82-4251-8a7a-3f1479dba5e3,Los Angeles,2025-01-10,Storm,26.26,106.65,66.87,72.99,2.36
2024e8b8-f012-4efb-8f88-c747d1e812c6,Shanghai,2025-05-12,Rain,14.22,20.27,90.65,21.01,6.31
e25f4cdb-5737-4a58-ba9c-fcbb0700f0f7,Rotterdam,2026-02-04,Cloudy,18.19,2.21,76.04,17.8,6.87
2761b6ce-b440-4e8b-8595-4db270060a6f,New York,2025-08-19,Clear,18.43,0.0,71.79,22.0,10.93
d17c348c-b699-42c6-a99e-9c0310483ce9,Frankfurt,2025-07-27,Cloudy,32.69,1.59,85.9,3.82,13.0
92af1f0c-585a-4d8a-9c0c-ca18c30f7d96,Ningbo,2026-02-18,Clear,22.12,0.0,57.17,16.92,5.81
7c7677a6-8b75-4901-b8c5-cabed65f48d0,Hyderabad,2026-01-05,Clear,14.17,0.0,59.15,19.04,10.24
a220186d-4db8-4139-8444-90de98ac0966,Frankfurt,2025-11-30,Heavy Rain,23.04,51.95,66.87,8.06,4.29
d3888642-d268-4cda-9115-9ddc59dd95f6,Guangzhou,2025-08-01,Cloudy,10.5,3.91,52.53,17.95,8.24
6ab7f1cf-ff5e-4f07-a265-022bf03bdef7,Guangzhou,2025-08-11,Storm,29.37,140.33,64.24,93.14,2.62
fd71345b-a82a-4c26-826f-17f6b3094f41,Seoul,2025-10-10,High Wind,21.69,0.7,67.25,60.67,5.29
30038312-3d9a-40b2-924f-a9dfe08cade3,Singapore,2025-06-18,Clear,20.06,0.0,56.96,32.09,11.99
4ce8c89f-f064-4c07-96fd-80c5fa363b97,Shanghai,2025-01-11,Clear,17.51,0.0,64.86,23.77,14.42
4935149e-29dc-45d2-bd75-bf6fe1982aa3,Busan,2025-06-18,Cloudy,21.01,2.16,89.34,10.08,8.48
19756266-f341-4983-9a2d-19a14554e90e,Bremen,2025-07-08,Clear,20.84,0.0,81.77,16.5,6.41
0f5d5bd5-fd6a-4079-bde9-81e03d963f74,Incheon,2025-01-25,Storm,31.13,72.06,74.4,93.42,2.09
35c446f4-2d2c-4ab9-b8e6-8da6884b6a1c,Felixstowe,2025-01-03,Fog,8.6,6.91,83.18,20.13,0.43
749f424c-040c-418f-91f1-de2b397b0a43,Bengaluru,2025-06-17,Cloudy,18.7,0.03,57.56,25.17,10.76
3353a0c6-4d33-4f16-8cb9-e3e3f65cef43,Chicago,2025-12-31,Heavy Rain,24.82,55.35,54.96,33.83,3.52
e54a26f3-a40d-47dd-bf9a-242140f49332,Felixstowe,2025-10-01,Clear,13.03,0.0,43.39,33.72,8.21
75d391ff-c6d8-48df-998c-270983615016,Dubai,2025-06-15,Clear,20.41,0.0,63.18,7.34,14.27
9ec0d215-b5e1-46ae-8e1e-12cfc1e52c32,Bengaluru,2025-05-11,Cloudy,27.5,3.99,65.78,13.8,13.1
38ee6487-1a1f-4c49-a0db-7f5eccd25dd2,Frankfurt,2025-02-02,Clear,22.0,0.0,51.33,34.02,13.59
448cb1ba-05f6-4401-89f5-eaef879c9a4a,Los Angeles,2026-06-09,Clear,26.9,0.0,46.96,13.3,12.71
8e2d023e-afa9-4594-a4bf-9000927307c0,Delhi,2025-08-21,Clear,14.08,0.0,71.68,18.84,9.41
7af660b1-7a22-44f3-abf5-7fdeb21bf514,Incheon,2025-07-16,Heavy Rain,35.12,59.18,54.13,24.32,1.64
2f03ae59-633a-4348-8ad1-364393da598c,Yokohama,2025-09-29,Heavy Rain,23.51,43.9,55.92,17.27,2.34
5394cfdc-4d43-4620-b369-31ed0044af18,Shanghai,2025-07-31,Clear,33.55,0.0,81.4,34.04,8.08
5c9d3f5b-3b17-49e3-8da6-3927efba22fb,Sharjah,2025-04-16,Fog,7.42,8.76,94.08,18.11,1.58
c33ac363-f7e6-4b5d-8c50-d12f63c64b47,Guangzhou,2025-01-06,Rain,26.46,10.12,55.3,11.39,8.02
e18d36a1-2a67-475d-818b-2f20c7b3aa8c,London,2025-03-23,Rain,26.27,31.91,79.67,7.67,5.62
f3c5ddb9-a55f-4075-88c2-a277417eda39,New York,2025-08-07,High Wind,34.13,5.54,58.36,36.06,10.06
3dca2b9d-1174-4079-90b9-7b0ee6a71c71,Los Angeles,2026-06-05,Clear,12.87,0.0,85.55,15.28,8.8
b70b4302-6b12-4c98-80fc-70368b7b4ad2,Chennai,2025-06-01,Heavy Rain,17.03,90.2,47.21,16.82,2.11
9ce5d516-5469-4d66-8a26-6f3e7fa0e82f,Chennai,2026-05-21,Clear,12.24,0.0,33.57,30.4,13.01
8b9a808b-469f-4061-a3b6-007fe258c469,Shenzhen,2026-05-26,Clear,30.32,0.0,51.53,16.52,7.18
81effa61-7a98-4620-b216-a4a8a034a0e0,Bremen,2026-06-05,Rain,30.07,7.9,40.8,30.16,6.91
2cb89325-c428-425c-a7bf-db28da4a59c5,Bengaluru,2025-10-22,Rain,13.29,16.47,76.78,28.44,6.53
de035950-5f94-492c-a8f2-9db2a8606d59,Manchester,2025-03-01,Rain,25.66,9.38,83.77,8.45,13.1
a6653c7a-7c6f-4bfb-bb8b-c55677a0cfc8,Bremen,2025-06-07,Fog,14.68,2.74,48.49,4.8,1.54
a1057a4a-0966-4984-9973-bf03fe3ceab9,London,2025-08-21,Storm,22.24,124.68,72.27,66.78,0.94
4d48c972-e38c-4e34-95b8-5d97d2c03dfe,Hamburg,2025-02-25,Clear,13.28,0.0,38.05,33.39,5.27
604adb19-c8c2-40c7-a47e-e19ba764cd68,Dubai,2025-06-13,Heavy Rain,17.55,105.25,69.76,12.67,3.9
25bb4401-285f-409c-bcec-ce447669ab7d,Busan,2026-01-02,Heavy Rain,12.13,46.48,83.12,17.24,3.97
1797eca3-a482-45a7-b4d0-027e3312546b,Houston,2025-08-27,Rain,30.48,20.92,46.95,21.98,6.38
701a35c5-4886-46d3-beef-611381f0aafc,Houston,2025-01-24,Rain,32.29,20.11,92.47,32.26,10.74
5536e083-351a-4130-8df8-f5a44be14faf,Ahmedabad,2025-06-28,Cloudy,19.72,1.14,52.76,14.75,5.07
aa62bd72-4582-49c3-bf40-91aadc8a53d8,Busan,2025-09-15,Rain,21.68,31.45,41.32,33.25,8.8
0956c0a6-20da-441c-9cf0-01ac6daa110d,New York,2025-08-19,Clear,14.93,0.0,69.72,6.41,14.1
1547c9c0-4843-490d-99ad-214266aa772c,Incheon,2026-02-06,Clear,12.37,0.0,93.88,20.24,14.45
5f647190-e1cb-4e62-9166-0c525e16af0f,Sharjah,2026-02-25,Rain,16.67,13.97,73.75,10.34,9.82
53d2d555-e519-4539-884d-934a3ab1c426,Rotterdam,2026-03-17,Rain,33.86,24.53,69.57,22.41,7.85
0b8bc819-9347-49ff-bac8-743fa160d235,Delhi,2025-10-20,Cloudy,32.72,2.0,50.53,22.46,6.93
d494e951-7af8-43fa-88e3-0aa7e02a8c0f,Manchester,2025-08-29,Rain,31.6,9.33,78.37,32.74,8.06
bb942f7f-7055-4a8c-9e76-c8562f777d5b,Frankfurt,2026-06-14,Clear,31.21,0.0,69.44,3.21,7.03
c13f7d02-e2cb-4534-ba74-9d660048762e,Felixstowe,2025-04-30,Clear,12.97,0.0,68.35,32.53,9.0
da5d0675-bcfd-4275-8ad3-942d6611427c,Tokyo,2026-05-28,Rain,25.7,12.52,83.09,23.16,8.1
1c687648-ebcb-4fa9-bddd-f1b82c459a49,Chennai,2025-03-03,Cloudy,26.91,0.35,68.17,13.51,6.92
ec61e3e8-1ddd-4013-a749-db3b8261527d,Dubai,2025-12-11,Cloudy,32.53,2.81,83.66,15.58,8.48
cb13c34f-0cb2-4c7b-a88d-04ce142000de,Kolkata,2025-12-18,Cloudy,30.2,3.17,56.1,13.32,8.64
89cb1ff0-b50f-47d8-acb8-69f3e0ea5eb9,Sharjah,2026-04-11,Cloudy,12.13,1.95,55.66,3.6,14.66
ac1c9126-eb3d-4311-aabb-65613cfafb25,Seoul,2025-10-25,Clear,12.57,0.0,32.05,17.07,10.76
d36be823-cfff-4c1f-973c-c3b4b13e53ac,Chennai,2025-01-30,High Wind,21.32,10.79,79.3,74.8,10.87
4913f3fc-8f9e-4caf-8328-43207d0c5278,Yokohama,2026-01-05,Fog,17.39,6.08,48.79,7.71,1.26
da59cebd-64c5-40bb-b9d3-90c4a535a61c,Hyderabad,2025-06-30,Heavy Rain,32.42,57.33,62.5,10.09,4.78
c217811e-3aaf-4785-9e04-5b2f30321361,Seoul,2025-11-08,Clear,12.42,0.0,72.33,32.26,12.55
5bc8393a-df12-4acc-9e03-08775c5b163b,Ningbo,2026-04-30,Cloudy,25.68,0.74,56.11,9.1,11.21
8b21d6f7-ba68-43b4-b846-da19768ce11b,Bengaluru,2025-12-19,Heavy Rain,12.52,60.61,46.76,4.51,2.05
0206ff11-af8d-46ea-b8e1-933483a88708,Kolkata,2025-04-19,Cloudy,33.19,1.02,89.22,31.82,8.31
0cdc565e-ebec-4e8c-a09f-ca11f61d59ba,New York,2025-05-21,Clear,10.64,0.0,31.53,21.11,9.58
bb5df4a7-37cc-44c8-99a5-79d52f976565,Sharjah,2025-09-04,Rain,19.43,12.45,46.73,5.91,5.77
70b4f319-6a13-4150-91d6-15703ba1c651,Abu Dhabi,2026-03-02,Heavy Rain,30.06,108.3,64.38,28.97,1.41
71d926d1-66f8-4650-b5da-0b7fc47fb4cd,Felixstowe,2025-08-17,Clear,16.69,0.0,84.31,9.25,14.49
c9ca1935-9e15-4299-90d6-9b851edc13ad,Shenzhen,2025-07-16,Cloudy,26.64,1.11,51.7,18.56,6.96
a31c670b-08db-46c9-adef-f6bab92e6d5e,Chennai,2026-04-05,Heavy Rain,25.38,66.45,70.57,28.81,1.62
2852c274-310a-4d1d-8bba-833a8aa84b1b,Bremen,2026-02-13,Fog,15.74,3.14,71.46,6.99,1.35
7ee40040-e281-4c1f-901c-a997ca0e17ed,Rotterdam,2025-12-16,Rain,25.43,21.7,84.41,16.0,12.02
05a392cd-8680-4dc2-8d83-942015ae5542,Chicago,2025-09-06,Clear,24.48,0.0,36.64,15.46,11.4
a3e3a778-d34e-4421-a6cd-bd030987ed28,Rotterdam,2025-02-25,Clear,16.03,0.0,80.66,33.12,8.24
c075ae85-5ad4-4252-aae4-8fbfbd341723,Tokyo,2025-12-18,Fog,10.27,2.75,73.51,24.49,0.9
144017b1-a783-42bb-a8e5-8fb3131d7dc1,Bremen,2025-09-24,Cloudy,24.09,3.73,41.76,31.77,6.06
c83557e3-f469-4e66-812c-d1b1f7392064,Shenzhen,2025-01-29,Heavy Rain,31.52,83.35,31.65,30.71,2.66
9d1840eb-ca44-409b-93a6-7111ce4336e7,New York,2025-07-08,Clear,33.14,0.0,93.85,5.57,8.9
ab68b240-a799-41f4-9b54-ceb678e0c4bd,Rotterdam,2025-10-12,Clear,11.42,0.0,90.87,5.87,13.29
9595306c-ca3e-4867-a972-d1f6c83cac58,Incheon,2026-05-16,Cloudy,21.81,2.0,78.82,3.23,5.81
551075cf-93d8-4082-a97f-18d7648bbdcb,Amsterdam,2025-03-31,Rain,21.31,32.51,88.9,29.69,8.74
f3c4f336-44ad-4cb4-ac9e-d20bc0550e93,Delhi,2025-04-14,Clear,28.78,0.0,71.81,24.05,13.27
02d478db-d89a-47b4-985b-d3ac73137c92,Abu Dhabi,2025-09-22,Fog,10.41,6.8,74.13,27.41,0.21
1b874eb1-3bbf-4238-81df-221fec07895a,Ahmedabad,2025-05-31,Clear,17.91,0.0,74.81,22.1,8.86
cae61eff-7ad7-405d-adda-07f713fae5ee,Busan,2025-04-17,Rain,35.64,14.31,52.33,26.73,12.27
0ed58e10-ae75-4500-837d-307ed8263be6,Chennai,2025-11-28,Fog,8.4,9.89,43.35,3.25,1.01
215010dd-a188-460f-ae16-699b6c62899e,Yokohama,2025-05-25,Rain,29.95,20.33,85.72,16.46,12.46
07840568-a038-430c-871b-ea9af41c22ff,Manchester,2026-01-02,Clear,35.12,0.0,53.62,14.73,10.39
f584e13d-054f-431a-8833-45fbac311a3d,Delhi,2025-12-20,Cloudy,33.74,1.36,46.36,4.14,10.85
74292bf9-7782-4662-847a-402932c61568,Seoul,2026-05-13,Cloudy,18.6,1.81,85.91,30.89,5.21
4bb71aaa-7f62-4705-8e5d-c69661fe2764,Ahmedabad,2025-05-20,Clear,16.05,0.0,64.04,13.68,6.45
a8f808c1-e3e4-4e93-a87b-a102f014b97c,Hyderabad,2025-06-06,Rain,20.02,17.49,61.71,18.78,6.53
26e0f64a-1198-494a-a101-d1083b9a707f,Delhi,2025-09-04,Storm,27.46,58.47,58.18,91.72,2.17
cf00a73f-7323-4214-92a9-fee3a8df6351,Felixstowe,2025-02-03,Cloudy,24.92,0.15,38.79,33.55,7.31
75dfd7a2-0487-45ab-9492-039b0804bf1b,Chicago,2026-03-05,Storm,24.49,117.41,74.64,61.3,0.91
7ad7a31d-7321-4cae-a92f-0943500ca6ed,Seoul,2025-11-26,Heavy Rain,26.1,88.71,94.41,16.6,4.06
db00a76f-4de5-423c-becc-22d5240b6ece,Abu Dhabi,2025-03-19,Heavy Rain,13.05,96.7,44.44,28.07,1.72
63213f92-b3d6-491f-8d45-3d27abbb32cf,Dubai,2026-04-10,Clear,29.87,0.0,83.9,14.3,12.69
c3ed0625-f23f-490f-be23-09c664b54e29,Felixstowe,2026-04-15,Rain,35.32,8.28,56.47,3.04,7.55
19f43272-009c-4de8-8f46-171976931c6a,Shanghai,2026-01-03,Rain,20.11,34.68,94.18,13.76,12.96
04d77b31-4e4b-450c-ac54-eef0e38e6716,Osaka,2026-03-18,Cloudy,24.77,3.56,89.85,4.32,11.59
9b7a701c-0818-4dcc-b6a6-d052f3c5f6fa,Bremen,2026-02-02,Clear,23.6,0.0,30.58,4.39,13.66
1f68b6ab-678e-48c2-865e-30c8362461a6,Guangzhou,2025-08-03,High Wind,35.1,10.36,68.39,68.4,12.09
9308778b-4f43-4fbb-adb7-6dcb8105e079,Mumbai,2025-09-12,Storm,26.16,120.13,44.95,85.42,2.12
71d7563a-f5ae-4309-adaf-d9ce5c0bc02b,Los Angeles,2026-05-09,Cloudy,13.24,2.96,59.22,11.54,10.78
5ab9b049-e75e-4e3b-96fc-b308b48aae64,Bengaluru,2025-06-12,Cloudy,22.28,0.78,84.16,7.06,10.67
7970712c-a7d7-4d1e-b15a-db83fb5ae035,Ahmedabad,2025-04-11,Fog,9.03,6.39,87.89,31.03,1.27
50858cd7-2edc-45e8-97f0-5532df1572cb,Guangzhou,2025-12-25,Cloudy,15.62,2.0,80.65,24.04,10.25
18738c04-2128-42ed-a51b-19cf358d3e88,Osaka,2025-11-05,Heavy Rain,20.61,104.16,45.92,18.88,3.69
a7e22943-e666-4de7-9ee2-1981a2ee0139,Shanghai,2026-05-21,Heavy Rain,34.17,102.55,53.38,33.78,4.05
80d8ecbf-952c-494e-80cb-2602c7262a9d,Los Angeles,2025-01-25,Cloudy,30.55,0.93,88.72,26.05,9.99
11a576ec-e097-43e4-9f22-067a165e0243,Ningbo,2026-03-19,Clear,18.62,0.0,69.49,20.07,6.71
10c8c9f1-30cf-4ac3-89ac-a0bcd9eb6535,Seoul,2025-11-18,Rain,22.57,33.92,91.9,20.36,6.62
383950dc-ea86-4585-ab75-349d565da1ce,Rotterdam,2025-04-12,Heavy Rain,10.94,54.16,77.54,13.38,4.52
30357cad-f560-466d-be1e-bc0ec5526474,Frankfurt,2026-06-02,Clear,32.14,0.0,70.05,29.59,14.6
cc834a77-629c-4f54-ab0e-f398c6f7c921,Kolkata,2025-09-08,Storm,31.13,123.87,92.79,78.84,1.12
64708c26-2619-43cd-bd2e-4c4c1bf38fe9,Los Angeles,2026-02-11,Fog,10.2,4.8,85.28,25.2,1.36
cee72d28-21a0-4b7f-a467-71093f4f86cf,Manchester,2026-06-18,Clear,21.84,0.0,91.18,18.13,9.12
d13266cf-59bd-4f8a-a4af-713d5572b17f,Osaka,2026-01-21,Fog,9.89,6.9,64.58,34.25,0.97
b9c9a9b7-71e6-45c9-bafd-8ab0b24cd9b4,Tokyo,2026-02-12,Heavy Rain,34.85,43.46,46.58,12.83,2.89
d2fdd770-e455-40f9-8737-66f1770f1578,Shanghai,2026-06-09,Clear,30.71,0.0,66.93,27.41,14.23
1e3111e0-592e-436c-98d1-b9e867aef834,Ningbo,2025-08-25,Cloudy,22.07,2.51,34.93,13.72,13.14
4b40c9bd-2d06-4d2a-852b-92b4aeb5fc8f,Mumbai,2026-05-13,Clear,20.66,0.0,49.46,21.04,9.72
ecbcb337-7ee7-47a5-8a8e-999096f02755,New York,2026-05-04,Clear,33.47,0.0,84.14,23.7,14.01
a08e68ef-a4bc-49e2-bc49-f69bd7043ec4,Osaka,2026-01-02,Rain,26.05,18.13,36.6,31.74,14.24
18c0ea21-3ad1-4a86-b9a5-7528356ae871,Amsterdam,2025-06-29,High Wind,27.37,10.72,81.44,52.48,13.61
4be92cd0-045d-4179-9798-bedd5b040230,Bremen,2026-01-12,Cloudy,16.21,3.24,72.81,4.08,13.15
d3d246f5-b132-4dc0-a953-360317b3b1a8,Singapore,2026-04-09,Storm,22.14,60.28,78.75,79.45,1.39
e1367348-3ea6-4929-98be-3879279a1d8e,Sharjah,2026-06-26,Rain,14.51,24.21,36.77,20.5,7.45
dfc29993-bcd4-4e6c-ae22-0795a252e22b,Chicago,2025-03-14,Rain,13.93,22.79,75.8,24.78,12.32
d8fb9131-564f-441e-98e8-827edc9cf11a,Manchester,2025-04-28,Clear,27.66,0.0,38.12,8.8,11.28
7891413b-2e47-47aa-8cb7-4ee84fe6b169,Ningbo,2026-05-09,Clear,20.86,0.0,67.17,14.7,7.91
af842502-6e44-4b05-8ea7-15c62e3d549f,Delhi,2025-04-05,Clear,16.0,0.0,93.23,33.23,5.23
46e009e8-280b-4231-b773-d11c6025ce9b,Los Angeles,2025-03-21,Cloudy,19.69,3.22,67.26,33.67,8.82
154566f4-2444-474f-b5a9-0bae36095562,Hyderabad,2025-10-24,Heavy Rain,28.89,88.48,53.13,26.23,2.93
dd4b0eb1-a086-4456-882b-b28f78d78520,Abu Dhabi,2026-05-23,Rain,12.08,17.01,49.61,9.89,7.49
94756c34-915d-4453-b776-cf589c8cfb28,Manchester,2025-12-15,Fog,5.05,10.48,71.01,30.44,0.39
c055e293-4c59-4410-a73e-239ca982d80f,Chennai,2025-11-10,Rain,33.82,15.14,36.21,14.21,11.02
0185e833-e47c-422b-b174-c68fd88d3359,Bengaluru,2026-03-13,Heavy Rain,15.57,90.92,80.41,6.85,3.0
33a97ac2-903c-4548-9471-4bed1f37a002,Osaka,2025-06-05,Rain,19.94,22.94,38.06,10.72,6.17
f513d8e4-a682-4ffd-acab-c35c11a0de0b,Bremen,2026-06-08,Rain,11.46,18.74,62.67,3.19,8.12
c558d88d-104f-4370-8c41-086782a980eb,Shenzhen,2026-01-30,Heavy Rain,22.06,70.93,74.9,19.0,1.15
63c44432-ddfe-4e12-bd8f-a77b8794b53d,Incheon,2026-02-18,Rain,27.44,33.15,70.53,16.97,6.82
a9d27f16-b052-451c-abad-c262fa993880,Manchester,2026-06-17,Cloudy,10.02,2.86,36.64,5.9,11.93
33ccb936-8518-4e43-abcf-ae7c921ec5ac,Houston,2025-08-09,Clear,22.78,0.0,80.27,18.66,8.53
4164ddb2-8029-45f1-88ce-b170157907db,Seoul,2025-08-10,Clear,20.76,0.0,55.5,28.01,11.29
a9788cec-c381-4d76-ad66-0f6c49b34326,Bengaluru,2025-06-21,Clear,33.63,0.0,68.15,29.16,5.51
123cfb1b-c878-4760-a00b-91f9352763d4,Amsterdam,2026-04-19,Rain,15.93,27.55,83.07,8.89,5.87
de8e1ae4-b347-4754-b40a-5ff38d7cdfb6,Manchester,2026-03-05,Clear,15.04,0.0,92.61,18.66,11.6
f6eee945-0ac1-428b-baac-49d7bd5568a5,Chicago,2025-03-20,Rain,26.45,28.48,69.68,14.12,8.19
fb8ad262-1dc1-4189-8f62-7568de9c4e8e,Singapore,2026-05-05,Heavy Rain,31.94,75.34,51.68,29.58,1.58
f9585b5e-1427-41d8-9179-8fc7b4b645ad,Hyderabad,2025-03-12,High Wind,19.4,1.76,68.53,58.85,9.18
3f7058c7-4634-4b38-8886-3d20be3ef01b,Bremen,2025-11-21,Clear,23.67,0.0,53.06,30.72,14.21
292be4c3-5702-4626-8df5-949e1cd50fb3,Incheon,2025-06-11,Rain,17.67,32.65,42.77,25.57,7.25
7bcbc87f-520d-45dc-8bf9-2069f1d9d142,Dubai,2026-05-26,Cloudy,15.99,1.2,53.37,23.96,6.17
d1ba339b-5eb9-4058-85ca-dc61088351ee,Amsterdam,2025-10-17,Clear,25.84,0.0,40.93,30.28,8.35
08c69349-3aa8-4ab3-8a60-9048f64e8a2b,Delhi,2026-05-04,Clear,25.96,0.0,65.9,6.48,12.26
60f6243f-0966-490f-b2af-c9a5b09a2203,Shanghai,2025-10-14,Clear,21.28,0.0,49.1,16.27,5.01
2bcf6c56-4ab0-4e90-a446-f06325820ed5,Tokyo,2025-10-06,Heavy Rain,26.76,102.67,93.15,14.32,4.32
db460349-d611-4e04-8798-bbdc1843e030,Shanghai,2025-01-31,Clear,10.14,0.0,41.12,19.94,12.83
e1fd6e9b-f4f9-4d90-ba5e-746b77152ef6,Los Angeles,2025-12-05,Storm,27.22,45.2,58.71,66.7,0.62
99dd538c-c522-4304-b6cf-b20d37ca836d,Incheon,2026-02-20,Cloudy,18.26,0.4,80.08,31.3,5.87
78743d09-8a45-4c31-86de-014c585e1666,Kolkata,2025-07-20,Clear,24.18,0.0,82.66,12.2,10.09
e700d4cc-cba9-4c89-9c55-f0e562c719a3,Chennai,2025-01-06,Cloudy,26.13,3.97,87.73,7.61,11.38
9163a3a4-390f-4cc2-aea7-deecffd16889,Incheon,2026-06-28,Heavy Rain,27.27,71.24,45.13,21.42,4.42
f117de97-cc19-4d59-9a90-f7f252bf99d9,Bengaluru,2026-01-27,Heavy Rain,12.13,91.79,66.32,26.25,4.87
0b5e3fbf-22a6-426a-8061-177e39eddc96,Shenzhen,2026-03-21,Rain,20.44,26.97,44.85,18.13,10.31
a44be552-5cf8-47bd-b8b3-74de6dc6c93d,Shanghai,2026-04-05,High Wind,26.14,1.97,51.57,39.38,6.37
b04f009c-b3b5-4392-8cd3-feb953e8a877,Chicago,2025-03-19,Clear,12.37,0.0,59.1,7.19,14.43
3694d39a-868f-4109-a495-cdad2200315a,Rotterdam,2025-08-26,Cloudy,22.7,3.51,45.26,7.97,8.27
afea7b30-cc76-47df-9913-5f107215441a,Ahmedabad,2025-05-03,Clear,34.63,0.0,33.08,32.84,5.49
595589b3-df21-437f-9018-c12fc54a2d61,Bremen,2026-02-22,Clear,11.58,0.0,33.98,3.0,13.87
fc159808-f281-4154-ba8e-06d049aba25c,Seoul,2025-12-16,Rain,33.98,33.29,55.97,26.35,10.31
9369ab45-5d80-488e-9d41-1e9a58053296,Ningbo,2025-01-09,Clear,34.78,0.0,69.12,28.17,11.52
e079fccd-68cd-45f5-a8d1-ba59b745c25a,Ningbo,2026-06-14,Storm,18.95,115.1,90.44,78.34,2.5
61e3d55c-fd86-4723-8b47-2c2e500a7280,Mumbai,2025-07-07,Storm,29.16,96.66,74.04,84.98,2.73
e92b3b1c-b80d-413f-81a0-020cc039c909,Osaka,2025-06-14,Clear,14.32,0.0,31.73,20.17,10.89
04195c91-4eb5-4106-a4c1-e92611dfe8a2,Shanghai,2025-04-03,Heavy Rain,30.8,95.46,46.01,10.52,1.35
363bf027-0ee3-4d10-a91e-97de7c4c048b,Mumbai,2025-12-22,Clear,34.73,0.0,49.96,16.46,10.1
108eb2a4-d189-45bc-a6f9-f10cdf6e974f,Rotterdam,2026-02-06,Clear,30.43,0.0,50.83,33.5,5.46
160ca8b9-c2fd-48eb-b92a-14e514366ac3,Rotterdam,2025-01-27,Clear,21.51,0.0,73.59,30.14,5.45
3c92ceea-1ff0-4b63-9271-fde85b245213,Felixstowe,2025-07-29,Clear,32.68,0.0,49.57,28.74,11.92
4e08ee1f-74e7-4b76-ae8b-d0aead56fa02,Shanghai,2025-03-15,Clear,14.06,0.0,66.38,26.98,5.69
79032929-31f8-4202-bd31-4c897d516abd,Bremen,2025-11-06,Clear,32.9,0.0,59.44,27.05,8.54
7fe5abb8-b8c4-42c4-8c33-fe8e89be11d1,Manchester,2025-01-31,High Wind,28.39,4.39,36.86,64.28,13.85
acc3933e-6609-4a9d-9388-526b6e2e4d4e,Singapore,2025-06-06,Heavy Rain,35.96,63.61,38.01,7.52,4.4
69fc8985-bccf-4584-a0b0-f1a3707b1340,Ahmedabad,2026-05-02,Fog,8.35,6.05,37.53,17.53,1.0
9234eaf4-1924-4fd8-9307-e1a2fac3afad,Tokyo,2026-04-06,Clear,21.77,0.0,74.48,14.5,12.66
ccf6bd9b-b4dc-480e-bb1c-bf4b53b5754c,Incheon,2025-01-16,Clear,22.59,0.0,71.13,32.57,12.19
766c71ed-a5ea-4013-b61a-696afe690958,Shanghai,2025-03-18,High Wind,19.23,4.04,53.36,50.38,6.9
f2799e7d-314e-4032-866a-ef8461a290de,Singapore,2026-06-27,Cloudy,28.87,2.74,74.42,6.7,11.01
0cb63a3e-5c59-4bed-b353-7cf9ee3d9c65,Houston,2025-03-29,Clear,24.74,0.0,92.56,24.68,9.8
73dbfbbe-e90d-4e10-8eb9-5337be5b5a53,Seoul,2025-08-13,Heavy Rain,17.91,66.17,83.08,17.81,2.9
cc245e31-533c-4d0e-b78b-8bf2bcc91622,Delhi,2026-05-06,Cloudy,15.37,2.65,60.94,4.7,10.86
5510dc95-12f8-47c1-85ff-ec28d9bea368,Guangzhou,2026-06-13,Clear,24.61,0.0,54.64,16.86,14.44
8401903e-076a-4af0-9840-ba676ea5d3ff,Seoul,2025-06-13,Clear,22.94,0.0,46.65,6.99,13.53
a03d8892-e1d6-47e0-8c1a-54e403ed8f9f,Chennai,2025-08-22,Clear,25.66,0.0,52.63,22.96,6.86
c756a6ee-2816-45dd-ac32-d7b536c71ab0,Hyderabad,2025-03-21,Clear,32.89,0.0,84.88,7.89,7.84
3a6a5a9a-ad09-4874-b723-d8610573c6fc,Houston,2025-01-22,Cloudy,10.73,1.01,79.55,9.03,13.96
aaf81e5e-04e5-4c59-b8ff-3ff54a500a82,Chicago,2025-04-28,Fog,9.23,5.99,50.55,24.67,0.73
e8d31db9-0f1f-4952-a63b-be68ea3de96e,Seoul,2025-12-11,Rain,14.19,18.09,89.95,31.22,14.28
f52a466e-7f94-45b1-b467-278af9b4c570,Sharjah,2026-06-09,Cloudy,23.9,1.72,37.85,12.26,8.31
ecaf4834-0d93-4b52-abfa-07392e999074,Bremen,2025-09-22,Rain,22.25,17.08,43.37,34.35,11.79
1edbaa38-5a75-460d-9d06-eedddcb65962,Frankfurt,2025-12-11,Rain,16.84,27.92,82.88,28.16,11.34
7a7caf40-8ca5-466b-8282-9fbb0cd383be,Hyderabad,2025-03-31,Rain,24.21,21.81,55.85,18.09,10.06
10936050-400d-4007-9cfe-bd9f9c38828a,Delhi,2025-07-31,Cloudy,31.47,2.63,42.74,24.43,13.3
16b5daff-ec08-4a28-ae06-068e5edc0c3f,Kolkata,2025-01-29,Clear,29.95,0.0,34.76,6.03,12.6
f3560b0d-aed4-439d-8d58-7f47c5e432cf,Kolkata,2025-09-27,Fog,11.48,3.07,61.06,18.22,1.14
a031d724-4aa6-4e15-bc42-d51595c42556,Mumbai,2025-10-27,Rain,29.47,10.28,44.17,22.34,10.26
deb1d8b5-0cd8-4080-a8df-0baaaa1cb390,Shenzhen,2025-11-22,Heavy Rain,30.89,51.41,78.85,28.2,3.04
36b3cf6a-0ef7-4ddf-bde3-e7415fbd33cb,New York,2025-10-09,Fog,4.87,3.67,55.24,22.1,1.07
e2a15a22-bc89-41e3-9afa-6627cb3af7c4,Seoul,2025-09-04,Rain,15.04,11.23,42.92,23.95,6.64
3101f606-321c-4d67-b016-c6799e62fec9,Incheon,2025-12-06,Clear,31.63,0.0,56.3,15.0,11.35
4e260556-ba6d-45bf-ae70-156c1c5ed525,Delhi,2025-01-24,Clear,21.84,0.0,92.4,8.92,12.08
8fba9993-aa5c-44e8-b100-26c618ffb14f,Bengaluru,2025-11-16,Cloudy,14.19,2.12,37.82,16.51,10.52
fca08425-2696-41a0-9445-f70345dae11b,Abu Dhabi,2026-02-22,Cloudy,21.08,0.19,71.99,15.95,12.0
45687d8a-e5ff-4ea8-ba5c-934a665a90c7,Hyderabad,2025-05-18,Clear,23.81,0.0,82.33,8.03,5.4
4a1cc59d-07fe-4b7d-a20c-d9d4bb262b2c,Incheon,2026-04-25,Heavy Rain,31.47,118.7,79.39,29.22,2.38
e93cc125-31ae-46d8-8acf-3b597922be23,London,2025-11-15,Rain,35.18,32.17,79.49,34.14,7.35
9affa4d8-ed76-4dbe-9303-4dc51ca3eedf,Bengaluru,2025-07-12,Rain,28.28,15.76,30.32,8.25,5.37
9d0fa4e1-2702-4e38-ad3f-522328fcda8a,Singapore,2025-06-26,Rain,19.34,29.13,81.89,14.16,10.24
4487f6a6-d568-452b-bd5d-30e6b98fb6b3,Manchester,2025-11-06,Cloudy,13.75,2.88,82.02,21.45,14.05
efb367c8-641a-4d5e-8f76-cd4e96a9a5bb,Frankfurt,2026-02-04,Rain,24.51,28.78,69.65,10.32,8.05
c5a5bf25-466e-4bfb-81a2-60b7d3a5a252,Hyderabad,2026-06-22,Clear,14.19,0.0,33.73,19.97,10.98
4120e0f2-ade8-4b42-951d-28c2494e1b85,Houston,2025-07-06,Cloudy,35.59,3.02,78.14,34.6,12.7
693c1602-fd87-400a-a997-3d33bd582ab9,Incheon,2025-07-30,Rain,27.77,12.51,31.8,15.84,11.33
17de33dd-8ca1-49de-bb6d-15e7ba7c94c5,Mumbai,2026-01-24,High Wind,12.0,0.4,81.69,44.49,13.07
baf2cfd7-3472-484c-9b6a-4b517e46e2c7,London,2026-06-21,Clear,34.78,0.0,50.57,21.98,9.97
b79a9117-0053-431e-bb2c-8317ac9a58db,Felixstowe,2025-04-05,Rain,32.98,17.9,73.94,15.07,13.19
f04408be-8b5b-4be5-8f73-839c550340f3,Hyderabad,2026-03-02,Rain,26.97,20.26,77.79,20.19,14.56
46a8ec01-ec51-4cb0-8952-3c8bf8c5a3e3,Chicago,2025-05-26,Rain,24.97,31.23,64.52,20.31,8.04
97b750e6-9811-4260-bef5-fd7504a755d8,Incheon,2025-04-05,Heavy Rain,13.21,88.12,44.26,25.65,3.17
061a9208-6374-4a39-bbb9-b45d36e78a83,Ningbo,2026-01-13,Clear,28.59,0.0,88.82,9.85,5.97
fe02bd8a-d997-4f4e-8107-31fe25c5b49a,Dubai,2026-06-01,Clear,20.51,0.0,47.89,20.61,8.84
ae6c0c67-6d7b-42f8-b31e-c4946f3acd40,Manchester,2026-02-10,Heavy Rain,29.27,98.64,82.14,25.29,4.79
37692b4b-c5de-44f0-b554-f926a27b655f,Rotterdam,2026-03-23,Cloudy,12.35,3.15,42.37,11.28,8.9
0503b3dc-1b95-4dd4-959c-798bd9c3ba1d,Los Angeles,2026-04-02,Rain,16.26,20.58,46.31,13.39,7.56
d0fdec89-d895-471c-a543-9b132f0c0faf,Bremen,2025-05-17,Fog,6.13,8.8,44.64,21.33,0.59
4fa55956-8175-4965-adc5-f42383cda49a,Dubai,2025-10-20,Cloudy,16.9,3.91,80.35,27.8,8.33
3628aa68-576a-4c8e-b91d-1aeb74eb797c,Singapore,2026-04-16,Clear,26.56,0.0,59.61,11.66,5.61
1c3561b5-9b7f-45e2-8411-a192b15bb623,Delhi,2025-03-27,Rain,26.98,24.0,90.48,14.87,14.46
b517b121-df39-46af-8876-bfe6b46d0346,Manchester,2025-06-04,Clear,19.05,0.0,70.71,8.09,10.71
1a8455b1-dcb5-4dfa-a6cb-e5a08b8a2360,Bengaluru,2025-09-11,Storm,28.84,75.35,88.2,65.5,2.95
4563f3d0-fdb9-4b3c-b008-0b0ab0273257,Hamburg,2025-06-25,Cloudy,29.03,3.42,33.61,34.01,11.69
0716ae70-7076-4892-af91-d4938e8192c7,Singapore,2025-12-15,Clear,10.95,0.0,89.18,11.09,12.96
736257ed-190e-47cd-abdb-3d7e28f3822a,Ahmedabad,2025-05-04,Clear,20.67,0.0,41.76,22.69,7.32
beace388-68dd-43ac-be02-c2f338619d59,Delhi,2026-04-13,Clear,14.21,0.0,47.52,3.06,9.59
b0ee9eb7-1a55-4956-abef-3e8e5461c802,Sharjah,2026-02-08,Clear,34.74,0.0,94.41,29.87,13.13
4b5b514a-9b37-4b6e-a7f2-e6370f7164ed,Manchester,2025-03-24,Clear,27.89,0.0,82.32,24.1,7.13
9d230921-6c39-4ac6-8b2e-50612fb1f123,Rotterdam,2026-05-14,Heavy Rain,22.72,73.75,39.97,21.02,3.07
985d5e8b-fdf8-4cfa-8af7-1eafedf983a8,Felixstowe,2025-10-17,Clear,21.08,0.0,68.37,13.45,13.23
1029b2e4-fd49-4b5d-a0ac-a7b6811a6c65,Ningbo,2025-08-05,Clear,22.74,0.0,55.26,9.44,11.44
408caa64-966c-4359-91b4-c1c83e27a411,New York,2025-04-26,Rain,32.73,26.95,30.62,23.27,10.1
36055a47-ae92-4281-b51a-887b8dc3caac,Incheon,2025-06-04,Clear,21.12,0.0,73.66,28.86,14.18
ea1ad093-2e88-41a0-ac19-669e522c6f16,Incheon,2025-05-09,Clear,23.96,0.0,82.27,33.78,9.53
9b59bfdf-6fde-4041-b601-9c0c07f6ff2e,Hyderabad,2025-10-22,Clear,32.27,0.0,36.86,19.16,6.48
e0084047-38da-42b4-b7e9-3367a1cb5341,Manchester,2025-04-29,Heatwave,38.4,3.95,51.01,6.12,12.77
9a87b5b6-1e54-4d79-ac96-bcefad3b4c5a,Osaka,2025-12-30,Rain,26.58,34.22,93.74,7.2,10.34
c56ebc73-efeb-4a85-b714-bd4fedcf5fdf,Abu Dhabi,2025-04-12,Clear,20.57,0.0,63.82,13.67,6.85
2c54d31f-32ef-4452-8432-4caa7a8b6eff,Yokohama,2026-02-08,Rain,18.65,26.96,54.6,30.67,14.76
e5cdff8e-1782-47db-b225-8d247240affc,Delhi,2025-05-19,Clear,19.61,0.0,78.71,33.86,5.14
e52cff88-7859-40d8-b8b3-56654afa453d,London,2026-01-15,Storm,18.14,133.2,89.92,85.44,1.51
4541f697-fb46-43d2-afeb-e9042cbcd341,Shanghai,2026-04-17,Clear,24.29,0.0,58.43,27.23,13.23
5ade6ffe-cc13-4233-bd80-f951428d84d9,Chennai,2026-02-22,Heatwave,35.99,9.49,51.61,7.58,6.31
adf0fc81-d718-4bc7-ae27-e79297d913d2,Mumbai,2026-06-25,Heavy Rain,33.13,37.44,63.13,12.46,4.9
6c73856e-4c56-4737-9889-a7b9dff07bf1,Seoul,2026-01-13,Clear,25.95,0.0,32.54,32.28,11.33
60db1c53-5300-43f4-9b1f-20cde4d82f85,Houston,2026-06-25,Rain,19.22,14.74,36.82,3.89,10.88
ad9741e1-52ac-406b-a326-12c97e479b40,Busan,2026-03-31,Cloudy,12.38,1.81,46.47,34.82,8.46
1ddbf599-6d36-45da-8c5e-21908faf1859,Shenzhen,2025-02-28,Fog,5.56,1.87,75.97,14.14,0.61
13926e3c-2cf3-4c14-bdd7-c9ee8b665b1b,Manchester,2026-01-29,Rain,12.97,9.6,77.46,12.36,12.09
795979fc-8225-460b-8981-3f197197a839,Shanghai,2026-03-12,Cloudy,28.86,0.36,83.5,6.59,5.66
bf1b96e4-6500-46c6-b502-ea3e41c27daa,Seoul,2025-05-10,Rain,28.34,7.74,70.12,27.32,12.78
cc26f67c-8376-4e8c-93e5-71dfd7c21168,Abu Dhabi,2026-06-07,Cloudy,21.55,0.09,46.31,9.91,12.59
3db0fcfc-15a5-48e8-b4dc-cc3d321ea9db,Incheon,2025-08-19,Fog,16.36,1.85,54.69,24.95,0.57
e1b9cc91-0870-4d20-8207-53d94a5c1e5d,Kolkata,2026-05-26,Rain,10.1,25.64,76.83,32.17,10.03
10718d54-f2d2-4e55-8b12-23bbf1ba4738,Seoul,2025-07-12,Clear,18.62,0.0,87.03,25.58,11.4
644c7925-0c8f-4508-993b-f3eaa027cf16,Frankfurt,2025-05-18,Clear,13.75,0.0,66.57,24.22,10.31
6e0d2122-ee9a-42d7-8ae1-581bcac03135,Bengaluru,2026-05-21,Rain,21.68,34.86,70.04,11.21,11.9
cb668cb1-b8a7-4172-9d04-aea6c2a35616,Rotterdam,2025-01-23,Rain,29.52,28.34,31.65,12.5,12.41
8fe4829e-099f-4b67-a8a0-e582723f0aa3,Kolkata,2025-04-25,Rain,34.31,19.8,40.59,8.13,8.7
f06f4ec3-5cd3-4a6e-a3bb-749b3bbbf7c3,Tokyo,2025-01-29,Cloudy,22.62,2.63,48.15,19.93,14.05
586f2551-d808-43b0-bd38-842d820edeae,Yokohama,2025-10-16,Clear,24.97,0.0,93.18,27.56,13.26
37486b92-6d55-4b5e-90ea-6155332f7537,Houston,2025-08-16,Clear,30.13,0.0,52.06,15.12,10.08
9a33ebf3-e08c-45a1-a36e-686080866f27,Sharjah,2025-11-07,Cloudy,12.62,1.73,74.53,3.2,12.09
4ffa78f9-271b-4e29-a0ed-dd8cfabec144,Singapore,2025-07-30,Clear,21.61,0.0,94.75,3.9,8.32
db6c5b3b-28d6-4387-a799-1aff2d41ee45,Manchester,2025-09-24,Storm,30.25,117.67,30.07,73.75,1.1
6236bc75-6f1e-445c-9c71-ef755073f040,Frankfurt,2025-03-19,Clear,26.81,0.0,58.54,34.52,14.6
e97c7d3e-1373-4ff9-9102-253385cae81b,London,2026-05-15,Clear,28.21,0.0,66.1,17.33,7.31
285367f4-20e1-4c49-bc15-2d476036c5f9,Chicago,2025-02-17,Clear,10.39,0.0,43.8,20.04,9.82
ded751e2-7179-492f-81f6-f5b3fbfccc63,Kolkata,2025-07-12,Cloudy,11.78,2.55,54.98,33.43,11.61
b370fffa-f2e1-417b-bbc2-5ecb495ab765,Rotterdam,2025-12-14,Fog,5.11,8.29,36.83,9.21,1.79
889bd6fe-ee8b-4815-80bd-2cc0f265f541,Abu Dhabi,2025-08-21,Cloudy,14.59,3.45,64.43,9.53,5.68
7d3e5545-b9c5-4f33-8e08-f90623a57300,Bremen,2025-05-12,Cloudy,12.73,3.91,68.9,29.41,12.2
e378f807-20a3-4ea6-923b-670d66fe89a0,Bengaluru,2025-11-13,Heavy Rain,17.55,90.27,78.06,15.18,2.53
fb99dc16-fcd9-47e0-b57b-a6c5030fb681,New York,2026-06-07,Rain,26.74,14.18,33.09,13.77,11.36
c870ed7a-e6ee-48aa-ba8f-8839dc61b99d,Delhi,2026-04-17,Clear,19.4,0.0,66.99,19.29,10.91
fc1cc135-0a8e-4bf1-aca3-64c1c68bd872,New York,2025-10-11,Clear,24.7,0.0,65.55,22.97,9.22
231416a6-6b87-482e-a312-2f69ba4399df,Incheon,2025-12-08,Cloudy,11.1,3.88,73.63,28.49,8.1
0407e433-68a7-46bf-985e-bec44c902c7d,Rotterdam,2026-01-02,Clear,31.13,0.0,67.68,3.39,13.59
d762b498-e3e8-4dce-a42a-b8cf3a34e8a4,Sharjah,2026-05-07,Cloudy,20.61,2.84,46.52,26.28,9.22
195bfe94-2f18-4ae6-9d33-cec6088664dd,Bengaluru,2025-12-24,Cloudy,22.29,3.2,47.55,28.08,6.45
6ca18160-5d8e-4829-9b7c-9ec6463751b2,Mumbai,2025-12-24,Fog,10.67,1.55,56.35,5.44,1.19
e781eb4d-8ad1-48f6-b83f-a62d5198368f,New York,2026-06-08,Clear,21.98,0.0,64.39,31.59,8.86
d7008a76-3928-4868-b535-a128fe06280e,Guangzhou,2025-02-01,Storm,25.71,81.72,77.29,81.61,0.99
541c7d32-a0a2-4eaa-aba7-5e181f42fd6e,Ningbo,2025-09-21,Clear,12.18,0.0,60.86,23.7,9.13
1df9827f-355a-4060-84bb-b7e3088be437,Kolkata,2026-03-10,Cloudy,34.59,2.58,35.56,34.66,8.3
dce670fe-dee1-4cc9-badd-382b3e2c060d,Dubai,2025-09-27,Cloudy,20.84,3.7,46.07,19.41,14.67
ced3c77b-5160-4a5e-a726-59df38d11536,Ningbo,2025-05-06,Heavy Rain,16.74,73.5,42.23,28.26,1.18
31cb8cfd-0c8c-41c5-9351-7fd71c01b807,Rotterdam,2025-12-11,Clear,35.25,0.0,61.7,25.53,7.35
e1d0358d-4469-4bd8-8a68-47a67eb9918d,Chicago,2025-06-03,Fog,11.09,3.64,56.48,27.86,0.71
1d26ecfd-84e3-4e44-bace-e59224bdb98f,Bremen,2025-05-10,Clear,25.08,0.0,88.41,3.34,13.78
822b1c0f-81a5-4ad5-afe2-d63ea4f195c9,New York,2025-11-11,Clear,18.34,0.0,49.14,15.73,10.65
5686f768-3d01-41ae-98e9-f337a287b0b9,Incheon,2026-03-11,Clear,15.05,0.0,54.02,6.88,5.09
6d6b04e7-604b-4460-be68-4f72c82ca679,Delhi,2025-03-10,Rain,13.97,16.04,36.09,16.35,11.08
9b8d4ce9-8d2d-405c-8ba4-d24c9cb9a0bb,Shenzhen,2025-06-18,Cloudy,31.64,0.73,78.33,13.75,7.43
4fb5d56d-994c-46b9-b5a4-13e17b4da68a,Chennai,2025-10-28,Cloudy,35.26,2.89,74.68,14.08,11.86
0df8c61e-bf88-457b-b4c3-45e140725837,Ningbo,2026-04-16,Clear,31.32,0.0,43.0,34.36,13.09
362e8c85-1113-45d3-8080-2df686183317,Shenzhen,2025-12-27,Rain,19.18,29.26,37.67,18.52,14.42
8997045b-589e-49bc-a4ec-d7c81c222dda,Chicago,2026-01-30,Rain,18.65,29.5,53.42,14.95,8.71
3035954d-8667-4782-abb8-721eecc5b972,Yokohama,2025-06-02,Clear,18.67,0.0,94.38,7.95,10.9
c3b558fc-b522-4aa9-acf5-4cd207891f94,Chennai,2025-07-22,Cloudy,31.03,3.04,94.06,31.69,10.45
5ce4679e-1ee2-4468-ac64-1a2cc2c17a27,Yokohama,2026-03-23,Fog,17.02,2.15,93.51,15.54,1.9
35c4f040-5462-46ab-b268-00331853b375,Ahmedabad,2025-09-02,Rain,12.62,25.71,86.92,21.4,12.57
cc93a264-d76a-4625-9b65-cf3b8ea4a560,London,2025-04-03,High Wind,17.02,10.1,40.96,60.04,11.93
e9ad16d8-4407-4663-ac80-186eed2d2baa,Hyderabad,2025-09-29,Fog,5.28,11.09,46.48,33.72,0.91
4795dc9f-49c0-49d0-9c5e-cfcb60306da3,Felixstowe,2026-04-04,Cloudy,23.32,1.81,46.55,33.41,9.42
1d27e8ec-bba3-42f9-b227-97e138ad8a08,Shenzhen,2026-02-18,Clear,34.81,0.0,49.98,8.81,7.44
2272b187-1465-492b-8275-4ca51f3f29ea,Shanghai,2026-04-25,Clear,22.8,0.0,41.34,27.4,5.39
810e61ed-89a2-4c75-be0b-02cee2838a13,Felixstowe,2025-08-27,Clear,35.84,0.0,45.2,24.69,9.03
b1f15e84-4bbb-42ae-aa9e-487452d4b127,Hamburg,2025-01-03,Clear,31.27,0.0,73.57,24.95,5.42
b6140628-1637-42a3-881b-ffdbbcd1c368,Bengaluru,2026-02-17,Clear,15.32,0.0,36.24,4.5,8.34
8f4ea476-1fb2-49b2-824d-68c8f652ffc6,New York,2025-02-26,High Wind,14.21,3.82,74.42,66.33,9.66
13ab4663-a016-44d4-9e31-2d122a40b418,Bengaluru,2026-04-26,Clear,21.67,0.0,40.03,24.92,10.53
ac595484-c787-4528-8597-24a497cbda02,Frankfurt,2026-03-30,Storm,29.98,75.42,80.19,76.01,2.05
21d901c4-2c7a-4b1e-981f-d43d422a3a2c,Dubai,2025-06-07,Clear,17.13,0.0,47.67,13.67,5.39
70562154-0b65-4c9e-815b-0673fc9412b1,Amsterdam,2025-09-11,Cloudy,19.67,1.97,46.11,5.42,13.14
02ff6da2-a71c-41e0-9b47-c15130e7d1cd,Seoul,2025-08-15,Clear,20.16,0.0,41.4,33.14,5.9
e1af2888-e735-41fb-99d0-8b56c1f1cc4f,Amsterdam,2025-05-26,Cloudy,27.49,2.04,81.98,23.3,8.08
66ccb025-3f41-4425-8cbc-4f014713b8f4,Ningbo,2025-05-27,Heavy Rain,26.8,60.94,47.08,32.45,3.85
b36e71b0-1779-4592-a294-5ecd1d6c847e,Abu Dhabi,2025-06-10,Clear,28.49,0.0,79.97,7.4,5.39
140d9ddb-4a53-4cc5-886e-187198241af9,Yokohama,2026-02-11,Storm,29.5,123.91,84.36,70.48,2.25
93d9e32e-ee8b-4f46-80a8-5756b67c607b,Ahmedabad,2025-04-04,Clear,30.64,0.0,88.01,22.58,10.34
5d3de0f3-2b45-43ac-b6f6-a2d5e4824f84,Dubai,2025-10-16,Clear,31.8,0.0,38.14,25.8,10.32
529ede35-fa4e-4cb0-8f1b-a612e95e8800,Chennai,2025-03-05,Storm,28.45,143.59,48.27,91.69,1.94
20c2371d-ba87-4f7e-a496-810a184ea5e3,Los Angeles,2026-02-27,Clear,23.35,0.0,59.19,6.2,11.22
a10bc747-c91c-4515-978b-4a4495fc1ac8,Dubai,2026-04-17,Clear,18.58,0.0,78.23,4.21,7.23
13953b6c-f469-4eb4-aa8a-71a3dc9be117,Manchester,2025-11-06,Clear,34.91,0.0,49.4,18.13,5.65
8ad226d6-2c24-40f5-b812-86f0709115a5,Mumbai,2025-06-26,Clear,16.28,0.0,47.93,11.76,9.3
83f22bfc-2e1d-4b58-9bcc-7bed1c6ca587,Tokyo,2025-12-05,Rain,33.37,19.3,44.01,19.73,9.87
c5e43382-0fe3-4b78-a7cd-d975fb0eab14,Houston,2025-01-06,Clear,10.27,0.0,47.94,6.93,10.58
3d1a43d6-65c3-46ca-9c8f-e1a2694794c8,Seoul,2025-11-29,Clear,17.96,0.0,61.4,19.6,5.66
422ffe8c-a903-46f2-a8bb-6bf8748fc586,Bengaluru,2026-01-05,Fog,11.29,7.26,40.99,5.44,0.44
377b2602-3b34-49db-a8df-aec054bc27dc,Frankfurt,2026-01-28,Storm,20.82,124.98,78.65,75.63,1.98
1840bd67-db46-430d-be8a-04ab37579c9b,Yokohama,2025-09-28,Fog,11.06,7.67,73.78,27.76,0.36
cae22ebd-6d35-462b-9a89-ab6966ec4ac0,Los Angeles,2026-06-13,Clear,14.08,0.0,91.18,33.99,12.94
287ec5a8-2df2-4e28-bf09-7b932a0a9f7b,New York,2025-08-11,Cloudy,34.76,0.92,92.88,19.04,14.16
cf7a92bd-e5e1-4436-b00b-9feaa112d4f6,Rotterdam,2025-02-17,Clear,11.4,0.0,48.29,16.68,10.56
cef39440-89b2-484d-8009-18bc55d9fa05,Delhi,2026-02-28,High Wind,32.72,7.61,74.73,45.13,11.92
5afa710f-67dd-4ab5-b2d2-cfa99248dfb4,Guangzhou,2025-04-26,Cloudy,17.01,3.69,58.48,31.31,14.14
babd9a96-5549-43a7-aba7-3dd44ec61eb8,Seoul,2026-01-01,Clear,12.38,0.0,62.13,10.41,14.67
39533c4c-6a58-45bf-8512-73dd81a76d58,Shanghai,2025-02-14,Clear,33.74,0.0,83.9,29.75,8.91
8d48ff5c-ac0c-4090-9375-d30ff9e53ae3,Bengaluru,2025-12-15,Clear,31.4,0.0,83.64,6.37,5.62
f4a01c89-a0e1-481c-815e-e8e0b3ddbbac,Guangzhou,2026-04-10,Rain,21.87,19.26,39.76,5.64,11.58
b39a5469-2d35-4eb9-adb0-e243c09821e0,Chicago,2025-07-17,Cloudy,10.44,3.77,33.61,15.41,7.87
09375473-2ac9-46ac-89a6-b9d7e0187af7,Houston,2025-12-01,Cloudy,22.01,0.04,64.44,17.97,14.11
a94a75d2-677a-4721-a1c2-14e77f716f42,Busan,2025-11-06,Rain,25.25,14.62,67.65,12.97,11.51
174a0904-7278-44af-bdd9-982522e9e3ad,Hamburg,2025-12-27,Clear,24.65,0.0,35.36,6.81,12.55
1a39a9fc-2d7b-4395-af29-4b2fd4590323,Dubai,2025-04-21,Fog,5.23,6.62,87.68,27.06,0.84
014662f2-84e5-4e7e-a841-f654c34e62d3,Busan,2025-10-08,Fog,5.71,8.05,93.28,10.31,0.47
769b7104-09c3-4788-89d2-47fc53e6104b,Osaka,2025-03-04,Heavy Rain,29.88,82.47,41.26,13.78,3.79
865de2ed-24e8-49e9-acf0-ae5c58205ac7,New York,2025-09-05,Clear,27.81,0.0,83.06,3.89,7.46
20b08654-62a6-460b-a6bc-c03460638b8d,Ahmedabad,2025-04-27,Heavy Rain,32.78,67.69,73.55,25.56,3.79
05d67bcd-7bf8-42cb-9e8d-d340c624b771,Ningbo,2025-12-23,Storm,29.75,101.76,78.04,65.12,1.03
741bc60e-b47a-4e4c-be48-e619bc46037e,Felixstowe,2025-03-24,Heavy Rain,16.15,93.42,87.28,5.57,2.6
d0023d69-cf2f-47ce-bad7-e06a43c375f2,Houston,2025-04-20,Storm,18.03,45.14,36.31,78.66,0.46
2657c8e3-0991-463e-973f-0c48e3d996cd,Yokohama,2025-05-22,Fog,7.38,8.21,45.67,17.46,1.83
12f49466-984b-4d60-94c6-e3d464ab75be,Hyderabad,2025-12-03,Heavy Rain,21.63,110.25,57.36,23.5,2.51
e4704484-a505-4a53-bf8f-3c8236f3cd14,Ningbo,2025-02-24,Rain,24.82,11.84,56.47,31.36,10.94
fa6d5f1e-1022-4c34-a61c-259e2ee1e4a2,Hamburg,2025-07-25,Heavy Rain,13.12,52.17,88.78,6.57,3.65
61de325b-1b76-4ef5-9ff8-b0d47ca56e53,Amsterdam,2025-08-07,Clear,19.63,0.0,30.69,22.41,10.66
398c4db1-eccd-4d49-b076-7713b4a620a8,Osaka,2025-04-08,Clear,15.75,0.0,52.42,13.27,11.97
b001830f-4ceb-4fee-931a-e517c759c93c,Kolkata,2025-10-17,Clear,27.58,0.0,70.14,16.95,12.0
2a3937bf-1897-438e-b253-cd373be83c43,Abu Dhabi,2025-12-11,Clear,23.95,0.0,43.45,34.31,8.12
f996c433-7d92-41db-9653-e05c96677851,Seoul,2025-09-13,Clear,25.66,0.0,55.17,18.57,9.65
0e07c8a4-13ac-41f1-bfb9-1fb9ee5daa8e,Incheon,2026-03-30,Clear,30.44,0.0,77.3,18.38,7.09
bfd5c831-a82a-427d-ae8c-002b24e915d3,New York,2025-01-08,Heavy Rain,29.83,98.46,46.66,20.25,3.58
478980df-0729-411a-82be-4d5e88950aca,Hamburg,2026-02-04,Clear,27.36,0.0,61.88,18.25,5.51
c64f114c-e4fa-420f-bd18-1c6ab7096a67,Houston,2025-08-06,Rain,20.65,14.97,59.56,27.49,10.38
fdae7049-4bfe-4736-ab5e-39f9ed3026bf,Incheon,2025-06-22,Heavy Rain,28.92,57.07,89.13,34.51,4.93
e3c555b1-b047-4d1b-a13c-8d225b5e9bb0,Shenzhen,2025-02-04,Clear,19.41,0.0,81.07,25.83,13.04
6e94d3d1-168c-40bf-8b23-69e14be87ab8,Incheon,2025-01-29,Rain,25.09,9.0,50.28,22.23,13.86
a8e2e22f-85d9-40cc-ab7c-eac73a14e54a,Amsterdam,2026-03-28,Rain,15.72,33.3,56.11,23.17,11.95
721d1bec-5a57-4002-b8f4-c830cff2770a,Amsterdam,2025-12-18,Rain,18.81,33.62,93.18,7.47,8.44
7a3b2e6c-b777-4c29-a276-aa4a9c17fb9a,Kolkata,2025-03-16,Clear,22.25,0.0,86.57,3.66,13.17
902ed94c-29b0-42af-808f-245e1903c377,Dubai,2025-01-16,Clear,24.53,0.0,60.52,5.36,11.74
0ff4585d-2ab2-4458-b538-0227ee186281,Mumbai,2026-04-03,Cloudy,17.1,0.06,80.72,7.17,12.94
dbf8cbeb-ca3a-49e4-8af2-eef816fe0b41,Chicago,2026-06-08,Cloudy,12.05,3.59,51.05,17.09,10.29
f0ef173d-ad7d-4bbe-b3ea-7bfd6bb53bd5,Frankfurt,2025-02-16,Clear,30.6,0.0,35.82,8.27,5.71
83c90668-0cd3-4530-b06b-2a3c181eca3e,Seoul,2025-11-22,Heavy Rain,26.5,76.35,62.12,32.99,4.27
4e1dfcf4-8ced-4611-8966-c9cb798db73c,Mumbai,2025-01-23,Clear,10.82,0.0,84.99,6.48,12.61
94e1a343-5029-47b4-9407-6d99c8964176,Felixstowe,2025-02-06,Rain,18.09,27.6,72.78,31.98,6.59
a003452a-c7f7-4c24-bd8d-21a5746ba0c9,Mumbai,2026-05-11,Clear,23.72,0.0,70.63,28.12,12.51
77f541dc-cf96-47b6-bf67-e6cd03ffad4b,Hyderabad,2026-06-21,Clear,22.71,0.0,86.06,21.38,13.45
7fac7e48-b855-4072-84b4-2e46c4f707dd,Hyderabad,2026-06-01,Clear,28.35,0.0,56.96,22.65,10.28
fb62a04d-33d1-4997-80f6-2371bdb548bf,Abu Dhabi,2025-01-14,Cloudy,14.93,1.21,79.44,16.63,14.02
3a1eeb6e-bf88-4805-8b6d-f11d8c8c7344,Shenzhen,2026-02-17,Clear,24.91,0.0,48.39,21.15,5.67
4e962271-197a-4ac3-a667-48badb05505d,Ningbo,2025-06-02,High Wind,12.01,6.38,43.97,63.99,12.93
37da09b7-eb4f-4a07-9895-01df80573697,Shenzhen,2026-04-06,Cloudy,13.86,0.24,76.36,26.68,8.54
911e46a3-b5f7-40c6-8ccb-c41da79eed07,Houston,2026-01-22,Heavy Rain,31.05,36.85,47.85,21.69,2.7
cff1bc63-a004-4ec0-a95a-41cb761805bc,Seoul,2025-04-11,Cloudy,23.42,1.31,65.5,33.36,8.42
14b0efca-1006-402a-a46a-efe566c7c666,Hamburg,2025-09-23,Clear,17.83,0.0,55.34,28.17,8.66
2eeeda25-c624-4e64-8b46-adec6ecfe112,Felixstowe,2026-02-25,Clear,34.32,0.0,59.39,17.72,8.24
60f97c7d-ca5f-460a-bfce-3ff063d6ffa7,Ahmedabad,2026-03-21,High Wind,30.8,3.63,57.89,68.55,7.91
c9c5c7b1-c6b9-458b-9bde-805958207892,Chennai,2025-02-21,Rain,29.56,25.61,76.58,30.61,12.64
603b3a12-5bf5-4cb3-8432-663962e9d861,Felixstowe,2026-01-01,Fog,17.33,5.31,59.22,25.33,1.0
00e9edb9-166e-41d1-9fda-4dd0b2da76e5,Yokohama,2025-11-26,Cloudy,29.02,3.11,91.84,11.4,8.89
7d8ac761-d367-46aa-9c21-d1ea65e23697,Abu Dhabi,2025-04-10,Cloudy,10.9,0.41,39.42,19.71,7.43
0ebe973d-ec7d-4414-9cd0-ae653435ca98,Abu Dhabi,2025-01-16,Rain,27.8,11.23,59.66,28.4,10.27
e4efac73-f8bf-4778-a0fb-208e931b266a,Osaka,2025-01-08,Fog,7.6,2.42,49.57,22.24,0.97
ca8c8056-4553-4629-81c3-e3a5ce104184,Mumbai,2025-09-03,Rain,28.49,12.07,71.94,21.76,13.7
9e52f0f9-4c76-449b-b390-e15ae201eec6,Amsterdam,2025-05-23,Cloudy,21.85,3.97,68.34,14.67,14.89
0ab6e59e-f08d-4980-9d5e-3ef410364a77,Yokohama,2025-05-06,Rain,33.83,26.28,87.07,33.25,9.68
583a5ab7-05af-4c2e-9040-c42f93c0c84f,Kolkata,2025-06-16,Fog,10.01,0.63,48.52,3.58,1.22
5e7a3b17-b678-42c8-b35d-0197927cdb8b,Guangzhou,2025-11-02,Rain,17.16,7.57,68.84,9.49,11.76
c0e2372d-f65d-4f94-8363-fedfa2abb8bf,Ahmedabad,2025-04-06,Cloudy,22.91,0.34,71.45,30.1,10.66
77967e2e-8bc4-49e1-adf8-1e639d1e1241,Felixstowe,2025-09-17,Clear,18.29,0.0,68.18,9.07,5.69
459545c4-a04d-4245-8057-213442d5d4c7,Ahmedabad,2025-05-19,Heavy Rain,31.67,49.08,73.07,3.82,3.6
069c07a3-0de1-4bf5-a120-b90f5e352240,Hyderabad,2025-02-02,Heavy Rain,25.58,85.03,82.52,7.3,2.69
30a2958d-cf40-48ee-b3cc-ac05ed7c03c2,Felixstowe,2026-04-04,Storm,18.09,92.11,30.81,50.75,1.8
275def46-188d-44c3-a559-52f023e70079,Shanghai,2025-09-24,Rain,20.25,9.2,62.43,4.72,13.82
a81cd345-66cb-437d-bc16-d33c8cd6d717,Dubai,2025-05-17,Clear,13.82,0.0,40.8,14.75,5.95
669d6893-ae71-4aba-ae7c-4e5324396343,Shanghai,2026-02-01,Cloudy,26.68,1.62,44.74,19.41,11.41
5fdbdee9-8bbe-4b1e-a906-ee053f0377dd,Hyderabad,2025-11-19,Clear,10.85,0.0,53.15,11.61,8.03
7887d601-0ab6-4eef-b1be-da1a46649f6f,Yokohama,2026-05-31,Fog,11.07,0.01,58.82,9.95,0.88
ff03ff32-6946-4776-8210-83c0fa961aca,Mumbai,2025-06-28,Rain,23.56,16.8,79.02,11.37,10.02
97a49765-b300-40f7-a73b-834f1ee02e27,Hamburg,2025-08-30,Clear,13.33,0.0,56.49,9.13,9.36
e388179d-c697-4428-80c4-4fc2ac23abb6,New York,2026-06-28,Rain,18.06,12.67,52.7,3.88,13.37
bbf8625b-2057-4657-ba9d-95b941682fd6,Abu Dhabi,2025-06-05,Clear,25.02,0.0,73.57,27.58,11.73
6a382db6-164e-4aee-ad27-1d6905d18476,Yokohama,2025-06-02,Cloudy,12.38,0.4,91.59,23.21,10.23
8c553422-aeb6-4c68-8838-0f5f46b6dc90,Bengaluru,2025-07-01,Fog,6.6,1.61,38.9,31.16,1.28
54dc16ef-65b9-4d37-b341-5bd04a556bde,Los Angeles,2026-06-03,Clear,24.82,0.0,85.01,32.15,12.21
ed5c250c-9b97-4bd6-a116-7016e455e220,Frankfurt,2025-08-16,Clear,19.46,0.0,93.65,27.33,8.92
56c0ac3b-02b5-4d0e-9354-39cd5fbc424b,Bremen,2025-02-09,Rain,12.21,29.4,52.3,26.66,9.63
368808b2-86b7-407e-acb8-a2532a437ce8,Guangzhou,2025-03-19,Heavy Rain,18.72,95.31,89.6,11.51,4.93
2420c915-4c5b-4a42-8444-d1093984e5ba,Dubai,2025-11-06,Heavy Rain,19.72,56.9,61.74,32.46,2.12
c9711f66-d9ae-4485-ab9b-950a049aee41,Houston,2025-08-02,Rain,32.58,25.59,83.84,13.09,5.76
9db95a71-1919-4251-ad94-e1bbde4adeff,Rotterdam,2025-10-18,Clear,27.21,0.0,49.2,27.32,7.71
3d95bbfd-9d5c-4ef0-b25b-b9ba395d12da,Kolkata,2025-03-26,Cloudy,12.32,0.79,56.77,16.88,5.26
aa59b3f5-cc70-4051-9ab7-255d67b1ae5a,Osaka,2025-09-20,Cloudy,11.11,1.95,62.47,15.64,12.04
d71e89fc-34d0-456b-b2c8-adaae21fe12f,Dubai,2025-11-07,Clear,11.97,0.0,37.4,13.13,6.85
3910f26c-cde4-4a69-baab-1227a1dbafc2,Abu Dhabi,2025-03-03,Cloudy,10.66,3.3,90.63,16.54,14.6
8a203009-cfbf-4fb1-a182-177d89603f39,Amsterdam,2026-03-10,Cloudy,19.04,1.49,88.24,33.55,9.68
525449a0-001d-428c-b0fa-2a0550bddffc,Frankfurt,2026-06-11,Heatwave,37.4,6.18,80.36,11.67,7.25
8664abcf-ee36-4f61-81fa-a9382d3fc3b3,Busan,2026-06-17,Rain,26.17,25.73,87.32,12.47,11.14
4a511628-7926-4cda-b99e-4364959b01ce,Hyderabad,2025-12-20,High Wind,27.75,11.3,48.68,65.89,8.28
3bbd1b3f-bc3a-48bf-ae7a-303c75d4c2ca,Kolkata,2025-01-08,Storm,18.92,53.54,48.62,65.48,2.32
9431c39a-ea9f-4575-911f-a9582f2062ba,Incheon,2025-10-06,Fog,8.95,0.4,56.87,14.32,0.69
5036affc-1fcc-4f64-8a1c-6953005be5fa,Yokohama,2025-07-02,Cloudy,33.6,0.35,91.21,14.9,13.48
5eef55d2-107e-4f5b-aa5e-17b4cb2dbc59,Guangzhou,2025-12-23,Storm,19.76,140.54,77.43,46.6,1.63
20853ab4-6863-4a88-82a4-fbe1e917356b,Abu Dhabi,2025-07-09,Heavy Rain,13.53,114.66,41.6,34.79,4.18
50360eec-5454-481a-808d-5722e881ab5d,Chennai,2025-01-01,Clear,25.34,0.0,72.6,10.68,13.37
32b04b0c-46ad-4f54-9568-287dee47077c,Amsterdam,2025-07-14,Cloudy,15.4,2.15,76.0,19.01,12.37
f3c493bc-573c-49bf-a246-9c21f7527c82,Rotterdam,2026-01-27,Cloudy,19.48,0.13,37.28,9.56,12.13
3a4ebc16-64ed-41a5-b0db-cb1562cd2b9d,Mumbai,2025-08-09,Cloudy,30.08,2.59,66.01,9.24,8.41
3d780898-a3b5-4c6c-9ce4-bae96ddba79d,Busan,2025-04-07,Clear,25.41,0.0,40.25,7.2,6.92
792628aa-ba9a-41f4-bb42-7516f0409b5a,Felixstowe,2025-03-07,Clear,22.36,0.0,44.19,24.85,6.46
57529f48-004d-4555-959d-1f3d9a5a6766,London,2025-03-12,Clear,32.21,0.0,94.2,32.79,11.24
5450e74b-2a6a-4122-95fc-27484571d586,Ningbo,2026-04-18,Cloudy,10.82,1.44,78.9,26.71,6.67
ba660e97-aef0-4b1a-ba3d-71359a9de283,Los Angeles,2026-05-17,Cloudy,12.2,1.9,72.26,23.38,12.36
aafe81bc-19ac-4d7e-80c1-6bf336e0d4f4,Shenzhen,2025-12-04,Storm,29.2,97.59,71.2,57.32,1.7
883e5290-8551-4049-b6db-7ae1483a8b35,Hyderabad,2026-06-23,Rain,13.3,7.17,92.15,21.05,6.13
9e3218f1-ba14-4f10-aa51-c730c61ae2fc,Houston,2025-02-11,Heavy Rain,27.89,35.27,30.01,31.93,2.64
14d89dda-ff3a-45f5-af9a-d82c8accbc0a,Hamburg,2025-12-25,Clear,20.19,0.0,66.8,17.16,7.32
4a521349-cb36-4cf5-8d48-794ae937fc7d,Los Angeles,2025-07-26,Clear,25.01,0.0,79.35,30.11,13.04
3b68e633-bf49-4b13-bc03-05c82899ba67,Busan,2025-09-15,Storm,20.63,36.27,90.62,46.0,0.55
e826c3d2-95b3-49cd-8609-7c8773e03301,Chicago,2026-05-11,Rain,15.06,22.27,34.61,15.62,14.57
7cf74d10-0add-4d13-8d01-30eec0aaf1e3,Bengaluru,2026-06-13,Heavy Rain,16.87,76.64,82.97,24.22,2.96
e6fa0eb5-43d1-460f-9eba-051b0a4cf3d2,New York,2025-03-03,Cloudy,19.39,1.05,51.85,10.7,11.84
47db141b-1e17-4afd-bb68-db34c8d3dd24,Chicago,2026-03-02,Fog,7.89,4.8,66.61,11.68,0.28
b97bdefc-b7bd-448b-9e4d-6570b8ced50c,Busan,2025-03-10,Cloudy,10.16,2.04,65.81,4.67,13.45
e0539654-b874-4d61-a996-e0634bd4076d,Houston,2026-01-04,Rain,11.96,10.03,58.49,33.83,7.43
a5729fd1-f09d-4af9-a92c-1ac0f9a024bb,Shanghai,2025-09-16,Heavy Rain,20.3,88.51,77.95,7.75,3.56
b57e00d1-1630-452c-ae59-24e2742d03c7,Felixstowe,2025-02-20,Clear,25.04,0.0,58.76,27.18,8.8
98af03be-2374-4b6c-9d0f-c3da19f9dcf6,Frankfurt,2026-05-08,Clear,13.37,0.0,75.74,6.79,10.94
7746dd1c-feed-47a7-917a-5ea03b2ef40b,Manchester,2025-03-17,Fog,10.65,11.28,73.04,30.63,1.57
b5c13646-bdb3-4783-be21-87ac26ae9548,Seoul,2026-05-26,Cloudy,24.26,3.12,42.56,11.4,8.98
4f23d1f9-7a6f-4ed3-a17c-9912b5d59b54,Manchester,2025-05-01,Clear,17.58,0.0,42.06,34.36,9.53
0d9d8150-8bc1-4a76-baa0-571aae73b652,Hamburg,2026-01-04,Heavy Rain,24.29,105.32,33.96,3.18,1.77
fdcf7db4-31ca-40ec-bbef-c0a0edba8710,Seoul,2025-10-04,Storm,28.2,59.55,64.19,46.24,0.93
8e66a92f-45dc-407b-b729-80b45c2fb5fd,Amsterdam,2026-06-11,Clear,30.47,0.0,64.61,17.75,8.53
c8babcc6-f979-4042-a764-a21202380d7c,Mumbai,2026-05-11,Clear,19.76,0.0,47.69,9.65,12.71
0dd80b1f-505f-4d3b-90a6-cf3f3c7f31c2,Sharjah,2025-10-03,Rain,20.33,25.37,65.87,4.76,11.24
83c90a08-af92-4504-b82a-988110594dcb,Houston,2026-02-24,Clear,30.57,0.0,32.7,27.26,5.32
8c34793c-e7bf-4abe-98f5-96ac0a928134,Singapore,2025-07-27,Rain,21.48,25.8,65.6,34.65,7.92
555c4455-7fa5-43ac-a9a3-0b8f65b4c833,Bremen,2025-10-16,Clear,10.19,0.0,94.03,30.99,8.69
9e84710e-a953-45b9-8d78-b237fb2e58bd,Osaka,2025-07-08,Heavy Rain,29.17,86.94,82.6,20.06,2.6
d45d8896-3847-41bd-b3c2-027078c4af45,Frankfurt,2025-11-12,Cloudy,20.33,2.72,58.89,11.63,12.58
0d4e5b6d-06db-4e90-ae91-df5bf7e89c70,Houston,2025-09-17,Cloudy,16.62,0.52,33.37,27.89,12.18
fb49dae0-e1bb-4bd1-97dd-26e0eb6526a7,Kolkata,2025-04-13,Cloudy,17.55,3.32,65.91,30.82,14.55
24e5556d-e173-4fad-9b85-6cb3a24fb424,New York,2025-07-25,Fog,7.64,2.07,76.94,9.28,1.7
7e7d3ef5-3c2a-4e8f-8ca6-cb9299a5c280,Rotterdam,2025-12-27,Cloudy,12.05,0.88,94.64,8.29,9.34
2c3b7c40-f394-46f2-8aba-9b18939d801d,Bengaluru,2025-11-28,Cloudy,15.1,3.79,86.4,3.58,10.25
571dcb74-7442-464a-ade2-a13dfb89ecfe,Incheon,2025-06-28,Rain,15.59,29.06,43.0,25.32,9.24
d6dbaf5f-8f13-4372-aed5-0d087be74c4e,Mumbai,2025-09-28,Cloudy,26.59,2.22,38.01,21.24,10.29
b38d1afa-eb47-4e5b-92b0-9e5794b2b81f,Kolkata,2026-02-12,Clear,19.44,0.0,57.67,31.3,11.38
e799e201-cc5c-464a-a49f-38fbb580af11,Singapore,2025-12-18,Rain,24.21,19.62,49.44,16.68,9.97
510d4d85-dc8a-48ab-88c2-bb73c53c54b7,Guangzhou,2025-05-23,Rain,22.3,24.01,57.01,6.74,7.15
9ad384fa-0fe2-406f-8c85-d7fb4f777d9f,Hyderabad,2025-09-14,Clear,31.45,0.0,66.66,27.3,11.48
9b6beedf-2dbc-4ed6-8fb9-8d5c562cd9aa,Felixstowe,2025-11-24,Clear,19.81,0.0,67.82,26.91,13.51
9c0cbad1-0683-42f4-b47c-4be9cb95c1ba,Bremen,2026-05-05,Rain,17.54,18.7,49.48,27.15,12.95
e3cb2bd4-65f7-409a-8f3a-2c10e5bda9a4,Busan,2025-09-23,Clear,24.13,0.0,72.56,10.54,8.53
f4fb3daa-f4bf-4db2-a41d-be048ad6c1b0,Chicago,2025-12-01,Cloudy,35.67,1.74,79.07,10.71,12.1
da230ed8-6ec7-4cbb-af77-c3bb6fab83ac,Delhi,2025-12-25,Cloudy,14.9,2.12,90.38,21.2,12.08
2d162392-1149-4293-a6d5-f18ff25e0eb6,Bremen,2025-03-08,Rain,25.42,26.92,33.47,20.75,8.61
0fb17a04-a0fa-45c7-b3ac-77552365325e,Mumbai,2026-01-15,Rain,16.79,18.23,52.31,27.11,5.13
41e18e74-cf95-4712-8faf-89d2462cffc5,Shanghai,2026-04-12,Clear,33.42,0.0,81.25,7.56,6.06
876d877b-8230-48a2-9f51-ecaf3cf63e40,Dubai,2025-10-29,Clear,11.91,0.0,43.19,8.11,13.57
8ac8ae30-6c41-41e4-9866-7136368d54e4,Shanghai,2026-01-28,Clear,11.49,0.0,53.63,7.43,11.97
302cea82-3fc2-4829-aea8-88129ab3c30c,Frankfurt,2025-06-18,Heavy Rain,28.51,66.62,41.48,8.45,3.87
c270711f-9d8a-4d47-a260-51ea8f83f6f9,Frankfurt,2025-05-30,Clear,24.19,0.0,75.52,28.28,11.11
ab8eee27-ed43-496c-bac7-8850ace888dc,Hyderabad,2026-04-29,Storm,26.1,57.06,39.51,88.38,2.89
fd71304b-2ab6-484f-8498-0ac6173d04cb,Kolkata,2025-02-28,Rain,14.35,32.51,84.53,17.38,13.52
8e7b4dd4-9eae-4432-b707-052d449e0066,Osaka,2026-03-25,Clear,26.4,0.0,66.97,5.2,6.46
696d02fc-339b-437d-a3f0-3bd213e1a8c3,Ningbo,2025-04-21,Clear,12.44,0.0,81.53,15.87,8.13
42fa486b-3d1c-424a-8d13-300552cd6dc4,Houston,2025-05-21,Clear,18.38,0.0,76.24,28.07,5.17
f26dbe18-016d-47ea-b45c-74ca85f92e37,Rotterdam,2025-09-16,Clear,35.73,0.0,30.67,18.36,10.23
e7261db7-eec2-4bff-bcc4-326550d5d36d,Houston,2026-02-11,Rain,27.93,10.13,79.57,14.17,9.27
00f1c02c-6258-47a7-affa-1c52f17d2593,Houston,2025-11-11,Clear,30.29,0.0,65.27,22.3,8.42
7eb21bd9-70e3-4f81-a9b8-e5dfcef4ef42,Ahmedabad,2025-08-09,Cloudy,23.26,3.38,64.8,24.24,11.09
a7495e93-5326-42e9-b54a-3ee3a3f59401,Hyderabad,2026-04-13,Clear,17.12,0.0,63.87,17.4,10.59
8da62b99-8722-43b3-b13d-c134644190b1,Ningbo,2026-03-17,Cloudy,31.49,1.25,79.21,19.68,12.48
994229b9-ddf7-4490-92b4-221afbbd32b9,Frankfurt,2025-09-11,Clear,15.36,0.0,62.2,15.18,14.63
33ddb195-52bb-407c-b47b-d89bbd8edeec,Manchester,2025-05-06,Clear,18.61,0.0,52.37,19.87,9.61
e4c77c15-66af-4ce7-936e-a6a7ebcadb9e,Seoul,2026-04-21,Clear,11.07,0.0,78.21,12.43,13.04
88a83191-8048-4995-a180-2970d1dd0d31,Chennai,2025-04-14,Clear,30.85,0.0,74.19,12.36,5.64
b7118019-230a-4536-98ba-48a72cb9809b,Osaka,2025-12-26,Cloudy,12.9,2.8,35.94,18.03,14.25
4ac27db6-67e0-4244-a440-589ef5a74a9f,Bremen,2025-06-02,Fog,6.26,6.24,84.82,11.79,1.88
98e59390-9b6b-41a6-b3e5-f3aa6759784a,Rotterdam,2025-07-15,Storm,23.02,44.38,68.87,45.62,2.39
b72a4db4-5d53-4c9a-b5a9-96b86bb043f3,Incheon,2025-06-12,Cloudy,35.0,2.55,54.73,32.03,7.32
00518ea9-5c2f-460f-87d1-7a5680a462b6,Kolkata,2025-08-21,Storm,24.33,81.79,34.7,48.04,1.98
ac5bcd60-0cbe-4499-9e2b-ae524206b498,Chicago,2025-11-12,Clear,32.98,0.0,83.36,20.1,7.53
7439049c-3422-4bcb-9bda-e617fc90b912,Ningbo,2025-12-26,Cloudy,16.22,0.45,47.89,27.73,10.63
2ea4313b-f5ba-4e9d-9116-79b3e5f41df6,Shanghai,2026-05-14,Clear,16.81,0.0,38.68,9.82,9.01
c97c965b-c207-448a-9c71-126350634e28,Delhi,2025-06-30,Storm,25.64,80.21,87.84,51.67,1.08
86797b40-d4b6-43f5-b138-50c29d2e496f,Incheon,2025-01-03,Heavy Rain,16.88,72.71,69.74,34.6,3.19
8d663b24-3824-405e-99ac-52a27d6ffc6a,Ningbo,2026-01-11,Cloudy,34.57,1.58,60.83,21.49,12.91
cc1de142-4360-4776-b0f4-51468de828c2,Los Angeles,2026-02-18,Clear,29.25,0.0,52.62,20.86,8.61
dedc3cd7-c2f0-484d-aaa6-61889120bad0,Tokyo,2026-06-17,Clear,21.03,0.0,52.08,15.92,11.82
69cf1a61-292b-4e2d-886b-5315d19387f5,Sharjah,2026-04-27,Clear,16.91,0.0,73.61,3.83,14.68
03ac740b-101b-45f3-a36a-74b2307b3ec4,Felixstowe,2025-06-10,Heavy Rain,24.26,46.11,77.72,33.54,1.14
8e0a3529-f124-4a0e-a016-4bec90c280df,Osaka,2026-03-04,Heavy Rain,27.94,64.5,37.02,5.02,2.24
4575a21a-9fe4-4595-af51-e8b7713f0053,Houston,2026-05-12,Cloudy,20.08,2.52,78.5,13.82,5.9
1dbce598-5317-4f43-8cfd-cda0f2a92174,Abu Dhabi,2026-01-10,Cloudy,28.09,1.87,85.65,30.6,10.41
7744c6ea-56f8-41d3-8858-3caa24277573,Bengaluru,2026-05-07,Cloudy,25.41,0.3,55.42,28.1,12.97
16da6461-080d-4b1e-8ff9-5e0e03a433b9,Singapore,2025-03-14,Rain,28.3,11.67,36.89,34.67,7.96
e5b04317-2af5-4137-93fa-2724e79721de,Shanghai,2025-05-12,Clear,17.27,0.0,68.0,9.33,9.41
0b5e29da-a8ce-4d78-9060-0ac931122cc0,London,2025-08-29,Clear,15.7,0.0,79.75,28.68,7.99
9ac62541-3918-46c6-bed3-b344256f7ab8,Felixstowe,2026-05-28,Clear,17.83,0.0,37.09,8.51,5.28
eb3c9ef5-2935-42ed-91ac-87b6102e8531,Ahmedabad,2026-01-24,Clear,27.5,0.0,88.46,6.28,10.43
e60ee2a2-f11c-4970-a5f8-2ea7db8203b5,Shenzhen,2026-04-25,Fog,14.58,6.84,57.0,22.72,1.05
5d50cb2d-ef39-47c6-9837-1c199ac3932b,Chicago,2026-05-25,Clear,16.8,0.0,72.05,16.5,10.15
29a13f49-e0f4-4326-aa7e-48ed1a497d21,London,2026-05-24,Cloudy,32.85,0.2,41.6,12.62,10.18
5c8a1c99-df5f-4216-a064-894bb9269ea3,London,2025-02-09,Rain,10.91,11.59,57.54,19.61,6.34
ce39e77b-6dfe-4dda-ae04-61189727fcbe,Felixstowe,2025-09-11,Clear,30.37,0.0,30.17,9.01,5.2
a0629488-7e92-41ed-92d2-54f432e62940,Dubai,2026-04-19,Rain,30.08,14.51,74.21,13.61,13.67
620540bf-1af3-4653-b282-47e837809530,Los Angeles,2025-02-04,Clear,26.51,0.0,86.52,27.54,8.65
61f1336e-a27f-4da0-ab7f-d23eebbd321c,London,2025-01-27,Clear,28.54,0.0,59.06,28.15,13.77
161e3a6d-8e27-4e74-b2f7-e798021c62bc,Dubai,2026-01-08,Rain,19.79,29.38,48.75,29.29,8.36
084b6a93-f14d-4fbc-8fcc-11e8f578e417,Busan,2025-04-14,Clear,19.05,0.0,68.48,7.68,8.76
48054625-b228-4ae1-906a-2e8a2231898b,Mumbai,2025-12-31,Cloudy,20.94,3.49,74.18,16.61,12.27
99442dab-6777-4784-9ef9-c2e382f7b544,Manchester,2025-11-09,Rain,15.5,6.89,80.22,33.25,11.83
a9e2648f-71ed-4271-9cd5-593319455ed6,Mumbai,2025-07-18,Clear,11.85,0.0,54.1,31.99,12.23
29ac7c50-9134-47c8-adce-3a323434cfd5,Incheon,2025-10-26,Cloudy,23.1,1.75,79.25,4.32,12.39
17fd6936-75b1-40c4-95e6-b353bd0e8620,Hamburg,2026-02-20,Clear,18.77,0.0,66.95,24.51,8.26
408a38f1-f47d-4b65-99b4-aff89b5d55f1,Felixstowe,2025-03-20,Heavy Rain,19.92,112.52,58.77,24.16,3.6
3985aae6-6eef-4b46-a678-bbe272b45e32,Osaka,2026-04-11,Rain,16.04,9.64,49.11,19.47,13.04
350b77e2-b152-4586-8eb8-0d85d548cdc9,Chicago,2026-04-25,Rain,35.67,12.16,35.36,22.22,6.39
0637597c-3678-41e1-b6b3-2df9b0199e89,Los Angeles,2025-09-06,Heavy Rain,32.18,84.28,41.68,8.19,3.97
10555832-cbc8-436d-ac4f-da81f1db31f5,Shanghai,2025-07-02,Storm,18.61,148.12,42.72,72.06,1.67
8639738c-d292-4a73-a267-e56c7b299f9f,Guangzhou,2026-03-27,Clear,20.81,0.0,50.21,22.33,5.6
e92a0459-1dba-427f-9e15-7d0d78cbc2c6,Los Angeles,2025-02-11,Clear,12.96,0.0,70.62,17.13,5.38
645f224b-5863-47bb-89da-16ebf55a60f4,Dubai,2025-04-15,Cloudy,23.8,1.03,63.31,6.5,13.72
c143f074-8354-49b2-9c0b-adda95910f5c,Hamburg,2025-04-12,Heavy Rain,10.43,51.47,80.45,7.99,2.46
0bd3bc71-861c-4928-9628-c69e3d6edced,Delhi,2026-02-18,Rain,32.69,30.01,90.2,8.79,8.36
dfee0bb4-5179-4918-99a6-64a9d4a47903,Abu Dhabi,2025-06-05,Clear,23.61,0.0,64.31,20.52,13.36
562e4dbd-4480-4db4-9371-4fbfcaa0d1a8,Rotterdam,2025-12-18,Storm,26.09,93.35,44.75,90.26,1.89
cea30044-92f7-4a7c-9f8f-affbd566064e,Manchester,2025-11-07,Cloudy,12.16,0.92,79.69,33.96,8.91
24743ebc-bc15-4677-9f7b-26e026d29f16,Amsterdam,2025-12-06,Fog,8.3,1.52,82.86,21.82,1.96
bb8caee7-4672-4c03-9995-71ea812a2040,Rotterdam,2026-02-03,Clear,15.73,0.0,38.29,7.38,10.39
ad186536-1191-47fe-a005-e4db5b910293,London,2026-02-17,Clear,24.13,0.0,46.68,11.04,7.83
0ab8402f-f9d5-4313-840d-8b94bc31c969,Ahmedabad,2025-07-29,Fog,13.46,10.52,86.86,30.25,1.17
2dacab7b-12c3-4d55-8a3e-ca5b3b2dd84b,Mumbai,2025-04-11,Cloudy,25.23,2.52,60.63,6.44,8.41
515b1a5b-1846-480a-b5da-785897c9aa04,Chicago,2025-10-26,Heavy Rain,32.49,62.8,44.88,34.5,4.17
d1bd852a-d237-42a4-bad4-d826b7d9dceb,Los Angeles,2025-01-29,Clear,18.42,0.0,75.78,6.88,6.59
46527173-16f7-432e-9f30-7db042ba3778,Frankfurt,2025-02-19,Clear,24.19,0.0,79.47,26.9,9.24
50c33ff2-6f71-4fb4-a871-ece2c0719ef4,Houston,2026-02-25,Cloudy,17.99,0.8,38.24,7.09,12.74
0592fa6d-1845-4242-a67c-c01cd087fc5f,Felixstowe,2026-03-12,Rain,10.34,19.95,64.55,7.46,11.03
5dbc85f1-7f86-43d0-874e-217dc74790ca,Chicago,2026-04-28,Cloudy,31.0,1.84,30.36,33.12,13.14
d7992d64-5d4f-4109-ade0-fb61d44c1a8c,Hyderabad,2025-04-30,Clear,34.2,0.0,47.02,6.45,8.98
bead25fa-c290-40e0-a47a-b316bd2ff781,Mumbai,2025-08-27,Rain,31.67,5.44,88.74,7.78,12.94
5329ea55-2e0b-4283-bea2-2f089437c4e5,Frankfurt,2025-01-29,Storm,24.99,57.13,40.6,52.91,2.58
c9d20407-c3fa-4083-866e-fe667ca8695b,Manchester,2025-01-05,Cloudy,26.08,1.89,32.8,23.73,6.12
e262d610-5bc0-409f-8308-d458233bc258,London,2025-09-06,Clear,16.98,0.0,54.7,7.62,11.16
95b296d6-4d61-4c8c-9603-2e3c4d24d5e0,Frankfurt,2025-12-16,Fog,5.01,3.55,80.94,9.87,1.14
ac951e2b-7bfd-4c4d-9090-aa03c155ea0b,Bremen,2025-09-12,Fog,12.84,7.17,56.03,32.3,1.79
77870b75-60f8-4b7c-8023-6319557490d5,Chicago,2026-03-19,Fog,10.11,3.4,78.15,14.24,0.51
8d919143-19a6-4239-9407-e3ee3c140109,Chennai,2026-06-12,Clear,20.91,0.0,94.17,11.82,11.09
01520479-f240-4f8a-a81a-59b609283bc2,Singapore,2025-01-19,Cloudy,14.13,3.08,68.81,5.95,11.72
a8b98bce-6b84-42cc-bed3-6ff2cf414dfc,New York,2026-01-25,Fog,13.49,11.22,36.19,21.17,0.72
e6692d7d-dcb2-402a-b0b4-d7ddfc0d4569,London,2025-08-09,Cloudy,23.93,0.43,45.19,3.8,10.87
cdea4e82-11a0-40bf-a777-845351fdfabd,Frankfurt,2025-11-26,Cloudy,25.61,3.91,60.93,16.7,9.51
27d98726-80d2-49d2-b27a-814e894ddc96,Felixstowe,2025-01-07,Rain,27.4,11.91,84.78,28.8,11.57
04e44bc5-3351-43a7-8432-f2c07b88c0ad,Dubai,2026-06-13,Rain,13.32,33.15,52.24,19.62,11.37
d5d9f134-8e57-4234-b92c-88f8e4195aba,Rotterdam,2026-03-12,Clear,18.27,0.0,54.94,25.85,5.27
963a40bb-8734-45cb-a0b1-46d71ff3cf95,Houston,2025-05-17,Clear,16.02,0.0,86.04,31.55,6.06
ccb426a0-60ee-42b6-8507-406253bbfe0a,Chicago,2025-09-19,Clear,24.08,0.0,74.19,34.36,9.74
9b55c747-d586-4fdb-8bab-27ddc86c117c,Sharjah,2025-07-19,Rain,29.59,17.5,32.45,33.46,12.27
6242081d-06bb-4822-a73f-75aa07ec74f6,Seoul,2025-07-23,Rain,21.12,9.13,50.58,12.5,12.05
1db123ef-64c8-41b2-b4c5-63962ab2b2d9,Shanghai,2026-01-25,Clear,35.86,0.0,48.12,9.77,13.97
a9c62011-41b9-4715-843a-ba9ee8e248c0,Shanghai,2025-03-10,Clear,15.65,0.0,61.18,24.93,9.59
e40ba786-5023-4e4f-bd03-ccffa81b12ea,Hyderabad,2025-09-14,Fog,11.53,11.19,69.95,32.64,0.23
76c0fdc8-3ecb-4ef8-abff-7902c71f32b6,Amsterdam,2025-10-03,Clear,25.67,0.0,61.49,23.13,13.54
a066aab6-e7f6-4404-a56b-dbe8f48d3b25,Bengaluru,2026-02-20,Clear,22.49,0.0,69.53,32.49,12.72
08653061-f534-4aaf-aff5-3113933a21f1,Amsterdam,2025-08-27,Clear,13.26,0.0,56.87,6.28,13.27
7654da15-b16d-4cf2-89a9-c447c2cf899e,Hamburg,2025-02-26,Cloudy,19.4,2.31,84.1,17.25,6.45
2e19ec51-6da3-404f-aa44-2fdee52b135f,Incheon,2025-03-23,Clear,19.81,0.0,63.26,32.4,13.11
1ce1eb80-ed2b-42da-9e7b-d064e8012e90,Incheon,2025-03-18,Cloudy,27.99,1.37,81.51,22.74,14.93
ee4710b4-a50f-4377-85b2-176ca6481c80,Osaka,2025-07-27,Clear,34.92,0.0,90.53,33.98,7.63
f0131de9-33a2-4b97-bf17-08589a352966,Bengaluru,2025-06-23,High Wind,28.9,9.78,51.74,42.88,6.43
1285201f-a102-4ffa-8e70-cbad63a6e7ec,Amsterdam,2025-03-02,Rain,13.09,13.63,51.09,30.81,8.47
684d2607-74ad-49c1-a9e0-5e8460fa3096,Chennai,2025-01-29,Clear,22.55,0.0,52.17,34.92,9.24
6b7e094d-f3ca-4798-b179-47348ceff91e,Felixstowe,2025-03-02,High Wind,13.39,1.64,91.19,41.32,6.54
08b2c6da-23a2-4d8b-b306-2cda9c594fac,Felixstowe,2025-09-10,Clear,21.72,0.0,56.86,21.61,8.14
81819af8-75e5-4610-b4fd-d188158257be,Bremen,2025-03-12,Rain,12.39,15.09,64.24,31.53,9.93
c50d9290-7e35-4e51-9db7-c1b100bd8c8d,Shenzhen,2025-01-25,Fog,8.47,9.99,83.82,31.91,0.95
768d3075-fb06-4c56-abac-16664a6694a6,Yokohama,2026-03-26,Clear,29.39,0.0,50.57,20.93,8.95
e25dd89b-3c96-486e-bd90-6f572aaa53d0,Frankfurt,2025-06-28,Rain,33.06,12.35,31.08,32.27,11.96
12f9c86b-688f-4985-b554-a5f0dd9d9776,Dubai,2026-03-12,Rain,25.71,7.41,55.78,22.51,14.57
39f088b7-cb20-491a-87b2-e8375d2cab3a,Frankfurt,2026-01-22,Heavy Rain,21.91,58.69,34.48,3.51,4.78
abe9c56a-c4df-4cd8-a583-aad10679116a,Singapore,2026-04-04,Clear,12.23,0.0,38.47,24.92,14.8
012badeb-6c11-4b0d-8810-b53b6f232578,Mumbai,2025-03-10,Heavy Rain,23.84,68.54,68.43,32.81,1.54
2d158145-9b9a-4d86-9d66-4d9a1c3514b7,Mumbai,2025-05-06,Fog,13.68,1.19,70.69,33.8,1.79
f5b78d37-3ec8-46f4-a79d-7ad1eaff1e7a,Dubai,2025-06-27,Fog,6.9,4.73,65.99,28.19,1.14
280719fe-b921-4f5c-8bb4-4bd2de29e6ee,Seoul,2025-04-18,Rain,22.17,14.95,50.15,21.22,9.32
313feed6-5d8f-4e9c-b527-29739bd89975,Hyderabad,2026-05-13,Clear,20.18,0.0,33.57,28.77,7.63
9dc449c8-a3db-4267-8572-f6ed3c2a7604,Bengaluru,2025-12-11,Clear,34.11,0.0,36.79,4.1,6.45
8f5eaff9-e697-4d09-8b3c-fc8abb2a9321,Seoul,2025-08-27,Clear,23.91,0.0,67.57,32.23,9.93
aed244d3-1f18-4f21-939b-e0b21c75d791,Dubai,2025-03-10,Clear,20.54,0.0,66.05,27.91,10.18
02bb1bd7-48a2-48ae-a29e-6cbe84f6cf10,Kolkata,2025-02-24,Cloudy,35.17,2.27,58.48,29.29,10.52
201e705c-6afa-4e98-96b0-8598feb00e91,Ahmedabad,2025-02-25,Heavy Rain,21.73,87.01,51.93,27.64,4.09
ce1378a5-1d69-438a-9d61-a3e2a2ac058b,Bengaluru,2025-05-18,Clear,27.11,0.0,30.57,11.98,10.41
07678b4b-3e52-4627-b111-9a355d1afa04,Chicago,2026-02-08,Clear,10.07,0.0,88.75,9.32,12.22
3948063b-ced1-4b07-a429-af24b826b05e,Houston,2025-01-20,Clear,35.78,0.0,32.18,16.5,5.49
48aa0c64-bfc0-4d99-9933-4de5777687d0,Ahmedabad,2026-05-05,Clear,28.76,0.0,79.98,17.99,9.63
c1362cf2-9f29-497d-9c29-ca7fce314b58,Abu Dhabi,2026-06-24,Cloudy,31.97,2.72,45.48,15.12,7.56
fd1dff39-269c-4c2a-99c7-d9255ee4fbd8,London,2026-04-08,Heavy Rain,32.84,98.87,40.45,30.84,2.96
db65efaa-759c-4521-8a55-796c335426d1,Yokohama,2025-02-09,Clear,29.0,0.0,38.07,6.25,6.75
c6f34d0f-ccb3-4a5d-ac7d-d8111fd2088f,Los Angeles,2025-04-15,Clear,23.34,0.0,31.21,16.08,12.27
a7ede2c2-5ea0-45cc-be8d-38185de09ce8,Ningbo,2025-11-15,Clear,35.02,0.0,37.97,6.63,12.62
16962390-65b4-4662-a772-bea29a866359,Hamburg,2025-06-20,Rain,17.71,33.71,65.28,4.25,11.49
6471bdf9-7503-4537-b392-c512d2194cc6,Houston,2025-10-07,Clear,21.31,0.0,67.02,3.96,13.84
bf7f07b2-58c1-4526-92ad-f9eabeb5eec0,Mumbai,2025-11-02,Storm,26.02,50.01,52.1,84.13,2.45
412b505b-fd7e-40ab-9843-1a7a53b4f28d,Delhi,2025-09-15,Clear,10.24,0.0,79.22,24.56,8.46
9689befa-6fff-4eac-a954-66256d17d2ee,Osaka,2026-06-10,Rain,16.81,19.84,52.24,33.55,6.33
ca1f291e-d16f-4240-a0c8-0f3f0c292ad2,Ahmedabad,2026-03-20,Clear,14.23,0.0,73.06,29.34,11.63
86a301ab-59d8-4ffe-bd19-59ab7749dd2a,Yokohama,2025-03-08,Heatwave,42.23,8.41,83.7,10.48,11.0
e203c491-66a4-4e16-b0a6-68ecfff7b444,Ahmedabad,2026-04-15,Cloudy,22.22,0.43,47.82,22.39,12.28
65119631-80da-4a8b-99fd-ef12e5969bb8,Shanghai,2026-02-13,Clear,15.26,0.0,74.37,8.52,6.36
549c1353-a3eb-4967-94ec-be74dd537ea9,Hamburg,2025-02-27,Fog,9.23,9.35,55.36,32.48,1.06
7e866ff8-8644-40c6-b8a5-c9e523b87637,Felixstowe,2025-02-17,Rain,18.39,10.47,81.73,17.16,13.63
3d162505-2c5d-477d-acb4-49bddacd121a,Manchester,2025-10-09,Rain,35.02,33.48,34.25,21.73,14.49
0ffc72b4-2195-4b9b-8b05-2839c31fc578,Bremen,2026-06-23,Clear,14.05,0.0,70.18,11.88,7.39
51e854b9-2ce3-4e65-b9ca-d7ac33285799,Yokohama,2026-01-23,Clear,18.63,0.0,65.25,10.99,9.59
b149fba5-2f55-42fe-a50b-ebb0bf58c6de,New York,2025-07-28,Rain,14.29,22.66,37.27,31.74,11.29
c5cdd7e4-37e8-4451-92ae-62ad53dd2298,Ningbo,2025-08-30,Clear,15.5,0.0,91.31,32.31,14.79
2b49bab1-53e0-48e7-b803-e09adc79b579,Kolkata,2025-02-21,Cloudy,10.57,3.74,67.59,29.74,11.61
fafd512c-9ff7-47bf-ac0c-48c0f6c1d1d2,Mumbai,2025-07-04,Clear,35.12,0.0,57.78,21.59,13.3
2b3fd8f6-034b-4fde-8661-aed0895d98b6,Manchester,2026-02-27,Clear,19.0,0.0,39.3,13.18,12.53
0ada72dc-5012-4269-919b-3e51975283ab,Shanghai,2026-02-23,Clear,32.36,0.0,73.5,19.05,5.33
4a490955-c712-4f61-b3ab-7b2e11166ee2,Amsterdam,2026-03-15,Clear,12.56,0.0,55.78,5.67,5.29
cca020c3-75c1-4c76-9091-26c455e524d4,Sharjah,2025-02-07,Rain,17.1,28.75,41.35,9.67,6.96
1a38f8a5-f72f-4958-9f09-32bd0e65a578,Hamburg,2026-05-21,Heavy Rain,32.85,42.44,92.74,9.24,2.46
f92c27a3-4242-4374-8617-09361e70a45e,London,2025-05-17,Clear,34.28,0.0,80.95,23.7,12.04
7ce25156-ac1a-4874-a971-0f5a6a00fcf4,Chicago,2025-04-11,Heatwave,36.66,6.42,30.22,13.39,13.43
be77f12d-3755-45ee-8233-32f9a968e46f,Guangzhou,2025-07-17,Cloudy,35.34,3.15,74.94,31.44,13.76
6e538ccc-66f7-44e7-a76c-d6ccd3e00929,Felixstowe,2025-07-16,Storm,18.88,121.75,40.01,53.33,1.84
7c53a037-b966-4aaa-910b-c8926c2e504b,Chennai,2025-05-23,Clear,21.54,0.0,58.97,8.6,10.96
4a1f3aa3-f7bf-4336-a3f7-8069d6ee9079,Guangzhou,2025-07-05,Cloudy,30.96,0.66,68.48,23.51,6.24
3a604722-33b6-4b54-bf5b-95f0238b8004,Ningbo,2025-10-19,Storm,18.78,57.8,42.57,84.98,1.09
ad8fbd03-d6e7-499b-9d1b-1c7ac887c83d,Tokyo,2026-03-16,Rain,13.92,33.47,39.24,16.58,9.79
a7ec9e77-78f8-4312-bc8a-995080198b6b,Frankfurt,2026-04-19,Rain,14.27,22.57,57.9,12.62,8.31
5270829d-4030-41a5-bb14-93bdf41fe552,London,2025-08-05,Cloudy,27.1,3.88,36.81,3.88,5.57
591fb86a-0983-4a1b-aa5d-1555945578e9,Chicago,2025-10-04,Rain,25.87,28.29,42.38,21.97,14.54
dfea132a-9608-4da6-a082-dfc7faf3fd79,Hamburg,2025-11-02,Clear,30.81,0.0,70.46,6.62,8.16
62924068-c6ff-4356-a19a-6c77b9b51821,Shenzhen,2026-04-16,Heavy Rain,31.72,93.95,46.9,32.9,3.36
d7211184-429a-4e18-a5dc-17429ee3ef58,Amsterdam,2026-06-11,Clear,25.25,0.0,34.95,9.93,6.01
db6b6eff-a0ff-4baf-ad78-0a1dfbb35111,Shenzhen,2026-01-07,Cloudy,13.34,3.61,32.6,27.28,9.43
61ce1a80-d453-431f-9c51-a65b15125bc5,Kolkata,2025-04-09,Cloudy,10.69,0.88,81.43,11.97,11.73
4ac95b40-7c73-40b8-b87a-022fd378e6bf,Kolkata,2026-05-10,Rain,29.35,32.45,46.72,21.77,5.85
f58722a3-45a0-495e-b307-bcc7ed1dea59,Tokyo,2026-03-05,Clear,22.88,0.0,87.58,27.74,8.19
6af37159-f96d-4a44-90cf-941e6348fc80,Seoul,2026-03-03,High Wind,22.54,4.79,87.85,41.37,8.66
3f530c34-1e00-41e8-870e-adf36fa05285,Busan,2026-06-13,Fog,12.57,6.43,39.51,4.76,1.42
00b89afe-51fa-4123-a0a1-95c53714353d,Kolkata,2025-09-14,Heavy Rain,12.74,70.37,87.97,7.43,4.53
8f879da4-a63c-4b35-9b80-226379d8af90,Shenzhen,2025-01-22,Clear,22.38,0.0,68.89,6.42,13.67
02ebf7b3-bcfc-4733-91be-85274adb594a,Ningbo,2025-06-03,Cloudy,27.74,0.41,63.2,24.26,11.14
fcc7d0ee-25b8-40d9-ba01-d674d0ba47c0,Frankfurt,2026-06-24,Rain,30.6,22.88,56.62,15.64,9.59
71507fb1-0ce7-43cb-a784-bce903c8a3d0,Chicago,2025-10-15,Rain,11.97,19.24,41.22,9.13,12.34
fcd7d06e-e061-4782-8362-752911b29314,Amsterdam,2025-11-12,Cloudy,12.52,1.8,91.16,16.19,5.98
65661392-3d04-4f4f-9460-c165de754591,New York,2025-01-04,Rain,28.16,22.5,94.51,7.67,5.67
4a1a51e2-506c-45f7-bc45-ec99dd375cea,Mumbai,2025-03-08,Cloudy,12.95,0.06,43.44,7.75,14.65
92f6e00f-af35-4eba-b26a-18928f4b94b0,Dubai,2026-05-18,Cloudy,19.3,1.84,41.6,6.43,9.7
a2f1cf23-d9c1-43ac-ac2f-86a793fa94ae,Dubai,2026-02-13,Heavy Rain,12.13,64.39,90.79,21.22,4.83
0d6aa23a-d638-440f-a357-dcc811316965,Incheon,2025-11-11,Cloudy,16.16,1.61,72.16,22.14,8.18
9817c1b3-6272-4cbd-bd6b-df31132fb15c,Bremen,2026-03-27,Rain,26.53,30.45,92.53,9.13,8.97
086c3e31-0994-491a-95fd-9dc1a30a5e05,Yokohama,2025-06-13,Rain,21.48,11.5,30.09,10.1,7.32
fc716b60-dff4-4b00-bc7f-d563870cb653,Bremen,2025-11-06,Clear,26.45,0.0,73.48,33.03,14.59
20ff658c-3464-47ae-898a-d2b46442eaa5,Ahmedabad,2025-02-08,Clear,25.63,0.0,67.69,21.48,6.61
9998ec3f-710d-45dc-8762-6b39ea2b74a6,Shanghai,2025-02-04,Clear,22.68,0.0,93.16,32.63,13.4
b91e32a6-a775-4896-94f8-7ff871dc662e,Houston,2026-03-19,Heavy Rain,33.48,109.91,79.35,25.43,1.34
45c5a45a-a4e0-493a-acd3-0f9a7d3b8b9b,Shanghai,2025-09-07,Cloudy,30.14,1.98,48.61,3.18,5.06
a9fcd987-9106-4291-bfa1-73e7acd24760,Guangzhou,2026-05-30,Clear,18.41,0.0,51.5,8.26,11.4
2da1a752-db1e-416f-b16a-855bb190df55,Amsterdam,2025-08-17,Rain,22.45,30.81,62.52,33.6,7.36
caf959c8-b106-4119-8558-bde6a95b587c,Delhi,2025-04-21,Clear,35.21,0.0,62.77,28.77,7.05
01552898-c3b5-4430-935f-23104a222f5f,Shanghai,2025-12-25,Heavy Rain,23.17,113.29,31.67,33.03,3.14
a65491c5-3c20-4544-adca-90c6d78afe0b,Busan,2026-06-17,Cloudy,19.7,0.81,62.49,19.94,14.63
5cc3d3b3-d56a-4f42-8b44-0a7532670581,Houston,2025-01-01,Cloudy,19.06,3.85,45.79,7.23,8.26
cb26c294-5923-4dfa-bcfb-469b8bf3cc69,Incheon,2026-03-19,Rain,15.66,26.13,40.81,5.72,9.51
67665aa6-ce5f-458c-a02d-a5a33d5ffde6,Felixstowe,2026-04-26,Clear,35.0,0.0,30.06,22.4,11.99
d30ce35f-9887-4bed-8172-cd144a756ea5,Delhi,2025-07-28,Heavy Rain,13.98,116.04,33.17,8.47,4.11
777bf762-d334-4087-bc6c-d620b4ab602e,Manchester,2025-09-26,Clear,33.35,0.0,52.49,19.1,12.87
26ae67a4-d3ca-40bb-b857-10c27d27080b,Manchester,2026-06-10,Rain,35.79,8.13,57.65,8.45,12.37
b6af26fd-9584-4596-adfc-96b5c67e4038,Delhi,2025-06-04,Rain,34.33,25.98,55.99,10.38,8.33
4f8b18f0-8165-45f2-8a85-24fa53514f33,Incheon,2025-05-27,Cloudy,35.36,2.81,86.43,31.64,13.52
a7940502-4d91-443a-bcb8-305b595af88d,London,2026-05-01,Clear,10.2,0.0,34.1,8.26,12.22
1ae8a83a-1d62-450d-a28d-fc54094f1b0a,Guangzhou,2026-06-13,Clear,35.5,0.0,70.41,28.19,5.58
a994e651-17a7-4ba3-945b-af1468964f63,Chennai,2026-06-17,Rain,31.16,7.48,53.91,7.12,6.96
ccc96fe3-abdb-44e0-adcc-b5201d76f0bf,Ningbo,2026-06-15,Cloudy,23.22,1.57,33.89,17.64,10.37
f34eea08-615e-4d89-8d4d-7b379f0f10be,Singapore,2025-12-22,Clear,11.85,0.0,76.11,18.38,6.94
6feccfa7-8c5e-4a6f-b5fb-bad69dffd6f4,Incheon,2025-09-15,Rain,20.64,23.74,53.2,27.23,10.63
73f1e041-2cb9-43a5-8150-69e2dafd284d,Sharjah,2025-12-01,Clear,19.72,0.0,88.77,26.09,5.46
4d029c1c-0d21-434e-a6c4-353579cbbff8,Tokyo,2025-08-07,Heavy Rain,25.91,107.14,44.12,26.0,3.59
74dff2c6-e97d-47e6-beb1-2f9fe85edbf8,Shanghai,2025-02-12,Clear,17.09,0.0,54.97,28.76,12.69
2135d667-9f76-4374-9cf0-790a4b4f90e3,Ahmedabad,2025-05-03,Clear,17.87,0.0,89.69,28.5,6.97
be2d749c-5daf-46b5-897c-85c435fb8ff2,Dubai,2025-08-14,Clear,29.97,0.0,49.9,28.1,13.2
32f0ac3a-a843-4b92-b1ce-415c72a4e94d,Osaka,2025-01-23,Rain,15.7,26.19,69.74,14.24,8.81
88cf7611-b79c-4ba6-8fa3-5cff84f71529,Chicago,2025-05-27,Rain,30.9,9.54,30.66,34.13,10.34
fc80efc4-84b9-4f60-894a-d2dd0b04cbca,Rotterdam,2025-12-31,Clear,29.17,0.0,42.81,31.41,8.38
52ec0184-d4d3-43da-8a5c-1962f1aabb78,Chennai,2025-10-19,Fog,17.36,5.74,65.19,6.86,1.92
0a57e01e-0599-48e1-a473-eabf83ab2c39,Incheon,2025-07-10,Clear,20.84,0.0,40.0,20.12,9.41
7cc2eb04-d6a6-471d-85ef-2d833a29c8b8,Delhi,2025-08-04,Clear,15.54,0.0,51.61,15.92,12.13
07b1e3a1-2b2f-494e-8d1c-d72346517533,Delhi,2025-09-06,Clear,13.81,0.0,79.28,24.64,10.14
f136381b-2a25-4cd3-b100-1fe83c9381a4,Rotterdam,2025-10-20,Rain,26.41,16.59,49.06,9.46,6.9
68600200-c135-40b7-b243-cfc8fab134da,Rotterdam,2026-02-02,Clear,29.1,0.0,91.14,5.59,12.97
0f5d8e70-432c-4467-9b9a-99e7f9dd45a6,Osaka,2026-04-04,Rain,15.63,24.1,91.76,16.62,14.87
373b7d11-0868-4661-8851-b91ec6e59857,Chennai,2025-06-14,Fog,9.38,11.28,94.32,25.13,0.93
a3e8d6dc-3f03-4e41-a6f2-bc3267394f87,Chicago,2025-11-13,Cloudy,14.28,2.28,59.8,25.45,8.27
bfa4beaf-7939-4e7f-82a3-6dfb0b27dfae,Guangzhou,2025-10-23,Cloudy,19.27,3.1,61.23,28.76,9.16
c17e7940-da7a-455f-b6ac-f9719282a61e,Hyderabad,2025-09-28,Cloudy,20.89,2.29,57.93,10.34,9.59
bdd3d0d3-255a-41e4-936d-9b8175be0352,New York,2025-08-16,Clear,16.39,0.0,38.41,23.01,13.45
2cd121da-4dcb-424b-b46f-717a42acea4a,Rotterdam,2026-03-16,Cloudy,13.08,2.83,90.74,5.63,7.88
d81d025f-712f-43ac-9624-44eef11bf299,Bremen,2025-05-31,Rain,17.82,27.96,70.92,13.42,8.63
c56986f1-339e-4f57-bde6-8e78dd7258b3,Bremen,2025-10-27,Clear,15.71,0.0,72.97,27.85,10.17
17c9e2f9-d4fc-46eb-b01d-103c504c944e,Yokohama,2026-06-11,Heatwave,39.67,1.89,67.54,17.25,12.18
8caabeed-a50c-4b81-95bf-0bba73638279,Guangzhou,2025-02-19,Storm,22.43,68.54,65.18,90.23,2.97
5efeef18-9a40-4a9c-8f8b-d257f805b9ed,Frankfurt,2025-04-04,Clear,16.82,0.0,65.14,23.02,8.4
ff434069-f0cd-4efb-a2ff-788e401f9aa1,Delhi,2025-11-18,Heavy Rain,13.63,111.72,42.76,20.97,4.84
6138eadd-5518-481c-95ae-30100e4a4072,Incheon,2025-10-05,Clear,20.96,0.0,41.95,31.11,5.51
27243512-dff0-423a-8a0c-2e4d289d9fc3,Incheon,2025-03-21,Heavy Rain,35.62,83.75,34.2,4.04,3.36
dd5ab299-a4de-4b90-95e6-11b875ef2d52,Chicago,2025-01-22,Clear,20.71,0.0,32.52,4.14,7.01
39127edd-7212-45c1-b7ad-153fee7719ad,Houston,2026-04-07,Cloudy,20.68,0.74,62.73,25.97,13.17
64402189-f1da-4caa-8718-41442b18a2c1,Bengaluru,2025-05-19,Fog,15.49,2.91,84.04,17.09,1.82
68fdff89-bd54-4e38-9d52-41f2053555e3,Incheon,2025-11-02,Cloudy,33.27,2.01,63.39,31.68,9.17
03538ca7-f3a1-4287-9cf3-c7374ecff144,Singapore,2026-05-21,Clear,25.99,0.0,56.45,21.39,9.89
8ffb429f-7cfa-49e4-925d-74ed7a839d56,Chennai,2025-03-19,Cloudy,30.07,1.79,40.51,9.38,12.59
436fbaf4-54fc-4458-bf37-634a91f1fd7d,Shanghai,2025-01-27,Rain,11.83,8.08,78.03,16.53,5.35
edbad218-6b23-49f4-bdf7-9c79a213dfff,Singapore,2026-03-10,Clear,34.12,0.0,89.28,31.26,6.86
f385d1fa-4759-49bf-a441-31d1713988d3,Chicago,2025-07-17,High Wind,14.22,8.6,81.72,49.5,14.79
55903c1b-22a2-4464-ae83-f368d37af3ce,Chicago,2026-03-15,Clear,22.68,0.0,63.74,22.16,12.15
c7e79d03-5c13-47e7-99bb-667537e9011e,Yokohama,2025-02-22,Cloudy,18.66,2.78,34.16,17.42,7.54
29045c64-e13f-4504-a36c-57e757e0eb62,Abu Dhabi,2026-05-24,Cloudy,30.41,1.03,72.12,33.77,10.55
0b3d3a51-dd4e-414d-9867-c94c6a1e6ce4,Seoul,2026-03-13,Rain,20.42,24.43,51.36,7.65,9.79
9bf955ce-0a5b-400a-9da7-eabe9ae5a469,Yokohama,2025-09-04,Cloudy,14.51,2.56,93.89,25.27,13.71
17f2008b-0633-4af8-8f8c-5ec2f942c328,Abu Dhabi,2026-05-15,Clear,17.9,0.0,46.95,8.69,13.91
9fc91c15-2756-4466-b8c6-14bb938ed47c,Bremen,2026-04-08,Cloudy,20.16,1.21,35.03,23.74,8.4
b87ed40e-5d4a-4f98-9bf6-e17bb14f6e07,Ningbo,2026-01-23,Heatwave,43.26,3.58,72.76,20.88,9.54
90e07e99-2603-40a3-b725-e29bbaad5a63,Dubai,2025-07-30,Clear,10.06,0.0,70.91,22.81,13.29
ce7b53fc-d51c-42d0-bf79-7d1fb5f76289,Mumbai,2025-05-15,Clear,29.67,0.0,62.1,21.65,6.3
25fbaf55-c24f-4016-839e-190f7e764814,Los Angeles,2025-02-24,Cloudy,35.65,2.48,31.76,31.46,14.98
1bbc4281-db7a-4e30-a1b0-244ca32a2d95,Amsterdam,2025-10-24,Clear,24.81,0.0,43.4,34.97,7.76
e63c3b03-7602-436e-bf45-691d922b4699,Osaka,2025-12-06,Clear,34.48,0.0,83.82,13.32,5.24
4686e5bb-052d-4adb-9d0f-04b046c69080,Busan,2026-04-24,Heavy Rain,16.66,95.68,71.52,4.92,4.19
97975469-cb2f-4e2a-9651-18260a55bda4,Bremen,2025-07-23,Clear,34.01,0.0,85.97,13.74,5.5
215a6ed1-59c5-41b7-b4eb-5cd78921a01f,Ningbo,2025-12-09,Clear,31.94,0.0,94.86,12.62,7.59
21c70293-1138-411a-81f4-594b4ac116fc,Singapore,2025-09-29,Rain,28.66,18.46,63.59,8.91,13.24
6681895d-00a4-4b03-b7d2-02bb24613dc4,Tokyo,2026-06-02,Rain,27.08,34.42,41.66,5.17,5.48
0d9fa21e-05e4-476f-89a3-31530afb3844,Bremen,2025-09-13,Clear,31.49,0.0,80.39,18.23,6.91
a154a9b0-a3ae-45c8-b91f-d57b7f7892b1,Bremen,2026-06-02,Fog,13.11,10.1,41.46,27.7,1.39
ed53b235-6871-4412-a76d-73b4b4ac859a,Chennai,2026-05-17,Heavy Rain,26.19,54.36,81.09,31.62,4.32
b962bfbe-9645-4eac-9126-192f20a75548,Manchester,2025-12-07,Clear,12.19,0.0,63.95,11.59,14.0
c2628275-87ef-4865-83b1-a7335499e2b0,Shenzhen,2025-12-17,Rain,21.74,26.73,76.93,6.79,12.1
bb5dafa2-63f0-4646-8619-6cae3e8e667a,Ahmedabad,2025-09-17,Cloudy,26.2,3.8,39.21,17.62,10.04
3341d956-0993-4e56-afe9-a801f4133857,Houston,2025-06-18,Clear,21.95,0.0,72.76,4.42,11.71
9f3dc6da-834f-4e80-8560-e85bfe3bbddc,Amsterdam,2025-06-15,Cloudy,14.38,1.74,41.48,24.23,12.7
5a6704fe-7258-4098-a4f4-408df30451e1,Kolkata,2025-04-13,Heavy Rain,35.39,98.2,92.31,29.85,4.58
3de8e3d6-b9f2-421c-8074-2ec2e530a254,London,2026-05-21,Fog,7.74,11.77,74.3,28.32,1.46
accbeb50-dc52-4a11-a8dc-f5ca981a97f2,Sharjah,2026-05-15,Heavy Rain,22.68,72.97,30.44,24.25,3.08
f6d7816d-a8bc-405a-a230-93aa26e76675,Los Angeles,2026-05-14,Cloudy,10.09,2.47,68.49,7.92,13.52
419316e0-3e30-4ef5-88fa-c3d092047e97,Sharjah,2026-02-22,Cloudy,21.46,0.57,35.16,28.23,7.5
8f1ffe50-3a3e-401b-b509-4096122fa0d3,Singapore,2025-10-22,Rain,21.04,23.78,50.57,10.42,8.38
deb4f6a7-4e16-46bf-a588-10fc4682e7a0,Abu Dhabi,2025-10-22,Clear,24.8,0.0,73.06,27.71,9.0
35718cbd-7b7f-46b2-8fff-3eb8815cb537,Mumbai,2026-06-16,Cloudy,10.69,0.36,57.65,8.17,8.17
1354a726-c7ea-4668-aeb1-cefb409f130a,Chicago,2025-11-22,Clear,11.74,0.0,39.85,9.1,8.88
6cd15dee-e7fd-4a91-8c67-2b648781c838,Tokyo,2025-06-24,Clear,20.49,0.0,87.46,15.13,9.67
2c5f1581-ee20-45fd-bbcd-67ffdfd8f79d,Chicago,2025-07-08,Clear,21.11,0.0,61.75,11.23,7.69
90acee3d-befe-43fc-981f-d030c6956962,Ningbo,2025-03-23,Cloudy,26.63,0.51,35.75,16.34,10.23
b79d1d3e-db9c-448d-aee1-af75a824dc44,Dubai,2025-08-03,Cloudy,32.72,3.58,64.98,32.15,11.8
f8e61a84-c050-434d-8fdc-178bc05ed2d8,Singapore,2025-04-12,Clear,32.75,0.0,39.02,21.98,8.52
135de7e0-fd68-4ebd-9772-45bbded217c0,Tokyo,2025-02-09,Heavy Rain,20.11,38.79,42.63,19.32,2.84
2f701a25-ad0b-45b4-a3e8-dc917bd21239,Shanghai,2025-10-28,Rain,26.26,7.5,34.65,28.21,5.07
d7b40fe3-010c-4879-a1b2-6b087e04bfed,Chennai,2026-03-08,Rain,32.72,30.83,87.65,27.81,6.85
33ce4ea5-fc2a-4aed-86ac-bffd532ba2d1,Shenzhen,2026-04-07,Clear,35.08,0.0,70.62,13.27,11.36
b7896899-b4d7-4078-acb8-b8a1def956a1,Ningbo,2025-12-25,Clear,20.74,0.0,69.92,13.15,13.13
f4323011-bae5-400b-a0a8-b01071095808,Abu Dhabi,2025-12-04,Heavy Rain,28.25,89.48,41.92,13.34,4.7
28c5c8c7-e56d-49fd-91ff-77e3f4829b6f,Busan,2025-02-06,Cloudy,16.81,3.65,49.35,34.9,7.38
7bcbcf13-adea-4b61-9e7f-5cd5024ef24f,Frankfurt,2025-09-25,Cloudy,23.54,0.15,94.54,19.77,7.05
5de66687-ff33-4410-9bdf-069376cfaf30,Sharjah,2026-02-13,Clear,22.84,0.0,79.25,8.61,10.0
c1d7ee45-a3ca-400e-b120-c2872526d4e3,Osaka,2025-02-23,Storm,22.4,61.82,48.63,47.55,2.54
51615b58-e1ac-4ff8-87df-f53b43c78e47,New York,2025-08-18,Rain,10.78,14.26,45.62,4.85,12.31
577d0ba8-95c3-42a0-b3e2-a3831e220ddf,Tokyo,2025-03-05,Rain,15.13,13.67,51.75,8.19,6.23
bba2b159-c2f1-4731-9266-70dbce0fa34b,Felixstowe,2025-11-06,Rain,35.86,16.28,34.72,19.39,11.52
aa820902-1a38-4cc0-8121-88797f8f51e8,Amsterdam,2025-05-27,Heavy Rain,22.32,51.32,65.05,21.02,4.67
1ae4b885-f2bb-4ed6-93e9-4d2f9f54a4d2,Los Angeles,2026-05-01,Rain,27.33,14.7,91.88,26.41,13.66
a7fc4b97-4135-4bb8-b792-070f53b8fbf1,Manchester,2025-05-12,Clear,21.84,0.0,40.44,8.38,14.01
5a2e8817-b44c-4a55-857e-ea5fd6d15fe8,Ahmedabad,2026-04-04,Cloudy,11.04,1.33,92.11,29.7,8.9
dd034b79-633d-44b3-9e95-e2a66e902243,Ahmedabad,2026-02-08,Heavy Rain,22.0,41.71,32.45,30.33,3.76
850a31ba-3e01-42bf-8a47-68899233c98e,Osaka,2025-02-09,Rain,24.06,30.86,63.93,20.92,11.49
6c0396bd-0656-41d6-9e66-73e1c7da33f1,Bremen,2025-05-05,Rain,26.2,9.55,30.81,8.2,13.61
162b52ae-6b31-48b2-bfa8-6f05d9fad8c1,Bremen,2025-05-05,Heavy Rain,16.93,83.81,34.08,23.29,4.49
705af695-a0be-43aa-9060-f3f46591ef7a,Dubai,2025-07-24,Cloudy,14.77,0.63,46.17,3.96,14.71
a58a8ece-e4e4-419f-9e5c-7cb7dc82569f,New York,2026-04-18,Clear,16.94,0.0,49.53,15.86,9.41
55f529b2-b2d6-4e25-b340-bae1ed6fffe8,Hamburg,2026-04-04,High Wind,35.03,10.64,53.63,54.78,10.08
5844886d-2dc7-4fa1-b961-8bcfdf139516,Yokohama,2026-02-19,Clear,13.18,0.0,61.72,30.42,8.36
720a98a9-7ff0-45cd-88ad-37690ad44478,Guangzhou,2025-01-08,Clear,20.68,0.0,44.78,22.46,10.58
7e82e1c7-1d90-4ffe-b986-c417cba31dee,Singapore,2025-01-23,High Wind,18.47,5.81,60.04,71.35,12.69
58c42e66-0701-4e8a-8bc1-5d4fd4be7dac,Yokohama,2026-01-01,Rain,25.19,29.23,63.95,7.44,13.98
68e6a71e-5a35-4c07-99bf-0cc37b914647,Busan,2026-05-28,Cloudy,21.83,3.97,64.17,9.27,9.74
866f16d5-d34e-4d3a-8815-8179bea64d9e,Shenzhen,2026-03-29,Clear,11.04,0.0,91.02,27.41,6.34
791505d0-1a8d-4613-b9cd-0e26f9c56015,Delhi,2026-02-10,Cloudy,20.5,3.2,68.16,16.99,7.56
2d2b6c23-10ae-4984-a7a1-b8956f213da7,Tokyo,2026-01-04,Clear,31.71,0.0,89.67,34.22,14.84
f6c75f44-fc51-4601-8c14-7dfba8d2b1d9,Ahmedabad,2025-07-03,Clear,27.22,0.0,49.41,22.29,11.71
e2437862-57c3-4707-8714-0bd1e7197afa,Seoul,2025-02-22,Clear,32.33,0.0,44.96,34.76,11.87
e4e7c5e8-1bf1-4e27-9bba-efaed64798a8,Incheon,2026-01-31,Clear,17.33,0.0,46.67,13.39,10.57
6adfd174-369b-4ca1-8d2b-708f948e8e42,Incheon,2026-01-18,Heavy Rain,12.18,100.56,55.85,11.33,3.2
777e0d3e-b44e-48c3-9722-30924853b56e,London,2025-01-28,Clear,34.37,0.0,84.02,19.92,8.7
0536a12f-4b56-497d-9978-9f639c90eb51,Singapore,2025-06-16,Rain,30.52,7.05,48.55,6.41,11.45
02352d77-fa9d-40b0-8b27-c7ec94469071,Guangzhou,2025-04-03,Cloudy,19.77,1.63,71.16,29.92,10.91
614a15ee-95dc-41cf-84f7-5d315f9b48ae,Tokyo,2025-12-19,Rain,31.81,17.85,89.06,33.82,5.4
a4e627bd-30ef-4693-ac66-ceab5ebafdc7,London,2026-04-23,Clear,34.11,0.0,91.26,17.84,8.08
dc539cdf-577e-4a34-a23a-ebfbd86e128e,New York,2025-02-02,Clear,12.22,0.0,68.01,9.45,9.74
734e7600-3bf7-4e28-abf3-38a54f16b742,Houston,2025-03-09,Clear,10.09,0.0,68.26,23.56,7.01
4629ce85-ce28-4ed7-b670-afafc5215872,Seoul,2026-04-04,Clear,22.75,0.0,48.15,31.47,10.85
5bc37611-1770-4de9-aee0-cd01c507f869,Hamburg,2026-05-20,Clear,11.91,0.0,67.53,8.05,13.13
d763d8e8-faf8-42cd-b3d2-2c600fd2f37f,Chicago,2025-02-05,Rain,34.31,10.86,36.33,8.6,8.36
6ac08699-4fbe-45c3-80d8-a6a18e42a61c,London,2026-04-11,Rain,13.15,16.16,37.59,4.04,6.76
6c5737dd-f3e2-4846-ac94-2812389b5b2f,London,2026-03-12,Rain,17.44,15.88,53.2,33.7,13.25
02f7cf25-52c7-48b7-93e3-00553a4bcd03,Abu Dhabi,2026-05-26,Heatwave,39.25,6.44,78.67,15.71,6.84
51f09496-2cbc-4a7e-908e-1855bcf5e06a,New York,2025-11-28,Cloudy,31.49,2.25,33.02,9.21,13.4
d07f244c-f84b-4368-9af2-c774c7d9996c,Chennai,2026-01-23,Fog,5.83,8.58,74.99,34.21,1.75
0da46be9-ace0-4802-8c27-f7c992f092c3,Hamburg,2025-04-24,Clear,15.87,0.0,34.81,21.94,12.19
cb9887e8-8805-4a22-8c6e-706efbb862b4,Manchester,2025-04-05,Rain,17.63,31.61,66.8,4.26,12.34
0c472b27-29c9-4a4e-b0c2-ddd395d7c5aa,Amsterdam,2026-04-12,Clear,18.93,0.0,46.42,27.56,13.46
6198a00f-7d11-414f-8535-e37e8eff870f,Shanghai,2026-06-24,Cloudy,21.91,1.94,92.89,16.99,6.06
5db88744-7f47-4b45-9d3a-01ff5e2f556d,Delhi,2025-07-24,Clear,34.43,0.0,54.57,3.36,5.62
d64d5958-cbad-40e2-95ac-21b878e222ee,London,2025-05-01,High Wind,31.67,3.32,62.88,59.09,13.26
53c0ab11-7d4b-4dd9-8702-e31a564f0c0b,Ahmedabad,2026-02-05,Clear,19.51,0.0,72.33,5.19,10.81
f0fbeefe-8a44-4f71-8e2e-187f177d5e85,Delhi,2025-06-30,Heavy Rain,22.38,102.72,80.5,9.95,3.95
34d96d4a-29f8-4eac-afed-ebb2931dc2d0,Shanghai,2026-03-31,Clear,24.66,0.0,53.89,16.77,12.9
d26fe5a3-4f2b-494e-b546-e2ad334e6ae2,Los Angeles,2026-03-20,Clear,24.27,0.0,88.37,18.72,14.61
dae1d7ed-d464-4ea6-a40b-b7778d19588f,London,2025-10-14,Cloudy,17.12,0.39,77.36,25.51,6.84
9da3adf7-cd9f-4c8e-83b0-00e3e0cf06b8,Sharjah,2025-03-06,Clear,34.72,0.0,52.38,24.14,10.13
47abd719-4565-4fc6-854a-2544a1b5a430,Incheon,2025-10-05,Clear,23.94,0.0,30.27,29.56,14.84
f23c31e2-2972-45d3-a8a2-1849aae16ead,Abu Dhabi,2026-01-22,Rain,32.78,10.01,92.58,22.35,5.6
ded65f44-e27f-4723-9de7-472a6e39e20d,Guangzhou,2025-06-16,Cloudy,18.93,1.58,49.65,4.49,13.34
bba0b723-2265-4a4a-be1f-338bede1b9f5,Osaka,2026-06-18,Clear,14.32,0.0,51.59,14.75,14.23
62e1c201-3ed4-4d8a-a1bf-953e9f72ae92,Houston,2025-03-19,Cloudy,10.24,0.14,33.48,7.79,9.79
ba990e8c-5dec-46fb-a42c-c6f04b385964,Abu Dhabi,2025-07-04,Storm,19.89,33.59,76.58,84.64,1.04
93ead12e-40e9-4c4d-a28e-274d130bfa1c,New York,2025-07-27,High Wind,26.83,6.29,92.23,59.27,6.71
ab4f938b-dca7-46f4-99bb-6f01949da317,Delhi,2025-09-18,Clear,24.56,0.0,49.9,29.37,10.81
dcbbdd22-cc7d-409a-8513-4ff97aa26858,Ningbo,2026-06-20,Cloudy,13.79,2.41,84.65,6.21,14.72
b6765003-51e6-4c33-a56e-e83de71d2409,Felixstowe,2025-08-31,Rain,29.22,20.17,44.03,22.93,9.01
ad752341-5313-4ca8-a199-c797a61f09fb,Delhi,2026-04-18,Clear,25.06,0.0,49.64,32.0,10.78
c70e1d69-8a21-453c-aa25-8f012f5aed05,Delhi,2025-11-01,Clear,33.16,0.0,56.74,9.5,5.13
1297d3fc-09e5-4055-bb87-d1973b68f0a3,Hyderabad,2025-02-13,Cloudy,24.47,3.5,80.84,17.96,8.67
af068ab3-49c7-42e6-b202-4fe77b619dff,Ningbo,2025-03-15,Clear,21.02,0.0,54.26,32.38,13.37
df994a14-1520-42e4-aed7-2bb5d7a3c0c2,Incheon,2026-03-09,Cloudy,33.04,0.33,45.34,3.66,9.7
b11b50d9-bbd1-4605-be9b-e1dd1caba269,Frankfurt,2025-02-24,Rain,28.52,25.74,48.3,3.36,14.54
f9c8fc4c-61f1-4ba2-974e-bab56673074b,Amsterdam,2025-02-26,Heavy Rain,20.8,41.09,73.0,30.29,2.99
ee3eda05-62d2-4c56-8308-2eaf5f6e0732,Los Angeles,2025-01-13,Cloudy,25.65,0.84,83.53,15.21,14.25
631126ea-44e5-4aa9-9e00-08e20ab5938b,Mumbai,2025-11-13,Cloudy,18.81,2.68,36.1,17.41,12.69
b7616129-64aa-47ea-96d9-09690da31641,Houston,2025-11-25,Fog,16.86,0.55,88.91,25.29,0.69
5c7bd31e-3f3b-494b-b4a6-f605cd19e865,Frankfurt,2025-03-02,Rain,24.31,11.34,87.53,24.28,14.4
e3dd99ac-4533-4303-942e-9c3f9cf3aaab,Chennai,2026-01-19,Rain,29.84,32.22,81.28,23.19,13.48
df1311da-18ee-4914-99dd-942722f85b00,Amsterdam,2026-01-30,Clear,32.22,0.0,91.36,6.52,11.45
ab9adde6-5947-423e-a860-5c09e7d44280,Hamburg,2025-10-06,Clear,22.27,0.0,61.01,17.76,5.45
91d874de-088a-43a5-a068-d8317ea8761f,Ningbo,2025-01-24,Heavy Rain,11.31,51.33,74.26,13.51,2.82
6138061c-ca46-422b-b0d3-6df0c85d2ad1,Tokyo,2026-04-06,Storm,28.53,134.77,76.05,65.22,1.64
5c822653-afa2-4a50-a765-186be4759ce6,Ahmedabad,2025-08-20,Storm,21.98,94.09,69.36,57.57,1.02
4ea56666-1150-4fb1-a6bf-e05def0dd2fe,Shenzhen,2025-10-09,Clear,13.7,0.0,57.94,31.36,10.45
c8253d3b-0e32-48c6-8a11-6b505fc5f0e0,Shenzhen,2025-07-18,Heavy Rain,10.35,61.36,54.02,34.46,2.1
5dc4b99e-5837-4e9f-abbd-61ca9e5259da,Hyderabad,2025-06-07,Clear,29.49,0.0,74.82,12.5,12.43
0c73f017-8e68-4034-88d7-f8de4ed0a715,Tokyo,2026-02-17,Clear,24.17,0.0,58.73,22.01,12.48
2efcf16b-4a8d-4bbd-a0bc-06fd0f75da49,Houston,2026-02-14,Fog,14.85,8.67,38.65,29.45,1.88
afe8e64e-b206-455e-8fba-63c176b148f3,New York,2025-12-25,Clear,16.06,0.0,50.46,26.82,10.06
d562e5dd-8b20-4d01-98ec-65b4b9a8bc6c,Bremen,2025-07-07,Rain,24.78,32.45,93.56,24.68,11.91
f0dda9a1-87dc-488e-b6a5-3d5df45d7ea4,Busan,2026-03-19,Fog,8.04,6.33,37.94,10.92,0.55
6681c94b-afa1-413b-a2b0-aa1933147764,Dubai,2025-09-04,Clear,34.79,0.0,84.91,12.3,6.72
dc076057-361e-42e8-8ed6-3d89dcdb1aa8,Felixstowe,2025-05-07,Clear,25.84,0.0,81.94,12.8,7.62
44c9c0ad-032d-4d99-bff4-e99ff34f21f0,New York,2025-05-03,Cloudy,25.43,1.34,77.78,19.05,13.97
2734d706-8008-4471-84a9-102edba761ba,Hamburg,2025-10-01,Fog,15.71,4.89,61.41,16.51,1.97
34346210-9130-4222-a110-86d562ca926f,Los Angeles,2025-07-17,Rain,11.8,5.06,81.59,15.2,13.63
d6e7a7db-fb7e-470a-8567-f9a40c8ea4a8,Ningbo,2025-05-21,Rain,17.26,25.64,78.35,15.48,8.67
f94c848a-c359-469b-b2e6-88e4e54106df,London,2026-02-15,Cloudy,16.01,2.8,60.96,29.45,13.02
427373da-3ce9-4846-9098-956f87f022fa,Singapore,2025-03-08,Clear,16.99,0.0,75.47,13.17,12.42
dd186b92-b9f5-4226-ad48-10a4e80d5ae1,Houston,2026-05-03,Cloudy,12.54,1.65,73.43,29.93,11.01
82d6b758-4ab8-46be-b1d7-f2494ba201e4,Ningbo,2025-09-29,Cloudy,34.09,0.29,87.21,10.65,6.48
cf302043-1671-4e9d-9461-ec4d26c1962f,Osaka,2025-04-20,Clear,32.65,0.0,59.98,13.55,13.1
4658c207-6b43-4eaf-87a7-6a5b5fe720a6,New York,2026-04-19,Rain,29.26,33.4,70.54,14.62,7.12
991e8e1a-d691-4984-8373-f252677748b3,Shanghai,2026-01-07,Heavy Rain,10.93,103.9,35.52,33.43,2.35
1afb0eb2-4e33-480e-b7af-9bda30e3d6c7,Shenzhen,2025-01-08,Clear,33.36,0.0,83.63,22.72,9.76
1cdf4fc9-4a3b-4fab-9390-a67e102db21b,Shenzhen,2025-05-14,Cloudy,31.02,3.84,57.93,24.82,6.55
71d99a50-b786-4bea-bfd6-5e64f91f6861,Mumbai,2026-05-26,Clear,15.24,0.0,59.97,34.39,10.81
f08388db-94c2-45bc-92d3-2632e859f200,Seoul,2025-10-06,Clear,27.22,0.0,68.78,10.2,11.13
36280843-32a6-44b1-89d3-8cbd22855ce7,Busan,2026-06-26,Clear,18.33,0.0,56.69,3.49,14.97
bcaefbb9-e79b-40b9-86ba-ac11fa880b3e,Chennai,2025-05-13,Clear,33.33,0.0,72.63,22.84,9.88
8d0672ef-653a-4299-9c2e-459fefa2790a,Tokyo,2025-05-07,Heavy Rain,10.65,39.24,41.53,25.98,2.7
34e1d435-86b7-4e6c-9bb2-ea07eddb8253,Hamburg,2026-02-20,Storm,25.7,93.32,77.79,69.81,2.34
dd4ef5f1-d859-4fd0-9da5-a2356eddc7c1,Tokyo,2025-07-18,Heavy Rain,13.27,114.06,82.7,21.56,1.71
dbd5283f-6d19-4f51-be90-6d1c3fa9a25e,Amsterdam,2025-08-21,Rain,22.9,33.62,80.84,31.04,6.22
1ed2eaaa-39c5-4539-b469-b7c9ca276f80,Bremen,2026-03-16,Cloudy,29.63,0.73,93.76,10.71,12.52
963b24a0-acab-42d4-b0aa-2d1d9cae9658,Abu Dhabi,2025-02-07,Clear,34.14,0.0,88.28,33.87,9.83
df23ebb6-dd17-4d83-b597-542137bdd829,Sharjah,2025-05-10,Fog,13.99,6.76,63.78,9.8,0.45
9f03a7d1-5303-4f2a-a09e-86f1339cb827,Ningbo,2025-12-07,Clear,17.62,0.0,63.48,33.65,7.57
966daef5-dcbf-4b66-b4b3-943b0fd3853b,Kolkata,2026-06-01,Cloudy,20.21,1.59,85.06,14.55,13.8
de2ce1a4-2772-418e-aa73-d79c1bff3db7,New York,2025-09-21,Clear,32.97,0.0,40.8,28.49,6.4
7b57d88b-ae16-495e-a428-0daa67a13543,Delhi,2026-05-22,Clear,25.55,0.0,52.46,33.29,6.87
d7ed8bd1-e31d-4405-bd89-e713eb128d73,Busan,2025-02-03,Clear,14.4,0.0,82.25,11.63,9.77
399bb3ba-b393-43eb-b978-5d879cc4984a,Los Angeles,2025-01-03,Clear,29.81,0.0,58.72,13.44,11.97
043da159-9d73-48b5-922e-04e834b0702c,Bengaluru,2026-06-10,Storm,28.88,105.81,80.66,77.17,1.07
42293450-10e3-424a-b8d3-0fc257721df8,Incheon,2025-06-18,Fog,8.14,3.6,85.6,7.03,1.79
4f519226-8a15-4cff-8fa3-8af7c5f9c45f,Houston,2025-03-05,Clear,35.76,0.0,77.71,13.48,9.98
70f82303-b530-4ed9-b919-32f658b8751d,Bremen,2025-12-29,Clear,16.18,0.0,61.82,25.62,10.3
29da7a53-e4a7-4385-8745-763801dcdfd6,Abu Dhabi,2026-03-20,Cloudy,23.5,3.71,33.89,30.61,13.18
becab94d-bc85-427e-9cbc-943d75cdc814,Hamburg,2026-03-12,Rain,35.61,17.92,81.69,19.37,10.05
e06d151f-e3ad-4974-beb3-bfca831f5638,Amsterdam,2026-06-21,Clear,10.98,0.0,72.51,25.38,7.39
2a1862cc-9d64-4c85-a9d5-b202deab3463,Chicago,2025-06-29,Storm,31.92,73.98,59.73,80.66,2.25
4a8d9166-3bd1-40fd-92bb-387330abedd3,Ahmedabad,2025-03-02,Clear,19.74,0.0,91.3,24.48,11.18
7b324530-28f4-4c72-aac8-056be9b747d9,Manchester,2025-03-09,Clear,32.37,0.0,74.9,4.44,7.03
03ce1f62-0faa-4d04-967f-75f03bcba94f,Chennai,2025-04-06,Clear,10.01,0.0,72.07,13.1,13.42
3ae0072c-c59d-4324-9eb9-226ba66a6ded,Los Angeles,2026-03-23,Cloudy,17.6,2.52,69.21,23.36,8.07
1b755c4f-3e81-4971-9e03-2a0ef9da4b45,Hyderabad,2025-12-19,Rain,30.95,24.49,64.64,29.96,5.88
493448ed-b3b3-4165-bf2f-320dd9bbb6e2,Manchester,2025-02-09,Cloudy,35.99,0.49,64.06,21.49,8.65
035890bc-781e-44d2-ac43-f5860078234d,Manchester,2025-03-11,Cloudy,10.9,0.18,37.81,34.34,10.52
61a8bb9d-3bdb-4f0d-9a1b-6cf927ba0dd2,Guangzhou,2026-02-26,Rain,32.2,27.31,38.99,25.71,10.96
95e76bd9-4848-4b43-818e-1198fb05c8d5,Manchester,2025-04-20,Cloudy,16.81,0.21,42.95,14.48,12.73
e5be8359-651d-4594-ac4c-d5c69d54f15c,Seoul,2025-10-11,Heavy Rain,15.76,58.23,84.82,16.94,3.78
9b722ae1-755c-4b82-b80e-8cf40fdfd6cd,Dubai,2026-04-03,Rain,17.31,24.14,48.86,28.05,12.03
bcbe6159-3999-402e-9968-32733cb77fee,Hyderabad,2025-03-29,High Wind,12.97,2.76,76.54,56.18,12.71
c8f7b343-f428-4efd-8734-513524374fad,Hamburg,2026-04-17,Fog,16.85,11.79,34.28,9.12,0.48
1416d760-8774-4a35-9e83-c7c3c3a80c5a,Rotterdam,2025-04-06,Rain,17.18,20.26,86.42,10.57,8.55
dd7a1485-03c0-476f-8de1-6405ac0d2304,Busan,2025-10-24,Rain,18.91,15.87,89.31,26.89,11.77
b5c4402e-c787-405e-b894-afe3420d91a3,Mumbai,2025-04-24,Rain,33.1,30.69,36.46,32.76,10.54
8a24a553-5ea7-4438-aa1a-d6080925c9c5,Shanghai,2025-05-21,Cloudy,30.32,2.85,55.96,13.58,5.29
6d0080a2-612c-43ce-a418-fa7dfddc6a66,Mumbai,2025-11-11,Rain,17.0,20.53,54.96,24.12,11.75
b44f9595-1906-4f24-8df2-915e4d6971e6,Frankfurt,2026-04-16,Rain,11.4,8.91,57.77,33.45,6.66
bd0e466a-62ea-49e5-a072-8aa4aeb7100d,Shenzhen,2026-01-10,Rain,11.74,18.3,41.04,34.26,9.8
359e1c69-daea-4909-a997-03609e450a85,Ningbo,2025-03-08,Clear,33.59,0.0,72.07,6.42,7.47
b332eccf-4451-478b-8683-18cb6aab5548,Shenzhen,2026-04-28,Clear,23.87,0.0,54.91,34.24,8.41
5d10d498-9294-4c10-b561-17a22a43dc03,London,2026-06-26,Cloudy,20.86,1.67,51.32,18.82,11.88
56d35e34-a131-45e3-ab9f-4a5f7e01f620,Abu Dhabi,2025-01-05,Clear,28.52,0.0,95.0,31.95,12.87
b2c726e9-e3c4-410e-b28d-d6737b0ea1be,Dubai,2025-01-07,Heavy Rain,24.28,105.8,32.51,24.46,4.07
090736c5-5a60-443d-a41a-253f1d864e82,Abu Dhabi,2025-01-13,Cloudy,31.96,2.52,34.94,11.05,11.47
aedfc911-b983-4c9d-8f05-5c62e42ebaef,Yokohama,2025-11-04,Heavy Rain,13.51,71.66,66.24,12.58,3.29
436f19d2-dc83-4b9a-8b12-d93dc5cdd57b,Chicago,2026-02-08,Clear,17.79,0.0,63.03,30.38,9.99
b93d4739-d6c2-40a7-b199-9308519d0c3e,Incheon,2026-02-13,Cloudy,35.42,1.74,64.53,10.93,8.83
031a3034-c452-45ed-bb97-c34ab1e17fdb,Hamburg,2025-05-10,Rain,25.05,33.33,60.59,23.1,11.92
8692c186-9b42-4c16-a57a-218b4deb8d88,Incheon,2025-02-17,Heavy Rain,26.54,91.47,49.98,27.26,3.13
7b3db9cd-cebf-4fb8-90c1-7cf3e81affee,Tokyo,2025-09-17,Rain,19.01,34.94,73.41,26.08,14.5
de2166ec-5ee3-4a9c-a6f0-8f9ba0b6ad47,Dubai,2025-04-02,Clear,30.22,0.0,63.53,8.28,5.62
a47fc6d9-00cc-4b9b-8a65-40ad03b14431,Dubai,2026-01-10,Heavy Rain,18.93,95.75,47.73,31.87,2.77
33d380f9-0722-456f-b88d-03184007b161,Los Angeles,2025-02-21,Cloudy,21.88,1.21,38.86,29.59,9.85
ae5e2a61-9e3e-451f-8b56-f4dfbe2264b5,London,2025-08-23,Clear,25.13,0.0,84.21,11.17,11.02
6d1b7e8a-ef3d-450a-9a39-31ad2a1643ee,Rotterdam,2026-03-23,Cloudy,26.42,0.73,73.42,17.74,12.34
e58afc1e-8f70-4709-8356-63a2d996f3a0,Singapore,2025-07-02,Cloudy,26.86,0.21,31.28,19.13,8.54
b1ffd017-a24e-49c7-a41a-e6738a8c4dab,Hyderabad,2025-08-20,Fog,5.03,8.99,53.13,26.93,0.86
ee14ec1b-c9bd-4d10-8b94-dbe856ba4d32,Sharjah,2025-01-14,High Wind,18.0,0.72,75.93,35.9,5.33
e73f7dd2-fabd-475d-a9f6-507797d0de25,Felixstowe,2026-01-12,Rain,20.46,24.7,30.37,10.53,12.65
d0876286-6a8b-4749-8518-f533f35b29b1,New York,2026-03-24,Clear,22.06,0.0,89.7,33.15,10.03
32ddf1d7-c761-46d7-9f3e-795e77b311e1,Yokohama,2025-02-10,Clear,17.44,0.0,78.35,30.29,11.21
5a813699-27da-4b53-b59a-90ef250a59fa,Delhi,2026-01-04,Clear,31.89,0.0,40.16,33.78,7.54
73af3427-304c-4529-ace1-1f6686002084,London,2026-03-18,Rain,17.99,18.03,91.94,25.44,10.44
4cb4cd9c-3573-4803-8caa-c34413f4f6c9,Abu Dhabi,2025-03-31,Clear,18.14,0.0,53.08,33.88,12.36
939ebf91-f8c6-412f-bb7f-258dba4fea3b,Hyderabad,2025-06-26,Rain,31.18,29.06,79.37,33.63,5.76
36d344e7-4fab-4a03-8dbf-b9501b0f9cef,Kolkata,2025-01-13,Fog,10.4,9.45,75.35,32.74,0.36
05aef75a-c36d-48f2-95c5-c813a030142d,Chicago,2025-12-17,Heavy Rain,15.48,36.18,48.43,19.75,1.5
88ac1d44-640d-417e-8484-47f8188ac25b,Abu Dhabi,2025-02-22,Clear,25.14,0.0,74.96,11.66,9.92
d62d7390-695a-4a38-b5bd-607a18a96d88,Bremen,2025-06-09,Clear,31.8,0.0,88.46,20.41,7.36
82eb1b0e-eaee-4ec7-8926-631aa6ab7f6f,Hyderabad,2025-09-08,Fog,4.47,0.07,70.72,12.22,1.77
65297cf7-ff26-4bac-a6e3-8c65f35310cd,Tokyo,2026-01-09,Heavy Rain,33.21,53.04,76.11,4.2,1.47
d533e7f0-6454-4f52-8af5-1986384a0db4,London,2025-02-17,Clear,15.73,0.0,64.81,27.15,8.57
98ff6811-c974-4ec8-8d29-612a291e9a19,Tokyo,2025-08-26,Clear,11.24,0.0,91.26,27.18,8.46
1e01c5c9-570d-457a-8598-f80a6e4974ff,New York,2026-05-07,Rain,13.0,27.83,75.76,5.32,7.36
4bbb2044-cc08-46ca-ac09-9b907cc2792b,Delhi,2025-06-07,High Wind,29.42,6.07,71.41,66.36,6.15
a4d737bb-8d55-435f-9d50-bd85efe489c5,Chennai,2025-04-11,Rain,15.5,33.27,35.23,10.7,13.78
0e759a9b-1988-4989-a94f-2ca10ab1df14,Bengaluru,2025-05-20,Clear,10.19,0.0,59.49,30.45,9.75
33254f53-c6c5-40e3-91cc-da390b808848,Delhi,2025-11-05,Storm,30.36,54.08,36.73,52.64,0.64
e8a4c55d-b587-4863-b0c0-cc16f95a4108,Yokohama,2025-12-12,Clear,11.13,0.0,85.94,23.49,13.96
bc0eb0a1-d66c-4b7c-91ce-6c729d97fa49,London,2025-09-11,Cloudy,19.68,3.17,39.81,34.65,14.73
49c02bc4-792b-410e-8a6c-5e8f230cc829,Los Angeles,2025-10-02,Clear,15.75,0.0,83.17,25.93,8.63
a1011ac9-9230-4805-bd0a-7411e9606e6c,Houston,2026-06-02,Rain,10.95,10.85,72.89,16.81,8.18
f840144e-5a48-41e8-894f-e985aeb91840,Dubai,2026-02-08,Heavy Rain,16.92,94.95,76.09,14.89,3.6
72a0a04b-7569-492b-8ffc-f1bc2032ef79,Guangzhou,2025-03-23,Heavy Rain,34.08,60.96,62.95,16.39,3.75
5a3b731b-7f01-4a1b-9fe6-2065ac86faec,Shanghai,2025-07-07,Clear,21.51,0.0,42.32,11.91,5.93
f32c892c-aa3e-45cc-b2b9-62cdcf754cf4,Shanghai,2025-03-31,Clear,16.02,0.0,59.23,11.33,10.91
63d22f40-8956-4837-80b6-4e18f8cfd3e8,Houston,2025-12-13,Clear,24.17,0.0,78.61,20.78,11.67
5d409f05-9fdb-4146-8977-486a3a5441d2,Shanghai,2025-06-17,Rain,21.89,25.73,51.08,28.52,14.13
638073c2-6f9d-4b8c-b3ff-f6f9e0ca3a0e,Houston,2026-01-18,Clear,31.41,0.0,52.2,5.45,13.76
574faf8d-87c8-4248-82a0-be5a7ef11d83,Shenzhen,2026-06-17,Cloudy,31.75,2.06,84.94,19.44,11.84
3d03a67d-c963-4caf-8379-6e4fc88ed16a,Yokohama,2025-07-15,Heavy Rain,33.26,37.61,45.22,8.41,2.84
3fa14746-0350-4261-88ec-001b338305a0,Bengaluru,2026-03-08,Clear,12.9,0.0,78.05,5.06,10.91
a7fb9c4d-b006-4077-9dfc-728430cfd54e,Shenzhen,2026-01-29,Cloudy,29.71,2.31,53.36,6.31,8.73
bde6035c-5ae6-4fba-b8c8-ec22db570960,London,2025-08-14,Cloudy,16.24,1.79,74.38,21.8,9.5
ec74c90f-33d0-4baf-a87d-08766b71410f,Osaka,2025-04-03,Clear,11.77,0.0,59.98,14.32,5.04
7231104f-4028-43e0-a7ad-33b25fe7be66,Kolkata,2025-03-04,Clear,24.97,0.0,43.29,27.28,14.43
232db178-3a1e-467e-ad25-116bceb748ec,Sharjah,2025-06-11,Clear,17.33,0.0,81.75,3.59,11.67
5b459e9a-098f-4efd-bc23-7db8eec823c7,Ningbo,2025-11-04,Storm,31.6,37.75,35.95,64.03,1.45
fb9c1124-045f-4262-835d-5d600699a15b,Incheon,2025-09-01,Clear,11.06,0.0,44.88,30.81,5.12
b009bfbf-fe9d-4257-ad9c-ca15ca9e8f0d,Singapore,2025-01-20,Heavy Rain,25.0,84.75,45.6,9.67,4.92
5b6ee4d6-57a1-494c-844e-8d59aec68d3c,Kolkata,2025-06-29,Heavy Rain,10.5,108.45,50.52,15.32,3.4
c0d2da3c-811b-447f-bc73-eb6cc2717678,Ningbo,2025-03-04,Clear,17.44,0.0,64.65,4.41,6.45
c5c5febc-4aca-458f-87a7-24a0c57647c6,Amsterdam,2025-10-29,Cloudy,25.75,4.0,75.68,10.68,14.59
87786a6b-7c91-4a07-94e0-cbf20663a6cf,Mumbai,2026-02-27,Clear,17.95,0.0,37.95,30.03,8.55
0010bb50-afb4-462f-afa6-f482f2ad1920,Seoul,2026-01-22,Rain,17.78,11.05,51.54,31.97,10.6
09118f5f-ccd2-4ee4-8c3a-3ada33823f42,Chennai,2026-05-31,Rain,15.39,8.01,81.32,21.34,6.59
1253af34-c6c9-4e05-b4b1-c113e2760236,Singapore,2025-06-06,Fog,8.83,11.5,69.87,13.27,1.62
020d70c5-03de-40e6-9fe8-a2e817104efe,Kolkata,2025-11-19,Cloudy,24.15,3.96,42.77,33.48,8.7
d7cded02-5e12-44d0-b3de-f3b98c7d944d,Rotterdam,2026-06-03,Clear,35.46,0.0,30.17,20.34,12.08
61e0f773-7420-4c30-885b-919e8c984b74,Shanghai,2025-03-17,Clear,29.32,0.0,44.46,6.82,10.13
c83a1be3-48d2-434d-bb81-b6678ff0a9a5,Chennai,2026-03-18,Clear,16.4,0.0,69.26,10.21,9.55
bb485356-9a29-42f8-99b1-f99c002f7767,Seoul,2026-03-17,Cloudy,22.66,1.14,59.64,22.01,11.72
e905f872-b7bc-46cd-8592-37b6dfa2f673,Abu Dhabi,2026-03-30,Clear,15.48,0.0,85.44,9.76,12.42
e507175d-8470-4530-8751-c4a959523cc3,Los Angeles,2026-06-19,Clear,15.74,0.0,42.43,16.83,6.48
ee03d5d1-b8a5-4546-b82d-ff40d133fb92,Bremen,2026-04-01,Clear,14.06,0.0,81.12,30.95,14.38
ccefbae7-4583-4f95-92e4-9f0b025cb050,Hyderabad,2026-04-23,Fog,5.18,5.27,56.3,16.48,0.81
a793ba43-7024-4104-b222-c47bbb78a228,Bremen,2026-05-20,Clear,24.16,0.0,40.12,14.4,6.22
15e3c4d6-72cf-42d4-a74b-354401810c34,Abu Dhabi,2026-03-11,Clear,29.02,0.0,30.11,19.85,5.25
3a8d8567-fad6-4361-a234-3862d38aa2ff,Felixstowe,2025-08-22,Clear,30.74,0.0,32.64,5.17,13.73
338948ab-57a9-41b1-9c3f-8fa7b7388ba4,Osaka,2025-07-05,Clear,20.56,0.0,31.16,3.08,10.46
5b7b0af8-0c71-42ca-82b4-b938dc6fa03e,Hyderabad,2025-12-22,Rain,19.72,15.3,72.88,15.39,12.19
3d7d51d8-61ce-4008-9120-681277fbc2b4,Chicago,2025-02-03,Clear,15.15,0.0,55.56,17.11,14.79
923cbfaf-4b13-4d7f-83ec-dc5dfe3e7282,Singapore,2025-01-05,Clear,13.95,0.0,58.66,22.77,14.16
966f7953-e114-4fc4-8c59-8d9fb89e6c8b,Chennai,2026-05-26,Cloudy,26.58,3.39,74.54,19.71,6.28
cf1942a3-3f46-46fc-9bf2-81de719f2954,Singapore,2025-12-02,Cloudy,15.55,3.61,89.19,7.08,6.86
cdfc5d76-c062-4054-a8f8-d45d288895b8,Abu Dhabi,2025-09-22,Clear,22.55,0.0,87.19,24.44,12.91
e8a6fb88-1faa-41a9-8f05-5452af6c9608,Mumbai,2025-05-30,Cloudy,16.71,0.9,32.1,11.84,7.96
2af88029-161a-4b42-a455-5a299d90530a,Ningbo,2025-09-21,Rain,21.94,13.73,64.35,6.03,7.26
b05df838-86bd-4036-95b3-75f701e48189,Ningbo,2025-11-05,Heavy Rain,22.24,107.3,85.05,9.87,2.84
5b7a96fe-edf8-4384-9016-ea86c2bdadfd,Frankfurt,2025-07-15,Clear,24.79,0.0,38.27,8.91,9.46
d382ea3a-4414-4a4b-a41f-df2cbca72b27,Manchester,2025-04-26,Heavy Rain,28.83,76.49,94.03,19.57,1.54
5196ceec-bfdf-4e65-b064-5179f9cbfea9,Osaka,2025-03-16,Rain,16.03,8.0,63.11,5.53,8.32
8bbfe14b-6126-4a53-9391-76158c7bae58,Chicago,2026-04-22,Rain,15.96,12.61,68.25,22.08,12.92
4da6d954-68d3-463f-8d8f-a5976c61a3a6,Incheon,2025-07-14,Clear,11.2,0.0,41.98,25.85,6.47
aea15da1-7e4f-4d5a-a962-8891c1073d17,Kolkata,2026-02-28,Fog,17.65,6.47,36.8,20.86,0.65
32e96fd8-4e37-45fd-b955-ccb31f2675b0,Seoul,2025-04-09,Clear,19.47,0.0,93.48,29.14,14.06
313ae6a6-5df4-418c-9d74-f2d7496f72da,Felixstowe,2026-03-02,Cloudy,11.75,1.61,34.72,21.97,7.5
0e74d318-e878-4192-9d7b-a253c6f60619,Shenzhen,2025-03-27,Clear,33.88,0.0,36.89,8.99,9.28
bca9c981-92d5-4322-abad-255019c2a767,Osaka,2026-04-14,Clear,23.9,0.0,65.94,6.92,14.16
2af92f6c-aa43-4093-891a-5785aa0dd9ce,Hamburg,2025-12-08,Clear,15.59,0.0,90.34,29.41,7.88
3098972c-58cc-4b1c-8e39-0ccc9dd69036,Busan,2025-12-23,Rain,12.93,19.94,92.16,30.18,11.82
5331bc3e-5d6e-43b8-94ba-0a1affe182d9,Abu Dhabi,2025-11-21,Clear,33.52,0.0,45.44,15.38,14.28
b0d30c8f-5da9-430e-9cc1-877e52e98e1e,Chennai,2026-01-30,Fog,6.44,1.19,58.63,6.61,0.71
df0ebb60-6e2a-4870-838e-55b5234d83db,Frankfurt,2025-08-23,Clear,16.07,0.0,58.76,31.2,11.11
70abc334-4f3a-4322-a4d4-6cba15c6f6b0,Shenzhen,2026-03-04,Cloudy,26.94,3.93,94.39,14.27,10.23
7be561dd-6a02-4e97-b5a7-698d6197dd96,New York,2025-04-19,Cloudy,16.95,0.16,64.06,9.25,8.07
512eac2f-f8b0-44c9-8099-662e4d5e75e9,Bremen,2025-06-21,Cloudy,12.46,3.29,85.81,12.74,10.77
3d873ed5-5335-454f-8756-519ec85cb868,Shanghai,2026-01-31,Clear,28.34,0.0,49.13,25.4,9.11
d476a413-5792-4174-9961-cf3e87b02ff0,New York,2026-03-12,Rain,33.57,23.5,84.17,7.94,12.78
2ee92ff5-cabb-477a-bbf9-c73350ddaaae,Guangzhou,2025-12-13,Cloudy,22.16,3.76,81.46,27.16,12.58
5747011f-17da-47d7-ad17-22b10f09a64f,Amsterdam,2026-02-06,Clear,21.84,0.0,70.67,17.61,13.05
c9f83208-41eb-480e-aa76-cb7f6a16e289,Shenzhen,2026-04-17,Storm,28.18,128.88,41.6,64.51,0.7
40b1d32f-64c3-4700-b351-3e34e17a8862,Incheon,2026-06-03,Cloudy,20.42,2.52,89.43,32.31,5.12
d4e36313-d4ab-45f6-8157-2d3ec10bd225,Busan,2025-03-30,Rain,15.84,20.75,90.38,31.55,9.28
0507eefe-e2c7-40bf-8e8a-d5aa924f8c53,Mumbai,2025-03-16,Cloudy,29.55,2.82,60.44,24.99,12.79
9e3d43b5-f866-40dc-afa1-be7beee4e277,Busan,2025-06-26,Heavy Rain,13.42,86.02,87.05,31.51,2.5
51be2f39-7449-4488-a550-966ab53e042c,Sharjah,2025-11-01,Heavy Rain,17.56,69.3,71.97,21.52,2.65
6652157a-d04a-4e03-9ca0-e391a1fad82c,Dubai,2025-04-08,Clear,34.1,0.0,41.55,26.76,5.87
46f2c849-6cfb-4f48-a3c7-644c7ec1544b,Busan,2025-08-17,Fog,15.34,10.86,87.71,14.41,0.53
002a29dc-bb0c-441d-84e1-88fed39c9411,Ahmedabad,2025-11-25,Cloudy,19.85,1.13,34.17,15.68,10.08
c7e9de1a-585e-4a95-be44-9cd2b2b1acd4,Bengaluru,2025-09-02,Heavy Rain,12.9,78.6,91.14,22.83,4.21
131faf4f-59d2-4d77-a27a-0cb5c9096118,Osaka,2025-09-11,High Wind,23.69,10.51,43.82,49.63,13.73
e96ec1ed-d3e4-49bf-aed8-a7ca7ef0f8a7,Chennai,2025-04-09,Fog,11.93,9.72,64.37,3.3,0.44
deb3b2a4-b5a2-4423-8015-71fd03b91deb,Incheon,2025-09-28,Clear,21.87,0.0,30.03,13.21,9.68
a410cc1d-799e-449e-8ff1-c665647d1134,Dubai,2026-01-06,Cloudy,22.49,1.49,31.18,22.93,9.55
468b3138-2178-4815-95d0-8aefc3d31bc9,Osaka,2025-12-29,Storm,24.3,124.87,70.9,84.29,2.3
0c7ca219-0bd7-4243-a295-e217f5a60aa8,Abu Dhabi,2025-07-07,Clear,16.01,0.0,75.42,16.68,12.2
fc78ae52-b8b0-4f25-82ff-afd3664f4bcb,Seoul,2025-04-04,Storm,27.65,103.0,48.06,48.96,0.57
60eb09ff-27c6-4455-b3d9-1b42a7ed68e5,Bengaluru,2025-08-11,Rain,34.3,15.68,88.84,4.63,5.67
7ebc18fa-2b92-4e4f-b6e9-cd67178cd189,Mumbai,2025-04-20,Clear,28.25,0.0,80.24,16.72,13.17
da878dad-6fd5-4319-a790-db3a9e1298b3,Houston,2025-05-11,Clear,16.91,0.0,41.48,17.51,12.4
03c310d6-99bd-4947-957a-ca604030e6f3,Rotterdam,2026-04-27,Clear,15.35,0.0,65.58,7.26,8.87
4c890618-245a-45e8-baa4-a215f7274967,Ahmedabad,2026-05-21,Cloudy,17.74,0.76,86.47,17.03,8.65
7bb62888-5d2c-4c36-aa23-5931600b6acc,Chicago,2026-05-13,Heavy Rain,11.9,81.41,85.03,10.85,1.99
d607d196-e01b-4a87-9bf3-33206bba62e6,Seoul,2025-12-30,Rain,33.67,7.01,70.81,31.37,14.88
053ffb35-168b-4cd0-97b4-fd777bbac31f,Frankfurt,2025-05-27,Rain,10.03,9.61,77.6,14.26,12.77
d1804c58-5e5d-43fb-aa08-7cea5a0ef466,Bremen,2026-03-31,Heavy Rain,12.97,67.73,61.22,22.16,2.47
dd38ee64-53fb-4447-b6df-14e6a43c0020,Sharjah,2025-10-07,Clear,14.22,0.0,90.06,20.7,6.51
0559cad9-881f-4b4a-82ec-5e461b941581,Dubai,2025-08-04,Heavy Rain,18.3,88.93,72.69,16.57,2.6
93a61ca5-82b8-4da3-b8fd-7e22a98c41c3,Mumbai,2025-04-13,Storm,19.42,119.23,36.28,79.97,2.34
15cf2d9a-b60a-4566-8755-a05dc47f05e5,Manchester,2025-07-26,Clear,26.52,0.0,67.12,31.46,7.2
e57d0469-2138-449e-afb1-dafbda61f03e,Shanghai,2025-11-17,Rain,34.64,29.7,92.34,25.48,9.11
167276e5-7441-4425-93c6-4ffedf2f937e,Chennai,2025-05-10,Rain,33.55,24.53,50.7,10.04,9.21
b85f88d7-168f-4c3a-9f57-6bced285f4b4,Tokyo,2026-06-23,Heavy Rain,14.19,76.35,88.97,17.27,1.52
78291728-6c5d-4908-af41-492f84d20b2d,Bengaluru,2026-03-18,Clear,11.44,0.0,32.95,17.49,10.49
77efd2a2-36cf-4c3a-9a4d-771a4d3426f8,Abu Dhabi,2025-12-08,Storm,22.75,93.77,50.31,91.08,2.13
7049917c-bbab-4349-a0b2-0790314469f9,Sharjah,2026-05-13,Cloudy,14.42,1.4,86.57,4.31,9.57
20d41af8-fa16-4535-a69e-20d2ceb5da9b,Ningbo,2025-12-13,Clear,17.29,0.0,81.54,11.57,8.1
aeb6aeea-f0b8-4777-bd43-3b5a774c2798,Incheon,2026-02-13,High Wind,12.71,5.92,75.37,55.79,7.5
a24d2092-6074-45e6-8501-11b204eb6c4b,Kolkata,2025-08-29,Clear,10.35,0.0,88.75,9.97,5.54
df83c156-c8d4-4385-ad34-294d3fae262e,New York,2025-06-18,Rain,31.47,11.95,71.2,8.19,14.95
74a5cad5-29fd-4e57-a321-afa80e19bea7,Ningbo,2025-07-09,Rain,19.64,23.69,37.92,10.15,7.63
3d21e26b-5970-41db-b249-7de227f693d0,Chicago,2026-05-16,Fog,4.55,4.59,34.71,27.29,1.81
a6105cd6-e52e-4f5d-9388-6f8837f3ea7c,Felixstowe,2025-04-02,Cloudy,35.27,2.31,90.54,9.38,11.22
0800454a-ebd7-4dac-b774-66df7b66f027,Yokohama,2025-12-31,Fog,6.13,7.19,66.29,22.69,0.21
31b18518-ef78-411d-af23-e94deaf2d2d6,London,2025-11-06,Cloudy,30.13,0.69,54.16,8.03,6.25
9dde3605-3541-4404-8535-979375f5dd26,Mumbai,2025-05-12,Rain,24.97,34.51,65.64,6.52,10.87
451c46be-9ec7-4a7c-b1ba-b7c840d1fd63,New York,2025-07-27,Cloudy,29.85,0.19,81.86,8.52,10.75
388932ff-da05-4959-b4d8-ee37b14ae9d0,Seoul,2026-03-16,Heavy Rain,27.19,116.66,58.2,15.33,1.82
85928d37-2f33-4896-8ca6-87ddb0340c51,Los Angeles,2025-08-08,Heatwave,38.59,8.43,64.09,29.02,10.52
9356ac56-7da9-46b4-8f9a-d37fc96d4d19,Yokohama,2025-05-05,Clear,27.22,0.0,70.41,7.64,9.22
61af5dec-8f77-4302-92a9-154837196bcf,Busan,2025-12-31,Heatwave,36.22,3.54,78.11,16.01,14.04
d6fa58c2-dd7f-4cea-8d5a-8d246a3a1f93,Tokyo,2025-08-11,Heavy Rain,11.52,55.42,85.87,25.52,3.8
a484a064-9ce9-434e-aa73-a36c644b29b2,Busan,2025-07-30,Cloudy,21.78,3.61,40.57,7.97,10.35
289eb7fb-9a3d-4bcd-916b-edf85f21744e,Tokyo,2025-07-03,Clear,32.86,0.0,33.66,24.84,10.64
45d3755b-8b41-4438-962e-9e1d1f22a668,Bengaluru,2025-06-04,Fog,9.19,0.07,62.77,17.82,1.55
0280b85e-38ad-4430-a5dc-031d12a0f2f6,Hamburg,2026-03-10,Clear,22.41,0.0,68.44,25.67,11.77
316a66ad-c289-440d-8882-25634c8386f3,Incheon,2026-05-24,Clear,25.08,0.0,54.13,27.77,7.32
6f585a5d-32ca-4863-8f58-43d9219a3421,Frankfurt,2026-01-18,Clear,20.34,0.0,54.92,15.64,9.75
aadf448a-404d-4251-96ef-3c5dbfb38ab9,Bengaluru,2025-01-11,Rain,29.35,19.69,71.63,28.48,11.33
88310136-87d5-4d15-9bc9-4b296bc81de8,Ningbo,2025-07-30,Clear,18.97,0.0,92.7,15.26,12.84
68813e24-6fdc-46b4-b522-408049e9e605,London,2025-10-10,Rain,27.78,30.89,45.24,29.03,11.48
d387e86c-23b8-4b76-9cfd-12c64913cbca,Busan,2025-11-28,Clear,23.18,0.0,47.47,6.88,12.38
4160ed4e-8375-46c7-8864-791e278cd4bb,Frankfurt,2025-05-01,Fog,7.64,5.57,84.49,12.19,0.62
c9fc0d5b-5f12-4de6-9064-f3ecea12614e,Bremen,2025-01-06,Heavy Rain,12.39,111.46,57.19,25.18,4.57
7850d21d-329d-4f00-96d8-b6cbf0abd136,Hyderabad,2025-07-02,Clear,18.59,0.0,30.69,17.31,9.28
6f61c42c-996a-4176-bff8-24031dcf7284,Ningbo,2025-04-05,Clear,29.96,0.0,54.64,27.7,5.01
7b3a519a-d962-4cd8-b3ed-3a03a6ac4027,Mumbai,2026-03-29,Fog,8.71,8.93,70.02,34.2,1.78
991fade3-26fb-4f81-b867-03f42fc2eb90,Bengaluru,2026-05-14,Clear,31.1,0.0,91.69,3.74,10.62
97551f90-c845-47e5-ba44-b17fd9e4a77f,Bremen,2025-08-31,Cloudy,29.36,0.38,35.22,16.52,13.0
562f1b51-acc4-4422-8623-02787c67d9c5,Yokohama,2025-06-18,High Wind,12.57,0.02,52.88,55.78,9.34
4ac6a0db-8cba-40fc-becf-d0e598fb4dc9,Guangzhou,2025-08-06,Rain,14.75,14.33,77.24,11.7,9.72
d7b6bad8-d10a-4372-84bb-8e83e34501ed,Sharjah,2025-08-09,Cloudy,26.16,0.58,54.89,21.19,5.4
3e09d169-311b-45dd-adfb-04672ba028f5,Felixstowe,2026-01-28,Rain,19.13,25.71,51.37,13.71,14.38
d58f48d1-0e2b-4e55-bd4f-660f77c25f21,Sharjah,2026-06-28,Clear,12.53,0.0,52.83,27.65,14.85
579e616c-fb12-428c-9451-887762c21256,Delhi,2025-05-21,Fog,4.7,11.37,90.2,17.03,1.95
4469d60d-aa31-4bf5-a83e-270d035371d0,Ahmedabad,2025-03-03,Rain,18.51,33.42,53.44,29.56,13.64
87173754-f47f-46e9-8818-a2cf320e5730,Yokohama,2025-02-25,Clear,13.74,0.0,67.73,28.56,9.99
e6a53dd9-bcea-4944-b984-0b5ce1b5cdf4,Busan,2025-07-07,Cloudy,31.1,1.67,58.37,11.18,8.62
f7b3c154-42e4-4944-8103-e72707f7971c,Delhi,2026-03-29,Clear,31.06,0.0,58.88,22.95,8.69
7530e15e-43de-49cb-b0c9-526606ae20b6,Osaka,2026-02-08,Cloudy,17.76,2.8,74.77,13.43,10.39
e09bdc0b-e456-45e6-a4dd-88832b1aed72,Bremen,2025-09-17,Clear,30.07,0.0,70.22,30.03,9.26
90c859e5-5e94-45ce-8bbf-a495a08fcf6c,Yokohama,2025-11-10,Rain,23.45,16.5,35.92,5.8,14.58
32c79806-5dd5-42e4-8579-4c347999e765,Manchester,2025-12-20,Rain,15.37,34.45,31.03,32.58,13.97
aad6c4f1-272f-4c06-960b-1b4c212e5b47,Ahmedabad,2026-04-24,Heavy Rain,11.35,55.18,45.23,20.44,2.6
088d8564-ba95-489d-b34f-b196366e047b,Shanghai,2026-06-21,Clear,16.49,0.0,49.49,31.73,5.23
254805c2-ed2d-435d-b68b-7583bf0921f3,New York,2025-10-12,Rain,27.02,8.77,90.73,21.5,7.17
d7c7e275-ad98-4c1a-892c-8ea22b0f95a6,Chennai,2025-04-08,Fog,15.93,4.22,61.03,29.46,1.92
36946669-4157-4279-870c-23453b135d62,Bengaluru,2025-05-04,Rain,18.94,23.17,66.62,17.49,11.52
7617f6a6-951b-40a4-b1b8-a2a47ddf31b4,Dubai,2025-12-21,Clear,27.08,0.0,72.03,7.06,12.49
4825334b-b0b9-4b8f-86cf-9fa5c93e2b99,Shanghai,2025-11-15,Clear,29.51,0.0,66.38,9.8,14.14
93d60683-9122-4cdc-809b-5010a2e26903,Sharjah,2025-05-03,Rain,25.79,7.05,93.99,33.73,9.66
d5c33e2a-f126-43b0-abbf-4e5668ca983a,Chicago,2025-09-24,Clear,29.24,0.0,41.96,27.24,14.51
65351a0d-6269-4f18-a352-a591caab768e,Seoul,2025-03-07,Clear,11.17,0.0,68.1,13.88,5.78
58027fc2-e367-40b1-aae9-bbb8ba3dbb38,Shenzhen,2025-10-26,Heavy Rain,20.8,98.7,76.89,31.49,2.95
f42fbf6f-6d87-4a2d-9100-1bd155a6a32c,Abu Dhabi,2025-03-01,Rain,21.15,13.16,64.02,4.83,13.74
00c31894-07ed-4ecd-bdbb-24a642f8550d,Shanghai,2025-02-01,Cloudy,15.15,1.78,38.58,33.49,6.15
71d5c108-0a8d-4df3-8329-9dd1debaa98c,Hamburg,2025-11-25,High Wind,26.7,8.85,52.86,47.3,9.42
547ad6f7-bccc-4776-8af9-dee67a31b854,Felixstowe,2025-02-23,Clear,18.82,0.0,61.48,10.57,8.55
afb13aa1-d200-4c23-83ec-1471f34042ef,London,2026-06-16,Clear,19.44,0.0,31.72,30.42,12.44
14f7f03d-667a-4eaa-9376-b822d4fba72b,Abu Dhabi,2025-09-02,Rain,23.85,29.58,58.84,18.55,12.92
c63235c2-9292-4716-bc30-a655c48c50c5,Sharjah,2025-12-08,Storm,23.52,147.05,41.13,90.2,1.44
50ac6b67-7c2f-4fde-8d59-49332804122a,Houston,2026-03-28,Cloudy,11.2,1.14,63.04,3.68,12.79
ecef4aef-e02f-4cdb-9ec3-ca40a0f3a73f,Busan,2025-02-07,Cloudy,28.99,0.67,52.91,5.48,13.33
95e8676c-db65-49a4-bdf5-a70312783501,London,2025-12-02,Clear,14.22,0.0,59.2,20.67,12.46
cd90b77b-51e9-46c3-b889-7a452f1f397c,Bremen,2026-06-11,Rain,17.88,17.61,48.34,3.21,8.4
ee099321-2772-484c-bf89-e67bfd171d97,Yokohama,2025-09-09,Clear,32.55,0.0,30.33,25.57,12.17
e7bf9072-d098-46fd-a661-abf0df0e9d67,Dubai,2025-05-21,Rain,21.12,16.84,65.38,22.49,10.52
1102011b-979c-4ad0-b35f-cad56d7ab92d,Sharjah,2025-02-08,Clear,19.36,0.0,64.9,18.6,9.02
fe59f14e-cebf-4c53-8850-9ba8ddb56238,Dubai,2025-12-30,Heavy Rain,32.36,74.48,81.38,11.16,3.92
d81a8f7b-6734-477b-8e84-7672190d019b,Osaka,2026-05-09,Heavy Rain,27.69,109.35,51.26,20.12,3.51
142f0c3c-4aef-4d77-8407-09d7d9f7fd6d,Delhi,2025-06-07,Clear,20.36,0.0,88.38,8.43,7.5
f280d7a3-3961-4c74-8ca3-1a4a0cb9c708,Chicago,2026-05-03,Rain,23.95,22.1,58.2,9.26,8.48
2caf194c-e6dd-443f-bc73-6ca6ea5d2b30,Ningbo,2025-12-20,Cloudy,34.63,3.65,62.82,31.36,9.15
a9bb8aed-4dc0-4c09-8d92-eb4f44e20c89,Dubai,2025-08-17,Clear,20.54,0.0,89.26,19.78,10.06
295f9e8e-f0d6-427c-9631-267638e941cb,Ningbo,2025-10-26,Cloudy,17.86,2.07,49.65,34.53,5.34
c7402327-fab9-462e-9c0b-ff76c1e02602,Guangzhou,2026-06-21,Rain,27.52,25.47,50.52,17.31,13.04
767dc673-b8e0-4e82-8aff-3bc08f4f2366,Rotterdam,2026-05-14,Clear,20.4,0.0,49.19,15.24,9.37
fb5be1d8-d276-45e0-a77d-919cfe7a3468,Bremen,2025-07-17,Fog,13.8,6.13,30.34,18.23,0.63
246f210b-b334-49cf-b10c-bb140b65ad9d,Seoul,2025-06-03,Rain,31.34,12.34,77.92,13.64,12.18
96244c46-7a08-42ce-9c81-93408c64b7bc,Chicago,2026-04-22,Cloudy,30.21,0.81,41.71,32.49,10.53
4c5070c9-0af6-4aa2-87f6-04c0920e23d8,Hyderabad,2025-06-09,Clear,26.58,0.0,65.36,20.79,7.97
1ce41a14-8e85-4b2c-9da9-a09a7896506a,Houston,2026-02-26,Clear,13.85,0.0,61.54,5.07,13.38
0e581ac1-b62e-4958-9c47-2edfcc41a827,Houston,2025-03-19,High Wind,25.91,2.62,66.73,37.7,10.05
b8deba20-2ded-4481-9883-86b5fa56c95b,Tokyo,2025-07-19,Cloudy,20.52,0.74,49.68,23.1,13.17
7d8fabee-f5c2-42cb-a279-00302216b557,Seoul,2026-02-16,Clear,20.44,0.0,35.69,18.68,7.89
fe8cc3db-1a48-4877-afe6-ba6519136bb8,Singapore,2025-01-24,Clear,14.39,0.0,31.53,15.42,6.52
1edce361-e4b9-443e-8d57-74d1d790f030,Singapore,2025-09-12,High Wind,25.46,5.94,87.7,40.16,14.42
94e10405-fa51-4574-b83f-a3b4a720ed66,London,2025-04-16,Rain,10.01,28.38,58.07,12.57,12.21
d9a2d9d5-ecfd-4d9a-9aa9-a590edd574c7,Felixstowe,2025-03-30,Rain,17.25,29.2,40.36,10.75,10.76
eca89ccd-b9c0-448c-a826-f9fec435d47d,Delhi,2026-03-23,Cloudy,26.46,1.26,60.24,28.95,6.31
83256937-1387-47a9-93a2-82f5da8be6de,Shanghai,2025-02-13,Rain,29.1,15.38,53.76,6.89,6.69
04d33a6b-566c-490a-b51f-3e0d829d28b1,Hyderabad,2026-03-05,Clear,21.68,0.0,46.94,11.66,7.85
dd685e43-160b-4a34-8ef8-1a08d76c78d6,Houston,2025-02-05,Storm,22.37,58.45,49.84,74.51,2.22
adb8cade-5bb9-4c04-b21c-3a967057e839,Hyderabad,2025-08-11,Cloudy,35.74,0.14,36.82,34.36,7.97
6e93e6e6-9411-4318-be34-7de50b4e880a,Sharjah,2026-05-23,Clear,21.14,0.0,52.5,6.51,6.63
20ab06de-154f-4280-b62b-613bef1a1209,Bengaluru,2025-09-29,Rain,35.61,12.31,56.01,16.86,12.84
624b1cc2-d87a-40b4-a898-5fac48d7e41e,Seoul,2025-03-18,Clear,30.83,0.0,66.56,33.84,8.43
5878d626-e886-4d3e-9076-bb899c778a64,Delhi,2025-07-21,Heavy Rain,24.81,61.24,55.7,22.53,4.25
aa424578-1226-4889-8d61-3c866ecf7adf,London,2026-04-05,Fog,4.89,4.49,57.95,23.74,0.99
7c67d5b5-91f9-4850-8243-d9c67b4e7ae9,Shenzhen,2025-04-13,Clear,32.54,0.0,34.83,10.15,8.62
1b7a3a73-59f1-4a8b-877d-9ec2c954ec70,Singapore,2025-06-12,Cloudy,20.76,0.39,37.38,26.72,6.46
62de69ab-2b6d-4d8a-9ab6-e316001ccd29,Tokyo,2026-06-17,Heavy Rain,11.43,97.76,66.07,28.29,4.0
25ad49e0-7a13-480d-b89c-91cd2072e8ce,Abu Dhabi,2025-04-05,Rain,11.24,21.8,30.03,30.45,10.62
820ead9c-9144-4faf-a35f-1a079d4d813c,Incheon,2026-02-10,Rain,30.44,5.26,66.36,17.93,10.63
ec310713-5caf-4671-80aa-71ad3820bad8,Seoul,2025-04-01,Cloudy,21.74,0.73,75.48,6.08,13.94
027c9726-4fb2-4473-8a01-42e79a017820,Abu Dhabi,2025-01-06,Clear,21.64,0.0,94.96,18.13,10.18
8025fed0-3f35-474b-864b-91a6d9f16492,Rotterdam,2025-05-24,Clear,19.72,0.0,44.58,18.01,6.87
1a3581ef-54f7-4c2d-aae6-f7bdc84c4a08,Yokohama,2025-06-30,Clear,19.99,0.0,41.75,6.01,6.25
103e4e4d-3222-4978-bc3b-845b315856e5,Incheon,2025-06-17,Clear,20.01,0.0,78.57,4.55,14.86
5cb542c3-1b3f-4d72-9912-c7f2b8aa2c6b,Frankfurt,2025-06-21,Clear,28.73,0.0,84.17,18.84,6.58
bb258c74-6433-48bf-8858-9f788b520624,Mumbai,2026-04-28,High Wind,31.94,5.03,65.97,72.75,9.69
6b4826e0-9aad-4a63-9578-29c696155c79,Yokohama,2026-06-04,Cloudy,11.82,1.47,75.1,4.18,14.33
bd64ea73-d018-45be-b552-d8141be005ac,Seoul,2025-12-19,Clear,20.57,0.0,57.48,12.15,7.8
783945e1-797d-42a1-aa85-9dd0cbf47412,Chennai,2025-11-30,Clear,27.86,0.0,62.12,33.96,14.8
145152ea-7e0c-4b55-9b5d-1e7b5676200d,Delhi,2025-11-26,Cloudy,30.33,3.31,30.18,9.78,11.28
63648cf0-7dcd-4a3a-9fc7-e1946e0054c7,New York,2025-06-29,Rain,35.04,34.96,55.97,21.29,10.86
2ae9adc7-c9ec-4ae8-9eb1-a4491cdf0bb1,Incheon,2026-03-13,Clear,18.68,0.0,88.67,30.47,6.08
d193db9b-a035-4909-9f2e-035993c6dfd2,Amsterdam,2025-10-27,Heavy Rain,14.78,91.84,67.63,31.71,1.71
0dfc8758-99ed-48aa-a8d4-fde7f8a0cbf5,Guangzhou,2025-04-29,Clear,30.32,0.0,72.54,28.33,11.16
6e4e022a-a4e7-47f1-b337-9ae6064ebad6,Bengaluru,2025-11-18,Rain,31.67,7.85,86.91,7.8,14.98
f2661bd8-3039-48be-8d91-e074c6aa1dbc,Sharjah,2026-05-20,Clear,13.57,0.0,40.83,7.8,5.59
9ffa3df3-a84a-41f4-80d5-67222633b85c,Mumbai,2026-02-08,Clear,19.91,0.0,85.39,30.62,9.08
9622730a-868e-425f-8317-dc7b229e9f81,London,2025-10-28,High Wind,10.43,7.93,33.26,59.04,8.86
436cdbb6-d23a-4bfe-8986-4d9ec04142bd,Yokohama,2026-03-10,Clear,10.71,0.0,30.59,14.53,5.54
fc5a2d51-7ed2-4ef2-85b0-e5ddcfc495b1,Dubai,2026-01-04,Cloudy,22.09,2.14,90.41,8.86,5.56
c256d6cf-c433-4d2b-83dd-0c38059ac2f0,Hyderabad,2025-05-26,Cloudy,11.32,2.17,55.26,32.39,6.54
9f53203e-2a04-4a25-a3a0-fbb9128df9b7,Yokohama,2025-12-05,Clear,35.96,0.0,77.11,34.55,12.16
d9ef7540-1c0d-4dbf-bf41-addbee3cb1d7,Busan,2025-07-27,Cloudy,22.49,1.75,74.46,11.0,14.1
27feb680-a019-48fc-9ba7-d76fc47c6030,Busan,2026-06-12,Heavy Rain,13.32,58.85,87.53,28.72,4.23
24d79275-631d-4e8c-b2c4-a9c28e324e75,Bremen,2025-07-17,Fog,12.38,0.93,30.74,15.43,1.33
43ee833f-0624-406b-8c9d-49f4dd988f31,Bengaluru,2025-02-15,Cloudy,33.06,0.21,70.6,21.51,13.64
9ed532c1-6a67-4d98-9479-6d6db80b700e,Los Angeles,2026-06-07,Cloudy,11.64,0.47,30.84,5.12,11.75
db5feeb9-3f70-44a7-9a1e-f4c743398c06,Shenzhen,2025-04-03,Clear,16.47,0.0,58.19,18.3,12.38
3f5248a1-2380-4c1a-b876-a31e8414afa3,Frankfurt,2025-04-08,Cloudy,13.9,1.0,73.72,7.9,14.45
2f2a194e-a2d5-4052-83fe-ddd5e0d69899,Manchester,2025-07-02,Rain,33.76,25.26,49.62,33.89,6.35
1ad5477b-536e-445f-8d2a-08d0225733f0,Hyderabad,2026-01-13,Rain,13.05,8.36,75.6,8.92,8.07
c36d8909-b6d9-4b0c-8b1c-5f937bbbef47,Shanghai,2025-08-31,Clear,22.61,0.0,78.94,12.78,11.96
aedbf826-805f-4976-8180-ae26e0f88e11,Rotterdam,2026-02-23,Cloudy,29.16,0.42,32.92,32.68,11.04
fc9a90b3-a06f-430f-b0d7-0708fc401d49,Felixstowe,2026-04-02,Clear,24.79,0.0,82.94,4.12,12.31
fdea92b9-722b-44ec-bce6-64b3932e8144,Shenzhen,2025-01-09,Fog,10.56,3.12,59.32,17.28,1.12
4899d252-258e-4a57-ab29-30842ce4e97f,Hyderabad,2025-11-06,Clear,31.48,0.0,73.74,33.21,7.48
e88d8339-cd03-4d1f-a87b-3c81506340bf,Ahmedabad,2025-12-20,Clear,35.68,0.0,69.91,22.57,12.07
1a2e9d71-37e7-4041-9828-99a12c337b6f,Bengaluru,2026-02-01,Cloudy,29.63,3.72,73.82,23.36,14.56
0fc57340-1ab5-43b3-8344-9a5576ac7fc3,Shanghai,2026-03-27,Rain,35.13,15.28,85.11,17.9,9.38
f12d39b1-1893-476a-b7e2-97351a1c0dd7,Tokyo,2026-03-02,Rain,17.56,5.11,63.24,25.8,12.45
9cbcc5bf-8411-490f-9660-86381da07448,Chennai,2026-06-09,Heavy Rain,27.43,101.62,67.71,17.12,4.27
4720a7d2-798a-43f0-a826-48496876a1a5,Abu Dhabi,2025-12-01,Fog,13.0,8.46,40.41,27.55,0.4
2120349c-d283-4b66-9ecc-c0ea84f60824,Mumbai,2026-06-24,Clear,30.36,0.0,48.66,26.41,10.41
59c24dfc-eeec-458b-8b59-ea717772b603,Busan,2025-09-16,Clear,24.14,0.0,41.46,22.55,7.28
149a73ce-3911-4fc0-8f12-3c4228056259,Kolkata,2025-03-19,Heavy Rain,18.89,44.02,63.55,33.22,4.68
0451f0a2-c3b6-4912-8663-81884ac34c9f,Amsterdam,2026-06-16,Cloudy,18.6,2.0,67.73,28.52,12.01
4067a176-5a90-43de-a7c9-c65898375072,London,2026-01-27,Clear,24.4,0.0,41.42,20.17,5.53
0d2fed5c-dd5f-4ec8-99fe-cd18657ef3eb,Rotterdam,2025-01-08,Rain,35.1,9.38,66.8,14.58,6.12
45e0415c-37e1-4ddf-b906-a556fd46689e,Kolkata,2025-01-02,Fog,8.23,0.91,92.28,11.8,1.31
d94406c0-a67e-4162-b5dd-a6908b7d7298,London,2025-01-08,Cloudy,31.04,1.29,82.78,21.63,8.06
4ac41925-d00a-4ae0-a01f-a19d610de56d,Houston,2026-03-19,Clear,25.14,0.0,88.73,6.0,5.52
9d44449d-6faa-4255-a8dc-9feecf135128,Chennai,2025-12-08,Cloudy,11.6,0.39,76.86,27.7,7.54
0c05b4c3-7cba-4a1c-b551-7c27b59c6666,Seoul,2025-01-09,Heavy Rain,12.94,108.92,49.12,6.22,4.75
1feb243a-4be8-459c-a5ef-1843b190f4fa,Shanghai,2025-06-03,Rain,30.52,26.12,49.25,10.38,13.63
62dcca9e-278a-461f-83e2-b0f8f8ffffa1,Chicago,2026-05-27,Storm,26.23,131.41,36.58,82.73,1.7
4273ffa1-4e0c-4993-a1b9-8340a6d76483,Dubai,2025-04-26,Cloudy,33.1,3.98,62.8,11.7,13.17
d9869db9-2aac-4df9-9550-3c837ac0959d,Seoul,2025-04-10,Storm,19.82,66.3,51.23,80.42,1.45
046d9c08-a7e4-455a-9d1a-d343eca64a6d,Shanghai,2025-05-30,Clear,11.52,0.0,75.14,7.07,5.85
b2a60552-16e5-4e68-8e81-c5980925dcb5,New York,2025-10-01,Rain,35.28,23.39,31.56,21.48,9.38
1d5a65a0-bcc9-4135-94f9-df40ab5dae6d,Seoul,2026-02-08,Clear,14.59,0.0,76.83,6.7,9.25
99b02ade-ef58-4562-bc6e-76e747ec80bf,Ahmedabad,2025-06-27,Clear,16.0,0.0,36.11,23.8,11.05
b463bfae-190d-41af-8861-45c52d272617,Bremen,2026-03-27,Storm,27.66,31.91,64.13,67.84,1.3
1759f163-98ed-44db-aa6d-965cba06f52d,Frankfurt,2025-01-10,Cloudy,31.67,0.19,60.37,17.35,14.73
c088e179-bf10-4fcf-8199-2aa0f9ce3cd3,London,2025-05-25,Cloudy,28.3,0.61,80.01,21.68,14.91
ac52d7b6-7214-4022-b7a9-13f692614959,Seoul,2025-12-27,Clear,19.36,0.0,32.68,3.49,12.57
58ce6cdc-9e5f-41ad-a6ff-3b15fea51c86,Los Angeles,2025-05-26,Cloudy,30.41,2.24,55.49,22.85,8.99
125833c2-5cf4-4e4e-ac17-1717c3df3d7a,Manchester,2025-12-17,Rain,22.8,16.49,50.72,4.0,15.0
ae256790-a19d-4f78-89ca-1df37548f47f,Bremen,2025-05-30,Cloudy,32.7,1.17,62.24,11.06,7.86
a0bcdef2-8f9b-4153-8898-4daef17bd15e,Guangzhou,2026-05-01,Clear,12.78,0.0,42.53,18.2,6.3
157a6dd8-d708-4f11-aedd-a9187a6ea72a,Guangzhou,2025-12-19,Rain,34.34,11.69,37.61,34.99,12.94
69d727e0-6125-46f1-a4eb-4b05ff4be86c,Houston,2025-01-19,Rain,12.14,34.24,46.67,28.92,10.05
79c36d27-3847-47c2-a666-0ad622a6867b,New York,2025-06-23,Rain,33.89,21.65,88.58,31.67,14.46
f78b3ed5-386c-4e5b-a3d2-3825264dd80f,Chennai,2025-04-02,Clear,15.04,0.0,77.49,18.8,12.6
206e79ff-c07f-4ccd-8966-624ad262ea60,Bengaluru,2025-09-07,Fog,6.85,6.91,47.8,16.77,0.57
f1f1218a-4663-4240-bd0c-cd84927d311b,Los Angeles,2026-02-09,Clear,14.11,0.0,51.43,34.04,8.06
e8825e1b-b442-49bb-808a-88d3053cc7af,Abu Dhabi,2025-02-06,Cloudy,16.52,1.25,82.99,21.24,12.41
11fec08a-15f7-4b92-8029-fd69a168f9bc,New York,2025-03-17,High Wind,12.22,11.23,74.51,47.22,7.52
106349e7-8273-4aab-b0c1-7f86cb6dc4f8,Seoul,2025-06-12,Clear,25.88,0.0,84.63,25.85,6.9
5d86c45d-3c61-4170-8e94-847be9bbde1e,Ahmedabad,2025-03-03,Clear,30.74,0.0,53.23,32.63,11.16
ce8c1aa6-a50c-4c28-bf28-e71760d6c378,Bremen,2025-05-20,Cloudy,23.74,3.88,34.71,28.32,9.6
b0aed8f7-5596-49b5-a421-5a8673c700a8,Felixstowe,2026-01-08,Clear,20.87,0.0,59.6,3.27,8.35
1d0440b4-29a9-4a28-9596-f21c939e6f64,Chicago,2026-04-27,Fog,7.65,3.74,83.6,16.26,0.44
7ad23639-241a-4231-8a23-90157af92eef,Sharjah,2026-05-07,Fog,6.04,8.0,85.89,14.84,0.97
8c55b933-ecc8-4290-ab93-ff41979d6aab,Osaka,2025-12-14,Clear,22.73,0.0,74.22,26.78,13.52
0ed3607c-b203-41d6-8373-e1593b38f779,Houston,2026-06-15,Clear,10.25,0.0,32.25,33.33,13.56
66dff884-4d7b-4afe-8046-a25bd8f87fcc,Bremen,2026-03-02,Heavy Rain,24.57,103.89,43.44,14.36,1.63
a19e667d-91f1-4a1e-96b5-f093940420af,Abu Dhabi,2025-11-17,Clear,20.94,0.0,62.82,28.28,5.05
6beaec66-3925-49b7-810d-cc3557128017,Tokyo,2025-06-10,Fog,4.4,3.16,69.51,18.01,1.14
40adde99-a2cc-4dcf-b6b9-89c1727398a5,Los Angeles,2026-06-05,Rain,12.31,21.2,68.51,23.3,14.61
70cda9d2-264f-45ed-97a3-82c4ada9cace,Shenzhen,2025-01-24,Clear,13.1,0.0,87.42,26.52,14.58
f3b12337-2489-4b20-915f-387ae99ddab1,Manchester,2025-06-09,Rain,22.73,14.14,60.75,34.98,14.45
4df9f83c-48bb-424f-aefa-a2997392f6af,Frankfurt,2026-02-22,Clear,14.98,0.0,71.07,31.26,9.2
d8a70399-f376-4ab0-83b0-c3e5951bfdbb,Shanghai,2025-05-25,Cloudy,28.94,3.93,91.08,33.28,13.49
507f9135-2863-457a-88fa-d9b4cf18e26e,Yokohama,2026-05-09,Rain,10.85,8.26,64.48,14.35,11.81
05e4622e-2682-4e5f-af32-079ff422d09e,Singapore,2025-09-07,Clear,27.83,0.0,78.1,3.53,5.43
0bea3097-7387-415d-b2df-86a5f9d5b4f2,Delhi,2025-07-10,Rain,26.57,9.92,52.85,30.69,12.6
58a5c30e-58af-485c-8467-4afc03b659c3,Sharjah,2026-05-24,Clear,34.08,0.0,76.43,31.75,7.77
98c2b958-4bbd-4bfd-9407-1c3e5421b719,Los Angeles,2025-03-04,Fog,9.43,11.02,61.38,30.49,0.41
c6b30d12-9bcf-4edb-8141-ad3974537f1e,Shenzhen,2026-04-22,High Wind,11.24,8.46,61.86,49.97,11.29
98e218f6-d5a4-4eb1-897e-ac8ea735970a,Hamburg,2025-09-25,Cloudy,34.31,3.33,86.67,19.86,10.94
7d0aad05-149f-42d7-9c6c-c66513aab75f,Osaka,2026-02-06,Cloudy,18.63,3.48,60.41,3.68,9.61
0d9ab471-ca90-492d-88ce-6c34902ad064,Bremen,2025-10-23,Cloudy,29.53,0.48,63.07,33.34,6.71
c8bd4f38-3258-4117-8c18-84d092a43ccb,Incheon,2026-01-17,Clear,26.6,0.0,46.97,31.5,12.93
0c2164ee-7849-4d8f-a9ad-dbc03cf0b3ee,Osaka,2025-04-21,Clear,12.27,0.0,40.61,28.42,14.63
f908e684-49c3-4c30-991c-871dac19b548,Yokohama,2025-10-13,Storm,29.94,67.76,69.64,58.23,2.45
a41b93be-19b8-4935-99d6-cdcb954b7a02,Shanghai,2026-06-26,Fog,14.1,1.77,40.31,29.99,0.68
1c7a2169-cdda-4d27-a49e-04effd4121aa,Los Angeles,2025-11-14,Clear,20.37,0.0,49.57,29.13,6.25
02712b5d-3ec5-4f7a-932c-0a518897de9d,Busan,2025-06-20,Cloudy,29.32,3.06,37.34,7.34,8.42
c5e6c7ba-fbf5-43ae-a39f-96fb9f85e624,Sharjah,2025-05-09,Rain,23.48,23.59,46.84,8.03,13.75
9ac2b26e-d032-4e05-8355-27c306cfd488,Rotterdam,2025-03-08,Storm,29.22,126.2,56.6,94.71,2.81
3e28492f-382b-4601-8dc4-fcfa71ac181c,London,2025-05-08,Cloudy,18.65,1.09,78.84,18.12,9.53
15e734b2-5b4c-4f79-bba0-f1277dd9729d,Mumbai,2026-02-25,Clear,31.92,0.0,87.68,26.49,14.57
ae360bb3-9fc9-44bc-8f3d-7937d248df76,Mumbai,2025-11-12,Heatwave,37.69,3.91,87.78,21.13,13.78
7722da62-4c6d-463b-8bd0-54d46f3c8c57,Felixstowe,2025-09-16,Clear,13.37,0.0,67.12,30.9,6.91
67e5829d-af0d-40fd-80e2-5ccced2d328e,Guangzhou,2026-05-07,Clear,20.43,0.0,91.41,15.98,9.9
335a72f5-b1a8-410a-b6bd-b94be6c53c88,Shanghai,2025-05-01,Heavy Rain,23.18,74.38,63.03,10.32,4.55
9b71e486-2e46-407e-af50-70ebdc27379d,Dubai,2025-07-15,Clear,17.04,0.0,33.81,24.31,11.39
e8dd1bf2-d493-4fd9-a75a-078c4f237cf2,Seoul,2025-02-06,Heavy Rain,20.16,47.07,46.02,25.08,1.96
c80fc34e-a163-41e1-9be0-11ddf2a845b9,Rotterdam,2026-01-07,Rain,13.91,34.68,36.25,18.3,14.03
a2c8c793-f118-4e29-b527-fe03b0307d5e,Amsterdam,2025-04-17,Fog,16.7,0.27,91.81,19.0,1.4
647e18e2-60de-4099-bd40-cf71573cdba3,Dubai,2025-04-22,Cloudy,17.82,0.66,35.88,15.86,6.76
93399f69-1ade-43dd-aa8e-95c17789f70c,London,2025-10-11,Rain,32.21,16.61,78.25,30.28,7.01
33e36b11-670e-4804-91c6-25be5ded08b8,Mumbai,2026-01-04,Heavy Rain,12.7,107.83,49.35,17.22,2.79
bf371b2a-e151-4a2a-9da1-432ad9f42e0f,London,2025-03-01,Cloudy,11.16,2.54,61.45,18.77,10.2
36aa49ce-1c04-48d8-a0b8-2c5c9659d39f,Hamburg,2025-09-18,Rain,18.85,19.57,38.46,30.59,9.34
53014c2c-e2d4-4b96-9ba7-3376ce649888,Osaka,2025-08-08,Heavy Rain,16.99,85.09,63.83,5.29,1.39
a39822cf-21ca-4f12-812a-3417d7b53922,Yokohama,2025-04-19,Clear,33.56,0.0,61.06,8.5,10.7
754e8479-8c6c-49e5-b87b-17a267e89199,Ahmedabad,2026-06-28,Fog,7.74,2.86,73.15,14.54,1.96
c2ca9e20-ad75-4f5b-9ea2-bd6192624ac8,Guangzhou,2025-09-19,Clear,31.78,0.0,56.34,26.41,12.37
94fb51eb-5b55-4c8b-afd9-a6b906abd7d4,Los Angeles,2025-12-22,Heavy Rain,26.83,67.76,32.29,14.24,3.86
0350149d-a962-4e85-ba20-5ea718b2a06d,Chicago,2025-12-16,Clear,12.88,0.0,49.03,15.78,11.39
c47a7e43-b2d2-43f2-b3f5-5c913840ad71,Bremen,2025-05-14,Cloudy,12.05,1.79,73.32,15.95,13.09
772e1134-90ae-4641-9112-b9cca58f1960,Dubai,2025-05-05,Clear,25.31,0.0,79.77,19.29,14.06
5b7adb08-3c08-43e4-858d-6b1dc56cf4dc,Los Angeles,2025-08-30,Clear,22.72,0.0,33.13,3.93,14.23
d22ea90c-af8c-42a7-9ea7-eaa1d20a7af3,London,2026-06-23,Clear,31.65,0.0,83.84,33.01,5.06
72064b84-0409-404a-bc8d-60b2c815409e,Ahmedabad,2026-05-14,Clear,34.41,0.0,79.23,20.73,8.48
5344b0d5-0c4f-428c-b5a2-62ba66f94f6e,Mumbai,2025-11-30,Clear,24.35,0.0,93.45,28.53,10.17
5746672e-ff6c-49f5-a33f-ef7a6448337a,Mumbai,2026-03-26,Clear,26.79,0.0,77.35,22.71,13.03
6018fd81-19e0-4423-8ffb-cb8fde0eb337,Incheon,2026-02-25,Clear,33.62,0.0,77.33,34.78,13.01
a1384fbb-f2f4-4d47-a42b-db6d36cf4028,Los Angeles,2025-09-30,Rain,19.78,17.29,62.29,9.2,13.3
edd81b66-56f0-48f7-8010-5ce087f6c54b,Frankfurt,2025-09-20,Clear,24.75,0.0,40.19,26.54,10.85
a127d7d4-7590-4024-bbc5-631b4d8fd3d9,Shanghai,2025-05-02,Clear,22.65,0.0,68.31,28.58,11.62
fff8cc69-9578-4a6e-bdc3-f32116050efa,Guangzhou,2026-03-03,Clear,21.64,0.0,80.72,25.58,14.59
18bb9ea7-1f0a-4cff-8780-6a4254b22d26,New York,2026-04-30,Rain,28.19,17.02,42.78,21.26,13.32
8ed269fa-66b6-4c0c-a6c6-b8c220f6d82b,Shanghai,2025-06-23,Rain,17.67,31.69,33.7,24.71,13.01
3eb87a92-58df-4c2c-aeef-5e2214cc5594,London,2025-02-15,Clear,30.6,0.0,68.93,27.01,14.94
f815ab3a-85e8-4c62-a38f-651f8d4ffa91,Los Angeles,2025-07-12,Rain,28.78,14.85,36.43,20.14,5.02
60009ada-ffed-413f-a931-4a5aee6e5ade,Ningbo,2025-11-18,Clear,15.5,0.0,38.29,5.07,9.82
160c0959-60bc-4067-ba19-df74aa3cf4dd,New York,2026-06-18,Clear,18.1,0.0,71.91,24.45,5.41
3153516f-0f18-4452-914b-53ddd6052457,Amsterdam,2025-09-25,Cloudy,31.63,0.11,57.26,13.13,5.37
0d9c48df-d1c0-4e1f-a766-b9a9f2ba8333,Houston,2025-01-28,Heavy Rain,11.58,77.4,69.31,29.43,3.56
6e4a8f0d-93d2-4129-bb43-a4f1c2ca6208,Yokohama,2026-04-19,Clear,15.11,0.0,83.75,6.59,14.3
b09187c4-017c-4a09-806a-d1465033402e,Guangzhou,2025-03-09,Cloudy,29.82,1.46,34.54,14.03,9.18
6b7a8f95-c2c8-4825-892d-b97497bdcffa,Los Angeles,2026-02-20,Cloudy,15.0,3.97,39.02,24.97,9.04
e9e1fff6-a61e-42de-8ac2-d12b6b2827f1,Yokohama,2025-05-16,Storm,18.33,93.0,79.35,61.08,1.83
e1e086f8-4e22-4d67-ab82-5a6efa2de224,Shanghai,2026-03-15,Cloudy,30.97,2.95,59.61,6.93,10.82
199a2974-090f-4539-852c-e8c6bdbf9830,Sharjah,2025-09-21,Rain,11.38,5.21,81.92,21.37,11.69
45081d20-e699-4306-85e0-943b5711708f,Hamburg,2026-06-10,Heavy Rain,11.23,96.42,72.8,5.17,2.4
39a6bb2b-536d-425f-9f8f-f5b4d20885c4,Yokohama,2025-09-22,Heavy Rain,27.89,96.78,54.45,3.05,3.24
dc944c19-ce90-4386-89c4-660f94a673e0,Delhi,2025-11-15,Fog,13.17,2.97,65.82,28.7,1.54
2325bd47-31e2-4978-ae68-984cf57d7cfc,Ningbo,2025-04-07,Clear,34.49,0.0,85.12,31.18,12.5
7f49f29e-7955-4c11-8c2b-97ea2d9a21ca,Delhi,2025-04-07,Clear,14.65,0.0,55.62,18.57,12.04
1afbc287-4e69-4cea-908e-d2b64a4c2f10,Mumbai,2026-03-18,Cloudy,17.58,0.68,37.74,7.22,10.92
eb24ff2a-43da-4bb6-bbd4-2c84e71ebd9d,Yokohama,2026-03-08,Cloudy,29.43,1.06,43.16,12.77,10.42
716037e8-70d1-4e1d-a7da-88938981e98c,Bremen,2026-05-25,Storm,22.48,33.87,71.6,85.61,0.43
f40a3a14-3191-45ac-b888-2420bb627b7e,Los Angeles,2025-03-09,Clear,35.01,0.0,67.45,10.28,6.4
cb62f4aa-33ea-4496-af35-3e5027141bc3,Kolkata,2026-05-08,Clear,12.57,0.0,89.76,11.85,11.14
1c7740b5-04dc-47d9-9544-fa9146be66fa,Yokohama,2025-10-01,Rain,28.84,34.69,32.57,16.84,10.79
e6fd5955-f4e9-4410-8c87-37d999e20780,Rotterdam,2025-10-31,Cloudy,16.75,1.21,37.86,19.73,9.05
31710939-00a2-4ad2-a5d6-9f3ac380b25c,Rotterdam,2026-04-05,Clear,11.51,0.0,64.61,24.72,5.77
8fa2ba18-ada5-4028-a97f-7a31ed29306e,Bremen,2026-01-22,Clear,35.59,0.0,70.12,16.71,7.79
a2109fd1-ad38-4a42-9d96-9832a215719a,Yokohama,2026-01-05,Rain,30.64,30.38,92.31,18.43,12.32
680ffbda-efb9-4cec-a9b1-3ca7f09e0972,Ningbo,2026-02-02,Clear,13.85,0.0,47.23,34.67,11.03
2062be57-55db-4c12-92e7-1c864b4ab303,Abu Dhabi,2025-09-22,Cloudy,18.7,2.36,66.96,12.47,7.73
cb15940b-325c-4b77-bdf5-edb4566e4c88,Manchester,2025-01-26,Clear,21.05,0.0,42.27,26.99,13.95
646d5104-2386-4d68-a584-56000cbcbb38,Incheon,2025-02-09,Clear,32.55,0.0,42.36,31.03,11.73
44e381a0-faa8-4b32-a380-3c34d19f42ed,Chennai,2025-01-20,Storm,26.58,142.83,61.81,46.57,1.34
75e4c394-e93c-4561-8efd-3dd1f4d74937,Sharjah,2025-03-13,Cloudy,22.34,3.23,46.72,29.8,5.7
5b35067f-c09d-4a57-ab8d-0517aa029f46,Chennai,2026-06-12,Clear,25.13,0.0,68.13,9.35,5.71
619d568e-daef-4c57-949a-cc20a784e714,Hamburg,2025-09-10,Rain,34.33,23.67,87.99,30.5,6.22
80beda9a-9338-49ff-89a4-69cf5af1e987,Ningbo,2025-05-13,Clear,20.4,0.0,30.55,31.87,11.2
8c8527eb-d79b-468a-8c77-50044c1715ad,Singapore,2025-05-28,Clear,27.65,0.0,75.5,3.6,9.06
f812cb31-b3d6-4b10-8b06-333ca60d3861,Chennai,2025-05-24,Storm,27.51,92.39,75.24,89.23,1.38
ee8dd469-6f7b-41f3-a84c-497d00542711,Chennai,2025-04-12,Cloudy,30.04,3.94,74.65,13.41,12.92
ab53f199-43dc-4e89-b259-bb2bc27583f4,Abu Dhabi,2025-07-29,Clear,12.92,0.0,64.21,3.65,10.22
6fdb7c2e-10b0-4647-bde3-dce310a99414,Kolkata,2025-05-25,Cloudy,15.31,3.85,61.66,33.3,10.31
1bf3433a-8060-462d-89d6-7942effebb10,Houston,2025-10-17,Cloudy,35.57,1.51,37.91,32.34,8.45
c9c2d2a0-5ec6-4e03-a496-93cd0693ca4d,Yokohama,2025-10-02,Fog,5.26,9.45,32.09,34.1,0.39
5ce9acdd-6a05-4106-82cc-f3e8a6ea8964,Sharjah,2026-02-19,Cloudy,19.06,1.46,58.36,22.61,7.49
d813de8f-99e7-4a54-906d-7acf3b9b0906,Rotterdam,2025-11-09,Clear,10.73,0.0,65.57,18.11,12.55
ebbb48ad-0942-4a2f-b424-61a32a8e0d13,Frankfurt,2025-02-28,Rain,23.09,26.31,64.19,32.51,9.33
fcc86dc0-b295-4f20-b57d-1c2600478c02,Bengaluru,2025-06-12,Fog,5.41,6.47,33.68,30.08,1.3
41239bf5-4486-49ee-aeb5-88b126e48bb0,Incheon,2025-07-20,Heavy Rain,25.29,79.54,41.19,23.21,3.33
7eb17bab-9940-4d98-9368-31af2af9871f,Felixstowe,2025-09-16,Cloudy,31.49,0.9,90.75,26.97,11.2
36ca8770-43fd-4e31-a5e9-a1aaa113617c,Incheon,2025-01-29,Heavy Rain,14.59,70.32,58.32,32.99,2.86
b3d4d868-c12e-40ff-bacc-556161ce3a86,Incheon,2025-08-04,Clear,10.23,0.0,45.75,26.02,14.71
2677062a-5994-4273-9d18-733959763952,New York,2026-06-05,Clear,35.27,0.0,68.39,13.87,5.11
660f6253-87c0-4179-b328-0882dd6bf612,Houston,2025-07-28,Heavy Rain,12.29,113.25,93.39,3.88,3.86
f2cd1917-bad6-4be5-988c-71ef5f4d13b7,Shenzhen,2026-01-01,Clear,10.22,0.0,90.5,16.3,10.04
48a4caf8-ec35-4e15-8340-c86d2fc3cd5a,Incheon,2026-04-12,Heavy Rain,26.99,37.63,94.38,5.18,1.55
3b3fa672-3c85-4749-83a0-cb6f9e77565a,Busan,2025-01-04,Clear,34.82,0.0,59.32,20.27,11.64
6bf3e75e-58e4-4d85-93fb-6be539e1f778,Guangzhou,2025-05-20,High Wind,27.57,5.19,32.47,48.68,7.65
b4f3fb8a-df90-4f35-b27b-1021e1a1d5dd,Mumbai,2025-04-08,Heavy Rain,21.41,86.64,34.51,21.38,4.58
bcd60565-0bdc-4bbd-8f4d-a46ad77531b6,Chicago,2025-02-16,Clear,19.39,0.0,78.91,9.66,5.42
e9e244c2-ec7d-45d3-8760-46ea090b63e6,Amsterdam,2025-09-28,Clear,20.08,0.0,68.68,26.01,12.28
cf730080-c5b3-4d4d-9e0e-5fb35afd9d82,Guangzhou,2025-08-15,Rain,13.15,20.69,64.51,25.4,11.26
9445e6d1-4caf-42d1-99cb-8627ca9cc281,Dubai,2026-03-16,Cloudy,29.22,3.34,91.95,30.69,5.24
76e7e09f-8684-4cbc-b76e-125cfa8a392e,Kolkata,2026-04-12,Clear,30.31,0.0,90.23,23.67,9.47
29b9123f-640c-4b05-97df-7cfa36c9c6a1,Hyderabad,2025-03-22,Cloudy,26.8,0.31,65.62,29.97,10.92
94ac2d69-fadf-49bd-b186-9786c4ac87e5,Bremen,2025-06-15,Cloudy,12.59,3.84,82.77,26.06,14.17
16e29f6c-c72e-4643-aae7-6e58ce146729,Hamburg,2026-03-08,Rain,14.06,8.62,89.42,18.5,13.55
a400b9c9-e7a2-4349-b517-dd59074557fb,Sharjah,2026-03-14,Clear,17.47,0.0,89.31,19.18,14.85
e11e22a9-ed94-43b3-a7cb-9867bc4b5ec8,Sharjah,2025-09-14,Heavy Rain,31.09,60.75,38.75,11.32,3.46
f898768a-2139-4d1a-ba85-ed0906f2dfd1,Incheon,2025-08-25,Cloudy,16.26,0.13,78.79,26.81,8.75
497c222d-d3dc-4f44-a57b-808b00d5a600,Seoul,2025-03-30,Fog,16.98,5.18,63.99,24.55,0.24
73fa4897-d3db-4e9f-aa78-43f3fb12a992,Houston,2025-06-07,Rain,23.54,29.56,35.2,20.41,7.93
72123e23-991e-4a07-a80b-4d118d8af390,Shenzhen,2025-10-04,Rain,23.79,26.66,37.8,5.98,10.69
98e87585-9a7a-489d-aec1-1280ce39ff55,Delhi,2025-03-09,Heavy Rain,32.71,116.71,59.01,34.0,1.94
af1d5026-a410-4ea3-8936-98f40f8e895d,Delhi,2025-07-28,Fog,14.61,0.25,71.29,31.68,1.9
60214403-56aa-4728-9622-16b70a6caf0e,Osaka,2026-02-09,Cloudy,20.42,0.02,83.84,5.57,13.02
55fec234-6fd6-4a8b-9cdc-61a65dad8ad0,Hamburg,2025-06-19,Storm,30.28,138.04,50.61,76.22,2.18
cf2180b2-0c31-45c7-8001-cf5b4873e4d9,Yokohama,2025-12-21,Clear,20.19,0.0,64.23,5.95,6.71
e2cee826-d275-41ac-8953-2ab6311182fe,Sharjah,2026-02-12,Cloudy,10.37,3.85,88.72,6.46,10.41
90debccc-0d6e-47cd-8a2f-87fb07dfec00,New York,2025-09-12,Cloudy,12.21,2.73,65.45,6.13,8.68
1729efe8-584f-435a-94a9-111aaf0ccd67,Kolkata,2025-03-20,Rain,32.42,11.66,57.89,8.54,9.77
62b64d41-d59e-400b-a595-bf747dc571d5,Ahmedabad,2026-01-10,Cloudy,35.46,0.15,74.94,31.26,11.27
b50974c2-f350-48ba-9ba5-76597f819196,Ahmedabad,2025-10-11,Cloudy,22.07,3.13,36.95,21.01,7.26
995f08c0-7818-4e17-afe9-6ae7db248a3d,Sharjah,2025-03-22,Clear,26.08,0.0,53.13,33.23,6.42
d4e35084-093f-4c43-9291-d333b9f813b4,Singapore,2025-02-15,Cloudy,17.49,2.22,86.16,10.92,7.24
a712ca1b-9678-4186-bd36-52afef7d7576,Hyderabad,2025-04-27,Clear,12.33,0.0,31.34,21.0,12.48
0e6a3332-6a0d-4b24-9002-187ffa1af905,London,2025-11-08,Clear,26.45,0.0,64.53,6.71,8.76
d6c54540-93a4-48c7-b5e4-be3cf865726c,Ahmedabad,2025-08-17,Rain,18.42,30.59,94.39,31.63,13.89
2383a1fe-626a-413b-a303-3580045a5ae7,Los Angeles,2026-06-11,Cloudy,27.56,3.74,64.77,3.13,14.56
17289127-8ecf-417b-99f6-058740cf4ca4,Mumbai,2026-06-11,Cloudy,25.66,0.09,88.11,5.5,6.65
11947dbc-4176-4422-99c7-91bffa6b5228,Chennai,2025-02-13,High Wind,14.11,9.72,55.06,48.51,12.53
dde0eae5-1093-4c61-bc14-02f6350ab11d,New York,2025-03-13,Rain,15.4,25.48,85.16,21.35,6.4
c70bf7cd-dfff-4d56-bdb5-c9451081e507,Hamburg,2026-02-12,Rain,21.28,25.38,83.24,6.81,9.69
7991d81b-f695-4fc0-a908-239db4fa590f,Hamburg,2026-04-18,Clear,19.1,0.0,92.73,15.6,9.51
1d8ab303-7621-46fc-870b-c6f4166876b5,Yokohama,2026-06-05,Rain,10.12,30.79,38.22,30.91,12.28
13558296-2eaa-4ef2-8779-fd246ee21599,Ahmedabad,2025-08-22,Clear,30.94,0.0,81.89,3.61,5.27
9dac0480-7109-4ced-930c-5fc133da8b8c,Los Angeles,2025-05-09,Clear,26.82,0.0,60.73,10.51,8.03
3d01c6cf-0017-4ee8-8b4f-c912bea48488,Tokyo,2025-08-17,Clear,24.25,0.0,89.51,19.54,14.4
3f9952fe-1c04-450e-aa94-53505dd7308a,London,2026-02-11,Rain,34.92,20.13,38.7,29.86,9.94
bc25f187-1b61-4df8-8f75-05d20c839f68,Hyderabad,2025-08-23,Clear,30.85,0.0,47.61,10.88,12.85
95b98253-874a-4c66-9bc5-5f3d74ec4c7d,Osaka,2026-01-09,Cloudy,19.37,1.06,34.23,23.76,9.83
b4c3ddfb-7d3f-4395-b4f7-fb29ffcccbc5,Abu Dhabi,2025-01-25,Cloudy,24.68,0.93,57.95,23.74,13.17
38aa4a18-9eaf-45f2-9d82-27b08e30c154,Dubai,2025-05-12,Cloudy,13.37,3.89,35.54,19.77,6.89
1ab1586c-94ff-4aca-95c8-019c96aeda9f,Seoul,2025-03-26,Clear,25.1,0.0,33.9,19.55,6.63
03842663-6d5f-4207-a185-6eceb249f3d9,Manchester,2026-06-29,Clear,32.22,0.0,74.74,17.58,13.1
29590871-480c-45a5-891b-3f029d4f4893,Manchester,2025-08-13,Clear,31.42,0.0,54.3,15.67,7.66
69d4d54a-0826-4405-b99f-44c5112319ea,London,2026-03-19,Rain,19.51,19.44,55.55,13.97,11.18
0364abf0-4060-405c-bf46-3fd80f07f577,Frankfurt,2025-01-27,Fog,15.52,5.46,46.64,26.11,1.21
a219c943-b3ce-4fad-9bdd-aa5278a53eca,Mumbai,2025-06-30,Rain,32.55,20.82,85.6,26.45,13.51
83b6140c-504e-4098-9466-61a5370c38f8,Abu Dhabi,2025-09-08,Rain,26.07,22.65,40.08,30.91,10.64
eb60b297-7b17-4aeb-b7d7-d1d1ba86f426,Sharjah,2025-02-19,High Wind,24.82,7.46,74.97,70.83,13.6
34b62b31-d0af-43cb-8906-96079836c56e,Shenzhen,2025-11-09,High Wind,25.81,4.43,60.54,48.86,12.0
2ddee18d-0a0e-4238-891f-3cacb11b81c4,Shanghai,2026-06-02,Rain,32.2,31.19,33.95,29.04,5.57
e508304c-1caf-46a9-886f-2a1e5f0b826e,Shenzhen,2025-07-30,Rain,22.45,18.41,82.52,21.1,13.37
10face7a-2d91-497b-944e-f051973e53d5,Incheon,2025-01-04,Heavy Rain,20.2,84.65,43.68,28.65,1.8
5168caae-9f86-4256-bb26-7ddc5ef292a7,Guangzhou,2025-10-25,Storm,30.25,93.7,36.51,60.38,1.13
93d5f93d-8535-459c-813b-0e3ba320985b,Kolkata,2025-03-28,Clear,19.74,0.0,45.27,28.93,10.28
